 ,Frame,Time_s,X_px,Y_px,X_mm,Y_mm,Area_px,Detected,Arena_center_X_px,Arena_center_Y_px,Arena_center_X_mm,Arena_center_Y_mm,Arena_radius_px,Arena_radius_mm
1,1,0.033,601.106,501.693,56.178,46.887,324,1,579,489,54.112,45.701,473,44.206
2,2,0.067,601.088,501.248,56.176,46.846,320,1,579,489,54.112,45.701,473,44.206
3,3,0.100,601.088,501.248,56.176,46.846,320,1,579,489,54.112,45.701,473,44.206
4,4,0.133,600.963,501.124,56.165,46.834,323,1,579,489,54.112,45.701,473,44.206
5,5,0.167,600.934,501.257,56.162,46.846,322,1,579,489,54.112,45.701,473,44.206
6,6,0.200,600.983,501.116,56.167,46.833,326,1,579,489,54.112,45.701,473,44.206
7,7,0.233,600.977,501.143,56.166,46.836,326,1,579,489,54.112,45.701,473,44.206
8,8,0.267,600.783,500.998,56.148,46.822,338,1,579,489,54.112,45.701,473,44.206
9,9,0.300,600.953,501.173,56.164,46.839,367,1,579,489,54.112,45.701,473,44.206
10,10,0.333,600.700,501.143,56.140,46.836,373,1,579,489,54.112,45.701,473,44.206
11,11,0.367,600.727,501.175,56.143,46.839,371,1,579,489,54.112,45.701,473,44.206
12,12,0.400,600.543,501.258,56.126,46.847,374,1,579,489,54.112,45.701,473,44.206
13,13,0.433,600.547,501.214,56.126,46.842,375,1,579,489,54.112,45.701,473,44.206
14,14,0.467,600.487,501.175,56.120,46.839,373,1,579,489,54.112,45.701,473,44.206
15,15,0.500,600.489,501.175,56.120,46.839,373,1,579,489,54.112,45.701,473,44.206
16,16,0.533,600.425,501.191,56.114,46.840,374,1,579,489,54.112,45.701,473,44.206
17,17,0.567,600.425,501.191,56.114,46.840,374,1,579,489,54.112,45.701,473,44.206
18,18,0.600,600.390,501.241,56.111,46.845,374,1,579,489,54.112,45.701,473,44.206
19,19,0.633,600.424,501.186,56.114,46.840,374,1,579,489,54.112,45.701,473,44.206
20,20,0.667,600.558,501.409,56.127,46.861,379,1,579,489,54.112,45.701,473,44.206
21,21,0.700,600.455,501.446,56.117,46.864,381,1,579,489,54.112,45.701,473,44.206
22,22,0.733,600.492,501.480,56.121,46.867,382,1,579,489,54.112,45.701,473,44.206
23,23,0.767,600.502,501.544,56.122,46.873,380,1,579,489,54.112,45.701,473,44.206
24,24,0.800,600.570,501.837,56.128,46.901,380,1,579,489,54.112,45.701,473,44.206
25,25,0.833,600.450,501.944,56.117,46.911,376,1,579,489,54.112,45.701,473,44.206
26,26,0.867,600.464,502.081,56.118,46.923,387,1,579,489,54.112,45.701,473,44.206
27,27,0.900,600.451,502.066,56.117,46.922,385,1,579,489,54.112,45.701,473,44.206
28,28,0.933,600.025,502.223,56.077,46.937,393,1,579,489,54.112,45.701,473,44.206
29,29,0.967,599.972,502.261,56.072,46.940,395,1,579,489,54.112,45.701,473,44.206
30,30,1.000,599.832,502.315,56.059,46.945,399,1,579,489,54.112,45.701,473,44.206
31,31,1.033,599.776,502.359,56.054,46.949,400,1,579,489,54.112,45.701,473,44.206
32,32,1.067,599.650,502.352,56.042,46.949,397,1,579,489,54.112,45.701,473,44.206
33,33,1.100,599.784,502.508,56.055,46.963,398,1,579,489,54.112,45.701,473,44.206
34,34,1.133,599.660,502.494,56.043,46.962,396,1,579,489,54.112,45.701,473,44.206
35,35,1.167,599.527,502.506,56.031,46.963,393,1,579,489,54.112,45.701,473,44.206
36,36,1.200,599.578,502.580,56.035,46.970,396,1,579,489,54.112,45.701,473,44.206
37,37,1.233,599.628,502.569,56.040,46.969,392,1,579,489,54.112,45.701,473,44.206
38,38,1.267,599.241,502.819,56.004,46.992,404,1,579,489,54.112,45.701,473,44.206
39,39,1.300,599.441,503.071,56.023,47.016,408,1,579,489,54.112,45.701,473,44.206
40,40,1.333,599.317,503.185,56.011,47.027,395,1,579,489,54.112,45.701,473,44.206
41,41,1.367,599.096,503.394,55.990,47.046,402,1,579,489,54.112,45.701,473,44.206
42,42,1.400,599.383,503.510,56.017,47.057,406,1,579,489,54.112,45.701,473,44.206
43,43,1.433,599.396,503.366,56.018,47.044,392,1,579,489,54.112,45.701,473,44.206
44,44,1.467,599.318,503.499,56.011,47.056,389,1,579,489,54.112,45.701,473,44.206
45,45,1.500,599.151,503.582,55.995,47.064,391,1,579,489,54.112,45.701,473,44.206
46,46,1.533,598.958,503.755,55.977,47.080,393,1,579,489,54.112,45.701,473,44.206
47,47,1.567,598.773,503.796,55.960,47.084,388,1,579,489,54.112,45.701,473,44.206
48,48,1.600,598.699,503.882,55.953,47.092,393,1,579,489,54.112,45.701,473,44.206
49,49,1.633,598.973,503.687,55.979,47.074,384,1,579,489,54.112,45.701,473,44.206
50,50,1.667,598.717,503.696,55.955,47.074,387,1,579,489,54.112,45.701,473,44.206
51,51,1.700,598.572,503.848,55.941,47.089,388,1,579,489,54.112,45.701,473,44.206
52,52,1.733,598.525,503.933,55.937,47.096,388,1,579,489,54.112,45.701,473,44.206
53,53,1.767,598.385,504.025,55.924,47.105,389,1,579,489,54.112,45.701,473,44.206
54,54,1.800,598.370,504.218,55.922,47.123,389,1,579,489,54.112,45.701,473,44.206
55,55,1.833,598.210,504.316,55.907,47.132,391,1,579,489,54.112,45.701,473,44.206
56,56,1.867,598.111,504.315,55.898,47.132,399,1,579,489,54.112,45.701,473,44.206
57,57,1.900,597.781,504.517,55.867,47.151,412,1,579,489,54.112,45.701,473,44.206
58,58,1.933,597.849,504.569,55.874,47.156,406,1,579,489,54.112,45.701,473,44.206
59,59,1.967,597.737,504.563,55.863,47.155,401,1,579,489,54.112,45.701,473,44.206
60,60,2.000,597.448,504.611,55.836,47.160,399,1,579,489,54.112,45.701,473,44.206
61,61,2.033,597.553,504.614,55.846,47.160,388,1,579,489,54.112,45.701,473,44.206
62,62,2.067,597.409,504.733,55.833,47.171,389,1,579,489,54.112,45.701,473,44.206
63,63,2.100,597.274,504.777,55.820,47.175,390,1,579,489,54.112,45.701,473,44.206
64,64,2.133,597.018,504.772,55.796,47.175,378,1,579,489,54.112,45.701,473,44.206
65,65,2.167,596.954,505.028,55.790,47.199,376,1,579,489,54.112,45.701,473,44.206
66,66,2.200,596.692,505.383,55.766,47.232,384,1,579,489,54.112,45.701,473,44.206
67,67,2.233,596.280,505.557,55.727,47.248,381,1,579,489,54.112,45.701,473,44.206
68,68,2.267,596.197,505.729,55.719,47.264,387,1,579,489,54.112,45.701,473,44.206
69,69,2.300,596.056,505.856,55.706,47.276,396,1,579,489,54.112,45.701,473,44.206
70,70,2.333,595.947,505.780,55.696,47.269,386,1,579,489,54.112,45.701,473,44.206
71,71,2.367,595.738,505.947,55.676,47.285,391,1,579,489,54.112,45.701,473,44.206
72,72,2.400,595.886,506.089,55.690,47.298,388,1,579,489,54.112,45.701,473,44.206
73,73,2.433,595.511,506.458,55.655,47.333,390,1,579,489,54.112,45.701,473,44.206
74,74,2.467,595.272,506.996,55.633,47.383,382,1,579,489,54.112,45.701,473,44.206
75,75,2.500,595.342,507.194,55.639,47.401,382,1,579,489,54.112,45.701,473,44.206
76,76,2.533,595.481,507.537,55.652,47.433,390,1,579,489,54.112,45.701,473,44.206
77,77,2.567,595.316,507.773,55.637,47.455,391,1,579,489,54.112,45.701,473,44.206
78,78,2.600,595.121,507.885,55.619,47.466,398,1,579,489,54.112,45.701,473,44.206
79,79,2.633,594.780,508.089,55.587,47.485,404,1,579,489,54.112,45.701,473,44.206
80,80,2.667,594.665,508.193,55.576,47.495,408,1,579,489,54.112,45.701,473,44.206
81,81,2.700,594.641,508.190,55.574,47.494,406,1,579,489,54.112,45.701,473,44.206
82,82,2.733,594.582,508.310,55.568,47.506,406,1,579,489,54.112,45.701,473,44.206
83,83,2.767,594.774,508.138,55.586,47.490,394,1,579,489,54.112,45.701,473,44.206
84,84,2.800,594.221,508.581,55.535,47.531,412,1,579,489,54.112,45.701,473,44.206
85,85,2.833,593.935,508.575,55.508,47.530,410,1,579,489,54.112,45.701,473,44.206
86,86,2.867,594.088,508.452,55.522,47.519,408,1,579,489,54.112,45.701,473,44.206
87,87,2.900,593.931,508.555,55.508,47.529,413,1,579,489,54.112,45.701,473,44.206
88,88,2.933,594.438,508.225,55.555,47.498,407,1,579,489,54.112,45.701,473,44.206
89,89,2.967,594.341,508.323,55.546,47.507,413,1,579,489,54.112,45.701,473,44.206
90,90,3.000,594.307,508.405,55.543,47.514,403,1,579,489,54.112,45.701,473,44.206
91,91,3.033,594.423,508.403,55.554,47.514,406,1,579,489,54.112,45.701,473,44.206
92,92,3.067,593.930,508.713,55.507,47.543,410,1,579,489,54.112,45.701,473,44.206
93,93,3.100,593.488,509.062,55.466,47.576,426,1,579,489,54.112,45.701,473,44.206
94,94,3.133,593.771,508.956,55.493,47.566,423,1,579,489,54.112,45.701,473,44.206
95,95,3.167,593.703,508.975,55.486,47.568,424,1,579,489,54.112,45.701,473,44.206
96,96,3.200,593.502,509.007,55.467,47.571,420,1,579,489,54.112,45.701,473,44.206
97,97,3.233,593.060,509.249,55.426,47.593,423,1,579,489,54.112,45.701,473,44.206
98,98,3.267,592.433,509.393,55.368,47.607,411,1,579,489,54.112,45.701,473,44.206
99,99,3.300,592.438,509.411,55.368,47.608,421,1,579,489,54.112,45.701,473,44.206
100,100,3.333,592.263,509.519,55.352,47.619,419,1,579,489,54.112,45.701,473,44.206
101,101,3.367,591.834,509.762,55.312,47.641,416,1,579,489,54.112,45.701,473,44.206
102,102,3.400,591.777,509.775,55.306,47.643,416,1,579,489,54.112,45.701,473,44.206
103,103,3.433,591.258,510.119,55.258,47.675,423,1,579,489,54.112,45.701,473,44.206
104,104,3.467,590.605,510.382,55.197,47.699,401,1,579,489,54.112,45.701,473,44.206
105,105,3.500,590.285,510.567,55.167,47.717,406,1,579,489,54.112,45.701,473,44.206
106,106,3.533,590.039,510.631,55.144,47.723,403,1,579,489,54.112,45.701,473,44.206
107,107,3.567,590.198,510.384,55.159,47.699,395,1,579,489,54.112,45.701,473,44.206
108,108,3.600,590.201,510.161,55.159,47.679,397,1,579,489,54.112,45.701,473,44.206
109,109,3.633,590.337,510.001,55.172,47.664,394,1,579,489,54.112,45.701,473,44.206
110,110,3.667,590.073,510.265,55.147,47.688,389,1,579,489,54.112,45.701,473,44.206
111,111,3.700,590.060,510.504,55.146,47.711,398,1,579,489,54.112,45.701,473,44.206
112,112,3.733,589.965,510.679,55.137,47.727,402,1,579,489,54.112,45.701,473,44.206
113,113,3.767,590.006,510.844,55.141,47.742,393,1,579,489,54.112,45.701,473,44.206
114,114,3.800,589.671,511.024,55.109,47.759,384,1,579,489,54.112,45.701,473,44.206
115,115,3.833,589.509,511.315,55.094,47.786,392,1,579,489,54.112,45.701,473,44.206
116,116,3.867,589.532,511.287,55.096,47.784,389,1,579,489,54.112,45.701,473,44.206
117,117,3.900,588.760,511.853,55.024,47.837,410,1,579,489,54.112,45.701,473,44.206
118,118,3.933,588.557,511.894,55.005,47.841,395,1,579,489,54.112,45.701,473,44.206
119,119,3.967,588.018,512.301,54.955,47.879,407,1,579,489,54.112,45.701,473,44.206
120,120,4.000,587.994,512.334,54.953,47.882,414,1,579,489,54.112,45.701,473,44.206
121,121,4.033,587.623,512.575,54.918,47.904,415,1,579,489,54.112,45.701,473,44.206
122,122,4.067,587.555,512.559,54.912,47.903,418,1,579,489,54.112,45.701,473,44.206
123,123,4.100,587.265,512.741,54.885,47.920,422,1,579,489,54.112,45.701,473,44.206
124,124,4.133,587.269,512.725,54.885,47.918,421,1,579,489,54.112,45.701,473,44.206
125,125,4.167,587.013,512.901,54.861,47.935,422,1,579,489,54.112,45.701,473,44.206
126,126,4.200,586.833,513.097,54.844,47.953,429,1,579,489,54.112,45.701,473,44.206
127,127,4.233,586.530,513.201,54.816,47.963,432,1,579,489,54.112,45.701,473,44.206
128,128,4.267,586.242,513.300,54.789,47.972,433,1,579,489,54.112,45.701,473,44.206
129,129,4.300,586.012,513.514,54.767,47.992,437,1,579,489,54.112,45.701,473,44.206
130,130,4.333,586.006,513.521,54.767,47.993,437,1,579,489,54.112,45.701,473,44.206
131,131,4.367,585.965,513.532,54.763,47.994,436,1,579,489,54.112,45.701,473,44.206
132,132,4.400,585.827,513.589,54.750,47.999,439,1,579,489,54.112,45.701,473,44.206
133,133,4.433,585.774,513.611,54.745,48.001,438,1,579,489,54.112,45.701,473,44.206
134,134,4.467,585.533,513.739,54.723,48.013,431,1,579,489,54.112,45.701,473,44.206
135,135,4.500,585.209,513.950,54.692,48.033,432,1,579,489,54.112,45.701,473,44.206
136,136,4.533,584.620,514.238,54.637,48.060,425,1,579,489,54.112,45.701,473,44.206
137,137,4.567,584.130,514.509,54.592,48.085,416,1,579,489,54.112,45.701,473,44.206
138,138,4.600,583.712,514.760,54.553,48.108,408,1,579,489,54.112,45.701,473,44.206
139,139,4.633,583.263,515.238,54.511,48.153,395,1,579,489,54.112,45.701,473,44.206
140,140,4.667,582.393,515.599,54.429,48.187,420,1,579,489,54.112,45.701,473,44.206
141,141,4.700,582.197,515.578,54.411,48.185,411,1,579,489,54.112,45.701,473,44.206
142,142,4.733,582.062,515.595,54.398,48.186,408,1,579,489,54.112,45.701,473,44.206
143,143,4.767,582.033,515.553,54.396,48.183,405,1,579,489,54.112,45.701,473,44.206
144,144,4.800,582.601,515.415,54.449,48.170,407,1,579,489,54.112,45.701,473,44.206
145,145,4.833,582.199,515.617,54.411,48.188,403,1,579,489,54.112,45.701,473,44.206
146,146,4.867,582.139,515.784,54.405,48.204,407,1,579,489,54.112,45.701,473,44.206
147,147,4.900,582.256,515.887,54.416,48.214,399,1,579,489,54.112,45.701,473,44.206
148,148,4.933,582.220,515.805,54.413,48.206,400,1,579,489,54.112,45.701,473,44.206
149,149,4.967,582.594,515.581,54.448,48.185,391,1,579,489,54.112,45.701,473,44.206
150,150,5.000,582.137,516.015,54.405,48.226,403,1,579,489,54.112,45.701,473,44.206
151,151,5.033,582.143,515.935,54.406,48.218,402,1,579,489,54.112,45.701,473,44.206
152,152,5.067,581.808,516.027,54.375,48.227,409,1,579,489,54.112,45.701,473,44.206
153,153,5.100,581.503,516.192,54.346,48.242,408,1,579,489,54.112,45.701,473,44.206
154,154,5.133,581.393,516.236,54.336,48.246,413,1,579,489,54.112,45.701,473,44.206
155,155,5.167,581.367,516.282,54.333,48.251,416,1,579,489,54.112,45.701,473,44.206
156,156,5.200,581.066,516.495,54.305,48.271,420,1,579,489,54.112,45.701,473,44.206
157,157,5.233,580.858,516.500,54.286,48.271,420,1,579,489,54.112,45.701,473,44.206
158,158,5.267,580.614,516.682,54.263,48.288,424,1,579,489,54.112,45.701,473,44.206
159,159,5.300,580.498,516.730,54.252,48.293,427,1,579,489,54.112,45.701,473,44.206
160,160,5.333,580.251,516.929,54.229,48.311,430,1,579,489,54.112,45.701,473,44.206
161,161,5.367,579.824,517.270,54.189,48.343,427,1,579,489,54.112,45.701,473,44.206
162,162,5.400,579.604,517.326,54.169,48.348,432,1,579,489,54.112,45.701,473,44.206
163,163,5.433,579.128,517.609,54.124,48.375,433,1,579,489,54.112,45.701,473,44.206
164,164,5.467,578.566,517.824,54.072,48.395,440,1,579,489,54.112,45.701,473,44.206
165,165,5.500,577.899,518.264,54.009,48.436,444,1,579,489,54.112,45.701,473,44.206
166,166,5.533,577.474,518.471,53.970,48.455,435,1,579,489,54.112,45.701,473,44.206
167,167,5.567,577.141,518.805,53.938,48.486,436,1,579,489,54.112,45.701,473,44.206
168,168,5.600,576.715,519.014,53.899,48.506,440,1,579,489,54.112,45.701,473,44.206
169,169,5.633,576.315,519.181,53.861,48.522,430,1,579,489,54.112,45.701,473,44.206
170,170,5.667,575.667,519.553,53.801,48.556,419,1,579,489,54.112,45.701,473,44.206
171,171,5.700,575.091,519.938,53.747,48.592,419,1,579,489,54.112,45.701,473,44.206
172,172,5.733,574.548,520.321,53.696,48.628,424,1,579,489,54.112,45.701,473,44.206
173,173,5.767,574.192,520.600,53.663,48.654,409,1,579,489,54.112,45.701,473,44.206
174,174,5.800,573.986,520.798,53.644,48.673,408,1,579,489,54.112,45.701,473,44.206
175,175,5.833,573.387,521.010,53.588,48.693,416,1,579,489,54.112,45.701,473,44.206
176,176,5.867,573.511,520.847,53.599,48.677,409,1,579,489,54.112,45.701,473,44.206
177,177,5.900,573.578,520.530,53.605,48.648,405,1,579,489,54.112,45.701,473,44.206
178,178,5.933,573.745,520.484,53.621,48.643,406,1,579,489,54.112,45.701,473,44.206
179,179,5.967,573.757,520.482,53.622,48.643,414,1,579,489,54.112,45.701,473,44.206
180,180,6.000,573.664,520.572,53.613,48.652,411,1,579,489,54.112,45.701,473,44.206
181,181,6.033,573.907,520.241,53.636,48.621,393,1,579,489,54.112,45.701,473,44.206
182,182,6.067,573.969,520.356,53.642,48.631,408,1,579,489,54.112,45.701,473,44.206
183,183,6.100,573.889,520.530,53.635,48.648,406,1,579,489,54.112,45.701,473,44.206
184,184,6.133,573.687,520.826,53.616,48.675,409,1,579,489,54.112,45.701,473,44.206
185,185,6.167,573.652,520.892,53.612,48.682,406,1,579,489,54.112,45.701,473,44.206
186,186,6.200,573.576,520.869,53.605,48.679,408,1,579,489,54.112,45.701,473,44.206
187,187,6.233,573.120,521.091,53.563,48.700,409,1,579,489,54.112,45.701,473,44.206
188,188,6.267,572.981,521.224,53.550,48.713,415,1,579,489,54.112,45.701,473,44.206
189,189,6.300,572.728,521.439,53.526,48.733,421,1,579,489,54.112,45.701,473,44.206
190,190,6.333,572.491,521.523,53.504,48.740,424,1,579,489,54.112,45.701,473,44.206
191,191,6.367,572.260,521.725,53.482,48.759,429,1,579,489,54.112,45.701,473,44.206
192,192,6.400,572.152,521.762,53.472,48.763,433,1,579,489,54.112,45.701,473,44.206
193,193,6.433,571.824,521.980,53.442,48.783,435,1,579,489,54.112,45.701,473,44.206
194,194,6.467,571.343,522.274,53.397,48.811,449,1,579,489,54.112,45.701,473,44.206
195,195,6.500,570.896,522.561,53.355,48.838,443,1,579,489,54.112,45.701,473,44.206
196,196,6.533,570.814,522.598,53.347,48.841,442,1,579,489,54.112,45.701,473,44.206
197,197,6.567,569.798,523.131,53.252,48.891,451,1,579,489,54.112,45.701,473,44.206
198,198,6.600,569.757,523.252,53.248,48.902,448,1,579,489,54.112,45.701,473,44.206
199,199,6.633,569.860,523.216,53.258,48.899,463,1,579,489,54.112,45.701,473,44.206
200,200,6.667,569.835,523.180,53.256,48.895,467,1,579,489,54.112,45.701,473,44.206
201,201,6.700,570.263,522.913,53.296,48.870,459,1,579,489,54.112,45.701,473,44.206
202,202,6.733,569.805,523.189,53.253,48.896,474,1,579,489,54.112,45.701,473,44.206
203,203,6.767,569.725,523.215,53.245,48.899,471,1,579,489,54.112,45.701,473,44.206
204,204,6.800,569.408,523.357,53.216,48.912,460,1,579,489,54.112,45.701,473,44.206
205,205,6.833,569.434,523.406,53.218,48.916,459,1,579,489,54.112,45.701,473,44.206
206,206,6.867,569.523,523.377,53.226,48.914,463,1,579,489,54.112,45.701,473,44.206
207,207,6.900,569.280,523.501,53.204,48.925,458,1,579,489,54.112,45.701,473,44.206
208,208,6.933,569.187,523.545,53.195,48.929,463,1,579,489,54.112,45.701,473,44.206
209,209,6.967,569.045,523.625,53.182,48.937,465,1,579,489,54.112,45.701,473,44.206
210,210,7.000,568.959,523.639,53.174,48.938,458,1,579,489,54.112,45.701,473,44.206
211,211,7.033,569.140,523.632,53.191,48.938,462,1,579,489,54.112,45.701,473,44.206
212,212,7.067,569.023,523.682,53.180,48.942,468,1,579,489,54.112,45.701,473,44.206
213,213,7.100,569.033,523.696,53.181,48.944,466,1,579,489,54.112,45.701,473,44.206
214,214,7.133,568.916,523.779,53.170,48.951,468,1,579,489,54.112,45.701,473,44.206
215,215,7.167,568.832,523.806,53.162,48.954,462,1,579,489,54.112,45.701,473,44.206
216,216,7.200,568.505,524.053,53.131,48.977,472,1,579,489,54.112,45.701,473,44.206
217,217,7.233,568.902,523.796,53.168,48.953,468,1,579,489,54.112,45.701,473,44.206
218,218,7.267,569.003,523.711,53.178,48.945,464,1,579,489,54.112,45.701,473,44.206
219,219,7.300,569.472,523.472,53.222,48.923,468,1,579,489,54.112,45.701,473,44.206
220,220,7.333,569.363,523.619,53.212,48.936,473,1,579,489,54.112,45.701,473,44.206
221,221,7.367,568.978,523.788,53.175,48.952,469,1,579,489,54.112,45.701,473,44.206
222,222,7.400,568.844,523.784,53.163,48.952,467,1,579,489,54.112,45.701,473,44.206
223,223,7.433,568.954,523.717,53.173,48.946,471,1,579,489,54.112,45.701,473,44.206
224,224,7.467,568.816,523.754,53.160,48.949,469,1,579,489,54.112,45.701,473,44.206
225,225,7.500,569.091,523.668,53.186,48.941,477,1,579,489,54.112,45.701,473,44.206
226,226,7.533,568.961,523.759,53.174,48.949,467,1,579,489,54.112,45.701,473,44.206
227,227,7.567,568.969,523.799,53.175,48.953,469,1,579,489,54.112,45.701,473,44.206
228,228,7.600,569.019,523.762,53.179,48.950,469,1,579,489,54.112,45.701,473,44.206
229,229,7.633,569.072,523.738,53.184,48.947,471,1,579,489,54.112,45.701,473,44.206
230,230,7.667,569.125,523.696,53.189,48.944,470,1,579,489,54.112,45.701,473,44.206
231,231,7.700,569.071,523.702,53.184,48.944,469,1,579,489,54.112,45.701,473,44.206
232,232,7.733,568.943,523.796,53.172,48.953,472,1,579,489,54.112,45.701,473,44.206
233,233,7.767,568.980,523.749,53.176,48.949,467,1,579,489,54.112,45.701,473,44.206
234,234,7.800,568.991,523.743,53.177,48.948,470,1,579,489,54.112,45.701,473,44.206
235,235,7.833,569.013,523.744,53.179,48.948,469,1,579,489,54.112,45.701,473,44.206
236,236,7.867,569.000,523.707,53.178,48.945,473,1,579,489,54.112,45.701,473,44.206
237,237,7.900,569.112,523.689,53.188,48.943,475,1,579,489,54.112,45.701,473,44.206
238,238,7.933,569.105,523.619,53.187,48.936,468,1,579,489,54.112,45.701,473,44.206
239,239,7.967,569.317,523.562,53.207,48.931,464,1,579,489,54.112,45.701,473,44.206
240,240,8.000,569.464,523.411,53.221,48.917,458,1,579,489,54.112,45.701,473,44.206
241,241,8.033,569.314,523.543,53.207,48.929,458,1,579,489,54.112,45.701,473,44.206
242,242,8.067,569.143,523.540,53.191,48.929,451,1,579,489,54.112,45.701,473,44.206
243,243,8.100,569.326,523.434,53.208,48.919,450,1,579,489,54.112,45.701,473,44.206
244,244,8.133,569.350,523.367,53.210,48.913,447,1,579,489,54.112,45.701,473,44.206
245,245,8.167,569.414,523.353,53.216,48.912,444,1,579,489,54.112,45.701,473,44.206
246,246,8.200,569.665,523.186,53.240,48.896,447,1,579,489,54.112,45.701,473,44.206
247,247,8.233,569.755,523.099,53.248,48.888,445,1,579,489,54.112,45.701,473,44.206
248,248,8.267,569.660,523.010,53.239,48.879,443,1,579,489,54.112,45.701,473,44.206
249,249,8.300,569.840,522.878,53.256,48.867,443,1,579,489,54.112,45.701,473,44.206
250,250,8.333,569.895,522.825,53.261,48.862,442,1,579,489,54.112,45.701,473,44.206
251,251,8.367,569.990,522.721,53.270,48.852,438,1,579,489,54.112,45.701,473,44.206
252,252,8.400,569.843,522.727,53.256,48.853,442,1,579,489,54.112,45.701,473,44.206
253,253,8.433,570.050,522.564,53.276,48.838,436,1,579,489,54.112,45.701,473,44.206
254,254,8.467,570.032,522.648,53.274,48.846,432,1,579,489,54.112,45.701,473,44.206
255,255,8.500,570.112,522.555,53.282,48.837,426,1,579,489,54.112,45.701,473,44.206
256,256,8.533,569.963,522.638,53.268,48.845,439,1,579,489,54.112,45.701,473,44.206
257,257,8.567,569.879,522.510,53.260,48.833,433,1,579,489,54.112,45.701,473,44.206
258,258,8.600,569.976,522.467,53.269,48.829,430,1,579,489,54.112,45.701,473,44.206
259,259,8.633,570.154,522.410,53.285,48.823,433,1,579,489,54.112,45.701,473,44.206
260,260,8.667,570.119,522.411,53.282,48.823,435,1,579,489,54.112,45.701,473,44.206
261,261,8.700,570.055,522.421,53.276,48.824,433,1,579,489,54.112,45.701,473,44.206
262,262,8.733,569.951,522.455,53.266,48.828,439,1,579,489,54.112,45.701,473,44.206
263,263,8.767,570.054,522.316,53.276,48.815,440,1,579,489,54.112,45.701,473,44.206
264,264,8.800,570.055,522.313,53.276,48.814,440,1,579,489,54.112,45.701,473,44.206
265,265,8.833,570.091,522.355,53.280,48.818,436,1,579,489,54.112,45.701,473,44.206
266,266,8.867,570.201,522.283,53.290,48.811,439,1,579,489,54.112,45.701,473,44.206
267,267,8.900,570.084,522.237,53.279,48.807,444,1,579,489,54.112,45.701,473,44.206
268,268,8.933,570.355,522.148,53.304,48.799,437,1,579,489,54.112,45.701,473,44.206
269,269,8.967,570.152,522.171,53.285,48.801,438,1,579,489,54.112,45.701,473,44.206
270,270,9.000,569.939,522.127,53.265,48.797,444,1,579,489,54.112,45.701,473,44.206
271,271,9.033,570.107,521.949,53.281,48.780,441,1,579,489,54.112,45.701,473,44.206
272,272,9.067,569.944,522.087,53.266,48.793,442,1,579,489,54.112,45.701,473,44.206
273,273,9.100,570.076,522.096,53.278,48.794,441,1,579,489,54.112,45.701,473,44.206
274,274,9.133,569.952,522.088,53.267,48.793,447,1,579,489,54.112,45.701,473,44.206
275,275,9.167,569.937,521.971,53.265,48.782,450,1,579,489,54.112,45.701,473,44.206
276,276,9.200,570.032,522.035,53.274,48.788,451,1,579,489,54.112,45.701,473,44.206
277,277,9.233,570.101,521.888,53.280,48.775,445,1,579,489,54.112,45.701,473,44.206
278,278,9.267,570.048,521.910,53.276,48.777,453,1,579,489,54.112,45.701,473,44.206
279,279,9.300,570.038,521.880,53.275,48.774,450,1,579,489,54.112,45.701,473,44.206
280,280,9.333,569.851,522.060,53.257,48.791,438,1,579,489,54.112,45.701,473,44.206
281,281,9.367,569.819,522.028,53.254,48.788,443,1,579,489,54.112,45.701,473,44.206
282,282,9.400,569.756,522.025,53.248,48.787,448,1,579,489,54.112,45.701,473,44.206
283,283,9.433,569.701,522.027,53.243,48.788,440,1,579,489,54.112,45.701,473,44.206
284,284,9.467,569.360,522.224,53.211,48.806,435,1,579,489,54.112,45.701,473,44.206
285,285,9.500,569.740,522.009,53.247,48.786,450,1,579,489,54.112,45.701,473,44.206
286,286,9.533,570.065,521.806,53.277,48.767,441,1,579,489,54.112,45.701,473,44.206
287,287,9.567,570.047,521.939,53.275,48.779,447,1,579,489,54.112,45.701,473,44.206
288,288,9.600,569.699,522.124,53.243,48.797,445,1,579,489,54.112,45.701,473,44.206
289,289,9.633,569.662,522.121,53.239,48.796,437,1,579,489,54.112,45.701,473,44.206
290,290,9.667,569.720,522.043,53.245,48.789,435,1,579,489,54.112,45.701,473,44.206
291,291,9.700,569.709,522.030,53.244,48.788,436,1,579,489,54.112,45.701,473,44.206
292,292,9.733,569.648,522.143,53.238,48.798,442,1,579,489,54.112,45.701,473,44.206
293,293,9.767,569.719,522.089,53.245,48.793,436,1,579,489,54.112,45.701,473,44.206
294,294,9.800,569.975,521.984,53.269,48.784,432,1,579,489,54.112,45.701,473,44.206
295,295,9.833,569.918,521.892,53.263,48.775,442,1,579,489,54.112,45.701,473,44.206
296,296,9.867,569.624,521.967,53.236,48.782,444,1,579,489,54.112,45.701,473,44.206
297,297,9.900,569.830,521.811,53.255,48.767,447,1,579,489,54.112,45.701,473,44.206
298,298,9.933,569.940,521.714,53.265,48.758,444,1,579,489,54.112,45.701,473,44.206
299,299,9.967,570.262,521.617,53.296,48.749,433,1,579,489,54.112,45.701,473,44.206
300,300,10.000,570.290,521.518,53.298,48.740,429,1,579,489,54.112,45.701,473,44.206
301,301,10.033,570.689,521.440,53.335,48.733,423,1,579,489,54.112,45.701,473,44.206
302,302,10.067,570.948,521.147,53.360,48.705,423,1,579,489,54.112,45.701,473,44.206
303,303,10.100,570.845,521.196,53.350,48.710,420,1,579,489,54.112,45.701,473,44.206
304,304,10.133,571.210,521.155,53.384,48.706,411,1,579,489,54.112,45.701,473,44.206
305,305,10.167,571.117,521.159,53.375,48.706,414,1,579,489,54.112,45.701,473,44.206
306,306,10.200,571.265,521.230,53.389,48.713,412,1,579,489,54.112,45.701,473,44.206
307,307,10.233,571.777,521.128,53.437,48.704,404,1,579,489,54.112,45.701,473,44.206
308,308,10.267,571.737,521.114,53.433,48.702,407,1,579,489,54.112,45.701,473,44.206
309,309,10.300,571.801,521.128,53.439,48.704,410,1,579,489,54.112,45.701,473,44.206
310,310,10.333,571.919,521.175,53.450,48.708,408,1,579,489,54.112,45.701,473,44.206
311,311,10.367,572.094,521.069,53.467,48.698,395,1,579,489,54.112,45.701,473,44.206
312,312,10.400,572.329,521.045,53.489,48.696,398,1,579,489,54.112,45.701,473,44.206
313,313,10.433,572.561,520.940,53.510,48.686,391,1,579,489,54.112,45.701,473,44.206
314,314,10.467,572.612,520.923,53.515,48.684,395,1,579,489,54.112,45.701,473,44.206
315,315,10.500,572.661,520.817,53.520,48.675,393,1,579,489,54.112,45.701,473,44.206
316,316,10.533,572.596,521.033,53.514,48.695,403,1,579,489,54.112,45.701,473,44.206
317,317,10.567,572.541,521.017,53.508,48.693,395,1,579,489,54.112,45.701,473,44.206
318,318,10.600,572.771,520.958,53.530,48.688,386,1,579,489,54.112,45.701,473,44.206
319,319,10.633,572.590,521.090,53.513,48.700,387,1,579,489,54.112,45.701,473,44.206
320,320,10.667,573.042,520.886,53.555,48.681,391,1,579,489,54.112,45.701,473,44.206
321,321,10.700,572.971,520.928,53.549,48.685,382,1,579,489,54.112,45.701,473,44.206
322,322,10.733,573.527,520.760,53.601,48.669,394,1,579,489,54.112,45.701,473,44.206
323,323,10.767,573.511,520.795,53.599,48.672,393,1,579,489,54.112,45.701,473,44.206
324,324,10.800,573.483,520.953,53.597,48.687,398,1,579,489,54.112,45.701,473,44.206
325,325,10.833,573.836,520.726,53.630,48.666,386,1,579,489,54.112,45.701,473,44.206
326,326,10.867,573.619,521.035,53.609,48.695,401,1,579,489,54.112,45.701,473,44.206
327,327,10.900,573.756,520.993,53.622,48.691,401,1,579,489,54.112,45.701,473,44.206
328,328,10.933,573.557,520.993,53.603,48.691,400,1,579,489,54.112,45.701,473,44.206
329,329,10.967,573.660,520.973,53.613,48.689,393,1,579,489,54.112,45.701,473,44.206
330,330,11.000,573.725,521.090,53.619,48.700,400,1,579,489,54.112,45.701,473,44.206
331,331,11.033,573.427,521.241,53.591,48.714,386,1,579,489,54.112,45.701,473,44.206
332,332,11.067,573.992,521.040,53.644,48.695,405,1,579,489,54.112,45.701,473,44.206
333,333,11.100,573.564,521.306,53.604,48.720,393,1,579,489,54.112,45.701,473,44.206
334,334,11.133,573.733,521.237,53.620,48.714,390,1,579,489,54.112,45.701,473,44.206
335,335,11.167,573.521,521.503,53.600,48.739,396,1,579,489,54.112,45.701,473,44.206
336,336,11.200,573.339,521.767,53.583,48.763,404,1,579,489,54.112,45.701,473,44.206
337,337,11.233,573.595,521.808,53.607,48.767,412,1,579,489,54.112,45.701,473,44.206
338,338,11.267,573.351,521.967,53.584,48.782,403,1,579,489,54.112,45.701,473,44.206
339,339,11.300,573.368,521.950,53.586,48.780,401,1,579,489,54.112,45.701,473,44.206
340,340,11.333,573.364,522.001,53.585,48.785,404,1,579,489,54.112,45.701,473,44.206
341,341,11.367,573.444,522.011,53.593,48.786,404,1,579,489,54.112,45.701,473,44.206
342,342,11.400,573.467,522.050,53.595,48.790,404,1,579,489,54.112,45.701,473,44.206
343,343,11.433,573.435,522.085,53.592,48.793,408,1,579,489,54.112,45.701,473,44.206
344,344,11.467,573.371,522.122,53.586,48.796,408,1,579,489,54.112,45.701,473,44.206
345,345,11.500,573.343,522.224,53.583,48.806,411,1,579,489,54.112,45.701,473,44.206
346,346,11.533,573.377,522.281,53.587,48.811,409,1,579,489,54.112,45.701,473,44.206
347,347,11.567,573.448,522.425,53.593,48.825,418,1,579,489,54.112,45.701,473,44.206
348,348,11.600,573.373,522.495,53.586,48.831,410,1,579,489,54.112,45.701,473,44.206
349,349,11.633,573.423,522.557,53.591,48.837,413,1,579,489,54.112,45.701,473,44.206
350,350,11.667,573.426,522.556,53.591,48.837,413,1,579,489,54.112,45.701,473,44.206
351,351,11.700,573.330,522.669,53.582,48.848,416,1,579,489,54.112,45.701,473,44.206
352,352,11.733,573.422,522.599,53.591,48.841,412,1,579,489,54.112,45.701,473,44.206
353,353,11.767,573.358,522.810,53.585,48.861,421,1,579,489,54.112,45.701,473,44.206
354,354,11.800,573.366,522.738,53.586,48.854,426,1,579,489,54.112,45.701,473,44.206
355,355,11.833,573.120,523.212,53.563,48.898,431,1,579,489,54.112,45.701,473,44.206
356,356,11.867,573.106,522.969,53.561,48.876,417,1,579,489,54.112,45.701,473,44.206
357,357,11.900,573.209,522.953,53.571,48.874,420,1,579,489,54.112,45.701,473,44.206
358,358,11.933,573.084,523.051,53.559,48.883,420,1,579,489,54.112,45.701,473,44.206
359,359,11.967,573.056,523.264,53.557,48.903,424,1,579,489,54.112,45.701,473,44.206
360,360,12.000,572.999,523.337,53.551,48.910,424,1,579,489,54.112,45.701,473,44.206
361,361,12.033,573.393,523.371,53.588,48.913,438,1,579,489,54.112,45.701,473,44.206
362,362,12.067,573.076,523.732,53.558,48.947,446,1,579,489,54.112,45.701,473,44.206
363,363,12.100,573.280,523.360,53.578,48.912,432,1,579,489,54.112,45.701,473,44.206
364,364,12.133,573.172,523.429,53.567,48.919,431,1,579,489,54.112,45.701,473,44.206
365,365,12.167,573.199,523.583,53.570,48.933,441,1,579,489,54.112,45.701,473,44.206
366,366,12.200,573.158,523.561,53.566,48.931,438,1,579,489,54.112,45.701,473,44.206
367,367,12.233,573.067,523.499,53.558,48.925,437,1,579,489,54.112,45.701,473,44.206
368,368,12.267,573.094,523.455,53.560,48.921,436,1,579,489,54.112,45.701,473,44.206
369,369,12.300,573.014,523.607,53.553,48.935,441,1,579,489,54.112,45.701,473,44.206
370,370,12.333,573.026,523.604,53.554,48.935,438,1,579,489,54.112,45.701,473,44.206
371,371,12.367,573.177,523.403,53.568,48.916,439,1,579,489,54.112,45.701,473,44.206
372,372,12.400,573.226,523.439,53.573,48.919,438,1,579,489,54.112,45.701,473,44.206
373,373,12.433,572.824,523.879,53.535,48.961,446,1,579,489,54.112,45.701,473,44.206
374,374,12.467,572.841,523.844,53.537,48.957,447,1,579,489,54.112,45.701,473,44.206
375,375,12.500,572.728,523.946,53.526,48.967,446,1,579,489,54.112,45.701,473,44.206
376,376,12.533,572.787,523.880,53.532,48.961,445,1,579,489,54.112,45.701,473,44.206
377,377,12.567,572.688,523.934,53.522,48.966,445,1,579,489,54.112,45.701,473,44.206
378,378,12.600,572.478,524.165,53.503,48.987,438,1,579,489,54.112,45.701,473,44.206
379,379,12.633,572.538,524.146,53.508,48.986,443,1,579,489,54.112,45.701,473,44.206
380,380,12.667,572.462,524.245,53.501,48.995,443,1,579,489,54.112,45.701,473,44.206
381,381,12.700,572.478,524.270,53.503,48.997,445,1,579,489,54.112,45.701,473,44.206
382,382,12.733,572.381,524.344,53.494,49.004,443,1,579,489,54.112,45.701,473,44.206
383,383,12.767,572.361,524.290,53.492,48.999,440,1,579,489,54.112,45.701,473,44.206
384,384,12.800,572.919,523.786,53.544,48.952,436,1,579,489,54.112,45.701,473,44.206
385,385,12.833,573.114,523.531,53.562,48.928,439,1,579,489,54.112,45.701,473,44.206
386,386,12.867,573.061,523.658,53.557,48.940,440,1,579,489,54.112,45.701,473,44.206
387,387,12.900,573.288,523.480,53.578,48.923,434,1,579,489,54.112,45.701,473,44.206
388,388,12.933,573.238,523.424,53.574,48.918,433,1,579,489,54.112,45.701,473,44.206
389,389,12.967,573.166,523.544,53.567,48.929,423,1,579,489,54.112,45.701,473,44.206
390,390,13.000,573.067,523.673,53.558,48.941,427,1,579,489,54.112,45.701,473,44.206
391,391,13.033,573.337,523.198,53.583,48.897,416,1,579,489,54.112,45.701,473,44.206
392,392,13.067,573.142,523.518,53.565,48.927,422,1,579,489,54.112,45.701,473,44.206
393,393,13.100,572.845,523.674,53.537,48.941,414,1,579,489,54.112,45.701,473,44.206
394,394,13.133,573.238,523.013,53.574,48.880,409,1,579,489,54.112,45.701,473,44.206
395,395,13.167,573.076,523.165,53.559,48.894,405,1,579,489,54.112,45.701,473,44.206
396,396,13.200,573.038,523.211,53.555,48.898,406,1,579,489,54.112,45.701,473,44.206
397,397,13.233,572.962,523.345,53.548,48.911,419,1,579,489,54.112,45.701,473,44.206
398,398,13.267,572.884,523.411,53.541,48.917,423,1,579,489,54.112,45.701,473,44.206
399,399,13.300,572.879,523.420,53.540,48.918,423,1,579,489,54.112,45.701,473,44.206
400,400,13.333,573.219,523.074,53.572,48.885,422,1,579,489,54.112,45.701,473,44.206
401,401,13.367,572.859,523.353,53.538,48.911,423,1,579,489,54.112,45.701,473,44.206
402,402,13.400,572.844,523.309,53.537,48.907,420,1,579,489,54.112,45.701,473,44.206
403,403,13.433,572.793,523.313,53.532,48.908,421,1,579,489,54.112,45.701,473,44.206
404,404,13.467,572.526,523.551,53.507,48.930,425,1,579,489,54.112,45.701,473,44.206
405,405,13.500,572.629,523.431,53.517,48.919,424,1,579,489,54.112,45.701,473,44.206
406,406,13.533,572.453,523.692,53.500,48.943,432,1,579,489,54.112,45.701,473,44.206
407,407,13.567,572.317,523.820,53.488,48.955,438,1,579,489,54.112,45.701,473,44.206
408,408,13.600,572.566,523.477,53.511,48.923,428,1,579,489,54.112,45.701,473,44.206
409,409,13.633,572.545,523.485,53.509,48.924,433,1,579,489,54.112,45.701,473,44.206
410,410,13.667,572.631,523.353,53.517,48.912,429,1,579,489,54.112,45.701,473,44.206
411,411,13.700,572.991,523.074,53.551,48.885,423,1,579,489,54.112,45.701,473,44.206
412,412,13.733,573.106,522.948,53.561,48.874,424,1,579,489,54.112,45.701,473,44.206
413,413,13.767,573.287,522.662,53.578,48.847,418,1,579,489,54.112,45.701,473,44.206
414,414,13.800,573.461,522.482,53.594,48.830,419,1,579,489,54.112,45.701,473,44.206
415,415,13.833,573.592,522.192,53.607,48.803,410,1,579,489,54.112,45.701,473,44.206
416,416,13.867,573.406,522.248,53.589,48.808,408,1,579,489,54.112,45.701,473,44.206
417,417,13.900,573.570,522.096,53.605,48.794,406,1,579,489,54.112,45.701,473,44.206
418,418,13.933,573.936,521.817,53.639,48.768,398,1,579,489,54.112,45.701,473,44.206
419,419,13.967,573.868,521.611,53.633,48.749,399,1,579,489,54.112,45.701,473,44.206
420,420,14.000,574.092,521.418,53.653,48.731,398,1,579,489,54.112,45.701,473,44.206
421,421,14.033,574.588,521.010,53.700,48.692,392,1,579,489,54.112,45.701,473,44.206
422,422,14.067,574.717,520.794,53.712,48.672,386,1,579,489,54.112,45.701,473,44.206
423,423,14.100,574.946,520.613,53.733,48.655,380,1,579,489,54.112,45.701,473,44.206
424,424,14.133,575.114,520.361,53.749,48.632,377,1,579,489,54.112,45.701,473,44.206
425,425,14.167,575.115,520.290,53.749,48.625,377,1,579,489,54.112,45.701,473,44.206
426,426,14.200,575.106,520.411,53.748,48.637,382,1,579,489,54.112,45.701,473,44.206
427,427,14.233,575.043,520.358,53.742,48.632,375,1,579,489,54.112,45.701,473,44.206
428,428,14.267,575.080,520.357,53.746,48.632,369,1,579,489,54.112,45.701,473,44.206
429,429,14.300,575.282,520.306,53.765,48.627,372,1,579,489,54.112,45.701,473,44.206
430,430,14.333,575.177,520.446,53.755,48.640,379,1,579,489,54.112,45.701,473,44.206
431,431,14.367,575.161,520.457,53.753,48.641,379,1,579,489,54.112,45.701,473,44.206
432,432,14.400,575.169,520.411,53.754,48.637,377,1,579,489,54.112,45.701,473,44.206
433,433,14.433,575.067,520.427,53.745,48.638,379,1,579,489,54.112,45.701,473,44.206
434,434,14.467,574.994,520.418,53.738,48.637,382,1,579,489,54.112,45.701,473,44.206
435,435,14.500,575.017,520.449,53.740,48.640,382,1,579,489,54.112,45.701,473,44.206
436,436,14.533,574.832,520.572,53.723,48.652,382,1,579,489,54.112,45.701,473,44.206
437,437,14.567,574.696,520.593,53.710,48.654,384,1,579,489,54.112,45.701,473,44.206
438,438,14.600,574.672,520.483,53.708,48.643,387,1,579,489,54.112,45.701,473,44.206
439,439,14.633,574.182,520.614,53.662,48.655,386,1,579,489,54.112,45.701,473,44.206
440,440,14.667,573.887,520.648,53.634,48.659,395,1,579,489,54.112,45.701,473,44.206
441,441,14.700,573.719,520.610,53.619,48.655,397,1,579,489,54.112,45.701,473,44.206
442,442,14.733,573.962,520.398,53.641,48.635,394,1,579,489,54.112,45.701,473,44.206
443,443,14.767,573.809,520.392,53.627,48.635,396,1,579,489,54.112,45.701,473,44.206
444,444,14.800,573.896,520.402,53.635,48.636,391,1,579,489,54.112,45.701,473,44.206
445,445,14.833,573.750,520.519,53.621,48.647,397,1,579,489,54.112,45.701,473,44.206
446,446,14.867,573.894,520.412,53.635,48.637,392,1,579,489,54.112,45.701,473,44.206
447,447,14.900,573.972,520.396,53.642,48.635,397,1,579,489,54.112,45.701,473,44.206
448,448,14.933,573.597,520.568,53.607,48.651,404,1,579,489,54.112,45.701,473,44.206
449,449,14.967,573.627,520.543,53.610,48.649,404,1,579,489,54.112,45.701,473,44.206
450,450,15.000,573.484,520.559,53.597,48.650,406,1,579,489,54.112,45.701,473,44.206
451,451,15.033,572.933,520.605,53.545,48.655,399,1,579,489,54.112,45.701,473,44.206
452,452,15.067,572.434,520.598,53.498,48.654,412,1,579,489,54.112,45.701,473,44.206
453,453,15.100,572.397,520.350,53.495,48.631,403,1,579,489,54.112,45.701,473,44.206
454,454,15.133,571.893,520.588,53.448,48.653,421,1,579,489,54.112,45.701,473,44.206
455,455,15.167,572.267,520.385,53.483,48.634,413,1,579,489,54.112,45.701,473,44.206
456,456,15.200,572.171,520.476,53.474,48.643,412,1,579,489,54.112,45.701,473,44.206
457,457,15.233,571.935,520.500,53.452,48.645,417,1,579,489,54.112,45.701,473,44.206
458,458,15.267,572.064,520.519,53.464,48.647,421,1,579,489,54.112,45.701,473,44.206
459,459,15.300,571.903,520.498,53.449,48.645,422,1,579,489,54.112,45.701,473,44.206
460,460,15.333,571.323,520.688,53.395,48.662,430,1,579,489,54.112,45.701,473,44.206
461,461,15.367,571.312,520.685,53.394,48.662,432,1,579,489,54.112,45.701,473,44.206
462,462,15.400,571.328,520.698,53.395,48.663,433,1,579,489,54.112,45.701,473,44.206
463,463,15.433,571.132,520.708,53.377,48.664,433,1,579,489,54.112,45.701,473,44.206
464,464,15.467,570.723,520.791,53.339,48.672,443,1,579,489,54.112,45.701,473,44.206
465,465,15.500,570.561,520.818,53.323,48.675,437,1,579,489,54.112,45.701,473,44.206
466,466,15.533,570.528,520.671,53.320,48.661,437,1,579,489,54.112,45.701,473,44.206
467,467,15.567,570.169,520.818,53.287,48.675,437,1,579,489,54.112,45.701,473,44.206
468,468,15.600,569.900,520.991,53.262,48.691,442,1,579,489,54.112,45.701,473,44.206
469,469,15.633,569.889,521.101,53.261,48.701,445,1,579,489,54.112,45.701,473,44.206
470,470,15.667,569.785,521.096,53.251,48.701,442,1,579,489,54.112,45.701,473,44.206
471,471,15.700,569.710,521.114,53.244,48.702,442,1,579,489,54.112,45.701,473,44.206
472,472,15.733,569.295,521.271,53.205,48.717,436,1,579,489,54.112,45.701,473,44.206
473,473,15.767,569.017,521.352,53.179,48.724,432,1,579,489,54.112,45.701,473,44.206
474,474,15.800,568.756,521.450,53.155,48.734,435,1,579,489,54.112,45.701,473,44.206
475,475,15.833,568.536,521.427,53.134,48.731,433,1,579,489,54.112,45.701,473,44.206
476,476,15.867,568.205,521.563,53.103,48.744,425,1,579,489,54.112,45.701,473,44.206
477,477,15.900,567.937,521.689,53.078,48.756,421,1,579,489,54.112,45.701,473,44.206
478,478,15.933,567.467,521.966,53.034,48.782,426,1,579,489,54.112,45.701,473,44.206
479,479,15.967,566.976,522.187,52.988,48.803,417,1,579,489,54.112,45.701,473,44.206
480,480,16.000,566.792,522.380,52.971,48.821,413,1,579,489,54.112,45.701,473,44.206
481,481,16.033,565.916,522.665,52.889,48.847,409,1,579,489,54.112,45.701,473,44.206
482,482,16.067,565.695,522.824,52.869,48.862,413,1,579,489,54.112,45.701,473,44.206
483,483,16.100,565.674,522.747,52.867,48.855,410,1,579,489,54.112,45.701,473,44.206
484,484,16.133,565.842,522.639,52.882,48.845,406,1,579,489,54.112,45.701,473,44.206
485,485,16.167,565.926,522.621,52.890,48.843,406,1,579,489,54.112,45.701,473,44.206
486,486,16.200,565.984,522.566,52.896,48.838,405,1,579,489,54.112,45.701,473,44.206
487,487,16.233,566.092,522.411,52.906,48.823,403,1,579,489,54.112,45.701,473,44.206
488,488,16.267,566.001,522.408,52.897,48.823,406,1,579,489,54.112,45.701,473,44.206
489,489,16.300,566.151,522.439,52.911,48.826,399,1,579,489,54.112,45.701,473,44.206
490,490,16.333,565.707,522.466,52.870,48.829,411,1,579,489,54.112,45.701,473,44.206
491,491,16.367,565.516,522.527,52.852,48.834,416,1,579,489,54.112,45.701,473,44.206
492,492,16.400,565.413,522.416,52.842,48.824,418,1,579,489,54.112,45.701,473,44.206
493,493,16.433,564.975,522.534,52.801,48.835,427,1,579,489,54.112,45.701,473,44.206
494,494,16.467,564.824,522.495,52.787,48.831,421,1,579,489,54.112,45.701,473,44.206
495,495,16.500,564.665,522.516,52.772,48.833,425,1,579,489,54.112,45.701,473,44.206
496,496,16.533,564.298,522.588,52.738,48.840,437,1,579,489,54.112,45.701,473,44.206
497,497,16.567,564.007,522.621,52.711,48.843,434,1,579,489,54.112,45.701,473,44.206
498,498,16.600,563.887,522.645,52.700,48.845,436,1,579,489,54.112,45.701,473,44.206
499,499,16.633,563.412,522.739,52.655,48.854,446,1,579,489,54.112,45.701,473,44.206
500,500,16.667,563.348,522.748,52.649,48.855,448,1,579,489,54.112,45.701,473,44.206
501,501,16.700,563.250,522.785,52.640,48.858,446,1,579,489,54.112,45.701,473,44.206
502,502,16.733,563.216,522.756,52.637,48.856,448,1,579,489,54.112,45.701,473,44.206
503,503,16.767,563.019,522.741,52.619,48.854,455,1,579,489,54.112,45.701,473,44.206
504,504,16.800,563.026,522.737,52.619,48.854,459,1,579,489,54.112,45.701,473,44.206
505,505,16.833,562.594,522.784,52.579,48.858,467,1,579,489,54.112,45.701,473,44.206
506,506,16.867,562.313,522.843,52.553,48.864,472,1,579,489,54.112,45.701,473,44.206
507,507,16.900,561.870,522.901,52.511,48.869,476,1,579,489,54.112,45.701,473,44.206
508,508,16.933,561.800,522.942,52.505,48.873,479,1,579,489,54.112,45.701,473,44.206
509,509,16.967,561.887,522.907,52.513,48.870,475,1,579,489,54.112,45.701,473,44.206
510,510,17.000,561.911,522.887,52.515,48.868,474,1,579,489,54.112,45.701,473,44.206
511,511,17.033,561.482,522.969,52.475,48.876,487,1,579,489,54.112,45.701,473,44.206
512,512,17.067,561.497,522.982,52.476,48.877,479,1,579,489,54.112,45.701,473,44.206
513,513,17.100,561.077,523.024,52.437,48.881,480,1,579,489,54.112,45.701,473,44.206
514,514,17.133,560.878,523.081,52.419,48.886,483,1,579,489,54.112,45.701,473,44.206
515,515,17.167,560.328,523.356,52.367,48.912,483,1,579,489,54.112,45.701,473,44.206
516,516,17.200,560.134,523.377,52.349,48.914,480,1,579,489,54.112,45.701,473,44.206
517,517,17.233,559.824,523.463,52.320,48.922,479,1,579,489,54.112,45.701,473,44.206
518,518,17.267,559.764,523.509,52.314,48.926,479,1,579,489,54.112,45.701,473,44.206
519,519,17.300,559.508,523.565,52.290,48.931,470,1,579,489,54.112,45.701,473,44.206
520,520,17.333,559.588,523.440,52.298,48.920,456,1,579,489,54.112,45.701,473,44.206
521,521,17.367,559.282,523.548,52.269,48.930,447,1,579,489,54.112,45.701,473,44.206
522,522,17.400,558.712,523.668,52.216,48.941,455,1,579,489,54.112,45.701,473,44.206
523,523,17.433,558.476,523.771,52.194,48.951,446,1,579,489,54.112,45.701,473,44.206
524,524,17.467,558.287,523.786,52.176,48.952,450,1,579,489,54.112,45.701,473,44.206
525,525,17.500,558.103,523.854,52.159,48.958,442,1,579,489,54.112,45.701,473,44.206
526,526,17.533,558.026,523.884,52.152,48.961,445,1,579,489,54.112,45.701,473,44.206
527,527,17.567,557.713,523.948,52.123,48.967,447,1,579,489,54.112,45.701,473,44.206
528,528,17.600,557.674,523.995,52.119,48.972,447,1,579,489,54.112,45.701,473,44.206
529,529,17.633,557.634,524.058,52.115,48.977,442,1,579,489,54.112,45.701,473,44.206
530,530,17.667,557.523,523.972,52.105,48.969,445,1,579,489,54.112,45.701,473,44.206
531,531,17.700,557.442,524.042,52.097,48.976,439,1,579,489,54.112,45.701,473,44.206
532,532,17.733,557.840,524.011,52.135,48.973,425,1,579,489,54.112,45.701,473,44.206
533,533,17.767,557.606,524.018,52.113,48.974,427,1,579,489,54.112,45.701,473,44.206
534,534,17.800,557.426,523.997,52.096,48.972,431,1,579,489,54.112,45.701,473,44.206
535,535,17.833,557.660,523.908,52.118,48.963,424,1,579,489,54.112,45.701,473,44.206
536,536,17.867,557.896,523.944,52.140,48.967,422,1,579,489,54.112,45.701,473,44.206
537,537,17.900,557.939,523.918,52.144,48.964,421,1,579,489,54.112,45.701,473,44.206
538,538,17.933,557.998,523.980,52.149,48.970,421,1,579,489,54.112,45.701,473,44.206
539,539,17.967,557.792,523.908,52.130,48.963,423,1,579,489,54.112,45.701,473,44.206
540,540,18.000,557.792,523.923,52.130,48.965,427,1,579,489,54.112,45.701,473,44.206
541,541,18.033,557.837,523.867,52.134,48.959,420,1,579,489,54.112,45.701,473,44.206
542,542,18.067,557.208,523.917,52.076,48.964,426,1,579,489,54.112,45.701,473,44.206
543,543,18.100,556.724,523.952,52.030,48.967,434,1,579,489,54.112,45.701,473,44.206
544,544,18.133,556.600,523.965,52.019,48.969,441,1,579,489,54.112,45.701,473,44.206
545,545,18.167,556.264,524.059,51.987,48.977,453,1,579,489,54.112,45.701,473,44.206
546,546,18.200,555.933,524.085,51.956,48.980,460,1,579,489,54.112,45.701,473,44.206
547,547,18.233,555.684,524.102,51.933,48.982,466,1,579,489,54.112,45.701,473,44.206
548,548,18.267,555.535,524.132,51.919,48.984,469,1,579,489,54.112,45.701,473,44.206
549,549,18.300,555.132,524.134,51.881,48.984,471,1,579,489,54.112,45.701,473,44.206
550,550,18.333,554.870,524.182,51.857,48.989,478,1,579,489,54.112,45.701,473,44.206
551,551,18.367,554.777,524.180,51.848,48.989,476,1,579,489,54.112,45.701,473,44.206
552,552,18.400,554.955,524.132,51.865,48.984,470,1,579,489,54.112,45.701,473,44.206
553,553,18.433,554.420,524.185,51.815,48.989,481,1,579,489,54.112,45.701,473,44.206
554,554,18.467,554.556,524.149,51.828,48.986,477,1,579,489,54.112,45.701,473,44.206
555,555,18.500,554.195,524.112,51.794,48.982,481,1,579,489,54.112,45.701,473,44.206
556,556,18.533,553.420,524.133,51.722,48.984,487,1,579,489,54.112,45.701,473,44.206
557,557,18.567,552.937,524.125,51.676,48.984,482,1,579,489,54.112,45.701,473,44.206
558,558,18.600,552.857,524.154,51.669,48.986,484,1,579,489,54.112,45.701,473,44.206
559,559,18.633,552.634,524.170,51.648,48.988,483,1,579,489,54.112,45.701,473,44.206
560,560,18.667,552.490,524.181,51.635,48.989,485,1,579,489,54.112,45.701,473,44.206
561,561,18.700,552.090,524.255,51.597,48.996,478,1,579,489,54.112,45.701,473,44.206
562,562,18.733,552.062,524.266,51.595,48.997,479,1,579,489,54.112,45.701,473,44.206
563,563,18.767,551.390,524.325,51.532,49.002,481,1,579,489,54.112,45.701,473,44.206
564,564,18.800,551.154,524.407,51.510,49.010,471,1,579,489,54.112,45.701,473,44.206
565,565,18.833,550.707,524.436,51.468,49.013,467,1,579,489,54.112,45.701,473,44.206
566,566,18.867,550.018,524.542,51.404,49.023,456,1,579,489,54.112,45.701,473,44.206
567,567,18.900,549.677,524.631,51.372,49.031,451,1,579,489,54.112,45.701,473,44.206
568,568,18.933,549.453,524.606,51.351,49.029,450,1,579,489,54.112,45.701,473,44.206
569,569,18.967,548.876,524.742,51.297,49.041,451,1,579,489,54.112,45.701,473,44.206
570,570,19.000,548.462,524.854,51.258,49.052,439,1,579,489,54.112,45.701,473,44.206
571,571,19.033,548.680,524.842,51.278,49.051,434,1,579,489,54.112,45.701,473,44.206
572,572,19.067,548.734,524.793,51.284,49.046,431,1,579,489,54.112,45.701,473,44.206
573,573,19.100,548.766,524.773,51.286,49.044,434,1,579,489,54.112,45.701,473,44.206
574,574,19.133,548.865,524.785,51.296,49.045,430,1,579,489,54.112,45.701,473,44.206
575,575,19.167,548.891,524.807,51.298,49.047,432,1,579,489,54.112,45.701,473,44.206
576,576,19.200,549.264,524.872,51.333,49.053,436,1,579,489,54.112,45.701,473,44.206
577,577,19.233,549.972,524.828,51.399,49.049,423,1,579,489,54.112,45.701,473,44.206
578,578,19.267,549.684,524.829,51.372,49.049,427,1,579,489,54.112,45.701,473,44.206
579,579,19.300,549.591,524.835,51.364,49.050,434,1,579,489,54.112,45.701,473,44.206
580,580,19.333,549.630,524.822,51.367,49.049,431,1,579,489,54.112,45.701,473,44.206
581,581,19.367,549.398,524.817,51.346,49.048,436,1,579,489,54.112,45.701,473,44.206
582,582,19.400,549.093,524.858,51.317,49.052,443,1,579,489,54.112,45.701,473,44.206
583,583,19.433,548.814,524.826,51.291,49.049,441,1,579,489,54.112,45.701,473,44.206
584,584,19.467,548.565,524.812,51.268,49.048,451,1,579,489,54.112,45.701,473,44.206
585,585,19.500,548.026,524.805,51.217,49.047,452,1,579,489,54.112,45.701,473,44.206
586,586,19.533,547.782,524.793,51.195,49.046,450,1,579,489,54.112,45.701,473,44.206
587,587,19.567,547.696,524.802,51.187,49.047,462,1,579,489,54.112,45.701,473,44.206
588,588,19.600,547.783,524.814,51.195,49.048,473,1,579,489,54.112,45.701,473,44.206
589,589,19.633,547.178,524.808,51.138,49.047,473,1,579,489,54.112,45.701,473,44.206
590,590,19.667,547.218,524.826,51.142,49.049,478,1,579,489,54.112,45.701,473,44.206
591,591,19.700,546.993,524.857,51.121,49.052,479,1,579,489,54.112,45.701,473,44.206
592,592,19.733,546.901,524.830,51.112,49.050,481,1,579,489,54.112,45.701,473,44.206
593,593,19.767,546.504,524.862,51.075,49.052,485,1,579,489,54.112,45.701,473,44.206
594,594,19.800,546.079,524.907,51.035,49.057,490,1,579,489,54.112,45.701,473,44.206
595,595,19.833,545.706,524.916,51.001,49.058,489,1,579,489,54.112,45.701,473,44.206
596,596,19.867,545.764,524.942,51.006,49.060,489,1,579,489,54.112,45.701,473,44.206
597,597,19.900,545.462,524.980,50.978,49.064,494,1,579,489,54.112,45.701,473,44.206
598,598,19.933,545.190,524.976,50.952,49.063,493,1,579,489,54.112,45.701,473,44.206
599,599,19.967,545.196,524.998,50.953,49.065,490,1,579,489,54.112,45.701,473,44.206
600,600,20.000,544.929,525.029,50.928,49.068,492,1,579,489,54.112,45.701,473,44.206
601,601,20.033,543.942,525.138,50.836,49.078,478,1,579,489,54.112,45.701,473,44.206
602,602,20.067,543.434,525.150,50.788,49.079,476,1,579,489,54.112,45.701,473,44.206
603,603,20.100,543.402,525.154,50.785,49.080,474,1,579,489,54.112,45.701,473,44.206
604,604,20.133,542.988,525.203,50.747,49.084,467,1,579,489,54.112,45.701,473,44.206
605,605,20.167,542.805,525.311,50.729,49.095,464,1,579,489,54.112,45.701,473,44.206
606,606,20.200,542.411,525.313,50.693,49.095,458,1,579,489,54.112,45.701,473,44.206
607,607,20.233,541.753,525.333,50.631,49.097,447,1,579,489,54.112,45.701,473,44.206
608,608,20.267,541.843,525.371,50.640,49.100,447,1,579,489,54.112,45.701,473,44.206
609,609,20.300,541.508,525.426,50.608,49.105,444,1,579,489,54.112,45.701,473,44.206
610,610,20.333,541.314,525.404,50.590,49.103,442,1,579,489,54.112,45.701,473,44.206
611,611,20.367,541.542,525.381,50.611,49.101,441,1,579,489,54.112,45.701,473,44.206
612,612,20.400,541.569,525.362,50.614,49.099,444,1,579,489,54.112,45.701,473,44.206
613,613,20.433,541.727,525.376,50.629,49.101,441,1,579,489,54.112,45.701,473,44.206
614,614,20.467,541.814,525.380,50.637,49.101,443,1,579,489,54.112,45.701,473,44.206
615,615,20.500,542.005,525.340,50.655,49.097,445,1,579,489,54.112,45.701,473,44.206
616,616,20.533,542.207,525.321,50.674,49.095,445,1,579,489,54.112,45.701,473,44.206
617,617,20.567,542.189,525.361,50.672,49.099,449,1,579,489,54.112,45.701,473,44.206
618,618,20.600,542.014,525.397,50.656,49.103,452,1,579,489,54.112,45.701,473,44.206
619,619,20.633,541.879,525.296,50.643,49.093,446,1,579,489,54.112,45.701,473,44.206
620,620,20.667,542.145,525.344,50.668,49.098,435,1,579,489,54.112,45.701,473,44.206
621,621,20.700,541.967,525.324,50.651,49.096,444,1,579,489,54.112,45.701,473,44.206
622,622,20.733,541.616,525.325,50.618,49.096,451,1,579,489,54.112,45.701,473,44.206
623,623,20.767,540.999,525.369,50.561,49.100,457,1,579,489,54.112,45.701,473,44.206
624,624,20.800,540.814,525.348,50.543,49.098,465,1,579,489,54.112,45.701,473,44.206
625,625,20.833,540.409,525.373,50.506,49.100,474,1,579,489,54.112,45.701,473,44.206
626,626,20.867,540.032,525.359,50.470,49.099,470,1,579,489,54.112,45.701,473,44.206
627,627,20.900,540.171,525.338,50.483,49.097,482,1,579,489,54.112,45.701,473,44.206
628,628,20.933,539.845,525.334,50.453,49.097,480,1,579,489,54.112,45.701,473,44.206
629,629,20.967,539.741,525.402,50.443,49.103,474,1,579,489,54.112,45.701,473,44.206
630,630,21.000,539.510,525.396,50.421,49.102,477,1,579,489,54.112,45.701,473,44.206
631,631,21.033,539.275,525.389,50.400,49.102,474,1,579,489,54.112,45.701,473,44.206
632,632,21.067,539.002,525.413,50.374,49.104,485,1,579,489,54.112,45.701,473,44.206
633,633,21.100,538.804,525.411,50.356,49.104,488,1,579,489,54.112,45.701,473,44.206
634,634,21.133,538.031,525.504,50.283,49.113,502,1,579,489,54.112,45.701,473,44.206
635,635,21.167,538.304,525.445,50.309,49.107,488,1,579,489,54.112,45.701,473,44.206
636,636,21.200,538.140,525.459,50.293,49.108,483,1,579,489,54.112,45.701,473,44.206
637,637,21.233,537.033,525.559,50.190,49.118,499,1,579,489,54.112,45.701,473,44.206
638,638,21.267,536.732,525.586,50.162,49.120,493,1,579,489,54.112,45.701,473,44.206
639,639,21.300,536.049,525.677,50.098,49.129,486,1,579,489,54.112,45.701,473,44.206
640,640,21.333,535.343,525.700,50.032,49.131,472,1,579,489,54.112,45.701,473,44.206
641,641,21.367,534.703,525.762,49.972,49.137,459,1,579,489,54.112,45.701,473,44.206
642,642,21.400,534.184,525.790,49.924,49.139,447,1,579,489,54.112,45.701,473,44.206
643,643,21.433,533.487,525.825,49.859,49.143,429,1,579,489,54.112,45.701,473,44.206
644,644,21.467,533.167,525.935,49.829,49.153,435,1,579,489,54.112,45.701,473,44.206
645,645,21.500,532.822,526.032,49.796,49.162,424,1,579,489,54.112,45.701,473,44.206
646,646,21.533,532.822,525.901,49.796,49.150,434,1,579,489,54.112,45.701,473,44.206
647,647,21.567,532.700,525.925,49.785,49.152,432,1,579,489,54.112,45.701,473,44.206
648,648,21.600,533.036,525.921,49.816,49.151,420,1,579,489,54.112,45.701,473,44.206
649,649,21.633,533.198,525.825,49.832,49.143,431,1,579,489,54.112,45.701,473,44.206
650,650,21.667,533.654,525.787,49.874,49.139,425,1,579,489,54.112,45.701,473,44.206
651,651,21.700,533.668,525.722,49.876,49.133,422,1,579,489,54.112,45.701,473,44.206
652,652,21.733,533.968,525.696,49.904,49.130,418,1,579,489,54.112,45.701,473,44.206
653,653,21.767,533.827,525.689,49.890,49.130,422,1,579,489,54.112,45.701,473,44.206
654,654,21.800,533.890,525.668,49.896,49.128,421,1,579,489,54.112,45.701,473,44.206
655,655,21.833,533.685,525.732,49.877,49.134,434,1,579,489,54.112,45.701,473,44.206
656,656,21.867,533.361,525.812,49.847,49.141,442,1,579,489,54.112,45.701,473,44.206
657,657,21.900,532.248,525.926,49.743,49.152,443,1,579,489,54.112,45.701,473,44.206
658,658,21.933,531.935,525.920,49.714,49.151,442,1,579,489,54.112,45.701,473,44.206
659,659,21.967,531.411,526.015,49.665,49.160,456,1,579,489,54.112,45.701,473,44.206
660,660,22.000,531.106,526.032,49.636,49.162,450,1,579,489,54.112,45.701,473,44.206
661,661,22.033,530.030,526.100,49.536,49.168,445,1,579,489,54.112,45.701,473,44.206
662,662,22.067,528.939,526.151,49.434,49.173,460,1,579,489,54.112,45.701,473,44.206
663,663,22.100,528.880,526.274,49.428,49.185,466,1,579,489,54.112,45.701,473,44.206
664,664,22.133,528.313,526.384,49.375,49.195,471,1,579,489,54.112,45.701,473,44.206
665,665,22.167,527.960,526.426,49.342,49.199,471,1,579,489,54.112,45.701,473,44.206
666,666,22.200,527.390,526.499,49.289,49.206,472,1,579,489,54.112,45.701,473,44.206
667,667,22.233,526.439,526.529,49.200,49.208,478,1,579,489,54.112,45.701,473,44.206
668,668,22.267,525.798,526.572,49.140,49.212,482,1,579,489,54.112,45.701,473,44.206
669,669,22.300,524.741,526.605,49.041,49.215,464,1,579,489,54.112,45.701,473,44.206
670,670,22.333,524.221,526.694,48.993,49.224,453,1,579,489,54.112,45.701,473,44.206
671,671,22.367,523.795,526.716,48.953,49.226,444,1,579,489,54.112,45.701,473,44.206
672,672,22.400,523.449,526.781,48.920,49.232,437,1,579,489,54.112,45.701,473,44.206
673,673,22.433,523.053,526.754,48.883,49.229,430,1,579,489,54.112,45.701,473,44.206
674,674,22.467,522.867,526.756,48.866,49.230,427,1,579,489,54.112,45.701,473,44.206
675,675,22.500,522.988,526.600,48.877,49.215,432,1,579,489,54.112,45.701,473,44.206
676,676,22.533,523.647,526.507,48.939,49.206,435,1,579,489,54.112,45.701,473,44.206
677,677,22.567,523.707,526.542,48.945,49.210,437,1,579,489,54.112,45.701,473,44.206
678,678,22.600,523.805,526.562,48.954,49.211,433,1,579,489,54.112,45.701,473,44.206
679,679,22.633,523.628,526.595,48.937,49.214,439,1,579,489,54.112,45.701,473,44.206
680,680,22.667,523.866,526.508,48.959,49.206,436,1,579,489,54.112,45.701,473,44.206
681,681,22.700,523.805,526.558,48.954,49.211,434,1,579,489,54.112,45.701,473,44.206
682,682,22.733,523.879,526.623,48.961,49.217,443,1,579,489,54.112,45.701,473,44.206
683,683,22.767,523.953,526.580,48.968,49.213,436,1,579,489,54.112,45.701,473,44.206
684,684,22.800,523.825,526.619,48.956,49.217,439,1,579,489,54.112,45.701,473,44.206
685,685,22.833,523.888,526.558,48.962,49.211,436,1,579,489,54.112,45.701,473,44.206
686,686,22.867,523.872,526.572,48.960,49.212,436,1,579,489,54.112,45.701,473,44.206
687,687,22.900,523.577,526.579,48.932,49.213,440,1,579,489,54.112,45.701,473,44.206
688,688,22.933,523.525,526.601,48.928,49.215,437,1,579,489,54.112,45.701,473,44.206
689,689,22.967,523.452,526.635,48.921,49.218,444,1,579,489,54.112,45.701,473,44.206
690,690,23.000,523.188,526.658,48.896,49.220,444,1,579,489,54.112,45.701,473,44.206
691,691,23.033,522.097,526.852,48.794,49.238,469,1,579,489,54.112,45.701,473,44.206
692,692,23.067,522.081,526.844,48.793,49.238,470,1,579,489,54.112,45.701,473,44.206
693,693,23.100,521.826,526.894,48.769,49.242,473,1,579,489,54.112,45.701,473,44.206
694,694,23.133,521.547,526.958,48.743,49.248,475,1,579,489,54.112,45.701,473,44.206
695,695,23.167,521.102,527.063,48.701,49.258,480,1,579,489,54.112,45.701,473,44.206
696,696,23.200,520.958,527.033,48.688,49.255,479,1,579,489,54.112,45.701,473,44.206
697,697,23.233,520.140,527.158,48.611,49.267,486,1,579,489,54.112,45.701,473,44.206
698,698,23.267,519.953,527.223,48.594,49.273,481,1,579,489,54.112,45.701,473,44.206
699,699,23.300,519.083,527.349,48.512,49.285,488,1,579,489,54.112,45.701,473,44.206
700,700,23.333,518.555,527.397,48.463,49.289,487,1,579,489,54.112,45.701,473,44.206
701,701,23.367,518.151,527.464,48.425,49.296,488,1,579,489,54.112,45.701,473,44.206
702,702,23.400,517.705,527.433,48.384,49.293,490,1,579,489,54.112,45.701,473,44.206
703,703,23.433,517.237,527.462,48.340,49.296,485,1,579,489,54.112,45.701,473,44.206
704,704,23.467,516.944,527.506,48.312,49.300,478,1,579,489,54.112,45.701,473,44.206
705,705,23.500,516.315,527.610,48.254,49.309,474,1,579,489,54.112,45.701,473,44.206
706,706,23.533,515.853,527.656,48.211,49.314,462,1,579,489,54.112,45.701,473,44.206
707,707,23.567,515.620,527.639,48.189,49.312,460,1,579,489,54.112,45.701,473,44.206
708,708,23.600,514.962,527.727,48.127,49.320,447,1,579,489,54.112,45.701,473,44.206
709,709,23.633,514.480,527.870,48.082,49.334,435,1,579,489,54.112,45.701,473,44.206
710,710,23.667,514.313,527.822,48.067,49.329,429,1,579,489,54.112,45.701,473,44.206
711,711,23.700,514.049,527.737,48.042,49.321,439,1,579,489,54.112,45.701,473,44.206
712,712,23.733,514.471,527.589,48.081,49.307,427,1,579,489,54.112,45.701,473,44.206
713,713,23.767,514.696,527.545,48.102,49.303,426,1,579,489,54.112,45.701,473,44.206
714,714,23.800,514.777,527.614,48.110,49.310,436,1,579,489,54.112,45.701,473,44.206
715,715,23.833,514.848,527.600,48.117,49.308,428,1,579,489,54.112,45.701,473,44.206
716,716,23.867,515.028,527.709,48.133,49.319,429,1,579,489,54.112,45.701,473,44.206
717,717,23.900,515.084,527.652,48.139,49.313,429,1,579,489,54.112,45.701,473,44.206
718,718,23.933,514.909,527.696,48.122,49.317,430,1,579,489,54.112,45.701,473,44.206
719,719,23.967,514.691,527.718,48.102,49.319,434,1,579,489,54.112,45.701,473,44.206
720,720,24.000,514.423,527.738,48.077,49.321,433,1,579,489,54.112,45.701,473,44.206
721,721,24.033,513.421,527.971,47.983,49.343,447,1,579,489,54.112,45.701,473,44.206
722,722,24.067,512.884,527.932,47.933,49.339,459,1,579,489,54.112,45.701,473,44.206
723,723,24.100,512.555,527.928,47.902,49.339,460,1,579,489,54.112,45.701,473,44.206
724,724,24.133,512.341,527.965,47.882,49.342,466,1,579,489,54.112,45.701,473,44.206
725,725,24.167,512.037,527.999,47.854,49.346,473,1,579,489,54.112,45.701,473,44.206
726,726,24.200,511.820,528.016,47.834,49.347,476,1,579,489,54.112,45.701,473,44.206
727,727,24.233,511.797,528.010,47.832,49.347,477,1,579,489,54.112,45.701,473,44.206
728,728,24.267,511.202,528.040,47.776,49.350,480,1,579,489,54.112,45.701,473,44.206
729,729,24.300,510.898,528.036,47.747,49.349,489,1,579,489,54.112,45.701,473,44.206
730,730,24.333,510.741,528.031,47.733,49.349,485,1,579,489,54.112,45.701,473,44.206
731,731,24.367,510.164,528.117,47.679,49.357,493,1,579,489,54.112,45.701,473,44.206
732,732,24.400,509.964,528.125,47.660,49.357,494,1,579,489,54.112,45.701,473,44.206
733,733,24.433,509.675,528.131,47.633,49.358,493,1,579,489,54.112,45.701,473,44.206
734,734,24.467,509.213,528.135,47.590,49.358,493,1,579,489,54.112,45.701,473,44.206
735,735,24.500,509.067,528.157,47.576,49.361,496,1,579,489,54.112,45.701,473,44.206
736,736,24.533,509.011,528.060,47.571,49.351,503,1,579,489,54.112,45.701,473,44.206
737,737,24.567,508.894,528.096,47.560,49.355,500,1,579,489,54.112,45.701,473,44.206
738,738,24.600,508.603,528.198,47.533,49.364,495,1,579,489,54.112,45.701,473,44.206
739,739,24.633,508.164,528.259,47.492,49.370,494,1,579,489,54.112,45.701,473,44.206
740,740,24.667,507.376,528.346,47.418,49.378,497,1,579,489,54.112,45.701,473,44.206
741,741,24.700,506.782,528.379,47.363,49.381,489,1,579,489,54.112,45.701,473,44.206
742,742,24.733,506.286,528.481,47.316,49.391,475,1,579,489,54.112,45.701,473,44.206
743,743,24.767,505.695,528.512,47.261,49.394,461,1,579,489,54.112,45.701,473,44.206
744,744,24.800,505.216,528.594,47.216,49.401,455,1,579,489,54.112,45.701,473,44.206
745,745,24.833,504.909,528.677,47.188,49.409,443,1,579,489,54.112,45.701,473,44.206
746,746,24.867,504.645,528.734,47.163,49.414,444,1,579,489,54.112,45.701,473,44.206
747,747,24.900,504.731,528.713,47.171,49.412,442,1,579,489,54.112,45.701,473,44.206
748,748,24.933,504.757,528.587,47.174,49.401,433,1,579,489,54.112,45.701,473,44.206
749,749,24.967,505.180,528.673,47.213,49.409,436,1,579,489,54.112,45.701,473,44.206
750,750,25.000,505.340,528.649,47.228,49.406,440,1,579,489,54.112,45.701,473,44.206
751,751,25.033,505.759,528.549,47.267,49.397,439,1,579,489,54.112,45.701,473,44.206
752,752,25.067,505.757,528.674,47.267,49.409,443,1,579,489,54.112,45.701,473,44.206
753,753,25.100,505.883,528.676,47.279,49.409,442,1,579,489,54.112,45.701,473,44.206
754,754,25.133,505.904,528.679,47.281,49.409,442,1,579,489,54.112,45.701,473,44.206
755,755,25.167,505.809,528.668,47.272,49.408,438,1,579,489,54.112,45.701,473,44.206
756,756,25.200,505.507,528.762,47.244,49.417,442,1,579,489,54.112,45.701,473,44.206
757,757,25.233,505.297,528.722,47.224,49.413,451,1,579,489,54.112,45.701,473,44.206
758,758,25.267,505.042,528.713,47.200,49.412,452,1,579,489,54.112,45.701,473,44.206
759,759,25.300,504.945,528.758,47.191,49.417,457,1,579,489,54.112,45.701,473,44.206
760,760,25.333,504.747,528.750,47.173,49.416,454,1,579,489,54.112,45.701,473,44.206
761,761,25.367,504.428,528.769,47.143,49.418,459,1,579,489,54.112,45.701,473,44.206
762,762,25.400,504.270,528.728,47.128,49.414,471,1,579,489,54.112,45.701,473,44.206
763,763,25.433,504.081,528.747,47.110,49.416,468,1,579,489,54.112,45.701,473,44.206
764,764,25.467,503.503,528.780,47.056,49.419,468,1,579,489,54.112,45.701,473,44.206
765,765,25.500,503.533,528.807,47.059,49.421,468,1,579,489,54.112,45.701,473,44.206
766,766,25.533,503.778,528.799,47.082,49.420,473,1,579,489,54.112,45.701,473,44.206
767,767,25.567,503.363,528.879,47.043,49.428,467,1,579,489,54.112,45.701,473,44.206
768,768,25.600,503.108,528.943,47.019,49.434,474,1,579,489,54.112,45.701,473,44.206
769,769,25.633,502.892,528.927,46.999,49.432,478,1,579,489,54.112,45.701,473,44.206
770,770,25.667,502.813,528.997,46.992,49.439,476,1,579,489,54.112,45.701,473,44.206
771,771,25.700,502.370,529.118,46.950,49.450,484,1,579,489,54.112,45.701,473,44.206
772,772,25.733,502.037,529.187,46.919,49.457,477,1,579,489,54.112,45.701,473,44.206
773,773,25.767,502.051,529.196,46.921,49.458,481,1,579,489,54.112,45.701,473,44.206
774,774,25.800,502.096,529.335,46.925,49.471,484,1,579,489,54.112,45.701,473,44.206
775,775,25.833,501.982,529.393,46.914,49.476,486,1,579,489,54.112,45.701,473,44.206
776,776,25.867,501.640,529.384,46.882,49.475,478,1,579,489,54.112,45.701,473,44.206
777,777,25.900,501.746,529.364,46.892,49.473,483,1,579,489,54.112,45.701,473,44.206
778,778,25.933,501.617,529.424,46.880,49.479,482,1,579,489,54.112,45.701,473,44.206
779,779,25.967,501.381,529.462,46.858,49.482,483,1,579,489,54.112,45.701,473,44.206
780,780,26.000,501.059,529.516,46.828,49.487,486,1,579,489,54.112,45.701,473,44.206
781,781,26.033,500.429,529.696,46.769,49.504,486,1,579,489,54.112,45.701,473,44.206
782,782,26.067,499.981,529.810,46.727,49.515,479,1,579,489,54.112,45.701,473,44.206
783,783,26.100,499.319,529.965,46.665,49.529,471,1,579,489,54.112,45.701,473,44.206
784,784,26.133,498.649,530.108,46.603,49.543,474,1,579,489,54.112,45.701,473,44.206
785,785,26.167,498.241,530.135,46.565,49.545,461,1,579,489,54.112,45.701,473,44.206
786,786,26.200,497.758,530.193,46.519,49.551,460,1,579,489,54.112,45.701,473,44.206
787,787,26.233,497.149,530.297,46.463,49.560,457,1,579,489,54.112,45.701,473,44.206
788,788,26.267,496.695,530.366,46.420,49.567,458,1,579,489,54.112,45.701,473,44.206
789,789,26.300,496.324,530.473,46.385,49.577,452,1,579,489,54.112,45.701,473,44.206
790,790,26.333,496.266,530.460,46.380,49.576,443,1,579,489,54.112,45.701,473,44.206
791,791,26.367,496.043,530.432,46.359,49.573,448,1,579,489,54.112,45.701,473,44.206
792,792,26.400,496.248,530.437,46.378,49.574,441,1,579,489,54.112,45.701,473,44.206
793,793,26.433,496.486,530.408,46.401,49.571,446,1,579,489,54.112,45.701,473,44.206
794,794,26.467,496.763,530.345,46.426,49.565,447,1,579,489,54.112,45.701,473,44.206
795,795,26.500,496.880,530.380,46.437,49.568,448,1,579,489,54.112,45.701,473,44.206
796,796,26.533,497.047,530.124,46.453,49.544,431,1,579,489,54.112,45.701,473,44.206
797,797,26.567,497.142,530.198,46.462,49.551,445,1,579,489,54.112,45.701,473,44.206
798,798,26.600,497.596,530.072,46.504,49.539,436,1,579,489,54.112,45.701,473,44.206
799,799,26.633,498.043,529.919,46.546,49.525,435,1,579,489,54.112,45.701,473,44.206
800,800,26.667,497.818,529.965,46.525,49.529,444,1,579,489,54.112,45.701,473,44.206
801,801,26.700,497.686,529.893,46.513,49.523,448,1,579,489,54.112,45.701,473,44.206
802,802,26.733,497.594,529.862,46.504,49.520,448,1,579,489,54.112,45.701,473,44.206
803,803,26.767,497.167,529.865,46.464,49.520,452,1,579,489,54.112,45.701,473,44.206
804,804,26.800,496.945,529.962,46.443,49.529,457,1,579,489,54.112,45.701,473,44.206
805,805,26.833,496.271,530.108,46.380,49.543,456,1,579,489,54.112,45.701,473,44.206
806,806,26.867,496.061,530.109,46.361,49.543,468,1,579,489,54.112,45.701,473,44.206
807,807,26.900,495.690,530.317,46.326,49.562,468,1,579,489,54.112,45.701,473,44.206
808,808,26.933,495.128,530.405,46.274,49.571,490,1,579,489,54.112,45.701,473,44.206
809,809,26.967,494.469,530.527,46.212,49.582,497,1,579,489,54.112,45.701,473,44.206
810,810,27.000,494.112,530.604,46.179,49.589,492,1,579,489,54.112,45.701,473,44.206
811,811,27.033,493.807,530.747,46.150,49.603,490,1,579,489,54.112,45.701,473,44.206
812,812,27.067,493.721,530.755,46.142,49.603,487,1,579,489,54.112,45.701,473,44.206
813,813,27.100,493.628,530.691,46.133,49.597,494,1,579,489,54.112,45.701,473,44.206
814,814,27.133,493.064,530.828,46.081,49.610,501,1,579,489,54.112,45.701,473,44.206
815,815,27.167,492.847,530.866,46.061,49.614,503,1,579,489,54.112,45.701,473,44.206
816,816,27.200,492.356,530.955,46.015,49.622,510,1,579,489,54.112,45.701,473,44.206
817,817,27.233,492.041,531.011,45.985,49.627,514,1,579,489,54.112,45.701,473,44.206
818,818,27.267,491.810,531.051,45.964,49.631,506,1,579,489,54.112,45.701,473,44.206
819,819,27.300,491.715,531.199,45.955,49.645,506,1,579,489,54.112,45.701,473,44.206
820,820,27.333,491.174,531.246,45.904,49.649,495,1,579,489,54.112,45.701,473,44.206
821,821,27.367,490.677,531.354,45.858,49.659,487,1,579,489,54.112,45.701,473,44.206
822,822,27.400,489.769,531.610,45.773,49.683,485,1,579,489,54.112,45.701,473,44.206
823,823,27.433,489.280,531.745,45.727,49.696,469,1,579,489,54.112,45.701,473,44.206
824,824,27.467,488.854,531.715,45.687,49.693,449,1,579,489,54.112,45.701,473,44.206
825,825,27.500,488.267,531.794,45.632,49.700,439,1,579,489,54.112,45.701,473,44.206
826,826,27.533,488.318,531.835,45.637,49.704,435,1,579,489,54.112,45.701,473,44.206
827,827,27.567,488.148,531.823,45.621,49.703,438,1,579,489,54.112,45.701,473,44.206
828,828,27.600,487.980,531.795,45.606,49.701,433,1,579,489,54.112,45.701,473,44.206
829,829,27.633,487.951,531.849,45.603,49.706,443,1,579,489,54.112,45.701,473,44.206
830,830,27.667,488.044,531.819,45.612,49.703,438,1,579,489,54.112,45.701,473,44.206
831,831,27.700,488.756,531.689,45.678,49.691,437,1,579,489,54.112,45.701,473,44.206
832,832,27.733,488.653,531.767,45.669,49.698,444,1,579,489,54.112,45.701,473,44.206
833,833,27.767,488.619,531.736,45.665,49.695,442,1,579,489,54.112,45.701,473,44.206
834,834,27.800,488.674,531.761,45.671,49.697,449,1,579,489,54.112,45.701,473,44.206
835,835,27.833,488.888,531.677,45.691,49.689,432,1,579,489,54.112,45.701,473,44.206
836,836,27.867,488.899,531.703,45.691,49.692,435,1,579,489,54.112,45.701,473,44.206
837,837,27.900,488.754,531.831,45.678,49.704,440,1,579,489,54.112,45.701,473,44.206
838,838,27.933,488.747,531.915,45.677,49.712,446,1,579,489,54.112,45.701,473,44.206
839,839,27.967,488.553,532.020,45.659,49.721,448,1,579,489,54.112,45.701,473,44.206
840,840,28.000,487.755,532.098,45.585,49.729,454,1,579,489,54.112,45.701,473,44.206
841,841,28.033,486.648,532.591,45.481,49.775,472,1,579,489,54.112,45.701,473,44.206
842,842,28.067,486.660,532.515,45.482,49.768,478,1,579,489,54.112,45.701,473,44.206
843,843,28.100,486.443,532.564,45.462,49.772,490,1,579,489,54.112,45.701,473,44.206
844,844,28.133,486.355,532.616,45.454,49.777,497,1,579,489,54.112,45.701,473,44.206
845,845,28.167,485.536,532.715,45.377,49.786,488,1,579,489,54.112,45.701,473,44.206
846,846,28.200,485.525,532.805,45.376,49.795,493,1,579,489,54.112,45.701,473,44.206
847,847,28.233,485.552,532.807,45.379,49.795,493,1,579,489,54.112,45.701,473,44.206
848,848,28.267,485.417,532.781,45.366,49.793,496,1,579,489,54.112,45.701,473,44.206
849,849,28.300,485.150,532.874,45.341,49.801,499,1,579,489,54.112,45.701,473,44.206
850,850,28.333,485.000,532.904,45.327,49.804,497,1,579,489,54.112,45.701,473,44.206
851,851,28.367,484.944,532.907,45.322,49.804,502,1,579,489,54.112,45.701,473,44.206
852,852,28.400,484.684,532.966,45.298,49.810,495,1,579,489,54.112,45.701,473,44.206
853,853,28.433,484.495,533.043,45.280,49.817,499,1,579,489,54.112,45.701,473,44.206
854,854,28.467,484.443,533.059,45.275,49.819,498,1,579,489,54.112,45.701,473,44.206
855,855,28.500,484.480,533.085,45.278,49.821,504,1,579,489,54.112,45.701,473,44.206
856,856,28.533,484.463,533.099,45.277,49.822,504,1,579,489,54.112,45.701,473,44.206
857,857,28.567,484.459,533.117,45.277,49.824,503,1,579,489,54.112,45.701,473,44.206
858,858,28.600,484.542,533.144,45.284,49.827,500,1,579,489,54.112,45.701,473,44.206
859,859,28.633,484.560,533.130,45.286,49.825,502,1,579,489,54.112,45.701,473,44.206
860,860,28.667,484.509,533.125,45.281,49.825,502,1,579,489,54.112,45.701,473,44.206
861,861,28.700,484.510,533.125,45.281,49.825,502,1,579,489,54.112,45.701,473,44.206
862,862,28.733,484.542,533.166,45.284,49.829,504,1,579,489,54.112,45.701,473,44.206
863,863,28.767,484.668,533.065,45.296,49.819,497,1,579,489,54.112,45.701,473,44.206
864,864,28.800,484.703,533.038,45.299,49.817,494,1,579,489,54.112,45.701,473,44.206
865,865,28.833,485.058,532.875,45.333,49.801,487,1,579,489,54.112,45.701,473,44.206
866,866,28.867,485.165,532.830,45.342,49.797,485,1,579,489,54.112,45.701,473,44.206
867,867,28.900,485.510,532.694,45.375,49.784,479,1,579,489,54.112,45.701,473,44.206
868,868,28.933,485.911,532.674,45.412,49.783,476,1,579,489,54.112,45.701,473,44.206
869,869,28.967,486.079,532.660,45.428,49.781,470,1,579,489,54.112,45.701,473,44.206
870,870,29.000,486.438,532.550,45.461,49.771,465,1,579,489,54.112,45.701,473,44.206
871,871,29.033,486.730,532.448,45.489,49.761,459,1,579,489,54.112,45.701,473,44.206
872,872,29.067,486.977,532.331,45.512,49.751,446,1,579,489,54.112,45.701,473,44.206
873,873,29.100,487.108,532.343,45.524,49.752,451,1,579,489,54.112,45.701,473,44.206
874,874,29.133,487.136,532.413,45.527,49.758,450,1,579,489,54.112,45.701,473,44.206
875,875,29.167,487.067,532.414,45.520,49.758,449,1,579,489,54.112,45.701,473,44.206
876,876,29.200,487.012,532.359,45.515,49.753,450,1,579,489,54.112,45.701,473,44.206
877,877,29.233,487.023,532.326,45.516,49.750,452,1,579,489,54.112,45.701,473,44.206
878,878,29.267,487.163,532.341,45.529,49.751,451,1,579,489,54.112,45.701,473,44.206
879,879,29.300,487.190,532.266,45.532,49.744,449,1,579,489,54.112,45.701,473,44.206
880,880,29.333,487.092,532.248,45.523,49.743,452,1,579,489,54.112,45.701,473,44.206
881,881,29.367,486.984,532.188,45.513,49.737,451,1,579,489,54.112,45.701,473,44.206
882,882,29.400,486.795,532.144,45.495,49.733,447,1,579,489,54.112,45.701,473,44.206
883,883,29.433,486.805,532.121,45.496,49.731,461,1,579,489,54.112,45.701,473,44.206
884,884,29.467,486.700,532.075,45.486,49.727,461,1,579,489,54.112,45.701,473,44.206
885,885,29.500,486.609,532.054,45.477,49.725,462,1,579,489,54.112,45.701,473,44.206
886,886,29.533,486.488,532.007,45.466,49.720,472,1,579,489,54.112,45.701,473,44.206
887,887,29.567,486.601,531.976,45.477,49.717,469,1,579,489,54.112,45.701,473,44.206
888,888,29.600,486.668,531.964,45.483,49.716,471,1,579,489,54.112,45.701,473,44.206
889,889,29.633,486.643,531.943,45.481,49.714,474,1,579,489,54.112,45.701,473,44.206
890,890,29.667,486.458,531.938,45.463,49.714,475,1,579,489,54.112,45.701,473,44.206
891,891,29.700,486.253,531.998,45.444,49.719,477,1,579,489,54.112,45.701,473,44.206
892,892,29.733,486.234,531.961,45.442,49.716,470,1,579,489,54.112,45.701,473,44.206
893,893,29.767,486.052,531.974,45.425,49.717,472,1,579,489,54.112,45.701,473,44.206
894,894,29.800,486.106,531.999,45.430,49.720,471,1,579,489,54.112,45.701,473,44.206
895,895,29.833,485.957,531.991,45.417,49.719,473,1,579,489,54.112,45.701,473,44.206
896,896,29.867,486.052,531.964,45.425,49.716,477,1,579,489,54.112,45.701,473,44.206
897,897,29.900,485.830,531.990,45.405,49.719,479,1,579,489,54.112,45.701,473,44.206
898,898,29.933,485.340,531.999,45.359,49.720,471,1,579,489,54.112,45.701,473,44.206
899,899,29.967,485.330,532.019,45.358,49.721,468,1,579,489,54.112,45.701,473,44.206
900,900,30.000,484.768,532.061,45.305,49.725,474,1,579,489,54.112,45.701,473,44.206
901,901,30.033,484.024,532.127,45.236,49.732,481,1,579,489,54.112,45.701,473,44.206
902,902,30.067,484.112,532.074,45.244,49.727,463,1,579,489,54.112,45.701,473,44.206
903,903,30.100,483.748,532.113,45.210,49.730,458,1,579,489,54.112,45.701,473,44.206
904,904,30.133,482.899,532.218,45.131,49.740,455,1,579,489,54.112,45.701,473,44.206
905,905,30.167,482.422,532.355,45.086,49.753,439,1,579,489,54.112,45.701,473,44.206
906,906,30.200,481.971,532.348,45.044,49.752,442,1,579,489,54.112,45.701,473,44.206
907,907,30.233,481.686,532.441,45.017,49.761,432,1,579,489,54.112,45.701,473,44.206
908,908,30.267,481.430,532.478,44.993,49.764,427,1,579,489,54.112,45.701,473,44.206
909,909,30.300,481.224,532.537,44.974,49.770,424,1,579,489,54.112,45.701,473,44.206
910,910,30.333,481.048,532.547,44.958,49.771,421,1,579,489,54.112,45.701,473,44.206
911,911,30.367,481.049,532.553,44.958,49.771,419,1,579,489,54.112,45.701,473,44.206
912,912,30.400,480.844,532.562,44.939,49.772,427,1,579,489,54.112,45.701,473,44.206
913,913,30.433,481.017,532.552,44.955,49.771,432,1,579,489,54.112,45.701,473,44.206
914,914,30.467,481.218,532.559,44.974,49.772,426,1,579,489,54.112,45.701,473,44.206
915,915,30.500,481.215,532.582,44.973,49.774,427,1,579,489,54.112,45.701,473,44.206
916,916,30.533,481.660,532.512,45.015,49.767,435,1,579,489,54.112,45.701,473,44.206
917,917,30.567,481.871,532.544,45.035,49.770,431,1,579,489,54.112,45.701,473,44.206
918,918,30.600,481.772,532.605,45.025,49.776,429,1,579,489,54.112,45.701,473,44.206
919,919,30.633,481.566,532.592,45.006,49.775,438,1,579,489,54.112,45.701,473,44.206
920,920,30.667,481.519,532.614,45.002,49.777,437,1,579,489,54.112,45.701,473,44.206
921,921,30.700,481.130,532.674,44.965,49.783,440,1,579,489,54.112,45.701,473,44.206
922,922,30.733,481.253,532.573,44.977,49.773,443,1,579,489,54.112,45.701,473,44.206
923,923,30.767,480.514,532.664,44.908,49.782,454,1,579,489,54.112,45.701,473,44.206
924,924,30.800,480.276,532.663,44.886,49.782,459,1,579,489,54.112,45.701,473,44.206
925,925,30.833,480.268,532.610,44.885,49.777,456,1,579,489,54.112,45.701,473,44.206
926,926,30.867,479.821,532.627,44.843,49.778,466,1,579,489,54.112,45.701,473,44.206
927,927,30.900,479.758,532.644,44.837,49.780,469,1,579,489,54.112,45.701,473,44.206
928,928,30.933,479.621,532.675,44.824,49.783,481,1,579,489,54.112,45.701,473,44.206
929,929,30.967,479.607,532.649,44.823,49.780,486,1,579,489,54.112,45.701,473,44.206
930,930,31.000,479.477,532.566,44.811,49.773,480,1,579,489,54.112,45.701,473,44.206
931,931,31.033,479.205,532.549,44.785,49.771,491,1,579,489,54.112,45.701,473,44.206
932,932,31.067,479.277,532.528,44.792,49.769,491,1,579,489,54.112,45.701,473,44.206
933,933,31.100,479.363,532.464,44.800,49.763,489,1,579,489,54.112,45.701,473,44.206
934,934,31.133,479.335,532.468,44.798,49.763,488,1,579,489,54.112,45.701,473,44.206
935,935,31.167,479.425,532.449,44.806,49.762,491,1,579,489,54.112,45.701,473,44.206
936,936,31.200,479.316,532.442,44.796,49.761,491,1,579,489,54.112,45.701,473,44.206
937,937,31.233,479.256,532.426,44.790,49.759,491,1,579,489,54.112,45.701,473,44.206
938,938,31.267,479.270,532.420,44.792,49.759,490,1,579,489,54.112,45.701,473,44.206
939,939,31.300,479.247,532.447,44.789,49.761,492,1,579,489,54.112,45.701,473,44.206
940,940,31.333,479.106,532.405,44.776,49.758,494,1,579,489,54.112,45.701,473,44.206
941,941,31.367,478.964,532.400,44.763,49.757,490,1,579,489,54.112,45.701,473,44.206
942,942,31.400,478.950,532.404,44.762,49.757,491,1,579,489,54.112,45.701,473,44.206
943,943,31.433,478.928,532.369,44.760,49.754,489,1,579,489,54.112,45.701,473,44.206
944,944,31.467,478.642,532.347,44.733,49.752,492,1,579,489,54.112,45.701,473,44.206
945,945,31.500,479.043,532.359,44.770,49.753,481,1,579,489,54.112,45.701,473,44.206
946,946,31.533,478.862,532.457,44.754,49.762,499,1,579,489,54.112,45.701,473,44.206
947,947,31.567,479.243,532.506,44.789,49.767,490,1,579,489,54.112,45.701,473,44.206
948,948,31.600,479.688,532.442,44.831,49.761,475,1,579,489,54.112,45.701,473,44.206
949,949,31.633,479.496,532.525,44.813,49.769,478,1,579,489,54.112,45.701,473,44.206
950,950,31.667,479.665,532.586,44.829,49.774,473,1,579,489,54.112,45.701,473,44.206
951,951,31.700,479.987,532.560,44.859,49.772,463,1,579,489,54.112,45.701,473,44.206
952,952,31.733,479.842,532.628,44.845,49.778,463,1,579,489,54.112,45.701,473,44.206
953,953,31.767,479.834,532.631,44.844,49.779,464,1,579,489,54.112,45.701,473,44.206
954,954,31.800,479.959,532.615,44.856,49.777,463,1,579,489,54.112,45.701,473,44.206
955,955,31.833,479.845,532.605,44.845,49.776,464,1,579,489,54.112,45.701,473,44.206
956,956,31.867,480.135,532.614,44.872,49.777,467,1,579,489,54.112,45.701,473,44.206
957,957,31.900,479.875,532.654,44.848,49.781,466,1,579,489,54.112,45.701,473,44.206
958,958,31.933,479.803,532.668,44.841,49.782,467,1,579,489,54.112,45.701,473,44.206
959,959,31.967,479.860,532.674,44.847,49.783,466,1,579,489,54.112,45.701,473,44.206
960,960,32.000,479.664,532.677,44.828,49.783,467,1,579,489,54.112,45.701,473,44.206
961,961,32.033,479.012,532.777,44.767,49.792,469,1,579,489,54.112,45.701,473,44.206
962,962,32.067,479.207,532.814,44.786,49.796,479,1,579,489,54.112,45.701,473,44.206
963,963,32.100,479.109,532.950,44.776,49.808,494,1,579,489,54.112,45.701,473,44.206
964,964,32.133,478.914,532.997,44.758,49.813,497,1,579,489,54.112,45.701,473,44.206
965,965,32.167,478.816,533.024,44.749,49.815,496,1,579,489,54.112,45.701,473,44.206
966,966,32.200,478.941,532.915,44.761,49.805,486,1,579,489,54.112,45.701,473,44.206
967,967,32.233,479.003,532.862,44.767,49.800,486,1,579,489,54.112,45.701,473,44.206
968,968,32.267,478.961,532.877,44.763,49.802,488,1,579,489,54.112,45.701,473,44.206
969,969,32.300,478.945,532.890,44.761,49.803,487,1,579,489,54.112,45.701,473,44.206
970,970,32.333,478.592,532.907,44.728,49.804,487,1,579,489,54.112,45.701,473,44.206
971,971,32.367,478.592,532.907,44.728,49.804,487,1,579,489,54.112,45.701,473,44.206
972,972,32.400,478.490,532.898,44.719,49.804,479,1,579,489,54.112,45.701,473,44.206
973,973,32.433,478.265,532.987,44.698,49.812,473,1,579,489,54.112,45.701,473,44.206
974,974,32.467,478.292,532.941,44.700,49.808,474,1,579,489,54.112,45.701,473,44.206
975,975,32.500,478.386,532.983,44.709,49.811,481,1,579,489,54.112,45.701,473,44.206
976,976,32.533,477.611,533.167,44.637,49.829,489,1,579,489,54.112,45.701,473,44.206
977,977,32.567,477.225,533.209,44.600,49.833,478,1,579,489,54.112,45.701,473,44.206
978,978,32.600,477.065,533.277,44.586,49.839,476,1,579,489,54.112,45.701,473,44.206
979,979,32.633,476.639,533.382,44.546,49.849,476,1,579,489,54.112,45.701,473,44.206
980,980,32.667,476.057,533.489,44.491,49.859,485,1,579,489,54.112,45.701,473,44.206
981,981,32.700,475.687,533.460,44.457,49.856,469,1,579,489,54.112,45.701,473,44.206
982,982,32.733,475.123,533.574,44.404,49.867,473,1,579,489,54.112,45.701,473,44.206
983,983,32.767,474.818,533.666,44.375,49.875,468,1,579,489,54.112,45.701,473,44.206
984,984,32.800,474.011,533.921,44.300,49.899,475,1,579,489,54.112,45.701,473,44.206
985,985,32.833,473.729,534.004,44.274,49.907,466,1,579,489,54.112,45.701,473,44.206
986,986,32.867,473.117,534.144,44.217,49.920,456,1,579,489,54.112,45.701,473,44.206
987,987,32.900,472.785,534.188,44.186,49.924,449,1,579,489,54.112,45.701,473,44.206
988,988,32.933,472.457,534.202,44.155,49.925,450,1,579,489,54.112,45.701,473,44.206
989,989,32.967,472.518,534.177,44.161,49.923,449,1,579,489,54.112,45.701,473,44.206
990,990,33.000,472.561,534.226,44.165,49.928,447,1,579,489,54.112,45.701,473,44.206
991,991,33.033,472.704,534.119,44.178,49.918,452,1,579,489,54.112,45.701,473,44.206
992,992,33.067,472.852,534.110,44.192,49.917,447,1,579,489,54.112,45.701,473,44.206
993,993,33.100,473.085,534.061,44.214,49.912,445,1,579,489,54.112,45.701,473,44.206
994,994,33.133,473.049,534.027,44.210,49.909,442,1,579,489,54.112,45.701,473,44.206
995,995,33.167,473.237,533.923,44.228,49.899,435,1,579,489,54.112,45.701,473,44.206
996,996,33.200,473.645,533.920,44.266,49.899,449,1,579,489,54.112,45.701,473,44.206
997,997,33.233,473.663,533.784,44.268,49.886,451,1,579,489,54.112,45.701,473,44.206
998,998,33.267,473.780,533.730,44.279,49.881,445,1,579,489,54.112,45.701,473,44.206
999,999,33.300,473.426,533.711,44.245,49.880,452,1,579,489,54.112,45.701,473,44.206
1000,1000,33.333,473.364,533.739,44.240,49.882,451,1,579,489,54.112,45.701,473,44.206
1001,1001,33.367,473.235,533.750,44.228,49.883,454,1,579,489,54.112,45.701,473,44.206
1002,1002,33.400,473.277,533.781,44.232,49.886,446,1,579,489,54.112,45.701,473,44.206
1003,1003,33.433,472.708,533.885,44.178,49.896,467,1,579,489,54.112,45.701,473,44.206
1004,1004,33.467,472.395,533.948,44.149,49.902,470,1,579,489,54.112,45.701,473,44.206
1005,1005,33.500,471.955,534.041,44.108,49.910,478,1,579,489,54.112,45.701,473,44.206
1006,1006,33.533,471.731,534.065,44.087,49.913,481,1,579,489,54.112,45.701,473,44.206
1007,1007,33.567,471.605,534.098,44.075,49.916,479,1,579,489,54.112,45.701,473,44.206
1008,1008,33.600,471.124,534.203,44.030,49.926,485,1,579,489,54.112,45.701,473,44.206
1009,1009,33.633,470.981,534.233,44.017,49.928,485,1,579,489,54.112,45.701,473,44.206
1010,1010,33.667,471.025,534.235,44.021,49.929,485,1,579,489,54.112,45.701,473,44.206
1011,1011,33.700,470.460,534.324,43.968,49.937,493,1,579,489,54.112,45.701,473,44.206
1012,1012,33.733,470.009,534.510,43.926,49.954,505,1,579,489,54.112,45.701,473,44.206
1013,1013,33.767,469.759,534.536,43.903,49.957,501,1,579,489,54.112,45.701,473,44.206
1014,1014,33.800,469.480,534.520,43.877,49.955,506,1,579,489,54.112,45.701,473,44.206
1015,1015,33.833,469.056,534.593,43.837,49.962,501,1,579,489,54.112,45.701,473,44.206
1016,1016,33.867,468.487,534.648,43.784,49.967,504,1,579,489,54.112,45.701,473,44.206
1017,1017,33.900,467.977,534.747,43.736,49.976,494,1,579,489,54.112,45.701,473,44.206
1018,1018,33.933,467.598,534.764,43.701,49.978,484,1,579,489,54.112,45.701,473,44.206
1019,1019,33.967,467.284,534.889,43.671,49.990,491,1,579,489,54.112,45.701,473,44.206
1020,1020,34.000,466.752,534.955,43.622,49.996,482,1,579,489,54.112,45.701,473,44.206
1021,1021,34.033,465.823,535.032,43.535,50.003,472,1,579,489,54.112,45.701,473,44.206
1022,1022,34.067,465.782,535.029,43.531,50.003,484,1,579,489,54.112,45.701,473,44.206
1023,1023,34.100,465.097,535.186,43.467,50.017,473,1,579,489,54.112,45.701,473,44.206
1024,1024,34.133,464.893,535.183,43.448,50.017,469,1,579,489,54.112,45.701,473,44.206
1025,1025,34.167,464.620,535.212,43.422,50.020,462,1,579,489,54.112,45.701,473,44.206
1026,1026,34.200,464.358,535.220,43.398,50.021,465,1,579,489,54.112,45.701,473,44.206
1027,1027,34.233,464.183,535.190,43.382,50.018,461,1,579,489,54.112,45.701,473,44.206
1028,1028,34.267,464.142,535.183,43.378,50.017,461,1,579,489,54.112,45.701,473,44.206
1029,1029,34.300,463.924,535.128,43.357,50.012,454,1,579,489,54.112,45.701,473,44.206
1030,1030,34.333,464.115,535.084,43.375,50.008,461,1,579,489,54.112,45.701,473,44.206
1031,1031,34.367,464.204,535.049,43.384,50.005,460,1,579,489,54.112,45.701,473,44.206
1032,1032,34.400,464.562,535.048,43.417,50.005,464,1,579,489,54.112,45.701,473,44.206
1033,1033,34.433,464.652,535.075,43.425,50.007,468,1,579,489,54.112,45.701,473,44.206
1034,1034,34.467,464.868,535.007,43.446,50.001,454,1,579,489,54.112,45.701,473,44.206
1035,1035,34.500,464.770,535.009,43.436,50.001,453,1,579,489,54.112,45.701,473,44.206
1036,1036,34.533,465.045,534.957,43.462,49.996,450,1,579,489,54.112,45.701,473,44.206
1037,1037,34.567,464.781,534.988,43.437,49.999,456,1,579,489,54.112,45.701,473,44.206
1038,1038,34.600,464.806,535.002,43.440,50.000,454,1,579,489,54.112,45.701,473,44.206
1039,1039,34.633,464.603,534.980,43.421,49.998,457,1,579,489,54.112,45.701,473,44.206
1040,1040,34.667,464.585,535.019,43.419,50.002,457,1,579,489,54.112,45.701,473,44.206
1041,1041,34.700,464.492,535.027,43.410,50.003,453,1,579,489,54.112,45.701,473,44.206
1042,1042,34.733,463.882,535.187,43.353,50.017,466,1,579,489,54.112,45.701,473,44.206
1043,1043,34.767,463.477,535.274,43.316,50.026,476,1,579,489,54.112,45.701,473,44.206
1044,1044,34.800,462.959,535.400,43.267,50.037,478,1,579,489,54.112,45.701,473,44.206
1045,1045,34.833,462.214,535.665,43.198,50.062,489,1,579,489,54.112,45.701,473,44.206
1046,1046,34.867,461.941,535.718,43.172,50.067,484,1,579,489,54.112,45.701,473,44.206
1047,1047,34.900,461.556,535.801,43.136,50.075,493,1,579,489,54.112,45.701,473,44.206
1048,1048,34.933,461.069,535.875,43.091,50.082,485,1,579,489,54.112,45.701,473,44.206
1049,1049,34.967,460.876,535.901,43.073,50.084,490,1,579,489,54.112,45.701,473,44.206
1050,1050,35.000,460.798,535.936,43.065,50.087,495,1,579,489,54.112,45.701,473,44.206
1051,1051,35.033,460.487,535.993,43.036,50.093,500,1,579,489,54.112,45.701,473,44.206
1052,1052,35.067,460.313,536.063,43.020,50.099,504,1,579,489,54.112,45.701,473,44.206
1053,1053,35.100,459.757,536.153,42.968,50.108,512,1,579,489,54.112,45.701,473,44.206
1054,1054,35.133,459.437,536.172,42.938,50.110,508,1,579,489,54.112,45.701,473,44.206
1055,1055,35.167,459.165,536.249,42.913,50.117,507,1,579,489,54.112,45.701,473,44.206
1056,1056,35.200,459.095,536.290,42.906,50.121,504,1,579,489,54.112,45.701,473,44.206
1057,1057,35.233,458.710,536.286,42.870,50.120,501,1,579,489,54.112,45.701,473,44.206
1058,1058,35.267,458.145,536.385,42.817,50.129,507,1,579,489,54.112,45.701,473,44.206
1059,1059,35.300,457.713,536.433,42.777,50.134,507,1,579,489,54.112,45.701,473,44.206
1060,1060,35.333,457.193,536.609,42.728,50.150,483,1,579,489,54.112,45.701,473,44.206
1061,1061,35.367,457.106,536.547,42.720,50.145,490,1,579,489,54.112,45.701,473,44.206
1062,1062,35.400,456.939,536.527,42.705,50.143,482,1,579,489,54.112,45.701,473,44.206
1063,1063,35.433,456.907,536.531,42.702,50.143,478,1,579,489,54.112,45.701,473,44.206
1064,1064,35.467,456.660,536.636,42.679,50.153,471,1,579,489,54.112,45.701,473,44.206
1065,1065,35.500,456.396,536.716,42.654,50.160,468,1,579,489,54.112,45.701,473,44.206
1066,1066,35.533,455.995,536.751,42.616,50.164,465,1,579,489,54.112,45.701,473,44.206
1067,1067,35.567,455.872,536.746,42.605,50.163,465,1,579,489,54.112,45.701,473,44.206
1068,1068,35.600,455.951,536.718,42.612,50.161,463,1,579,489,54.112,45.701,473,44.206
1069,1069,35.633,455.925,536.693,42.610,50.158,461,1,579,489,54.112,45.701,473,44.206
1070,1070,35.667,456.090,536.650,42.625,50.154,461,1,579,489,54.112,45.701,473,44.206
1071,1071,35.700,456.068,536.601,42.623,50.150,461,1,579,489,54.112,45.701,473,44.206
1072,1072,35.733,456.245,536.635,42.640,50.153,463,1,579,489,54.112,45.701,473,44.206
1073,1073,35.767,456.307,536.600,42.646,50.150,461,1,579,489,54.112,45.701,473,44.206
1074,1074,35.800,456.254,536.587,42.641,50.148,463,1,579,489,54.112,45.701,473,44.206
1075,1075,35.833,456.654,536.560,42.678,50.146,477,1,579,489,54.112,45.701,473,44.206
1076,1076,35.867,456.875,536.494,42.699,50.140,471,1,579,489,54.112,45.701,473,44.206
1077,1077,35.900,456.647,536.486,42.677,50.139,464,1,579,489,54.112,45.701,473,44.206
1078,1078,35.933,456.581,536.427,42.671,50.133,467,1,579,489,54.112,45.701,473,44.206
1079,1079,35.967,456.645,536.431,42.677,50.134,467,1,579,489,54.112,45.701,473,44.206
1080,1080,36.000,456.543,536.423,42.668,50.133,468,1,579,489,54.112,45.701,473,44.206
1081,1081,36.033,456.942,536.482,42.705,50.138,466,1,579,489,54.112,45.701,473,44.206
1082,1082,36.067,456.814,536.414,42.693,50.132,471,1,579,489,54.112,45.701,473,44.206
1083,1083,36.100,456.377,536.472,42.652,50.138,463,1,579,489,54.112,45.701,473,44.206
1084,1084,36.133,455.585,536.638,42.578,50.153,483,1,579,489,54.112,45.701,473,44.206
1085,1085,36.167,455.376,536.707,42.558,50.160,487,1,579,489,54.112,45.701,473,44.206
1086,1086,36.200,455.118,536.776,42.534,50.166,492,1,579,489,54.112,45.701,473,44.206
1087,1087,36.233,454.833,536.786,42.508,50.167,493,1,579,489,54.112,45.701,473,44.206
1088,1088,36.267,454.728,536.817,42.498,50.170,493,1,579,489,54.112,45.701,473,44.206
1089,1089,36.300,454.614,536.844,42.487,50.172,493,1,579,489,54.112,45.701,473,44.206
1090,1090,36.333,454.588,536.855,42.485,50.173,493,1,579,489,54.112,45.701,473,44.206
1091,1091,36.367,454.479,536.846,42.475,50.172,496,1,579,489,54.112,45.701,473,44.206
1092,1092,36.400,454.552,536.828,42.481,50.171,496,1,579,489,54.112,45.701,473,44.206
1093,1093,36.433,454.500,536.859,42.477,50.174,496,1,579,489,54.112,45.701,473,44.206
1094,1094,36.467,454.338,536.899,42.462,50.177,498,1,579,489,54.112,45.701,473,44.206
1095,1095,36.500,454.269,536.923,42.455,50.180,499,1,579,489,54.112,45.701,473,44.206
1096,1096,36.533,454.096,536.973,42.439,50.184,496,1,579,489,54.112,45.701,473,44.206
1097,1097,36.567,454.024,536.991,42.432,50.186,495,1,579,489,54.112,45.701,473,44.206
1098,1098,36.600,453.816,537.042,42.413,50.191,500,1,579,489,54.112,45.701,473,44.206
1099,1099,36.633,453.660,537.096,42.398,50.196,500,1,579,489,54.112,45.701,473,44.206
1100,1100,36.667,453.517,537.247,42.385,50.210,509,1,579,489,54.112,45.701,473,44.206
1101,1101,36.700,453.456,537.227,42.379,50.208,505,1,579,489,54.112,45.701,473,44.206
1102,1102,36.733,453.355,537.276,42.370,50.213,508,1,579,489,54.112,45.701,473,44.206
1103,1103,36.767,453.199,537.310,42.355,50.216,509,1,579,489,54.112,45.701,473,44.206
1104,1104,36.800,453.244,537.343,42.359,50.219,508,1,579,489,54.112,45.701,473,44.206
1105,1105,36.833,453.038,537.368,42.340,50.221,512,1,579,489,54.112,45.701,473,44.206
1106,1106,36.867,453.007,537.407,42.337,50.225,514,1,579,489,54.112,45.701,473,44.206
1107,1107,36.900,453.142,537.386,42.350,50.223,508,1,579,489,54.112,45.701,473,44.206
1108,1108,36.933,453.012,537.453,42.338,50.229,510,1,579,489,54.112,45.701,473,44.206
1109,1109,36.967,452.906,537.464,42.328,50.230,514,1,579,489,54.112,45.701,473,44.206
1110,1110,37.000,452.644,537.513,42.303,50.235,521,1,579,489,54.112,45.701,473,44.206
1111,1111,37.033,452.887,537.489,42.326,50.233,514,1,579,489,54.112,45.701,473,44.206
1112,1112,37.067,452.803,537.545,42.318,50.238,518,1,579,489,54.112,45.701,473,44.206
1113,1113,37.100,452.164,537.666,42.258,50.249,510,1,579,489,54.112,45.701,473,44.206
1114,1114,37.133,451.983,537.653,42.241,50.248,508,1,579,489,54.112,45.701,473,44.206
1115,1115,37.167,451.619,537.753,42.207,50.257,510,1,579,489,54.112,45.701,473,44.206
1116,1116,37.200,451.297,537.898,42.177,50.271,505,1,579,489,54.112,45.701,473,44.206
1117,1117,37.233,451.141,537.970,42.163,50.278,501,1,579,489,54.112,45.701,473,44.206
1118,1118,37.267,450.922,537.958,42.142,50.276,495,1,579,489,54.112,45.701,473,44.206
1119,1119,37.300,450.645,538.073,42.116,50.287,492,1,579,489,54.112,45.701,473,44.206
1120,1120,37.333,450.176,538.227,42.073,50.302,484,1,579,489,54.112,45.701,473,44.206
1121,1121,37.367,449.872,538.235,42.044,50.302,473,1,579,489,54.112,45.701,473,44.206
1122,1122,37.400,449.081,538.557,41.970,50.332,471,1,579,489,54.112,45.701,473,44.206
1123,1123,37.433,448.540,538.713,41.920,50.347,456,1,579,489,54.112,45.701,473,44.206
1124,1124,37.467,448.521,538.726,41.918,50.348,451,1,579,489,54.112,45.701,473,44.206
1125,1125,37.500,448.324,538.733,41.899,50.349,453,1,579,489,54.112,45.701,473,44.206
1126,1126,37.533,448.129,538.853,41.881,50.360,451,1,579,489,54.112,45.701,473,44.206
1127,1127,37.567,448.044,538.800,41.873,50.355,449,1,579,489,54.112,45.701,473,44.206
1128,1128,37.600,448.209,538.830,41.889,50.358,445,1,579,489,54.112,45.701,473,44.206
1129,1129,37.633,448.389,538.674,41.905,50.343,443,1,579,489,54.112,45.701,473,44.206
1130,1130,37.667,448.740,538.500,41.938,50.327,446,1,579,489,54.112,45.701,473,44.206
1131,1131,37.700,448.956,538.398,41.959,50.318,442,1,579,489,54.112,45.701,473,44.206
1132,1132,37.733,448.925,538.271,41.956,50.306,428,1,579,489,54.112,45.701,473,44.206
1133,1133,37.767,448.875,538.305,41.951,50.309,432,1,579,489,54.112,45.701,473,44.206
1134,1134,37.800,448.877,538.369,41.951,50.315,444,1,579,489,54.112,45.701,473,44.206
1135,1135,37.833,448.693,538.376,41.934,50.316,446,1,579,489,54.112,45.701,473,44.206
1136,1136,37.867,448.542,538.461,41.920,50.323,448,1,579,489,54.112,45.701,473,44.206
1137,1137,37.900,448.278,538.640,41.895,50.340,460,1,579,489,54.112,45.701,473,44.206
1138,1138,37.933,447.908,538.744,41.861,50.350,459,1,579,489,54.112,45.701,473,44.206
1139,1139,37.967,447.827,538.826,41.853,50.358,472,1,579,489,54.112,45.701,473,44.206
1140,1140,38.000,447.047,539.031,41.780,50.377,483,1,579,489,54.112,45.701,473,44.206
1141,1141,38.033,446.503,539.462,41.729,50.417,479,1,579,489,54.112,45.701,473,44.206
1142,1142,38.067,446.317,539.440,41.712,50.415,477,1,579,489,54.112,45.701,473,44.206
1143,1143,38.100,446.038,539.493,41.686,50.420,483,1,579,489,54.112,45.701,473,44.206
1144,1144,38.133,445.753,539.649,41.659,50.434,490,1,579,489,54.112,45.701,473,44.206
1145,1145,38.167,445.850,539.582,41.668,50.428,498,1,579,489,54.112,45.701,473,44.206
1146,1146,38.200,445.208,539.840,41.608,50.452,498,1,579,489,54.112,45.701,473,44.206
1147,1147,38.233,445.137,539.861,41.602,50.454,494,1,579,489,54.112,45.701,473,44.206
1148,1148,38.267,444.903,539.931,41.580,50.461,493,1,579,489,54.112,45.701,473,44.206
1149,1149,38.300,444.875,539.973,41.577,50.465,498,1,579,489,54.112,45.701,473,44.206
1150,1150,38.333,444.449,540.097,41.537,50.476,500,1,579,489,54.112,45.701,473,44.206
1151,1151,38.367,444.346,540.079,41.528,50.475,505,1,579,489,54.112,45.701,473,44.206
1152,1152,38.400,443.920,540.278,41.488,50.493,510,1,579,489,54.112,45.701,473,44.206
1153,1153,38.433,443.530,540.392,41.451,50.504,518,1,579,489,54.112,45.701,473,44.206
1154,1154,38.467,443.497,540.415,41.448,50.506,520,1,579,489,54.112,45.701,473,44.206
1155,1155,38.500,443.470,540.426,41.446,50.507,519,1,579,489,54.112,45.701,473,44.206
1156,1156,38.533,443.427,540.425,41.442,50.507,521,1,579,489,54.112,45.701,473,44.206
1157,1157,38.567,443.274,540.489,41.428,50.513,519,1,579,489,54.112,45.701,473,44.206
1158,1158,38.600,443.314,540.424,41.431,50.507,518,1,579,489,54.112,45.701,473,44.206
1159,1159,38.633,443.211,540.483,41.422,50.512,524,1,579,489,54.112,45.701,473,44.206
1160,1160,38.667,442.843,540.620,41.387,50.525,525,1,579,489,54.112,45.701,473,44.206
1161,1161,38.700,442.669,540.667,41.371,50.530,525,1,579,489,54.112,45.701,473,44.206
1162,1162,38.733,442.641,540.629,41.368,50.526,517,1,579,489,54.112,45.701,473,44.206
1163,1163,38.767,442.309,540.705,41.337,50.533,509,1,579,489,54.112,45.701,473,44.206
1164,1164,38.800,442.405,540.774,41.346,50.540,512,1,579,489,54.112,45.701,473,44.206
1165,1165,38.833,441.749,541.086,41.285,50.569,507,1,579,489,54.112,45.701,473,44.206
1166,1166,38.867,441.403,541.150,41.253,50.575,505,1,579,489,54.112,45.701,473,44.206
1167,1167,38.900,440.984,541.273,41.213,50.586,497,1,579,489,54.112,45.701,473,44.206
1168,1168,38.933,440.455,541.384,41.164,50.597,492,1,579,489,54.112,45.701,473,44.206
1169,1169,38.967,440.387,541.457,41.158,50.603,481,1,579,489,54.112,45.701,473,44.206
1170,1170,39.000,440.063,541.508,41.127,50.608,470,1,579,489,54.112,45.701,473,44.206
1171,1171,39.033,439.991,541.634,41.121,50.620,454,1,579,489,54.112,45.701,473,44.206
1172,1172,39.067,439.781,541.711,41.101,50.627,459,1,579,489,54.112,45.701,473,44.206
1173,1173,39.100,439.825,541.700,41.105,50.626,465,1,579,489,54.112,45.701,473,44.206
1174,1174,39.133,439.909,541.678,41.113,50.624,462,1,579,489,54.112,45.701,473,44.206
1175,1175,39.167,439.908,541.714,41.113,50.627,461,1,579,489,54.112,45.701,473,44.206
1176,1176,39.200,440.266,541.594,41.146,50.616,463,1,579,489,54.112,45.701,473,44.206
1177,1177,39.233,440.455,541.550,41.164,50.612,459,1,579,489,54.112,45.701,473,44.206
1178,1178,39.267,440.551,541.563,41.173,50.613,461,1,579,489,54.112,45.701,473,44.206
1179,1179,39.300,440.908,541.268,41.206,50.586,445,1,579,489,54.112,45.701,473,44.206
1180,1180,39.333,440.925,541.322,41.208,50.591,444,1,579,489,54.112,45.701,473,44.206
1181,1181,39.367,440.891,541.315,41.205,50.590,447,1,579,489,54.112,45.701,473,44.206
1182,1182,39.400,440.757,541.381,41.192,50.596,454,1,579,489,54.112,45.701,473,44.206
1183,1183,39.433,440.810,541.360,41.197,50.594,451,1,579,489,54.112,45.701,473,44.206
1184,1184,39.467,440.639,541.426,41.181,50.601,458,1,579,489,54.112,45.701,473,44.206
1185,1185,39.500,440.430,541.472,41.162,50.605,457,1,579,489,54.112,45.701,473,44.206
1186,1186,39.533,440.044,541.724,41.126,50.628,474,1,579,489,54.112,45.701,473,44.206
1187,1187,39.567,439.901,541.788,41.112,50.634,478,1,579,489,54.112,45.701,473,44.206
1188,1188,39.600,439.484,541.887,41.073,50.644,484,1,579,489,54.112,45.701,473,44.206
1189,1189,39.633,439.129,542.090,41.040,50.663,487,1,579,489,54.112,45.701,473,44.206
1190,1190,39.667,438.791,542.151,41.008,50.668,490,1,579,489,54.112,45.701,473,44.206
1191,1191,39.700,438.663,542.206,40.996,50.673,490,1,579,489,54.112,45.701,473,44.206
1192,1192,39.733,438.377,542.343,40.970,50.686,485,1,579,489,54.112,45.701,473,44.206
1193,1193,39.767,438.250,542.425,40.958,50.694,489,1,579,489,54.112,45.701,473,44.206
1194,1194,39.800,437.744,542.632,40.911,50.713,492,1,579,489,54.112,45.701,473,44.206
1195,1195,39.833,437.255,542.791,40.865,50.728,502,1,579,489,54.112,45.701,473,44.206
1196,1196,39.867,436.926,542.930,40.834,50.741,501,1,579,489,54.112,45.701,473,44.206
1197,1197,39.900,436.636,542.975,40.807,50.745,509,1,579,489,54.112,45.701,473,44.206
1198,1198,39.933,436.435,543.059,40.788,50.753,503,1,579,489,54.112,45.701,473,44.206
1199,1199,39.967,435.957,543.183,40.744,50.765,504,1,579,489,54.112,45.701,473,44.206
1200,1200,40.000,435.711,543.285,40.721,50.774,514,1,579,489,54.112,45.701,473,44.206
1201,1201,40.033,435.128,543.547,40.666,50.799,515,1,579,489,54.112,45.701,473,44.206
1202,1202,40.067,434.704,543.751,40.627,50.818,520,1,579,489,54.112,45.701,473,44.206
1203,1203,40.100,434.605,543.769,40.617,50.820,517,1,579,489,54.112,45.701,473,44.206
1204,1204,40.133,434.570,543.758,40.614,50.819,514,1,579,489,54.112,45.701,473,44.206
1205,1205,40.167,434.433,543.805,40.601,50.823,509,1,579,489,54.112,45.701,473,44.206
1206,1206,40.200,434.330,543.834,40.592,50.826,505,1,579,489,54.112,45.701,473,44.206
1207,1207,40.233,434.178,543.856,40.577,50.828,502,1,579,489,54.112,45.701,473,44.206
1208,1208,40.267,434.117,543.880,40.572,50.830,500,1,579,489,54.112,45.701,473,44.206
1209,1209,40.300,433.646,544.013,40.528,50.842,485,1,579,489,54.112,45.701,473,44.206
1210,1210,40.333,433.270,544.142,40.493,50.854,476,1,579,489,54.112,45.701,473,44.206
1211,1211,40.367,433.245,544.224,40.490,50.862,474,1,579,489,54.112,45.701,473,44.206
1212,1212,40.400,432.989,544.320,40.466,50.871,470,1,579,489,54.112,45.701,473,44.206
1213,1213,40.433,432.682,544.371,40.438,50.876,456,1,579,489,54.112,45.701,473,44.206
1214,1214,40.467,432.613,544.407,40.431,50.879,455,1,579,489,54.112,45.701,473,44.206
1215,1215,40.500,432.710,544.418,40.440,50.880,450,1,579,489,54.112,45.701,473,44.206
1216,1216,40.533,432.723,544.409,40.441,50.879,449,1,579,489,54.112,45.701,473,44.206
1217,1217,40.567,432.934,544.332,40.461,50.872,456,1,579,489,54.112,45.701,473,44.206
1218,1218,40.600,432.834,544.413,40.452,50.880,455,1,579,489,54.112,45.701,473,44.206
1219,1219,40.633,432.908,544.384,40.459,50.877,449,1,579,489,54.112,45.701,473,44.206
1220,1220,40.667,432.910,544.389,40.459,50.878,450,1,579,489,54.112,45.701,473,44.206
1221,1221,40.700,433.294,544.254,40.495,50.865,464,1,579,489,54.112,45.701,473,44.206
1222,1222,40.733,433.304,544.285,40.496,50.868,460,1,579,489,54.112,45.701,473,44.206
1223,1223,40.767,433.348,544.226,40.500,50.862,460,1,579,489,54.112,45.701,473,44.206
1224,1224,40.800,433.491,544.092,40.513,50.850,455,1,579,489,54.112,45.701,473,44.206
1225,1225,40.833,433.234,544.209,40.489,50.861,459,1,579,489,54.112,45.701,473,44.206
1226,1226,40.867,433.245,544.225,40.490,50.862,457,1,579,489,54.112,45.701,473,44.206
1227,1227,40.900,432.956,544.289,40.463,50.868,457,1,579,489,54.112,45.701,473,44.206
1228,1228,40.933,432.843,544.395,40.453,50.878,452,1,579,489,54.112,45.701,473,44.206
1229,1229,40.967,432.449,544.554,40.416,50.893,458,1,579,489,54.112,45.701,473,44.206
1230,1230,41.000,431.901,544.800,40.365,50.916,477,1,579,489,54.112,45.701,473,44.206
1231,1231,41.033,432.083,544.607,40.382,50.898,474,1,579,489,54.112,45.701,473,44.206
1232,1232,41.067,431.959,544.590,40.370,50.896,476,1,579,489,54.112,45.701,473,44.206
1233,1233,41.100,431.631,544.737,40.339,50.910,477,1,579,489,54.112,45.701,473,44.206
1234,1234,41.133,431.472,544.797,40.325,50.916,485,1,579,489,54.112,45.701,473,44.206
1235,1235,41.167,431.249,544.887,40.304,50.924,493,1,579,489,54.112,45.701,473,44.206
1236,1236,41.200,431.302,544.835,40.309,50.919,491,1,579,489,54.112,45.701,473,44.206
1237,1237,41.233,430.782,545.070,40.260,50.941,500,1,579,489,54.112,45.701,473,44.206
1238,1238,41.267,430.653,545.109,40.248,50.945,500,1,579,489,54.112,45.701,473,44.206
1239,1239,41.300,430.165,545.327,40.202,50.965,502,1,579,489,54.112,45.701,473,44.206
1240,1240,41.333,430.045,545.352,40.191,50.967,510,1,579,489,54.112,45.701,473,44.206
1241,1241,41.367,429.780,545.435,40.166,50.975,516,1,579,489,54.112,45.701,473,44.206
1242,1242,41.400,429.581,545.496,40.148,50.981,515,1,579,489,54.112,45.701,473,44.206
1243,1243,41.433,429.151,545.632,40.108,50.994,506,1,579,489,54.112,45.701,473,44.206
1244,1244,41.467,429.130,545.659,40.106,50.996,506,1,579,489,54.112,45.701,473,44.206
1245,1245,41.500,428.921,545.699,40.086,51.000,509,1,579,489,54.112,45.701,473,44.206
1246,1246,41.533,428.807,545.808,40.075,51.010,505,1,579,489,54.112,45.701,473,44.206
1247,1247,41.567,428.510,545.951,40.048,51.023,508,1,579,489,54.112,45.701,473,44.206
1248,1248,41.600,428.599,545.871,40.056,51.016,508,1,579,489,54.112,45.701,473,44.206
1249,1249,41.633,428.233,546.058,40.022,51.033,510,1,579,489,54.112,45.701,473,44.206
1250,1250,41.667,427.734,546.249,39.975,51.051,509,1,579,489,54.112,45.701,473,44.206
1251,1251,41.700,427.319,546.430,39.936,51.068,509,1,579,489,54.112,45.701,473,44.206
1252,1252,41.733,426.595,546.651,39.869,51.089,497,1,579,489,54.112,45.701,473,44.206
1253,1253,41.767,426.396,546.802,39.850,51.103,486,1,579,489,54.112,45.701,473,44.206
1254,1254,41.800,426.403,546.756,39.851,51.099,485,1,579,489,54.112,45.701,473,44.206
1255,1255,41.833,426.419,546.795,39.852,51.102,484,1,579,489,54.112,45.701,473,44.206
1256,1256,41.867,426.215,546.868,39.833,51.109,479,1,579,489,54.112,45.701,473,44.206
1257,1257,41.900,425.654,547.062,39.781,51.127,481,1,579,489,54.112,45.701,473,44.206
1258,1258,41.933,425.403,547.197,39.757,51.140,475,1,579,489,54.112,45.701,473,44.206
1259,1259,41.967,425.341,547.153,39.751,51.136,475,1,579,489,54.112,45.701,473,44.206
1260,1260,42.000,425.338,547.168,39.751,51.137,473,1,579,489,54.112,45.701,473,44.206
1261,1261,42.033,425.662,547.048,39.782,51.126,461,1,579,489,54.112,45.701,473,44.206
1262,1262,42.067,425.461,547.045,39.763,51.126,457,1,579,489,54.112,45.701,473,44.206
1263,1263,42.100,425.457,547.033,39.762,51.125,459,1,579,489,54.112,45.701,473,44.206
1264,1264,42.133,425.511,547.029,39.767,51.124,460,1,579,489,54.112,45.701,473,44.206
1265,1265,42.167,425.642,547.037,39.780,51.125,463,1,579,489,54.112,45.701,473,44.206
1266,1266,42.200,425.548,547.133,39.771,51.134,458,1,579,489,54.112,45.701,473,44.206
1267,1267,42.233,425.667,547.049,39.782,51.126,458,1,579,489,54.112,45.701,473,44.206
1268,1268,42.267,425.809,547.044,39.795,51.126,458,1,579,489,54.112,45.701,473,44.206
1269,1269,42.300,425.976,546.930,39.811,51.115,462,1,579,489,54.112,45.701,473,44.206
1270,1270,42.333,425.889,546.888,39.803,51.111,457,1,579,489,54.112,45.701,473,44.206
1271,1271,42.367,425.942,546.909,39.808,51.113,460,1,579,489,54.112,45.701,473,44.206
1272,1272,42.400,426.259,546.770,39.837,51.100,456,1,579,489,54.112,45.701,473,44.206
1273,1273,42.433,426.251,546.748,39.837,51.098,451,1,579,489,54.112,45.701,473,44.206
1274,1274,42.467,426.232,546.777,39.835,51.101,453,1,579,489,54.112,45.701,473,44.206
1275,1275,42.500,426.368,546.730,39.848,51.096,449,1,579,489,54.112,45.701,473,44.206
1276,1276,42.533,426.350,546.761,39.846,51.099,449,1,579,489,54.112,45.701,473,44.206
1277,1277,42.567,426.161,546.842,39.828,51.107,455,1,579,489,54.112,45.701,473,44.206
1278,1278,42.600,426.057,546.902,39.818,51.112,453,1,579,489,54.112,45.701,473,44.206
1279,1279,42.633,426.115,546.872,39.824,51.109,458,1,579,489,54.112,45.701,473,44.206
1280,1280,42.667,425.998,546.868,39.813,51.109,461,1,579,489,54.112,45.701,473,44.206
1281,1281,42.700,426.250,546.805,39.836,51.103,456,1,579,489,54.112,45.701,473,44.206
1282,1282,42.733,426.016,546.949,39.815,51.117,458,1,579,489,54.112,45.701,473,44.206
1283,1283,42.767,425.892,546.964,39.803,51.118,459,1,579,489,54.112,45.701,473,44.206
1284,1284,42.800,425.134,547.280,39.732,51.148,480,1,579,489,54.112,45.701,473,44.206
1285,1285,42.833,425.232,547.231,39.741,51.143,476,1,579,489,54.112,45.701,473,44.206
1286,1286,42.867,425.161,547.262,39.735,51.146,479,1,579,489,54.112,45.701,473,44.206
1287,1287,42.900,424.822,547.390,39.703,51.158,478,1,579,489,54.112,45.701,473,44.206
1288,1288,42.933,424.796,547.400,39.701,51.159,479,1,579,489,54.112,45.701,473,44.206
1289,1289,42.967,424.593,547.430,39.682,51.162,477,1,579,489,54.112,45.701,473,44.206
1290,1290,43.000,424.631,547.380,39.685,51.157,484,1,579,489,54.112,45.701,473,44.206
1291,1291,43.033,424.703,547.372,39.692,51.156,486,1,579,489,54.112,45.701,473,44.206
1292,1292,43.067,424.511,547.428,39.674,51.161,480,1,579,489,54.112,45.701,473,44.206
1293,1293,43.100,425.004,547.326,39.720,51.152,486,1,579,489,54.112,45.701,473,44.206
1294,1294,43.133,424.894,547.288,39.710,51.148,486,1,579,489,54.112,45.701,473,44.206
1295,1295,43.167,424.678,547.362,39.689,51.155,493,1,579,489,54.112,45.701,473,44.206
1296,1296,43.200,424.779,547.314,39.699,51.151,487,1,579,489,54.112,45.701,473,44.206
1297,1297,43.233,424.589,547.360,39.681,51.155,479,1,579,489,54.112,45.701,473,44.206
1298,1298,43.267,424.568,547.428,39.679,51.162,488,1,579,489,54.112,45.701,473,44.206
1299,1299,43.300,424.623,547.418,39.684,51.161,484,1,579,489,54.112,45.701,473,44.206
1300,1300,43.333,424.407,547.565,39.664,51.174,485,1,579,489,54.112,45.701,473,44.206
1301,1301,43.367,424.507,547.505,39.674,51.169,478,1,579,489,54.112,45.701,473,44.206
1302,1302,43.400,424.220,547.619,39.647,51.179,486,1,579,489,54.112,45.701,473,44.206
1303,1303,43.433,424.453,547.550,39.669,51.173,492,1,579,489,54.112,45.701,473,44.206
1304,1304,43.467,424.423,547.571,39.666,51.175,490,1,579,489,54.112,45.701,473,44.206
1305,1305,43.500,424.450,547.640,39.668,51.181,492,1,579,489,54.112,45.701,473,44.206
1306,1306,43.533,424.063,547.707,39.632,51.188,485,1,579,489,54.112,45.701,473,44.206
1307,1307,43.567,424.183,547.692,39.643,51.186,494,1,579,489,54.112,45.701,473,44.206
1308,1308,43.600,424.060,547.751,39.632,51.192,495,1,579,489,54.112,45.701,473,44.206
1309,1309,43.633,424.027,547.788,39.629,51.195,499,1,579,489,54.112,45.701,473,44.206
1310,1310,43.667,424.032,547.826,39.629,51.199,498,1,579,489,54.112,45.701,473,44.206
1311,1311,43.700,424.017,547.884,39.628,51.204,499,1,579,489,54.112,45.701,473,44.206
1312,1312,43.733,423.776,548.002,39.605,51.215,496,1,579,489,54.112,45.701,473,44.206
1313,1313,43.767,423.586,548.195,39.588,51.233,503,1,579,489,54.112,45.701,473,44.206
1314,1314,43.800,423.744,548.204,39.602,51.234,510,1,579,489,54.112,45.701,473,44.206
1315,1315,43.833,423.309,548.360,39.562,51.249,502,1,579,489,54.112,45.701,473,44.206
1316,1316,43.867,423.417,548.342,39.572,51.247,504,1,579,489,54.112,45.701,473,44.206
1317,1317,43.900,423.355,548.396,39.566,51.252,505,1,579,489,54.112,45.701,473,44.206
1318,1318,43.933,423.147,548.542,39.546,51.266,505,1,579,489,54.112,45.701,473,44.206
1319,1319,43.967,423.035,548.531,39.536,51.265,503,1,579,489,54.112,45.701,473,44.206
1320,1320,44.000,422.928,548.620,39.526,51.273,503,1,579,489,54.112,45.701,473,44.206
1321,1321,44.033,422.420,548.891,39.479,51.298,504,1,579,489,54.112,45.701,473,44.206
1322,1322,44.067,422.115,549.057,39.450,51.314,504,1,579,489,54.112,45.701,473,44.206
1323,1323,44.100,422.002,549.172,39.439,51.324,505,1,579,489,54.112,45.701,473,44.206
1324,1324,44.133,421.728,549.342,39.414,51.340,508,1,579,489,54.112,45.701,473,44.206
1325,1325,44.167,421.211,549.616,39.366,51.366,510,1,579,489,54.112,45.701,473,44.206
1326,1326,44.200,420.954,549.683,39.341,51.372,506,1,579,489,54.112,45.701,473,44.206
1327,1327,44.233,420.814,549.811,39.328,51.384,508,1,579,489,54.112,45.701,473,44.206
1328,1328,44.267,420.428,549.956,39.292,51.398,497,1,579,489,54.112,45.701,473,44.206
1329,1329,44.300,420.324,550.007,39.283,51.402,495,1,579,489,54.112,45.701,473,44.206
1330,1330,44.333,419.855,550.261,39.239,51.426,498,1,579,489,54.112,45.701,473,44.206
1331,1331,44.367,419.766,550.269,39.230,51.427,489,1,579,489,54.112,45.701,473,44.206
1332,1332,44.400,419.632,550.294,39.218,51.429,487,1,579,489,54.112,45.701,473,44.206
1333,1333,44.433,419.146,550.623,39.173,51.460,478,1,579,489,54.112,45.701,473,44.206
1334,1334,44.467,419.299,550.494,39.187,51.448,466,1,579,489,54.112,45.701,473,44.206
1335,1335,44.500,418.928,550.759,39.152,51.473,465,1,579,489,54.112,45.701,473,44.206
1336,1336,44.533,418.818,550.833,39.142,51.480,460,1,579,489,54.112,45.701,473,44.206
1337,1337,44.567,419.056,550.795,39.164,51.476,465,1,579,489,54.112,45.701,473,44.206
1338,1338,44.600,419.098,550.795,39.168,51.476,462,1,579,489,54.112,45.701,473,44.206
1339,1339,44.633,419.253,550.641,39.183,51.462,458,1,579,489,54.112,45.701,473,44.206
1340,1340,44.667,419.331,550.539,39.190,51.452,458,1,579,489,54.112,45.701,473,44.206
1341,1341,44.700,419.412,550.463,39.197,51.445,454,1,579,489,54.112,45.701,473,44.206
1342,1342,44.733,419.556,550.363,39.211,51.436,456,1,579,489,54.112,45.701,473,44.206
1343,1343,44.767,419.612,550.295,39.216,51.429,462,1,579,489,54.112,45.701,473,44.206
1344,1344,44.800,419.335,550.357,39.190,51.435,455,1,579,489,54.112,45.701,473,44.206
1345,1345,44.833,419.326,550.354,39.189,51.435,438,1,579,489,54.112,45.701,473,44.206
1346,1346,44.867,419.358,550.329,39.192,51.433,441,1,579,489,54.112,45.701,473,44.206
1347,1347,44.900,419.197,550.443,39.177,51.443,448,1,579,489,54.112,45.701,473,44.206
1348,1348,44.933,418.848,550.615,39.145,51.459,449,1,579,489,54.112,45.701,473,44.206
1349,1349,44.967,418.752,550.690,39.136,51.466,454,1,579,489,54.112,45.701,473,44.206
1350,1350,45.000,418.443,550.845,39.107,51.481,452,1,579,489,54.112,45.701,473,44.206
1351,1351,45.033,418.302,550.992,39.094,51.495,459,1,579,489,54.112,45.701,473,44.206
1352,1352,45.067,418.158,551.173,39.080,51.511,473,1,579,489,54.112,45.701,473,44.206
1353,1353,45.100,417.780,551.321,39.045,51.525,469,1,579,489,54.112,45.701,473,44.206
1354,1354,45.133,417.669,551.523,39.034,51.544,473,1,579,489,54.112,45.701,473,44.206
1355,1355,45.167,417.275,551.729,38.998,51.563,482,1,579,489,54.112,45.701,473,44.206
1356,1356,45.200,417.160,551.834,38.987,51.573,486,1,579,489,54.112,45.701,473,44.206
1357,1357,45.233,417.013,551.974,38.973,51.586,495,1,579,489,54.112,45.701,473,44.206
1358,1358,45.267,416.844,552.071,38.957,51.595,497,1,579,489,54.112,45.701,473,44.206
1359,1359,45.300,416.255,552.395,38.902,51.626,510,1,579,489,54.112,45.701,473,44.206
1360,1360,45.333,416.116,552.528,38.889,51.638,505,1,579,489,54.112,45.701,473,44.206
1361,1361,45.367,415.788,552.667,38.859,51.651,506,1,579,489,54.112,45.701,473,44.206
1362,1362,45.400,415.551,552.847,38.837,51.668,516,1,579,489,54.112,45.701,473,44.206
1363,1363,45.433,415.339,552.919,38.817,51.675,519,1,579,489,54.112,45.701,473,44.206
1364,1364,45.467,414.984,553.225,38.784,51.703,530,1,579,489,54.112,45.701,473,44.206
1365,1365,45.500,414.747,553.298,38.761,51.710,531,1,579,489,54.112,45.701,473,44.206
1366,1366,45.533,414.633,553.324,38.751,51.712,530,1,579,489,54.112,45.701,473,44.206
1367,1367,45.567,414.319,553.450,38.721,51.724,538,1,579,489,54.112,45.701,473,44.206
1368,1368,45.600,414.518,553.241,38.740,51.705,536,1,579,489,54.112,45.701,473,44.206
1369,1369,45.633,414.607,553.206,38.748,51.702,535,1,579,489,54.112,45.701,473,44.206
1370,1370,45.667,414.441,553.300,38.733,51.710,537,1,579,489,54.112,45.701,473,44.206
1371,1371,45.700,414.602,553.187,38.748,51.700,529,1,579,489,54.112,45.701,473,44.206
1372,1372,45.733,414.591,553.181,38.747,51.699,531,1,579,489,54.112,45.701,473,44.206
1373,1373,45.767,414.717,553.164,38.759,51.698,532,1,579,489,54.112,45.701,473,44.206
1374,1374,45.800,414.713,553.161,38.758,51.697,531,1,579,489,54.112,45.701,473,44.206
1375,1375,45.833,414.304,553.389,38.720,51.719,540,1,579,489,54.112,45.701,473,44.206
1376,1376,45.867,414.512,553.232,38.739,51.704,533,1,579,489,54.112,45.701,473,44.206
1377,1377,45.900,414.409,553.250,38.730,51.706,531,1,579,489,54.112,45.701,473,44.206
1378,1378,45.933,414.368,553.257,38.726,51.706,538,1,579,489,54.112,45.701,473,44.206
1379,1379,45.967,414.262,553.314,38.716,51.712,537,1,579,489,54.112,45.701,473,44.206
1380,1380,46.000,414.137,553.390,38.704,51.719,537,1,579,489,54.112,45.701,473,44.206
1381,1381,46.033,413.898,553.552,38.682,51.734,528,1,579,489,54.112,45.701,473,44.206
1382,1382,46.067,414.083,553.429,38.699,51.722,531,1,579,489,54.112,45.701,473,44.206
1383,1383,46.100,414.004,553.450,38.692,51.724,531,1,579,489,54.112,45.701,473,44.206
1384,1384,46.133,413.893,553.505,38.682,51.729,526,1,579,489,54.112,45.701,473,44.206
1385,1385,46.167,413.917,553.543,38.684,51.733,523,1,579,489,54.112,45.701,473,44.206
1386,1386,46.200,413.657,553.682,38.660,51.746,525,1,579,489,54.112,45.701,473,44.206
1387,1387,46.233,413.475,553.714,38.643,51.749,522,1,579,489,54.112,45.701,473,44.206
1388,1388,46.267,413.370,553.802,38.633,51.757,516,1,579,489,54.112,45.701,473,44.206
1389,1389,46.300,413.156,553.875,38.613,51.764,513,1,579,489,54.112,45.701,473,44.206
1390,1390,46.333,412.826,553.986,38.582,51.774,508,1,579,489,54.112,45.701,473,44.206
1391,1391,46.367,412.523,554.154,38.554,51.790,501,1,579,489,54.112,45.701,473,44.206
1392,1392,46.400,412.226,554.328,38.526,51.806,488,1,579,489,54.112,45.701,473,44.206
1393,1393,46.433,411.860,554.453,38.492,51.818,479,1,579,489,54.112,45.701,473,44.206
1394,1394,46.467,411.274,554.846,38.437,51.855,467,1,579,489,54.112,45.701,473,44.206
1395,1395,46.500,411.270,554.866,38.436,51.857,465,1,579,489,54.112,45.701,473,44.206
1396,1396,46.533,411.096,554.861,38.420,51.856,455,1,579,489,54.112,45.701,473,44.206
1397,1397,46.567,411.035,554.976,38.414,51.867,455,1,579,489,54.112,45.701,473,44.206
1398,1398,46.600,411.036,554.914,38.415,51.861,453,1,579,489,54.112,45.701,473,44.206
1399,1399,46.633,411.248,554.738,38.434,51.845,449,1,579,489,54.112,45.701,473,44.206
1400,1400,46.667,411.035,554.879,38.415,51.858,460,1,579,489,54.112,45.701,473,44.206
1401,1401,46.700,411.020,554.863,38.413,51.856,459,1,579,489,54.112,45.701,473,44.206
1402,1402,46.733,411.177,554.747,38.428,51.846,459,1,579,489,54.112,45.701,473,44.206
1403,1403,46.767,411.615,554.418,38.469,51.815,443,1,579,489,54.112,45.701,473,44.206
1404,1404,46.800,411.488,554.427,38.457,51.816,448,1,579,489,54.112,45.701,473,44.206
1405,1405,46.833,412.040,554.182,38.508,51.793,454,1,579,489,54.112,45.701,473,44.206
1406,1406,46.867,412.102,554.049,38.514,51.780,452,1,579,489,54.112,45.701,473,44.206
1407,1407,46.900,411.760,554.046,38.482,51.780,454,1,579,489,54.112,45.701,473,44.206
1408,1408,46.933,411.426,554.233,38.451,51.797,460,1,579,489,54.112,45.701,473,44.206
1409,1409,46.967,411.374,554.209,38.446,51.795,460,1,579,489,54.112,45.701,473,44.206
1410,1410,47.000,411.187,554.303,38.429,51.804,457,1,579,489,54.112,45.701,473,44.206
1411,1411,47.033,411.079,554.388,38.419,51.812,463,1,579,489,54.112,45.701,473,44.206
1412,1412,47.067,410.745,554.636,38.387,51.835,472,1,579,489,54.112,45.701,473,44.206
1413,1413,47.100,410.749,554.553,38.388,51.827,471,1,579,489,54.112,45.701,473,44.206
1414,1414,47.133,410.603,554.669,38.374,51.838,471,1,579,489,54.112,45.701,473,44.206
1415,1415,47.167,410.255,554.921,38.342,51.862,489,1,579,489,54.112,45.701,473,44.206
1416,1416,47.200,410.149,554.993,38.332,51.869,487,1,579,489,54.112,45.701,473,44.206
1417,1417,47.233,409.930,555.185,38.311,51.886,485,1,579,489,54.112,45.701,473,44.206
1418,1418,47.267,410.205,554.966,38.337,51.866,478,1,579,489,54.112,45.701,473,44.206
1419,1419,47.300,410.250,554.937,38.341,51.863,477,1,579,489,54.112,45.701,473,44.206
1420,1420,47.333,409.710,555.138,38.291,51.882,488,1,579,489,54.112,45.701,473,44.206
1421,1421,47.367,409.691,555.224,38.289,51.890,494,1,579,489,54.112,45.701,473,44.206
1422,1422,47.400,409.642,555.298,38.284,51.897,495,1,579,489,54.112,45.701,473,44.206
1423,1423,47.433,409.508,555.318,38.272,51.899,495,1,579,489,54.112,45.701,473,44.206
1424,1424,47.467,409.313,555.481,38.254,51.914,496,1,579,489,54.112,45.701,473,44.206
1425,1425,47.500,409.324,555.451,38.255,51.911,501,1,579,489,54.112,45.701,473,44.206
1426,1426,47.533,409.128,555.528,38.236,51.918,498,1,579,489,54.112,45.701,473,44.206
1427,1427,47.567,409.121,555.559,38.236,51.921,500,1,579,489,54.112,45.701,473,44.206
1428,1428,47.600,408.978,555.644,38.222,51.929,505,1,579,489,54.112,45.701,473,44.206
1429,1429,47.633,408.940,555.675,38.219,51.932,511,1,579,489,54.112,45.701,473,44.206
1430,1430,47.667,408.908,555.671,38.216,51.932,514,1,579,489,54.112,45.701,473,44.206
1431,1431,47.700,408.713,555.722,38.197,51.937,514,1,579,489,54.112,45.701,473,44.206
1432,1432,47.733,408.795,555.657,38.205,51.931,518,1,579,489,54.112,45.701,473,44.206
1433,1433,47.767,408.672,555.707,38.194,51.935,522,1,579,489,54.112,45.701,473,44.206
1434,1434,47.800,408.817,555.595,38.207,51.925,518,1,579,489,54.112,45.701,473,44.206
1435,1435,47.833,408.556,555.770,38.183,51.941,515,1,579,489,54.112,45.701,473,44.206
1436,1436,47.867,408.634,555.646,38.190,51.929,518,1,579,489,54.112,45.701,473,44.206
1437,1437,47.900,408.582,555.681,38.185,51.933,517,1,579,489,54.112,45.701,473,44.206
1438,1438,47.933,408.860,555.534,38.211,51.919,521,1,579,489,54.112,45.701,473,44.206
1439,1439,47.967,409.104,555.351,38.234,51.902,505,1,579,489,54.112,45.701,473,44.206
1440,1440,48.000,409.318,555.233,38.254,51.891,503,1,579,489,54.112,45.701,473,44.206
1441,1441,48.033,410.045,554.891,38.322,51.859,490,1,579,489,54.112,45.701,473,44.206
1442,1442,48.067,410.285,554.668,38.344,51.838,487,1,579,489,54.112,45.701,473,44.206
1443,1443,48.100,410.623,554.520,38.376,51.824,473,1,579,489,54.112,45.701,473,44.206
1444,1444,48.133,411.167,554.293,38.427,51.803,463,1,579,489,54.112,45.701,473,44.206
1445,1445,48.167,411.033,554.266,38.414,51.801,460,1,579,489,54.112,45.701,473,44.206
1446,1446,48.200,411.409,554.157,38.449,51.790,450,1,579,489,54.112,45.701,473,44.206
1447,1447,48.233,411.482,554.108,38.456,51.786,447,1,579,489,54.112,45.701,473,44.206
1448,1448,48.267,411.796,553.997,38.486,51.775,445,1,579,489,54.112,45.701,473,44.206
1449,1449,48.300,411.839,553.966,38.490,51.773,443,1,579,489,54.112,45.701,473,44.206
1450,1450,48.333,411.735,553.952,38.480,51.771,446,1,579,489,54.112,45.701,473,44.206
1451,1451,48.367,411.798,553.888,38.486,51.765,443,1,579,489,54.112,45.701,473,44.206
1452,1452,48.400,411.742,553.878,38.481,51.764,446,1,579,489,54.112,45.701,473,44.206
1453,1453,48.433,411.728,553.918,38.479,51.768,448,1,579,489,54.112,45.701,473,44.206
1454,1454,48.467,411.897,553.747,38.495,51.752,443,1,579,489,54.112,45.701,473,44.206
1455,1455,48.500,411.928,553.662,38.498,51.744,439,1,579,489,54.112,45.701,473,44.206
1456,1456,48.533,411.687,553.660,38.475,51.744,442,1,579,489,54.112,45.701,473,44.206
1457,1457,48.567,411.579,553.851,38.465,51.762,449,1,579,489,54.112,45.701,473,44.206
1458,1458,48.600,411.671,553.779,38.474,51.755,448,1,579,489,54.112,45.701,473,44.206
1459,1459,48.633,411.569,553.740,38.464,51.751,453,1,579,489,54.112,45.701,473,44.206
1460,1460,48.667,411.561,553.623,38.464,51.740,450,1,579,489,54.112,45.701,473,44.206
1461,1461,48.700,411.638,553.511,38.471,51.730,446,1,579,489,54.112,45.701,473,44.206
1462,1462,48.733,411.775,553.410,38.484,51.721,445,1,579,489,54.112,45.701,473,44.206
1463,1463,48.767,411.911,553.326,38.496,51.713,439,1,579,489,54.112,45.701,473,44.206
1464,1464,48.800,411.891,553.285,38.494,51.709,440,1,579,489,54.112,45.701,473,44.206
1465,1465,48.833,412.025,553.147,38.507,51.696,442,1,579,489,54.112,45.701,473,44.206
1466,1466,48.867,411.958,553.191,38.501,51.700,447,1,579,489,54.112,45.701,473,44.206
1467,1467,48.900,411.769,553.175,38.483,51.699,454,1,579,489,54.112,45.701,473,44.206
1468,1468,48.933,411.805,553.160,38.486,51.697,456,1,579,489,54.112,45.701,473,44.206
1469,1469,48.967,411.675,553.185,38.474,51.699,450,1,579,489,54.112,45.701,473,44.206
1470,1470,49.000,411.488,553.137,38.457,51.695,464,1,579,489,54.112,45.701,473,44.206
1471,1471,49.033,411.211,553.121,38.431,51.694,461,1,579,489,54.112,45.701,473,44.206
1472,1472,49.067,411.001,553.106,38.411,51.692,455,1,579,489,54.112,45.701,473,44.206
1473,1473,49.100,411.297,552.970,38.439,51.679,460,1,579,489,54.112,45.701,473,44.206
1474,1474,49.133,411.119,552.925,38.422,51.675,468,1,579,489,54.112,45.701,473,44.206
1475,1475,49.167,411.104,552.962,38.421,51.679,467,1,579,489,54.112,45.701,473,44.206
1476,1476,49.200,411.089,552.829,38.420,51.666,465,1,579,489,54.112,45.701,473,44.206
1477,1477,49.233,410.938,552.813,38.405,51.665,452,1,579,489,54.112,45.701,473,44.206
1478,1478,49.267,411.039,552.715,38.415,51.656,454,1,579,489,54.112,45.701,473,44.206
1479,1479,49.300,411.020,552.695,38.413,51.654,455,1,579,489,54.112,45.701,473,44.206
1480,1480,49.333,410.650,552.564,38.378,51.641,462,1,579,489,54.112,45.701,473,44.206
1481,1481,49.367,410.511,552.572,38.365,51.642,466,1,579,489,54.112,45.701,473,44.206
1482,1482,49.400,410.398,552.537,38.355,51.639,471,1,579,489,54.112,45.701,473,44.206
1483,1483,49.433,410.287,552.320,38.345,51.619,472,1,579,489,54.112,45.701,473,44.206
1484,1484,49.467,410.249,552.451,38.341,51.631,473,1,579,489,54.112,45.701,473,44.206
1485,1485,49.500,410.091,552.421,38.326,51.628,473,1,579,489,54.112,45.701,473,44.206
1486,1486,49.533,409.849,552.425,38.304,51.629,464,1,579,489,54.112,45.701,473,44.206
1487,1487,49.567,409.830,552.430,38.302,51.629,464,1,579,489,54.112,45.701,473,44.206
1488,1488,49.600,409.835,552.424,38.302,51.628,465,1,579,489,54.112,45.701,473,44.206
1489,1489,49.633,409.192,552.578,38.242,51.643,475,1,579,489,54.112,45.701,473,44.206
1490,1490,49.667,409.535,552.563,38.274,51.641,464,1,579,489,54.112,45.701,473,44.206
1491,1491,49.700,409.310,552.597,38.253,51.645,461,1,579,489,54.112,45.701,473,44.206
1492,1492,49.733,409.159,552.420,38.239,51.628,464,1,579,489,54.112,45.701,473,44.206
1493,1493,49.767,409.029,552.450,38.227,51.631,465,1,579,489,54.112,45.701,473,44.206
1494,1494,49.800,408.820,552.627,38.207,51.647,458,1,579,489,54.112,45.701,473,44.206
1495,1495,49.833,408.540,552.687,38.181,51.653,455,1,579,489,54.112,45.701,473,44.206
1496,1496,49.867,408.223,552.870,38.152,51.670,442,1,579,489,54.112,45.701,473,44.206
1497,1497,49.900,408.102,552.912,38.140,51.674,441,1,579,489,54.112,45.701,473,44.206
1498,1498,49.933,407.686,552.906,38.101,51.673,449,1,579,489,54.112,45.701,473,44.206
1499,1499,49.967,407.136,552.991,38.050,51.681,444,1,579,489,54.112,45.701,473,44.206
1500,1500,50.000,406.873,553.191,38.026,51.700,427,1,579,489,54.112,45.701,473,44.206
1501,1501,50.033,406.741,553.420,38.013,51.722,416,1,579,489,54.112,45.701,473,44.206
1502,1502,50.067,406.340,553.524,37.976,51.731,423,1,579,489,54.112,45.701,473,44.206
1503,1503,50.100,406.374,553.529,37.979,51.732,414,1,579,489,54.112,45.701,473,44.206
1504,1504,50.133,406.283,553.648,37.970,51.743,412,1,579,489,54.112,45.701,473,44.206
1505,1505,50.167,406.411,553.713,37.982,51.749,415,1,579,489,54.112,45.701,473,44.206
1506,1506,50.200,406.404,553.785,37.982,51.756,413,1,579,489,54.112,45.701,473,44.206
1507,1507,50.233,406.506,553.924,37.991,51.769,413,1,579,489,54.112,45.701,473,44.206
1508,1508,50.267,406.786,553.982,38.017,51.774,413,1,579,489,54.112,45.701,473,44.206
1509,1509,50.300,406.753,554.028,38.014,51.778,421,1,579,489,54.112,45.701,473,44.206
1510,1510,50.333,406.869,554.185,38.025,51.793,420,1,579,489,54.112,45.701,473,44.206
1511,1511,50.367,406.915,554.278,38.029,51.802,422,1,579,489,54.112,45.701,473,44.206
1512,1512,50.400,406.975,554.374,38.035,51.811,422,1,579,489,54.112,45.701,473,44.206
1513,1513,50.433,407.028,554.418,38.040,51.815,423,1,579,489,54.112,45.701,473,44.206
1514,1514,50.467,406.895,554.496,38.028,51.822,421,1,579,489,54.112,45.701,473,44.206
1515,1515,50.500,406.938,554.509,38.032,51.823,421,1,579,489,54.112,45.701,473,44.206
1516,1516,50.533,406.752,554.453,38.014,51.818,430,1,579,489,54.112,45.701,473,44.206
1517,1517,50.567,406.682,554.401,38.008,51.813,428,1,579,489,54.112,45.701,473,44.206
1518,1518,50.600,406.545,554.336,37.995,51.807,429,1,579,489,54.112,45.701,473,44.206
1519,1519,50.633,406.141,554.249,37.957,51.799,439,1,579,489,54.112,45.701,473,44.206
1520,1520,50.667,406.092,554.226,37.953,51.797,439,1,579,489,54.112,45.701,473,44.206
1521,1521,50.700,405.573,554.045,37.904,51.780,450,1,579,489,54.112,45.701,473,44.206
1522,1522,50.733,405.477,553.880,37.895,51.764,448,1,579,489,54.112,45.701,473,44.206
1523,1523,50.767,404.928,553.803,37.844,51.757,460,1,579,489,54.112,45.701,473,44.206
1524,1524,50.800,404.812,553.843,37.833,51.761,465,1,579,489,54.112,45.701,473,44.206
1525,1525,50.833,404.704,553.726,37.823,51.750,467,1,579,489,54.112,45.701,473,44.206
1526,1526,50.867,404.440,553.708,37.798,51.748,475,1,579,489,54.112,45.701,473,44.206
1527,1527,50.900,404.412,553.701,37.796,51.748,477,1,579,489,54.112,45.701,473,44.206
1528,1528,50.933,404.378,553.687,37.792,51.746,478,1,579,489,54.112,45.701,473,44.206
1529,1529,50.967,404.312,553.686,37.786,51.746,481,1,579,489,54.112,45.701,473,44.206
1530,1530,51.000,404.206,553.615,37.776,51.740,479,1,579,489,54.112,45.701,473,44.206
1531,1531,51.033,404.006,553.597,37.758,51.738,480,1,579,489,54.112,45.701,473,44.206
1532,1532,51.067,403.948,553.560,37.752,51.735,489,1,579,489,54.112,45.701,473,44.206
1533,1533,51.100,403.899,553.520,37.748,51.731,487,1,579,489,54.112,45.701,473,44.206
1534,1534,51.133,403.919,553.468,37.749,51.726,485,1,579,489,54.112,45.701,473,44.206
1535,1535,51.167,403.907,553.464,37.748,51.726,485,1,579,489,54.112,45.701,473,44.206
1536,1536,51.200,403.798,553.401,37.738,51.720,485,1,579,489,54.112,45.701,473,44.206
1537,1537,51.233,403.688,553.335,37.728,51.714,486,1,579,489,54.112,45.701,473,44.206
1538,1538,51.267,403.738,553.408,37.733,51.720,489,1,579,489,54.112,45.701,473,44.206
1539,1539,51.300,403.586,553.397,37.718,51.719,490,1,579,489,54.112,45.701,473,44.206
1540,1540,51.333,403.517,553.393,37.712,51.719,485,1,579,489,54.112,45.701,473,44.206
1541,1541,51.367,403.272,553.434,37.689,51.723,476,1,579,489,54.112,45.701,473,44.206
1542,1542,51.400,403.231,553.461,37.685,51.725,480,1,579,489,54.112,45.701,473,44.206
1543,1543,51.433,403.204,553.451,37.683,51.724,482,1,579,489,54.112,45.701,473,44.206
1544,1544,51.467,403.265,553.427,37.688,51.722,479,1,579,489,54.112,45.701,473,44.206
1545,1545,51.500,403.252,553.372,37.687,51.717,486,1,579,489,54.112,45.701,473,44.206
1546,1546,51.533,402.744,553.297,37.640,51.710,476,1,579,489,54.112,45.701,473,44.206
1547,1547,51.567,402.620,553.252,37.628,51.706,482,1,579,489,54.112,45.701,473,44.206
1548,1548,51.600,402.639,553.248,37.630,51.705,484,1,579,489,54.112,45.701,473,44.206
1549,1549,51.633,402.832,553.196,37.648,51.701,478,1,579,489,54.112,45.701,473,44.206
1550,1550,51.667,402.610,553.222,37.627,51.703,485,1,579,489,54.112,45.701,473,44.206
1551,1551,51.700,402.570,553.262,37.623,51.707,477,1,579,489,54.112,45.701,473,44.206
1552,1552,51.733,402.219,553.159,37.591,51.697,468,1,579,489,54.112,45.701,473,44.206
1553,1553,51.767,402.350,553.343,37.603,51.714,457,1,579,489,54.112,45.701,473,44.206
1554,1554,51.800,401.941,553.341,37.565,51.714,446,1,579,489,54.112,45.701,473,44.206
1555,1555,51.833,401.881,553.224,37.559,51.703,457,1,579,489,54.112,45.701,473,44.206
1556,1556,51.867,401.646,553.265,37.537,51.707,433,1,579,489,54.112,45.701,473,44.206
1557,1557,51.900,400.815,553.113,37.459,51.693,434,1,579,489,54.112,45.701,473,44.206
1558,1558,51.933,400.359,553.102,37.417,51.692,429,1,579,489,54.112,45.701,473,44.206
1559,1559,51.967,399.873,553.121,37.371,51.694,418,1,579,489,54.112,45.701,473,44.206
1560,1560,52.000,399.414,553.036,37.328,51.686,422,1,579,489,54.112,45.701,473,44.206
1561,1561,52.033,399.723,553.049,37.357,51.687,416,1,579,489,54.112,45.701,473,44.206
1562,1562,52.067,399.625,553.079,37.348,51.690,425,1,579,489,54.112,45.701,473,44.206
1563,1563,52.100,399.530,553.190,37.339,51.700,417,1,579,489,54.112,45.701,473,44.206
1564,1564,52.133,399.807,553.354,37.365,51.715,428,1,579,489,54.112,45.701,473,44.206
1565,1565,52.167,399.879,553.599,37.372,51.738,424,1,579,489,54.112,45.701,473,44.206
1566,1566,52.200,400.069,553.758,37.390,51.753,431,1,579,489,54.112,45.701,473,44.206
1567,1567,52.233,400.287,553.948,37.410,51.771,432,1,579,489,54.112,45.701,473,44.206
1568,1568,52.267,400.342,554.082,37.415,51.783,432,1,579,489,54.112,45.701,473,44.206
1569,1569,52.300,400.527,554.272,37.432,51.801,428,1,579,489,54.112,45.701,473,44.206
1570,1570,52.333,400.390,554.276,37.420,51.802,435,1,579,489,54.112,45.701,473,44.206
1571,1571,52.367,400.539,554.336,37.434,51.807,433,1,579,489,54.112,45.701,473,44.206
1572,1572,52.400,400.376,554.328,37.418,51.806,435,1,579,489,54.112,45.701,473,44.206
1573,1573,52.433,400.343,554.378,37.415,51.811,439,1,579,489,54.112,45.701,473,44.206
1574,1574,52.467,400.195,554.342,37.401,51.808,440,1,579,489,54.112,45.701,473,44.206
1575,1575,52.500,400.024,554.413,37.385,51.814,431,1,579,489,54.112,45.701,473,44.206
1576,1576,52.533,399.906,554.393,37.374,51.812,446,1,579,489,54.112,45.701,473,44.206
1577,1577,52.567,399.654,554.252,37.351,51.799,455,1,579,489,54.112,45.701,473,44.206
1578,1578,52.600,399.024,554.055,37.292,51.781,455,1,579,489,54.112,45.701,473,44.206
1579,1579,52.633,398.696,553.753,37.261,51.753,461,1,579,489,54.112,45.701,473,44.206
1580,1580,52.667,398.060,553.477,37.202,51.727,472,1,579,489,54.112,45.701,473,44.206
1581,1581,52.700,397.637,553.385,37.162,51.718,472,1,579,489,54.112,45.701,473,44.206
1582,1582,52.733,397.587,553.284,37.158,51.709,476,1,579,489,54.112,45.701,473,44.206
1583,1583,52.767,397.214,553.070,37.123,51.689,480,1,579,489,54.112,45.701,473,44.206
1584,1584,52.800,396.979,553.008,37.101,51.683,479,1,579,489,54.112,45.701,473,44.206
1585,1585,52.833,396.820,552.904,37.086,51.673,477,1,579,489,54.112,45.701,473,44.206
1586,1586,52.867,396.442,552.796,37.051,51.663,488,1,579,489,54.112,45.701,473,44.206
1587,1587,52.900,396.078,552.550,37.017,51.640,495,1,579,489,54.112,45.701,473,44.206
1588,1588,52.933,395.918,552.479,37.002,51.634,500,1,579,489,54.112,45.701,473,44.206
1589,1589,52.967,395.602,552.357,36.972,51.622,509,1,579,489,54.112,45.701,473,44.206
1590,1590,53.000,395.146,552.164,36.930,51.604,515,1,579,489,54.112,45.701,473,44.206
1591,1591,53.033,394.687,551.976,36.887,51.587,525,1,579,489,54.112,45.701,473,44.206
1592,1592,53.067,394.349,551.826,36.855,51.572,515,1,579,489,54.112,45.701,473,44.206
1593,1593,53.100,394.312,551.796,36.852,51.570,511,1,579,489,54.112,45.701,473,44.206
1594,1594,53.133,394.202,551.791,36.841,51.569,509,1,579,489,54.112,45.701,473,44.206
1595,1595,53.167,393.892,551.738,36.812,51.564,512,1,579,489,54.112,45.701,473,44.206
1596,1596,53.200,393.652,551.741,36.790,51.565,508,1,579,489,54.112,45.701,473,44.206
1597,1597,53.233,393.780,551.790,36.802,51.569,506,1,579,489,54.112,45.701,473,44.206
1598,1598,53.267,394.173,551.919,36.839,51.581,505,1,579,489,54.112,45.701,473,44.206
1599,1599,53.300,394.620,552.034,36.880,51.592,506,1,579,489,54.112,45.701,473,44.206
1600,1600,53.333,394.184,551.887,36.840,51.578,504,1,579,489,54.112,45.701,473,44.206
1601,1601,53.367,394.126,551.862,36.834,51.576,503,1,579,489,54.112,45.701,473,44.206
1602,1602,53.400,393.791,551.786,36.803,51.569,503,1,579,489,54.112,45.701,473,44.206
1603,1603,53.433,393.811,551.858,36.805,51.576,491,1,579,489,54.112,45.701,473,44.206
1604,1604,53.467,393.388,551.695,36.765,51.560,483,1,579,489,54.112,45.701,473,44.206
1605,1605,53.500,393.276,551.690,36.755,51.560,482,1,579,489,54.112,45.701,473,44.206
1606,1606,53.533,392.962,551.637,36.725,51.555,473,1,579,489,54.112,45.701,473,44.206
1607,1607,53.567,392.807,551.566,36.711,51.548,469,1,579,489,54.112,45.701,473,44.206
1608,1608,53.600,392.639,551.551,36.695,51.547,467,1,579,489,54.112,45.701,473,44.206
1609,1609,53.633,392.512,551.486,36.683,51.541,461,1,579,489,54.112,45.701,473,44.206
1610,1610,53.667,392.178,551.418,36.652,51.534,455,1,579,489,54.112,45.701,473,44.206
1611,1611,53.700,392.078,551.402,36.643,51.533,454,1,579,489,54.112,45.701,473,44.206
1612,1612,53.733,391.494,551.339,36.588,51.527,454,1,579,489,54.112,45.701,473,44.206
1613,1613,53.767,391.746,551.462,36.612,51.539,457,1,579,489,54.112,45.701,473,44.206
1614,1614,53.800,391.814,551.543,36.618,51.546,461,1,579,489,54.112,45.701,473,44.206
1615,1615,53.833,391.845,551.549,36.621,51.547,460,1,579,489,54.112,45.701,473,44.206
1616,1616,53.867,391.997,551.655,36.635,51.557,458,1,579,489,54.112,45.701,473,44.206
1617,1617,53.900,392.296,551.809,36.663,51.571,448,1,579,489,54.112,45.701,473,44.206
1618,1618,53.933,392.464,551.901,36.679,51.580,453,1,579,489,54.112,45.701,473,44.206
1619,1619,53.967,392.511,551.951,36.683,51.584,453,1,579,489,54.112,45.701,473,44.206
1620,1620,54.000,392.277,551.869,36.661,51.577,454,1,579,489,54.112,45.701,473,44.206
1621,1621,54.033,392.603,552.082,36.692,51.596,441,1,579,489,54.112,45.701,473,44.206
1622,1622,54.067,392.216,551.896,36.656,51.579,443,1,579,489,54.112,45.701,473,44.206
1623,1623,54.100,392.156,551.820,36.650,51.572,446,1,579,489,54.112,45.701,473,44.206
1624,1624,54.133,392.051,551.803,36.640,51.570,449,1,579,489,54.112,45.701,473,44.206
1625,1625,54.167,392.051,551.801,36.640,51.570,457,1,579,489,54.112,45.701,473,44.206
1626,1626,54.200,392.176,551.784,36.652,51.569,464,1,579,489,54.112,45.701,473,44.206
1627,1627,54.233,391.766,551.448,36.614,51.537,460,1,579,489,54.112,45.701,473,44.206
1628,1628,54.267,391.518,551.318,36.590,51.525,470,1,579,489,54.112,45.701,473,44.206
1629,1629,54.300,391.541,551.325,36.593,51.526,461,1,579,489,54.112,45.701,473,44.206
1630,1630,54.333,391.279,551.216,36.568,51.515,459,1,579,489,54.112,45.701,473,44.206
1631,1631,54.367,391.134,551.178,36.555,51.512,459,1,579,489,54.112,45.701,473,44.206
1632,1632,54.400,391.301,551.184,36.570,51.513,456,1,579,489,54.112,45.701,473,44.206
1633,1633,54.433,391.509,551.373,36.590,51.530,446,1,579,489,54.112,45.701,473,44.206
1634,1634,54.467,391.517,551.394,36.590,51.532,452,1,579,489,54.112,45.701,473,44.206
1635,1635,54.500,391.635,551.434,36.601,51.536,448,1,579,489,54.112,45.701,473,44.206
1636,1636,54.533,391.746,551.493,36.612,51.541,444,1,579,489,54.112,45.701,473,44.206
1637,1637,54.567,391.728,551.480,36.610,51.540,446,1,579,489,54.112,45.701,473,44.206
1638,1638,54.600,392.039,551.596,36.639,51.551,440,1,579,489,54.112,45.701,473,44.206
1639,1639,54.633,392.124,551.650,36.647,51.556,439,1,579,489,54.112,45.701,473,44.206
1640,1640,54.667,392.176,551.649,36.652,51.556,438,1,579,489,54.112,45.701,473,44.206
1641,1641,54.700,392.256,551.711,36.659,51.562,434,1,579,489,54.112,45.701,473,44.206
1642,1642,54.733,392.317,551.686,36.665,51.559,431,1,579,489,54.112,45.701,473,44.206
1643,1643,54.767,392.429,551.720,36.676,51.563,424,1,579,489,54.112,45.701,473,44.206
1644,1644,54.800,392.359,551.663,36.669,51.557,431,1,579,489,54.112,45.701,473,44.206
1645,1645,54.833,392.426,551.751,36.675,51.566,433,1,579,489,54.112,45.701,473,44.206
1646,1646,54.867,392.306,551.720,36.664,51.563,427,1,579,489,54.112,45.701,473,44.206
1647,1647,54.900,392.058,551.573,36.641,51.549,439,1,579,489,54.112,45.701,473,44.206
1648,1648,54.933,392.143,551.608,36.649,51.552,434,1,579,489,54.112,45.701,473,44.206
1649,1649,54.967,392.088,551.558,36.644,51.547,444,1,579,489,54.112,45.701,473,44.206
1650,1650,55.000,392.019,551.477,36.637,51.540,441,1,579,489,54.112,45.701,473,44.206
1651,1651,55.033,391.753,551.434,36.612,51.536,449,1,579,489,54.112,45.701,473,44.206
1652,1652,55.067,391.572,551.363,36.596,51.529,450,1,579,489,54.112,45.701,473,44.206
1653,1653,55.100,391.543,551.323,36.593,51.526,449,1,579,489,54.112,45.701,473,44.206
1654,1654,55.133,391.467,551.251,36.586,51.519,450,1,579,489,54.112,45.701,473,44.206
1655,1655,55.167,391.347,551.291,36.574,51.523,457,1,579,489,54.112,45.701,473,44.206
1656,1656,55.200,391.106,551.161,36.552,51.510,464,1,579,489,54.112,45.701,473,44.206
1657,1657,55.233,390.772,550.988,36.521,51.494,462,1,579,489,54.112,45.701,473,44.206
1658,1658,55.267,390.575,550.871,36.502,51.483,471,1,579,489,54.112,45.701,473,44.206
1659,1659,55.300,390.608,550.838,36.505,51.480,473,1,579,489,54.112,45.701,473,44.206
1660,1660,55.333,390.549,550.863,36.500,51.483,467,1,579,489,54.112,45.701,473,44.206
1661,1661,55.367,390.386,550.727,36.485,51.470,468,1,579,489,54.112,45.701,473,44.206
1662,1662,55.400,390.468,550.735,36.492,51.471,473,1,579,489,54.112,45.701,473,44.206
1663,1663,55.433,390.137,550.639,36.461,51.462,481,1,579,489,54.112,45.701,473,44.206
1664,1664,55.467,390.619,550.867,36.506,51.483,467,1,579,489,54.112,45.701,473,44.206
1665,1665,55.500,391.157,551.075,36.557,51.502,454,1,579,489,54.112,45.701,473,44.206
1666,1666,55.533,391.648,551.436,36.603,51.536,439,1,579,489,54.112,45.701,473,44.206
1667,1667,55.567,391.899,551.546,36.626,51.546,430,1,579,489,54.112,45.701,473,44.206
1668,1668,55.600,392.114,551.641,36.646,51.555,429,1,579,489,54.112,45.701,473,44.206
1669,1669,55.633,392.188,551.727,36.653,51.563,427,1,579,489,54.112,45.701,473,44.206
1670,1670,55.667,392.834,551.962,36.713,51.585,429,1,579,489,54.112,45.701,473,44.206
1671,1671,55.700,392.973,552.024,36.726,51.591,423,1,579,489,54.112,45.701,473,44.206
1672,1672,55.733,393.070,552.049,36.735,51.593,420,1,579,489,54.112,45.701,473,44.206
1673,1673,55.767,393.254,552.167,36.753,51.604,423,1,579,489,54.112,45.701,473,44.206
1674,1674,55.800,393.236,552.152,36.751,51.603,417,1,579,489,54.112,45.701,473,44.206
1675,1675,55.833,393.290,552.175,36.756,51.605,417,1,579,489,54.112,45.701,473,44.206
1676,1676,55.867,393.504,552.283,36.776,51.615,411,1,579,489,54.112,45.701,473,44.206
1677,1677,55.900,393.532,552.305,36.779,51.617,409,1,579,489,54.112,45.701,473,44.206
1678,1678,55.933,393.466,552.251,36.773,51.612,408,1,579,489,54.112,45.701,473,44.206
1679,1679,55.967,393.610,552.323,36.786,51.619,413,1,579,489,54.112,45.701,473,44.206
1680,1680,56.000,393.477,552.249,36.774,51.612,406,1,579,489,54.112,45.701,473,44.206
1681,1681,56.033,393.540,552.405,36.779,51.627,399,1,579,489,54.112,45.701,473,44.206
1682,1682,56.067,393.297,552.295,36.757,51.616,401,1,579,489,54.112,45.701,473,44.206
1683,1683,56.100,393.314,552.357,36.758,51.622,399,1,579,489,54.112,45.701,473,44.206
1684,1684,56.133,393.398,552.372,36.766,51.624,407,1,579,489,54.112,45.701,473,44.206
1685,1685,56.167,392.970,552.257,36.726,51.613,410,1,579,489,54.112,45.701,473,44.206
1686,1686,56.200,392.852,552.267,36.715,51.614,415,1,579,489,54.112,45.701,473,44.206
1687,1687,56.233,392.601,552.252,36.692,51.612,423,1,579,489,54.112,45.701,473,44.206
1688,1688,56.267,392.140,552.178,36.649,51.605,437,1,579,489,54.112,45.701,473,44.206
1689,1689,56.300,391.964,552.145,36.632,51.602,440,1,579,489,54.112,45.701,473,44.206
1690,1690,56.333,391.777,552.074,36.615,51.596,445,1,579,489,54.112,45.701,473,44.206
1691,1691,56.367,391.518,552.059,36.590,51.594,452,1,579,489,54.112,45.701,473,44.206
1692,1692,56.400,391.151,552.011,36.556,51.590,462,1,579,489,54.112,45.701,473,44.206
1693,1693,56.433,390.659,551.921,36.510,51.581,473,1,579,489,54.112,45.701,473,44.206
1694,1694,56.467,390.447,551.813,36.490,51.571,469,1,579,489,54.112,45.701,473,44.206
1695,1695,56.500,390.365,551.805,36.483,51.571,473,1,579,489,54.112,45.701,473,44.206
1696,1696,56.533,390.177,551.676,36.465,51.558,477,1,579,489,54.112,45.701,473,44.206
1697,1697,56.567,390.410,551.722,36.487,51.563,466,1,579,489,54.112,45.701,473,44.206
1698,1698,56.600,391.170,551.829,36.558,51.573,443,1,579,489,54.112,45.701,473,44.206
1699,1699,56.633,391.935,552.038,36.629,51.592,442,1,579,489,54.112,45.701,473,44.206
1700,1700,56.667,391.991,552.037,36.635,51.592,434,1,579,489,54.112,45.701,473,44.206
1701,1701,56.700,392.342,552.159,36.667,51.604,426,1,579,489,54.112,45.701,473,44.206
1702,1702,56.733,392.403,552.214,36.673,51.609,435,1,579,489,54.112,45.701,473,44.206
1703,1703,56.767,392.528,552.273,36.685,51.614,432,1,579,489,54.112,45.701,473,44.206
1704,1704,56.800,392.669,552.220,36.698,51.609,437,1,579,489,54.112,45.701,473,44.206
1705,1705,56.833,392.437,552.165,36.676,51.604,426,1,579,489,54.112,45.701,473,44.206
1706,1706,56.867,392.445,552.228,36.677,51.610,422,1,579,489,54.112,45.701,473,44.206
1707,1707,56.900,392.408,552.281,36.674,51.615,424,1,579,489,54.112,45.701,473,44.206
1708,1708,56.933,392.605,552.454,36.692,51.631,426,1,579,489,54.112,45.701,473,44.206
1709,1709,56.967,392.364,552.441,36.670,51.630,427,1,579,489,54.112,45.701,473,44.206
1710,1710,57.000,392.363,552.523,36.669,51.638,429,1,579,489,54.112,45.701,473,44.206
1711,1711,57.033,392.490,552.613,36.681,51.646,424,1,579,489,54.112,45.701,473,44.206
1712,1712,57.067,392.414,552.671,36.674,51.652,427,1,579,489,54.112,45.701,473,44.206
1713,1713,57.100,392.637,552.812,36.695,51.665,429,1,579,489,54.112,45.701,473,44.206
1714,1714,57.133,392.906,552.922,36.720,51.675,425,1,579,489,54.112,45.701,473,44.206
1715,1715,57.167,393.118,552.968,36.740,51.679,426,1,579,489,54.112,45.701,473,44.206
1716,1716,57.200,393.292,553.094,36.756,51.691,422,1,579,489,54.112,45.701,473,44.206
1717,1717,57.233,393.505,553.231,36.776,51.704,415,1,579,489,54.112,45.701,473,44.206
1718,1718,57.267,393.815,553.388,36.805,51.719,421,1,579,489,54.112,45.701,473,44.206
1719,1719,57.300,393.740,553.395,36.798,51.719,422,1,579,489,54.112,45.701,473,44.206
1720,1720,57.333,393.706,553.372,36.795,51.717,421,1,579,489,54.112,45.701,473,44.206
1721,1721,57.367,393.751,553.406,36.799,51.720,421,1,579,489,54.112,45.701,473,44.206
1722,1722,57.400,393.665,553.486,36.791,51.728,426,1,579,489,54.112,45.701,473,44.206
1723,1723,57.433,393.667,553.481,36.791,51.727,425,1,579,489,54.112,45.701,473,44.206
1724,1724,57.467,393.375,553.437,36.764,51.723,426,1,579,489,54.112,45.701,473,44.206
1725,1725,57.500,393.365,553.384,36.763,51.718,422,1,579,489,54.112,45.701,473,44.206
1726,1726,57.533,393.545,553.499,36.780,51.729,428,1,579,489,54.112,45.701,473,44.206
1727,1727,57.567,393.499,553.532,36.776,51.732,426,1,579,489,54.112,45.701,473,44.206
1728,1728,57.600,393.545,553.559,36.780,51.735,425,1,579,489,54.112,45.701,473,44.206
1729,1729,57.633,393.625,553.558,36.787,51.734,418,1,579,489,54.112,45.701,473,44.206
1730,1730,57.667,393.772,553.624,36.801,51.741,418,1,579,489,54.112,45.701,473,44.206
1731,1731,57.700,393.792,553.672,36.803,51.745,421,1,579,489,54.112,45.701,473,44.206
1732,1732,57.733,393.729,553.514,36.797,51.730,421,1,579,489,54.112,45.701,473,44.206
1733,1733,57.767,393.429,553.623,36.769,51.740,428,1,579,489,54.112,45.701,473,44.206
1734,1734,57.800,393.604,553.649,36.785,51.743,421,1,579,489,54.112,45.701,473,44.206
1735,1735,57.833,393.648,553.742,36.789,51.752,418,1,579,489,54.112,45.701,473,44.206
1736,1736,57.867,393.689,553.731,36.793,51.751,421,1,579,489,54.112,45.701,473,44.206
1737,1737,57.900,393.420,553.742,36.768,51.752,417,1,579,489,54.112,45.701,473,44.206
1738,1738,57.933,393.507,553.880,36.776,51.765,417,1,579,489,54.112,45.701,473,44.206
1739,1739,57.967,393.543,553.841,36.780,51.761,422,1,579,489,54.112,45.701,473,44.206
1740,1740,58.000,393.576,553.838,36.783,51.761,431,1,579,489,54.112,45.701,473,44.206
1741,1741,58.033,393.535,553.872,36.779,51.764,425,1,579,489,54.112,45.701,473,44.206
1742,1742,58.067,393.576,553.917,36.783,51.768,434,1,579,489,54.112,45.701,473,44.206
1743,1743,58.100,393.774,553.965,36.801,51.772,433,1,579,489,54.112,45.701,473,44.206
1744,1744,58.133,393.715,553.999,36.796,51.776,433,1,579,489,54.112,45.701,473,44.206
1745,1745,58.167,393.460,554.009,36.772,51.777,441,1,579,489,54.112,45.701,473,44.206
1746,1746,58.200,393.455,553.941,36.771,51.770,442,1,579,489,54.112,45.701,473,44.206
1747,1747,58.233,393.479,553.986,36.774,51.774,441,1,579,489,54.112,45.701,473,44.206
1748,1748,58.267,393.444,554.083,36.771,51.783,440,1,579,489,54.112,45.701,473,44.206
1749,1749,58.300,393.101,554.090,36.738,51.784,441,1,579,489,54.112,45.701,473,44.206
1750,1750,58.333,392.987,554.172,36.728,51.792,435,1,579,489,54.112,45.701,473,44.206
1751,1751,58.367,392.970,554.170,36.726,51.792,436,1,579,489,54.112,45.701,473,44.206
1752,1752,58.400,393.231,554.317,36.751,51.805,434,1,579,489,54.112,45.701,473,44.206
1753,1753,58.433,393.162,554.321,36.744,51.806,429,1,579,489,54.112,45.701,473,44.206
1754,1754,58.467,393.077,554.314,36.736,51.805,432,1,579,489,54.112,45.701,473,44.206
1755,1755,58.500,393.106,554.299,36.739,51.804,432,1,579,489,54.112,45.701,473,44.206
1756,1756,58.533,392.946,554.303,36.724,51.804,436,1,579,489,54.112,45.701,473,44.206
1757,1757,58.567,392.975,554.301,36.727,51.804,449,1,579,489,54.112,45.701,473,44.206
1758,1758,58.600,393.063,554.449,36.735,51.818,459,1,579,489,54.112,45.701,473,44.206
1759,1759,58.633,393.097,554.518,36.738,51.824,462,1,579,489,54.112,45.701,473,44.206
1760,1760,58.667,392.700,554.435,36.701,51.816,459,1,579,489,54.112,45.701,473,44.206
1761,1761,58.700,392.535,554.535,36.686,51.826,468,1,579,489,54.112,45.701,473,44.206
1762,1762,58.733,392.367,554.532,36.670,51.825,468,1,579,489,54.112,45.701,473,44.206
1763,1763,58.767,392.235,554.581,36.657,51.830,471,1,579,489,54.112,45.701,473,44.206
1764,1764,58.800,392.450,554.662,36.678,51.838,474,1,579,489,54.112,45.701,473,44.206
1765,1765,58.833,392.149,554.637,36.649,51.835,472,1,579,489,54.112,45.701,473,44.206
1766,1766,58.867,392.286,554.684,36.662,51.840,478,1,579,489,54.112,45.701,473,44.206
1767,1767,58.900,392.074,554.596,36.642,51.831,471,1,579,489,54.112,45.701,473,44.206
1768,1768,58.933,392.087,554.571,36.644,51.829,469,1,579,489,54.112,45.701,473,44.206
1769,1769,58.967,391.950,554.656,36.631,51.837,482,1,579,489,54.112,45.701,473,44.206
1770,1770,59.000,391.666,554.652,36.604,51.837,482,1,579,489,54.112,45.701,473,44.206
1771,1771,59.033,391.663,554.625,36.604,51.834,481,1,579,489,54.112,45.701,473,44.206
1772,1772,59.067,391.793,554.651,36.616,51.837,489,1,579,489,54.112,45.701,473,44.206
1773,1773,59.100,391.702,554.605,36.608,51.832,486,1,579,489,54.112,45.701,473,44.206
1774,1774,59.133,391.675,554.661,36.605,51.837,482,1,579,489,54.112,45.701,473,44.206
1775,1775,59.167,391.510,554.608,36.590,51.833,480,1,579,489,54.112,45.701,473,44.206
1776,1776,59.200,391.332,554.765,36.573,51.847,488,1,579,489,54.112,45.701,473,44.206
1777,1777,59.233,391.144,554.667,36.556,51.838,484,1,579,489,54.112,45.701,473,44.206
1778,1778,59.267,391.094,554.728,36.551,51.844,487,1,579,489,54.112,45.701,473,44.206
1779,1779,59.300,391.064,554.725,36.548,51.843,485,1,579,489,54.112,45.701,473,44.206
1780,1780,59.333,391.030,554.666,36.545,51.838,497,1,579,489,54.112,45.701,473,44.206
1781,1781,59.367,391.347,554.655,36.574,51.837,493,1,579,489,54.112,45.701,473,44.206
1782,1782,59.400,391.360,554.643,36.576,51.836,488,1,579,489,54.112,45.701,473,44.206
1783,1783,59.433,391.276,554.677,36.568,51.839,487,1,579,489,54.112,45.701,473,44.206
1784,1784,59.467,391.329,554.645,36.573,51.836,485,1,579,489,54.112,45.701,473,44.206
1785,1785,59.500,391.190,554.655,36.560,51.837,486,1,579,489,54.112,45.701,473,44.206
1786,1786,59.533,391.165,554.687,36.557,51.840,488,1,579,489,54.112,45.701,473,44.206
1787,1787,59.567,390.908,554.704,36.533,51.842,503,1,579,489,54.112,45.701,473,44.206
1788,1788,59.600,390.741,554.655,36.518,51.837,502,1,579,489,54.112,45.701,473,44.206
1789,1789,59.633,390.781,554.643,36.522,51.836,502,1,579,489,54.112,45.701,473,44.206
1790,1790,59.667,390.881,554.632,36.531,51.835,501,1,579,489,54.112,45.701,473,44.206
1791,1791,59.700,390.832,554.586,36.526,51.830,501,1,579,489,54.112,45.701,473,44.206
1792,1792,59.733,390.661,554.639,36.510,51.835,502,1,579,489,54.112,45.701,473,44.206
1793,1793,59.767,390.767,554.623,36.520,51.834,503,1,579,489,54.112,45.701,473,44.206
1794,1794,59.800,390.822,554.617,36.525,51.833,503,1,579,489,54.112,45.701,473,44.206
1795,1795,59.833,390.403,554.737,36.486,51.845,506,1,579,489,54.112,45.701,473,44.206
1796,1796,59.867,390.366,554.726,36.483,51.844,504,1,579,489,54.112,45.701,473,44.206
1797,1797,59.900,390.598,554.683,36.505,51.840,507,1,579,489,54.112,45.701,473,44.206
1798,1798,59.933,390.464,554.676,36.492,51.839,506,1,579,489,54.112,45.701,473,44.206
1799,1799,59.967,390.494,554.711,36.495,51.842,508,1,579,489,54.112,45.701,473,44.206
1800,1800,60.000,390.571,554.736,36.502,51.844,510,1,579,489,54.112,45.701,473,44.206
1801,1801,60.033,390.263,554.885,36.473,51.858,527,1,579,489,54.112,45.701,473,44.206
1802,1802,60.067,390.419,554.768,36.488,51.848,518,1,579,489,54.112,45.701,473,44.206
1803,1803,60.100,390.446,554.818,36.490,51.852,516,1,579,489,54.112,45.701,473,44.206
1804,1804,60.133,390.553,554.740,36.500,51.845,515,1,579,489,54.112,45.701,473,44.206
1805,1805,60.167,390.552,554.739,36.500,51.845,515,1,579,489,54.112,45.701,473,44.206
1806,1806,60.200,390.685,554.673,36.513,51.839,510,1,579,489,54.112,45.701,473,44.206
1807,1807,60.233,390.713,554.642,36.515,51.836,510,1,579,489,54.112,45.701,473,44.206
1808,1808,60.267,390.648,554.682,36.509,51.839,509,1,579,489,54.112,45.701,473,44.206
1809,1809,60.300,390.593,554.643,36.504,51.836,506,1,579,489,54.112,45.701,473,44.206
1810,1810,60.333,390.682,554.676,36.512,51.839,509,1,579,489,54.112,45.701,473,44.206
1811,1811,60.367,390.624,554.699,36.507,51.841,513,1,579,489,54.112,45.701,473,44.206
1812,1812,60.400,390.481,554.735,36.494,51.844,513,1,579,489,54.112,45.701,473,44.206
1813,1813,60.433,390.462,554.721,36.492,51.843,512,1,579,489,54.112,45.701,473,44.206
1814,1814,60.467,390.499,554.738,36.495,51.845,514,1,579,489,54.112,45.701,473,44.206
1815,1815,60.500,390.499,554.738,36.495,51.845,514,1,579,489,54.112,45.701,473,44.206
1816,1816,60.533,390.519,554.665,36.497,51.838,509,1,579,489,54.112,45.701,473,44.206
1817,1817,60.567,390.567,554.723,36.502,51.843,508,1,579,489,54.112,45.701,473,44.206
1818,1818,60.600,390.289,554.734,36.476,51.844,511,1,579,489,54.112,45.701,473,44.206
1819,1819,60.633,390.315,554.640,36.478,51.836,505,1,579,489,54.112,45.701,473,44.206
1820,1820,60.667,390.357,554.682,36.482,51.839,504,1,579,489,54.112,45.701,473,44.206
1821,1821,60.700,390.478,554.725,36.493,51.843,504,1,579,489,54.112,45.701,473,44.206
1822,1822,60.733,390.501,554.689,36.495,51.840,501,1,579,489,54.112,45.701,473,44.206
1823,1823,60.767,390.510,554.700,36.496,51.841,500,1,579,489,54.112,45.701,473,44.206
1824,1824,60.800,390.489,554.786,36.494,51.849,494,1,579,489,54.112,45.701,473,44.206
1825,1825,60.833,390.515,554.747,36.497,51.845,486,1,579,489,54.112,45.701,473,44.206
1826,1826,60.867,390.712,554.772,36.515,51.848,493,1,579,489,54.112,45.701,473,44.206
1827,1827,60.900,390.828,554.832,36.526,51.853,499,1,579,489,54.112,45.701,473,44.206
1828,1828,60.933,390.686,554.777,36.513,51.848,493,1,579,489,54.112,45.701,473,44.206
1829,1829,60.967,390.941,554.737,36.537,51.845,493,1,579,489,54.112,45.701,473,44.206
1830,1830,61.000,391.221,554.583,36.563,51.830,484,1,579,489,54.112,45.701,473,44.206
1831,1831,61.033,391.083,554.487,36.550,51.821,461,1,579,489,54.112,45.701,473,44.206
1832,1832,61.067,391.447,554.431,36.584,51.816,463,1,579,489,54.112,45.701,473,44.206
1833,1833,61.100,391.867,554.388,36.623,51.812,463,1,579,489,54.112,45.701,473,44.206
1834,1834,61.133,391.918,554.300,36.628,51.804,457,1,579,489,54.112,45.701,473,44.206
1835,1835,61.167,392.258,554.273,36.660,51.801,455,1,579,489,54.112,45.701,473,44.206
1836,1836,61.200,392.415,554.080,36.674,51.783,440,1,579,489,54.112,45.701,473,44.206
1837,1837,61.233,392.704,554.061,36.701,51.781,440,1,579,489,54.112,45.701,473,44.206
1838,1838,61.267,392.842,553.936,36.714,51.770,432,1,579,489,54.112,45.701,473,44.206
1839,1839,61.300,393.546,554.011,36.780,51.777,430,1,579,489,54.112,45.701,473,44.206
1840,1840,61.333,393.595,553.979,36.785,51.774,433,1,579,489,54.112,45.701,473,44.206
1841,1841,61.367,393.829,553.939,36.806,51.770,423,1,579,489,54.112,45.701,473,44.206
1842,1842,61.400,393.962,553.868,36.819,51.763,416,1,579,489,54.112,45.701,473,44.206
1843,1843,61.433,394.114,553.875,36.833,51.764,417,1,579,489,54.112,45.701,473,44.206
1844,1844,61.467,394.326,553.822,36.853,51.759,425,1,579,489,54.112,45.701,473,44.206
1845,1845,61.500,395.042,553.909,36.920,51.767,418,1,579,489,54.112,45.701,473,44.206
1846,1846,61.533,394.876,553.889,36.904,51.765,415,1,579,489,54.112,45.701,473,44.206
1847,1847,61.567,395.283,553.992,36.942,51.775,419,1,579,489,54.112,45.701,473,44.206
1848,1848,61.600,395.320,554.013,36.946,51.777,416,1,579,489,54.112,45.701,473,44.206
1849,1849,61.633,395.329,553.873,36.947,51.764,410,1,579,489,54.112,45.701,473,44.206
1850,1850,61.667,395.369,553.873,36.950,51.764,416,1,579,489,54.112,45.701,473,44.206
1851,1851,61.700,395.488,553.897,36.962,51.766,411,1,579,489,54.112,45.701,473,44.206
1852,1852,61.733,395.387,553.888,36.952,51.765,409,1,579,489,54.112,45.701,473,44.206
1853,1853,61.767,395.562,553.906,36.968,51.767,413,1,579,489,54.112,45.701,473,44.206
1854,1854,61.800,395.701,553.928,36.981,51.769,405,1,579,489,54.112,45.701,473,44.206
1855,1855,61.833,395.341,553.847,36.948,51.761,412,1,579,489,54.112,45.701,473,44.206
1856,1856,61.867,395.161,553.699,36.931,51.748,406,1,579,489,54.112,45.701,473,44.206
1857,1857,61.900,395.169,553.656,36.932,51.744,408,1,579,489,54.112,45.701,473,44.206
1858,1858,61.933,395.533,553.690,36.966,51.747,416,1,579,489,54.112,45.701,473,44.206
1859,1859,61.967,395.446,553.633,36.958,51.741,403,1,579,489,54.112,45.701,473,44.206
1860,1860,62.000,395.561,553.715,36.968,51.749,406,1,579,489,54.112,45.701,473,44.206
1861,1861,62.033,395.926,553.990,37.002,51.775,406,1,579,489,54.112,45.701,473,44.206
1862,1862,62.067,395.684,553.802,36.980,51.757,409,1,579,489,54.112,45.701,473,44.206
1863,1863,62.100,395.707,553.781,36.982,51.755,409,1,579,489,54.112,45.701,473,44.206
1864,1864,62.133,395.927,553.932,37.002,51.769,410,1,579,489,54.112,45.701,473,44.206
1865,1865,62.167,395.804,553.817,36.991,51.759,414,1,579,489,54.112,45.701,473,44.206
1866,1866,62.200,395.852,553.857,36.996,51.762,413,1,579,489,54.112,45.701,473,44.206
1867,1867,62.233,395.750,553.782,36.986,51.755,418,1,579,489,54.112,45.701,473,44.206
1868,1868,62.267,395.568,553.810,36.969,51.758,419,1,579,489,54.112,45.701,473,44.206
1869,1869,62.300,395.596,553.767,36.972,51.754,424,1,579,489,54.112,45.701,473,44.206
1870,1870,62.333,395.693,553.718,36.981,51.749,422,1,579,489,54.112,45.701,473,44.206
1871,1871,62.367,395.692,553.716,36.981,51.749,422,1,579,489,54.112,45.701,473,44.206
1872,1872,62.400,395.478,553.541,36.961,51.733,430,1,579,489,54.112,45.701,473,44.206
1873,1873,62.433,395.169,553.549,36.932,51.734,418,1,579,489,54.112,45.701,473,44.206
1874,1874,62.467,395.501,553.511,36.963,51.730,422,1,579,489,54.112,45.701,473,44.206
1875,1875,62.500,395.491,553.469,36.962,51.726,416,1,579,489,54.112,45.701,473,44.206
1876,1876,62.533,395.540,553.458,36.966,51.725,414,1,579,489,54.112,45.701,473,44.206
1877,1877,62.567,395.628,553.490,36.975,51.728,418,1,579,489,54.112,45.701,473,44.206
1878,1878,62.600,395.569,553.462,36.969,51.725,420,1,579,489,54.112,45.701,473,44.206
1879,1879,62.633,395.647,553.469,36.976,51.726,418,1,579,489,54.112,45.701,473,44.206
1880,1880,62.667,395.371,553.187,36.951,51.700,418,1,579,489,54.112,45.701,473,44.206
1881,1881,62.700,395.599,553.355,36.972,51.715,419,1,579,489,54.112,45.701,473,44.206
1882,1882,62.733,395.612,553.441,36.973,51.723,420,1,579,489,54.112,45.701,473,44.206
1883,1883,62.767,395.745,553.523,36.986,51.731,415,1,579,489,54.112,45.701,473,44.206
1884,1884,62.800,395.697,553.334,36.981,51.713,422,1,579,489,54.112,45.701,473,44.206
1885,1885,62.833,395.637,553.298,36.975,51.710,419,1,579,489,54.112,45.701,473,44.206
1886,1886,62.867,395.614,553.086,36.973,51.690,424,1,579,489,54.112,45.701,473,44.206
1887,1887,62.900,395.664,553.101,36.978,51.692,420,1,579,489,54.112,45.701,473,44.206
1888,1888,62.933,395.622,553.044,36.974,51.686,421,1,579,489,54.112,45.701,473,44.206
1889,1889,62.967,395.751,553.042,36.986,51.686,417,1,579,489,54.112,45.701,473,44.206
1890,1890,63.000,395.604,552.955,36.972,51.678,422,1,579,489,54.112,45.701,473,44.206
1891,1891,63.033,395.675,552.869,36.979,51.670,423,1,579,489,54.112,45.701,473,44.206
1892,1892,63.067,395.768,552.785,36.988,51.662,416,1,579,489,54.112,45.701,473,44.206
1893,1893,63.100,395.524,552.336,36.965,51.620,426,1,579,489,54.112,45.701,473,44.206
1894,1894,63.133,395.511,552.295,36.964,51.616,431,1,579,489,54.112,45.701,473,44.206
1895,1895,63.167,395.621,552.539,36.974,51.639,423,1,579,489,54.112,45.701,473,44.206
1896,1896,63.200,395.558,552.214,36.968,51.609,432,1,579,489,54.112,45.701,473,44.206
1897,1897,63.233,395.386,552.017,36.952,51.590,435,1,579,489,54.112,45.701,473,44.206
1898,1898,63.267,395.316,551.926,36.945,51.582,443,1,579,489,54.112,45.701,473,44.206
1899,1899,63.300,395.249,551.894,36.939,51.579,436,1,579,489,54.112,45.701,473,44.206
1900,1900,63.333,395.278,551.912,36.942,51.581,437,1,579,489,54.112,45.701,473,44.206
1901,1901,63.367,395.008,551.765,36.917,51.567,444,1,579,489,54.112,45.701,473,44.206
1902,1902,63.400,394.985,551.665,36.914,51.557,445,1,579,489,54.112,45.701,473,44.206
1903,1903,63.433,394.903,551.307,36.907,51.524,453,1,579,489,54.112,45.701,473,44.206
1904,1904,63.467,394.767,551.282,36.894,51.522,455,1,579,489,54.112,45.701,473,44.206
1905,1905,63.500,394.828,551.285,36.900,51.522,452,1,579,489,54.112,45.701,473,44.206
1906,1906,63.533,394.753,551.120,36.893,51.507,455,1,579,489,54.112,45.701,473,44.206
1907,1907,63.567,394.827,551.149,36.900,51.509,444,1,579,489,54.112,45.701,473,44.206
1908,1908,63.600,394.816,551.036,36.899,51.499,450,1,579,489,54.112,45.701,473,44.206
1909,1909,63.633,394.631,550.989,36.881,51.494,460,1,579,489,54.112,45.701,473,44.206
1910,1910,63.667,394.582,550.874,36.877,51.484,464,1,579,489,54.112,45.701,473,44.206
1911,1911,63.700,394.562,550.818,36.875,51.478,460,1,579,489,54.112,45.701,473,44.206
1912,1912,63.733,394.333,550.601,36.854,51.458,447,1,579,489,54.112,45.701,473,44.206
1913,1913,63.767,394.366,550.563,36.857,51.454,447,1,579,489,54.112,45.701,473,44.206
1914,1914,63.800,394.346,550.492,36.855,51.448,446,1,579,489,54.112,45.701,473,44.206
1915,1915,63.833,394.330,550.481,36.853,51.447,444,1,579,489,54.112,45.701,473,44.206
1916,1916,63.867,394.325,550.475,36.853,51.446,443,1,579,489,54.112,45.701,473,44.206
1917,1917,63.900,394.266,550.424,36.847,51.441,439,1,579,489,54.112,45.701,473,44.206
1918,1918,63.933,394.268,550.282,36.848,51.428,434,1,579,489,54.112,45.701,473,44.206
1919,1919,63.967,394.299,550.381,36.850,51.437,432,1,579,489,54.112,45.701,473,44.206
1920,1920,64.000,394.349,550.173,36.855,51.418,444,1,579,489,54.112,45.701,473,44.206
1921,1921,64.033,394.543,550.866,36.873,51.483,414,1,579,489,54.112,45.701,473,44.206
1922,1922,64.067,394.466,550.625,36.866,51.460,424,1,579,489,54.112,45.701,473,44.206
1923,1923,64.100,394.299,550.613,36.850,51.459,431,1,579,489,54.112,45.701,473,44.206
1924,1924,64.133,394.172,550.484,36.839,51.447,433,1,579,489,54.112,45.701,473,44.206
1925,1925,64.167,394.108,550.480,36.833,51.447,431,1,579,489,54.112,45.701,473,44.206
1926,1926,64.200,394.250,550.419,36.846,51.441,426,1,579,489,54.112,45.701,473,44.206
1927,1927,64.233,394.123,550.438,36.834,51.443,431,1,579,489,54.112,45.701,473,44.206
1928,1928,64.267,393.997,550.226,36.822,51.423,436,1,579,489,54.112,45.701,473,44.206
1929,1929,64.300,393.855,550.201,36.809,51.421,433,1,579,489,54.112,45.701,473,44.206
1930,1930,64.333,393.741,550.080,36.798,51.409,431,1,579,489,54.112,45.701,473,44.206
1931,1931,64.367,393.630,550.008,36.788,51.403,430,1,579,489,54.112,45.701,473,44.206
1932,1932,64.400,393.484,549.803,36.774,51.383,429,1,579,489,54.112,45.701,473,44.206
1933,1933,64.433,393.410,549.713,36.767,51.375,426,1,579,489,54.112,45.701,473,44.206
1934,1934,64.467,393.273,549.629,36.755,51.367,422,1,579,489,54.112,45.701,473,44.206
1935,1935,64.500,392.859,549.055,36.716,51.314,422,1,579,489,54.112,45.701,473,44.206
1936,1936,64.533,392.613,548.724,36.693,51.283,411,1,579,489,54.112,45.701,473,44.206
1937,1937,64.567,392.427,548.498,36.675,51.261,408,1,579,489,54.112,45.701,473,44.206
1938,1938,64.600,392.213,548.406,36.655,51.253,399,1,579,489,54.112,45.701,473,44.206
1939,1939,64.633,392.066,548.131,36.642,51.227,405,1,579,489,54.112,45.701,473,44.206
1940,1940,64.667,391.625,547.621,36.601,51.180,405,1,579,489,54.112,45.701,473,44.206
1941,1941,64.700,391.478,547.273,36.587,51.147,412,1,579,489,54.112,45.701,473,44.206
1942,1942,64.733,391.267,546.965,36.567,51.118,417,1,579,489,54.112,45.701,473,44.206
1943,1943,64.767,391.017,546.642,36.544,51.088,422,1,579,489,54.112,45.701,473,44.206
1944,1944,64.800,391.021,546.962,36.544,51.118,421,1,579,489,54.112,45.701,473,44.206
1945,1945,64.833,390.881,547.042,36.531,51.125,420,1,579,489,54.112,45.701,473,44.206
1946,1946,64.867,390.761,547.055,36.520,51.127,422,1,579,489,54.112,45.701,473,44.206
1947,1947,64.900,390.639,547.137,36.508,51.134,430,1,579,489,54.112,45.701,473,44.206
1948,1948,64.933,390.616,547.254,36.506,51.145,423,1,579,489,54.112,45.701,473,44.206
1949,1949,64.967,390.497,547.383,36.495,51.157,430,1,579,489,54.112,45.701,473,44.206
1950,1950,65.000,390.372,547.356,36.483,51.155,429,1,579,489,54.112,45.701,473,44.206
1951,1951,65.033,390.402,547.650,36.486,51.182,431,1,579,489,54.112,45.701,473,44.206
1952,1952,65.067,390.326,547.897,36.479,51.205,430,1,579,489,54.112,45.701,473,44.206
1953,1953,65.100,390.354,548.131,36.482,51.227,423,1,579,489,54.112,45.701,473,44.206
1954,1954,65.133,390.404,548.325,36.486,51.245,420,1,579,489,54.112,45.701,473,44.206
1955,1955,65.167,390.364,548.331,36.483,51.246,420,1,579,489,54.112,45.701,473,44.206
1956,1956,65.200,390.427,548.248,36.488,51.238,426,1,579,489,54.112,45.701,473,44.206
1957,1957,65.233,390.558,548.544,36.501,51.266,420,1,579,489,54.112,45.701,473,44.206
1958,1958,65.267,390.584,548.442,36.503,51.256,420,1,579,489,54.112,45.701,473,44.206
1959,1959,65.300,390.638,548.382,36.508,51.251,418,1,579,489,54.112,45.701,473,44.206
1960,1960,65.333,390.581,548.270,36.503,51.240,421,1,579,489,54.112,45.701,473,44.206
1961,1961,65.367,390.550,548.215,36.500,51.235,420,1,579,489,54.112,45.701,473,44.206
1962,1962,65.400,390.654,548.172,36.510,51.231,416,1,579,489,54.112,45.701,473,44.206
1963,1963,65.433,390.695,547.914,36.514,51.207,425,1,579,489,54.112,45.701,473,44.206
1964,1964,65.467,390.661,547.942,36.510,51.210,418,1,579,489,54.112,45.701,473,44.206
1965,1965,65.500,390.622,547.618,36.507,51.179,427,1,579,489,54.112,45.701,473,44.206
1966,1966,65.533,390.568,547.387,36.502,51.158,427,1,579,489,54.112,45.701,473,44.206
1967,1967,65.567,390.574,547.194,36.502,51.140,428,1,579,489,54.112,45.701,473,44.206
1968,1968,65.600,390.386,546.432,36.485,51.068,444,1,579,489,54.112,45.701,473,44.206
1969,1969,65.633,390.339,546.366,36.480,51.062,445,1,579,489,54.112,45.701,473,44.206
1970,1970,65.667,390.302,546.035,36.477,51.031,442,1,579,489,54.112,45.701,473,44.206
1971,1971,65.700,390.328,545.999,36.479,51.028,440,1,579,489,54.112,45.701,473,44.206
1972,1972,65.733,390.244,545.693,36.471,50.999,447,1,579,489,54.112,45.701,473,44.206
1973,1973,65.767,390.257,545.727,36.473,51.003,446,1,579,489,54.112,45.701,473,44.206
1974,1974,65.800,390.205,545.338,36.468,50.966,446,1,579,489,54.112,45.701,473,44.206
1975,1975,65.833,390.151,545.085,36.463,50.942,448,1,579,489,54.112,45.701,473,44.206
1976,1976,65.867,390.133,545.014,36.461,50.936,444,1,579,489,54.112,45.701,473,44.206
1977,1977,65.900,389.824,544.469,36.432,50.885,450,1,579,489,54.112,45.701,473,44.206
1978,1978,65.933,389.636,543.817,36.415,50.824,447,1,579,489,54.112,45.701,473,44.206
1979,1979,65.967,389.530,543.346,36.405,50.780,447,1,579,489,54.112,45.701,473,44.206
1980,1980,66.000,389.257,542.586,36.379,50.709,455,1,579,489,54.112,45.701,473,44.206
1981,1981,66.033,388.916,541.985,36.347,50.653,460,1,579,489,54.112,45.701,473,44.206
1982,1982,66.067,388.827,541.662,36.339,50.623,472,1,579,489,54.112,45.701,473,44.206
1983,1983,66.100,388.811,541.510,36.337,50.608,467,1,579,489,54.112,45.701,473,44.206
1984,1984,66.133,388.603,541.411,36.318,50.599,464,1,579,489,54.112,45.701,473,44.206
1985,1985,66.167,388.677,541.355,36.325,50.594,457,1,579,489,54.112,45.701,473,44.206
1986,1986,66.200,388.555,541.181,36.314,50.578,458,1,579,489,54.112,45.701,473,44.206
1987,1987,66.233,388.559,541.351,36.314,50.594,463,1,579,489,54.112,45.701,473,44.206
1988,1988,66.267,388.563,541.301,36.314,50.589,472,1,579,489,54.112,45.701,473,44.206
1989,1989,66.300,388.622,541.446,36.320,50.602,470,1,579,489,54.112,45.701,473,44.206
1990,1990,66.333,388.562,541.451,36.314,50.603,466,1,579,489,54.112,45.701,473,44.206
1991,1991,66.367,388.557,541.751,36.314,50.631,459,1,579,489,54.112,45.701,473,44.206
1992,1992,66.400,388.578,541.414,36.316,50.599,457,1,579,489,54.112,45.701,473,44.206
1993,1993,66.433,388.615,541.579,36.319,50.615,452,1,579,489,54.112,45.701,473,44.206
1994,1994,66.467,388.578,541.546,36.316,50.612,453,1,579,489,54.112,45.701,473,44.206
1995,1995,66.500,388.539,541.592,36.312,50.616,445,1,579,489,54.112,45.701,473,44.206
1996,1996,66.533,388.300,541.230,36.290,50.582,463,1,579,489,54.112,45.701,473,44.206
1997,1997,66.567,388.313,541.631,36.291,50.620,452,1,579,489,54.112,45.701,473,44.206
1998,1998,66.600,388.131,541.226,36.274,50.582,441,1,579,489,54.112,45.701,473,44.206
1999,1999,66.633,388.212,541.306,36.281,50.589,439,1,579,489,54.112,45.701,473,44.206
2000,2000,66.667,388.155,541.208,36.276,50.580,435,1,579,489,54.112,45.701,473,44.206
2001,2001,66.700,388.191,541.337,36.280,50.592,432,1,579,489,54.112,45.701,473,44.206
2002,2002,66.733,388.306,541.741,36.290,50.630,418,1,579,489,54.112,45.701,473,44.206
2003,2003,66.767,388.189,541.370,36.279,50.595,428,1,579,489,54.112,45.701,473,44.206
2004,2004,66.800,388.136,540.995,36.274,50.560,439,1,579,489,54.112,45.701,473,44.206
2005,2005,66.833,388.215,541.271,36.282,50.586,431,1,579,489,54.112,45.701,473,44.206
2006,2006,66.867,388.139,541.273,36.275,50.586,434,1,579,489,54.112,45.701,473,44.206
2007,2007,66.900,388.206,541.687,36.281,50.625,427,1,579,489,54.112,45.701,473,44.206
2008,2008,66.933,388.258,541.622,36.286,50.619,424,1,579,489,54.112,45.701,473,44.206
2009,2009,66.967,388.396,541.973,36.299,50.652,437,1,579,489,54.112,45.701,473,44.206
2010,2010,67.000,388.198,541.620,36.280,50.619,433,1,579,489,54.112,45.701,473,44.206
2011,2011,67.033,388.201,541.564,36.280,50.613,429,1,579,489,54.112,45.701,473,44.206
2012,2012,67.067,388.116,541.355,36.272,50.594,435,1,579,489,54.112,45.701,473,44.206
2013,2013,67.100,388.074,541.240,36.269,50.583,435,1,579,489,54.112,45.701,473,44.206
2014,2014,67.133,388.057,540.952,36.267,50.556,439,1,579,489,54.112,45.701,473,44.206
2015,2015,67.167,387.985,540.693,36.260,50.532,439,1,579,489,54.112,45.701,473,44.206
2016,2016,67.200,387.913,540.601,36.254,50.523,443,1,579,489,54.112,45.701,473,44.206
2017,2017,67.233,387.805,540.464,36.244,50.511,446,1,579,489,54.112,45.701,473,44.206
2018,2018,67.267,387.634,540.000,36.227,50.467,459,1,579,489,54.112,45.701,473,44.206
2019,2019,67.300,387.546,539.625,36.219,50.432,465,1,579,489,54.112,45.701,473,44.206
2020,2020,67.333,387.524,539.596,36.217,50.430,464,1,579,489,54.112,45.701,473,44.206
2021,2021,67.367,387.501,539.525,36.215,50.423,471,1,579,489,54.112,45.701,473,44.206
2022,2022,67.400,387.386,539.013,36.204,50.375,487,1,579,489,54.112,45.701,473,44.206
2023,2023,67.433,387.337,538.906,36.200,50.365,487,1,579,489,54.112,45.701,473,44.206
2024,2024,67.467,387.467,539.072,36.212,50.381,479,1,579,489,54.112,45.701,473,44.206
2025,2025,67.500,387.454,539.148,36.211,50.388,471,1,579,489,54.112,45.701,473,44.206
2026,2026,67.533,387.528,539.189,36.218,50.392,478,1,579,489,54.112,45.701,473,44.206
2027,2027,67.567,387.438,538.906,36.209,50.365,482,1,579,489,54.112,45.701,473,44.206
2028,2028,67.600,387.331,538.812,36.199,50.356,476,1,579,489,54.112,45.701,473,44.206
2029,2029,67.633,387.339,538.739,36.200,50.349,477,1,579,489,54.112,45.701,473,44.206
2030,2030,67.667,387.296,538.410,36.196,50.319,479,1,579,489,54.112,45.701,473,44.206
2031,2031,67.700,387.312,538.459,36.197,50.323,483,1,579,489,54.112,45.701,473,44.206
2032,2032,67.733,387.282,538.291,36.195,50.308,482,1,579,489,54.112,45.701,473,44.206
2033,2033,67.767,387.231,538.215,36.190,50.300,476,1,579,489,54.112,45.701,473,44.206
2034,2034,67.800,387.241,537.958,36.191,50.276,487,1,579,489,54.112,45.701,473,44.206
2035,2035,67.833,387.173,537.879,36.184,50.269,479,1,579,489,54.112,45.701,473,44.206
2036,2036,67.867,387.173,537.942,36.184,50.275,483,1,579,489,54.112,45.701,473,44.206
2037,2037,67.900,387.032,537.494,36.171,50.233,477,1,579,489,54.112,45.701,473,44.206
2038,2038,67.933,386.774,536.654,36.147,50.155,473,1,579,489,54.112,45.701,473,44.206
2039,2039,67.967,386.646,536.222,36.135,50.114,468,1,579,489,54.112,45.701,473,44.206
2040,2040,68.000,386.721,536.392,36.142,50.130,478,1,579,489,54.112,45.701,473,44.206
2041,2041,68.033,386.815,536.619,36.151,50.151,450,1,579,489,54.112,45.701,473,44.206
2042,2042,68.067,386.450,535.792,36.117,50.074,463,1,579,489,54.112,45.701,473,44.206
2043,2043,68.100,386.377,535.507,36.110,50.047,465,1,579,489,54.112,45.701,473,44.206
2044,2044,68.133,386.315,535.184,36.104,50.017,455,1,579,489,54.112,45.701,473,44.206
2045,2045,68.167,386.030,534.580,36.078,49.961,454,1,579,489,54.112,45.701,473,44.206
2046,2046,68.200,386.026,534.474,36.077,49.951,451,1,579,489,54.112,45.701,473,44.206
2047,2047,68.233,385.986,534.355,36.073,49.940,445,1,579,489,54.112,45.701,473,44.206
2048,2048,68.267,385.960,534.376,36.071,49.942,446,1,579,489,54.112,45.701,473,44.206
2049,2049,68.300,385.914,534.320,36.067,49.936,443,1,579,489,54.112,45.701,473,44.206
2050,2050,68.333,385.811,534.254,36.057,49.930,445,1,579,489,54.112,45.701,473,44.206
2051,2051,68.367,385.849,534.328,36.061,49.937,449,1,579,489,54.112,45.701,473,44.206
2052,2052,68.400,385.893,534.607,36.065,49.963,447,1,579,489,54.112,45.701,473,44.206
2053,2053,68.433,385.864,534.541,36.062,49.957,443,1,579,489,54.112,45.701,473,44.206
2054,2054,68.467,385.900,534.656,36.065,49.968,449,1,579,489,54.112,45.701,473,44.206
2055,2055,68.500,385.824,534.666,36.058,49.969,452,1,579,489,54.112,45.701,473,44.206
2056,2056,68.533,385.852,534.939,36.061,49.994,443,1,579,489,54.112,45.701,473,44.206
2057,2057,68.567,385.843,535.014,36.060,50.001,436,1,579,489,54.112,45.701,473,44.206
2058,2058,68.600,385.835,534.945,36.059,49.995,444,1,579,489,54.112,45.701,473,44.206
2059,2059,68.633,385.875,535.157,36.063,50.015,442,1,579,489,54.112,45.701,473,44.206
2060,2060,68.667,385.871,535.140,36.063,50.013,441,1,579,489,54.112,45.701,473,44.206
2061,2061,68.700,385.830,535.095,36.059,50.009,443,1,579,489,54.112,45.701,473,44.206
2062,2062,68.733,385.844,535.159,36.060,50.015,442,1,579,489,54.112,45.701,473,44.206
2063,2063,68.767,385.804,535.093,36.056,50.009,441,1,579,489,54.112,45.701,473,44.206
2064,2064,68.800,385.934,535.422,36.069,50.039,446,1,579,489,54.112,45.701,473,44.206
2065,2065,68.833,385.905,535.190,36.066,50.018,445,1,579,489,54.112,45.701,473,44.206
2066,2066,68.867,385.802,535.271,36.056,50.025,445,1,579,489,54.112,45.701,473,44.206
2067,2067,68.900,385.884,535.190,36.064,50.018,443,1,579,489,54.112,45.701,473,44.206
2068,2068,68.933,385.887,535.168,36.064,50.016,443,1,579,489,54.112,45.701,473,44.206
2069,2069,68.967,385.873,535.207,36.063,50.019,443,1,579,489,54.112,45.701,473,44.206
2070,2070,69.000,385.895,534.994,36.065,49.999,443,1,579,489,54.112,45.701,473,44.206
2071,2071,69.033,385.845,534.811,36.060,49.982,455,1,579,489,54.112,45.701,473,44.206
2072,2072,69.067,385.805,534.704,36.057,49.972,450,1,579,489,54.112,45.701,473,44.206
2073,2073,69.100,385.809,534.724,36.057,49.974,446,1,579,489,54.112,45.701,473,44.206
2074,2074,69.133,385.746,534.608,36.051,49.963,450,1,579,489,54.112,45.701,473,44.206
2075,2075,69.167,385.609,534.294,36.038,49.934,463,1,579,489,54.112,45.701,473,44.206
2076,2076,69.200,385.575,534.183,36.035,49.924,470,1,579,489,54.112,45.701,473,44.206
2077,2077,69.233,385.545,534.196,36.032,49.925,467,1,579,489,54.112,45.701,473,44.206
2078,2078,69.267,385.489,534.105,36.027,49.916,472,1,579,489,54.112,45.701,473,44.206
2079,2079,69.300,385.442,533.927,36.023,49.900,468,1,579,489,54.112,45.701,473,44.206
2080,2080,69.333,385.444,534.002,36.023,49.907,471,1,579,489,54.112,45.701,473,44.206
2081,2081,69.367,385.437,534.009,36.022,49.907,470,1,579,489,54.112,45.701,473,44.206
2082,2082,69.400,385.482,533.960,36.026,49.903,465,1,579,489,54.112,45.701,473,44.206
2083,2083,69.433,385.441,533.663,36.023,49.875,465,1,579,489,54.112,45.701,473,44.206
2084,2084,69.467,385.397,533.722,36.018,49.881,476,1,579,489,54.112,45.701,473,44.206
2085,2085,69.500,385.321,533.511,36.011,49.861,480,1,579,489,54.112,45.701,473,44.206
2086,2086,69.533,385.305,533.394,36.010,49.850,485,1,579,489,54.112,45.701,473,44.206
2087,2087,69.567,385.215,533.151,36.001,49.827,485,1,579,489,54.112,45.701,473,44.206
2088,2088,69.600,385.162,532.772,35.996,49.792,484,1,579,489,54.112,45.701,473,44.206
2089,2089,69.633,385.049,532.446,35.986,49.761,491,1,579,489,54.112,45.701,473,44.206
2090,2090,69.667,384.996,532.267,35.981,49.745,500,1,579,489,54.112,45.701,473,44.206
2091,2091,69.700,384.964,532.168,35.978,49.735,501,1,579,489,54.112,45.701,473,44.206
2092,2092,69.733,384.945,532.198,35.976,49.738,497,1,579,489,54.112,45.701,473,44.206
2093,2093,69.767,384.837,531.852,35.966,49.706,492,1,579,489,54.112,45.701,473,44.206
2094,2094,69.800,384.998,532.230,35.981,49.741,484,1,579,489,54.112,45.701,473,44.206
2095,2095,69.833,384.978,532.170,35.979,49.736,482,1,579,489,54.112,45.701,473,44.206
2096,2096,69.867,384.959,532.138,35.977,49.732,482,1,579,489,54.112,45.701,473,44.206
2097,2097,69.900,384.768,531.396,35.960,49.663,489,1,579,489,54.112,45.701,473,44.206
2098,2098,69.933,384.807,531.444,35.963,49.668,485,1,579,489,54.112,45.701,473,44.206
2099,2099,69.967,384.693,531.051,35.953,49.631,480,1,579,489,54.112,45.701,473,44.206
2100,2100,70.000,384.518,530.319,35.936,49.562,468,1,579,489,54.112,45.701,473,44.206
2101,2101,70.033,384.340,529.800,35.920,49.514,460,1,579,489,54.112,45.701,473,44.206
2102,2102,70.067,384.230,529.368,35.909,49.474,449,1,579,489,54.112,45.701,473,44.206
2103,2103,70.100,384.136,529.079,35.901,49.447,436,1,579,489,54.112,45.701,473,44.206
2104,2104,70.133,384.074,528.819,35.895,49.422,434,1,579,489,54.112,45.701,473,44.206
2105,2105,70.167,383.978,528.376,35.886,49.381,423,1,579,489,54.112,45.701,473,44.206
2106,2106,70.200,383.951,528.287,35.883,49.373,423,1,579,489,54.112,45.701,473,44.206
2107,2107,70.233,383.924,528.075,35.881,49.353,420,1,579,489,54.112,45.701,473,44.206
2108,2108,70.267,383.854,528.065,35.874,49.352,425,1,579,489,54.112,45.701,473,44.206
2109,2109,70.300,383.920,527.928,35.880,49.339,414,1,579,489,54.112,45.701,473,44.206
2110,2110,70.333,383.887,527.888,35.877,49.335,418,1,579,489,54.112,45.701,473,44.206
2111,2111,70.367,383.883,527.875,35.877,49.334,416,1,579,489,54.112,45.701,473,44.206
2112,2112,70.400,384.103,528.317,35.897,49.375,424,1,579,489,54.112,45.701,473,44.206
2113,2113,70.433,384.089,528.238,35.896,49.368,421,1,579,489,54.112,45.701,473,44.206
2114,2114,70.467,384.126,528.266,35.900,49.371,419,1,579,489,54.112,45.701,473,44.206
2115,2115,70.500,384.183,528.633,35.905,49.405,421,1,579,489,54.112,45.701,473,44.206
2116,2116,70.533,384.315,528.783,35.917,49.419,410,1,579,489,54.112,45.701,473,44.206
2117,2117,70.567,384.348,528.691,35.920,49.410,411,1,579,489,54.112,45.701,473,44.206
2118,2118,70.600,384.353,528.592,35.921,49.401,415,1,579,489,54.112,45.701,473,44.206
2119,2119,70.633,384.483,528.830,35.933,49.423,408,1,579,489,54.112,45.701,473,44.206
2120,2120,70.667,384.476,528.805,35.932,49.421,412,1,579,489,54.112,45.701,473,44.206
2121,2121,70.700,384.348,527.957,35.920,49.342,430,1,579,489,54.112,45.701,473,44.206
2122,2122,70.733,384.253,527.753,35.912,49.323,433,1,579,489,54.112,45.701,473,44.206
2123,2123,70.767,384.215,527.577,35.908,49.306,436,1,579,489,54.112,45.701,473,44.206
2124,2124,70.800,384.231,527.502,35.909,49.299,441,1,579,489,54.112,45.701,473,44.206
2125,2125,70.833,383.929,526.827,35.881,49.236,449,1,579,489,54.112,45.701,473,44.206
2126,2126,70.867,383.869,526.602,35.876,49.215,458,1,579,489,54.112,45.701,473,44.206
2127,2127,70.900,383.800,526.236,35.869,49.181,448,1,579,489,54.112,45.701,473,44.206
2128,2128,70.933,383.680,525.856,35.858,49.145,460,1,579,489,54.112,45.701,473,44.206
2129,2129,70.967,383.638,525.786,35.854,49.139,461,1,579,489,54.112,45.701,473,44.206
2130,2130,71.000,383.561,525.528,35.847,49.115,466,1,579,489,54.112,45.701,473,44.206
2131,2131,71.033,383.524,525.345,35.843,49.098,465,1,579,489,54.112,45.701,473,44.206
2132,2132,71.067,383.475,525.187,35.839,49.083,468,1,579,489,54.112,45.701,473,44.206
2133,2133,71.100,383.649,525.418,35.855,49.105,487,1,579,489,54.112,45.701,473,44.206
2134,2134,71.133,383.394,524.782,35.831,49.045,477,1,579,489,54.112,45.701,473,44.206
2135,2135,71.167,383.363,524.624,35.828,49.030,481,1,579,489,54.112,45.701,473,44.206
2136,2136,71.200,383.274,524.515,35.820,49.020,489,1,579,489,54.112,45.701,473,44.206
2137,2137,71.233,383.402,524.485,35.832,49.017,489,1,579,489,54.112,45.701,473,44.206
2138,2138,71.267,383.310,524.393,35.823,49.009,484,1,579,489,54.112,45.701,473,44.206
2139,2139,71.300,383.151,523.938,35.809,48.966,489,1,579,489,54.112,45.701,473,44.206
2140,2140,71.333,383.141,523.751,35.808,48.949,482,1,579,489,54.112,45.701,473,44.206
2141,2141,71.367,383.156,523.548,35.809,48.930,483,1,579,489,54.112,45.701,473,44.206
2142,2142,71.400,382.986,523.348,35.793,48.911,479,1,579,489,54.112,45.701,473,44.206
2143,2143,71.433,382.947,523.056,35.789,48.884,472,1,579,489,54.112,45.701,473,44.206
2144,2144,71.467,382.789,522.633,35.775,48.844,471,1,579,489,54.112,45.701,473,44.206
2145,2145,71.500,382.610,522.043,35.758,48.789,457,1,579,489,54.112,45.701,473,44.206
2146,2146,71.533,382.686,521.976,35.765,48.783,460,1,579,489,54.112,45.701,473,44.206
2147,2147,71.567,382.609,521.560,35.758,48.744,454,1,579,489,54.112,45.701,473,44.206
2148,2148,71.600,382.419,520.808,35.740,48.674,455,1,579,489,54.112,45.701,473,44.206
2149,2149,71.633,382.445,520.676,35.743,48.661,451,1,579,489,54.112,45.701,473,44.206
2150,2150,71.667,382.292,520.542,35.728,48.649,443,1,579,489,54.112,45.701,473,44.206
2151,2151,71.700,382.157,520.144,35.716,48.612,443,1,579,489,54.112,45.701,473,44.206
2152,2152,71.733,382.262,520.219,35.725,48.619,439,1,579,489,54.112,45.701,473,44.206
2153,2153,71.767,382.261,520.024,35.725,48.600,443,1,579,489,54.112,45.701,473,44.206
2154,2154,71.800,382.295,520.039,35.729,48.602,438,1,579,489,54.112,45.701,473,44.206
2155,2155,71.833,382.367,520.255,35.735,48.622,438,1,579,489,54.112,45.701,473,44.206
2156,2156,71.867,382.481,520.349,35.746,48.631,435,1,579,489,54.112,45.701,473,44.206
2157,2157,71.900,382.523,520.719,35.750,48.665,423,1,579,489,54.112,45.701,473,44.206
2158,2158,71.933,382.585,520.777,35.756,48.671,428,1,579,489,54.112,45.701,473,44.206
2159,2159,71.967,382.509,520.555,35.748,48.650,428,1,579,489,54.112,45.701,473,44.206
2160,2160,72.000,382.610,520.782,35.758,48.671,424,1,579,489,54.112,45.701,473,44.206
2161,2161,72.033,382.667,520.826,35.763,48.675,419,1,579,489,54.112,45.701,473,44.206
2162,2162,72.067,382.664,521.038,35.763,48.695,419,1,579,489,54.112,45.701,473,44.206
2163,2163,72.100,382.680,520.948,35.764,48.687,422,1,579,489,54.112,45.701,473,44.206
2164,2164,72.133,382.713,520.941,35.768,48.686,423,1,579,489,54.112,45.701,473,44.206
2165,2165,72.167,382.721,520.850,35.768,48.678,427,1,579,489,54.112,45.701,473,44.206
2166,2166,72.200,382.700,520.817,35.766,48.674,429,1,579,489,54.112,45.701,473,44.206
2167,2167,72.233,382.688,520.683,35.765,48.662,432,1,579,489,54.112,45.701,473,44.206
2168,2168,72.267,382.594,520.305,35.756,48.627,432,1,579,489,54.112,45.701,473,44.206
2169,2169,72.300,382.507,520.097,35.748,48.607,437,1,579,489,54.112,45.701,473,44.206
2170,2170,72.333,382.424,519.852,35.741,48.584,440,1,579,489,54.112,45.701,473,44.206
2171,2171,72.367,382.328,519.658,35.732,48.566,445,1,579,489,54.112,45.701,473,44.206
2172,2172,72.400,382.209,519.316,35.721,48.534,450,1,579,489,54.112,45.701,473,44.206
2173,2173,72.433,382.020,518.680,35.703,48.475,468,1,579,489,54.112,45.701,473,44.206
2174,2174,72.467,381.953,518.593,35.697,48.467,473,1,579,489,54.112,45.701,473,44.206
2175,2175,72.500,381.773,518.088,35.680,48.419,483,1,579,489,54.112,45.701,473,44.206
2176,2176,72.533,381.754,518.059,35.678,48.417,483,1,579,489,54.112,45.701,473,44.206
2177,2177,72.567,381.666,518.029,35.670,48.414,489,1,579,489,54.112,45.701,473,44.206
2178,2178,72.600,381.646,517.654,35.668,48.379,488,1,579,489,54.112,45.701,473,44.206
2179,2179,72.633,381.594,517.381,35.663,48.353,484,1,579,489,54.112,45.701,473,44.206
2180,2180,72.667,381.523,517.054,35.656,48.323,490,1,579,489,54.112,45.701,473,44.206
2181,2181,72.700,381.409,516.792,35.646,48.298,490,1,579,489,54.112,45.701,473,44.206
2182,2182,72.733,381.224,516.330,35.628,48.255,500,1,579,489,54.112,45.701,473,44.206
2183,2183,72.767,381.095,516.030,35.616,48.227,509,1,579,489,54.112,45.701,473,44.206
2184,2184,72.800,381.125,516.381,35.619,48.260,509,1,579,489,54.112,45.701,473,44.206
2185,2185,72.833,381.113,516.041,35.618,48.228,502,1,579,489,54.112,45.701,473,44.206
2186,2186,72.867,380.983,515.750,35.606,48.201,495,1,579,489,54.112,45.701,473,44.206
2187,2187,72.900,380.978,515.717,35.605,48.198,494,1,579,489,54.112,45.701,473,44.206
2188,2188,72.933,380.937,515.616,35.602,48.188,497,1,579,489,54.112,45.701,473,44.206
2189,2189,72.967,380.892,515.571,35.597,48.184,499,1,579,489,54.112,45.701,473,44.206
2190,2190,73.000,380.806,514.959,35.589,48.127,491,1,579,489,54.112,45.701,473,44.206
2191,2191,73.033,380.778,514.739,35.587,48.106,480,1,579,489,54.112,45.701,473,44.206
2192,2192,73.067,380.590,514.343,35.569,48.069,488,1,579,489,54.112,45.701,473,44.206
2193,2193,73.100,380.383,513.598,35.550,48.000,478,1,579,489,54.112,45.701,473,44.206
2194,2194,73.133,380.444,513.604,35.556,48.000,470,1,579,489,54.112,45.701,473,44.206
2195,2195,73.167,380.262,513.178,35.539,47.961,455,1,579,489,54.112,45.701,473,44.206
2196,2196,73.200,380.142,512.775,35.527,47.923,443,1,579,489,54.112,45.701,473,44.206
2197,2197,73.233,380.111,512.618,35.524,47.908,434,1,579,489,54.112,45.701,473,44.206
2198,2198,73.267,380.074,512.443,35.521,47.892,433,1,579,489,54.112,45.701,473,44.206
2199,2199,73.300,380.206,512.468,35.533,47.894,436,1,579,489,54.112,45.701,473,44.206
2200,2200,73.333,380.034,512.077,35.517,47.858,429,1,579,489,54.112,45.701,473,44.206
2201,2201,73.367,380.093,512.067,35.523,47.857,432,1,579,489,54.112,45.701,473,44.206
2202,2202,73.400,380.220,512.032,35.535,47.853,427,1,579,489,54.112,45.701,473,44.206
2203,2203,73.433,380.253,512.100,35.538,47.860,428,1,579,489,54.112,45.701,473,44.206
2204,2204,73.467,380.365,512.353,35.548,47.883,434,1,579,489,54.112,45.701,473,44.206
2205,2205,73.500,380.431,512.431,35.554,47.891,434,1,579,489,54.112,45.701,473,44.206
2206,2206,73.533,380.501,512.502,35.561,47.897,430,1,579,489,54.112,45.701,473,44.206
2207,2207,73.567,380.561,512.400,35.566,47.888,433,1,579,489,54.112,45.701,473,44.206
2208,2208,73.600,380.661,512.727,35.576,47.918,415,1,579,489,54.112,45.701,473,44.206
2209,2209,73.633,380.606,512.542,35.571,47.901,427,1,579,489,54.112,45.701,473,44.206
2210,2210,73.667,380.579,512.230,35.568,47.872,429,1,579,489,54.112,45.701,473,44.206
2211,2211,73.700,380.464,512.214,35.557,47.870,433,1,579,489,54.112,45.701,473,44.206
2212,2212,73.733,380.394,511.993,35.551,47.850,435,1,579,489,54.112,45.701,473,44.206
2213,2213,73.767,380.309,511.736,35.543,47.826,438,1,579,489,54.112,45.701,473,44.206
2214,2214,73.800,380.306,511.645,35.543,47.817,441,1,579,489,54.112,45.701,473,44.206
2215,2215,73.833,380.247,511.351,35.537,47.790,453,1,579,489,54.112,45.701,473,44.206
2216,2216,73.867,380.111,510.843,35.524,47.742,457,1,579,489,54.112,45.701,473,44.206
2217,2217,73.900,380.036,510.657,35.517,47.725,459,1,579,489,54.112,45.701,473,44.206
2218,2218,73.933,379.878,510.339,35.503,47.695,467,1,579,489,54.112,45.701,473,44.206
2219,2219,73.967,379.842,510.305,35.499,47.692,467,1,579,489,54.112,45.701,473,44.206
2220,2220,74.000,379.775,510.044,35.493,47.668,476,1,579,489,54.112,45.701,473,44.206
2221,2221,74.033,379.291,509.310,35.448,47.599,485,1,579,489,54.112,45.701,473,44.206
2222,2222,74.067,379.455,509.535,35.463,47.620,493,1,579,489,54.112,45.701,473,44.206
2223,2223,74.100,379.423,509.518,35.460,47.619,495,1,579,489,54.112,45.701,473,44.206
2224,2224,74.133,379.327,509.388,35.451,47.606,502,1,579,489,54.112,45.701,473,44.206
2225,2225,74.167,379.194,509.047,35.439,47.574,505,1,579,489,54.112,45.701,473,44.206
2226,2226,74.200,379.083,508.762,35.428,47.548,510,1,579,489,54.112,45.701,473,44.206
2227,2227,74.233,378.914,508.496,35.413,47.523,507,1,579,489,54.112,45.701,473,44.206
2228,2228,74.267,378.927,508.562,35.414,47.529,505,1,579,489,54.112,45.701,473,44.206
2229,2229,74.300,378.871,508.241,35.409,47.499,504,1,579,489,54.112,45.701,473,44.206
2230,2230,74.333,378.885,508.303,35.410,47.505,502,1,579,489,54.112,45.701,473,44.206
2231,2231,74.367,378.936,508.448,35.415,47.519,499,1,579,489,54.112,45.701,473,44.206
2232,2232,74.400,378.981,508.427,35.419,47.516,496,1,579,489,54.112,45.701,473,44.206
2233,2233,74.433,378.942,508.357,35.415,47.510,498,1,579,489,54.112,45.701,473,44.206
2234,2234,74.467,378.979,508.469,35.419,47.520,491,1,579,489,54.112,45.701,473,44.206
2235,2235,74.500,379.047,508.706,35.425,47.543,486,1,579,489,54.112,45.701,473,44.206
2236,2236,74.533,379.087,508.760,35.429,47.548,485,1,579,489,54.112,45.701,473,44.206
2237,2237,74.567,379.108,508.722,35.431,47.544,489,1,579,489,54.112,45.701,473,44.206
2238,2238,74.600,379.047,508.718,35.425,47.544,488,1,579,489,54.112,45.701,473,44.206
2239,2239,74.633,379.037,508.695,35.424,47.542,488,1,579,489,54.112,45.701,473,44.206
2240,2240,74.667,378.939,508.537,35.415,47.527,493,1,579,489,54.112,45.701,473,44.206
2241,2241,74.700,378.834,508.319,35.405,47.506,494,1,579,489,54.112,45.701,473,44.206
2242,2242,74.733,378.877,508.185,35.409,47.494,494,1,579,489,54.112,45.701,473,44.206
2243,2243,74.767,378.756,507.837,35.398,47.461,499,1,579,489,54.112,45.701,473,44.206
2244,2244,74.800,378.301,506.933,35.355,47.377,509,1,579,489,54.112,45.701,473,44.206
2245,2245,74.833,378.276,506.738,35.353,47.359,491,1,579,489,54.112,45.701,473,44.206
2246,2246,74.867,378.132,506.342,35.339,47.322,483,1,579,489,54.112,45.701,473,44.206
2247,2247,74.900,378.021,506.030,35.329,47.293,478,1,579,489,54.112,45.701,473,44.206
2248,2248,74.933,377.959,505.837,35.323,47.274,460,1,579,489,54.112,45.701,473,44.206
2249,2249,74.967,377.689,505.296,35.298,47.224,450,1,579,489,54.112,45.701,473,44.206
2250,2250,75.000,377.646,505.135,35.294,47.209,442,1,579,489,54.112,45.701,473,44.206
2251,2251,75.033,377.522,504.742,35.282,47.172,441,1,579,489,54.112,45.701,473,44.206
2252,2252,75.067,377.411,504.542,35.272,47.153,433,1,579,489,54.112,45.701,473,44.206
2253,2253,75.100,377.302,504.361,35.262,47.137,428,1,579,489,54.112,45.701,473,44.206
2254,2254,75.133,377.366,504.336,35.268,47.134,425,1,579,489,54.112,45.701,473,44.206
2255,2255,75.167,377.416,504.292,35.273,47.130,421,1,579,489,54.112,45.701,473,44.206
2256,2256,75.200,377.528,504.589,35.283,47.158,420,1,579,489,54.112,45.701,473,44.206
2257,2257,75.233,377.454,504.369,35.276,47.137,422,1,579,489,54.112,45.701,473,44.206
2258,2258,75.267,377.515,504.412,35.282,47.141,420,1,579,489,54.112,45.701,473,44.206
2259,2259,75.300,377.683,504.731,35.297,47.171,423,1,579,489,54.112,45.701,473,44.206
2260,2260,75.333,377.766,504.784,35.305,47.176,414,1,579,489,54.112,45.701,473,44.206
2261,2261,75.367,377.756,504.892,35.304,47.186,408,1,579,489,54.112,45.701,473,44.206
2262,2262,75.400,377.669,504.679,35.296,47.166,421,1,579,489,54.112,45.701,473,44.206
2263,2263,75.433,377.660,504.587,35.295,47.158,417,1,579,489,54.112,45.701,473,44.206
2264,2264,75.467,377.681,504.755,35.297,47.173,427,1,579,489,54.112,45.701,473,44.206
2265,2265,75.500,377.666,504.651,35.296,47.164,427,1,579,489,54.112,45.701,473,44.206
2266,2266,75.533,377.450,504.267,35.276,47.128,435,1,579,489,54.112,45.701,473,44.206
2267,2267,75.567,377.159,503.707,35.249,47.075,443,1,579,489,54.112,45.701,473,44.206
2268,2268,75.600,376.861,503.212,35.221,47.029,447,1,579,489,54.112,45.701,473,44.206
2269,2269,75.633,376.596,502.664,35.196,46.978,455,1,579,489,54.112,45.701,473,44.206
2270,2270,75.667,376.608,502.713,35.197,46.983,460,1,579,489,54.112,45.701,473,44.206
2271,2271,75.700,376.394,502.242,35.177,46.938,459,1,579,489,54.112,45.701,473,44.206
2272,2272,75.733,376.160,501.771,35.155,46.895,466,1,579,489,54.112,45.701,473,44.206
2273,2273,75.767,375.974,501.486,35.138,46.868,468,1,579,489,54.112,45.701,473,44.206
2274,2274,75.800,375.949,501.405,35.135,46.860,466,1,579,489,54.112,45.701,473,44.206
2275,2275,75.833,375.842,501.279,35.125,46.848,474,1,579,489,54.112,45.701,473,44.206
2276,2276,75.867,375.741,501.124,35.116,46.834,483,1,579,489,54.112,45.701,473,44.206
2277,2277,75.900,375.687,500.891,35.111,46.812,486,1,579,489,54.112,45.701,473,44.206
2278,2278,75.933,375.553,500.689,35.098,46.793,489,1,579,489,54.112,45.701,473,44.206
2279,2279,75.967,375.487,500.578,35.092,46.783,493,1,579,489,54.112,45.701,473,44.206
2280,2280,76.000,375.459,500.383,35.090,46.765,494,1,579,489,54.112,45.701,473,44.206
2281,2281,76.033,375.101,499.807,35.056,46.711,501,1,579,489,54.112,45.701,473,44.206
2282,2282,76.067,375.130,499.928,35.059,46.722,494,1,579,489,54.112,45.701,473,44.206
2283,2283,76.100,375.075,499.668,35.054,46.698,501,1,579,489,54.112,45.701,473,44.206
2284,2284,76.133,375.079,499.728,35.054,46.704,500,1,579,489,54.112,45.701,473,44.206
2285,2285,76.167,375.065,499.688,35.053,46.700,496,1,579,489,54.112,45.701,473,44.206
2286,2286,76.200,374.986,499.578,35.045,46.690,490,1,579,489,54.112,45.701,473,44.206
2287,2287,76.233,374.877,499.283,35.035,46.662,484,1,579,489,54.112,45.701,473,44.206
2288,2288,76.267,374.623,498.641,35.012,46.602,486,1,579,489,54.112,45.701,473,44.206
2289,2289,76.300,374.611,498.618,35.010,46.600,485,1,579,489,54.112,45.701,473,44.206
2290,2290,76.333,374.411,498.217,34.992,46.562,475,1,579,489,54.112,45.701,473,44.206
2291,2291,76.367,374.421,498.130,34.993,46.554,476,1,579,489,54.112,45.701,473,44.206
2292,2292,76.400,374.220,497.755,34.974,46.519,466,1,579,489,54.112,45.701,473,44.206
2293,2293,76.433,374.175,497.450,34.970,46.491,465,1,579,489,54.112,45.701,473,44.206
2294,2294,76.467,374.046,497.305,34.958,46.477,467,1,579,489,54.112,45.701,473,44.206
2295,2295,76.500,374.080,497.310,34.961,46.478,458,1,579,489,54.112,45.701,473,44.206
2296,2296,76.533,373.883,496.920,34.942,46.441,448,1,579,489,54.112,45.701,473,44.206
2297,2297,76.567,373.853,496.752,34.940,46.425,446,1,579,489,54.112,45.701,473,44.206
2298,2298,76.600,373.796,496.579,34.934,46.409,443,1,579,489,54.112,45.701,473,44.206
2299,2299,76.633,373.865,496.582,34.941,46.410,444,1,579,489,54.112,45.701,473,44.206
2300,2300,76.667,373.810,496.439,34.936,46.396,436,1,579,489,54.112,45.701,473,44.206
2301,2301,76.700,373.889,496.550,34.943,46.407,434,1,579,489,54.112,45.701,473,44.206
2302,2302,76.733,373.861,496.553,34.940,46.407,433,1,579,489,54.112,45.701,473,44.206
2303,2303,76.767,373.859,496.502,34.940,46.402,431,1,579,489,54.112,45.701,473,44.206
2304,2304,76.800,373.846,496.332,34.939,46.386,434,1,579,489,54.112,45.701,473,44.206
2305,2305,76.833,373.999,496.375,34.953,46.390,433,1,579,489,54.112,45.701,473,44.206
2306,2306,76.867,374.069,496.675,34.960,46.418,433,1,579,489,54.112,45.701,473,44.206
2307,2307,76.900,374.132,496.730,34.966,46.423,432,1,579,489,54.112,45.701,473,44.206
2308,2308,76.933,374.054,496.619,34.958,46.413,436,1,579,489,54.112,45.701,473,44.206
2309,2309,76.967,374.072,496.746,34.960,46.425,432,1,579,489,54.112,45.701,473,44.206
2310,2310,77.000,374.087,496.769,34.961,46.427,432,1,579,489,54.112,45.701,473,44.206
2311,2311,77.033,374.224,497.023,34.974,46.451,436,1,579,489,54.112,45.701,473,44.206
2312,2312,77.067,374.235,497.227,34.975,46.470,430,1,579,489,54.112,45.701,473,44.206
2313,2313,77.100,374.197,497.058,34.972,46.454,434,1,579,489,54.112,45.701,473,44.206
2314,2314,77.133,373.956,496.554,34.949,46.407,437,1,579,489,54.112,45.701,473,44.206
2315,2315,77.167,373.943,496.658,34.948,46.417,445,1,579,489,54.112,45.701,473,44.206
2316,2316,77.200,373.839,496.177,34.938,46.372,437,1,579,489,54.112,45.701,473,44.206
2317,2317,77.233,373.826,496.164,34.937,46.370,438,1,579,489,54.112,45.701,473,44.206
2318,2318,77.267,373.341,495.341,34.892,46.294,462,1,579,489,54.112,45.701,473,44.206
2319,2319,77.300,373.233,495.193,34.882,46.280,467,1,579,489,54.112,45.701,473,44.206
2320,2320,77.333,373.276,495.168,34.886,46.277,465,1,579,489,54.112,45.701,473,44.206
2321,2321,77.367,373.076,494.787,34.867,46.242,475,1,579,489,54.112,45.701,473,44.206
2322,2322,77.400,373.020,494.672,34.862,46.231,473,1,579,489,54.112,45.701,473,44.206
2323,2323,77.433,372.995,494.696,34.859,46.233,478,1,579,489,54.112,45.701,473,44.206
2324,2324,77.467,372.794,494.512,34.841,46.216,484,1,579,489,54.112,45.701,473,44.206
2325,2325,77.500,372.673,494.137,34.829,46.181,486,1,579,489,54.112,45.701,473,44.206
2326,2326,77.533,372.350,493.499,34.799,46.121,497,1,579,489,54.112,45.701,473,44.206
2327,2327,77.567,371.819,492.725,34.749,46.049,507,1,579,489,54.112,45.701,473,44.206
2328,2328,77.600,371.788,492.586,34.746,46.036,517,1,579,489,54.112,45.701,473,44.206
2329,2329,77.633,371.627,492.212,34.732,46.001,515,1,579,489,54.112,45.701,473,44.206
2330,2330,77.667,371.450,491.835,34.715,45.966,513,1,579,489,54.112,45.701,473,44.206
2331,2331,77.700,371.440,491.794,34.714,45.962,516,1,579,489,54.112,45.701,473,44.206
2332,2332,77.733,371.410,491.762,34.711,45.959,519,1,579,489,54.112,45.701,473,44.206
2333,2333,77.767,371.412,491.786,34.711,45.961,518,1,579,489,54.112,45.701,473,44.206
2334,2334,77.800,371.474,491.835,34.717,45.966,515,1,579,489,54.112,45.701,473,44.206
2335,2335,77.833,371.656,492.197,34.734,46.000,506,1,579,489,54.112,45.701,473,44.206
2336,2336,77.867,371.503,491.978,34.720,45.979,520,1,579,489,54.112,45.701,473,44.206
2337,2337,77.900,371.489,491.943,34.719,45.976,517,1,579,489,54.112,45.701,473,44.206
2338,2338,77.933,371.559,492.150,34.725,45.995,507,1,579,489,54.112,45.701,473,44.206
2339,2339,77.967,371.534,492.062,34.723,45.987,513,1,579,489,54.112,45.701,473,44.206
2340,2340,78.000,371.641,492.503,34.733,46.028,521,1,579,489,54.112,45.701,473,44.206
2341,2341,78.033,371.596,492.126,34.729,45.993,504,1,579,489,54.112,45.701,473,44.206
2342,2342,78.067,371.571,492.153,34.726,45.996,506,1,579,489,54.112,45.701,473,44.206
2343,2343,78.100,371.533,492.094,34.723,45.990,505,1,579,489,54.112,45.701,473,44.206
2344,2344,78.133,371.572,492.130,34.726,45.993,509,1,579,489,54.112,45.701,473,44.206
2345,2345,78.167,371.543,492.040,34.724,45.985,506,1,579,489,54.112,45.701,473,44.206
2346,2346,78.200,371.543,492.040,34.724,45.985,506,1,579,489,54.112,45.701,473,44.206
2347,2347,78.233,371.558,492.082,34.725,45.989,508,1,579,489,54.112,45.701,473,44.206
2348,2348,78.267,371.510,492.010,34.721,45.982,509,1,579,489,54.112,45.701,473,44.206
2349,2349,78.300,371.479,492.054,34.718,45.986,506,1,579,489,54.112,45.701,473,44.206
2350,2350,78.333,371.491,491.989,34.719,45.980,502,1,579,489,54.112,45.701,473,44.206
2351,2351,78.367,371.301,491.648,34.701,45.948,509,1,579,489,54.112,45.701,473,44.206
2352,2352,78.400,370.980,491.079,34.671,45.895,498,1,579,489,54.112,45.701,473,44.206
2353,2353,78.433,370.779,490.681,34.652,45.858,481,1,579,489,54.112,45.701,473,44.206
2354,2354,78.467,370.708,490.387,34.646,45.831,473,1,579,489,54.112,45.701,473,44.206
2355,2355,78.500,370.273,489.815,34.605,45.777,453,1,579,489,54.112,45.701,473,44.206
2356,2356,78.533,370.282,489.632,34.606,45.760,446,1,579,489,54.112,45.701,473,44.206
2357,2357,78.567,369.945,489.022,34.574,45.703,450,1,579,489,54.112,45.701,473,44.206
2358,2358,78.600,369.934,488.823,34.573,45.684,447,1,579,489,54.112,45.701,473,44.206
2359,2359,78.633,370.078,489.126,34.587,45.713,448,1,579,489,54.112,45.701,473,44.206
2360,2360,78.667,369.959,488.848,34.576,45.687,436,1,579,489,54.112,45.701,473,44.206
2361,2361,78.700,370.208,489.355,34.599,45.734,427,1,579,489,54.112,45.701,473,44.206
2362,2362,78.733,370.282,489.470,34.606,45.745,432,1,579,489,54.112,45.701,473,44.206
2363,2363,78.767,370.356,489.581,34.613,45.755,429,1,579,489,54.112,45.701,473,44.206
2364,2364,78.800,370.330,489.711,34.610,45.767,428,1,579,489,54.112,45.701,473,44.206
2365,2365,78.833,370.358,489.717,34.613,45.768,429,1,579,489,54.112,45.701,473,44.206
2366,2366,78.867,370.272,489.506,34.605,45.748,434,1,579,489,54.112,45.701,473,44.206
2367,2367,78.900,370.367,489.621,34.614,45.759,431,1,579,489,54.112,45.701,473,44.206
2368,2368,78.933,370.418,489.728,34.618,45.769,436,1,579,489,54.112,45.701,473,44.206
2369,2369,78.967,370.254,489.476,34.603,45.745,442,1,579,489,54.112,45.701,473,44.206
2370,2370,79.000,370.272,489.416,34.605,45.740,442,1,579,489,54.112,45.701,473,44.206
2371,2371,79.033,370.456,489.607,34.622,45.758,439,1,579,489,54.112,45.701,473,44.206
2372,2372,79.067,370.769,490.153,34.651,45.809,423,1,579,489,54.112,45.701,473,44.206
2373,2373,79.100,370.746,490.126,34.649,45.806,422,1,579,489,54.112,45.701,473,44.206
2374,2374,79.133,370.743,490.051,34.649,45.799,417,1,579,489,54.112,45.701,473,44.206
2375,2375,79.167,370.682,489.976,34.643,45.792,422,1,579,489,54.112,45.701,473,44.206
2376,2376,79.200,370.797,490.437,34.654,45.835,431,1,579,489,54.112,45.701,473,44.206
2377,2377,79.233,370.784,490.429,34.653,45.834,428,1,579,489,54.112,45.701,473,44.206
2378,2378,79.267,370.868,490.486,34.661,45.840,417,1,579,489,54.112,45.701,473,44.206
2379,2379,79.300,370.857,490.379,34.660,45.830,421,1,579,489,54.112,45.701,473,44.206
2380,2380,79.333,370.991,490.593,34.672,45.850,418,1,579,489,54.112,45.701,473,44.206
2381,2381,79.367,371.088,490.801,34.681,45.869,414,1,579,489,54.112,45.701,473,44.206
2382,2382,79.400,371.187,490.795,34.690,45.869,413,1,579,489,54.112,45.701,473,44.206
2383,2383,79.433,371.287,490.914,34.700,45.880,408,1,579,489,54.112,45.701,473,44.206
2384,2384,79.467,371.414,490.930,34.712,45.881,414,1,579,489,54.112,45.701,473,44.206
2385,2385,79.500,371.458,491.074,34.716,45.895,407,1,579,489,54.112,45.701,473,44.206
2386,2386,79.533,371.442,490.949,34.714,45.883,394,1,579,489,54.112,45.701,473,44.206
2387,2387,79.567,371.384,490.977,34.709,45.886,395,1,579,489,54.112,45.701,473,44.206
2388,2388,79.600,371.307,490.819,34.702,45.871,396,1,579,489,54.112,45.701,473,44.206
2389,2389,79.633,371.322,490.781,34.703,45.867,394,1,579,489,54.112,45.701,473,44.206
2390,2390,79.667,371.360,490.847,34.707,45.874,395,1,579,489,54.112,45.701,473,44.206
2391,2391,79.700,371.328,490.740,34.704,45.864,396,1,579,489,54.112,45.701,473,44.206
2392,2392,79.733,371.311,490.723,34.702,45.862,397,1,579,489,54.112,45.701,473,44.206
2393,2393,79.767,371.354,490.551,34.706,45.846,401,1,579,489,54.112,45.701,473,44.206
2394,2394,79.800,371.401,490.496,34.710,45.841,403,1,579,489,54.112,45.701,473,44.206
2395,2395,79.833,371.484,490.478,34.718,45.839,404,1,579,489,54.112,45.701,473,44.206
2396,2396,79.867,371.547,490.489,34.724,45.840,406,1,579,489,54.112,45.701,473,44.206
2397,2397,79.900,371.683,490.543,34.737,45.845,405,1,579,489,54.112,45.701,473,44.206
2398,2398,79.933,371.730,490.446,34.741,45.836,412,1,579,489,54.112,45.701,473,44.206
2399,2399,79.967,371.723,490.406,34.740,45.832,411,1,579,489,54.112,45.701,473,44.206
2400,2400,80.000,371.770,490.069,34.745,45.801,416,1,579,489,54.112,45.701,473,44.206
2401,2401,80.033,371.727,489.957,34.741,45.790,417,1,579,489,54.112,45.701,473,44.206
2402,2402,80.067,371.847,489.863,34.752,45.782,438,1,579,489,54.112,45.701,473,44.206
2403,2403,80.100,371.862,489.770,34.754,45.773,438,1,579,489,54.112,45.701,473,44.206
2404,2404,80.133,371.827,489.783,34.750,45.774,435,1,579,489,54.112,45.701,473,44.206
2405,2405,80.167,371.826,489.770,34.750,45.773,435,1,579,489,54.112,45.701,473,44.206
2406,2406,80.200,371.791,489.623,34.747,45.759,441,1,579,489,54.112,45.701,473,44.206
2407,2407,80.233,371.775,489.678,34.745,45.764,438,1,579,489,54.112,45.701,473,44.206
2408,2408,80.267,371.854,489.582,34.753,45.755,441,1,579,489,54.112,45.701,473,44.206
2409,2409,80.300,371.898,489.240,34.757,45.723,452,1,579,489,54.112,45.701,473,44.206
2410,2410,80.333,371.924,488.938,34.759,45.695,452,1,579,489,54.112,45.701,473,44.206
2411,2411,80.367,371.924,488.878,34.759,45.690,457,1,579,489,54.112,45.701,473,44.206
2412,2412,80.400,371.965,488.676,34.763,45.671,462,1,579,489,54.112,45.701,473,44.206
2413,2413,80.433,371.956,488.614,34.762,45.665,462,1,579,489,54.112,45.701,473,44.206
2414,2414,80.467,372.001,488.028,34.766,45.610,476,1,579,489,54.112,45.701,473,44.206
2415,2415,80.500,372.019,488.049,34.768,45.612,480,1,579,489,54.112,45.701,473,44.206
2416,2416,80.533,372.038,487.926,34.770,45.601,479,1,579,489,54.112,45.701,473,44.206
2417,2417,80.567,371.904,487.650,34.757,45.575,491,1,579,489,54.112,45.701,473,44.206
2418,2418,80.600,371.983,487.561,34.765,45.566,487,1,579,489,54.112,45.701,473,44.206
2419,2419,80.633,371.894,487.044,34.756,45.518,481,1,579,489,54.112,45.701,473,44.206
2420,2420,80.667,371.875,487.087,34.755,45.522,484,1,579,489,54.112,45.701,473,44.206
2421,2421,80.700,371.819,487.027,34.749,45.517,487,1,579,489,54.112,45.701,473,44.206
2422,2422,80.733,371.827,486.818,34.750,45.497,492,1,579,489,54.112,45.701,473,44.206
2423,2423,80.767,371.837,486.849,34.751,45.500,492,1,579,489,54.112,45.701,473,44.206
2424,2424,80.800,371.713,486.743,34.740,45.490,491,1,579,489,54.112,45.701,473,44.206
2425,2425,80.833,371.719,486.703,34.740,45.486,493,1,579,489,54.112,45.701,473,44.206
2426,2426,80.867,371.655,486.757,34.734,45.491,490,1,579,489,54.112,45.701,473,44.206
2427,2427,80.900,371.731,486.749,34.741,45.491,486,1,579,489,54.112,45.701,473,44.206
2428,2428,80.933,371.627,486.418,34.732,45.460,480,1,579,489,54.112,45.701,473,44.206
2429,2429,80.967,371.623,486.356,34.731,45.454,480,1,579,489,54.112,45.701,473,44.206
2430,2430,81.000,371.672,486.263,34.736,45.445,479,1,579,489,54.112,45.701,473,44.206
2431,2431,81.033,371.587,486.063,34.728,45.426,468,1,579,489,54.112,45.701,473,44.206
2432,2432,81.067,371.653,485.983,34.734,45.419,462,1,579,489,54.112,45.701,473,44.206
2433,2433,81.100,371.644,485.300,34.733,45.355,464,1,579,489,54.112,45.701,473,44.206
2434,2434,81.133,371.691,484.982,34.738,45.325,459,1,579,489,54.112,45.701,473,44.206
2435,2435,81.167,371.627,484.596,34.732,45.289,452,1,579,489,54.112,45.701,473,44.206
2436,2436,81.200,371.658,484.471,34.734,45.278,449,1,579,489,54.112,45.701,473,44.206
2437,2437,81.233,371.613,484.343,34.730,45.266,446,1,579,489,54.112,45.701,473,44.206
2438,2438,81.267,371.602,483.815,34.729,45.216,455,1,579,489,54.112,45.701,473,44.206
2439,2439,81.300,371.527,483.844,34.722,45.219,453,1,579,489,54.112,45.701,473,44.206
2440,2440,81.333,371.517,483.760,34.721,45.211,454,1,579,489,54.112,45.701,473,44.206
2441,2441,81.367,371.456,483.744,34.715,45.210,452,1,579,489,54.112,45.701,473,44.206
2442,2442,81.400,371.266,483.686,34.698,45.204,451,1,579,489,54.112,45.701,473,44.206
2443,2443,81.433,371.131,483.529,34.685,45.190,450,1,579,489,54.112,45.701,473,44.206
2444,2444,81.467,370.972,483.875,34.670,45.222,447,1,579,489,54.112,45.701,473,44.206
2445,2445,81.500,370.936,483.951,34.667,45.229,445,1,579,489,54.112,45.701,473,44.206
2446,2446,81.533,370.831,483.757,34.657,45.211,440,1,579,489,54.112,45.701,473,44.206
2447,2447,81.567,370.779,483.675,34.652,45.203,445,1,579,489,54.112,45.701,473,44.206
2448,2448,81.600,370.737,483.937,34.648,45.228,437,1,579,489,54.112,45.701,473,44.206
2449,2449,81.633,370.801,483.849,34.654,45.220,446,1,579,489,54.112,45.701,473,44.206
2450,2450,81.667,370.842,483.806,34.658,45.216,446,1,579,489,54.112,45.701,473,44.206
2451,2451,81.700,370.912,483.828,34.665,45.218,442,1,579,489,54.112,45.701,473,44.206
2452,2452,81.733,371.040,483.513,34.677,45.188,452,1,579,489,54.112,45.701,473,44.206
2453,2453,81.767,371.239,483.436,34.695,45.181,457,1,579,489,54.112,45.701,473,44.206
2454,2454,81.800,371.306,483.215,34.701,45.160,455,1,579,489,54.112,45.701,473,44.206
2455,2455,81.833,371.444,482.950,34.714,45.135,461,1,579,489,54.112,45.701,473,44.206
2456,2456,81.867,371.499,482.530,34.720,45.096,470,1,579,489,54.112,45.701,473,44.206
2457,2457,81.900,371.609,482.186,34.730,45.064,468,1,579,489,54.112,45.701,473,44.206
2458,2458,81.933,371.674,482.331,34.736,45.078,477,1,579,489,54.112,45.701,473,44.206
2459,2459,81.967,371.686,481.752,34.737,45.024,474,1,579,489,54.112,45.701,473,44.206
2460,2460,82.000,371.810,481.553,34.749,45.005,479,1,579,489,54.112,45.701,473,44.206
2461,2461,82.033,371.958,481.140,34.762,44.966,477,1,579,489,54.112,45.701,473,44.206
2462,2462,82.067,371.935,481.092,34.760,44.962,484,1,579,489,54.112,45.701,473,44.206
2463,2463,82.100,371.937,480.759,34.760,44.931,489,1,579,489,54.112,45.701,473,44.206
2464,2464,82.133,371.955,480.533,34.762,44.910,491,1,579,489,54.112,45.701,473,44.206
2465,2465,82.167,371.968,480.450,34.763,44.902,493,1,579,489,54.112,45.701,473,44.206
2466,2466,82.200,371.987,480.250,34.765,44.883,497,1,579,489,54.112,45.701,473,44.206
2467,2467,82.233,371.987,480.250,34.765,44.883,497,1,579,489,54.112,45.701,473,44.206
2468,2468,82.267,371.965,480.165,34.763,44.875,502,1,579,489,54.112,45.701,473,44.206
2469,2469,82.300,371.866,480.099,34.754,44.869,505,1,579,489,54.112,45.701,473,44.206
2470,2470,82.333,371.893,480.135,34.756,44.872,502,1,579,489,54.112,45.701,473,44.206
2471,2471,82.367,371.869,480.159,34.754,44.875,501,1,579,489,54.112,45.701,473,44.206
2472,2472,82.400,371.842,480.037,34.752,44.863,503,1,579,489,54.112,45.701,473,44.206
2473,2473,82.433,371.795,479.799,34.747,44.841,507,1,579,489,54.112,45.701,473,44.206
2474,2474,82.467,371.906,479.712,34.758,44.833,516,1,579,489,54.112,45.701,473,44.206
2475,2475,82.500,371.903,479.521,34.757,44.815,520,1,579,489,54.112,45.701,473,44.206
2476,2476,82.533,371.904,479.289,34.757,44.793,521,1,579,489,54.112,45.701,473,44.206
2477,2477,82.567,371.922,479.393,34.759,44.803,522,1,579,489,54.112,45.701,473,44.206
2478,2478,82.600,371.917,479.320,34.759,44.796,521,1,579,489,54.112,45.701,473,44.206
2479,2479,82.633,372.010,479.153,34.767,44.781,523,1,579,489,54.112,45.701,473,44.206
2480,2480,82.667,371.986,479.054,34.765,44.771,525,1,579,489,54.112,45.701,473,44.206
2481,2481,82.700,371.990,479.002,34.765,44.767,522,1,579,489,54.112,45.701,473,44.206
2482,2482,82.733,372.014,478.882,34.768,44.755,518,1,579,489,54.112,45.701,473,44.206
2483,2483,82.767,372.044,478.612,34.770,44.730,524,1,579,489,54.112,45.701,473,44.206
2484,2484,82.800,372.036,478.608,34.770,44.730,522,1,579,489,54.112,45.701,473,44.206
2485,2485,82.833,372.112,477.870,34.777,44.661,522,1,579,489,54.112,45.701,473,44.206
2486,2486,82.867,372.117,477.635,34.777,44.639,519,1,579,489,54.112,45.701,473,44.206
2487,2487,82.900,372.094,477.348,34.775,44.612,511,1,579,489,54.112,45.701,473,44.206
2488,2488,82.933,372.110,476.798,34.777,44.561,494,1,579,489,54.112,45.701,473,44.206
2489,2489,82.967,372.132,476.622,34.779,44.544,494,1,579,489,54.112,45.701,473,44.206
2490,2490,83.000,372.075,476.421,34.773,44.525,486,1,579,489,54.112,45.701,473,44.206
2491,2491,83.033,372.125,476.187,34.778,44.503,500,1,579,489,54.112,45.701,473,44.206
2492,2492,83.067,372.135,475.988,34.779,44.485,500,1,579,489,54.112,45.701,473,44.206
2493,2493,83.100,372.157,475.673,34.781,44.455,494,1,579,489,54.112,45.701,473,44.206
2494,2494,83.133,371.993,475.665,34.766,44.455,485,1,579,489,54.112,45.701,473,44.206
2495,2495,83.167,371.890,475.921,34.756,44.479,477,1,579,489,54.112,45.701,473,44.206
2496,2496,83.200,371.772,476.071,34.745,44.493,475,1,579,489,54.112,45.701,473,44.206
2497,2497,83.233,371.691,476.072,34.737,44.493,477,1,579,489,54.112,45.701,473,44.206
2498,2498,83.267,371.626,475.954,34.731,44.482,476,1,579,489,54.112,45.701,473,44.206
2499,2499,83.300,371.642,475.965,34.733,44.483,473,1,579,489,54.112,45.701,473,44.206
2500,2500,83.333,371.575,475.932,34.727,44.480,479,1,579,489,54.112,45.701,473,44.206
2501,2501,83.367,371.521,476.131,34.722,44.498,470,1,579,489,54.112,45.701,473,44.206
2502,2502,83.400,371.460,476.171,34.716,44.502,471,1,579,489,54.112,45.701,473,44.206
2503,2503,83.433,371.402,476.130,34.710,44.498,477,1,579,489,54.112,45.701,473,44.206
2504,2504,83.467,371.419,476.098,34.712,44.495,478,1,579,489,54.112,45.701,473,44.206
2505,2505,83.500,371.413,476.123,34.711,44.497,479,1,579,489,54.112,45.701,473,44.206
2506,2506,83.533,371.480,476.001,34.718,44.486,473,1,579,489,54.112,45.701,473,44.206
2507,2507,83.567,371.525,475.990,34.722,44.485,477,1,579,489,54.112,45.701,473,44.206
2508,2508,83.600,371.606,475.457,34.730,44.435,495,1,579,489,54.112,45.701,473,44.206
2509,2509,83.633,371.765,475.406,34.744,44.430,487,1,579,489,54.112,45.701,473,44.206
2510,2510,83.667,371.837,475.260,34.751,44.417,491,1,579,489,54.112,45.701,473,44.206
2511,2511,83.700,371.770,475.690,34.745,44.457,480,1,579,489,54.112,45.701,473,44.206
2512,2512,83.733,371.792,475.364,34.747,44.427,480,1,579,489,54.112,45.701,473,44.206
2513,2513,83.767,371.869,475.179,34.754,44.409,490,1,579,489,54.112,45.701,473,44.206
2514,2514,83.800,371.879,475.232,34.755,44.414,496,1,579,489,54.112,45.701,473,44.206
2515,2515,83.833,372.002,474.846,34.766,44.378,509,1,579,489,54.112,45.701,473,44.206
2516,2516,83.867,372.004,474.731,34.767,44.367,500,1,579,489,54.112,45.701,473,44.206
2517,2517,83.900,372.043,474.440,34.770,44.340,498,1,579,489,54.112,45.701,473,44.206
2518,2518,83.933,372.120,474.362,34.778,44.333,503,1,579,489,54.112,45.701,473,44.206
2519,2519,83.967,372.155,474.095,34.781,44.308,509,1,579,489,54.112,45.701,473,44.206
2520,2520,84.000,372.238,473.924,34.789,44.292,516,1,579,489,54.112,45.701,473,44.206
2521,2521,84.033,372.139,474.144,34.779,44.313,501,1,579,489,54.112,45.701,473,44.206
2522,2522,84.067,372.166,473.643,34.782,44.266,507,1,579,489,54.112,45.701,473,44.206
2523,2523,84.100,372.144,473.489,34.780,44.251,504,1,579,489,54.112,45.701,473,44.206
2524,2524,84.133,372.130,473.670,34.778,44.268,511,1,579,489,54.112,45.701,473,44.206
2525,2525,84.167,372.215,473.331,34.786,44.237,522,1,579,489,54.112,45.701,473,44.206
2526,2526,84.200,372.311,473.234,34.795,44.228,510,1,579,489,54.112,45.701,473,44.206
2527,2527,84.233,372.370,473.231,34.801,44.227,521,1,579,489,54.112,45.701,473,44.206
2528,2528,84.267,372.427,473.114,34.806,44.216,527,1,579,489,54.112,45.701,473,44.206
2529,2529,84.300,372.406,473.139,34.804,44.219,523,1,579,489,54.112,45.701,473,44.206
2530,2530,84.333,372.400,473.141,34.804,44.219,523,1,579,489,54.112,45.701,473,44.206
2531,2531,84.367,372.572,472.666,34.820,44.174,536,1,579,489,54.112,45.701,473,44.206
2532,2532,84.400,372.586,472.612,34.821,44.169,534,1,579,489,54.112,45.701,473,44.206
2533,2533,84.433,372.677,472.290,34.830,44.139,531,1,579,489,54.112,45.701,473,44.206
2534,2534,84.467,372.756,472.220,34.837,44.133,535,1,579,489,54.112,45.701,473,44.206
2535,2535,84.500,372.795,472.152,34.841,44.126,538,1,579,489,54.112,45.701,473,44.206
2536,2536,84.533,372.851,471.999,34.846,44.112,543,1,579,489,54.112,45.701,473,44.206
2537,2537,84.567,372.800,472.104,34.841,44.122,540,1,579,489,54.112,45.701,473,44.206
2538,2538,84.600,372.831,471.760,34.844,44.090,532,1,579,489,54.112,45.701,473,44.206
2539,2539,84.633,372.856,471.912,34.846,44.104,531,1,579,489,54.112,45.701,473,44.206
2540,2540,84.667,372.909,471.822,34.851,44.096,531,1,579,489,54.112,45.701,473,44.206
2541,2541,84.700,373.011,471.628,34.861,44.077,526,1,579,489,54.112,45.701,473,44.206
2542,2542,84.733,372.973,471.401,34.857,44.056,515,1,579,489,54.112,45.701,473,44.206
2543,2543,84.767,373.081,471.040,34.867,44.022,518,1,579,489,54.112,45.701,473,44.206
2544,2544,84.800,373.177,470.708,34.876,43.991,511,1,579,489,54.112,45.701,473,44.206
2545,2545,84.833,373.186,470.561,34.877,43.978,501,1,579,489,54.112,45.701,473,44.206
2546,2546,84.867,373.244,470.380,34.883,43.961,497,1,579,489,54.112,45.701,473,44.206
2547,2547,84.900,373.345,469.939,34.892,43.920,483,1,579,489,54.112,45.701,473,44.206
2548,2548,84.933,373.391,469.541,34.896,43.882,473,1,579,489,54.112,45.701,473,44.206
2549,2549,84.967,373.497,469.200,34.906,43.850,472,1,579,489,54.112,45.701,473,44.206
2550,2550,85.000,373.765,468.539,34.931,43.789,475,1,579,489,54.112,45.701,473,44.206
2551,2551,85.033,373.714,468.503,34.927,43.785,469,1,579,489,54.112,45.701,473,44.206
2552,2552,85.067,373.694,468.489,34.925,43.784,467,1,579,489,54.112,45.701,473,44.206
2553,2553,85.100,373.788,468.103,34.933,43.748,463,1,579,489,54.112,45.701,473,44.206
2554,2554,85.133,373.705,468.202,34.926,43.757,465,1,579,489,54.112,45.701,473,44.206
2555,2555,85.167,373.636,468.177,34.919,43.755,463,1,579,489,54.112,45.701,473,44.206
2556,2556,85.200,373.477,468.371,34.904,43.773,458,1,579,489,54.112,45.701,473,44.206
2557,2557,85.233,373.534,468.092,34.910,43.747,455,1,579,489,54.112,45.701,473,44.206
2558,2558,85.267,373.552,467.955,34.911,43.734,462,1,579,489,54.112,45.701,473,44.206
2559,2559,85.300,373.524,467.855,34.909,43.725,453,1,579,489,54.112,45.701,473,44.206
2560,2560,85.333,373.547,467.903,34.911,43.729,451,1,579,489,54.112,45.701,473,44.206
2561,2561,85.367,373.439,468.028,34.901,43.741,456,1,579,489,54.112,45.701,473,44.206
2562,2562,85.400,373.501,467.955,34.907,43.734,456,1,579,489,54.112,45.701,473,44.206
2563,2563,85.433,373.512,468.019,34.908,43.740,459,1,579,489,54.112,45.701,473,44.206
2564,2564,85.467,373.494,468.129,34.906,43.750,467,1,579,489,54.112,45.701,473,44.206
2565,2565,85.500,373.652,468.039,34.921,43.742,470,1,579,489,54.112,45.701,473,44.206
2566,2566,85.533,373.648,467.945,34.920,43.733,469,1,579,489,54.112,45.701,473,44.206
2567,2567,85.567,373.776,467.871,34.932,43.726,470,1,579,489,54.112,45.701,473,44.206
2568,2568,85.600,373.862,467.482,34.940,43.690,465,1,579,489,54.112,45.701,473,44.206
2569,2569,85.633,373.909,467.371,34.945,43.680,471,1,579,489,54.112,45.701,473,44.206
2570,2570,85.667,374.004,467.171,34.954,43.661,472,1,579,489,54.112,45.701,473,44.206
2571,2571,85.700,374.132,466.761,34.966,43.623,476,1,579,489,54.112,45.701,473,44.206
2572,2572,85.733,374.174,466.467,34.970,43.595,479,1,579,489,54.112,45.701,473,44.206
2573,2573,85.767,374.310,466.110,34.982,43.562,489,1,579,489,54.112,45.701,473,44.206
2574,2574,85.800,374.582,465.602,35.008,43.514,489,1,579,489,54.112,45.701,473,44.206
2575,2575,85.833,374.641,465.399,35.013,43.495,496,1,579,489,54.112,45.701,473,44.206
2576,2576,85.867,374.736,465.114,35.022,43.469,502,1,579,489,54.112,45.701,473,44.206
2577,2577,85.900,374.858,464.937,35.033,43.452,509,1,579,489,54.112,45.701,473,44.206
2578,2578,85.933,374.905,464.848,35.038,43.444,507,1,579,489,54.112,45.701,473,44.206
2579,2579,85.967,375.010,464.614,35.048,43.422,508,1,579,489,54.112,45.701,473,44.206
2580,2580,86.000,375.042,464.396,35.051,43.401,505,1,579,489,54.112,45.701,473,44.206
2581,2581,86.033,375.248,464.373,35.070,43.399,507,1,579,489,54.112,45.701,473,44.206
2582,2582,86.067,375.183,464.191,35.064,43.382,507,1,579,489,54.112,45.701,473,44.206
2583,2583,86.100,375.272,464.100,35.072,43.374,508,1,579,489,54.112,45.701,473,44.206
2584,2584,86.133,375.319,463.878,35.077,43.353,508,1,579,489,54.112,45.701,473,44.206
2585,2585,86.167,375.386,463.747,35.083,43.341,514,1,579,489,54.112,45.701,473,44.206
2586,2586,86.200,375.478,463.504,35.091,43.318,511,1,579,489,54.112,45.701,473,44.206
2587,2587,86.233,375.623,463.274,35.105,43.297,509,1,579,489,54.112,45.701,473,44.206
2588,2588,86.267,375.638,463.080,35.106,43.279,513,1,579,489,54.112,45.701,473,44.206
2589,2589,86.300,375.809,462.829,35.122,43.255,504,1,579,489,54.112,45.701,473,44.206
2590,2590,86.333,375.959,462.326,35.136,43.208,498,1,579,489,54.112,45.701,473,44.206
2591,2591,86.367,376.073,461.958,35.147,43.174,493,1,579,489,54.112,45.701,473,44.206
2592,2592,86.400,376.151,461.641,35.154,43.144,484,1,579,489,54.112,45.701,473,44.206
2593,2593,86.433,376.238,461.344,35.162,43.116,483,1,579,489,54.112,45.701,473,44.206
2594,2594,86.467,376.303,461.152,35.168,43.098,485,1,579,489,54.112,45.701,473,44.206
2595,2595,86.500,376.378,460.830,35.175,43.068,480,1,579,489,54.112,45.701,473,44.206
2596,2596,86.533,376.373,460.816,35.175,43.067,472,1,579,489,54.112,45.701,473,44.206
2597,2597,86.567,376.379,460.727,35.176,43.059,472,1,579,489,54.112,45.701,473,44.206
2598,2598,86.600,376.399,460.411,35.177,43.029,482,1,579,489,54.112,45.701,473,44.206
2599,2599,86.633,376.403,460.488,35.178,43.036,477,1,579,489,54.112,45.701,473,44.206
2600,2600,86.667,376.371,460.471,35.175,43.035,478,1,579,489,54.112,45.701,473,44.206
2601,2601,86.700,376.409,460.390,35.178,43.027,475,1,579,489,54.112,45.701,473,44.206
2602,2602,86.733,376.350,460.498,35.173,43.037,472,1,579,489,54.112,45.701,473,44.206
2603,2603,86.767,376.298,460.459,35.168,43.034,469,1,579,489,54.112,45.701,473,44.206
2604,2604,86.800,376.321,460.491,35.170,43.037,466,1,579,489,54.112,45.701,473,44.206
2605,2605,86.833,376.247,460.569,35.163,43.044,457,1,579,489,54.112,45.701,473,44.206
2606,2606,86.867,376.233,460.632,35.162,43.050,462,1,579,489,54.112,45.701,473,44.206
2607,2607,86.900,376.197,460.696,35.159,43.056,461,1,579,489,54.112,45.701,473,44.206
2608,2608,86.933,376.201,460.694,35.159,43.056,458,1,579,489,54.112,45.701,473,44.206
2609,2609,86.967,376.102,460.851,35.150,43.070,451,1,579,489,54.112,45.701,473,44.206
2610,2610,87.000,376.030,461.033,35.143,43.087,453,1,579,489,54.112,45.701,473,44.206
2611,2611,87.033,376.074,461.007,35.147,43.085,455,1,579,489,54.112,45.701,473,44.206
2612,2612,87.067,376.097,460.914,35.149,43.076,456,1,579,489,54.112,45.701,473,44.206
2613,2613,87.100,376.176,460.916,35.157,43.076,454,1,579,489,54.112,45.701,473,44.206
2614,2614,87.133,376.166,460.765,35.156,43.062,460,1,579,489,54.112,45.701,473,44.206
2615,2615,87.167,376.212,460.625,35.160,43.049,463,1,579,489,54.112,45.701,473,44.206
2616,2616,87.200,376.179,460.529,35.157,43.040,459,1,579,489,54.112,45.701,473,44.206
2617,2617,87.233,376.245,460.453,35.163,43.033,462,1,579,489,54.112,45.701,473,44.206
2618,2618,87.267,376.259,460.203,35.164,43.010,468,1,579,489,54.112,45.701,473,44.206
2619,2619,87.300,376.398,459.704,35.177,42.963,455,1,579,489,54.112,45.701,473,44.206
2620,2620,87.333,376.624,459.262,35.199,42.922,468,1,579,489,54.112,45.701,473,44.206
2621,2621,87.367,376.666,459.149,35.202,42.911,467,1,579,489,54.112,45.701,473,44.206
2622,2622,87.400,376.557,459.258,35.192,42.921,454,1,579,489,54.112,45.701,473,44.206
2623,2623,87.433,376.625,459.077,35.199,42.904,455,1,579,489,54.112,45.701,473,44.206
2624,2624,87.467,376.649,459.302,35.201,42.925,464,1,579,489,54.112,45.701,473,44.206
2625,2625,87.500,376.679,458.995,35.204,42.897,464,1,579,489,54.112,45.701,473,44.206
2626,2626,87.533,376.677,458.971,35.203,42.894,462,1,579,489,54.112,45.701,473,44.206
2627,2627,87.567,376.765,458.742,35.212,42.873,462,1,579,489,54.112,45.701,473,44.206
2628,2628,87.600,376.837,458.636,35.218,42.863,464,1,579,489,54.112,45.701,473,44.206
2629,2629,87.633,377.015,458.180,35.235,42.821,456,1,579,489,54.112,45.701,473,44.206
2630,2630,87.667,377.154,457.779,35.248,42.783,470,1,579,489,54.112,45.701,473,44.206
2631,2631,87.700,377.253,457.587,35.257,42.765,466,1,579,489,54.112,45.701,473,44.206
2632,2632,87.733,377.333,457.357,35.265,42.744,459,1,579,489,54.112,45.701,473,44.206
2633,2633,87.767,377.378,457.358,35.269,42.744,458,1,579,489,54.112,45.701,473,44.206
2634,2634,87.800,377.585,456.939,35.288,42.705,461,1,579,489,54.112,45.701,473,44.206
2635,2635,87.833,377.707,456.710,35.300,42.683,469,1,579,489,54.112,45.701,473,44.206
2636,2636,87.867,377.729,456.673,35.302,42.680,471,1,579,489,54.112,45.701,473,44.206
2637,2637,87.900,377.707,456.527,35.300,42.666,469,1,579,489,54.112,45.701,473,44.206
2638,2638,87.933,377.869,456.252,35.315,42.640,472,1,579,489,54.112,45.701,473,44.206
2639,2639,87.967,377.821,456.307,35.310,42.646,464,1,579,489,54.112,45.701,473,44.206
2640,2640,88.000,377.966,456.013,35.324,42.618,466,1,579,489,54.112,45.701,473,44.206
2641,2641,88.033,378.146,455.714,35.341,42.590,462,1,579,489,54.112,45.701,473,44.206
2642,2642,88.067,378.234,455.419,35.349,42.563,454,1,579,489,54.112,45.701,473,44.206
2643,2643,88.100,378.341,455.113,35.359,42.534,454,1,579,489,54.112,45.701,473,44.206
2644,2644,88.133,378.327,455.082,35.358,42.531,449,1,579,489,54.112,45.701,473,44.206
2645,2645,88.167,378.355,455.159,35.360,42.538,449,1,579,489,54.112,45.701,473,44.206
2646,2646,88.200,378.335,455.118,35.358,42.534,448,1,579,489,54.112,45.701,473,44.206
2647,2647,88.233,378.305,455.092,35.356,42.532,447,1,579,489,54.112,45.701,473,44.206
2648,2648,88.267,378.379,454.924,35.363,42.516,442,1,579,489,54.112,45.701,473,44.206
2649,2649,88.300,378.528,454.519,35.376,42.478,438,1,579,489,54.112,45.701,473,44.206
2650,2650,88.333,378.553,454.466,35.379,42.473,440,1,579,489,54.112,45.701,473,44.206
2651,2651,88.367,378.608,454.422,35.384,42.469,436,1,579,489,54.112,45.701,473,44.206
2652,2652,88.400,378.652,454.217,35.388,42.450,431,1,579,489,54.112,45.701,473,44.206
2653,2653,88.433,378.628,454.216,35.386,42.450,429,1,579,489,54.112,45.701,473,44.206
2654,2654,88.467,378.664,454.184,35.389,42.447,427,1,579,489,54.112,45.701,473,44.206
2655,2655,88.500,378.681,454.004,35.391,42.430,427,1,579,489,54.112,45.701,473,44.206
2656,2656,88.533,378.672,454.134,35.390,42.442,431,1,579,489,54.112,45.701,473,44.206
2657,2657,88.567,378.576,454.390,35.381,42.466,433,1,579,489,54.112,45.701,473,44.206
2658,2658,88.600,378.433,454.714,35.368,42.497,434,1,579,489,54.112,45.701,473,44.206
2659,2659,88.633,378.326,454.817,35.358,42.506,428,1,579,489,54.112,45.701,473,44.206
2660,2660,88.667,378.320,454.822,35.357,42.507,428,1,579,489,54.112,45.701,473,44.206
2661,2661,88.700,378.207,455.125,35.346,42.535,420,1,579,489,54.112,45.701,473,44.206
2662,2662,88.733,378.000,455.721,35.327,42.591,406,1,579,489,54.112,45.701,473,44.206
2663,2663,88.767,377.911,455.998,35.319,42.617,411,1,579,489,54.112,45.701,473,44.206
2664,2664,88.800,377.830,456.378,35.311,42.652,400,1,579,489,54.112,45.701,473,44.206
2665,2665,88.833,377.807,456.212,35.309,42.637,392,1,579,489,54.112,45.701,473,44.206
2666,2666,88.867,377.758,456.565,35.304,42.670,397,1,579,489,54.112,45.701,473,44.206
2667,2667,88.900,377.748,456.996,35.304,42.710,390,1,579,489,54.112,45.701,473,44.206
2668,2668,88.933,377.797,457.162,35.308,42.725,386,1,579,489,54.112,45.701,473,44.206
2669,2669,88.967,377.708,457.536,35.300,42.760,385,1,579,489,54.112,45.701,473,44.206
2670,2670,89.000,377.906,457.368,35.318,42.745,389,1,579,489,54.112,45.701,473,44.206
2671,2671,89.033,377.924,457.806,35.320,42.786,379,1,579,489,54.112,45.701,473,44.206
2672,2672,89.067,377.975,457.833,35.325,42.788,380,1,579,489,54.112,45.701,473,44.206
2673,2673,89.100,378.091,457.806,35.336,42.786,383,1,579,489,54.112,45.701,473,44.206
2674,2674,89.133,378.014,458.151,35.328,42.818,384,1,579,489,54.112,45.701,473,44.206
2675,2675,89.167,378.035,458.092,35.330,42.812,380,1,579,489,54.112,45.701,473,44.206
2676,2676,89.200,378.047,457.993,35.332,42.803,384,1,579,489,54.112,45.701,473,44.206
2677,2677,89.233,378.032,458.148,35.330,42.818,373,1,579,489,54.112,45.701,473,44.206
2678,2678,89.267,377.999,458.002,35.327,42.804,383,1,579,489,54.112,45.701,473,44.206
2679,2679,89.300,378.058,458.098,35.333,42.813,388,1,579,489,54.112,45.701,473,44.206
2680,2680,89.333,378.051,457.934,35.332,42.798,382,1,579,489,54.112,45.701,473,44.206
2681,2681,89.367,377.992,458.143,35.326,42.817,382,1,579,489,54.112,45.701,473,44.206
2682,2682,89.400,377.977,458.220,35.325,42.824,382,1,579,489,54.112,45.701,473,44.206
2683,2683,89.433,377.948,458.258,35.322,42.828,382,1,579,489,54.112,45.701,473,44.206
2684,2684,89.467,377.851,458.271,35.313,42.829,387,1,579,489,54.112,45.701,473,44.206
2685,2685,89.500,377.727,458.388,35.302,42.840,379,1,579,489,54.112,45.701,473,44.206
2686,2686,89.533,377.694,458.454,35.299,42.846,394,1,579,489,54.112,45.701,473,44.206
2687,2687,89.567,377.716,458.213,35.301,42.824,397,1,579,489,54.112,45.701,473,44.206
2688,2688,89.600,377.707,458.170,35.300,42.820,395,1,579,489,54.112,45.701,473,44.206
2689,2689,89.633,377.613,458.056,35.291,42.809,397,1,579,489,54.112,45.701,473,44.206
2690,2690,89.667,377.577,458.050,35.288,42.808,397,1,579,489,54.112,45.701,473,44.206
2691,2691,89.700,377.449,458.045,35.276,42.808,400,1,579,489,54.112,45.701,473,44.206
2692,2692,89.733,377.377,457.798,35.269,42.785,391,1,579,489,54.112,45.701,473,44.206
2693,2693,89.767,377.272,457.741,35.259,42.780,391,1,579,489,54.112,45.701,473,44.206
2694,2694,89.800,377.032,457.798,35.237,42.785,402,1,579,489,54.112,45.701,473,44.206
2695,2695,89.833,376.986,457.942,35.232,42.798,399,1,579,489,54.112,45.701,473,44.206
2696,2696,89.867,376.856,457.802,35.220,42.785,401,1,579,489,54.112,45.701,473,44.206
2697,2697,89.900,376.729,457.626,35.208,42.769,410,1,579,489,54.112,45.701,473,44.206
2698,2698,89.933,376.711,457.520,35.207,42.759,409,1,579,489,54.112,45.701,473,44.206
2699,2699,89.967,376.815,457.260,35.216,42.735,409,1,579,489,54.112,45.701,473,44.206
2700,2700,90.000,376.660,457.217,35.202,42.731,409,1,579,489,54.112,45.701,473,44.206
2701,2701,90.033,376.622,456.619,35.198,42.675,421,1,579,489,54.112,45.701,473,44.206
2702,2702,90.067,376.583,456.040,35.195,42.621,428,1,579,489,54.112,45.701,473,44.206
2703,2703,90.100,376.643,455.757,35.200,42.594,434,1,579,489,54.112,45.701,473,44.206
2704,2704,90.133,376.724,455.575,35.208,42.577,430,1,579,489,54.112,45.701,473,44.206
2705,2705,90.167,376.663,455.559,35.202,42.576,433,1,579,489,54.112,45.701,473,44.206
2706,2706,90.200,376.587,455.273,35.195,42.549,438,1,579,489,54.112,45.701,473,44.206
2707,2707,90.233,376.658,455.248,35.202,42.547,438,1,579,489,54.112,45.701,473,44.206
2708,2708,90.267,376.654,455.169,35.201,42.539,441,1,579,489,54.112,45.701,473,44.206
2709,2709,90.300,376.661,455.151,35.202,42.538,441,1,579,489,54.112,45.701,473,44.206
2710,2710,90.333,376.663,455.160,35.202,42.538,441,1,579,489,54.112,45.701,473,44.206
2711,2711,90.367,376.617,455.207,35.198,42.543,438,1,579,489,54.112,45.701,473,44.206
2712,2712,90.400,376.696,455.201,35.205,42.542,438,1,579,489,54.112,45.701,473,44.206
2713,2713,90.433,376.752,455.274,35.210,42.549,433,1,579,489,54.112,45.701,473,44.206
2714,2714,90.467,376.739,455.294,35.209,42.551,432,1,579,489,54.112,45.701,473,44.206
2715,2715,90.500,376.647,455.764,35.201,42.595,449,1,579,489,54.112,45.701,473,44.206
2716,2716,90.533,376.630,455.568,35.199,42.576,449,1,579,489,54.112,45.701,473,44.206
2717,2717,90.567,376.624,455.530,35.199,42.573,450,1,579,489,54.112,45.701,473,44.206
2718,2718,90.600,376.750,455.387,35.210,42.560,453,1,579,489,54.112,45.701,473,44.206
2719,2719,90.633,376.840,455.610,35.219,42.580,439,1,579,489,54.112,45.701,473,44.206
2720,2720,90.667,376.884,455.634,35.223,42.583,441,1,579,489,54.112,45.701,473,44.206
2721,2721,90.700,376.858,455.280,35.220,42.550,432,1,579,489,54.112,45.701,473,44.206
2722,2722,90.733,376.795,455.566,35.214,42.576,436,1,579,489,54.112,45.701,473,44.206
2723,2723,90.767,376.770,455.546,35.212,42.574,438,1,579,489,54.112,45.701,473,44.206
2724,2724,90.800,376.773,455.260,35.212,42.548,437,1,579,489,54.112,45.701,473,44.206
2725,2725,90.833,376.780,455.240,35.213,42.546,437,1,579,489,54.112,45.701,473,44.206
2726,2726,90.867,376.795,455.171,35.214,42.539,438,1,579,489,54.112,45.701,473,44.206
2727,2727,90.900,376.826,455.062,35.217,42.529,437,1,579,489,54.112,45.701,473,44.206
2728,2728,90.933,376.843,454.907,35.219,42.515,432,1,579,489,54.112,45.701,473,44.206
2729,2729,90.967,376.945,454.803,35.229,42.505,430,1,579,489,54.112,45.701,473,44.206
2730,2730,91.000,376.992,454.624,35.233,42.488,419,1,579,489,54.112,45.701,473,44.206
2731,2731,91.033,376.899,453.801,35.224,42.411,427,1,579,489,54.112,45.701,473,44.206
2732,2732,91.067,376.965,453.679,35.230,42.400,423,1,579,489,54.112,45.701,473,44.206
2733,2733,91.100,377.027,453.202,35.236,42.355,410,1,579,489,54.112,45.701,473,44.206
2734,2734,91.133,376.983,452.856,35.232,42.323,415,1,579,489,54.112,45.701,473,44.206
2735,2735,91.167,376.997,452.895,35.233,42.327,410,1,579,489,54.112,45.701,473,44.206
2736,2736,91.200,376.907,452.383,35.225,42.279,406,1,579,489,54.112,45.701,473,44.206
2737,2737,91.233,377.008,452.178,35.234,42.260,400,1,579,489,54.112,45.701,473,44.206
2738,2738,91.267,377.029,452.119,35.236,42.254,401,1,579,489,54.112,45.701,473,44.206
2739,2739,91.300,377.108,451.913,35.244,42.235,393,1,579,489,54.112,45.701,473,44.206
2740,2740,91.333,377.357,451.944,35.267,42.238,387,1,579,489,54.112,45.701,473,44.206
2741,2741,91.367,377.446,451.835,35.275,42.228,389,1,579,489,54.112,45.701,473,44.206
2742,2742,91.400,377.524,452.021,35.283,42.245,384,1,579,489,54.112,45.701,473,44.206
2743,2743,91.433,377.593,451.926,35.289,42.236,397,1,579,489,54.112,45.701,473,44.206
2744,2744,91.467,377.645,452.053,35.294,42.248,399,1,579,489,54.112,45.701,473,44.206
2745,2745,91.500,377.860,452.315,35.314,42.272,397,1,579,489,54.112,45.701,473,44.206
2746,2746,91.533,377.835,452.187,35.312,42.260,389,1,579,489,54.112,45.701,473,44.206
2747,2747,91.567,377.848,452.147,35.313,42.257,388,1,579,489,54.112,45.701,473,44.206
2748,2748,91.600,377.858,452.240,35.314,42.265,384,1,579,489,54.112,45.701,473,44.206
2749,2749,91.633,377.799,452.048,35.308,42.248,387,1,579,489,54.112,45.701,473,44.206
2750,2750,91.667,377.775,451.934,35.306,42.237,381,1,579,489,54.112,45.701,473,44.206
2751,2751,91.700,377.579,452.329,35.288,42.274,388,1,579,489,54.112,45.701,473,44.206
2752,2752,91.733,377.407,452.069,35.272,42.249,394,1,579,489,54.112,45.701,473,44.206
2753,2753,91.767,377.437,451.910,35.274,42.235,394,1,579,489,54.112,45.701,473,44.206
2754,2754,91.800,377.287,451.544,35.260,42.200,403,1,579,489,54.112,45.701,473,44.206
2755,2755,91.833,377.200,451.406,35.252,42.187,405,1,579,489,54.112,45.701,473,44.206
2756,2756,91.867,377.178,451.276,35.250,42.175,408,1,579,489,54.112,45.701,473,44.206
2757,2757,91.900,377.087,450.761,35.242,42.127,405,1,579,489,54.112,45.701,473,44.206
2758,2758,91.933,376.750,450.166,35.210,42.072,420,1,579,489,54.112,45.701,473,44.206
2759,2759,91.967,376.681,450.130,35.204,42.068,414,1,579,489,54.112,45.701,473,44.206
2760,2760,92.000,376.616,449.793,35.198,42.037,426,1,579,489,54.112,45.701,473,44.206
2761,2761,92.033,376.397,449.477,35.177,42.007,423,1,579,489,54.112,45.701,473,44.206
2762,2762,92.067,376.374,449.142,35.175,41.976,420,1,579,489,54.112,45.701,473,44.206
2763,2763,92.100,376.226,448.791,35.161,41.943,420,1,579,489,54.112,45.701,473,44.206
2764,2764,92.133,376.154,448.804,35.155,41.944,425,1,579,489,54.112,45.701,473,44.206
2765,2765,92.167,375.806,448.293,35.122,41.897,432,1,579,489,54.112,45.701,473,44.206
2766,2766,92.200,375.754,448.180,35.117,41.886,430,1,579,489,54.112,45.701,473,44.206
2767,2767,92.233,375.813,447.982,35.123,41.868,421,1,579,489,54.112,45.701,473,44.206
2768,2768,92.267,375.709,447.763,35.113,41.847,423,1,579,489,54.112,45.701,473,44.206
2769,2769,92.300,375.702,447.709,35.112,41.842,421,1,579,489,54.112,45.701,473,44.206
2770,2770,92.333,375.530,447.448,35.096,41.818,430,1,579,489,54.112,45.701,473,44.206
2771,2771,92.367,375.534,447.347,35.097,41.808,426,1,579,489,54.112,45.701,473,44.206
2772,2772,92.400,375.635,447.368,35.106,41.810,423,1,579,489,54.112,45.701,473,44.206
2773,2773,92.433,375.626,447.030,35.105,41.778,414,1,579,489,54.112,45.701,473,44.206
2774,2774,92.467,375.484,446.595,35.092,41.738,415,1,579,489,54.112,45.701,473,44.206
2775,2775,92.500,375.476,446.538,35.091,41.733,415,1,579,489,54.112,45.701,473,44.206
2776,2776,92.533,375.266,446.316,35.072,41.712,417,1,579,489,54.112,45.701,473,44.206
2777,2777,92.567,375.209,446.170,35.066,41.698,418,1,579,489,54.112,45.701,473,44.206
2778,2778,92.600,375.249,446.028,35.070,41.685,412,1,579,489,54.112,45.701,473,44.206
2779,2779,92.633,375.127,445.607,35.059,41.645,406,1,579,489,54.112,45.701,473,44.206
2780,2780,92.667,375.117,445.474,35.058,41.633,401,1,579,489,54.112,45.701,473,44.206
2781,2781,92.700,375.189,445.426,35.064,41.629,408,1,579,489,54.112,45.701,473,44.206
2782,2782,92.733,375.210,445.233,35.066,41.611,401,1,579,489,54.112,45.701,473,44.206
2783,2783,92.767,375.272,445.191,35.072,41.607,405,1,579,489,54.112,45.701,473,44.206
2784,2784,92.800,375.197,444.753,35.065,41.566,392,1,579,489,54.112,45.701,473,44.206
2785,2785,92.833,375.544,445.132,35.098,41.601,394,1,579,489,54.112,45.701,473,44.206
2786,2786,92.867,375.585,445.111,35.101,41.599,394,1,579,489,54.112,45.701,473,44.206
2787,2787,92.900,375.628,444.963,35.105,41.585,399,1,579,489,54.112,45.701,473,44.206
2788,2788,92.933,375.666,444.964,35.109,41.585,399,1,579,489,54.112,45.701,473,44.206
2789,2789,92.967,375.641,444.813,35.107,41.571,402,1,579,489,54.112,45.701,473,44.206
2790,2790,93.000,375.720,444.884,35.114,41.578,401,1,579,489,54.112,45.701,473,44.206
2791,2791,93.033,375.646,444.868,35.107,41.576,400,1,579,489,54.112,45.701,473,44.206
2792,2792,93.067,375.780,444.987,35.120,41.588,397,1,579,489,54.112,45.701,473,44.206
2793,2793,93.100,375.872,445.169,35.128,41.605,387,1,579,489,54.112,45.701,473,44.206
2794,2794,93.133,375.644,444.934,35.107,41.583,396,1,579,489,54.112,45.701,473,44.206
2795,2795,93.167,375.591,444.846,35.102,41.574,397,1,579,489,54.112,45.701,473,44.206
2796,2796,93.200,375.535,444.791,35.097,41.569,412,1,579,489,54.112,45.701,473,44.206
2797,2797,93.233,375.456,444.506,35.089,41.543,407,1,579,489,54.112,45.701,473,44.206
2798,2798,93.267,375.169,444.349,35.062,41.528,416,1,579,489,54.112,45.701,473,44.206
2799,2799,93.300,375.069,444.169,35.053,41.511,415,1,579,489,54.112,45.701,473,44.206
2800,2800,93.333,374.867,443.970,35.034,41.493,425,1,579,489,54.112,45.701,473,44.206
2801,2801,93.367,374.824,443.869,35.030,41.483,423,1,579,489,54.112,45.701,473,44.206
2802,2802,93.400,374.622,443.569,35.011,41.455,428,1,579,489,54.112,45.701,473,44.206
2803,2803,93.433,374.392,443.278,34.990,41.428,438,1,579,489,54.112,45.701,473,44.206
2804,2804,93.467,374.265,443.220,34.978,41.422,437,1,579,489,54.112,45.701,473,44.206
2805,2805,93.500,374.137,442.860,34.966,41.389,436,1,579,489,54.112,45.701,473,44.206
2806,2806,93.533,373.870,442.441,34.941,41.350,439,1,579,489,54.112,45.701,473,44.206
2807,2807,93.567,373.744,442.394,34.929,41.345,444,1,579,489,54.112,45.701,473,44.206
2808,2808,93.600,373.777,442.335,34.932,41.340,446,1,579,489,54.112,45.701,473,44.206
2809,2809,93.633,373.720,442.097,34.927,41.318,439,1,579,489,54.112,45.701,473,44.206
2810,2810,93.667,373.542,441.772,34.910,41.287,441,1,579,489,54.112,45.701,473,44.206
2811,2811,93.700,373.171,441.550,34.876,41.266,450,1,579,489,54.112,45.701,473,44.206
2812,2812,93.733,373.120,441.374,34.871,41.250,448,1,579,489,54.112,45.701,473,44.206
2813,2813,93.767,373.044,441.041,34.864,41.219,441,1,579,489,54.112,45.701,473,44.206
2814,2814,93.800,373.009,441.071,34.861,41.222,446,1,579,489,54.112,45.701,473,44.206
2815,2815,93.833,373.099,440.953,34.869,41.211,437,1,579,489,54.112,45.701,473,44.206
2816,2816,93.867,372.923,440.697,34.853,41.187,439,1,579,489,54.112,45.701,473,44.206
2817,2817,93.900,373.029,440.775,34.863,41.194,433,1,579,489,54.112,45.701,473,44.206
2818,2818,93.933,372.879,440.500,34.849,41.168,429,1,579,489,54.112,45.701,473,44.206
2819,2819,93.967,372.828,440.462,34.844,41.165,429,1,579,489,54.112,45.701,473,44.206
2820,2820,94.000,372.697,440.105,34.832,41.131,420,1,579,489,54.112,45.701,473,44.206
2821,2821,94.033,372.272,439.452,34.792,41.070,421,1,579,489,54.112,45.701,473,44.206
2822,2822,94.067,371.947,439.010,34.761,41.029,410,1,579,489,54.112,45.701,473,44.206
2823,2823,94.100,371.907,438.881,34.758,41.017,403,1,579,489,54.112,45.701,473,44.206
2824,2824,94.133,371.816,438.668,34.749,40.997,401,1,579,489,54.112,45.701,473,44.206
2825,2825,94.167,371.729,438.600,34.741,40.991,402,1,579,489,54.112,45.701,473,44.206
2826,2826,94.200,371.823,438.643,34.750,40.995,398,1,579,489,54.112,45.701,473,44.206
2827,2827,94.233,371.757,438.396,34.744,40.972,398,1,579,489,54.112,45.701,473,44.206
2828,2828,94.267,371.778,438.322,34.746,40.965,395,1,579,489,54.112,45.701,473,44.206
2829,2829,94.300,371.988,438.409,34.765,40.973,401,1,579,489,54.112,45.701,473,44.206
2830,2830,94.333,372.097,438.449,34.775,40.977,405,1,579,489,54.112,45.701,473,44.206
2831,2831,94.367,372.242,438.589,34.789,40.990,407,1,579,489,54.112,45.701,473,44.206
2832,2832,94.400,372.057,438.209,34.772,40.954,392,1,579,489,54.112,45.701,473,44.206
2833,2833,94.433,372.054,438.103,34.771,40.944,392,1,579,489,54.112,45.701,473,44.206
2834,2834,94.467,372.202,438.438,34.785,40.976,394,1,579,489,54.112,45.701,473,44.206
2835,2835,94.500,372.084,438.442,34.774,40.976,396,1,579,489,54.112,45.701,473,44.206
2836,2836,94.533,372.044,438.341,34.770,40.966,397,1,579,489,54.112,45.701,473,44.206
2837,2837,94.567,372.079,438.305,34.774,40.963,401,1,579,489,54.112,45.701,473,44.206
2838,2838,94.600,372.118,438.310,34.777,40.964,401,1,579,489,54.112,45.701,473,44.206
2839,2839,94.633,372.016,438.130,34.768,40.947,414,1,579,489,54.112,45.701,473,44.206
2840,2840,94.667,371.798,437.837,34.747,40.919,414,1,579,489,54.112,45.701,473,44.206
2841,2841,94.700,371.703,437.669,34.739,40.904,412,1,579,489,54.112,45.701,473,44.206
2842,2842,94.733,371.552,437.445,34.724,40.883,410,1,579,489,54.112,45.701,473,44.206
2843,2843,94.767,371.395,437.256,34.710,40.865,417,1,579,489,54.112,45.701,473,44.206
2844,2844,94.800,371.311,437.067,34.702,40.847,428,1,579,489,54.112,45.701,473,44.206
2845,2845,94.833,371.118,436.617,34.684,40.805,420,1,579,489,54.112,45.701,473,44.206
2846,2846,94.867,371.091,436.594,34.681,40.803,425,1,579,489,54.112,45.701,473,44.206
2847,2847,94.900,370.823,436.464,34.656,40.791,433,1,579,489,54.112,45.701,473,44.206
2848,2848,94.933,370.517,436.022,34.628,40.750,444,1,579,489,54.112,45.701,473,44.206
2849,2849,94.967,370.384,435.849,34.615,40.734,449,1,579,489,54.112,45.701,473,44.206
2850,2850,95.000,370.199,435.593,34.598,40.710,458,1,579,489,54.112,45.701,473,44.206
2851,2851,95.033,370.235,435.514,34.601,40.702,461,1,579,489,54.112,45.701,473,44.206
2852,2852,95.067,370.166,435.484,34.595,40.699,461,1,579,489,54.112,45.701,473,44.206
2853,2853,95.100,369.718,434.963,34.553,40.651,470,1,579,489,54.112,45.701,473,44.206
2854,2854,95.133,369.626,434.929,34.544,40.648,466,1,579,489,54.112,45.701,473,44.206
2855,2855,95.167,369.428,434.708,34.526,40.627,460,1,579,489,54.112,45.701,473,44.206
2856,2856,95.200,369.295,434.535,34.514,40.611,449,1,579,489,54.112,45.701,473,44.206
2857,2857,95.233,369.148,434.338,34.500,40.592,450,1,579,489,54.112,45.701,473,44.206
2858,2858,95.267,369.079,434.235,34.493,40.583,454,1,579,489,54.112,45.701,473,44.206
2859,2859,95.300,368.910,433.904,34.478,40.552,455,1,579,489,54.112,45.701,473,44.206
2860,2860,95.333,368.786,433.877,34.466,40.549,450,1,579,489,54.112,45.701,473,44.206
2861,2861,95.367,368.480,433.333,34.437,40.498,439,1,579,489,54.112,45.701,473,44.206
2862,2862,95.400,368.306,433.064,34.421,40.473,438,1,579,489,54.112,45.701,473,44.206
2863,2863,95.433,368.285,433.009,34.419,40.468,431,1,579,489,54.112,45.701,473,44.206
2864,2864,95.467,368.243,432.929,34.415,40.461,425,1,579,489,54.112,45.701,473,44.206
2865,2865,95.500,368.091,432.659,34.401,40.435,424,1,579,489,54.112,45.701,473,44.206
2866,2866,95.533,367.989,432.507,34.391,40.421,424,1,579,489,54.112,45.701,473,44.206
2867,2867,95.567,368.106,432.628,34.402,40.433,418,1,579,489,54.112,45.701,473,44.206
2868,2868,95.600,367.963,432.297,34.389,40.402,419,1,579,489,54.112,45.701,473,44.206
2869,2869,95.633,367.840,431.975,34.378,40.372,411,1,579,489,54.112,45.701,473,44.206
2870,2870,95.667,367.842,431.901,34.378,40.365,416,1,579,489,54.112,45.701,473,44.206
2871,2871,95.700,367.969,432.011,34.390,40.375,409,1,579,489,54.112,45.701,473,44.206
2872,2872,95.733,367.922,431.815,34.385,40.357,410,1,579,489,54.112,45.701,473,44.206
2873,2873,95.767,368.164,432.203,34.408,40.393,413,1,579,489,54.112,45.701,473,44.206
2874,2874,95.800,367.888,431.824,34.382,40.357,407,1,579,489,54.112,45.701,473,44.206
2875,2875,95.833,367.911,431.984,34.384,40.372,407,1,579,489,54.112,45.701,473,44.206
2876,2876,95.867,367.956,432.067,34.388,40.380,407,1,579,489,54.112,45.701,473,44.206
2877,2877,95.900,368.104,432.239,34.402,40.396,400,1,579,489,54.112,45.701,473,44.206
2878,2878,95.933,368.193,432.301,34.411,40.402,399,1,579,489,54.112,45.701,473,44.206
2879,2879,95.967,368.209,432.405,34.412,40.412,403,1,579,489,54.112,45.701,473,44.206
2880,2880,96.000,368.160,432.277,34.407,40.400,402,1,579,489,54.112,45.701,473,44.206
2881,2881,96.033,368.263,432.547,34.417,40.425,390,1,579,489,54.112,45.701,473,44.206
2882,2882,96.067,368.147,432.454,34.406,40.416,393,1,579,489,54.112,45.701,473,44.206
2883,2883,96.100,368.156,432.294,34.407,40.401,399,1,579,489,54.112,45.701,473,44.206
2884,2884,96.133,367.799,431.719,34.374,40.348,412,1,579,489,54.112,45.701,473,44.206
2885,2885,96.167,367.786,431.689,34.373,40.345,413,1,579,489,54.112,45.701,473,44.206
2886,2886,96.200,367.481,431.233,34.344,40.302,421,1,579,489,54.112,45.701,473,44.206
2887,2887,96.233,367.308,431.019,34.328,40.282,426,1,579,489,54.112,45.701,473,44.206
2888,2888,96.267,367.088,430.682,34.307,40.251,436,1,579,489,54.112,45.701,473,44.206
2889,2889,96.300,366.987,430.596,34.298,40.243,432,1,579,489,54.112,45.701,473,44.206
2890,2890,96.333,366.605,430.211,34.262,40.207,440,1,579,489,54.112,45.701,473,44.206
2891,2891,96.367,366.532,430.150,34.255,40.201,442,1,579,489,54.112,45.701,473,44.206
2892,2892,96.400,366.363,429.779,34.240,40.166,446,1,579,489,54.112,45.701,473,44.206
2893,2893,96.433,366.334,429.700,34.237,40.159,446,1,579,489,54.112,45.701,473,44.206
2894,2894,96.467,366.277,429.576,34.232,40.147,450,1,579,489,54.112,45.701,473,44.206
2895,2895,96.500,365.970,429.179,34.203,40.110,459,1,579,489,54.112,45.701,473,44.206
2896,2896,96.533,365.896,429.109,34.196,40.104,461,1,579,489,54.112,45.701,473,44.206
2897,2897,96.567,365.759,428.903,34.183,40.084,467,1,579,489,54.112,45.701,473,44.206
2898,2898,96.600,365.471,428.490,34.156,40.046,470,1,579,489,54.112,45.701,473,44.206
2899,2899,96.633,365.304,428.236,34.141,40.022,478,1,579,489,54.112,45.701,473,44.206
2900,2900,96.667,364.881,427.772,34.101,39.979,489,1,579,489,54.112,45.701,473,44.206
2901,2901,96.700,364.888,427.650,34.102,39.967,484,1,579,489,54.112,45.701,473,44.206
2902,2902,96.733,364.583,427.266,34.073,39.931,483,1,579,489,54.112,45.701,473,44.206
2903,2903,96.767,364.371,427.003,34.053,39.907,483,1,579,489,54.112,45.701,473,44.206
2904,2904,96.800,364.299,426.818,34.047,39.890,477,1,579,489,54.112,45.701,473,44.206
2905,2905,96.833,364.127,426.534,34.031,39.863,469,1,579,489,54.112,45.701,473,44.206
2906,2906,96.867,364.010,426.379,34.020,39.849,477,1,579,489,54.112,45.701,473,44.206
2907,2907,96.900,363.720,426.008,33.993,39.814,474,1,579,489,54.112,45.701,473,44.206
2908,2908,96.933,363.431,425.712,33.966,39.786,467,1,579,489,54.112,45.701,473,44.206
2909,2909,96.967,363.320,425.497,33.955,39.766,461,1,579,489,54.112,45.701,473,44.206
2910,2910,97.000,363.228,425.300,33.947,39.748,462,1,579,489,54.112,45.701,473,44.206
2911,2911,97.033,363.238,425.278,33.947,39.746,465,1,579,489,54.112,45.701,473,44.206
2912,2912,97.067,363.135,425.070,33.938,39.726,456,1,579,489,54.112,45.701,473,44.206
2913,2913,97.100,363.109,424.946,33.935,39.715,450,1,579,489,54.112,45.701,473,44.206
2914,2914,97.133,363.165,425.087,33.941,39.728,450,1,579,489,54.112,45.701,473,44.206
2915,2915,97.167,363.017,424.930,33.927,39.713,444,1,579,489,54.112,45.701,473,44.206
2916,2916,97.200,363.072,425.042,33.932,39.724,439,1,579,489,54.112,45.701,473,44.206
2917,2917,97.233,363.073,425.119,33.932,39.731,444,1,579,489,54.112,45.701,473,44.206
2918,2918,97.267,363.176,425.231,33.942,39.741,436,1,579,489,54.112,45.701,473,44.206
2919,2919,97.300,363.289,425.367,33.952,39.754,439,1,579,489,54.112,45.701,473,44.206
2920,2920,97.333,363.335,425.384,33.957,39.756,444,1,579,489,54.112,45.701,473,44.206
2921,2921,97.367,363.381,425.475,33.961,39.764,445,1,579,489,54.112,45.701,473,44.206
2922,2922,97.400,363.332,425.443,33.956,39.761,447,1,579,489,54.112,45.701,473,44.206
2923,2923,97.433,363.314,425.428,33.955,39.760,447,1,579,489,54.112,45.701,473,44.206
2924,2924,97.467,363.215,425.233,33.945,39.741,441,1,579,489,54.112,45.701,473,44.206
2925,2925,97.500,362.989,425.029,33.924,39.722,442,1,579,489,54.112,45.701,473,44.206
2926,2926,97.533,362.932,424.882,33.919,39.709,449,1,579,489,54.112,45.701,473,44.206
2927,2927,97.567,362.916,424.989,33.917,39.719,448,1,579,489,54.112,45.701,473,44.206
2928,2928,97.600,362.765,424.726,33.903,39.694,456,1,579,489,54.112,45.701,473,44.206
2929,2929,97.633,362.842,424.839,33.910,39.705,450,1,579,489,54.112,45.701,473,44.206
2930,2930,97.667,362.728,424.625,33.900,39.685,457,1,579,489,54.112,45.701,473,44.206
2931,2931,97.700,362.584,424.466,33.886,39.670,457,1,579,489,54.112,45.701,473,44.206
2932,2932,97.733,362.581,424.284,33.886,39.653,458,1,579,489,54.112,45.701,473,44.206
2933,2933,97.767,362.311,423.926,33.861,39.619,467,1,579,489,54.112,45.701,473,44.206
2934,2934,97.800,362.142,423.549,33.845,39.584,472,1,579,489,54.112,45.701,473,44.206
2935,2935,97.833,361.741,423.058,33.808,39.538,473,1,579,489,54.112,45.701,473,44.206
2936,2936,97.867,361.702,422.910,33.804,39.524,480,1,579,489,54.112,45.701,473,44.206
2937,2937,97.900,361.613,422.772,33.796,39.511,484,1,579,489,54.112,45.701,473,44.206
2938,2938,97.933,361.436,422.486,33.779,39.485,491,1,579,489,54.112,45.701,473,44.206
2939,2939,97.967,361.291,422.212,33.765,39.459,494,1,579,489,54.112,45.701,473,44.206
2940,2940,98.000,361.195,422.316,33.757,39.469,502,1,579,489,54.112,45.701,473,44.206
2941,2941,98.033,360.587,421.586,33.700,39.401,519,1,579,489,54.112,45.701,473,44.206
2942,2942,98.067,360.712,421.623,33.711,39.404,520,1,579,489,54.112,45.701,473,44.206
2943,2943,98.100,360.477,421.216,33.689,39.366,522,1,579,489,54.112,45.701,473,44.206
2944,2944,98.133,360.407,421.181,33.683,39.363,517,1,579,489,54.112,45.701,473,44.206
2945,2945,98.167,360.410,421.183,33.683,39.363,517,1,579,489,54.112,45.701,473,44.206
2946,2946,98.200,360.476,421.414,33.689,39.385,520,1,579,489,54.112,45.701,473,44.206
2947,2947,98.233,360.454,421.470,33.687,39.390,515,1,579,489,54.112,45.701,473,44.206
2948,2948,98.267,360.424,421.340,33.684,39.378,520,1,579,489,54.112,45.701,473,44.206
2949,2949,98.300,360.394,421.266,33.682,39.371,517,1,579,489,54.112,45.701,473,44.206
2950,2950,98.333,360.331,421.112,33.676,39.356,519,1,579,489,54.112,45.701,473,44.206
2951,2951,98.367,360.313,421.148,33.674,39.360,518,1,579,489,54.112,45.701,473,44.206
2952,2952,98.400,360.300,421.138,33.673,39.359,517,1,579,489,54.112,45.701,473,44.206
2953,2953,98.433,360.263,420.978,33.669,39.344,516,1,579,489,54.112,45.701,473,44.206
2954,2954,98.467,360.319,421.152,33.675,39.360,513,1,579,489,54.112,45.701,473,44.206
2955,2955,98.500,360.288,420.966,33.672,39.343,521,1,579,489,54.112,45.701,473,44.206
2956,2956,98.533,360.311,421.038,33.674,39.349,523,1,579,489,54.112,45.701,473,44.206
2957,2957,98.567,360.393,421.146,33.682,39.359,526,1,579,489,54.112,45.701,473,44.206
2958,2958,98.600,360.260,420.940,33.669,39.340,528,1,579,489,54.112,45.701,473,44.206
2959,2959,98.633,360.375,421.023,33.680,39.348,529,1,579,489,54.112,45.701,473,44.206
2960,2960,98.667,360.352,421.065,33.678,39.352,517,1,579,489,54.112,45.701,473,44.206
2961,2961,98.700,360.550,421.316,33.696,39.375,535,1,579,489,54.112,45.701,473,44.206
2962,2962,98.733,360.619,421.420,33.703,39.385,527,1,579,489,54.112,45.701,473,44.206
2963,2963,98.767,360.535,421.293,33.695,39.373,522,1,579,489,54.112,45.701,473,44.206
2964,2964,98.800,360.630,421.426,33.704,39.386,523,1,579,489,54.112,45.701,473,44.206
2965,2965,98.833,360.559,421.385,33.697,39.382,520,1,579,489,54.112,45.701,473,44.206
2966,2966,98.867,360.402,421.190,33.682,39.364,516,1,579,489,54.112,45.701,473,44.206
2967,2967,98.900,360.455,421.197,33.687,39.364,517,1,579,489,54.112,45.701,473,44.206
2968,2968,98.933,360.573,421.330,33.698,39.377,518,1,579,489,54.112,45.701,473,44.206
2969,2969,98.967,360.481,421.233,33.690,39.368,522,1,579,489,54.112,45.701,473,44.206
2970,2970,99.000,360.475,421.209,33.689,39.365,525,1,579,489,54.112,45.701,473,44.206
2971,2971,99.033,360.579,421.374,33.699,39.381,520,1,579,489,54.112,45.701,473,44.206
2972,2972,99.067,360.665,421.513,33.707,39.394,523,1,579,489,54.112,45.701,473,44.206
2973,2973,99.100,360.768,421.582,33.717,39.400,519,1,579,489,54.112,45.701,473,44.206
2974,2974,99.133,360.768,421.648,33.717,39.406,514,1,579,489,54.112,45.701,473,44.206
2975,2975,99.167,360.987,421.933,33.737,39.433,506,1,579,489,54.112,45.701,473,44.206
2976,2976,99.200,361.444,422.399,33.780,39.477,492,1,579,489,54.112,45.701,473,44.206
2977,2977,99.233,361.692,422.787,33.803,39.513,478,1,579,489,54.112,45.701,473,44.206
2978,2978,99.267,361.790,422.819,33.812,39.516,477,1,579,489,54.112,45.701,473,44.206
2979,2979,99.300,361.779,422.839,33.811,39.518,475,1,579,489,54.112,45.701,473,44.206
2980,2980,99.333,361.927,422.996,33.825,39.532,466,1,579,489,54.112,45.701,473,44.206
2981,2981,99.367,361.882,422.960,33.821,39.529,458,1,579,489,54.112,45.701,473,44.206
2982,2982,99.400,362.072,423.320,33.838,39.563,463,1,579,489,54.112,45.701,473,44.206
2983,2983,99.433,362.067,423.187,33.838,39.550,465,1,579,489,54.112,45.701,473,44.206
2984,2984,99.467,362.222,423.453,33.853,39.575,458,1,579,489,54.112,45.701,473,44.206
2985,2985,99.500,362.253,423.421,33.855,39.572,460,1,579,489,54.112,45.701,473,44.206
2986,2986,99.533,362.350,423.652,33.864,39.594,452,1,579,489,54.112,45.701,473,44.206
2987,2987,99.567,362.404,423.523,33.870,39.582,447,1,579,489,54.112,45.701,473,44.206
2988,2988,99.600,362.717,423.950,33.899,39.621,446,1,579,489,54.112,45.701,473,44.206
2989,2989,99.633,362.739,423.755,33.901,39.603,449,1,579,489,54.112,45.701,473,44.206
2990,2990,99.667,363.023,424.181,33.927,39.643,437,1,579,489,54.112,45.701,473,44.206
2991,2991,99.700,363.176,424.353,33.942,39.659,439,1,579,489,54.112,45.701,473,44.206
2992,2992,99.733,363.178,424.332,33.942,39.657,436,1,579,489,54.112,45.701,473,44.206
2993,2993,99.767,363.439,424.837,33.966,39.704,437,1,579,489,54.112,45.701,473,44.206
2994,2994,99.800,363.554,424.816,33.977,39.702,446,1,579,489,54.112,45.701,473,44.206
2995,2995,99.833,363.653,424.840,33.986,39.705,446,1,579,489,54.112,45.701,473,44.206
2996,2996,99.867,363.694,424.841,33.990,39.705,447,1,579,489,54.112,45.701,473,44.206
2997,2997,99.900,363.798,424.952,34.000,39.715,443,1,579,489,54.112,45.701,473,44.206
2998,2998,99.933,363.807,424.861,34.001,39.707,449,1,579,489,54.112,45.701,473,44.206
2999,2999,99.967,363.758,424.886,33.996,39.709,439,1,579,489,54.112,45.701,473,44.206
3000,3000,100.000,363.864,424.919,34.006,39.712,444,1,579,489,54.112,45.701,473,44.206
3001,3001,100.033,364.069,424.969,34.025,39.717,437,1,579,489,54.112,45.701,473,44.206
3002,3002,100.067,363.976,424.900,34.016,39.710,444,1,579,489,54.112,45.701,473,44.206
3003,3003,100.100,364.058,424.897,34.024,39.710,443,1,579,489,54.112,45.701,473,44.206
3004,3004,100.133,364.160,424.826,34.034,39.703,439,1,579,489,54.112,45.701,473,44.206
3005,3005,100.167,364.171,424.760,34.035,39.697,442,1,579,489,54.112,45.701,473,44.206
3006,3006,100.200,364.163,424.693,34.034,39.691,442,1,579,489,54.112,45.701,473,44.206
3007,3007,100.233,364.229,424.766,34.040,39.698,440,1,579,489,54.112,45.701,473,44.206
3008,3008,100.267,364.208,424.929,34.038,39.713,447,1,579,489,54.112,45.701,473,44.206
3009,3009,100.300,364.302,425.028,34.047,39.722,444,1,579,489,54.112,45.701,473,44.206
3010,3010,100.333,364.407,424.946,34.057,39.715,439,1,579,489,54.112,45.701,473,44.206
3011,3011,100.367,364.480,424.890,34.064,39.709,441,1,579,489,54.112,45.701,473,44.206
3012,3012,100.400,364.439,424.696,34.060,39.691,446,1,579,489,54.112,45.701,473,44.206
3013,3013,100.433,364.504,424.690,34.066,39.691,450,1,579,489,54.112,45.701,473,44.206
3014,3014,100.467,364.502,424.714,34.066,39.693,449,1,579,489,54.112,45.701,473,44.206
3015,3015,100.500,364.504,424.620,34.066,39.684,449,1,579,489,54.112,45.701,473,44.206
3016,3016,100.533,364.599,424.596,34.075,39.682,450,1,579,489,54.112,45.701,473,44.206
3017,3017,100.567,364.786,424.690,34.092,39.691,458,1,579,489,54.112,45.701,473,44.206
3018,3018,100.600,364.750,424.691,34.089,39.691,461,1,579,489,54.112,45.701,473,44.206
3019,3019,100.633,364.690,424.567,34.083,39.679,457,1,579,489,54.112,45.701,473,44.206
3020,3020,100.667,364.664,424.426,34.081,39.666,460,1,579,489,54.112,45.701,473,44.206
3021,3021,100.700,364.792,424.455,34.093,39.669,454,1,579,489,54.112,45.701,473,44.206
3022,3022,100.733,364.758,424.480,34.089,39.671,459,1,579,489,54.112,45.701,473,44.206
3023,3023,100.767,364.785,424.443,34.092,39.668,458,1,579,489,54.112,45.701,473,44.206
3024,3024,100.800,364.847,424.505,34.098,39.673,457,1,579,489,54.112,45.701,473,44.206
3025,3025,100.833,364.820,424.577,34.095,39.680,462,1,579,489,54.112,45.701,473,44.206
3026,3026,100.867,364.898,424.548,34.103,39.677,457,1,579,489,54.112,45.701,473,44.206
3027,3027,100.900,364.873,424.254,34.100,39.650,462,1,579,489,54.112,45.701,473,44.206
3028,3028,100.933,364.914,424.304,34.104,39.655,460,1,579,489,54.112,45.701,473,44.206
3029,3029,100.967,364.862,424.264,34.099,39.651,459,1,579,489,54.112,45.701,473,44.206
3030,3030,101.000,364.731,423.976,34.087,39.624,456,1,579,489,54.112,45.701,473,44.206
3031,3031,101.033,364.638,423.763,34.078,39.604,468,1,579,489,54.112,45.701,473,44.206
3032,3032,101.067,364.616,423.761,34.076,39.604,468,1,579,489,54.112,45.701,473,44.206
3033,3033,101.100,364.762,423.986,34.090,39.625,474,1,579,489,54.112,45.701,473,44.206
3034,3034,101.133,364.728,423.808,34.087,39.608,472,1,579,489,54.112,45.701,473,44.206
3035,3035,101.167,364.807,423.874,34.094,39.614,468,1,579,489,54.112,45.701,473,44.206
3036,3036,101.200,364.889,423.823,34.102,39.610,475,1,579,489,54.112,45.701,473,44.206
3037,3037,101.233,364.863,423.717,34.099,39.600,472,1,579,489,54.112,45.701,473,44.206
3038,3038,101.267,364.900,423.714,34.103,39.599,474,1,579,489,54.112,45.701,473,44.206
3039,3039,101.300,364.911,423.647,34.104,39.593,476,1,579,489,54.112,45.701,473,44.206
3040,3040,101.333,364.928,423.595,34.105,39.588,475,1,579,489,54.112,45.701,473,44.206
3041,3041,101.367,364.965,423.507,34.109,39.580,480,1,579,489,54.112,45.701,473,44.206
3042,3042,101.400,364.971,423.461,34.109,39.576,482,1,579,489,54.112,45.701,473,44.206
3043,3043,101.433,364.917,423.365,34.104,39.567,482,1,579,489,54.112,45.701,473,44.206
3044,3044,101.467,364.967,423.333,34.109,39.564,485,1,579,489,54.112,45.701,473,44.206
3045,3045,101.500,364.993,423.359,34.111,39.566,485,1,579,489,54.112,45.701,473,44.206
3046,3046,101.533,365.170,423.200,34.128,39.551,488,1,579,489,54.112,45.701,473,44.206
3047,3047,101.567,365.021,423.172,34.114,39.549,482,1,579,489,54.112,45.701,473,44.206
3048,3048,101.600,365.002,423.056,34.112,39.538,479,1,579,489,54.112,45.701,473,44.206
3049,3049,101.633,364.930,422.834,34.106,39.517,481,1,579,489,54.112,45.701,473,44.206
3050,3050,101.667,365.039,422.403,34.116,39.477,489,1,579,489,54.112,45.701,473,44.206
3051,3051,101.700,365.136,422.183,34.125,39.456,490,1,579,489,54.112,45.701,473,44.206
3052,3052,101.733,364.942,422.116,34.107,39.450,495,1,579,489,54.112,45.701,473,44.206
3053,3053,101.767,365.019,422.093,34.114,39.448,491,1,579,489,54.112,45.701,473,44.206
3054,3054,101.800,364.999,421.982,34.112,39.438,489,1,579,489,54.112,45.701,473,44.206
3055,3055,101.833,364.793,421.663,34.093,39.408,479,1,579,489,54.112,45.701,473,44.206
3056,3056,101.867,364.782,421.520,34.092,39.394,480,1,579,489,54.112,45.701,473,44.206
3057,3057,101.900,364.652,421.303,34.080,39.374,467,1,579,489,54.112,45.701,473,44.206
3058,3058,101.933,364.623,421.342,34.077,39.378,464,1,579,489,54.112,45.701,473,44.206
3059,3059,101.967,364.530,421.390,34.068,39.382,465,1,579,489,54.112,45.701,473,44.206
3060,3060,102.000,364.431,420.977,34.059,39.344,458,1,579,489,54.112,45.701,473,44.206
3061,3061,102.033,364.572,420.411,34.072,39.291,456,1,579,489,54.112,45.701,473,44.206
3062,3062,102.067,364.496,420.285,34.065,39.279,459,1,579,489,54.112,45.701,473,44.206
3063,3063,102.100,364.415,420.344,34.057,39.284,450,1,579,489,54.112,45.701,473,44.206
3064,3064,102.133,364.333,420.401,34.050,39.290,452,1,579,489,54.112,45.701,473,44.206
3065,3065,102.167,364.188,420.132,34.036,39.265,452,1,579,489,54.112,45.701,473,44.206
3066,3066,102.200,364.060,420.225,34.024,39.273,453,1,579,489,54.112,45.701,473,44.206
3067,3067,102.233,363.909,420.248,34.010,39.276,463,1,579,489,54.112,45.701,473,44.206
3068,3068,102.267,363.774,420.261,33.998,39.277,461,1,579,489,54.112,45.701,473,44.206
3069,3069,102.300,363.805,420.214,34.000,39.272,463,1,579,489,54.112,45.701,473,44.206
3070,3070,102.333,363.700,420.148,33.991,39.266,463,1,579,489,54.112,45.701,473,44.206
3071,3071,102.367,363.804,419.884,34.000,39.241,461,1,579,489,54.112,45.701,473,44.206
3072,3072,102.400,363.817,419.923,34.002,39.245,466,1,579,489,54.112,45.701,473,44.206
3073,3073,102.433,363.862,419.896,34.006,39.243,470,1,579,489,54.112,45.701,473,44.206
3074,3074,102.467,364.035,419.852,34.022,39.239,467,1,579,489,54.112,45.701,473,44.206
3075,3075,102.500,364.142,419.731,34.032,39.227,470,1,579,489,54.112,45.701,473,44.206
3076,3076,102.533,364.311,419.699,34.048,39.224,473,1,579,489,54.112,45.701,473,44.206
3077,3077,102.567,364.309,419.567,34.048,39.212,465,1,579,489,54.112,45.701,473,44.206
3078,3078,102.600,364.455,419.595,34.061,39.214,467,1,579,489,54.112,45.701,473,44.206
3079,3079,102.633,364.596,419.530,34.074,39.208,478,1,579,489,54.112,45.701,473,44.206
3080,3080,102.667,364.729,419.285,34.087,39.186,480,1,579,489,54.112,45.701,473,44.206
3081,3081,102.700,364.780,419.092,34.092,39.167,486,1,579,489,54.112,45.701,473,44.206
3082,3082,102.733,364.704,418.821,34.085,39.142,476,1,579,489,54.112,45.701,473,44.206
3083,3083,102.767,364.780,418.772,34.092,39.138,478,1,579,489,54.112,45.701,473,44.206
3084,3084,102.800,364.833,418.541,34.097,39.116,481,1,579,489,54.112,45.701,473,44.206
3085,3085,102.833,364.978,418.356,34.110,39.099,490,1,579,489,54.112,45.701,473,44.206
3086,3086,102.867,364.948,418.367,34.107,39.100,493,1,579,489,54.112,45.701,473,44.206
3087,3087,102.900,365.030,418.129,34.115,39.077,493,1,579,489,54.112,45.701,473,44.206
3088,3088,102.933,365.049,417.990,34.117,39.065,496,1,579,489,54.112,45.701,473,44.206
3089,3089,102.967,365.112,417.862,34.123,39.052,496,1,579,489,54.112,45.701,473,44.206
3090,3090,103.000,365.209,417.734,34.132,39.041,505,1,579,489,54.112,45.701,473,44.206
3091,3091,103.033,365.310,417.670,34.141,39.035,509,1,579,489,54.112,45.701,473,44.206
3092,3092,103.067,365.302,417.633,34.140,39.031,511,1,579,489,54.112,45.701,473,44.206
3093,3093,103.100,365.507,417.376,34.160,39.007,523,1,579,489,54.112,45.701,473,44.206
3094,3094,103.133,365.503,417.397,34.159,39.009,523,1,579,489,54.112,45.701,473,44.206
3095,3095,103.167,365.539,417.364,34.163,39.006,521,1,579,489,54.112,45.701,473,44.206
3096,3096,103.200,365.553,417.259,34.164,38.996,521,1,579,489,54.112,45.701,473,44.206
3097,3097,103.233,365.584,417.220,34.167,38.993,522,1,579,489,54.112,45.701,473,44.206
3098,3098,103.267,365.589,417.192,34.167,38.990,522,1,579,489,54.112,45.701,473,44.206
3099,3099,103.300,365.570,417.078,34.165,38.979,521,1,579,489,54.112,45.701,473,44.206
3100,3100,103.333,365.633,416.943,34.171,38.967,524,1,579,489,54.112,45.701,473,44.206
3101,3101,103.367,365.681,416.898,34.176,38.962,525,1,579,489,54.112,45.701,473,44.206
3102,3102,103.400,365.746,416.736,34.182,38.947,531,1,579,489,54.112,45.701,473,44.206
3103,3103,103.433,365.781,416.662,34.185,38.940,532,1,579,489,54.112,45.701,473,44.206
3104,3104,103.467,365.867,416.486,34.193,38.924,525,1,579,489,54.112,45.701,473,44.206
3105,3105,103.500,365.855,416.488,34.192,38.924,525,1,579,489,54.112,45.701,473,44.206
3106,3106,103.533,365.829,416.440,34.190,38.920,524,1,579,489,54.112,45.701,473,44.206
3107,3107,103.567,365.856,416.448,34.192,38.920,525,1,579,489,54.112,45.701,473,44.206
3108,3108,103.600,365.853,416.420,34.192,38.918,525,1,579,489,54.112,45.701,473,44.206
3109,3109,103.633,365.988,416.004,34.205,38.879,521,1,579,489,54.112,45.701,473,44.206
3110,3110,103.667,366.052,416.030,34.210,38.881,513,1,579,489,54.112,45.701,473,44.206
3111,3111,103.700,366.072,415.845,34.212,38.864,510,1,579,489,54.112,45.701,473,44.206
3112,3112,103.733,365.962,415.771,34.202,38.857,500,1,579,489,54.112,45.701,473,44.206
3113,3113,103.767,366.042,415.456,34.210,38.828,491,1,579,489,54.112,45.701,473,44.206
3114,3114,103.800,366.247,415.106,34.229,38.795,490,1,579,489,54.112,45.701,473,44.206
3115,3115,103.833,366.269,414.846,34.231,38.771,478,1,579,489,54.112,45.701,473,44.206
3116,3116,103.867,366.314,414.585,34.235,38.746,466,1,579,489,54.112,45.701,473,44.206
3117,3117,103.900,366.266,414.511,34.230,38.739,466,1,579,489,54.112,45.701,473,44.206
3118,3118,103.933,366.306,414.428,34.234,38.732,465,1,579,489,54.112,45.701,473,44.206
3119,3119,103.967,366.656,414.057,34.267,38.697,483,1,579,489,54.112,45.701,473,44.206
3120,3120,104.000,366.546,414.000,34.257,38.692,476,1,579,489,54.112,45.701,473,44.206
3121,3121,104.033,366.565,413.792,34.258,38.672,470,1,579,489,54.112,45.701,473,44.206
3122,3122,104.067,366.489,413.662,34.251,38.660,465,1,579,489,54.112,45.701,473,44.206
3123,3123,104.100,366.222,413.952,34.226,38.687,477,1,579,489,54.112,45.701,473,44.206
3124,3124,104.133,366.084,413.919,34.214,38.684,476,1,579,489,54.112,45.701,473,44.206
3125,3125,104.167,365.918,413.785,34.198,38.672,474,1,579,489,54.112,45.701,473,44.206
3126,3126,104.200,365.906,413.589,34.197,38.653,464,1,579,489,54.112,45.701,473,44.206
3127,3127,104.233,365.880,413.469,34.194,38.642,461,1,579,489,54.112,45.701,473,44.206
3128,3128,104.267,365.716,413.646,34.179,38.658,467,1,579,489,54.112,45.701,473,44.206
3129,3129,104.300,365.756,413.502,34.183,38.645,464,1,579,489,54.112,45.701,473,44.206
3130,3130,104.333,365.758,413.501,34.183,38.645,464,1,579,489,54.112,45.701,473,44.206
3131,3131,104.367,365.634,413.527,34.171,38.647,472,1,579,489,54.112,45.701,473,44.206
3132,3132,104.400,365.597,413.506,34.168,38.645,475,1,579,489,54.112,45.701,473,44.206
3133,3133,104.433,365.892,413.314,34.195,38.628,473,1,579,489,54.112,45.701,473,44.206
3134,3134,104.467,365.971,413.250,34.203,38.621,475,1,579,489,54.112,45.701,473,44.206
3135,3135,104.500,366.058,413.314,34.211,38.627,478,1,579,489,54.112,45.701,473,44.206
3136,3136,104.533,366.290,412.945,34.233,38.593,492,1,579,489,54.112,45.701,473,44.206
3137,3137,104.567,366.370,412.817,34.240,38.581,487,1,579,489,54.112,45.701,473,44.206
3138,3138,104.600,366.617,412.634,34.263,38.564,497,1,579,489,54.112,45.701,473,44.206
3139,3139,104.633,366.718,412.588,34.273,38.560,494,1,579,489,54.112,45.701,473,44.206
3140,3140,104.667,366.811,412.459,34.281,38.548,498,1,579,489,54.112,45.701,473,44.206
3141,3141,104.700,367.133,412.112,34.311,38.515,498,1,579,489,54.112,45.701,473,44.206
3142,3142,104.733,367.170,412.041,34.315,38.508,500,1,579,489,54.112,45.701,473,44.206
3143,3143,104.767,367.211,411.999,34.319,38.505,502,1,579,489,54.112,45.701,473,44.206
3144,3144,104.800,367.254,412.077,34.323,38.512,511,1,579,489,54.112,45.701,473,44.206
3145,3145,104.833,367.604,411.525,34.355,38.460,508,1,579,489,54.112,45.701,473,44.206
3146,3146,104.867,367.584,411.484,34.354,38.456,513,1,579,489,54.112,45.701,473,44.206
3147,3147,104.900,367.619,411.478,34.357,38.456,516,1,579,489,54.112,45.701,473,44.206
3148,3148,104.933,367.680,411.412,34.363,38.450,522,1,579,489,54.112,45.701,473,44.206
3149,3149,104.967,367.703,411.359,34.365,38.445,525,1,579,489,54.112,45.701,473,44.206
3150,3150,105.000,367.711,411.348,34.366,38.444,525,1,579,489,54.112,45.701,473,44.206
3151,3151,105.033,367.822,411.262,34.376,38.436,527,1,579,489,54.112,45.701,473,44.206
3152,3152,105.067,367.819,411.348,34.376,38.444,537,1,579,489,54.112,45.701,473,44.206
3153,3153,105.100,367.877,411.267,34.381,38.436,536,1,579,489,54.112,45.701,473,44.206
3154,3154,105.133,368.023,411.074,34.395,38.418,535,1,579,489,54.112,45.701,473,44.206
3155,3155,105.167,368.169,410.861,34.408,38.398,536,1,579,489,54.112,45.701,473,44.206
3156,3156,105.200,368.052,411.095,34.397,38.420,544,1,579,489,54.112,45.701,473,44.206
3157,3157,105.233,368.005,411.100,34.393,38.421,542,1,579,489,54.112,45.701,473,44.206
3158,3158,105.267,368.249,410.973,34.416,38.409,552,1,579,489,54.112,45.701,473,44.206
3159,3159,105.300,368.316,410.908,34.422,38.403,551,1,579,489,54.112,45.701,473,44.206
3160,3160,105.333,368.496,410.601,34.439,38.374,552,1,579,489,54.112,45.701,473,44.206
3161,3161,105.367,368.518,410.639,34.441,38.377,560,1,579,489,54.112,45.701,473,44.206
3162,3162,105.400,368.539,410.629,34.443,38.376,557,1,579,489,54.112,45.701,473,44.206
3163,3163,105.433,368.576,410.548,34.446,38.369,556,1,579,489,54.112,45.701,473,44.206
3164,3164,105.467,368.692,410.504,34.457,38.365,558,1,579,489,54.112,45.701,473,44.206
3165,3165,105.500,369.078,410.018,34.493,38.319,552,1,579,489,54.112,45.701,473,44.206
3166,3166,105.533,369.184,410.007,34.503,38.318,548,1,579,489,54.112,45.701,473,44.206
3167,3167,105.567,369.399,409.803,34.523,38.299,538,1,579,489,54.112,45.701,473,44.206
3168,3168,105.600,369.409,409.685,34.524,38.288,524,1,579,489,54.112,45.701,473,44.206
3169,3169,105.633,369.647,409.402,34.546,38.262,522,1,579,489,54.112,45.701,473,44.206
3170,3170,105.667,369.807,409.103,34.561,38.234,515,1,579,489,54.112,45.701,473,44.206
3171,3171,105.700,369.997,408.714,34.579,38.198,507,1,579,489,54.112,45.701,473,44.206
3172,3172,105.733,370.345,408.432,34.612,38.171,503,1,579,489,54.112,45.701,473,44.206
3173,3173,105.767,370.509,408.131,34.627,38.143,489,1,579,489,54.112,45.701,473,44.206
3174,3174,105.800,370.580,408.025,34.634,38.133,479,1,579,489,54.112,45.701,473,44.206
3175,3175,105.833,370.887,407.731,34.662,38.106,475,1,579,489,54.112,45.701,473,44.206
3176,3176,105.867,370.886,407.564,34.662,38.090,483,1,579,489,54.112,45.701,473,44.206
3177,3177,105.900,370.924,407.501,34.666,38.084,486,1,579,489,54.112,45.701,473,44.206
3178,3178,105.933,370.816,407.419,34.656,38.077,479,1,579,489,54.112,45.701,473,44.206
3179,3179,105.967,370.929,407.167,34.666,38.053,474,1,579,489,54.112,45.701,473,44.206
3180,3180,106.000,370.988,407.003,34.672,38.038,473,1,579,489,54.112,45.701,473,44.206
3181,3181,106.033,370.431,407.290,34.620,38.064,467,1,579,489,54.112,45.701,473,44.206
3182,3182,106.067,370.563,407.044,34.632,38.041,472,1,579,489,54.112,45.701,473,44.206
3183,3183,106.100,370.416,407.066,34.618,38.044,472,1,579,489,54.112,45.701,473,44.206
3184,3184,106.133,370.321,407.086,34.609,38.045,467,1,579,489,54.112,45.701,473,44.206
3185,3185,106.167,370.245,407.150,34.602,38.051,465,1,579,489,54.112,45.701,473,44.206
3186,3186,106.200,370.295,407.060,34.607,38.043,470,1,579,489,54.112,45.701,473,44.206
3187,3187,106.233,370.393,406.962,34.616,38.034,472,1,579,489,54.112,45.701,473,44.206
3188,3188,106.267,370.495,407.009,34.626,38.038,469,1,579,489,54.112,45.701,473,44.206
3189,3189,106.300,370.407,406.912,34.618,38.029,474,1,579,489,54.112,45.701,473,44.206
3190,3190,106.333,370.603,406.844,34.636,38.023,481,1,579,489,54.112,45.701,473,44.206
3191,3191,106.367,370.576,406.807,34.633,38.019,478,1,579,489,54.112,45.701,473,44.206
3192,3192,106.400,370.875,406.582,34.661,37.998,490,1,579,489,54.112,45.701,473,44.206
3193,3193,106.433,371.135,406.396,34.686,37.981,487,1,579,489,54.112,45.701,473,44.206
3194,3194,106.467,371.298,406.143,34.701,37.957,491,1,579,489,54.112,45.701,473,44.206
3195,3195,106.500,371.662,405.878,34.735,37.933,493,1,579,489,54.112,45.701,473,44.206
3196,3196,106.533,371.726,405.771,34.741,37.922,496,1,579,489,54.112,45.701,473,44.206
3197,3197,106.567,371.613,405.931,34.730,37.938,504,1,579,489,54.112,45.701,473,44.206
3198,3198,106.600,371.657,405.891,34.734,37.934,506,1,579,489,54.112,45.701,473,44.206
3199,3199,106.633,371.672,405.848,34.736,37.930,509,1,579,489,54.112,45.701,473,44.206
3200,3200,106.667,371.720,405.787,34.740,37.924,511,1,579,489,54.112,45.701,473,44.206
3201,3201,106.700,371.995,405.490,34.766,37.896,520,1,579,489,54.112,45.701,473,44.206
3202,3202,106.733,371.929,405.527,34.760,37.900,524,1,579,489,54.112,45.701,473,44.206
3203,3203,106.767,371.930,405.533,34.760,37.900,531,1,579,489,54.112,45.701,473,44.206
3204,3204,106.800,372.168,405.339,34.782,37.882,537,1,579,489,54.112,45.701,473,44.206
3205,3205,106.833,372.297,405.213,34.794,37.870,534,1,579,489,54.112,45.701,473,44.206
3206,3206,106.867,372.325,405.207,34.797,37.870,534,1,579,489,54.112,45.701,473,44.206
3207,3207,106.900,372.438,405.157,34.807,37.865,531,1,579,489,54.112,45.701,473,44.206
3208,3208,106.933,372.320,405.217,34.796,37.871,524,1,579,489,54.112,45.701,473,44.206
3209,3209,106.967,372.170,405.375,34.782,37.886,529,1,579,489,54.112,45.701,473,44.206
3210,3210,107.000,372.146,405.396,34.780,37.887,528,1,579,489,54.112,45.701,473,44.206
3211,3211,107.033,372.147,405.289,34.780,37.877,520,1,579,489,54.112,45.701,473,44.206
3212,3212,107.067,372.078,405.329,34.774,37.881,517,1,579,489,54.112,45.701,473,44.206
3213,3213,107.100,372.073,405.285,34.773,37.877,523,1,579,489,54.112,45.701,473,44.206
3214,3214,107.133,372.144,405.290,34.780,37.878,518,1,579,489,54.112,45.701,473,44.206
3215,3215,107.167,372.173,405.292,34.782,37.878,521,1,579,489,54.112,45.701,473,44.206
3216,3216,107.200,372.144,405.351,34.780,37.883,516,1,579,489,54.112,45.701,473,44.206
3217,3217,107.233,372.270,405.247,34.792,37.874,519,1,579,489,54.112,45.701,473,44.206
3218,3218,107.267,372.247,405.213,34.789,37.870,515,1,579,489,54.112,45.701,473,44.206
3219,3219,107.300,372.278,405.212,34.792,37.870,516,1,579,489,54.112,45.701,473,44.206
3220,3220,107.333,372.505,405.052,34.814,37.855,527,1,579,489,54.112,45.701,473,44.206
3221,3221,107.367,372.453,405.028,34.809,37.853,522,1,579,489,54.112,45.701,473,44.206
3222,3222,107.400,372.425,405.046,34.806,37.855,522,1,579,489,54.112,45.701,473,44.206
3223,3223,107.433,372.613,404.932,34.824,37.844,528,1,579,489,54.112,45.701,473,44.206
3224,3224,107.467,372.636,404.891,34.826,37.840,537,1,579,489,54.112,45.701,473,44.206
3225,3225,107.500,372.652,404.850,34.827,37.836,542,1,579,489,54.112,45.701,473,44.206
3226,3226,107.533,372.651,404.827,34.827,37.834,541,1,579,489,54.112,45.701,473,44.206
3227,3227,107.567,372.647,404.794,34.827,37.831,547,1,579,489,54.112,45.701,473,44.206
3228,3228,107.600,372.649,404.787,34.827,37.831,547,1,579,489,54.112,45.701,473,44.206
3229,3229,107.633,372.798,404.664,34.841,37.819,545,1,579,489,54.112,45.701,473,44.206
3230,3230,107.667,372.700,404.699,34.832,37.822,533,1,579,489,54.112,45.701,473,44.206
3231,3231,107.700,372.669,404.686,34.829,37.821,534,1,579,489,54.112,45.701,473,44.206
3232,3232,107.733,372.736,404.593,34.835,37.812,531,1,579,489,54.112,45.701,473,44.206
3233,3233,107.767,372.740,404.588,34.836,37.812,531,1,579,489,54.112,45.701,473,44.206
3234,3234,107.800,372.772,404.559,34.838,37.809,531,1,579,489,54.112,45.701,473,44.206
3235,3235,107.833,372.723,404.623,34.834,37.815,536,1,579,489,54.112,45.701,473,44.206
3236,3236,107.867,372.790,404.511,34.840,37.805,538,1,579,489,54.112,45.701,473,44.206
3237,3237,107.900,372.964,404.385,34.856,37.793,537,1,579,489,54.112,45.701,473,44.206
3238,3238,107.933,373.271,404.071,34.885,37.764,538,1,579,489,54.112,45.701,473,44.206
3239,3239,107.967,373.416,403.798,34.899,37.738,530,1,579,489,54.112,45.701,473,44.206
3240,3240,108.000,373.640,403.654,34.920,37.725,530,1,579,489,54.112,45.701,473,44.206
3241,3241,108.033,373.789,403.508,34.934,37.711,524,1,579,489,54.112,45.701,473,44.206
3242,3242,108.067,374.122,403.102,34.965,37.673,524,1,579,489,54.112,45.701,473,44.206
3243,3243,108.100,374.108,402.937,34.963,37.658,507,1,579,489,54.112,45.701,473,44.206
3244,3244,108.133,374.295,402.732,34.981,37.638,502,1,579,489,54.112,45.701,473,44.206
3245,3245,108.167,374.430,402.392,34.993,37.607,493,1,579,489,54.112,45.701,473,44.206
3246,3246,108.200,374.519,402.149,35.002,37.584,487,1,579,489,54.112,45.701,473,44.206
3247,3247,108.233,374.756,401.892,35.024,37.560,477,1,579,489,54.112,45.701,473,44.206
3248,3248,108.267,374.910,401.649,35.038,37.537,469,1,579,489,54.112,45.701,473,44.206
3249,3249,108.300,374.900,401.485,35.037,37.522,472,1,579,489,54.112,45.701,473,44.206
3250,3250,108.333,374.988,401.269,35.046,37.502,474,1,579,489,54.112,45.701,473,44.206
3251,3251,108.367,375.023,401.142,35.049,37.490,472,1,579,489,54.112,45.701,473,44.206
3252,3252,108.400,375.049,401.073,35.051,37.483,469,1,579,489,54.112,45.701,473,44.206
3253,3253,108.433,375.096,400.972,35.056,37.474,466,1,579,489,54.112,45.701,473,44.206
3254,3254,108.467,375.091,401.068,35.055,37.483,469,1,579,489,54.112,45.701,473,44.206
3255,3255,108.500,375.233,401.059,35.068,37.482,476,1,579,489,54.112,45.701,473,44.206
3256,3256,108.533,375.056,401.337,35.052,37.508,470,1,579,489,54.112,45.701,473,44.206
3257,3257,108.567,375.101,401.213,35.056,37.497,466,1,579,489,54.112,45.701,473,44.206
3258,3258,108.600,375.172,401.283,35.063,37.503,465,1,579,489,54.112,45.701,473,44.206
3259,3259,108.633,375.158,401.343,35.061,37.509,469,1,579,489,54.112,45.701,473,44.206
3260,3260,108.667,375.165,401.435,35.062,37.517,473,1,579,489,54.112,45.701,473,44.206
3261,3261,108.700,375.336,401.176,35.078,37.493,474,1,579,489,54.112,45.701,473,44.206
3262,3262,108.733,375.806,400.764,35.122,37.455,479,1,579,489,54.112,45.701,473,44.206
3263,3263,108.767,375.832,400.682,35.124,37.447,479,1,579,489,54.112,45.701,473,44.206
3264,3264,108.800,376.014,400.400,35.142,37.421,485,1,579,489,54.112,45.701,473,44.206
3265,3265,108.833,376.102,400.261,35.150,37.408,483,1,579,489,54.112,45.701,473,44.206
3266,3266,108.867,376.257,400.112,35.164,37.394,484,1,579,489,54.112,45.701,473,44.206
3267,3267,108.900,376.380,399.763,35.176,37.361,496,1,579,489,54.112,45.701,473,44.206
3268,3268,108.933,376.517,399.557,35.188,37.342,499,1,579,489,54.112,45.701,473,44.206
3269,3269,108.967,376.923,399.098,35.226,37.299,515,1,579,489,54.112,45.701,473,44.206
3270,3270,109.000,376.989,398.969,35.233,37.287,517,1,579,489,54.112,45.701,473,44.206
3271,3271,109.033,377.320,398.634,35.264,37.256,511,1,579,489,54.112,45.701,473,44.206
3272,3272,109.067,377.439,398.534,35.275,37.246,510,1,579,489,54.112,45.701,473,44.206
3273,3273,109.100,377.526,398.262,35.283,37.221,505,1,579,489,54.112,45.701,473,44.206
3274,3274,109.133,377.804,397.943,35.309,37.191,511,1,579,489,54.112,45.701,473,44.206
3275,3275,109.167,377.995,397.764,35.327,37.174,520,1,579,489,54.112,45.701,473,44.206
3276,3276,109.200,378.019,397.650,35.329,37.164,520,1,579,489,54.112,45.701,473,44.206
3277,3277,109.233,378.313,397.320,35.356,37.133,526,1,579,489,54.112,45.701,473,44.206
3278,3278,109.267,378.542,397.004,35.378,37.103,534,1,579,489,54.112,45.701,473,44.206
3279,3279,109.300,378.710,396.788,35.393,37.083,529,1,579,489,54.112,45.701,473,44.206
3280,3280,109.333,378.874,396.584,35.409,37.064,525,1,579,489,54.112,45.701,473,44.206
3281,3281,109.367,379.190,396.353,35.438,37.042,531,1,579,489,54.112,45.701,473,44.206
3282,3282,109.400,379.310,396.130,35.450,37.021,529,1,579,489,54.112,45.701,473,44.206
3283,3283,109.433,379.617,395.717,35.478,36.983,524,1,579,489,54.112,45.701,473,44.206
3284,3284,109.467,379.757,395.594,35.491,36.971,518,1,579,489,54.112,45.701,473,44.206
3285,3285,109.500,379.840,395.564,35.499,36.969,518,1,579,489,54.112,45.701,473,44.206
3286,3286,109.533,380.059,395.320,35.520,36.946,505,1,579,489,54.112,45.701,473,44.206
3287,3287,109.567,380.316,395.018,35.544,36.918,500,1,579,489,54.112,45.701,473,44.206
3288,3288,109.600,380.541,394.731,35.565,36.891,492,1,579,489,54.112,45.701,473,44.206
3289,3289,109.633,380.930,394.438,35.601,36.863,485,1,579,489,54.112,45.701,473,44.206
3290,3290,109.667,380.892,394.429,35.597,36.862,478,1,579,489,54.112,45.701,473,44.206
3291,3291,109.700,380.981,394.307,35.606,36.851,476,1,579,489,54.112,45.701,473,44.206
3292,3292,109.733,381.076,394.252,35.615,36.846,470,1,579,489,54.112,45.701,473,44.206
3293,3293,109.767,381.301,394.182,35.636,36.839,474,1,579,489,54.112,45.701,473,44.206
3294,3294,109.800,381.305,394.240,35.636,36.845,473,1,579,489,54.112,45.701,473,44.206
3295,3295,109.833,381.467,394.251,35.651,36.846,462,1,579,489,54.112,45.701,473,44.206
3296,3296,109.867,381.537,394.366,35.658,36.857,464,1,579,489,54.112,45.701,473,44.206
3297,3297,109.900,381.497,394.513,35.654,36.870,464,1,579,489,54.112,45.701,473,44.206
3298,3298,109.933,381.514,394.619,35.656,36.880,463,1,579,489,54.112,45.701,473,44.206
3299,3299,109.967,381.486,394.927,35.653,36.909,461,1,579,489,54.112,45.701,473,44.206
3300,3300,110.000,381.494,394.994,35.654,36.915,468,1,579,489,54.112,45.701,473,44.206
3301,3301,110.033,381.756,394.911,35.678,36.908,469,1,579,489,54.112,45.701,473,44.206
3302,3302,110.067,381.564,395.152,35.660,36.930,467,1,579,489,54.112,45.701,473,44.206
3303,3303,110.100,381.527,395.057,35.657,36.921,470,1,579,489,54.112,45.701,473,44.206
3304,3304,110.133,381.659,395.118,35.669,36.927,466,1,579,489,54.112,45.701,473,44.206
3305,3305,110.167,381.522,395.165,35.656,36.931,468,1,579,489,54.112,45.701,473,44.206
3306,3306,110.200,381.614,395.145,35.665,36.929,464,1,579,489,54.112,45.701,473,44.206
3307,3307,110.233,381.605,395.048,35.664,36.920,471,1,579,489,54.112,45.701,473,44.206
3308,3308,110.267,381.702,394.741,35.673,36.892,477,1,579,489,54.112,45.701,473,44.206
3309,3309,110.300,381.803,394.546,35.683,36.873,478,1,579,489,54.112,45.701,473,44.206
3310,3310,110.333,381.855,394.295,35.687,36.850,486,1,579,489,54.112,45.701,473,44.206
3311,3311,110.367,381.924,394.174,35.694,36.839,488,1,579,489,54.112,45.701,473,44.206
3312,3312,110.400,382.069,393.947,35.707,36.817,490,1,579,489,54.112,45.701,473,44.206
3313,3313,110.433,382.248,393.554,35.724,36.781,499,1,579,489,54.112,45.701,473,44.206
3314,3314,110.467,382.409,393.145,35.739,36.743,505,1,579,489,54.112,45.701,473,44.206
3315,3315,110.500,382.437,393.012,35.742,36.730,501,1,579,489,54.112,45.701,473,44.206
3316,3316,110.533,382.524,392.930,35.750,36.722,503,1,579,489,54.112,45.701,473,44.206
3317,3317,110.567,382.722,392.604,35.768,36.692,504,1,579,489,54.112,45.701,473,44.206
3318,3318,110.600,382.850,392.394,35.780,36.672,507,1,579,489,54.112,45.701,473,44.206
3319,3319,110.633,382.935,392.260,35.788,36.660,509,1,579,489,54.112,45.701,473,44.206
3320,3320,110.667,383.331,391.575,35.825,36.596,520,1,579,489,54.112,45.701,473,44.206
3321,3321,110.700,383.242,391.770,35.817,36.614,508,1,579,489,54.112,45.701,473,44.206
3322,3322,110.733,383.406,391.493,35.832,36.588,514,1,579,489,54.112,45.701,473,44.206
3323,3323,110.767,383.444,391.386,35.836,36.578,516,1,579,489,54.112,45.701,473,44.206
3324,3324,110.800,383.489,391.286,35.840,36.569,518,1,579,489,54.112,45.701,473,44.206
3325,3325,110.833,383.675,391.005,35.857,36.542,510,1,579,489,54.112,45.701,473,44.206
3326,3326,110.867,383.809,390.792,35.870,36.523,514,1,579,489,54.112,45.701,473,44.206
3327,3327,110.900,383.883,390.692,35.877,36.513,513,1,579,489,54.112,45.701,473,44.206
3328,3328,110.933,384.065,390.234,35.894,36.470,515,1,579,489,54.112,45.701,473,44.206
3329,3329,110.967,384.508,389.865,35.935,36.436,508,1,579,489,54.112,45.701,473,44.206
3330,3330,111.000,384.529,389.732,35.937,36.424,517,1,579,489,54.112,45.701,473,44.206
3331,3331,111.033,384.666,389.461,35.950,36.398,508,1,579,489,54.112,45.701,473,44.206
3332,3332,111.067,385.125,388.879,35.993,36.344,498,1,579,489,54.112,45.701,473,44.206
3333,3333,111.100,385.118,388.826,35.992,36.339,489,1,579,489,54.112,45.701,473,44.206
3334,3334,111.133,385.389,388.350,36.018,36.294,484,1,579,489,54.112,45.701,473,44.206
3335,3335,111.167,385.482,388.334,36.026,36.293,480,1,579,489,54.112,45.701,473,44.206
3336,3336,111.200,385.612,387.998,36.039,36.262,476,1,579,489,54.112,45.701,473,44.206
3337,3337,111.233,385.787,387.816,36.055,36.244,475,1,579,489,54.112,45.701,473,44.206
3338,3338,111.267,385.914,387.819,36.067,36.245,479,1,579,489,54.112,45.701,473,44.206
3339,3339,111.300,386.092,387.647,36.083,36.229,475,1,579,489,54.112,45.701,473,44.206
3340,3340,111.333,386.081,387.680,36.082,36.232,478,1,579,489,54.112,45.701,473,44.206
3341,3341,111.367,386.243,387.813,36.097,36.244,466,1,579,489,54.112,45.701,473,44.206
3342,3342,111.400,386.319,387.948,36.105,36.257,458,1,579,489,54.112,45.701,473,44.206
3343,3343,111.433,386.417,387.838,36.114,36.247,461,1,579,489,54.112,45.701,473,44.206
3344,3344,111.467,386.376,388.003,36.110,36.262,457,1,579,489,54.112,45.701,473,44.206
3345,3345,111.500,386.350,388.022,36.107,36.264,456,1,579,489,54.112,45.701,473,44.206
3346,3346,111.533,386.368,387.811,36.109,36.244,460,1,579,489,54.112,45.701,473,44.206
3347,3347,111.567,386.335,387.732,36.106,36.237,464,1,579,489,54.112,45.701,473,44.206
3348,3348,111.600,386.299,387.784,36.103,36.242,463,1,579,489,54.112,45.701,473,44.206
3349,3349,111.633,386.370,387.649,36.109,36.229,466,1,579,489,54.112,45.701,473,44.206
3350,3350,111.667,386.307,387.627,36.103,36.227,464,1,579,489,54.112,45.701,473,44.206
3351,3351,111.700,386.307,387.548,36.103,36.219,472,1,579,489,54.112,45.701,473,44.206
3352,3352,111.733,386.639,386.774,36.135,36.147,481,1,579,489,54.112,45.701,473,44.206
3353,3353,111.767,386.705,386.624,36.141,36.133,483,1,579,489,54.112,45.701,473,44.206
3354,3354,111.800,386.631,386.672,36.134,36.138,484,1,579,489,54.112,45.701,473,44.206
3355,3355,111.833,386.814,386.210,36.151,36.094,497,1,579,489,54.112,45.701,473,44.206
3356,3356,111.867,387.124,385.619,36.180,36.039,496,1,579,489,54.112,45.701,473,44.206
3357,3357,111.900,387.152,385.455,36.182,36.024,499,1,579,489,54.112,45.701,473,44.206
3358,3358,111.933,387.331,385.205,36.199,36.000,505,1,579,489,54.112,45.701,473,44.206
3359,3359,111.967,387.633,384.487,36.227,35.933,514,1,579,489,54.112,45.701,473,44.206
3360,3360,112.000,387.692,384.472,36.233,35.932,509,1,579,489,54.112,45.701,473,44.206
3361,3361,112.033,387.795,384.007,36.243,35.888,507,1,579,489,54.112,45.701,473,44.206
3362,3362,112.067,387.936,383.856,36.256,35.874,517,1,579,489,54.112,45.701,473,44.206
3363,3363,112.100,387.969,383.876,36.259,35.876,522,1,579,489,54.112,45.701,473,44.206
3364,3364,112.133,388.003,383.714,36.262,35.861,521,1,579,489,54.112,45.701,473,44.206
3365,3365,112.167,388.068,383.425,36.268,35.834,521,1,579,489,54.112,45.701,473,44.206
3366,3366,112.200,388.153,383.272,36.276,35.820,518,1,579,489,54.112,45.701,473,44.206
3367,3367,112.233,388.297,382.998,36.289,35.794,524,1,579,489,54.112,45.701,473,44.206
3368,3368,112.267,388.545,382.617,36.313,35.759,517,1,579,489,54.112,45.701,473,44.206
3369,3369,112.300,388.705,382.269,36.328,35.726,522,1,579,489,54.112,45.701,473,44.206
3370,3370,112.333,388.805,382.137,36.337,35.714,522,1,579,489,54.112,45.701,473,44.206
3371,3371,112.367,389.120,381.478,36.366,35.652,511,1,579,489,54.112,45.701,473,44.206
3372,3372,112.400,389.232,381.417,36.377,35.646,505,1,579,489,54.112,45.701,473,44.206
3373,3373,112.433,389.316,381.260,36.385,35.632,505,1,579,489,54.112,45.701,473,44.206
3374,3374,112.467,389.431,381.082,36.395,35.615,504,1,579,489,54.112,45.701,473,44.206
3375,3375,112.500,389.571,380.776,36.408,35.587,512,1,579,489,54.112,45.701,473,44.206
3376,3376,112.533,389.605,380.781,36.412,35.587,503,1,579,489,54.112,45.701,473,44.206
3377,3377,112.567,389.778,380.349,36.428,35.547,501,1,579,489,54.112,45.701,473,44.206
3378,3378,112.600,389.820,380.245,36.432,35.537,484,1,579,489,54.112,45.701,473,44.206
3379,3379,112.633,390.074,379.880,36.455,35.503,490,1,579,489,54.112,45.701,473,44.206
3380,3380,112.667,390.218,379.767,36.469,35.492,484,1,579,489,54.112,45.701,473,44.206
3381,3381,112.700,390.294,379.851,36.476,35.500,478,1,579,489,54.112,45.701,473,44.206
3382,3382,112.733,390.347,379.857,36.481,35.501,467,1,579,489,54.112,45.701,473,44.206
3383,3383,112.767,390.339,380.058,36.480,35.519,471,1,579,489,54.112,45.701,473,44.206
3384,3384,112.800,390.447,380.020,36.490,35.516,467,1,579,489,54.112,45.701,473,44.206
3385,3385,112.833,390.610,380.065,36.506,35.520,470,1,579,489,54.112,45.701,473,44.206
3386,3386,112.867,390.614,380.092,36.506,35.523,461,1,579,489,54.112,45.701,473,44.206
3387,3387,112.900,390.705,380.093,36.514,35.523,464,1,579,489,54.112,45.701,473,44.206
3388,3388,112.933,390.712,380.069,36.515,35.521,469,1,579,489,54.112,45.701,473,44.206
3389,3389,112.967,390.608,380.253,36.505,35.538,464,1,579,489,54.112,45.701,473,44.206
3390,3390,113.000,390.564,380.142,36.501,35.527,468,1,579,489,54.112,45.701,473,44.206
3391,3391,113.033,390.595,380.024,36.504,35.516,468,1,579,489,54.112,45.701,473,44.206
3392,3392,113.067,390.608,380.005,36.505,35.515,465,1,579,489,54.112,45.701,473,44.206
3393,3393,113.100,390.700,379.836,36.514,35.499,465,1,579,489,54.112,45.701,473,44.206
3394,3394,113.133,390.722,379.567,36.516,35.474,470,1,579,489,54.112,45.701,473,44.206
3395,3395,113.167,390.904,379.281,36.533,35.447,477,1,579,489,54.112,45.701,473,44.206
3396,3396,113.200,391.127,378.749,36.554,35.397,489,1,579,489,54.112,45.701,473,44.206
3397,3397,113.233,391.211,378.564,36.562,35.380,490,1,579,489,54.112,45.701,473,44.206
3398,3398,113.267,391.209,378.595,36.562,35.383,490,1,579,489,54.112,45.701,473,44.206
3399,3399,113.300,391.185,378.613,36.559,35.384,493,1,579,489,54.112,45.701,473,44.206
3400,3400,113.333,391.251,378.426,36.566,35.367,493,1,579,489,54.112,45.701,473,44.206
3401,3401,113.367,391.401,378.054,36.580,35.332,502,1,579,489,54.112,45.701,473,44.206
3402,3402,113.400,391.495,377.830,36.588,35.311,509,1,579,489,54.112,45.701,473,44.206
3403,3403,113.433,391.572,377.712,36.596,35.300,513,1,579,489,54.112,45.701,473,44.206
3404,3404,113.467,391.713,377.369,36.609,35.268,522,1,579,489,54.112,45.701,473,44.206
3405,3405,113.500,391.728,377.402,36.610,35.271,522,1,579,489,54.112,45.701,473,44.206
3406,3406,113.533,391.906,377.068,36.627,35.240,529,1,579,489,54.112,45.701,473,44.206
3407,3407,113.567,391.922,377.016,36.628,35.235,529,1,579,489,54.112,45.701,473,44.206
3408,3408,113.600,392.062,376.568,36.641,35.193,533,1,579,489,54.112,45.701,473,44.206
3409,3409,113.633,392.253,376.259,36.659,35.164,535,1,579,489,54.112,45.701,473,44.206
3410,3410,113.667,392.191,376.396,36.653,35.177,527,1,579,489,54.112,45.701,473,44.206
3411,3411,113.700,392.252,376.245,36.659,35.163,534,1,579,489,54.112,45.701,473,44.206
3412,3412,113.733,392.372,375.948,36.670,35.135,539,1,579,489,54.112,45.701,473,44.206
3413,3413,113.767,392.418,375.945,36.675,35.135,532,1,579,489,54.112,45.701,473,44.206
3414,3414,113.800,392.526,375.679,36.685,35.110,534,1,579,489,54.112,45.701,473,44.206
3415,3415,113.833,392.494,375.691,36.682,35.111,541,1,579,489,54.112,45.701,473,44.206
3416,3416,113.867,392.529,375.572,36.685,35.100,536,1,579,489,54.112,45.701,473,44.206
3417,3417,113.900,392.657,375.297,36.697,35.075,544,1,579,489,54.112,45.701,473,44.206
3418,3418,113.933,392.627,375.441,36.694,35.088,542,1,579,489,54.112,45.701,473,44.206
3419,3419,113.967,392.759,375.139,36.706,35.060,536,1,579,489,54.112,45.701,473,44.206
3420,3420,114.000,392.805,375.191,36.711,35.065,542,1,579,489,54.112,45.701,473,44.206
3421,3421,114.033,392.794,375.074,36.710,35.054,542,1,579,489,54.112,45.701,473,44.206
3422,3422,114.067,392.920,374.920,36.721,35.039,553,1,579,489,54.112,45.701,473,44.206
3423,3423,114.100,392.901,374.990,36.720,35.046,548,1,579,489,54.112,45.701,473,44.206
3424,3424,114.133,392.870,375.008,36.717,35.047,545,1,579,489,54.112,45.701,473,44.206
3425,3425,114.167,392.830,374.991,36.713,35.046,539,1,579,489,54.112,45.701,473,44.206
3426,3426,114.200,392.829,375.051,36.713,35.051,536,1,579,489,54.112,45.701,473,44.206
3427,3427,114.233,392.713,375.276,36.702,35.073,530,1,579,489,54.112,45.701,473,44.206
3428,3428,114.267,392.721,375.391,36.703,35.083,531,1,579,489,54.112,45.701,473,44.206
3429,3429,114.300,392.580,375.692,36.690,35.111,532,1,579,489,54.112,45.701,473,44.206
3430,3430,114.333,392.446,375.844,36.677,35.126,527,1,579,489,54.112,45.701,473,44.206
3431,3431,114.367,392.396,375.901,36.673,35.131,518,1,579,489,54.112,45.701,473,44.206
3432,3432,114.400,392.281,376.360,36.662,35.174,515,1,579,489,54.112,45.701,473,44.206
3433,3433,114.433,392.190,376.600,36.653,35.196,505,1,579,489,54.112,45.701,473,44.206
3434,3434,114.467,392.051,376.854,36.640,35.220,496,1,579,489,54.112,45.701,473,44.206
3435,3435,114.500,391.831,377.433,36.620,35.274,478,1,579,489,54.112,45.701,473,44.206
3436,3436,114.533,391.724,377.860,36.610,35.314,474,1,579,489,54.112,45.701,473,44.206
3437,3437,114.567,391.652,378.224,36.603,35.348,472,1,579,489,54.112,45.701,473,44.206
3438,3438,114.600,391.437,378.721,36.583,35.395,452,1,579,489,54.112,45.701,473,44.206
3439,3439,114.633,391.399,379.021,36.579,35.422,457,1,579,489,54.112,45.701,473,44.206
3440,3440,114.667,391.269,379.362,36.567,35.454,448,1,579,489,54.112,45.701,473,44.206
3441,3441,114.700,391.276,379.317,36.568,35.450,449,1,579,489,54.112,45.701,473,44.206
3442,3442,114.733,391.240,379.299,36.564,35.449,449,1,579,489,54.112,45.701,473,44.206
3443,3443,114.767,391.332,379.210,36.573,35.440,452,1,579,489,54.112,45.701,473,44.206
3444,3444,114.800,391.181,379.447,36.559,35.462,441,1,579,489,54.112,45.701,473,44.206
3445,3445,114.833,391.134,379.476,36.555,35.465,443,1,579,489,54.112,45.701,473,44.206
3446,3446,114.867,391.112,379.554,36.553,35.472,442,1,579,489,54.112,45.701,473,44.206
3447,3447,114.900,391.171,379.253,36.558,35.444,451,1,579,489,54.112,45.701,473,44.206
3448,3448,114.933,391.172,379.145,36.558,35.434,453,1,579,489,54.112,45.701,473,44.206
3449,3449,114.967,391.154,379.084,36.556,35.428,448,1,579,489,54.112,45.701,473,44.206
3450,3450,115.000,391.035,379.227,36.545,35.442,453,1,579,489,54.112,45.701,473,44.206
3451,3451,115.033,390.954,379.389,36.538,35.457,452,1,579,489,54.112,45.701,473,44.206
3452,3452,115.067,390.957,379.349,36.538,35.453,449,1,579,489,54.112,45.701,473,44.206
3453,3453,115.100,390.887,379.345,36.532,35.453,454,1,579,489,54.112,45.701,473,44.206
3454,3454,115.133,390.838,379.340,36.527,35.452,454,1,579,489,54.112,45.701,473,44.206
3455,3455,115.167,390.836,379.274,36.527,35.446,455,1,579,489,54.112,45.701,473,44.206
3456,3456,115.200,390.834,379.274,36.527,35.446,453,1,579,489,54.112,45.701,473,44.206
3457,3457,115.233,390.783,379.255,36.522,35.444,457,1,579,489,54.112,45.701,473,44.206
3458,3458,115.267,390.781,379.202,36.522,35.439,457,1,579,489,54.112,45.701,473,44.206
3459,3459,115.300,390.691,379.104,36.513,35.430,475,1,579,489,54.112,45.701,473,44.206
3460,3460,115.333,390.650,379.272,36.509,35.446,479,1,579,489,54.112,45.701,473,44.206
3461,3461,115.367,390.716,379.031,36.515,35.424,479,1,579,489,54.112,45.701,473,44.206
3462,3462,115.400,390.674,379.016,36.512,35.422,469,1,579,489,54.112,45.701,473,44.206
3463,3463,115.433,390.659,379.405,36.510,35.458,458,1,579,489,54.112,45.701,473,44.206
3464,3464,115.467,390.662,379.230,36.510,35.442,466,1,579,489,54.112,45.701,473,44.206
3465,3465,115.500,390.617,379.229,36.506,35.442,468,1,579,489,54.112,45.701,473,44.206
3466,3466,115.533,390.608,379.090,36.505,35.429,472,1,579,489,54.112,45.701,473,44.206
3467,3467,115.567,390.607,379.041,36.505,35.424,461,1,579,489,54.112,45.701,473,44.206
3468,3468,115.600,390.617,379.054,36.506,35.426,463,1,579,489,54.112,45.701,473,44.206
3469,3469,115.633,390.652,379.092,36.510,35.429,462,1,579,489,54.112,45.701,473,44.206
3470,3470,115.667,390.637,379.028,36.508,35.423,460,1,579,489,54.112,45.701,473,44.206
3471,3471,115.700,390.676,378.839,36.512,35.406,466,1,579,489,54.112,45.701,473,44.206
3472,3472,115.733,390.656,378.782,36.510,35.400,467,1,579,489,54.112,45.701,473,44.206
3473,3473,115.767,390.701,378.841,36.514,35.406,464,1,579,489,54.112,45.701,473,44.206
3474,3474,115.800,390.687,378.871,36.513,35.409,465,1,579,489,54.112,45.701,473,44.206
3475,3475,115.833,390.725,378.827,36.516,35.404,466,1,579,489,54.112,45.701,473,44.206
3476,3476,115.867,390.731,378.751,36.517,35.397,470,1,579,489,54.112,45.701,473,44.206
3477,3477,115.900,390.664,378.636,36.511,35.387,486,1,579,489,54.112,45.701,473,44.206
3478,3478,115.933,390.750,378.369,36.519,35.362,479,1,579,489,54.112,45.701,473,44.206
3479,3479,115.967,390.695,378.317,36.514,35.357,477,1,579,489,54.112,45.701,473,44.206
3480,3480,116.000,390.709,378.208,36.515,35.347,480,1,579,489,54.112,45.701,473,44.206
3481,3481,116.033,390.615,378.526,36.506,35.376,483,1,579,489,54.112,45.701,473,44.206
3482,3482,116.067,390.528,378.544,36.498,35.378,476,1,579,489,54.112,45.701,473,44.206
3483,3483,116.100,390.616,378.357,36.506,35.360,472,1,579,489,54.112,45.701,473,44.206
3484,3484,116.133,390.678,378.275,36.512,35.353,469,1,579,489,54.112,45.701,473,44.206
3485,3485,116.167,390.781,378.213,36.522,35.347,474,1,579,489,54.112,45.701,473,44.206
3486,3486,116.200,390.807,378.110,36.524,35.337,476,1,579,489,54.112,45.701,473,44.206
3487,3487,116.233,390.771,378.150,36.521,35.341,475,1,579,489,54.112,45.701,473,44.206
3488,3488,116.267,390.794,378.159,36.523,35.342,476,1,579,489,54.112,45.701,473,44.206
3489,3489,116.300,390.790,378.183,36.522,35.344,476,1,579,489,54.112,45.701,473,44.206
3490,3490,116.333,390.800,378.087,36.523,35.335,477,1,579,489,54.112,45.701,473,44.206
3491,3491,116.367,390.778,378.057,36.521,35.332,482,1,579,489,54.112,45.701,473,44.206
3492,3492,116.400,390.782,378.070,36.522,35.334,482,1,579,489,54.112,45.701,473,44.206
3493,3493,116.433,390.723,378.123,36.516,35.339,483,1,579,489,54.112,45.701,473,44.206
3494,3494,116.467,390.736,378.071,36.517,35.334,483,1,579,489,54.112,45.701,473,44.206
3495,3495,116.500,390.641,377.946,36.509,35.322,482,1,579,489,54.112,45.701,473,44.206
3496,3496,116.533,390.709,377.481,36.515,35.279,490,1,579,489,54.112,45.701,473,44.206
3497,3497,116.567,390.708,377.455,36.515,35.276,489,1,579,489,54.112,45.701,473,44.206
3498,3498,116.600,390.738,377.472,36.518,35.278,493,1,579,489,54.112,45.701,473,44.206
3499,3499,116.633,390.856,377.279,36.529,35.260,498,1,579,489,54.112,45.701,473,44.206
3500,3500,116.667,390.796,377.325,36.523,35.264,499,1,579,489,54.112,45.701,473,44.206
3501,3501,116.700,390.815,377.447,36.525,35.275,496,1,579,489,54.112,45.701,473,44.206
3502,3502,116.733,390.839,377.231,36.527,35.255,500,1,579,489,54.112,45.701,473,44.206
3503,3503,116.767,390.793,377.248,36.523,35.257,499,1,579,489,54.112,45.701,473,44.206
3504,3504,116.800,390.758,377.135,36.519,35.246,496,1,579,489,54.112,45.701,473,44.206
3505,3505,116.833,390.752,377.116,36.519,35.244,494,1,579,489,54.112,45.701,473,44.206
3506,3506,116.867,390.854,376.819,36.528,35.217,498,1,579,489,54.112,45.701,473,44.206
3507,3507,116.900,390.831,376.886,36.526,35.223,497,1,579,489,54.112,45.701,473,44.206
3508,3508,116.933,390.827,376.758,36.526,35.211,495,1,579,489,54.112,45.701,473,44.206
3509,3509,116.967,390.872,376.466,36.530,35.184,498,1,579,489,54.112,45.701,473,44.206
3510,3510,117.000,390.952,376.271,36.538,35.166,499,1,579,489,54.112,45.701,473,44.206
3511,3511,117.033,391.000,376.065,36.542,35.146,501,1,579,489,54.112,45.701,473,44.206
3512,3512,117.067,390.967,375.992,36.539,35.139,495,1,579,489,54.112,45.701,473,44.206
3513,3513,117.100,391.095,375.724,36.551,35.114,485,1,579,489,54.112,45.701,473,44.206
3514,3514,117.133,391.254,375.304,36.566,35.075,476,1,579,489,54.112,45.701,473,44.206
3515,3515,117.167,391.220,375.166,36.563,35.062,462,1,579,489,54.112,45.701,473,44.206
3516,3516,117.200,391.224,374.936,36.563,35.041,460,1,579,489,54.112,45.701,473,44.206
3517,3517,117.233,391.332,374.667,36.573,35.016,455,1,579,489,54.112,45.701,473,44.206
3518,3518,117.267,391.457,374.306,36.585,34.982,443,1,579,489,54.112,45.701,473,44.206
3519,3519,117.300,391.440,373.913,36.583,34.945,447,1,579,489,54.112,45.701,473,44.206
3520,3520,117.333,391.394,373.718,36.579,34.927,444,1,579,489,54.112,45.701,473,44.206
3521,3521,117.367,391.509,373.408,36.590,34.898,432,1,579,489,54.112,45.701,473,44.206
3522,3522,117.400,391.540,373.297,36.593,34.888,430,1,579,489,54.112,45.701,473,44.206
3523,3523,117.433,391.693,373.136,36.607,34.873,425,1,579,489,54.112,45.701,473,44.206
3524,3524,117.467,391.847,373.249,36.621,34.883,428,1,579,489,54.112,45.701,473,44.206
3525,3525,117.500,392.020,373.135,36.637,34.872,433,1,579,489,54.112,45.701,473,44.206
3526,3526,117.533,392.079,373.180,36.643,34.877,434,1,579,489,54.112,45.701,473,44.206
3527,3527,117.567,392.239,373.161,36.658,34.875,436,1,579,489,54.112,45.701,473,44.206
3528,3528,117.600,392.514,372.985,36.684,34.858,440,1,579,489,54.112,45.701,473,44.206
3529,3529,117.633,392.566,372.947,36.688,34.855,436,1,579,489,54.112,45.701,473,44.206
3530,3530,117.667,392.533,373.045,36.685,34.864,437,1,579,489,54.112,45.701,473,44.206
3531,3531,117.700,392.483,373.129,36.681,34.872,436,1,579,489,54.112,45.701,473,44.206
3532,3532,117.733,392.505,373.082,36.683,34.868,437,1,579,489,54.112,45.701,473,44.206
3533,3533,117.767,392.495,373.040,36.682,34.864,433,1,579,489,54.112,45.701,473,44.206
3534,3534,117.800,392.432,372.905,36.676,34.851,440,1,579,489,54.112,45.701,473,44.206
3535,3535,117.833,392.392,372.566,36.672,34.819,442,1,579,489,54.112,45.701,473,44.206
3536,3536,117.867,392.290,372.480,36.663,34.811,440,1,579,489,54.112,45.701,473,44.206
3537,3537,117.900,392.234,372.330,36.657,34.797,441,1,579,489,54.112,45.701,473,44.206
3538,3538,117.933,392.226,372.091,36.657,34.775,449,1,579,489,54.112,45.701,473,44.206
3539,3539,117.967,392.152,371.479,36.650,34.718,459,1,579,489,54.112,45.701,473,44.206
3540,3540,118.000,392.132,371.218,36.648,34.693,459,1,579,489,54.112,45.701,473,44.206
3541,3541,118.033,392.218,370.720,36.656,34.647,471,1,579,489,54.112,45.701,473,44.206
3542,3542,118.067,392.236,370.633,36.658,34.639,473,1,579,489,54.112,45.701,473,44.206
3543,3543,118.100,392.175,370.371,36.652,34.614,474,1,579,489,54.112,45.701,473,44.206
3544,3544,118.133,392.134,370.140,36.648,34.593,475,1,579,489,54.112,45.701,473,44.206
3545,3545,118.167,392.104,369.878,36.645,34.568,484,1,579,489,54.112,45.701,473,44.206
3546,3546,118.200,392.112,369.532,36.646,34.536,487,1,579,489,54.112,45.701,473,44.206
3547,3547,118.233,392.134,369.571,36.648,34.539,486,1,579,489,54.112,45.701,473,44.206
3548,3548,118.267,392.158,369.368,36.650,34.520,485,1,579,489,54.112,45.701,473,44.206
3549,3549,118.300,392.105,369.075,36.645,34.493,490,1,579,489,54.112,45.701,473,44.206
3550,3550,118.333,392.082,368.952,36.643,34.482,493,1,579,489,54.112,45.701,473,44.206
3551,3551,118.367,392.002,369.006,36.636,34.487,492,1,579,489,54.112,45.701,473,44.206
3552,3552,118.400,392.028,368.932,36.638,34.480,490,1,579,489,54.112,45.701,473,44.206
3553,3553,118.433,392.022,368.934,36.638,34.480,496,1,579,489,54.112,45.701,473,44.206
3554,3554,118.467,392.154,368.621,36.650,34.451,500,1,579,489,54.112,45.701,473,44.206
3555,3555,118.500,392.048,368.584,36.640,34.447,501,1,579,489,54.112,45.701,473,44.206
3556,3556,118.533,392.044,368.547,36.640,34.444,498,1,579,489,54.112,45.701,473,44.206
3557,3557,118.567,392.096,368.434,36.645,34.433,502,1,579,489,54.112,45.701,473,44.206
3558,3558,118.600,392.097,368.384,36.645,34.428,504,1,579,489,54.112,45.701,473,44.206
3559,3559,118.633,392.124,368.038,36.647,34.396,499,1,579,489,54.112,45.701,473,44.206
3560,3560,118.667,392.146,368.132,36.649,34.405,498,1,579,489,54.112,45.701,473,44.206
3561,3561,118.700,392.185,367.835,36.653,34.377,491,1,579,489,54.112,45.701,473,44.206
3562,3562,118.733,392.092,367.579,36.644,34.353,480,1,579,489,54.112,45.701,473,44.206
3563,3563,118.767,392.128,367.229,36.647,34.320,478,1,579,489,54.112,45.701,473,44.206
3564,3564,118.800,392.177,366.836,36.652,34.284,472,1,579,489,54.112,45.701,473,44.206
3565,3565,118.833,392.270,366.574,36.661,34.259,461,1,579,489,54.112,45.701,473,44.206
3566,3566,118.867,392.266,366.611,36.660,34.263,455,1,579,489,54.112,45.701,473,44.206
3567,3567,118.900,392.324,366.361,36.666,34.239,451,1,579,489,54.112,45.701,473,44.206
3568,3568,118.933,392.355,365.981,36.669,34.204,445,1,579,489,54.112,45.701,473,44.206
3569,3569,118.967,392.353,365.887,36.669,34.195,446,1,579,489,54.112,45.701,473,44.206
3570,3570,119.000,392.335,365.778,36.667,34.185,440,1,579,489,54.112,45.701,473,44.206
3571,3571,119.033,392.389,365.528,36.672,34.161,440,1,579,489,54.112,45.701,473,44.206
3572,3572,119.067,392.390,365.403,36.672,34.150,432,1,579,489,54.112,45.701,473,44.206
3573,3573,119.100,392.517,365.110,36.684,34.122,433,1,579,489,54.112,45.701,473,44.206
3574,3574,119.133,392.484,365.087,36.681,34.120,431,1,579,489,54.112,45.701,473,44.206
3575,3575,119.167,392.639,364.998,36.695,34.112,434,1,579,489,54.112,45.701,473,44.206
3576,3576,119.200,392.818,365.198,36.712,34.131,428,1,579,489,54.112,45.701,473,44.206
3577,3577,119.233,392.942,365.310,36.724,34.141,421,1,579,489,54.112,45.701,473,44.206
3578,3578,119.267,393.017,365.341,36.731,34.144,420,1,579,489,54.112,45.701,473,44.206
3579,3579,119.300,393.151,365.193,36.743,34.130,426,1,579,489,54.112,45.701,473,44.206
3580,3580,119.333,393.168,365.187,36.745,34.130,425,1,579,489,54.112,45.701,473,44.206
3581,3581,119.367,393.087,365.217,36.737,34.132,422,1,579,489,54.112,45.701,473,44.206
3582,3582,119.400,393.089,365.098,36.737,34.121,424,1,579,489,54.112,45.701,473,44.206
3583,3583,119.433,393.055,364.992,36.734,34.111,427,1,579,489,54.112,45.701,473,44.206
3584,3584,119.467,393.046,365.196,36.733,34.130,428,1,579,489,54.112,45.701,473,44.206
3585,3585,119.500,392.962,365.198,36.725,34.131,436,1,579,489,54.112,45.701,473,44.206
3586,3586,119.533,392.855,364.759,36.715,34.090,428,1,579,489,54.112,45.701,473,44.206
3587,3587,119.567,392.807,364.862,36.711,34.099,426,1,579,489,54.112,45.701,473,44.206
3588,3588,119.600,392.700,364.468,36.701,34.062,438,1,579,489,54.112,45.701,473,44.206
3589,3589,119.633,392.624,364.383,36.694,34.054,437,1,579,489,54.112,45.701,473,44.206
3590,3590,119.667,392.524,363.983,36.684,34.017,451,1,579,489,54.112,45.701,473,44.206
3591,3591,119.700,392.545,363.756,36.686,33.996,459,1,579,489,54.112,45.701,473,44.206
3592,3592,119.733,392.472,363.346,36.680,33.958,475,1,579,489,54.112,45.701,473,44.206
3593,3593,119.767,392.392,362.877,36.672,33.914,465,1,579,489,54.112,45.701,473,44.206
3594,3594,119.800,392.256,363.050,36.659,33.930,477,1,579,489,54.112,45.701,473,44.206
3595,3595,119.833,392.260,362.800,36.660,33.907,483,1,579,489,54.112,45.701,473,44.206
3596,3596,119.867,392.185,362.470,36.653,33.876,489,1,579,489,54.112,45.701,473,44.206
3597,3597,119.900,392.175,362.375,36.652,33.867,490,1,579,489,54.112,45.701,473,44.206
3598,3598,119.933,392.099,362.172,36.645,33.848,495,1,579,489,54.112,45.701,473,44.206
3599,3599,119.967,391.951,361.465,36.631,33.782,497,1,579,489,54.112,45.701,473,44.206
3600,3600,120.000,391.917,361.407,36.628,33.776,497,1,579,489,54.112,45.701,473,44.206
3601,3601,120.033,391.987,361.631,36.634,33.797,495,1,579,489,54.112,45.701,473,44.206
3602,3602,120.067,391.806,361.225,36.617,33.759,502,1,579,489,54.112,45.701,473,44.206
3603,3603,120.100,391.767,361.141,36.614,33.751,503,1,579,489,54.112,45.701,473,44.206
3604,3604,120.133,391.769,361.147,36.614,33.752,501,1,579,489,54.112,45.701,473,44.206
3605,3605,120.167,391.833,361.158,36.620,33.753,503,1,579,489,54.112,45.701,473,44.206
3606,3606,120.200,391.779,360.994,36.615,33.738,506,1,579,489,54.112,45.701,473,44.206
3607,3607,120.233,391.779,360.994,36.615,33.738,506,1,579,489,54.112,45.701,473,44.206
3608,3608,120.267,391.839,361.123,36.620,33.750,501,1,579,489,54.112,45.701,473,44.206
3609,3609,120.300,391.747,360.901,36.612,33.729,510,1,579,489,54.112,45.701,473,44.206
3610,3610,120.333,391.759,360.836,36.613,33.723,511,1,579,489,54.112,45.701,473,44.206
3611,3611,120.367,391.717,360.729,36.609,33.713,512,1,579,489,54.112,45.701,473,44.206
3612,3612,120.400,391.753,360.783,36.612,33.718,511,1,579,489,54.112,45.701,473,44.206
3613,3613,120.433,391.722,360.631,36.610,33.704,511,1,579,489,54.112,45.701,473,44.206
3614,3614,120.467,391.692,360.606,36.607,33.701,514,1,579,489,54.112,45.701,473,44.206
3615,3615,120.500,391.719,360.640,36.609,33.705,513,1,579,489,54.112,45.701,473,44.206
3616,3616,120.533,391.734,360.630,36.611,33.704,518,1,579,489,54.112,45.701,473,44.206
3617,3617,120.567,391.725,360.438,36.610,33.686,521,1,579,489,54.112,45.701,473,44.206
3618,3618,120.600,391.724,360.253,36.610,33.669,523,1,579,489,54.112,45.701,473,44.206
3619,3619,120.633,391.793,360.453,36.616,33.687,521,1,579,489,54.112,45.701,473,44.206
3620,3620,120.667,391.880,360.898,36.624,33.729,512,1,579,489,54.112,45.701,473,44.206
3621,3621,120.700,391.858,360.878,36.622,33.727,514,1,579,489,54.112,45.701,473,44.206
3622,3622,120.733,391.800,360.640,36.617,33.705,522,1,579,489,54.112,45.701,473,44.206
3623,3623,120.767,391.775,360.328,36.614,33.676,514,1,579,489,54.112,45.701,473,44.206
3624,3624,120.800,391.805,360.271,36.617,33.670,517,1,579,489,54.112,45.701,473,44.206
3625,3625,120.833,391.728,360.135,36.610,33.657,520,1,579,489,54.112,45.701,473,44.206
3626,3626,120.867,391.773,360.094,36.614,33.654,518,1,579,489,54.112,45.701,473,44.206
3627,3627,120.900,391.854,360.594,36.622,33.700,504,1,579,489,54.112,45.701,473,44.206
3628,3628,120.933,391.769,360.570,36.614,33.698,501,1,579,489,54.112,45.701,473,44.206
3629,3629,120.967,391.697,360.179,36.607,33.662,503,1,579,489,54.112,45.701,473,44.206
3630,3630,121.000,391.685,360.223,36.606,33.666,502,1,579,489,54.112,45.701,473,44.206
3631,3631,121.033,391.600,359.640,36.598,33.611,503,1,579,489,54.112,45.701,473,44.206
3632,3632,121.067,391.552,359.405,36.594,33.589,511,1,579,489,54.112,45.701,473,44.206
3633,3633,121.100,391.548,359.201,36.593,33.570,502,1,579,489,54.112,45.701,473,44.206
3634,3634,121.133,391.482,359.012,36.587,33.553,503,1,579,489,54.112,45.701,473,44.206
3635,3635,121.167,391.488,358.685,36.588,33.522,487,1,579,489,54.112,45.701,473,44.206
3636,3636,121.200,391.514,358.524,36.590,33.507,479,1,579,489,54.112,45.701,473,44.206
3637,3637,121.233,391.466,358.128,36.586,33.470,474,1,579,489,54.112,45.701,473,44.206
3638,3638,121.267,391.487,357.834,36.588,33.442,456,1,579,489,54.112,45.701,473,44.206
3639,3639,121.300,391.567,357.644,36.595,33.425,445,1,579,489,54.112,45.701,473,44.206
3640,3640,121.333,391.522,357.520,36.591,33.413,444,1,579,489,54.112,45.701,473,44.206
3641,3641,121.367,391.546,357.076,36.593,33.372,452,1,579,489,54.112,45.701,473,44.206
3642,3642,121.400,391.731,357.550,36.610,33.416,454,1,579,489,54.112,45.701,473,44.206
3643,3643,121.433,391.736,357.177,36.611,33.381,451,1,579,489,54.112,45.701,473,44.206
3644,3644,121.467,391.765,357.050,36.614,33.369,446,1,579,489,54.112,45.701,473,44.206
3645,3645,121.500,391.913,357.001,36.627,33.365,448,1,579,489,54.112,45.701,473,44.206
3646,3646,121.533,391.939,357.030,36.630,33.367,445,1,579,489,54.112,45.701,473,44.206
3647,3647,121.567,392.007,357.128,36.636,33.376,446,1,579,489,54.112,45.701,473,44.206
3648,3648,121.600,391.953,356.875,36.631,33.353,441,1,579,489,54.112,45.701,473,44.206
3649,3649,121.633,391.995,356.954,36.635,33.360,442,1,579,489,54.112,45.701,473,44.206
3650,3650,121.667,392.132,357.106,36.648,33.374,442,1,579,489,54.112,45.701,473,44.206
3651,3651,121.700,392.171,357.050,36.651,33.369,439,1,579,489,54.112,45.701,473,44.206
3652,3652,121.733,392.239,357.093,36.658,33.373,439,1,579,489,54.112,45.701,473,44.206
3653,3653,121.767,392.354,357.439,36.669,33.406,436,1,579,489,54.112,45.701,473,44.206
3654,3654,121.800,392.248,357.449,36.659,33.406,436,1,579,489,54.112,45.701,473,44.206
3655,3655,121.833,392.222,357.317,36.656,33.394,442,1,579,489,54.112,45.701,473,44.206
3656,3656,121.867,392.138,357.096,36.648,33.373,445,1,579,489,54.112,45.701,473,44.206
3657,3657,121.900,392.132,356.697,36.648,33.336,460,1,579,489,54.112,45.701,473,44.206
3658,3658,121.933,391.985,356.019,36.634,33.273,476,1,579,489,54.112,45.701,473,44.206
3659,3659,121.967,391.939,355.719,36.630,33.245,477,1,579,489,54.112,45.701,473,44.206
3660,3660,122.000,391.848,355.540,36.621,33.228,482,1,579,489,54.112,45.701,473,44.206
3661,3661,122.033,391.829,355.404,36.620,33.215,487,1,579,489,54.112,45.701,473,44.206
3662,3662,122.067,391.849,355.446,36.621,33.219,480,1,579,489,54.112,45.701,473,44.206
3663,3663,122.100,391.829,355.376,36.620,33.213,487,1,579,489,54.112,45.701,473,44.206
3664,3664,122.133,391.749,355.000,36.612,33.178,500,1,579,489,54.112,45.701,473,44.206
3665,3665,122.167,391.740,355.047,36.611,33.182,500,1,579,489,54.112,45.701,473,44.206
3666,3666,122.200,391.664,354.850,36.604,33.164,504,1,579,489,54.112,45.701,473,44.206
3667,3667,122.233,391.573,354.508,36.596,33.132,509,1,579,489,54.112,45.701,473,44.206
3668,3668,122.267,391.584,354.469,36.597,33.128,506,1,579,489,54.112,45.701,473,44.206
3669,3669,122.300,391.691,354.489,36.607,33.130,492,1,579,489,54.112,45.701,473,44.206
3670,3670,122.333,391.578,353.836,36.596,33.069,501,1,579,489,54.112,45.701,473,44.206
3671,3671,122.367,391.577,353.836,36.596,33.069,503,1,579,489,54.112,45.701,473,44.206
3672,3672,122.400,391.680,354.070,36.606,33.091,497,1,579,489,54.112,45.701,473,44.206
3673,3673,122.433,391.715,353.982,36.609,33.082,499,1,579,489,54.112,45.701,473,44.206
3674,3674,122.467,391.662,353.830,36.604,33.068,506,1,579,489,54.112,45.701,473,44.206
3675,3675,122.500,391.682,353.887,36.606,33.074,500,1,579,489,54.112,45.701,473,44.206
3676,3676,122.533,391.717,353.976,36.609,33.082,498,1,579,489,54.112,45.701,473,44.206
3677,3677,122.567,391.724,354.012,36.610,33.085,497,1,579,489,54.112,45.701,473,44.206
3678,3678,122.600,391.759,353.940,36.613,33.078,499,1,579,489,54.112,45.701,473,44.206
3679,3679,122.633,391.800,353.795,36.617,33.065,506,1,579,489,54.112,45.701,473,44.206
3680,3680,122.667,391.815,354.021,36.618,33.086,505,1,579,489,54.112,45.701,473,44.206
3681,3681,122.700,391.788,353.978,36.616,33.082,509,1,579,489,54.112,45.701,473,44.206
3682,3682,122.733,391.807,354.065,36.617,33.090,506,1,579,489,54.112,45.701,473,44.206
3683,3683,122.767,391.817,354.277,36.618,33.110,500,1,579,489,54.112,45.701,473,44.206
3684,3684,122.800,391.781,354.239,36.615,33.106,498,1,579,489,54.112,45.701,473,44.206
3685,3685,122.833,391.821,354.121,36.619,33.095,502,1,579,489,54.112,45.701,473,44.206
3686,3686,122.867,391.865,354.216,36.623,33.104,509,1,579,489,54.112,45.701,473,44.206
3687,3687,122.900,391.874,354.363,36.624,33.118,502,1,579,489,54.112,45.701,473,44.206
3688,3688,122.933,391.863,354.478,36.623,33.129,500,1,579,489,54.112,45.701,473,44.206
3689,3689,122.967,391.860,354.563,36.622,33.137,502,1,579,489,54.112,45.701,473,44.206
3690,3690,123.000,391.936,354.422,36.630,33.124,495,1,579,489,54.112,45.701,473,44.206
3691,3691,123.033,391.924,354.568,36.628,33.137,493,1,579,489,54.112,45.701,473,44.206
3692,3692,123.067,391.929,354.313,36.629,33.113,495,1,579,489,54.112,45.701,473,44.206
3693,3693,123.100,391.933,354.186,36.629,33.102,500,1,579,489,54.112,45.701,473,44.206
3694,3694,123.133,391.879,353.852,36.624,33.070,511,1,579,489,54.112,45.701,473,44.206
3695,3695,123.167,391.974,353.848,36.633,33.070,497,1,579,489,54.112,45.701,473,44.206
3696,3696,123.200,391.985,354.005,36.634,33.085,502,1,579,489,54.112,45.701,473,44.206
3697,3697,123.233,391.981,353.991,36.634,33.083,501,1,579,489,54.112,45.701,473,44.206
3698,3698,123.267,391.935,353.930,36.629,33.078,500,1,579,489,54.112,45.701,473,44.206
3699,3699,123.300,391.892,353.623,36.625,33.049,496,1,579,489,54.112,45.701,473,44.206
3700,3700,123.333,391.906,353.518,36.627,33.039,493,1,579,489,54.112,45.701,473,44.206
3701,3701,123.367,391.938,353.575,36.630,33.044,488,1,579,489,54.112,45.701,473,44.206
3702,3702,123.400,391.911,353.503,36.627,33.038,489,1,579,489,54.112,45.701,473,44.206
3703,3703,123.433,391.931,353.323,36.629,33.021,489,1,579,489,54.112,45.701,473,44.206
3704,3704,123.467,391.942,352.908,36.630,32.982,490,1,579,489,54.112,45.701,473,44.206
3705,3705,123.500,391.850,352.373,36.622,32.932,480,1,579,489,54.112,45.701,473,44.206
3706,3706,123.533,391.806,351.661,36.617,32.866,488,1,579,489,54.112,45.701,473,44.206
3707,3707,123.567,391.881,351.234,36.624,32.826,471,1,579,489,54.112,45.701,473,44.206
3708,3708,123.600,391.932,350.785,36.629,32.784,462,1,579,489,54.112,45.701,473,44.206
3709,3709,123.633,392.113,350.433,36.646,32.751,455,1,579,489,54.112,45.701,473,44.206
3710,3710,123.667,392.243,350.062,36.658,32.716,452,1,579,489,54.112,45.701,473,44.206
3711,3711,123.700,392.238,349.591,36.658,32.672,442,1,579,489,54.112,45.701,473,44.206
3712,3712,123.733,392.321,349.350,36.665,32.650,444,1,579,489,54.112,45.701,473,44.206
3713,3713,123.767,392.369,349.440,36.670,32.658,444,1,579,489,54.112,45.701,473,44.206
3714,3714,123.800,392.313,349.345,36.665,32.649,438,1,579,489,54.112,45.701,473,44.206
3715,3715,123.833,392.288,349.231,36.662,32.638,438,1,579,489,54.112,45.701,473,44.206
3716,3716,123.867,392.342,348.887,36.667,32.606,444,1,579,489,54.112,45.701,473,44.206
3717,3717,123.900,392.301,348.854,36.664,32.603,448,1,579,489,54.112,45.701,473,44.206
3718,3718,123.933,392.158,348.788,36.650,32.597,443,1,579,489,54.112,45.701,473,44.206
3719,3719,123.967,392.001,348.655,36.636,32.585,442,1,579,489,54.112,45.701,473,44.206
3720,3720,124.000,391.935,349.212,36.629,32.637,429,1,579,489,54.112,45.701,473,44.206
3721,3721,124.033,391.776,349.186,36.615,32.634,446,1,579,489,54.112,45.701,473,44.206
3722,3722,124.067,391.864,349.092,36.623,32.625,446,1,579,489,54.112,45.701,473,44.206
3723,3723,124.100,391.783,348.933,36.615,32.611,442,1,579,489,54.112,45.701,473,44.206
3724,3724,124.133,391.784,348.808,36.615,32.599,445,1,579,489,54.112,45.701,473,44.206
3725,3725,124.167,391.816,348.771,36.618,32.595,448,1,579,489,54.112,45.701,473,44.206
3726,3726,124.200,391.820,348.694,36.619,32.588,448,1,579,489,54.112,45.701,473,44.206
3727,3727,124.233,391.904,348.752,36.627,32.594,449,1,579,489,54.112,45.701,473,44.206
3728,3728,124.267,392.010,348.695,36.636,32.588,447,1,579,489,54.112,45.701,473,44.206
3729,3729,124.300,392.029,348.479,36.638,32.568,455,1,579,489,54.112,45.701,473,44.206
3730,3730,124.333,392.013,348.058,36.637,32.529,455,1,579,489,54.112,45.701,473,44.206
3731,3731,124.367,392.120,347.973,36.647,32.521,460,1,579,489,54.112,45.701,473,44.206
3732,3732,124.400,392.229,347.559,36.657,32.482,467,1,579,489,54.112,45.701,473,44.206
3733,3733,124.433,392.253,347.413,36.659,32.469,465,1,579,489,54.112,45.701,473,44.206
3734,3734,124.467,392.249,346.836,36.659,32.415,479,1,579,489,54.112,45.701,473,44.206
3735,3735,124.500,392.220,346.306,36.656,32.365,479,1,579,489,54.112,45.701,473,44.206
3736,3736,124.533,392.170,346.102,36.651,32.346,475,1,579,489,54.112,45.701,473,44.206
3737,3737,124.567,392.197,346.088,36.654,32.345,482,1,579,489,54.112,45.701,473,44.206
3738,3738,124.600,392.244,345.711,36.658,32.309,489,1,579,489,54.112,45.701,473,44.206
3739,3739,124.633,392.297,345.617,36.663,32.301,494,1,579,489,54.112,45.701,473,44.206
3740,3740,124.667,392.295,345.479,36.663,32.288,494,1,579,489,54.112,45.701,473,44.206
3741,3741,124.700,392.428,344.846,36.675,32.229,511,1,579,489,54.112,45.701,473,44.206
3742,3742,124.733,392.425,344.625,36.675,32.208,515,1,579,489,54.112,45.701,473,44.206
3743,3743,124.767,392.423,344.398,36.675,32.187,515,1,579,489,54.112,45.701,473,44.206
3744,3744,124.800,392.457,344.197,36.678,32.168,521,1,579,489,54.112,45.701,473,44.206
3745,3745,124.833,392.435,344.083,36.676,32.157,525,1,579,489,54.112,45.701,473,44.206
3746,3746,124.867,392.469,343.894,36.679,32.140,520,1,579,489,54.112,45.701,473,44.206
3747,3747,124.900,392.455,343.983,36.678,32.148,515,1,579,489,54.112,45.701,473,44.206
3748,3748,124.933,392.440,343.527,36.677,32.105,502,1,579,489,54.112,45.701,473,44.206
3749,3749,124.967,392.490,343.720,36.681,32.123,518,1,579,489,54.112,45.701,473,44.206
3750,3750,125.000,392.515,343.723,36.684,32.124,517,1,579,489,54.112,45.701,473,44.206
3751,3751,125.033,392.504,343.354,36.683,32.089,507,1,579,489,54.112,45.701,473,44.206
3752,3752,125.067,392.467,343.222,36.679,32.077,509,1,579,489,54.112,45.701,473,44.206
3753,3753,125.100,392.399,343.048,36.673,32.061,505,1,579,489,54.112,45.701,473,44.206
3754,3754,125.133,392.463,342.934,36.679,32.050,507,1,579,489,54.112,45.701,473,44.206
3755,3755,125.167,392.447,342.579,36.677,32.017,506,1,579,489,54.112,45.701,473,44.206
3756,3756,125.200,392.411,342.383,36.674,31.998,502,1,579,489,54.112,45.701,473,44.206
3757,3757,125.233,392.509,342.121,36.683,31.974,501,1,579,489,54.112,45.701,473,44.206
3758,3758,125.267,392.515,341.750,36.684,31.939,489,1,579,489,54.112,45.701,473,44.206
3759,3759,125.300,392.596,341.510,36.691,31.917,485,1,579,489,54.112,45.701,473,44.206
3760,3760,125.333,392.536,341.158,36.686,31.884,473,1,579,489,54.112,45.701,473,44.206
3761,3761,125.367,392.564,340.938,36.688,31.863,467,1,579,489,54.112,45.701,473,44.206
3762,3762,125.400,392.570,340.663,36.689,31.838,461,1,579,489,54.112,45.701,473,44.206
3763,3763,125.433,392.591,340.373,36.691,31.811,456,1,579,489,54.112,45.701,473,44.206
3764,3764,125.467,392.668,340.281,36.698,31.802,446,1,579,489,54.112,45.701,473,44.206
3765,3765,125.500,392.672,340.285,36.698,31.802,452,1,579,489,54.112,45.701,473,44.206
3766,3766,125.533,392.628,339.949,36.694,31.771,455,1,579,489,54.112,45.701,473,44.206
3767,3767,125.567,392.655,339.946,36.697,31.771,463,1,579,489,54.112,45.701,473,44.206
3768,3768,125.600,392.392,340.048,36.672,31.780,452,1,579,489,54.112,45.701,473,44.206
3769,3769,125.633,392.281,339.855,36.662,31.762,451,1,579,489,54.112,45.701,473,44.206
3770,3770,125.667,392.115,339.960,36.646,31.772,451,1,579,489,54.112,45.701,473,44.206
3771,3771,125.700,391.911,340.126,36.627,31.787,452,1,579,489,54.112,45.701,473,44.206
3772,3772,125.733,391.857,339.636,36.622,31.742,461,1,579,489,54.112,45.701,473,44.206
3773,3773,125.767,391.656,339.600,36.603,31.738,447,1,579,489,54.112,45.701,473,44.206
3774,3774,125.800,391.581,340.041,36.596,31.780,433,1,579,489,54.112,45.701,473,44.206
3775,3775,125.833,391.673,339.951,36.605,31.771,436,1,579,489,54.112,45.701,473,44.206
3776,3776,125.867,391.681,339.905,36.606,31.767,438,1,579,489,54.112,45.701,473,44.206
3777,3777,125.900,391.886,339.679,36.625,31.746,444,1,579,489,54.112,45.701,473,44.206
3778,3778,125.933,391.958,339.723,36.632,31.750,454,1,579,489,54.112,45.701,473,44.206
3779,3779,125.967,392.201,339.106,36.654,31.692,469,1,579,489,54.112,45.701,473,44.206
3780,3780,126.000,392.304,338.742,36.664,31.658,467,1,579,489,54.112,45.701,473,44.206
3781,3781,126.033,392.752,337.926,36.706,31.582,476,1,579,489,54.112,45.701,473,44.206
3782,3782,126.067,392.733,337.914,36.704,31.581,484,1,579,489,54.112,45.701,473,44.206
3783,3783,126.100,392.923,337.577,36.722,31.549,492,1,579,489,54.112,45.701,473,44.206
3784,3784,126.133,392.980,337.441,36.727,31.537,491,1,579,489,54.112,45.701,473,44.206
3785,3785,126.167,392.996,337.256,36.729,31.519,491,1,579,489,54.112,45.701,473,44.206
3786,3786,126.200,393.132,336.892,36.741,31.485,494,1,579,489,54.112,45.701,473,44.206
3787,3787,126.233,393.138,336.931,36.742,31.489,492,1,579,489,54.112,45.701,473,44.206
3788,3788,126.267,393.241,336.713,36.751,31.468,497,1,579,489,54.112,45.701,473,44.206
3789,3789,126.300,393.432,336.363,36.769,31.436,502,1,579,489,54.112,45.701,473,44.206
3790,3790,126.333,393.479,336.230,36.774,31.423,506,1,579,489,54.112,45.701,473,44.206
3791,3791,126.367,393.620,335.945,36.787,31.397,500,1,579,489,54.112,45.701,473,44.206
3792,3792,126.400,393.673,335.792,36.792,31.382,502,1,579,489,54.112,45.701,473,44.206
3793,3793,126.433,393.708,335.444,36.795,31.350,495,1,579,489,54.112,45.701,473,44.206
3794,3794,126.467,393.843,335.114,36.808,31.319,502,1,579,489,54.112,45.701,473,44.206
3795,3795,126.500,393.921,334.838,36.815,31.293,504,1,579,489,54.112,45.701,473,44.206
3796,3796,126.533,393.973,334.698,36.820,31.280,504,1,579,489,54.112,45.701,473,44.206
3797,3797,126.567,393.984,334.473,36.821,31.259,502,1,579,489,54.112,45.701,473,44.206
3798,3798,126.600,394.101,334.542,36.832,31.266,504,1,579,489,54.112,45.701,473,44.206
3799,3799,126.633,394.196,334.071,36.841,31.222,504,1,579,489,54.112,45.701,473,44.206
3800,3800,126.667,394.335,333.681,36.854,31.185,498,1,579,489,54.112,45.701,473,44.206
3801,3801,126.700,394.401,333.363,36.860,31.155,496,1,579,489,54.112,45.701,473,44.206
3802,3802,126.733,394.368,333.041,36.857,31.125,482,1,579,489,54.112,45.701,473,44.206
3803,3803,126.767,394.399,332.637,36.860,31.088,473,1,579,489,54.112,45.701,473,44.206
3804,3804,126.800,394.427,332.596,36.862,31.084,472,1,579,489,54.112,45.701,473,44.206
3805,3805,126.833,394.454,332.358,36.865,31.062,479,1,579,489,54.112,45.701,473,44.206
3806,3806,126.867,394.441,332.191,36.864,31.046,470,1,579,489,54.112,45.701,473,44.206
3807,3807,126.900,394.431,332.230,36.863,31.049,479,1,579,489,54.112,45.701,473,44.206
3808,3808,126.933,394.293,332.248,36.850,31.051,467,1,579,489,54.112,45.701,473,44.206
3809,3809,126.967,394.387,331.717,36.859,31.002,464,1,579,489,54.112,45.701,473,44.206
3810,3810,127.000,394.454,331.558,36.865,30.987,471,1,579,489,54.112,45.701,473,44.206
3811,3811,127.033,394.441,331.324,36.864,30.965,474,1,579,489,54.112,45.701,473,44.206
3812,3812,127.067,394.254,331.348,36.846,30.967,465,1,579,489,54.112,45.701,473,44.206
3813,3813,127.100,394.219,331.122,36.843,30.946,469,1,579,489,54.112,45.701,473,44.206
3814,3814,127.133,394.060,331.228,36.828,30.956,469,1,579,489,54.112,45.701,473,44.206
3815,3815,127.167,393.852,331.380,36.809,30.970,466,1,579,489,54.112,45.701,473,44.206
3816,3816,127.200,393.708,331.547,36.795,30.986,455,1,579,489,54.112,45.701,473,44.206
3817,3817,127.233,393.772,331.288,36.801,30.961,456,1,579,489,54.112,45.701,473,44.206
3818,3818,127.267,393.704,331.435,36.795,30.975,459,1,579,489,54.112,45.701,473,44.206
3819,3819,127.300,393.718,331.371,36.796,30.969,458,1,579,489,54.112,45.701,473,44.206
3820,3820,127.333,393.737,331.366,36.798,30.969,462,1,579,489,54.112,45.701,473,44.206
3821,3821,127.367,393.784,331.290,36.802,30.962,459,1,579,489,54.112,45.701,473,44.206
3822,3822,127.400,393.761,331.538,36.800,30.985,464,1,579,489,54.112,45.701,473,44.206
3823,3823,127.433,393.946,331.193,36.817,30.953,459,1,579,489,54.112,45.701,473,44.206
3824,3824,127.467,394.035,330.972,36.826,30.932,454,1,579,489,54.112,45.701,473,44.206
3825,3825,127.500,394.201,330.848,36.841,30.920,463,1,579,489,54.112,45.701,473,44.206
3826,3826,127.533,394.385,330.524,36.858,30.890,462,1,579,489,54.112,45.701,473,44.206
3827,3827,127.567,394.496,330.423,36.869,30.881,468,1,579,489,54.112,45.701,473,44.206
3828,3828,127.600,394.605,330.210,36.879,30.861,475,1,579,489,54.112,45.701,473,44.206
3829,3829,127.633,394.885,329.766,36.905,30.819,485,1,579,489,54.112,45.701,473,44.206
3830,3830,127.667,395.010,329.621,36.917,30.806,484,1,579,489,54.112,45.701,473,44.206
3831,3831,127.700,395.267,329.062,36.941,30.753,489,1,579,489,54.112,45.701,473,44.206
3832,3832,127.733,395.410,328.880,36.954,30.736,487,1,579,489,54.112,45.701,473,44.206
3833,3833,127.767,395.519,328.563,36.964,30.707,484,1,579,489,54.112,45.701,473,44.206
3834,3834,127.800,395.758,328.168,36.987,30.670,478,1,579,489,54.112,45.701,473,44.206
3835,3835,127.833,395.970,327.830,37.007,30.638,485,1,579,489,54.112,45.701,473,44.206
3836,3836,127.867,396.079,327.524,37.017,30.610,490,1,579,489,54.112,45.701,473,44.206
3837,3837,127.900,396.302,327.239,37.038,30.583,489,1,579,489,54.112,45.701,473,44.206
3838,3838,127.933,396.678,326.658,37.073,30.529,495,1,579,489,54.112,45.701,473,44.206
3839,3839,127.967,396.825,326.070,37.086,30.474,493,1,579,489,54.112,45.701,473,44.206
3840,3840,128.000,397.038,325.515,37.106,30.422,497,1,579,489,54.112,45.701,473,44.206
3841,3841,128.033,397.251,325.003,37.126,30.374,480,1,579,489,54.112,45.701,473,44.206
3842,3842,128.067,397.170,325.107,37.119,30.384,480,1,579,489,54.112,45.701,473,44.206
3843,3843,128.100,397.199,324.943,37.121,30.369,471,1,579,489,54.112,45.701,473,44.206
3844,3844,128.133,397.200,324.845,37.121,30.359,471,1,579,489,54.112,45.701,473,44.206
3845,3845,128.167,397.275,324.683,37.129,30.344,469,1,579,489,54.112,45.701,473,44.206
3846,3846,128.200,397.163,324.727,37.118,30.348,463,1,579,489,54.112,45.701,473,44.206
3847,3847,128.233,397.079,324.888,37.110,30.363,465,1,579,489,54.112,45.701,473,44.206
3848,3848,128.267,397.126,324.680,37.115,30.344,463,1,579,489,54.112,45.701,473,44.206
3849,3849,128.300,397.123,324.644,37.114,30.341,462,1,579,489,54.112,45.701,473,44.206
3850,3850,128.333,397.043,324.667,37.107,30.343,460,1,579,489,54.112,45.701,473,44.206
3851,3851,128.367,396.995,324.681,37.102,30.344,458,1,579,489,54.112,45.701,473,44.206
3852,3852,128.400,397.069,324.352,37.109,30.313,454,1,579,489,54.112,45.701,473,44.206
3853,3853,128.433,397.037,324.356,37.106,30.314,460,1,579,489,54.112,45.701,473,44.206
3854,3854,128.467,397.005,324.306,37.103,30.309,459,1,579,489,54.112,45.701,473,44.206
3855,3855,128.500,397.020,324.184,37.105,30.298,456,1,579,489,54.112,45.701,473,44.206
3856,3856,128.533,397.060,324.080,37.108,30.288,455,1,579,489,54.112,45.701,473,44.206
3857,3857,128.567,397.036,324.060,37.106,30.286,455,1,579,489,54.112,45.701,473,44.206
3858,3858,128.600,397.019,324.153,37.105,30.295,453,1,579,489,54.112,45.701,473,44.206
3859,3859,128.633,396.962,324.174,37.099,30.297,452,1,579,489,54.112,45.701,473,44.206
3860,3860,128.667,397.008,324.178,37.104,30.297,455,1,579,489,54.112,45.701,473,44.206
3861,3861,128.700,397.215,323.779,37.123,30.260,463,1,579,489,54.112,45.701,473,44.206
3862,3862,128.733,397.171,323.787,37.119,30.260,462,1,579,489,54.112,45.701,473,44.206
3863,3863,128.767,397.178,323.953,37.119,30.276,467,1,579,489,54.112,45.701,473,44.206
3864,3864,128.800,397.285,323.704,37.129,30.253,471,1,579,489,54.112,45.701,473,44.206
3865,3865,128.833,397.462,323.344,37.146,30.219,470,1,579,489,54.112,45.701,473,44.206
3866,3866,128.867,397.667,323.011,37.165,30.188,472,1,579,489,54.112,45.701,473,44.206
3867,3867,128.900,397.820,322.854,37.179,30.173,477,1,579,489,54.112,45.701,473,44.206
3868,3868,128.933,397.907,322.770,37.188,30.165,485,1,579,489,54.112,45.701,473,44.206
3869,3869,128.967,398.331,322.238,37.227,30.116,496,1,579,489,54.112,45.701,473,44.206
3870,3870,129.000,398.519,321.882,37.245,30.082,496,1,579,489,54.112,45.701,473,44.206
3871,3871,129.033,398.666,321.577,37.258,30.054,484,1,579,489,54.112,45.701,473,44.206
3872,3872,129.067,398.864,321.395,37.277,30.037,496,1,579,489,54.112,45.701,473,44.206
3873,3873,129.100,398.838,321.317,37.275,30.030,491,1,579,489,54.112,45.701,473,44.206
3874,3874,129.133,399.041,321.082,37.294,30.008,501,1,579,489,54.112,45.701,473,44.206
3875,3875,129.167,399.065,321.004,37.296,30.000,501,1,579,489,54.112,45.701,473,44.206
3876,3876,129.200,399.152,320.923,37.304,29.993,506,1,579,489,54.112,45.701,473,44.206
3877,3877,129.233,399.196,320.934,37.308,29.994,506,1,579,489,54.112,45.701,473,44.206
3878,3878,129.267,399.229,320.801,37.311,29.981,507,1,579,489,54.112,45.701,473,44.206
3879,3879,129.300,399.424,320.498,37.329,29.953,514,1,579,489,54.112,45.701,473,44.206
3880,3880,129.333,399.521,320.336,37.338,29.938,517,1,579,489,54.112,45.701,473,44.206
3881,3881,129.367,399.624,320.253,37.348,29.930,523,1,579,489,54.112,45.701,473,44.206
3882,3882,129.400,399.669,320.189,37.352,29.924,522,1,579,489,54.112,45.701,473,44.206
3883,3883,129.433,399.664,320.218,37.352,29.927,521,1,579,489,54.112,45.701,473,44.206
3884,3884,129.467,399.699,320.087,37.355,29.915,520,1,579,489,54.112,45.701,473,44.206
3885,3885,129.500,399.716,320.094,37.357,29.915,518,1,579,489,54.112,45.701,473,44.206
3886,3886,129.533,399.897,319.809,37.374,29.889,509,1,579,489,54.112,45.701,473,44.206
3887,3887,129.567,399.910,319.725,37.375,29.881,514,1,579,489,54.112,45.701,473,44.206
3888,3888,129.600,399.974,319.685,37.381,29.877,508,1,579,489,54.112,45.701,473,44.206
3889,3889,129.633,400.004,319.637,37.384,29.873,508,1,579,489,54.112,45.701,473,44.206
3890,3890,129.667,400.290,319.067,37.410,29.819,502,1,579,489,54.112,45.701,473,44.206
3891,3891,129.700,400.365,318.860,37.417,29.800,496,1,579,489,54.112,45.701,473,44.206
3892,3892,129.733,400.669,318.242,37.446,29.742,486,1,579,489,54.112,45.701,473,44.206
3893,3893,129.767,400.808,318.163,37.459,29.735,472,1,579,489,54.112,45.701,473,44.206
3894,3894,129.800,400.998,317.871,37.476,29.708,473,1,579,489,54.112,45.701,473,44.206
3895,3895,129.833,401.119,317.617,37.488,29.684,466,1,579,489,54.112,45.701,473,44.206
3896,3896,129.867,401.387,317.114,37.513,29.637,464,1,579,489,54.112,45.701,473,44.206
3897,3897,129.900,401.388,317.083,37.513,29.634,465,1,579,489,54.112,45.701,473,44.206
3898,3898,129.933,401.357,317.116,37.510,29.637,468,1,579,489,54.112,45.701,473,44.206
3899,3899,129.967,401.357,317.159,37.510,29.641,465,1,579,489,54.112,45.701,473,44.206
3900,3900,130.000,401.247,317.077,37.500,29.633,458,1,579,489,54.112,45.701,473,44.206
3901,3901,130.033,401.182,317.286,37.494,29.653,456,1,579,489,54.112,45.701,473,44.206
3902,3902,130.067,401.084,317.307,37.484,29.655,449,1,579,489,54.112,45.701,473,44.206
3903,3903,130.100,401.019,317.324,37.478,29.656,451,1,579,489,54.112,45.701,473,44.206
3904,3904,130.133,401.051,317.323,37.481,29.656,451,1,579,489,54.112,45.701,473,44.206
3905,3905,130.167,401.083,317.184,37.484,29.643,450,1,579,489,54.112,45.701,473,44.206
3906,3906,130.200,401.084,317.109,37.485,29.636,448,1,579,489,54.112,45.701,473,44.206
3907,3907,130.233,400.930,317.250,37.470,29.650,443,1,579,489,54.112,45.701,473,44.206
3908,3908,130.267,401.044,317.058,37.481,29.632,449,1,579,489,54.112,45.701,473,44.206
3909,3909,130.300,400.939,317.219,37.471,29.647,450,1,579,489,54.112,45.701,473,44.206
3910,3910,130.333,400.965,317.188,37.473,29.644,449,1,579,489,54.112,45.701,473,44.206
3911,3911,130.367,400.985,317.161,37.475,29.641,452,1,579,489,54.112,45.701,473,44.206
3912,3912,130.400,400.996,317.130,37.476,29.638,455,1,579,489,54.112,45.701,473,44.206
3913,3913,130.433,401.134,316.931,37.489,29.620,450,1,579,489,54.112,45.701,473,44.206
3914,3914,130.467,401.193,316.845,37.495,29.612,448,1,579,489,54.112,45.701,473,44.206
3915,3915,130.500,401.277,316.604,37.503,29.589,452,1,579,489,54.112,45.701,473,44.206
3916,3916,130.533,401.384,316.339,37.513,29.564,460,1,579,489,54.112,45.701,473,44.206
3917,3917,130.567,401.625,316.048,37.535,29.537,466,1,579,489,54.112,45.701,473,44.206
3918,3918,130.600,401.749,315.916,37.547,29.525,473,1,579,489,54.112,45.701,473,44.206
3919,3919,130.633,401.907,315.677,37.561,29.502,489,1,579,489,54.112,45.701,473,44.206
3920,3920,130.667,402.063,315.371,37.576,29.474,490,1,579,489,54.112,45.701,473,44.206
3921,3921,130.700,402.309,314.972,37.599,29.437,491,1,579,489,54.112,45.701,473,44.206
3922,3922,130.733,402.325,315.084,37.600,29.447,489,1,579,489,54.112,45.701,473,44.206
3923,3923,130.767,402.533,314.783,37.620,29.419,492,1,579,489,54.112,45.701,473,44.206
3924,3924,130.800,402.671,314.585,37.633,29.400,498,1,579,489,54.112,45.701,473,44.206
3925,3925,130.833,402.855,314.378,37.650,29.381,497,1,579,489,54.112,45.701,473,44.206
3926,3926,130.867,403.259,313.776,37.688,29.325,500,1,579,489,54.112,45.701,473,44.206
3927,3927,130.900,403.342,313.661,37.696,29.314,503,1,579,489,54.112,45.701,473,44.206
3928,3928,130.933,403.508,313.355,37.711,29.285,502,1,579,489,54.112,45.701,473,44.206
3929,3929,130.967,403.560,313.437,37.716,29.293,508,1,579,489,54.112,45.701,473,44.206
3930,3930,131.000,403.897,312.932,37.747,29.246,517,1,579,489,54.112,45.701,473,44.206
3931,3931,131.033,403.985,312.755,37.756,29.229,515,1,579,489,54.112,45.701,473,44.206
3932,3932,131.067,404.224,312.414,37.778,29.198,520,1,579,489,54.112,45.701,473,44.206
3933,3933,131.100,404.398,312.204,37.794,29.178,517,1,579,489,54.112,45.701,473,44.206
3934,3934,131.133,404.581,311.948,37.811,29.154,507,1,579,489,54.112,45.701,473,44.206
3935,3935,131.167,404.614,311.811,37.814,29.141,499,1,579,489,54.112,45.701,473,44.206
3936,3936,131.200,404.755,311.576,37.828,29.119,501,1,579,489,54.112,45.701,473,44.206
3937,3937,131.233,405.010,311.050,37.851,29.070,492,1,579,489,54.112,45.701,473,44.206
3938,3938,131.267,405.159,310.901,37.865,29.056,487,1,579,489,54.112,45.701,473,44.206
3939,3939,131.300,405.332,310.697,37.882,29.037,490,1,579,489,54.112,45.701,473,44.206
3940,3940,131.333,405.416,310.481,37.889,29.017,483,1,579,489,54.112,45.701,473,44.206
3941,3941,131.367,405.583,310.204,37.905,28.991,474,1,579,489,54.112,45.701,473,44.206
3942,3942,131.400,405.602,310.191,37.907,28.990,468,1,579,489,54.112,45.701,473,44.206
3943,3943,131.433,405.594,310.095,37.906,28.981,466,1,579,489,54.112,45.701,473,44.206
3944,3944,131.467,405.584,310.093,37.905,28.981,467,1,579,489,54.112,45.701,473,44.206
3945,3945,131.500,405.560,310.175,37.903,28.988,472,1,579,489,54.112,45.701,473,44.206
3946,3946,131.533,405.596,310.243,37.906,28.995,471,1,579,489,54.112,45.701,473,44.206
3947,3947,131.567,405.635,310.105,37.910,28.982,471,1,579,489,54.112,45.701,473,44.206
3948,3948,131.600,405.414,310.214,37.889,28.992,461,1,579,489,54.112,45.701,473,44.206
3949,3949,131.633,405.417,310.158,37.889,28.987,461,1,579,489,54.112,45.701,473,44.206
3950,3950,131.667,405.401,310.312,37.888,29.001,466,1,579,489,54.112,45.701,473,44.206
3951,3951,131.700,405.294,310.366,37.878,29.006,465,1,579,489,54.112,45.701,473,44.206
3952,3952,131.733,405.312,310.288,37.880,28.999,466,1,579,489,54.112,45.701,473,44.206
3953,3953,131.767,405.249,310.368,37.874,29.006,461,1,579,489,54.112,45.701,473,44.206
3954,3954,131.800,405.046,310.573,37.855,29.026,460,1,579,489,54.112,45.701,473,44.206
3955,3955,131.833,405.126,310.472,37.862,29.016,456,1,579,489,54.112,45.701,473,44.206
3956,3956,131.867,405.176,310.442,37.867,29.013,455,1,579,489,54.112,45.701,473,44.206
3957,3957,131.900,405.363,310.131,37.884,28.984,465,1,579,489,54.112,45.701,473,44.206
3958,3958,131.933,405.301,310.270,37.879,28.997,460,1,579,489,54.112,45.701,473,44.206
3959,3959,131.967,405.445,309.972,37.892,28.969,470,1,579,489,54.112,45.701,473,44.206
3960,3960,132.000,405.691,309.729,37.915,28.947,480,1,579,489,54.112,45.701,473,44.206
3961,3961,132.033,405.973,309.213,37.941,28.898,471,1,579,489,54.112,45.701,473,44.206
3962,3962,132.067,406.052,308.994,37.949,28.878,479,1,579,489,54.112,45.701,473,44.206
3963,3963,132.100,406.204,308.924,37.963,28.871,474,1,579,489,54.112,45.701,473,44.206
3964,3964,132.133,406.158,308.951,37.959,28.874,478,1,579,489,54.112,45.701,473,44.206
3965,3965,132.167,406.126,308.921,37.956,28.871,477,1,579,489,54.112,45.701,473,44.206
3966,3966,132.200,406.349,308.622,37.977,28.843,486,1,579,489,54.112,45.701,473,44.206
3967,3967,132.233,406.280,308.678,37.970,28.848,488,1,579,489,54.112,45.701,473,44.206
3968,3968,132.267,406.294,308.651,37.971,28.846,488,1,579,489,54.112,45.701,473,44.206
3969,3969,132.300,406.433,308.363,37.984,28.819,498,1,579,489,54.112,45.701,473,44.206
3970,3970,132.333,406.413,308.473,37.983,28.829,502,1,579,489,54.112,45.701,473,44.206
3971,3971,132.367,406.407,308.423,37.982,28.825,500,1,579,489,54.112,45.701,473,44.206
3972,3972,132.400,406.737,308.120,38.013,28.796,510,1,579,489,54.112,45.701,473,44.206
3973,3973,132.433,406.767,308.013,38.016,28.786,512,1,579,489,54.112,45.701,473,44.206
3974,3974,132.467,406.821,307.810,38.021,28.767,504,1,579,489,54.112,45.701,473,44.206
3975,3975,132.500,406.886,307.761,38.027,28.763,511,1,579,489,54.112,45.701,473,44.206
3976,3976,132.533,406.883,307.836,38.026,28.770,523,1,579,489,54.112,45.701,473,44.206
3977,3977,132.567,407.141,307.472,38.051,28.736,520,1,579,489,54.112,45.701,473,44.206
3978,3978,132.600,407.210,307.370,38.057,28.726,523,1,579,489,54.112,45.701,473,44.206
3979,3979,132.633,407.351,307.160,38.070,28.707,532,1,579,489,54.112,45.701,473,44.206
3980,3980,132.667,407.372,307.260,38.072,28.716,533,1,579,489,54.112,45.701,473,44.206
3981,3981,132.700,407.441,307.009,38.079,28.692,537,1,579,489,54.112,45.701,473,44.206
3982,3982,132.733,407.435,306.970,38.078,28.689,528,1,579,489,54.112,45.701,473,44.206
3983,3983,132.767,407.471,306.862,38.081,28.679,534,1,579,489,54.112,45.701,473,44.206
3984,3984,132.800,407.545,306.796,38.088,28.673,539,1,579,489,54.112,45.701,473,44.206
3985,3985,132.833,407.590,306.695,38.092,28.663,538,1,579,489,54.112,45.701,473,44.206
3986,3986,132.867,407.641,306.589,38.097,28.653,542,1,579,489,54.112,45.701,473,44.206
3987,3987,132.900,407.768,306.434,38.109,28.639,543,1,579,489,54.112,45.701,473,44.206
3988,3988,132.933,407.724,306.515,38.105,28.646,540,1,579,489,54.112,45.701,473,44.206
3989,3989,132.967,407.680,306.625,38.101,28.657,542,1,579,489,54.112,45.701,473,44.206
3990,3990,133.000,407.750,306.640,38.107,28.658,536,1,579,489,54.112,45.701,473,44.206
3991,3991,133.033,407.686,306.609,38.101,28.655,535,1,579,489,54.112,45.701,473,44.206
3992,3992,133.067,407.639,306.677,38.097,28.661,536,1,579,489,54.112,45.701,473,44.206
3993,3993,133.100,407.769,306.437,38.109,28.639,547,1,579,489,54.112,45.701,473,44.206
3994,3994,133.133,407.666,306.605,38.100,28.655,541,1,579,489,54.112,45.701,473,44.206
3995,3995,133.167,407.679,306.565,38.101,28.651,536,1,579,489,54.112,45.701,473,44.206
3996,3996,133.200,407.709,306.563,38.104,28.651,539,1,579,489,54.112,45.701,473,44.206
3997,3997,133.233,407.695,306.549,38.102,28.649,539,1,579,489,54.112,45.701,473,44.206
3998,3998,133.267,407.701,306.481,38.103,28.643,529,1,579,489,54.112,45.701,473,44.206
3999,3999,133.300,407.663,306.596,38.099,28.654,533,1,579,489,54.112,45.701,473,44.206
4000,4000,133.333,407.687,306.646,38.102,28.659,534,1,579,489,54.112,45.701,473,44.206
4001,4001,133.367,407.610,306.756,38.094,28.669,533,1,579,489,54.112,45.701,473,44.206
4002,4002,133.400,407.607,306.761,38.094,28.669,533,1,579,489,54.112,45.701,473,44.206
4003,4003,133.433,407.602,306.730,38.094,28.666,531,1,579,489,54.112,45.701,473,44.206
4004,4004,133.467,407.723,306.568,38.105,28.651,534,1,579,489,54.112,45.701,473,44.206
4005,4005,133.500,407.734,306.599,38.106,28.654,534,1,579,489,54.112,45.701,473,44.206
4006,4006,133.533,407.866,306.299,38.118,28.626,537,1,579,489,54.112,45.701,473,44.206
4007,4007,133.567,407.819,306.308,38.114,28.627,534,1,579,489,54.112,45.701,473,44.206
4008,4008,133.600,407.851,306.361,38.117,28.632,537,1,579,489,54.112,45.701,473,44.206
4009,4009,133.633,407.804,306.368,38.112,28.633,536,1,579,489,54.112,45.701,473,44.206
4010,4010,133.667,407.865,306.354,38.118,28.631,545,1,579,489,54.112,45.701,473,44.206
4011,4011,133.700,407.721,306.552,38.105,28.650,531,1,579,489,54.112,45.701,473,44.206
4012,4012,133.733,407.768,306.523,38.109,28.647,532,1,579,489,54.112,45.701,473,44.206
4013,4013,133.767,407.781,306.514,38.110,28.646,533,1,579,489,54.112,45.701,473,44.206
4014,4014,133.800,407.895,306.443,38.121,28.640,532,1,579,489,54.112,45.701,473,44.206
4015,4015,133.833,407.708,306.649,38.104,28.659,539,1,579,489,54.112,45.701,473,44.206
4016,4016,133.867,407.900,306.371,38.122,28.633,531,1,579,489,54.112,45.701,473,44.206
4017,4017,133.900,407.917,306.275,38.123,28.624,531,1,579,489,54.112,45.701,473,44.206
4018,4018,133.933,407.804,306.436,38.113,28.639,534,1,579,489,54.112,45.701,473,44.206
4019,4019,133.967,407.830,306.625,38.115,28.657,536,1,579,489,54.112,45.701,473,44.206
4020,4020,134.000,407.842,306.638,38.116,28.658,535,1,579,489,54.112,45.701,473,44.206
4021,4021,134.033,407.489,307.170,38.083,28.707,525,1,579,489,54.112,45.701,473,44.206
4022,4022,134.067,407.817,306.571,38.114,28.652,531,1,579,489,54.112,45.701,473,44.206
4023,4023,134.100,407.718,306.724,38.104,28.666,533,1,579,489,54.112,45.701,473,44.206
4024,4024,134.133,407.763,306.685,38.109,28.662,540,1,579,489,54.112,45.701,473,44.206
4025,4025,134.167,407.643,306.826,38.097,28.675,536,1,579,489,54.112,45.701,473,44.206
4026,4026,134.200,407.723,306.693,38.105,28.663,537,1,579,489,54.112,45.701,473,44.206
4027,4027,134.233,407.820,306.557,38.114,28.650,542,1,579,489,54.112,45.701,473,44.206
4028,4028,134.267,407.777,306.599,38.110,28.654,536,1,579,489,54.112,45.701,473,44.206
4029,4029,134.300,407.694,306.682,38.102,28.662,533,1,579,489,54.112,45.701,473,44.206
4030,4030,134.333,407.722,306.513,38.105,28.646,537,1,579,489,54.112,45.701,473,44.206
4031,4031,134.367,407.882,306.345,38.120,28.630,546,1,579,489,54.112,45.701,473,44.206
4032,4032,134.400,407.822,306.414,38.114,28.637,539,1,579,489,54.112,45.701,473,44.206
4033,4033,134.433,407.856,306.339,38.117,28.630,541,1,579,489,54.112,45.701,473,44.206
4034,4034,134.467,407.832,306.303,38.115,28.626,545,1,579,489,54.112,45.701,473,44.206
4035,4035,134.500,408.043,306.031,38.135,28.601,543,1,579,489,54.112,45.701,473,44.206
4036,4036,134.533,408.023,306.060,38.133,28.604,552,1,579,489,54.112,45.701,473,44.206
4037,4037,134.567,408.029,306.085,38.134,28.606,549,1,579,489,54.112,45.701,473,44.206
4038,4038,134.600,408.008,306.129,38.132,28.610,550,1,579,489,54.112,45.701,473,44.206
4039,4039,134.633,407.980,306.090,38.129,28.607,545,1,579,489,54.112,45.701,473,44.206
4040,4040,134.667,407.767,306.415,38.109,28.637,536,1,579,489,54.112,45.701,473,44.206
4041,4041,134.700,407.883,306.306,38.120,28.627,541,1,579,489,54.112,45.701,473,44.206
4042,4042,134.733,407.770,306.393,38.109,28.635,540,1,579,489,54.112,45.701,473,44.206
4043,4043,134.767,407.910,306.077,38.122,28.605,549,1,579,489,54.112,45.701,473,44.206
4044,4044,134.800,407.988,306.094,38.130,28.607,546,1,579,489,54.112,45.701,473,44.206
4045,4045,134.833,407.917,306.125,38.123,28.610,543,1,579,489,54.112,45.701,473,44.206
4046,4046,134.867,407.869,306.248,38.119,28.621,544,1,579,489,54.112,45.701,473,44.206
4047,4047,134.900,407.864,306.316,38.118,28.628,547,1,579,489,54.112,45.701,473,44.206
4048,4048,134.933,407.904,306.303,38.122,28.626,543,1,579,489,54.112,45.701,473,44.206
4049,4049,134.967,407.667,306.579,38.100,28.652,534,1,579,489,54.112,45.701,473,44.206
4050,4050,135.000,407.616,306.534,38.095,28.648,535,1,579,489,54.112,45.701,473,44.206
4051,4051,135.033,407.394,306.859,38.074,28.678,525,1,579,489,54.112,45.701,473,44.206
4052,4052,135.067,407.303,307.053,38.066,28.697,519,1,579,489,54.112,45.701,473,44.206
4053,4053,135.100,407.066,307.404,38.044,28.729,514,1,579,489,54.112,45.701,473,44.206
4054,4054,135.133,407.026,307.438,38.040,28.733,515,1,579,489,54.112,45.701,473,44.206
4055,4055,135.167,406.962,307.474,38.034,28.736,501,1,579,489,54.112,45.701,473,44.206
4056,4056,135.200,407.203,307.105,38.056,28.701,505,1,579,489,54.112,45.701,473,44.206
4057,4057,135.233,407.108,307.223,38.047,28.712,502,1,579,489,54.112,45.701,473,44.206
4058,4058,135.267,407.063,307.238,38.043,28.714,498,1,579,489,54.112,45.701,473,44.206
4059,4059,135.300,406.785,307.528,38.017,28.741,492,1,579,489,54.112,45.701,473,44.206
4060,4060,135.333,406.694,307.659,38.009,28.753,492,1,579,489,54.112,45.701,473,44.206
4061,4061,135.367,406.324,308.125,37.974,28.797,476,1,579,489,54.112,45.701,473,44.206
4062,4062,135.400,406.134,308.531,37.956,28.835,467,1,579,489,54.112,45.701,473,44.206
4063,4063,135.433,406.009,308.794,37.945,28.859,460,1,579,489,54.112,45.701,473,44.206
4064,4064,135.467,405.957,308.967,37.940,28.875,455,1,579,489,54.112,45.701,473,44.206
4065,4065,135.500,406.028,309.013,37.947,28.880,464,1,579,489,54.112,45.701,473,44.206
4066,4066,135.533,405.978,309.174,37.942,28.895,466,1,579,489,54.112,45.701,473,44.206
4067,4067,135.567,405.852,309.222,37.930,28.899,461,1,579,489,54.112,45.701,473,44.206
4068,4068,135.600,405.834,309.302,37.928,28.907,465,1,579,489,54.112,45.701,473,44.206
4069,4069,135.633,405.937,309.182,37.938,28.896,464,1,579,489,54.112,45.701,473,44.206
4070,4070,135.667,405.871,309.325,37.932,28.909,468,1,579,489,54.112,45.701,473,44.206
4071,4071,135.700,405.715,309.416,37.917,28.917,466,1,579,489,54.112,45.701,473,44.206
4072,4072,135.733,405.624,309.513,37.909,28.926,464,1,579,489,54.112,45.701,473,44.206
4073,4073,135.767,405.563,309.580,37.903,28.933,458,1,579,489,54.112,45.701,473,44.206
4074,4074,135.800,405.502,309.522,37.897,28.927,458,1,579,489,54.112,45.701,473,44.206
4075,4075,135.833,405.582,309.119,37.905,28.890,472,1,579,489,54.112,45.701,473,44.206
4076,4076,135.867,405.524,309.122,37.899,28.890,475,1,579,489,54.112,45.701,473,44.206
4077,4077,135.900,405.484,309.106,37.896,28.888,472,1,579,489,54.112,45.701,473,44.206
4078,4078,135.933,405.371,309.123,37.885,28.890,469,1,579,489,54.112,45.701,473,44.206
4079,4079,135.967,405.329,309.359,37.881,28.912,467,1,579,489,54.112,45.701,473,44.206
4080,4080,136.000,405.343,309.253,37.882,28.902,463,1,579,489,54.112,45.701,473,44.206
4081,4081,136.033,405.244,309.593,37.873,28.934,462,1,579,489,54.112,45.701,473,44.206
4082,4082,136.067,405.265,309.449,37.875,28.920,459,1,579,489,54.112,45.701,473,44.206
4083,4083,136.100,405.265,309.535,37.875,28.929,461,1,579,489,54.112,45.701,473,44.206
4084,4084,136.133,405.237,309.548,37.873,28.930,462,1,579,489,54.112,45.701,473,44.206
4085,4085,136.167,405.190,309.407,37.868,28.917,470,1,579,489,54.112,45.701,473,44.206
4086,4086,136.200,405.081,309.417,37.858,28.917,468,1,579,489,54.112,45.701,473,44.206
4087,4087,136.233,405.102,309.347,37.860,28.911,471,1,579,489,54.112,45.701,473,44.206
4088,4088,136.267,405.116,309.087,37.861,28.887,470,1,579,489,54.112,45.701,473,44.206
4089,4089,136.300,405.140,308.629,37.864,28.844,481,1,579,489,54.112,45.701,473,44.206
4090,4090,136.333,405.170,308.545,37.866,28.836,481,1,579,489,54.112,45.701,473,44.206
4091,4091,136.367,405.127,308.472,37.862,28.829,483,1,579,489,54.112,45.701,473,44.206
4092,4092,136.400,405.109,308.517,37.861,28.833,479,1,579,489,54.112,45.701,473,44.206
4093,4093,136.433,405.148,308.353,37.864,28.818,480,1,579,489,54.112,45.701,473,44.206
4094,4094,136.467,405.206,307.772,37.870,28.764,505,1,579,489,54.112,45.701,473,44.206
4095,4095,136.500,405.197,308.010,37.869,28.786,495,1,579,489,54.112,45.701,473,44.206
4096,4096,136.533,405.220,308.018,37.871,28.787,496,1,579,489,54.112,45.701,473,44.206
4097,4097,136.567,405.209,307.955,37.870,28.781,492,1,579,489,54.112,45.701,473,44.206
4098,4098,136.600,405.291,307.888,37.878,28.775,489,1,579,489,54.112,45.701,473,44.206
4099,4099,136.633,405.365,307.842,37.885,28.770,482,1,579,489,54.112,45.701,473,44.206
4100,4100,136.667,405.466,307.557,37.894,28.744,485,1,579,489,54.112,45.701,473,44.206
4101,4101,136.700,405.439,307.079,37.891,28.699,486,1,579,489,54.112,45.701,473,44.206
4102,4102,136.733,405.596,306.880,37.906,28.680,479,1,579,489,54.112,45.701,473,44.206
4103,4103,136.767,405.683,306.853,37.914,28.678,473,1,579,489,54.112,45.701,473,44.206
4104,4104,136.800,405.751,306.667,37.921,28.661,464,1,579,489,54.112,45.701,473,44.206
4105,4105,136.833,405.788,306.450,37.924,28.640,460,1,579,489,54.112,45.701,473,44.206
4106,4106,136.867,405.871,306.127,37.932,28.610,459,1,579,489,54.112,45.701,473,44.206
4107,4107,136.900,405.967,305.662,37.941,28.567,462,1,579,489,54.112,45.701,473,44.206
4108,4108,136.933,406.127,305.125,37.956,28.516,445,1,579,489,54.112,45.701,473,44.206
4109,4109,136.967,406.184,304.995,37.961,28.504,431,1,579,489,54.112,45.701,473,44.206
4110,4110,137.000,406.225,304.879,37.965,28.493,431,1,579,489,54.112,45.701,473,44.206
4111,4111,137.033,406.338,304.608,37.976,28.468,426,1,579,489,54.112,45.701,473,44.206
4112,4112,137.067,406.299,304.843,37.972,28.490,426,1,579,489,54.112,45.701,473,44.206
4113,4113,137.100,406.349,304.722,37.977,28.479,427,1,579,489,54.112,45.701,473,44.206
4114,4114,137.133,406.560,304.678,37.996,28.475,423,1,579,489,54.112,45.701,473,44.206
4115,4115,137.167,406.551,304.885,37.995,28.494,426,1,579,489,54.112,45.701,473,44.206
4116,4116,137.200,406.712,304.890,38.010,28.494,430,1,579,489,54.112,45.701,473,44.206
4117,4117,137.233,406.660,304.978,38.006,28.503,426,1,579,489,54.112,45.701,473,44.206
4118,4118,137.267,406.744,305.243,38.013,28.527,421,1,579,489,54.112,45.701,473,44.206
4119,4119,137.300,406.742,304.951,38.013,28.500,431,1,579,489,54.112,45.701,473,44.206
4120,4120,137.333,406.596,305.005,38.000,28.505,426,1,579,489,54.112,45.701,473,44.206
4121,4121,137.367,406.645,305.106,38.004,28.515,423,1,579,489,54.112,45.701,473,44.206
4122,4122,137.400,406.544,304.868,37.995,28.492,431,1,579,489,54.112,45.701,473,44.206
4123,4123,137.433,406.551,304.760,37.995,28.482,434,1,579,489,54.112,45.701,473,44.206
4124,4124,137.467,406.407,304.648,37.982,28.472,434,1,579,489,54.112,45.701,473,44.206
4125,4125,137.500,406.412,304.438,37.982,28.452,436,1,579,489,54.112,45.701,473,44.206
4126,4126,137.533,406.355,304.259,37.977,28.435,440,1,579,489,54.112,45.701,473,44.206
4127,4127,137.567,406.233,304.300,37.966,28.439,438,1,579,489,54.112,45.701,473,44.206
4128,4128,137.600,406.198,304.025,37.962,28.414,449,1,579,489,54.112,45.701,473,44.206
4129,4129,137.633,406.242,303.796,37.967,28.392,439,1,579,489,54.112,45.701,473,44.206
4130,4130,137.667,406.303,303.545,37.972,28.369,439,1,579,489,54.112,45.701,473,44.206
4131,4131,137.700,406.228,303.460,37.965,28.361,451,1,579,489,54.112,45.701,473,44.206
4132,4132,137.733,406.192,303.308,37.962,28.347,446,1,579,489,54.112,45.701,473,44.206
4133,4133,137.767,406.225,303.234,37.965,28.340,445,1,579,489,54.112,45.701,473,44.206
4134,4134,137.800,406.276,302.952,37.970,28.313,454,1,579,489,54.112,45.701,473,44.206
4135,4135,137.833,406.294,303.082,37.971,28.325,461,1,579,489,54.112,45.701,473,44.206
4136,4136,137.867,406.211,302.890,37.964,28.307,468,1,579,489,54.112,45.701,473,44.206
4137,4137,137.900,406.245,302.868,37.967,28.305,470,1,579,489,54.112,45.701,473,44.206
4138,4138,137.933,406.264,302.568,37.969,28.277,477,1,579,489,54.112,45.701,473,44.206
4139,4139,137.967,406.243,302.414,37.967,28.263,474,1,579,489,54.112,45.701,473,44.206
4140,4140,138.000,406.236,302.403,37.966,28.262,474,1,579,489,54.112,45.701,473,44.206
4141,4141,138.033,406.137,302.040,37.957,28.228,471,1,579,489,54.112,45.701,473,44.206
4142,4142,138.067,406.094,302.135,37.953,28.237,476,1,579,489,54.112,45.701,473,44.206
4143,4143,138.100,406.114,301.795,37.955,28.205,482,1,579,489,54.112,45.701,473,44.206
4144,4144,138.133,406.144,301.751,37.957,28.201,484,1,579,489,54.112,45.701,473,44.206
4145,4145,138.167,406.152,301.848,37.958,28.210,488,1,579,489,54.112,45.701,473,44.206
4146,4146,138.200,406.135,301.747,37.957,28.201,488,1,579,489,54.112,45.701,473,44.206
4147,4147,138.233,406.178,301.713,37.961,28.197,486,1,579,489,54.112,45.701,473,44.206
4148,4148,138.267,406.188,301.691,37.961,28.195,486,1,579,489,54.112,45.701,473,44.206
4149,4149,138.300,406.276,301.171,37.970,28.147,495,1,579,489,54.112,45.701,473,44.206
4150,4150,138.333,406.255,301.029,37.968,28.134,497,1,579,489,54.112,45.701,473,44.206
4151,4151,138.367,406.140,300.690,37.957,28.102,499,1,579,489,54.112,45.701,473,44.206
4152,4152,138.400,406.148,300.654,37.958,28.098,499,1,579,489,54.112,45.701,473,44.206
4153,4153,138.433,406.165,300.833,37.959,28.115,504,1,579,489,54.112,45.701,473,44.206
4154,4154,138.467,406.155,300.711,37.958,28.104,503,1,579,489,54.112,45.701,473,44.206
4155,4155,138.500,406.194,300.875,37.962,28.119,502,1,579,489,54.112,45.701,473,44.206
4156,4156,138.533,406.204,300.660,37.963,28.099,501,1,579,489,54.112,45.701,473,44.206
4157,4157,138.567,406.228,300.967,37.965,28.128,508,1,579,489,54.112,45.701,473,44.206
4158,4158,138.600,406.199,300.847,37.962,28.117,502,1,579,489,54.112,45.701,473,44.206
4159,4159,138.633,406.191,300.826,37.962,28.115,499,1,579,489,54.112,45.701,473,44.206
4160,4160,138.667,406.165,300.920,37.959,28.123,495,1,579,489,54.112,45.701,473,44.206
4161,4161,138.700,406.170,300.895,37.960,28.121,494,1,579,489,54.112,45.701,473,44.206
4162,4162,138.733,406.220,300.607,37.964,28.094,490,1,579,489,54.112,45.701,473,44.206
4163,4163,138.767,406.260,300.801,37.968,28.112,492,1,579,489,54.112,45.701,473,44.206
4164,4164,138.800,406.200,300.711,37.963,28.104,499,1,579,489,54.112,45.701,473,44.206
4165,4165,138.833,406.227,300.629,37.965,28.096,496,1,579,489,54.112,45.701,473,44.206
4166,4166,138.867,406.019,300.052,37.946,28.042,519,1,579,489,54.112,45.701,473,44.206
4167,4167,138.900,406.053,300.005,37.949,28.038,516,1,579,489,54.112,45.701,473,44.206
4168,4168,138.933,406.039,299.855,37.948,28.024,511,1,579,489,54.112,45.701,473,44.206
4169,4169,138.967,406.035,299.813,37.947,28.020,509,1,579,489,54.112,45.701,473,44.206
4170,4170,139.000,406.077,299.974,37.951,28.035,503,1,579,489,54.112,45.701,473,44.206
4171,4171,139.033,406.137,299.931,37.957,28.031,505,1,579,489,54.112,45.701,473,44.206
4172,4172,139.067,406.208,299.609,37.963,28.001,498,1,579,489,54.112,45.701,473,44.206
4173,4173,139.100,406.226,299.407,37.965,27.982,498,1,579,489,54.112,45.701,473,44.206
4174,4174,139.133,406.230,299.401,37.965,27.981,498,1,579,489,54.112,45.701,473,44.206
4175,4175,139.167,406.289,299.249,37.971,27.967,498,1,579,489,54.112,45.701,473,44.206
4176,4176,139.200,406.261,298.976,37.968,27.942,498,1,579,489,54.112,45.701,473,44.206
4177,4177,139.233,406.264,298.838,37.969,27.929,503,1,579,489,54.112,45.701,473,44.206
4178,4178,139.267,406.352,298.843,37.977,27.929,502,1,579,489,54.112,45.701,473,44.206
4179,4179,139.300,406.416,298.258,37.983,27.875,484,1,579,489,54.112,45.701,473,44.206
4180,4180,139.333,406.521,297.969,37.993,27.848,474,1,579,489,54.112,45.701,473,44.206
4181,4181,139.367,406.416,297.719,37.983,27.824,460,1,579,489,54.112,45.701,473,44.206
4182,4182,139.400,406.539,297.167,37.994,27.773,451,1,579,489,54.112,45.701,473,44.206
4183,4183,139.433,406.528,296.613,37.993,27.721,430,1,579,489,54.112,45.701,473,44.206
4184,4184,139.467,406.483,296.251,37.989,27.687,426,1,579,489,54.112,45.701,473,44.206
4185,4185,139.500,406.605,296.432,38.000,27.704,430,1,579,489,54.112,45.701,473,44.206
4186,4186,139.533,406.672,296.312,38.007,27.693,419,1,579,489,54.112,45.701,473,44.206
4187,4187,139.567,406.772,296.287,38.016,27.690,423,1,579,489,54.112,45.701,473,44.206
4188,4188,139.600,407.041,296.421,38.041,27.703,426,1,579,489,54.112,45.701,473,44.206
4189,4189,139.633,407.092,296.755,38.046,27.734,434,1,579,489,54.112,45.701,473,44.206
4190,4190,139.667,407.099,296.744,38.047,27.733,432,1,579,489,54.112,45.701,473,44.206
4191,4191,139.700,407.152,296.936,38.052,27.751,428,1,579,489,54.112,45.701,473,44.206
4192,4192,139.733,407.137,296.669,38.050,27.726,423,1,579,489,54.112,45.701,473,44.206
4193,4193,139.767,407.027,296.805,38.040,27.739,427,1,579,489,54.112,45.701,473,44.206
4194,4194,139.800,406.964,296.834,38.034,27.742,430,1,579,489,54.112,45.701,473,44.206
4195,4195,139.833,406.980,296.806,38.035,27.739,429,1,579,489,54.112,45.701,473,44.206
4196,4196,139.867,406.775,296.337,38.016,27.695,437,1,579,489,54.112,45.701,473,44.206
4197,4197,139.900,406.684,296.125,38.008,27.675,452,1,579,489,54.112,45.701,473,44.206
4198,4198,139.933,406.584,295.667,37.999,27.632,450,1,579,489,54.112,45.701,473,44.206
4199,4199,139.967,406.543,295.246,37.995,27.593,456,1,579,489,54.112,45.701,473,44.206
4200,4200,140.000,406.455,295.141,37.986,27.583,458,1,579,489,54.112,45.701,473,44.206
4201,4201,140.033,406.212,294.670,37.964,27.539,473,1,579,489,54.112,45.701,473,44.206
4202,4202,140.067,406.141,294.240,37.957,27.499,477,1,579,489,54.112,45.701,473,44.206
4203,4203,140.100,406.075,293.919,37.951,27.469,479,1,579,489,54.112,45.701,473,44.206
4204,4204,140.133,406.021,293.701,37.946,27.449,478,1,579,489,54.112,45.701,473,44.206
4205,4205,140.167,405.971,293.518,37.941,27.432,482,1,579,489,54.112,45.701,473,44.206
4206,4206,140.200,405.933,293.361,37.938,27.417,485,1,579,489,54.112,45.701,473,44.206
4207,4207,140.233,405.898,293.257,37.934,27.407,488,1,579,489,54.112,45.701,473,44.206
4208,4208,140.267,405.782,292.973,37.924,27.381,496,1,579,489,54.112,45.701,473,44.206
4209,4209,140.300,405.659,292.646,37.912,27.350,507,1,579,489,54.112,45.701,473,44.206
4210,4210,140.333,405.628,292.501,37.909,27.337,491,1,579,489,54.112,45.701,473,44.206
4211,4211,140.367,405.508,292.194,37.898,27.308,494,1,579,489,54.112,45.701,473,44.206
4212,4212,140.400,405.473,291.806,37.895,27.272,494,1,579,489,54.112,45.701,473,44.206
4213,4213,140.433,405.549,292.026,37.902,27.292,488,1,579,489,54.112,45.701,473,44.206
4214,4214,140.467,405.443,291.627,37.892,27.255,487,1,579,489,54.112,45.701,473,44.206
4215,4215,140.500,405.455,291.393,37.893,27.233,482,1,579,489,54.112,45.701,473,44.206
4216,4216,140.533,405.206,290.725,37.870,27.171,490,1,579,489,54.112,45.701,473,44.206
4217,4217,140.567,405.235,290.616,37.872,27.160,475,1,579,489,54.112,45.701,473,44.206
4218,4218,140.600,404.935,289.924,37.844,27.096,472,1,579,489,54.112,45.701,473,44.206
4219,4219,140.633,404.940,289.778,37.845,27.082,469,1,579,489,54.112,45.701,473,44.206
4220,4220,140.667,404.905,289.413,37.842,27.048,460,1,579,489,54.112,45.701,473,44.206
4221,4221,140.700,404.926,288.995,37.844,27.009,458,1,579,489,54.112,45.701,473,44.206
4222,4222,140.733,404.748,288.388,37.827,26.952,443,1,579,489,54.112,45.701,473,44.206
4223,4223,140.767,404.720,288.202,37.824,26.935,440,1,579,489,54.112,45.701,473,44.206
4224,4224,140.800,404.616,288.021,37.815,26.918,436,1,579,489,54.112,45.701,473,44.206
4225,4225,140.833,404.867,288.158,37.838,26.931,426,1,579,489,54.112,45.701,473,44.206
4226,4226,140.867,405.091,288.363,37.859,26.950,421,1,579,489,54.112,45.701,473,44.206
4227,4227,140.900,405.181,288.328,37.867,26.947,424,1,579,489,54.112,45.701,473,44.206
4228,4228,140.933,405.223,288.215,37.871,26.936,428,1,579,489,54.112,45.701,473,44.206
4229,4229,140.967,405.241,288.221,37.873,26.937,430,1,579,489,54.112,45.701,473,44.206
4230,4230,141.000,405.088,287.992,37.859,26.915,433,1,579,489,54.112,45.701,473,44.206
4231,4231,141.033,405.152,288.088,37.865,26.924,433,1,579,489,54.112,45.701,473,44.206
4232,4232,141.067,405.339,288.295,37.882,26.943,419,1,579,489,54.112,45.701,473,44.206
4233,4233,141.100,405.281,288.290,37.877,26.943,424,1,579,489,54.112,45.701,473,44.206
4234,4234,141.133,405.318,288.385,37.880,26.952,425,1,579,489,54.112,45.701,473,44.206
4235,4235,141.167,405.265,288.265,37.875,26.941,435,1,579,489,54.112,45.701,473,44.206
4236,4236,141.200,405.304,288.447,37.879,26.958,431,1,579,489,54.112,45.701,473,44.206
4237,4237,141.233,405.247,288.411,37.874,26.954,430,1,579,489,54.112,45.701,473,44.206
4238,4238,141.267,405.007,287.657,37.851,26.884,431,1,579,489,54.112,45.701,473,44.206
4239,4239,141.300,404.926,287.414,37.844,26.861,436,1,579,489,54.112,45.701,473,44.206
4240,4240,141.333,404.791,287.168,37.831,26.838,441,1,579,489,54.112,45.701,473,44.206
4241,4241,141.367,404.664,286.946,37.819,26.817,450,1,579,489,54.112,45.701,473,44.206
4242,4242,141.400,404.529,286.504,37.806,26.776,457,1,579,489,54.112,45.701,473,44.206
4243,4243,141.433,404.440,286.224,37.798,26.750,466,1,579,489,54.112,45.701,473,44.206
4244,4244,141.467,404.173,285.674,37.773,26.699,481,1,579,489,54.112,45.701,473,44.206
4245,4245,141.500,404.143,285.661,37.770,26.697,481,1,579,489,54.112,45.701,473,44.206
4246,4246,141.533,404.055,285.406,37.762,26.673,480,1,579,489,54.112,45.701,473,44.206
4247,4247,141.567,403.925,285.179,37.750,26.652,474,1,579,489,54.112,45.701,473,44.206
4248,4248,141.600,403.795,284.990,37.738,26.635,484,1,579,489,54.112,45.701,473,44.206
4249,4249,141.633,403.795,284.985,37.738,26.634,478,1,579,489,54.112,45.701,473,44.206
4250,4250,141.667,403.601,284.819,37.720,26.619,480,1,579,489,54.112,45.701,473,44.206
4251,4251,141.700,403.578,284.736,37.718,26.611,478,1,579,489,54.112,45.701,473,44.206
4252,4252,141.733,403.545,284.472,37.714,26.586,481,1,579,489,54.112,45.701,473,44.206
4253,4253,141.767,403.500,284.417,37.710,26.581,487,1,579,489,54.112,45.701,473,44.206
4254,4254,141.800,403.502,284.466,37.710,26.586,489,1,579,489,54.112,45.701,473,44.206
4255,4255,141.833,403.268,283.846,37.689,26.528,472,1,579,489,54.112,45.701,473,44.206
4256,4256,141.867,403.241,283.777,37.686,26.521,475,1,579,489,54.112,45.701,473,44.206
4257,4257,141.900,403.237,283.859,37.686,26.529,497,1,579,489,54.112,45.701,473,44.206
4258,4258,141.933,403.296,283.840,37.691,26.527,496,1,579,489,54.112,45.701,473,44.206
4259,4259,141.967,403.130,283.458,37.676,26.491,491,1,579,489,54.112,45.701,473,44.206
4260,4260,142.000,403.200,283.610,37.682,26.506,496,1,579,489,54.112,45.701,473,44.206
4261,4261,142.033,403.078,283.632,37.671,26.508,481,1,579,489,54.112,45.701,473,44.206
4262,4262,142.067,403.095,283.421,37.672,26.488,479,1,579,489,54.112,45.701,473,44.206
4263,4263,142.100,403.024,283.252,37.666,26.472,474,1,579,489,54.112,45.701,473,44.206
4264,4264,142.133,402.735,282.644,37.639,26.415,470,1,579,489,54.112,45.701,473,44.206
4265,4265,142.167,402.727,282.329,37.638,26.386,465,1,579,489,54.112,45.701,473,44.206
4266,4266,142.200,402.603,282.011,37.626,26.356,458,1,579,489,54.112,45.701,473,44.206
4267,4267,142.233,402.472,281.733,37.614,26.330,442,1,579,489,54.112,45.701,473,44.206
4268,4268,142.267,402.307,281.376,37.599,26.297,433,1,579,489,54.112,45.701,473,44.206
4269,4269,142.300,402.185,281.028,37.587,26.264,431,1,579,489,54.112,45.701,473,44.206
4270,4270,142.333,402.112,280.886,37.581,26.251,423,1,579,489,54.112,45.701,473,44.206
4271,4271,142.367,402.149,280.883,37.584,26.251,418,1,579,489,54.112,45.701,473,44.206
4272,4272,142.400,402.108,280.736,37.580,26.237,420,1,579,489,54.112,45.701,473,44.206
4273,4273,142.433,402.157,280.783,37.585,26.241,410,1,579,489,54.112,45.701,473,44.206
4274,4274,142.467,402.175,280.802,37.586,26.243,412,1,579,489,54.112,45.701,473,44.206
4275,4275,142.500,402.310,280.546,37.599,26.219,399,1,579,489,54.112,45.701,473,44.206
4276,4276,142.533,402.273,280.458,37.596,26.211,396,1,579,489,54.112,45.701,473,44.206
4277,4277,142.567,402.377,280.873,37.605,26.250,403,1,579,489,54.112,45.701,473,44.206
4278,4278,142.600,402.187,280.740,37.588,26.237,406,1,579,489,54.112,45.701,473,44.206
4279,4279,142.633,402.261,280.906,37.594,26.253,402,1,579,489,54.112,45.701,473,44.206
4280,4280,142.667,402.213,281.091,37.590,26.270,396,1,579,489,54.112,45.701,473,44.206
4281,4281,142.700,402.227,280.994,37.591,26.261,401,1,579,489,54.112,45.701,473,44.206
4282,4282,142.733,401.838,280.560,37.555,26.221,419,1,579,489,54.112,45.701,473,44.206
4283,4283,142.767,401.758,280.416,37.548,26.207,418,1,579,489,54.112,45.701,473,44.206
4284,4284,142.800,401.749,280.254,37.547,26.192,415,1,579,489,54.112,45.701,473,44.206
4285,4285,142.833,401.623,280.119,37.535,26.179,423,1,579,489,54.112,45.701,473,44.206
4286,4286,142.867,401.550,279.985,37.528,26.167,428,1,579,489,54.112,45.701,473,44.206
4287,4287,142.900,401.468,279.652,37.520,26.136,431,1,579,489,54.112,45.701,473,44.206
4288,4288,142.933,401.439,279.515,37.518,26.123,434,1,579,489,54.112,45.701,473,44.206
4289,4289,142.967,401.455,279.417,37.519,26.114,430,1,579,489,54.112,45.701,473,44.206
4290,4290,143.000,401.448,279.596,37.519,26.130,438,1,579,489,54.112,45.701,473,44.206
4291,4291,143.033,401.291,279.140,37.504,26.088,436,1,579,489,54.112,45.701,473,44.206
4292,4292,143.067,401.178,278.851,37.493,26.061,439,1,579,489,54.112,45.701,473,44.206
4293,4293,143.100,401.078,278.589,37.484,26.036,456,1,579,489,54.112,45.701,473,44.206
4294,4294,143.133,400.848,278.151,37.462,25.995,463,1,579,489,54.112,45.701,473,44.206
4295,4295,143.167,400.373,277.263,37.418,25.912,480,1,579,489,54.112,45.701,473,44.206
4296,4296,143.200,400.125,276.732,37.395,25.863,491,1,579,489,54.112,45.701,473,44.206
4297,4297,143.233,399.800,276.083,37.365,25.802,507,1,579,489,54.112,45.701,473,44.206
4298,4298,143.267,399.629,275.869,37.348,25.782,511,1,579,489,54.112,45.701,473,44.206
4299,4299,143.300,399.400,275.273,37.327,25.726,520,1,579,489,54.112,45.701,473,44.206
4300,4300,143.333,399.238,274.935,37.312,25.695,523,1,579,489,54.112,45.701,473,44.206
4301,4301,143.367,399.303,275.162,37.318,25.716,530,1,579,489,54.112,45.701,473,44.206
4302,4302,143.400,399.327,275.221,37.320,25.722,529,1,579,489,54.112,45.701,473,44.206
4303,4303,143.433,399.456,275.322,37.332,25.731,523,1,579,489,54.112,45.701,473,44.206
4304,4304,143.467,399.366,275.109,37.324,25.711,506,1,579,489,54.112,45.701,473,44.206
4305,4305,143.500,399.491,275.345,37.336,25.733,505,1,579,489,54.112,45.701,473,44.206
4306,4306,143.533,399.566,275.594,37.343,25.756,508,1,579,489,54.112,45.701,473,44.206
4307,4307,143.567,399.585,275.746,37.344,25.771,511,1,579,489,54.112,45.701,473,44.206
4308,4308,143.600,399.445,275.332,37.331,25.732,509,1,579,489,54.112,45.701,473,44.206
4309,4309,143.633,399.622,275.621,37.348,25.759,500,1,579,489,54.112,45.701,473,44.206
4310,4310,143.667,399.730,275.709,37.358,25.767,507,1,579,489,54.112,45.701,473,44.206
4311,4311,143.700,399.498,275.529,37.336,25.750,512,1,579,489,54.112,45.701,473,44.206
4312,4312,143.733,399.558,275.605,37.342,25.758,511,1,579,489,54.112,45.701,473,44.206
4313,4313,143.767,399.561,275.561,37.342,25.753,505,1,579,489,54.112,45.701,473,44.206
4314,4314,143.800,399.725,275.895,37.358,25.785,513,1,579,489,54.112,45.701,473,44.206
4315,4315,143.833,399.624,275.733,37.348,25.769,505,1,579,489,54.112,45.701,473,44.206
4316,4316,143.867,399.561,275.561,37.342,25.753,498,1,579,489,54.112,45.701,473,44.206
4317,4317,143.900,399.478,275.540,37.334,25.751,503,1,579,489,54.112,45.701,473,44.206
4318,4318,143.933,399.304,275.167,37.318,25.717,502,1,579,489,54.112,45.701,473,44.206
4319,4319,143.967,399.102,274.746,37.299,25.677,502,1,579,489,54.112,45.701,473,44.206
4320,4320,144.000,398.976,274.390,37.288,25.644,495,1,579,489,54.112,45.701,473,44.206
4321,4321,144.033,399.005,274.554,37.290,25.659,467,1,579,489,54.112,45.701,473,44.206
4322,4322,144.067,398.710,273.788,37.263,25.588,456,1,579,489,54.112,45.701,473,44.206
4323,4323,144.100,398.792,273.851,37.270,25.594,446,1,579,489,54.112,45.701,473,44.206
4324,4324,144.133,398.424,273.187,37.236,25.531,444,1,579,489,54.112,45.701,473,44.206
4325,4325,144.167,398.284,272.961,37.223,25.510,436,1,579,489,54.112,45.701,473,44.206
4326,4326,144.200,398.078,272.717,37.204,25.488,436,1,579,489,54.112,45.701,473,44.206
4327,4327,144.233,398.151,272.747,37.210,25.490,435,1,579,489,54.112,45.701,473,44.206
4328,4328,144.267,397.970,272.641,37.193,25.480,429,1,579,489,54.112,45.701,473,44.206
4329,4329,144.300,397.920,272.478,37.189,25.465,431,1,579,489,54.112,45.701,473,44.206
4330,4330,144.333,397.936,272.362,37.190,25.454,422,1,579,489,54.112,45.701,473,44.206
4331,4331,144.367,397.935,272.483,37.190,25.466,418,1,579,489,54.112,45.701,473,44.206
4332,4332,144.400,398.062,272.527,37.202,25.470,417,1,579,489,54.112,45.701,473,44.206
4333,4333,144.433,397.844,272.273,37.182,25.446,409,1,579,489,54.112,45.701,473,44.206
4334,4334,144.467,397.950,272.447,37.192,25.462,415,1,579,489,54.112,45.701,473,44.206
4335,4335,144.500,398.007,272.591,37.197,25.476,422,1,579,489,54.112,45.701,473,44.206
4336,4336,144.533,398.001,272.713,37.196,25.487,427,1,579,489,54.112,45.701,473,44.206
4337,4337,144.567,397.910,272.656,37.188,25.482,424,1,579,489,54.112,45.701,473,44.206
4338,4338,144.600,397.864,272.399,37.184,25.458,427,1,579,489,54.112,45.701,473,44.206
4339,4339,144.633,397.778,272.293,37.176,25.448,426,1,579,489,54.112,45.701,473,44.206
4340,4340,144.667,397.789,272.413,37.177,25.459,429,1,579,489,54.112,45.701,473,44.206
4341,4341,144.700,397.700,272.390,37.168,25.457,430,1,579,489,54.112,45.701,473,44.206
4342,4342,144.733,397.491,271.828,37.149,25.404,435,1,579,489,54.112,45.701,473,44.206
4343,4343,144.767,397.454,271.810,37.145,25.403,434,1,579,489,54.112,45.701,473,44.206
4344,4344,144.800,397.109,271.191,37.113,25.345,446,1,579,489,54.112,45.701,473,44.206
4345,4345,144.833,397.054,271.138,37.108,25.340,448,1,579,489,54.112,45.701,473,44.206
4346,4346,144.867,396.994,271.016,37.102,25.329,449,1,579,489,54.112,45.701,473,44.206
4347,4347,144.900,396.679,270.560,37.073,25.286,460,1,579,489,54.112,45.701,473,44.206
4348,4348,144.933,396.634,270.360,37.069,25.267,466,1,579,489,54.112,45.701,473,44.206
4349,4349,144.967,396.516,270.082,37.058,25.241,472,1,579,489,54.112,45.701,473,44.206
4350,4350,145.000,396.617,270.178,37.067,25.250,472,1,579,489,54.112,45.701,473,44.206
4351,4351,145.033,396.596,270.229,37.065,25.255,482,1,579,489,54.112,45.701,473,44.206
4352,4352,145.067,396.586,270.056,37.064,25.239,478,1,579,489,54.112,45.701,473,44.206
4353,4353,145.100,396.543,269.841,37.060,25.219,482,1,579,489,54.112,45.701,473,44.206
4354,4354,145.133,396.461,269.484,37.052,25.185,489,1,579,489,54.112,45.701,473,44.206
4355,4355,145.167,396.251,269.084,37.033,25.148,497,1,579,489,54.112,45.701,473,44.206
4356,4356,145.200,396.191,268.960,37.027,25.136,497,1,579,489,54.112,45.701,473,44.206
4357,4357,145.233,396.145,268.867,37.023,25.128,503,1,579,489,54.112,45.701,473,44.206
4358,4358,145.267,396.316,269.024,37.039,25.142,506,1,579,489,54.112,45.701,473,44.206
4359,4359,145.300,396.362,268.863,37.043,25.127,492,1,579,489,54.112,45.701,473,44.206
4360,4360,145.333,396.259,268.982,37.034,25.139,502,1,579,489,54.112,45.701,473,44.206
4361,4361,145.367,396.330,268.909,37.040,25.132,502,1,579,489,54.112,45.701,473,44.206
4362,4362,145.400,396.215,268.804,37.029,25.122,498,1,579,489,54.112,45.701,473,44.206
4363,4363,145.433,396.268,268.900,37.034,25.131,498,1,579,489,54.112,45.701,473,44.206
4364,4364,145.467,396.437,269.202,37.050,25.159,483,1,579,489,54.112,45.701,473,44.206
4365,4365,145.500,396.559,269.393,37.062,25.177,484,1,579,489,54.112,45.701,473,44.206
4366,4366,145.533,396.478,269.249,37.054,25.163,490,1,579,489,54.112,45.701,473,44.206
4367,4367,145.567,396.426,269.132,37.049,25.152,494,1,579,489,54.112,45.701,473,44.206
4368,4368,145.600,396.326,268.992,37.040,25.139,500,1,579,489,54.112,45.701,473,44.206
4369,4369,145.633,396.309,269.039,37.038,25.144,491,1,579,489,54.112,45.701,473,44.206
4370,4370,145.667,396.242,268.961,37.032,25.137,492,1,579,489,54.112,45.701,473,44.206
4371,4371,145.700,396.313,269.003,37.039,25.140,496,1,579,489,54.112,45.701,473,44.206
4372,4372,145.733,396.186,268.735,37.027,25.115,491,1,579,489,54.112,45.701,473,44.206
4373,4373,145.767,396.137,268.583,37.022,25.101,495,1,579,489,54.112,45.701,473,44.206
4374,4374,145.800,395.998,268.283,37.009,25.073,502,1,579,489,54.112,45.701,473,44.206
4375,4375,145.833,396.038,268.376,37.013,25.082,506,1,579,489,54.112,45.701,473,44.206
4376,4376,145.867,395.972,268.167,37.007,25.062,499,1,579,489,54.112,45.701,473,44.206
4377,4377,145.900,395.866,268.061,36.997,25.052,499,1,579,489,54.112,45.701,473,44.206
4378,4378,145.933,395.700,267.639,36.981,25.013,499,1,579,489,54.112,45.701,473,44.206
4379,4379,145.967,395.568,267.259,36.969,24.977,499,1,579,489,54.112,45.701,473,44.206
4380,4380,146.000,395.563,267.039,36.968,24.957,499,1,579,489,54.112,45.701,473,44.206
4381,4381,146.033,395.648,267.026,36.976,24.956,489,1,579,489,54.112,45.701,473,44.206
4382,4382,146.067,395.483,266.371,36.961,24.894,477,1,579,489,54.112,45.701,473,44.206
4383,4383,146.100,395.547,266.339,36.967,24.892,466,1,579,489,54.112,45.701,473,44.206
4384,4384,146.133,395.480,265.923,36.961,24.853,472,1,579,489,54.112,45.701,473,44.206
4385,4385,146.167,395.469,265.695,36.960,24.831,467,1,579,489,54.112,45.701,473,44.206
4386,4386,146.200,395.312,265.271,36.945,24.792,454,1,579,489,54.112,45.701,473,44.206
4387,4387,146.233,395.204,264.934,36.935,24.760,452,1,579,489,54.112,45.701,473,44.206
4388,4388,146.267,395.072,264.678,36.923,24.736,445,1,579,489,54.112,45.701,473,44.206
4389,4389,146.300,395.059,264.413,36.921,24.711,437,1,579,489,54.112,45.701,473,44.206
4390,4390,146.333,394.997,264.278,36.916,24.699,442,1,579,489,54.112,45.701,473,44.206
4391,4391,146.367,394.986,264.282,36.915,24.699,435,1,579,489,54.112,45.701,473,44.206
4392,4392,146.400,394.988,264.379,36.915,24.708,428,1,579,489,54.112,45.701,473,44.206
4393,4393,146.433,394.946,264.384,36.911,24.709,438,1,579,489,54.112,45.701,473,44.206
4394,4394,146.467,394.750,264.313,36.893,24.702,434,1,579,489,54.112,45.701,473,44.206
4395,4395,146.500,394.780,264.422,36.895,24.712,428,1,579,489,54.112,45.701,473,44.206
4396,4396,146.533,394.683,264.806,36.886,24.748,432,1,579,489,54.112,45.701,473,44.206
4397,4397,146.567,394.565,264.788,36.875,24.746,428,1,579,489,54.112,45.701,473,44.206
4398,4398,146.600,394.521,264.777,36.871,24.746,428,1,579,489,54.112,45.701,473,44.206
4399,4399,146.633,394.512,264.703,36.870,24.739,430,1,579,489,54.112,45.701,473,44.206
4400,4400,146.667,394.439,264.640,36.863,24.733,436,1,579,489,54.112,45.701,473,44.206
4401,4401,146.700,394.471,264.488,36.866,24.719,441,1,579,489,54.112,45.701,473,44.206
4402,4402,146.733,394.353,263.938,36.855,24.667,442,1,579,489,54.112,45.701,473,44.206
4403,4403,146.767,394.411,263.822,36.861,24.656,451,1,579,489,54.112,45.701,473,44.206
4404,4404,146.800,394.334,263.392,36.854,24.616,460,1,579,489,54.112,45.701,473,44.206
4405,4405,146.833,394.248,263.104,36.846,24.589,466,1,579,489,54.112,45.701,473,44.206
4406,4406,146.867,394.176,262.497,36.839,24.532,482,1,579,489,54.112,45.701,473,44.206
4407,4407,146.900,394.121,262.298,36.834,24.514,484,1,579,489,54.112,45.701,473,44.206
4408,4408,146.933,393.958,261.560,36.819,24.445,488,1,579,489,54.112,45.701,473,44.206
4409,4409,146.967,394.012,261.547,36.824,24.444,492,1,579,489,54.112,45.701,473,44.206
4410,4410,147.000,393.990,261.375,36.821,24.428,490,1,579,489,54.112,45.701,473,44.206
4411,4411,147.033,393.908,261.012,36.814,24.394,491,1,579,489,54.112,45.701,473,44.206
4412,4412,147.067,393.850,260.711,36.808,24.366,497,1,579,489,54.112,45.701,473,44.206
4413,4413,147.100,393.861,260.813,36.809,24.375,506,1,579,489,54.112,45.701,473,44.206
4414,4414,147.133,393.711,260.271,36.795,24.324,506,1,579,489,54.112,45.701,473,44.206
4415,4415,147.167,393.675,260.299,36.792,24.327,504,1,579,489,54.112,45.701,473,44.206
4416,4416,147.200,393.647,259.990,36.789,24.298,514,1,579,489,54.112,45.701,473,44.206
4417,4417,147.233,393.635,259.910,36.788,24.291,514,1,579,489,54.112,45.701,473,44.206
4418,4418,147.267,393.574,259.913,36.783,24.291,512,1,579,489,54.112,45.701,473,44.206
4419,4419,147.300,393.476,259.725,36.773,24.273,516,1,579,489,54.112,45.701,473,44.206
4420,4420,147.333,393.430,259.795,36.769,24.280,512,1,579,489,54.112,45.701,473,44.206
4421,4421,147.367,393.541,260.218,36.780,24.319,511,1,579,489,54.112,45.701,473,44.206
4422,4422,147.400,393.477,259.830,36.774,24.283,513,1,579,489,54.112,45.701,473,44.206
4423,4423,147.433,393.429,259.696,36.769,24.271,515,1,579,489,54.112,45.701,473,44.206
4424,4424,147.467,393.351,259.202,36.762,24.224,517,1,579,489,54.112,45.701,473,44.206
4425,4425,147.500,393.294,259.060,36.756,24.211,520,1,579,489,54.112,45.701,473,44.206
4426,4426,147.533,393.206,258.762,36.748,24.183,517,1,579,489,54.112,45.701,473,44.206
4427,4427,147.567,393.178,258.651,36.746,24.173,518,1,579,489,54.112,45.701,473,44.206
4428,4428,147.600,393.178,258.624,36.746,24.170,521,1,579,489,54.112,45.701,473,44.206
4429,4429,147.633,393.061,258.292,36.735,24.139,519,1,579,489,54.112,45.701,473,44.206
4430,4430,147.667,393.072,258.174,36.736,24.128,518,1,579,489,54.112,45.701,473,44.206
4431,4431,147.700,393.207,258.342,36.748,24.144,517,1,579,489,54.112,45.701,473,44.206
4432,4432,147.733,393.104,257.889,36.739,24.102,511,1,579,489,54.112,45.701,473,44.206
4433,4433,147.767,393.025,257.652,36.731,24.080,511,1,579,489,54.112,45.701,473,44.206
4434,4434,147.800,392.853,257.123,36.715,24.030,503,1,579,489,54.112,45.701,473,44.206
4435,4435,147.833,392.745,256.823,36.705,24.002,487,1,579,489,54.112,45.701,473,44.206
4436,4436,147.867,392.612,256.436,36.693,23.966,477,1,579,489,54.112,45.701,473,44.206
4437,4437,147.900,392.532,256.090,36.685,23.934,471,1,579,489,54.112,45.701,473,44.206
4438,4438,147.933,392.517,255.880,36.684,23.914,457,1,579,489,54.112,45.701,473,44.206
4439,4439,147.967,392.395,255.397,36.672,23.869,447,1,579,489,54.112,45.701,473,44.206
4440,4440,148.000,392.382,255.087,36.671,23.840,434,1,579,489,54.112,45.701,473,44.206
4441,4441,148.033,392.398,255.157,36.673,23.846,434,1,579,489,54.112,45.701,473,44.206
4442,4442,148.067,392.382,254.711,36.671,23.805,435,1,579,489,54.112,45.701,473,44.206
4443,4443,148.100,392.255,254.716,36.659,23.805,439,1,579,489,54.112,45.701,473,44.206
4444,4444,148.133,392.135,254.686,36.648,23.802,438,1,579,489,54.112,45.701,473,44.206
4445,4445,148.167,392.048,254.786,36.640,23.812,432,1,579,489,54.112,45.701,473,44.206
4446,4446,148.200,391.844,254.649,36.621,23.799,432,1,579,489,54.112,45.701,473,44.206
4447,4447,148.233,391.789,254.807,36.616,23.814,435,1,579,489,54.112,45.701,473,44.206
4448,4448,148.267,391.770,254.760,36.614,23.809,433,1,579,489,54.112,45.701,473,44.206
4449,4449,148.300,391.735,254.863,36.611,23.819,434,1,579,489,54.112,45.701,473,44.206
4450,4450,148.333,391.558,254.831,36.594,23.816,438,1,579,489,54.112,45.701,473,44.206
4451,4451,148.367,391.460,254.991,36.585,23.831,433,1,579,489,54.112,45.701,473,44.206
4452,4452,148.400,391.430,254.753,36.582,23.809,435,1,579,489,54.112,45.701,473,44.206
4453,4453,148.433,391.416,254.779,36.581,23.811,436,1,579,489,54.112,45.701,473,44.206
4454,4454,148.467,391.433,254.634,36.583,23.798,441,1,579,489,54.112,45.701,473,44.206
4455,4455,148.500,391.414,254.389,36.581,23.775,443,1,579,489,54.112,45.701,473,44.206
4456,4456,148.533,391.419,254.124,36.581,23.750,453,1,579,489,54.112,45.701,473,44.206
4457,4457,148.567,391.431,253.907,36.582,23.730,460,1,579,489,54.112,45.701,473,44.206
4458,4458,148.600,391.378,253.267,36.577,23.670,470,1,579,489,54.112,45.701,473,44.206
4459,4459,148.633,391.353,253.112,36.575,23.655,474,1,579,489,54.112,45.701,473,44.206
4460,4460,148.667,391.342,252.759,36.574,23.622,476,1,579,489,54.112,45.701,473,44.206
4461,4461,148.700,391.377,252.330,36.577,23.582,486,1,579,489,54.112,45.701,473,44.206
4462,4462,148.733,391.482,252.355,36.587,23.585,496,1,579,489,54.112,45.701,473,44.206
4463,4463,148.767,391.525,252.077,36.591,23.559,495,1,579,489,54.112,45.701,473,44.206
4464,4464,148.800,391.381,252.014,36.578,23.553,507,1,579,489,54.112,45.701,473,44.206
4465,4465,148.833,391.402,251.678,36.580,23.521,506,1,579,489,54.112,45.701,473,44.206
4466,4466,148.867,391.412,251.348,36.581,23.490,511,1,579,489,54.112,45.701,473,44.206
4467,4467,148.900,391.335,251.253,36.573,23.482,511,1,579,489,54.112,45.701,473,44.206
4468,4468,148.933,391.307,250.595,36.571,23.420,522,1,579,489,54.112,45.701,473,44.206
4469,4469,148.967,391.259,250.471,36.566,23.408,521,1,579,489,54.112,45.701,473,44.206
4470,4470,149.000,391.229,250.749,36.563,23.434,512,1,579,489,54.112,45.701,473,44.206
4471,4471,149.033,391.224,250.074,36.563,23.371,524,1,579,489,54.112,45.701,473,44.206
4472,4472,149.067,391.237,250.440,36.564,23.406,513,1,579,489,54.112,45.701,473,44.206
4473,4473,149.100,391.190,249.910,36.560,23.356,509,1,579,489,54.112,45.701,473,44.206
4474,4474,149.133,391.322,250.418,36.572,23.404,516,1,579,489,54.112,45.701,473,44.206
4475,4475,149.167,391.273,250.042,36.568,23.368,528,1,579,489,54.112,45.701,473,44.206
4476,4476,149.200,391.299,250.062,36.570,23.370,528,1,579,489,54.112,45.701,473,44.206
4477,4477,149.233,391.209,249.983,36.562,23.363,536,1,579,489,54.112,45.701,473,44.206
4478,4478,149.267,391.263,249.980,36.567,23.363,532,1,579,489,54.112,45.701,473,44.206
4479,4479,149.300,391.155,249.725,36.557,23.339,526,1,579,489,54.112,45.701,473,44.206
4480,4480,149.333,391.140,249.614,36.555,23.328,534,1,579,489,54.112,45.701,473,44.206
4481,4481,149.367,391.123,249.481,36.554,23.316,533,1,579,489,54.112,45.701,473,44.206
4482,4482,149.400,391.181,249.436,36.559,23.312,531,1,579,489,54.112,45.701,473,44.206
4483,4483,149.433,391.121,249.027,36.553,23.274,522,1,579,489,54.112,45.701,473,44.206
4484,4484,149.467,391.093,248.831,36.551,23.255,518,1,579,489,54.112,45.701,473,44.206
4485,4485,149.500,391.054,248.748,36.547,23.247,509,1,579,489,54.112,45.701,473,44.206
4486,4486,149.533,390.977,248.358,36.540,23.211,516,1,579,489,54.112,45.701,473,44.206
4487,4487,149.567,390.922,247.972,36.535,23.175,500,1,579,489,54.112,45.701,473,44.206
4488,4488,149.600,390.861,247.742,36.529,23.153,498,1,579,489,54.112,45.701,473,44.206
4489,4489,149.633,390.820,247.450,36.525,23.126,496,1,579,489,54.112,45.701,473,44.206
4490,4490,149.667,390.738,247.174,36.518,23.100,489,1,579,489,54.112,45.701,473,44.206
4491,4491,149.700,390.862,246.932,36.529,23.078,482,1,579,489,54.112,45.701,473,44.206
4492,4492,149.733,390.844,246.569,36.527,23.044,467,1,579,489,54.112,45.701,473,44.206
4493,4493,149.767,390.839,246.505,36.527,23.038,468,1,579,489,54.112,45.701,473,44.206
4494,4494,149.800,390.773,245.771,36.521,22.969,454,1,579,489,54.112,45.701,473,44.206
4495,4495,149.833,390.686,245.931,36.513,22.984,452,1,579,489,54.112,45.701,473,44.206
4496,4496,149.867,390.613,245.898,36.506,22.981,436,1,579,489,54.112,45.701,473,44.206
4497,4497,149.900,390.505,245.743,36.496,22.967,444,1,579,489,54.112,45.701,473,44.206
4498,4498,149.933,390.406,245.934,36.487,22.985,446,1,579,489,54.112,45.701,473,44.206
4499,4499,149.967,390.259,246.063,36.473,22.997,447,1,579,489,54.112,45.701,473,44.206
4500,4500,150.000,390.184,246.280,36.466,23.017,446,1,579,489,54.112,45.701,473,44.206
4501,4501,150.033,390.081,246.319,36.456,23.020,441,1,579,489,54.112,45.701,473,44.206
4502,4502,150.067,390.014,246.081,36.450,22.998,439,1,579,489,54.112,45.701,473,44.206
4503,4503,150.100,390.022,246.312,36.451,23.020,436,1,579,489,54.112,45.701,473,44.206
4504,4504,150.133,390.040,246.304,36.452,23.019,434,1,579,489,54.112,45.701,473,44.206
4505,4505,150.167,390.032,245.970,36.452,22.988,444,1,579,489,54.112,45.701,473,44.206
4506,4506,150.200,389.973,246.133,36.446,23.003,438,1,579,489,54.112,45.701,473,44.206
4507,4507,150.233,389.948,245.990,36.444,22.990,443,1,579,489,54.112,45.701,473,44.206
4508,4508,150.267,389.928,245.795,36.442,22.971,445,1,579,489,54.112,45.701,473,44.206
4509,4509,150.300,389.938,245.506,36.443,22.945,455,1,579,489,54.112,45.701,473,44.206
4510,4510,150.333,389.966,245.024,36.445,22.899,469,1,579,489,54.112,45.701,473,44.206
4511,4511,150.367,389.974,244.404,36.446,22.842,473,1,579,489,54.112,45.701,473,44.206
4512,4512,150.400,389.989,244.226,36.448,22.825,477,1,579,489,54.112,45.701,473,44.206
4513,4513,150.433,389.949,243.890,36.444,22.794,483,1,579,489,54.112,45.701,473,44.206
4514,4514,150.467,390.025,243.958,36.451,22.800,496,1,579,489,54.112,45.701,473,44.206
4515,4515,150.500,390.012,243.572,36.450,22.764,487,1,579,489,54.112,45.701,473,44.206
4516,4516,150.533,390.053,243.146,36.454,22.724,499,1,579,489,54.112,45.701,473,44.206
4517,4517,150.567,390.066,242.873,36.455,22.698,505,1,579,489,54.112,45.701,473,44.206
4518,4518,150.600,390.074,242.800,36.455,22.692,505,1,579,489,54.112,45.701,473,44.206
4519,4519,150.633,390.036,242.571,36.452,22.670,512,1,579,489,54.112,45.701,473,44.206
4520,4520,150.667,390.018,242.222,36.450,22.638,513,1,579,489,54.112,45.701,473,44.206
4521,4521,150.700,390.070,241.986,36.455,22.616,515,1,579,489,54.112,45.701,473,44.206
4522,4522,150.733,390.062,241.856,36.454,22.603,520,1,579,489,54.112,45.701,473,44.206
4523,4523,150.767,390.072,241.683,36.455,22.587,518,1,579,489,54.112,45.701,473,44.206
4524,4524,150.800,390.058,241.555,36.454,22.575,520,1,579,489,54.112,45.701,473,44.206
4525,4525,150.833,390.004,241.532,36.449,22.573,525,1,579,489,54.112,45.701,473,44.206
4526,4526,150.867,389.995,241.408,36.448,22.561,521,1,579,489,54.112,45.701,473,44.206
4527,4527,150.900,390.055,241.261,36.454,22.548,519,1,579,489,54.112,45.701,473,44.206
4528,4528,150.933,390.112,241.544,36.459,22.574,520,1,579,489,54.112,45.701,473,44.206
4529,4529,150.967,390.113,241.516,36.459,22.572,525,1,579,489,54.112,45.701,473,44.206
4530,4530,151.000,390.106,241.491,36.458,22.569,521,1,579,489,54.112,45.701,473,44.206
4531,4531,151.033,390.091,240.940,36.457,22.518,518,1,579,489,54.112,45.701,473,44.206
4532,4532,151.067,390.133,240.389,36.461,22.466,522,1,579,489,54.112,45.701,473,44.206
4533,4533,151.100,390.084,240.313,36.456,22.459,506,1,579,489,54.112,45.701,473,44.206
4534,4534,151.133,390.081,240.222,36.456,22.451,506,1,579,489,54.112,45.701,473,44.206
4535,4535,151.167,390.046,239.584,36.453,22.391,494,1,579,489,54.112,45.701,473,44.206
4536,4536,151.200,390.104,239.424,36.458,22.376,498,1,579,489,54.112,45.701,473,44.206
4537,4537,151.233,390.123,239.091,36.460,22.345,493,1,579,489,54.112,45.701,473,44.206
4538,4538,151.267,390.136,239.017,36.461,22.338,488,1,579,489,54.112,45.701,473,44.206
4539,4539,151.300,390.179,238.600,36.465,22.299,478,1,579,489,54.112,45.701,473,44.206
4540,4540,151.333,390.164,238.447,36.464,22.285,479,1,579,489,54.112,45.701,473,44.206
4541,4541,151.367,390.165,238.276,36.464,22.269,478,1,579,489,54.112,45.701,473,44.206
4542,4542,151.400,390.058,238.414,36.454,22.282,463,1,579,489,54.112,45.701,473,44.206
4543,4543,151.433,390.080,238.520,36.456,22.292,457,1,579,489,54.112,45.701,473,44.206
4544,4544,151.467,390.088,238.337,36.457,22.275,457,1,579,489,54.112,45.701,473,44.206
4545,4545,151.500,390.047,238.173,36.453,22.259,447,1,579,489,54.112,45.701,473,44.206
4546,4546,151.533,389.972,238.260,36.446,22.267,444,1,579,489,54.112,45.701,473,44.206
4547,4547,151.567,389.895,238.279,36.439,22.269,445,1,579,489,54.112,45.701,473,44.206
4548,4548,151.600,389.872,238.510,36.437,22.291,443,1,579,489,54.112,45.701,473,44.206
4549,4549,151.633,389.738,238.394,36.424,22.280,444,1,579,489,54.112,45.701,473,44.206
4550,4550,151.667,389.768,238.353,36.427,22.276,449,1,579,489,54.112,45.701,473,44.206
4551,4551,151.700,389.656,238.533,36.416,22.293,439,1,579,489,54.112,45.701,473,44.206
4552,4552,151.733,389.630,238.649,36.414,22.304,439,1,579,489,54.112,45.701,473,44.206
4553,4553,151.767,389.642,238.528,36.415,22.292,443,1,579,489,54.112,45.701,473,44.206
4554,4554,151.800,389.726,238.151,36.423,22.257,441,1,579,489,54.112,45.701,473,44.206
4555,4555,151.833,389.707,237.790,36.421,22.223,452,1,579,489,54.112,45.701,473,44.206
4556,4556,151.867,389.657,237.863,36.417,22.230,465,1,579,489,54.112,45.701,473,44.206
4557,4557,151.900,389.826,237.680,36.432,22.213,480,1,579,489,54.112,45.701,473,44.206
4558,4558,151.933,389.813,237.532,36.431,22.199,482,1,579,489,54.112,45.701,473,44.206
4559,4559,151.967,389.756,236.719,36.426,22.123,469,1,579,489,54.112,45.701,473,44.206
4560,4560,152.000,389.794,236.310,36.429,22.085,481,1,579,489,54.112,45.701,473,44.206
4561,4561,152.033,389.843,235.398,36.434,22.000,496,1,579,489,54.112,45.701,473,44.206
4562,4562,152.067,389.902,235.276,36.439,21.988,503,1,579,489,54.112,45.701,473,44.206
4563,4563,152.100,389.965,234.882,36.445,21.952,514,1,579,489,54.112,45.701,473,44.206
4564,4564,152.133,390.045,234.569,36.453,21.922,523,1,579,489,54.112,45.701,473,44.206
4565,4565,152.167,390.025,234.556,36.451,21.921,525,1,579,489,54.112,45.701,473,44.206
4566,4566,152.200,390.099,234.144,36.458,21.883,529,1,579,489,54.112,45.701,473,44.206
4567,4567,152.233,390.137,233.961,36.461,21.865,527,1,579,489,54.112,45.701,473,44.206
4568,4568,152.267,390.158,233.566,36.463,21.829,539,1,579,489,54.112,45.701,473,44.206
4569,4569,152.300,390.160,233.448,36.464,21.818,532,1,579,489,54.112,45.701,473,44.206
4570,4570,152.333,390.209,233.235,36.468,21.798,537,1,579,489,54.112,45.701,473,44.206
4571,4571,152.367,390.172,232.927,36.465,21.769,534,1,579,489,54.112,45.701,473,44.206
4572,4572,152.400,390.165,232.975,36.464,21.773,534,1,579,489,54.112,45.701,473,44.206
4573,4573,152.433,390.175,232.862,36.465,21.763,533,1,579,489,54.112,45.701,473,44.206
4574,4574,152.467,390.187,232.925,36.466,21.769,535,1,579,489,54.112,45.701,473,44.206
4575,4575,152.500,390.173,232.953,36.465,21.771,533,1,579,489,54.112,45.701,473,44.206
4576,4576,152.533,390.238,232.829,36.471,21.760,533,1,579,489,54.112,45.701,473,44.206
4577,4577,152.567,390.243,232.402,36.471,21.720,528,1,579,489,54.112,45.701,473,44.206
4578,4578,152.600,390.248,232.660,36.472,21.744,538,1,579,489,54.112,45.701,473,44.206
4579,4579,152.633,390.249,232.841,36.472,21.761,535,1,579,489,54.112,45.701,473,44.206
4580,4580,152.667,390.283,232.721,36.475,21.750,535,1,579,489,54.112,45.701,473,44.206
4581,4581,152.700,390.273,232.718,36.474,21.749,534,1,579,489,54.112,45.701,473,44.206
4582,4582,152.733,390.245,232.754,36.471,21.753,534,1,579,489,54.112,45.701,473,44.206
4583,4583,152.767,390.248,232.415,36.472,21.721,529,1,579,489,54.112,45.701,473,44.206
4584,4584,152.800,390.292,232.548,36.476,21.733,529,1,579,489,54.112,45.701,473,44.206
4585,4585,152.833,390.266,232.161,36.473,21.697,529,1,579,489,54.112,45.701,473,44.206
4586,4586,152.867,390.259,232.123,36.473,21.694,529,1,579,489,54.112,45.701,473,44.206
4587,4587,152.900,390.277,231.970,36.474,21.679,529,1,579,489,54.112,45.701,473,44.206
4588,4588,152.933,390.278,231.634,36.475,21.648,523,1,579,489,54.112,45.701,473,44.206
4589,4589,152.967,390.266,231.298,36.473,21.617,526,1,579,489,54.112,45.701,473,44.206
4590,4590,153.000,390.303,230.891,36.477,21.579,513,1,579,489,54.112,45.701,473,44.206
4591,4591,153.033,390.341,230.623,36.480,21.554,492,1,579,489,54.112,45.701,473,44.206
4592,4592,153.067,390.559,229.875,36.501,21.484,476,1,579,489,54.112,45.701,473,44.206
4593,4593,153.100,390.579,229.100,36.503,21.411,471,1,579,489,54.112,45.701,473,44.206
4594,4594,153.133,390.522,228.837,36.497,21.387,469,1,579,489,54.112,45.701,473,44.206
4595,4595,153.167,390.521,229.021,36.497,21.404,459,1,579,489,54.112,45.701,473,44.206
4596,4596,153.200,390.520,228.804,36.497,21.384,459,1,579,489,54.112,45.701,473,44.206
4597,4597,153.233,390.530,228.411,36.498,21.347,459,1,579,489,54.112,45.701,473,44.206
4598,4598,153.267,390.506,228.332,36.496,21.339,453,1,579,489,54.112,45.701,473,44.206
4599,4599,153.300,390.319,228.498,36.478,21.355,458,1,579,489,54.112,45.701,473,44.206
4600,4600,153.333,390.240,228.753,36.471,21.379,461,1,579,489,54.112,45.701,473,44.206
4601,4601,153.367,390.200,228.453,36.467,21.351,452,1,579,489,54.112,45.701,473,44.206
4602,4602,153.400,390.167,228.776,36.464,21.381,453,1,579,489,54.112,45.701,473,44.206
4603,4603,153.433,390.114,228.959,36.459,21.398,456,1,579,489,54.112,45.701,473,44.206
4604,4604,153.467,390.006,229.218,36.449,21.422,448,1,579,489,54.112,45.701,473,44.206
4605,4605,153.500,390.011,229.227,36.450,21.423,443,1,579,489,54.112,45.701,473,44.206
4606,4606,153.533,389.997,229.127,36.448,21.414,443,1,579,489,54.112,45.701,473,44.206
4607,4607,153.567,390.073,228.900,36.455,21.393,457,1,579,489,54.112,45.701,473,44.206
4608,4608,153.600,390.067,228.825,36.455,21.385,463,1,579,489,54.112,45.701,473,44.206
4609,4609,153.633,390.059,228.781,36.454,21.381,459,1,579,489,54.112,45.701,473,44.206
4610,4610,153.667,390.078,228.792,36.456,21.382,464,1,579,489,54.112,45.701,473,44.206
4611,4611,153.700,390.067,228.005,36.455,21.309,468,1,579,489,54.112,45.701,473,44.206
4612,4612,153.733,390.114,227.724,36.459,21.283,478,1,579,489,54.112,45.701,473,44.206
4613,4613,153.767,390.198,227.318,36.467,21.245,494,1,579,489,54.112,45.701,473,44.206
4614,4614,153.800,390.323,227.052,36.479,21.220,502,1,579,489,54.112,45.701,473,44.206
4615,4615,153.833,390.380,226.689,36.484,21.186,508,1,579,489,54.112,45.701,473,44.206
4616,4616,153.867,390.452,226.119,36.491,21.133,518,1,579,489,54.112,45.701,473,44.206
4617,4617,153.900,390.473,226.103,36.493,21.131,520,1,579,489,54.112,45.701,473,44.206
4618,4618,153.933,390.495,225.784,36.495,21.101,523,1,579,489,54.112,45.701,473,44.206
4619,4619,153.967,390.539,225.309,36.499,21.057,532,1,579,489,54.112,45.701,473,44.206
4620,4620,154.000,390.605,225.029,36.505,21.031,529,1,579,489,54.112,45.701,473,44.206
4621,4621,154.033,390.643,224.949,36.509,21.023,528,1,579,489,54.112,45.701,473,44.206
4622,4622,154.067,390.561,224.932,36.501,21.022,533,1,579,489,54.112,45.701,473,44.206
4623,4623,154.100,390.592,224.888,36.504,21.018,532,1,579,489,54.112,45.701,473,44.206
4624,4624,154.133,390.577,224.887,36.503,21.018,535,1,579,489,54.112,45.701,473,44.206
4625,4625,154.167,390.637,224.635,36.508,20.994,533,1,579,489,54.112,45.701,473,44.206
4626,4626,154.200,390.622,224.662,36.507,20.996,531,1,579,489,54.112,45.701,473,44.206
4627,4627,154.233,390.610,224.669,36.506,20.997,530,1,579,489,54.112,45.701,473,44.206
4628,4628,154.267,390.614,224.622,36.506,20.993,531,1,579,489,54.112,45.701,473,44.206
4629,4629,154.300,390.608,224.565,36.505,20.987,530,1,579,489,54.112,45.701,473,44.206
4630,4630,154.333,390.668,224.214,36.511,20.955,538,1,579,489,54.112,45.701,473,44.206
4631,4631,154.367,390.676,224.103,36.512,20.944,538,1,579,489,54.112,45.701,473,44.206
4632,4632,154.400,390.699,223.950,36.514,20.930,532,1,579,489,54.112,45.701,473,44.206
4633,4633,154.433,390.793,223.578,36.523,20.895,526,1,579,489,54.112,45.701,473,44.206
4634,4634,154.467,390.753,223.143,36.519,20.854,515,1,579,489,54.112,45.701,473,44.206
4635,4635,154.500,390.766,222.863,36.520,20.828,509,1,579,489,54.112,45.701,473,44.206
4636,4636,154.533,390.762,222.407,36.520,20.786,497,1,579,489,54.112,45.701,473,44.206
4637,4637,154.567,390.773,222.042,36.521,20.752,494,1,579,489,54.112,45.701,473,44.206
4638,4638,154.600,390.823,221.117,36.526,20.665,472,1,579,489,54.112,45.701,473,44.206
4639,4639,154.633,390.874,221.114,36.530,20.665,478,1,579,489,54.112,45.701,473,44.206
4640,4640,154.667,390.838,220.899,36.527,20.645,469,1,579,489,54.112,45.701,473,44.206
4641,4641,154.700,390.799,220.729,36.523,20.629,458,1,579,489,54.112,45.701,473,44.206
4642,4642,154.733,390.829,220.513,36.526,20.609,460,1,579,489,54.112,45.701,473,44.206
4643,4643,154.767,390.820,220.468,36.525,20.605,456,1,579,489,54.112,45.701,473,44.206
4644,4644,154.800,390.832,220.313,36.526,20.590,453,1,579,489,54.112,45.701,473,44.206
4645,4645,154.833,390.850,220.444,36.528,20.602,452,1,579,489,54.112,45.701,473,44.206
4646,4646,154.867,390.862,220.431,36.529,20.601,450,1,579,489,54.112,45.701,473,44.206
4647,4647,154.900,390.902,220.057,36.533,20.566,462,1,579,489,54.112,45.701,473,44.206
4648,4648,154.933,390.988,220.241,36.541,20.583,457,1,579,489,54.112,45.701,473,44.206
4649,4649,154.967,390.954,220.469,36.538,20.605,449,1,579,489,54.112,45.701,473,44.206
4650,4650,155.000,390.935,220.429,36.536,20.601,449,1,579,489,54.112,45.701,473,44.206
4651,4651,155.033,391.035,220.113,36.545,20.571,449,1,579,489,54.112,45.701,473,44.206
4652,4652,155.067,391.047,220.090,36.546,20.569,451,1,579,489,54.112,45.701,473,44.206
4653,4653,155.100,391.053,220.031,36.547,20.564,451,1,579,489,54.112,45.701,473,44.206
4654,4654,155.133,391.050,220.029,36.547,20.563,454,1,579,489,54.112,45.701,473,44.206
4655,4655,155.167,391.082,219.700,36.550,20.533,459,1,579,489,54.112,45.701,473,44.206
4656,4656,155.200,391.094,219.621,36.551,20.525,458,1,579,489,54.112,45.701,473,44.206
4657,4657,155.233,391.096,219.353,36.551,20.500,461,1,579,489,54.112,45.701,473,44.206
4658,4658,155.267,391.049,218.807,36.547,20.449,472,1,579,489,54.112,45.701,473,44.206
4659,4659,155.300,391.053,218.635,36.547,20.433,467,1,579,489,54.112,45.701,473,44.206
4660,4660,155.333,391.152,218.024,36.556,20.376,487,1,579,489,54.112,45.701,473,44.206
4661,4661,155.367,391.146,217.632,36.556,20.339,480,1,579,489,54.112,45.701,473,44.206
4662,4662,155.400,391.115,217.494,36.553,20.327,489,1,579,489,54.112,45.701,473,44.206
4663,4663,155.433,391.170,216.848,36.558,20.266,504,1,579,489,54.112,45.701,473,44.206
4664,4664,155.467,391.187,216.608,36.560,20.244,508,1,579,489,54.112,45.701,473,44.206
4665,4665,155.500,391.225,216.099,36.563,20.196,518,1,579,489,54.112,45.701,473,44.206
4666,4666,155.533,391.217,215.985,36.562,20.185,515,1,579,489,54.112,45.701,473,44.206
4667,4667,155.567,391.229,215.813,36.563,20.169,520,1,579,489,54.112,45.701,473,44.206
4668,4668,155.600,391.291,215.509,36.569,20.141,528,1,579,489,54.112,45.701,473,44.206
4669,4669,155.633,391.289,215.340,36.569,20.125,520,1,579,489,54.112,45.701,473,44.206
4670,4670,155.667,391.356,215.129,36.575,20.106,523,1,579,489,54.112,45.701,473,44.206
4671,4671,155.700,391.353,214.758,36.575,20.071,519,1,579,489,54.112,45.701,473,44.206
4672,4672,155.733,391.386,214.631,36.578,20.059,520,1,579,489,54.112,45.701,473,44.206
4673,4673,155.767,391.370,214.752,36.577,20.070,527,1,579,489,54.112,45.701,473,44.206
4674,4674,155.800,391.339,214.612,36.574,20.057,525,1,579,489,54.112,45.701,473,44.206
4675,4675,155.833,391.371,214.513,36.577,20.048,527,1,579,489,54.112,45.701,473,44.206
4676,4676,155.867,391.322,214.532,36.572,20.050,524,1,579,489,54.112,45.701,473,44.206
4677,4677,155.900,391.346,214.487,36.574,20.046,524,1,579,489,54.112,45.701,473,44.206
4678,4678,155.933,391.397,214.237,36.579,20.022,524,1,579,489,54.112,45.701,473,44.206
4679,4679,155.967,391.427,213.936,36.582,19.994,523,1,579,489,54.112,45.701,473,44.206
4680,4680,156.000,391.500,213.091,36.589,19.915,510,1,579,489,54.112,45.701,473,44.206
4681,4681,156.033,391.529,213.192,36.591,19.925,505,1,579,489,54.112,45.701,473,44.206
4682,4682,156.067,391.441,213.099,36.583,19.916,488,1,579,489,54.112,45.701,473,44.206
4683,4683,156.100,391.444,213.031,36.584,19.909,485,1,579,489,54.112,45.701,473,44.206
4684,4684,156.133,391.489,212.808,36.588,19.889,484,1,579,489,54.112,45.701,473,44.206
4685,4685,156.167,391.535,212.475,36.592,19.857,481,1,579,489,54.112,45.701,473,44.206
4686,4686,156.200,391.497,212.509,36.589,19.861,476,1,579,489,54.112,45.701,473,44.206
4687,4687,156.233,391.498,212.420,36.589,19.852,474,1,579,489,54.112,45.701,473,44.206
4688,4688,156.267,391.550,212.426,36.593,19.853,489,1,579,489,54.112,45.701,473,44.206
4689,4689,156.300,391.544,212.440,36.593,19.854,490,1,579,489,54.112,45.701,473,44.206
4690,4690,156.333,391.575,212.364,36.596,19.847,484,1,579,489,54.112,45.701,473,44.206
4691,4691,156.367,391.545,212.212,36.593,19.833,475,1,579,489,54.112,45.701,473,44.206
4692,4692,156.400,391.593,212.059,36.597,19.819,469,1,579,489,54.112,45.701,473,44.206
4693,4693,156.433,391.587,212.145,36.597,19.827,468,1,579,489,54.112,45.701,473,44.206
4694,4694,156.467,391.705,212.453,36.608,19.855,476,1,579,489,54.112,45.701,473,44.206
4695,4695,156.500,391.696,212.504,36.607,19.860,477,1,579,489,54.112,45.701,473,44.206
4696,4696,156.533,391.730,212.095,36.610,19.822,482,1,579,489,54.112,45.701,473,44.206
4697,4697,156.567,391.770,212.194,36.614,19.831,481,1,579,489,54.112,45.701,473,44.206
4698,4698,156.600,391.932,211.892,36.629,19.803,470,1,579,489,54.112,45.701,473,44.206
4699,4699,156.633,391.880,212.019,36.624,19.815,484,1,579,489,54.112,45.701,473,44.206
4700,4700,156.667,391.923,211.795,36.628,19.794,472,1,579,489,54.112,45.701,473,44.206
4701,4701,156.700,391.873,211.771,36.624,19.792,472,1,579,489,54.112,45.701,473,44.206
4702,4702,156.733,391.854,212.031,36.622,19.816,465,1,579,489,54.112,45.701,473,44.206
4703,4703,156.767,391.820,211.963,36.619,19.810,466,1,579,489,54.112,45.701,473,44.206
4704,4704,156.800,391.848,212.081,36.621,19.821,479,1,579,489,54.112,45.701,473,44.206
4705,4705,156.833,391.778,212.270,36.615,19.838,445,1,579,489,54.112,45.701,473,44.206
4706,4706,156.867,391.761,212.326,36.613,19.844,453,1,579,489,54.112,45.701,473,44.206
4707,4707,156.900,391.805,212.021,36.617,19.815,456,1,579,489,54.112,45.701,473,44.206
4708,4708,156.933,391.668,212.160,36.604,19.828,470,1,579,489,54.112,45.701,473,44.206
4709,4709,156.967,391.623,212.117,36.600,19.824,473,1,579,489,54.112,45.701,473,44.206
4710,4710,157.000,391.654,211.634,36.603,19.779,469,1,579,489,54.112,45.701,473,44.206
4711,4711,157.033,391.645,211.614,36.602,19.777,481,1,579,489,54.112,45.701,473,44.206
4712,4712,157.067,391.598,211.411,36.598,19.758,469,1,579,489,54.112,45.701,473,44.206
4713,4713,157.100,391.607,210.613,36.599,19.683,492,1,579,489,54.112,45.701,473,44.206
4714,4714,157.133,391.572,210.758,36.595,19.697,502,1,579,489,54.112,45.701,473,44.206
4715,4715,157.167,391.562,210.737,36.595,19.695,494,1,579,489,54.112,45.701,473,44.206
4716,4716,157.200,391.593,210.549,36.597,19.678,499,1,579,489,54.112,45.701,473,44.206
4717,4717,157.233,391.619,210.305,36.600,19.655,506,1,579,489,54.112,45.701,473,44.206
4718,4718,157.267,391.605,210.419,36.599,19.665,515,1,579,489,54.112,45.701,473,44.206
4719,4719,157.300,391.594,210.198,36.598,19.645,519,1,579,489,54.112,45.701,473,44.206
4720,4720,157.333,391.551,210.172,36.594,19.642,517,1,579,489,54.112,45.701,473,44.206
4721,4721,157.367,391.522,209.741,36.591,19.602,515,1,579,489,54.112,45.701,473,44.206
4722,4722,157.400,391.444,209.760,36.584,19.604,518,1,579,489,54.112,45.701,473,44.206
4723,4723,157.433,391.475,209.609,36.586,19.590,511,1,579,489,54.112,45.701,473,44.206
4724,4724,157.467,391.521,209.436,36.591,19.573,513,1,579,489,54.112,45.701,473,44.206
4725,4725,157.500,391.510,209.360,36.590,19.566,514,1,579,489,54.112,45.701,473,44.206
4726,4726,157.533,391.530,209.466,36.592,19.576,502,1,579,489,54.112,45.701,473,44.206
4727,4727,157.567,391.502,209.656,36.589,19.594,507,1,579,489,54.112,45.701,473,44.206
4728,4728,157.600,391.519,209.201,36.591,19.552,519,1,579,489,54.112,45.701,473,44.206
4729,4729,157.633,391.500,209.299,36.589,19.561,526,1,579,489,54.112,45.701,473,44.206
4730,4730,157.667,391.465,209.304,36.586,19.561,528,1,579,489,54.112,45.701,473,44.206
4731,4731,157.700,391.458,209.200,36.585,19.551,532,1,579,489,54.112,45.701,473,44.206
4732,4732,157.733,391.462,209.214,36.585,19.553,529,1,579,489,54.112,45.701,473,44.206
4733,4733,157.767,391.394,209.064,36.579,19.539,534,1,579,489,54.112,45.701,473,44.206
4734,4734,157.800,391.385,209.001,36.578,19.533,532,1,579,489,54.112,45.701,473,44.206
4735,4735,157.833,391.372,208.576,36.577,19.493,524,1,579,489,54.112,45.701,473,44.206
4736,4736,157.867,391.368,208.928,36.576,19.526,529,1,579,489,54.112,45.701,473,44.206
4737,4737,157.900,391.360,208.561,36.576,19.492,525,1,579,489,54.112,45.701,473,44.206
4738,4738,157.933,391.382,208.751,36.578,19.509,521,1,579,489,54.112,45.701,473,44.206
4739,4739,157.967,391.360,208.754,36.576,19.510,523,1,579,489,54.112,45.701,473,44.206
4740,4740,158.000,391.270,208.325,36.567,19.470,515,1,579,489,54.112,45.701,473,44.206
4741,4741,158.033,391.317,208.692,36.572,19.504,521,1,579,489,54.112,45.701,473,44.206
4742,4742,158.067,391.226,208.610,36.563,19.496,512,1,579,489,54.112,45.701,473,44.206
4743,4743,158.100,391.241,208.351,36.565,19.472,525,1,579,489,54.112,45.701,473,44.206
4744,4744,158.133,391.229,208.344,36.563,19.471,525,1,579,489,54.112,45.701,473,44.206
4745,4745,158.167,391.212,208.281,36.562,19.465,528,1,579,489,54.112,45.701,473,44.206
4746,4746,158.200,391.233,207.995,36.564,19.439,520,1,579,489,54.112,45.701,473,44.206
4747,4747,158.233,391.198,207.850,36.561,19.425,522,1,579,489,54.112,45.701,473,44.206
4748,4748,158.267,391.184,207.575,36.559,19.400,515,1,579,489,54.112,45.701,473,44.206
4749,4749,158.300,391.165,207.054,36.557,19.351,509,1,579,489,54.112,45.701,473,44.206
4750,4750,158.333,391.158,206.568,36.557,19.305,504,1,579,489,54.112,45.701,473,44.206
4751,4751,158.367,391.095,206.305,36.551,19.281,496,1,579,489,54.112,45.701,473,44.206
4752,4752,158.400,391.025,205.732,36.544,19.227,483,1,579,489,54.112,45.701,473,44.206
4753,4753,158.433,390.945,205.235,36.537,19.181,480,1,579,489,54.112,45.701,473,44.206
4754,4754,158.467,390.864,204.717,36.529,19.132,470,1,579,489,54.112,45.701,473,44.206
4755,4755,158.500,390.782,204.556,36.522,19.117,461,1,579,489,54.112,45.701,473,44.206
4756,4756,158.533,390.757,204.238,36.519,19.088,452,1,579,489,54.112,45.701,473,44.206
4757,4757,158.567,390.794,204.251,36.523,19.089,444,1,579,489,54.112,45.701,473,44.206
4758,4758,158.600,390.890,204.117,36.532,19.076,447,1,579,489,54.112,45.701,473,44.206
4759,4759,158.633,390.951,204.171,36.537,19.081,444,1,579,489,54.112,45.701,473,44.206
4760,4760,158.667,391.229,204.058,36.563,19.071,446,1,579,489,54.112,45.701,473,44.206
4761,4761,158.700,391.391,204.218,36.579,19.086,457,1,579,489,54.112,45.701,473,44.206
4762,4762,158.733,391.553,204.413,36.594,19.104,449,1,579,489,54.112,45.701,473,44.206
4763,4763,158.767,391.609,204.036,36.599,19.069,462,1,579,489,54.112,45.701,473,44.206
4764,4764,158.800,391.680,203.931,36.606,19.059,463,1,579,489,54.112,45.701,473,44.206
4765,4765,158.833,391.774,204.066,36.614,19.072,462,1,579,489,54.112,45.701,473,44.206
4766,4766,158.867,391.840,204.451,36.621,19.108,448,1,579,489,54.112,45.701,473,44.206
4767,4767,158.900,391.822,204.404,36.619,19.103,445,1,579,489,54.112,45.701,473,44.206
4768,4768,158.933,391.771,204.173,36.614,19.082,464,1,579,489,54.112,45.701,473,44.206
4769,4769,158.967,391.714,204.261,36.609,19.090,464,1,579,489,54.112,45.701,473,44.206
4770,4770,159.000,391.679,204.059,36.605,19.071,465,1,579,489,54.112,45.701,473,44.206
4771,4771,159.033,391.657,203.801,36.603,19.047,466,1,579,489,54.112,45.701,473,44.206
4772,4772,159.067,391.640,203.584,36.602,19.027,471,1,579,489,54.112,45.701,473,44.206
4773,4773,159.100,391.446,203.212,36.584,18.992,470,1,579,489,54.112,45.701,473,44.206
4774,4774,159.133,391.425,202.859,36.582,18.959,479,1,579,489,54.112,45.701,473,44.206
4775,4775,159.167,391.334,202.583,36.573,18.933,482,1,579,489,54.112,45.701,473,44.206
4776,4776,159.200,391.299,202.849,36.570,18.958,478,1,579,489,54.112,45.701,473,44.206
4777,4777,159.233,391.158,202.601,36.557,18.935,480,1,579,489,54.112,45.701,473,44.206
4778,4778,159.267,391.087,202.058,36.550,18.884,486,1,579,489,54.112,45.701,473,44.206
4779,4779,159.300,391.036,201.495,36.545,18.831,497,1,579,489,54.112,45.701,473,44.206
4780,4780,159.333,390.924,201.340,36.535,18.817,496,1,579,489,54.112,45.701,473,44.206
4781,4781,159.367,390.886,201.124,36.531,18.797,505,1,579,489,54.112,45.701,473,44.206
4782,4782,159.400,390.876,201.345,36.531,18.817,498,1,579,489,54.112,45.701,473,44.206
4783,4783,159.433,390.705,200.622,36.514,18.750,514,1,579,489,54.112,45.701,473,44.206
4784,4784,159.467,390.743,200.518,36.518,18.740,516,1,579,489,54.112,45.701,473,44.206
4785,4785,159.500,390.693,200.106,36.513,18.701,509,1,579,489,54.112,45.701,473,44.206
4786,4786,159.533,390.667,200.211,36.511,18.711,512,1,579,489,54.112,45.701,473,44.206
4787,4787,159.567,390.632,200.036,36.508,18.695,509,1,579,489,54.112,45.701,473,44.206
4788,4788,159.600,390.681,199.895,36.512,18.682,513,1,579,489,54.112,45.701,473,44.206
4789,4789,159.633,390.607,199.927,36.505,18.685,505,1,579,489,54.112,45.701,473,44.206
4790,4790,159.667,390.569,199.849,36.502,18.677,510,1,579,489,54.112,45.701,473,44.206
4791,4791,159.700,390.520,199.606,36.497,18.655,519,1,579,489,54.112,45.701,473,44.206
4792,4792,159.733,390.419,199.602,36.488,18.654,518,1,579,489,54.112,45.701,473,44.206
4793,4793,159.767,390.461,199.868,36.492,18.679,527,1,579,489,54.112,45.701,473,44.206
4794,4794,159.800,390.382,199.730,36.484,18.666,531,1,579,489,54.112,45.701,473,44.206
4795,4795,159.833,390.380,199.354,36.484,18.631,525,1,579,489,54.112,45.701,473,44.206
4796,4796,159.867,390.354,199.356,36.482,18.631,526,1,579,489,54.112,45.701,473,44.206
4797,4797,159.900,390.328,199.160,36.479,18.613,522,1,579,489,54.112,45.701,473,44.206
4798,4798,159.933,390.145,199.030,36.462,18.601,520,1,579,489,54.112,45.701,473,44.206
4799,4799,159.967,390.181,198.857,36.465,18.585,520,1,579,489,54.112,45.701,473,44.206
4800,4800,160.000,390.142,198.947,36.462,18.593,521,1,579,489,54.112,45.701,473,44.206
4801,4801,160.033,390.171,199.059,36.465,18.604,514,1,579,489,54.112,45.701,473,44.206
4802,4802,160.067,390.101,198.609,36.458,18.562,518,1,579,489,54.112,45.701,473,44.206
4803,4803,160.100,390.063,198.252,36.455,18.528,504,1,579,489,54.112,45.701,473,44.206
4804,4804,160.133,389.998,197.687,36.448,18.475,492,1,579,489,54.112,45.701,473,44.206
4805,4805,160.167,389.982,197.396,36.447,18.448,485,1,579,489,54.112,45.701,473,44.206
4806,4806,160.200,389.804,197.118,36.430,18.422,480,1,579,489,54.112,45.701,473,44.206
4807,4807,160.233,389.642,196.587,36.415,18.373,466,1,579,489,54.112,45.701,473,44.206
4808,4808,160.267,389.670,196.413,36.418,18.356,457,1,579,489,54.112,45.701,473,44.206
4809,4809,160.300,389.601,196.148,36.411,18.332,456,1,579,489,54.112,45.701,473,44.206
4810,4810,160.333,389.564,196.240,36.408,18.340,443,1,579,489,54.112,45.701,473,44.206
4811,4811,160.367,389.715,195.960,36.422,18.314,454,1,579,489,54.112,45.701,473,44.206
4812,4812,160.400,389.847,195.970,36.434,18.315,457,1,579,489,54.112,45.701,473,44.206
4813,4813,160.433,390.005,195.864,36.449,18.305,451,1,579,489,54.112,45.701,473,44.206
4814,4814,160.467,390.196,195.904,36.467,18.309,448,1,579,489,54.112,45.701,473,44.206
4815,4815,160.500,390.225,195.711,36.470,18.291,452,1,579,489,54.112,45.701,473,44.206
4816,4816,160.533,390.249,195.709,36.472,18.291,453,1,579,489,54.112,45.701,473,44.206
4817,4817,160.567,390.195,195.565,36.467,18.277,443,1,579,489,54.112,45.701,473,44.206
4818,4818,160.600,390.165,195.524,36.464,18.273,441,1,579,489,54.112,45.701,473,44.206
4819,4819,160.633,390.095,195.435,36.457,18.265,442,1,579,489,54.112,45.701,473,44.206
4820,4820,160.667,390.048,195.334,36.453,18.256,444,1,579,489,54.112,45.701,473,44.206
4821,4821,160.700,390.108,195.502,36.459,18.271,432,1,579,489,54.112,45.701,473,44.206
4822,4822,160.733,389.958,195.287,36.445,18.251,440,1,579,489,54.112,45.701,473,44.206
4823,4823,160.767,389.858,195.313,36.435,18.254,451,1,579,489,54.112,45.701,473,44.206
4824,4824,160.800,389.703,195.109,36.421,18.234,452,1,579,489,54.112,45.701,473,44.206
4825,4825,160.833,389.624,195.177,36.413,18.241,450,1,579,489,54.112,45.701,473,44.206
4826,4826,160.867,389.452,194.903,36.397,18.215,461,1,579,489,54.112,45.701,473,44.206
4827,4827,160.900,389.199,194.244,36.374,18.154,475,1,579,489,54.112,45.701,473,44.206
4828,4828,160.933,388.794,193.696,36.336,18.102,498,1,579,489,54.112,45.701,473,44.206
4829,4829,160.967,388.792,193.518,36.336,18.086,489,1,579,489,54.112,45.701,473,44.206
4830,4830,161.000,388.636,193.112,36.321,18.048,499,1,579,489,54.112,45.701,473,44.206
4831,4831,161.033,388.511,192.737,36.309,18.013,504,1,579,489,54.112,45.701,473,44.206
4832,4832,161.067,388.408,192.385,36.300,17.980,513,1,579,489,54.112,45.701,473,44.206
4833,4833,161.100,388.266,192.016,36.287,17.945,519,1,579,489,54.112,45.701,473,44.206
4834,4834,161.133,388.162,191.836,36.277,17.929,522,1,579,489,54.112,45.701,473,44.206
4835,4835,161.167,388.054,191.692,36.267,17.915,522,1,579,489,54.112,45.701,473,44.206
4836,4836,161.200,388.000,191.338,36.262,17.882,533,1,579,489,54.112,45.701,473,44.206
4837,4837,161.233,387.981,191.435,36.260,17.891,528,1,579,489,54.112,45.701,473,44.206
4838,4838,161.267,387.954,191.065,36.257,17.857,529,1,579,489,54.112,45.701,473,44.206
4839,4839,161.300,387.941,190.859,36.256,17.837,533,1,579,489,54.112,45.701,473,44.206
4840,4840,161.333,387.953,190.994,36.257,17.850,521,1,579,489,54.112,45.701,473,44.206
4841,4841,161.367,387.896,190.908,36.252,17.842,521,1,579,489,54.112,45.701,473,44.206
4842,4842,161.400,387.850,190.761,36.248,17.828,521,1,579,489,54.112,45.701,473,44.206
4843,4843,161.433,387.843,190.802,36.247,17.832,516,1,579,489,54.112,45.701,473,44.206
4844,4844,161.467,387.658,190.365,36.230,17.791,518,1,579,489,54.112,45.701,473,44.206
4845,4845,161.500,387.627,190.147,36.227,17.771,522,1,579,489,54.112,45.701,473,44.206
4846,4846,161.533,387.516,189.878,36.216,17.746,526,1,579,489,54.112,45.701,473,44.206
4847,4847,161.567,387.323,189.190,36.198,17.681,525,1,579,489,54.112,45.701,473,44.206
4848,4848,161.600,387.270,188.887,36.193,17.653,516,1,579,489,54.112,45.701,473,44.206
4849,4849,161.633,387.356,188.937,36.202,17.658,499,1,579,489,54.112,45.701,473,44.206
4850,4850,161.667,387.338,188.701,36.200,17.636,496,1,579,489,54.112,45.701,473,44.206
4851,4851,161.700,387.177,188.366,36.185,17.604,482,1,579,489,54.112,45.701,473,44.206
4852,4852,161.733,387.109,188.217,36.178,17.590,468,1,579,489,54.112,45.701,473,44.206
4853,4853,161.767,387.100,188.254,36.178,17.594,470,1,579,489,54.112,45.701,473,44.206
4854,4854,161.800,387.078,187.901,36.175,17.561,471,1,579,489,54.112,45.701,473,44.206
4855,4855,161.833,387.120,188.017,36.179,17.572,463,1,579,489,54.112,45.701,473,44.206
4856,4856,161.867,387.084,187.708,36.176,17.543,464,1,579,489,54.112,45.701,473,44.206
4857,4857,161.900,387.023,187.558,36.170,17.529,465,1,579,489,54.112,45.701,473,44.206
4858,4858,161.933,387.288,187.866,36.195,17.558,461,1,579,489,54.112,45.701,473,44.206
4859,4859,161.967,387.288,187.651,36.195,17.537,455,1,579,489,54.112,45.701,473,44.206
4860,4860,162.000,387.219,187.231,36.189,17.498,442,1,579,489,54.112,45.701,473,44.206
4861,4861,162.033,387.234,187.219,36.190,17.497,451,1,579,489,54.112,45.701,473,44.206
4862,4862,162.067,387.217,187.164,36.189,17.492,447,1,579,489,54.112,45.701,473,44.206
4863,4863,162.100,387.216,187.210,36.188,17.496,449,1,579,489,54.112,45.701,473,44.206
4864,4864,162.133,387.394,187.554,36.205,17.528,437,1,579,489,54.112,45.701,473,44.206
4865,4865,162.167,387.201,187.222,36.187,17.497,448,1,579,489,54.112,45.701,473,44.206
4866,4866,162.200,387.136,187.135,36.181,17.489,453,1,579,489,54.112,45.701,473,44.206
4867,4867,162.233,387.126,187.131,36.180,17.489,454,1,579,489,54.112,45.701,473,44.206
4868,4868,162.267,387.070,187.090,36.175,17.485,456,1,579,489,54.112,45.701,473,44.206
4869,4869,162.300,386.931,187.025,36.162,17.479,463,1,579,489,54.112,45.701,473,44.206
4870,4870,162.333,386.789,186.794,36.149,17.457,463,1,579,489,54.112,45.701,473,44.206
4871,4871,162.367,386.607,186.605,36.131,17.440,471,1,579,489,54.112,45.701,473,44.206
4872,4872,162.400,386.473,186.259,36.119,17.407,475,1,579,489,54.112,45.701,473,44.206
4873,4873,162.433,386.257,185.898,36.099,17.374,484,1,579,489,54.112,45.701,473,44.206
4874,4874,162.467,386.179,185.886,36.091,17.372,488,1,579,489,54.112,45.701,473,44.206
4875,4875,162.500,386.017,185.513,36.076,17.338,491,1,579,489,54.112,45.701,473,44.206
4876,4876,162.533,385.901,185.174,36.066,17.306,496,1,579,489,54.112,45.701,473,44.206
4877,4877,162.567,385.863,185.133,36.062,17.302,502,1,579,489,54.112,45.701,473,44.206
4878,4878,162.600,385.533,184.678,36.031,17.260,516,1,579,489,54.112,45.701,473,44.206
4879,4879,162.633,385.355,184.536,36.015,17.246,517,1,579,489,54.112,45.701,473,44.206
4880,4880,162.667,385.220,184.136,36.002,17.209,514,1,579,489,54.112,45.701,473,44.206
4881,4881,162.700,384.729,183.620,35.956,17.161,523,1,579,489,54.112,45.701,473,44.206
4882,4882,162.733,384.635,183.379,35.947,17.138,524,1,579,489,54.112,45.701,473,44.206
4883,4883,162.767,384.582,183.175,35.942,17.119,516,1,579,489,54.112,45.701,473,44.206
4884,4884,162.800,384.346,182.780,35.920,17.082,515,1,579,489,54.112,45.701,473,44.206
4885,4885,162.833,384.243,182.445,35.911,17.051,514,1,579,489,54.112,45.701,473,44.206
4886,4886,162.867,384.324,182.592,35.918,17.065,518,1,579,489,54.112,45.701,473,44.206
4887,4887,162.900,384.185,182.429,35.905,17.049,518,1,579,489,54.112,45.701,473,44.206
4888,4888,162.933,384.100,182.288,35.897,17.036,522,1,579,489,54.112,45.701,473,44.206
4889,4889,162.967,384.207,182.456,35.907,17.052,512,1,579,489,54.112,45.701,473,44.206
4890,4890,163.000,384.053,182.066,35.893,17.016,504,1,579,489,54.112,45.701,473,44.206
4891,4891,163.033,383.874,181.495,35.876,16.962,490,1,579,489,54.112,45.701,473,44.206
4892,4892,163.067,383.960,181.617,35.884,16.974,494,1,579,489,54.112,45.701,473,44.206
4893,4893,163.100,383.790,181.226,35.868,16.937,486,1,579,489,54.112,45.701,473,44.206
4894,4894,163.133,383.301,180.463,35.823,16.866,488,1,579,489,54.112,45.701,473,44.206
4895,4895,163.167,383.304,180.240,35.823,16.845,475,1,579,489,54.112,45.701,473,44.206
4896,4896,163.200,383.186,180.069,35.812,16.829,469,1,579,489,54.112,45.701,473,44.206
4897,4897,163.233,383.182,180.045,35.811,16.827,467,1,579,489,54.112,45.701,473,44.206
4898,4898,163.267,383.071,179.940,35.801,16.817,463,1,579,489,54.112,45.701,473,44.206
4899,4899,163.300,383.039,179.821,35.798,16.806,461,1,579,489,54.112,45.701,473,44.206
4900,4900,163.333,383.021,179.704,35.796,16.795,465,1,579,489,54.112,45.701,473,44.206
4901,4901,163.367,383.032,179.667,35.797,16.791,465,1,579,489,54.112,45.701,473,44.206
4902,4902,163.400,382.987,179.524,35.793,16.778,466,1,579,489,54.112,45.701,473,44.206
4903,4903,163.433,382.998,179.519,35.794,16.777,463,1,579,489,54.112,45.701,473,44.206
4904,4904,163.467,383.034,179.392,35.798,16.766,466,1,579,489,54.112,45.701,473,44.206
4905,4905,163.500,383.012,179.415,35.796,16.768,463,1,579,489,54.112,45.701,473,44.206
4906,4906,163.533,382.939,179.327,35.789,16.760,457,1,579,489,54.112,45.701,473,44.206
4907,4907,163.567,383.102,179.625,35.804,16.787,458,1,579,489,54.112,45.701,473,44.206
4908,4908,163.600,383.043,179.648,35.798,16.790,457,1,579,489,54.112,45.701,473,44.206
4909,4909,163.633,383.034,179.582,35.798,16.783,457,1,579,489,54.112,45.701,473,44.206
4910,4910,163.667,383.016,179.690,35.796,16.793,464,1,579,489,54.112,45.701,473,44.206
4911,4911,163.700,382.998,179.656,35.794,16.790,459,1,579,489,54.112,45.701,473,44.206
4912,4912,163.733,382.930,179.549,35.788,16.780,458,1,579,489,54.112,45.701,473,44.206
4913,4913,163.767,382.947,179.661,35.789,16.791,458,1,579,489,54.112,45.701,473,44.206
4914,4914,163.800,382.846,179.519,35.780,16.778,457,1,579,489,54.112,45.701,473,44.206
4915,4915,163.833,382.709,179.276,35.767,16.755,457,1,579,489,54.112,45.701,473,44.206
4916,4916,163.867,382.652,179.185,35.762,16.746,460,1,579,489,54.112,45.701,473,44.206
4917,4917,163.900,382.609,179.078,35.758,16.736,464,1,579,489,54.112,45.701,473,44.206
4918,4918,163.933,382.580,179.003,35.755,16.729,465,1,579,489,54.112,45.701,473,44.206
4919,4919,163.967,382.510,178.917,35.749,16.721,467,1,579,489,54.112,45.701,473,44.206
4920,4920,164.000,382.512,178.866,35.749,16.716,469,1,579,489,54.112,45.701,473,44.206
4921,4921,164.033,381.966,178.169,35.698,16.651,480,1,579,489,54.112,45.701,473,44.206
4922,4922,164.067,381.836,178.113,35.686,16.646,489,1,579,489,54.112,45.701,473,44.206
4923,4923,164.100,381.660,177.964,35.669,16.632,495,1,579,489,54.112,45.701,473,44.206
4924,4924,164.133,381.519,177.759,35.656,16.613,498,1,579,489,54.112,45.701,473,44.206
4925,4925,164.167,381.408,177.643,35.646,16.602,498,1,579,489,54.112,45.701,473,44.206
4926,4926,164.200,381.358,177.556,35.641,16.594,501,1,579,489,54.112,45.701,473,44.206
4927,4927,164.233,381.291,177.471,35.635,16.586,504,1,579,489,54.112,45.701,473,44.206
4928,4928,164.267,381.301,177.407,35.636,16.580,507,1,579,489,54.112,45.701,473,44.206
4929,4929,164.300,381.260,177.336,35.632,16.573,509,1,579,489,54.112,45.701,473,44.206
4930,4930,164.333,381.299,177.398,35.635,16.579,504,1,579,489,54.112,45.701,473,44.206
4931,4931,164.367,381.155,177.241,35.622,16.565,508,1,579,489,54.112,45.701,473,44.206
4932,4932,164.400,381.090,177.042,35.616,16.546,506,1,579,489,54.112,45.701,473,44.206
4933,4933,164.433,381.144,177.024,35.621,16.544,508,1,579,489,54.112,45.701,473,44.206
4934,4934,164.467,380.863,176.575,35.595,16.502,519,1,579,489,54.112,45.701,473,44.206
4935,4935,164.500,380.750,176.404,35.584,16.486,519,1,579,489,54.112,45.701,473,44.206
4936,4936,164.533,380.699,176.404,35.579,16.486,519,1,579,489,54.112,45.701,473,44.206
4937,4937,164.567,380.627,176.318,35.573,16.478,519,1,579,489,54.112,45.701,473,44.206
4938,4938,164.600,380.741,176.450,35.583,16.491,516,1,579,489,54.112,45.701,473,44.206
4939,4939,164.633,380.657,176.273,35.575,16.474,517,1,579,489,54.112,45.701,473,44.206
4940,4940,164.667,380.553,176.066,35.566,16.455,524,1,579,489,54.112,45.701,473,44.206
4941,4941,164.700,380.359,175.881,35.548,16.438,525,1,579,489,54.112,45.701,473,44.206
4942,4942,164.733,380.447,176.079,35.556,16.456,513,1,579,489,54.112,45.701,473,44.206
4943,4943,164.767,380.059,175.463,35.520,16.398,505,1,579,489,54.112,45.701,473,44.206
4944,4944,164.800,379.923,175.232,35.507,16.377,504,1,579,489,54.112,45.701,473,44.206
4945,4945,164.833,379.700,174.882,35.486,16.344,507,1,579,489,54.112,45.701,473,44.206
4946,4946,164.867,379.597,174.722,35.476,16.329,501,1,579,489,54.112,45.701,473,44.206
4947,4947,164.900,379.420,174.542,35.460,16.312,495,1,579,489,54.112,45.701,473,44.206
4948,4948,164.933,379.558,174.642,35.473,16.322,475,1,579,489,54.112,45.701,473,44.206
4949,4949,164.967,379.452,174.375,35.463,16.297,471,1,579,489,54.112,45.701,473,44.206
4950,4950,165.000,379.327,174.210,35.451,16.281,474,1,579,489,54.112,45.701,473,44.206
4951,4951,165.033,379.086,173.839,35.429,16.247,471,1,579,489,54.112,45.701,473,44.206
4952,4952,165.067,379.083,173.842,35.428,16.247,472,1,579,489,54.112,45.701,473,44.206
4953,4953,165.100,378.985,173.596,35.419,16.224,468,1,579,489,54.112,45.701,473,44.206
4954,4954,165.133,379.174,173.847,35.437,16.247,464,1,579,489,54.112,45.701,473,44.206
4955,4955,165.167,379.431,174.138,35.461,16.275,469,1,579,489,54.112,45.701,473,44.206
4956,4956,165.200,379.429,174.141,35.461,16.275,475,1,579,489,54.112,45.701,473,44.206
4957,4957,165.233,379.514,174.217,35.469,16.282,464,1,579,489,54.112,45.701,473,44.206
4958,4958,165.267,379.837,174.447,35.499,16.303,464,1,579,489,54.112,45.701,473,44.206
4959,4959,165.300,380.071,174.713,35.521,16.328,461,1,579,489,54.112,45.701,473,44.206
4960,4960,165.333,380.003,174.485,35.514,16.307,445,1,579,489,54.112,45.701,473,44.206
4961,4961,165.367,380.206,174.596,35.533,16.317,440,1,579,489,54.112,45.701,473,44.206
4962,4962,165.400,380.362,174.633,35.548,16.321,438,1,579,489,54.112,45.701,473,44.206
4963,4963,165.433,380.740,174.947,35.583,16.350,439,1,579,489,54.112,45.701,473,44.206
4964,4964,165.467,380.813,174.893,35.590,16.345,444,1,579,489,54.112,45.701,473,44.206
4965,4965,165.500,380.872,175.004,35.596,16.356,440,1,579,489,54.112,45.701,473,44.206
4966,4966,165.533,380.870,174.855,35.595,16.342,443,1,579,489,54.112,45.701,473,44.206
4967,4967,165.567,380.788,174.803,35.588,16.337,445,1,579,489,54.112,45.701,473,44.206
4968,4968,165.600,380.764,174.893,35.585,16.345,445,1,579,489,54.112,45.701,473,44.206
4969,4969,165.633,380.848,175.145,35.593,16.369,439,1,579,489,54.112,45.701,473,44.206
4970,4970,165.667,380.899,175.364,35.598,16.389,446,1,579,489,54.112,45.701,473,44.206
4971,4971,165.700,380.648,175.110,35.575,16.365,438,1,579,489,54.112,45.701,473,44.206
4972,4972,165.733,380.621,175.103,35.572,16.365,437,1,579,489,54.112,45.701,473,44.206
4973,4973,165.767,380.283,174.719,35.540,16.329,438,1,579,489,54.112,45.701,473,44.206
4974,4974,165.800,380.129,174.777,35.526,16.334,440,1,579,489,54.112,45.701,473,44.206
4975,4975,165.833,379.914,174.888,35.506,16.345,456,1,579,489,54.112,45.701,473,44.206
4976,4976,165.867,379.952,175.080,35.510,16.363,462,1,579,489,54.112,45.701,473,44.206
4977,4977,165.900,379.615,175.052,35.478,16.360,460,1,579,489,54.112,45.701,473,44.206
4978,4978,165.933,379.352,174.954,35.453,16.351,461,1,579,489,54.112,45.701,473,44.206
4979,4979,165.967,379.080,174.819,35.428,16.338,460,1,579,489,54.112,45.701,473,44.206
4980,4980,166.000,378.982,174.830,35.419,16.339,461,1,579,489,54.112,45.701,473,44.206
4981,4981,166.033,378.867,174.960,35.408,16.351,473,1,579,489,54.112,45.701,473,44.206
4982,4982,166.067,378.657,174.823,35.388,16.339,471,1,579,489,54.112,45.701,473,44.206
4983,4983,166.100,378.551,174.682,35.379,16.325,470,1,579,489,54.112,45.701,473,44.206
4984,4984,166.133,378.501,174.640,35.374,16.322,471,1,579,489,54.112,45.701,473,44.206
4985,4985,166.167,378.391,174.424,35.364,16.301,469,1,579,489,54.112,45.701,473,44.206
4986,4986,166.200,378.398,174.420,35.364,16.301,468,1,579,489,54.112,45.701,473,44.206
4987,4987,166.233,378.155,174.194,35.342,16.280,480,1,579,489,54.112,45.701,473,44.206
4988,4988,166.267,378.136,174.319,35.340,16.292,490,1,579,489,54.112,45.701,473,44.206
4989,4989,166.300,377.789,174.090,35.307,16.270,504,1,579,489,54.112,45.701,473,44.206
4990,4990,166.333,377.771,174.084,35.306,16.270,501,1,579,489,54.112,45.701,473,44.206
4991,4991,166.367,377.634,173.912,35.293,16.253,497,1,579,489,54.112,45.701,473,44.206
4992,4992,166.400,377.474,173.792,35.278,16.242,504,1,579,489,54.112,45.701,473,44.206
4993,4993,166.433,377.129,173.588,35.246,16.223,513,1,579,489,54.112,45.701,473,44.206
4994,4994,166.467,377.088,173.568,35.242,16.221,514,1,579,489,54.112,45.701,473,44.206
4995,4995,166.500,376.931,173.423,35.227,16.208,512,1,579,489,54.112,45.701,473,44.206
4996,4996,166.533,376.918,173.339,35.226,16.200,510,1,579,489,54.112,45.701,473,44.206
4997,4997,166.567,376.880,173.286,35.222,16.195,511,1,579,489,54.112,45.701,473,44.206
4998,4998,166.600,376.656,173.179,35.201,16.185,507,1,579,489,54.112,45.701,473,44.206
4999,4999,166.633,376.490,173.158,35.186,16.183,512,1,579,489,54.112,45.701,473,44.206
5000,5000,166.667,376.264,173.015,35.165,16.170,509,1,579,489,54.112,45.701,473,44.206
5001,5001,166.700,375.964,172.855,35.137,16.155,512,1,579,489,54.112,45.701,473,44.206
5002,5002,166.733,376.047,172.888,35.145,16.158,505,1,579,489,54.112,45.701,473,44.206
5003,5003,166.767,376.082,172.836,35.148,16.153,502,1,579,489,54.112,45.701,473,44.206
5004,5004,166.800,375.635,172.454,35.106,16.117,513,1,579,489,54.112,45.701,473,44.206
5005,5005,166.833,375.410,172.480,35.085,16.120,506,1,579,489,54.112,45.701,473,44.206
5006,5006,166.867,375.317,172.241,35.076,16.097,499,1,579,489,54.112,45.701,473,44.206
5007,5007,166.900,375.193,171.980,35.065,16.073,506,1,579,489,54.112,45.701,473,44.206
5008,5008,166.933,374.916,171.591,35.039,16.037,494,1,579,489,54.112,45.701,473,44.206
5009,5009,166.967,374.700,171.272,35.019,16.007,491,1,579,489,54.112,45.701,473,44.206
5010,5010,167.000,374.738,171.232,35.022,16.003,485,1,579,489,54.112,45.701,473,44.206
5011,5011,167.033,374.279,171.031,34.979,15.984,472,1,579,489,54.112,45.701,473,44.206
5012,5012,167.067,374.155,170.768,34.968,15.960,473,1,579,489,54.112,45.701,473,44.206
5013,5013,167.100,373.689,170.503,34.924,15.935,473,1,579,489,54.112,45.701,473,44.206
5014,5014,167.133,373.680,170.490,34.923,15.934,461,1,579,489,54.112,45.701,473,44.206
5015,5015,167.167,373.562,170.431,34.912,15.928,463,1,579,489,54.112,45.701,473,44.206
5016,5016,167.200,373.506,170.394,34.907,15.925,465,1,579,489,54.112,45.701,473,44.206
5017,5017,167.233,373.368,170.303,34.894,15.916,465,1,579,489,54.112,45.701,473,44.206
5018,5018,167.267,373.530,170.295,34.909,15.915,463,1,579,489,54.112,45.701,473,44.206
5019,5019,167.300,373.204,170.047,34.879,15.892,479,1,579,489,54.112,45.701,473,44.206
5020,5020,167.333,373.295,169.782,34.887,15.867,474,1,579,489,54.112,45.701,473,44.206
5021,5021,167.367,373.081,169.357,34.867,15.828,469,1,579,489,54.112,45.701,473,44.206
5022,5022,167.400,373.616,169.564,34.917,15.847,475,1,579,489,54.112,45.701,473,44.206
5023,5023,167.433,373.454,169.369,34.902,15.829,473,1,579,489,54.112,45.701,473,44.206
5024,5024,167.467,373.488,169.329,34.905,15.825,472,1,579,489,54.112,45.701,473,44.206
5025,5025,167.500,373.461,169.230,34.903,15.816,468,1,579,489,54.112,45.701,473,44.206
5026,5026,167.533,373.631,169.362,34.919,15.828,463,1,579,489,54.112,45.701,473,44.206
5027,5027,167.567,373.288,169.391,34.887,15.831,476,1,579,489,54.112,45.701,473,44.206
5028,5028,167.600,373.421,169.484,34.899,15.840,465,1,579,489,54.112,45.701,473,44.206
5029,5029,167.633,373.220,169.453,34.880,15.837,468,1,579,489,54.112,45.701,473,44.206
5030,5030,167.667,372.924,169.305,34.853,15.823,462,1,579,489,54.112,45.701,473,44.206
5031,5031,167.700,372.728,169.444,34.834,15.836,470,1,579,489,54.112,45.701,473,44.206
5032,5032,167.733,372.452,169.386,34.809,15.830,470,1,579,489,54.112,45.701,473,44.206
5033,5033,167.767,372.402,169.428,34.804,15.834,474,1,579,489,54.112,45.701,473,44.206
5034,5034,167.800,372.195,169.396,34.785,15.831,480,1,579,489,54.112,45.701,473,44.206
5035,5035,167.833,371.987,169.361,34.765,15.828,478,1,579,489,54.112,45.701,473,44.206
5036,5036,167.867,371.569,169.342,34.726,15.826,488,1,579,489,54.112,45.701,473,44.206
5037,5037,167.900,371.249,169.163,34.696,15.810,496,1,579,489,54.112,45.701,473,44.206
5038,5038,167.933,371.072,169.071,34.680,15.801,501,1,579,489,54.112,45.701,473,44.206
5039,5039,167.967,370.931,168.977,34.666,15.792,497,1,579,489,54.112,45.701,473,44.206
5040,5040,168.000,370.856,168.993,34.659,15.794,501,1,579,489,54.112,45.701,473,44.206
5041,5041,168.033,370.604,168.890,34.636,15.784,503,1,579,489,54.112,45.701,473,44.206
5042,5042,168.067,369.901,168.675,34.570,15.764,509,1,579,489,54.112,45.701,473,44.206
5043,5043,168.100,369.710,168.592,34.552,15.756,510,1,579,489,54.112,45.701,473,44.206
5044,5044,168.133,369.553,168.553,34.538,15.753,514,1,579,489,54.112,45.701,473,44.206
5045,5045,168.167,369.527,168.525,34.535,15.750,519,1,579,489,54.112,45.701,473,44.206
5046,5046,168.200,369.409,168.496,34.524,15.747,521,1,579,489,54.112,45.701,473,44.206
5047,5047,168.233,369.434,168.439,34.527,15.742,520,1,579,489,54.112,45.701,473,44.206
5048,5048,168.267,369.238,168.376,34.508,15.736,523,1,579,489,54.112,45.701,473,44.206
5049,5049,168.300,368.767,168.241,34.464,15.723,524,1,579,489,54.112,45.701,473,44.206
5050,5050,168.333,368.492,168.160,34.438,15.716,531,1,579,489,54.112,45.701,473,44.206
5051,5051,168.367,368.404,168.104,34.430,15.711,536,1,579,489,54.112,45.701,473,44.206
5052,5052,168.400,368.297,168.052,34.420,15.706,530,1,579,489,54.112,45.701,473,44.206
5053,5053,168.433,368.215,168.032,34.413,15.704,527,1,579,489,54.112,45.701,473,44.206
5054,5054,168.467,367.856,167.973,34.379,15.698,527,1,579,489,54.112,45.701,473,44.206
5055,5055,168.500,367.670,167.788,34.362,15.681,519,1,579,489,54.112,45.701,473,44.206
5056,5056,168.533,367.467,167.592,34.343,15.663,514,1,579,489,54.112,45.701,473,44.206
5057,5057,168.567,367.289,167.387,34.326,15.644,503,1,579,489,54.112,45.701,473,44.206
5058,5058,168.600,366.532,167.153,34.255,15.622,503,1,579,489,54.112,45.701,473,44.206
5059,5059,168.633,366.162,166.940,34.221,15.602,503,1,579,489,54.112,45.701,473,44.206
5060,5060,168.667,365.660,166.804,34.174,15.589,500,1,579,489,54.112,45.701,473,44.206
5061,5061,168.700,365.747,166.812,34.182,15.590,493,1,579,489,54.112,45.701,473,44.206
5062,5062,168.733,365.567,166.670,34.165,15.577,482,1,579,489,54.112,45.701,473,44.206
5063,5063,168.767,365.619,166.569,34.170,15.567,473,1,579,489,54.112,45.701,473,44.206
5064,5064,168.800,365.514,166.372,34.160,15.549,470,1,579,489,54.112,45.701,473,44.206
5065,5065,168.833,365.969,166.366,34.203,15.548,465,1,579,489,54.112,45.701,473,44.206
5066,5066,168.867,365.829,166.250,34.190,15.537,471,1,579,489,54.112,45.701,473,44.206
5067,5067,168.900,365.966,166.066,34.202,15.520,466,1,579,489,54.112,45.701,473,44.206
5068,5068,168.933,366.019,166.064,34.207,15.520,464,1,579,489,54.112,45.701,473,44.206
5069,5069,168.967,365.961,166.036,34.202,15.517,465,1,579,489,54.112,45.701,473,44.206
5070,5070,169.000,366.008,165.961,34.206,15.510,466,1,579,489,54.112,45.701,473,44.206
5071,5071,169.033,366.013,165.994,34.207,15.514,469,1,579,489,54.112,45.701,473,44.206
5072,5072,169.067,366.079,166.037,34.213,15.517,470,1,579,489,54.112,45.701,473,44.206
5073,5073,169.100,365.616,165.981,34.170,15.512,480,1,579,489,54.112,45.701,473,44.206
5074,5074,169.133,365.472,166.060,34.156,15.520,479,1,579,489,54.112,45.701,473,44.206
5075,5075,169.167,365.583,166.078,34.167,15.521,475,1,579,489,54.112,45.701,473,44.206
5076,5076,169.200,365.348,166.169,34.145,15.530,488,1,579,489,54.112,45.701,473,44.206
5077,5077,169.233,365.242,166.103,34.135,15.524,481,1,579,489,54.112,45.701,473,44.206
5078,5078,169.267,365.026,166.131,34.115,15.526,493,1,579,489,54.112,45.701,473,44.206
5079,5079,169.300,364.645,166.104,34.079,15.524,499,1,579,489,54.112,45.701,473,44.206
5080,5080,169.333,364.301,165.948,34.047,15.509,504,1,579,489,54.112,45.701,473,44.206
5081,5081,169.367,364.071,165.902,34.025,15.505,510,1,579,489,54.112,45.701,473,44.206
5082,5082,169.400,363.953,165.861,34.014,15.501,505,1,579,489,54.112,45.701,473,44.206
5083,5083,169.433,363.825,165.817,34.002,15.497,514,1,579,489,54.112,45.701,473,44.206
5084,5084,169.467,363.582,165.830,33.980,15.498,523,1,579,489,54.112,45.701,473,44.206
5085,5085,169.500,363.119,165.660,33.936,15.482,522,1,579,489,54.112,45.701,473,44.206
5086,5086,169.533,362.974,165.641,33.923,15.480,525,1,579,489,54.112,45.701,473,44.206
5087,5087,169.567,362.216,165.548,33.852,15.472,532,1,579,489,54.112,45.701,473,44.206
5088,5088,169.600,362.311,165.616,33.861,15.478,541,1,579,489,54.112,45.701,473,44.206
5089,5089,169.633,362.150,165.592,33.846,15.476,543,1,579,489,54.112,45.701,473,44.206
5090,5090,169.667,362.257,165.619,33.856,15.478,540,1,579,489,54.112,45.701,473,44.206
5091,5091,169.700,362.207,165.605,33.851,15.477,538,1,579,489,54.112,45.701,473,44.206
5092,5092,169.733,362.022,165.549,33.834,15.472,550,1,579,489,54.112,45.701,473,44.206
5093,5093,169.767,361.521,165.437,33.787,15.461,549,1,579,489,54.112,45.701,473,44.206
5094,5094,169.800,361.322,165.318,33.768,15.450,553,1,579,489,54.112,45.701,473,44.206
5095,5095,169.833,361.164,165.279,33.754,15.447,550,1,579,489,54.112,45.701,473,44.206
5096,5096,169.867,361.000,165.288,33.738,15.447,556,1,579,489,54.112,45.701,473,44.206
5097,5097,169.900,360.966,165.321,33.735,15.451,553,1,579,489,54.112,45.701,473,44.206
5098,5098,169.933,360.621,165.325,33.703,15.451,541,1,579,489,54.112,45.701,473,44.206
5099,5099,169.967,360.478,165.300,33.690,15.449,548,1,579,489,54.112,45.701,473,44.206
5100,5100,170.000,360.383,165.283,33.681,15.447,541,1,579,489,54.112,45.701,473,44.206
5101,5101,170.033,360.948,165.268,33.733,15.446,535,1,579,489,54.112,45.701,473,44.206
5102,5102,170.067,360.353,165.207,33.678,15.440,539,1,579,489,54.112,45.701,473,44.206
5103,5103,170.100,360.118,165.137,33.656,15.433,539,1,579,489,54.112,45.701,473,44.206
5104,5104,170.133,359.895,165.004,33.635,15.421,531,1,579,489,54.112,45.701,473,44.206
5105,5105,170.167,359.869,164.988,33.633,15.419,529,1,579,489,54.112,45.701,473,44.206
5106,5106,170.200,359.781,164.930,33.624,15.414,533,1,579,489,54.112,45.701,473,44.206
5107,5107,170.233,359.730,164.974,33.620,15.418,532,1,579,489,54.112,45.701,473,44.206
5108,5108,170.267,359.636,164.940,33.611,15.415,529,1,579,489,54.112,45.701,473,44.206
5109,5109,170.300,359.434,164.895,33.592,15.411,534,1,579,489,54.112,45.701,473,44.206
5110,5110,170.333,359.183,164.769,33.569,15.399,525,1,579,489,54.112,45.701,473,44.206
5111,5111,170.367,359.187,164.813,33.569,15.403,520,1,579,489,54.112,45.701,473,44.206
5112,5112,170.400,358.832,164.711,33.536,15.394,510,1,579,489,54.112,45.701,473,44.206
5113,5113,170.433,358.472,164.648,33.502,15.388,503,1,579,489,54.112,45.701,473,44.206
5114,5114,170.467,358.200,164.636,33.477,15.387,506,1,579,489,54.112,45.701,473,44.206
5115,5115,170.500,358.183,164.577,33.475,15.381,502,1,579,489,54.112,45.701,473,44.206
5116,5116,170.533,358.373,164.604,33.493,15.384,495,1,579,489,54.112,45.701,473,44.206
5117,5117,170.567,358.276,164.533,33.484,15.377,494,1,579,489,54.112,45.701,473,44.206
5118,5118,170.600,358.161,164.406,33.473,15.365,491,1,579,489,54.112,45.701,473,44.206
5119,5119,170.633,358.326,164.388,33.488,15.363,489,1,579,489,54.112,45.701,473,44.206
5120,5120,170.667,358.374,164.271,33.493,15.352,487,1,579,489,54.112,45.701,473,44.206
5121,5121,170.700,358.222,164.231,33.479,15.349,484,1,579,489,54.112,45.701,473,44.206
5122,5122,170.733,358.138,164.200,33.471,15.346,478,1,579,489,54.112,45.701,473,44.206
5123,5123,170.767,358.151,164.191,33.472,15.345,478,1,579,489,54.112,45.701,473,44.206
5124,5124,170.800,358.215,164.244,33.478,15.350,478,1,579,489,54.112,45.701,473,44.206
5125,5125,170.833,358.285,164.299,33.485,15.355,476,1,579,489,54.112,45.701,473,44.206
5126,5126,170.867,358.286,164.309,33.485,15.356,478,1,579,489,54.112,45.701,473,44.206
5127,5127,170.900,358.272,164.327,33.483,15.358,474,1,579,489,54.112,45.701,473,44.206
5128,5128,170.933,358.232,164.319,33.480,15.357,478,1,579,489,54.112,45.701,473,44.206
5129,5129,170.967,357.930,164.235,33.451,15.349,490,1,579,489,54.112,45.701,473,44.206
5130,5130,171.000,357.853,164.271,33.444,15.352,493,1,579,489,54.112,45.701,473,44.206
5131,5131,171.033,357.637,164.176,33.424,15.344,490,1,579,489,54.112,45.701,473,44.206
5132,5132,171.067,357.533,164.175,33.414,15.343,494,1,579,489,54.112,45.701,473,44.206
5133,5133,171.100,357.295,164.158,33.392,15.342,505,1,579,489,54.112,45.701,473,44.206
5134,5134,171.133,357.290,164.179,33.392,15.344,509,1,579,489,54.112,45.701,473,44.206
5135,5135,171.167,357.001,164.085,33.365,15.335,510,1,579,489,54.112,45.701,473,44.206
5136,5136,171.200,356.803,164.052,33.346,15.332,509,1,579,489,54.112,45.701,473,44.206
5137,5137,171.233,356.758,164.065,33.342,15.333,511,1,579,489,54.112,45.701,473,44.206
5138,5138,171.267,356.627,164.051,33.330,15.332,514,1,579,489,54.112,45.701,473,44.206
5139,5139,171.300,356.230,163.979,33.293,15.325,532,1,579,489,54.112,45.701,473,44.206
5140,5140,171.333,356.156,163.936,33.286,15.321,529,1,579,489,54.112,45.701,473,44.206
5141,5141,171.367,355.946,163.940,33.266,15.322,534,1,579,489,54.112,45.701,473,44.206
5142,5142,171.400,355.475,163.789,33.222,15.307,535,1,579,489,54.112,45.701,473,44.206
5143,5143,171.433,355.050,163.709,33.182,15.300,530,1,579,489,54.112,45.701,473,44.206
5144,5144,171.467,355.084,163.751,33.185,15.304,535,1,579,489,54.112,45.701,473,44.206
5145,5145,171.500,355.238,163.799,33.200,15.308,533,1,579,489,54.112,45.701,473,44.206
5146,5146,171.533,355.152,163.785,33.192,15.307,534,1,579,489,54.112,45.701,473,44.206
5147,5147,171.567,354.952,163.703,33.173,15.299,541,1,579,489,54.112,45.701,473,44.206
5148,5148,171.600,354.696,163.667,33.149,15.296,549,1,579,489,54.112,45.701,473,44.206
5149,5149,171.633,354.713,163.693,33.151,15.298,550,1,579,489,54.112,45.701,473,44.206
5150,5150,171.667,354.671,163.731,33.147,15.302,555,1,579,489,54.112,45.701,473,44.206
5151,5151,171.700,354.528,163.729,33.133,15.302,554,1,579,489,54.112,45.701,473,44.206
5152,5152,171.733,354.335,163.722,33.115,15.301,557,1,579,489,54.112,45.701,473,44.206
5153,5153,171.767,354.244,163.703,33.107,15.299,556,1,579,489,54.112,45.701,473,44.206
5154,5154,171.800,353.960,163.666,33.080,15.296,562,1,579,489,54.112,45.701,473,44.206
5155,5155,171.833,354.015,163.695,33.086,15.299,567,1,579,489,54.112,45.701,473,44.206
5156,5156,171.867,354.064,163.786,33.090,15.307,568,1,579,489,54.112,45.701,473,44.206
5157,5157,171.900,354.007,163.730,33.085,15.302,567,1,579,489,54.112,45.701,473,44.206
5158,5158,171.933,353.987,163.711,33.083,15.300,564,1,579,489,54.112,45.701,473,44.206
5159,5159,171.967,353.884,163.704,33.073,15.299,566,1,579,489,54.112,45.701,473,44.206
5160,5160,172.000,353.761,163.739,33.062,15.303,566,1,579,489,54.112,45.701,473,44.206
5161,5161,172.033,353.860,163.740,33.071,15.303,561,1,579,489,54.112,45.701,473,44.206
5162,5162,172.067,354.260,163.815,33.108,15.310,570,1,579,489,54.112,45.701,473,44.206
5163,5163,172.100,353.993,163.829,33.083,15.311,582,1,579,489,54.112,45.701,473,44.206
5164,5164,172.133,353.699,163.750,33.056,15.304,576,1,579,489,54.112,45.701,473,44.206
5165,5165,172.167,353.407,163.718,33.029,15.301,584,1,579,489,54.112,45.701,473,44.206
5166,5166,172.200,353.566,163.731,33.044,15.302,578,1,579,489,54.112,45.701,473,44.206
5167,5167,172.233,353.371,163.719,33.025,15.301,585,1,579,489,54.112,45.701,473,44.206
5168,5168,172.267,353.275,163.707,33.016,15.300,585,1,579,489,54.112,45.701,473,44.206
5169,5169,172.300,352.910,163.676,32.982,15.297,570,1,579,489,54.112,45.701,473,44.206
5170,5170,172.333,352.618,163.602,32.955,15.290,552,1,579,489,54.112,45.701,473,44.206
5171,5171,172.367,352.236,163.568,32.919,15.287,551,1,579,489,54.112,45.701,473,44.206
5172,5172,172.400,352.208,163.529,32.917,15.283,550,1,579,489,54.112,45.701,473,44.206
5173,5173,172.433,351.969,163.481,32.894,15.279,528,1,579,489,54.112,45.701,473,44.206
5174,5174,172.467,351.600,163.426,32.860,15.273,516,1,579,489,54.112,45.701,473,44.206
5175,5175,172.500,351.201,163.323,32.823,15.264,507,1,579,489,54.112,45.701,473,44.206
5176,5176,172.533,350.949,163.279,32.799,15.260,498,1,579,489,54.112,45.701,473,44.206
5177,5177,172.567,350.171,163.315,32.726,15.263,491,1,579,489,54.112,45.701,473,44.206
5178,5178,172.600,349.842,163.262,32.695,15.258,477,1,579,489,54.112,45.701,473,44.206
5179,5179,172.633,349.629,163.252,32.676,15.257,475,1,579,489,54.112,45.701,473,44.206
5180,5180,172.667,349.443,163.211,32.658,15.253,482,1,579,489,54.112,45.701,473,44.206
5181,5181,172.700,349.438,163.240,32.658,15.256,481,1,579,489,54.112,45.701,473,44.206
5182,5182,172.733,349.574,163.162,32.670,15.249,478,1,579,489,54.112,45.701,473,44.206
5183,5183,172.767,349.655,163.144,32.678,15.247,479,1,579,489,54.112,45.701,473,44.206
5184,5184,172.800,349.728,163.038,32.685,15.237,478,1,579,489,54.112,45.701,473,44.206
5185,5185,172.833,349.624,162.996,32.675,15.233,479,1,579,489,54.112,45.701,473,44.206
5186,5186,172.867,349.766,162.988,32.688,15.233,481,1,579,489,54.112,45.701,473,44.206
5187,5187,172.900,349.576,162.996,32.671,15.233,477,1,579,489,54.112,45.701,473,44.206
5188,5188,172.933,349.642,163.027,32.677,15.236,478,1,579,489,54.112,45.701,473,44.206
5189,5189,172.967,349.570,163.031,32.670,15.237,477,1,579,489,54.112,45.701,473,44.206
5190,5190,173.000,349.437,163.036,32.658,15.237,487,1,579,489,54.112,45.701,473,44.206
5191,5191,173.033,349.068,162.970,32.623,15.231,484,1,579,489,54.112,45.701,473,44.206
5192,5192,173.067,349.031,163.043,32.620,15.238,492,1,579,489,54.112,45.701,473,44.206
5193,5193,173.100,349.127,163.059,32.629,15.239,496,1,579,489,54.112,45.701,473,44.206
5194,5194,173.133,348.899,163.105,32.607,15.243,493,1,579,489,54.112,45.701,473,44.206
5195,5195,173.167,348.724,163.051,32.591,15.238,487,1,579,489,54.112,45.701,473,44.206
5196,5196,173.200,348.246,163.088,32.546,15.242,498,1,579,489,54.112,45.701,473,44.206
5197,5197,173.233,348.052,163.067,32.528,15.240,502,1,579,489,54.112,45.701,473,44.206
5198,5198,173.267,347.713,163.014,32.497,15.235,508,1,579,489,54.112,45.701,473,44.206
5199,5199,173.300,347.449,163.032,32.472,15.237,517,1,579,489,54.112,45.701,473,44.206
5200,5200,173.333,347.170,163.070,32.446,15.240,515,1,579,489,54.112,45.701,473,44.206
5201,5201,173.367,346.390,163.053,32.373,15.239,530,1,579,489,54.112,45.701,473,44.206
5202,5202,173.400,346.029,162.992,32.339,15.233,527,1,579,489,54.112,45.701,473,44.206
5203,5203,173.433,345.666,162.875,32.305,15.222,519,1,579,489,54.112,45.701,473,44.206
5204,5204,173.467,345.497,162.874,32.289,15.222,526,1,579,489,54.112,45.701,473,44.206
5205,5205,173.500,344.665,162.833,32.212,15.218,530,1,579,489,54.112,45.701,473,44.206
5206,5206,173.533,344.515,162.892,32.198,15.224,542,1,579,489,54.112,45.701,473,44.206
5207,5207,173.567,344.139,162.832,32.163,15.218,529,1,579,489,54.112,45.701,473,44.206
5208,5208,173.600,343.881,162.818,32.138,15.217,535,1,579,489,54.112,45.701,473,44.206
5209,5209,173.633,343.304,162.727,32.085,15.208,544,1,579,489,54.112,45.701,473,44.206
5210,5210,173.667,343.115,162.704,32.067,15.206,551,1,579,489,54.112,45.701,473,44.206
5211,5211,173.700,342.665,162.594,32.025,15.196,542,1,579,489,54.112,45.701,473,44.206
5212,5212,173.733,342.683,162.635,32.026,15.199,547,1,579,489,54.112,45.701,473,44.206
5213,5213,173.767,342.424,162.625,32.002,15.199,540,1,579,489,54.112,45.701,473,44.206
5214,5214,173.800,342.173,162.597,31.979,15.196,524,1,579,489,54.112,45.701,473,44.206
5215,5215,173.833,342.162,162.628,31.978,15.199,522,1,579,489,54.112,45.701,473,44.206
5216,5216,173.867,341.901,162.588,31.953,15.195,512,1,579,489,54.112,45.701,473,44.206
5217,5217,173.900,341.742,162.515,31.938,15.188,509,1,579,489,54.112,45.701,473,44.206
5218,5218,173.933,341.344,162.482,31.901,15.185,503,1,579,489,54.112,45.701,473,44.206
5219,5219,173.967,341.225,162.488,31.890,15.186,500,1,579,489,54.112,45.701,473,44.206
5220,5220,174.000,341.124,162.498,31.881,15.187,503,1,579,489,54.112,45.701,473,44.206
5221,5221,174.033,340.976,162.424,31.867,15.180,489,1,579,489,54.112,45.701,473,44.206
5222,5222,174.067,340.674,162.396,31.839,15.177,494,1,579,489,54.112,45.701,473,44.206
5223,5223,174.100,340.644,162.370,31.836,15.175,494,1,579,489,54.112,45.701,473,44.206
5224,5224,174.133,340.651,162.339,31.837,15.172,495,1,579,489,54.112,45.701,473,44.206
5225,5225,174.167,340.666,162.343,31.838,15.172,496,1,579,489,54.112,45.701,473,44.206
5226,5226,174.200,340.588,162.308,31.831,15.169,494,1,579,489,54.112,45.701,473,44.206
5227,5227,174.233,340.590,162.302,31.831,15.168,493,1,579,489,54.112,45.701,473,44.206
5228,5228,174.267,340.597,162.294,31.831,15.168,492,1,579,489,54.112,45.701,473,44.206
5229,5229,174.300,340.876,162.331,31.858,15.171,485,1,579,489,54.112,45.701,473,44.206
5230,5230,174.333,340.755,162.360,31.846,15.174,484,1,579,489,54.112,45.701,473,44.206
5231,5231,174.367,340.641,162.342,31.836,15.172,484,1,579,489,54.112,45.701,473,44.206
5232,5232,174.400,340.771,162.407,31.848,15.178,482,1,579,489,54.112,45.701,473,44.206
5233,5233,174.433,340.774,162.397,31.848,15.177,485,1,579,489,54.112,45.701,473,44.206
5234,5234,174.467,340.758,162.415,31.847,15.179,484,1,579,489,54.112,45.701,473,44.206
5235,5235,174.500,340.685,162.446,31.840,15.182,493,1,579,489,54.112,45.701,473,44.206
5236,5236,174.533,340.416,162.363,31.815,15.174,486,1,579,489,54.112,45.701,473,44.206
5237,5237,174.567,340.459,162.393,31.819,15.177,486,1,579,489,54.112,45.701,473,44.206
5238,5238,174.600,340.470,162.444,31.820,15.182,489,1,579,489,54.112,45.701,473,44.206
5239,5239,174.633,340.643,162.464,31.836,15.184,487,1,579,489,54.112,45.701,473,44.206
5240,5240,174.667,340.540,162.447,31.826,15.182,490,1,579,489,54.112,45.701,473,44.206
5241,5241,174.700,340.681,162.460,31.839,15.183,489,1,579,489,54.112,45.701,473,44.206
5242,5242,174.733,340.424,162.427,31.815,15.180,492,1,579,489,54.112,45.701,473,44.206
5243,5243,174.767,340.435,162.341,31.816,15.172,487,1,579,489,54.112,45.701,473,44.206
5244,5244,174.800,340.187,162.267,31.793,15.165,496,1,579,489,54.112,45.701,473,44.206
5245,5245,174.833,340.327,162.153,31.806,15.154,493,1,579,489,54.112,45.701,473,44.206
5246,5246,174.867,340.578,162.090,31.830,15.149,488,1,579,489,54.112,45.701,473,44.206
5247,5247,174.900,340.601,162.029,31.832,15.143,487,1,579,489,54.112,45.701,473,44.206
5248,5248,174.933,340.594,161.971,31.831,15.137,495,1,579,489,54.112,45.701,473,44.206
5249,5249,174.967,340.762,161.962,31.847,15.137,485,1,579,489,54.112,45.701,473,44.206
5250,5250,175.000,340.791,161.935,31.850,15.134,482,1,579,489,54.112,45.701,473,44.206
5251,5251,175.033,340.890,162.001,31.859,15.140,483,1,579,489,54.112,45.701,473,44.206
5252,5252,175.067,340.809,161.988,31.851,15.139,485,1,579,489,54.112,45.701,473,44.206
5253,5253,175.100,340.825,162.005,31.853,15.141,484,1,579,489,54.112,45.701,473,44.206
5254,5254,175.133,340.879,161.970,31.858,15.137,483,1,579,489,54.112,45.701,473,44.206
5255,5255,175.167,340.565,161.994,31.828,15.140,488,1,579,489,54.112,45.701,473,44.206
5256,5256,175.200,340.928,162.060,31.862,15.146,484,1,579,489,54.112,45.701,473,44.206
5257,5257,175.233,340.923,162.031,31.862,15.143,483,1,579,489,54.112,45.701,473,44.206
5258,5258,175.267,340.713,161.976,31.842,15.138,485,1,579,489,54.112,45.701,473,44.206
5259,5259,175.300,340.737,161.983,31.845,15.139,476,1,579,489,54.112,45.701,473,44.206
5260,5260,175.333,340.542,161.873,31.826,15.128,477,1,579,489,54.112,45.701,473,44.206
5261,5261,175.367,340.489,161.796,31.821,15.121,481,1,579,489,54.112,45.701,473,44.206
5262,5262,175.400,340.489,161.675,31.821,15.110,490,1,579,489,54.112,45.701,473,44.206
5263,5263,175.433,340.348,161.622,31.808,15.105,493,1,579,489,54.112,45.701,473,44.206
5264,5264,175.467,340.089,161.404,31.784,15.085,488,1,579,489,54.112,45.701,473,44.206
5265,5265,175.500,339.918,161.410,31.768,15.085,496,1,579,489,54.112,45.701,473,44.206
5266,5266,175.533,340.098,161.464,31.785,15.090,486,1,579,489,54.112,45.701,473,44.206
5267,5267,175.567,340.068,161.435,31.782,15.087,484,1,579,489,54.112,45.701,473,44.206
5268,5268,175.600,339.866,161.320,31.763,15.077,487,1,579,489,54.112,45.701,473,44.206
5269,5269,175.633,339.842,161.317,31.761,15.076,492,1,579,489,54.112,45.701,473,44.206
5270,5270,175.667,339.705,161.274,31.748,15.072,492,1,579,489,54.112,45.701,473,44.206
5271,5271,175.700,339.447,161.038,31.724,15.050,511,1,579,489,54.112,45.701,473,44.206
5272,5272,175.733,339.613,161.113,31.739,15.057,499,1,579,489,54.112,45.701,473,44.206
5273,5273,175.767,339.446,161.027,31.724,15.049,491,1,579,489,54.112,45.701,473,44.206
5274,5274,175.800,339.473,161.043,31.726,15.051,488,1,579,489,54.112,45.701,473,44.206
5275,5275,175.833,338.942,160.656,31.677,15.015,504,1,579,489,54.112,45.701,473,44.206
5276,5276,175.867,338.748,160.592,31.659,15.009,504,1,579,489,54.112,45.701,473,44.206
5277,5277,175.900,338.555,160.686,31.641,15.017,496,1,579,489,54.112,45.701,473,44.206
5278,5278,175.933,338.299,160.648,31.617,15.014,483,1,579,489,54.112,45.701,473,44.206
5279,5279,175.967,337.754,160.542,31.566,15.004,491,1,579,489,54.112,45.701,473,44.206
5280,5280,176.000,337.559,160.376,31.548,14.988,493,1,579,489,54.112,45.701,473,44.206
5281,5281,176.033,337.528,160.316,31.545,14.983,471,1,579,489,54.112,45.701,473,44.206
5282,5282,176.067,337.260,160.270,31.520,14.979,461,1,579,489,54.112,45.701,473,44.206
5283,5283,176.100,336.746,159.974,31.472,14.951,470,1,579,489,54.112,45.701,473,44.206
5284,5284,176.133,336.532,159.886,31.452,14.943,463,1,579,489,54.112,45.701,473,44.206
5285,5285,176.167,336.377,159.744,31.437,14.929,450,1,579,489,54.112,45.701,473,44.206
5286,5286,176.200,336.337,159.741,31.433,14.929,450,1,579,489,54.112,45.701,473,44.206
5287,5287,176.233,336.166,159.680,31.417,14.923,447,1,579,489,54.112,45.701,473,44.206
5288,5288,176.267,335.931,159.667,31.395,14.922,439,1,579,489,54.112,45.701,473,44.206
5289,5289,176.300,335.698,159.706,31.374,14.926,436,1,579,489,54.112,45.701,473,44.206
5290,5290,176.333,335.716,159.820,31.375,14.936,438,1,579,489,54.112,45.701,473,44.206
5291,5291,176.367,335.670,159.939,31.371,14.948,441,1,579,489,54.112,45.701,473,44.206
5292,5292,176.400,335.541,160.065,31.359,14.959,448,1,579,489,54.112,45.701,473,44.206
5293,5293,176.433,335.200,160.207,31.327,14.973,442,1,579,489,54.112,45.701,473,44.206
5294,5294,176.467,334.958,160.268,31.305,14.978,447,1,579,489,54.112,45.701,473,44.206
5295,5295,176.500,334.847,160.308,31.294,14.982,445,1,579,489,54.112,45.701,473,44.206
5296,5296,176.533,334.881,160.244,31.297,14.976,452,1,579,489,54.112,45.701,473,44.206
5297,5297,176.567,334.824,160.155,31.292,14.968,452,1,579,489,54.112,45.701,473,44.206
5298,5298,176.600,334.825,160.020,31.292,14.955,452,1,579,489,54.112,45.701,473,44.206
5299,5299,176.633,334.791,159.889,31.289,14.943,451,1,579,489,54.112,45.701,473,44.206
5300,5300,176.667,334.883,159.843,31.297,14.939,452,1,579,489,54.112,45.701,473,44.206
5301,5301,176.700,334.946,159.605,31.303,14.916,443,1,579,489,54.112,45.701,473,44.206
5302,5302,176.733,334.829,159.343,31.292,14.892,460,1,579,489,54.112,45.701,473,44.206
5303,5303,176.767,334.592,159.103,31.270,14.869,461,1,579,489,54.112,45.701,473,44.206
5304,5304,176.800,334.333,158.838,31.246,14.845,459,1,579,489,54.112,45.701,473,44.206
5305,5305,176.833,334.147,158.699,31.229,14.832,461,1,579,489,54.112,45.701,473,44.206
5306,5306,176.867,334.066,158.510,31.221,14.814,474,1,579,489,54.112,45.701,473,44.206
5307,5307,176.900,333.493,158.278,31.168,14.792,491,1,579,489,54.112,45.701,473,44.206
5308,5308,176.933,333.232,158.005,31.143,14.767,490,1,579,489,54.112,45.701,473,44.206
5309,5309,176.967,332.908,157.839,31.113,14.751,492,1,579,489,54.112,45.701,473,44.206
5310,5310,177.000,332.867,157.741,31.109,14.742,491,1,579,489,54.112,45.701,473,44.206
5311,5311,177.033,332.856,157.654,31.108,14.734,493,1,579,489,54.112,45.701,473,44.206
5312,5312,177.067,332.511,157.182,31.076,14.690,489,1,579,489,54.112,45.701,473,44.206
5313,5313,177.100,332.473,157.124,31.072,14.685,493,1,579,489,54.112,45.701,473,44.206
5314,5314,177.133,332.542,157.015,31.079,14.674,508,1,579,489,54.112,45.701,473,44.206
5315,5315,177.167,332.139,156.701,31.041,14.645,503,1,579,489,54.112,45.701,473,44.206
5316,5316,177.200,331.920,156.511,31.021,14.627,507,1,579,489,54.112,45.701,473,44.206
5317,5317,177.233,331.976,156.567,31.026,14.632,505,1,579,489,54.112,45.701,473,44.206
5318,5318,177.267,331.967,156.559,31.025,14.632,510,1,579,489,54.112,45.701,473,44.206
5319,5319,177.300,331.806,156.442,31.010,14.621,520,1,579,489,54.112,45.701,473,44.206
5320,5320,177.333,331.755,156.533,31.005,14.629,502,1,579,489,54.112,45.701,473,44.206
5321,5321,177.367,331.206,156.108,30.954,14.589,510,1,579,489,54.112,45.701,473,44.206
5322,5322,177.400,331.083,156.091,30.942,14.588,502,1,579,489,54.112,45.701,473,44.206
5323,5323,177.433,330.809,155.992,30.917,14.579,491,1,579,489,54.112,45.701,473,44.206
5324,5324,177.467,330.668,155.804,30.904,14.561,495,1,579,489,54.112,45.701,473,44.206
5325,5325,177.500,330.349,155.604,30.874,14.542,493,1,579,489,54.112,45.701,473,44.206
5326,5326,177.533,330.116,155.456,30.852,14.529,489,1,579,489,54.112,45.701,473,44.206
5327,5327,177.567,329.847,155.194,30.827,14.504,483,1,579,489,54.112,45.701,473,44.206
5328,5328,177.600,329.649,155.121,30.808,14.497,474,1,579,489,54.112,45.701,473,44.206
5329,5329,177.633,329.499,155.071,30.794,14.493,472,1,579,489,54.112,45.701,473,44.206
5330,5330,177.667,329.302,154.956,30.776,14.482,465,1,579,489,54.112,45.701,473,44.206
5331,5331,177.700,329.042,154.663,30.752,14.454,451,1,579,489,54.112,45.701,473,44.206
5332,5332,177.733,329.034,154.813,30.751,14.468,459,1,579,489,54.112,45.701,473,44.206
5333,5333,177.767,328.947,154.875,30.743,14.474,449,1,579,489,54.112,45.701,473,44.206
5334,5334,177.800,328.808,154.917,30.730,14.478,443,1,579,489,54.112,45.701,473,44.206
5335,5335,177.833,328.725,154.898,30.722,14.476,453,1,579,489,54.112,45.701,473,44.206
5336,5336,177.867,328.286,154.955,30.681,14.482,437,1,579,489,54.112,45.701,473,44.206
5337,5337,177.900,328.178,155.227,30.671,14.507,435,1,579,489,54.112,45.701,473,44.206
5338,5338,177.933,327.971,155.125,30.652,14.498,441,1,579,489,54.112,45.701,473,44.206
5339,5339,177.967,327.747,155.019,30.631,14.488,447,1,579,489,54.112,45.701,473,44.206
5340,5340,178.000,327.867,155.212,30.642,14.506,443,1,579,489,54.112,45.701,473,44.206
5341,5341,178.033,327.797,155.232,30.635,14.508,441,1,579,489,54.112,45.701,473,44.206
5342,5342,178.067,327.773,155.186,30.633,14.503,445,1,579,489,54.112,45.701,473,44.206
5343,5343,178.100,327.634,154.915,30.620,14.478,463,1,579,489,54.112,45.701,473,44.206
5344,5344,178.133,327.643,155.022,30.621,14.488,450,1,579,489,54.112,45.701,473,44.206
5345,5345,178.167,327.720,154.829,30.628,14.470,452,1,579,489,54.112,45.701,473,44.206
5346,5346,178.200,327.749,154.740,30.631,14.462,462,1,579,489,54.112,45.701,473,44.206
5347,5347,178.233,327.623,154.436,30.619,14.433,465,1,579,489,54.112,45.701,473,44.206
5348,5348,178.267,327.465,154.212,30.604,14.412,464,1,579,489,54.112,45.701,473,44.206
5349,5349,178.300,327.356,153.844,30.594,14.378,469,1,579,489,54.112,45.701,473,44.206
5350,5350,178.333,327.332,153.820,30.592,14.376,477,1,579,489,54.112,45.701,473,44.206
5351,5351,178.367,327.106,153.450,30.571,14.341,484,1,579,489,54.112,45.701,473,44.206
5352,5352,178.400,326.965,153.130,30.557,14.311,492,1,579,489,54.112,45.701,473,44.206
5353,5353,178.433,326.922,153.091,30.553,14.308,491,1,579,489,54.112,45.701,473,44.206
5354,5354,178.467,326.802,152.733,30.542,14.274,495,1,579,489,54.112,45.701,473,44.206
5355,5355,178.500,326.621,152.443,30.525,14.247,493,1,579,489,54.112,45.701,473,44.206
5356,5356,178.533,326.557,152.316,30.519,14.235,504,1,579,489,54.112,45.701,473,44.206
5357,5357,178.567,326.500,152.235,30.514,14.228,506,1,579,489,54.112,45.701,473,44.206
5358,5358,178.600,326.310,151.877,30.496,14.194,507,1,579,489,54.112,45.701,473,44.206
5359,5359,178.633,326.337,151.665,30.499,14.174,509,1,579,489,54.112,45.701,473,44.206
5360,5360,178.667,326.144,151.511,30.481,14.160,514,1,579,489,54.112,45.701,473,44.206
5361,5361,178.700,326.105,151.267,30.477,14.137,519,1,579,489,54.112,45.701,473,44.206
5362,5362,178.733,325.815,150.901,30.450,14.103,520,1,579,489,54.112,45.701,473,44.206
5363,5363,178.767,325.872,150.984,30.455,14.111,519,1,579,489,54.112,45.701,473,44.206
5364,5364,178.800,325.794,150.914,30.448,14.104,517,1,579,489,54.112,45.701,473,44.206
5365,5365,178.833,325.635,150.875,30.433,14.100,514,1,579,489,54.112,45.701,473,44.206
5366,5366,178.867,325.806,150.924,30.449,14.105,516,1,579,489,54.112,45.701,473,44.206
5367,5367,178.900,325.412,150.408,30.412,14.057,529,1,579,489,54.112,45.701,473,44.206
5368,5368,178.933,325.384,150.409,30.410,14.057,525,1,579,489,54.112,45.701,473,44.206
5369,5369,178.967,325.394,150.282,30.411,14.045,522,1,579,489,54.112,45.701,473,44.206
5370,5370,179.000,325.376,150.252,30.409,14.042,525,1,579,489,54.112,45.701,473,44.206
5371,5371,179.033,325.254,150.041,30.398,14.023,521,1,579,489,54.112,45.701,473,44.206
5372,5372,179.067,325.091,149.918,30.382,14.011,512,1,579,489,54.112,45.701,473,44.206
5373,5373,179.100,324.772,149.819,30.353,14.002,498,1,579,489,54.112,45.701,473,44.206
5374,5374,179.133,324.624,149.731,30.339,13.994,497,1,579,489,54.112,45.701,473,44.206
5375,5375,179.167,324.380,149.485,30.316,13.971,485,1,579,489,54.112,45.701,473,44.206
5376,5376,179.200,324.015,148.906,30.282,13.916,483,1,579,489,54.112,45.701,473,44.206
5377,5377,179.233,323.880,148.584,30.269,13.886,466,1,579,489,54.112,45.701,473,44.206
5378,5378,179.267,323.787,148.490,30.260,13.878,458,1,579,489,54.112,45.701,473,44.206
5379,5379,179.300,323.544,148.315,30.238,13.861,451,1,579,489,54.112,45.701,473,44.206
5380,5380,179.333,323.585,148.148,30.242,13.846,449,1,579,489,54.112,45.701,473,44.206
5381,5381,179.367,323.466,147.982,30.230,13.830,433,1,579,489,54.112,45.701,473,44.206
5382,5382,179.400,323.424,147.996,30.227,13.831,430,1,579,489,54.112,45.701,473,44.206
5383,5383,179.433,323.339,148.053,30.219,13.837,435,1,579,489,54.112,45.701,473,44.206
5384,5384,179.467,323.203,148.057,30.206,13.837,438,1,579,489,54.112,45.701,473,44.206
5385,5385,179.500,322.961,147.828,30.183,13.816,433,1,579,489,54.112,45.701,473,44.206
5386,5386,179.533,322.902,147.892,30.178,13.822,449,1,579,489,54.112,45.701,473,44.206
5387,5387,179.567,322.789,147.971,30.167,13.829,448,1,579,489,54.112,45.701,473,44.206
5388,5388,179.600,322.854,148.079,30.173,13.839,446,1,579,489,54.112,45.701,473,44.206
5389,5389,179.633,322.727,148.111,30.161,13.842,445,1,579,489,54.112,45.701,473,44.206
5390,5390,179.667,322.691,148.115,30.158,13.842,447,1,579,489,54.112,45.701,473,44.206
5391,5391,179.700,322.732,148.172,30.162,13.848,444,1,579,489,54.112,45.701,473,44.206
5392,5392,179.733,322.964,148.502,30.184,13.879,431,1,579,489,54.112,45.701,473,44.206
5393,5393,179.767,322.870,148.234,30.175,13.854,434,1,579,489,54.112,45.701,473,44.206
5394,5394,179.800,322.723,147.990,30.161,13.831,431,1,579,489,54.112,45.701,473,44.206
5395,5395,179.833,322.709,147.756,30.160,13.809,437,1,579,489,54.112,45.701,473,44.206
5396,5396,179.867,322.664,147.529,30.156,13.788,446,1,579,489,54.112,45.701,473,44.206
5397,5397,179.900,322.577,147.330,30.147,13.769,447,1,579,489,54.112,45.701,473,44.206
5398,5398,179.933,322.335,146.610,30.125,13.702,461,1,579,489,54.112,45.701,473,44.206
5399,5399,179.967,322.318,146.364,30.123,13.679,470,1,579,489,54.112,45.701,473,44.206
5400,5400,180.000,322.267,146.144,30.118,13.658,466,1,579,489,54.112,45.701,473,44.206
5401,5401,180.033,321.781,144.893,30.073,13.541,470,1,579,489,54.112,45.701,473,44.206
5402,5402,180.067,321.586,144.497,30.055,13.504,475,1,579,489,54.112,45.701,473,44.206
