 ,Frame,Time_s,X_px,Y_px,X_mm,Y_mm,Area_px,Detected,Arena_center_X_px,Arena_center_Y_px,Arena_center_X_mm,Arena_center_Y_mm,Arena_radius_px,Arena_radius_mm
1,1,0.033,214.930,776.744,20.470,73.976,261,1,629,489.500,59.905,46.619,505.750,48.167
2,2,0.067,214.970,776.804,20.473,73.981,260,1,629,489.500,59.905,46.619,505.750,48.167
3,3,0.100,214.970,776.804,20.473,73.981,260,1,629,489.500,59.905,46.619,505.750,48.167
4,4,0.133,215.109,777.195,20.487,74.019,238,1,629,489.500,59.905,46.619,505.750,48.167
5,5,0.167,214.618,776.624,20.440,73.964,219,1,629,489.500,59.905,46.619,505.750,48.167
6,6,0.200,213.997,775.802,20.381,73.886,211,1,629,489.500,59.905,46.619,505.750,48.167
7,7,0.233,214.109,775.945,20.391,73.900,213,1,629,489.500,59.905,46.619,505.750,48.167
8,8,0.267,214.012,775.875,20.382,73.893,201,1,629,489.500,59.905,46.619,505.750,48.167
9,9,0.300,215.096,777.472,20.485,74.045,196,1,629,489.500,59.905,46.619,505.750,48.167
10,10,0.333,215.070,777.440,20.483,74.042,196,1,629,489.500,59.905,46.619,505.750,48.167
11,11,0.367,214.829,777.162,20.460,74.015,185,1,629,489.500,59.905,46.619,505.750,48.167
12,12,0.400,214.526,776.735,20.431,73.975,185,1,629,489.500,59.905,46.619,505.750,48.167
13,13,0.433,214.229,776.340,20.403,73.937,180,1,629,489.500,59.905,46.619,505.750,48.167
14,14,0.467,214.233,776.362,20.403,73.939,178,1,629,489.500,59.905,46.619,505.750,48.167
15,15,0.500,214.466,776.674,20.425,73.969,180,1,629,489.500,59.905,46.619,505.750,48.167
16,16,0.533,272.006,152.621,25.905,14.535,245,1,629,489.500,59.905,46.619,505.750,48.167
17,17,0.567,270.837,154.015,25.794,14.668,262,1,629,489.500,59.905,46.619,505.750,48.167
18,18,0.600,268.941,156.044,25.613,14.861,289,1,629,489.500,59.905,46.619,505.750,48.167
19,19,0.633,267.155,157.935,25.443,15.041,340,1,629,489.500,59.905,46.619,505.750,48.167
20,20,0.667,264.633,160.780,25.203,15.312,409,1,629,489.500,59.905,46.619,505.750,48.167
21,21,0.700,263.608,161.920,25.106,15.421,428,1,629,489.500,59.905,46.619,505.750,48.167
22,22,0.733,261.842,164.003,24.937,15.619,496,1,629,489.500,59.905,46.619,505.750,48.167
23,23,0.767,214.037,776.151,20.384,73.919,169,1,629,489.500,59.905,46.619,505.750,48.167
24,24,0.800,214.418,776.654,20.421,73.967,173,1,629,489.500,59.905,46.619,505.750,48.167
25,25,0.833,156.476,666.052,14.902,63.434,170,1,629,489.500,59.905,46.619,505.750,48.167
26,26,0.867,157.153,667.840,14.967,63.604,172,1,629,489.500,59.905,46.619,505.750,48.167
27,27,0.900,215.170,777.660,20.492,74.063,180,1,629,489.500,59.905,46.619,505.750,48.167
28,28,0.933,214.626,776.930,20.441,73.993,174,1,629,489.500,59.905,46.619,505.750,48.167
29,29,0.967,214.516,776.757,20.430,73.977,175,1,629,489.500,59.905,46.619,505.750,48.167
30,30,1.000,213.868,775.733,20.368,73.879,188,1,629,489.500,59.905,46.619,505.750,48.167
31,31,1.033,213.856,775.724,20.367,73.879,188,1,629,489.500,59.905,46.619,505.750,48.167
32,32,1.067,214.308,776.306,20.410,73.934,195,1,629,489.500,59.905,46.619,505.750,48.167
33,33,1.100,214.179,776.027,20.398,73.907,208,1,629,489.500,59.905,46.619,505.750,48.167
34,34,1.133,213.844,775.504,20.366,73.858,213,1,629,489.500,59.905,46.619,505.750,48.167
35,35,1.167,214.134,775.953,20.394,73.900,210,1,629,489.500,59.905,46.619,505.750,48.167
36,36,1.200,214.156,775.883,20.396,73.894,224,1,629,489.500,59.905,46.619,505.750,48.167
37,37,1.233,214.056,775.739,20.386,73.880,223,1,629,489.500,59.905,46.619,505.750,48.167
38,38,1.267,213.540,774.972,20.337,73.807,225,1,629,489.500,59.905,46.619,505.750,48.167
39,39,1.300,213.161,774.349,20.301,73.748,235,1,629,489.500,59.905,46.619,505.750,48.167
40,40,1.333,213.079,774.227,20.293,73.736,235,1,629,489.500,59.905,46.619,505.750,48.167
41,41,1.367,212.814,773.959,20.268,73.710,222,1,629,489.500,59.905,46.619,505.750,48.167
42,42,1.400,212.868,773.995,20.273,73.714,229,1,629,489.500,59.905,46.619,505.750,48.167
43,43,1.433,212.782,773.872,20.265,73.702,228,1,629,489.500,59.905,46.619,505.750,48.167
44,44,1.467,213.228,774.567,20.307,73.768,220,1,629,489.500,59.905,46.619,505.750,48.167
45,45,1.500,213.239,774.581,20.309,73.770,220,1,629,489.500,59.905,46.619,505.750,48.167
46,46,1.533,261.895,163.809,24.942,15.601,517,1,629,489.500,59.905,46.619,505.750,48.167
47,47,1.567,263.733,161.685,25.117,15.399,473,1,629,489.500,59.905,46.619,505.750,48.167
48,48,1.600,267.044,157.956,25.433,15.043,368,1,629,489.500,59.905,46.619,505.750,48.167
49,49,1.633,268.557,156.335,25.577,14.889,331,1,629,489.500,59.905,46.619,505.750,48.167
50,50,1.667,269.862,154.953,25.701,14.757,305,1,629,489.500,59.905,46.619,505.750,48.167
51,51,1.700,273.127,151.458,26.012,14.425,221,1,629,489.500,59.905,46.619,505.750,48.167
52,52,1.733,213.763,775.522,20.358,73.859,196,1,629,489.500,59.905,46.619,505.750,48.167
53,53,1.767,213.676,775.464,20.350,73.854,189,1,629,489.500,59.905,46.619,505.750,48.167
54,54,1.800,213.706,775.509,20.353,73.858,189,1,629,489.500,59.905,46.619,505.750,48.167
55,55,1.833,650.071,521.668,61.912,49.683,186,1,629,489.500,59.905,46.619,505.750,48.167
56,56,1.867,649.916,521.687,61.897,49.684,183,1,629,489.500,59.905,46.619,505.750,48.167
57,57,1.900,649.578,521.678,61.865,49.684,191,1,629,489.500,59.905,46.619,505.750,48.167
58,58,1.933,649.516,521.650,61.859,49.681,190,1,629,489.500,59.905,46.619,505.750,48.167
59,59,1.967,213.746,775.604,20.357,73.867,183,1,629,489.500,59.905,46.619,505.750,48.167
60,60,2.000,649.560,521.691,61.863,49.685,191,1,629,489.500,59.905,46.619,505.750,48.167
61,61,2.033,649.178,521.583,61.826,49.675,198,1,629,489.500,59.905,46.619,505.750,48.167
62,62,2.067,649.366,521.538,61.844,49.670,193,1,629,489.500,59.905,46.619,505.750,48.167
63,63,2.100,214.160,776.092,20.396,73.913,197,1,629,489.500,59.905,46.619,505.750,48.167
64,64,2.133,649.157,521.503,61.824,49.667,196,1,629,489.500,59.905,46.619,505.750,48.167
65,65,2.167,648.937,521.540,61.804,49.671,195,1,629,489.500,59.905,46.619,505.750,48.167
66,66,2.200,270.410,154.381,25.753,14.703,229,1,629,489.500,59.905,46.619,505.750,48.167
67,67,2.233,268.234,156.651,25.546,14.919,299,1,629,489.500,59.905,46.619,505.750,48.167
68,68,2.267,265.269,160.034,25.264,15.241,379,1,629,489.500,59.905,46.619,505.750,48.167
69,69,2.300,264.210,161.252,25.163,15.357,395,1,629,489.500,59.905,46.619,505.750,48.167
70,70,2.333,261.830,163.934,24.936,15.613,453,1,629,489.500,59.905,46.619,505.750,48.167
71,71,2.367,261.929,163.792,24.946,15.599,457,1,629,489.500,59.905,46.619,505.750,48.167
72,72,2.400,261.337,164.496,24.889,15.666,468,1,629,489.500,59.905,46.619,505.750,48.167
73,73,2.433,214.482,776.622,20.427,73.964,188,1,629,489.500,59.905,46.619,505.750,48.167
74,74,2.467,214.069,776.013,20.388,73.906,192,1,629,489.500,59.905,46.619,505.750,48.167
75,75,2.500,214.004,775.896,20.381,73.895,194,1,629,489.500,59.905,46.619,505.750,48.167
76,76,2.533,214.143,776.122,20.395,73.916,192,1,629,489.500,59.905,46.619,505.750,48.167
77,77,2.567,214.139,776.125,20.394,73.917,191,1,629,489.500,59.905,46.619,505.750,48.167
78,78,2.600,650.091,521.597,61.913,49.676,191,1,629,489.500,59.905,46.619,505.750,48.167
79,79,2.633,650.282,521.615,61.932,49.678,194,1,629,489.500,59.905,46.619,505.750,48.167
80,80,2.667,650.280,521.620,61.931,49.678,187,1,629,489.500,59.905,46.619,505.750,48.167
81,81,2.700,259.499,166.675,24.714,15.874,531,1,629,489.500,59.905,46.619,505.750,48.167
82,82,2.733,259.202,167.069,24.686,15.911,517,1,629,489.500,59.905,46.619,505.750,48.167
83,83,2.767,259.738,166.391,24.737,15.847,514,1,629,489.500,59.905,46.619,505.750,48.167
84,84,2.800,260.188,165.842,24.780,15.794,495,1,629,489.500,59.905,46.619,505.750,48.167
85,85,2.833,260.067,165.988,24.768,15.808,498,1,629,489.500,59.905,46.619,505.750,48.167
86,86,2.867,261.132,164.715,24.870,15.687,458,1,629,489.500,59.905,46.619,505.750,48.167
87,87,2.900,260.910,164.953,24.849,15.710,448,1,629,489.500,59.905,46.619,505.750,48.167
88,88,2.933,261.243,164.601,24.880,15.676,452,1,629,489.500,59.905,46.619,505.750,48.167
89,89,2.967,261.423,164.399,24.897,15.657,444,1,629,489.500,59.905,46.619,505.750,48.167
90,90,3.000,261.501,164.328,24.905,15.650,439,1,629,489.500,59.905,46.619,505.750,48.167
91,91,3.033,261.495,164.318,24.904,15.649,439,1,629,489.500,59.905,46.619,505.750,48.167
92,92,3.067,262.036,163.640,24.956,15.585,453,1,629,489.500,59.905,46.619,505.750,48.167
93,93,3.100,261.931,163.709,24.946,15.591,428,1,629,489.500,59.905,46.619,505.750,48.167
94,94,3.133,261.620,164.061,24.916,15.625,437,1,629,489.500,59.905,46.619,505.750,48.167
95,95,3.167,261.725,163.947,24.926,15.614,434,1,629,489.500,59.905,46.619,505.750,48.167
96,96,3.200,262.066,163.596,24.959,15.581,419,1,629,489.500,59.905,46.619,505.750,48.167
97,97,3.233,262.604,163.011,25.010,15.525,430,1,629,489.500,59.905,46.619,505.750,48.167
98,98,3.267,262.538,162.969,25.004,15.521,424,1,629,489.500,59.905,46.619,505.750,48.167
99,99,3.300,262.478,163.072,24.998,15.531,407,1,629,489.500,59.905,46.619,505.750,48.167
100,100,3.333,262.506,163.006,25.001,15.524,406,1,629,489.500,59.905,46.619,505.750,48.167
101,101,3.367,263.148,162.303,25.062,15.457,405,1,629,489.500,59.905,46.619,505.750,48.167
102,102,3.400,263.712,161.647,25.115,15.395,376,1,629,489.500,59.905,46.619,505.750,48.167
103,103,3.433,263.703,161.611,25.115,15.391,383,1,629,489.500,59.905,46.619,505.750,48.167
104,104,3.467,263.924,161.380,25.136,15.370,383,1,629,489.500,59.905,46.619,505.750,48.167
105,105,3.500,264.084,161.270,25.151,15.359,369,1,629,489.500,59.905,46.619,505.750,48.167
106,106,3.533,263.786,161.573,25.122,15.388,377,1,629,489.500,59.905,46.619,505.750,48.167
107,107,3.567,264.077,161.243,25.150,15.356,383,1,629,489.500,59.905,46.619,505.750,48.167
108,108,3.600,264.492,160.856,25.190,15.320,367,1,629,489.500,59.905,46.619,505.750,48.167
109,109,3.633,264.220,161.164,25.164,15.349,375,1,629,489.500,59.905,46.619,505.750,48.167
110,110,3.667,265.730,159.435,25.308,15.184,392,1,629,489.500,59.905,46.619,505.750,48.167
111,111,3.700,266.531,158.552,25.384,15.100,355,1,629,489.500,59.905,46.619,505.750,48.167
112,112,3.733,266.529,158.542,25.384,15.099,355,1,629,489.500,59.905,46.619,505.750,48.167
113,113,3.767,267.232,157.742,25.451,15.023,335,1,629,489.500,59.905,46.619,505.750,48.167
114,114,3.800,267.414,157.472,25.468,14.997,337,1,629,489.500,59.905,46.619,505.750,48.167
115,115,3.833,267.273,157.629,25.455,15.012,340,1,629,489.500,59.905,46.619,505.750,48.167
116,116,3.867,266.851,158.188,25.414,15.066,343,1,629,489.500,59.905,46.619,505.750,48.167
117,117,3.900,266.247,158.859,25.357,15.129,345,1,629,489.500,59.905,46.619,505.750,48.167
118,118,3.933,264.903,160.360,25.229,15.272,372,1,629,489.500,59.905,46.619,505.750,48.167
119,119,3.967,264.842,160.447,25.223,15.281,382,1,629,489.500,59.905,46.619,505.750,48.167
120,120,4.000,264.401,160.876,25.181,15.322,370,1,629,489.500,59.905,46.619,505.750,48.167
121,121,4.033,263.774,161.603,25.121,15.391,395,1,629,489.500,59.905,46.619,505.750,48.167
122,122,4.067,264.047,161.293,25.147,15.361,398,1,629,489.500,59.905,46.619,505.750,48.167
123,123,4.100,263.686,161.715,25.113,15.401,378,1,629,489.500,59.905,46.619,505.750,48.167
124,124,4.133,263.662,161.747,25.111,15.404,378,1,629,489.500,59.905,46.619,505.750,48.167
125,125,4.167,263.662,161.747,25.111,15.404,378,1,629,489.500,59.905,46.619,505.750,48.167
126,126,4.200,263.662,161.747,25.111,15.404,378,1,629,489.500,59.905,46.619,505.750,48.167
127,127,4.233,263.935,161.470,25.137,15.378,374,1,629,489.500,59.905,46.619,505.750,48.167
128,128,4.267,263.945,161.476,25.138,15.379,380,1,629,489.500,59.905,46.619,505.750,48.167
129,129,4.300,264.947,160.338,25.233,15.270,356,1,629,489.500,59.905,46.619,505.750,48.167
130,130,4.333,264.947,160.338,25.233,15.270,356,1,629,489.500,59.905,46.619,505.750,48.167
131,131,4.367,265.407,159.798,25.277,15.219,356,1,629,489.500,59.905,46.619,505.750,48.167
132,132,4.400,266.445,158.819,25.376,15.126,333,1,629,489.500,59.905,46.619,505.750,48.167
133,133,4.433,266.130,159.184,25.346,15.160,339,1,629,489.500,59.905,46.619,505.750,48.167
134,134,4.467,266.103,159.175,25.343,15.160,343,1,629,489.500,59.905,46.619,505.750,48.167
135,135,4.500,266.395,158.820,25.371,15.126,334,1,629,489.500,59.905,46.619,505.750,48.167
136,136,4.533,266.348,158.900,25.366,15.133,338,1,629,489.500,59.905,46.619,505.750,48.167
137,137,4.567,266.479,158.705,25.379,15.115,343,1,629,489.500,59.905,46.619,505.750,48.167
138,138,4.600,266.425,158.785,25.374,15.122,342,1,629,489.500,59.905,46.619,505.750,48.167
139,139,4.633,266.530,158.714,25.384,15.116,335,1,629,489.500,59.905,46.619,505.750,48.167
140,140,4.667,266.515,158.670,25.382,15.111,343,1,629,489.500,59.905,46.619,505.750,48.167
141,141,4.700,266.904,158.315,25.419,15.078,329,1,629,489.500,59.905,46.619,505.750,48.167
142,142,4.733,266.297,158.911,25.362,15.134,342,1,629,489.500,59.905,46.619,505.750,48.167
143,143,4.767,266.453,158.597,25.376,15.104,352,1,629,489.500,59.905,46.619,505.750,48.167
144,144,4.800,266.227,158.907,25.355,15.134,341,1,629,489.500,59.905,46.619,505.750,48.167
145,145,4.833,265.802,159.386,25.314,15.180,349,1,629,489.500,59.905,46.619,505.750,48.167
146,146,4.867,266.009,159.164,25.334,15.159,365,1,629,489.500,59.905,46.619,505.750,48.167
147,147,4.900,265.917,159.251,25.325,15.167,347,1,629,489.500,59.905,46.619,505.750,48.167
148,148,4.933,265.712,159.500,25.306,15.190,360,1,629,489.500,59.905,46.619,505.750,48.167
149,149,4.967,266.359,158.818,25.367,15.126,354,1,629,489.500,59.905,46.619,505.750,48.167
150,150,5.000,266.679,158.498,25.398,15.095,327,1,629,489.500,59.905,46.619,505.750,48.167
151,151,5.033,266.568,158.600,25.387,15.105,332,1,629,489.500,59.905,46.619,505.750,48.167
152,152,5.067,266.687,158.440,25.399,15.089,335,1,629,489.500,59.905,46.619,505.750,48.167
153,153,5.100,267.005,158.071,25.429,15.054,329,1,629,489.500,59.905,46.619,505.750,48.167
154,154,5.133,266.993,158.097,25.428,15.057,328,1,629,489.500,59.905,46.619,505.750,48.167
155,155,5.167,267.379,157.675,25.465,15.017,321,1,629,489.500,59.905,46.619,505.750,48.167
156,156,5.200,267.407,157.624,25.467,15.012,318,1,629,489.500,59.905,46.619,505.750,48.167
157,157,5.233,267.473,157.567,25.474,15.006,319,1,629,489.500,59.905,46.619,505.750,48.167
158,158,5.267,267.856,157.265,25.510,14.978,318,1,629,489.500,59.905,46.619,505.750,48.167
159,159,5.300,267.985,157.098,25.522,14.962,301,1,629,489.500,59.905,46.619,505.750,48.167
160,160,5.333,268.025,157.049,25.526,14.957,302,1,629,489.500,59.905,46.619,505.750,48.167
161,161,5.367,268.127,156.950,25.536,14.948,303,1,629,489.500,59.905,46.619,505.750,48.167
162,162,5.400,268.749,156.184,25.595,14.875,284,1,629,489.500,59.905,46.619,505.750,48.167
163,163,5.433,269.147,155.749,25.633,14.833,278,1,629,489.500,59.905,46.619,505.750,48.167
164,164,5.467,270.537,154.318,25.765,14.697,259,1,629,489.500,59.905,46.619,505.750,48.167
165,165,5.500,271.558,153.157,25.863,14.586,222,1,629,489.500,59.905,46.619,505.750,48.167
166,166,5.533,272.131,152.501,25.917,14.524,211,1,629,489.500,59.905,46.619,505.750,48.167
167,167,5.567,214.061,776.014,20.387,73.906,186,1,629,489.500,59.905,46.619,505.750,48.167
168,168,5.600,214.400,776.461,20.419,73.949,190,1,629,489.500,59.905,46.619,505.750,48.167
169,169,5.633,214.410,776.476,20.420,73.950,190,1,629,489.500,59.905,46.619,505.750,48.167
170,170,5.667,213.911,775.841,20.373,73.890,182,1,629,489.500,59.905,46.619,505.750,48.167
171,171,5.700,214.510,776.613,20.429,73.963,191,1,629,489.500,59.905,46.619,505.750,48.167
172,172,5.733,214.486,776.587,20.427,73.961,190,1,629,489.500,59.905,46.619,505.750,48.167
173,173,5.767,657.188,522.848,62.589,49.795,182,1,629,489.500,59.905,46.619,505.750,48.167
174,174,5.800,657.373,522.852,62.607,49.795,187,1,629,489.500,59.905,46.619,505.750,48.167
175,175,5.833,657.446,522.838,62.614,49.794,188,1,629,489.500,59.905,46.619,505.750,48.167
176,176,5.867,657.596,522.857,62.628,49.796,194,1,629,489.500,59.905,46.619,505.750,48.167
177,177,5.900,657.829,522.831,62.650,49.793,197,1,629,489.500,59.905,46.619,505.750,48.167
178,178,5.933,657.802,522.810,62.648,49.791,204,1,629,489.500,59.905,46.619,505.750,48.167
179,179,5.967,658.099,522.808,62.676,49.791,199,1,629,489.500,59.905,46.619,505.750,48.167
180,180,6.000,658.125,522.845,62.679,49.795,204,1,629,489.500,59.905,46.619,505.750,48.167
181,181,6.033,658.314,523.145,62.697,49.823,212,1,629,489.500,59.905,46.619,505.750,48.167
182,182,6.067,658.672,523.035,62.731,49.813,193,1,629,489.500,59.905,46.619,505.750,48.167
183,183,6.100,658.956,523.005,62.758,49.810,196,1,629,489.500,59.905,46.619,505.750,48.167
184,184,6.133,659.257,522.887,62.786,49.799,202,1,629,489.500,59.905,46.619,505.750,48.167
185,185,6.167,659.208,522.890,62.782,49.799,204,1,629,489.500,59.905,46.619,505.750,48.167
186,186,6.200,659.272,523.147,62.788,49.823,204,1,629,489.500,59.905,46.619,505.750,48.167
187,187,6.233,659.111,523.131,62.772,49.822,208,1,629,489.500,59.905,46.619,505.750,48.167
188,188,6.267,154.399,659.970,14.705,62.854,200,1,629,489.500,59.905,46.619,505.750,48.167
189,189,6.300,154.409,659.997,14.706,62.857,200,1,629,489.500,59.905,46.619,505.750,48.167
190,190,6.333,659.649,522.968,62.824,49.806,204,1,629,489.500,59.905,46.619,505.750,48.167
191,191,6.367,660.155,522.879,62.872,49.798,191,1,629,489.500,59.905,46.619,505.750,48.167
192,192,6.400,660.203,522.812,62.876,49.792,191,1,629,489.500,59.905,46.619,505.750,48.167
193,193,6.433,660.438,522.691,62.899,49.780,205,1,629,489.500,59.905,46.619,505.750,48.167
194,194,6.467,660.909,522.525,62.944,49.764,191,1,629,489.500,59.905,46.619,505.750,48.167
195,195,6.500,155.209,662.141,14.782,63.061,205,1,629,489.500,59.905,46.619,505.750,48.167
196,196,6.533,660.946,522.514,62.947,49.763,189,1,629,489.500,59.905,46.619,505.750,48.167
197,197,6.567,661.045,522.388,62.957,49.751,181,1,629,489.500,59.905,46.619,505.750,48.167
198,198,6.600,661.054,522.451,62.958,49.757,186,1,629,489.500,59.905,46.619,505.750,48.167
199,199,6.633,661.118,522.443,62.964,49.756,191,1,629,489.500,59.905,46.619,505.750,48.167
200,200,6.667,661.661,522.441,63.015,49.756,183,1,629,489.500,59.905,46.619,505.750,48.167
201,201,6.700,661.614,522.386,63.011,49.751,184,1,629,489.500,59.905,46.619,505.750,48.167
202,202,6.733,661.678,522.392,63.017,49.752,188,1,629,489.500,59.905,46.619,505.750,48.167
203,203,6.767,661.912,522.227,63.039,49.736,180,1,629,489.500,59.905,46.619,505.750,48.167
204,204,6.800,662.155,522.335,63.062,49.746,188,1,629,489.500,59.905,46.619,505.750,48.167
205,205,6.833,662.356,522.372,63.082,49.750,192,1,629,489.500,59.905,46.619,505.750,48.167
206,206,6.867,662.495,522.428,63.095,49.755,185,1,629,489.500,59.905,46.619,505.750,48.167
207,207,6.900,662.459,522.411,63.091,49.753,186,1,629,489.500,59.905,46.619,505.750,48.167
208,208,6.933,662.440,522.429,63.089,49.755,190,1,629,489.500,59.905,46.619,505.750,48.167
209,209,6.967,662.566,522.481,63.102,49.760,187,1,629,489.500,59.905,46.619,505.750,48.167
210,210,7.000,662.625,522.477,63.107,49.760,187,1,629,489.500,59.905,46.619,505.750,48.167
211,211,7.033,662.507,522.514,63.096,49.763,189,1,629,489.500,59.905,46.619,505.750,48.167
212,212,7.067,268.197,156.845,25.543,14.938,235,1,629,489.500,59.905,46.619,505.750,48.167
213,213,7.100,267.767,157.321,25.502,14.983,241,1,629,489.500,59.905,46.619,505.750,48.167
214,214,7.133,266.159,159.027,25.348,15.145,280,1,629,489.500,59.905,46.619,505.750,48.167
215,215,7.167,266.543,158.564,25.385,15.101,325,1,629,489.500,59.905,46.619,505.750,48.167
216,216,7.200,266.871,158.207,25.416,15.067,319,1,629,489.500,59.905,46.619,505.750,48.167
217,217,7.233,266.941,158.189,25.423,15.066,340,1,629,489.500,59.905,46.619,505.750,48.167
218,218,7.267,266.416,158.774,25.373,15.121,360,1,629,489.500,59.905,46.619,505.750,48.167
219,219,7.300,265.597,159.646,25.295,15.204,363,1,629,489.500,59.905,46.619,505.750,48.167
220,220,7.333,265.569,159.691,25.292,15.209,364,1,629,489.500,59.905,46.619,505.750,48.167
221,221,7.367,265.759,159.436,25.310,15.184,383,1,629,489.500,59.905,46.619,505.750,48.167
222,222,7.400,265.513,159.754,25.287,15.215,371,1,629,489.500,59.905,46.619,505.750,48.167
223,223,7.433,265.514,159.768,25.287,15.216,373,1,629,489.500,59.905,46.619,505.750,48.167
224,224,7.467,265.546,159.735,25.290,15.213,377,1,629,489.500,59.905,46.619,505.750,48.167
225,225,7.500,266.625,158.524,25.393,15.098,341,1,629,489.500,59.905,46.619,505.750,48.167
226,226,7.533,266.641,158.493,25.394,15.095,341,1,629,489.500,59.905,46.619,505.750,48.167
227,227,7.567,267.491,157.571,25.475,15.007,346,1,629,489.500,59.905,46.619,505.750,48.167
228,228,7.600,267.556,157.561,25.481,15.006,327,1,629,489.500,59.905,46.619,505.750,48.167
229,229,7.633,267.367,157.798,25.464,15.028,329,1,629,489.500,59.905,46.619,505.750,48.167
230,230,7.667,267.693,157.385,25.495,14.989,333,1,629,489.500,59.905,46.619,505.750,48.167
231,231,7.700,267.662,157.314,25.492,14.982,322,1,629,489.500,59.905,46.619,505.750,48.167
232,232,7.733,267.615,157.362,25.487,14.987,323,1,629,489.500,59.905,46.619,505.750,48.167
233,233,7.767,267.663,157.336,25.492,14.984,324,1,629,489.500,59.905,46.619,505.750,48.167
234,234,7.800,269.084,155.805,25.627,14.839,285,1,629,489.500,59.905,46.619,505.750,48.167
235,235,7.833,269.099,155.789,25.629,14.837,285,1,629,489.500,59.905,46.619,505.750,48.167
236,236,7.867,268.865,156.000,25.606,14.857,296,1,629,489.500,59.905,46.619,505.750,48.167
237,237,7.900,268.595,156.304,25.580,14.886,269,1,629,489.500,59.905,46.619,505.750,48.167
238,238,7.933,268.718,156.161,25.592,14.872,277,1,629,489.500,59.905,46.619,505.750,48.167
239,239,7.967,269.321,155.481,25.650,14.808,279,1,629,489.500,59.905,46.619,505.750,48.167
240,240,8.000,269.508,155.321,25.667,14.793,268,1,629,489.500,59.905,46.619,505.750,48.167
241,241,8.033,268.522,156.236,25.574,14.880,277,1,629,489.500,59.905,46.619,505.750,48.167
242,242,8.067,268.906,155.944,25.610,14.852,282,1,629,489.500,59.905,46.619,505.750,48.167
243,243,8.100,268.813,155.911,25.601,14.849,264,1,629,489.500,59.905,46.619,505.750,48.167
244,244,8.133,268.810,155.915,25.601,14.849,264,1,629,489.500,59.905,46.619,505.750,48.167
245,245,8.167,268.832,155.955,25.603,14.853,269,1,629,489.500,59.905,46.619,505.750,48.167
246,246,8.200,268.832,155.955,25.603,14.853,269,1,629,489.500,59.905,46.619,505.750,48.167
247,247,8.233,268.832,155.955,25.603,14.853,269,1,629,489.500,59.905,46.619,505.750,48.167
248,248,8.267,268.877,155.868,25.607,14.845,269,1,629,489.500,59.905,46.619,505.750,48.167
249,249,8.300,269.781,154.952,25.693,14.757,254,1,629,489.500,59.905,46.619,505.750,48.167
250,250,8.333,269.558,155.180,25.672,14.779,251,1,629,489.500,59.905,46.619,505.750,48.167
251,251,8.367,269.851,154.818,25.700,14.745,246,1,629,489.500,59.905,46.619,505.750,48.167
252,252,8.400,270.801,153.749,25.791,14.643,223,1,629,489.500,59.905,46.619,505.750,48.167
253,253,8.433,270.849,153.723,25.795,14.640,221,1,629,489.500,59.905,46.619,505.750,48.167
254,254,8.467,271.542,153.015,25.861,14.573,210,1,629,489.500,59.905,46.619,505.750,48.167
255,255,8.500,666.666,522.270,63.492,49.740,180,1,629,489.500,59.905,46.619,505.750,48.167
256,256,8.533,666.767,522.335,63.502,49.746,189,1,629,489.500,59.905,46.619,505.750,48.167
257,257,8.567,213.618,775.410,20.345,73.849,184,1,629,489.500,59.905,46.619,505.750,48.167
258,258,8.600,214.010,775.983,20.382,73.903,182,1,629,489.500,59.905,46.619,505.750,48.167
259,259,8.633,667.599,522.447,63.581,49.757,183,1,629,489.500,59.905,46.619,505.750,48.167
260,260,8.667,213.899,775.841,20.371,73.890,180,1,629,489.500,59.905,46.619,505.750,48.167
261,261,8.700,213.938,775.897,20.375,73.895,180,1,629,489.500,59.905,46.619,505.750,48.167
262,262,8.733,213.878,775.814,20.369,73.887,180,1,629,489.500,59.905,46.619,505.750,48.167
263,263,8.767,213.340,775.034,20.318,73.813,181,1,629,489.500,59.905,46.619,505.750,48.167
264,264,8.800,213.353,775.049,20.319,73.814,181,1,629,489.500,59.905,46.619,505.750,48.167
265,265,8.833,213.327,775.018,20.317,73.811,181,1,629,489.500,59.905,46.619,505.750,48.167
266,266,8.867,213.440,775.188,20.328,73.827,180,1,629,489.500,59.905,46.619,505.750,48.167
267,267,8.900,213.434,775.179,20.327,73.827,180,1,629,489.500,59.905,46.619,505.750,48.167
268,268,8.933,213.348,775.052,20.319,73.814,181,1,629,489.500,59.905,46.619,505.750,48.167
269,269,8.967,213.253,774.911,20.310,73.801,181,1,629,489.500,59.905,46.619,505.750,48.167
270,270,9.000,213.433,775.168,20.327,73.826,182,1,629,489.500,59.905,46.619,505.750,48.167
271,271,9.033,213.451,775.198,20.329,73.828,182,1,629,489.500,59.905,46.619,505.750,48.167
272,272,9.067,213.740,775.682,20.356,73.874,174,1,629,489.500,59.905,46.619,505.750,48.167
273,273,9.100,213.701,775.585,20.352,73.865,179,1,629,489.500,59.905,46.619,505.750,48.167
274,274,9.133,669.031,522.668,63.717,49.778,182,1,629,489.500,59.905,46.619,505.750,48.167
275,275,9.167,213.597,775.424,20.343,73.850,180,1,629,489.500,59.905,46.619,505.750,48.167
276,276,9.200,213.478,775.270,20.331,73.835,177,1,629,489.500,59.905,46.619,505.750,48.167
277,277,9.233,668.700,522.991,63.686,49.809,189,1,629,489.500,59.905,46.619,505.750,48.167
278,278,9.267,668.514,523.044,63.668,49.814,184,1,629,489.500,59.905,46.619,505.750,48.167
279,279,9.300,668.456,523.126,63.663,49.822,186,1,629,489.500,59.905,46.619,505.750,48.167
280,280,9.333,668.486,523.312,63.665,49.839,191,1,629,489.500,59.905,46.619,505.750,48.167
281,281,9.367,668.369,523.168,63.654,49.826,177,1,629,489.500,59.905,46.619,505.750,48.167
282,282,9.400,668.338,523.217,63.651,49.830,178,1,629,489.500,59.905,46.619,505.750,48.167
283,283,9.433,668.522,523.278,63.669,49.836,181,1,629,489.500,59.905,46.619,505.750,48.167
284,284,9.467,155.665,663.762,14.825,63.215,178,1,629,489.500,59.905,46.619,505.750,48.167
285,285,9.500,668.592,523.297,63.675,49.838,178,1,629,489.500,59.905,46.619,505.750,48.167
286,286,9.533,271.828,152.794,25.888,14.552,186,1,629,489.500,59.905,46.619,505.750,48.167
287,287,9.567,271.048,153.683,25.814,14.637,212,1,629,489.500,59.905,46.619,505.750,48.167
288,288,9.600,269.742,155.085,25.690,14.770,230,1,629,489.500,59.905,46.619,505.750,48.167
289,289,9.633,269.123,155.777,25.631,14.836,237,1,629,489.500,59.905,46.619,505.750,48.167
290,290,9.667,268.013,156.969,25.525,14.949,289,1,629,489.500,59.905,46.619,505.750,48.167
291,291,9.700,267.833,157.139,25.508,14.966,276,1,629,489.500,59.905,46.619,505.750,48.167
292,292,9.733,266.907,158.181,25.420,15.065,293,1,629,489.500,59.905,46.619,505.750,48.167
293,293,9.767,264.846,160.521,25.223,15.288,344,1,629,489.500,59.905,46.619,505.750,48.167
294,294,9.800,263.750,161.709,25.119,15.401,366,1,629,489.500,59.905,46.619,505.750,48.167
295,295,9.833,263.118,162.402,25.059,15.467,376,1,629,489.500,59.905,46.619,505.750,48.167
296,296,9.867,263.134,162.414,25.060,15.468,412,1,629,489.500,59.905,46.619,505.750,48.167
297,297,9.900,263.145,162.441,25.061,15.471,402,1,629,489.500,59.905,46.619,505.750,48.167
298,298,9.933,262.752,162.879,25.024,15.512,409,1,629,489.500,59.905,46.619,505.750,48.167
299,299,9.967,262.348,163.287,24.986,15.551,432,1,629,489.500,59.905,46.619,505.750,48.167
300,300,10.000,262.079,163.648,24.960,15.585,426,1,629,489.500,59.905,46.619,505.750,48.167
301,301,10.033,260.725,165.188,24.831,15.732,493,1,629,489.500,59.905,46.619,505.750,48.167
302,302,10.067,260.515,165.460,24.811,15.758,521,1,629,489.500,59.905,46.619,505.750,48.167
303,303,10.100,261.743,163.966,24.928,15.616,488,1,629,489.500,59.905,46.619,505.750,48.167
304,304,10.133,261.735,163.995,24.927,15.619,486,1,629,489.500,59.905,46.619,505.750,48.167
305,305,10.167,261.250,164.557,24.881,15.672,496,1,629,489.500,59.905,46.619,505.750,48.167
306,306,10.200,261.250,164.557,24.881,15.672,496,1,629,489.500,59.905,46.619,505.750,48.167
307,307,10.233,261.250,164.557,24.881,15.672,496,1,629,489.500,59.905,46.619,505.750,48.167
308,308,10.267,259.831,166.267,24.746,15.835,533,1,629,489.500,59.905,46.619,505.750,48.167
309,309,10.300,260.036,166.018,24.765,15.811,528,1,629,489.500,59.905,46.619,505.750,48.167
310,310,10.333,260.036,166.018,24.765,15.811,528,1,629,489.500,59.905,46.619,505.750,48.167
311,311,10.367,213.715,775.489,20.354,73.856,192,1,629,489.500,59.905,46.619,505.750,48.167
312,312,10.400,214.120,776.106,20.392,73.915,188,1,629,489.500,59.905,46.619,505.750,48.167
313,313,10.433,213.736,775.519,20.356,73.859,192,1,629,489.500,59.905,46.619,505.750,48.167
314,314,10.467,213.689,775.485,20.351,73.856,189,1,629,489.500,59.905,46.619,505.750,48.167
315,315,10.500,260.135,165.855,24.775,15.796,528,1,629,489.500,59.905,46.619,505.750,48.167
316,316,10.533,260.202,165.832,24.781,15.793,521,1,629,489.500,59.905,46.619,505.750,48.167
317,317,10.567,260.066,165.939,24.768,15.804,530,1,629,489.500,59.905,46.619,505.750,48.167
318,318,10.600,260.387,165.581,24.799,15.770,509,1,629,489.500,59.905,46.619,505.750,48.167
319,319,10.633,260.231,165.716,24.784,15.782,513,1,629,489.500,59.905,46.619,505.750,48.167
320,320,10.667,260.907,164.850,24.848,15.700,497,1,629,489.500,59.905,46.619,505.750,48.167
321,321,10.700,261.501,164.235,24.905,15.641,482,1,629,489.500,59.905,46.619,505.750,48.167
322,322,10.733,261.244,164.554,24.880,15.672,474,1,629,489.500,59.905,46.619,505.750,48.167
323,323,10.767,261.220,164.506,24.878,15.667,493,1,629,489.500,59.905,46.619,505.750,48.167
324,324,10.800,261.352,164.384,24.891,15.656,486,1,629,489.500,59.905,46.619,505.750,48.167
325,325,10.833,261.342,164.369,24.890,15.654,487,1,629,489.500,59.905,46.619,505.750,48.167
326,326,10.867,261.374,164.301,24.893,15.648,486,1,629,489.500,59.905,46.619,505.750,48.167
327,327,10.900,261.329,164.397,24.888,15.657,479,1,629,489.500,59.905,46.619,505.750,48.167
328,328,10.933,261.501,164.311,24.905,15.649,454,1,629,489.500,59.905,46.619,505.750,48.167
329,329,10.967,261.618,164.110,24.916,15.629,465,1,629,489.500,59.905,46.619,505.750,48.167
330,330,11.000,261.761,164.021,24.930,15.621,456,1,629,489.500,59.905,46.619,505.750,48.167
331,331,11.033,261.762,164.014,24.930,15.620,445,1,629,489.500,59.905,46.619,505.750,48.167
332,332,11.067,262.054,163.619,24.958,15.583,455,1,629,489.500,59.905,46.619,505.750,48.167
333,333,11.100,262.182,163.525,24.970,15.574,446,1,629,489.500,59.905,46.619,505.750,48.167
334,334,11.133,262.123,163.578,24.964,15.579,445,1,629,489.500,59.905,46.619,505.750,48.167
335,335,11.167,262.184,163.497,24.970,15.571,452,1,629,489.500,59.905,46.619,505.750,48.167
336,336,11.200,262.268,163.377,24.978,15.560,452,1,629,489.500,59.905,46.619,505.750,48.167
337,337,11.233,262.198,163.492,24.971,15.571,448,1,629,489.500,59.905,46.619,505.750,48.167
338,338,11.267,261.920,163.746,24.945,15.595,473,1,629,489.500,59.905,46.619,505.750,48.167
339,339,11.300,261.787,163.903,24.932,15.610,467,1,629,489.500,59.905,46.619,505.750,48.167
340,340,11.333,261.661,164.076,24.920,15.626,463,1,629,489.500,59.905,46.619,505.750,48.167
341,341,11.367,261.098,164.709,24.867,15.687,493,1,629,489.500,59.905,46.619,505.750,48.167
342,342,11.400,261.211,164.566,24.877,15.673,491,1,629,489.500,59.905,46.619,505.750,48.167
343,343,11.433,259.296,166.829,24.695,15.888,534,1,629,489.500,59.905,46.619,505.750,48.167
344,344,11.467,214.087,776.054,20.389,73.910,190,1,629,489.500,59.905,46.619,505.750,48.167
345,345,11.500,213.997,775.917,20.381,73.897,191,1,629,489.500,59.905,46.619,505.750,48.167
346,346,11.533,214.018,775.917,20.383,73.897,195,1,629,489.500,59.905,46.619,505.750,48.167
347,347,11.567,213.886,775.726,20.370,73.879,194,1,629,489.500,59.905,46.619,505.750,48.167
348,348,11.600,213.787,775.550,20.361,73.862,198,1,629,489.500,59.905,46.619,505.750,48.167
349,349,11.633,213.716,775.428,20.354,73.850,200,1,629,489.500,59.905,46.619,505.750,48.167
350,350,11.667,213.700,775.425,20.352,73.850,197,1,629,489.500,59.905,46.619,505.750,48.167
351,351,11.700,213.971,775.837,20.378,73.889,196,1,629,489.500,59.905,46.619,505.750,48.167
352,352,11.733,213.957,775.768,20.377,73.883,201,1,629,489.500,59.905,46.619,505.750,48.167
353,353,11.767,213.964,775.802,20.378,73.886,198,1,629,489.500,59.905,46.619,505.750,48.167
354,354,11.800,213.976,775.818,20.379,73.887,198,1,629,489.500,59.905,46.619,505.750,48.167
355,355,11.833,214.015,775.874,20.382,73.893,198,1,629,489.500,59.905,46.619,505.750,48.167
356,356,11.867,213.721,775.459,20.354,73.853,198,1,629,489.500,59.905,46.619,505.750,48.167
357,357,11.900,213.714,775.450,20.354,73.852,198,1,629,489.500,59.905,46.619,505.750,48.167
358,358,11.933,213.713,775.441,20.354,73.852,199,1,629,489.500,59.905,46.619,505.750,48.167
359,359,11.967,213.474,775.159,20.331,73.825,191,1,629,489.500,59.905,46.619,505.750,48.167
360,360,12.000,213.963,775.817,20.377,73.887,196,1,629,489.500,59.905,46.619,505.750,48.167
361,361,12.033,670.028,524.287,63.812,49.932,189,1,629,489.500,59.905,46.619,505.750,48.167
362,362,12.067,213.584,775.400,20.341,73.848,179,1,629,489.500,59.905,46.619,505.750,48.167
363,363,12.100,213.729,775.596,20.355,73.866,182,1,629,489.500,59.905,46.619,505.750,48.167
364,364,12.133,213.610,775.366,20.344,73.844,188,1,629,489.500,59.905,46.619,505.750,48.167
365,365,12.167,213.610,775.366,20.344,73.844,188,1,629,489.500,59.905,46.619,505.750,48.167
366,366,12.200,213.565,775.280,20.340,73.836,190,1,629,489.500,59.905,46.619,505.750,48.167
367,367,12.233,213.565,775.280,20.340,73.836,190,1,629,489.500,59.905,46.619,505.750,48.167
368,368,12.267,213.726,775.538,20.355,73.861,188,1,629,489.500,59.905,46.619,505.750,48.167
369,369,12.300,212.865,228.074,20.273,21.721,451,1,629,489.500,59.905,46.619,505.750,48.167
370,370,12.333,212.487,228.709,20.237,21.782,449,1,629,489.500,59.905,46.619,505.750,48.167
371,371,12.367,213.115,774.606,20.297,73.772,193,1,629,489.500,59.905,46.619,505.750,48.167
372,372,12.400,213.186,774.721,20.303,73.783,192,1,629,489.500,59.905,46.619,505.750,48.167
373,373,12.433,213.028,774.473,20.288,73.759,194,1,629,489.500,59.905,46.619,505.750,48.167
374,374,12.467,213.579,775.323,20.341,73.840,190,1,629,489.500,59.905,46.619,505.750,48.167
375,375,12.500,213.755,775.590,20.358,73.866,188,1,629,489.500,59.905,46.619,505.750,48.167
376,376,12.533,213.646,775.408,20.347,73.848,192,1,629,489.500,59.905,46.619,505.750,48.167
377,377,12.567,213.635,775.389,20.346,73.847,192,1,629,489.500,59.905,46.619,505.750,48.167
378,378,12.600,213.983,775.920,20.379,73.897,188,1,629,489.500,59.905,46.619,505.750,48.167
379,379,12.633,213.644,775.352,20.347,73.843,197,1,629,489.500,59.905,46.619,505.750,48.167
380,380,12.667,213.623,775.303,20.345,73.838,199,1,629,489.500,59.905,46.619,505.750,48.167
381,381,12.700,213.533,775.165,20.336,73.825,200,1,629,489.500,59.905,46.619,505.750,48.167
382,382,12.733,213.510,775.131,20.334,73.822,200,1,629,489.500,59.905,46.619,505.750,48.167
383,383,12.767,213.097,774.506,20.295,73.762,203,1,629,489.500,59.905,46.619,505.750,48.167
384,384,12.800,213.115,774.509,20.297,73.763,205,1,629,489.500,59.905,46.619,505.750,48.167
385,385,12.833,213.155,774.577,20.300,73.769,205,1,629,489.500,59.905,46.619,505.750,48.167
386,386,12.867,213.133,774.541,20.298,73.766,205,1,629,489.500,59.905,46.619,505.750,48.167
387,387,12.900,213.286,774.773,20.313,73.788,203,1,629,489.500,59.905,46.619,505.750,48.167
388,388,12.933,213.172,774.591,20.302,73.771,207,1,629,489.500,59.905,46.619,505.750,48.167
389,389,12.967,213.538,775.152,20.337,73.824,202,1,629,489.500,59.905,46.619,505.750,48.167
390,390,13.000,213.517,775.161,20.335,73.825,198,1,629,489.500,59.905,46.619,505.750,48.167
391,391,13.033,213.211,774.675,20.306,73.779,202,1,629,489.500,59.905,46.619,505.750,48.167
392,392,13.067,213.091,774.494,20.294,73.761,203,1,629,489.500,59.905,46.619,505.750,48.167
393,393,13.100,213.290,774.826,20.313,73.793,198,1,629,489.500,59.905,46.619,505.750,48.167
394,394,13.133,213.394,774.888,20.323,73.799,209,1,629,489.500,59.905,46.619,505.750,48.167
395,395,13.167,213.263,774.716,20.311,73.782,207,1,629,489.500,59.905,46.619,505.750,48.167
396,396,13.200,213.291,774.779,20.313,73.788,203,1,629,489.500,59.905,46.619,505.750,48.167
397,397,13.233,213.239,774.681,20.308,73.779,207,1,629,489.500,59.905,46.619,505.750,48.167
398,398,13.267,212.942,774.264,20.280,73.739,205,1,629,489.500,59.905,46.619,505.750,48.167
399,399,13.300,213.464,775.071,20.330,73.816,198,1,629,489.500,59.905,46.619,505.750,48.167
400,400,13.333,213.577,775.234,20.341,73.832,199,1,629,489.500,59.905,46.619,505.750,48.167
401,401,13.367,213.478,775.104,20.331,73.819,197,1,629,489.500,59.905,46.619,505.750,48.167
402,402,13.400,213.328,774.882,20.317,73.798,197,1,629,489.500,59.905,46.619,505.750,48.167
403,403,13.433,213.338,774.881,20.318,73.798,199,1,629,489.500,59.905,46.619,505.750,48.167
404,404,13.467,213.543,775.243,20.337,73.833,192,1,629,489.500,59.905,46.619,505.750,48.167
405,405,13.500,213.458,775.100,20.329,73.819,195,1,629,489.500,59.905,46.619,505.750,48.167
406,406,13.533,213.603,775.300,20.343,73.838,196,1,629,489.500,59.905,46.619,505.750,48.167
407,407,13.567,213.606,775.303,20.343,73.838,196,1,629,489.500,59.905,46.619,505.750,48.167
408,408,13.600,213.819,775.623,20.364,73.869,194,1,629,489.500,59.905,46.619,505.750,48.167
409,409,13.633,258.916,167.302,24.659,15.934,525,1,629,489.500,59.905,46.619,505.750,48.167
410,410,13.667,260.541,165.334,24.813,15.746,491,1,629,489.500,59.905,46.619,505.750,48.167
411,411,13.700,261.367,164.368,24.892,15.654,473,1,629,489.500,59.905,46.619,505.750,48.167
412,412,13.733,261.624,164.146,24.917,15.633,454,1,629,489.500,59.905,46.619,505.750,48.167
413,413,13.767,261.927,163.691,24.945,15.590,462,1,629,489.500,59.905,46.619,505.750,48.167
414,414,13.800,264.075,161.183,25.150,15.351,411,1,629,489.500,59.905,46.619,505.750,48.167
415,415,13.833,265.093,160.208,25.247,15.258,371,1,629,489.500,59.905,46.619,505.750,48.167
416,416,13.867,267.339,157.671,25.461,15.016,327,1,629,489.500,59.905,46.619,505.750,48.167
417,417,13.900,268.808,156.011,25.601,14.858,294,1,629,489.500,59.905,46.619,505.750,48.167
418,418,13.933,270.588,154.153,25.770,14.681,233,1,629,489.500,59.905,46.619,505.750,48.167
419,419,13.967,271.570,153.025,25.864,14.574,215,1,629,489.500,59.905,46.619,505.750,48.167
420,420,14.000,671.310,524.372,63.934,49.940,193,1,629,489.500,59.905,46.619,505.750,48.167
421,421,14.033,156.921,666.723,14.945,63.497,206,1,629,489.500,59.905,46.619,505.750,48.167
422,422,14.067,155.910,663.894,14.849,63.228,215,1,629,489.500,59.905,46.619,505.750,48.167
423,423,14.100,157.411,668.173,14.991,63.636,192,1,629,489.500,59.905,46.619,505.750,48.167
424,424,14.133,157.369,667.899,14.988,63.609,206,1,629,489.500,59.905,46.619,505.750,48.167
425,425,14.167,157.803,668.966,15.029,63.711,212,1,629,489.500,59.905,46.619,505.750,48.167
426,426,14.200,157.423,667.654,14.993,63.586,235,1,629,489.500,59.905,46.619,505.750,48.167
427,427,14.233,158.004,668.978,15.048,63.712,247,1,629,489.500,59.905,46.619,505.750,48.167
428,428,14.267,158.552,670.316,15.100,63.840,255,1,629,489.500,59.905,46.619,505.750,48.167
429,429,14.300,160.513,675.545,15.287,64.338,239,1,629,489.500,59.905,46.619,505.750,48.167
430,430,14.333,159.842,673.316,15.223,64.125,275,1,629,489.500,59.905,46.619,505.750,48.167
431,431,14.367,160.475,674.777,15.283,64.264,284,1,629,489.500,59.905,46.619,505.750,48.167
432,432,14.400,161.648,677.891,15.395,64.561,272,1,629,489.500,59.905,46.619,505.750,48.167
433,433,14.433,160.614,675.041,15.297,64.290,288,1,629,489.500,59.905,46.619,505.750,48.167
434,434,14.467,160.618,675.052,15.297,64.291,288,1,629,489.500,59.905,46.619,505.750,48.167
435,435,14.500,160.745,675.335,15.309,64.318,290,1,629,489.500,59.905,46.619,505.750,48.167
436,436,14.533,160.850,675.555,15.319,64.339,293,1,629,489.500,59.905,46.619,505.750,48.167
437,437,14.567,160.962,675.835,15.330,64.365,292,1,629,489.500,59.905,46.619,505.750,48.167
438,438,14.600,160.893,675.657,15.323,64.348,292,1,629,489.500,59.905,46.619,505.750,48.167
439,439,14.633,160.939,675.772,15.328,64.359,292,1,629,489.500,59.905,46.619,505.750,48.167
440,440,14.667,160.795,675.359,15.314,64.320,295,1,629,489.500,59.905,46.619,505.750,48.167
441,441,14.700,160.928,675.682,15.326,64.351,301,1,629,489.500,59.905,46.619,505.750,48.167
442,442,14.733,161.362,676.901,15.368,64.467,295,1,629,489.500,59.905,46.619,505.750,48.167
443,443,14.767,163.145,681.660,15.538,64.920,267,1,629,489.500,59.905,46.619,505.750,48.167
444,444,14.800,163.734,683.230,15.594,65.070,257,1,629,489.500,59.905,46.619,505.750,48.167
445,445,14.833,165.143,686.955,15.728,65.424,230,1,629,489.500,59.905,46.619,505.750,48.167
446,446,14.867,670.538,524.108,63.861,49.915,203,1,629,489.500,59.905,46.619,505.750,48.167
447,447,14.900,670.488,524.042,63.856,49.909,194,1,629,489.500,59.905,46.619,505.750,48.167
448,448,14.933,670.440,524.137,63.851,49.918,199,1,629,489.500,59.905,46.619,505.750,48.167
449,449,14.967,670.442,524.136,63.852,49.918,199,1,629,489.500,59.905,46.619,505.750,48.167
450,450,15.000,670.374,524.126,63.845,49.917,193,1,629,489.500,59.905,46.619,505.750,48.167
451,451,15.033,670.465,524.083,63.854,49.913,198,1,629,489.500,59.905,46.619,505.750,48.167
452,452,15.067,670.484,524.086,63.856,49.913,198,1,629,489.500,59.905,46.619,505.750,48.167
453,453,15.100,670.509,524.089,63.858,49.913,189,1,629,489.500,59.905,46.619,505.750,48.167
454,454,15.133,670.512,524.139,63.858,49.918,196,1,629,489.500,59.905,46.619,505.750,48.167
455,455,15.167,670.316,524.340,63.840,49.937,201,1,629,489.500,59.905,46.619,505.750,48.167
456,456,15.200,670.196,524.113,63.828,49.915,187,1,629,489.500,59.905,46.619,505.750,48.167
457,457,15.233,670.113,524.134,63.820,49.918,196,1,629,489.500,59.905,46.619,505.750,48.167
458,458,15.267,670.201,524.204,63.829,49.924,194,1,629,489.500,59.905,46.619,505.750,48.167
459,459,15.300,670.151,524.082,63.824,49.913,190,1,629,489.500,59.905,46.619,505.750,48.167
460,460,15.333,669.793,524.167,63.790,49.921,196,1,629,489.500,59.905,46.619,505.750,48.167
461,461,15.367,157.499,668.309,15.000,63.648,200,1,629,489.500,59.905,46.619,505.750,48.167
462,462,15.400,160.171,674.700,15.254,64.257,236,1,629,489.500,59.905,46.619,505.750,48.167
463,463,15.433,160.895,676.386,15.323,64.418,248,1,629,489.500,59.905,46.619,505.750,48.167
464,464,15.467,160.555,675.573,15.291,64.340,244,1,629,489.500,59.905,46.619,505.750,48.167
465,465,15.500,160.461,675.342,15.282,64.318,243,1,629,489.500,59.905,46.619,505.750,48.167
466,466,15.533,159.997,674.354,15.238,64.224,229,1,629,489.500,59.905,46.619,505.750,48.167
467,467,15.567,159.647,673.490,15.204,64.142,226,1,629,489.500,59.905,46.619,505.750,48.167
468,468,15.600,159.353,672.795,15.176,64.076,221,1,629,489.500,59.905,46.619,505.750,48.167
469,469,15.633,158.769,671.361,15.121,63.939,216,1,629,489.500,59.905,46.619,505.750,48.167
470,470,15.667,157.661,668.674,15.015,63.683,205,1,629,489.500,59.905,46.619,505.750,48.167
471,471,15.700,156.700,666.345,14.924,63.461,190,1,629,489.500,59.905,46.619,505.750,48.167
472,472,15.733,669.180,522.954,63.731,49.805,191,1,629,489.500,59.905,46.619,505.750,48.167
473,473,15.767,669.205,522.906,63.734,49.801,189,1,629,489.500,59.905,46.619,505.750,48.167
474,474,15.800,214.381,776.537,20.417,73.956,180,1,629,489.500,59.905,46.619,505.750,48.167
475,475,15.833,213.347,774.989,20.319,73.808,188,1,629,489.500,59.905,46.619,505.750,48.167
476,476,15.867,213.090,774.588,20.294,73.770,192,1,629,489.500,59.905,46.619,505.750,48.167
477,477,15.900,213.340,774.982,20.318,73.808,190,1,629,489.500,59.905,46.619,505.750,48.167
478,478,15.933,212.785,774.059,20.265,73.720,204,1,629,489.500,59.905,46.619,505.750,48.167
479,479,15.967,212.206,773.179,20.210,73.636,208,1,629,489.500,59.905,46.619,505.750,48.167
480,480,16.000,212.515,773.579,20.240,73.674,213,1,629,489.500,59.905,46.619,505.750,48.167
481,481,16.033,212.350,773.329,20.224,73.650,213,1,629,489.500,59.905,46.619,505.750,48.167
482,482,16.067,271.387,153.241,25.846,14.594,215,1,629,489.500,59.905,46.619,505.750,48.167
483,483,16.100,271.303,153.368,25.838,14.606,223,1,629,489.500,59.905,46.619,505.750,48.167
484,484,16.133,271.503,153.129,25.857,14.584,217,1,629,489.500,59.905,46.619,505.750,48.167
485,485,16.167,271.502,153.130,25.857,14.584,217,1,629,489.500,59.905,46.619,505.750,48.167
486,486,16.200,271.092,153.625,25.818,14.631,231,1,629,489.500,59.905,46.619,505.750,48.167
487,487,16.233,270.921,153.820,25.802,14.650,234,1,629,489.500,59.905,46.619,505.750,48.167
488,488,16.267,270.739,153.998,25.785,14.666,237,1,629,489.500,59.905,46.619,505.750,48.167
489,489,16.300,270.674,154.079,25.779,14.674,238,1,629,489.500,59.905,46.619,505.750,48.167
490,490,16.333,270.674,154.079,25.779,14.674,238,1,629,489.500,59.905,46.619,505.750,48.167
491,491,16.367,270.673,154.081,25.778,14.674,238,1,629,489.500,59.905,46.619,505.750,48.167
492,492,16.400,270.673,154.081,25.778,14.674,238,1,629,489.500,59.905,46.619,505.750,48.167
493,493,16.433,270.661,154.078,25.777,14.674,239,1,629,489.500,59.905,46.619,505.750,48.167
494,494,16.467,270.659,154.079,25.777,14.674,239,1,629,489.500,59.905,46.619,505.750,48.167
495,495,16.500,270.645,154.080,25.776,14.674,241,1,629,489.500,59.905,46.619,505.750,48.167
496,496,16.533,271.129,153.535,25.822,14.622,215,1,629,489.500,59.905,46.619,505.750,48.167
497,497,16.567,271.172,153.467,25.826,14.616,220,1,629,489.500,59.905,46.619,505.750,48.167
498,498,16.600,271.479,153.143,25.855,14.585,215,1,629,489.500,59.905,46.619,505.750,48.167
499,499,16.633,272.542,152.108,25.956,14.486,189,1,629,489.500,59.905,46.619,505.750,48.167
500,500,16.667,272.399,152.264,25.943,14.501,191,1,629,489.500,59.905,46.619,505.750,48.167
501,501,16.700,668.198,521.900,63.638,49.705,170,1,629,489.500,59.905,46.619,505.750,48.167
502,502,16.733,668.181,521.878,63.636,49.703,171,1,629,489.500,59.905,46.619,505.750,48.167
503,503,16.767,668.306,521.933,63.648,49.708,171,1,629,489.500,59.905,46.619,505.750,48.167
504,504,16.800,668.518,521.827,63.668,49.698,165,1,629,489.500,59.905,46.619,505.750,48.167
505,505,16.833,668.825,521.951,63.698,49.710,173,1,629,489.500,59.905,46.619,505.750,48.167
506,506,16.867,668.707,521.866,63.686,49.702,181,1,629,489.500,59.905,46.619,505.750,48.167
507,507,16.900,668.953,521.990,63.710,49.713,177,1,629,489.500,59.905,46.619,505.750,48.167
508,508,16.933,668.620,521.863,63.678,49.701,185,1,629,489.500,59.905,46.619,505.750,48.167
509,509,16.967,668.758,522.044,63.691,49.718,184,1,629,489.500,59.905,46.619,505.750,48.167
510,510,17.000,668.712,521.984,63.687,49.713,183,1,629,489.500,59.905,46.619,505.750,48.167
511,511,17.033,668.635,521.958,63.680,49.710,183,1,629,489.500,59.905,46.619,505.750,48.167
512,512,17.067,668.570,521.997,63.673,49.714,184,1,629,489.500,59.905,46.619,505.750,48.167
513,513,17.100,668.934,522.174,63.708,49.731,178,1,629,489.500,59.905,46.619,505.750,48.167
514,514,17.133,668.624,522.088,63.679,49.723,181,1,629,489.500,59.905,46.619,505.750,48.167
515,515,17.167,668.804,522.134,63.696,49.727,184,1,629,489.500,59.905,46.619,505.750,48.167
516,516,17.200,668.744,522.059,63.690,49.720,181,1,629,489.500,59.905,46.619,505.750,48.167
517,517,17.233,669.091,522.149,63.723,49.728,191,1,629,489.500,59.905,46.619,505.750,48.167
518,518,17.267,668.799,522.055,63.695,49.719,194,1,629,489.500,59.905,46.619,505.750,48.167
519,519,17.300,669.070,522.121,63.721,49.726,184,1,629,489.500,59.905,46.619,505.750,48.167
520,520,17.333,211.088,771.662,20.104,73.492,193,1,629,489.500,59.905,46.619,505.750,48.167
521,521,17.367,211.422,772.114,20.135,73.535,196,1,629,489.500,59.905,46.619,505.750,48.167
522,522,17.400,211.588,772.427,20.151,73.564,190,1,629,489.500,59.905,46.619,505.750,48.167
523,523,17.433,212.402,773.533,20.229,73.670,197,1,629,489.500,59.905,46.619,505.750,48.167
524,524,17.467,669.742,522.334,63.785,49.746,197,1,629,489.500,59.905,46.619,505.750,48.167
525,525,17.500,669.808,522.253,63.791,49.738,193,1,629,489.500,59.905,46.619,505.750,48.167
526,526,17.533,212.380,773.474,20.227,73.664,200,1,629,489.500,59.905,46.619,505.750,48.167
527,527,17.567,212.085,773.042,20.199,73.623,201,1,629,489.500,59.905,46.619,505.750,48.167
528,528,17.600,211.933,772.920,20.184,73.611,192,1,629,489.500,59.905,46.619,505.750,48.167
529,529,17.633,212.035,772.974,20.194,73.617,201,1,629,489.500,59.905,46.619,505.750,48.167
530,530,17.667,212.041,772.982,20.194,73.617,201,1,629,489.500,59.905,46.619,505.750,48.167
531,531,17.700,212.271,773.375,20.216,73.655,192,1,629,489.500,59.905,46.619,505.750,48.167
532,532,17.733,212.341,773.455,20.223,73.662,195,1,629,489.500,59.905,46.619,505.750,48.167
533,533,17.767,670.434,522.501,63.851,49.762,198,1,629,489.500,59.905,46.619,505.750,48.167
534,534,17.800,670.583,522.569,63.865,49.768,195,1,629,489.500,59.905,46.619,505.750,48.167
535,535,17.833,670.772,522.613,63.883,49.773,199,1,629,489.500,59.905,46.619,505.750,48.167
536,536,17.867,670.953,522.603,63.900,49.772,201,1,629,489.500,59.905,46.619,505.750,48.167
537,537,17.900,671.208,522.517,63.925,49.763,194,1,629,489.500,59.905,46.619,505.750,48.167
538,538,17.933,671.216,522.523,63.925,49.764,201,1,629,489.500,59.905,46.619,505.750,48.167
539,539,17.967,671.450,522.561,63.948,49.768,202,1,629,489.500,59.905,46.619,505.750,48.167
540,540,18.000,671.582,522.679,63.960,49.779,199,1,629,489.500,59.905,46.619,505.750,48.167
541,541,18.033,671.894,522.882,63.990,49.798,201,1,629,489.500,59.905,46.619,505.750,48.167
542,542,18.067,671.374,522.760,63.940,49.787,212,1,629,489.500,59.905,46.619,505.750,48.167
543,543,18.100,671.582,522.834,63.960,49.794,200,1,629,489.500,59.905,46.619,505.750,48.167
544,544,18.133,671.566,522.834,63.959,49.794,200,1,629,489.500,59.905,46.619,505.750,48.167
545,545,18.167,671.340,522.823,63.937,49.793,201,1,629,489.500,59.905,46.619,505.750,48.167
546,546,18.200,671.541,522.846,63.956,49.795,202,1,629,489.500,59.905,46.619,505.750,48.167
547,547,18.233,671.541,522.846,63.956,49.795,202,1,629,489.500,59.905,46.619,505.750,48.167
548,548,18.267,671.917,522.934,63.992,49.803,196,1,629,489.500,59.905,46.619,505.750,48.167
549,549,18.300,672.431,522.999,64.041,49.809,189,1,629,489.500,59.905,46.619,505.750,48.167
550,550,18.333,672.216,522.810,64.021,49.791,195,1,629,489.500,59.905,46.619,505.750,48.167
551,551,18.367,672.370,522.808,64.035,49.791,193,1,629,489.500,59.905,46.619,505.750,48.167
552,552,18.400,672.134,522.719,64.013,49.783,188,1,629,489.500,59.905,46.619,505.750,48.167
553,553,18.433,671.990,522.781,63.999,49.789,199,1,629,489.500,59.905,46.619,505.750,48.167
554,554,18.467,672.011,522.796,64.001,49.790,198,1,629,489.500,59.905,46.619,505.750,48.167
555,555,18.500,671.976,522.774,63.998,49.788,192,1,629,489.500,59.905,46.619,505.750,48.167
556,556,18.533,672.095,522.825,64.009,49.793,195,1,629,489.500,59.905,46.619,505.750,48.167
557,557,18.567,672.104,522.826,64.010,49.793,195,1,629,489.500,59.905,46.619,505.750,48.167
558,558,18.600,672.437,522.959,64.042,49.806,189,1,629,489.500,59.905,46.619,505.750,48.167
559,559,18.633,672.442,522.984,64.042,49.808,192,1,629,489.500,59.905,46.619,505.750,48.167
560,560,18.667,672.422,523.068,64.040,49.816,193,1,629,489.500,59.905,46.619,505.750,48.167
561,561,18.700,673.023,523.128,64.097,49.822,184,1,629,489.500,59.905,46.619,505.750,48.167
562,562,18.733,673.164,523.080,64.111,49.817,199,1,629,489.500,59.905,46.619,505.750,48.167
563,563,18.767,673.365,523.142,64.130,49.823,199,1,629,489.500,59.905,46.619,505.750,48.167
564,564,18.800,673.524,523.173,64.145,49.826,187,1,629,489.500,59.905,46.619,505.750,48.167
565,565,18.833,673.313,523.370,64.125,49.845,201,1,629,489.500,59.905,46.619,505.750,48.167
566,566,18.867,673.676,523.213,64.160,49.830,199,1,629,489.500,59.905,46.619,505.750,48.167
567,567,18.900,673.740,523.263,64.166,49.835,192,1,629,489.500,59.905,46.619,505.750,48.167
568,568,18.933,673.764,523.292,64.168,49.837,197,1,629,489.500,59.905,46.619,505.750,48.167
569,569,18.967,673.971,523.209,64.188,49.829,195,1,629,489.500,59.905,46.619,505.750,48.167
570,570,19.000,674.030,523.335,64.193,49.841,191,1,629,489.500,59.905,46.619,505.750,48.167
571,571,19.033,674.014,523.409,64.192,49.848,199,1,629,489.500,59.905,46.619,505.750,48.167
572,572,19.067,673.966,523.370,64.187,49.845,197,1,629,489.500,59.905,46.619,505.750,48.167
573,573,19.100,673.867,523.498,64.178,49.857,195,1,629,489.500,59.905,46.619,505.750,48.167
574,574,19.133,673.792,523.581,64.171,49.865,199,1,629,489.500,59.905,46.619,505.750,48.167
575,575,19.167,673.797,523.643,64.171,49.871,203,1,629,489.500,59.905,46.619,505.750,48.167
576,576,19.200,673.690,523.688,64.161,49.875,202,1,629,489.500,59.905,46.619,505.750,48.167
577,577,19.233,673.564,523.785,64.149,49.884,208,1,629,489.500,59.905,46.619,505.750,48.167
578,578,19.267,673.521,523.756,64.145,49.882,210,1,629,489.500,59.905,46.619,505.750,48.167
579,579,19.300,673.585,523.677,64.151,49.874,205,1,629,489.500,59.905,46.619,505.750,48.167
580,580,19.333,673.382,523.789,64.132,49.885,209,1,629,489.500,59.905,46.619,505.750,48.167
581,581,19.367,673.366,523.832,64.130,49.889,210,1,629,489.500,59.905,46.619,505.750,48.167
582,582,19.400,673.520,523.830,64.145,49.889,206,1,629,489.500,59.905,46.619,505.750,48.167
583,583,19.433,673.491,523.871,64.142,49.892,212,1,629,489.500,59.905,46.619,505.750,48.167
584,584,19.467,673.482,523.899,64.141,49.895,214,1,629,489.500,59.905,46.619,505.750,48.167
585,585,19.500,673.528,523.902,64.146,49.895,209,1,629,489.500,59.905,46.619,505.750,48.167
586,586,19.533,673.473,524.027,64.140,49.907,214,1,629,489.500,59.905,46.619,505.750,48.167
587,587,19.567,673.551,524.109,64.148,49.915,212,1,629,489.500,59.905,46.619,505.750,48.167
588,588,19.600,673.326,524.153,64.126,49.919,207,1,629,489.500,59.905,46.619,505.750,48.167
589,589,19.633,673.479,524.134,64.141,49.917,209,1,629,489.500,59.905,46.619,505.750,48.167
590,590,19.667,673.521,524.168,64.145,49.921,215,1,629,489.500,59.905,46.619,505.750,48.167
591,591,19.700,673.445,524.195,64.138,49.923,210,1,629,489.500,59.905,46.619,505.750,48.167
592,592,19.733,673.454,524.327,64.138,49.936,214,1,629,489.500,59.905,46.619,505.750,48.167
593,593,19.767,673.531,524.307,64.146,49.934,216,1,629,489.500,59.905,46.619,505.750,48.167
594,594,19.800,673.527,524.336,64.145,49.937,209,1,629,489.500,59.905,46.619,505.750,48.167
595,595,19.833,673.574,524.476,64.150,49.950,216,1,629,489.500,59.905,46.619,505.750,48.167
596,596,19.867,673.550,524.440,64.148,49.947,220,1,629,489.500,59.905,46.619,505.750,48.167
597,597,19.900,673.299,524.400,64.124,49.943,209,1,629,489.500,59.905,46.619,505.750,48.167
598,598,19.933,673.649,524.441,64.157,49.947,221,1,629,489.500,59.905,46.619,505.750,48.167
599,599,19.967,673.693,524.426,64.161,49.945,222,1,629,489.500,59.905,46.619,505.750,48.167
600,600,20.000,673.653,524.292,64.157,49.933,209,1,629,489.500,59.905,46.619,505.750,48.167
601,601,20.033,673.563,524.620,64.149,49.964,204,1,629,489.500,59.905,46.619,505.750,48.167
602,602,20.067,673.814,524.459,64.173,49.948,202,1,629,489.500,59.905,46.619,505.750,48.167
603,603,20.100,673.872,524.530,64.178,49.955,194,1,629,489.500,59.905,46.619,505.750,48.167
604,604,20.133,673.872,524.530,64.178,49.955,194,1,629,489.500,59.905,46.619,505.750,48.167
605,605,20.167,673.888,524.568,64.180,49.959,196,1,629,489.500,59.905,46.619,505.750,48.167
606,606,20.200,673.955,524.611,64.186,49.963,194,1,629,489.500,59.905,46.619,505.750,48.167
607,607,20.233,674.086,524.720,64.199,49.973,198,1,629,489.500,59.905,46.619,505.750,48.167
608,608,20.267,674.207,524.663,64.210,49.968,203,1,629,489.500,59.905,46.619,505.750,48.167
609,609,20.300,674.246,524.669,64.214,49.968,197,1,629,489.500,59.905,46.619,505.750,48.167
610,610,20.333,674.161,524.768,64.206,49.978,202,1,629,489.500,59.905,46.619,505.750,48.167
611,611,20.367,674.184,524.822,64.208,49.983,209,1,629,489.500,59.905,46.619,505.750,48.167
612,612,20.400,674.028,524.898,64.193,49.990,201,1,629,489.500,59.905,46.619,505.750,48.167
613,613,20.433,674.191,524.933,64.209,49.994,205,1,629,489.500,59.905,46.619,505.750,48.167
614,614,20.467,674.234,524.931,64.213,49.993,204,1,629,489.500,59.905,46.619,505.750,48.167
615,615,20.500,674.132,524.903,64.203,49.991,199,1,629,489.500,59.905,46.619,505.750,48.167
616,616,20.533,674.144,524.806,64.204,49.982,209,1,629,489.500,59.905,46.619,505.750,48.167
617,617,20.567,674.154,524.793,64.205,49.980,213,1,629,489.500,59.905,46.619,505.750,48.167
618,618,20.600,674.168,524.822,64.206,49.983,209,1,629,489.500,59.905,46.619,505.750,48.167
619,619,20.633,674.163,524.824,64.206,49.983,209,1,629,489.500,59.905,46.619,505.750,48.167
620,620,20.667,674.298,524.771,64.219,49.978,214,1,629,489.500,59.905,46.619,505.750,48.167
621,621,20.700,674.420,524.753,64.231,49.976,208,1,629,489.500,59.905,46.619,505.750,48.167
622,622,20.733,674.296,524.702,64.219,49.972,209,1,629,489.500,59.905,46.619,505.750,48.167
623,623,20.767,674.334,524.680,64.222,49.970,209,1,629,489.500,59.905,46.619,505.750,48.167
624,624,20.800,674.316,524.775,64.221,49.979,205,1,629,489.500,59.905,46.619,505.750,48.167
625,625,20.833,674.521,524.783,64.240,49.979,210,1,629,489.500,59.905,46.619,505.750,48.167
626,626,20.867,674.599,524.710,64.247,49.972,208,1,629,489.500,59.905,46.619,505.750,48.167
627,627,20.900,674.626,524.755,64.250,49.977,204,1,629,489.500,59.905,46.619,505.750,48.167
628,628,20.933,674.551,524.625,64.243,49.964,209,1,629,489.500,59.905,46.619,505.750,48.167
629,629,20.967,674.715,524.639,64.259,49.966,207,1,629,489.500,59.905,46.619,505.750,48.167
630,630,21.000,674.748,524.613,64.262,49.963,204,1,629,489.500,59.905,46.619,505.750,48.167
631,631,21.033,674.747,524.635,64.262,49.965,205,1,629,489.500,59.905,46.619,505.750,48.167
632,632,21.067,674.723,524.698,64.259,49.971,208,1,629,489.500,59.905,46.619,505.750,48.167
633,633,21.100,674.807,524.704,64.267,49.972,206,1,629,489.500,59.905,46.619,505.750,48.167
634,634,21.133,674.797,524.720,64.266,49.973,206,1,629,489.500,59.905,46.619,505.750,48.167
635,635,21.167,674.766,524.753,64.263,49.976,210,1,629,489.500,59.905,46.619,505.750,48.167
636,636,21.200,674.858,524.682,64.272,49.970,207,1,629,489.500,59.905,46.619,505.750,48.167
637,637,21.233,674.674,524.762,64.255,49.977,205,1,629,489.500,59.905,46.619,505.750,48.167
638,638,21.267,674.867,524.775,64.273,49.979,213,1,629,489.500,59.905,46.619,505.750,48.167
639,639,21.300,674.801,524.716,64.267,49.973,205,1,629,489.500,59.905,46.619,505.750,48.167
640,640,21.333,675.009,524.843,64.287,49.985,212,1,629,489.500,59.905,46.619,505.750,48.167
641,641,21.367,674.972,524.830,64.283,49.984,211,1,629,489.500,59.905,46.619,505.750,48.167
642,642,21.400,674.932,524.741,64.279,49.975,203,1,629,489.500,59.905,46.619,505.750,48.167
643,643,21.433,674.932,524.750,64.279,49.976,207,1,629,489.500,59.905,46.619,505.750,48.167
644,644,21.467,674.845,524.844,64.271,49.985,209,1,629,489.500,59.905,46.619,505.750,48.167
645,645,21.500,155.044,661.860,14.766,63.034,195,1,629,489.500,59.905,46.619,505.750,48.167
646,646,21.533,154.960,661.522,14.758,63.002,203,1,629,489.500,59.905,46.619,505.750,48.167
647,647,21.567,155.210,662.233,14.782,63.070,202,1,629,489.500,59.905,46.619,505.750,48.167
648,648,21.600,155.219,662.327,14.783,63.079,197,1,629,489.500,59.905,46.619,505.750,48.167
649,649,21.633,155.018,661.622,14.764,63.012,207,1,629,489.500,59.905,46.619,505.750,48.167
650,650,21.667,154.977,661.503,14.760,63.000,207,1,629,489.500,59.905,46.619,505.750,48.167
651,651,21.700,155.399,662.720,14.800,63.116,203,1,629,489.500,59.905,46.619,505.750,48.167
652,652,21.733,155.624,663.285,14.821,63.170,207,1,629,489.500,59.905,46.619,505.750,48.167
653,653,21.767,675.073,525.130,64.293,50.012,200,1,629,489.500,59.905,46.619,505.750,48.167
654,654,21.800,156.725,666.403,14.926,63.467,195,1,629,489.500,59.905,46.619,505.750,48.167
655,655,21.833,675.103,525.357,64.296,50.034,200,1,629,489.500,59.905,46.619,505.750,48.167
656,656,21.867,675.251,525.177,64.310,50.017,202,1,629,489.500,59.905,46.619,505.750,48.167
657,657,21.900,156.150,664.609,14.871,63.296,212,1,629,489.500,59.905,46.619,505.750,48.167
658,658,21.933,157.752,668.842,15.024,63.699,212,1,629,489.500,59.905,46.619,505.750,48.167
659,659,21.967,156.781,666.072,14.932,63.435,227,1,629,489.500,59.905,46.619,505.750,48.167
660,660,22.000,156.986,666.575,14.951,63.483,229,1,629,489.500,59.905,46.619,505.750,48.167
661,661,22.033,156.822,665.621,14.935,63.392,265,1,629,489.500,59.905,46.619,505.750,48.167
662,662,22.067,156.798,665.637,14.933,63.394,260,1,629,489.500,59.905,46.619,505.750,48.167
663,663,22.100,157.065,666.407,14.959,63.467,257,1,629,489.500,59.905,46.619,505.750,48.167
664,664,22.133,157.009,666.262,14.953,63.454,257,1,629,489.500,59.905,46.619,505.750,48.167
665,665,22.167,157.018,666.239,14.954,63.451,257,1,629,489.500,59.905,46.619,505.750,48.167
666,666,22.200,157.368,667.221,14.987,63.545,253,1,629,489.500,59.905,46.619,505.750,48.167
667,667,22.233,157.422,667.244,14.993,63.547,261,1,629,489.500,59.905,46.619,505.750,48.167
668,668,22.267,157.635,667.760,15.013,63.596,265,1,629,489.500,59.905,46.619,505.750,48.167
669,669,22.300,157.858,668.405,15.034,63.658,260,1,629,489.500,59.905,46.619,505.750,48.167
670,670,22.333,158.345,669.591,15.081,63.771,267,1,629,489.500,59.905,46.619,505.750,48.167
671,671,22.367,158.719,670.498,15.116,63.857,272,1,629,489.500,59.905,46.619,505.750,48.167
672,672,22.400,159.085,671.361,15.151,63.939,277,1,629,489.500,59.905,46.619,505.750,48.167
673,673,22.433,159.699,672.863,15.209,64.082,282,1,629,489.500,59.905,46.619,505.750,48.167
674,674,22.467,159.599,672.502,15.200,64.048,288,1,629,489.500,59.905,46.619,505.750,48.167
675,675,22.500,159.937,673.298,15.232,64.124,295,1,629,489.500,59.905,46.619,505.750,48.167
676,676,22.533,160.491,674.553,15.285,64.243,305,1,629,489.500,59.905,46.619,505.750,48.167
677,677,22.567,160.672,674.886,15.302,64.275,310,1,629,489.500,59.905,46.619,505.750,48.167
678,678,22.600,161.149,676.325,15.347,64.412,299,1,629,489.500,59.905,46.619,505.750,48.167
679,679,22.633,161.127,676.278,15.345,64.407,300,1,629,489.500,59.905,46.619,505.750,48.167
680,680,22.667,161.077,676.082,15.341,64.389,304,1,629,489.500,59.905,46.619,505.750,48.167
681,681,22.700,161.392,676.856,15.371,64.462,303,1,629,489.500,59.905,46.619,505.750,48.167
682,682,22.733,162.001,678.419,15.429,64.611,304,1,629,489.500,59.905,46.619,505.750,48.167
683,683,22.767,162.049,678.563,15.433,64.625,302,1,629,489.500,59.905,46.619,505.750,48.167
684,684,22.800,162.093,678.648,15.437,64.633,303,1,629,489.500,59.905,46.619,505.750,48.167
685,685,22.833,162.181,678.807,15.446,64.648,308,1,629,489.500,59.905,46.619,505.750,48.167
686,686,22.867,162.379,679.376,15.465,64.702,302,1,629,489.500,59.905,46.619,505.750,48.167
687,687,22.900,162.332,679.163,15.460,64.682,310,1,629,489.500,59.905,46.619,505.750,48.167
688,688,22.933,161.934,678.066,15.422,64.578,316,1,629,489.500,59.905,46.619,505.750,48.167
689,689,22.967,161.901,677.963,15.419,64.568,317,1,629,489.500,59.905,46.619,505.750,48.167
690,690,23.000,161.979,678.184,15.427,64.589,315,1,629,489.500,59.905,46.619,505.750,48.167
691,691,23.033,161.954,678.110,15.424,64.582,316,1,629,489.500,59.905,46.619,505.750,48.167
692,692,23.067,161.894,677.941,15.418,64.566,317,1,629,489.500,59.905,46.619,505.750,48.167
693,693,23.100,161.791,677.643,15.409,64.537,320,1,629,489.500,59.905,46.619,505.750,48.167
694,694,23.133,161.774,677.599,15.407,64.533,320,1,629,489.500,59.905,46.619,505.750,48.167
695,695,23.167,161.774,677.596,15.407,64.533,320,1,629,489.500,59.905,46.619,505.750,48.167
696,696,23.200,161.822,677.703,15.412,64.543,321,1,629,489.500,59.905,46.619,505.750,48.167
697,697,23.233,161.913,677.901,15.420,64.562,323,1,629,489.500,59.905,46.619,505.750,48.167
698,698,23.267,161.902,677.870,15.419,64.559,323,1,629,489.500,59.905,46.619,505.750,48.167
699,699,23.300,162.073,678.250,15.436,64.595,325,1,629,489.500,59.905,46.619,505.750,48.167
700,700,23.333,162.026,678.145,15.431,64.585,325,1,629,489.500,59.905,46.619,505.750,48.167
701,701,23.367,162.049,678.214,15.433,64.592,324,1,629,489.500,59.905,46.619,505.750,48.167
702,702,23.400,162.281,678.920,15.455,64.659,316,1,629,489.500,59.905,46.619,505.750,48.167
703,703,23.433,161.925,677.876,15.421,64.560,327,1,629,489.500,59.905,46.619,505.750,48.167
704,704,23.467,162.005,678.055,15.429,64.577,329,1,629,489.500,59.905,46.619,505.750,48.167
705,705,23.500,162.046,678.164,15.433,64.587,328,1,629,489.500,59.905,46.619,505.750,48.167
706,706,23.533,161.963,677.951,15.425,64.567,329,1,629,489.500,59.905,46.619,505.750,48.167
707,707,23.567,162.344,678.919,15.461,64.659,327,1,629,489.500,59.905,46.619,505.750,48.167
708,708,23.600,162.283,678.690,15.455,64.637,332,1,629,489.500,59.905,46.619,505.750,48.167
709,709,23.633,162.378,678.924,15.465,64.659,333,1,629,489.500,59.905,46.619,505.750,48.167
710,710,23.667,162.404,678.988,15.467,64.666,333,1,629,489.500,59.905,46.619,505.750,48.167
711,711,23.700,162.518,679.280,15.478,64.693,332,1,629,489.500,59.905,46.619,505.750,48.167
712,712,23.733,162.471,679.149,15.473,64.681,333,1,629,489.500,59.905,46.619,505.750,48.167
713,713,23.767,162.332,678.886,15.460,64.656,325,1,629,489.500,59.905,46.619,505.750,48.167
714,714,23.800,162.449,679.184,15.471,64.684,325,1,629,489.500,59.905,46.619,505.750,48.167
715,715,23.833,162.435,679.151,15.470,64.681,325,1,629,489.500,59.905,46.619,505.750,48.167
716,716,23.867,162.308,678.811,15.458,64.649,326,1,629,489.500,59.905,46.619,505.750,48.167
717,717,23.900,162.383,679.006,15.465,64.667,326,1,629,489.500,59.905,46.619,505.750,48.167
718,718,23.933,162.276,678.787,15.455,64.646,324,1,629,489.500,59.905,46.619,505.750,48.167
719,719,23.967,162.261,678.766,15.453,64.644,322,1,629,489.500,59.905,46.619,505.750,48.167
720,720,24.000,162.530,679.440,15.479,64.709,321,1,629,489.500,59.905,46.619,505.750,48.167
721,721,24.033,163.818,682.772,15.602,65.026,314,1,629,489.500,59.905,46.619,505.750,48.167
722,722,24.067,162.598,679.611,15.486,64.725,322,1,629,489.500,59.905,46.619,505.750,48.167
723,723,24.100,162.583,679.596,15.484,64.723,320,1,629,489.500,59.905,46.619,505.750,48.167
724,724,24.133,162.372,679.022,15.464,64.669,324,1,629,489.500,59.905,46.619,505.750,48.167
725,725,24.167,162.372,679.022,15.464,64.669,324,1,629,489.500,59.905,46.619,505.750,48.167
726,726,24.200,162.372,679.022,15.464,64.669,324,1,629,489.500,59.905,46.619,505.750,48.167
727,727,24.233,162.419,679.171,15.468,64.683,323,1,629,489.500,59.905,46.619,505.750,48.167
728,728,24.267,162.320,678.879,15.459,64.655,325,1,629,489.500,59.905,46.619,505.750,48.167
729,729,24.300,162.320,678.879,15.459,64.655,325,1,629,489.500,59.905,46.619,505.750,48.167
730,730,24.333,162.320,678.879,15.459,64.655,325,1,629,489.500,59.905,46.619,505.750,48.167
731,731,24.367,162.408,679.115,15.467,64.678,324,1,629,489.500,59.905,46.619,505.750,48.167
732,732,24.400,162.552,679.502,15.481,64.714,321,1,629,489.500,59.905,46.619,505.750,48.167
733,733,24.433,162.738,679.972,15.499,64.759,323,1,629,489.500,59.905,46.619,505.750,48.167
734,734,24.467,163.528,682.159,15.574,64.968,307,1,629,489.500,59.905,46.619,505.750,48.167
735,735,24.500,163.770,682.814,15.597,65.030,297,1,629,489.500,59.905,46.619,505.750,48.167
736,736,24.533,162.519,679.421,15.478,64.707,320,1,629,489.500,59.905,46.619,505.750,48.167
737,737,24.567,162.502,679.377,15.476,64.703,320,1,629,489.500,59.905,46.619,505.750,48.167
738,738,24.600,162.567,679.588,15.483,64.723,317,1,629,489.500,59.905,46.619,505.750,48.167
739,739,24.633,162.566,679.499,15.482,64.714,320,1,629,489.500,59.905,46.619,505.750,48.167
740,740,24.667,162.266,678.674,15.454,64.636,325,1,629,489.500,59.905,46.619,505.750,48.167
741,741,24.700,162.982,680.719,15.522,64.830,309,1,629,489.500,59.905,46.619,505.750,48.167
742,742,24.733,162.220,678.608,15.450,64.629,323,1,629,489.500,59.905,46.619,505.750,48.167
743,743,24.767,162.253,678.704,15.453,64.638,320,1,629,489.500,59.905,46.619,505.750,48.167
744,744,24.800,162.338,678.920,15.461,64.659,319,1,629,489.500,59.905,46.619,505.750,48.167
745,745,24.833,162.573,679.509,15.483,64.715,320,1,629,489.500,59.905,46.619,505.750,48.167
746,746,24.867,162.491,679.278,15.475,64.693,321,1,629,489.500,59.905,46.619,505.750,48.167
747,747,24.900,163.110,680.995,15.534,64.857,310,1,629,489.500,59.905,46.619,505.750,48.167
748,748,24.933,162.976,680.628,15.522,64.822,314,1,629,489.500,59.905,46.619,505.750,48.167
749,749,24.967,162.413,679.087,15.468,64.675,325,1,629,489.500,59.905,46.619,505.750,48.167
750,750,25.000,162.478,679.274,15.474,64.693,324,1,629,489.500,59.905,46.619,505.750,48.167
751,751,25.033,162.466,679.146,15.473,64.681,330,1,629,489.500,59.905,46.619,505.750,48.167
752,752,25.067,161.948,677.921,15.424,64.564,325,1,629,489.500,59.905,46.619,505.750,48.167
753,753,25.100,162.245,678.726,15.452,64.641,320,1,629,489.500,59.905,46.619,505.750,48.167
754,754,25.133,162.322,678.869,15.459,64.654,324,1,629,489.500,59.905,46.619,505.750,48.167
755,755,25.167,162.580,679.557,15.484,64.720,321,1,629,489.500,59.905,46.619,505.750,48.167
756,756,25.200,162.653,679.751,15.491,64.738,320,1,629,489.500,59.905,46.619,505.750,48.167
757,757,25.233,162.655,679.754,15.491,64.739,320,1,629,489.500,59.905,46.619,505.750,48.167
758,758,25.267,162.483,679.311,15.475,64.696,321,1,629,489.500,59.905,46.619,505.750,48.167
759,759,25.300,162.330,679.001,15.460,64.667,316,1,629,489.500,59.905,46.619,505.750,48.167
760,760,25.333,162.266,678.762,15.454,64.644,323,1,629,489.500,59.905,46.619,505.750,48.167
761,761,25.367,162.233,678.668,15.451,64.635,324,1,629,489.500,59.905,46.619,505.750,48.167
762,762,25.400,162.270,678.830,15.454,64.650,319,1,629,489.500,59.905,46.619,505.750,48.167
763,763,25.433,162.495,679.247,15.476,64.690,328,1,629,489.500,59.905,46.619,505.750,48.167
764,764,25.467,162.357,678.966,15.463,64.663,324,1,629,489.500,59.905,46.619,505.750,48.167
765,765,25.500,162.525,679.401,15.479,64.705,323,1,629,489.500,59.905,46.619,505.750,48.167
766,766,25.533,162.560,679.525,15.482,64.717,320,1,629,489.500,59.905,46.619,505.750,48.167
767,767,25.567,162.450,679.301,15.471,64.695,318,1,629,489.500,59.905,46.619,505.750,48.167
768,768,25.600,162.487,679.392,15.475,64.704,318,1,629,489.500,59.905,46.619,505.750,48.167
769,769,25.633,162.415,679.196,15.468,64.685,319,1,629,489.500,59.905,46.619,505.750,48.167
770,770,25.667,162.400,679.163,15.467,64.682,319,1,629,489.500,59.905,46.619,505.750,48.167
771,771,25.700,162.151,678.462,15.443,64.615,322,1,629,489.500,59.905,46.619,505.750,48.167
772,772,25.733,162.059,678.184,15.434,64.589,326,1,629,489.500,59.905,46.619,505.750,48.167
773,773,25.767,162.096,678.265,15.438,64.597,327,1,629,489.500,59.905,46.619,505.750,48.167
774,774,25.800,162.217,678.613,15.449,64.630,325,1,629,489.500,59.905,46.619,505.750,48.167
775,775,25.833,162.265,678.669,15.454,64.635,329,1,629,489.500,59.905,46.619,505.750,48.167
776,776,25.867,162.157,678.432,15.444,64.613,327,1,629,489.500,59.905,46.619,505.750,48.167
777,777,25.900,162.287,678.797,15.456,64.647,322,1,629,489.500,59.905,46.619,505.750,48.167
778,778,25.933,162.214,678.573,15.449,64.626,326,1,629,489.500,59.905,46.619,505.750,48.167
779,779,25.967,162.003,678.038,15.429,64.575,326,1,629,489.500,59.905,46.619,505.750,48.167
780,780,26.000,162.135,678.409,15.441,64.610,324,1,629,489.500,59.905,46.619,505.750,48.167
781,781,26.033,161.590,676.840,15.390,64.461,340,1,629,489.500,59.905,46.619,505.750,48.167
782,782,26.067,161.697,677.314,15.400,64.506,327,1,629,489.500,59.905,46.619,505.750,48.167
783,783,26.100,161.881,677.859,15.417,64.558,320,1,629,489.500,59.905,46.619,505.750,48.167
784,784,26.133,161.923,677.943,15.421,64.566,323,1,629,489.500,59.905,46.619,505.750,48.167
785,785,26.167,161.923,677.943,15.421,64.566,323,1,629,489.500,59.905,46.619,505.750,48.167
786,786,26.200,161.671,677.235,15.397,64.499,328,1,629,489.500,59.905,46.619,505.750,48.167
787,787,26.233,161.805,677.618,15.410,64.535,325,1,629,489.500,59.905,46.619,505.750,48.167
788,788,26.267,161.873,677.773,15.416,64.550,326,1,629,489.500,59.905,46.619,505.750,48.167
789,789,26.300,161.873,677.773,15.416,64.550,326,1,629,489.500,59.905,46.619,505.750,48.167
790,790,26.333,161.831,677.656,15.412,64.539,327,1,629,489.500,59.905,46.619,505.750,48.167
791,791,26.367,161.831,677.656,15.412,64.539,327,1,629,489.500,59.905,46.619,505.750,48.167
792,792,26.400,161.831,677.656,15.412,64.539,327,1,629,489.500,59.905,46.619,505.750,48.167
793,793,26.433,161.873,677.773,15.416,64.550,326,1,629,489.500,59.905,46.619,505.750,48.167
794,794,26.467,161.732,677.455,15.403,64.520,323,1,629,489.500,59.905,46.619,505.750,48.167
795,795,26.500,161.761,677.532,15.406,64.527,322,1,629,489.500,59.905,46.619,505.750,48.167
796,796,26.533,161.521,676.828,15.383,64.460,329,1,629,489.500,59.905,46.619,505.750,48.167
797,797,26.567,161.713,677.326,15.401,64.507,329,1,629,489.500,59.905,46.619,505.750,48.167
798,798,26.600,161.653,677.143,15.396,64.490,330,1,629,489.500,59.905,46.619,505.750,48.167
799,799,26.633,161.743,677.368,15.404,64.511,332,1,629,489.500,59.905,46.619,505.750,48.167
800,800,26.667,161.792,677.504,15.409,64.524,331,1,629,489.500,59.905,46.619,505.750,48.167
801,801,26.700,161.709,677.274,15.401,64.502,331,1,629,489.500,59.905,46.619,505.750,48.167
802,802,26.733,161.917,677.773,15.421,64.550,333,1,629,489.500,59.905,46.619,505.750,48.167
803,803,26.767,161.831,677.610,15.412,64.534,329,1,629,489.500,59.905,46.619,505.750,48.167
804,804,26.800,161.919,677.894,15.421,64.561,324,1,629,489.500,59.905,46.619,505.750,48.167
805,805,26.833,161.834,677.663,15.413,64.539,327,1,629,489.500,59.905,46.619,505.750,48.167
806,806,26.867,161.862,677.751,15.415,64.548,325,1,629,489.500,59.905,46.619,505.750,48.167
807,807,26.900,162.082,678.370,15.436,64.607,321,1,629,489.500,59.905,46.619,505.750,48.167
808,808,26.933,162.073,678.261,15.436,64.596,327,1,629,489.500,59.905,46.619,505.750,48.167
809,809,26.967,161.874,677.717,15.417,64.544,333,1,629,489.500,59.905,46.619,505.750,48.167
810,810,27.000,161.730,677.330,15.403,64.508,334,1,629,489.500,59.905,46.619,505.750,48.167
811,811,27.033,161.813,677.575,15.411,64.531,331,1,629,489.500,59.905,46.619,505.750,48.167
812,812,27.067,161.588,676.971,15.389,64.473,333,1,629,489.500,59.905,46.619,505.750,48.167
813,813,27.100,161.685,677.213,15.399,64.497,333,1,629,489.500,59.905,46.619,505.750,48.167
814,814,27.133,161.705,677.222,15.400,64.497,336,1,629,489.500,59.905,46.619,505.750,48.167
815,815,27.167,161.825,677.582,15.412,64.532,330,1,629,489.500,59.905,46.619,505.750,48.167
816,816,27.200,161.845,677.629,15.414,64.536,330,1,629,489.500,59.905,46.619,505.750,48.167
817,817,27.233,161.965,677.874,15.425,64.559,333,1,629,489.500,59.905,46.619,505.750,48.167
818,818,27.267,161.755,677.391,15.405,64.513,332,1,629,489.500,59.905,46.619,505.750,48.167
819,819,27.300,161.794,677.482,15.409,64.522,334,1,629,489.500,59.905,46.619,505.750,48.167
820,820,27.333,161.662,677.082,15.396,64.484,338,1,629,489.500,59.905,46.619,505.750,48.167
821,821,27.367,161.774,677.408,15.407,64.515,335,1,629,489.500,59.905,46.619,505.750,48.167
822,822,27.400,161.890,677.730,15.418,64.546,333,1,629,489.500,59.905,46.619,505.750,48.167
823,823,27.433,161.758,677.397,15.406,64.514,335,1,629,489.500,59.905,46.619,505.750,48.167
824,824,27.467,161.916,677.784,15.421,64.551,335,1,629,489.500,59.905,46.619,505.750,48.167
825,825,27.500,161.822,677.510,15.412,64.525,337,1,629,489.500,59.905,46.619,505.750,48.167
826,826,27.533,161.885,677.688,15.418,64.542,336,1,629,489.500,59.905,46.619,505.750,48.167
827,827,27.567,161.773,677.404,15.407,64.515,336,1,629,489.500,59.905,46.619,505.750,48.167
828,828,27.600,161.696,677.240,15.400,64.499,334,1,629,489.500,59.905,46.619,505.750,48.167
829,829,27.633,161.729,677.311,15.403,64.506,335,1,629,489.500,59.905,46.619,505.750,48.167
830,830,27.667,161.681,677.203,15.398,64.496,334,1,629,489.500,59.905,46.619,505.750,48.167
831,831,27.700,161.947,677.972,15.424,64.569,324,1,629,489.500,59.905,46.619,505.750,48.167
832,832,27.733,162.314,678.830,15.459,64.650,330,1,629,489.500,59.905,46.619,505.750,48.167
833,833,27.767,162.249,678.693,15.452,64.637,328,1,629,489.500,59.905,46.619,505.750,48.167
834,834,27.800,161.951,677.979,15.424,64.569,325,1,629,489.500,59.905,46.619,505.750,48.167
835,835,27.833,161.928,677.803,15.422,64.553,331,1,629,489.500,59.905,46.619,505.750,48.167
836,836,27.867,161.964,677.903,15.425,64.562,331,1,629,489.500,59.905,46.619,505.750,48.167
837,837,27.900,161.810,677.497,15.410,64.524,330,1,629,489.500,59.905,46.619,505.750,48.167
838,838,27.933,161.900,677.756,15.419,64.548,329,1,629,489.500,59.905,46.619,505.750,48.167
839,839,27.967,161.896,677.746,15.419,64.547,329,1,629,489.500,59.905,46.619,505.750,48.167
840,840,28.000,162.008,678.076,15.429,64.579,323,1,629,489.500,59.905,46.619,505.750,48.167
841,841,28.033,162.030,678.085,15.431,64.580,328,1,629,489.500,59.905,46.619,505.750,48.167
842,842,28.067,161.777,677.389,15.407,64.513,330,1,629,489.500,59.905,46.619,505.750,48.167
843,843,28.100,162.137,678.408,15.442,64.610,324,1,629,489.500,59.905,46.619,505.750,48.167
844,844,28.133,162.207,678.610,15.448,64.629,322,1,629,489.500,59.905,46.619,505.750,48.167
845,845,28.167,162.012,678.069,15.430,64.578,326,1,629,489.500,59.905,46.619,505.750,48.167
846,846,28.200,162.014,678.072,15.430,64.578,326,1,629,489.500,59.905,46.619,505.750,48.167
847,847,28.233,162.203,678.597,15.448,64.628,322,1,629,489.500,59.905,46.619,505.750,48.167
848,848,28.267,162.203,678.597,15.448,64.628,322,1,629,489.500,59.905,46.619,505.750,48.167
849,849,28.300,162.049,678.156,15.433,64.586,325,1,629,489.500,59.905,46.619,505.750,48.167
850,850,28.333,162.158,678.465,15.444,64.616,323,1,629,489.500,59.905,46.619,505.750,48.167
851,851,28.367,162.047,678.158,15.433,64.587,325,1,629,489.500,59.905,46.619,505.750,48.167
852,852,28.400,162.416,679.016,15.468,64.668,328,1,629,489.500,59.905,46.619,505.750,48.167
853,853,28.433,162.466,679.118,15.473,64.678,331,1,629,489.500,59.905,46.619,505.750,48.167
854,854,28.467,162.378,678.904,15.465,64.658,331,1,629,489.500,59.905,46.619,505.750,48.167
855,855,28.500,162.385,678.911,15.465,64.658,330,1,629,489.500,59.905,46.619,505.750,48.167
856,856,28.533,162.496,679.176,15.476,64.683,331,1,629,489.500,59.905,46.619,505.750,48.167
857,857,28.567,162.313,678.678,15.458,64.636,333,1,629,489.500,59.905,46.619,505.750,48.167
858,858,28.600,162.509,679.215,15.477,64.687,330,1,629,489.500,59.905,46.619,505.750,48.167
859,859,28.633,162.512,679.220,15.477,64.688,330,1,629,489.500,59.905,46.619,505.750,48.167
860,860,28.667,162.499,679.192,15.476,64.685,329,1,629,489.500,59.905,46.619,505.750,48.167
861,861,28.700,162.470,679.119,15.473,64.678,328,1,629,489.500,59.905,46.619,505.750,48.167
862,862,28.733,162.433,679.012,15.470,64.668,330,1,629,489.500,59.905,46.619,505.750,48.167
863,863,28.767,162.041,677.975,15.432,64.569,335,1,629,489.500,59.905,46.619,505.750,48.167
864,864,28.800,162.489,679.233,15.475,64.689,327,1,629,489.500,59.905,46.619,505.750,48.167
865,865,28.833,162.509,679.277,15.477,64.693,328,1,629,489.500,59.905,46.619,505.750,48.167
866,866,28.867,162.509,679.278,15.477,64.693,328,1,629,489.500,59.905,46.619,505.750,48.167
867,867,28.900,162.523,679.300,15.478,64.695,328,1,629,489.500,59.905,46.619,505.750,48.167
868,868,28.933,162.522,679.301,15.478,64.695,328,1,629,489.500,59.905,46.619,505.750,48.167
869,869,28.967,162.341,678.900,15.461,64.657,324,1,629,489.500,59.905,46.619,505.750,48.167
870,870,29.000,162.253,678.635,15.453,64.632,326,1,629,489.500,59.905,46.619,505.750,48.167
871,871,29.033,162.542,679.321,15.480,64.697,330,1,629,489.500,59.905,46.619,505.750,48.167
872,872,29.067,162.278,678.604,15.455,64.629,333,1,629,489.500,59.905,46.619,505.750,48.167
873,873,29.100,162.493,679.250,15.476,64.691,325,1,629,489.500,59.905,46.619,505.750,48.167
874,874,29.133,162.505,679.284,15.477,64.694,327,1,629,489.500,59.905,46.619,505.750,48.167
875,875,29.167,162.398,678.979,15.466,64.665,328,1,629,489.500,59.905,46.619,505.750,48.167
876,876,29.200,162.445,679.088,15.471,64.675,327,1,629,489.500,59.905,46.619,505.750,48.167
877,877,29.233,162.289,678.622,15.456,64.631,330,1,629,489.500,59.905,46.619,505.750,48.167
878,878,29.267,162.287,678.617,15.456,64.630,330,1,629,489.500,59.905,46.619,505.750,48.167
879,879,29.300,162.305,678.663,15.458,64.635,330,1,629,489.500,59.905,46.619,505.750,48.167
880,880,29.333,162.370,678.802,15.464,64.648,334,1,629,489.500,59.905,46.619,505.750,48.167
881,881,29.367,162.366,678.791,15.463,64.647,334,1,629,489.500,59.905,46.619,505.750,48.167
882,882,29.400,162.449,679.001,15.471,64.667,331,1,629,489.500,59.905,46.619,505.750,48.167
883,883,29.433,162.541,679.212,15.480,64.687,332,1,629,489.500,59.905,46.619,505.750,48.167
884,884,29.467,162.398,678.850,15.466,64.652,332,1,629,489.500,59.905,46.619,505.750,48.167
885,885,29.500,162.675,679.639,15.493,64.728,326,1,629,489.500,59.905,46.619,505.750,48.167
886,886,29.533,162.718,679.696,15.497,64.733,331,1,629,489.500,59.905,46.619,505.750,48.167
887,887,29.567,162.678,679.612,15.493,64.725,330,1,629,489.500,59.905,46.619,505.750,48.167
888,888,29.600,162.639,679.524,15.489,64.717,328,1,629,489.500,59.905,46.619,505.750,48.167
889,889,29.633,162.726,679.752,15.498,64.738,327,1,629,489.500,59.905,46.619,505.750,48.167
890,890,29.667,162.559,679.329,15.482,64.698,328,1,629,489.500,59.905,46.619,505.750,48.167
891,891,29.700,162.589,679.396,15.485,64.704,328,1,629,489.500,59.905,46.619,505.750,48.167
892,892,29.733,162.158,678.377,15.444,64.607,327,1,629,489.500,59.905,46.619,505.750,48.167
893,893,29.767,162.117,678.294,15.440,64.599,326,1,629,489.500,59.905,46.619,505.750,48.167
894,894,29.800,162.666,679.836,15.492,64.746,316,1,629,489.500,59.905,46.619,505.750,48.167
895,895,29.833,162.632,679.684,15.489,64.732,320,1,629,489.500,59.905,46.619,505.750,48.167
896,896,29.867,163.720,682.652,15.592,65.015,300,1,629,489.500,59.905,46.619,505.750,48.167
897,897,29.900,163.817,682.916,15.602,65.040,298,1,629,489.500,59.905,46.619,505.750,48.167
898,898,29.933,162.527,679.537,15.479,64.718,314,1,629,489.500,59.905,46.619,505.750,48.167
899,899,29.967,162.210,678.696,15.449,64.638,317,1,629,489.500,59.905,46.619,505.750,48.167
900,900,30.000,162.646,679.902,15.490,64.753,306,1,629,489.500,59.905,46.619,505.750,48.167
901,901,30.033,162.141,678.226,15.442,64.593,336,1,629,489.500,59.905,46.619,505.750,48.167
902,902,30.067,162.365,678.872,15.463,64.654,328,1,629,489.500,59.905,46.619,505.750,48.167
903,903,30.100,162.307,678.690,15.458,64.637,329,1,629,489.500,59.905,46.619,505.750,48.167
904,904,30.133,162.358,678.848,15.463,64.652,328,1,629,489.500,59.905,46.619,505.750,48.167
905,905,30.167,162.209,678.442,15.448,64.614,331,1,629,489.500,59.905,46.619,505.750,48.167
906,906,30.200,162.357,678.846,15.463,64.652,328,1,629,489.500,59.905,46.619,505.750,48.167
907,907,30.233,162.357,678.846,15.463,64.652,328,1,629,489.500,59.905,46.619,505.750,48.167
908,908,30.267,162.357,678.846,15.463,64.652,328,1,629,489.500,59.905,46.619,505.750,48.167
909,909,30.300,162.360,678.855,15.463,64.653,328,1,629,489.500,59.905,46.619,505.750,48.167
910,910,30.333,162.236,678.493,15.451,64.618,332,1,629,489.500,59.905,46.619,505.750,48.167
911,911,30.367,162.416,678.970,15.468,64.664,326,1,629,489.500,59.905,46.619,505.750,48.167
912,912,30.400,162.322,678.750,15.459,64.643,328,1,629,489.500,59.905,46.619,505.750,48.167
913,913,30.433,161.934,677.860,15.422,64.558,323,1,629,489.500,59.905,46.619,505.750,48.167
914,914,30.467,161.746,677.444,15.404,64.518,320,1,629,489.500,59.905,46.619,505.750,48.167
915,915,30.500,162.002,678.109,15.429,64.582,315,1,629,489.500,59.905,46.619,505.750,48.167
916,916,30.533,161.903,677.856,15.419,64.558,315,1,629,489.500,59.905,46.619,505.750,48.167
917,917,30.567,161.888,677.810,15.418,64.553,316,1,629,489.500,59.905,46.619,505.750,48.167
918,918,30.600,161.992,678.042,15.428,64.575,318,1,629,489.500,59.905,46.619,505.750,48.167
919,919,30.633,161.938,677.895,15.423,64.561,318,1,629,489.500,59.905,46.619,505.750,48.167
920,920,30.667,161.850,677.699,15.414,64.543,316,1,629,489.500,59.905,46.619,505.750,48.167
921,921,30.700,161.859,677.713,15.415,64.544,320,1,629,489.500,59.905,46.619,505.750,48.167
922,922,30.733,161.962,677.935,15.425,64.565,324,1,629,489.500,59.905,46.619,505.750,48.167
923,923,30.767,162.022,678.076,15.431,64.579,322,1,629,489.500,59.905,46.619,505.750,48.167
924,924,30.800,162.022,678.074,15.431,64.578,321,1,629,489.500,59.905,46.619,505.750,48.167
925,925,30.833,162.159,678.264,15.444,64.597,336,1,629,489.500,59.905,46.619,505.750,48.167
926,926,30.867,162.157,678.244,15.444,64.595,337,1,629,489.500,59.905,46.619,505.750,48.167
927,927,30.900,162.158,678.249,15.444,64.595,335,1,629,489.500,59.905,46.619,505.750,48.167
928,928,30.933,162.145,678.216,15.442,64.592,335,1,629,489.500,59.905,46.619,505.750,48.167
929,929,30.967,162.083,678.074,15.437,64.579,334,1,629,489.500,59.905,46.619,505.750,48.167
930,930,31.000,161.958,677.800,15.425,64.552,330,1,629,489.500,59.905,46.619,505.750,48.167
931,931,31.033,162.045,677.930,15.433,64.565,337,1,629,489.500,59.905,46.619,505.750,48.167
932,932,31.067,161.801,677.385,15.410,64.513,331,1,629,489.500,59.905,46.619,505.750,48.167
933,933,31.100,161.882,677.564,15.417,64.530,333,1,629,489.500,59.905,46.619,505.750,48.167
934,934,31.133,161.862,677.508,15.415,64.525,333,1,629,489.500,59.905,46.619,505.750,48.167
935,935,31.167,161.860,677.503,15.415,64.524,333,1,629,489.500,59.905,46.619,505.750,48.167
936,936,31.200,161.876,677.547,15.417,64.528,333,1,629,489.500,59.905,46.619,505.750,48.167
937,937,31.233,162.428,678.993,15.469,64.666,329,1,629,489.500,59.905,46.619,505.750,48.167
938,938,31.267,162.288,678.647,15.456,64.633,328,1,629,489.500,59.905,46.619,505.750,48.167
939,939,31.300,162.257,678.567,15.453,64.625,329,1,629,489.500,59.905,46.619,505.750,48.167
940,940,31.333,162.592,679.586,15.485,64.723,318,1,629,489.500,59.905,46.619,505.750,48.167
941,941,31.367,162.593,679.615,15.485,64.725,316,1,629,489.500,59.905,46.619,505.750,48.167
942,942,31.400,162.798,680.183,15.505,64.779,312,1,629,489.500,59.905,46.619,505.750,48.167
943,943,31.433,162.571,679.562,15.483,64.720,318,1,629,489.500,59.905,46.619,505.750,48.167
944,944,31.467,162.554,679.533,15.481,64.717,317,1,629,489.500,59.905,46.619,505.750,48.167
945,945,31.500,162.616,679.675,15.487,64.731,317,1,629,489.500,59.905,46.619,505.750,48.167
946,946,31.533,163.099,680.991,15.533,64.856,311,1,629,489.500,59.905,46.619,505.750,48.167
947,947,31.567,163.089,680.966,15.532,64.854,311,1,629,489.500,59.905,46.619,505.750,48.167
948,948,31.600,163.094,680.977,15.533,64.855,311,1,629,489.500,59.905,46.619,505.750,48.167
949,949,31.633,163.125,681.013,15.536,64.858,312,1,629,489.500,59.905,46.619,505.750,48.167
950,950,31.667,162.565,679.472,15.482,64.712,322,1,629,489.500,59.905,46.619,505.750,48.167
951,951,31.700,162.716,679.882,15.497,64.751,319,1,629,489.500,59.905,46.619,505.750,48.167
952,952,31.733,162.915,680.364,15.516,64.797,321,1,629,489.500,59.905,46.619,505.750,48.167
953,953,31.767,162.567,679.560,15.483,64.720,317,1,629,489.500,59.905,46.619,505.750,48.167
954,954,31.800,162.567,679.560,15.483,64.720,317,1,629,489.500,59.905,46.619,505.750,48.167
955,955,31.833,162.797,680.157,15.505,64.777,317,1,629,489.500,59.905,46.619,505.750,48.167
956,956,31.867,162.577,679.542,15.484,64.718,321,1,629,489.500,59.905,46.619,505.750,48.167
957,957,31.900,162.615,679.701,15.487,64.733,316,1,629,489.500,59.905,46.619,505.750,48.167
958,958,31.933,162.714,679.914,15.497,64.754,318,1,629,489.500,59.905,46.619,505.750,48.167
959,959,31.967,162.622,679.710,15.488,64.734,317,1,629,489.500,59.905,46.619,505.750,48.167
960,960,32.000,162.686,679.875,15.494,64.750,315,1,629,489.500,59.905,46.619,505.750,48.167
961,961,32.033,162.129,678.326,15.441,64.603,333,1,629,489.500,59.905,46.619,505.750,48.167
962,962,32.067,161.744,677.428,15.404,64.517,328,1,629,489.500,59.905,46.619,505.750,48.167
963,963,32.100,161.684,677.248,15.398,64.500,328,1,629,489.500,59.905,46.619,505.750,48.167
964,964,32.133,161.932,677.905,15.422,64.562,326,1,629,489.500,59.905,46.619,505.750,48.167
965,965,32.167,161.546,676.808,15.385,64.458,334,1,629,489.500,59.905,46.619,505.750,48.167
966,966,32.200,161.546,676.808,15.385,64.458,334,1,629,489.500,59.905,46.619,505.750,48.167
967,967,32.233,161.546,676.808,15.385,64.458,334,1,629,489.500,59.905,46.619,505.750,48.167
968,968,32.267,161.546,676.808,15.385,64.458,334,1,629,489.500,59.905,46.619,505.750,48.167
969,969,32.300,161.546,676.808,15.385,64.458,334,1,629,489.500,59.905,46.619,505.750,48.167
970,970,32.333,161.559,676.840,15.387,64.461,334,1,629,489.500,59.905,46.619,505.750,48.167
971,971,32.367,161.539,676.793,15.385,64.456,334,1,629,489.500,59.905,46.619,505.750,48.167
972,972,32.400,161.868,677.733,15.416,64.546,328,1,629,489.500,59.905,46.619,505.750,48.167
973,973,32.433,161.907,677.832,15.420,64.555,330,1,629,489.500,59.905,46.619,505.750,48.167
974,974,32.467,161.793,677.509,15.409,64.525,332,1,629,489.500,59.905,46.619,505.750,48.167
975,975,32.500,161.851,677.677,15.414,64.541,331,1,629,489.500,59.905,46.619,505.750,48.167
976,976,32.533,161.993,678.010,15.428,64.572,334,1,629,489.500,59.905,46.619,505.750,48.167
977,977,32.567,161.859,677.624,15.415,64.536,337,1,629,489.500,59.905,46.619,505.750,48.167
978,978,32.600,161.980,677.950,15.427,64.567,329,1,629,489.500,59.905,46.619,505.750,48.167
979,979,32.633,162.057,678.107,15.434,64.582,330,1,629,489.500,59.905,46.619,505.750,48.167
980,980,32.667,161.840,677.631,15.413,64.536,324,1,629,489.500,59.905,46.619,505.750,48.167
981,981,32.700,161.850,677.656,15.414,64.539,324,1,629,489.500,59.905,46.619,505.750,48.167
982,982,32.733,162.223,678.563,15.450,64.625,326,1,629,489.500,59.905,46.619,505.750,48.167
983,983,32.767,161.786,677.398,15.408,64.514,330,1,629,489.500,59.905,46.619,505.750,48.167
984,984,32.800,161.738,677.305,15.404,64.505,326,1,629,489.500,59.905,46.619,505.750,48.167
985,985,32.833,161.880,677.702,15.417,64.543,329,1,629,489.500,59.905,46.619,505.750,48.167
986,986,32.867,161.869,677.676,15.416,64.541,329,1,629,489.500,59.905,46.619,505.750,48.167
987,987,32.900,161.794,677.548,15.409,64.528,325,1,629,489.500,59.905,46.619,505.750,48.167
988,988,32.933,161.794,677.576,15.409,64.531,323,1,629,489.500,59.905,46.619,505.750,48.167
989,989,32.967,161.743,677.475,15.404,64.521,321,1,629,489.500,59.905,46.619,505.750,48.167
990,990,33.000,161.770,677.530,15.407,64.527,320,1,629,489.500,59.905,46.619,505.750,48.167
991,991,33.033,161.635,677.085,15.394,64.484,327,1,629,489.500,59.905,46.619,505.750,48.167
992,992,33.067,161.586,676.973,15.389,64.474,326,1,629,489.500,59.905,46.619,505.750,48.167
993,993,33.100,161.815,677.607,15.411,64.534,323,1,629,489.500,59.905,46.619,505.750,48.167
994,994,33.133,162.129,678.393,15.441,64.609,325,1,629,489.500,59.905,46.619,505.750,48.167
995,995,33.167,162.145,678.421,15.442,64.612,324,1,629,489.500,59.905,46.619,505.750,48.167
996,996,33.200,161.940,677.966,15.423,64.568,320,1,629,489.500,59.905,46.619,505.750,48.167
997,997,33.233,161.942,677.976,15.423,64.569,321,1,629,489.500,59.905,46.619,505.750,48.167
998,998,33.267,161.953,678.005,15.424,64.572,321,1,629,489.500,59.905,46.619,505.750,48.167
999,999,33.300,161.872,677.776,15.416,64.550,323,1,629,489.500,59.905,46.619,505.750,48.167
1000,1000,33.333,162.233,678.659,15.451,64.634,321,1,629,489.500,59.905,46.619,505.750,48.167
1001,1001,33.367,162.229,678.653,15.450,64.634,321,1,629,489.500,59.905,46.619,505.750,48.167
1002,1002,33.400,163.868,683.119,15.606,65.059,289,1,629,489.500,59.905,46.619,505.750,48.167
1003,1003,33.433,162.647,679.743,15.490,64.737,315,1,629,489.500,59.905,46.619,505.750,48.167
1004,1004,33.467,162.600,679.638,15.486,64.727,315,1,629,489.500,59.905,46.619,505.750,48.167
1005,1005,33.500,163.997,683.353,15.619,65.081,295,1,629,489.500,59.905,46.619,505.750,48.167
1006,1006,33.533,162.524,679.340,15.478,64.699,322,1,629,489.500,59.905,46.619,505.750,48.167
1007,1007,33.567,162.452,679.149,15.472,64.681,322,1,629,489.500,59.905,46.619,505.750,48.167
1008,1008,33.600,163.841,682.989,15.604,65.047,295,1,629,489.500,59.905,46.619,505.750,48.167
1009,1009,33.633,163.937,683.156,15.613,65.062,302,1,629,489.500,59.905,46.619,505.750,48.167
1010,1010,33.667,163.856,682.981,15.605,65.046,299,1,629,489.500,59.905,46.619,505.750,48.167
1011,1011,33.700,164.181,683.830,15.636,65.127,293,1,629,489.500,59.905,46.619,505.750,48.167
1012,1012,33.733,164.085,683.507,15.627,65.096,301,1,629,489.500,59.905,46.619,505.750,48.167
1013,1013,33.767,163.783,682.816,15.598,65.030,298,1,629,489.500,59.905,46.619,505.750,48.167
1014,1014,33.800,163.783,682.816,15.598,65.030,298,1,629,489.500,59.905,46.619,505.750,48.167
1015,1015,33.833,164.057,683.415,15.624,65.087,303,1,629,489.500,59.905,46.619,505.750,48.167
1016,1016,33.867,164.080,683.465,15.627,65.092,304,1,629,489.500,59.905,46.619,505.750,48.167
1017,1017,33.900,164.155,683.664,15.634,65.111,301,1,629,489.500,59.905,46.619,505.750,48.167
1018,1018,33.933,162.786,679.995,15.503,64.761,323,1,629,489.500,59.905,46.619,505.750,48.167
1019,1019,33.967,162.477,679.235,15.474,64.689,321,1,629,489.500,59.905,46.619,505.750,48.167
1020,1020,34.000,163.866,683.096,15.606,65.057,292,1,629,489.500,59.905,46.619,505.750,48.167
1021,1021,34.033,162.261,678.531,15.453,64.622,338,1,629,489.500,59.905,46.619,505.750,48.167
1022,1022,34.067,161.715,677.297,15.401,64.504,329,1,629,489.500,59.905,46.619,505.750,48.167
1023,1023,34.100,161.869,677.586,15.416,64.532,335,1,629,489.500,59.905,46.619,505.750,48.167
1024,1024,34.133,162.013,678.002,15.430,64.572,332,1,629,489.500,59.905,46.619,505.750,48.167
1025,1025,34.167,161.781,677.329,15.408,64.507,337,1,629,489.500,59.905,46.619,505.750,48.167
1026,1026,34.200,162.180,678.465,15.446,64.616,329,1,629,489.500,59.905,46.619,505.750,48.167
1027,1027,34.233,162.160,678.339,15.444,64.604,335,1,629,489.500,59.905,46.619,505.750,48.167
1028,1028,34.267,162.160,678.339,15.444,64.604,335,1,629,489.500,59.905,46.619,505.750,48.167
1029,1029,34.300,162.159,678.336,15.444,64.603,335,1,629,489.500,59.905,46.619,505.750,48.167
1030,1030,34.333,162.267,678.637,15.454,64.632,333,1,629,489.500,59.905,46.619,505.750,48.167
1031,1031,34.367,161.895,677.622,15.419,64.535,337,1,629,489.500,59.905,46.619,505.750,48.167
1032,1032,34.400,161.947,677.756,15.423,64.548,337,1,629,489.500,59.905,46.619,505.750,48.167
1033,1033,34.433,161.940,677.723,15.423,64.545,339,1,629,489.500,59.905,46.619,505.750,48.167
1034,1034,34.467,161.939,677.721,15.423,64.545,339,1,629,489.500,59.905,46.619,505.750,48.167
1035,1035,34.500,162.192,678.429,15.447,64.612,334,1,629,489.500,59.905,46.619,505.750,48.167
1036,1036,34.533,162.009,677.939,15.429,64.566,336,1,629,489.500,59.905,46.619,505.750,48.167
1037,1037,34.567,162.004,677.911,15.429,64.563,337,1,629,489.500,59.905,46.619,505.750,48.167
1038,1038,34.600,162.168,678.378,15.445,64.607,334,1,629,489.500,59.905,46.619,505.750,48.167
1039,1039,34.633,162.122,678.241,15.440,64.594,335,1,629,489.500,59.905,46.619,505.750,48.167
1040,1040,34.667,162.119,678.233,15.440,64.594,335,1,629,489.500,59.905,46.619,505.750,48.167
1041,1041,34.700,162.284,678.665,15.456,64.635,334,1,629,489.500,59.905,46.619,505.750,48.167
1042,1042,34.733,162.356,678.732,15.462,64.641,342,1,629,489.500,59.905,46.619,505.750,48.167
1043,1043,34.767,162.091,678.055,15.437,64.577,340,1,629,489.500,59.905,46.619,505.750,48.167
1044,1044,34.800,162.082,678.072,15.436,64.578,339,1,629,489.500,59.905,46.619,505.750,48.167
1045,1045,34.833,162.218,678.472,15.449,64.616,335,1,629,489.500,59.905,46.619,505.750,48.167
1046,1046,34.867,162.191,678.410,15.447,64.610,334,1,629,489.500,59.905,46.619,505.750,48.167
1047,1047,34.900,162.282,678.661,15.455,64.634,332,1,629,489.500,59.905,46.619,505.750,48.167
1048,1048,34.933,162.185,678.430,15.446,64.612,331,1,629,489.500,59.905,46.619,505.750,48.167
1049,1049,34.967,162.157,678.326,15.444,64.602,334,1,629,489.500,59.905,46.619,505.750,48.167
1050,1050,35.000,162.306,678.744,15.458,64.642,332,1,629,489.500,59.905,46.619,505.750,48.167
1051,1051,35.033,162.423,679.025,15.469,64.669,334,1,629,489.500,59.905,46.619,505.750,48.167
1052,1052,35.067,162.570,679.373,15.483,64.702,335,1,629,489.500,59.905,46.619,505.750,48.167
1053,1053,35.100,162.456,679.097,15.472,64.676,335,1,629,489.500,59.905,46.619,505.750,48.167
1054,1054,35.133,162.453,679.099,15.472,64.676,334,1,629,489.500,59.905,46.619,505.750,48.167
1055,1055,35.167,162.430,679.043,15.470,64.671,334,1,629,489.500,59.905,46.619,505.750,48.167
1056,1056,35.200,162.443,679.070,15.471,64.673,334,1,629,489.500,59.905,46.619,505.750,48.167
1057,1057,35.233,162.423,679.014,15.469,64.668,337,1,629,489.500,59.905,46.619,505.750,48.167
1058,1058,35.267,163.012,680.619,15.525,64.821,328,1,629,489.500,59.905,46.619,505.750,48.167
1059,1059,35.300,163.057,680.747,15.529,64.833,327,1,629,489.500,59.905,46.619,505.750,48.167
1060,1060,35.333,163.107,680.894,15.534,64.847,326,1,629,489.500,59.905,46.619,505.750,48.167
1061,1061,35.367,163.131,680.945,15.536,64.852,325,1,629,489.500,59.905,46.619,505.750,48.167
1062,1062,35.400,162.844,680.135,15.509,64.775,330,1,629,489.500,59.905,46.619,505.750,48.167
1063,1063,35.433,162.928,680.343,15.517,64.795,331,1,629,489.500,59.905,46.619,505.750,48.167
1064,1064,35.467,162.794,679.989,15.504,64.761,332,1,629,489.500,59.905,46.619,505.750,48.167
1065,1065,35.500,162.723,679.829,15.497,64.746,330,1,629,489.500,59.905,46.619,505.750,48.167
1066,1066,35.533,162.817,680.029,15.506,64.765,334,1,629,489.500,59.905,46.619,505.750,48.167
1067,1067,35.567,162.501,679.218,15.476,64.687,336,1,629,489.500,59.905,46.619,505.750,48.167
1068,1068,35.600,162.753,679.899,15.500,64.752,330,1,629,489.500,59.905,46.619,505.750,48.167
1069,1069,35.633,162.373,678.987,15.464,64.665,327,1,629,489.500,59.905,46.619,505.750,48.167
1070,1070,35.667,162.139,678.393,15.442,64.609,326,1,629,489.500,59.905,46.619,505.750,48.167
1071,1071,35.700,162.473,679.243,15.474,64.690,326,1,629,489.500,59.905,46.619,505.750,48.167
1072,1072,35.733,162.603,679.709,15.486,64.734,318,1,629,489.500,59.905,46.619,505.750,48.167
1073,1073,35.767,162.662,679.874,15.492,64.750,316,1,629,489.500,59.905,46.619,505.750,48.167
1074,1074,35.800,162.718,680.030,15.497,64.765,315,1,629,489.500,59.905,46.619,505.750,48.167
1075,1075,35.833,162.728,680.000,15.498,64.762,317,1,629,489.500,59.905,46.619,505.750,48.167
1076,1076,35.867,162.739,680.078,15.499,64.769,313,1,629,489.500,59.905,46.619,505.750,48.167
1077,1077,35.900,162.784,680.204,15.503,64.781,312,1,629,489.500,59.905,46.619,505.750,48.167
1078,1078,35.933,162.305,678.815,15.458,64.649,322,1,629,489.500,59.905,46.619,505.750,48.167
1079,1079,35.967,162.182,678.513,15.446,64.620,322,1,629,489.500,59.905,46.619,505.750,48.167
1080,1080,36.000,162.290,678.803,15.456,64.648,320,1,629,489.500,59.905,46.619,505.750,48.167
1081,1081,36.033,162.240,678.541,15.451,64.623,331,1,629,489.500,59.905,46.619,505.750,48.167
1082,1082,36.067,161.772,677.250,15.407,64.500,339,1,629,489.500,59.905,46.619,505.750,48.167
1083,1083,36.100,161.971,677.817,15.426,64.554,335,1,629,489.500,59.905,46.619,505.750,48.167
1084,1084,36.133,162.077,678.109,15.436,64.582,333,1,629,489.500,59.905,46.619,505.750,48.167
1085,1085,36.167,162.101,678.180,15.438,64.589,332,1,629,489.500,59.905,46.619,505.750,48.167
1086,1086,36.200,162.101,678.180,15.438,64.589,332,1,629,489.500,59.905,46.619,505.750,48.167
1087,1087,36.233,162.075,678.102,15.436,64.581,333,1,629,489.500,59.905,46.619,505.750,48.167
1088,1088,36.267,162.075,678.102,15.436,64.581,333,1,629,489.500,59.905,46.619,505.750,48.167
1089,1089,36.300,162.075,678.101,15.436,64.581,333,1,629,489.500,59.905,46.619,505.750,48.167
1090,1090,36.333,161.892,677.594,15.418,64.533,337,1,629,489.500,59.905,46.619,505.750,48.167
1091,1091,36.367,161.949,677.747,15.424,64.547,336,1,629,489.500,59.905,46.619,505.750,48.167
1092,1092,36.400,161.691,677.005,15.399,64.477,341,1,629,489.500,59.905,46.619,505.750,48.167
1093,1093,36.433,162.010,677.876,15.430,64.560,338,1,629,489.500,59.905,46.619,505.750,48.167
1094,1094,36.467,161.754,677.142,15.405,64.490,342,1,629,489.500,59.905,46.619,505.750,48.167
1095,1095,36.500,161.765,677.238,15.406,64.499,338,1,629,489.500,59.905,46.619,505.750,48.167
1096,1096,36.533,161.892,677.523,15.418,64.526,340,1,629,489.500,59.905,46.619,505.750,48.167
1097,1097,36.567,161.811,677.341,15.411,64.509,339,1,629,489.500,59.905,46.619,505.750,48.167
1098,1098,36.600,162.156,678.326,15.443,64.602,331,1,629,489.500,59.905,46.619,505.750,48.167
1099,1099,36.633,161.952,677.764,15.424,64.549,335,1,629,489.500,59.905,46.619,505.750,48.167
1100,1100,36.667,162.026,677.981,15.431,64.570,333,1,629,489.500,59.905,46.619,505.750,48.167
1101,1101,36.700,161.891,677.708,15.418,64.544,327,1,629,489.500,59.905,46.619,505.750,48.167
1102,1102,36.733,161.914,677.767,15.420,64.549,327,1,629,489.500,59.905,46.619,505.750,48.167
1103,1103,36.767,161.937,677.863,15.423,64.558,326,1,629,489.500,59.905,46.619,505.750,48.167
1104,1104,36.800,161.883,677.698,15.417,64.543,327,1,629,489.500,59.905,46.619,505.750,48.167
1105,1105,36.833,161.786,677.393,15.408,64.514,332,1,629,489.500,59.905,46.619,505.750,48.167
1106,1106,36.867,161.707,677.170,15.401,64.492,334,1,629,489.500,59.905,46.619,505.750,48.167
1107,1107,36.900,161.769,677.340,15.407,64.509,332,1,629,489.500,59.905,46.619,505.750,48.167
1108,1108,36.933,161.795,677.420,15.409,64.516,334,1,629,489.500,59.905,46.619,505.750,48.167
1109,1109,36.967,161.729,677.231,15.403,64.498,335,1,629,489.500,59.905,46.619,505.750,48.167
1110,1110,37.000,161.743,677.292,15.404,64.504,332,1,629,489.500,59.905,46.619,505.750,48.167
1111,1111,37.033,161.771,677.355,15.407,64.510,332,1,629,489.500,59.905,46.619,505.750,48.167
1112,1112,37.067,161.654,677.043,15.396,64.480,335,1,629,489.500,59.905,46.619,505.750,48.167
1113,1113,37.100,161.682,677.135,15.398,64.489,333,1,629,489.500,59.905,46.619,505.750,48.167
1114,1114,37.133,162.294,678.704,15.457,64.639,333,1,629,489.500,59.905,46.619,505.750,48.167
1115,1115,37.167,162.182,678.385,15.446,64.608,335,1,629,489.500,59.905,46.619,505.750,48.167
1116,1116,37.200,162.280,678.670,15.455,64.635,331,1,629,489.500,59.905,46.619,505.750,48.167
1117,1117,37.233,162.385,678.936,15.465,64.661,331,1,629,489.500,59.905,46.619,505.750,48.167
1118,1118,37.267,162.241,678.654,15.451,64.634,325,1,629,489.500,59.905,46.619,505.750,48.167
1119,1119,37.300,162.244,678.664,15.452,64.635,325,1,629,489.500,59.905,46.619,505.750,48.167
1120,1120,37.333,162.169,678.451,15.445,64.614,327,1,629,489.500,59.905,46.619,505.750,48.167
1121,1121,37.367,162.068,678.171,15.435,64.588,330,1,629,489.500,59.905,46.619,505.750,48.167
1122,1122,37.400,162.150,678.389,15.443,64.608,327,1,629,489.500,59.905,46.619,505.750,48.167
1123,1123,37.433,162.144,678.358,15.442,64.606,331,1,629,489.500,59.905,46.619,505.750,48.167
1124,1124,37.467,162.114,678.286,15.439,64.599,330,1,629,489.500,59.905,46.619,505.750,48.167
1125,1125,37.500,162.188,678.535,15.446,64.622,326,1,629,489.500,59.905,46.619,505.750,48.167
1126,1126,37.533,162.240,678.625,15.451,64.631,328,1,629,489.500,59.905,46.619,505.750,48.167
1127,1127,37.567,162.235,678.617,15.451,64.630,327,1,629,489.500,59.905,46.619,505.750,48.167
1128,1128,37.600,162.265,678.736,15.454,64.642,325,1,629,489.500,59.905,46.619,505.750,48.167
1129,1129,37.633,162.425,679.107,15.469,64.677,326,1,629,489.500,59.905,46.619,505.750,48.167
1130,1130,37.667,162.357,678.949,15.463,64.662,326,1,629,489.500,59.905,46.619,505.750,48.167
1131,1131,37.700,162.211,678.545,15.449,64.623,328,1,629,489.500,59.905,46.619,505.750,48.167
1132,1132,37.733,162.293,678.766,15.456,64.644,329,1,629,489.500,59.905,46.619,505.750,48.167
1133,1133,37.767,162.252,678.685,15.453,64.637,327,1,629,489.500,59.905,46.619,505.750,48.167
1134,1134,37.800,162.258,678.698,15.453,64.638,327,1,629,489.500,59.905,46.619,505.750,48.167
1135,1135,37.833,162.277,678.727,15.455,64.641,327,1,629,489.500,59.905,46.619,505.750,48.167
1136,1136,37.867,162.283,678.719,15.456,64.640,326,1,629,489.500,59.905,46.619,505.750,48.167
1137,1137,37.900,162.171,678.435,15.445,64.613,329,1,629,489.500,59.905,46.619,505.750,48.167
1138,1138,37.933,162.357,678.800,15.463,64.648,337,1,629,489.500,59.905,46.619,505.750,48.167
1139,1139,37.967,162.361,678.809,15.463,64.648,337,1,629,489.500,59.905,46.619,505.750,48.167
1140,1140,38.000,162.278,678.612,15.455,64.630,336,1,629,489.500,59.905,46.619,505.750,48.167
1141,1141,38.033,162.225,678.471,15.450,64.616,337,1,629,489.500,59.905,46.619,505.750,48.167
1142,1142,38.067,162.005,677.962,15.429,64.568,330,1,629,489.500,59.905,46.619,505.750,48.167
1143,1143,38.100,162.280,678.718,15.455,64.640,325,1,629,489.500,59.905,46.619,505.750,48.167
1144,1144,38.133,162.284,678.727,15.456,64.641,325,1,629,489.500,59.905,46.619,505.750,48.167
1145,1145,38.167,162.174,678.408,15.445,64.610,327,1,629,489.500,59.905,46.619,505.750,48.167
1146,1146,38.200,162.173,678.506,15.445,64.620,320,1,629,489.500,59.905,46.619,505.750,48.167
1147,1147,38.233,162.173,678.506,15.445,64.620,320,1,629,489.500,59.905,46.619,505.750,48.167
1148,1148,38.267,162.173,678.506,15.445,64.620,320,1,629,489.500,59.905,46.619,505.750,48.167
1149,1149,38.300,162.171,678.502,15.445,64.619,320,1,629,489.500,59.905,46.619,505.750,48.167
1150,1150,38.333,162.480,679.214,15.474,64.687,324,1,629,489.500,59.905,46.619,505.750,48.167
1151,1151,38.367,162.393,679.025,15.466,64.669,322,1,629,489.500,59.905,46.619,505.750,48.167
1152,1152,38.400,162.131,678.392,15.441,64.609,321,1,629,489.500,59.905,46.619,505.750,48.167
1153,1153,38.433,162.297,678.698,15.457,64.638,326,1,629,489.500,59.905,46.619,505.750,48.167
1154,1154,38.467,162.355,678.869,15.462,64.654,325,1,629,489.500,59.905,46.619,505.750,48.167
1155,1155,38.500,162.419,679.029,15.469,64.669,322,1,629,489.500,59.905,46.619,505.750,48.167
1156,1156,38.533,162.556,679.396,15.482,64.704,325,1,629,489.500,59.905,46.619,505.750,48.167
1157,1157,38.567,162.350,678.919,15.462,64.659,323,1,629,489.500,59.905,46.619,505.750,48.167
1158,1158,38.600,162.456,679.207,15.472,64.686,318,1,629,489.500,59.905,46.619,505.750,48.167
1159,1159,38.633,162.337,678.888,15.461,64.656,319,1,629,489.500,59.905,46.619,505.750,48.167
1160,1160,38.667,162.393,678.998,15.466,64.667,322,1,629,489.500,59.905,46.619,505.750,48.167
1161,1161,38.700,162.538,679.369,15.480,64.702,321,1,629,489.500,59.905,46.619,505.750,48.167
1162,1162,38.733,162.530,679.374,15.479,64.702,320,1,629,489.500,59.905,46.619,505.750,48.167
1163,1163,38.767,162.497,679.251,15.476,64.691,323,1,629,489.500,59.905,46.619,505.750,48.167
1164,1164,38.800,163.659,682.434,15.587,64.994,299,1,629,489.500,59.905,46.619,505.750,48.167
1165,1165,38.833,163.489,682.066,15.570,64.959,296,1,629,489.500,59.905,46.619,505.750,48.167
1166,1166,38.867,162.153,678.430,15.443,64.612,320,1,629,489.500,59.905,46.619,505.750,48.167
1167,1167,38.900,162.156,678.443,15.443,64.614,318,1,629,489.500,59.905,46.619,505.750,48.167
1168,1168,38.933,162.099,678.301,15.438,64.600,318,1,629,489.500,59.905,46.619,505.750,48.167
1169,1169,38.967,161.742,677.385,15.404,64.513,319,1,629,489.500,59.905,46.619,505.750,48.167
1170,1170,39.000,161.849,677.684,15.414,64.541,317,1,629,489.500,59.905,46.619,505.750,48.167
1171,1171,39.033,162.012,678.128,15.430,64.584,316,1,629,489.500,59.905,46.619,505.750,48.167
1172,1172,39.067,161.848,677.666,15.414,64.540,321,1,629,489.500,59.905,46.619,505.750,48.167
1173,1173,39.100,162.090,678.350,15.437,64.605,317,1,629,489.500,59.905,46.619,505.750,48.167
1174,1174,39.133,162.107,678.415,15.439,64.611,315,1,629,489.500,59.905,46.619,505.750,48.167
1175,1175,39.167,161.992,678.104,15.428,64.581,317,1,629,489.500,59.905,46.619,505.750,48.167
1176,1176,39.200,162.129,678.475,15.441,64.617,313,1,629,489.500,59.905,46.619,505.750,48.167
1177,1177,39.233,162.179,678.572,15.446,64.626,315,1,629,489.500,59.905,46.619,505.750,48.167
1178,1178,39.267,162.073,678.271,15.436,64.597,319,1,629,489.500,59.905,46.619,505.750,48.167
1179,1179,39.300,162.088,678.422,15.437,64.612,308,1,629,489.500,59.905,46.619,505.750,48.167
1180,1180,39.333,162.180,678.582,15.446,64.627,313,1,629,489.500,59.905,46.619,505.750,48.167
1181,1181,39.367,161.884,677.791,15.417,64.551,316,1,629,489.500,59.905,46.619,505.750,48.167
1182,1182,39.400,162.012,678.146,15.430,64.585,314,1,629,489.500,59.905,46.619,505.750,48.167
1183,1183,39.433,162.319,678.929,15.459,64.660,314,1,629,489.500,59.905,46.619,505.750,48.167
1184,1184,39.467,162.240,678.695,15.451,64.638,317,1,629,489.500,59.905,46.619,505.750,48.167
1185,1185,39.500,162.363,679.032,15.463,64.670,313,1,629,489.500,59.905,46.619,505.750,48.167
1186,1186,39.533,162.387,679.063,15.465,64.673,318,1,629,489.500,59.905,46.619,505.750,48.167
1187,1187,39.567,162.417,679.127,15.468,64.679,320,1,629,489.500,59.905,46.619,505.750,48.167
1188,1188,39.600,162.246,678.750,15.452,64.643,314,1,629,489.500,59.905,46.619,505.750,48.167
1189,1189,39.633,162.248,678.756,15.452,64.643,314,1,629,489.500,59.905,46.619,505.750,48.167
1190,1190,39.667,162.267,678.772,15.454,64.645,316,1,629,489.500,59.905,46.619,505.750,48.167
1191,1191,39.700,162.236,678.687,15.451,64.637,315,1,629,489.500,59.905,46.619,505.750,48.167
1192,1192,39.733,162.185,678.545,15.446,64.623,318,1,629,489.500,59.905,46.619,505.750,48.167
1193,1193,39.767,162.131,678.406,15.441,64.610,318,1,629,489.500,59.905,46.619,505.750,48.167
1194,1194,39.800,162.016,678.166,15.430,64.587,314,1,629,489.500,59.905,46.619,505.750,48.167
1195,1195,39.833,162.028,678.189,15.431,64.589,315,1,629,489.500,59.905,46.619,505.750,48.167
1196,1196,39.867,162.033,678.202,15.432,64.591,315,1,629,489.500,59.905,46.619,505.750,48.167
1197,1197,39.900,162.110,678.426,15.439,64.612,312,1,629,489.500,59.905,46.619,505.750,48.167
1198,1198,39.933,162.029,678.191,15.431,64.590,316,1,629,489.500,59.905,46.619,505.750,48.167
1199,1199,39.967,162.041,678.223,15.432,64.593,316,1,629,489.500,59.905,46.619,505.750,48.167
1200,1200,40.000,162.295,678.908,15.457,64.658,310,1,629,489.500,59.905,46.619,505.750,48.167
1201,1201,40.033,162.498,679.417,15.476,64.706,317,1,629,489.500,59.905,46.619,505.750,48.167
1202,1202,40.067,162.332,678.926,15.460,64.660,323,1,629,489.500,59.905,46.619,505.750,48.167
1203,1203,40.100,162.161,678.457,15.444,64.615,326,1,629,489.500,59.905,46.619,505.750,48.167
1204,1204,40.133,162.212,678.607,15.449,64.629,325,1,629,489.500,59.905,46.619,505.750,48.167
1205,1205,40.167,162.062,678.176,15.434,64.588,328,1,629,489.500,59.905,46.619,505.750,48.167
1206,1206,40.200,162.042,678.126,15.433,64.583,327,1,629,489.500,59.905,46.619,505.750,48.167
1207,1207,40.233,162.190,678.548,15.447,64.624,324,1,629,489.500,59.905,46.619,505.750,48.167
1208,1208,40.267,161.938,677.834,15.423,64.556,329,1,629,489.500,59.905,46.619,505.750,48.167
1209,1209,40.300,162.101,678.284,15.438,64.599,326,1,629,489.500,59.905,46.619,505.750,48.167
1210,1210,40.333,162.033,678.100,15.432,64.581,327,1,629,489.500,59.905,46.619,505.750,48.167
1211,1211,40.367,162.033,678.100,15.432,64.581,327,1,629,489.500,59.905,46.619,505.750,48.167
1212,1212,40.400,162.197,678.574,15.447,64.626,324,1,629,489.500,59.905,46.619,505.750,48.167
1213,1213,40.433,162.317,678.892,15.459,64.656,322,1,629,489.500,59.905,46.619,505.750,48.167
1214,1214,40.467,162.133,678.386,15.441,64.608,327,1,629,489.500,59.905,46.619,505.750,48.167
1215,1215,40.500,162.811,680.253,15.506,64.786,313,1,629,489.500,59.905,46.619,505.750,48.167
1216,1216,40.533,162.605,679.742,15.486,64.737,315,1,629,489.500,59.905,46.619,505.750,48.167
1217,1217,40.567,161.974,678.026,15.426,64.574,324,1,629,489.500,59.905,46.619,505.750,48.167
1218,1218,40.600,162.201,678.621,15.448,64.631,322,1,629,489.500,59.905,46.619,505.750,48.167
1219,1219,40.633,162.287,678.809,15.456,64.648,322,1,629,489.500,59.905,46.619,505.750,48.167
1220,1220,40.667,162.199,678.614,15.447,64.630,322,1,629,489.500,59.905,46.619,505.750,48.167
1221,1221,40.700,162.277,678.825,15.455,64.650,321,1,629,489.500,59.905,46.619,505.750,48.167
1222,1222,40.733,162.292,678.850,15.456,64.652,322,1,629,489.500,59.905,46.619,505.750,48.167
1223,1223,40.767,162.103,678.364,15.438,64.606,323,1,629,489.500,59.905,46.619,505.750,48.167
1224,1224,40.800,162.444,679.306,15.471,64.696,317,1,629,489.500,59.905,46.619,505.750,48.167
1225,1225,40.833,162.507,679.426,15.477,64.707,320,1,629,489.500,59.905,46.619,505.750,48.167
1226,1226,40.867,162.150,678.500,15.443,64.619,322,1,629,489.500,59.905,46.619,505.750,48.167
1227,1227,40.900,162.193,678.585,15.447,64.627,322,1,629,489.500,59.905,46.619,505.750,48.167
1228,1228,40.933,162.316,678.853,15.459,64.653,325,1,629,489.500,59.905,46.619,505.750,48.167
1229,1229,40.967,162.162,678.493,15.444,64.618,324,1,629,489.500,59.905,46.619,505.750,48.167
1230,1230,41.000,162.641,679.809,15.490,64.744,316,1,629,489.500,59.905,46.619,505.750,48.167
1231,1231,41.033,162.642,679.801,15.490,64.743,317,1,629,489.500,59.905,46.619,505.750,48.167
1232,1232,41.067,162.536,679.584,15.480,64.722,314,1,629,489.500,59.905,46.619,505.750,48.167
1233,1233,41.100,163.146,681.214,15.538,64.877,304,1,629,489.500,59.905,46.619,505.750,48.167
1234,1234,41.133,162.985,680.708,15.522,64.829,312,1,629,489.500,59.905,46.619,505.750,48.167
1235,1235,41.167,162.913,680.548,15.516,64.814,311,1,629,489.500,59.905,46.619,505.750,48.167
1236,1236,41.200,162.931,680.631,15.517,64.822,307,1,629,489.500,59.905,46.619,505.750,48.167
1237,1237,41.233,163.013,680.812,15.525,64.839,308,1,629,489.500,59.905,46.619,505.750,48.167
1238,1238,41.267,163.013,680.812,15.525,64.839,308,1,629,489.500,59.905,46.619,505.750,48.167
1239,1239,41.300,163.004,680.780,15.524,64.836,309,1,629,489.500,59.905,46.619,505.750,48.167
1240,1240,41.333,162.457,679.279,15.472,64.693,319,1,629,489.500,59.905,46.619,505.750,48.167
1241,1241,41.367,162.224,678.664,15.450,64.635,322,1,629,489.500,59.905,46.619,505.750,48.167
1242,1242,41.400,162.844,680.396,15.509,64.800,309,1,629,489.500,59.905,46.619,505.750,48.167
1243,1243,41.433,163.197,681.364,15.543,64.892,302,1,629,489.500,59.905,46.619,505.750,48.167
1244,1244,41.467,163.215,681.411,15.544,64.896,302,1,629,489.500,59.905,46.619,505.750,48.167
1245,1245,41.500,163.228,681.431,15.545,64.898,303,1,629,489.500,59.905,46.619,505.750,48.167
1246,1246,41.533,163.228,681.431,15.545,64.898,303,1,629,489.500,59.905,46.619,505.750,48.167
1247,1247,41.567,162.889,680.572,15.513,64.816,306,1,629,489.500,59.905,46.619,505.750,48.167
1248,1248,41.600,163.020,680.932,15.526,64.851,300,1,629,489.500,59.905,46.619,505.750,48.167
1249,1249,41.633,163.100,681.135,15.533,64.870,301,1,629,489.500,59.905,46.619,505.750,48.167
1250,1250,41.667,163.067,681.058,15.530,64.863,300,1,629,489.500,59.905,46.619,505.750,48.167
1251,1251,41.700,163.115,681.192,15.535,64.875,299,1,629,489.500,59.905,46.619,505.750,48.167
1252,1252,41.733,163.002,680.884,15.524,64.846,301,1,629,489.500,59.905,46.619,505.750,48.167
1253,1253,41.767,162.959,680.770,15.520,64.835,302,1,629,489.500,59.905,46.619,505.750,48.167
1254,1254,41.800,162.916,680.705,15.516,64.829,301,1,629,489.500,59.905,46.619,505.750,48.167
1255,1255,41.833,163.048,681.018,15.528,64.859,302,1,629,489.500,59.905,46.619,505.750,48.167
1256,1256,41.867,163.050,681.024,15.529,64.859,302,1,629,489.500,59.905,46.619,505.750,48.167
1257,1257,41.900,163.220,681.398,15.545,64.895,305,1,629,489.500,59.905,46.619,505.750,48.167
1258,1258,41.933,163.341,681.728,15.556,64.926,303,1,629,489.500,59.905,46.619,505.750,48.167
1259,1259,41.967,162.995,680.796,15.523,64.838,308,1,629,489.500,59.905,46.619,505.750,48.167
1260,1260,42.000,162.314,678.881,15.459,64.655,319,1,629,489.500,59.905,46.619,505.750,48.167
1261,1261,42.033,162.578,679.183,15.484,64.684,341,1,629,489.500,59.905,46.619,505.750,48.167
1262,1262,42.067,162.152,678.241,15.443,64.594,333,1,629,489.500,59.905,46.619,505.750,48.167
1263,1263,42.100,162.407,678.959,15.467,64.663,329,1,629,489.500,59.905,46.619,505.750,48.167
1264,1264,42.133,162.479,679.153,15.474,64.681,328,1,629,489.500,59.905,46.619,505.750,48.167
1265,1265,42.167,162.400,678.940,15.467,64.661,329,1,629,489.500,59.905,46.619,505.750,48.167
1266,1266,42.200,162.400,678.940,15.467,64.661,329,1,629,489.500,59.905,46.619,505.750,48.167
1267,1267,42.233,162.400,678.940,15.467,64.661,329,1,629,489.500,59.905,46.619,505.750,48.167
1268,1268,42.267,162.400,678.940,15.467,64.661,329,1,629,489.500,59.905,46.619,505.750,48.167
1269,1269,42.300,162.400,678.940,15.467,64.661,329,1,629,489.500,59.905,46.619,505.750,48.167
1270,1270,42.333,162.400,678.940,15.467,64.661,329,1,629,489.500,59.905,46.619,505.750,48.167
1271,1271,42.367,162.390,678.917,15.466,64.659,329,1,629,489.500,59.905,46.619,505.750,48.167
1272,1272,42.400,162.543,679.339,15.480,64.699,327,1,629,489.500,59.905,46.619,505.750,48.167
1273,1273,42.433,162.579,679.445,15.484,64.709,326,1,629,489.500,59.905,46.619,505.750,48.167
1274,1274,42.467,162.557,679.383,15.482,64.703,326,1,629,489.500,59.905,46.619,505.750,48.167
1275,1275,42.500,162.512,679.291,15.477,64.694,325,1,629,489.500,59.905,46.619,505.750,48.167
1276,1276,42.533,162.788,679.905,15.504,64.753,328,1,629,489.500,59.905,46.619,505.750,48.167
1277,1277,42.567,162.686,679.693,15.494,64.733,323,1,629,489.500,59.905,46.619,505.750,48.167
1278,1278,42.600,162.639,679.584,15.489,64.722,323,1,629,489.500,59.905,46.619,505.750,48.167
1279,1279,42.633,162.661,679.637,15.492,64.727,323,1,629,489.500,59.905,46.619,505.750,48.167
1280,1280,42.667,162.721,679.793,15.497,64.742,325,1,629,489.500,59.905,46.619,505.750,48.167
1281,1281,42.700,162.486,679.143,15.475,64.680,329,1,629,489.500,59.905,46.619,505.750,48.167
1282,1282,42.733,162.530,679.246,15.479,64.690,329,1,629,489.500,59.905,46.619,505.750,48.167
1283,1283,42.767,162.434,678.981,15.470,64.665,331,1,629,489.500,59.905,46.619,505.750,48.167
1284,1284,42.800,162.534,679.479,15.479,64.712,316,1,629,489.500,59.905,46.619,505.750,48.167
1285,1285,42.833,162.503,679.393,15.476,64.704,317,1,629,489.500,59.905,46.619,505.750,48.167
1286,1286,42.867,162.583,679.591,15.484,64.723,317,1,629,489.500,59.905,46.619,505.750,48.167
1287,1287,42.900,162.602,679.644,15.486,64.728,314,1,629,489.500,59.905,46.619,505.750,48.167
1288,1288,42.933,162.763,680.062,15.501,64.768,313,1,629,489.500,59.905,46.619,505.750,48.167
1289,1289,42.967,162.463,679.276,15.473,64.693,317,1,629,489.500,59.905,46.619,505.750,48.167
1290,1290,43.000,162.474,679.322,15.474,64.697,315,1,629,489.500,59.905,46.619,505.750,48.167
1291,1291,43.033,162.302,678.813,15.457,64.649,322,1,629,489.500,59.905,46.619,505.750,48.167
1292,1292,43.067,162.253,678.714,15.453,64.639,321,1,629,489.500,59.905,46.619,505.750,48.167
1293,1293,43.100,162.305,678.862,15.458,64.654,318,1,629,489.500,59.905,46.619,505.750,48.167
1294,1294,43.133,162.239,678.674,15.451,64.636,321,1,629,489.500,59.905,46.619,505.750,48.167
1295,1295,43.167,162.117,678.349,15.440,64.605,323,1,629,489.500,59.905,46.619,505.750,48.167
1296,1296,43.200,162.329,678.901,15.460,64.657,319,1,629,489.500,59.905,46.619,505.750,48.167
1297,1297,43.233,162.501,679.336,15.476,64.699,319,1,629,489.500,59.905,46.619,505.750,48.167
1298,1298,43.267,162.501,679.335,15.476,64.699,319,1,629,489.500,59.905,46.619,505.750,48.167
1299,1299,43.300,162.493,679.315,15.475,64.697,319,1,629,489.500,59.905,46.619,505.750,48.167
1300,1300,43.333,162.429,679.135,15.469,64.680,321,1,629,489.500,59.905,46.619,505.750,48.167
1301,1301,43.367,162.409,679.119,15.468,64.678,319,1,629,489.500,59.905,46.619,505.750,48.167
1302,1302,43.400,162.180,678.562,15.446,64.625,320,1,629,489.500,59.905,46.619,505.750,48.167
1303,1303,43.433,162.401,679.053,15.467,64.672,324,1,629,489.500,59.905,46.619,505.750,48.167
1304,1304,43.467,162.441,679.147,15.471,64.681,323,1,629,489.500,59.905,46.619,505.750,48.167
1305,1305,43.500,162.584,679.666,15.484,64.730,311,1,629,489.500,59.905,46.619,505.750,48.167
1306,1306,43.533,162.752,680.011,15.500,64.763,317,1,629,489.500,59.905,46.619,505.750,48.167
1307,1307,43.567,162.581,679.654,15.484,64.729,314,1,629,489.500,59.905,46.619,505.750,48.167
1308,1308,43.600,162.678,679.940,15.493,64.756,310,1,629,489.500,59.905,46.619,505.750,48.167
1309,1309,43.633,162.862,680.380,15.511,64.798,310,1,629,489.500,59.905,46.619,505.750,48.167
1310,1310,43.667,162.652,679.848,15.491,64.747,315,1,629,489.500,59.905,46.619,505.750,48.167
1311,1311,43.700,162.627,679.715,15.488,64.735,316,1,629,489.500,59.905,46.619,505.750,48.167
1312,1312,43.733,162.517,679.457,15.478,64.710,316,1,629,489.500,59.905,46.619,505.750,48.167
1313,1313,43.767,162.259,678.740,15.453,64.642,321,1,629,489.500,59.905,46.619,505.750,48.167
1314,1314,43.800,162.263,678.806,15.454,64.648,316,1,629,489.500,59.905,46.619,505.750,48.167
1315,1315,43.833,162.240,678.741,15.451,64.642,318,1,629,489.500,59.905,46.619,505.750,48.167
1316,1316,43.867,162.200,678.630,15.448,64.631,320,1,629,489.500,59.905,46.619,505.750,48.167
1317,1317,43.900,163.715,682.772,15.592,65.026,291,1,629,489.500,59.905,46.619,505.750,48.167
1318,1318,43.933,163.750,682.826,15.595,65.031,293,1,629,489.500,59.905,46.619,505.750,48.167
1319,1319,43.967,163.663,682.595,15.587,65.009,294,1,629,489.500,59.905,46.619,505.750,48.167
1320,1320,44.000,162.587,679.682,15.484,64.732,312,1,629,489.500,59.905,46.619,505.750,48.167
1321,1321,44.033,162.311,678.698,15.458,64.638,336,1,629,489.500,59.905,46.619,505.750,48.167
1322,1322,44.067,161.672,677.126,15.397,64.488,333,1,629,489.500,59.905,46.619,505.750,48.167
1323,1323,44.100,162.028,678.118,15.431,64.583,325,1,629,489.500,59.905,46.619,505.750,48.167
1324,1324,44.133,162.177,678.544,15.445,64.623,322,1,629,489.500,59.905,46.619,505.750,48.167
1325,1325,44.167,162.060,678.209,15.434,64.591,324,1,629,489.500,59.905,46.619,505.750,48.167
1326,1326,44.200,162.060,678.209,15.434,64.591,324,1,629,489.500,59.905,46.619,505.750,48.167
1327,1327,44.233,161.987,678.010,15.427,64.572,325,1,629,489.500,59.905,46.619,505.750,48.167
1328,1328,44.267,161.981,677.993,15.427,64.571,326,1,629,489.500,59.905,46.619,505.750,48.167
1329,1329,44.300,161.838,677.642,15.413,64.537,325,1,629,489.500,59.905,46.619,505.750,48.167
1330,1330,44.333,161.837,677.640,15.413,64.537,325,1,629,489.500,59.905,46.619,505.750,48.167
1331,1331,44.367,161.853,677.675,15.415,64.540,325,1,629,489.500,59.905,46.619,505.750,48.167
1332,1332,44.400,162.392,679.185,15.466,64.684,312,1,629,489.500,59.905,46.619,505.750,48.167
1333,1333,44.433,162.391,679.184,15.466,64.684,312,1,629,489.500,59.905,46.619,505.750,48.167
1334,1334,44.467,162.104,678.416,15.438,64.611,318,1,629,489.500,59.905,46.619,505.750,48.167
1335,1335,44.500,162.210,678.695,15.449,64.638,315,1,629,489.500,59.905,46.619,505.750,48.167
1336,1336,44.533,162.147,678.527,15.443,64.622,316,1,629,489.500,59.905,46.619,505.750,48.167
1337,1337,44.567,161.975,678.035,15.426,64.575,319,1,629,489.500,59.905,46.619,505.750,48.167
1338,1338,44.600,162.209,678.698,15.448,64.638,312,1,629,489.500,59.905,46.619,505.750,48.167
1339,1339,44.633,162.371,679.115,15.464,64.678,312,1,629,489.500,59.905,46.619,505.750,48.167
1340,1340,44.667,162.314,678.965,15.459,64.663,313,1,629,489.500,59.905,46.619,505.750,48.167
1341,1341,44.700,162.292,678.932,15.456,64.660,311,1,629,489.500,59.905,46.619,505.750,48.167
1342,1342,44.733,162.551,679.506,15.481,64.715,315,1,629,489.500,59.905,46.619,505.750,48.167
1343,1343,44.767,162.550,679.503,15.481,64.715,315,1,629,489.500,59.905,46.619,505.750,48.167
1344,1344,44.800,162.842,680.419,15.509,64.802,303,1,629,489.500,59.905,46.619,505.750,48.167
1345,1345,44.833,162.969,680.682,15.521,64.827,308,1,629,489.500,59.905,46.619,505.750,48.167
1346,1346,44.867,162.977,680.704,15.522,64.829,308,1,629,489.500,59.905,46.619,505.750,48.167
1347,1347,44.900,162.680,680.045,15.493,64.766,303,1,629,489.500,59.905,46.619,505.750,48.167
1348,1348,44.933,162.815,680.321,15.506,64.792,308,1,629,489.500,59.905,46.619,505.750,48.167
1349,1349,44.967,162.784,680.248,15.503,64.786,309,1,629,489.500,59.905,46.619,505.750,48.167
1350,1350,45.000,162.693,679.990,15.495,64.761,311,1,629,489.500,59.905,46.619,505.750,48.167
1351,1351,45.033,162.892,680.443,15.514,64.804,313,1,629,489.500,59.905,46.619,505.750,48.167
1352,1352,45.067,162.726,680.127,15.498,64.774,308,1,629,489.500,59.905,46.619,505.750,48.167
1353,1353,45.100,162.458,679.502,15.472,64.714,303,1,629,489.500,59.905,46.619,505.750,48.167
1354,1354,45.133,162.474,679.509,15.474,64.715,305,1,629,489.500,59.905,46.619,505.750,48.167
1355,1355,45.167,162.530,679.664,15.479,64.730,305,1,629,489.500,59.905,46.619,505.750,48.167
1356,1356,45.200,162.379,679.231,15.465,64.689,308,1,629,489.500,59.905,46.619,505.750,48.167
1357,1357,45.233,162.394,679.264,15.466,64.692,308,1,629,489.500,59.905,46.619,505.750,48.167
1358,1358,45.267,162.148,678.551,15.443,64.624,315,1,629,489.500,59.905,46.619,505.750,48.167
1359,1359,45.300,162.311,679.034,15.458,64.670,309,1,629,489.500,59.905,46.619,505.750,48.167
1360,1360,45.333,162.312,679.034,15.458,64.670,310,1,629,489.500,59.905,46.619,505.750,48.167
1361,1361,45.367,162.123,678.488,15.440,64.618,315,1,629,489.500,59.905,46.619,505.750,48.167
1362,1362,45.400,162.185,678.666,15.446,64.635,314,1,629,489.500,59.905,46.619,505.750,48.167
1363,1363,45.433,162.370,679.076,15.464,64.674,317,1,629,489.500,59.905,46.619,505.750,48.167
1364,1364,45.467,162.263,678.828,15.454,64.650,317,1,629,489.500,59.905,46.619,505.750,48.167
1365,1365,45.500,162.266,678.842,15.454,64.652,315,1,629,489.500,59.905,46.619,505.750,48.167
1366,1366,45.533,162.354,679.031,15.462,64.670,317,1,629,489.500,59.905,46.619,505.750,48.167
1367,1367,45.567,162.290,678.898,15.456,64.657,316,1,629,489.500,59.905,46.619,505.750,48.167
1368,1368,45.600,162.314,678.948,15.459,64.662,317,1,629,489.500,59.905,46.619,505.750,48.167
1369,1369,45.633,162.440,679.276,15.470,64.693,316,1,629,489.500,59.905,46.619,505.750,48.167
1370,1370,45.667,162.322,678.956,15.459,64.662,318,1,629,489.500,59.905,46.619,505.750,48.167
1371,1371,45.700,162.375,679.101,15.464,64.676,317,1,629,489.500,59.905,46.619,505.750,48.167
1372,1372,45.733,162.470,679.315,15.473,64.697,318,1,629,489.500,59.905,46.619,505.750,48.167
1373,1373,45.767,162.067,678.195,15.435,64.590,325,1,629,489.500,59.905,46.619,505.750,48.167
1374,1374,45.800,162.303,678.855,15.457,64.653,321,1,629,489.500,59.905,46.619,505.750,48.167
1375,1375,45.833,162.392,679.100,15.466,64.676,320,1,629,489.500,59.905,46.619,505.750,48.167
1376,1376,45.867,162.128,678.375,15.441,64.607,325,1,629,489.500,59.905,46.619,505.750,48.167
1377,1377,45.900,162.239,678.692,15.451,64.637,322,1,629,489.500,59.905,46.619,505.750,48.167
1378,1378,45.933,162.309,678.837,15.458,64.651,322,1,629,489.500,59.905,46.619,505.750,48.167
1379,1379,45.967,162.337,678.912,15.461,64.658,321,1,629,489.500,59.905,46.619,505.750,48.167
1380,1380,46.000,162.353,678.952,15.462,64.662,321,1,629,489.500,59.905,46.619,505.750,48.167
1381,1381,46.033,163.317,681.696,15.554,64.923,298,1,629,489.500,59.905,46.619,505.750,48.167
1382,1382,46.067,163.395,681.938,15.561,64.946,294,1,629,489.500,59.905,46.619,505.750,48.167
1383,1383,46.100,163.229,681.543,15.546,64.909,292,1,629,489.500,59.905,46.619,505.750,48.167
1384,1384,46.133,163.229,681.542,15.546,64.909,292,1,629,489.500,59.905,46.619,505.750,48.167
1385,1385,46.167,163.229,681.542,15.546,64.909,292,1,629,489.500,59.905,46.619,505.750,48.167
1386,1386,46.200,163.229,681.542,15.546,64.909,292,1,629,489.500,59.905,46.619,505.750,48.167
1387,1387,46.233,163.440,681.995,15.566,64.952,296,1,629,489.500,59.905,46.619,505.750,48.167
1388,1388,46.267,163.440,681.995,15.566,64.952,296,1,629,489.500,59.905,46.619,505.750,48.167
1389,1389,46.300,163.246,681.582,15.547,64.913,292,1,629,489.500,59.905,46.619,505.750,48.167
1390,1390,46.333,162.982,680.875,15.522,64.845,297,1,629,489.500,59.905,46.619,505.750,48.167
1391,1391,46.367,162.091,678.409,15.437,64.610,313,1,629,489.500,59.905,46.619,505.750,48.167
1392,1392,46.400,162.142,678.536,15.442,64.623,312,1,629,489.500,59.905,46.619,505.750,48.167
1393,1393,46.433,162.162,678.580,15.444,64.627,313,1,629,489.500,59.905,46.619,505.750,48.167
1394,1394,46.467,162.213,678.727,15.449,64.641,312,1,629,489.500,59.905,46.619,505.750,48.167
1395,1395,46.500,162.080,678.357,15.436,64.605,313,1,629,489.500,59.905,46.619,505.750,48.167
1396,1396,46.533,163.091,681.157,15.533,64.872,295,1,629,489.500,59.905,46.619,505.750,48.167
1397,1397,46.567,163.129,681.231,15.536,64.879,297,1,629,489.500,59.905,46.619,505.750,48.167
1398,1398,46.600,163.226,681.450,15.545,64.900,301,1,629,489.500,59.905,46.619,505.750,48.167
1399,1399,46.633,163.179,681.324,15.541,64.888,302,1,629,489.500,59.905,46.619,505.750,48.167
1400,1400,46.667,163.087,681.083,15.532,64.865,303,1,629,489.500,59.905,46.619,505.750,48.167
1401,1401,46.700,162.021,678.156,15.431,64.586,321,1,629,489.500,59.905,46.619,505.750,48.167
1402,1402,46.733,162.230,678.750,15.450,64.643,318,1,629,489.500,59.905,46.619,505.750,48.167
1403,1403,46.767,162.052,678.259,15.434,64.596,319,1,629,489.500,59.905,46.619,505.750,48.167
1404,1404,46.800,162.022,678.179,15.431,64.589,319,1,629,489.500,59.905,46.619,505.750,48.167
1405,1405,46.833,162.169,678.519,15.445,64.621,321,1,629,489.500,59.905,46.619,505.750,48.167
1406,1406,46.867,161.580,676.864,15.389,64.463,331,1,629,489.500,59.905,46.619,505.750,48.167
1407,1407,46.900,161.783,677.442,15.408,64.518,327,1,629,489.500,59.905,46.619,505.750,48.167
1408,1408,46.933,162.076,678.184,15.436,64.589,325,1,629,489.500,59.905,46.619,505.750,48.167
1409,1409,46.967,162.066,678.182,15.435,64.589,325,1,629,489.500,59.905,46.619,505.750,48.167
1410,1410,47.000,162.478,679.349,15.474,64.700,317,1,629,489.500,59.905,46.619,505.750,48.167
1411,1411,47.033,162.578,679.627,15.484,64.726,315,1,629,489.500,59.905,46.619,505.750,48.167
1412,1412,47.067,162.482,679.411,15.474,64.706,312,1,629,489.500,59.905,46.619,505.750,48.167
1413,1413,47.100,162.090,678.486,15.437,64.618,307,1,629,489.500,59.905,46.619,505.750,48.167
1414,1414,47.133,162.439,679.255,15.470,64.691,313,1,629,489.500,59.905,46.619,505.750,48.167
1415,1415,47.167,162.499,679.391,15.476,64.704,313,1,629,489.500,59.905,46.619,505.750,48.167
1416,1416,47.200,162.415,679.220,15.468,64.688,310,1,629,489.500,59.905,46.619,505.750,48.167
1417,1417,47.233,162.664,679.767,15.492,64.740,314,1,629,489.500,59.905,46.619,505.750,48.167
1418,1418,47.267,162.181,678.581,15.446,64.627,317,1,629,489.500,59.905,46.619,505.750,48.167
1419,1419,47.300,161.975,678.126,15.426,64.583,313,1,629,489.500,59.905,46.619,505.750,48.167
1420,1420,47.333,162.178,678.569,15.446,64.626,317,1,629,489.500,59.905,46.619,505.750,48.167
1421,1421,47.367,161.737,677.446,15.403,64.519,317,1,629,489.500,59.905,46.619,505.750,48.167
1422,1422,47.400,161.936,678.011,15.422,64.572,314,1,629,489.500,59.905,46.619,505.750,48.167
1423,1423,47.433,162.150,678.549,15.443,64.624,316,1,629,489.500,59.905,46.619,505.750,48.167
1424,1424,47.467,162.083,678.360,15.436,64.606,318,1,629,489.500,59.905,46.619,505.750,48.167
1425,1425,47.500,161.624,677.038,15.393,64.480,325,1,629,489.500,59.905,46.619,505.750,48.167
1426,1426,47.533,161.952,677.798,15.424,64.552,331,1,629,489.500,59.905,46.619,505.750,48.167
1427,1427,47.567,162.142,678.396,15.442,64.609,325,1,629,489.500,59.905,46.619,505.750,48.167
1428,1428,47.600,162.180,678.570,15.446,64.626,317,1,629,489.500,59.905,46.619,505.750,48.167
1429,1429,47.633,162.253,678.699,15.453,64.638,321,1,629,489.500,59.905,46.619,505.750,48.167
1430,1430,47.667,162.104,678.364,15.439,64.606,319,1,629,489.500,59.905,46.619,505.750,48.167
1431,1431,47.700,162.251,678.792,15.452,64.647,315,1,629,489.500,59.905,46.619,505.750,48.167
1432,1432,47.733,162.112,678.380,15.439,64.608,318,1,629,489.500,59.905,46.619,505.750,48.167
1433,1433,47.767,162.033,678.171,15.432,64.588,321,1,629,489.500,59.905,46.619,505.750,48.167
1434,1434,47.800,162.308,678.933,15.458,64.660,314,1,629,489.500,59.905,46.619,505.750,48.167
1435,1435,47.833,162.365,679.088,15.463,64.675,313,1,629,489.500,59.905,46.619,505.750,48.167
1436,1436,47.867,162.630,679.830,15.489,64.746,308,1,629,489.500,59.905,46.619,505.750,48.167
1437,1437,47.900,162.596,679.750,15.485,64.738,310,1,629,489.500,59.905,46.619,505.750,48.167
1438,1438,47.933,162.688,680.006,15.494,64.762,309,1,629,489.500,59.905,46.619,505.750,48.167
1439,1439,47.967,162.574,679.697,15.483,64.733,312,1,629,489.500,59.905,46.619,505.750,48.167
1440,1440,48.000,162.574,679.701,15.483,64.733,312,1,629,489.500,59.905,46.619,505.750,48.167
1441,1441,48.033,163.813,682.915,15.601,65.040,298,1,629,489.500,59.905,46.619,505.750,48.167
1442,1442,48.067,163.443,682.059,15.566,64.958,294,1,629,489.500,59.905,46.619,505.750,48.167
1443,1443,48.100,163.342,681.849,15.556,64.938,290,1,629,489.500,59.905,46.619,505.750,48.167
1444,1444,48.133,163.368,681.919,15.559,64.945,290,1,629,489.500,59.905,46.619,505.750,48.167
1445,1445,48.167,163.368,681.912,15.559,64.944,290,1,629,489.500,59.905,46.619,505.750,48.167
1446,1446,48.200,163.368,681.912,15.559,64.944,290,1,629,489.500,59.905,46.619,505.750,48.167
1447,1447,48.233,163.368,681.912,15.559,64.944,290,1,629,489.500,59.905,46.619,505.750,48.167
1448,1448,48.267,163.317,681.778,15.554,64.931,291,1,629,489.500,59.905,46.619,505.750,48.167
1449,1449,48.300,163.368,681.912,15.559,64.944,290,1,629,489.500,59.905,46.619,505.750,48.167
1450,1450,48.333,163.368,681.912,15.559,64.944,290,1,629,489.500,59.905,46.619,505.750,48.167
1451,1451,48.367,163.187,681.430,15.542,64.898,293,1,629,489.500,59.905,46.619,505.750,48.167
1452,1452,48.400,163.187,681.430,15.542,64.898,293,1,629,489.500,59.905,46.619,505.750,48.167
1453,1453,48.433,163.102,681.211,15.534,64.877,293,1,629,489.500,59.905,46.619,505.750,48.167
1454,1454,48.467,163.033,681.028,15.527,64.860,294,1,629,489.500,59.905,46.619,505.750,48.167
1455,1455,48.500,163.330,681.789,15.555,64.932,292,1,629,489.500,59.905,46.619,505.750,48.167
1456,1456,48.533,163.373,681.903,15.559,64.943,289,1,629,489.500,59.905,46.619,505.750,48.167
1457,1457,48.567,163.396,681.954,15.562,64.948,289,1,629,489.500,59.905,46.619,505.750,48.167
1458,1458,48.600,163.414,681.994,15.563,64.952,289,1,629,489.500,59.905,46.619,505.750,48.167
1459,1459,48.633,163.485,682.154,15.570,64.967,290,1,629,489.500,59.905,46.619,505.750,48.167
1460,1460,48.667,162.293,678.894,15.456,64.657,311,1,629,489.500,59.905,46.619,505.750,48.167
1461,1461,48.700,163.467,682.168,15.568,64.968,286,1,629,489.500,59.905,46.619,505.750,48.167
1462,1462,48.733,162.510,679.495,15.477,64.714,307,1,629,489.500,59.905,46.619,505.750,48.167
1463,1463,48.767,162.288,678.915,15.456,64.659,310,1,629,489.500,59.905,46.619,505.750,48.167
1464,1464,48.800,162.307,678.917,15.458,64.659,311,1,629,489.500,59.905,46.619,505.750,48.167
1465,1465,48.833,162.399,679.151,15.467,64.681,314,1,629,489.500,59.905,46.619,505.750,48.167
1466,1466,48.867,162.366,679.037,15.463,64.670,316,1,629,489.500,59.905,46.619,505.750,48.167
1467,1467,48.900,162.239,678.766,15.451,64.644,312,1,629,489.500,59.905,46.619,505.750,48.167
1468,1468,48.933,163.685,682.672,15.589,65.016,288,1,629,489.500,59.905,46.619,505.750,48.167
1469,1469,48.967,162.051,678.235,15.433,64.594,318,1,629,489.500,59.905,46.619,505.750,48.167
1470,1470,49.000,162.045,678.251,15.433,64.595,316,1,629,489.500,59.905,46.619,505.750,48.167
1471,1471,49.033,162.291,678.889,15.456,64.656,315,1,629,489.500,59.905,46.619,505.750,48.167
1472,1472,49.067,162.215,678.605,15.449,64.629,322,1,629,489.500,59.905,46.619,505.750,48.167
1473,1473,49.100,162.291,678.838,15.456,64.651,319,1,629,489.500,59.905,46.619,505.750,48.167
1474,1474,49.133,162.208,678.666,15.448,64.635,316,1,629,489.500,59.905,46.619,505.750,48.167
1475,1475,49.167,162.226,678.576,15.450,64.626,323,1,629,489.500,59.905,46.619,505.750,48.167
1476,1476,49.200,162.064,678.222,15.435,64.593,317,1,629,489.500,59.905,46.619,505.750,48.167
1477,1477,49.233,162.139,678.491,15.442,64.618,314,1,629,489.500,59.905,46.619,505.750,48.167
1478,1478,49.267,162.270,678.824,15.454,64.650,314,1,629,489.500,59.905,46.619,505.750,48.167
1479,1479,49.300,162.288,678.852,15.456,64.653,315,1,629,489.500,59.905,46.619,505.750,48.167
1480,1480,49.333,162.252,678.764,15.453,64.644,316,1,629,489.500,59.905,46.619,505.750,48.167
1481,1481,49.367,162.242,678.686,15.452,64.637,319,1,629,489.500,59.905,46.619,505.750,48.167
1482,1482,49.400,162.267,678.784,15.454,64.646,317,1,629,489.500,59.905,46.619,505.750,48.167
1483,1483,49.433,162.163,678.525,15.444,64.621,315,1,629,489.500,59.905,46.619,505.750,48.167
1484,1484,49.467,162.013,678.100,15.430,64.581,315,1,629,489.500,59.905,46.619,505.750,48.167
1485,1485,49.500,163.285,681.631,15.551,64.917,290,1,629,489.500,59.905,46.619,505.750,48.167
1486,1486,49.533,163.308,681.664,15.553,64.920,293,1,629,489.500,59.905,46.619,505.750,48.167
1487,1487,49.567,162.177,678.574,15.445,64.626,313,1,629,489.500,59.905,46.619,505.750,48.167
1488,1488,49.600,162.070,678.304,15.435,64.600,313,1,629,489.500,59.905,46.619,505.750,48.167
1489,1489,49.633,162.264,678.771,15.454,64.645,314,1,629,489.500,59.905,46.619,505.750,48.167
1490,1490,49.667,162.332,678.959,15.460,64.663,312,1,629,489.500,59.905,46.619,505.750,48.167
1491,1491,49.700,162.096,678.391,15.438,64.609,311,1,629,489.500,59.905,46.619,505.750,48.167
1492,1492,49.733,162.347,678.989,15.462,64.666,311,1,629,489.500,59.905,46.619,505.750,48.167
1493,1493,49.767,162.295,678.880,15.457,64.655,314,1,629,489.500,59.905,46.619,505.750,48.167
1494,1494,49.800,163.295,681.613,15.552,64.916,294,1,629,489.500,59.905,46.619,505.750,48.167
1495,1495,49.833,162.475,679.369,15.474,64.702,310,1,629,489.500,59.905,46.619,505.750,48.167
1496,1496,49.867,162.554,679.510,15.481,64.715,314,1,629,489.500,59.905,46.619,505.750,48.167
1497,1497,49.900,162.418,679.235,15.468,64.689,310,1,629,489.500,59.905,46.619,505.750,48.167
1498,1498,49.933,162.528,679.474,15.479,64.712,313,1,629,489.500,59.905,46.619,505.750,48.167
1499,1499,49.967,162.545,679.437,15.480,64.708,321,1,629,489.500,59.905,46.619,505.750,48.167
1500,1500,50.000,162.597,679.629,15.485,64.727,315,1,629,489.500,59.905,46.619,505.750,48.167
1501,1501,50.033,163.790,682.735,15.599,65.022,313,1,629,489.500,59.905,46.619,505.750,48.167
1502,1502,50.067,162.517,679.197,15.478,64.685,337,1,629,489.500,59.905,46.619,505.750,48.167
1503,1503,50.100,162.555,679.290,15.481,64.694,334,1,629,489.500,59.905,46.619,505.750,48.167
1504,1504,50.133,164.084,683.486,15.627,65.094,306,1,629,489.500,59.905,46.619,505.750,48.167
1505,1505,50.167,162.552,679.280,15.481,64.693,334,1,629,489.500,59.905,46.619,505.750,48.167
1506,1506,50.200,162.552,679.280,15.481,64.693,334,1,629,489.500,59.905,46.619,505.750,48.167
1507,1507,50.233,162.552,679.280,15.481,64.693,334,1,629,489.500,59.905,46.619,505.750,48.167
1508,1508,50.267,162.552,679.280,15.481,64.693,334,1,629,489.500,59.905,46.619,505.750,48.167
1509,1509,50.300,162.552,679.280,15.481,64.693,334,1,629,489.500,59.905,46.619,505.750,48.167
1510,1510,50.333,164.083,683.483,15.627,65.094,306,1,629,489.500,59.905,46.619,505.750,48.167
1511,1511,50.367,162.500,679.142,15.476,64.680,335,1,629,489.500,59.905,46.619,505.750,48.167
1512,1512,50.400,162.505,679.155,15.477,64.681,335,1,629,489.500,59.905,46.619,505.750,48.167
1513,1513,50.433,163.916,683.085,15.611,65.056,306,1,629,489.500,59.905,46.619,505.750,48.167
1514,1514,50.467,163.912,683.074,15.611,65.055,306,1,629,489.500,59.905,46.619,505.750,48.167
1515,1515,50.500,163.672,682.433,15.588,64.994,311,1,629,489.500,59.905,46.619,505.750,48.167
1516,1516,50.533,163.482,682.011,15.570,64.953,309,1,629,489.500,59.905,46.619,505.750,48.167
1517,1517,50.567,163.614,682.367,15.582,64.987,306,1,629,489.500,59.905,46.619,505.750,48.167
1518,1518,50.600,163.693,682.566,15.590,65.006,305,1,629,489.500,59.905,46.619,505.750,48.167
1519,1519,50.633,163.821,682.895,15.602,65.038,304,1,629,489.500,59.905,46.619,505.750,48.167
1520,1520,50.667,162.091,678.150,15.437,64.586,333,1,629,489.500,59.905,46.619,505.750,48.167
1521,1521,50.700,161.995,677.890,15.428,64.561,335,1,629,489.500,59.905,46.619,505.750,48.167
1522,1522,50.733,162.046,678.041,15.433,64.575,334,1,629,489.500,59.905,46.619,505.750,48.167
1523,1523,50.767,162.026,677.994,15.431,64.571,334,1,629,489.500,59.905,46.619,505.750,48.167
1524,1524,50.800,163.259,681.435,15.549,64.899,309,1,629,489.500,59.905,46.619,505.750,48.167
1525,1525,50.833,163.240,681.381,15.547,64.893,310,1,629,489.500,59.905,46.619,505.750,48.167
1526,1526,50.867,161.902,677.711,15.419,64.544,332,1,629,489.500,59.905,46.619,505.750,48.167
1527,1527,50.900,161.899,677.760,15.419,64.549,326,1,629,489.500,59.905,46.619,505.750,48.167
1528,1528,50.933,162.187,678.528,15.446,64.622,321,1,629,489.500,59.905,46.619,505.750,48.167
1529,1529,50.967,162.182,678.518,15.446,64.621,321,1,629,489.500,59.905,46.619,505.750,48.167
1530,1530,51.000,162.134,678.385,15.441,64.608,322,1,629,489.500,59.905,46.619,505.750,48.167
1531,1531,51.033,163.546,682.274,15.576,64.978,297,1,629,489.500,59.905,46.619,505.750,48.167
1532,1532,51.067,163.894,683.206,15.609,65.067,291,1,629,489.500,59.905,46.619,505.750,48.167
1533,1533,51.100,163.566,682.323,15.578,64.983,297,1,629,489.500,59.905,46.619,505.750,48.167
1534,1534,51.133,163.723,682.729,15.593,65.022,294,1,629,489.500,59.905,46.619,505.750,48.167
1535,1535,51.167,163.548,682.264,15.576,64.978,297,1,629,489.500,59.905,46.619,505.750,48.167
1536,1536,51.200,163.422,682.010,15.564,64.953,293,1,629,489.500,59.905,46.619,505.750,48.167
1537,1537,51.233,163.506,682.173,15.572,64.969,295,1,629,489.500,59.905,46.619,505.750,48.167
1538,1538,51.267,163.024,680.831,15.526,64.841,309,1,629,489.500,59.905,46.619,505.750,48.167
1539,1539,51.300,163.493,682.099,15.571,64.962,301,1,629,489.500,59.905,46.619,505.750,48.167
1540,1540,51.333,163.897,683.144,15.609,65.061,297,1,629,489.500,59.905,46.619,505.750,48.167
1541,1541,51.367,162.765,680.038,15.501,64.766,319,1,629,489.500,59.905,46.619,505.750,48.167
1542,1542,51.400,163.599,682.452,15.581,64.995,296,1,629,489.500,59.905,46.619,505.750,48.167
1543,1543,51.433,163.715,682.684,15.592,65.017,301,1,629,489.500,59.905,46.619,505.750,48.167
1544,1544,51.467,162.550,679.502,15.481,64.714,323,1,629,489.500,59.905,46.619,505.750,48.167
1545,1545,51.500,162.437,679.232,15.470,64.689,321,1,629,489.500,59.905,46.619,505.750,48.167
1546,1546,51.533,162.553,679.543,15.481,64.718,321,1,629,489.500,59.905,46.619,505.750,48.167
1547,1547,51.567,162.380,679.112,15.465,64.677,322,1,629,489.500,59.905,46.619,505.750,48.167
1548,1548,51.600,162.401,679.221,15.467,64.688,315,1,629,489.500,59.905,46.619,505.750,48.167
1549,1549,51.633,162.636,679.783,15.489,64.741,316,1,629,489.500,59.905,46.619,505.750,48.167
1550,1550,51.667,162.632,679.774,15.489,64.740,316,1,629,489.500,59.905,46.619,505.750,48.167
1551,1551,51.700,162.669,679.852,15.492,64.748,317,1,629,489.500,59.905,46.619,505.750,48.167
1552,1552,51.733,163.615,682.411,15.582,64.992,302,1,629,489.500,59.905,46.619,505.750,48.167
1553,1553,51.767,163.031,680.835,15.527,64.841,313,1,629,489.500,59.905,46.619,505.750,48.167
1554,1554,51.800,162.852,680.425,15.510,64.802,310,1,629,489.500,59.905,46.619,505.750,48.167
1555,1555,51.833,163.412,681.928,15.563,64.946,302,1,629,489.500,59.905,46.619,505.750,48.167
1556,1556,51.867,163.542,682.227,15.575,64.974,303,1,629,489.500,59.905,46.619,505.750,48.167
1557,1557,51.900,162.999,680.946,15.524,64.852,298,1,629,489.500,59.905,46.619,505.750,48.167
1558,1558,51.933,163.239,681.592,15.547,64.914,295,1,629,489.500,59.905,46.619,505.750,48.167
1559,1559,51.967,162.346,679.054,15.462,64.672,315,1,629,489.500,59.905,46.619,505.750,48.167
1560,1560,52.000,162.416,679.238,15.468,64.689,314,1,629,489.500,59.905,46.619,505.750,48.167
1561,1561,52.033,161.747,677.517,15.404,64.525,318,1,629,489.500,59.905,46.619,505.750,48.167
1562,1562,52.067,161.625,677.215,15.393,64.497,318,1,629,489.500,59.905,46.619,505.750,48.167
1563,1563,52.100,161.627,677.208,15.393,64.496,317,1,629,489.500,59.905,46.619,505.750,48.167
1564,1564,52.133,161.456,676.733,15.377,64.451,317,1,629,489.500,59.905,46.619,505.750,48.167
1565,1565,52.167,161.668,677.319,15.397,64.507,316,1,629,489.500,59.905,46.619,505.750,48.167
1566,1566,52.200,161.668,677.319,15.397,64.507,316,1,629,489.500,59.905,46.619,505.750,48.167
1567,1567,52.233,161.668,677.319,15.397,64.507,316,1,629,489.500,59.905,46.619,505.750,48.167
1568,1568,52.267,161.652,677.282,15.395,64.503,316,1,629,489.500,59.905,46.619,505.750,48.167
1569,1569,52.300,161.652,677.282,15.395,64.503,316,1,629,489.500,59.905,46.619,505.750,48.167
1570,1570,52.333,161.726,677.485,15.402,64.522,315,1,629,489.500,59.905,46.619,505.750,48.167
1571,1571,52.367,161.636,677.229,15.394,64.498,318,1,629,489.500,59.905,46.619,505.750,48.167
1572,1572,52.400,161.636,677.229,15.394,64.498,318,1,629,489.500,59.905,46.619,505.750,48.167
1573,1573,52.433,161.660,677.288,15.396,64.504,318,1,629,489.500,59.905,46.619,505.750,48.167
1574,1574,52.467,161.667,677.302,15.397,64.505,318,1,629,489.500,59.905,46.619,505.750,48.167
1575,1575,52.500,161.703,677.395,15.400,64.514,314,1,629,489.500,59.905,46.619,505.750,48.167
1576,1576,52.533,161.680,677.348,15.398,64.509,313,1,629,489.500,59.905,46.619,505.750,48.167
1577,1577,52.567,161.629,677.201,15.393,64.495,314,1,629,489.500,59.905,46.619,505.750,48.167
1578,1578,52.600,161.790,677.683,15.409,64.541,308,1,629,489.500,59.905,46.619,505.750,48.167
1579,1579,52.633,161.887,677.905,15.418,64.562,313,1,629,489.500,59.905,46.619,505.750,48.167
1580,1580,52.667,161.653,677.302,15.396,64.505,316,1,629,489.500,59.905,46.619,505.750,48.167
1581,1581,52.700,161.704,677.444,15.400,64.518,315,1,629,489.500,59.905,46.619,505.750,48.167
1582,1582,52.733,161.654,677.311,15.396,64.506,315,1,629,489.500,59.905,46.619,505.750,48.167
1583,1583,52.767,161.533,676.982,15.384,64.474,317,1,629,489.500,59.905,46.619,505.750,48.167
1584,1584,52.800,161.605,677.174,15.391,64.493,316,1,629,489.500,59.905,46.619,505.750,48.167
1585,1585,52.833,161.702,677.454,15.400,64.519,314,1,629,489.500,59.905,46.619,505.750,48.167
1586,1586,52.867,161.725,677.466,15.402,64.521,315,1,629,489.500,59.905,46.619,505.750,48.167
1587,1587,52.900,161.753,677.530,15.405,64.527,316,1,629,489.500,59.905,46.619,505.750,48.167
1588,1588,52.933,161.668,677.282,15.397,64.503,318,1,629,489.500,59.905,46.619,505.750,48.167
1589,1589,52.967,161.477,676.771,15.379,64.454,319,1,629,489.500,59.905,46.619,505.750,48.167
1590,1590,53.000,161.728,677.471,15.403,64.521,315,1,629,489.500,59.905,46.619,505.750,48.167
1591,1591,53.033,161.721,677.453,15.402,64.519,315,1,629,489.500,59.905,46.619,505.750,48.167
1592,1592,53.067,161.602,677.162,15.391,64.492,316,1,629,489.500,59.905,46.619,505.750,48.167
1593,1593,53.100,161.685,677.383,15.399,64.513,314,1,629,489.500,59.905,46.619,505.750,48.167
1594,1594,53.133,161.934,677.918,15.422,64.564,321,1,629,489.500,59.905,46.619,505.750,48.167
1595,1595,53.167,161.801,677.594,15.410,64.533,322,1,629,489.500,59.905,46.619,505.750,48.167
1596,1596,53.200,161.568,676.956,15.387,64.472,325,1,629,489.500,59.905,46.619,505.750,48.167
1597,1597,53.233,161.569,676.958,15.388,64.472,325,1,629,489.500,59.905,46.619,505.750,48.167
1598,1598,53.267,161.528,676.833,15.384,64.460,326,1,629,489.500,59.905,46.619,505.750,48.167
1599,1599,53.300,161.621,677.094,15.393,64.485,324,1,629,489.500,59.905,46.619,505.750,48.167
1600,1600,53.333,161.796,677.521,15.409,64.526,327,1,629,489.500,59.905,46.619,505.750,48.167
1601,1601,53.367,161.505,676.707,15.381,64.448,332,1,629,489.500,59.905,46.619,505.750,48.167
1602,1602,53.400,161.524,676.775,15.383,64.455,331,1,629,489.500,59.905,46.619,505.750,48.167
1603,1603,53.433,161.532,676.795,15.384,64.457,331,1,629,489.500,59.905,46.619,505.750,48.167
1604,1604,53.467,161.384,676.427,15.370,64.422,330,1,629,489.500,59.905,46.619,505.750,48.167
1605,1605,53.500,161.547,676.803,15.385,64.457,334,1,629,489.500,59.905,46.619,505.750,48.167
1606,1606,53.533,161.880,677.633,15.417,64.536,335,1,629,489.500,59.905,46.619,505.750,48.167
1607,1607,53.567,161.642,677.092,15.394,64.485,332,1,629,489.500,59.905,46.619,505.750,48.167
1608,1608,53.600,161.651,677.116,15.395,64.487,332,1,629,489.500,59.905,46.619,505.750,48.167
1609,1609,53.633,161.654,677.117,15.396,64.487,333,1,629,489.500,59.905,46.619,505.750,48.167
1610,1610,53.667,161.798,677.522,15.409,64.526,329,1,629,489.500,59.905,46.619,505.750,48.167
1611,1611,53.700,161.841,677.643,15.413,64.537,322,1,629,489.500,59.905,46.619,505.750,48.167
1612,1612,53.733,161.795,677.522,15.409,64.526,323,1,629,489.500,59.905,46.619,505.750,48.167
1613,1613,53.767,161.900,677.821,15.419,64.554,321,1,629,489.500,59.905,46.619,505.750,48.167
1614,1614,53.800,161.902,677.818,15.419,64.554,321,1,629,489.500,59.905,46.619,505.750,48.167
1615,1615,53.833,161.816,677.537,15.411,64.527,329,1,629,489.500,59.905,46.619,505.750,48.167
1616,1616,53.867,161.258,676.143,15.358,64.395,326,1,629,489.500,59.905,46.619,505.750,48.167
1617,1617,53.900,161.798,677.543,15.409,64.528,325,1,629,489.500,59.905,46.619,505.750,48.167
1618,1618,53.933,161.915,677.807,15.420,64.553,327,1,629,489.500,59.905,46.619,505.750,48.167
1619,1619,53.967,161.666,677.092,15.397,64.485,331,1,629,489.500,59.905,46.619,505.750,48.167
1620,1620,54.000,161.687,677.220,15.399,64.497,324,1,629,489.500,59.905,46.619,505.750,48.167
1621,1621,54.033,161.614,677.003,15.392,64.476,329,1,629,489.500,59.905,46.619,505.750,48.167
1622,1622,54.067,160.995,675.428,15.333,64.326,331,1,629,489.500,59.905,46.619,505.750,48.167
1623,1623,54.100,160.805,674.927,15.315,64.279,328,1,629,489.500,59.905,46.619,505.750,48.167
1624,1624,54.133,160.867,675.107,15.321,64.296,327,1,629,489.500,59.905,46.619,505.750,48.167
1625,1625,54.167,160.867,675.107,15.321,64.296,327,1,629,489.500,59.905,46.619,505.750,48.167
1626,1626,54.200,160.805,674.929,15.315,64.279,328,1,629,489.500,59.905,46.619,505.750,48.167
1627,1627,54.233,160.805,674.929,15.315,64.279,328,1,629,489.500,59.905,46.619,505.750,48.167
1628,1628,54.267,160.805,674.929,15.315,64.279,328,1,629,489.500,59.905,46.619,505.750,48.167
1629,1629,54.300,160.879,675.138,15.322,64.299,327,1,629,489.500,59.905,46.619,505.750,48.167
1630,1630,54.333,161.106,675.795,15.343,64.361,323,1,629,489.500,59.905,46.619,505.750,48.167
1631,1631,54.367,161.106,675.795,15.343,64.361,323,1,629,489.500,59.905,46.619,505.750,48.167
1632,1632,54.400,161.049,675.634,15.338,64.346,324,1,629,489.500,59.905,46.619,505.750,48.167
1633,1633,54.433,161.061,675.661,15.339,64.349,325,1,629,489.500,59.905,46.619,505.750,48.167
1634,1634,54.467,161.074,675.710,15.340,64.353,323,1,629,489.500,59.905,46.619,505.750,48.167
1635,1635,54.500,161.219,676.126,15.354,64.393,321,1,629,489.500,59.905,46.619,505.750,48.167
1636,1636,54.533,161.336,676.447,15.365,64.424,319,1,629,489.500,59.905,46.619,505.750,48.167
1637,1637,54.567,160.903,675.215,15.324,64.306,326,1,629,489.500,59.905,46.619,505.750,48.167
1638,1638,54.600,161.253,676.190,15.357,64.399,322,1,629,489.500,59.905,46.619,505.750,48.167
1639,1639,54.633,161.272,676.252,15.359,64.405,321,1,629,489.500,59.905,46.619,505.750,48.167
1640,1640,54.667,161.446,676.712,15.376,64.449,322,1,629,489.500,59.905,46.619,505.750,48.167
1641,1641,54.700,161.564,677.039,15.387,64.480,319,1,629,489.500,59.905,46.619,505.750,48.167
1642,1642,54.733,161.798,677.570,15.409,64.530,323,1,629,489.500,59.905,46.619,505.750,48.167
1643,1643,54.767,161.541,677.015,15.385,64.478,319,1,629,489.500,59.905,46.619,505.750,48.167
1644,1644,54.800,161.499,676.951,15.381,64.472,314,1,629,489.500,59.905,46.619,505.750,48.167
1645,1645,54.833,161.746,677.510,15.404,64.525,319,1,629,489.500,59.905,46.619,505.750,48.167
1646,1646,54.867,161.449,676.780,15.376,64.455,318,1,629,489.500,59.905,46.619,505.750,48.167
1647,1647,54.900,161.670,677.381,15.397,64.512,313,1,629,489.500,59.905,46.619,505.750,48.167
1648,1648,54.933,161.643,677.314,15.395,64.506,314,1,629,489.500,59.905,46.619,505.750,48.167
1649,1649,54.967,161.635,677.291,15.394,64.504,312,1,629,489.500,59.905,46.619,505.750,48.167
1650,1650,55.000,162.969,681.009,15.521,64.858,288,1,629,489.500,59.905,46.619,505.750,48.167
1651,1651,55.033,162.137,678.613,15.442,64.630,309,1,629,489.500,59.905,46.619,505.750,48.167
1652,1652,55.067,162.096,678.524,15.438,64.621,308,1,629,489.500,59.905,46.619,505.750,48.167
1653,1653,55.100,163.231,681.703,15.546,64.924,283,1,629,489.500,59.905,46.619,505.750,48.167
1654,1654,55.133,163.233,681.709,15.546,64.925,283,1,629,489.500,59.905,46.619,505.750,48.167
1655,1655,55.167,163.411,682.014,15.563,64.954,292,1,629,489.500,59.905,46.619,505.750,48.167
1656,1656,55.200,162.344,679.099,15.461,64.676,312,1,629,489.500,59.905,46.619,505.750,48.167
1657,1657,55.233,162.309,679.018,15.458,64.668,312,1,629,489.500,59.905,46.619,505.750,48.167
1658,1658,55.267,162.089,678.387,15.437,64.608,317,1,629,489.500,59.905,46.619,505.750,48.167
1659,1659,55.300,162.174,678.669,15.445,64.635,310,1,629,489.500,59.905,46.619,505.750,48.167
1660,1660,55.333,162.250,678.891,15.452,64.656,309,1,629,489.500,59.905,46.619,505.750,48.167
1661,1661,55.367,162.142,678.594,15.442,64.628,311,1,629,489.500,59.905,46.619,505.750,48.167
1662,1662,55.400,163.301,681.823,15.553,64.935,284,1,629,489.500,59.905,46.619,505.750,48.167
1663,1663,55.433,163.220,681.607,15.545,64.915,288,1,629,489.500,59.905,46.619,505.750,48.167
1664,1664,55.467,161.968,678.232,15.426,64.594,306,1,629,489.500,59.905,46.619,505.750,48.167
1665,1665,55.500,162.142,679.249,15.442,64.690,268,1,629,489.500,59.905,46.619,505.750,48.167
1666,1666,55.533,160.644,675.815,15.299,64.363,246,1,629,489.500,59.905,46.619,505.750,48.167
1667,1667,55.567,158.511,670.790,15.096,63.885,212,1,629,489.500,59.905,46.619,505.750,48.167
1668,1668,55.600,681.338,510.575,64.889,48.626,185,1,629,489.500,59.905,46.619,505.750,48.167
1669,1669,55.633,213.152,774.760,20.300,73.787,182,1,629,489.500,59.905,46.619,505.750,48.167
1670,1670,55.667,212.795,774.164,20.266,73.730,188,1,629,489.500,59.905,46.619,505.750,48.167
1671,1671,55.700,681.360,510.670,64.891,48.635,189,1,629,489.500,59.905,46.619,505.750,48.167
1672,1672,55.733,212.031,773.149,20.193,73.633,180,1,629,489.500,59.905,46.619,505.750,48.167
1673,1673,55.767,681.415,510.493,64.897,48.618,185,1,629,489.500,59.905,46.619,505.750,48.167
1674,1674,55.800,681.439,510.381,64.899,48.608,190,1,629,489.500,59.905,46.619,505.750,48.167
1675,1675,55.833,681.785,510.785,64.932,48.646,181,1,629,489.500,59.905,46.619,505.750,48.167
1676,1676,55.867,681.603,510.382,64.915,48.608,194,1,629,489.500,59.905,46.619,505.750,48.167
1677,1677,55.900,681.587,510.364,64.913,48.606,194,1,629,489.500,59.905,46.619,505.750,48.167
1678,1678,55.933,681.727,510.433,64.926,48.613,191,1,629,489.500,59.905,46.619,505.750,48.167
1679,1679,55.967,681.592,510.306,64.914,48.601,194,1,629,489.500,59.905,46.619,505.750,48.167
1680,1680,56.000,681.606,510.162,64.915,48.587,197,1,629,489.500,59.905,46.619,505.750,48.167
1681,1681,56.033,681.971,510.089,64.950,48.580,183,1,629,489.500,59.905,46.619,505.750,48.167
1682,1682,56.067,681.968,510.197,64.949,48.590,199,1,629,489.500,59.905,46.619,505.750,48.167
1683,1683,56.100,682.002,510.221,64.953,48.593,198,1,629,489.500,59.905,46.619,505.750,48.167
1684,1684,56.133,682.025,510.204,64.955,48.591,196,1,629,489.500,59.905,46.619,505.750,48.167
1685,1685,56.167,681.958,510.141,64.948,48.585,198,1,629,489.500,59.905,46.619,505.750,48.167
1686,1686,56.200,681.974,510.036,64.950,48.575,196,1,629,489.500,59.905,46.619,505.750,48.167
1687,1687,56.233,681.738,509.839,64.927,48.556,193,1,629,489.500,59.905,46.619,505.750,48.167
1688,1688,56.267,681.894,509.811,64.942,48.553,192,1,629,489.500,59.905,46.619,505.750,48.167
1689,1689,56.300,681.888,509.794,64.942,48.552,193,1,629,489.500,59.905,46.619,505.750,48.167
1690,1690,56.333,681.937,510.051,64.946,48.576,187,1,629,489.500,59.905,46.619,505.750,48.167
1691,1691,56.367,681.541,509.740,64.909,48.547,195,1,629,489.500,59.905,46.619,505.750,48.167
1692,1692,56.400,681.431,509.499,64.898,48.524,197,1,629,489.500,59.905,46.619,505.750,48.167
1693,1693,56.433,681.343,509.476,64.890,48.522,196,1,629,489.500,59.905,46.619,505.750,48.167
1694,1694,56.467,681.312,509.370,64.887,48.511,199,1,629,489.500,59.905,46.619,505.750,48.167
1695,1695,56.500,681.078,508.982,64.865,48.475,197,1,629,489.500,59.905,46.619,505.750,48.167
1696,1696,56.533,681.203,509.229,64.876,48.498,193,1,629,489.500,59.905,46.619,505.750,48.167
1697,1697,56.567,680.950,509.057,64.852,48.482,203,1,629,489.500,59.905,46.619,505.750,48.167
1698,1698,56.600,680.883,509.012,64.846,48.477,204,1,629,489.500,59.905,46.619,505.750,48.167
1699,1699,56.633,680.598,508.731,64.819,48.451,196,1,629,489.500,59.905,46.619,505.750,48.167
1700,1700,56.667,680.596,508.853,64.819,48.462,205,1,629,489.500,59.905,46.619,505.750,48.167
1701,1701,56.700,680.576,508.778,64.817,48.455,204,1,629,489.500,59.905,46.619,505.750,48.167
1702,1702,56.733,680.185,508.291,64.780,48.409,197,1,629,489.500,59.905,46.619,505.750,48.167
1703,1703,56.767,680.171,508.391,64.778,48.418,203,1,629,489.500,59.905,46.619,505.750,48.167
1704,1704,56.800,680.032,508.205,64.765,48.401,202,1,629,489.500,59.905,46.619,505.750,48.167
1705,1705,56.833,679.910,507.955,64.753,48.377,194,1,629,489.500,59.905,46.619,505.750,48.167
1706,1706,56.867,679.831,507.970,64.746,48.378,204,1,629,489.500,59.905,46.619,505.750,48.167
1707,1707,56.900,680.039,508.230,64.766,48.403,202,1,629,489.500,59.905,46.619,505.750,48.167
1708,1708,56.933,679.910,507.980,64.753,48.379,193,1,629,489.500,59.905,46.619,505.750,48.167
1709,1709,56.967,679.635,507.940,64.727,48.375,207,1,629,489.500,59.905,46.619,505.750,48.167
1710,1710,57.000,679.502,507.575,64.714,48.340,199,1,629,489.500,59.905,46.619,505.750,48.167
1711,1711,57.033,679.400,507.467,64.705,48.330,192,1,629,489.500,59.905,46.619,505.750,48.167
1712,1712,57.067,679.347,507.458,64.700,48.329,192,1,629,489.500,59.905,46.619,505.750,48.167
1713,1713,57.100,678.992,507.022,64.666,48.288,196,1,629,489.500,59.905,46.619,505.750,48.167
1714,1714,57.133,679.116,506.924,64.678,48.279,184,1,629,489.500,59.905,46.619,505.750,48.167
1715,1715,57.167,678.767,506.670,64.644,48.254,193,1,629,489.500,59.905,46.619,505.750,48.167
1716,1716,57.200,678.653,506.411,64.634,48.230,195,1,629,489.500,59.905,46.619,505.750,48.167
1717,1717,57.233,678.627,506.418,64.631,48.230,188,1,629,489.500,59.905,46.619,505.750,48.167
1718,1718,57.267,678.723,506.545,64.640,48.242,190,1,629,489.500,59.905,46.619,505.750,48.167
1719,1719,57.300,679.003,506.702,64.667,48.257,201,1,629,489.500,59.905,46.619,505.750,48.167
1720,1720,57.333,679.260,506.818,64.691,48.268,193,1,629,489.500,59.905,46.619,505.750,48.167
1721,1721,57.367,679.141,506.727,64.680,48.260,201,1,629,489.500,59.905,46.619,505.750,48.167
1722,1722,57.400,679.236,506.603,64.689,48.248,206,1,629,489.500,59.905,46.619,505.750,48.167
1723,1723,57.433,679.403,506.792,64.705,48.266,197,1,629,489.500,59.905,46.619,505.750,48.167
1724,1724,57.467,679.502,506.829,64.714,48.269,199,1,629,489.500,59.905,46.619,505.750,48.167
1725,1725,57.500,679.373,506.723,64.702,48.259,202,1,629,489.500,59.905,46.619,505.750,48.167
1726,1726,57.533,679.098,506.383,64.676,48.227,193,1,629,489.500,59.905,46.619,505.750,48.167
1727,1727,57.567,679.233,506.597,64.689,48.247,198,1,629,489.500,59.905,46.619,505.750,48.167
1728,1728,57.600,679.294,506.646,64.695,48.252,201,1,629,489.500,59.905,46.619,505.750,48.167
1729,1729,57.633,679.314,506.576,64.697,48.245,198,1,629,489.500,59.905,46.619,505.750,48.167
1730,1730,57.667,679.509,506.617,64.715,48.249,199,1,629,489.500,59.905,46.619,505.750,48.167
1731,1731,57.700,679.266,506.400,64.692,48.229,207,1,629,489.500,59.905,46.619,505.750,48.167
1732,1732,57.733,679.573,506.538,64.721,48.242,197,1,629,489.500,59.905,46.619,505.750,48.167
1733,1733,57.767,679.518,506.641,64.716,48.251,202,1,629,489.500,59.905,46.619,505.750,48.167
1734,1734,57.800,679.508,506.497,64.715,48.238,206,1,629,489.500,59.905,46.619,505.750,48.167
1735,1735,57.833,679.637,506.541,64.727,48.242,200,1,629,489.500,59.905,46.619,505.750,48.167
1736,1736,57.867,679.617,506.634,64.725,48.251,205,1,629,489.500,59.905,46.619,505.750,48.167
1737,1737,57.900,679.473,506.258,64.712,48.215,200,1,629,489.500,59.905,46.619,505.750,48.167
1738,1738,57.933,679.122,505.814,64.678,48.173,193,1,629,489.500,59.905,46.619,505.750,48.167
1739,1739,57.967,679.056,505.939,64.672,48.185,196,1,629,489.500,59.905,46.619,505.750,48.167
1740,1740,58.000,678.660,505.383,64.634,48.132,201,1,629,489.500,59.905,46.619,505.750,48.167
1741,1741,58.033,678.223,504.771,64.593,48.073,190,1,629,489.500,59.905,46.619,505.750,48.167
1742,1742,58.067,678.151,504.732,64.586,48.070,199,1,629,489.500,59.905,46.619,505.750,48.167
1743,1743,58.100,677.994,504.490,64.571,48.047,201,1,629,489.500,59.905,46.619,505.750,48.167
1744,1744,58.133,678.105,504.708,64.581,48.067,197,1,629,489.500,59.905,46.619,505.750,48.167
1745,1745,58.167,677.952,504.505,64.567,48.048,200,1,629,489.500,59.905,46.619,505.750,48.167
1746,1746,58.200,677.951,504.530,64.567,48.050,202,1,629,489.500,59.905,46.619,505.750,48.167
1747,1747,58.233,677.646,504.198,64.538,48.019,199,1,629,489.500,59.905,46.619,505.750,48.167
1748,1748,58.267,677.818,504.377,64.554,48.036,199,1,629,489.500,59.905,46.619,505.750,48.167
1749,1749,58.300,677.416,503.958,64.516,47.996,207,1,629,489.500,59.905,46.619,505.750,48.167
1750,1750,58.333,677.403,503.917,64.515,47.992,197,1,629,489.500,59.905,46.619,505.750,48.167
1751,1751,58.367,677.404,503.919,64.515,47.992,197,1,629,489.500,59.905,46.619,505.750,48.167
1752,1752,58.400,677.267,503.751,64.502,47.976,200,1,629,489.500,59.905,46.619,505.750,48.167
1753,1753,58.433,677.320,503.767,64.507,47.978,198,1,629,489.500,59.905,46.619,505.750,48.167
1754,1754,58.467,677.255,503.884,64.500,47.989,210,1,629,489.500,59.905,46.619,505.750,48.167
1755,1755,58.500,676.992,503.694,64.475,47.971,214,1,629,489.500,59.905,46.619,505.750,48.167
1756,1756,58.533,676.954,503.623,64.472,47.964,191,1,629,489.500,59.905,46.619,505.750,48.167
1757,1757,58.567,676.754,503.338,64.453,47.937,202,1,629,489.500,59.905,46.619,505.750,48.167
1758,1758,58.600,676.763,503.338,64.454,47.937,201,1,629,489.500,59.905,46.619,505.750,48.167
1759,1759,58.633,677.009,503.593,64.477,47.961,193,1,629,489.500,59.905,46.619,505.750,48.167
1760,1760,58.667,676.696,503.317,64.447,47.935,203,1,629,489.500,59.905,46.619,505.750,48.167
1761,1761,58.700,676.472,502.977,64.426,47.903,198,1,629,489.500,59.905,46.619,505.750,48.167
1762,1762,58.733,676.565,503.329,64.435,47.936,192,1,629,489.500,59.905,46.619,505.750,48.167
1763,1763,58.767,676.631,503.389,64.441,47.942,195,1,629,489.500,59.905,46.619,505.750,48.167
1764,1764,58.800,676.408,503.060,64.420,47.910,192,1,629,489.500,59.905,46.619,505.750,48.167
1765,1765,58.833,676.060,502.623,64.387,47.869,189,1,629,489.500,59.905,46.619,505.750,48.167
1766,1766,58.867,676.028,502.588,64.384,47.866,189,1,629,489.500,59.905,46.619,505.750,48.167
1767,1767,58.900,675.892,502.269,64.371,47.835,194,1,629,489.500,59.905,46.619,505.750,48.167
1768,1768,58.933,676.159,502.504,64.396,47.858,183,1,629,489.500,59.905,46.619,505.750,48.167
1769,1769,58.967,676.067,502.493,64.387,47.856,187,1,629,489.500,59.905,46.619,505.750,48.167
1770,1770,59.000,675.933,502.314,64.375,47.839,192,1,629,489.500,59.905,46.619,505.750,48.167
1771,1771,59.033,675.945,502.215,64.376,47.830,182,1,629,489.500,59.905,46.619,505.750,48.167
1772,1772,59.067,675.850,502.251,64.367,47.833,188,1,629,489.500,59.905,46.619,505.750,48.167
1773,1773,59.100,675.808,501.924,64.363,47.802,187,1,629,489.500,59.905,46.619,505.750,48.167
1774,1774,59.133,675.828,501.945,64.365,47.804,184,1,629,489.500,59.905,46.619,505.750,48.167
1775,1775,59.167,676.010,502.273,64.382,47.836,198,1,629,489.500,59.905,46.619,505.750,48.167
1776,1776,59.200,675.883,502.058,64.370,47.815,191,1,629,489.500,59.905,46.619,505.750,48.167
1777,1777,59.233,676.084,502.108,64.389,47.820,188,1,629,489.500,59.905,46.619,505.750,48.167
1778,1778,59.267,676.021,502.096,64.383,47.819,191,1,629,489.500,59.905,46.619,505.750,48.167
1779,1779,59.300,676.023,502.124,64.383,47.821,189,1,629,489.500,59.905,46.619,505.750,48.167
1780,1780,59.333,676.060,502.134,64.387,47.822,190,1,629,489.500,59.905,46.619,505.750,48.167
1781,1781,59.367,676.139,502.237,64.394,47.832,192,1,629,489.500,59.905,46.619,505.750,48.167
1782,1782,59.400,676.111,502.209,64.392,47.829,191,1,629,489.500,59.905,46.619,505.750,48.167
1783,1783,59.433,676.301,502.417,64.410,47.849,184,1,629,489.500,59.905,46.619,505.750,48.167
1784,1784,59.467,676.193,502.277,64.399,47.836,185,1,629,489.500,59.905,46.619,505.750,48.167
1785,1785,59.500,676.093,502.086,64.390,47.818,196,1,629,489.500,59.905,46.619,505.750,48.167
1786,1786,59.533,676.192,502.148,64.399,47.824,183,1,629,489.500,59.905,46.619,505.750,48.167
1787,1787,59.567,676.236,502.314,64.403,47.839,193,1,629,489.500,59.905,46.619,505.750,48.167
1788,1788,59.600,676.288,502.075,64.408,47.817,195,1,629,489.500,59.905,46.619,505.750,48.167
1789,1789,59.633,676.653,502.611,64.443,47.868,186,1,629,489.500,59.905,46.619,505.750,48.167
1790,1790,59.667,676.343,502.344,64.414,47.842,191,1,629,489.500,59.905,46.619,505.750,48.167
1791,1791,59.700,676.086,502.035,64.389,47.813,196,1,629,489.500,59.905,46.619,505.750,48.167
1792,1792,59.733,675.918,501.762,64.373,47.787,190,1,629,489.500,59.905,46.619,505.750,48.167
1793,1793,59.767,675.918,501.762,64.373,47.787,190,1,629,489.500,59.905,46.619,505.750,48.167
1794,1794,59.800,675.719,501.676,64.354,47.779,200,1,629,489.500,59.905,46.619,505.750,48.167
1795,1795,59.833,675.680,501.578,64.351,47.769,196,1,629,489.500,59.905,46.619,505.750,48.167
1796,1796,59.867,675.811,501.661,64.363,47.777,199,1,629,489.500,59.905,46.619,505.750,48.167
1797,1797,59.900,675.436,501.210,64.327,47.734,205,1,629,489.500,59.905,46.619,505.750,48.167
1798,1798,59.933,675.508,501.281,64.334,47.741,197,1,629,489.500,59.905,46.619,505.750,48.167
1799,1799,59.967,675.386,501.177,64.322,47.731,201,1,629,489.500,59.905,46.619,505.750,48.167
1800,1800,60.000,675.281,501.038,64.313,47.718,204,1,629,489.500,59.905,46.619,505.750,48.167
1801,1801,60.033,675.480,501.216,64.331,47.735,187,1,629,489.500,59.905,46.619,505.750,48.167
1802,1802,60.067,675.282,501.017,64.313,47.716,201,1,629,489.500,59.905,46.619,505.750,48.167
1803,1803,60.100,675.165,500.916,64.301,47.706,203,1,629,489.500,59.905,46.619,505.750,48.167
1804,1804,60.133,675.096,500.801,64.295,47.695,201,1,629,489.500,59.905,46.619,505.750,48.167
1805,1805,60.167,674.994,500.925,64.285,47.707,199,1,629,489.500,59.905,46.619,505.750,48.167
1806,1806,60.200,675.145,500.863,64.300,47.701,200,1,629,489.500,59.905,46.619,505.750,48.167
1807,1807,60.233,675.224,500.955,64.307,47.710,198,1,629,489.500,59.905,46.619,505.750,48.167
1808,1808,60.267,674.817,500.500,64.268,47.667,207,1,629,489.500,59.905,46.619,505.750,48.167
1809,1809,60.300,674.511,500.329,64.239,47.650,211,1,629,489.500,59.905,46.619,505.750,48.167
1810,1810,60.333,674.746,500.624,64.262,47.678,203,1,629,489.500,59.905,46.619,505.750,48.167
1811,1811,60.367,674.746,500.624,64.262,47.678,203,1,629,489.500,59.905,46.619,505.750,48.167
1812,1812,60.400,674.487,500.329,64.237,47.650,211,1,629,489.500,59.905,46.619,505.750,48.167
1813,1813,60.433,674.552,500.451,64.243,47.662,192,1,629,489.500,59.905,46.619,505.750,48.167
1814,1814,60.467,674.683,500.498,64.255,47.666,193,1,629,489.500,59.905,46.619,505.750,48.167
1815,1815,60.500,674.468,500.393,64.235,47.656,196,1,629,489.500,59.905,46.619,505.750,48.167
1816,1816,60.533,674.287,500.199,64.218,47.638,192,1,629,489.500,59.905,46.619,505.750,48.167
1817,1817,60.567,674.309,500.206,64.220,47.639,193,1,629,489.500,59.905,46.619,505.750,48.167
1818,1818,60.600,674.203,500.028,64.210,47.622,191,1,629,489.500,59.905,46.619,505.750,48.167
1819,1819,60.633,673.995,499.768,64.190,47.597,184,1,629,489.500,59.905,46.619,505.750,48.167
1820,1820,60.667,673.986,499.821,64.189,47.602,189,1,629,489.500,59.905,46.619,505.750,48.167
1821,1821,60.700,673.487,499.266,64.142,47.549,194,1,629,489.500,59.905,46.619,505.750,48.167
1822,1822,60.733,673.546,499.228,64.147,47.545,178,1,629,489.500,59.905,46.619,505.750,48.167
1823,1823,60.767,672.971,498.663,64.092,47.492,187,1,629,489.500,59.905,46.619,505.750,48.167
1824,1824,60.800,672.950,498.661,64.090,47.492,188,1,629,489.500,59.905,46.619,505.750,48.167
1825,1825,60.833,672.335,497.852,64.032,47.414,186,1,629,489.500,59.905,46.619,505.750,48.167
1826,1826,60.867,672.345,497.866,64.033,47.416,186,1,629,489.500,59.905,46.619,505.750,48.167
1827,1827,60.900,672.162,497.728,64.015,47.403,189,1,629,489.500,59.905,46.619,505.750,48.167
1828,1828,60.933,672.209,497.777,64.020,47.407,181,1,629,489.500,59.905,46.619,505.750,48.167
1829,1829,60.967,672.321,497.853,64.031,47.415,185,1,629,489.500,59.905,46.619,505.750,48.167
1830,1830,61.000,671.898,497.354,63.990,47.367,196,1,629,489.500,59.905,46.619,505.750,48.167
1831,1831,61.033,672.075,497.505,64.007,47.381,186,1,629,489.500,59.905,46.619,505.750,48.167
1832,1832,61.067,672.106,497.502,64.010,47.381,192,1,629,489.500,59.905,46.619,505.750,48.167
1833,1833,61.100,672.303,497.675,64.029,47.398,198,1,629,489.500,59.905,46.619,505.750,48.167
1834,1834,61.133,672.230,497.648,64.022,47.395,196,1,629,489.500,59.905,46.619,505.750,48.167
1835,1835,61.167,672.347,497.667,64.033,47.397,197,1,629,489.500,59.905,46.619,505.750,48.167
1836,1836,61.200,672.185,497.571,64.018,47.388,206,1,629,489.500,59.905,46.619,505.750,48.167
1837,1837,61.233,672.361,497.622,64.034,47.393,193,1,629,489.500,59.905,46.619,505.750,48.167
1838,1838,61.267,672.453,497.711,64.043,47.401,195,1,629,489.500,59.905,46.619,505.750,48.167
1839,1839,61.300,672.406,497.598,64.039,47.390,199,1,629,489.500,59.905,46.619,505.750,48.167
1840,1840,61.333,672.523,497.793,64.050,47.409,188,1,629,489.500,59.905,46.619,505.750,48.167
1841,1841,61.367,672.537,497.803,64.051,47.410,188,1,629,489.500,59.905,46.619,505.750,48.167
1842,1842,61.400,672.247,497.394,64.024,47.371,200,1,629,489.500,59.905,46.619,505.750,48.167
1843,1843,61.433,672.310,497.426,64.030,47.374,198,1,629,489.500,59.905,46.619,505.750,48.167
1844,1844,61.467,672.463,497.674,64.044,47.398,199,1,629,489.500,59.905,46.619,505.750,48.167
1845,1845,61.500,672.306,497.547,64.029,47.385,198,1,629,489.500,59.905,46.619,505.750,48.167
1846,1846,61.533,672.135,497.321,64.013,47.364,194,1,629,489.500,59.905,46.619,505.750,48.167
1847,1847,61.567,672.215,497.528,64.021,47.384,201,1,629,489.500,59.905,46.619,505.750,48.167
1848,1848,61.600,672.179,497.376,64.017,47.369,199,1,629,489.500,59.905,46.619,505.750,48.167
1849,1849,61.633,672.197,497.362,64.019,47.368,197,1,629,489.500,59.905,46.619,505.750,48.167
1850,1850,61.667,672.197,497.359,64.019,47.368,197,1,629,489.500,59.905,46.619,505.750,48.167
1851,1851,61.700,672.086,497.344,64.008,47.366,202,1,629,489.500,59.905,46.619,505.750,48.167
1852,1852,61.733,672.100,497.198,64.010,47.352,193,1,629,489.500,59.905,46.619,505.750,48.167
1853,1853,61.767,671.879,496.976,63.988,47.331,197,1,629,489.500,59.905,46.619,505.750,48.167
1854,1854,61.800,671.523,496.632,63.955,47.298,201,1,629,489.500,59.905,46.619,505.750,48.167
1855,1855,61.833,671.590,496.680,63.961,47.303,198,1,629,489.500,59.905,46.619,505.750,48.167
1856,1856,61.867,671.568,496.642,63.959,47.299,199,1,629,489.500,59.905,46.619,505.750,48.167
1857,1857,61.900,671.659,496.737,63.967,47.308,202,1,629,489.500,59.905,46.619,505.750,48.167
1858,1858,61.933,671.526,496.565,63.955,47.292,197,1,629,489.500,59.905,46.619,505.750,48.167
1859,1859,61.967,671.540,496.608,63.956,47.296,198,1,629,489.500,59.905,46.619,505.750,48.167
1860,1860,62.000,671.423,496.442,63.945,47.280,204,1,629,489.500,59.905,46.619,505.750,48.167
1861,1861,62.033,671.301,496.219,63.933,47.259,192,1,629,489.500,59.905,46.619,505.750,48.167
1862,1862,62.067,671.140,496.204,63.918,47.258,203,1,629,489.500,59.905,46.619,505.750,48.167
1863,1863,62.100,671.059,496.026,63.910,47.241,204,1,629,489.500,59.905,46.619,505.750,48.167
1864,1864,62.133,670.975,495.931,63.902,47.232,203,1,629,489.500,59.905,46.619,505.750,48.167
1865,1865,62.167,671.028,495.918,63.907,47.230,203,1,629,489.500,59.905,46.619,505.750,48.167
1866,1866,62.200,670.832,495.721,63.889,47.211,199,1,629,489.500,59.905,46.619,505.750,48.167
1867,1867,62.233,670.638,495.450,63.870,47.186,198,1,629,489.500,59.905,46.619,505.750,48.167
1868,1868,62.267,670.518,495.283,63.859,47.170,196,1,629,489.500,59.905,46.619,505.750,48.167
1869,1869,62.300,670.539,495.317,63.861,47.173,196,1,629,489.500,59.905,46.619,505.750,48.167
1870,1870,62.333,670.454,495.233,63.853,47.165,196,1,629,489.500,59.905,46.619,505.750,48.167
1871,1871,62.367,670.056,494.860,63.815,47.129,189,1,629,489.500,59.905,46.619,505.750,48.167
1872,1872,62.400,669.643,494.327,63.776,47.079,193,1,629,489.500,59.905,46.619,505.750,48.167
1873,1873,62.433,669.482,494.033,63.760,47.051,181,1,629,489.500,59.905,46.619,505.750,48.167
1874,1874,62.467,669.410,493.950,63.753,47.043,180,1,629,489.500,59.905,46.619,505.750,48.167
1875,1875,62.500,669.153,493.655,63.729,47.015,186,1,629,489.500,59.905,46.619,505.750,48.167
1876,1876,62.533,669.102,493.502,63.724,47.000,182,1,629,489.500,59.905,46.619,505.750,48.167
1877,1877,62.567,669.113,493.467,63.725,46.997,182,1,629,489.500,59.905,46.619,505.750,48.167
1878,1878,62.600,668.556,492.772,63.672,46.931,200,1,629,489.500,59.905,46.619,505.750,48.167
1879,1879,62.633,668.590,492.730,63.675,46.927,185,1,629,489.500,59.905,46.619,505.750,48.167
1880,1880,62.667,668.524,492.499,63.669,46.905,190,1,629,489.500,59.905,46.619,505.750,48.167
1881,1881,62.700,668.192,492.172,63.637,46.873,195,1,629,489.500,59.905,46.619,505.750,48.167
1882,1882,62.733,668.263,492.268,63.644,46.883,193,1,629,489.500,59.905,46.619,505.750,48.167
1883,1883,62.767,668.331,492.381,63.651,46.893,189,1,629,489.500,59.905,46.619,505.750,48.167
1884,1884,62.800,668.293,492.269,63.647,46.883,191,1,629,489.500,59.905,46.619,505.750,48.167
1885,1885,62.833,668.165,492.125,63.635,46.869,188,1,629,489.500,59.905,46.619,505.750,48.167
1886,1886,62.867,668.575,492.615,63.674,46.916,197,1,629,489.500,59.905,46.619,505.750,48.167
1887,1887,62.900,668.532,492.547,63.670,46.909,197,1,629,489.500,59.905,46.619,505.750,48.167
1888,1888,62.933,668.630,492.663,63.679,46.920,193,1,629,489.500,59.905,46.619,505.750,48.167
1889,1889,62.967,668.630,492.660,63.679,46.920,193,1,629,489.500,59.905,46.619,505.750,48.167
1890,1890,63.000,668.524,492.596,63.669,46.914,206,1,629,489.500,59.905,46.619,505.750,48.167
1891,1891,63.033,668.719,492.814,63.688,46.935,191,1,629,489.500,59.905,46.619,505.750,48.167
1892,1892,63.067,668.855,493.002,63.700,46.953,197,1,629,489.500,59.905,46.619,505.750,48.167
1893,1893,63.100,668.912,493.133,63.706,46.965,202,1,629,489.500,59.905,46.619,505.750,48.167
1894,1894,63.133,668.613,492.694,63.677,46.923,191,1,629,489.500,59.905,46.619,505.750,48.167
1895,1895,63.167,668.603,492.701,63.676,46.924,196,1,629,489.500,59.905,46.619,505.750,48.167
1896,1896,63.200,668.658,492.835,63.682,46.937,203,1,629,489.500,59.905,46.619,505.750,48.167
1897,1897,63.233,668.481,492.628,63.665,46.917,193,1,629,489.500,59.905,46.619,505.750,48.167
1898,1898,63.267,668.483,492.631,63.665,46.917,193,1,629,489.500,59.905,46.619,505.750,48.167
1899,1899,63.300,668.385,492.369,63.656,46.892,200,1,629,489.500,59.905,46.619,505.750,48.167
1900,1900,63.333,668.065,491.962,63.625,46.854,192,1,629,489.500,59.905,46.619,505.750,48.167
1901,1901,63.367,667.955,491.838,63.615,46.842,194,1,629,489.500,59.905,46.619,505.750,48.167
1902,1902,63.400,667.976,491.877,63.617,46.845,197,1,629,489.500,59.905,46.619,505.750,48.167
1903,1903,63.433,668.258,492.356,63.644,46.891,204,1,629,489.500,59.905,46.619,505.750,48.167
1904,1904,63.467,668.075,492.166,63.626,46.873,208,1,629,489.500,59.905,46.619,505.750,48.167
1905,1905,63.500,668.019,491.978,63.621,46.855,210,1,629,489.500,59.905,46.619,505.750,48.167
1906,1906,63.533,667.905,491.790,63.610,46.837,205,1,629,489.500,59.905,46.619,505.750,48.167
1907,1907,63.567,667.898,491.814,63.609,46.839,203,1,629,489.500,59.905,46.619,505.750,48.167
1908,1908,63.600,667.546,491.388,63.576,46.799,214,1,629,489.500,59.905,46.619,505.750,48.167
1909,1909,63.633,667.658,491.519,63.586,46.811,210,1,629,489.500,59.905,46.619,505.750,48.167
1910,1910,63.667,667.603,491.501,63.581,46.810,211,1,629,489.500,59.905,46.619,505.750,48.167
1911,1911,63.700,667.553,491.507,63.576,46.810,216,1,629,489.500,59.905,46.619,505.750,48.167
1912,1912,63.733,667.485,491.465,63.570,46.806,212,1,629,489.500,59.905,46.619,505.750,48.167
1913,1913,63.767,667.431,491.340,63.565,46.794,210,1,629,489.500,59.905,46.619,505.750,48.167
1914,1914,63.800,667.360,491.214,63.558,46.782,213,1,629,489.500,59.905,46.619,505.750,48.167
1915,1915,63.833,667.235,491.044,63.546,46.766,209,1,629,489.500,59.905,46.619,505.750,48.167
1916,1916,63.867,667.413,491.343,63.563,46.795,204,1,629,489.500,59.905,46.619,505.750,48.167
1917,1917,63.900,667.355,491.398,63.558,46.800,218,1,629,489.500,59.905,46.619,505.750,48.167
1918,1918,63.933,667.281,491.299,63.551,46.790,203,1,629,489.500,59.905,46.619,505.750,48.167
1919,1919,63.967,667.278,491.212,63.550,46.782,205,1,629,489.500,59.905,46.619,505.750,48.167
1920,1920,64.000,667.191,491.092,63.542,46.771,218,1,629,489.500,59.905,46.619,505.750,48.167
1921,1921,64.033,667.350,491.340,63.557,46.794,198,1,629,489.500,59.905,46.619,505.750,48.167
1922,1922,64.067,667.209,491.194,63.544,46.780,199,1,629,489.500,59.905,46.619,505.750,48.167
1923,1923,64.100,667.183,491.106,63.541,46.772,201,1,629,489.500,59.905,46.619,505.750,48.167
1924,1924,64.133,667.194,491.117,63.542,46.773,201,1,629,489.500,59.905,46.619,505.750,48.167
1925,1925,64.167,667.035,490.863,63.527,46.749,206,1,629,489.500,59.905,46.619,505.750,48.167
1926,1926,64.200,667.027,490.850,63.526,46.748,206,1,629,489.500,59.905,46.619,505.750,48.167
1927,1927,64.233,666.970,490.823,63.521,46.745,207,1,629,489.500,59.905,46.619,505.750,48.167
1928,1928,64.267,666.915,490.696,63.516,46.733,205,1,629,489.500,59.905,46.619,505.750,48.167
1929,1929,64.300,666.811,490.574,63.506,46.721,207,1,629,489.500,59.905,46.619,505.750,48.167
1930,1930,64.333,666.966,490.719,63.521,46.735,198,1,629,489.500,59.905,46.619,505.750,48.167
1931,1931,64.367,666.966,490.718,63.521,46.735,198,1,629,489.500,59.905,46.619,505.750,48.167
1932,1932,64.400,666.867,490.647,63.511,46.728,206,1,629,489.500,59.905,46.619,505.750,48.167
1933,1933,64.433,666.703,490.507,63.496,46.715,203,1,629,489.500,59.905,46.619,505.750,48.167
1934,1934,64.467,666.739,490.540,63.499,46.718,202,1,629,489.500,59.905,46.619,505.750,48.167
1935,1935,64.500,666.900,490.766,63.514,46.740,207,1,629,489.500,59.905,46.619,505.750,48.167
1936,1936,64.533,666.599,490.340,63.486,46.699,204,1,629,489.500,59.905,46.619,505.750,48.167
1937,1937,64.567,666.761,490.477,63.501,46.712,206,1,629,489.500,59.905,46.619,505.750,48.167
1938,1938,64.600,666.652,490.450,63.491,46.710,218,1,629,489.500,59.905,46.619,505.750,48.167
1939,1939,64.633,666.597,490.318,63.485,46.697,212,1,629,489.500,59.905,46.619,505.750,48.167
1940,1940,64.667,666.601,490.322,63.486,46.697,212,1,629,489.500,59.905,46.619,505.750,48.167
1941,1941,64.700,666.636,490.346,63.489,46.700,211,1,629,489.500,59.905,46.619,505.750,48.167
1942,1942,64.733,666.631,490.340,63.489,46.699,211,1,629,489.500,59.905,46.619,505.750,48.167
1943,1943,64.767,666.758,490.528,63.501,46.717,210,1,629,489.500,59.905,46.619,505.750,48.167
1944,1944,64.800,666.704,490.453,63.496,46.710,213,1,629,489.500,59.905,46.619,505.750,48.167
1945,1945,64.833,666.666,490.385,63.492,46.703,202,1,629,489.500,59.905,46.619,505.750,48.167
1946,1946,64.867,666.666,490.385,63.492,46.703,202,1,629,489.500,59.905,46.619,505.750,48.167
1947,1947,64.900,666.457,490.046,63.472,46.671,221,1,629,489.500,59.905,46.619,505.750,48.167
1948,1948,64.933,666.642,490.404,63.490,46.705,211,1,629,489.500,59.905,46.619,505.750,48.167
1949,1949,64.967,666.733,490.506,63.498,46.715,209,1,629,489.500,59.905,46.619,505.750,48.167
1950,1950,65.000,666.421,490.159,63.469,46.682,219,1,629,489.500,59.905,46.619,505.750,48.167
1951,1951,65.033,666.412,490.022,63.468,46.669,203,1,629,489.500,59.905,46.619,505.750,48.167
1952,1952,65.067,666.473,490.109,63.474,46.677,203,1,629,489.500,59.905,46.619,505.750,48.167
1953,1953,65.100,666.641,490.301,63.490,46.695,209,1,629,489.500,59.905,46.619,505.750,48.167
1954,1954,65.133,666.689,490.359,63.494,46.701,200,1,629,489.500,59.905,46.619,505.750,48.167
1955,1955,65.167,666.578,490.361,63.484,46.701,201,1,629,489.500,59.905,46.619,505.750,48.167
1956,1956,65.200,666.823,490.613,63.507,46.725,209,1,629,489.500,59.905,46.619,505.750,48.167
1957,1957,65.233,666.733,490.508,63.498,46.715,207,1,629,489.500,59.905,46.619,505.750,48.167
1958,1958,65.267,666.733,490.508,63.498,46.715,207,1,629,489.500,59.905,46.619,505.750,48.167
1959,1959,65.300,666.513,490.231,63.477,46.689,212,1,629,489.500,59.905,46.619,505.750,48.167
1960,1960,65.333,666.631,490.425,63.489,46.707,210,1,629,489.500,59.905,46.619,505.750,48.167
1961,1961,65.367,666.587,490.400,63.485,46.705,209,1,629,489.500,59.905,46.619,505.750,48.167
1962,1962,65.400,666.538,490.352,63.480,46.700,210,1,629,489.500,59.905,46.619,505.750,48.167
1963,1963,65.433,666.392,490.178,63.466,46.684,209,1,629,489.500,59.905,46.619,505.750,48.167
1964,1964,65.467,666.392,490.178,63.466,46.684,209,1,629,489.500,59.905,46.619,505.750,48.167
1965,1965,65.500,666.552,490.379,63.481,46.703,216,1,629,489.500,59.905,46.619,505.750,48.167
1966,1966,65.533,666.445,490.225,63.471,46.688,211,1,629,489.500,59.905,46.619,505.750,48.167
1967,1967,65.567,666.511,490.336,63.477,46.699,209,1,629,489.500,59.905,46.619,505.750,48.167
1968,1968,65.600,666.580,490.509,63.484,46.715,210,1,629,489.500,59.905,46.619,505.750,48.167
1969,1969,65.633,666.700,490.575,63.495,46.721,198,1,629,489.500,59.905,46.619,505.750,48.167
1970,1970,65.667,666.661,490.540,63.491,46.718,199,1,629,489.500,59.905,46.619,505.750,48.167
1971,1971,65.700,666.706,490.589,63.496,46.723,206,1,629,489.500,59.905,46.619,505.750,48.167
1972,1972,65.733,666.704,490.514,63.496,46.716,197,1,629,489.500,59.905,46.619,505.750,48.167
1973,1973,65.767,666.704,490.514,63.496,46.716,197,1,629,489.500,59.905,46.619,505.750,48.167
1974,1974,65.800,666.524,490.365,63.478,46.701,206,1,629,489.500,59.905,46.619,505.750,48.167
1975,1975,65.833,666.446,490.208,63.471,46.686,205,1,629,489.500,59.905,46.619,505.750,48.167
1976,1976,65.867,666.453,490.216,63.472,46.687,205,1,629,489.500,59.905,46.619,505.750,48.167
1977,1977,65.900,666.407,490.127,63.467,46.679,208,1,629,489.500,59.905,46.619,505.750,48.167
1978,1978,65.933,666.477,490.168,63.474,46.683,206,1,629,489.500,59.905,46.619,505.750,48.167
1979,1979,65.967,666.502,490.291,63.476,46.694,208,1,629,489.500,59.905,46.619,505.750,48.167
1980,1980,66.000,666.531,490.202,63.479,46.686,209,1,629,489.500,59.905,46.619,505.750,48.167
1981,1981,66.033,666.627,490.484,63.488,46.713,201,1,629,489.500,59.905,46.619,505.750,48.167
1982,1982,66.067,666.875,490.919,63.512,46.754,198,1,629,489.500,59.905,46.619,505.750,48.167
1983,1983,66.100,666.720,490.698,63.497,46.733,208,1,629,489.500,59.905,46.619,505.750,48.167
1984,1984,66.133,666.723,490.647,63.497,46.728,202,1,629,489.500,59.905,46.619,505.750,48.167
1985,1985,66.167,666.723,490.647,63.497,46.728,202,1,629,489.500,59.905,46.619,505.750,48.167
1986,1986,66.200,666.723,490.647,63.497,46.728,202,1,629,489.500,59.905,46.619,505.750,48.167
1987,1987,66.233,666.723,490.647,63.497,46.728,202,1,629,489.500,59.905,46.619,505.750,48.167
1988,1988,66.267,666.545,490.445,63.480,46.709,198,1,629,489.500,59.905,46.619,505.750,48.167
1989,1989,66.300,666.515,490.451,63.478,46.710,198,1,629,489.500,59.905,46.619,505.750,48.167
1990,1990,66.333,666.515,490.451,63.478,46.710,198,1,629,489.500,59.905,46.619,505.750,48.167
1991,1991,66.367,666.572,490.564,63.483,46.720,194,1,629,489.500,59.905,46.619,505.750,48.167
1992,1992,66.400,666.250,490.381,63.452,46.703,208,1,629,489.500,59.905,46.619,505.750,48.167
1993,1993,66.433,666.036,489.950,63.432,46.662,199,1,629,489.500,59.905,46.619,505.750,48.167
1994,1994,66.467,665.834,489.721,63.413,46.640,194,1,629,489.500,59.905,46.619,505.750,48.167
1995,1995,66.500,665.967,489.940,63.425,46.661,192,1,629,489.500,59.905,46.619,505.750,48.167
1996,1996,66.533,665.752,489.594,63.405,46.628,186,1,629,489.500,59.905,46.619,505.750,48.167
1997,1997,66.567,665.800,489.632,63.410,46.632,187,1,629,489.500,59.905,46.619,505.750,48.167
1998,1998,66.600,665.291,489.051,63.361,46.576,192,1,629,489.500,59.905,46.619,505.750,48.167
1999,1999,66.633,665.147,488.739,63.347,46.547,186,1,629,489.500,59.905,46.619,505.750,48.167
2000,2000,66.667,664.898,488.464,63.324,46.520,180,1,629,489.500,59.905,46.619,505.750,48.167
2001,2001,66.700,664.663,488.126,63.301,46.488,191,1,629,489.500,59.905,46.619,505.750,48.167
2002,2002,66.733,664.507,488.035,63.286,46.480,187,1,629,489.500,59.905,46.619,505.750,48.167
2003,2003,66.767,664.651,488.252,63.300,46.500,185,1,629,489.500,59.905,46.619,505.750,48.167
2004,2004,66.800,664.769,488.392,63.311,46.514,186,1,629,489.500,59.905,46.619,505.750,48.167
2005,2005,66.833,664.734,488.256,63.308,46.501,182,1,629,489.500,59.905,46.619,505.750,48.167
2006,2006,66.867,664.735,488.306,63.308,46.505,179,1,629,489.500,59.905,46.619,505.750,48.167
2007,2007,66.900,664.677,488.369,63.303,46.511,182,1,629,489.500,59.905,46.619,505.750,48.167
2008,2008,66.933,664.615,488.282,63.297,46.503,181,1,629,489.500,59.905,46.619,505.750,48.167
2009,2009,66.967,664.836,488.472,63.318,46.521,179,1,629,489.500,59.905,46.619,505.750,48.167
2010,2010,67.000,664.804,488.469,63.315,46.521,191,1,629,489.500,59.905,46.619,505.750,48.167
2011,2011,67.033,664.852,488.399,63.319,46.514,178,1,629,489.500,59.905,46.619,505.750,48.167
2012,2012,67.067,664.787,488.336,63.313,46.508,180,1,629,489.500,59.905,46.619,505.750,48.167
2013,2013,67.100,664.972,488.531,63.331,46.527,188,1,629,489.500,59.905,46.619,505.750,48.167
2014,2014,67.133,665.110,488.775,63.344,46.550,178,1,629,489.500,59.905,46.619,505.750,48.167
2015,2015,67.167,665.111,488.776,63.344,46.550,178,1,629,489.500,59.905,46.619,505.750,48.167
2016,2016,67.200,665.051,488.732,63.338,46.546,182,1,629,489.500,59.905,46.619,505.750,48.167
2017,2017,67.233,665.013,488.657,63.335,46.539,181,1,629,489.500,59.905,46.619,505.750,48.167
2018,2018,67.267,664.953,488.673,63.329,46.540,179,1,629,489.500,59.905,46.619,505.750,48.167
2019,2019,67.300,664.796,488.455,63.314,46.519,183,1,629,489.500,59.905,46.619,505.750,48.167
2020,2020,67.333,664.834,488.442,63.318,46.518,185,1,629,489.500,59.905,46.619,505.750,48.167
2021,2021,67.367,664.902,488.557,63.324,46.529,185,1,629,489.500,59.905,46.619,505.750,48.167
2022,2022,67.400,664.842,488.530,63.318,46.527,193,1,629,489.500,59.905,46.619,505.750,48.167
2023,2023,67.433,664.656,488.296,63.301,46.504,187,1,629,489.500,59.905,46.619,505.750,48.167
2024,2024,67.467,664.607,488.281,63.296,46.503,187,1,629,489.500,59.905,46.619,505.750,48.167
2025,2025,67.500,664.997,488.915,63.333,46.563,191,1,629,489.500,59.905,46.619,505.750,48.167
2026,2026,67.533,664.614,488.371,63.297,46.512,187,1,629,489.500,59.905,46.619,505.750,48.167
2027,2027,67.567,664.629,488.357,63.298,46.510,186,1,629,489.500,59.905,46.619,505.750,48.167
2028,2028,67.600,664.203,487.888,63.257,46.466,188,1,629,489.500,59.905,46.619,505.750,48.167
2029,2029,67.633,664.203,487.874,63.257,46.464,189,1,629,489.500,59.905,46.619,505.750,48.167
2030,2030,67.667,663.941,487.539,63.232,46.432,185,1,629,489.500,59.905,46.619,505.750,48.167
2031,2031,67.700,664.012,487.678,63.239,46.445,192,1,629,489.500,59.905,46.619,505.750,48.167
2032,2032,67.733,663.901,487.415,63.229,46.420,194,1,629,489.500,59.905,46.619,505.750,48.167
2033,2033,67.767,663.888,487.418,63.227,46.421,195,1,629,489.500,59.905,46.619,505.750,48.167
2034,2034,67.800,663.855,487.293,63.224,46.409,199,1,629,489.500,59.905,46.619,505.750,48.167
2035,2035,67.833,663.768,487.237,63.216,46.404,198,1,629,489.500,59.905,46.619,505.750,48.167
2036,2036,67.867,663.843,487.342,63.223,46.414,197,1,629,489.500,59.905,46.619,505.750,48.167
2037,2037,67.900,663.950,487.349,63.233,46.414,202,1,629,489.500,59.905,46.619,505.750,48.167
2038,2038,67.933,663.830,487.247,63.222,46.405,203,1,629,489.500,59.905,46.619,505.750,48.167
2039,2039,67.967,663.882,487.390,63.227,46.418,198,1,629,489.500,59.905,46.619,505.750,48.167
2040,2040,68.000,663.743,487.136,63.214,46.394,202,1,629,489.500,59.905,46.619,505.750,48.167
2041,2041,68.033,663.531,486.828,63.193,46.365,200,1,629,489.500,59.905,46.619,505.750,48.167
2042,2042,68.067,663.784,487.242,63.217,46.404,198,1,629,489.500,59.905,46.619,505.750,48.167
2043,2043,68.100,663.503,486.862,63.191,46.368,204,1,629,489.500,59.905,46.619,505.750,48.167
2044,2044,68.133,663.599,486.973,63.200,46.378,202,1,629,489.500,59.905,46.619,505.750,48.167
2045,2045,68.167,663.761,487.105,63.215,46.391,198,1,629,489.500,59.905,46.619,505.750,48.167
2046,2046,68.200,663.620,486.825,63.202,46.364,203,1,629,489.500,59.905,46.619,505.750,48.167
2047,2047,68.233,663.662,486.780,63.206,46.360,205,1,629,489.500,59.905,46.619,505.750,48.167
2048,2048,68.267,663.662,486.780,63.206,46.360,205,1,629,489.500,59.905,46.619,505.750,48.167
2049,2049,68.300,663.662,486.780,63.206,46.360,205,1,629,489.500,59.905,46.619,505.750,48.167
2050,2050,68.333,663.662,486.780,63.206,46.360,205,1,629,489.500,59.905,46.619,505.750,48.167
2051,2051,68.367,663.691,486.837,63.209,46.365,204,1,629,489.500,59.905,46.619,505.750,48.167
2052,2052,68.400,663.603,486.727,63.200,46.355,206,1,629,489.500,59.905,46.619,505.750,48.167
2053,2053,68.433,663.546,486.674,63.195,46.350,205,1,629,489.500,59.905,46.619,505.750,48.167
2054,2054,68.467,663.716,487.023,63.211,46.383,200,1,629,489.500,59.905,46.619,505.750,48.167
2055,2055,68.500,663.534,486.627,63.194,46.345,206,1,629,489.500,59.905,46.619,505.750,48.167
2056,2056,68.533,663.317,486.356,63.173,46.320,211,1,629,489.500,59.905,46.619,505.750,48.167
2057,2057,68.567,663.380,486.439,63.179,46.327,204,1,629,489.500,59.905,46.619,505.750,48.167
2058,2058,68.600,662.884,485.920,63.132,46.278,211,1,629,489.500,59.905,46.619,505.750,48.167
2059,2059,68.633,663.030,486.123,63.146,46.297,206,1,629,489.500,59.905,46.619,505.750,48.167
2060,2060,68.667,663.031,486.149,63.146,46.300,205,1,629,489.500,59.905,46.619,505.750,48.167
2061,2061,68.700,663.034,486.148,63.146,46.300,205,1,629,489.500,59.905,46.619,505.750,48.167
2062,2062,68.733,662.960,486.139,63.139,46.299,215,1,629,489.500,59.905,46.619,505.750,48.167
2063,2063,68.767,663.158,486.281,63.158,46.312,208,1,629,489.500,59.905,46.619,505.750,48.167
2064,2064,68.800,663.035,486.289,63.146,46.313,215,1,629,489.500,59.905,46.619,505.750,48.167
2065,2065,68.833,663.010,486.211,63.144,46.306,217,1,629,489.500,59.905,46.619,505.750,48.167
2066,2066,68.867,662.987,486.209,63.142,46.306,216,1,629,489.500,59.905,46.619,505.750,48.167
2067,2067,68.900,663.330,486.654,63.174,46.348,230,1,629,489.500,59.905,46.619,505.750,48.167
2068,2068,68.933,663.229,486.537,63.165,46.337,225,1,629,489.500,59.905,46.619,505.750,48.167
2069,2069,68.967,663.235,486.364,63.165,46.320,210,1,629,489.500,59.905,46.619,505.750,48.167
2070,2070,69.000,663.113,486.356,63.154,46.320,216,1,629,489.500,59.905,46.619,505.750,48.167
2071,2071,69.033,663.157,486.318,63.158,46.316,216,1,629,489.500,59.905,46.619,505.750,48.167
2072,2072,69.067,663.220,486.283,63.164,46.313,209,1,629,489.500,59.905,46.619,505.750,48.167
2073,2073,69.100,663.184,486.338,63.160,46.318,213,1,629,489.500,59.905,46.619,505.750,48.167
2074,2074,69.133,663.208,486.146,63.163,46.300,211,1,629,489.500,59.905,46.619,505.750,48.167
2075,2075,69.167,663.171,486.138,63.159,46.299,206,1,629,489.500,59.905,46.619,505.750,48.167
2076,2076,69.200,663.536,486.696,63.194,46.352,217,1,629,489.500,59.905,46.619,505.750,48.167
2077,2077,69.233,663.626,486.871,63.202,46.369,211,1,629,489.500,59.905,46.619,505.750,48.167
2078,2078,69.267,663.702,486.862,63.210,46.368,204,1,629,489.500,59.905,46.619,505.750,48.167
2079,2079,69.300,663.673,486.974,63.207,46.378,213,1,629,489.500,59.905,46.619,505.750,48.167
2080,2080,69.333,663.716,487.075,63.211,46.388,206,1,629,489.500,59.905,46.619,505.750,48.167
2081,2081,69.367,663.758,487.034,63.215,46.384,196,1,629,489.500,59.905,46.619,505.750,48.167
2082,2082,69.400,663.135,486.171,63.156,46.302,192,1,629,489.500,59.905,46.619,505.750,48.167
2083,2083,69.433,663.332,486.475,63.174,46.331,192,1,629,489.500,59.905,46.619,505.750,48.167
2084,2084,69.467,663.364,486.509,63.177,46.334,190,1,629,489.500,59.905,46.619,505.750,48.167
2085,2085,69.500,663.508,486.786,63.191,46.361,196,1,629,489.500,59.905,46.619,505.750,48.167
2086,2086,69.533,663.482,486.713,63.189,46.354,193,1,629,489.500,59.905,46.619,505.750,48.167
2087,2087,69.567,663.671,486.952,63.207,46.376,187,1,629,489.500,59.905,46.619,505.750,48.167
2088,2088,69.600,663.494,486.830,63.190,46.365,205,1,629,489.500,59.905,46.619,505.750,48.167
2089,2089,69.633,663.073,486.530,63.150,46.336,205,1,629,489.500,59.905,46.619,505.750,48.167
2090,2090,69.667,663.297,486.802,63.171,46.362,196,1,629,489.500,59.905,46.619,505.750,48.167
2091,2091,69.700,663.266,486.784,63.168,46.360,204,1,629,489.500,59.905,46.619,505.750,48.167
2092,2092,69.733,663.327,486.983,63.174,46.379,201,1,629,489.500,59.905,46.619,505.750,48.167
2093,2093,69.767,663.280,486.932,63.169,46.374,195,1,629,489.500,59.905,46.619,505.750,48.167
2094,2094,69.800,663.092,486.750,63.152,46.357,201,1,629,489.500,59.905,46.619,505.750,48.167
2095,2095,69.833,663.244,487.022,63.166,46.383,196,1,629,489.500,59.905,46.619,505.750,48.167
2096,2096,69.867,663.524,487.373,63.193,46.417,190,1,629,489.500,59.905,46.619,505.750,48.167
2097,2097,69.900,663.470,487.401,63.188,46.419,211,1,629,489.500,59.905,46.619,505.750,48.167
2098,2098,69.933,663.343,487.272,63.175,46.407,204,1,629,489.500,59.905,46.619,505.750,48.167
2099,2099,69.967,662.729,486.836,63.117,46.365,206,1,629,489.500,59.905,46.619,505.750,48.167
2100,2100,70.000,662.679,486.627,63.112,46.345,208,1,629,489.500,59.905,46.619,505.750,48.167
2101,2101,70.033,663.063,486.924,63.149,46.374,202,1,629,489.500,59.905,46.619,505.750,48.167
2102,2102,70.067,663.089,487.005,63.151,46.381,193,1,629,489.500,59.905,46.619,505.750,48.167
2103,2103,70.100,663.243,487.189,63.166,46.399,197,1,629,489.500,59.905,46.619,505.750,48.167
2104,2104,70.133,663.242,487.188,63.166,46.399,197,1,629,489.500,59.905,46.619,505.750,48.167
2105,2105,70.167,663.242,487.188,63.166,46.399,197,1,629,489.500,59.905,46.619,505.750,48.167
2106,2106,70.200,663.242,487.188,63.166,46.399,197,1,629,489.500,59.905,46.619,505.750,48.167
2107,2107,70.233,663.242,487.188,63.166,46.399,197,1,629,489.500,59.905,46.619,505.750,48.167
2108,2108,70.267,663.111,487.135,63.153,46.394,199,1,629,489.500,59.905,46.619,505.750,48.167
2109,2109,70.300,663.028,487.127,63.145,46.393,200,1,629,489.500,59.905,46.619,505.750,48.167
2110,2110,70.333,663.028,487.127,63.145,46.393,200,1,629,489.500,59.905,46.619,505.750,48.167
2111,2111,70.367,662.784,486.877,63.122,46.369,205,1,629,489.500,59.905,46.619,505.750,48.167
2112,2112,70.400,662.788,486.969,63.123,46.378,205,1,629,489.500,59.905,46.619,505.750,48.167
2113,2113,70.433,663.045,487.182,63.147,46.398,200,1,629,489.500,59.905,46.619,505.750,48.167
2114,2114,70.467,663.045,487.182,63.147,46.398,200,1,629,489.500,59.905,46.619,505.750,48.167
2115,2115,70.500,662.904,487.050,63.134,46.386,205,1,629,489.500,59.905,46.619,505.750,48.167
2116,2116,70.533,662.658,486.867,63.110,46.368,207,1,629,489.500,59.905,46.619,505.750,48.167
2117,2117,70.567,662.630,486.759,63.108,46.358,200,1,629,489.500,59.905,46.619,505.750,48.167
2118,2118,70.600,662.560,486.743,63.101,46.356,213,1,629,489.500,59.905,46.619,505.750,48.167
2119,2119,70.633,662.531,486.736,63.098,46.356,215,1,629,489.500,59.905,46.619,505.750,48.167
2120,2120,70.667,662.581,486.743,63.103,46.356,212,1,629,489.500,59.905,46.619,505.750,48.167
2121,2121,70.700,662.289,486.434,63.075,46.327,211,1,629,489.500,59.905,46.619,505.750,48.167
2122,2122,70.733,662.294,486.409,63.076,46.325,211,1,629,489.500,59.905,46.619,505.750,48.167
2123,2123,70.767,662.277,486.273,63.074,46.312,206,1,629,489.500,59.905,46.619,505.750,48.167
2124,2124,70.800,662.229,486.292,63.069,46.314,210,1,629,489.500,59.905,46.619,505.750,48.167
2125,2125,70.833,662.307,486.390,63.077,46.323,213,1,629,489.500,59.905,46.619,505.750,48.167
2126,2126,70.867,662.535,486.535,63.099,46.337,210,1,629,489.500,59.905,46.619,505.750,48.167
2127,2127,70.900,662.650,486.676,63.110,46.350,211,1,629,489.500,59.905,46.619,505.750,48.167
2128,2128,70.933,662.469,486.494,63.092,46.333,211,1,629,489.500,59.905,46.619,505.750,48.167
2129,2129,70.967,662.529,486.512,63.098,46.334,208,1,629,489.500,59.905,46.619,505.750,48.167
2130,2130,71.000,662.563,486.684,63.101,46.351,218,1,629,489.500,59.905,46.619,505.750,48.167
2131,2131,71.033,662.493,486.576,63.095,46.341,216,1,629,489.500,59.905,46.619,505.750,48.167
2132,2132,71.067,662.499,486.523,63.095,46.336,211,1,629,489.500,59.905,46.619,505.750,48.167
2133,2133,71.100,662.479,486.567,63.093,46.340,213,1,629,489.500,59.905,46.619,505.750,48.167
2134,2134,71.133,662.487,486.540,63.094,46.337,214,1,629,489.500,59.905,46.619,505.750,48.167
2135,2135,71.167,662.437,486.480,63.089,46.331,213,1,629,489.500,59.905,46.619,505.750,48.167
2136,2136,71.200,662.254,486.427,63.072,46.326,225,1,629,489.500,59.905,46.619,505.750,48.167
2137,2137,71.233,662.221,486.437,63.069,46.327,226,1,629,489.500,59.905,46.619,505.750,48.167
2138,2138,71.267,662.520,486.613,63.097,46.344,216,1,629,489.500,59.905,46.619,505.750,48.167
2139,2139,71.300,662.397,486.641,63.085,46.347,219,1,629,489.500,59.905,46.619,505.750,48.167
2140,2140,71.333,662.423,486.676,63.088,46.350,218,1,629,489.500,59.905,46.619,505.750,48.167
2141,2141,71.367,662.294,486.353,63.076,46.319,206,1,629,489.500,59.905,46.619,505.750,48.167
2142,2142,71.400,662.188,486.459,63.066,46.329,214,1,629,489.500,59.905,46.619,505.750,48.167
2143,2143,71.433,662.304,486.535,63.077,46.337,216,1,629,489.500,59.905,46.619,505.750,48.167
2144,2144,71.467,661.963,486.267,63.044,46.311,213,1,629,489.500,59.905,46.619,505.750,48.167
2145,2145,71.500,661.665,486.044,63.016,46.290,222,1,629,489.500,59.905,46.619,505.750,48.167
2146,2146,71.533,661.834,486.236,63.032,46.308,225,1,629,489.500,59.905,46.619,505.750,48.167
2147,2147,71.567,661.672,486.002,63.016,46.286,219,1,629,489.500,59.905,46.619,505.750,48.167
2148,2148,71.600,661.488,486.017,62.999,46.287,231,1,629,489.500,59.905,46.619,505.750,48.167
2149,2149,71.633,661.184,485.808,62.970,46.267,229,1,629,489.500,59.905,46.619,505.750,48.167
2150,2150,71.667,661.084,485.648,62.960,46.252,216,1,629,489.500,59.905,46.619,505.750,48.167
2151,2151,71.700,660.863,485.593,62.939,46.247,219,1,629,489.500,59.905,46.619,505.750,48.167
2152,2152,71.733,660.540,485.325,62.909,46.221,218,1,629,489.500,59.905,46.619,505.750,48.167
2153,2153,71.767,660.496,485.290,62.904,46.218,210,1,629,489.500,59.905,46.619,505.750,48.167
2154,2154,71.800,660.623,485.386,62.916,46.227,209,1,629,489.500,59.905,46.619,505.750,48.167
2155,2155,71.833,660.627,485.459,62.917,46.234,211,1,629,489.500,59.905,46.619,505.750,48.167
2156,2156,71.867,660.999,485.838,62.952,46.270,201,1,629,489.500,59.905,46.619,505.750,48.167
2157,2157,71.900,660.948,485.865,62.947,46.273,205,1,629,489.500,59.905,46.619,505.750,48.167
2158,2158,71.933,661.045,486.055,62.957,46.291,208,1,629,489.500,59.905,46.619,505.750,48.167
2159,2159,71.967,660.749,485.782,62.928,46.265,197,1,629,489.500,59.905,46.619,505.750,48.167
2160,2160,72.000,660.779,485.848,62.931,46.271,204,1,629,489.500,59.905,46.619,505.750,48.167
2161,2161,72.033,660.434,485.516,62.898,46.240,204,1,629,489.500,59.905,46.619,505.750,48.167
2162,2162,72.067,660.301,485.515,62.886,46.239,194,1,629,489.500,59.905,46.619,505.750,48.167
2163,2163,72.100,660.095,485.368,62.866,46.226,196,1,629,489.500,59.905,46.619,505.750,48.167
2164,2164,72.133,660.021,485.355,62.859,46.224,201,1,629,489.500,59.905,46.619,505.750,48.167
2165,2165,72.167,659.893,485.405,62.847,46.229,198,1,629,489.500,59.905,46.619,505.750,48.167
2166,2166,72.200,659.893,485.405,62.847,46.229,198,1,629,489.500,59.905,46.619,505.750,48.167
2167,2167,72.233,659.851,485.228,62.843,46.212,204,1,629,489.500,59.905,46.619,505.750,48.167
2168,2168,72.267,659.939,485.193,62.851,46.209,191,1,629,489.500,59.905,46.619,505.750,48.167
2169,2169,72.300,660.045,485.359,62.861,46.225,194,1,629,489.500,59.905,46.619,505.750,48.167
2170,2170,72.333,660.170,485.362,62.873,46.225,195,1,629,489.500,59.905,46.619,505.750,48.167
2171,2171,72.367,659.821,485.004,62.840,46.191,199,1,629,489.500,59.905,46.619,505.750,48.167
2172,2172,72.400,660.092,485.299,62.866,46.219,198,1,629,489.500,59.905,46.619,505.750,48.167
2173,2173,72.433,659.955,485.165,62.853,46.206,201,1,629,489.500,59.905,46.619,505.750,48.167
2174,2174,72.467,660.105,485.040,62.867,46.194,192,1,629,489.500,59.905,46.619,505.750,48.167
2175,2175,72.500,660.030,485.092,62.860,46.199,203,1,629,489.500,59.905,46.619,505.750,48.167
2176,2176,72.533,660.066,485.099,62.863,46.200,203,1,629,489.500,59.905,46.619,505.750,48.167
2177,2177,72.567,660.205,485.094,62.877,46.199,189,1,629,489.500,59.905,46.619,505.750,48.167
2178,2178,72.600,660.344,485.361,62.890,46.225,201,1,629,489.500,59.905,46.619,505.750,48.167
2179,2179,72.633,660.195,485.116,62.876,46.202,205,1,629,489.500,59.905,46.619,505.750,48.167
2180,2180,72.667,660.200,485.010,62.876,46.191,199,1,629,489.500,59.905,46.619,505.750,48.167
2181,2181,72.700,660.137,484.956,62.870,46.186,203,1,629,489.500,59.905,46.619,505.750,48.167
2182,2182,72.733,660.173,484.987,62.874,46.189,205,1,629,489.500,59.905,46.619,505.750,48.167
2183,2183,72.767,659.943,484.637,62.852,46.156,201,1,629,489.500,59.905,46.619,505.750,48.167
2184,2184,72.800,659.909,484.613,62.848,46.154,206,1,629,489.500,59.905,46.619,505.750,48.167
2185,2185,72.833,660.244,484.853,62.880,46.176,207,1,629,489.500,59.905,46.619,505.750,48.167
2186,2186,72.867,660.248,484.788,62.881,46.170,200,1,629,489.500,59.905,46.619,505.750,48.167
2187,2187,72.900,660.082,484.622,62.865,46.154,200,1,629,489.500,59.905,46.619,505.750,48.167
2188,2188,72.933,659.843,484.390,62.842,46.132,206,1,629,489.500,59.905,46.619,505.750,48.167
2189,2189,72.967,660.070,484.527,62.864,46.145,202,1,629,489.500,59.905,46.619,505.750,48.167
2190,2190,73.000,659.948,484.457,62.852,46.139,206,1,629,489.500,59.905,46.619,505.750,48.167
2191,2191,73.033,659.830,484.330,62.841,46.127,208,1,629,489.500,59.905,46.619,505.750,48.167
2192,2192,73.067,659.886,484.294,62.846,46.123,201,1,629,489.500,59.905,46.619,505.750,48.167
2193,2193,73.100,659.751,484.348,62.833,46.128,209,1,629,489.500,59.905,46.619,505.750,48.167
2194,2194,73.133,659.690,484.176,62.828,46.112,211,1,629,489.500,59.905,46.619,505.750,48.167
2195,2195,73.167,659.674,484.236,62.826,46.118,204,1,629,489.500,59.905,46.619,505.750,48.167
2196,2196,73.200,659.373,484.041,62.797,46.099,210,1,629,489.500,59.905,46.619,505.750,48.167
2197,2197,73.233,659.220,483.914,62.783,46.087,212,1,629,489.500,59.905,46.619,505.750,48.167
2198,2198,73.267,659.194,483.868,62.780,46.083,207,1,629,489.500,59.905,46.619,505.750,48.167
2199,2199,73.300,659.149,483.901,62.776,46.086,214,1,629,489.500,59.905,46.619,505.750,48.167
2200,2200,73.333,659.145,483.897,62.776,46.085,214,1,629,489.500,59.905,46.619,505.750,48.167
2201,2201,73.367,658.567,483.315,62.721,46.030,213,1,629,489.500,59.905,46.619,505.750,48.167
2202,2202,73.400,658.168,483.008,62.683,46.001,227,1,629,489.500,59.905,46.619,505.750,48.167
2203,2203,73.433,658.048,482.992,62.671,45.999,230,1,629,489.500,59.905,46.619,505.750,48.167
2204,2204,73.467,657.945,483.029,62.661,46.003,216,1,629,489.500,59.905,46.619,505.750,48.167
2205,2205,73.500,657.969,482.920,62.664,45.992,222,1,629,489.500,59.905,46.619,505.750,48.167
2206,2206,73.533,657.911,482.860,62.658,45.987,230,1,629,489.500,59.905,46.619,505.750,48.167
2207,2207,73.567,657.934,482.883,62.660,45.989,220,1,629,489.500,59.905,46.619,505.750,48.167
2208,2208,73.600,657.696,482.680,62.638,45.969,222,1,629,489.500,59.905,46.619,505.750,48.167
2209,2209,73.633,657.839,483.020,62.651,46.002,222,1,629,489.500,59.905,46.619,505.750,48.167
2210,2210,73.667,657.673,482.771,62.636,45.978,217,1,629,489.500,59.905,46.619,505.750,48.167
2211,2211,73.700,657.655,482.783,62.634,45.979,221,1,629,489.500,59.905,46.619,505.750,48.167
2212,2212,73.733,657.886,482.927,62.656,45.993,222,1,629,489.500,59.905,46.619,505.750,48.167
2213,2213,73.767,657.822,482.833,62.650,45.984,220,1,629,489.500,59.905,46.619,505.750,48.167
2214,2214,73.800,657.778,482.859,62.646,45.987,223,1,629,489.500,59.905,46.619,505.750,48.167
2215,2215,73.833,657.887,482.996,62.656,46.000,227,1,629,489.500,59.905,46.619,505.750,48.167
2216,2216,73.867,657.858,482.877,62.653,45.988,223,1,629,489.500,59.905,46.619,505.750,48.167
2217,2217,73.900,657.848,482.885,62.652,45.989,224,1,629,489.500,59.905,46.619,505.750,48.167
2218,2218,73.933,657.757,482.833,62.644,45.984,225,1,629,489.500,59.905,46.619,505.750,48.167
2219,2219,73.967,657.881,482.893,62.655,45.990,223,1,629,489.500,59.905,46.619,505.750,48.167
2220,2220,74.000,657.844,482.932,62.652,45.993,220,1,629,489.500,59.905,46.619,505.750,48.167
2221,2221,74.033,657.618,482.599,62.630,45.962,208,1,629,489.500,59.905,46.619,505.750,48.167
2222,2222,74.067,658.165,483.036,62.682,46.003,205,1,629,489.500,59.905,46.619,505.750,48.167
2223,2223,74.100,658.121,482.960,62.678,45.996,210,1,629,489.500,59.905,46.619,505.750,48.167
2224,2224,74.133,657.980,482.895,62.665,45.990,214,1,629,489.500,59.905,46.619,505.750,48.167
2225,2225,74.167,657.979,482.894,62.665,45.990,214,1,629,489.500,59.905,46.619,505.750,48.167
2226,2226,74.200,657.980,482.896,62.665,45.990,214,1,629,489.500,59.905,46.619,505.750,48.167
2227,2227,74.233,658.028,482.929,62.669,45.993,213,1,629,489.500,59.905,46.619,505.750,48.167
2228,2228,74.267,657.940,482.892,62.661,45.990,211,1,629,489.500,59.905,46.619,505.750,48.167
2229,2229,74.300,657.942,482.894,62.661,45.990,211,1,629,489.500,59.905,46.619,505.750,48.167
2230,2230,74.333,657.892,482.852,62.656,45.986,212,1,629,489.500,59.905,46.619,505.750,48.167
2231,2231,74.367,657.839,482.782,62.651,45.979,211,1,629,489.500,59.905,46.619,505.750,48.167
2232,2232,74.400,657.854,482.825,62.653,45.983,210,1,629,489.500,59.905,46.619,505.750,48.167
2233,2233,74.433,657.662,482.666,62.634,45.968,218,1,629,489.500,59.905,46.619,505.750,48.167
2234,2234,74.467,657.795,482.792,62.647,45.980,210,1,629,489.500,59.905,46.619,505.750,48.167
2235,2235,74.500,657.750,482.756,62.643,45.977,214,1,629,489.500,59.905,46.619,505.750,48.167
2236,2236,74.533,657.590,482.583,62.628,45.960,217,1,629,489.500,59.905,46.619,505.750,48.167
2237,2237,74.567,657.583,482.622,62.627,45.964,209,1,629,489.500,59.905,46.619,505.750,48.167
2238,2238,74.600,657.690,482.760,62.637,45.977,211,1,629,489.500,59.905,46.619,505.750,48.167
2239,2239,74.633,657.677,482.753,62.636,45.976,214,1,629,489.500,59.905,46.619,505.750,48.167
2240,2240,74.667,657.491,482.579,62.618,45.960,204,1,629,489.500,59.905,46.619,505.750,48.167
2241,2241,74.700,657.460,482.540,62.615,45.956,205,1,629,489.500,59.905,46.619,505.750,48.167
2242,2242,74.733,657.794,482.804,62.647,45.981,214,1,629,489.500,59.905,46.619,505.750,48.167
2243,2243,74.767,657.950,482.919,62.662,45.992,203,1,629,489.500,59.905,46.619,505.750,48.167
2244,2244,74.800,657.880,482.857,62.655,45.986,214,1,629,489.500,59.905,46.619,505.750,48.167
2245,2245,74.833,657.490,482.636,62.618,45.965,225,1,629,489.500,59.905,46.619,505.750,48.167
2246,2246,74.867,658.001,482.994,62.667,45.999,216,1,629,489.500,59.905,46.619,505.750,48.167
2247,2247,74.900,657.560,482.669,62.625,45.968,219,1,629,489.500,59.905,46.619,505.750,48.167
2248,2248,74.933,657.619,482.692,62.630,45.971,221,1,629,489.500,59.905,46.619,505.750,48.167
2249,2249,74.967,657.579,482.689,62.627,45.970,219,1,629,489.500,59.905,46.619,505.750,48.167
2250,2250,75.000,657.524,482.652,62.621,45.967,220,1,629,489.500,59.905,46.619,505.750,48.167
2251,2251,75.033,657.516,482.649,62.621,45.967,223,1,629,489.500,59.905,46.619,505.750,48.167
2252,2252,75.067,657.406,482.482,62.610,45.951,212,1,629,489.500,59.905,46.619,505.750,48.167
2253,2253,75.100,657.290,482.350,62.599,45.938,215,1,629,489.500,59.905,46.619,505.750,48.167
2254,2254,75.133,657.232,482.388,62.594,45.942,223,1,629,489.500,59.905,46.619,505.750,48.167
2255,2255,75.167,657.260,482.441,62.596,45.947,212,1,629,489.500,59.905,46.619,505.750,48.167
2256,2256,75.200,657.012,482.200,62.573,45.924,209,1,629,489.500,59.905,46.619,505.750,48.167
2257,2257,75.233,656.998,482.252,62.571,45.929,207,1,629,489.500,59.905,46.619,505.750,48.167
2258,2258,75.267,656.471,481.902,62.521,45.895,191,1,629,489.500,59.905,46.619,505.750,48.167
2259,2259,75.300,213.073,774.583,20.293,73.770,191,1,629,489.500,59.905,46.619,505.750,48.167
2260,2260,75.333,656.180,481.696,62.493,45.876,196,1,629,489.500,59.905,46.619,505.750,48.167
2261,2261,75.367,212.883,774.323,20.275,73.745,189,1,629,489.500,59.905,46.619,505.750,48.167
2262,2262,75.400,213.073,774.595,20.293,73.771,189,1,629,489.500,59.905,46.619,505.750,48.167
2263,2263,75.433,655.743,481.519,62.452,45.859,195,1,629,489.500,59.905,46.619,505.750,48.167
2264,2264,75.467,655.972,481.526,62.474,45.860,186,1,629,489.500,59.905,46.619,505.750,48.167
2265,2265,75.500,212.725,774.067,20.259,73.721,191,1,629,489.500,59.905,46.619,505.750,48.167
2266,2266,75.533,212.673,774.004,20.255,73.715,190,1,629,489.500,59.905,46.619,505.750,48.167
2267,2267,75.567,212.741,774.134,20.261,73.727,187,1,629,489.500,59.905,46.619,505.750,48.167
2268,2268,75.600,656.270,481.874,62.502,45.893,188,1,629,489.500,59.905,46.619,505.750,48.167
2269,2269,75.633,212.490,773.760,20.237,73.691,189,1,629,489.500,59.905,46.619,505.750,48.167
2270,2270,75.667,656.365,481.857,62.511,45.891,185,1,629,489.500,59.905,46.619,505.750,48.167
2271,2271,75.700,656.563,481.940,62.530,45.899,190,1,629,489.500,59.905,46.619,505.750,48.167
2272,2272,75.733,656.295,481.751,62.504,45.881,196,1,629,489.500,59.905,46.619,505.750,48.167
2273,2273,75.767,656.419,481.843,62.516,45.890,189,1,629,489.500,59.905,46.619,505.750,48.167
2274,2274,75.800,656.565,481.850,62.530,45.890,194,1,629,489.500,59.905,46.619,505.750,48.167
2275,2275,75.833,656.438,481.704,62.518,45.877,200,1,629,489.500,59.905,46.619,505.750,48.167
2276,2276,75.867,656.518,481.807,62.526,45.886,193,1,629,489.500,59.905,46.619,505.750,48.167
2277,2277,75.900,656.594,481.818,62.533,45.887,193,1,629,489.500,59.905,46.619,505.750,48.167
2278,2278,75.933,656.524,481.730,62.526,45.879,199,1,629,489.500,59.905,46.619,505.750,48.167
2279,2279,75.967,656.620,481.692,62.535,45.875,195,1,629,489.500,59.905,46.619,505.750,48.167
2280,2280,76.000,656.741,481.712,62.547,45.877,199,1,629,489.500,59.905,46.619,505.750,48.167
2281,2281,76.033,655.927,481.068,62.469,45.816,208,1,629,489.500,59.905,46.619,505.750,48.167
2282,2282,76.067,656.050,481.172,62.481,45.826,186,1,629,489.500,59.905,46.619,505.750,48.167
2283,2283,76.100,656.050,481.172,62.481,45.826,186,1,629,489.500,59.905,46.619,505.750,48.167
2284,2284,76.133,655.674,480.977,62.445,45.807,193,1,629,489.500,59.905,46.619,505.750,48.167
2285,2285,76.167,655.697,480.857,62.447,45.796,194,1,629,489.500,59.905,46.619,505.750,48.167
2286,2286,76.200,655.740,480.764,62.451,45.787,197,1,629,489.500,59.905,46.619,505.750,48.167
2287,2287,76.233,655.574,480.713,62.436,45.782,199,1,629,489.500,59.905,46.619,505.750,48.167
2288,2288,76.267,655.651,480.671,62.443,45.778,201,1,629,489.500,59.905,46.619,505.750,48.167
2289,2289,76.300,655.675,480.656,62.445,45.777,199,1,629,489.500,59.905,46.619,505.750,48.167
2290,2290,76.333,655.812,480.691,62.458,45.780,200,1,629,489.500,59.905,46.619,505.750,48.167
2291,2291,76.367,655.819,480.695,62.459,45.781,200,1,629,489.500,59.905,46.619,505.750,48.167
2292,2292,76.400,655.813,480.680,62.458,45.779,201,1,629,489.500,59.905,46.619,505.750,48.167
2293,2293,76.433,655.631,480.565,62.441,45.768,207,1,629,489.500,59.905,46.619,505.750,48.167
2294,2294,76.467,655.494,480.546,62.428,45.766,204,1,629,489.500,59.905,46.619,505.750,48.167
2295,2295,76.500,655.536,480.592,62.432,45.771,205,1,629,489.500,59.905,46.619,505.750,48.167
2296,2296,76.533,655.408,480.536,62.420,45.765,208,1,629,489.500,59.905,46.619,505.750,48.167
2297,2297,76.567,655.247,480.470,62.404,45.759,204,1,629,489.500,59.905,46.619,505.750,48.167
2298,2298,76.600,655.235,480.462,62.403,45.758,204,1,629,489.500,59.905,46.619,505.750,48.167
2299,2299,76.633,655.301,480.546,62.410,45.766,218,1,629,489.500,59.905,46.619,505.750,48.167
2300,2300,76.667,655.292,480.502,62.409,45.762,210,1,629,489.500,59.905,46.619,505.750,48.167
2301,2301,76.700,655.245,480.577,62.404,45.769,213,1,629,489.500,59.905,46.619,505.750,48.167
2302,2302,76.733,655.115,480.367,62.392,45.749,217,1,629,489.500,59.905,46.619,505.750,48.167
2303,2303,76.767,654.935,480.283,62.375,45.741,214,1,629,489.500,59.905,46.619,505.750,48.167
2304,2304,76.800,654.879,480.259,62.369,45.739,217,1,629,489.500,59.905,46.619,505.750,48.167
2305,2305,76.833,654.610,480.201,62.344,45.733,221,1,629,489.500,59.905,46.619,505.750,48.167
2306,2306,76.867,654.707,480.235,62.353,45.737,218,1,629,489.500,59.905,46.619,505.750,48.167
2307,2307,76.900,654.735,480.265,62.356,45.740,217,1,629,489.500,59.905,46.619,505.750,48.167
2308,2308,76.933,654.450,480.090,62.329,45.723,220,1,629,489.500,59.905,46.619,505.750,48.167
2309,2309,76.967,654.754,480.277,62.358,45.741,215,1,629,489.500,59.905,46.619,505.750,48.167
2310,2310,77.000,654.750,480.274,62.357,45.740,215,1,629,489.500,59.905,46.619,505.750,48.167
2311,2311,77.033,654.597,480.320,62.343,45.745,223,1,629,489.500,59.905,46.619,505.750,48.167
2312,2312,77.067,654.555,480.130,62.339,45.727,213,1,629,489.500,59.905,46.619,505.750,48.167
2313,2313,77.100,654.626,480.220,62.345,45.735,215,1,629,489.500,59.905,46.619,505.750,48.167
2314,2314,77.133,654.447,480.227,62.328,45.736,227,1,629,489.500,59.905,46.619,505.750,48.167
2315,2315,77.167,654.434,480.070,62.327,45.721,221,1,629,489.500,59.905,46.619,505.750,48.167
2316,2316,77.200,654.373,480.005,62.321,45.715,223,1,629,489.500,59.905,46.619,505.750,48.167
2317,2317,77.233,654.370,479.977,62.321,45.712,226,1,629,489.500,59.905,46.619,505.750,48.167
2318,2318,77.267,654.244,479.897,62.309,45.704,219,1,629,489.500,59.905,46.619,505.750,48.167
2319,2319,77.300,654.330,479.922,62.317,45.707,220,1,629,489.500,59.905,46.619,505.750,48.167
2320,2320,77.333,654.384,479.947,62.322,45.709,223,1,629,489.500,59.905,46.619,505.750,48.167
2321,2321,77.367,654.531,479.960,62.336,45.710,216,1,629,489.500,59.905,46.619,505.750,48.167
2322,2322,77.400,654.574,479.953,62.340,45.710,215,1,629,489.500,59.905,46.619,505.750,48.167
2323,2323,77.433,654.278,479.818,62.312,45.697,229,1,629,489.500,59.905,46.619,505.750,48.167
2324,2324,77.467,654.388,479.884,62.323,45.703,221,1,629,489.500,59.905,46.619,505.750,48.167
2325,2325,77.500,654.445,479.947,62.328,45.709,223,1,629,489.500,59.905,46.619,505.750,48.167
2326,2326,77.533,654.201,479.782,62.305,45.694,228,1,629,489.500,59.905,46.619,505.750,48.167
2327,2327,77.567,654.404,479.853,62.324,45.700,222,1,629,489.500,59.905,46.619,505.750,48.167
2328,2328,77.600,654.359,479.834,62.320,45.698,220,1,629,489.500,59.905,46.619,505.750,48.167
2329,2329,77.633,654.215,479.707,62.306,45.686,223,1,629,489.500,59.905,46.619,505.750,48.167
2330,2330,77.667,654.245,479.760,62.309,45.691,221,1,629,489.500,59.905,46.619,505.750,48.167
2331,2331,77.700,653.813,479.518,62.268,45.668,230,1,629,489.500,59.905,46.619,505.750,48.167
2332,2332,77.733,653.693,479.396,62.256,45.657,236,1,629,489.500,59.905,46.619,505.750,48.167
2333,2333,77.767,653.727,479.405,62.260,45.658,229,1,629,489.500,59.905,46.619,505.750,48.167
2334,2334,77.800,653.573,479.376,62.245,45.655,228,1,629,489.500,59.905,46.619,505.750,48.167
2335,2335,77.833,653.686,479.554,62.256,45.672,235,1,629,489.500,59.905,46.619,505.750,48.167
2336,2336,77.867,653.538,479.341,62.242,45.651,226,1,629,489.500,59.905,46.619,505.750,48.167
2337,2337,77.900,653.573,479.377,62.245,45.655,227,1,629,489.500,59.905,46.619,505.750,48.167
2338,2338,77.933,653.522,479.360,62.240,45.653,228,1,629,489.500,59.905,46.619,505.750,48.167
2339,2339,77.967,653.448,479.312,62.233,45.649,225,1,629,489.500,59.905,46.619,505.750,48.167
2340,2340,78.000,653.505,479.373,62.239,45.655,223,1,629,489.500,59.905,46.619,505.750,48.167
2341,2341,78.033,653.102,479.293,62.200,45.647,235,1,629,489.500,59.905,46.619,505.750,48.167
2342,2342,78.067,652.644,478.980,62.157,45.617,216,1,629,489.500,59.905,46.619,505.750,48.167
2343,2343,78.100,652.590,478.947,62.151,45.614,217,1,629,489.500,59.905,46.619,505.750,48.167
2344,2344,78.133,652.268,478.880,62.121,45.608,215,1,629,489.500,59.905,46.619,505.750,48.167
2345,2345,78.167,651.838,478.551,62.080,45.576,205,1,629,489.500,59.905,46.619,505.750,48.167
2346,2346,78.200,651.943,478.680,62.090,45.589,202,1,629,489.500,59.905,46.619,505.750,48.167
2347,2347,78.233,651.509,478.433,62.048,45.565,200,1,629,489.500,59.905,46.619,505.750,48.167
2348,2348,78.267,651.494,478.430,62.047,45.565,200,1,629,489.500,59.905,46.619,505.750,48.167
2349,2349,78.300,651.595,478.567,62.057,45.578,202,1,629,489.500,59.905,46.619,505.750,48.167
2350,2350,78.333,651.562,478.525,62.054,45.574,201,1,629,489.500,59.905,46.619,505.750,48.167
2351,2351,78.367,651.702,478.614,62.067,45.582,203,1,629,489.500,59.905,46.619,505.750,48.167
2352,2352,78.400,651.820,478.725,62.078,45.593,205,1,629,489.500,59.905,46.619,505.750,48.167
2353,2353,78.433,651.778,478.646,62.074,45.585,208,1,629,489.500,59.905,46.619,505.750,48.167
2354,2354,78.467,651.838,478.668,62.080,45.587,201,1,629,489.500,59.905,46.619,505.750,48.167
2355,2355,78.500,651.822,478.652,62.078,45.586,199,1,629,489.500,59.905,46.619,505.750,48.167
2356,2356,78.533,651.735,478.543,62.070,45.575,202,1,629,489.500,59.905,46.619,505.750,48.167
2357,2357,78.567,651.831,478.623,62.079,45.583,202,1,629,489.500,59.905,46.619,505.750,48.167
2358,2358,78.600,651.835,478.573,62.080,45.578,201,1,629,489.500,59.905,46.619,505.750,48.167
2359,2359,78.633,652.166,478.701,62.111,45.591,210,1,629,489.500,59.905,46.619,505.750,48.167
2360,2360,78.667,651.839,478.526,62.080,45.574,199,1,629,489.500,59.905,46.619,505.750,48.167
2361,2361,78.700,652.056,478.549,62.101,45.576,198,1,629,489.500,59.905,46.619,505.750,48.167
2362,2362,78.733,651.956,478.432,62.091,45.565,214,1,629,489.500,59.905,46.619,505.750,48.167
2363,2363,78.767,652.082,478.510,62.103,45.572,205,1,629,489.500,59.905,46.619,505.750,48.167
2364,2364,78.800,652.101,478.497,62.105,45.571,203,1,629,489.500,59.905,46.619,505.750,48.167
2365,2365,78.833,652.157,478.558,62.110,45.577,216,1,629,489.500,59.905,46.619,505.750,48.167
2366,2366,78.867,652.153,478.523,62.110,45.574,199,1,629,489.500,59.905,46.619,505.750,48.167
2367,2367,78.900,652.252,478.546,62.119,45.576,197,1,629,489.500,59.905,46.619,505.750,48.167
2368,2368,78.933,651.861,478.257,62.082,45.548,201,1,629,489.500,59.905,46.619,505.750,48.167
2369,2369,78.967,652.192,478.382,62.114,45.560,196,1,629,489.500,59.905,46.619,505.750,48.167
2370,2370,79.000,652.095,478.281,62.104,45.551,199,1,629,489.500,59.905,46.619,505.750,48.167
2371,2371,79.033,652.133,478.358,62.108,45.558,212,1,629,489.500,59.905,46.619,505.750,48.167
2372,2372,79.067,651.836,478.161,62.080,45.539,206,1,629,489.500,59.905,46.619,505.750,48.167
2373,2373,79.100,651.846,478.136,62.081,45.537,204,1,629,489.500,59.905,46.619,505.750,48.167
2374,2374,79.133,651.912,478.053,62.087,45.529,206,1,629,489.500,59.905,46.619,505.750,48.167
2375,2375,79.167,651.913,478.101,62.087,45.533,204,1,629,489.500,59.905,46.619,505.750,48.167
2376,2376,79.200,651.807,478.084,62.077,45.532,201,1,629,489.500,59.905,46.619,505.750,48.167
2377,2377,79.233,651.939,478.116,62.089,45.535,204,1,629,489.500,59.905,46.619,505.750,48.167
2378,2378,79.267,651.998,478.156,62.095,45.539,204,1,629,489.500,59.905,46.619,505.750,48.167
2379,2379,79.300,651.833,478.078,62.079,45.531,205,1,629,489.500,59.905,46.619,505.750,48.167
2380,2380,79.333,651.664,477.946,62.063,45.519,209,1,629,489.500,59.905,46.619,505.750,48.167
2381,2381,79.367,651.696,478.055,62.066,45.529,201,1,629,489.500,59.905,46.619,505.750,48.167
2382,2382,79.400,651.734,478.071,62.070,45.531,202,1,629,489.500,59.905,46.619,505.750,48.167
2383,2383,79.433,651.432,477.981,62.041,45.522,211,1,629,489.500,59.905,46.619,505.750,48.167
2384,2384,79.467,651.450,477.835,62.043,45.508,202,1,629,489.500,59.905,46.619,505.750,48.167
2385,2385,79.500,651.501,477.870,62.048,45.511,201,1,629,489.500,59.905,46.619,505.750,48.167
2386,2386,79.533,651.497,477.823,62.047,45.507,210,1,629,489.500,59.905,46.619,505.750,48.167
2387,2387,79.567,651.400,477.833,62.038,45.508,199,1,629,489.500,59.905,46.619,505.750,48.167
2388,2388,79.600,651.040,477.586,62.004,45.484,206,1,629,489.500,59.905,46.619,505.750,48.167
2389,2389,79.633,651.067,477.577,62.006,45.484,214,1,629,489.500,59.905,46.619,505.750,48.167
2390,2390,79.667,650.721,477.358,61.973,45.463,210,1,629,489.500,59.905,46.619,505.750,48.167
2391,2391,79.700,650.593,477.279,61.961,45.455,214,1,629,489.500,59.905,46.619,505.750,48.167
2392,2392,79.733,650.670,477.281,61.969,45.455,212,1,629,489.500,59.905,46.619,505.750,48.167
2393,2393,79.767,650.692,477.307,61.971,45.458,204,1,629,489.500,59.905,46.619,505.750,48.167
2394,2394,79.800,650.740,477.247,61.975,45.452,204,1,629,489.500,59.905,46.619,505.750,48.167
2395,2395,79.833,650.688,477.244,61.970,45.452,215,1,629,489.500,59.905,46.619,505.750,48.167
2396,2396,79.867,650.742,477.244,61.975,45.452,205,1,629,489.500,59.905,46.619,505.750,48.167
2397,2397,79.900,650.808,477.283,61.982,45.456,205,1,629,489.500,59.905,46.619,505.750,48.167
2398,2398,79.933,650.755,477.221,61.977,45.450,207,1,629,489.500,59.905,46.619,505.750,48.167
2399,2399,79.967,650.704,477.269,61.972,45.454,204,1,629,489.500,59.905,46.619,505.750,48.167
2400,2400,80.000,650.213,476.893,61.925,45.418,212,1,629,489.500,59.905,46.619,505.750,48.167
2401,2401,80.033,650.360,476.744,61.939,45.404,218,1,629,489.500,59.905,46.619,505.750,48.167
2402,2402,80.067,650.416,476.909,61.944,45.420,196,1,629,489.500,59.905,46.619,505.750,48.167
2403,2403,80.100,650.416,476.909,61.944,45.420,196,1,629,489.500,59.905,46.619,505.750,48.167
2404,2404,80.133,650.312,476.755,61.934,45.405,201,1,629,489.500,59.905,46.619,505.750,48.167
2405,2405,80.167,650.314,476.782,61.935,45.408,201,1,629,489.500,59.905,46.619,505.750,48.167
2406,2406,80.200,650.133,476.781,61.917,45.408,202,1,629,489.500,59.905,46.619,505.750,48.167
2407,2407,80.233,650.112,476.752,61.915,45.405,203,1,629,489.500,59.905,46.619,505.750,48.167
2408,2408,80.267,650.116,476.752,61.916,45.405,203,1,629,489.500,59.905,46.619,505.750,48.167
2409,2409,80.300,650.230,476.765,61.927,45.406,206,1,629,489.500,59.905,46.619,505.750,48.167
2410,2410,80.333,650.200,476.625,61.924,45.393,213,1,629,489.500,59.905,46.619,505.750,48.167
2411,2411,80.367,650.136,476.556,61.918,45.386,211,1,629,489.500,59.905,46.619,505.750,48.167
2412,2412,80.400,650.070,476.525,61.911,45.383,212,1,629,489.500,59.905,46.619,505.750,48.167
2413,2413,80.433,650.191,476.594,61.923,45.390,210,1,629,489.500,59.905,46.619,505.750,48.167
2414,2414,80.467,650.173,476.554,61.921,45.386,208,1,629,489.500,59.905,46.619,505.750,48.167
2415,2415,80.500,650.194,476.623,61.923,45.393,201,1,629,489.500,59.905,46.619,505.750,48.167
2416,2416,80.533,650.508,476.803,61.953,45.410,210,1,629,489.500,59.905,46.619,505.750,48.167
2417,2417,80.567,650.252,476.662,61.929,45.396,200,1,629,489.500,59.905,46.619,505.750,48.167
2418,2418,80.600,650.361,476.709,61.939,45.401,197,1,629,489.500,59.905,46.619,505.750,48.167
2419,2419,80.633,651.015,477.180,62.001,45.446,207,1,629,489.500,59.905,46.619,505.750,48.167
2420,2420,80.667,650.753,476.950,61.977,45.424,200,1,629,489.500,59.905,46.619,505.750,48.167
2421,2421,80.700,651.073,477.169,62.007,45.445,206,1,629,489.500,59.905,46.619,505.750,48.167
2422,2422,80.733,650.618,476.934,61.964,45.422,218,1,629,489.500,59.905,46.619,505.750,48.167
2423,2423,80.767,650.769,477.009,61.978,45.429,214,1,629,489.500,59.905,46.619,505.750,48.167
2424,2424,80.800,650.533,476.863,61.955,45.415,215,1,629,489.500,59.905,46.619,505.750,48.167
2425,2425,80.833,650.163,476.710,61.920,45.401,224,1,629,489.500,59.905,46.619,505.750,48.167
2426,2426,80.867,650.211,476.759,61.925,45.406,216,1,629,489.500,59.905,46.619,505.750,48.167
2427,2427,80.900,650.235,476.760,61.927,45.406,217,1,629,489.500,59.905,46.619,505.750,48.167
2428,2428,80.933,650.166,476.728,61.921,45.403,218,1,629,489.500,59.905,46.619,505.750,48.167
2429,2429,80.967,650.301,476.808,61.933,45.410,215,1,629,489.500,59.905,46.619,505.750,48.167
2430,2430,81.000,650.364,476.779,61.939,45.408,218,1,629,489.500,59.905,46.619,505.750,48.167
2431,2431,81.033,650.325,476.766,61.936,45.406,223,1,629,489.500,59.905,46.619,505.750,48.167
2432,2432,81.067,650.529,476.887,61.955,45.418,216,1,629,489.500,59.905,46.619,505.750,48.167
2433,2433,81.100,650.598,476.969,61.962,45.426,215,1,629,489.500,59.905,46.619,505.750,48.167
2434,2434,81.133,650.439,476.846,61.947,45.414,221,1,629,489.500,59.905,46.619,505.750,48.167
2435,2435,81.167,650.306,476.757,61.934,45.405,214,1,629,489.500,59.905,46.619,505.750,48.167
2436,2436,81.200,650.281,476.701,61.931,45.400,216,1,629,489.500,59.905,46.619,505.750,48.167
2437,2437,81.233,650.746,476.974,61.976,45.426,222,1,629,489.500,59.905,46.619,505.750,48.167
2438,2438,81.267,650.733,476.989,61.975,45.428,216,1,629,489.500,59.905,46.619,505.750,48.167
2439,2439,81.300,650.718,476.973,61.973,45.426,218,1,629,489.500,59.905,46.619,505.750,48.167
2440,2440,81.333,650.500,476.815,61.952,45.411,225,1,629,489.500,59.905,46.619,505.750,48.167
2441,2441,81.367,650.706,476.980,61.972,45.427,216,1,629,489.500,59.905,46.619,505.750,48.167
2442,2442,81.400,650.560,476.874,61.958,45.417,221,1,629,489.500,59.905,46.619,505.750,48.167
2443,2443,81.433,650.471,476.811,61.950,45.411,222,1,629,489.500,59.905,46.619,505.750,48.167
2444,2444,81.467,650.875,477.081,61.988,45.436,214,1,629,489.500,59.905,46.619,505.750,48.167
2445,2445,81.500,650.923,477.181,61.993,45.446,213,1,629,489.500,59.905,46.619,505.750,48.167
2446,2446,81.533,651.209,477.365,62.020,45.463,209,1,629,489.500,59.905,46.619,505.750,48.167
2447,2447,81.567,651.445,477.523,62.042,45.478,205,1,629,489.500,59.905,46.619,505.750,48.167
2448,2448,81.600,651.471,477.606,62.045,45.486,206,1,629,489.500,59.905,46.619,505.750,48.167
2449,2449,81.633,651.423,477.639,62.040,45.489,209,1,629,489.500,59.905,46.619,505.750,48.167
2450,2450,81.667,651.558,477.727,62.053,45.498,198,1,629,489.500,59.905,46.619,505.750,48.167
2451,2451,81.700,651.608,477.754,62.058,45.500,199,1,629,489.500,59.905,46.619,505.750,48.167
2452,2452,81.733,651.217,477.505,62.021,45.477,209,1,629,489.500,59.905,46.619,505.750,48.167
2453,2453,81.767,651.292,477.526,62.028,45.479,208,1,629,489.500,59.905,46.619,505.750,48.167
2454,2454,81.800,650.953,477.310,61.995,45.458,213,1,629,489.500,59.905,46.619,505.750,48.167
2455,2455,81.833,650.532,476.989,61.955,45.428,221,1,629,489.500,59.905,46.619,505.750,48.167
2456,2456,81.867,650.746,477.116,61.976,45.440,216,1,629,489.500,59.905,46.619,505.750,48.167
2457,2457,81.900,650.674,477.115,61.969,45.440,208,1,629,489.500,59.905,46.619,505.750,48.167
2458,2458,81.933,650.679,477.121,61.969,45.440,208,1,629,489.500,59.905,46.619,505.750,48.167
2459,2459,81.967,650.699,477.067,61.971,45.435,208,1,629,489.500,59.905,46.619,505.750,48.167
2460,2460,82.000,650.465,476.870,61.949,45.416,214,1,629,489.500,59.905,46.619,505.750,48.167
2461,2461,82.033,651.082,477.319,62.008,45.459,215,1,629,489.500,59.905,46.619,505.750,48.167
2462,2462,82.067,650.947,477.185,61.995,45.446,202,1,629,489.500,59.905,46.619,505.750,48.167
2463,2463,82.100,651.361,477.539,62.034,45.480,200,1,629,489.500,59.905,46.619,505.750,48.167
2464,2464,82.133,651.423,477.511,62.040,45.477,203,1,629,489.500,59.905,46.619,505.750,48.167
2465,2465,82.167,651.621,477.586,62.059,45.484,199,1,629,489.500,59.905,46.619,505.750,48.167
2466,2466,82.200,651.904,477.860,62.086,45.510,192,1,629,489.500,59.905,46.619,505.750,48.167
2467,2467,82.233,651.680,477.707,62.065,45.496,197,1,629,489.500,59.905,46.619,505.750,48.167
2468,2468,82.267,652.042,477.928,62.099,45.517,191,1,629,489.500,59.905,46.619,505.750,48.167
2469,2469,82.300,652.253,478.052,62.119,45.529,187,1,629,489.500,59.905,46.619,505.750,48.167
2470,2470,82.333,652.439,478.186,62.137,45.541,188,1,629,489.500,59.905,46.619,505.750,48.167
2471,2471,82.367,652.522,478.298,62.145,45.552,187,1,629,489.500,59.905,46.619,505.750,48.167
2472,2472,82.400,652.223,478.140,62.116,45.537,196,1,629,489.500,59.905,46.619,505.750,48.167
2473,2473,82.433,652.096,478.166,62.104,45.540,204,1,629,489.500,59.905,46.619,505.750,48.167
2474,2474,82.467,652.225,478.224,62.117,45.545,197,1,629,489.500,59.905,46.619,505.750,48.167
2475,2475,82.500,652.128,478.168,62.107,45.540,200,1,629,489.500,59.905,46.619,505.750,48.167
2476,2476,82.533,651.892,478.253,62.085,45.548,202,1,629,489.500,59.905,46.619,505.750,48.167
2477,2477,82.567,652.216,478.362,62.116,45.558,197,1,629,489.500,59.905,46.619,505.750,48.167
2478,2478,82.600,652.079,478.315,62.103,45.554,199,1,629,489.500,59.905,46.619,505.750,48.167
2479,2479,82.633,652.147,478.490,62.109,45.571,204,1,629,489.500,59.905,46.619,505.750,48.167
2480,2480,82.667,652.216,478.418,62.116,45.564,197,1,629,489.500,59.905,46.619,505.750,48.167
2481,2481,82.700,652.231,478.467,62.117,45.568,198,1,629,489.500,59.905,46.619,505.750,48.167
2482,2482,82.733,652.213,478.462,62.116,45.568,212,1,629,489.500,59.905,46.619,505.750,48.167
2483,2483,82.767,652.238,478.618,62.118,45.583,208,1,629,489.500,59.905,46.619,505.750,48.167
2484,2484,82.800,652.077,478.560,62.103,45.577,212,1,629,489.500,59.905,46.619,505.750,48.167
2485,2485,82.833,652.248,478.576,62.119,45.579,209,1,629,489.500,59.905,46.619,505.750,48.167
2486,2486,82.867,652.291,478.580,62.123,45.579,206,1,629,489.500,59.905,46.619,505.750,48.167
2487,2487,82.900,652.432,478.628,62.136,45.584,204,1,629,489.500,59.905,46.619,505.750,48.167
2488,2488,82.933,652.756,478.746,62.167,45.595,212,1,629,489.500,59.905,46.619,505.750,48.167
2489,2489,82.967,652.793,478.851,62.171,45.605,205,1,629,489.500,59.905,46.619,505.750,48.167
2490,2490,83.000,652.830,478.866,62.174,45.606,206,1,629,489.500,59.905,46.619,505.750,48.167
2491,2491,83.033,652.893,478.849,62.180,45.605,207,1,629,489.500,59.905,46.619,505.750,48.167
2492,2492,83.067,652.952,478.887,62.186,45.608,205,1,629,489.500,59.905,46.619,505.750,48.167
2493,2493,83.100,653.111,479.005,62.201,45.620,201,1,629,489.500,59.905,46.619,505.750,48.167
2494,2494,83.133,653.190,478.937,62.209,45.613,211,1,629,489.500,59.905,46.619,505.750,48.167
2495,2495,83.167,653.125,479.007,62.202,45.620,209,1,629,489.500,59.905,46.619,505.750,48.167
2496,2496,83.200,653.301,478.973,62.219,45.617,200,1,629,489.500,59.905,46.619,505.750,48.167
2497,2497,83.233,653.150,478.974,62.205,45.617,205,1,629,489.500,59.905,46.619,505.750,48.167
2498,2498,83.267,653.078,478.952,62.198,45.614,205,1,629,489.500,59.905,46.619,505.750,48.167
2499,2499,83.300,652.904,478.888,62.181,45.608,205,1,629,489.500,59.905,46.619,505.750,48.167
2500,2500,83.333,652.885,478.816,62.180,45.602,208,1,629,489.500,59.905,46.619,505.750,48.167
2501,2501,83.367,652.817,478.723,62.173,45.593,205,1,629,489.500,59.905,46.619,505.750,48.167
2502,2502,83.400,653.004,478.840,62.191,45.604,209,1,629,489.500,59.905,46.619,505.750,48.167
2503,2503,83.433,653.040,478.670,62.194,45.588,213,1,629,489.500,59.905,46.619,505.750,48.167
2504,2504,83.467,652.942,478.592,62.185,45.580,203,1,629,489.500,59.905,46.619,505.750,48.167
2505,2505,83.500,653.090,478.591,62.199,45.580,207,1,629,489.500,59.905,46.619,505.750,48.167
2506,2506,83.533,653.102,478.554,62.200,45.577,209,1,629,489.500,59.905,46.619,505.750,48.167
2507,2507,83.567,653.228,478.523,62.212,45.574,202,1,629,489.500,59.905,46.619,505.750,48.167
2508,2508,83.600,653.308,478.613,62.220,45.582,201,1,629,489.500,59.905,46.619,505.750,48.167
2509,2509,83.633,653.211,478.567,62.211,45.578,214,1,629,489.500,59.905,46.619,505.750,48.167
2510,2510,83.667,653.189,478.352,62.208,45.557,204,1,629,489.500,59.905,46.619,505.750,48.167
2511,2511,83.700,653.509,478.512,62.239,45.573,204,1,629,489.500,59.905,46.619,505.750,48.167
2512,2512,83.733,653.724,478.635,62.259,45.584,212,1,629,489.500,59.905,46.619,505.750,48.167
2513,2513,83.767,653.552,478.567,62.243,45.578,206,1,629,489.500,59.905,46.619,505.750,48.167
2514,2514,83.800,653.069,478.497,62.197,45.571,206,1,629,489.500,59.905,46.619,505.750,48.167
2515,2515,83.833,653.295,478.662,62.219,45.587,215,1,629,489.500,59.905,46.619,505.750,48.167
2516,2516,83.867,653.531,478.874,62.241,45.607,206,1,629,489.500,59.905,46.619,505.750,48.167
2517,2517,83.900,653.609,478.932,62.248,45.613,204,1,629,489.500,59.905,46.619,505.750,48.167
2518,2518,83.933,653.986,479.046,62.284,45.623,208,1,629,489.500,59.905,46.619,505.750,48.167
2519,2519,83.967,653.852,479.016,62.272,45.621,203,1,629,489.500,59.905,46.619,505.750,48.167
2520,2520,84.000,653.951,479.029,62.281,45.622,202,1,629,489.500,59.905,46.619,505.750,48.167
2521,2521,84.033,654.943,479.657,62.375,45.682,219,1,629,489.500,59.905,46.619,505.750,48.167
2522,2522,84.067,654.869,479.610,62.369,45.677,208,1,629,489.500,59.905,46.619,505.750,48.167
2523,2523,84.100,654.829,479.583,62.365,45.675,209,1,629,489.500,59.905,46.619,505.750,48.167
2524,2524,84.133,654.932,479.611,62.374,45.677,217,1,629,489.500,59.905,46.619,505.750,48.167
2525,2525,84.167,654.926,479.605,62.374,45.677,214,1,629,489.500,59.905,46.619,505.750,48.167
2526,2526,84.200,655.410,479.809,62.420,45.696,212,1,629,489.500,59.905,46.619,505.750,48.167
2527,2527,84.233,655.407,479.707,62.420,45.686,213,1,629,489.500,59.905,46.619,505.750,48.167
2528,2528,84.267,655.409,479.707,62.420,45.686,213,1,629,489.500,59.905,46.619,505.750,48.167
2529,2529,84.300,656.265,480.086,62.501,45.722,212,1,629,489.500,59.905,46.619,505.750,48.167
2530,2530,84.333,656.279,480.062,62.503,45.720,216,1,629,489.500,59.905,46.619,505.750,48.167
2531,2531,84.367,656.279,480.062,62.503,45.720,216,1,629,489.500,59.905,46.619,505.750,48.167
2532,2532,84.400,656.239,479.980,62.499,45.712,214,1,629,489.500,59.905,46.619,505.750,48.167
2533,2533,84.433,656.486,480.142,62.522,45.728,216,1,629,489.500,59.905,46.619,505.750,48.167
2534,2534,84.467,656.629,480.160,62.536,45.730,210,1,629,489.500,59.905,46.619,505.750,48.167
2535,2535,84.500,656.756,480.216,62.548,45.735,207,1,629,489.500,59.905,46.619,505.750,48.167
2536,2536,84.533,656.546,480.128,62.528,45.727,219,1,629,489.500,59.905,46.619,505.750,48.167
2537,2537,84.567,656.446,480.109,62.519,45.725,214,1,629,489.500,59.905,46.619,505.750,48.167
2538,2538,84.600,656.634,480.102,62.537,45.724,211,1,629,489.500,59.905,46.619,505.750,48.167
2539,2539,84.633,656.637,480.156,62.537,45.729,220,1,629,489.500,59.905,46.619,505.750,48.167
2540,2540,84.667,656.513,480.021,62.525,45.716,216,1,629,489.500,59.905,46.619,505.750,48.167
2541,2541,84.700,656.664,480.110,62.539,45.725,212,1,629,489.500,59.905,46.619,505.750,48.167
2542,2542,84.733,656.592,480.100,62.533,45.724,216,1,629,489.500,59.905,46.619,505.750,48.167
2543,2543,84.767,656.769,480.045,62.549,45.719,214,1,629,489.500,59.905,46.619,505.750,48.167
2544,2544,84.800,656.749,480.154,62.548,45.729,215,1,629,489.500,59.905,46.619,505.750,48.167
2545,2545,84.833,656.614,480.142,62.535,45.728,219,1,629,489.500,59.905,46.619,505.750,48.167
2546,2546,84.867,656.733,480.152,62.546,45.729,217,1,629,489.500,59.905,46.619,505.750,48.167
2547,2547,84.900,656.736,480.155,62.546,45.729,217,1,629,489.500,59.905,46.619,505.750,48.167
2548,2548,84.933,656.515,480.168,62.525,45.730,222,1,629,489.500,59.905,46.619,505.750,48.167
2549,2549,84.967,656.671,480.243,62.540,45.737,213,1,629,489.500,59.905,46.619,505.750,48.167
2550,2550,85.000,656.798,480.195,62.552,45.733,214,1,629,489.500,59.905,46.619,505.750,48.167
2551,2551,85.033,657.045,480.344,62.576,45.747,217,1,629,489.500,59.905,46.619,505.750,48.167
2552,2552,85.067,657.012,480.207,62.573,45.734,211,1,629,489.500,59.905,46.619,505.750,48.167
2553,2553,85.100,657.069,480.287,62.578,45.742,209,1,629,489.500,59.905,46.619,505.750,48.167
2554,2554,85.133,657.104,480.354,62.581,45.748,215,1,629,489.500,59.905,46.619,505.750,48.167
2555,2555,85.167,656.730,480.031,62.546,45.717,200,1,629,489.500,59.905,46.619,505.750,48.167
2556,2556,85.200,656.717,480.182,62.544,45.732,203,1,629,489.500,59.905,46.619,505.750,48.167
2557,2557,85.233,656.800,480.267,62.552,45.740,206,1,629,489.500,59.905,46.619,505.750,48.167
2558,2558,85.267,656.809,480.277,62.553,45.741,201,1,629,489.500,59.905,46.619,505.750,48.167
2559,2559,85.300,656.421,480.289,62.516,45.742,205,1,629,489.500,59.905,46.619,505.750,48.167
2560,2560,85.333,656.097,480.296,62.485,45.742,213,1,629,489.500,59.905,46.619,505.750,48.167
2561,2561,85.367,656.285,480.363,62.503,45.749,208,1,629,489.500,59.905,46.619,505.750,48.167
2562,2562,85.400,656.231,480.391,62.498,45.751,210,1,629,489.500,59.905,46.619,505.750,48.167
2563,2563,85.433,656.153,480.414,62.491,45.754,211,1,629,489.500,59.905,46.619,505.750,48.167
2564,2564,85.467,656.215,480.488,62.497,45.761,212,1,629,489.500,59.905,46.619,505.750,48.167
2565,2565,85.500,656.202,480.493,62.495,45.761,212,1,629,489.500,59.905,46.619,505.750,48.167
2566,2566,85.533,656.056,480.555,62.482,45.767,215,1,629,489.500,59.905,46.619,505.750,48.167
2567,2567,85.567,656.008,480.485,62.477,45.760,211,1,629,489.500,59.905,46.619,505.750,48.167
2568,2568,85.600,655.938,480.521,62.470,45.764,206,1,629,489.500,59.905,46.619,505.750,48.167
2569,2569,85.633,656.007,480.551,62.477,45.767,209,1,629,489.500,59.905,46.619,505.750,48.167
2570,2570,85.667,655.900,480.476,62.467,45.760,207,1,629,489.500,59.905,46.619,505.750,48.167
2571,2571,85.700,655.795,480.575,62.457,45.769,206,1,629,489.500,59.905,46.619,505.750,48.167
2572,2572,85.733,655.797,480.640,62.457,45.775,209,1,629,489.500,59.905,46.619,505.750,48.167
2573,2573,85.767,655.405,480.367,62.420,45.749,199,1,629,489.500,59.905,46.619,505.750,48.167
2574,2574,85.800,655.234,480.495,62.403,45.761,198,1,629,489.500,59.905,46.619,505.750,48.167
2575,2575,85.833,655.122,480.524,62.393,45.764,202,1,629,489.500,59.905,46.619,505.750,48.167
2576,2576,85.867,655.123,480.561,62.393,45.768,203,1,629,489.500,59.905,46.619,505.750,48.167
2577,2577,85.900,654.950,480.558,62.376,45.767,196,1,629,489.500,59.905,46.619,505.750,48.167
2578,2578,85.933,654.890,480.646,62.371,45.776,202,1,629,489.500,59.905,46.619,505.750,48.167
2579,2579,85.967,654.637,480.596,62.346,45.771,194,1,629,489.500,59.905,46.619,505.750,48.167
2580,2580,86.000,654.585,480.730,62.341,45.784,195,1,629,489.500,59.905,46.619,505.750,48.167
2581,2581,86.033,654.844,480.969,62.366,45.807,201,1,629,489.500,59.905,46.619,505.750,48.167
2582,2582,86.067,654.707,480.763,62.353,45.787,191,1,629,489.500,59.905,46.619,505.750,48.167
2583,2583,86.100,654.663,480.795,62.349,45.790,192,1,629,489.500,59.905,46.619,505.750,48.167
2584,2584,86.133,654.680,480.777,62.350,45.788,192,1,629,489.500,59.905,46.619,505.750,48.167
2585,2585,86.167,654.707,480.745,62.353,45.785,191,1,629,489.500,59.905,46.619,505.750,48.167
2586,2586,86.200,654.741,480.833,62.356,45.794,190,1,629,489.500,59.905,46.619,505.750,48.167
2587,2587,86.233,654.763,481.027,62.358,45.812,200,1,629,489.500,59.905,46.619,505.750,48.167
2588,2588,86.267,654.920,480.867,62.373,45.797,192,1,629,489.500,59.905,46.619,505.750,48.167
2589,2589,86.300,655.020,480.854,62.383,45.796,194,1,629,489.500,59.905,46.619,505.750,48.167
2590,2590,86.333,655.171,480.805,62.397,45.791,198,1,629,489.500,59.905,46.619,505.750,48.167
2591,2591,86.367,655.180,480.558,62.398,45.767,188,1,629,489.500,59.905,46.619,505.750,48.167
2592,2592,86.400,655.000,480.576,62.381,45.769,191,1,629,489.500,59.905,46.619,505.750,48.167
2593,2593,86.433,655.015,480.526,62.382,45.764,194,1,629,489.500,59.905,46.619,505.750,48.167
2594,2594,86.467,655.037,480.514,62.384,45.763,196,1,629,489.500,59.905,46.619,505.750,48.167
2595,2595,86.500,655.116,480.562,62.392,45.768,197,1,629,489.500,59.905,46.619,505.750,48.167
2596,2596,86.533,654.974,480.592,62.379,45.771,194,1,629,489.500,59.905,46.619,505.750,48.167
2597,2597,86.567,654.799,480.524,62.362,45.764,194,1,629,489.500,59.905,46.619,505.750,48.167
2598,2598,86.600,654.608,480.630,62.344,45.774,199,1,629,489.500,59.905,46.619,505.750,48.167
2599,2599,86.633,654.825,480.702,62.364,45.781,204,1,629,489.500,59.905,46.619,505.750,48.167
2600,2600,86.667,654.786,480.584,62.361,45.770,198,1,629,489.500,59.905,46.619,505.750,48.167
2601,2601,86.700,654.956,480.384,62.377,45.751,195,1,629,489.500,59.905,46.619,505.750,48.167
2602,2602,86.733,654.989,480.407,62.380,45.753,196,1,629,489.500,59.905,46.619,505.750,48.167
2603,2603,86.767,654.906,480.358,62.372,45.748,189,1,629,489.500,59.905,46.619,505.750,48.167
2604,2604,86.800,654.756,480.363,62.358,45.749,191,1,629,489.500,59.905,46.619,505.750,48.167
2605,2605,86.833,654.680,480.312,62.350,45.744,193,1,629,489.500,59.905,46.619,505.750,48.167
2606,2606,86.867,654.884,480.184,62.370,45.732,187,1,629,489.500,59.905,46.619,505.750,48.167
2607,2607,86.900,654.761,480.252,62.358,45.738,190,1,629,489.500,59.905,46.619,505.750,48.167
2608,2608,86.933,654.429,480.391,62.327,45.752,197,1,629,489.500,59.905,46.619,505.750,48.167
2609,2609,86.967,654.457,480.349,62.329,45.748,195,1,629,489.500,59.905,46.619,505.750,48.167
2610,2610,87.000,654.332,480.322,62.317,45.745,192,1,629,489.500,59.905,46.619,505.750,48.167
2611,2611,87.033,654.527,480.463,62.336,45.758,201,1,629,489.500,59.905,46.619,505.750,48.167
2612,2612,87.067,654.235,480.432,62.308,45.755,190,1,629,489.500,59.905,46.619,505.750,48.167
2613,2613,87.100,653.973,480.747,62.283,45.785,208,1,629,489.500,59.905,46.619,505.750,48.167
2614,2614,87.133,653.926,480.781,62.279,45.789,209,1,629,489.500,59.905,46.619,505.750,48.167
2615,2615,87.167,653.994,480.740,62.285,45.785,207,1,629,489.500,59.905,46.619,505.750,48.167
2616,2616,87.200,653.793,480.990,62.266,45.809,204,1,629,489.500,59.905,46.619,505.750,48.167
2617,2617,87.233,653.694,481.036,62.257,45.813,213,1,629,489.500,59.905,46.619,505.750,48.167
2618,2618,87.267,653.763,480.927,62.263,45.803,207,1,629,489.500,59.905,46.619,505.750,48.167
2619,2619,87.300,653.570,481.031,62.245,45.812,205,1,629,489.500,59.905,46.619,505.750,48.167
2620,2620,87.333,653.502,481.264,62.238,45.835,213,1,629,489.500,59.905,46.619,505.750,48.167
2621,2621,87.367,653.430,481.204,62.231,45.829,209,1,629,489.500,59.905,46.619,505.750,48.167
2622,2622,87.400,653.506,481.127,62.239,45.822,209,1,629,489.500,59.905,46.619,505.750,48.167
2623,2623,87.433,653.850,481.139,62.271,45.823,219,1,629,489.500,59.905,46.619,505.750,48.167
2624,2624,87.467,653.436,481.111,62.232,45.820,206,1,629,489.500,59.905,46.619,505.750,48.167
2625,2625,87.500,653.536,481.127,62.242,45.822,204,1,629,489.500,59.905,46.619,505.750,48.167
2626,2626,87.533,653.538,481.237,62.242,45.832,208,1,629,489.500,59.905,46.619,505.750,48.167
2627,2627,87.567,653.475,481.158,62.236,45.825,205,1,629,489.500,59.905,46.619,505.750,48.167
2628,2628,87.600,653.169,481.084,62.207,45.818,199,1,629,489.500,59.905,46.619,505.750,48.167
2629,2629,87.633,652.964,481.081,62.187,45.817,197,1,629,489.500,59.905,46.619,505.750,48.167
2630,2630,87.667,652.918,481.045,62.183,45.814,195,1,629,489.500,59.905,46.619,505.750,48.167
2631,2631,87.700,652.627,481.184,62.155,45.827,195,1,629,489.500,59.905,46.619,505.750,48.167
2632,2632,87.733,652.327,481.240,62.126,45.832,195,1,629,489.500,59.905,46.619,505.750,48.167
2633,2633,87.767,652.268,481.271,62.121,45.835,188,1,629,489.500,59.905,46.619,505.750,48.167
2634,2634,87.800,652.226,481.298,62.117,45.838,190,1,629,489.500,59.905,46.619,505.750,48.167
2635,2635,87.833,651.922,481.548,62.088,45.862,196,1,629,489.500,59.905,46.619,505.750,48.167
2636,2636,87.867,651.695,481.763,62.066,45.882,186,1,629,489.500,59.905,46.619,505.750,48.167
2637,2637,87.900,651.604,481.646,62.058,45.871,189,1,629,489.500,59.905,46.619,505.750,48.167
2638,2638,87.933,651.507,481.703,62.048,45.876,192,1,629,489.500,59.905,46.619,505.750,48.167
2639,2639,87.967,651.368,481.756,62.035,45.881,186,1,629,489.500,59.905,46.619,505.750,48.167
2640,2640,88.000,651.403,481.748,62.038,45.881,187,1,629,489.500,59.905,46.619,505.750,48.167
2641,2641,88.033,651.367,482.299,62.035,45.933,202,1,629,489.500,59.905,46.619,505.750,48.167
2642,2642,88.067,651.648,481.999,62.062,45.905,188,1,629,489.500,59.905,46.619,505.750,48.167
2643,2643,88.100,651.785,481.959,62.075,45.901,190,1,629,489.500,59.905,46.619,505.750,48.167
2644,2644,88.133,651.627,482.191,62.060,45.923,195,1,629,489.500,59.905,46.619,505.750,48.167
2645,2645,88.167,651.660,482.147,62.063,45.919,193,1,629,489.500,59.905,46.619,505.750,48.167
2646,2646,88.200,651.670,482.022,62.064,45.907,198,1,629,489.500,59.905,46.619,505.750,48.167
2647,2647,88.233,651.537,481.900,62.051,45.895,202,1,629,489.500,59.905,46.619,505.750,48.167
2648,2648,88.267,651.522,481.875,62.050,45.893,198,1,629,489.500,59.905,46.619,505.750,48.167
2649,2649,88.300,651.529,481.834,62.050,45.889,198,1,629,489.500,59.905,46.619,505.750,48.167
2650,2650,88.333,651.603,481.635,62.057,45.870,204,1,629,489.500,59.905,46.619,505.750,48.167
2651,2651,88.367,651.585,481.552,62.056,45.862,203,1,629,489.500,59.905,46.619,505.750,48.167
2652,2652,88.400,651.405,481.523,62.039,45.859,199,1,629,489.500,59.905,46.619,505.750,48.167
2653,2653,88.433,651.252,481.502,62.024,45.857,201,1,629,489.500,59.905,46.619,505.750,48.167
2654,2654,88.467,651.646,481.142,62.062,45.823,192,1,629,489.500,59.905,46.619,505.750,48.167
2655,2655,88.500,651.713,480.979,62.068,45.808,188,1,629,489.500,59.905,46.619,505.750,48.167
2656,2656,88.533,651.844,480.910,62.080,45.801,196,1,629,489.500,59.905,46.619,505.750,48.167
2657,2657,88.567,652.017,480.661,62.097,45.777,183,1,629,489.500,59.905,46.619,505.750,48.167
2658,2658,88.600,651.656,480.925,62.063,45.802,191,1,629,489.500,59.905,46.619,505.750,48.167
2659,2659,88.633,651.517,480.995,62.049,45.809,196,1,629,489.500,59.905,46.619,505.750,48.167
2660,2660,88.667,651.635,480.763,62.061,45.787,188,1,629,489.500,59.905,46.619,505.750,48.167
2661,2661,88.700,651.644,480.748,62.061,45.786,188,1,629,489.500,59.905,46.619,505.750,48.167
2662,2662,88.733,651.455,480.830,62.043,45.793,190,1,629,489.500,59.905,46.619,505.750,48.167
2663,2663,88.767,651.468,480.830,62.045,45.793,189,1,629,489.500,59.905,46.619,505.750,48.167
2664,2664,88.800,651.439,480.856,62.042,45.796,190,1,629,489.500,59.905,46.619,505.750,48.167
2665,2665,88.833,650.934,481.157,61.994,45.824,192,1,629,489.500,59.905,46.619,505.750,48.167
2666,2666,88.867,650.944,481.152,61.995,45.824,192,1,629,489.500,59.905,46.619,505.750,48.167
2667,2667,88.900,650.844,481.413,61.985,45.849,192,1,629,489.500,59.905,46.619,505.750,48.167
2668,2668,88.933,650.667,481.560,61.968,45.863,192,1,629,489.500,59.905,46.619,505.750,48.167
2669,2669,88.967,650.672,481.701,61.969,45.876,187,1,629,489.500,59.905,46.619,505.750,48.167
2670,2670,89.000,650.491,481.800,61.952,45.886,185,1,629,489.500,59.905,46.619,505.750,48.167
2671,2671,89.033,650.354,481.833,61.938,45.889,192,1,629,489.500,59.905,46.619,505.750,48.167
2672,2672,89.067,650.168,482.047,61.921,45.909,186,1,629,489.500,59.905,46.619,505.750,48.167
2673,2673,89.100,650.202,482.041,61.924,45.909,186,1,629,489.500,59.905,46.619,505.750,48.167
2674,2674,89.133,650.318,482.019,61.935,45.907,194,1,629,489.500,59.905,46.619,505.750,48.167
2675,2675,89.167,649.823,482.219,61.888,45.926,185,1,629,489.500,59.905,46.619,505.750,48.167
2676,2676,89.200,649.880,482.144,61.893,45.919,185,1,629,489.500,59.905,46.619,505.750,48.167
2677,2677,89.233,649.642,482.559,61.871,45.958,194,1,629,489.500,59.905,46.619,505.750,48.167
2678,2678,89.267,649.657,482.604,61.872,45.962,181,1,629,489.500,59.905,46.619,505.750,48.167
2679,2679,89.300,649.627,482.610,61.869,45.963,181,1,629,489.500,59.905,46.619,505.750,48.167
2680,2680,89.333,649.394,482.892,61.847,45.990,188,1,629,489.500,59.905,46.619,505.750,48.167
2681,2681,89.367,649.185,483.090,61.827,46.009,193,1,629,489.500,59.905,46.619,505.750,48.167
2682,2682,89.400,649.183,483.094,61.827,46.009,193,1,629,489.500,59.905,46.619,505.750,48.167
2683,2683,89.433,649.281,482.942,61.836,45.994,197,1,629,489.500,59.905,46.619,505.750,48.167
2684,2684,89.467,649.378,483.111,61.846,46.011,183,1,629,489.500,59.905,46.619,505.750,48.167
2685,2685,89.500,649.406,483.115,61.848,46.011,185,1,629,489.500,59.905,46.619,505.750,48.167
2686,2686,89.533,648.955,483.584,61.805,46.056,191,1,629,489.500,59.905,46.619,505.750,48.167
2687,2687,89.567,648.889,483.635,61.799,46.060,185,1,629,489.500,59.905,46.619,505.750,48.167
2688,2688,89.600,648.714,483.728,61.782,46.069,182,1,629,489.500,59.905,46.619,505.750,48.167
2689,2689,89.633,648.734,483.847,61.784,46.081,188,1,629,489.500,59.905,46.619,505.750,48.167
2690,2690,89.667,648.873,483.608,61.797,46.058,183,1,629,489.500,59.905,46.619,505.750,48.167
2691,2691,89.700,648.647,483.703,61.776,46.067,179,1,629,489.500,59.905,46.619,505.750,48.167
2692,2692,89.733,648.741,483.711,61.785,46.068,193,1,629,489.500,59.905,46.619,505.750,48.167
2693,2693,89.767,648.536,483.915,61.765,46.087,179,1,629,489.500,59.905,46.619,505.750,48.167
2694,2694,89.800,648.536,483.915,61.765,46.087,179,1,629,489.500,59.905,46.619,505.750,48.167
2695,2695,89.833,648.334,483.993,61.746,46.095,192,1,629,489.500,59.905,46.619,505.750,48.167
2696,2696,89.867,648.512,483.870,61.763,46.083,181,1,629,489.500,59.905,46.619,505.750,48.167
2697,2697,89.900,648.547,483.807,61.766,46.077,180,1,629,489.500,59.905,46.619,505.750,48.167
2698,2698,89.933,648.550,483.804,61.767,46.077,197,1,629,489.500,59.905,46.619,505.750,48.167
2699,2699,89.967,648.460,484.058,61.758,46.101,189,1,629,489.500,59.905,46.619,505.750,48.167
2700,2700,90.000,648.421,484.072,61.754,46.102,188,1,629,489.500,59.905,46.619,505.750,48.167
2701,2701,90.033,648.382,484.093,61.751,46.104,182,1,629,489.500,59.905,46.619,505.750,48.167
2702,2702,90.067,648.477,484.025,61.760,46.098,179,1,629,489.500,59.905,46.619,505.750,48.167
2703,2703,90.100,648.686,483.944,61.780,46.090,184,1,629,489.500,59.905,46.619,505.750,48.167
2704,2704,90.133,648.391,484.014,61.752,46.097,194,1,629,489.500,59.905,46.619,505.750,48.167
2705,2705,90.167,648.445,483.985,61.757,46.094,192,1,629,489.500,59.905,46.619,505.750,48.167
2706,2706,90.200,648.384,483.909,61.751,46.087,194,1,629,489.500,59.905,46.619,505.750,48.167
2707,2707,90.233,648.476,483.942,61.760,46.090,196,1,629,489.500,59.905,46.619,505.750,48.167
2708,2708,90.267,648.404,483.974,61.753,46.093,192,1,629,489.500,59.905,46.619,505.750,48.167
2709,2709,90.300,648.404,483.974,61.753,46.093,192,1,629,489.500,59.905,46.619,505.750,48.167
2710,2710,90.333,648.280,483.979,61.741,46.093,200,1,629,489.500,59.905,46.619,505.750,48.167
2711,2711,90.367,648.245,484.118,61.738,46.107,197,1,629,489.500,59.905,46.619,505.750,48.167
2712,2712,90.400,648.293,484.042,61.742,46.099,198,1,629,489.500,59.905,46.619,505.750,48.167
2713,2713,90.433,648.395,483.805,61.752,46.077,199,1,629,489.500,59.905,46.619,505.750,48.167
2714,2714,90.467,648.633,483.633,61.775,46.060,192,1,629,489.500,59.905,46.619,505.750,48.167
2715,2715,90.500,648.661,483.565,61.777,46.054,191,1,629,489.500,59.905,46.619,505.750,48.167
2716,2716,90.533,648.565,483.418,61.768,46.040,200,1,629,489.500,59.905,46.619,505.750,48.167
2717,2717,90.567,648.376,483.457,61.750,46.044,187,1,629,489.500,59.905,46.619,505.750,48.167
2718,2718,90.600,648.397,483.582,61.752,46.055,189,1,629,489.500,59.905,46.619,505.750,48.167
2719,2719,90.633,648.494,483.372,61.761,46.035,197,1,629,489.500,59.905,46.619,505.750,48.167
2720,2720,90.667,648.530,483.279,61.765,46.027,195,1,629,489.500,59.905,46.619,505.750,48.167
2721,2721,90.700,648.403,483.373,61.753,46.036,191,1,629,489.500,59.905,46.619,505.750,48.167
2722,2722,90.733,648.359,483.462,61.748,46.044,194,1,629,489.500,59.905,46.619,505.750,48.167
2723,2723,90.767,648.458,483.239,61.758,46.023,189,1,629,489.500,59.905,46.619,505.750,48.167
2724,2724,90.800,648.433,483.267,61.756,46.025,190,1,629,489.500,59.905,46.619,505.750,48.167
2725,2725,90.833,648.431,483.123,61.755,46.012,202,1,629,489.500,59.905,46.619,505.750,48.167
2726,2726,90.867,648.339,483.004,61.747,46.000,188,1,629,489.500,59.905,46.619,505.750,48.167
2727,2727,90.900,648.197,483.110,61.733,46.010,187,1,629,489.500,59.905,46.619,505.750,48.167
2728,2728,90.933,648.294,482.997,61.742,46.000,193,1,629,489.500,59.905,46.619,505.750,48.167
2729,2729,90.967,648.123,483.043,61.726,46.004,191,1,629,489.500,59.905,46.619,505.750,48.167
2730,2730,91.000,648.123,483.043,61.726,46.004,191,1,629,489.500,59.905,46.619,505.750,48.167
2731,2731,91.033,648.033,483.032,61.717,46.003,199,1,629,489.500,59.905,46.619,505.750,48.167
2732,2732,91.067,647.894,483.206,61.704,46.020,197,1,629,489.500,59.905,46.619,505.750,48.167
2733,2733,91.100,647.861,483.256,61.701,46.024,198,1,629,489.500,59.905,46.619,505.750,48.167
2734,2734,91.133,647.778,483.282,61.693,46.027,199,1,629,489.500,59.905,46.619,505.750,48.167
2735,2735,91.167,648.026,482.962,61.717,45.996,194,1,629,489.500,59.905,46.619,505.750,48.167
2736,2736,91.200,647.989,482.882,61.713,45.989,192,1,629,489.500,59.905,46.619,505.750,48.167
2737,2737,91.233,647.674,483.185,61.683,46.018,204,1,629,489.500,59.905,46.619,505.750,48.167
2738,2738,91.267,647.645,483.104,61.680,46.010,193,1,629,489.500,59.905,46.619,505.750,48.167
2739,2739,91.300,647.638,483.108,61.680,46.010,193,1,629,489.500,59.905,46.619,505.750,48.167
2740,2740,91.333,647.473,483.334,61.664,46.032,197,1,629,489.500,59.905,46.619,505.750,48.167
2741,2741,91.367,647.487,483.287,61.665,46.027,193,1,629,489.500,59.905,46.619,505.750,48.167
2742,2742,91.400,647.515,483.236,61.668,46.022,192,1,629,489.500,59.905,46.619,505.750,48.167
2743,2743,91.433,647.666,483.218,61.682,46.021,199,1,629,489.500,59.905,46.619,505.750,48.167
2744,2744,91.467,647.548,483.349,61.671,46.033,192,1,629,489.500,59.905,46.619,505.750,48.167
2745,2745,91.500,647.618,483.343,61.678,46.033,188,1,629,489.500,59.905,46.619,505.750,48.167
2746,2746,91.533,647.413,483.470,61.658,46.045,200,1,629,489.500,59.905,46.619,505.750,48.167
2747,2747,91.567,647.686,483.130,61.684,46.012,190,1,629,489.500,59.905,46.619,505.750,48.167
2748,2748,91.600,647.541,483.384,61.671,46.037,191,1,629,489.500,59.905,46.619,505.750,48.167
2749,2749,91.633,647.785,483.216,61.694,46.021,204,1,629,489.500,59.905,46.619,505.750,48.167
2750,2750,91.667,647.699,483.113,61.686,46.011,188,1,629,489.500,59.905,46.619,505.750,48.167
2751,2751,91.700,647.550,483.570,61.671,46.054,191,1,629,489.500,59.905,46.619,505.750,48.167
2752,2752,91.733,647.700,483.424,61.686,46.040,191,1,629,489.500,59.905,46.619,505.750,48.167
2753,2753,91.767,647.692,483.543,61.685,46.052,190,1,629,489.500,59.905,46.619,505.750,48.167
2754,2754,91.800,647.782,483.408,61.694,46.039,187,1,629,489.500,59.905,46.619,505.750,48.167
2755,2755,91.833,647.524,484.018,61.669,46.097,198,1,629,489.500,59.905,46.619,505.750,48.167
2756,2756,91.867,647.774,483.866,61.693,46.082,197,1,629,489.500,59.905,46.619,505.750,48.167
2757,2757,91.900,647.691,483.909,61.685,46.087,194,1,629,489.500,59.905,46.619,505.750,48.167
2758,2758,91.933,647.795,484.062,61.695,46.101,206,1,629,489.500,59.905,46.619,505.750,48.167
2759,2759,91.967,647.835,484.009,61.699,46.096,193,1,629,489.500,59.905,46.619,505.750,48.167
2760,2760,92.000,647.838,484.018,61.699,46.097,193,1,629,489.500,59.905,46.619,505.750,48.167
2761,2761,92.033,648.039,484.209,61.718,46.115,196,1,629,489.500,59.905,46.619,505.750,48.167
2762,2762,92.067,648.033,484.047,61.717,46.100,185,1,629,489.500,59.905,46.619,505.750,48.167
2763,2763,92.100,648.273,483.916,61.740,46.087,187,1,629,489.500,59.905,46.619,505.750,48.167
2764,2764,92.133,648.239,483.929,61.737,46.088,188,1,629,489.500,59.905,46.619,505.750,48.167
2765,2765,92.167,648.240,483.921,61.737,46.088,188,1,629,489.500,59.905,46.619,505.750,48.167
2766,2766,92.200,648.240,483.921,61.737,46.088,188,1,629,489.500,59.905,46.619,505.750,48.167
2767,2767,92.233,648.276,483.817,61.741,46.078,186,1,629,489.500,59.905,46.619,505.750,48.167
2768,2768,92.267,648.309,483.685,61.744,46.065,184,1,629,489.500,59.905,46.619,505.750,48.167
2769,2769,92.300,648.279,483.583,61.741,46.056,182,1,629,489.500,59.905,46.619,505.750,48.167
2770,2770,92.333,648.138,483.951,61.727,46.091,192,1,629,489.500,59.905,46.619,505.750,48.167
2771,2771,92.367,648.125,483.923,61.726,46.088,190,1,629,489.500,59.905,46.619,505.750,48.167
2772,2772,92.400,648.125,483.923,61.726,46.088,190,1,629,489.500,59.905,46.619,505.750,48.167
2773,2773,92.433,648.177,483.949,61.731,46.090,194,1,629,489.500,59.905,46.619,505.750,48.167
2774,2774,92.467,648.311,483.652,61.744,46.062,189,1,629,489.500,59.905,46.619,505.750,48.167
2775,2775,92.500,648.351,483.822,61.748,46.078,189,1,629,489.500,59.905,46.619,505.750,48.167
2776,2776,92.533,648.136,483.942,61.727,46.090,187,1,629,489.500,59.905,46.619,505.750,48.167
2777,2777,92.567,648.197,483.876,61.733,46.083,185,1,629,489.500,59.905,46.619,505.750,48.167
2778,2778,92.600,648.070,483.950,61.721,46.090,183,1,629,489.500,59.905,46.619,505.750,48.167
2779,2779,92.633,648.029,484.187,61.717,46.113,194,1,629,489.500,59.905,46.619,505.750,48.167
2780,2780,92.667,647.887,484.153,61.703,46.110,182,1,629,489.500,59.905,46.619,505.750,48.167
2781,2781,92.700,647.832,484.278,61.698,46.122,182,1,629,489.500,59.905,46.619,505.750,48.167
2782,2782,92.733,647.549,484.787,61.671,46.170,191,1,629,489.500,59.905,46.619,505.750,48.167
2783,2783,92.767,647.359,484.981,61.653,46.189,186,1,629,489.500,59.905,46.619,505.750,48.167
2784,2784,92.800,647.327,485.008,61.650,46.191,186,1,629,489.500,59.905,46.619,505.750,48.167
2785,2785,92.833,647.104,485.372,61.629,46.226,187,1,629,489.500,59.905,46.619,505.750,48.167
2786,2786,92.867,647.134,485.233,61.632,46.213,182,1,629,489.500,59.905,46.619,505.750,48.167
2787,2787,92.900,647.008,485.470,61.620,46.235,186,1,629,489.500,59.905,46.619,505.750,48.167
2788,2788,92.933,647.111,485.720,61.630,46.259,195,1,629,489.500,59.905,46.619,505.750,48.167
2789,2789,92.967,646.976,485.891,61.617,46.275,188,1,629,489.500,59.905,46.619,505.750,48.167
2790,2790,93.000,646.901,485.957,61.610,46.282,189,1,629,489.500,59.905,46.619,505.750,48.167
2791,2791,93.033,646.893,486.483,61.609,46.332,197,1,629,489.500,59.905,46.619,505.750,48.167
2792,2792,93.067,646.911,486.221,61.611,46.307,189,1,629,489.500,59.905,46.619,505.750,48.167
2793,2793,93.100,646.778,486.359,61.598,46.320,186,1,629,489.500,59.905,46.619,505.750,48.167
2794,2794,93.133,646.482,486.835,61.570,46.365,195,1,629,489.500,59.905,46.619,505.750,48.167
2795,2795,93.167,646.519,486.796,61.573,46.362,182,1,629,489.500,59.905,46.619,505.750,48.167
2796,2796,93.200,646.438,487.051,61.565,46.386,181,1,629,489.500,59.905,46.619,505.750,48.167
2797,2797,93.233,646.429,486.995,61.565,46.380,185,1,629,489.500,59.905,46.619,505.750,48.167
2798,2798,93.267,646.542,486.944,61.575,46.376,179,1,629,489.500,59.905,46.619,505.750,48.167
2799,2799,93.300,646.542,486.933,61.575,46.375,179,1,629,489.500,59.905,46.619,505.750,48.167
2800,2800,93.333,646.494,487.110,61.571,46.391,183,1,629,489.500,59.905,46.619,505.750,48.167
2801,2801,93.367,646.521,487.083,61.573,46.389,178,1,629,489.500,59.905,46.619,505.750,48.167
2802,2802,93.400,646.513,486.937,61.573,46.375,182,1,629,489.500,59.905,46.619,505.750,48.167
2803,2803,93.433,646.557,486.993,61.577,46.380,186,1,629,489.500,59.905,46.619,505.750,48.167
2804,2804,93.467,646.505,486.841,61.572,46.366,180,1,629,489.500,59.905,46.619,505.750,48.167
2805,2805,93.500,646.459,487.090,61.568,46.390,183,1,629,489.500,59.905,46.619,505.750,48.167
2806,2806,93.533,646.377,486.845,61.560,46.366,190,1,629,489.500,59.905,46.619,505.750,48.167
2807,2807,93.567,646.320,486.851,61.554,46.367,182,1,629,489.500,59.905,46.619,505.750,48.167
2808,2808,93.600,646.342,486.789,61.556,46.361,182,1,629,489.500,59.905,46.619,505.750,48.167
2809,2809,93.633,646.201,486.772,61.543,46.359,191,1,629,489.500,59.905,46.619,505.750,48.167
2810,2810,93.667,646.260,486.759,61.549,46.358,183,1,629,489.500,59.905,46.619,505.750,48.167
2811,2811,93.700,646.127,486.539,61.536,46.337,182,1,629,489.500,59.905,46.619,505.750,48.167
2812,2812,93.733,646.053,486.592,61.529,46.342,196,1,629,489.500,59.905,46.619,505.750,48.167
2813,2813,93.767,646.153,486.541,61.538,46.337,184,1,629,489.500,59.905,46.619,505.750,48.167
2814,2814,93.800,645.987,486.597,61.523,46.343,182,1,629,489.500,59.905,46.619,505.750,48.167
2815,2815,93.833,645.911,486.761,61.515,46.358,196,1,629,489.500,59.905,46.619,505.750,48.167
2816,2816,93.867,645.997,486.450,61.524,46.329,190,1,629,489.500,59.905,46.619,505.750,48.167
2817,2817,93.900,645.870,486.473,61.511,46.331,189,1,629,489.500,59.905,46.619,505.750,48.167
2818,2818,93.933,645.800,486.563,61.505,46.339,194,1,629,489.500,59.905,46.619,505.750,48.167
2819,2819,93.967,645.879,486.078,61.512,46.293,180,1,629,489.500,59.905,46.619,505.750,48.167
2820,2820,94.000,645.872,486.160,61.512,46.301,179,1,629,489.500,59.905,46.619,505.750,48.167
2821,2821,94.033,645.865,486.254,61.511,46.310,189,1,629,489.500,59.905,46.619,505.750,48.167
2822,2822,94.067,645.877,486.164,61.512,46.301,185,1,629,489.500,59.905,46.619,505.750,48.167
2823,2823,94.100,645.675,486.590,61.493,46.342,178,1,629,489.500,59.905,46.619,505.750,48.167
2824,2824,94.133,645.781,486.484,61.503,46.332,181,1,629,489.500,59.905,46.619,505.750,48.167
2825,2825,94.167,645.768,486.539,61.502,46.337,182,1,629,489.500,59.905,46.619,505.750,48.167
2826,2826,94.200,645.768,486.539,61.502,46.337,182,1,629,489.500,59.905,46.619,505.750,48.167
2827,2827,94.233,645.560,487.026,61.482,46.383,187,1,629,489.500,59.905,46.619,505.750,48.167
2828,2828,94.267,645.547,487.081,61.481,46.389,188,1,629,489.500,59.905,46.619,505.750,48.167
2829,2829,94.300,645.547,487.081,61.481,46.389,188,1,629,489.500,59.905,46.619,505.750,48.167
2830,2830,94.333,645.508,487.400,61.477,46.419,189,1,629,489.500,59.905,46.619,505.750,48.167
2831,2831,94.367,645.508,487.400,61.477,46.419,189,1,629,489.500,59.905,46.619,505.750,48.167
2832,2832,94.400,645.295,488.451,61.457,46.519,186,1,629,489.500,59.905,46.619,505.750,48.167
2833,2833,94.433,645.479,488.292,61.474,46.504,194,1,629,489.500,59.905,46.619,505.750,48.167
2834,2834,94.467,645.428,488.342,61.469,46.509,189,1,629,489.500,59.905,46.619,505.750,48.167
2835,2835,94.500,645.427,488.345,61.469,46.509,189,1,629,489.500,59.905,46.619,505.750,48.167
2836,2836,94.533,645.456,488.597,61.472,46.533,193,1,629,489.500,59.905,46.619,505.750,48.167
2837,2837,94.567,645.467,488.569,61.473,46.530,189,1,629,489.500,59.905,46.619,505.750,48.167
2838,2838,94.600,645.521,488.684,61.478,46.541,191,1,629,489.500,59.905,46.619,505.750,48.167
2839,2839,94.633,645.501,489.188,61.476,46.589,197,1,629,489.500,59.905,46.619,505.750,48.167
2840,2840,94.667,645.468,489.355,61.473,46.605,193,1,629,489.500,59.905,46.619,505.750,48.167
2841,2841,94.700,645.427,489.418,61.469,46.611,190,1,629,489.500,59.905,46.619,505.750,48.167
2842,2842,94.733,645.483,489.926,61.475,46.660,189,1,629,489.500,59.905,46.619,505.750,48.167
2843,2843,94.767,645.428,489.744,61.469,46.642,181,1,629,489.500,59.905,46.619,505.750,48.167
2844,2844,94.800,645.441,489.811,61.471,46.649,178,1,629,489.500,59.905,46.619,505.750,48.167
2845,2845,94.833,645.399,489.700,61.467,46.638,188,1,629,489.500,59.905,46.619,505.750,48.167
2846,2846,94.867,645.471,489.571,61.473,46.626,181,1,629,489.500,59.905,46.619,505.750,48.167
2847,2847,94.900,645.412,489.485,61.468,46.618,183,1,629,489.500,59.905,46.619,505.750,48.167
2848,2848,94.933,645.365,489.797,61.463,46.647,188,1,629,489.500,59.905,46.619,505.750,48.167
2849,2849,94.967,645.415,489.536,61.468,46.622,183,1,629,489.500,59.905,46.619,505.750,48.167
2850,2850,95.000,645.364,490.097,61.463,46.676,177,1,629,489.500,59.905,46.619,505.750,48.167
2851,2851,95.033,645.292,490.116,61.456,46.678,181,1,629,489.500,59.905,46.619,505.750,48.167
2852,2852,95.067,645.311,490.177,61.458,46.683,174,1,629,489.500,59.905,46.619,505.750,48.167
2853,2853,95.100,645.191,490.477,61.447,46.712,174,1,629,489.500,59.905,46.619,505.750,48.167
2854,2854,95.133,645.274,490.695,61.455,46.733,185,1,629,489.500,59.905,46.619,505.750,48.167
2855,2855,95.167,645.124,490.909,61.440,46.753,171,1,629,489.500,59.905,46.619,505.750,48.167
2856,2856,95.200,645.159,492.049,61.444,46.862,186,1,629,489.500,59.905,46.619,505.750,48.167
2857,2857,95.233,645.139,492.178,61.442,46.874,188,1,629,489.500,59.905,46.619,505.750,48.167
2858,2858,95.267,645.189,492.058,61.447,46.863,187,1,629,489.500,59.905,46.619,505.750,48.167
2859,2859,95.300,645.101,491.790,61.438,46.837,173,1,629,489.500,59.905,46.619,505.750,48.167
2860,2860,95.333,645.155,491.894,61.443,46.847,180,1,629,489.500,59.905,46.619,505.750,48.167
2861,2861,95.367,645.125,492.009,61.440,46.858,174,1,629,489.500,59.905,46.619,505.750,48.167
2862,2862,95.400,645.200,491.768,61.448,46.835,179,1,629,489.500,59.905,46.619,505.750,48.167
2863,2863,95.433,645.206,492.219,61.448,46.878,180,1,629,489.500,59.905,46.619,505.750,48.167
2864,2864,95.467,645.212,492.267,61.449,46.883,175,1,629,489.500,59.905,46.619,505.750,48.167
2865,2865,95.500,645.277,491.947,61.455,46.852,180,1,629,489.500,59.905,46.619,505.750,48.167
2866,2866,95.533,645.320,491.480,61.459,46.808,181,1,629,489.500,59.905,46.619,505.750,48.167
2867,2867,95.567,645.333,491.631,61.460,46.822,178,1,629,489.500,59.905,46.619,505.750,48.167
2868,2868,95.600,645.268,491.602,61.454,46.819,177,1,629,489.500,59.905,46.619,505.750,48.167
2869,2869,95.633,645.123,491.622,61.440,46.821,177,1,629,489.500,59.905,46.619,505.750,48.167
2870,2870,95.667,644.994,491.664,61.428,46.825,174,1,629,489.500,59.905,46.619,505.750,48.167
2871,2871,95.700,644.981,491.649,61.427,46.824,173,1,629,489.500,59.905,46.619,505.750,48.167
2872,2872,95.733,644.888,491.448,61.418,46.805,178,1,629,489.500,59.905,46.619,505.750,48.167
2873,2873,95.767,644.849,491.570,61.414,46.816,181,1,629,489.500,59.905,46.619,505.750,48.167
2874,2874,95.800,644.657,491.484,61.396,46.808,186,1,629,489.500,59.905,46.619,505.750,48.167
2875,2875,95.833,644.668,491.587,61.397,46.818,187,1,629,489.500,59.905,46.619,505.750,48.167
2876,2876,95.867,644.624,491.112,61.393,46.773,179,1,629,489.500,59.905,46.619,505.750,48.167
2877,2877,95.900,644.573,491.234,61.388,46.784,180,1,629,489.500,59.905,46.619,505.750,48.167
2878,2878,95.933,644.543,491.211,61.385,46.782,183,1,629,489.500,59.905,46.619,505.750,48.167
2879,2879,95.967,644.632,491.312,61.393,46.792,178,1,629,489.500,59.905,46.619,505.750,48.167
2880,2880,96.000,644.612,491.390,61.392,46.799,175,1,629,489.500,59.905,46.619,505.750,48.167
2881,2881,96.033,644.681,491.205,61.398,46.781,190,1,629,489.500,59.905,46.619,505.750,48.167
2882,2882,96.067,644.621,491.175,61.392,46.779,181,1,629,489.500,59.905,46.619,505.750,48.167
2883,2883,96.100,644.646,491.180,61.395,46.779,181,1,629,489.500,59.905,46.619,505.750,48.167
2884,2884,96.133,644.601,491.317,61.391,46.792,183,1,629,489.500,59.905,46.619,505.750,48.167
2885,2885,96.167,644.611,491.323,61.391,46.793,183,1,629,489.500,59.905,46.619,505.750,48.167
2886,2886,96.200,644.464,491.290,61.378,46.790,177,1,629,489.500,59.905,46.619,505.750,48.167
2887,2887,96.233,644.464,491.279,61.377,46.788,177,1,629,489.500,59.905,46.619,505.750,48.167
2888,2888,96.267,644.368,491.200,61.368,46.781,170,1,629,489.500,59.905,46.619,505.750,48.167
2889,2889,96.300,644.346,491.290,61.366,46.790,169,1,629,489.500,59.905,46.619,505.750,48.167
2890,2890,96.333,644.360,491.663,61.368,46.825,176,1,629,489.500,59.905,46.619,505.750,48.167
2891,2891,96.367,644.368,491.602,61.368,46.819,175,1,629,489.500,59.905,46.619,505.750,48.167
2892,2892,96.400,644.362,492.001,61.368,46.857,180,1,629,489.500,59.905,46.619,505.750,48.167
2893,2893,96.433,644.337,492.379,61.365,46.893,185,1,629,489.500,59.905,46.619,505.750,48.167
2894,2894,96.467,644.361,492.732,61.368,46.927,187,1,629,489.500,59.905,46.619,505.750,48.167
2895,2895,96.500,644.393,492.775,61.371,46.931,187,1,629,489.500,59.905,46.619,505.750,48.167
2896,2896,96.533,644.354,493.577,61.367,47.007,197,1,629,489.500,59.905,46.619,505.750,48.167
2897,2897,96.567,644.338,493.518,61.366,47.002,194,1,629,489.500,59.905,46.619,505.750,48.167
2898,2898,96.600,644.282,493.871,61.360,47.035,195,1,629,489.500,59.905,46.619,505.750,48.167
2899,2899,96.633,644.342,493.999,61.366,47.048,202,1,629,489.500,59.905,46.619,505.750,48.167
2900,2900,96.667,644.327,494.141,61.365,47.061,198,1,629,489.500,59.905,46.619,505.750,48.167
2901,2901,96.700,644.320,494.398,61.364,47.086,197,1,629,489.500,59.905,46.619,505.750,48.167
2902,2902,96.733,644.311,494.735,61.363,47.118,202,1,629,489.500,59.905,46.619,505.750,48.167
2903,2903,96.767,644.335,494.997,61.365,47.143,195,1,629,489.500,59.905,46.619,505.750,48.167
2904,2904,96.800,644.365,495.028,61.368,47.146,192,1,629,489.500,59.905,46.619,505.750,48.167
2905,2905,96.833,644.333,495.375,61.365,47.179,198,1,629,489.500,59.905,46.619,505.750,48.167
2906,2906,96.867,644.438,494.764,61.375,47.120,187,1,629,489.500,59.905,46.619,505.750,48.167
2907,2907,96.900,644.441,494.771,61.375,47.121,187,1,629,489.500,59.905,46.619,505.750,48.167
2908,2908,96.933,644.344,495.040,61.366,47.147,195,1,629,489.500,59.905,46.619,505.750,48.167
2909,2909,96.967,644.390,495.120,61.370,47.154,192,1,629,489.500,59.905,46.619,505.750,48.167
2910,2910,97.000,644.391,495.132,61.371,47.155,192,1,629,489.500,59.905,46.619,505.750,48.167
2911,2911,97.033,644.384,495.310,61.370,47.172,194,1,629,489.500,59.905,46.619,505.750,48.167
2912,2912,97.067,644.374,495.305,61.369,47.172,194,1,629,489.500,59.905,46.619,505.750,48.167
2913,2913,97.100,644.374,495.788,61.369,47.218,189,1,629,489.500,59.905,46.619,505.750,48.167
2914,2914,97.133,644.371,495.977,61.369,47.236,187,1,629,489.500,59.905,46.619,505.750,48.167
2915,2915,97.167,644.364,496.165,61.368,47.254,170,1,629,489.500,59.905,46.619,505.750,48.167
2916,2916,97.200,644.369,496.466,61.368,47.282,172,1,629,489.500,59.905,46.619,505.750,48.167
2917,2917,97.233,644.296,497.182,61.362,47.351,180,1,629,489.500,59.905,46.619,505.750,48.167
2918,2918,97.267,644.427,497.061,61.374,47.339,173,1,629,489.500,59.905,46.619,505.750,48.167
2919,2919,97.300,644.343,497.320,61.366,47.364,178,1,629,489.500,59.905,46.619,505.750,48.167
2920,2920,97.333,644.297,497.592,61.362,47.390,189,1,629,489.500,59.905,46.619,505.750,48.167
2921,2921,97.367,644.270,497.034,61.359,47.337,176,1,629,489.500,59.905,46.619,505.750,48.167
2922,2922,97.400,644.301,496.969,61.362,47.330,175,1,629,489.500,59.905,46.619,505.750,48.167
2923,2923,97.433,644.278,497.119,61.360,47.345,185,1,629,489.500,59.905,46.619,505.750,48.167
2924,2924,97.467,644.418,497.167,61.373,47.349,176,1,629,489.500,59.905,46.619,505.750,48.167
2925,2925,97.500,644.389,497.342,61.370,47.366,174,1,629,489.500,59.905,46.619,505.750,48.167
2926,2926,97.533,644.471,497.374,61.378,47.369,181,1,629,489.500,59.905,46.619,505.750,48.167
2927,2927,97.567,644.453,497.321,61.377,47.364,178,1,629,489.500,59.905,46.619,505.750,48.167
2928,2928,97.600,644.391,497.275,61.371,47.360,180,1,629,489.500,59.905,46.619,505.750,48.167
2929,2929,97.633,644.412,497.107,61.373,47.344,180,1,629,489.500,59.905,46.619,505.750,48.167
2930,2930,97.667,644.425,497.362,61.374,47.368,173,1,629,489.500,59.905,46.619,505.750,48.167
2931,2931,97.700,644.476,497.455,61.379,47.377,172,1,629,489.500,59.905,46.619,505.750,48.167
2932,2932,97.733,644.397,497.142,61.371,47.347,184,1,629,489.500,59.905,46.619,505.750,48.167
2933,2933,97.767,644.302,496.988,61.362,47.332,179,1,629,489.500,59.905,46.619,505.750,48.167
2934,2934,97.800,644.300,496.994,61.362,47.333,179,1,629,489.500,59.905,46.619,505.750,48.167
2935,2935,97.833,644.308,496.934,61.363,47.327,185,1,629,489.500,59.905,46.619,505.750,48.167
2936,2936,97.867,644.321,496.870,61.364,47.321,183,1,629,489.500,59.905,46.619,505.750,48.167
2937,2937,97.900,644.239,497.283,61.356,47.360,177,1,629,489.500,59.905,46.619,505.750,48.167
2938,2938,97.933,644.103,497.422,61.343,47.374,182,1,629,489.500,59.905,46.619,505.750,48.167
2939,2939,97.967,644.177,497.237,61.350,47.356,174,1,629,489.500,59.905,46.619,505.750,48.167
2940,2940,98.000,644.086,497.389,61.342,47.370,176,1,629,489.500,59.905,46.619,505.750,48.167
2941,2941,98.033,644.243,497.347,61.357,47.366,182,1,629,489.500,59.905,46.619,505.750,48.167
2942,2942,98.067,644.191,497.309,61.352,47.363,177,1,629,489.500,59.905,46.619,505.750,48.167
2943,2943,98.100,644.240,497.519,61.356,47.383,175,1,629,489.500,59.905,46.619,505.750,48.167
2944,2944,98.133,644.147,497.226,61.347,47.355,176,1,629,489.500,59.905,46.619,505.750,48.167
2945,2945,98.167,644.147,497.226,61.347,47.355,176,1,629,489.500,59.905,46.619,505.750,48.167
2946,2946,98.200,644.121,497.355,61.345,47.367,177,1,629,489.500,59.905,46.619,505.750,48.167
2947,2947,98.233,643.970,497.225,61.330,47.355,171,1,629,489.500,59.905,46.619,505.750,48.167
2948,2948,98.267,643.970,497.225,61.330,47.355,171,1,629,489.500,59.905,46.619,505.750,48.167
2949,2949,98.300,643.970,497.225,61.330,47.355,171,1,629,489.500,59.905,46.619,505.750,48.167
2950,2950,98.333,643.856,497.388,61.320,47.370,176,1,629,489.500,59.905,46.619,505.750,48.167
2951,2951,98.367,643.998,497.230,61.333,47.355,169,1,629,489.500,59.905,46.619,505.750,48.167
2952,2952,98.400,643.987,497.539,61.332,47.385,165,1,629,489.500,59.905,46.619,505.750,48.167
2953,2953,98.433,643.849,498.044,61.319,47.433,174,1,629,489.500,59.905,46.619,505.750,48.167
2954,2954,98.467,643.901,497.807,61.324,47.410,168,1,629,489.500,59.905,46.619,505.750,48.167
2955,2955,98.500,643.933,497.838,61.327,47.413,166,1,629,489.500,59.905,46.619,505.750,48.167
2956,2956,98.533,643.903,498.166,61.324,47.444,171,1,629,489.500,59.905,46.619,505.750,48.167
2957,2957,98.567,643.971,498.611,61.331,47.487,182,1,629,489.500,59.905,46.619,505.750,48.167
2958,2958,98.600,643.984,498.621,61.332,47.488,183,1,629,489.500,59.905,46.619,505.750,48.167
2959,2959,98.633,643.980,498.628,61.331,47.488,183,1,629,489.500,59.905,46.619,505.750,48.167
2960,2960,98.667,643.978,498.583,61.331,47.484,181,1,629,489.500,59.905,46.619,505.750,48.167
2961,2961,98.700,643.999,498.606,61.333,47.486,183,1,629,489.500,59.905,46.619,505.750,48.167
2962,2962,98.733,643.990,499.024,61.332,47.526,189,1,629,489.500,59.905,46.619,505.750,48.167
2963,2963,98.767,643.997,498.971,61.333,47.521,181,1,629,489.500,59.905,46.619,505.750,48.167
2964,2964,98.800,643.963,499.190,61.330,47.542,183,1,629,489.500,59.905,46.619,505.750,48.167
2965,2965,98.833,643.975,499.648,61.331,47.586,198,1,629,489.500,59.905,46.619,505.750,48.167
2966,2966,98.867,643.982,499.683,61.332,47.589,198,1,629,489.500,59.905,46.619,505.750,48.167
2967,2967,98.900,643.931,499.965,61.327,47.616,196,1,629,489.500,59.905,46.619,505.750,48.167
2968,2968,98.933,643.906,500.029,61.324,47.622,197,1,629,489.500,59.905,46.619,505.750,48.167
2969,2969,98.967,643.847,499.885,61.319,47.608,181,1,629,489.500,59.905,46.619,505.750,48.167
2970,2970,99.000,643.858,499.948,61.320,47.614,180,1,629,489.500,59.905,46.619,505.750,48.167
2971,2971,99.033,643.874,500.129,61.321,47.631,191,1,629,489.500,59.905,46.619,505.750,48.167
2972,2972,99.067,643.876,499.918,61.321,47.611,188,1,629,489.500,59.905,46.619,505.750,48.167
2973,2973,99.100,643.775,499.985,61.312,47.618,177,1,629,489.500,59.905,46.619,505.750,48.167
2974,2974,99.133,643.863,500.179,61.320,47.636,195,1,629,489.500,59.905,46.619,505.750,48.167
2975,2975,99.167,643.883,500.127,61.322,47.631,194,1,629,489.500,59.905,46.619,505.750,48.167
2976,2976,99.200,643.905,500.241,61.324,47.642,190,1,629,489.500,59.905,46.619,505.750,48.167
2977,2977,99.233,643.866,500.224,61.321,47.640,199,1,629,489.500,59.905,46.619,505.750,48.167
2978,2978,99.267,643.923,499.900,61.326,47.610,184,1,629,489.500,59.905,46.619,505.750,48.167
2979,2979,99.300,643.787,499.842,61.313,47.604,178,1,629,489.500,59.905,46.619,505.750,48.167
2980,2980,99.333,643.851,500.215,61.319,47.640,203,1,629,489.500,59.905,46.619,505.750,48.167
2981,2981,99.367,643.804,500.214,61.315,47.639,189,1,629,489.500,59.905,46.619,505.750,48.167
2982,2982,99.400,643.873,500.213,61.321,47.639,192,1,629,489.500,59.905,46.619,505.750,48.167
2983,2983,99.433,643.846,500.086,61.319,47.627,199,1,629,489.500,59.905,46.619,505.750,48.167
2984,2984,99.467,643.827,499.752,61.317,47.595,187,1,629,489.500,59.905,46.619,505.750,48.167
2985,2985,99.500,643.725,499.987,61.307,47.618,183,1,629,489.500,59.905,46.619,505.750,48.167
2986,2986,99.533,643.808,499.958,61.315,47.615,194,1,629,489.500,59.905,46.619,505.750,48.167
2987,2987,99.567,643.844,499.708,61.319,47.591,187,1,629,489.500,59.905,46.619,505.750,48.167
2988,2988,99.600,643.820,499.933,61.316,47.613,184,1,629,489.500,59.905,46.619,505.750,48.167
2989,2989,99.633,643.829,499.845,61.317,47.604,191,1,629,489.500,59.905,46.619,505.750,48.167
2990,2990,99.667,643.816,499.683,61.316,47.589,195,1,629,489.500,59.905,46.619,505.750,48.167
2991,2991,99.700,643.834,499.614,61.317,47.582,191,1,629,489.500,59.905,46.619,505.750,48.167
2992,2992,99.733,643.909,499.644,61.325,47.585,196,1,629,489.500,59.905,46.619,505.750,48.167
2993,2993,99.767,643.916,499.052,61.325,47.529,188,1,629,489.500,59.905,46.619,505.750,48.167
2994,2994,99.800,643.933,498.977,61.327,47.522,187,1,629,489.500,59.905,46.619,505.750,48.167
2995,2995,99.833,643.938,499.263,61.327,47.549,192,1,629,489.500,59.905,46.619,505.750,48.167
2996,2996,99.867,643.971,499.232,61.331,47.546,190,1,629,489.500,59.905,46.619,505.750,48.167
2997,2997,99.900,643.996,499.326,61.333,47.555,191,1,629,489.500,59.905,46.619,505.750,48.167
2998,2998,99.933,644.015,499.490,61.335,47.570,197,1,629,489.500,59.905,46.619,505.750,48.167
2999,2999,99.967,644.066,498.923,61.340,47.516,189,1,629,489.500,59.905,46.619,505.750,48.167
3000,3000,100.000,644.091,499.302,61.342,47.553,193,1,629,489.500,59.905,46.619,505.750,48.167
3001,3001,100.033,644.096,500.474,61.342,47.664,183,1,629,489.500,59.905,46.619,505.750,48.167
3002,3002,100.067,644.149,499.875,61.347,47.607,169,1,629,489.500,59.905,46.619,505.750,48.167
3003,3003,100.100,644.174,499.797,61.350,47.600,168,1,629,489.500,59.905,46.619,505.750,48.167
3004,3004,100.133,644.146,500.760,61.347,47.691,190,1,629,489.500,59.905,46.619,505.750,48.167
3005,3005,100.167,644.160,500.469,61.349,47.664,185,1,629,489.500,59.905,46.619,505.750,48.167
3006,3006,100.200,644.294,500.484,61.361,47.665,186,1,629,489.500,59.905,46.619,505.750,48.167
3007,3007,100.233,644.202,500.486,61.353,47.665,187,1,629,489.500,59.905,46.619,505.750,48.167
3008,3008,100.267,644.142,500.397,61.347,47.657,192,1,629,489.500,59.905,46.619,505.750,48.167
3009,3009,100.300,644.141,500.499,61.347,47.667,191,1,629,489.500,59.905,46.619,505.750,48.167
3010,3010,100.333,644.238,501.166,61.356,47.730,198,1,629,489.500,59.905,46.619,505.750,48.167
3011,3011,100.367,644.164,500.747,61.349,47.690,192,1,629,489.500,59.905,46.619,505.750,48.167
3012,3012,100.400,644.220,501.251,61.354,47.738,189,1,629,489.500,59.905,46.619,505.750,48.167
3013,3013,100.433,644.224,501.380,61.355,47.750,192,1,629,489.500,59.905,46.619,505.750,48.167
3014,3014,100.467,644.228,501.322,61.355,47.745,191,1,629,489.500,59.905,46.619,505.750,48.167
3015,3015,100.500,644.221,501.411,61.354,47.753,190,1,629,489.500,59.905,46.619,505.750,48.167
3016,3016,100.533,644.257,501.807,61.358,47.791,195,1,629,489.500,59.905,46.619,505.750,48.167
3017,3017,100.567,644.232,501.637,61.355,47.775,192,1,629,489.500,59.905,46.619,505.750,48.167
3018,3018,100.600,644.208,501.794,61.353,47.790,193,1,629,489.500,59.905,46.619,505.750,48.167
3019,3019,100.633,644.264,501.738,61.358,47.785,195,1,629,489.500,59.905,46.619,505.750,48.167
3020,3020,100.667,644.213,501.281,61.354,47.741,188,1,629,489.500,59.905,46.619,505.750,48.167
3021,3021,100.700,644.321,501.440,61.364,47.756,188,1,629,489.500,59.905,46.619,505.750,48.167
3022,3022,100.733,644.336,501.661,61.365,47.777,195,1,629,489.500,59.905,46.619,505.750,48.167
3023,3023,100.767,644.332,502.003,61.365,47.810,187,1,629,489.500,59.905,46.619,505.750,48.167
3024,3024,100.800,644.325,501.991,61.364,47.809,185,1,629,489.500,59.905,46.619,505.750,48.167
3025,3025,100.833,644.342,501.850,61.366,47.795,188,1,629,489.500,59.905,46.619,505.750,48.167
3026,3026,100.867,644.264,502.018,61.358,47.811,182,1,629,489.500,59.905,46.619,505.750,48.167
3027,3027,100.900,644.274,501.622,61.359,47.774,178,1,629,489.500,59.905,46.619,505.750,48.167
3028,3028,100.933,644.405,501.852,61.372,47.795,192,1,629,489.500,59.905,46.619,505.750,48.167
3029,3029,100.967,644.449,501.705,61.376,47.781,174,1,629,489.500,59.905,46.619,505.750,48.167
3030,3030,101.000,644.482,501.913,61.379,47.801,175,1,629,489.500,59.905,46.619,505.750,48.167
3031,3031,101.033,644.373,501.465,61.369,47.759,183,1,629,489.500,59.905,46.619,505.750,48.167
3032,3032,101.067,644.329,501.561,61.365,47.768,181,1,629,489.500,59.905,46.619,505.750,48.167
3033,3033,101.100,644.417,501.931,61.373,47.803,184,1,629,489.500,59.905,46.619,505.750,48.167
3034,3034,101.133,644.343,501.724,61.366,47.783,187,1,629,489.500,59.905,46.619,505.750,48.167
3035,3035,101.167,644.338,501.287,61.365,47.742,181,1,629,489.500,59.905,46.619,505.750,48.167
3036,3036,101.200,644.365,500.891,61.368,47.704,177,1,629,489.500,59.905,46.619,505.750,48.167
3037,3037,101.233,644.351,500.936,61.367,47.708,189,1,629,489.500,59.905,46.619,505.750,48.167
3038,3038,101.267,644.507,500.279,61.382,47.646,170,1,629,489.500,59.905,46.619,505.750,48.167
3039,3039,101.300,644.495,500.041,61.381,47.623,166,1,629,489.500,59.905,46.619,505.750,48.167
3040,3040,101.333,644.498,499.895,61.381,47.609,168,1,629,489.500,59.905,46.619,505.750,48.167
3041,3041,101.367,644.472,500.075,61.378,47.626,165,1,629,489.500,59.905,46.619,505.750,48.167
3042,3042,101.400,644.464,500.377,61.378,47.655,169,1,629,489.500,59.905,46.619,505.750,48.167
3043,3043,101.433,644.498,500.759,61.381,47.691,175,1,629,489.500,59.905,46.619,505.750,48.167
3044,3044,101.467,644.501,500.900,61.381,47.705,176,1,629,489.500,59.905,46.619,505.750,48.167
3045,3045,101.500,644.479,501.287,61.379,47.742,175,1,629,489.500,59.905,46.619,505.750,48.167
3046,3046,101.533,644.516,500.923,61.383,47.707,181,1,629,489.500,59.905,46.619,505.750,48.167
3047,3047,101.567,644.485,500.628,61.380,47.679,176,1,629,489.500,59.905,46.619,505.750,48.167
3048,3048,101.600,644.484,500.934,61.379,47.708,173,1,629,489.500,59.905,46.619,505.750,48.167
3049,3049,101.633,644.400,500.956,61.371,47.710,185,1,629,489.500,59.905,46.619,505.750,48.167
3050,3050,101.667,644.520,500.933,61.383,47.708,176,1,629,489.500,59.905,46.619,505.750,48.167
3051,3051,101.700,644.449,500.956,61.376,47.710,178,1,629,489.500,59.905,46.619,505.750,48.167
3052,3052,101.733,644.400,501.730,61.371,47.784,183,1,629,489.500,59.905,46.619,505.750,48.167
3053,3053,101.767,644.380,501.306,61.370,47.743,177,1,629,489.500,59.905,46.619,505.750,48.167
3054,3054,101.800,644.440,501.515,61.375,47.763,173,1,629,489.500,59.905,46.619,505.750,48.167
3055,3055,101.833,644.319,502.359,61.364,47.844,178,1,629,489.500,59.905,46.619,505.750,48.167
3056,3056,101.867,644.453,501.811,61.376,47.791,180,1,629,489.500,59.905,46.619,505.750,48.167
3057,3057,101.900,644.432,501.822,61.375,47.793,177,1,629,489.500,59.905,46.619,505.750,48.167
3058,3058,101.933,644.343,502.014,61.366,47.811,186,1,629,489.500,59.905,46.619,505.750,48.167
3059,3059,101.967,644.458,501.784,61.377,47.789,179,1,629,489.500,59.905,46.619,505.750,48.167
3060,3060,102.000,644.458,501.784,61.377,47.789,179,1,629,489.500,59.905,46.619,505.750,48.167
3061,3061,102.033,644.487,502.265,61.380,47.835,191,1,629,489.500,59.905,46.619,505.750,48.167
3062,3062,102.067,644.529,502.203,61.384,47.829,183,1,629,489.500,59.905,46.619,505.750,48.167
3063,3063,102.100,644.544,502.160,61.385,47.825,182,1,629,489.500,59.905,46.619,505.750,48.167
3064,3064,102.133,644.554,501.821,61.386,47.792,184,1,629,489.500,59.905,46.619,505.750,48.167
3065,3065,102.167,644.532,501.109,61.384,47.725,175,1,629,489.500,59.905,46.619,505.750,48.167
3066,3066,102.200,644.591,501.187,61.390,47.732,178,1,629,489.500,59.905,46.619,505.750,48.167
3067,3067,102.233,644.549,501.263,61.386,47.739,179,1,629,489.500,59.905,46.619,505.750,48.167
3068,3068,102.267,644.636,500.334,61.394,47.651,169,1,629,489.500,59.905,46.619,505.750,48.167
3069,3069,102.300,644.619,500.389,61.392,47.656,170,1,629,489.500,59.905,46.619,505.750,48.167
3070,3070,102.333,644.556,499.589,61.386,47.580,179,1,629,489.500,59.905,46.619,505.750,48.167
3071,3071,102.367,644.756,499.494,61.405,47.571,178,1,629,489.500,59.905,46.619,505.750,48.167
3072,3072,102.400,644.663,499.007,61.397,47.524,165,1,629,489.500,59.905,46.619,505.750,48.167
3073,3073,102.433,644.713,499.050,61.401,47.529,174,1,629,489.500,59.905,46.619,505.750,48.167
3074,3074,102.467,644.497,498.751,61.381,47.500,176,1,629,489.500,59.905,46.619,505.750,48.167
3075,3075,102.500,644.446,499.183,61.376,47.541,174,1,629,489.500,59.905,46.619,505.750,48.167
3076,3076,102.533,644.326,499.215,61.364,47.544,181,1,629,489.500,59.905,46.619,505.750,48.167
3077,3077,102.567,644.349,499.217,61.367,47.544,172,1,629,489.500,59.905,46.619,505.750,48.167
3078,3078,102.600,644.154,499.405,61.348,47.562,169,1,629,489.500,59.905,46.619,505.750,48.167
3079,3079,102.633,644.011,499.554,61.334,47.577,185,1,629,489.500,59.905,46.619,505.750,48.167
3080,3080,102.667,644.012,499.553,61.334,47.576,185,1,629,489.500,59.905,46.619,505.750,48.167
3081,3081,102.700,643.929,499.760,61.327,47.596,172,1,629,489.500,59.905,46.619,505.750,48.167
3082,3082,102.733,643.913,499.652,61.325,47.586,182,1,629,489.500,59.905,46.619,505.750,48.167
3083,3083,102.767,643.954,499.511,61.329,47.572,180,1,629,489.500,59.905,46.619,505.750,48.167
3084,3084,102.800,643.700,500.186,61.305,47.637,182,1,629,489.500,59.905,46.619,505.750,48.167
3085,3085,102.833,643.624,500.251,61.298,47.643,194,1,629,489.500,59.905,46.619,505.750,48.167
3086,3086,102.867,643.715,500.091,61.306,47.628,191,1,629,489.500,59.905,46.619,505.750,48.167
3087,3087,102.900,643.797,500.228,61.314,47.641,182,1,629,489.500,59.905,46.619,505.750,48.167
3088,3088,102.933,643.694,500.253,61.304,47.643,184,1,629,489.500,59.905,46.619,505.750,48.167
3089,3089,102.967,643.629,500.343,61.298,47.652,183,1,629,489.500,59.905,46.619,505.750,48.167
3090,3090,103.000,643.616,500.508,61.297,47.667,182,1,629,489.500,59.905,46.619,505.750,48.167
3091,3091,103.033,643.738,500.170,61.308,47.635,182,1,629,489.500,59.905,46.619,505.750,48.167
3092,3092,103.067,643.670,500.365,61.302,47.654,182,1,629,489.500,59.905,46.619,505.750,48.167
3093,3093,103.100,643.695,500.396,61.304,47.657,177,1,629,489.500,59.905,46.619,505.750,48.167
3094,3094,103.133,643.690,500.079,61.304,47.627,191,1,629,489.500,59.905,46.619,505.750,48.167
3095,3095,103.167,643.588,500.349,61.294,47.652,185,1,629,489.500,59.905,46.619,505.750,48.167
3096,3096,103.200,643.594,500.270,61.295,47.645,179,1,629,489.500,59.905,46.619,505.750,48.167
3097,3097,103.233,643.524,500.284,61.288,47.646,193,1,629,489.500,59.905,46.619,505.750,48.167
3098,3098,103.267,643.514,500.240,61.287,47.642,188,1,629,489.500,59.905,46.619,505.750,48.167
3099,3099,103.300,643.408,500.237,61.277,47.642,184,1,629,489.500,59.905,46.619,505.750,48.167
3100,3100,103.333,643.305,500.393,61.267,47.656,194,1,629,489.500,59.905,46.619,505.750,48.167
3101,3101,103.367,643.286,499.646,61.265,47.585,177,1,629,489.500,59.905,46.619,505.750,48.167
3102,3102,103.400,643.308,499.601,61.267,47.581,176,1,629,489.500,59.905,46.619,505.750,48.167
3103,3103,103.433,643.298,499.529,61.266,47.574,180,1,629,489.500,59.905,46.619,505.750,48.167
3104,3104,103.467,643.269,499.465,61.264,47.568,178,1,629,489.500,59.905,46.619,505.750,48.167
3105,3105,103.500,643.243,499.608,61.261,47.582,176,1,629,489.500,59.905,46.619,505.750,48.167
3106,3106,103.533,643.148,499.673,61.252,47.588,185,1,629,489.500,59.905,46.619,505.750,48.167
3107,3107,103.567,643.109,499.303,61.248,47.553,178,1,629,489.500,59.905,46.619,505.750,48.167
3108,3108,103.600,643.172,499.146,61.254,47.538,176,1,629,489.500,59.905,46.619,505.750,48.167
3109,3109,103.633,643.071,499.257,61.245,47.548,185,1,629,489.500,59.905,46.619,505.750,48.167
3110,3110,103.667,643.225,498.963,61.259,47.520,177,1,629,489.500,59.905,46.619,505.750,48.167
3111,3111,103.700,643.339,498.755,61.270,47.501,164,1,629,489.500,59.905,46.619,505.750,48.167
3112,3112,103.733,643.330,498.724,61.270,47.498,174,1,629,489.500,59.905,46.619,505.750,48.167
3113,3113,103.767,643.630,498.077,61.298,47.436,160,1,629,489.500,59.905,46.619,505.750,48.167
3114,3114,103.800,643.689,497.989,61.304,47.428,156,1,629,489.500,59.905,46.619,505.750,48.167
3115,3115,103.833,643.681,497.959,61.303,47.425,161,1,629,489.500,59.905,46.619,505.750,48.167
3116,3116,103.867,643.681,497.956,61.303,47.424,161,1,629,489.500,59.905,46.619,505.750,48.167
3117,3117,103.900,643.623,498.387,61.297,47.465,172,1,629,489.500,59.905,46.619,505.750,48.167
3118,3118,103.933,643.662,498.720,61.301,47.497,178,1,629,489.500,59.905,46.619,505.750,48.167
3119,3119,103.967,643.819,498.466,61.316,47.473,173,1,629,489.500,59.905,46.619,505.750,48.167
3120,3120,104.000,643.875,498.415,61.321,47.468,173,1,629,489.500,59.905,46.619,505.750,48.167
3121,3121,104.033,644.093,498.126,61.342,47.441,182,1,629,489.500,59.905,46.619,505.750,48.167
3122,3122,104.067,644.060,497.884,61.339,47.418,177,1,629,489.500,59.905,46.619,505.750,48.167
3123,3123,104.100,644.101,497.797,61.343,47.409,169,1,629,489.500,59.905,46.619,505.750,48.167
3124,3124,104.133,644.066,497.915,61.340,47.420,176,1,629,489.500,59.905,46.619,505.750,48.167
3125,3125,104.167,644.167,497.658,61.349,47.396,170,1,629,489.500,59.905,46.619,505.750,48.167
3126,3126,104.200,644.177,497.695,61.350,47.400,169,1,629,489.500,59.905,46.619,505.750,48.167
3127,3127,104.233,644.171,497.566,61.350,47.387,171,1,629,489.500,59.905,46.619,505.750,48.167
3128,3128,104.267,644.212,497.453,61.354,47.376,168,1,629,489.500,59.905,46.619,505.750,48.167
3129,3129,104.300,644.223,497.474,61.355,47.378,169,1,629,489.500,59.905,46.619,505.750,48.167
3130,3130,104.333,644.283,497.551,61.360,47.386,171,1,629,489.500,59.905,46.619,505.750,48.167
3131,3131,104.367,644.328,497.456,61.365,47.377,171,1,629,489.500,59.905,46.619,505.750,48.167
3132,3132,104.400,644.237,497.783,61.356,47.408,180,1,629,489.500,59.905,46.619,505.750,48.167
3133,3133,104.433,644.190,497.570,61.351,47.388,182,1,629,489.500,59.905,46.619,505.750,48.167
3134,3134,104.467,644.208,497.504,61.353,47.381,181,1,629,489.500,59.905,46.619,505.750,48.167
3135,3135,104.500,644.250,497.821,61.357,47.412,186,1,629,489.500,59.905,46.619,505.750,48.167
3136,3136,104.533,644.267,497.867,61.359,47.416,187,1,629,489.500,59.905,46.619,505.750,48.167
3137,3137,104.567,644.252,497.890,61.357,47.418,187,1,629,489.500,59.905,46.619,505.750,48.167
3138,3138,104.600,644.308,497.794,61.363,47.409,181,1,629,489.500,59.905,46.619,505.750,48.167
3139,3139,104.633,644.243,497.827,61.357,47.412,183,1,629,489.500,59.905,46.619,505.750,48.167
3140,3140,104.667,644.227,497.602,61.355,47.391,185,1,629,489.500,59.905,46.619,505.750,48.167
3141,3141,104.700,644.387,497.582,61.370,47.389,182,1,629,489.500,59.905,46.619,505.750,48.167
3142,3142,104.733,644.403,497.660,61.372,47.396,185,1,629,489.500,59.905,46.619,505.750,48.167
3143,3143,104.767,644.400,497.618,61.371,47.392,185,1,629,489.500,59.905,46.619,505.750,48.167
3144,3144,104.800,644.434,497.483,61.375,47.379,183,1,629,489.500,59.905,46.619,505.750,48.167
3145,3145,104.833,644.494,497.287,61.380,47.361,181,1,629,489.500,59.905,46.619,505.750,48.167
3146,3146,104.867,644.475,497.380,61.379,47.370,185,1,629,489.500,59.905,46.619,505.750,48.167
3147,3147,104.900,644.449,497.208,61.376,47.353,178,1,629,489.500,59.905,46.619,505.750,48.167
3148,3148,104.933,644.584,497.325,61.389,47.364,190,1,629,489.500,59.905,46.619,505.750,48.167
3149,3149,104.967,644.496,497.175,61.381,47.350,184,1,629,489.500,59.905,46.619,505.750,48.167
3150,3150,105.000,644.432,497.194,61.375,47.352,183,1,629,489.500,59.905,46.619,505.750,48.167
3151,3151,105.033,644.475,497.336,61.379,47.365,186,1,629,489.500,59.905,46.619,505.750,48.167
3152,3152,105.067,644.476,497.231,61.379,47.355,185,1,629,489.500,59.905,46.619,505.750,48.167
3153,3153,105.100,644.552,497.109,61.386,47.344,184,1,629,489.500,59.905,46.619,505.750,48.167
3154,3154,105.133,644.587,496.720,61.389,47.307,184,1,629,489.500,59.905,46.619,505.750,48.167
3155,3155,105.167,644.588,496.719,61.389,47.307,184,1,629,489.500,59.905,46.619,505.750,48.167
3156,3156,105.200,644.543,496.933,61.385,47.327,181,1,629,489.500,59.905,46.619,505.750,48.167
3157,3157,105.233,644.611,496.794,61.391,47.314,183,1,629,489.500,59.905,46.619,505.750,48.167
3158,3158,105.267,644.589,496.671,61.389,47.302,180,1,629,489.500,59.905,46.619,505.750,48.167
3159,3159,105.300,644.576,496.766,61.388,47.311,179,1,629,489.500,59.905,46.619,505.750,48.167
3160,3160,105.333,644.531,496.612,61.384,47.296,184,1,629,489.500,59.905,46.619,505.750,48.167
3161,3161,105.367,644.613,496.547,61.392,47.290,182,1,629,489.500,59.905,46.619,505.750,48.167
3162,3162,105.400,644.734,496.741,61.403,47.309,180,1,629,489.500,59.905,46.619,505.750,48.167
3163,3163,105.433,644.699,496.723,61.400,47.307,185,1,629,489.500,59.905,46.619,505.750,48.167
3164,3164,105.467,644.664,496.679,61.397,47.303,184,1,629,489.500,59.905,46.619,505.750,48.167
3165,3165,105.500,644.751,496.629,61.405,47.298,179,1,629,489.500,59.905,46.619,505.750,48.167
3166,3166,105.533,644.872,496.720,61.416,47.307,191,1,629,489.500,59.905,46.619,505.750,48.167
3167,3167,105.567,644.969,496.686,61.426,47.303,187,1,629,489.500,59.905,46.619,505.750,48.167
3168,3168,105.600,644.825,496.445,61.412,47.280,180,1,629,489.500,59.905,46.619,505.750,48.167
3169,3169,105.633,644.877,496.596,61.417,47.295,190,1,629,489.500,59.905,46.619,505.750,48.167
3170,3170,105.667,644.939,496.581,61.423,47.293,188,1,629,489.500,59.905,46.619,505.750,48.167
3171,3171,105.700,645.238,496.782,61.451,47.313,188,1,629,489.500,59.905,46.619,505.750,48.167
3172,3172,105.733,645.302,497.007,61.457,47.334,198,1,629,489.500,59.905,46.619,505.750,48.167
3173,3173,105.767,645.390,496.820,61.466,47.316,192,1,629,489.500,59.905,46.619,505.750,48.167
3174,3174,105.800,645.484,496.873,61.475,47.321,194,1,629,489.500,59.905,46.619,505.750,48.167
3175,3175,105.833,645.455,496.887,61.472,47.323,196,1,629,489.500,59.905,46.619,505.750,48.167
3176,3176,105.867,645.494,496.954,61.476,47.329,200,1,629,489.500,59.905,46.619,505.750,48.167
3177,3177,105.900,645.544,496.798,61.480,47.314,191,1,629,489.500,59.905,46.619,505.750,48.167
3178,3178,105.933,645.478,496.957,61.474,47.329,193,1,629,489.500,59.905,46.619,505.750,48.167
3179,3179,105.967,645.473,496.955,61.474,47.329,193,1,629,489.500,59.905,46.619,505.750,48.167
3180,3180,106.000,645.635,497.043,61.489,47.337,192,1,629,489.500,59.905,46.619,505.750,48.167
3181,3181,106.033,646.127,497.050,61.536,47.338,197,1,629,489.500,59.905,46.619,505.750,48.167
3182,3182,106.067,645.922,497.316,61.516,47.363,192,1,629,489.500,59.905,46.619,505.750,48.167
3183,3183,106.100,646.001,497.273,61.524,47.359,189,1,629,489.500,59.905,46.619,505.750,48.167
3184,3184,106.133,645.991,497.062,61.523,47.339,188,1,629,489.500,59.905,46.619,505.750,48.167
3185,3185,106.167,646.279,497.025,61.550,47.336,189,1,629,489.500,59.905,46.619,505.750,48.167
3186,3186,106.200,646.146,496.947,61.538,47.328,189,1,629,489.500,59.905,46.619,505.750,48.167
3187,3187,106.233,645.981,496.963,61.522,47.330,194,1,629,489.500,59.905,46.619,505.750,48.167
3188,3188,106.267,645.911,496.932,61.515,47.327,192,1,629,489.500,59.905,46.619,505.750,48.167
3189,3189,106.300,645.974,497.074,61.521,47.340,182,1,629,489.500,59.905,46.619,505.750,48.167
3190,3190,106.333,645.946,496.961,61.519,47.330,188,1,629,489.500,59.905,46.619,505.750,48.167
3191,3191,106.367,645.837,496.881,61.508,47.322,185,1,629,489.500,59.905,46.619,505.750,48.167
3192,3192,106.400,645.908,496.934,61.515,47.327,180,1,629,489.500,59.905,46.619,505.750,48.167
3193,3193,106.433,646.037,497.066,61.527,47.340,183,1,629,489.500,59.905,46.619,505.750,48.167
3194,3194,106.467,646.072,497.221,61.531,47.354,182,1,629,489.500,59.905,46.619,505.750,48.167
3195,3195,106.500,646.000,497.384,61.524,47.370,176,1,629,489.500,59.905,46.619,505.750,48.167
3196,3196,106.533,646.348,497.769,61.557,47.407,190,1,629,489.500,59.905,46.619,505.750,48.167
3197,3197,106.567,646.310,497.586,61.553,47.389,183,1,629,489.500,59.905,46.619,505.750,48.167
3198,3198,106.600,646.462,497.535,61.568,47.384,176,1,629,489.500,59.905,46.619,505.750,48.167
3199,3199,106.633,646.720,497.787,61.592,47.408,186,1,629,489.500,59.905,46.619,505.750,48.167
3200,3200,106.667,646.824,497.792,61.602,47.409,190,1,629,489.500,59.905,46.619,505.750,48.167
3201,3201,106.700,646.999,498.212,61.619,47.449,188,1,629,489.500,59.905,46.619,505.750,48.167
3202,3202,106.733,647.164,498.278,61.635,47.455,197,1,629,489.500,59.905,46.619,505.750,48.167
3203,3203,106.767,647.024,498.281,61.621,47.455,194,1,629,489.500,59.905,46.619,505.750,48.167
3204,3204,106.800,647.063,498.529,61.625,47.479,191,1,629,489.500,59.905,46.619,505.750,48.167
3205,3205,106.833,647.332,498.977,61.651,47.522,188,1,629,489.500,59.905,46.619,505.750,48.167
3206,3206,106.867,646.852,498.256,61.605,47.453,195,1,629,489.500,59.905,46.619,505.750,48.167
3207,3207,106.900,647.064,498.647,61.625,47.490,183,1,629,489.500,59.905,46.619,505.750,48.167
3208,3208,106.933,647.114,498.541,61.630,47.480,193,1,629,489.500,59.905,46.619,505.750,48.167
3209,3209,106.967,646.836,498.495,61.603,47.476,188,1,629,489.500,59.905,46.619,505.750,48.167
3210,3210,107.000,646.931,498.952,61.612,47.519,177,1,629,489.500,59.905,46.619,505.750,48.167
3211,3211,107.033,647.180,499.163,61.636,47.539,184,1,629,489.500,59.905,46.619,505.750,48.167
3212,3212,107.067,647.182,499.170,61.636,47.540,184,1,629,489.500,59.905,46.619,505.750,48.167
3213,3213,107.100,647.352,499.274,61.653,47.550,189,1,629,489.500,59.905,46.619,505.750,48.167
3214,3214,107.133,647.543,499.368,61.671,47.559,189,1,629,489.500,59.905,46.619,505.750,48.167
3215,3215,107.167,647.532,499.300,61.670,47.552,187,1,629,489.500,59.905,46.619,505.750,48.167
3216,3216,107.200,647.490,499.211,61.666,47.544,188,1,629,489.500,59.905,46.619,505.750,48.167
3217,3217,107.233,647.446,498.943,61.662,47.518,192,1,629,489.500,59.905,46.619,505.750,48.167
3218,3218,107.267,647.382,498.910,61.655,47.515,193,1,629,489.500,59.905,46.619,505.750,48.167
3219,3219,107.300,647.389,498.895,61.656,47.514,191,1,629,489.500,59.905,46.619,505.750,48.167
3220,3220,107.333,647.336,498.863,61.651,47.511,194,1,629,489.500,59.905,46.619,505.750,48.167
3221,3221,107.367,647.215,498.862,61.640,47.511,191,1,629,489.500,59.905,46.619,505.750,48.167
3222,3222,107.400,647.150,499.301,61.633,47.552,177,1,629,489.500,59.905,46.619,505.750,48.167
3223,3223,107.433,647.236,499.426,61.641,47.564,194,1,629,489.500,59.905,46.619,505.750,48.167
3224,3224,107.467,647.035,499.401,61.622,47.562,194,1,629,489.500,59.905,46.619,505.750,48.167
3225,3225,107.500,646.812,499.314,61.601,47.554,188,1,629,489.500,59.905,46.619,505.750,48.167
3226,3226,107.533,647.017,499.537,61.621,47.575,196,1,629,489.500,59.905,46.619,505.750,48.167
3227,3227,107.567,646.937,499.663,61.613,47.587,186,1,629,489.500,59.905,46.619,505.750,48.167
3228,3228,107.600,647.010,499.670,61.620,47.588,185,1,629,489.500,59.905,46.619,505.750,48.167
3229,3229,107.633,647.013,499.717,61.620,47.592,191,1,629,489.500,59.905,46.619,505.750,48.167
3230,3230,107.667,647.005,499.557,61.620,47.577,193,1,629,489.500,59.905,46.619,505.750,48.167
3231,3231,107.700,646.919,499.455,61.611,47.567,192,1,629,489.500,59.905,46.619,505.750,48.167
3232,3232,107.733,647.169,499.607,61.635,47.582,196,1,629,489.500,59.905,46.619,505.750,48.167
3233,3233,107.767,647.053,499.552,61.624,47.576,194,1,629,489.500,59.905,46.619,505.750,48.167
3234,3234,107.800,646.986,499.925,61.618,47.612,184,1,629,489.500,59.905,46.619,505.750,48.167
3235,3235,107.833,646.803,499.752,61.600,47.595,192,1,629,489.500,59.905,46.619,505.750,48.167
3236,3236,107.867,646.770,499.808,61.597,47.601,192,1,629,489.500,59.905,46.619,505.750,48.167
3237,3237,107.900,646.871,499.893,61.607,47.609,186,1,629,489.500,59.905,46.619,505.750,48.167
3238,3238,107.933,647.053,500.323,61.624,47.650,192,1,629,489.500,59.905,46.619,505.750,48.167
3239,3239,107.967,647.053,500.323,61.624,47.650,192,1,629,489.500,59.905,46.619,505.750,48.167
3240,3240,108.000,647.048,500.280,61.624,47.646,191,1,629,489.500,59.905,46.619,505.750,48.167
3241,3241,108.033,646.919,500.343,61.611,47.652,191,1,629,489.500,59.905,46.619,505.750,48.167
3242,3242,108.067,646.861,500.173,61.606,47.635,184,1,629,489.500,59.905,46.619,505.750,48.167
3243,3243,108.100,646.874,500.215,61.607,47.639,182,1,629,489.500,59.905,46.619,505.750,48.167
3244,3244,108.133,646.970,500.274,61.616,47.645,188,1,629,489.500,59.905,46.619,505.750,48.167
3245,3245,108.167,646.970,500.274,61.616,47.645,188,1,629,489.500,59.905,46.619,505.750,48.167
3246,3246,108.200,647.003,500.383,61.619,47.656,186,1,629,489.500,59.905,46.619,505.750,48.167
3247,3247,108.233,647.412,500.493,61.658,47.666,191,1,629,489.500,59.905,46.619,505.750,48.167
3248,3248,108.267,647.384,500.478,61.656,47.665,191,1,629,489.500,59.905,46.619,505.750,48.167
3249,3249,108.300,647.501,500.446,61.667,47.662,189,1,629,489.500,59.905,46.619,505.750,48.167
3250,3250,108.333,647.654,500.788,61.681,47.694,194,1,629,489.500,59.905,46.619,505.750,48.167
3251,3251,108.367,647.794,500.790,61.695,47.694,187,1,629,489.500,59.905,46.619,505.750,48.167
3252,3252,108.400,648.106,500.986,61.724,47.713,183,1,629,489.500,59.905,46.619,505.750,48.167
3253,3253,108.433,648.673,501.214,61.778,47.735,191,1,629,489.500,59.905,46.619,505.750,48.167
3254,3254,108.467,648.827,501.260,61.793,47.739,189,1,629,489.500,59.905,46.619,505.750,48.167
3255,3255,108.500,648.962,501.384,61.806,47.751,188,1,629,489.500,59.905,46.619,505.750,48.167
3256,3256,108.533,648.869,501.254,61.797,47.738,194,1,629,489.500,59.905,46.619,505.750,48.167
3257,3257,108.567,649.217,501.486,61.830,47.761,191,1,629,489.500,59.905,46.619,505.750,48.167
3258,3258,108.600,649.097,501.550,61.819,47.767,183,1,629,489.500,59.905,46.619,505.750,48.167
3259,3259,108.633,649.099,501.552,61.819,47.767,183,1,629,489.500,59.905,46.619,505.750,48.167
3260,3260,108.667,649.245,501.573,61.833,47.769,184,1,629,489.500,59.905,46.619,505.750,48.167
3261,3261,108.700,649.409,501.534,61.848,47.765,179,1,629,489.500,59.905,46.619,505.750,48.167
3262,3262,108.733,649.460,501.724,61.853,47.783,186,1,629,489.500,59.905,46.619,505.750,48.167
3263,3263,108.767,649.594,501.781,61.866,47.789,182,1,629,489.500,59.905,46.619,505.750,48.167
3264,3264,108.800,649.842,501.949,61.890,47.805,178,1,629,489.500,59.905,46.619,505.750,48.167
3265,3265,108.833,649.753,501.994,61.881,47.809,182,1,629,489.500,59.905,46.619,505.750,48.167
3266,3266,108.867,649.941,502.094,61.899,47.818,181,1,629,489.500,59.905,46.619,505.750,48.167
3267,3267,108.900,649.822,502.058,61.888,47.815,172,1,629,489.500,59.905,46.619,505.750,48.167
3268,3268,108.933,650.284,502.374,61.932,47.845,188,1,629,489.500,59.905,46.619,505.750,48.167
3269,3269,108.967,649.898,502.205,61.895,47.829,181,1,629,489.500,59.905,46.619,505.750,48.167
3270,3270,109.000,650.146,502.226,61.919,47.831,173,1,629,489.500,59.905,46.619,505.750,48.167
3271,3271,109.033,650.454,502.480,61.948,47.855,192,1,629,489.500,59.905,46.619,505.750,48.167
3272,3272,109.067,650.385,502.449,61.941,47.852,192,1,629,489.500,59.905,46.619,505.750,48.167
3273,3273,109.100,650.271,502.426,61.931,47.850,186,1,629,489.500,59.905,46.619,505.750,48.167
3274,3274,109.133,650.011,502.400,61.906,47.848,188,1,629,489.500,59.905,46.619,505.750,48.167
3275,3275,109.167,650.096,502.466,61.914,47.854,186,1,629,489.500,59.905,46.619,505.750,48.167
3276,3276,109.200,650.297,502.674,61.933,47.874,186,1,629,489.500,59.905,46.619,505.750,48.167
3277,3277,109.233,650.177,502.588,61.922,47.866,194,1,629,489.500,59.905,46.619,505.750,48.167
3278,3278,109.267,650.239,502.627,61.928,47.869,193,1,629,489.500,59.905,46.619,505.750,48.167
3279,3279,109.300,650.355,502.759,61.939,47.882,191,1,629,489.500,59.905,46.619,505.750,48.167
3280,3280,109.333,650.265,502.684,61.930,47.875,199,1,629,489.500,59.905,46.619,505.750,48.167
3281,3281,109.367,650.217,502.626,61.925,47.869,200,1,629,489.500,59.905,46.619,505.750,48.167
3282,3282,109.400,650.166,502.672,61.921,47.874,188,1,629,489.500,59.905,46.619,505.750,48.167
3283,3283,109.433,650.033,502.668,61.908,47.873,200,1,629,489.500,59.905,46.619,505.750,48.167
3284,3284,109.467,650.090,502.713,61.913,47.877,193,1,629,489.500,59.905,46.619,505.750,48.167
3285,3285,109.500,650.129,502.713,61.917,47.877,189,1,629,489.500,59.905,46.619,505.750,48.167
3286,3286,109.533,649.964,502.767,61.901,47.883,199,1,629,489.500,59.905,46.619,505.750,48.167
3287,3287,109.567,649.957,502.786,61.901,47.884,199,1,629,489.500,59.905,46.619,505.750,48.167
3288,3288,109.600,649.844,502.730,61.890,47.879,189,1,629,489.500,59.905,46.619,505.750,48.167
3289,3289,109.633,649.877,502.759,61.893,47.882,190,1,629,489.500,59.905,46.619,505.750,48.167
3290,3290,109.667,650.054,502.828,61.910,47.888,193,1,629,489.500,59.905,46.619,505.750,48.167
3291,3291,109.700,649.811,502.899,61.887,47.895,195,1,629,489.500,59.905,46.619,505.750,48.167
3292,3292,109.733,649.994,503.046,61.904,47.909,208,1,629,489.500,59.905,46.619,505.750,48.167
3293,3293,109.767,650.069,503.134,61.911,47.917,206,1,629,489.500,59.905,46.619,505.750,48.167
3294,3294,109.800,650.302,503.141,61.934,47.918,199,1,629,489.500,59.905,46.619,505.750,48.167
3295,3295,109.833,650.432,503.203,61.946,47.924,203,1,629,489.500,59.905,46.619,505.750,48.167
3296,3296,109.867,650.688,503.447,61.970,47.947,205,1,629,489.500,59.905,46.619,505.750,48.167
3297,3297,109.900,650.791,503.488,61.980,47.951,203,1,629,489.500,59.905,46.619,505.750,48.167
3298,3298,109.933,650.663,503.338,61.968,47.937,215,1,629,489.500,59.905,46.619,505.750,48.167
3299,3299,109.967,650.907,503.403,61.991,47.943,216,1,629,489.500,59.905,46.619,505.750,48.167
3300,3300,110.000,651.003,503.424,62.000,47.945,213,1,629,489.500,59.905,46.619,505.750,48.167
3301,3301,110.033,651.824,503.764,62.078,47.978,206,1,629,489.500,59.905,46.619,505.750,48.167
3302,3302,110.067,651.929,503.866,62.089,47.987,200,1,629,489.500,59.905,46.619,505.750,48.167
3303,3303,110.100,652.331,504.027,62.127,48.003,199,1,629,489.500,59.905,46.619,505.750,48.167
3304,3304,110.133,652.634,504.146,62.156,48.014,204,1,629,489.500,59.905,46.619,505.750,48.167
3305,3305,110.167,652.647,504.154,62.157,48.015,204,1,629,489.500,59.905,46.619,505.750,48.167
3306,3306,110.200,652.761,504.210,62.168,48.020,202,1,629,489.500,59.905,46.619,505.750,48.167
3307,3307,110.233,653.003,504.291,62.191,48.028,206,1,629,489.500,59.905,46.619,505.750,48.167
3308,3308,110.267,653.214,504.430,62.211,48.041,206,1,629,489.500,59.905,46.619,505.750,48.167
3309,3309,110.300,653.668,504.589,62.254,48.056,200,1,629,489.500,59.905,46.619,505.750,48.167
3310,3310,110.333,653.715,504.480,62.259,48.046,206,1,629,489.500,59.905,46.619,505.750,48.167
3311,3311,110.367,654.056,504.754,62.291,48.072,200,1,629,489.500,59.905,46.619,505.750,48.167
3312,3312,110.400,654.094,504.760,62.295,48.072,189,1,629,489.500,59.905,46.619,505.750,48.167
3313,3313,110.433,654.342,505.042,62.318,48.099,194,1,629,489.500,59.905,46.619,505.750,48.167
3314,3314,110.467,654.385,504.968,62.322,48.092,188,1,629,489.500,59.905,46.619,505.750,48.167
3315,3315,110.500,654.683,505.117,62.351,48.106,177,1,629,489.500,59.905,46.619,505.750,48.167
3316,3316,110.533,655.054,505.377,62.386,48.131,199,1,629,489.500,59.905,46.619,505.750,48.167
3317,3317,110.567,655.049,505.372,62.386,48.131,199,1,629,489.500,59.905,46.619,505.750,48.167
3318,3318,110.600,654.995,505.410,62.381,48.134,185,1,629,489.500,59.905,46.619,505.750,48.167
3319,3319,110.633,654.931,505.440,62.374,48.137,193,1,629,489.500,59.905,46.619,505.750,48.167
3320,3320,110.667,654.575,505.158,62.340,48.110,199,1,629,489.500,59.905,46.619,505.750,48.167
3321,3321,110.700,654.668,505.298,62.349,48.124,190,1,629,489.500,59.905,46.619,505.750,48.167
3322,3322,110.733,654.673,505.459,62.350,48.139,207,1,629,489.500,59.905,46.619,505.750,48.167
3323,3323,110.767,654.715,505.427,62.354,48.136,205,1,629,489.500,59.905,46.619,505.750,48.167
3324,3324,110.800,654.357,505.262,62.320,48.120,198,1,629,489.500,59.905,46.619,505.750,48.167
3325,3325,110.833,654.522,505.300,62.335,48.124,201,1,629,489.500,59.905,46.619,505.750,48.167
3326,3326,110.867,654.264,505.278,62.311,48.122,196,1,629,489.500,59.905,46.619,505.750,48.167
3327,3327,110.900,654.555,505.427,62.339,48.136,197,1,629,489.500,59.905,46.619,505.750,48.167
3328,3328,110.933,654.205,505.209,62.305,48.115,203,1,629,489.500,59.905,46.619,505.750,48.167
3329,3329,110.967,654.238,505.253,62.308,48.119,198,1,629,489.500,59.905,46.619,505.750,48.167
3330,3330,111.000,654.494,505.281,62.333,48.122,193,1,629,489.500,59.905,46.619,505.750,48.167
3331,3331,111.033,654.465,505.299,62.330,48.124,206,1,629,489.500,59.905,46.619,505.750,48.167
3332,3332,111.067,654.648,505.440,62.347,48.137,207,1,629,489.500,59.905,46.619,505.750,48.167
3333,3333,111.100,653.442,504.909,62.233,48.087,186,1,629,489.500,59.905,46.619,505.750,48.167
3334,3334,111.133,653.759,505.046,62.263,48.100,191,1,629,489.500,59.905,46.619,505.750,48.167
3335,3335,111.167,653.774,505.073,62.264,48.102,190,1,629,489.500,59.905,46.619,505.750,48.167
3336,3336,111.200,654.343,505.245,62.318,48.119,199,1,629,489.500,59.905,46.619,505.750,48.167
3337,3337,111.233,654.442,505.212,62.328,48.115,204,1,629,489.500,59.905,46.619,505.750,48.167
3338,3338,111.267,654.394,505.201,62.323,48.114,203,1,629,489.500,59.905,46.619,505.750,48.167
3339,3339,111.300,654.344,505.226,62.319,48.117,200,1,629,489.500,59.905,46.619,505.750,48.167
3340,3340,111.333,654.542,505.286,62.337,48.123,202,1,629,489.500,59.905,46.619,505.750,48.167
3341,3341,111.367,654.653,505.395,62.348,48.133,205,1,629,489.500,59.905,46.619,505.750,48.167
3342,3342,111.400,655.219,505.806,62.402,48.172,205,1,629,489.500,59.905,46.619,505.750,48.167
3343,3343,111.433,655.411,505.877,62.420,48.179,217,1,629,489.500,59.905,46.619,505.750,48.167
3344,3344,111.467,655.528,505.871,62.431,48.178,214,1,629,489.500,59.905,46.619,505.750,48.167
3345,3345,111.500,655.525,505.875,62.431,48.179,210,1,629,489.500,59.905,46.619,505.750,48.167
3346,3346,111.533,655.749,505.984,62.452,48.189,214,1,629,489.500,59.905,46.619,505.750,48.167
3347,3347,111.567,655.903,506.094,62.467,48.199,217,1,629,489.500,59.905,46.619,505.750,48.167
3348,3348,111.600,656.251,506.249,62.500,48.214,208,1,629,489.500,59.905,46.619,505.750,48.167
3349,3349,111.633,656.443,506.392,62.518,48.228,216,1,629,489.500,59.905,46.619,505.750,48.167
3350,3350,111.667,656.509,506.460,62.525,48.234,218,1,629,489.500,59.905,46.619,505.750,48.167
3351,3351,111.700,656.858,506.622,62.558,48.250,214,1,629,489.500,59.905,46.619,505.750,48.167
3352,3352,111.733,656.836,506.636,62.556,48.251,226,1,629,489.500,59.905,46.619,505.750,48.167
3353,3353,111.767,657.089,506.671,62.580,48.254,227,1,629,489.500,59.905,46.619,505.750,48.167
3354,3354,111.800,657.019,506.614,62.573,48.249,216,1,629,489.500,59.905,46.619,505.750,48.167
3355,3355,111.833,657.521,506.884,62.621,48.275,220,1,629,489.500,59.905,46.619,505.750,48.167
3356,3356,111.867,657.509,506.874,62.620,48.274,220,1,629,489.500,59.905,46.619,505.750,48.167
3357,3357,111.900,656.931,506.486,62.565,48.237,199,1,629,489.500,59.905,46.619,505.750,48.167
3358,3358,111.933,657.302,506.653,62.600,48.253,206,1,629,489.500,59.905,46.619,505.750,48.167
3359,3359,111.967,657.354,506.692,62.605,48.256,205,1,629,489.500,59.905,46.619,505.750,48.167
3360,3360,112.000,657.384,506.749,62.608,48.262,200,1,629,489.500,59.905,46.619,505.750,48.167
3361,3361,112.033,658.781,507.502,62.741,48.334,201,1,629,489.500,59.905,46.619,505.750,48.167
3362,3362,112.067,659.068,507.653,62.768,48.348,195,1,629,489.500,59.905,46.619,505.750,48.167
3363,3363,112.100,659.256,507.793,62.786,48.361,193,1,629,489.500,59.905,46.619,505.750,48.167
3364,3364,112.133,659.580,507.856,62.817,48.367,192,1,629,489.500,59.905,46.619,505.750,48.167
3365,3365,112.167,659.838,507.962,62.842,48.377,194,1,629,489.500,59.905,46.619,505.750,48.167
3366,3366,112.200,660.111,508.167,62.868,48.397,190,1,629,489.500,59.905,46.619,505.750,48.167
3367,3367,112.233,660.046,508.127,62.861,48.393,189,1,629,489.500,59.905,46.619,505.750,48.167
3368,3368,112.267,659.941,508.127,62.851,48.393,186,1,629,489.500,59.905,46.619,505.750,48.167
3369,3369,112.300,659.968,508.176,62.854,48.398,188,1,629,489.500,59.905,46.619,505.750,48.167
3370,3370,112.333,659.781,508.106,62.836,48.391,190,1,629,489.500,59.905,46.619,505.750,48.167
3371,3371,112.367,660.003,508.233,62.857,48.403,187,1,629,489.500,59.905,46.619,505.750,48.167
3372,3372,112.400,659.700,508.044,62.829,48.385,181,1,629,489.500,59.905,46.619,505.750,48.167
3373,3373,112.433,659.667,508.024,62.825,48.383,200,1,629,489.500,59.905,46.619,505.750,48.167
3374,3374,112.467,659.565,507.976,62.816,48.379,198,1,629,489.500,59.905,46.619,505.750,48.167
3375,3375,112.500,659.647,507.970,62.824,48.378,191,1,629,489.500,59.905,46.619,505.750,48.167
3376,3376,112.533,659.637,507.977,62.823,48.379,192,1,629,489.500,59.905,46.619,505.750,48.167
3377,3377,112.567,659.723,507.885,62.831,48.370,191,1,629,489.500,59.905,46.619,505.750,48.167
3378,3378,112.600,659.439,507.775,62.804,48.359,189,1,629,489.500,59.905,46.619,505.750,48.167
3379,3379,112.633,659.726,507.852,62.831,48.367,196,1,629,489.500,59.905,46.619,505.750,48.167
3380,3380,112.667,659.707,507.818,62.829,48.364,197,1,629,489.500,59.905,46.619,505.750,48.167
3381,3381,112.700,659.749,507.846,62.833,48.366,196,1,629,489.500,59.905,46.619,505.750,48.167
3382,3382,112.733,659.783,507.856,62.836,48.367,196,1,629,489.500,59.905,46.619,505.750,48.167
3383,3383,112.767,659.724,507.810,62.831,48.363,195,1,629,489.500,59.905,46.619,505.750,48.167
3384,3384,112.800,659.942,507.929,62.852,48.374,194,1,629,489.500,59.905,46.619,505.750,48.167
3385,3385,112.833,659.828,507.838,62.841,48.365,197,1,629,489.500,59.905,46.619,505.750,48.167
3386,3386,112.867,659.853,507.819,62.843,48.364,194,1,629,489.500,59.905,46.619,505.750,48.167
3387,3387,112.900,659.705,507.708,62.829,48.353,190,1,629,489.500,59.905,46.619,505.750,48.167
3388,3388,112.933,659.904,507.799,62.848,48.362,195,1,629,489.500,59.905,46.619,505.750,48.167
3389,3389,112.967,660.212,507.933,62.877,48.375,198,1,629,489.500,59.905,46.619,505.750,48.167
3390,3390,113.000,660.313,507.932,62.887,48.374,198,1,629,489.500,59.905,46.619,505.750,48.167
3391,3391,113.033,660.235,507.964,62.880,48.378,209,1,629,489.500,59.905,46.619,505.750,48.167
3392,3392,113.067,660.323,507.968,62.888,48.378,199,1,629,489.500,59.905,46.619,505.750,48.167
3393,3393,113.100,660.791,508.241,62.932,48.404,196,1,629,489.500,59.905,46.619,505.750,48.167
3394,3394,113.133,660.952,508.395,62.948,48.419,205,1,629,489.500,59.905,46.619,505.750,48.167
3395,3395,113.167,660.960,508.413,62.949,48.420,203,1,629,489.500,59.905,46.619,505.750,48.167
3396,3396,113.200,661.018,508.459,62.954,48.425,203,1,629,489.500,59.905,46.619,505.750,48.167
3397,3397,113.233,661.121,508.516,62.964,48.430,207,1,629,489.500,59.905,46.619,505.750,48.167
3398,3398,113.267,661.229,508.616,62.974,48.440,209,1,629,489.500,59.905,46.619,505.750,48.167
3399,3399,113.300,661.153,508.548,62.967,48.433,204,1,629,489.500,59.905,46.619,505.750,48.167
3400,3400,113.333,661.666,508.861,63.016,48.463,214,1,629,489.500,59.905,46.619,505.750,48.167
3401,3401,113.367,661.729,508.958,63.022,48.472,217,1,629,489.500,59.905,46.619,505.750,48.167
3402,3402,113.400,661.588,508.907,63.008,48.467,215,1,629,489.500,59.905,46.619,505.750,48.167
3403,3403,113.433,661.858,509.036,63.034,48.480,218,1,629,489.500,59.905,46.619,505.750,48.167
3404,3404,113.467,661.731,508.871,63.022,48.464,216,1,629,489.500,59.905,46.619,505.750,48.167
3405,3405,113.500,662.218,509.198,63.068,48.495,217,1,629,489.500,59.905,46.619,505.750,48.167
3406,3406,113.533,662.177,509.235,63.064,48.499,221,1,629,489.500,59.905,46.619,505.750,48.167
3407,3407,113.567,661.976,509.083,63.045,48.484,216,1,629,489.500,59.905,46.619,505.750,48.167
3408,3408,113.600,662.094,509.147,63.057,48.490,210,1,629,489.500,59.905,46.619,505.750,48.167
3409,3409,113.633,662.257,509.233,63.072,48.498,225,1,629,489.500,59.905,46.619,505.750,48.167
3410,3410,113.667,662.385,509.278,63.084,48.503,222,1,629,489.500,59.905,46.619,505.750,48.167
3411,3411,113.700,662.240,509.271,63.070,48.502,215,1,629,489.500,59.905,46.619,505.750,48.167
3412,3412,113.733,662.193,509.252,63.066,48.500,220,1,629,489.500,59.905,46.619,505.750,48.167
3413,3413,113.767,662.216,509.225,63.068,48.498,217,1,629,489.500,59.905,46.619,505.750,48.167
3414,3414,113.800,661.824,508.973,63.031,48.474,206,1,629,489.500,59.905,46.619,505.750,48.167
3415,3415,113.833,661.587,508.877,63.008,48.464,214,1,629,489.500,59.905,46.619,505.750,48.167
3416,3416,113.867,662.036,509.031,63.051,48.479,208,1,629,489.500,59.905,46.619,505.750,48.167
3417,3417,113.900,662.152,509.084,63.062,48.484,204,1,629,489.500,59.905,46.619,505.750,48.167
3418,3418,113.933,662.490,509.235,63.094,48.499,205,1,629,489.500,59.905,46.619,505.750,48.167
3419,3419,113.967,663.028,509.612,63.146,48.534,201,1,629,489.500,59.905,46.619,505.750,48.167
3420,3420,114.000,663.575,510.001,63.198,48.572,197,1,629,489.500,59.905,46.619,505.750,48.167
3421,3421,114.033,664.181,510.266,63.255,48.597,207,1,629,489.500,59.905,46.619,505.750,48.167
3422,3422,114.067,664.243,510.331,63.261,48.603,199,1,629,489.500,59.905,46.619,505.750,48.167
3423,3423,114.100,664.811,510.574,63.315,48.626,195,1,629,489.500,59.905,46.619,505.750,48.167
3424,3424,114.133,664.790,510.578,63.313,48.626,196,1,629,489.500,59.905,46.619,505.750,48.167
3425,3425,114.167,664.790,510.578,63.313,48.626,196,1,629,489.500,59.905,46.619,505.750,48.167
3426,3426,114.200,664.790,510.578,63.313,48.626,196,1,629,489.500,59.905,46.619,505.750,48.167
3427,3427,114.233,664.717,510.520,63.306,48.621,197,1,629,489.500,59.905,46.619,505.750,48.167
3428,3428,114.267,664.717,510.520,63.306,48.621,197,1,629,489.500,59.905,46.619,505.750,48.167
3429,3429,114.300,664.717,510.520,63.306,48.621,197,1,629,489.500,59.905,46.619,505.750,48.167
3430,3430,114.333,664.663,510.444,63.301,48.614,198,1,629,489.500,59.905,46.619,505.750,48.167
3431,3431,114.367,664.663,510.444,63.301,48.614,198,1,629,489.500,59.905,46.619,505.750,48.167
3432,3432,114.400,664.634,510.444,63.298,48.614,197,1,629,489.500,59.905,46.619,505.750,48.167
3433,3433,114.433,664.521,510.352,63.288,48.605,200,1,629,489.500,59.905,46.619,505.750,48.167
3434,3434,114.467,664.476,510.319,63.283,48.602,201,1,629,489.500,59.905,46.619,505.750,48.167
3435,3435,114.500,664.644,510.364,63.299,48.606,198,1,629,489.500,59.905,46.619,505.750,48.167
3436,3436,114.533,664.348,510.198,63.271,48.590,204,1,629,489.500,59.905,46.619,505.750,48.167
3437,3437,114.567,664.512,510.286,63.287,48.599,199,1,629,489.500,59.905,46.619,505.750,48.167
3438,3438,114.600,664.524,510.296,63.288,48.600,199,1,629,489.500,59.905,46.619,505.750,48.167
3439,3439,114.633,664.592,510.269,63.294,48.597,201,1,629,489.500,59.905,46.619,505.750,48.167
3440,3440,114.667,664.560,510.225,63.291,48.593,200,1,629,489.500,59.905,46.619,505.750,48.167
3441,3441,114.700,664.500,510.183,63.286,48.589,199,1,629,489.500,59.905,46.619,505.750,48.167
3442,3442,114.733,664.574,510.225,63.293,48.593,200,1,629,489.500,59.905,46.619,505.750,48.167
3443,3443,114.767,664.506,510.148,63.286,48.585,198,1,629,489.500,59.905,46.619,505.750,48.167
3444,3444,114.800,664.934,510.344,63.327,48.604,199,1,629,489.500,59.905,46.619,505.750,48.167
3445,3445,114.833,664.884,510.341,63.322,48.604,211,1,629,489.500,59.905,46.619,505.750,48.167
3446,3446,114.867,664.719,510.179,63.307,48.588,207,1,629,489.500,59.905,46.619,505.750,48.167
3447,3447,114.900,664.539,510.118,63.289,48.583,201,1,629,489.500,59.905,46.619,505.750,48.167
3448,3448,114.933,664.594,510.167,63.295,48.587,201,1,629,489.500,59.905,46.619,505.750,48.167
3449,3449,114.967,664.546,510.101,63.290,48.581,200,1,629,489.500,59.905,46.619,505.750,48.167
3450,3450,115.000,664.581,510.053,63.293,48.577,199,1,629,489.500,59.905,46.619,505.750,48.167
3451,3451,115.033,664.539,510.046,63.289,48.576,204,1,629,489.500,59.905,46.619,505.750,48.167
3452,3452,115.067,664.478,510.038,63.284,48.575,206,1,629,489.500,59.905,46.619,505.750,48.167
3453,3453,115.100,664.539,510.065,63.289,48.578,201,1,629,489.500,59.905,46.619,505.750,48.167
3454,3454,115.133,664.557,510.013,63.291,48.573,207,1,629,489.500,59.905,46.619,505.750,48.167
3455,3455,115.167,664.561,510.042,63.292,48.575,204,1,629,489.500,59.905,46.619,505.750,48.167
3456,3456,115.200,664.660,510.145,63.301,48.585,199,1,629,489.500,59.905,46.619,505.750,48.167
3457,3457,115.233,664.940,510.321,63.328,48.602,207,1,629,489.500,59.905,46.619,505.750,48.167
3458,3458,115.267,664.940,510.260,63.328,48.596,207,1,629,489.500,59.905,46.619,505.750,48.167
3459,3459,115.300,665.199,510.352,63.352,48.605,201,1,629,489.500,59.905,46.619,505.750,48.167
3460,3460,115.333,665.501,510.663,63.381,48.635,215,1,629,489.500,59.905,46.619,505.750,48.167
3461,3461,115.367,665.480,510.618,63.379,48.630,214,1,629,489.500,59.905,46.619,505.750,48.167
3462,3462,115.400,666.054,510.959,63.434,48.663,219,1,629,489.500,59.905,46.619,505.750,48.167
3463,3463,115.433,666.059,511.013,63.434,48.668,231,1,629,489.500,59.905,46.619,505.750,48.167
3464,3464,115.467,665.954,510.963,63.424,48.663,229,1,629,489.500,59.905,46.619,505.750,48.167
3465,3465,115.500,665.888,510.985,63.418,48.665,223,1,629,489.500,59.905,46.619,505.750,48.167
3466,3466,115.533,666.106,511.160,63.439,48.682,227,1,629,489.500,59.905,46.619,505.750,48.167
3467,3467,115.567,665.919,511.090,63.421,48.675,224,1,629,489.500,59.905,46.619,505.750,48.167
3468,3468,115.600,666.489,511.503,63.475,48.715,213,1,629,489.500,59.905,46.619,505.750,48.167
3469,3469,115.633,666.366,511.493,63.463,48.714,223,1,629,489.500,59.905,46.619,505.750,48.167
3470,3470,115.667,666.376,511.456,63.464,48.710,223,1,629,489.500,59.905,46.619,505.750,48.167
3471,3471,115.700,666.753,511.821,63.500,48.745,220,1,629,489.500,59.905,46.619,505.750,48.167
3472,3472,115.733,666.704,511.776,63.496,48.741,228,1,629,489.500,59.905,46.619,505.750,48.167
3473,3473,115.767,666.700,511.775,63.495,48.741,228,1,629,489.500,59.905,46.619,505.750,48.167
3474,3474,115.800,666.934,511.865,63.518,48.749,217,1,629,489.500,59.905,46.619,505.750,48.167
3475,3475,115.833,666.796,512.019,63.504,48.764,234,1,629,489.500,59.905,46.619,505.750,48.167
3476,3476,115.867,666.915,512.036,63.516,48.765,227,1,629,489.500,59.905,46.619,505.750,48.167
3477,3477,115.900,667.014,511.984,63.525,48.760,219,1,629,489.500,59.905,46.619,505.750,48.167
3478,3478,115.933,667.169,512.281,63.540,48.789,231,1,629,489.500,59.905,46.619,505.750,48.167
3479,3479,115.967,667.031,512.078,63.527,48.769,229,1,629,489.500,59.905,46.619,505.750,48.167
3480,3480,116.000,667.548,512.540,63.576,48.813,216,1,629,489.500,59.905,46.619,505.750,48.167
3481,3481,116.033,667.843,512.858,63.604,48.844,217,1,629,489.500,59.905,46.619,505.750,48.167
3482,3482,116.067,668.088,513.136,63.627,48.870,212,1,629,489.500,59.905,46.619,505.750,48.167
3483,3483,116.100,668.224,513.311,63.640,48.887,209,1,629,489.500,59.905,46.619,505.750,48.167
3484,3484,116.133,668.370,513.374,63.654,48.893,206,1,629,489.500,59.905,46.619,505.750,48.167
3485,3485,116.167,668.576,513.573,63.674,48.912,202,1,629,489.500,59.905,46.619,505.750,48.167
3486,3486,116.200,668.687,513.657,63.684,48.920,199,1,629,489.500,59.905,46.619,505.750,48.167
3487,3487,116.233,668.643,513.657,63.680,48.920,203,1,629,489.500,59.905,46.619,505.750,48.167
3488,3488,116.267,668.651,513.792,63.681,48.933,202,1,629,489.500,59.905,46.619,505.750,48.167
3489,3489,116.300,668.658,513.778,63.682,48.931,202,1,629,489.500,59.905,46.619,505.750,48.167
3490,3490,116.333,668.658,513.780,63.682,48.931,202,1,629,489.500,59.905,46.619,505.750,48.167
3491,3491,116.367,668.731,513.811,63.689,48.934,197,1,629,489.500,59.905,46.619,505.750,48.167
3492,3492,116.400,668.888,513.872,63.704,48.940,195,1,629,489.500,59.905,46.619,505.750,48.167
3493,3493,116.433,668.857,513.848,63.701,48.938,200,1,629,489.500,59.905,46.619,505.750,48.167
3494,3494,116.467,668.934,513.810,63.708,48.934,198,1,629,489.500,59.905,46.619,505.750,48.167
3495,3495,116.500,668.951,513.723,63.710,48.926,196,1,629,489.500,59.905,46.619,505.750,48.167
3496,3496,116.533,668.937,513.773,63.708,48.931,204,1,629,489.500,59.905,46.619,505.750,48.167
3497,3497,116.567,669.000,513.685,63.714,48.922,205,1,629,489.500,59.905,46.619,505.750,48.167
3498,3498,116.600,669.050,513.655,63.719,48.920,202,1,629,489.500,59.905,46.619,505.750,48.167
3499,3499,116.633,668.684,513.442,63.684,48.899,213,1,629,489.500,59.905,46.619,505.750,48.167
3500,3500,116.667,668.676,513.351,63.683,48.891,209,1,629,489.500,59.905,46.619,505.750,48.167
3501,3501,116.700,669.030,513.606,63.717,48.915,207,1,629,489.500,59.905,46.619,505.750,48.167
3502,3502,116.733,668.969,513.497,63.711,48.904,211,1,629,489.500,59.905,46.619,505.750,48.167
3503,3503,116.767,669.009,513.434,63.715,48.898,210,1,629,489.500,59.905,46.619,505.750,48.167
3504,3504,116.800,669.134,513.542,63.727,48.909,211,1,629,489.500,59.905,46.619,505.750,48.167
3505,3505,116.833,669.386,513.672,63.751,48.921,213,1,629,489.500,59.905,46.619,505.750,48.167
3506,3506,116.867,669.316,513.590,63.744,48.913,212,1,629,489.500,59.905,46.619,505.750,48.167
3507,3507,116.900,669.590,513.737,63.770,48.927,206,1,629,489.500,59.905,46.619,505.750,48.167
3508,3508,116.933,669.367,513.428,63.749,48.898,206,1,629,489.500,59.905,46.619,505.750,48.167
3509,3509,116.967,669.434,513.456,63.756,48.901,205,1,629,489.500,59.905,46.619,505.750,48.167
3510,3510,117.000,669.576,513.596,63.769,48.914,202,1,629,489.500,59.905,46.619,505.750,48.167
3511,3511,117.033,669.689,513.691,63.780,48.923,205,1,629,489.500,59.905,46.619,505.750,48.167
3512,3512,117.067,669.742,513.737,63.785,48.927,208,1,629,489.500,59.905,46.619,505.750,48.167
3513,3513,117.100,669.924,513.856,63.802,48.939,205,1,629,489.500,59.905,46.619,505.750,48.167
3514,3514,117.133,670.073,514.022,63.816,48.954,212,1,629,489.500,59.905,46.619,505.750,48.167
3515,3515,117.167,670.247,514.200,63.833,48.971,213,1,629,489.500,59.905,46.619,505.750,48.167
3516,3516,117.200,670.451,514.295,63.852,48.980,205,1,629,489.500,59.905,46.619,505.750,48.167
3517,3517,117.233,670.503,514.320,63.857,48.983,210,1,629,489.500,59.905,46.619,505.750,48.167
3518,3518,117.267,670.450,514.326,63.852,48.983,210,1,629,489.500,59.905,46.619,505.750,48.167
3519,3519,117.300,670.743,514.522,63.880,49.002,206,1,629,489.500,59.905,46.619,505.750,48.167
3520,3520,117.333,670.895,514.792,63.895,49.028,212,1,629,489.500,59.905,46.619,505.750,48.167
3521,3521,117.367,670.752,514.570,63.881,49.007,208,1,629,489.500,59.905,46.619,505.750,48.167
3522,3522,117.400,671.394,515.291,63.942,49.075,217,1,629,489.500,59.905,46.619,505.750,48.167
3523,3523,117.433,671.219,515.229,63.926,49.069,221,1,629,489.500,59.905,46.619,505.750,48.167
3524,3524,117.467,671.374,515.429,63.940,49.089,225,1,629,489.500,59.905,46.619,505.750,48.167
3525,3525,117.500,671.521,515.625,63.954,49.107,224,1,629,489.500,59.905,46.619,505.750,48.167
3526,3526,117.533,671.543,515.645,63.956,49.109,227,1,629,489.500,59.905,46.619,505.750,48.167
3527,3527,117.567,671.502,515.631,63.953,49.108,223,1,629,489.500,59.905,46.619,505.750,48.167
3528,3528,117.600,671.820,515.983,63.983,49.141,211,1,629,489.500,59.905,46.619,505.750,48.167
3529,3529,117.633,671.986,516.114,63.999,49.154,216,1,629,489.500,59.905,46.619,505.750,48.167
3530,3530,117.667,672.047,516.174,64.004,49.159,217,1,629,489.500,59.905,46.619,505.750,48.167
3531,3531,117.700,672.153,516.295,64.015,49.171,207,1,629,489.500,59.905,46.619,505.750,48.167
3532,3532,117.733,672.320,516.540,64.030,49.194,213,1,629,489.500,59.905,46.619,505.750,48.167
3533,3533,117.767,672.368,516.690,64.035,49.209,206,1,629,489.500,59.905,46.619,505.750,48.167
3534,3534,117.800,672.943,517.362,64.090,49.273,205,1,629,489.500,59.905,46.619,505.750,48.167
3535,3535,117.833,672.943,517.453,64.090,49.281,211,1,629,489.500,59.905,46.619,505.750,48.167
3536,3536,117.867,673.282,517.724,64.122,49.307,198,1,629,489.500,59.905,46.619,505.750,48.167
3537,3537,117.900,673.329,517.878,64.127,49.322,201,1,629,489.500,59.905,46.619,505.750,48.167
3538,3538,117.933,673.447,518.059,64.138,49.339,206,1,629,489.500,59.905,46.619,505.750,48.167
3539,3539,117.967,673.447,518.059,64.138,49.339,206,1,629,489.500,59.905,46.619,505.750,48.167
3540,3540,118.000,673.552,518.121,64.148,49.345,204,1,629,489.500,59.905,46.619,505.750,48.167
3541,3541,118.033,673.778,518.167,64.169,49.349,207,1,629,489.500,59.905,46.619,505.750,48.167
3542,3542,118.067,673.600,517.906,64.152,49.324,192,1,629,489.500,59.905,46.619,505.750,48.167
3543,3543,118.100,673.601,517.948,64.152,49.328,199,1,629,489.500,59.905,46.619,505.750,48.167
3544,3544,118.133,673.790,517.965,64.171,49.330,197,1,629,489.500,59.905,46.619,505.750,48.167
3545,3545,118.167,673.793,517.940,64.171,49.328,198,1,629,489.500,59.905,46.619,505.750,48.167
3546,3546,118.200,673.865,517.975,64.178,49.331,196,1,629,489.500,59.905,46.619,505.750,48.167
3547,3547,118.233,673.776,517.779,64.169,49.312,204,1,629,489.500,59.905,46.619,505.750,48.167
3548,3548,118.267,673.815,517.633,64.173,49.298,203,1,629,489.500,59.905,46.619,505.750,48.167
3549,3549,118.300,673.815,517.633,64.173,49.298,203,1,629,489.500,59.905,46.619,505.750,48.167
3550,3550,118.333,673.873,517.550,64.178,49.290,201,1,629,489.500,59.905,46.619,505.750,48.167
3551,3551,118.367,673.973,517.368,64.188,49.273,204,1,629,489.500,59.905,46.619,505.750,48.167
3552,3552,118.400,674.029,517.415,64.193,49.278,207,1,629,489.500,59.905,46.619,505.750,48.167
3553,3553,118.433,674.238,517.587,64.213,49.294,211,1,629,489.500,59.905,46.619,505.750,48.167
3554,3554,118.467,674.201,517.519,64.210,49.288,212,1,629,489.500,59.905,46.619,505.750,48.167
3555,3555,118.500,674.178,517.486,64.207,49.284,212,1,629,489.500,59.905,46.619,505.750,48.167
3556,3556,118.533,674.194,517.364,64.209,49.273,211,1,629,489.500,59.905,46.619,505.750,48.167
3557,3557,118.567,674.045,517.168,64.195,49.254,206,1,629,489.500,59.905,46.619,505.750,48.167
3558,3558,118.600,674.042,517.162,64.194,49.254,208,1,629,489.500,59.905,46.619,505.750,48.167
3559,3559,118.633,674.373,517.513,64.226,49.287,213,1,629,489.500,59.905,46.619,505.750,48.167
3560,3560,118.667,674.170,517.287,64.207,49.265,210,1,629,489.500,59.905,46.619,505.750,48.167
3561,3561,118.700,674.170,517.284,64.207,49.265,212,1,629,489.500,59.905,46.619,505.750,48.167
3562,3562,118.733,674.520,517.667,64.240,49.302,222,1,629,489.500,59.905,46.619,505.750,48.167
3563,3563,118.767,674.472,517.571,64.235,49.292,218,1,629,489.500,59.905,46.619,505.750,48.167
3564,3564,118.800,674.481,517.570,64.236,49.292,218,1,629,489.500,59.905,46.619,505.750,48.167
3565,3565,118.833,674.752,517.923,64.262,49.326,221,1,629,489.500,59.905,46.619,505.750,48.167
3566,3566,118.867,674.960,518.146,64.282,49.347,221,1,629,489.500,59.905,46.619,505.750,48.167
3567,3567,118.900,674.960,518.146,64.282,49.347,221,1,629,489.500,59.905,46.619,505.750,48.167
3568,3568,118.933,675.100,518.579,64.295,49.389,230,1,629,489.500,59.905,46.619,505.750,48.167
3569,3569,118.967,674.929,518.310,64.279,49.363,223,1,629,489.500,59.905,46.619,505.750,48.167
3570,3570,119.000,674.889,518.347,64.275,49.366,220,1,629,489.500,59.905,46.619,505.750,48.167
3571,3571,119.033,674.944,518.520,64.280,49.383,225,1,629,489.500,59.905,46.619,505.750,48.167
3572,3572,119.067,674.995,518.539,64.285,49.385,220,1,629,489.500,59.905,46.619,505.750,48.167
3573,3573,119.100,675.247,519.061,64.309,49.434,231,1,629,489.500,59.905,46.619,505.750,48.167
3574,3574,119.133,675.464,519.227,64.330,49.450,233,1,629,489.500,59.905,46.619,505.750,48.167
3575,3575,119.167,675.347,519.034,64.319,49.432,224,1,629,489.500,59.905,46.619,505.750,48.167
3576,3576,119.200,675.334,519.058,64.318,49.434,224,1,629,489.500,59.905,46.619,505.750,48.167
3577,3577,119.233,675.196,518.970,64.304,49.426,231,1,629,489.500,59.905,46.619,505.750,48.167
3578,3578,119.267,675.252,519.042,64.310,49.433,227,1,629,489.500,59.905,46.619,505.750,48.167
3579,3579,119.300,675.288,519.080,64.313,49.436,228,1,629,489.500,59.905,46.619,505.750,48.167
3580,3580,119.333,675.271,519.150,64.311,49.443,235,1,629,489.500,59.905,46.619,505.750,48.167
3581,3581,119.367,675.327,519.103,64.317,49.438,225,1,629,489.500,59.905,46.619,505.750,48.167
3582,3582,119.400,675.323,519.184,64.316,49.446,227,1,629,489.500,59.905,46.619,505.750,48.167
3583,3583,119.433,675.540,519.411,64.337,49.468,232,1,629,489.500,59.905,46.619,505.750,48.167
3584,3584,119.467,675.500,519.392,64.333,49.466,228,1,629,489.500,59.905,46.619,505.750,48.167
3585,3585,119.500,675.457,519.402,64.329,49.467,228,1,629,489.500,59.905,46.619,505.750,48.167
3586,3586,119.533,675.858,519.985,64.367,49.522,229,1,629,489.500,59.905,46.619,505.750,48.167
3587,3587,119.567,675.906,520.089,64.372,49.532,219,1,629,489.500,59.905,46.619,505.750,48.167
3588,3588,119.600,676.101,520.368,64.391,49.559,217,1,629,489.500,59.905,46.619,505.750,48.167
3589,3589,119.633,676.190,520.420,64.399,49.564,217,1,629,489.500,59.905,46.619,505.750,48.167
3590,3590,119.667,676.230,520.576,64.403,49.579,213,1,629,489.500,59.905,46.619,505.750,48.167
3591,3591,119.700,676.161,520.761,64.396,49.596,220,1,629,489.500,59.905,46.619,505.750,48.167
3592,3592,119.733,676.438,521.060,64.423,49.625,216,1,629,489.500,59.905,46.619,505.750,48.167
3593,3593,119.767,676.738,521.347,64.451,49.652,205,1,629,489.500,59.905,46.619,505.750,48.167
3594,3594,119.800,676.753,521.521,64.453,49.669,209,1,629,489.500,59.905,46.619,505.750,48.167
3595,3595,119.833,677.111,521.915,64.487,49.706,209,1,629,489.500,59.905,46.619,505.750,48.167
3596,3596,119.867,676.967,521.840,64.473,49.699,202,1,629,489.500,59.905,46.619,505.750,48.167
3597,3597,119.900,677.028,521.824,64.479,49.698,200,1,629,489.500,59.905,46.619,505.750,48.167
3598,3598,119.933,677.340,522.115,64.509,49.725,207,1,629,489.500,59.905,46.619,505.750,48.167
3599,3599,119.967,677.272,521.984,64.502,49.713,200,1,629,489.500,59.905,46.619,505.750,48.167
3600,3600,120.000,677.447,522.111,64.519,49.725,197,1,629,489.500,59.905,46.619,505.750,48.167
3601,3601,120.033,677.738,522.052,64.547,49.719,213,1,629,489.500,59.905,46.619,505.750,48.167
3602,3602,120.067,677.446,521.693,64.519,49.685,204,1,629,489.500,59.905,46.619,505.750,48.167
3603,3603,120.100,677.398,521.201,64.514,49.638,209,1,629,489.500,59.905,46.619,505.750,48.167
3604,3604,120.133,677.489,521.088,64.523,49.627,210,1,629,489.500,59.905,46.619,505.750,48.167
3605,3605,120.167,677.688,521.160,64.542,49.634,209,1,629,489.500,59.905,46.619,505.750,48.167
3606,3606,120.200,677.635,520.926,64.537,49.612,204,1,629,489.500,59.905,46.619,505.750,48.167
3607,3607,120.233,677.657,520.928,64.539,49.612,204,1,629,489.500,59.905,46.619,505.750,48.167
3608,3608,120.267,677.787,520.904,64.551,49.610,205,1,629,489.500,59.905,46.619,505.750,48.167
3609,3609,120.300,677.772,520.716,64.550,49.592,208,1,629,489.500,59.905,46.619,505.750,48.167
3610,3610,120.333,677.718,520.389,64.545,49.561,211,1,629,489.500,59.905,46.619,505.750,48.167
3611,3611,120.367,677.588,519.838,64.532,49.508,204,1,629,489.500,59.905,46.619,505.750,48.167
3612,3612,120.400,677.498,519.668,64.524,49.492,207,1,629,489.500,59.905,46.619,505.750,48.167
3613,3613,120.433,677.579,519.687,64.531,49.494,212,1,629,489.500,59.905,46.619,505.750,48.167
3614,3614,120.467,677.668,519.795,64.540,49.504,209,1,629,489.500,59.905,46.619,505.750,48.167
3615,3615,120.500,677.810,519.876,64.553,49.512,205,1,629,489.500,59.905,46.619,505.750,48.167
3616,3616,120.533,677.734,519.772,64.546,49.502,208,1,629,489.500,59.905,46.619,505.750,48.167
3617,3617,120.567,677.772,519.748,64.550,49.500,208,1,629,489.500,59.905,46.619,505.750,48.167
3618,3618,120.600,677.773,519.817,64.550,49.506,206,1,629,489.500,59.905,46.619,505.750,48.167
3619,3619,120.633,677.941,520.217,64.566,49.544,212,1,629,489.500,59.905,46.619,505.750,48.167
3620,3620,120.667,677.933,520.082,64.565,49.532,210,1,629,489.500,59.905,46.619,505.750,48.167
3621,3621,120.700,677.933,520.082,64.565,49.532,210,1,629,489.500,59.905,46.619,505.750,48.167
3622,3622,120.733,678.000,520.307,64.571,49.553,212,1,629,489.500,59.905,46.619,505.750,48.167
3623,3623,120.767,678.141,520.477,64.585,49.569,203,1,629,489.500,59.905,46.619,505.750,48.167
3624,3624,120.800,678.194,520.662,64.590,49.587,203,1,629,489.500,59.905,46.619,505.750,48.167
3625,3625,120.833,678.303,521.005,64.600,49.620,216,1,629,489.500,59.905,46.619,505.750,48.167
3626,3626,120.867,678.394,521.141,64.609,49.632,210,1,629,489.500,59.905,46.619,505.750,48.167
3627,3627,120.900,678.431,521.262,64.613,49.644,214,1,629,489.500,59.905,46.619,505.750,48.167
3628,3628,120.933,678.415,521.355,64.611,49.653,221,1,629,489.500,59.905,46.619,505.750,48.167
3629,3629,120.967,678.563,521.487,64.625,49.665,216,1,629,489.500,59.905,46.619,505.750,48.167
3630,3630,121.000,678.609,521.690,64.629,49.685,219,1,629,489.500,59.905,46.619,505.750,48.167
3631,3631,121.033,678.685,521.880,64.637,49.703,223,1,629,489.500,59.905,46.619,505.750,48.167
3632,3632,121.067,678.651,521.835,64.633,49.699,222,1,629,489.500,59.905,46.619,505.750,48.167
3633,3633,121.100,678.718,521.999,64.640,49.714,224,1,629,489.500,59.905,46.619,505.750,48.167
3634,3634,121.133,678.966,522.485,64.663,49.761,233,1,629,489.500,59.905,46.619,505.750,48.167
3635,3635,121.167,679.013,522.404,64.668,49.753,217,1,629,489.500,59.905,46.619,505.750,48.167
3636,3636,121.200,679.133,522.830,64.679,49.793,223,1,629,489.500,59.905,46.619,505.750,48.167
3637,3637,121.233,679.119,522.828,64.678,49.793,226,1,629,489.500,59.905,46.619,505.750,48.167
3638,3638,121.267,679.126,522.913,64.679,49.801,222,1,629,489.500,59.905,46.619,505.750,48.167
3639,3639,121.300,679.260,523.273,64.691,49.836,222,1,629,489.500,59.905,46.619,505.750,48.167
3640,3640,121.333,679.415,523.513,64.706,49.858,218,1,629,489.500,59.905,46.619,505.750,48.167
3641,3641,121.367,679.526,523.818,64.717,49.887,207,1,629,489.500,59.905,46.619,505.750,48.167
3642,3642,121.400,679.530,523.787,64.717,49.884,209,1,629,489.500,59.905,46.619,505.750,48.167
3643,3643,121.433,679.777,524.355,64.741,49.939,208,1,629,489.500,59.905,46.619,505.750,48.167
3644,3644,121.467,679.838,524.429,64.746,49.946,206,1,629,489.500,59.905,46.619,505.750,48.167
3645,3645,121.500,679.915,524.702,64.754,49.972,207,1,629,489.500,59.905,46.619,505.750,48.167
3646,3646,121.533,679.959,524.812,64.758,49.982,207,1,629,489.500,59.905,46.619,505.750,48.167
3647,3647,121.567,680.442,525.939,64.804,50.089,204,1,629,489.500,59.905,46.619,505.750,48.167
3648,3648,121.600,680.491,526.044,64.809,50.099,205,1,629,489.500,59.905,46.619,505.750,48.167
3649,3649,121.633,680.594,526.110,64.818,50.106,201,1,629,489.500,59.905,46.619,505.750,48.167
3650,3650,121.667,680.800,526.472,64.838,50.140,194,1,629,489.500,59.905,46.619,505.750,48.167
3651,3651,121.700,680.916,526.626,64.849,50.155,200,1,629,489.500,59.905,46.619,505.750,48.167
3652,3652,121.733,681.091,526.574,64.866,50.150,201,1,629,489.500,59.905,46.619,505.750,48.167
3653,3653,121.767,681.141,526.635,64.871,50.156,196,1,629,489.500,59.905,46.619,505.750,48.167
3654,3654,121.800,681.299,526.543,64.886,50.147,205,1,629,489.500,59.905,46.619,505.750,48.167
3655,3655,121.833,681.296,526.330,64.885,50.127,209,1,629,489.500,59.905,46.619,505.750,48.167
3656,3656,121.867,681.212,526.030,64.877,50.098,202,1,629,489.500,59.905,46.619,505.750,48.167
3657,3657,121.900,681.420,526.374,64.897,50.131,212,1,629,489.500,59.905,46.619,505.750,48.167
3658,3658,121.933,681.389,526.101,64.894,50.105,214,1,629,489.500,59.905,46.619,505.750,48.167
3659,3659,121.967,681.259,525.623,64.882,50.059,198,1,629,489.500,59.905,46.619,505.750,48.167
3660,3660,122.000,681.274,525.863,64.883,50.082,203,1,629,489.500,59.905,46.619,505.750,48.167
3661,3661,122.033,681.216,525.429,64.878,50.041,205,1,629,489.500,59.905,46.619,505.750,48.167
3662,3662,122.067,680.866,525.032,64.844,50.003,193,1,629,489.500,59.905,46.619,505.750,48.167
3663,3663,122.100,680.481,524.644,64.808,49.966,204,1,629,489.500,59.905,46.619,505.750,48.167
3664,3664,122.133,680.458,524.193,64.806,49.923,209,1,629,489.500,59.905,46.619,505.750,48.167
3665,3665,122.167,680.688,524.421,64.827,49.945,200,1,629,489.500,59.905,46.619,505.750,48.167
3666,3666,122.200,680.673,524.346,64.826,49.938,201,1,629,489.500,59.905,46.619,505.750,48.167
3667,3667,122.233,680.623,524.289,64.821,49.932,203,1,629,489.500,59.905,46.619,505.750,48.167
3668,3668,122.267,680.679,524.355,64.827,49.939,201,1,629,489.500,59.905,46.619,505.750,48.167
3669,3669,122.300,680.679,524.355,64.827,49.939,201,1,629,489.500,59.905,46.619,505.750,48.167
3670,3670,122.333,680.583,524.497,64.817,49.952,208,1,629,489.500,59.905,46.619,505.750,48.167
3671,3671,122.367,680.646,524.564,64.823,49.958,200,1,629,489.500,59.905,46.619,505.750,48.167
3672,3672,122.400,680.644,524.644,64.823,49.966,210,1,629,489.500,59.905,46.619,505.750,48.167
3673,3673,122.433,680.674,524.755,64.826,49.977,211,1,629,489.500,59.905,46.619,505.750,48.167
3674,3674,122.467,680.605,524.565,64.820,49.959,202,1,629,489.500,59.905,46.619,505.750,48.167
3675,3675,122.500,680.645,524.687,64.823,49.970,202,1,629,489.500,59.905,46.619,505.750,48.167
3676,3676,122.533,680.752,525.176,64.834,50.017,211,1,629,489.500,59.905,46.619,505.750,48.167
3677,3677,122.567,680.824,525.311,64.840,50.030,202,1,629,489.500,59.905,46.619,505.750,48.167
3678,3678,122.600,680.756,525.294,64.834,50.028,206,1,629,489.500,59.905,46.619,505.750,48.167
3679,3679,122.633,680.871,525.539,64.845,50.051,210,1,629,489.500,59.905,46.619,505.750,48.167
3680,3680,122.667,680.935,525.503,64.851,50.048,204,1,629,489.500,59.905,46.619,505.750,48.167
3681,3681,122.700,680.982,525.669,64.855,50.064,210,1,629,489.500,59.905,46.619,505.750,48.167
3682,3682,122.733,680.880,525.669,64.846,50.064,216,1,629,489.500,59.905,46.619,505.750,48.167
3683,3683,122.767,680.986,525.914,64.856,50.087,208,1,629,489.500,59.905,46.619,505.750,48.167
3684,3684,122.800,681.034,526.064,64.860,50.101,210,1,629,489.500,59.905,46.619,505.750,48.167
3685,3685,122.833,681.221,526.630,64.878,50.155,226,1,629,489.500,59.905,46.619,505.750,48.167
3686,3686,122.867,681.357,526.805,64.891,50.172,224,1,629,489.500,59.905,46.619,505.750,48.167
3687,3687,122.900,681.430,527.076,64.898,50.198,226,1,629,489.500,59.905,46.619,505.750,48.167
3688,3688,122.933,681.396,527.161,64.895,50.206,234,1,629,489.500,59.905,46.619,505.750,48.167
3689,3689,122.967,681.355,527.029,64.891,50.193,219,1,629,489.500,59.905,46.619,505.750,48.167
3690,3690,123.000,681.423,527.238,64.897,50.213,221,1,629,489.500,59.905,46.619,505.750,48.167
3691,3691,123.033,681.454,527.284,64.900,50.218,226,1,629,489.500,59.905,46.619,505.750,48.167
3692,3692,123.067,681.490,527.552,64.904,50.243,218,1,629,489.500,59.905,46.619,505.750,48.167
3693,3693,123.100,681.670,528.060,64.921,50.291,224,1,629,489.500,59.905,46.619,505.750,48.167
3694,3694,123.133,681.658,528.092,64.920,50.294,229,1,629,489.500,59.905,46.619,505.750,48.167
3695,3695,123.167,681.725,528.218,64.926,50.306,220,1,629,489.500,59.905,46.619,505.750,48.167
3696,3696,123.200,681.831,528.477,64.936,50.331,222,1,629,489.500,59.905,46.619,505.750,48.167
3697,3697,123.233,681.935,528.858,64.946,50.367,223,1,629,489.500,59.905,46.619,505.750,48.167
3698,3698,123.267,682.127,529.242,64.964,50.404,214,1,629,489.500,59.905,46.619,505.750,48.167
3699,3699,123.300,682.089,529.295,64.961,50.409,214,1,629,489.500,59.905,46.619,505.750,48.167
3700,3700,123.333,682.272,529.767,64.978,50.454,218,1,629,489.500,59.905,46.619,505.750,48.167
3701,3701,123.367,682.394,530.164,64.990,50.492,206,1,629,489.500,59.905,46.619,505.750,48.167
3702,3702,123.400,682.550,530.385,65.005,50.513,207,1,629,489.500,59.905,46.619,505.750,48.167
3703,3703,123.433,682.788,530.932,65.027,50.565,209,1,629,489.500,59.905,46.619,505.750,48.167
3704,3704,123.467,682.864,531.057,65.035,50.577,203,1,629,489.500,59.905,46.619,505.750,48.167
3705,3705,123.500,682.950,531.171,65.043,50.588,208,1,629,489.500,59.905,46.619,505.750,48.167
3706,3706,123.533,683.088,531.374,65.056,50.607,208,1,629,489.500,59.905,46.619,505.750,48.167
3707,3707,123.567,683.093,531.183,65.056,50.589,198,1,629,489.500,59.905,46.619,505.750,48.167
3708,3708,123.600,683.139,531.421,65.061,50.611,205,1,629,489.500,59.905,46.619,505.750,48.167
3709,3709,123.633,683.174,531.305,65.064,50.601,211,1,629,489.500,59.905,46.619,505.750,48.167
3710,3710,123.667,683.042,530.712,65.052,50.544,193,1,629,489.500,59.905,46.619,505.750,48.167
3711,3711,123.700,683.093,530.874,65.056,50.559,197,1,629,489.500,59.905,46.619,505.750,48.167
3712,3712,123.733,683.003,530.602,65.048,50.533,207,1,629,489.500,59.905,46.619,505.750,48.167
3713,3713,123.767,683.116,530.419,65.059,50.516,199,1,629,489.500,59.905,46.619,505.750,48.167
3714,3714,123.800,683.145,530.476,65.061,50.521,203,1,629,489.500,59.905,46.619,505.750,48.167
3715,3715,123.833,683.146,530.460,65.062,50.520,203,1,629,489.500,59.905,46.619,505.750,48.167
3716,3716,123.867,683.095,530.337,65.057,50.508,198,1,629,489.500,59.905,46.619,505.750,48.167
3717,3717,123.900,682.889,530.163,65.037,50.492,209,1,629,489.500,59.905,46.619,505.750,48.167
3718,3718,123.933,682.759,529.912,65.025,50.468,214,1,629,489.500,59.905,46.619,505.750,48.167
3719,3719,123.967,682.734,529.693,65.022,50.447,208,1,629,489.500,59.905,46.619,505.750,48.167
3720,3720,124.000,682.736,529.703,65.023,50.448,208,1,629,489.500,59.905,46.619,505.750,48.167
3721,3721,124.033,682.699,529.090,65.019,50.390,214,1,629,489.500,59.905,46.619,505.750,48.167
3722,3722,124.067,682.605,528.961,65.010,50.377,200,1,629,489.500,59.905,46.619,505.750,48.167
3723,3723,124.100,682.636,529.102,65.013,50.391,204,1,629,489.500,59.905,46.619,505.750,48.167
3724,3724,124.133,682.666,529.113,65.016,50.392,205,1,629,489.500,59.905,46.619,505.750,48.167
3725,3725,124.167,682.676,529.197,65.017,50.400,202,1,629,489.500,59.905,46.619,505.750,48.167
3726,3726,124.200,682.657,529.209,65.015,50.401,203,1,629,489.500,59.905,46.619,505.750,48.167
3727,3727,124.233,682.637,529.371,65.013,50.416,209,1,629,489.500,59.905,46.619,505.750,48.167
3728,3728,124.267,682.560,529.147,65.006,50.395,202,1,629,489.500,59.905,46.619,505.750,48.167
3729,3729,124.300,682.629,529.522,65.012,50.431,208,1,629,489.500,59.905,46.619,505.750,48.167
3730,3730,124.333,682.630,529.525,65.012,50.431,208,1,629,489.500,59.905,46.619,505.750,48.167
3731,3731,124.367,682.638,529.687,65.013,50.446,210,1,629,489.500,59.905,46.619,505.750,48.167
3732,3732,124.400,682.673,529.784,65.016,50.456,211,1,629,489.500,59.905,46.619,505.750,48.167
3733,3733,124.433,682.713,529.990,65.020,50.475,216,1,629,489.500,59.905,46.619,505.750,48.167
3734,3734,124.467,682.745,530.228,65.023,50.498,206,1,629,489.500,59.905,46.619,505.750,48.167
3735,3735,124.500,682.872,530.423,65.035,50.517,218,1,629,489.500,59.905,46.619,505.750,48.167
3736,3736,124.533,682.963,530.611,65.044,50.534,222,1,629,489.500,59.905,46.619,505.750,48.167
3737,3737,124.567,683.188,531.162,65.066,50.587,221,1,629,489.500,59.905,46.619,505.750,48.167
3738,3738,124.600,683.143,531.140,65.061,50.585,228,1,629,489.500,59.905,46.619,505.750,48.167
3739,3739,124.633,683.145,531.146,65.061,50.585,228,1,629,489.500,59.905,46.619,505.750,48.167
3740,3740,124.667,683.190,531.269,65.066,50.597,221,1,629,489.500,59.905,46.619,505.750,48.167
3741,3741,124.700,683.338,531.817,65.080,50.649,228,1,629,489.500,59.905,46.619,505.750,48.167
3742,3742,124.733,683.371,531.928,65.083,50.660,230,1,629,489.500,59.905,46.619,505.750,48.167
3743,3743,124.767,683.422,532.197,65.088,50.685,226,1,629,489.500,59.905,46.619,505.750,48.167
3744,3744,124.800,683.461,532.372,65.092,50.702,228,1,629,489.500,59.905,46.619,505.750,48.167
3745,3745,124.833,683.472,532.334,65.093,50.699,230,1,629,489.500,59.905,46.619,505.750,48.167
3746,3746,124.867,683.607,532.699,65.105,50.733,224,1,629,489.500,59.905,46.619,505.750,48.167
3747,3747,124.900,683.668,532.870,65.111,50.749,227,1,629,489.500,59.905,46.619,505.750,48.167
3748,3748,124.933,683.682,532.956,65.113,50.758,225,1,629,489.500,59.905,46.619,505.750,48.167
3749,3749,124.967,683.739,533.214,65.118,50.782,216,1,629,489.500,59.905,46.619,505.750,48.167
3750,3750,125.000,683.783,533.341,65.122,50.794,216,1,629,489.500,59.905,46.619,505.750,48.167
3751,3751,125.033,683.946,533.699,65.138,50.829,218,1,629,489.500,59.905,46.619,505.750,48.167
3752,3752,125.067,684.022,533.806,65.145,50.839,207,1,629,489.500,59.905,46.619,505.750,48.167
3753,3753,125.100,684.234,534.645,65.165,50.919,214,1,629,489.500,59.905,46.619,505.750,48.167
3754,3754,125.133,684.344,535.103,65.176,50.962,212,1,629,489.500,59.905,46.619,505.750,48.167
3755,3755,125.167,684.354,535.168,65.177,50.968,205,1,629,489.500,59.905,46.619,505.750,48.167
3756,3756,125.200,684.521,535.930,65.193,51.041,205,1,629,489.500,59.905,46.619,505.750,48.167
3757,3757,125.233,684.667,536.050,65.206,51.052,200,1,629,489.500,59.905,46.619,505.750,48.167
3758,3758,125.267,684.732,536.124,65.213,51.059,197,1,629,489.500,59.905,46.619,505.750,48.167
3759,3759,125.300,684.803,536.512,65.219,51.096,203,1,629,489.500,59.905,46.619,505.750,48.167
3760,3760,125.333,684.921,536.639,65.231,51.108,207,1,629,489.500,59.905,46.619,505.750,48.167
3761,3761,125.367,684.909,536.475,65.229,51.093,201,1,629,489.500,59.905,46.619,505.750,48.167
3762,3762,125.400,685.027,536.383,65.241,51.084,198,1,629,489.500,59.905,46.619,505.750,48.167
3763,3763,125.433,685.072,536.732,65.245,51.117,206,1,629,489.500,59.905,46.619,505.750,48.167
3764,3764,125.467,685.235,536.818,65.261,51.126,201,1,629,489.500,59.905,46.619,505.750,48.167
3765,3765,125.500,685.199,536.622,65.257,51.107,206,1,629,489.500,59.905,46.619,505.750,48.167
3766,3766,125.533,685.220,536.255,65.259,51.072,208,1,629,489.500,59.905,46.619,505.750,48.167
3767,3767,125.567,685.239,535.826,65.261,51.031,201,1,629,489.500,59.905,46.619,505.750,48.167
3768,3768,125.600,685.268,535.862,65.264,51.034,210,1,629,489.500,59.905,46.619,505.750,48.167
3769,3769,125.633,685.302,535.625,65.267,51.012,212,1,629,489.500,59.905,46.619,505.750,48.167
3770,3770,125.667,685.346,535.625,65.271,51.012,212,1,629,489.500,59.905,46.619,505.750,48.167
3771,3771,125.700,685.316,535.672,65.268,51.016,212,1,629,489.500,59.905,46.619,505.750,48.167
3772,3772,125.733,685.311,535.692,65.268,51.018,215,1,629,489.500,59.905,46.619,505.750,48.167
3773,3773,125.767,685.235,535.544,65.260,51.004,209,1,629,489.500,59.905,46.619,505.750,48.167
3774,3774,125.800,685.351,535.919,65.272,51.040,215,1,629,489.500,59.905,46.619,505.750,48.167
3775,3775,125.833,685.311,535.778,65.268,51.027,216,1,629,489.500,59.905,46.619,505.750,48.167
3776,3776,125.867,685.296,535.725,65.266,51.021,208,1,629,489.500,59.905,46.619,505.750,48.167
3777,3777,125.900,685.233,535.554,65.260,51.005,206,1,629,489.500,59.905,46.619,505.750,48.167
3778,3778,125.933,685.236,535.471,65.261,50.997,204,1,629,489.500,59.905,46.619,505.750,48.167
3779,3779,125.967,685.215,535.596,65.259,51.009,199,1,629,489.500,59.905,46.619,505.750,48.167
3780,3780,126.000,685.256,535.913,65.262,51.039,206,1,629,489.500,59.905,46.619,505.750,48.167
3781,3781,126.033,685.191,535.805,65.256,51.029,200,1,629,489.500,59.905,46.619,505.750,48.167
3782,3782,126.067,685.297,536.225,65.266,51.069,192,1,629,489.500,59.905,46.619,505.750,48.167
3783,3783,126.100,685.338,536.848,65.270,51.128,206,1,629,489.500,59.905,46.619,505.750,48.167
3784,3784,126.133,685.295,536.530,65.266,51.098,203,1,629,489.500,59.905,46.619,505.750,48.167
3785,3785,126.167,685.371,536.815,65.273,51.125,204,1,629,489.500,59.905,46.619,505.750,48.167
3786,3786,126.200,685.371,536.828,65.273,51.126,204,1,629,489.500,59.905,46.619,505.750,48.167
3787,3787,126.233,685.365,536.716,65.273,51.116,206,1,629,489.500,59.905,46.619,505.750,48.167
3788,3788,126.267,685.430,536.792,65.279,51.123,201,1,629,489.500,59.905,46.619,505.750,48.167
3789,3789,126.300,685.433,536.805,65.279,51.124,201,1,629,489.500,59.905,46.619,505.750,48.167
3790,3790,126.333,685.454,536.880,65.281,51.131,202,1,629,489.500,59.905,46.619,505.750,48.167
3791,3791,126.367,685.456,536.878,65.282,51.131,202,1,629,489.500,59.905,46.619,505.750,48.167
3792,3792,126.400,685.464,537.203,65.282,51.162,209,1,629,489.500,59.905,46.619,505.750,48.167
3793,3793,126.433,685.478,537.210,65.284,51.163,211,1,629,489.500,59.905,46.619,505.750,48.167
3794,3794,126.467,685.602,537.649,65.295,51.205,199,1,629,489.500,59.905,46.619,505.750,48.167
3795,3795,126.500,685.635,537.848,65.299,51.224,216,1,629,489.500,59.905,46.619,505.750,48.167
3796,3796,126.533,685.606,537.622,65.296,51.202,220,1,629,489.500,59.905,46.619,505.750,48.167
3797,3797,126.567,685.739,538.164,65.308,51.254,220,1,629,489.500,59.905,46.619,505.750,48.167
3798,3798,126.600,685.814,538.725,65.316,51.307,227,1,629,489.500,59.905,46.619,505.750,48.167
3799,3799,126.633,685.772,538.375,65.312,51.274,227,1,629,489.500,59.905,46.619,505.750,48.167
3800,3800,126.667,685.776,538.509,65.312,51.287,221,1,629,489.500,59.905,46.619,505.750,48.167
3801,3801,126.700,685.796,538.470,65.314,51.283,219,1,629,489.500,59.905,46.619,505.750,48.167
3802,3802,126.733,685.845,538.677,65.319,51.303,220,1,629,489.500,59.905,46.619,505.750,48.167
3803,3803,126.767,685.962,539.035,65.330,51.337,213,1,629,489.500,59.905,46.619,505.750,48.167
3804,3804,126.800,686.020,539.559,65.335,51.387,222,1,629,489.500,59.905,46.619,505.750,48.167
3805,3805,126.833,686.139,539.694,65.347,51.399,224,1,629,489.500,59.905,46.619,505.750,48.167
3806,3806,126.867,686.242,539.931,65.356,51.422,219,1,629,489.500,59.905,46.619,505.750,48.167
3807,3807,126.900,686.305,540.376,65.362,51.464,225,1,629,489.500,59.905,46.619,505.750,48.167
3808,3808,126.933,686.319,540.557,65.364,51.482,218,1,629,489.500,59.905,46.619,505.750,48.167
3809,3809,126.967,686.291,540.266,65.361,51.454,213,1,629,489.500,59.905,46.619,505.750,48.167
3810,3810,127.000,686.281,540.463,65.360,51.473,217,1,629,489.500,59.905,46.619,505.750,48.167
3811,3811,127.033,686.262,540.382,65.358,51.465,217,1,629,489.500,59.905,46.619,505.750,48.167
3812,3812,127.067,686.306,540.563,65.362,51.482,213,1,629,489.500,59.905,46.619,505.750,48.167
3813,3813,127.100,686.306,540.652,65.362,51.491,216,1,629,489.500,59.905,46.619,505.750,48.167
3814,3814,127.133,686.311,540.680,65.363,51.493,217,1,629,489.500,59.905,46.619,505.750,48.167
3815,3815,127.167,686.252,540.363,65.357,51.463,212,1,629,489.500,59.905,46.619,505.750,48.167
3816,3816,127.200,686.279,540.500,65.360,51.476,214,1,629,489.500,59.905,46.619,505.750,48.167
3817,3817,127.233,686.264,540.374,65.358,51.464,215,1,629,489.500,59.905,46.619,505.750,48.167
3818,3818,127.267,686.288,540.387,65.361,51.465,209,1,629,489.500,59.905,46.619,505.750,48.167
3819,3819,127.300,686.288,540.387,65.361,51.465,209,1,629,489.500,59.905,46.619,505.750,48.167
3820,3820,127.333,686.336,540.408,65.365,51.467,210,1,629,489.500,59.905,46.619,505.750,48.167
3821,3821,127.367,686.310,540.583,65.363,51.484,201,1,629,489.500,59.905,46.619,505.750,48.167
3822,3822,127.400,686.269,540.609,65.359,51.487,206,1,629,489.500,59.905,46.619,505.750,48.167
3823,3823,127.433,686.312,540.777,65.363,51.503,208,1,629,489.500,59.905,46.619,505.750,48.167
3824,3824,127.467,686.242,540.904,65.356,51.515,199,1,629,489.500,59.905,46.619,505.750,48.167
3825,3825,127.500,686.326,541.027,65.364,51.526,209,1,629,489.500,59.905,46.619,505.750,48.167
3826,3826,127.533,686.185,540.538,65.351,51.480,212,1,629,489.500,59.905,46.619,505.750,48.167
3827,3827,127.567,686.203,540.625,65.353,51.488,206,1,629,489.500,59.905,46.619,505.750,48.167
3828,3828,127.600,686.212,540.617,65.353,51.487,214,1,629,489.500,59.905,46.619,505.750,48.167
3829,3829,127.633,686.228,540.620,65.355,51.488,218,1,629,489.500,59.905,46.619,505.750,48.167
3830,3830,127.667,686.195,540.698,65.352,51.495,209,1,629,489.500,59.905,46.619,505.750,48.167
3831,3831,127.700,686.308,540.900,65.363,51.514,213,1,629,489.500,59.905,46.619,505.750,48.167
3832,3832,127.733,686.357,541.022,65.367,51.526,216,1,629,489.500,59.905,46.619,505.750,48.167
3833,3833,127.767,686.310,540.712,65.363,51.496,209,1,629,489.500,59.905,46.619,505.750,48.167
3834,3834,127.800,686.262,540.684,65.358,51.494,213,1,629,489.500,59.905,46.619,505.750,48.167
3835,3835,127.833,686.358,540.612,65.367,51.487,215,1,629,489.500,59.905,46.619,505.750,48.167
3836,3836,127.867,686.448,540.714,65.376,51.497,210,1,629,489.500,59.905,46.619,505.750,48.167
3837,3837,127.900,686.443,540.909,65.375,51.515,211,1,629,489.500,59.905,46.619,505.750,48.167
3838,3838,127.933,686.459,540.858,65.377,51.510,211,1,629,489.500,59.905,46.619,505.750,48.167
3839,3839,127.967,686.524,540.640,65.383,51.489,204,1,629,489.500,59.905,46.619,505.750,48.167
3840,3840,128.000,686.542,540.810,65.385,51.506,212,1,629,489.500,59.905,46.619,505.750,48.167
3841,3841,128.033,686.763,541.181,65.406,51.541,213,1,629,489.500,59.905,46.619,505.750,48.167
3842,3842,128.067,686.867,541.509,65.416,51.572,198,1,629,489.500,59.905,46.619,505.750,48.167
3843,3843,128.100,686.995,541.712,65.428,51.592,214,1,629,489.500,59.905,46.619,505.750,48.167
3844,3844,128.133,687.004,541.684,65.429,51.589,215,1,629,489.500,59.905,46.619,505.750,48.167
3845,3845,128.167,686.909,541.412,65.420,51.563,211,1,629,489.500,59.905,46.619,505.750,48.167
3846,3846,128.200,687.194,541.770,65.447,51.597,210,1,629,489.500,59.905,46.619,505.750,48.167
3847,3847,128.233,687.171,541.773,65.445,51.597,211,1,629,489.500,59.905,46.619,505.750,48.167
3848,3848,128.267,687.254,541.726,65.453,51.593,206,1,629,489.500,59.905,46.619,505.750,48.167
3849,3849,128.300,687.241,541.243,65.452,51.547,214,1,629,489.500,59.905,46.619,505.750,48.167
3850,3850,128.333,687.427,541.110,65.469,51.534,214,1,629,489.500,59.905,46.619,505.750,48.167
3851,3851,128.367,687.679,541.188,65.493,51.542,204,1,629,489.500,59.905,46.619,505.750,48.167
3852,3852,128.400,687.657,541.263,65.491,51.549,208,1,629,489.500,59.905,46.619,505.750,48.167
3853,3853,128.433,687.658,541.185,65.491,51.541,209,1,629,489.500,59.905,46.619,505.750,48.167
3854,3854,128.467,687.775,541.267,65.502,51.549,200,1,629,489.500,59.905,46.619,505.750,48.167
3855,3855,128.500,687.762,541.176,65.501,51.541,211,1,629,489.500,59.905,46.619,505.750,48.167
3856,3856,128.533,687.778,540.868,65.503,51.511,209,1,629,489.500,59.905,46.619,505.750,48.167
3857,3857,128.567,687.728,540.717,65.498,51.497,202,1,629,489.500,59.905,46.619,505.750,48.167
3858,3858,128.600,687.687,540.767,65.494,51.502,215,1,629,489.500,59.905,46.619,505.750,48.167
3859,3859,128.633,687.695,540.744,65.495,51.499,216,1,629,489.500,59.905,46.619,505.750,48.167
3860,3860,128.667,687.752,540.442,65.500,51.471,203,1,629,489.500,59.905,46.619,505.750,48.167
3861,3861,128.700,687.791,540.766,65.504,51.501,215,1,629,489.500,59.905,46.619,505.750,48.167
3862,3862,128.733,687.755,540.616,65.500,51.487,213,1,629,489.500,59.905,46.619,505.750,48.167
3863,3863,128.767,687.751,540.521,65.500,51.478,200,1,629,489.500,59.905,46.619,505.750,48.167
3864,3864,128.800,687.704,540.736,65.496,51.499,215,1,629,489.500,59.905,46.619,505.750,48.167
3865,3865,128.833,687.705,540.768,65.496,51.502,215,1,629,489.500,59.905,46.619,505.750,48.167
3866,3866,128.867,687.702,540.757,65.495,51.501,196,1,629,489.500,59.905,46.619,505.750,48.167
3867,3867,128.900,687.717,540.924,65.497,51.517,203,1,629,489.500,59.905,46.619,505.750,48.167
3868,3868,128.933,687.593,540.928,65.485,51.517,210,1,629,489.500,59.905,46.619,505.750,48.167
3869,3869,128.967,687.639,540.930,65.489,51.517,204,1,629,489.500,59.905,46.619,505.750,48.167
3870,3870,129.000,687.602,541.172,65.486,51.540,211,1,629,489.500,59.905,46.619,505.750,48.167
3871,3871,129.033,687.607,541.314,65.486,51.554,211,1,629,489.500,59.905,46.619,505.750,48.167
3872,3872,129.067,687.613,541.428,65.487,51.565,199,1,629,489.500,59.905,46.619,505.750,48.167
3873,3873,129.100,687.353,541.489,65.462,51.570,217,1,629,489.500,59.905,46.619,505.750,48.167
3874,3874,129.133,687.287,541.328,65.456,51.555,214,1,629,489.500,59.905,46.619,505.750,48.167
3875,3875,129.167,687.377,541.297,65.464,51.552,208,1,629,489.500,59.905,46.619,505.750,48.167
3876,3876,129.200,687.279,541.428,65.455,51.565,213,1,629,489.500,59.905,46.619,505.750,48.167
3877,3877,129.233,687.276,541.400,65.455,51.562,213,1,629,489.500,59.905,46.619,505.750,48.167
3878,3878,129.267,687.348,541.452,65.462,51.567,207,1,629,489.500,59.905,46.619,505.750,48.167
3879,3879,129.300,687.323,541.866,65.459,51.606,217,1,629,489.500,59.905,46.619,505.750,48.167
3880,3880,129.333,687.412,541.923,65.468,51.612,218,1,629,489.500,59.905,46.619,505.750,48.167
3881,3881,129.367,687.627,542.366,65.488,51.654,198,1,629,489.500,59.905,46.619,505.750,48.167
3882,3882,129.400,687.570,542.375,65.483,51.655,218,1,629,489.500,59.905,46.619,505.750,48.167
3883,3883,129.433,687.556,542.765,65.482,51.692,220,1,629,489.500,59.905,46.619,505.750,48.167
3884,3884,129.467,687.626,542.627,65.488,51.679,213,1,629,489.500,59.905,46.619,505.750,48.167
3885,3885,129.500,687.674,542.908,65.493,51.706,219,1,629,489.500,59.905,46.619,505.750,48.167
3886,3886,129.533,687.711,543.076,65.496,51.721,222,1,629,489.500,59.905,46.619,505.750,48.167
3887,3887,129.567,687.708,542.804,65.496,51.696,215,1,629,489.500,59.905,46.619,505.750,48.167
3888,3888,129.600,687.660,543.046,65.491,51.719,226,1,629,489.500,59.905,46.619,505.750,48.167
3889,3889,129.633,687.692,542.974,65.494,51.712,226,1,629,489.500,59.905,46.619,505.750,48.167
3890,3890,129.667,687.855,543.109,65.510,51.725,213,1,629,489.500,59.905,46.619,505.750,48.167
3891,3891,129.700,687.788,543.373,65.504,51.750,226,1,629,489.500,59.905,46.619,505.750,48.167
3892,3892,129.733,687.788,543.373,65.504,51.750,226,1,629,489.500,59.905,46.619,505.750,48.167
3893,3893,129.767,687.830,543.354,65.508,51.748,219,1,629,489.500,59.905,46.619,505.750,48.167
3894,3894,129.800,687.822,543.544,65.507,51.766,222,1,629,489.500,59.905,46.619,505.750,48.167
3895,3895,129.833,687.867,543.651,65.511,51.776,224,1,629,489.500,59.905,46.619,505.750,48.167
3896,3896,129.867,687.812,543.363,65.506,51.749,218,1,629,489.500,59.905,46.619,505.750,48.167
3897,3897,129.900,687.824,543.589,65.507,51.770,222,1,629,489.500,59.905,46.619,505.750,48.167
3898,3898,129.933,687.824,543.589,65.507,51.770,222,1,629,489.500,59.905,46.619,505.750,48.167
3899,3899,129.967,687.804,543.226,65.505,51.736,215,1,629,489.500,59.905,46.619,505.750,48.167
3900,3900,130.000,687.841,543.746,65.509,51.785,226,1,629,489.500,59.905,46.619,505.750,48.167
3901,3901,130.033,688.080,544.398,65.531,51.847,222,1,629,489.500,59.905,46.619,505.750,48.167
3902,3902,130.067,687.972,544.235,65.521,51.832,217,1,629,489.500,59.905,46.619,505.750,48.167
3903,3903,130.100,687.935,544.343,65.518,51.842,224,1,629,489.500,59.905,46.619,505.750,48.167
3904,3904,130.133,687.935,544.343,65.518,51.842,224,1,629,489.500,59.905,46.619,505.750,48.167
3905,3905,130.167,687.935,544.343,65.518,51.842,224,1,629,489.500,59.905,46.619,505.750,48.167
3906,3906,130.200,687.935,544.343,65.518,51.842,224,1,629,489.500,59.905,46.619,505.750,48.167
3907,3907,130.233,687.935,544.343,65.518,51.842,224,1,629,489.500,59.905,46.619,505.750,48.167
3908,3908,130.267,687.934,544.108,65.517,51.820,215,1,629,489.500,59.905,46.619,505.750,48.167
3909,3909,130.300,687.918,544.092,65.516,51.818,215,1,629,489.500,59.905,46.619,505.750,48.167
3910,3910,130.333,687.918,544.092,65.516,51.818,215,1,629,489.500,59.905,46.619,505.750,48.167
3911,3911,130.367,687.885,543.923,65.513,51.802,217,1,629,489.500,59.905,46.619,505.750,48.167
3912,3912,130.400,687.916,543.899,65.516,51.800,220,1,629,489.500,59.905,46.619,505.750,48.167
3913,3913,130.433,687.918,544.028,65.516,51.812,223,1,629,489.500,59.905,46.619,505.750,48.167
3914,3914,130.467,687.957,544.137,65.520,51.823,220,1,629,489.500,59.905,46.619,505.750,48.167
3915,3915,130.500,688.106,544.564,65.534,51.863,225,1,629,489.500,59.905,46.619,505.750,48.167
3916,3916,130.533,688.127,544.641,65.536,51.871,225,1,629,489.500,59.905,46.619,505.750,48.167
3917,3917,130.567,688.114,544.560,65.535,51.863,223,1,629,489.500,59.905,46.619,505.750,48.167
3918,3918,130.600,688.200,544.822,65.543,51.888,227,1,629,489.500,59.905,46.619,505.750,48.167
3919,3919,130.633,688.226,545.016,65.545,51.906,226,1,629,489.500,59.905,46.619,505.750,48.167
3920,3920,130.667,688.272,544.962,65.550,51.901,212,1,629,489.500,59.905,46.619,505.750,48.167
3921,3921,130.700,688.226,545.091,65.545,51.913,226,1,629,489.500,59.905,46.619,505.750,48.167
3922,3922,130.733,688.285,544.986,65.551,51.903,223,1,629,489.500,59.905,46.619,505.750,48.167
3923,3923,130.767,688.370,545.415,65.559,51.944,212,1,629,489.500,59.905,46.619,505.750,48.167
3924,3924,130.800,688.359,545.630,65.558,51.965,217,1,629,489.500,59.905,46.619,505.750,48.167
3925,3925,130.833,688.531,545.856,65.574,51.986,209,1,629,489.500,59.905,46.619,505.750,48.167
3926,3926,130.867,688.584,546.125,65.579,52.012,203,1,629,489.500,59.905,46.619,505.750,48.167
3927,3927,130.900,688.864,546.647,65.606,52.062,209,1,629,489.500,59.905,46.619,505.750,48.167
3928,3928,130.933,688.953,547.037,65.615,52.099,204,1,629,489.500,59.905,46.619,505.750,48.167
3929,3929,130.967,688.995,547.172,65.619,52.112,195,1,629,489.500,59.905,46.619,505.750,48.167
3930,3930,131.000,689.026,547.131,65.622,52.108,202,1,629,489.500,59.905,46.619,505.750,48.167
3931,3931,131.033,689.046,547.163,65.623,52.111,203,1,629,489.500,59.905,46.619,505.750,48.167
3932,3932,131.067,689.046,547.041,65.623,52.099,191,1,629,489.500,59.905,46.619,505.750,48.167
3933,3933,131.100,689.017,546.919,65.621,52.088,207,1,629,489.500,59.905,46.619,505.750,48.167
3934,3934,131.133,689.038,547.014,65.623,52.097,205,1,629,489.500,59.905,46.619,505.750,48.167
3935,3935,131.167,688.985,547.072,65.618,52.102,190,1,629,489.500,59.905,46.619,505.750,48.167
3936,3936,131.200,688.785,546.549,65.599,52.052,207,1,629,489.500,59.905,46.619,505.750,48.167
3937,3937,131.233,688.787,546.552,65.599,52.053,207,1,629,489.500,59.905,46.619,505.750,48.167
3938,3938,131.267,688.791,546.515,65.599,52.049,202,1,629,489.500,59.905,46.619,505.750,48.167
3939,3939,131.300,688.939,546.875,65.613,52.083,218,1,629,489.500,59.905,46.619,505.750,48.167
3940,3940,131.333,688.911,546.345,65.611,52.033,215,1,629,489.500,59.905,46.619,505.750,48.167
3941,3941,131.367,688.847,546.466,65.605,52.044,200,1,629,489.500,59.905,46.619,505.750,48.167
3942,3942,131.400,688.812,546.745,65.601,52.071,208,1,629,489.500,59.905,46.619,505.750,48.167
3943,3943,131.433,688.781,546.528,65.598,52.050,210,1,629,489.500,59.905,46.619,505.750,48.167
3944,3944,131.467,688.573,546.014,65.578,52.001,195,1,629,489.500,59.905,46.619,505.750,48.167
3945,3945,131.500,688.712,546.472,65.592,52.045,214,1,629,489.500,59.905,46.619,505.750,48.167
3946,3946,131.533,688.670,546.558,65.588,52.053,216,1,629,489.500,59.905,46.619,505.750,48.167
3947,3947,131.567,688.635,546.538,65.584,52.051,210,1,629,489.500,59.905,46.619,505.750,48.167
3948,3948,131.600,688.626,546.599,65.583,52.057,213,1,629,489.500,59.905,46.619,505.750,48.167
3949,3949,131.633,688.657,547.064,65.586,52.101,218,1,629,489.500,59.905,46.619,505.750,48.167
3950,3950,131.667,688.615,547.110,65.582,52.106,205,1,629,489.500,59.905,46.619,505.750,48.167
3951,3951,131.700,688.555,547.106,65.577,52.105,216,1,629,489.500,59.905,46.619,505.750,48.167
3952,3952,131.733,688.534,547.054,65.575,52.100,215,1,629,489.500,59.905,46.619,505.750,48.167
3953,3953,131.767,688.642,547.585,65.585,52.151,207,1,629,489.500,59.905,46.619,505.750,48.167
3954,3954,131.800,688.590,547.798,65.580,52.171,218,1,629,489.500,59.905,46.619,505.750,48.167
3955,3955,131.833,688.590,547.795,65.580,52.171,218,1,629,489.500,59.905,46.619,505.750,48.167
3956,3956,131.867,688.679,547.995,65.589,52.190,207,1,629,489.500,59.905,46.619,505.750,48.167
3957,3957,131.900,688.745,548.281,65.595,52.217,215,1,629,489.500,59.905,46.619,505.750,48.167
3958,3958,131.933,688.794,548.377,65.599,52.226,216,1,629,489.500,59.905,46.619,505.750,48.167
3959,3959,131.967,688.894,548.836,65.609,52.270,222,1,629,489.500,59.905,46.619,505.750,48.167
3960,3960,132.000,688.981,549.162,65.617,52.301,237,1,629,489.500,59.905,46.619,505.750,48.167
3961,3961,132.033,689.096,549.276,65.628,52.312,220,1,629,489.500,59.905,46.619,505.750,48.167
3962,3962,132.067,689.235,549.694,65.641,52.352,211,1,629,489.500,59.905,46.619,505.750,48.167
3963,3963,132.100,689.019,549.379,65.621,52.322,227,1,629,489.500,59.905,46.619,505.750,48.167
3964,3964,132.133,689.069,549.345,65.626,52.319,224,1,629,489.500,59.905,46.619,505.750,48.167
3965,3965,132.167,689.249,549.764,65.643,52.358,222,1,629,489.500,59.905,46.619,505.750,48.167
3966,3966,132.200,689.264,550.230,65.644,52.403,231,1,629,489.500,59.905,46.619,505.750,48.167
3967,3967,132.233,689.333,550.191,65.651,52.399,226,1,629,489.500,59.905,46.619,505.750,48.167
3968,3968,132.267,689.251,550.128,65.643,52.393,215,1,629,489.500,59.905,46.619,505.750,48.167
3969,3969,132.300,689.283,550.285,65.646,52.408,217,1,629,489.500,59.905,46.619,505.750,48.167
3970,3970,132.333,689.310,550.493,65.649,52.428,216,1,629,489.500,59.905,46.619,505.750,48.167
3971,3971,132.367,689.509,551.255,65.668,52.500,205,1,629,489.500,59.905,46.619,505.750,48.167
3972,3972,132.400,689.554,551.150,65.672,52.490,212,1,629,489.500,59.905,46.619,505.750,48.167
3973,3973,132.433,689.676,551.587,65.683,52.532,206,1,629,489.500,59.905,46.619,505.750,48.167
3974,3974,132.467,689.722,552.101,65.688,52.581,198,1,629,489.500,59.905,46.619,505.750,48.167
3975,3975,132.500,689.829,552.621,65.698,52.631,210,1,629,489.500,59.905,46.619,505.750,48.167
3976,3976,132.533,689.944,553.106,65.709,52.677,203,1,629,489.500,59.905,46.619,505.750,48.167
3977,3977,132.567,690.017,553.224,65.716,52.688,197,1,629,489.500,59.905,46.619,505.750,48.167
3978,3978,132.600,690.043,553.227,65.718,52.688,204,1,629,489.500,59.905,46.619,505.750,48.167
3979,3979,132.633,690.066,553.288,65.721,52.694,203,1,629,489.500,59.905,46.619,505.750,48.167
3980,3980,132.667,690.137,553.509,65.727,52.715,200,1,629,489.500,59.905,46.619,505.750,48.167
3981,3981,132.700,690.144,553.457,65.728,52.710,201,1,629,489.500,59.905,46.619,505.750,48.167
3982,3982,132.733,690.123,553.442,65.726,52.709,202,1,629,489.500,59.905,46.619,505.750,48.167
3983,3983,132.767,690.165,553.302,65.730,52.695,199,1,629,489.500,59.905,46.619,505.750,48.167
3984,3984,132.800,690.155,553.448,65.729,52.709,202,1,629,489.500,59.905,46.619,505.750,48.167
3985,3985,132.833,690.114,553.148,65.725,52.681,199,1,629,489.500,59.905,46.619,505.750,48.167
3986,3986,132.867,690.160,553.169,65.730,52.683,192,1,629,489.500,59.905,46.619,505.750,48.167
3987,3987,132.900,690.028,552.859,65.717,52.653,199,1,629,489.500,59.905,46.619,505.750,48.167
3988,3988,132.933,689.984,552.408,65.713,52.610,196,1,629,489.500,59.905,46.619,505.750,48.167
3989,3989,132.967,689.947,552.313,65.709,52.601,196,1,629,489.500,59.905,46.619,505.750,48.167
3990,3990,133.000,689.910,552.362,65.706,52.606,214,1,629,489.500,59.905,46.619,505.750,48.167
3991,3991,133.033,689.936,552.316,65.708,52.602,208,1,629,489.500,59.905,46.619,505.750,48.167
3992,3992,133.067,689.784,551.870,65.694,52.559,195,1,629,489.500,59.905,46.619,505.750,48.167
3993,3993,133.100,689.629,551.988,65.679,52.570,211,1,629,489.500,59.905,46.619,505.750,48.167
3994,3994,133.133,689.633,552.058,65.679,52.577,209,1,629,489.500,59.905,46.619,505.750,48.167
3995,3995,133.167,689.745,552.492,65.690,52.618,198,1,629,489.500,59.905,46.619,505.750,48.167
3996,3996,133.200,689.689,552.475,65.685,52.617,205,1,629,489.500,59.905,46.619,505.750,48.167
3997,3997,133.233,689.667,552.443,65.683,52.614,204,1,629,489.500,59.905,46.619,505.750,48.167
3998,3998,133.267,689.604,552.262,65.677,52.596,202,1,629,489.500,59.905,46.619,505.750,48.167
3999,3999,133.300,689.675,552.573,65.683,52.626,209,1,629,489.500,59.905,46.619,505.750,48.167
4000,4000,133.333,689.699,552.631,65.686,52.632,208,1,629,489.500,59.905,46.619,505.750,48.167
4001,4001,133.367,689.728,552.794,65.688,52.647,206,1,629,489.500,59.905,46.619,505.750,48.167
4002,4002,133.400,689.661,552.755,65.682,52.643,211,1,629,489.500,59.905,46.619,505.750,48.167
4003,4003,133.433,689.695,552.692,65.685,52.637,207,1,629,489.500,59.905,46.619,505.750,48.167
4004,4004,133.467,689.729,552.945,65.689,52.661,207,1,629,489.500,59.905,46.619,505.750,48.167
4005,4005,133.500,689.840,553.532,65.699,52.717,215,1,629,489.500,59.905,46.619,505.750,48.167
4006,4006,133.533,689.839,553.499,65.699,52.714,212,1,629,489.500,59.905,46.619,505.750,48.167
4007,4007,133.567,689.846,553.416,65.700,52.706,213,1,629,489.500,59.905,46.619,505.750,48.167
4008,4008,133.600,689.871,553.783,65.702,52.741,229,1,629,489.500,59.905,46.619,505.750,48.167
4009,4009,133.633,689.867,553.763,65.702,52.739,228,1,629,489.500,59.905,46.619,505.750,48.167
4010,4010,133.667,689.949,553.955,65.709,52.758,224,1,629,489.500,59.905,46.619,505.750,48.167
4011,4011,133.700,689.955,554.269,65.710,52.788,231,1,629,489.500,59.905,46.619,505.750,48.167
4012,4012,133.733,690.021,554.407,65.716,52.801,228,1,629,489.500,59.905,46.619,505.750,48.167
4013,4013,133.767,690.044,554.643,65.718,52.823,228,1,629,489.500,59.905,46.619,505.750,48.167
4014,4014,133.800,690.153,555.196,65.729,52.876,240,1,629,489.500,59.905,46.619,505.750,48.167
4015,4015,133.833,690.171,555.281,65.731,52.884,239,1,629,489.500,59.905,46.619,505.750,48.167
4016,4016,133.867,690.213,555.386,65.735,52.894,236,1,629,489.500,59.905,46.619,505.750,48.167
4017,4017,133.900,690.229,555.613,65.736,52.916,245,1,629,489.500,59.905,46.619,505.750,48.167
4018,4018,133.933,690.333,556.021,65.746,52.954,237,1,629,489.500,59.905,46.619,505.750,48.167
4019,4019,133.967,690.396,556.137,65.752,52.965,231,1,629,489.500,59.905,46.619,505.750,48.167
4020,4020,134.000,690.564,556.432,65.768,52.993,236,1,629,489.500,59.905,46.619,505.750,48.167
4021,4021,134.033,690.407,556.050,65.753,52.957,221,1,629,489.500,59.905,46.619,505.750,48.167
4022,4022,134.067,690.460,556.716,65.758,53.021,222,1,629,489.500,59.905,46.619,505.750,48.167
4023,4023,134.100,690.585,556.981,65.770,53.046,224,1,629,489.500,59.905,46.619,505.750,48.167
4024,4024,134.133,690.643,557.637,65.775,53.108,220,1,629,489.500,59.905,46.619,505.750,48.167
4025,4025,134.167,690.660,557.723,65.777,53.116,219,1,629,489.500,59.905,46.619,505.750,48.167
4026,4026,134.200,690.696,557.932,65.781,53.136,216,1,629,489.500,59.905,46.619,505.750,48.167
4027,4027,134.233,690.966,558.497,65.806,53.190,207,1,629,489.500,59.905,46.619,505.750,48.167
4028,4028,134.267,691.049,559.062,65.814,53.244,199,1,629,489.500,59.905,46.619,505.750,48.167
4029,4029,134.300,691.019,558.781,65.811,53.217,203,1,629,489.500,59.905,46.619,505.750,48.167
4030,4030,134.333,691.185,559.225,65.827,53.260,195,1,629,489.500,59.905,46.619,505.750,48.167
4031,4031,134.367,691.215,558.989,65.830,53.237,196,1,629,489.500,59.905,46.619,505.750,48.167
4032,4032,134.400,691.232,558.832,65.832,53.222,204,1,629,489.500,59.905,46.619,505.750,48.167
4033,4033,134.433,691.315,558.838,65.840,53.223,203,1,629,489.500,59.905,46.619,505.750,48.167
4034,4034,134.467,691.388,558.872,65.846,53.226,208,1,629,489.500,59.905,46.619,505.750,48.167
4035,4035,134.500,691.381,558.649,65.846,53.205,213,1,629,489.500,59.905,46.619,505.750,48.167
4036,4036,134.533,691.439,558.582,65.851,53.198,212,1,629,489.500,59.905,46.619,505.750,48.167
4037,4037,134.567,691.498,558.614,65.857,53.201,213,1,629,489.500,59.905,46.619,505.750,48.167
4038,4038,134.600,691.393,558.279,65.847,53.169,221,1,629,489.500,59.905,46.619,505.750,48.167
4039,4039,134.633,691.397,557.923,65.847,53.136,208,1,629,489.500,59.905,46.619,505.750,48.167
4040,4040,134.667,691.419,557.794,65.849,53.123,209,1,629,489.500,59.905,46.619,505.750,48.167
4041,4041,134.700,691.300,557.528,65.838,53.098,224,1,629,489.500,59.905,46.619,505.750,48.167
4042,4042,134.733,691.234,557.398,65.832,53.085,215,1,629,489.500,59.905,46.619,505.750,48.167
4043,4043,134.767,691.118,557.370,65.821,53.083,217,1,629,489.500,59.905,46.619,505.750,48.167
4044,4044,134.800,690.982,557.127,65.808,53.060,222,1,629,489.500,59.905,46.619,505.750,48.167
4045,4045,134.833,691.023,557.265,65.812,53.073,212,1,629,489.500,59.905,46.619,505.750,48.167
4046,4046,134.867,691.059,557.485,65.815,53.094,210,1,629,489.500,59.905,46.619,505.750,48.167
4047,4047,134.900,690.921,557.627,65.802,53.107,225,1,629,489.500,59.905,46.619,505.750,48.167
4048,4048,134.933,690.954,557.647,65.805,53.109,226,1,629,489.500,59.905,46.619,505.750,48.167
4049,4049,134.967,690.969,557.575,65.807,53.102,223,1,629,489.500,59.905,46.619,505.750,48.167
4050,4050,135.000,690.945,557.619,65.804,53.107,225,1,629,489.500,59.905,46.619,505.750,48.167
4051,4051,135.033,690.919,557.631,65.802,53.108,218,1,629,489.500,59.905,46.619,505.750,48.167
4052,4052,135.067,690.960,557.851,65.806,53.129,214,1,629,489.500,59.905,46.619,505.750,48.167
4053,4053,135.100,691.025,558.266,65.812,53.168,221,1,629,489.500,59.905,46.619,505.750,48.167
4054,4054,135.133,690.980,558.085,65.808,53.151,217,1,629,489.500,59.905,46.619,505.750,48.167
4055,4055,135.167,690.982,558.099,65.808,53.152,217,1,629,489.500,59.905,46.619,505.750,48.167
4056,4056,135.200,690.985,558.715,65.808,53.211,228,1,629,489.500,59.905,46.619,505.750,48.167
4057,4057,135.233,690.990,558.401,65.809,53.181,220,1,629,489.500,59.905,46.619,505.750,48.167
4058,4058,135.267,691.074,558.784,65.817,53.218,209,1,629,489.500,59.905,46.619,505.750,48.167
4059,4059,135.300,691.191,559.220,65.828,53.259,219,1,629,489.500,59.905,46.619,505.750,48.167
4060,4060,135.333,691.146,558.930,65.823,53.231,216,1,629,489.500,59.905,46.619,505.750,48.167
4061,4061,135.367,691.194,559.150,65.828,53.252,213,1,629,489.500,59.905,46.619,505.750,48.167
4062,4062,135.400,691.257,559.695,65.834,53.304,222,1,629,489.500,59.905,46.619,505.750,48.167
4063,4063,135.433,691.269,559.795,65.835,53.314,221,1,629,489.500,59.905,46.619,505.750,48.167
4064,4064,135.467,691.262,559.691,65.834,53.304,225,1,629,489.500,59.905,46.619,505.750,48.167
4065,4065,135.500,691.288,560.013,65.837,53.335,235,1,629,489.500,59.905,46.619,505.750,48.167
4066,4066,135.533,691.300,560.087,65.838,53.342,234,1,629,489.500,59.905,46.619,505.750,48.167
4067,4067,135.567,691.382,560.412,65.846,53.373,232,1,629,489.500,59.905,46.619,505.750,48.167
4068,4068,135.600,691.370,560.425,65.845,53.374,234,1,629,489.500,59.905,46.619,505.750,48.167
4069,4069,135.633,691.377,560.436,65.845,53.375,227,1,629,489.500,59.905,46.619,505.750,48.167
4070,4070,135.667,691.316,560.382,65.840,53.370,227,1,629,489.500,59.905,46.619,505.750,48.167
4071,4071,135.700,691.320,560.426,65.840,53.374,231,1,629,489.500,59.905,46.619,505.750,48.167
4072,4072,135.733,691.329,560.398,65.841,53.371,230,1,629,489.500,59.905,46.619,505.750,48.167
4073,4073,135.767,691.335,560.451,65.841,53.376,228,1,629,489.500,59.905,46.619,505.750,48.167
4074,4074,135.800,691.362,560.669,65.844,53.397,228,1,629,489.500,59.905,46.619,505.750,48.167
4075,4075,135.833,691.330,560.428,65.841,53.374,228,1,629,489.500,59.905,46.619,505.750,48.167
4076,4076,135.867,691.353,560.447,65.843,53.376,227,1,629,489.500,59.905,46.619,505.750,48.167
4077,4077,135.900,691.385,560.479,65.846,53.379,232,1,629,489.500,59.905,46.619,505.750,48.167
4078,4078,135.933,691.318,560.381,65.840,53.370,224,1,629,489.500,59.905,46.619,505.750,48.167
4079,4079,135.967,691.377,560.615,65.845,53.392,221,1,629,489.500,59.905,46.619,505.750,48.167
4080,4080,136.000,691.494,561.181,65.857,53.446,227,1,629,489.500,59.905,46.619,505.750,48.167
4081,4081,136.033,691.586,561.723,65.865,53.497,225,1,629,489.500,59.905,46.619,505.750,48.167
4082,4082,136.067,691.608,561.634,65.867,53.489,232,1,629,489.500,59.905,46.619,505.750,48.167
4083,4083,136.100,691.777,562.522,65.883,53.574,233,1,629,489.500,59.905,46.619,505.750,48.167
4084,4084,136.133,691.847,562.679,65.890,53.588,219,1,629,489.500,59.905,46.619,505.750,48.167
4085,4085,136.167,691.869,562.708,65.892,53.591,220,1,629,489.500,59.905,46.619,505.750,48.167
4086,4086,136.200,691.873,562.785,65.893,53.599,221,1,629,489.500,59.905,46.619,505.750,48.167
4087,4087,136.233,691.977,563.481,65.903,53.665,217,1,629,489.500,59.905,46.619,505.750,48.167
4088,4088,136.267,691.978,563.484,65.903,53.665,217,1,629,489.500,59.905,46.619,505.750,48.167
4089,4089,136.300,692.012,563.684,65.906,53.684,219,1,629,489.500,59.905,46.619,505.750,48.167
4090,4090,136.333,692.026,563.717,65.907,53.687,215,1,629,489.500,59.905,46.619,505.750,48.167
4091,4091,136.367,692.082,563.998,65.913,53.714,211,1,629,489.500,59.905,46.619,505.750,48.167
4092,4092,136.400,692.098,564.062,65.914,53.720,210,1,629,489.500,59.905,46.619,505.750,48.167
4093,4093,136.433,692.160,563.954,65.920,53.710,205,1,629,489.500,59.905,46.619,505.750,48.167
4094,4094,136.467,692.262,564.302,65.930,53.743,208,1,629,489.500,59.905,46.619,505.750,48.167
4095,4095,136.500,692.215,564.215,65.925,53.735,214,1,629,489.500,59.905,46.619,505.750,48.167
4096,4096,136.533,692.248,564.414,65.928,53.754,207,1,629,489.500,59.905,46.619,505.750,48.167
4097,4097,136.567,692.339,564.539,65.937,53.766,203,1,629,489.500,59.905,46.619,505.750,48.167
4098,4098,136.600,692.360,564.426,65.939,53.755,209,1,629,489.500,59.905,46.619,505.750,48.167
4099,4099,136.633,692.400,564.295,65.943,53.742,208,1,629,489.500,59.905,46.619,505.750,48.167
4100,4100,136.667,692.385,564.201,65.941,53.733,209,1,629,489.500,59.905,46.619,505.750,48.167
4101,4101,136.700,692.409,564.203,65.944,53.734,211,1,629,489.500,59.905,46.619,505.750,48.167
4102,4102,136.733,692.405,564.013,65.943,53.716,212,1,629,489.500,59.905,46.619,505.750,48.167
4103,4103,136.767,692.457,564.047,65.948,53.719,214,1,629,489.500,59.905,46.619,505.750,48.167
4104,4104,136.800,692.442,563.857,65.947,53.701,218,1,629,489.500,59.905,46.619,505.750,48.167
4105,4105,136.833,692.461,563.856,65.949,53.701,217,1,629,489.500,59.905,46.619,505.750,48.167
4106,4106,136.867,692.470,563.803,65.950,53.696,216,1,629,489.500,59.905,46.619,505.750,48.167
4107,4107,136.900,692.482,563.764,65.951,53.692,217,1,629,489.500,59.905,46.619,505.750,48.167
4108,4108,136.933,692.486,563.750,65.951,53.690,215,1,629,489.500,59.905,46.619,505.750,48.167
4109,4109,136.967,692.458,563.267,65.948,53.644,218,1,629,489.500,59.905,46.619,505.750,48.167
4110,4110,137.000,692.435,563.097,65.946,53.628,226,1,629,489.500,59.905,46.619,505.750,48.167
4111,4111,137.033,692.444,563.046,65.947,53.623,220,1,629,489.500,59.905,46.619,505.750,48.167
4112,4112,137.067,692.420,563.044,65.945,53.623,222,1,629,489.500,59.905,46.619,505.750,48.167
4113,4113,137.100,692.364,562.521,65.939,53.573,228,1,629,489.500,59.905,46.619,505.750,48.167
4114,4114,137.133,692.341,562.630,65.937,53.584,223,1,629,489.500,59.905,46.619,505.750,48.167
4115,4115,137.167,692.297,562.554,65.933,53.577,219,1,629,489.500,59.905,46.619,505.750,48.167
4116,4116,137.200,692.269,562.487,65.930,53.570,225,1,629,489.500,59.905,46.619,505.750,48.167
4117,4117,137.233,692.271,562.455,65.931,53.567,215,1,629,489.500,59.905,46.619,505.750,48.167
4118,4118,137.267,692.283,562.515,65.932,53.573,215,1,629,489.500,59.905,46.619,505.750,48.167
4119,4119,137.300,692.266,562.848,65.930,53.605,220,1,629,489.500,59.905,46.619,505.750,48.167
4120,4120,137.333,692.239,562.594,65.927,53.580,209,1,629,489.500,59.905,46.619,505.750,48.167
4121,4121,137.367,692.247,562.815,65.928,53.601,211,1,629,489.500,59.905,46.619,505.750,48.167
4122,4122,137.400,692.200,562.881,65.924,53.608,217,1,629,489.500,59.905,46.619,505.750,48.167
4123,4123,137.433,692.254,562.753,65.929,53.595,209,1,629,489.500,59.905,46.619,505.750,48.167
4124,4124,137.467,692.236,562.865,65.927,53.606,212,1,629,489.500,59.905,46.619,505.750,48.167
4125,4125,137.500,692.212,562.944,65.925,53.614,216,1,629,489.500,59.905,46.619,505.750,48.167
4126,4126,137.533,692.241,562.900,65.928,53.609,212,1,629,489.500,59.905,46.619,505.750,48.167
4127,4127,137.567,692.233,562.801,65.927,53.600,211,1,629,489.500,59.905,46.619,505.750,48.167
4128,4128,137.600,692.208,562.862,65.925,53.606,215,1,629,489.500,59.905,46.619,505.750,48.167
4129,4129,137.633,692.197,562.691,65.924,53.590,207,1,629,489.500,59.905,46.619,505.750,48.167
4130,4130,137.667,692.201,563.163,65.924,53.635,214,1,629,489.500,59.905,46.619,505.750,48.167
4131,4131,137.700,692.208,562.928,65.925,53.612,214,1,629,489.500,59.905,46.619,505.750,48.167
4132,4132,137.733,692.169,562.727,65.921,53.593,207,1,629,489.500,59.905,46.619,505.750,48.167
4133,4133,137.767,692.138,562.730,65.918,53.593,207,1,629,489.500,59.905,46.619,505.750,48.167
4134,4134,137.800,692.140,562.933,65.918,53.613,211,1,629,489.500,59.905,46.619,505.750,48.167
4135,4135,137.833,692.105,562.474,65.915,53.569,205,1,629,489.500,59.905,46.619,505.750,48.167
4136,4136,137.867,692.161,562.548,65.920,53.576,204,1,629,489.500,59.905,46.619,505.750,48.167
4137,4137,137.900,692.175,562.829,65.921,53.603,211,1,629,489.500,59.905,46.619,505.750,48.167
4138,4138,137.933,692.142,562.516,65.918,53.573,204,1,629,489.500,59.905,46.619,505.750,48.167
4139,4139,137.967,692.164,562.667,65.920,53.587,206,1,629,489.500,59.905,46.619,505.750,48.167
4140,4140,138.000,692.131,562.939,65.917,53.613,210,1,629,489.500,59.905,46.619,505.750,48.167
4141,4141,138.033,692.052,562.882,65.910,53.608,197,1,629,489.500,59.905,46.619,505.750,48.167
4142,4142,138.067,692.080,563.710,65.912,53.687,209,1,629,489.500,59.905,46.619,505.750,48.167
4143,4143,138.100,691.991,563.475,65.904,53.664,215,1,629,489.500,59.905,46.619,505.750,48.167
4144,4144,138.133,692.048,563.647,65.909,53.681,207,1,629,489.500,59.905,46.619,505.750,48.167
4145,4145,138.167,692.048,563.647,65.909,53.681,207,1,629,489.500,59.905,46.619,505.750,48.167
4146,4146,138.200,692.048,563.647,65.909,53.681,207,1,629,489.500,59.905,46.619,505.750,48.167
4147,4147,138.233,692.048,563.647,65.909,53.681,207,1,629,489.500,59.905,46.619,505.750,48.167
4148,4148,138.267,692.027,563.743,65.907,53.690,209,1,629,489.500,59.905,46.619,505.750,48.167
4149,4149,138.300,692.006,563.636,65.905,53.680,210,1,629,489.500,59.905,46.619,505.750,48.167
4150,4150,138.333,691.970,563.617,65.902,53.678,207,1,629,489.500,59.905,46.619,505.750,48.167
4151,4151,138.367,691.938,563.938,65.899,53.708,214,1,629,489.500,59.905,46.619,505.750,48.167
4152,4152,138.400,691.910,563.846,65.896,53.700,214,1,629,489.500,59.905,46.619,505.750,48.167
4153,4153,138.433,691.920,563.809,65.897,53.696,207,1,629,489.500,59.905,46.619,505.750,48.167
4154,4154,138.467,691.900,564.107,65.895,53.724,213,1,629,489.500,59.905,46.619,505.750,48.167
4155,4155,138.500,691.869,564.169,65.892,53.730,216,1,629,489.500,59.905,46.619,505.750,48.167
4156,4156,138.533,691.889,563.946,65.894,53.709,205,1,629,489.500,59.905,46.619,505.750,48.167
4157,4157,138.567,691.918,564.232,65.897,53.736,209,1,629,489.500,59.905,46.619,505.750,48.167
4158,4158,138.600,691.894,564.247,65.895,53.738,211,1,629,489.500,59.905,46.619,505.750,48.167
4159,4159,138.633,691.959,563.778,65.901,53.693,202,1,629,489.500,59.905,46.619,505.750,48.167
4160,4160,138.667,691.804,563.451,65.886,53.662,215,1,629,489.500,59.905,46.619,505.750,48.167
4161,4161,138.700,691.807,563.393,65.886,53.656,216,1,629,489.500,59.905,46.619,505.750,48.167
4162,4162,138.733,691.776,563.504,65.883,53.667,212,1,629,489.500,59.905,46.619,505.750,48.167
4163,4163,138.767,691.689,563.715,65.875,53.687,227,1,629,489.500,59.905,46.619,505.750,48.167
4164,4164,138.800,691.700,563.738,65.876,53.689,227,1,629,489.500,59.905,46.619,505.750,48.167
4165,4165,138.833,691.703,564.007,65.877,53.715,223,1,629,489.500,59.905,46.619,505.750,48.167
4166,4166,138.867,691.704,563.994,65.877,53.714,223,1,629,489.500,59.905,46.619,505.750,48.167
4167,4167,138.900,691.705,564.032,65.877,53.717,223,1,629,489.500,59.905,46.619,505.750,48.167
4168,4168,138.933,691.686,563.787,65.875,53.694,220,1,629,489.500,59.905,46.619,505.750,48.167
4169,4169,138.967,691.706,563.963,65.877,53.711,223,1,629,489.500,59.905,46.619,505.750,48.167
4170,4170,139.000,691.665,563.613,65.873,53.677,225,1,629,489.500,59.905,46.619,505.750,48.167
4171,4171,139.033,691.733,563.796,65.879,53.695,223,1,629,489.500,59.905,46.619,505.750,48.167
4172,4172,139.067,691.666,563.862,65.873,53.701,225,1,629,489.500,59.905,46.619,505.750,48.167
4173,4173,139.100,691.671,563.874,65.873,53.702,225,1,629,489.500,59.905,46.619,505.750,48.167
4174,4174,139.133,691.681,563.855,65.874,53.700,214,1,629,489.500,59.905,46.619,505.750,48.167
4175,4175,139.167,691.690,563.801,65.875,53.695,221,1,629,489.500,59.905,46.619,505.750,48.167
4176,4176,139.200,691.722,563.796,65.878,53.695,219,1,629,489.500,59.905,46.619,505.750,48.167
4177,4177,139.233,691.759,563.548,65.882,53.671,211,1,629,489.500,59.905,46.619,505.750,48.167
4178,4178,139.267,691.684,563.975,65.875,53.712,222,1,629,489.500,59.905,46.619,505.750,48.167
4179,4179,139.300,691.701,564.025,65.876,53.717,223,1,629,489.500,59.905,46.619,505.750,48.167
4180,4180,139.333,691.742,564.193,65.880,53.733,217,1,629,489.500,59.905,46.619,505.750,48.167
4181,4181,139.367,691.749,564.564,65.881,53.768,222,1,629,489.500,59.905,46.619,505.750,48.167
4182,4182,139.400,691.716,564.462,65.878,53.758,226,1,629,489.500,59.905,46.619,505.750,48.167
4183,4183,139.433,691.653,563.963,65.872,53.711,223,1,629,489.500,59.905,46.619,505.750,48.167
4184,4184,139.467,691.655,564.240,65.872,53.737,228,1,629,489.500,59.905,46.619,505.750,48.167
4185,4185,139.500,691.655,564.269,65.872,53.740,228,1,629,489.500,59.905,46.619,505.750,48.167
4186,4186,139.533,691.779,564.009,65.884,53.715,217,1,629,489.500,59.905,46.619,505.750,48.167
4187,4187,139.567,691.734,564.322,65.879,53.745,226,1,629,489.500,59.905,46.619,505.750,48.167
4188,4188,139.600,691.711,564.398,65.877,53.752,226,1,629,489.500,59.905,46.619,505.750,48.167
4189,4189,139.633,691.791,564.184,65.885,53.732,217,1,629,489.500,59.905,46.619,505.750,48.167
4190,4190,139.667,691.796,564.651,65.885,53.776,225,1,629,489.500,59.905,46.619,505.750,48.167
4191,4191,139.700,691.794,564.662,65.885,53.777,225,1,629,489.500,59.905,46.619,505.750,48.167
4192,4192,139.733,691.777,564.098,65.884,53.724,216,1,629,489.500,59.905,46.619,505.750,48.167
4193,4193,139.767,691.812,564.634,65.887,53.775,223,1,629,489.500,59.905,46.619,505.750,48.167
4194,4194,139.800,691.801,564.801,65.886,53.791,219,1,629,489.500,59.905,46.619,505.750,48.167
4195,4195,139.833,691.849,565.009,65.890,53.810,211,1,629,489.500,59.905,46.619,505.750,48.167
4196,4196,139.867,691.860,565.158,65.891,53.825,213,1,629,489.500,59.905,46.619,505.750,48.167
4197,4197,139.900,691.825,565.421,65.888,53.850,217,1,629,489.500,59.905,46.619,505.750,48.167
4198,4198,139.933,691.898,565.172,65.895,53.826,207,1,629,489.500,59.905,46.619,505.750,48.167
4199,4199,139.967,691.784,565.369,65.884,53.845,210,1,629,489.500,59.905,46.619,505.750,48.167
4200,4200,140.000,691.812,565.389,65.887,53.847,210,1,629,489.500,59.905,46.619,505.750,48.167
4201,4201,140.033,691.733,566.332,65.879,53.936,202,1,629,489.500,59.905,46.619,505.750,48.167
4202,4202,140.067,691.665,566.015,65.873,53.906,211,1,629,489.500,59.905,46.619,505.750,48.167
4203,4203,140.100,691.722,565.821,65.878,53.888,214,1,629,489.500,59.905,46.619,505.750,48.167
4204,4204,140.133,691.641,565.915,65.871,53.897,204,1,629,489.500,59.905,46.619,505.750,48.167
4205,4205,140.167,691.641,565.915,65.871,53.897,204,1,629,489.500,59.905,46.619,505.750,48.167
4206,4206,140.200,691.678,565.754,65.874,53.881,207,1,629,489.500,59.905,46.619,505.750,48.167
4207,4207,140.233,691.689,566.041,65.875,53.909,203,1,629,489.500,59.905,46.619,505.750,48.167
4208,4208,140.267,691.705,566.224,65.877,53.926,207,1,629,489.500,59.905,46.619,505.750,48.167
4209,4209,140.300,691.723,566.249,65.878,53.928,207,1,629,489.500,59.905,46.619,505.750,48.167
4210,4210,140.333,691.745,565.720,65.880,53.878,200,1,629,489.500,59.905,46.619,505.750,48.167
4211,4211,140.367,691.780,566.006,65.884,53.905,207,1,629,489.500,59.905,46.619,505.750,48.167
4212,4212,140.400,691.807,565.782,65.886,53.884,202,1,629,489.500,59.905,46.619,505.750,48.167
4213,4213,140.433,691.873,565.685,65.893,53.875,202,1,629,489.500,59.905,46.619,505.750,48.167
4214,4214,140.467,691.903,566.273,65.895,53.931,214,1,629,489.500,59.905,46.619,505.750,48.167
4215,4215,140.500,691.911,566.321,65.896,53.935,215,1,629,489.500,59.905,46.619,505.750,48.167
4216,4216,140.533,692.031,566.989,65.908,53.999,211,1,629,489.500,59.905,46.619,505.750,48.167
4217,4217,140.567,692.032,567.373,65.908,54.036,223,1,629,489.500,59.905,46.619,505.750,48.167
4218,4218,140.600,692.078,567.732,65.912,54.070,227,1,629,489.500,59.905,46.619,505.750,48.167
4219,4219,140.633,692.060,567.140,65.910,54.013,212,1,629,489.500,59.905,46.619,505.750,48.167
4220,4220,140.667,692.041,567.216,65.909,54.021,224,1,629,489.500,59.905,46.619,505.750,48.167
4221,4221,140.700,692.016,566.561,65.906,53.958,215,1,629,489.500,59.905,46.619,505.750,48.167
4222,4222,140.733,692.020,566.575,65.907,53.960,209,1,629,489.500,59.905,46.619,505.750,48.167
4223,4223,140.767,692.017,566.538,65.906,53.956,213,1,629,489.500,59.905,46.619,505.750,48.167
4224,4224,140.800,692.029,566.564,65.908,53.958,216,1,629,489.500,59.905,46.619,505.750,48.167
4225,4225,140.833,692.013,566.352,65.906,53.938,206,1,629,489.500,59.905,46.619,505.750,48.167
4226,4226,140.867,691.968,566.448,65.902,53.947,216,1,629,489.500,59.905,46.619,505.750,48.167
4227,4227,140.900,692.035,566.311,65.908,53.934,212,1,629,489.500,59.905,46.619,505.750,48.167
4228,4228,140.933,692.013,566.220,65.906,53.926,200,1,629,489.500,59.905,46.619,505.750,48.167
4229,4229,140.967,692.000,566.458,65.905,53.948,206,1,629,489.500,59.905,46.619,505.750,48.167
4230,4230,141.000,691.985,566.185,65.903,53.922,208,1,629,489.500,59.905,46.619,505.750,48.167
4231,4231,141.033,691.979,566.259,65.903,53.929,204,1,629,489.500,59.905,46.619,505.750,48.167
4232,4232,141.067,692.015,566.555,65.906,53.958,209,1,629,489.500,59.905,46.619,505.750,48.167
4233,4233,141.100,692.014,566.551,65.906,53.957,209,1,629,489.500,59.905,46.619,505.750,48.167
4234,4234,141.133,692.026,566.515,65.907,53.954,204,1,629,489.500,59.905,46.619,505.750,48.167
4235,4235,141.167,691.992,566.165,65.904,53.921,214,1,629,489.500,59.905,46.619,505.750,48.167
4236,4236,141.200,691.977,566.005,65.903,53.905,211,1,629,489.500,59.905,46.619,505.750,48.167
4237,4237,141.233,691.968,565.809,65.902,53.887,202,1,629,489.500,59.905,46.619,505.750,48.167
4238,4238,141.267,691.948,565.880,65.900,53.893,210,1,629,489.500,59.905,46.619,505.750,48.167
4239,4239,141.300,691.952,565.736,65.900,53.880,208,1,629,489.500,59.905,46.619,505.750,48.167
4240,4240,141.333,692.000,565.798,65.905,53.885,205,1,629,489.500,59.905,46.619,505.750,48.167
4241,4241,141.367,691.986,565.912,65.903,53.896,213,1,629,489.500,59.905,46.619,505.750,48.167
4242,4242,141.400,691.987,565.909,65.904,53.896,211,1,629,489.500,59.905,46.619,505.750,48.167
4243,4243,141.433,691.942,565.380,65.899,53.846,202,1,629,489.500,59.905,46.619,505.750,48.167
4244,4244,141.467,691.875,564.918,65.893,53.802,204,1,629,489.500,59.905,46.619,505.750,48.167
4245,4245,141.500,691.870,564.693,65.892,53.780,203,1,629,489.500,59.905,46.619,505.750,48.167
4246,4246,141.533,691.893,564.547,65.895,53.766,194,1,629,489.500,59.905,46.619,505.750,48.167
4247,4247,141.567,691.862,564.048,65.892,53.719,197,1,629,489.500,59.905,46.619,505.750,48.167
4248,4248,141.600,691.859,563.279,65.891,53.646,193,1,629,489.500,59.905,46.619,505.750,48.167
4249,4249,141.633,691.820,563.397,65.888,53.657,190,1,629,489.500,59.905,46.619,505.750,48.167
4250,4250,141.667,691.717,563.175,65.878,53.636,195,1,629,489.500,59.905,46.619,505.750,48.167
4251,4251,141.700,691.753,563.113,65.881,53.630,193,1,629,489.500,59.905,46.619,505.750,48.167
4252,4252,141.733,691.757,562.946,65.882,53.614,187,1,629,489.500,59.905,46.619,505.750,48.167
4253,4253,141.767,691.681,562.748,65.874,53.595,200,1,629,489.500,59.905,46.619,505.750,48.167
4254,4254,141.800,691.684,562.597,65.875,53.581,198,1,629,489.500,59.905,46.619,505.750,48.167
4255,4255,141.833,691.645,562.358,65.871,53.558,192,1,629,489.500,59.905,46.619,505.750,48.167
4256,4256,141.867,691.619,562.499,65.869,53.571,200,1,629,489.500,59.905,46.619,505.750,48.167
4257,4257,141.900,691.615,562.195,65.868,53.542,197,1,629,489.500,59.905,46.619,505.750,48.167
4258,4258,141.933,691.555,562.217,65.862,53.544,188,1,629,489.500,59.905,46.619,505.750,48.167
4259,4259,141.967,691.489,562.491,65.856,53.571,203,1,629,489.500,59.905,46.619,505.750,48.167
4260,4260,142.000,691.494,562.313,65.857,53.554,199,1,629,489.500,59.905,46.619,505.750,48.167
4261,4261,142.033,691.314,562.340,65.839,53.556,194,1,629,489.500,59.905,46.619,505.750,48.167
4262,4262,142.067,691.224,562.783,65.831,53.598,210,1,629,489.500,59.905,46.619,505.750,48.167
4263,4263,142.100,691.192,562.584,65.828,53.579,211,1,629,489.500,59.905,46.619,505.750,48.167
4264,4264,142.133,691.177,562.708,65.826,53.591,209,1,629,489.500,59.905,46.619,505.750,48.167
4265,4265,142.167,691.177,562.708,65.826,53.591,209,1,629,489.500,59.905,46.619,505.750,48.167
4266,4266,142.200,691.177,562.708,65.826,53.591,209,1,629,489.500,59.905,46.619,505.750,48.167
4267,4267,142.233,691.179,562.688,65.827,53.589,209,1,629,489.500,59.905,46.619,505.750,48.167
4268,4268,142.267,691.120,562.850,65.821,53.605,212,1,629,489.500,59.905,46.619,505.750,48.167
4269,4269,142.300,691.148,562.284,65.824,53.551,206,1,629,489.500,59.905,46.619,505.750,48.167
4270,4270,142.333,691.121,562.478,65.821,53.569,206,1,629,489.500,59.905,46.619,505.750,48.167
4271,4271,142.367,691.120,562.491,65.821,53.571,206,1,629,489.500,59.905,46.619,505.750,48.167
4272,4272,142.400,691.052,562.321,65.814,53.554,209,1,629,489.500,59.905,46.619,505.750,48.167
4273,4273,142.433,690.923,562.066,65.802,53.530,206,1,629,489.500,59.905,46.619,505.750,48.167
4274,4274,142.467,690.904,561.960,65.800,53.520,217,1,629,489.500,59.905,46.619,505.750,48.167
4275,4275,142.500,690.929,562.235,65.803,53.546,210,1,629,489.500,59.905,46.619,505.750,48.167
4276,4276,142.533,690.896,562.060,65.800,53.530,206,1,629,489.500,59.905,46.619,505.750,48.167
4277,4277,142.567,690.916,561.942,65.801,53.518,210,1,629,489.500,59.905,46.619,505.750,48.167
4278,4278,142.600,691.013,561.669,65.811,53.492,205,1,629,489.500,59.905,46.619,505.750,48.167
4279,4279,142.633,691.101,561.730,65.819,53.498,200,1,629,489.500,59.905,46.619,505.750,48.167
4280,4280,142.667,691.138,561.576,65.823,53.483,202,1,629,489.500,59.905,46.619,505.750,48.167
4281,4281,142.700,691.176,561.357,65.826,53.463,200,1,629,489.500,59.905,46.619,505.750,48.167
4282,4282,142.733,691.221,561.320,65.831,53.459,194,1,629,489.500,59.905,46.619,505.750,48.167
4283,4283,142.767,691.263,561.355,65.835,53.462,200,1,629,489.500,59.905,46.619,505.750,48.167
4284,4284,142.800,691.285,561.400,65.837,53.467,198,1,629,489.500,59.905,46.619,505.750,48.167
4285,4285,142.833,691.383,561.507,65.846,53.477,194,1,629,489.500,59.905,46.619,505.750,48.167
4286,4286,142.867,691.339,561.114,65.842,53.439,196,1,629,489.500,59.905,46.619,505.750,48.167
4287,4287,142.900,691.396,561.180,65.847,53.446,193,1,629,489.500,59.905,46.619,505.750,48.167
4288,4288,142.933,691.427,561.183,65.850,53.446,191,1,629,489.500,59.905,46.619,505.750,48.167
4289,4289,142.967,691.588,561.220,65.866,53.450,196,1,629,489.500,59.905,46.619,505.750,48.167
4290,4290,143.000,691.680,561.286,65.874,53.456,197,1,629,489.500,59.905,46.619,505.750,48.167
4291,4291,143.033,691.676,561.103,65.874,53.438,191,1,629,489.500,59.905,46.619,505.750,48.167
4292,4292,143.067,691.674,561.168,65.874,53.445,203,1,629,489.500,59.905,46.619,505.750,48.167
4293,4293,143.100,691.578,560.761,65.865,53.406,194,1,629,489.500,59.905,46.619,505.750,48.167
4294,4294,143.133,691.622,560.930,65.869,53.422,187,1,629,489.500,59.905,46.619,505.750,48.167
4295,4295,143.167,691.761,560.895,65.882,53.419,195,1,629,489.500,59.905,46.619,505.750,48.167
4296,4296,143.200,691.745,560.889,65.881,53.418,194,1,629,489.500,59.905,46.619,505.750,48.167
4297,4297,143.233,691.843,560.829,65.890,53.412,191,1,629,489.500,59.905,46.619,505.750,48.167
4298,4298,143.267,691.947,560.916,65.900,53.421,197,1,629,489.500,59.905,46.619,505.750,48.167
4299,4299,143.300,692.027,561.411,65.907,53.468,205,1,629,489.500,59.905,46.619,505.750,48.167
4300,4300,143.333,692.067,561.289,65.911,53.456,197,1,629,489.500,59.905,46.619,505.750,48.167
4301,4301,143.367,692.158,561.296,65.920,53.457,201,1,629,489.500,59.905,46.619,505.750,48.167
4302,4302,143.400,692.072,561.266,65.912,53.454,204,1,629,489.500,59.905,46.619,505.750,48.167
4303,4303,143.433,692.029,561.172,65.908,53.445,203,1,629,489.500,59.905,46.619,505.750,48.167
4304,4304,143.467,692.103,561.266,65.915,53.454,205,1,629,489.500,59.905,46.619,505.750,48.167
4305,4305,143.500,692.095,561.248,65.914,53.452,205,1,629,489.500,59.905,46.619,505.750,48.167
4306,4306,143.533,692.199,561.323,65.924,53.459,198,1,629,489.500,59.905,46.619,505.750,48.167
4307,4307,143.567,692.215,561.317,65.925,53.459,213,1,629,489.500,59.905,46.619,505.750,48.167
4308,4308,143.600,692.334,561.206,65.937,53.448,205,1,629,489.500,59.905,46.619,505.750,48.167
4309,4309,143.633,692.205,561.006,65.924,53.429,199,1,629,489.500,59.905,46.619,505.750,48.167
4310,4310,143.667,692.195,561.149,65.923,53.443,210,1,629,489.500,59.905,46.619,505.750,48.167
4311,4311,143.700,692.290,561.003,65.932,53.429,205,1,629,489.500,59.905,46.619,505.750,48.167
4312,4312,143.733,692.336,561.105,65.937,53.439,203,1,629,489.500,59.905,46.619,505.750,48.167
4313,4313,143.767,692.403,560.919,65.943,53.421,208,1,629,489.500,59.905,46.619,505.750,48.167
4314,4314,143.800,692.425,560.766,65.945,53.406,204,1,629,489.500,59.905,46.619,505.750,48.167
4315,4315,143.833,692.424,560.765,65.945,53.406,204,1,629,489.500,59.905,46.619,505.750,48.167
4316,4316,143.867,692.559,560.696,65.958,53.400,213,1,629,489.500,59.905,46.619,505.750,48.167
4317,4317,143.900,692.611,560.837,65.963,53.413,209,1,629,489.500,59.905,46.619,505.750,48.167
4318,4318,143.933,692.622,560.889,65.964,53.418,208,1,629,489.500,59.905,46.619,505.750,48.167
4319,4319,143.967,692.647,560.773,65.966,53.407,211,1,629,489.500,59.905,46.619,505.750,48.167
4320,4320,144.000,692.632,560.613,65.965,53.392,208,1,629,489.500,59.905,46.619,505.750,48.167
4321,4321,144.033,692.820,561.320,65.983,53.459,198,1,629,489.500,59.905,46.619,505.750,48.167
4322,4322,144.067,692.830,560.872,65.984,53.416,209,1,629,489.500,59.905,46.619,505.750,48.167
4323,4323,144.100,692.779,561.104,65.979,53.438,204,1,629,489.500,59.905,46.619,505.750,48.167
4324,4324,144.133,692.988,561.250,65.999,53.452,207,1,629,489.500,59.905,46.619,505.750,48.167
4325,4325,144.167,692.964,561.060,65.997,53.434,209,1,629,489.500,59.905,46.619,505.750,48.167
4326,4326,144.200,692.849,561.093,65.986,53.437,206,1,629,489.500,59.905,46.619,505.750,48.167
4327,4327,144.233,692.851,561.021,65.986,53.431,207,1,629,489.500,59.905,46.619,505.750,48.167
4328,4328,144.267,692.853,560.923,65.986,53.421,208,1,629,489.500,59.905,46.619,505.750,48.167
4329,4329,144.300,692.863,560.764,65.987,53.406,206,1,629,489.500,59.905,46.619,505.750,48.167
4330,4330,144.333,692.950,561.053,65.995,53.434,201,1,629,489.500,59.905,46.619,505.750,48.167
4331,4331,144.367,692.818,560.875,65.983,53.417,207,1,629,489.500,59.905,46.619,505.750,48.167
4332,4332,144.400,692.946,560.967,65.995,53.425,204,1,629,489.500,59.905,46.619,505.750,48.167
4333,4333,144.433,692.933,560.947,65.994,53.423,204,1,629,489.500,59.905,46.619,505.750,48.167
4334,4334,144.467,692.733,560.685,65.975,53.399,219,1,629,489.500,59.905,46.619,505.750,48.167
4335,4335,144.500,692.951,560.833,65.995,53.413,214,1,629,489.500,59.905,46.619,505.750,48.167
4336,4336,144.533,693.043,560.811,66.004,53.411,209,1,629,489.500,59.905,46.619,505.750,48.167
4337,4337,144.567,693.099,560.832,66.009,53.413,223,1,629,489.500,59.905,46.619,505.750,48.167
4338,4338,144.600,693.149,560.622,66.014,53.393,222,1,629,489.500,59.905,46.619,505.750,48.167
4339,4339,144.633,693.226,560.619,66.021,53.392,222,1,629,489.500,59.905,46.619,505.750,48.167
4340,4340,144.667,693.419,560.701,66.040,53.400,227,1,629,489.500,59.905,46.619,505.750,48.167
4341,4341,144.700,693.387,560.720,66.037,53.402,224,1,629,489.500,59.905,46.619,505.750,48.167
4342,4342,144.733,693.400,560.740,66.038,53.404,224,1,629,489.500,59.905,46.619,505.750,48.167
4343,4343,144.767,693.333,560.727,66.032,53.403,226,1,629,489.500,59.905,46.619,505.750,48.167
4344,4344,144.800,693.542,560.795,66.052,53.409,223,1,629,489.500,59.905,46.619,505.750,48.167
4345,4345,144.833,693.523,560.684,66.050,53.398,219,1,629,489.500,59.905,46.619,505.750,48.167
4346,4346,144.867,693.368,560.242,66.035,53.356,213,1,629,489.500,59.905,46.619,505.750,48.167
4347,4347,144.900,693.367,560.273,66.035,53.359,213,1,629,489.500,59.905,46.619,505.750,48.167
4348,4348,144.933,693.409,560.405,66.039,53.372,209,1,629,489.500,59.905,46.619,505.750,48.167
4349,4349,144.967,693.175,560.278,66.017,53.360,213,1,629,489.500,59.905,46.619,505.750,48.167
4350,4350,145.000,693.203,560.265,66.019,53.359,212,1,629,489.500,59.905,46.619,505.750,48.167
4351,4351,145.033,693.197,560.378,66.019,53.369,209,1,629,489.500,59.905,46.619,505.750,48.167
4352,4352,145.067,693.378,560.383,66.036,53.370,219,1,629,489.500,59.905,46.619,505.750,48.167
4353,4353,145.100,693.276,560.324,66.026,53.364,211,1,629,489.500,59.905,46.619,505.750,48.167
4354,4354,145.133,693.306,560.374,66.029,53.369,212,1,629,489.500,59.905,46.619,505.750,48.167
4355,4355,145.167,693.385,560.387,66.037,53.370,217,1,629,489.500,59.905,46.619,505.750,48.167
4356,4356,145.200,693.523,560.506,66.050,53.382,217,1,629,489.500,59.905,46.619,505.750,48.167
4357,4357,145.233,693.799,560.679,66.076,53.398,223,1,629,489.500,59.905,46.619,505.750,48.167
4358,4358,145.267,694.010,560.903,66.096,53.419,225,1,629,489.500,59.905,46.619,505.750,48.167
4359,4359,145.300,694.126,560.835,66.107,53.413,216,1,629,489.500,59.905,46.619,505.750,48.167
4360,4360,145.333,694.350,560.999,66.129,53.428,218,1,629,489.500,59.905,46.619,505.750,48.167
4361,4361,145.367,694.613,561.139,66.154,53.442,225,1,629,489.500,59.905,46.619,505.750,48.167
4362,4362,145.400,694.687,561.369,66.161,53.464,219,1,629,489.500,59.905,46.619,505.750,48.167
4363,4363,145.433,694.709,561.333,66.163,53.460,220,1,629,489.500,59.905,46.619,505.750,48.167
4364,4364,145.467,694.663,561.343,66.158,53.461,225,1,629,489.500,59.905,46.619,505.750,48.167
4365,4365,145.500,694.455,561.223,66.139,53.450,215,1,629,489.500,59.905,46.619,505.750,48.167
4366,4366,145.533,694.554,561.360,66.148,53.463,212,1,629,489.500,59.905,46.619,505.750,48.167
4367,4367,145.567,694.621,561.493,66.154,53.476,223,1,629,489.500,59.905,46.619,505.750,48.167
4368,4368,145.600,694.867,561.371,66.178,53.464,219,1,629,489.500,59.905,46.619,505.750,48.167
4369,4369,145.633,694.866,561.370,66.178,53.464,219,1,629,489.500,59.905,46.619,505.750,48.167
4370,4370,145.667,694.737,561.480,66.165,53.474,226,1,629,489.500,59.905,46.619,505.750,48.167
4371,4371,145.700,694.682,561.259,66.160,53.453,217,1,629,489.500,59.905,46.619,505.750,48.167
4372,4372,145.733,694.753,561.288,66.167,53.456,218,1,629,489.500,59.905,46.619,505.750,48.167
4373,4373,145.767,694.724,561.481,66.164,53.474,220,1,629,489.500,59.905,46.619,505.750,48.167
4374,4374,145.800,694.793,561.731,66.171,53.498,218,1,629,489.500,59.905,46.619,505.750,48.167
4375,4375,145.833,694.852,561.853,66.176,53.510,211,1,629,489.500,59.905,46.619,505.750,48.167
4376,4376,145.867,695.021,562.202,66.193,53.543,215,1,629,489.500,59.905,46.619,505.750,48.167
4377,4377,145.900,695.049,562.264,66.195,53.549,209,1,629,489.500,59.905,46.619,505.750,48.167
4378,4378,145.933,695.077,562.357,66.198,53.558,204,1,629,489.500,59.905,46.619,505.750,48.167
4379,4379,145.967,695.337,562.697,66.223,53.590,211,1,629,489.500,59.905,46.619,505.750,48.167
4380,4380,146.000,694.803,562.639,66.172,53.585,200,1,629,489.500,59.905,46.619,505.750,48.167
4381,4381,146.033,695.224,562.643,66.212,53.585,198,1,629,489.500,59.905,46.619,505.750,48.167
4382,4382,146.067,695.189,562.640,66.208,53.585,204,1,629,489.500,59.905,46.619,505.750,48.167
4383,4383,146.100,695.121,562.688,66.202,53.589,200,1,629,489.500,59.905,46.619,505.750,48.167
4384,4384,146.133,695.176,562.801,66.207,53.600,197,1,629,489.500,59.905,46.619,505.750,48.167
4385,4385,146.167,695.107,562.697,66.201,53.590,206,1,629,489.500,59.905,46.619,505.750,48.167
4386,4386,146.200,695.172,562.729,66.207,53.593,205,1,629,489.500,59.905,46.619,505.750,48.167
4387,4387,146.233,695.069,562.685,66.197,53.589,205,1,629,489.500,59.905,46.619,505.750,48.167
4388,4388,146.267,695.040,562.685,66.194,53.589,205,1,629,489.500,59.905,46.619,505.750,48.167
4389,4389,146.300,695.112,562.886,66.201,53.608,206,1,629,489.500,59.905,46.619,505.750,48.167
4390,4390,146.333,695.021,562.896,66.192,53.609,201,1,629,489.500,59.905,46.619,505.750,48.167
4391,4391,146.367,694.847,562.748,66.176,53.595,212,1,629,489.500,59.905,46.619,505.750,48.167
4392,4392,146.400,694.103,562.615,66.105,53.582,196,1,629,489.500,59.905,46.619,505.750,48.167
4393,4393,146.433,694.215,562.715,66.116,53.592,200,1,629,489.500,59.905,46.619,505.750,48.167
4394,4394,146.467,694.366,562.911,66.130,53.611,206,1,629,489.500,59.905,46.619,505.750,48.167
4395,4395,146.500,694.533,562.975,66.146,53.617,203,1,629,489.500,59.905,46.619,505.750,48.167
4396,4396,146.533,694.588,562.995,66.151,53.619,205,1,629,489.500,59.905,46.619,505.750,48.167
4397,4397,146.567,694.495,562.980,66.142,53.617,205,1,629,489.500,59.905,46.619,505.750,48.167
4398,4398,146.600,694.492,562.973,66.142,53.617,206,1,629,489.500,59.905,46.619,505.750,48.167
4399,4399,146.633,694.564,563.063,66.149,53.625,204,1,629,489.500,59.905,46.619,505.750,48.167
4400,4400,146.667,694.580,563.121,66.150,53.631,205,1,629,489.500,59.905,46.619,505.750,48.167
4401,4401,146.700,694.487,563.108,66.142,53.629,199,1,629,489.500,59.905,46.619,505.750,48.167
4402,4402,146.733,694.663,563.128,66.158,53.631,204,1,629,489.500,59.905,46.619,505.750,48.167
4403,4403,146.767,694.748,563.317,66.166,53.649,202,1,629,489.500,59.905,46.619,505.750,48.167
4404,4404,146.800,694.747,563.454,66.166,53.662,201,1,629,489.500,59.905,46.619,505.750,48.167
4405,4405,146.833,694.785,563.477,66.170,53.665,201,1,629,489.500,59.905,46.619,505.750,48.167
4406,4406,146.867,695.056,563.531,66.196,53.670,211,1,629,489.500,59.905,46.619,505.750,48.167
4407,4407,146.900,695.074,563.546,66.198,53.671,204,1,629,489.500,59.905,46.619,505.750,48.167
4408,4408,146.933,695.315,563.653,66.220,53.681,209,1,629,489.500,59.905,46.619,505.750,48.167
4409,4409,146.967,695.520,563.807,66.240,53.696,217,1,629,489.500,59.905,46.619,505.750,48.167
4410,4410,147.000,695.576,563.704,66.245,53.686,209,1,629,489.500,59.905,46.619,505.750,48.167
4411,4411,147.033,695.583,563.703,66.246,53.686,209,1,629,489.500,59.905,46.619,505.750,48.167
4412,4412,147.067,695.988,563.832,66.285,53.698,223,1,629,489.500,59.905,46.619,505.750,48.167
4413,4413,147.100,696.244,563.885,66.309,53.703,214,1,629,489.500,59.905,46.619,505.750,48.167
4414,4414,147.133,696.134,563.912,66.298,53.706,216,1,629,489.500,59.905,46.619,505.750,48.167
4415,4415,147.167,696.327,563.932,66.317,53.708,224,1,629,489.500,59.905,46.619,505.750,48.167
4416,4416,147.200,697.079,564.194,66.388,53.733,225,1,629,489.500,59.905,46.619,505.750,48.167
4417,4417,147.233,697.467,564.372,66.425,53.750,223,1,629,489.500,59.905,46.619,505.750,48.167
4418,4418,147.267,697.349,564.398,66.414,53.752,230,1,629,489.500,59.905,46.619,505.750,48.167
4419,4419,147.300,697.831,564.527,66.460,53.764,214,1,629,489.500,59.905,46.619,505.750,48.167
4420,4420,147.333,698.101,564.537,66.486,53.765,218,1,629,489.500,59.905,46.619,505.750,48.167
4421,4421,147.367,698.355,564.640,66.510,53.775,224,1,629,489.500,59.905,46.619,505.750,48.167
4422,4422,147.400,698.645,564.709,66.538,53.782,212,1,629,489.500,59.905,46.619,505.750,48.167
4423,4423,147.433,698.631,564.706,66.536,53.782,217,1,629,489.500,59.905,46.619,505.750,48.167
4424,4424,147.467,698.864,564.792,66.559,53.790,218,1,629,489.500,59.905,46.619,505.750,48.167
4425,4425,147.500,699.048,564.995,66.576,53.809,208,1,629,489.500,59.905,46.619,505.750,48.167
4426,4426,147.533,699.096,565.051,66.581,53.814,204,1,629,489.500,59.905,46.619,505.750,48.167
4427,4427,147.567,699.294,565.217,66.599,53.830,205,1,629,489.500,59.905,46.619,505.750,48.167
4428,4428,147.600,699.484,565.296,66.618,53.838,197,1,629,489.500,59.905,46.619,505.750,48.167
4429,4429,147.633,699.747,565.457,66.643,53.853,198,1,629,489.500,59.905,46.619,505.750,48.167
4430,4430,147.667,699.583,565.417,66.627,53.849,202,1,629,489.500,59.905,46.619,505.750,48.167
4431,4431,147.700,699.912,565.456,66.658,53.853,196,1,629,489.500,59.905,46.619,505.750,48.167
4432,4432,147.733,699.859,565.495,66.653,53.857,197,1,629,489.500,59.905,46.619,505.750,48.167
4433,4433,147.767,699.635,565.449,66.632,53.852,206,1,629,489.500,59.905,46.619,505.750,48.167
4434,4434,147.800,699.755,565.437,66.643,53.851,200,1,629,489.500,59.905,46.619,505.750,48.167
4435,4435,147.833,699.451,565.390,66.614,53.847,203,1,629,489.500,59.905,46.619,505.750,48.167
4436,4436,147.867,699.112,565.379,66.582,53.846,203,1,629,489.500,59.905,46.619,505.750,48.167
4437,4437,147.900,699.079,565.417,66.579,53.849,198,1,629,489.500,59.905,46.619,505.750,48.167
4438,4438,147.933,699.130,565.455,66.584,53.853,202,1,629,489.500,59.905,46.619,505.750,48.167
4439,4439,147.967,699.170,565.439,66.588,53.851,207,1,629,489.500,59.905,46.619,505.750,48.167
4440,4440,148.000,698.974,565.450,66.569,53.852,202,1,629,489.500,59.905,46.619,505.750,48.167
4441,4441,148.033,699.769,565.900,66.645,53.895,212,1,629,489.500,59.905,46.619,505.750,48.167
4442,4442,148.067,699.555,565.847,66.624,53.890,213,1,629,489.500,59.905,46.619,505.750,48.167
4443,4443,148.100,699.487,565.884,66.618,53.894,201,1,629,489.500,59.905,46.619,505.750,48.167
4444,4444,148.133,699.518,565.946,66.621,53.900,201,1,629,489.500,59.905,46.619,505.750,48.167
4445,4445,148.167,699.464,566.016,66.616,53.906,203,1,629,489.500,59.905,46.619,505.750,48.167
4446,4446,148.200,699.579,566.058,66.627,53.910,201,1,629,489.500,59.905,46.619,505.750,48.167
4447,4447,148.233,699.853,566.137,66.653,53.918,206,1,629,489.500,59.905,46.619,505.750,48.167
4448,4448,148.267,699.666,566.174,66.635,53.921,211,1,629,489.500,59.905,46.619,505.750,48.167
4449,4449,148.300,699.559,566.212,66.625,53.925,205,1,629,489.500,59.905,46.619,505.750,48.167
4450,4450,148.333,699.658,566.288,66.634,53.932,206,1,629,489.500,59.905,46.619,505.750,48.167
4451,4451,148.367,699.836,566.433,66.651,53.946,211,1,629,489.500,59.905,46.619,505.750,48.167
4452,4452,148.400,699.841,566.339,66.652,53.937,212,1,629,489.500,59.905,46.619,505.750,48.167
4453,4453,148.433,699.880,566.343,66.655,53.937,212,1,629,489.500,59.905,46.619,505.750,48.167
4454,4454,148.467,700.127,566.346,66.679,53.938,217,1,629,489.500,59.905,46.619,505.750,48.167
4455,4455,148.500,700.469,566.520,66.711,53.954,218,1,629,489.500,59.905,46.619,505.750,48.167
4456,4456,148.533,700.502,566.526,66.715,53.955,216,1,629,489.500,59.905,46.619,505.750,48.167
4457,4457,148.567,701.019,566.645,66.764,53.966,222,1,629,489.500,59.905,46.619,505.750,48.167
4458,4458,148.600,701.362,566.719,66.796,53.973,214,1,629,489.500,59.905,46.619,505.750,48.167
4459,4459,148.633,701.527,566.608,66.812,53.963,220,1,629,489.500,59.905,46.619,505.750,48.167
4460,4460,148.667,701.493,566.566,66.809,53.959,223,1,629,489.500,59.905,46.619,505.750,48.167
4461,4461,148.700,701.610,566.615,66.820,53.963,220,1,629,489.500,59.905,46.619,505.750,48.167
4462,4462,148.733,701.843,566.643,66.842,53.966,223,1,629,489.500,59.905,46.619,505.750,48.167
4463,4463,148.767,701.948,566.642,66.852,53.966,224,1,629,489.500,59.905,46.619,505.750,48.167
4464,4464,148.800,701.914,566.628,66.849,53.965,224,1,629,489.500,59.905,46.619,505.750,48.167
4465,4465,148.833,702.570,566.764,66.911,53.978,229,1,629,489.500,59.905,46.619,505.750,48.167
4466,4466,148.867,702.617,566.765,66.916,53.978,231,1,629,489.500,59.905,46.619,505.750,48.167
4467,4467,148.900,702.954,566.829,66.948,53.984,224,1,629,489.500,59.905,46.619,505.750,48.167
4468,4468,148.933,702.549,566.664,66.909,53.968,225,1,629,489.500,59.905,46.619,505.750,48.167
4469,4469,148.967,702.687,566.712,66.923,53.973,226,1,629,489.500,59.905,46.619,505.750,48.167
4470,4470,149.000,702.883,566.790,66.941,53.980,215,1,629,489.500,59.905,46.619,505.750,48.167
4471,4471,149.033,702.690,566.657,66.923,53.967,217,1,629,489.500,59.905,46.619,505.750,48.167
4472,4472,149.067,703.411,566.780,66.992,53.979,216,1,629,489.500,59.905,46.619,505.750,48.167
4473,4473,149.100,703.431,566.804,66.993,53.981,210,1,629,489.500,59.905,46.619,505.750,48.167
4474,4474,149.133,703.622,566.791,67.012,53.980,214,1,629,489.500,59.905,46.619,505.750,48.167
4475,4475,149.167,703.675,566.798,67.017,53.981,214,1,629,489.500,59.905,46.619,505.750,48.167
4476,4476,149.200,704.256,566.995,67.072,53.999,204,1,629,489.500,59.905,46.619,505.750,48.167
4477,4477,149.233,704.303,566.996,67.077,54.000,203,1,629,489.500,59.905,46.619,505.750,48.167
4478,4478,149.267,704.494,567.060,67.095,54.006,210,1,629,489.500,59.905,46.619,505.750,48.167
4479,4479,149.300,704.851,567.132,67.129,54.013,202,1,629,489.500,59.905,46.619,505.750,48.167
4480,4480,149.333,704.936,567.189,67.137,54.018,201,1,629,489.500,59.905,46.619,505.750,48.167
4481,4481,149.367,704.906,567.125,67.134,54.012,203,1,629,489.500,59.905,46.619,505.750,48.167
4482,4482,149.400,704.969,567.143,67.140,54.014,201,1,629,489.500,59.905,46.619,505.750,48.167
4483,4483,149.433,705.210,567.243,67.163,54.023,204,1,629,489.500,59.905,46.619,505.750,48.167
4484,4484,149.467,704.823,567.161,67.126,54.015,213,1,629,489.500,59.905,46.619,505.750,48.167
4485,4485,149.500,704.663,567.164,67.111,54.016,199,1,629,489.500,59.905,46.619,505.750,48.167
4486,4486,149.533,704.560,567.165,67.101,54.016,201,1,629,489.500,59.905,46.619,505.750,48.167
4487,4487,149.567,704.574,567.157,67.102,54.015,205,1,629,489.500,59.905,46.619,505.750,48.167
4488,4488,149.600,704.663,567.217,67.111,54.021,200,1,629,489.500,59.905,46.619,505.750,48.167
4489,4489,149.633,704.663,567.207,67.111,54.020,200,1,629,489.500,59.905,46.619,505.750,48.167
4490,4490,149.667,704.755,567.301,67.120,54.029,207,1,629,489.500,59.905,46.619,505.750,48.167
4491,4491,149.700,704.625,567.358,67.107,54.034,200,1,629,489.500,59.905,46.619,505.750,48.167
4492,4492,149.733,704.877,567.363,67.131,54.035,205,1,629,489.500,59.905,46.619,505.750,48.167
4493,4493,149.767,704.339,567.221,67.080,54.021,216,1,629,489.500,59.905,46.619,505.750,48.167
4494,4494,149.800,704.356,567.313,67.082,54.030,200,1,629,489.500,59.905,46.619,505.750,48.167
4495,4495,149.833,704.501,567.370,67.095,54.035,204,1,629,489.500,59.905,46.619,505.750,48.167
4496,4496,149.867,704.501,567.388,67.095,54.037,209,1,629,489.500,59.905,46.619,505.750,48.167
4497,4497,149.900,704.256,567.391,67.072,54.037,202,1,629,489.500,59.905,46.619,505.750,48.167
4498,4498,149.933,704.895,567.538,67.133,54.051,218,1,629,489.500,59.905,46.619,505.750,48.167
4499,4499,149.967,704.756,567.546,67.120,54.052,216,1,629,489.500,59.905,46.619,505.750,48.167
4500,4500,150.000,705.101,567.608,67.152,54.058,214,1,629,489.500,59.905,46.619,505.750,48.167
4501,4501,150.033,704.605,567.452,67.105,54.043,216,1,629,489.500,59.905,46.619,505.750,48.167
4502,4502,150.067,704.897,567.513,67.133,54.049,216,1,629,489.500,59.905,46.619,505.750,48.167
4503,4503,150.100,704.899,567.493,67.133,54.047,213,1,629,489.500,59.905,46.619,505.750,48.167
4504,4504,150.133,704.987,567.538,67.142,54.051,217,1,629,489.500,59.905,46.619,505.750,48.167
4505,4505,150.167,704.987,567.538,67.142,54.051,217,1,629,489.500,59.905,46.619,505.750,48.167
4506,4506,150.200,705.413,567.638,67.182,54.061,210,1,629,489.500,59.905,46.619,505.750,48.167
4507,4507,150.233,705.050,567.512,67.148,54.049,216,1,629,489.500,59.905,46.619,505.750,48.167
4508,4508,150.267,705.059,567.553,67.148,54.053,220,1,629,489.500,59.905,46.619,505.750,48.167
4509,4509,150.300,704.972,567.583,67.140,54.056,206,1,629,489.500,59.905,46.619,505.750,48.167
4510,4510,150.333,705.093,567.618,67.152,54.059,208,1,629,489.500,59.905,46.619,505.750,48.167
4511,4511,150.367,705.452,567.649,67.186,54.062,215,1,629,489.500,59.905,46.619,505.750,48.167
4512,4512,150.400,705.682,567.663,67.208,54.063,218,1,629,489.500,59.905,46.619,505.750,48.167
4513,4513,150.433,705.757,567.646,67.215,54.062,220,1,629,489.500,59.905,46.619,505.750,48.167
4514,4514,150.467,705.958,567.637,67.234,54.061,223,1,629,489.500,59.905,46.619,505.750,48.167
4515,4515,150.500,706.030,567.602,67.241,54.057,222,1,629,489.500,59.905,46.619,505.750,48.167
4516,4516,150.533,706.231,567.619,67.260,54.059,225,1,629,489.500,59.905,46.619,505.750,48.167
4517,4517,150.567,706.196,567.597,67.257,54.057,227,1,629,489.500,59.905,46.619,505.750,48.167
4518,4518,150.600,706.028,567.564,67.241,54.054,223,1,629,489.500,59.905,46.619,505.750,48.167
4519,4519,150.633,706.168,567.616,67.254,54.059,227,1,629,489.500,59.905,46.619,505.750,48.167
4520,4520,150.667,706.196,567.615,67.257,54.059,227,1,629,489.500,59.905,46.619,505.750,48.167
4521,4521,150.700,706.361,567.684,67.272,54.065,223,1,629,489.500,59.905,46.619,505.750,48.167
4522,4522,150.733,706.359,567.665,67.272,54.063,226,1,629,489.500,59.905,46.619,505.750,48.167
4523,4523,150.767,706.307,567.613,67.267,54.058,225,1,629,489.500,59.905,46.619,505.750,48.167
4524,4524,150.800,706.410,567.534,67.277,54.051,220,1,629,489.500,59.905,46.619,505.750,48.167
4525,4525,150.833,706.344,567.526,67.271,54.050,219,1,629,489.500,59.905,46.619,505.750,48.167
4526,4526,150.867,706.670,567.470,67.302,54.045,227,1,629,489.500,59.905,46.619,505.750,48.167
4527,4527,150.900,706.729,567.416,67.307,54.040,225,1,629,489.500,59.905,46.619,505.750,48.167
4528,4528,150.933,706.682,567.441,67.303,54.042,225,1,629,489.500,59.905,46.619,505.750,48.167
4529,4529,150.967,706.464,567.336,67.282,54.032,228,1,629,489.500,59.905,46.619,505.750,48.167
4530,4530,151.000,706.955,567.446,67.329,54.043,220,1,629,489.500,59.905,46.619,505.750,48.167
4531,4531,151.033,706.866,567.428,67.321,54.041,221,1,629,489.500,59.905,46.619,505.750,48.167
4532,4532,151.067,707.053,567.459,67.338,54.044,226,1,629,489.500,59.905,46.619,505.750,48.167
4533,4533,151.100,707.112,567.469,67.344,54.045,216,1,629,489.500,59.905,46.619,505.750,48.167
4534,4534,151.133,707.431,567.496,67.374,54.047,223,1,629,489.500,59.905,46.619,505.750,48.167
4535,4535,151.167,707.582,567.479,67.389,54.046,223,1,629,489.500,59.905,46.619,505.750,48.167
4536,4536,151.200,707.411,567.415,67.373,54.040,208,1,629,489.500,59.905,46.619,505.750,48.167
4537,4537,151.233,707.586,567.466,67.389,54.044,222,1,629,489.500,59.905,46.619,505.750,48.167
4538,4538,151.267,708.039,567.388,67.432,54.037,218,1,629,489.500,59.905,46.619,505.750,48.167
4539,4539,151.300,708.293,567.505,67.456,54.048,209,1,629,489.500,59.905,46.619,505.750,48.167
4540,4540,151.333,708.347,567.464,67.462,54.044,213,1,629,489.500,59.905,46.619,505.750,48.167
4541,4541,151.367,708.498,567.374,67.476,54.036,215,1,629,489.500,59.905,46.619,505.750,48.167
4542,4542,151.400,708.217,567.389,67.449,54.037,205,1,629,489.500,59.905,46.619,505.750,48.167
4543,4543,151.433,708.588,567.318,67.485,54.030,211,1,629,489.500,59.905,46.619,505.750,48.167
4544,4544,151.467,708.869,567.352,67.511,54.034,210,1,629,489.500,59.905,46.619,505.750,48.167
4545,4545,151.500,709.584,567.424,67.579,54.040,202,1,629,489.500,59.905,46.619,505.750,48.167
4546,4546,151.533,709.925,567.414,67.612,54.039,211,1,629,489.500,59.905,46.619,505.750,48.167
4547,4547,151.567,710.174,567.422,67.636,54.040,212,1,629,489.500,59.905,46.619,505.750,48.167
4548,4548,151.600,710.946,567.469,67.709,54.045,198,1,629,489.500,59.905,46.619,505.750,48.167
4549,4549,151.633,711.307,567.506,67.744,54.048,206,1,629,489.500,59.905,46.619,505.750,48.167
4550,4550,151.667,711.105,567.451,67.724,54.043,209,1,629,489.500,59.905,46.619,505.750,48.167
4551,4551,151.700,711.029,567.462,67.717,54.044,203,1,629,489.500,59.905,46.619,505.750,48.167
4552,4552,151.733,711.054,567.456,67.719,54.043,212,1,629,489.500,59.905,46.619,505.750,48.167
4553,4553,151.767,711.110,567.418,67.725,54.040,214,1,629,489.500,59.905,46.619,505.750,48.167
4554,4554,151.800,710.612,567.461,67.677,54.044,205,1,629,489.500,59.905,46.619,505.750,48.167
4555,4555,151.833,710.670,567.492,67.683,54.047,209,1,629,489.500,59.905,46.619,505.750,48.167
4556,4556,151.867,710.665,567.515,67.682,54.049,209,1,629,489.500,59.905,46.619,505.750,48.167
4557,4557,151.900,710.496,567.568,67.666,54.054,202,1,629,489.500,59.905,46.619,505.750,48.167
4558,4558,151.933,710.438,567.616,67.661,54.059,203,1,629,489.500,59.905,46.619,505.750,48.167
4559,4559,151.967,710.696,567.727,67.685,54.069,211,1,629,489.500,59.905,46.619,505.750,48.167
4560,4560,152.000,710.703,567.825,67.686,54.079,202,1,629,489.500,59.905,46.619,505.750,48.167
4561,4561,152.033,710.959,568.045,67.710,54.100,215,1,629,489.500,59.905,46.619,505.750,48.167
4562,4562,152.067,710.895,568.019,67.704,54.097,219,1,629,489.500,59.905,46.619,505.750,48.167
4563,4563,152.100,710.985,568.060,67.713,54.101,204,1,629,489.500,59.905,46.619,505.750,48.167
4564,4564,152.133,710.919,568.081,67.707,54.103,207,1,629,489.500,59.905,46.619,505.750,48.167
4565,4565,152.167,710.625,568.108,67.679,54.105,211,1,629,489.500,59.905,46.619,505.750,48.167
4566,4566,152.200,710.996,568.068,67.714,54.102,210,1,629,489.500,59.905,46.619,505.750,48.167
4567,4567,152.233,711.056,568.247,67.720,54.119,212,1,629,489.500,59.905,46.619,505.750,48.167
4568,4568,152.267,711.056,568.229,67.720,54.117,213,1,629,489.500,59.905,46.619,505.750,48.167
4569,4569,152.300,711.041,568.226,67.718,54.117,208,1,629,489.500,59.905,46.619,505.750,48.167
4570,4570,152.333,711.118,568.253,67.725,54.119,209,1,629,489.500,59.905,46.619,505.750,48.167
4571,4571,152.367,711.206,568.238,67.734,54.118,211,1,629,489.500,59.905,46.619,505.750,48.167
4572,4572,152.400,711.543,568.337,67.766,54.127,211,1,629,489.500,59.905,46.619,505.750,48.167
4573,4573,152.433,711.306,568.261,67.743,54.120,212,1,629,489.500,59.905,46.619,505.750,48.167
4574,4574,152.467,711.440,568.271,67.756,54.121,214,1,629,489.500,59.905,46.619,505.750,48.167
4575,4575,152.500,711.094,568.329,67.723,54.127,200,1,629,489.500,59.905,46.619,505.750,48.167
4576,4576,152.533,711.621,568.321,67.773,54.126,213,1,629,489.500,59.905,46.619,505.750,48.167
4577,4577,152.567,711.618,568.321,67.773,54.126,213,1,629,489.500,59.905,46.619,505.750,48.167
4578,4578,152.600,711.632,568.255,67.774,54.120,210,1,629,489.500,59.905,46.619,505.750,48.167
4579,4579,152.633,711.727,568.321,67.783,54.126,219,1,629,489.500,59.905,46.619,505.750,48.167
4580,4580,152.667,711.725,568.321,67.783,54.126,219,1,629,489.500,59.905,46.619,505.750,48.167
4581,4581,152.700,711.956,568.375,67.805,54.131,211,1,629,489.500,59.905,46.619,505.750,48.167
4582,4582,152.733,711.813,568.328,67.792,54.127,220,1,629,489.500,59.905,46.619,505.750,48.167
4583,4583,152.767,711.941,568.402,67.804,54.134,219,1,629,489.500,59.905,46.619,505.750,48.167
4584,4584,152.800,712.236,568.414,67.832,54.135,216,1,629,489.500,59.905,46.619,505.750,48.167
4585,4585,152.833,712.686,568.452,67.875,54.138,227,1,629,489.500,59.905,46.619,505.750,48.167
4586,4586,152.867,712.717,568.463,67.878,54.139,235,1,629,489.500,59.905,46.619,505.750,48.167
4587,4587,152.900,712.907,568.504,67.896,54.143,230,1,629,489.500,59.905,46.619,505.750,48.167
4588,4588,152.933,713.198,568.499,67.924,54.143,236,1,629,489.500,59.905,46.619,505.750,48.167
4589,4589,152.967,713.287,568.513,67.932,54.144,237,1,629,489.500,59.905,46.619,505.750,48.167
4590,4590,153.000,712.951,568.488,67.900,54.142,224,1,629,489.500,59.905,46.619,505.750,48.167
4591,4591,153.033,713.133,568.506,67.917,54.143,227,1,629,489.500,59.905,46.619,505.750,48.167
4592,4592,153.067,712.973,568.507,67.902,54.143,227,1,629,489.500,59.905,46.619,505.750,48.167
4593,4593,153.100,712.844,568.546,67.890,54.147,222,1,629,489.500,59.905,46.619,505.750,48.167
4594,4594,153.133,713.014,568.548,67.906,54.147,229,1,629,489.500,59.905,46.619,505.750,48.167
4595,4595,153.167,713.111,568.581,67.915,54.151,231,1,629,489.500,59.905,46.619,505.750,48.167
4596,4596,153.200,713.001,568.604,67.905,54.153,223,1,629,489.500,59.905,46.619,505.750,48.167
4597,4597,153.233,713.331,568.632,67.936,54.155,228,1,629,489.500,59.905,46.619,505.750,48.167
4598,4598,153.267,713.173,568.648,67.921,54.157,229,1,629,489.500,59.905,46.619,505.750,48.167
4599,4599,153.300,713.129,568.645,67.917,54.157,226,1,629,489.500,59.905,46.619,505.750,48.167
4600,4600,153.333,713.415,568.656,67.944,54.158,231,1,629,489.500,59.905,46.619,505.750,48.167
4601,4601,153.367,713.635,568.665,67.965,54.159,238,1,629,489.500,59.905,46.619,505.750,48.167
4602,4602,153.400,713.270,568.677,67.931,54.160,224,1,629,489.500,59.905,46.619,505.750,48.167
4603,4603,153.433,713.280,568.690,67.931,54.161,228,1,629,489.500,59.905,46.619,505.750,48.167
4604,4604,153.467,713.278,568.659,67.931,54.158,232,1,629,489.500,59.905,46.619,505.750,48.167
4605,4605,153.500,713.350,568.622,67.938,54.154,229,1,629,489.500,59.905,46.619,505.750,48.167
4606,4606,153.533,713.531,568.643,67.955,54.156,235,1,629,489.500,59.905,46.619,505.750,48.167
4607,4607,153.567,713.953,568.696,67.996,54.162,229,1,629,489.500,59.905,46.619,505.750,48.167
4608,4608,153.600,713.804,568.639,67.981,54.156,222,1,629,489.500,59.905,46.619,505.750,48.167
4609,4609,153.633,713.902,568.695,67.991,54.161,228,1,629,489.500,59.905,46.619,505.750,48.167
4610,4610,153.667,713.461,568.511,67.949,54.144,242,1,629,489.500,59.905,46.619,505.750,48.167
4611,4611,153.700,713.481,568.562,67.951,54.149,230,1,629,489.500,59.905,46.619,505.750,48.167
4612,4612,153.733,713.388,568.598,67.942,54.152,232,1,629,489.500,59.905,46.619,505.750,48.167
4613,4613,153.767,713.884,568.559,67.989,54.148,241,1,629,489.500,59.905,46.619,505.750,48.167
4614,4614,153.800,713.900,568.501,67.990,54.143,237,1,629,489.500,59.905,46.619,505.750,48.167
4615,4615,153.833,714.413,568.522,68.039,54.145,247,1,629,489.500,59.905,46.619,505.750,48.167
4616,4616,153.867,714.574,568.501,68.055,54.143,251,1,629,489.500,59.905,46.619,505.750,48.167
4617,4617,153.900,714.611,568.526,68.058,54.145,246,1,629,489.500,59.905,46.619,505.750,48.167
4618,4618,153.933,714.610,568.527,68.058,54.145,246,1,629,489.500,59.905,46.619,505.750,48.167
4619,4619,153.967,714.498,568.521,68.047,54.145,246,1,629,489.500,59.905,46.619,505.750,48.167
4620,4620,154.000,714.150,568.526,68.014,54.145,240,1,629,489.500,59.905,46.619,505.750,48.167
4621,4621,154.033,714.123,568.414,68.012,54.135,253,1,629,489.500,59.905,46.619,505.750,48.167
4622,4622,154.067,714.136,568.431,68.013,54.136,241,1,629,489.500,59.905,46.619,505.750,48.167
4623,4623,154.100,713.958,568.442,67.996,54.137,233,1,629,489.500,59.905,46.619,505.750,48.167
4624,4624,154.133,714.066,568.444,68.006,54.138,235,1,629,489.500,59.905,46.619,505.750,48.167
4625,4625,154.167,714.066,568.444,68.006,54.138,235,1,629,489.500,59.905,46.619,505.750,48.167
4626,4626,154.200,714.066,568.444,68.006,54.138,235,1,629,489.500,59.905,46.619,505.750,48.167
4627,4627,154.233,714.065,568.446,68.006,54.138,235,1,629,489.500,59.905,46.619,505.750,48.167
4628,4628,154.267,714.053,568.463,68.005,54.139,236,1,629,489.500,59.905,46.619,505.750,48.167
4629,4629,154.300,714.112,568.473,68.011,54.140,228,1,629,489.500,59.905,46.619,505.750,48.167
4630,4630,154.333,714.112,568.473,68.011,54.140,228,1,629,489.500,59.905,46.619,505.750,48.167
4631,4631,154.367,714.101,568.472,68.010,54.140,228,1,629,489.500,59.905,46.619,505.750,48.167
4632,4632,154.400,713.937,568.426,67.994,54.136,225,1,629,489.500,59.905,46.619,505.750,48.167
4633,4633,154.433,713.938,568.429,67.994,54.136,225,1,629,489.500,59.905,46.619,505.750,48.167
4634,4634,154.467,713.938,568.429,67.994,54.136,225,1,629,489.500,59.905,46.619,505.750,48.167
4635,4635,154.500,714.080,568.392,68.008,54.133,222,1,629,489.500,59.905,46.619,505.750,48.167
4636,4636,154.533,713.867,568.457,67.987,54.139,227,1,629,489.500,59.905,46.619,505.750,48.167
4637,4637,154.567,713.904,568.444,67.991,54.138,228,1,629,489.500,59.905,46.619,505.750,48.167
4638,4638,154.600,714.035,568.380,68.003,54.131,222,1,629,489.500,59.905,46.619,505.750,48.167
4639,4639,154.633,713.927,568.430,67.993,54.136,227,1,629,489.500,59.905,46.619,505.750,48.167
4640,4640,154.667,713.944,568.444,67.995,54.138,228,1,629,489.500,59.905,46.619,505.750,48.167
4641,4641,154.700,713.903,568.317,67.991,54.125,216,1,629,489.500,59.905,46.619,505.750,48.167
4642,4642,154.733,713.696,568.458,67.971,54.139,231,1,629,489.500,59.905,46.619,505.750,48.167
4643,4643,154.767,713.838,568.473,67.985,54.140,231,1,629,489.500,59.905,46.619,505.750,48.167
4644,4644,154.800,714.022,568.394,68.002,54.133,221,1,629,489.500,59.905,46.619,505.750,48.167
4645,4645,154.833,714.020,568.394,68.002,54.133,221,1,629,489.500,59.905,46.619,505.750,48.167
4646,4646,154.867,714.024,568.396,68.002,54.133,221,1,629,489.500,59.905,46.619,505.750,48.167
4647,4647,154.900,713.846,568.464,67.985,54.139,217,1,629,489.500,59.905,46.619,505.750,48.167
4648,4648,154.933,714.127,568.363,68.012,54.130,224,1,629,489.500,59.905,46.619,505.750,48.167
4649,4649,154.967,714.204,568.336,68.019,54.127,224,1,629,489.500,59.905,46.619,505.750,48.167
4650,4650,155.000,713.788,568.334,67.980,54.127,212,1,629,489.500,59.905,46.619,505.750,48.167
4651,4651,155.033,713.780,568.332,67.979,54.127,217,1,629,489.500,59.905,46.619,505.750,48.167
4652,4652,155.067,714.024,568.223,68.002,54.117,223,1,629,489.500,59.905,46.619,505.750,48.167
4653,4653,155.100,713.900,568.224,67.990,54.117,218,1,629,489.500,59.905,46.619,505.750,48.167
4654,4654,155.133,713.819,568.197,67.983,54.114,220,1,629,489.500,59.905,46.619,505.750,48.167
4655,4655,155.167,713.952,568.286,67.995,54.122,224,1,629,489.500,59.905,46.619,505.750,48.167
4656,4656,155.200,713.418,568.214,67.945,54.116,213,1,629,489.500,59.905,46.619,505.750,48.167
4657,4657,155.233,713.683,568.306,67.970,54.124,222,1,629,489.500,59.905,46.619,505.750,48.167
4658,4658,155.267,712.968,568.202,67.902,54.115,211,1,629,489.500,59.905,46.619,505.750,48.167
4659,4659,155.300,712.694,568.185,67.876,54.113,205,1,629,489.500,59.905,46.619,505.750,48.167
4660,4660,155.333,712.409,568.133,67.848,54.108,218,1,629,489.500,59.905,46.619,505.750,48.167
4661,4661,155.367,712.398,568.146,67.847,54.109,216,1,629,489.500,59.905,46.619,505.750,48.167
4662,4662,155.400,712.709,568.187,67.877,54.113,204,1,629,489.500,59.905,46.619,505.750,48.167
4663,4663,155.433,712.356,568.086,67.843,54.103,216,1,629,489.500,59.905,46.619,505.750,48.167
4664,4664,155.467,712.242,568.078,67.833,54.103,209,1,629,489.500,59.905,46.619,505.750,48.167
4665,4665,155.500,712.348,568.131,67.843,54.108,208,1,629,489.500,59.905,46.619,505.750,48.167
4666,4666,155.533,712.295,568.201,67.838,54.114,213,1,629,489.500,59.905,46.619,505.750,48.167
4667,4667,155.567,712.979,568.271,67.903,54.121,212,1,629,489.500,59.905,46.619,505.750,48.167
4668,4668,155.600,712.795,568.142,67.885,54.109,205,1,629,489.500,59.905,46.619,505.750,48.167
4669,4669,155.633,713.468,568.025,67.949,54.098,220,1,629,489.500,59.905,46.619,505.750,48.167
4670,4670,155.667,713.502,567.980,67.953,54.093,220,1,629,489.500,59.905,46.619,505.750,48.167
4671,4671,155.700,713.504,567.803,67.953,54.076,211,1,629,489.500,59.905,46.619,505.750,48.167
4672,4672,155.733,713.701,567.809,67.972,54.077,222,1,629,489.500,59.905,46.619,505.750,48.167
4673,4673,155.767,712.909,567.834,67.896,54.079,232,1,629,489.500,59.905,46.619,505.750,48.167
4674,4674,155.800,712.792,567.846,67.885,54.081,230,1,629,489.500,59.905,46.619,505.750,48.167
4675,4675,155.833,712.840,567.764,67.889,54.073,231,1,629,489.500,59.905,46.619,505.750,48.167
4676,4676,155.867,712.737,567.785,67.880,54.075,231,1,629,489.500,59.905,46.619,505.750,48.167
4677,4677,155.900,712.568,567.844,67.864,54.080,227,1,629,489.500,59.905,46.619,505.750,48.167
4678,4678,155.933,712.507,567.854,67.858,54.081,230,1,629,489.500,59.905,46.619,505.750,48.167
4679,4679,155.967,712.283,567.769,67.836,54.073,223,1,629,489.500,59.905,46.619,505.750,48.167
4680,4680,156.000,712.076,567.763,67.817,54.073,220,1,629,489.500,59.905,46.619,505.750,48.167
4681,4681,156.033,712.158,567.534,67.825,54.051,230,1,629,489.500,59.905,46.619,505.750,48.167
4682,4682,156.067,711.578,567.457,67.769,54.043,213,1,629,489.500,59.905,46.619,505.750,48.167
4683,4683,156.100,711.721,567.494,67.783,54.047,211,1,629,489.500,59.905,46.619,505.750,48.167
4684,4684,156.133,711.696,567.495,67.781,54.047,213,1,629,489.500,59.905,46.619,505.750,48.167
4685,4685,156.167,711.737,567.465,67.785,54.044,214,1,629,489.500,59.905,46.619,505.750,48.167
4686,4686,156.200,711.737,567.465,67.784,54.044,214,1,629,489.500,59.905,46.619,505.750,48.167
4687,4687,156.233,711.751,567.487,67.786,54.046,215,1,629,489.500,59.905,46.619,505.750,48.167
4688,4688,156.267,711.858,567.498,67.796,54.047,215,1,629,489.500,59.905,46.619,505.750,48.167
4689,4689,156.300,711.814,567.473,67.792,54.045,215,1,629,489.500,59.905,46.619,505.750,48.167
4690,4690,156.333,711.863,567.475,67.796,54.045,215,1,629,489.500,59.905,46.619,505.750,48.167
4691,4691,156.367,711.762,567.436,67.787,54.041,212,1,629,489.500,59.905,46.619,505.750,48.167
4692,4692,156.400,711.625,567.586,67.774,54.056,207,1,629,489.500,59.905,46.619,505.750,48.167
4693,4693,156.433,711.871,567.368,67.797,54.035,219,1,629,489.500,59.905,46.619,505.750,48.167
4694,4694,156.467,711.916,567.364,67.802,54.035,218,1,629,489.500,59.905,46.619,505.750,48.167
4695,4695,156.500,711.870,567.510,67.797,54.049,208,1,629,489.500,59.905,46.619,505.750,48.167
4696,4696,156.533,711.732,567.538,67.784,54.051,219,1,629,489.500,59.905,46.619,505.750,48.167
4697,4697,156.567,711.708,567.709,67.782,54.067,220,1,629,489.500,59.905,46.619,505.750,48.167
4698,4698,156.600,712.070,567.677,67.816,54.065,209,1,629,489.500,59.905,46.619,505.750,48.167
4699,4699,156.633,712.184,567.608,67.827,54.058,217,1,629,489.500,59.905,46.619,505.750,48.167
4700,4700,156.667,712.225,567.603,67.831,54.057,214,1,629,489.500,59.905,46.619,505.750,48.167
4701,4701,156.700,712.605,567.630,67.867,54.060,208,1,629,489.500,59.905,46.619,505.750,48.167
4702,4702,156.733,712.701,567.546,67.876,54.052,212,1,629,489.500,59.905,46.619,505.750,48.167
4703,4703,156.767,712.797,567.428,67.885,54.041,210,1,629,489.500,59.905,46.619,505.750,48.167
4704,4704,156.800,712.921,567.401,67.897,54.038,210,1,629,489.500,59.905,46.619,505.750,48.167
4705,4705,156.833,712.839,567.420,67.889,54.040,212,1,629,489.500,59.905,46.619,505.750,48.167
4706,4706,156.867,713.058,567.468,67.910,54.045,208,1,629,489.500,59.905,46.619,505.750,48.167
4707,4707,156.900,713.147,567.413,67.919,54.039,207,1,629,489.500,59.905,46.619,505.750,48.167
4708,4708,156.933,713.169,567.430,67.921,54.041,205,1,629,489.500,59.905,46.619,505.750,48.167
4709,4709,156.967,713.414,567.435,67.944,54.041,207,1,629,489.500,59.905,46.619,505.750,48.167
4710,4710,157.000,713.797,567.403,67.981,54.038,201,1,629,489.500,59.905,46.619,505.750,48.167
4711,4711,157.033,713.958,567.446,67.996,54.042,204,1,629,489.500,59.905,46.619,505.750,48.167
4712,4712,157.067,714.762,567.373,68.073,54.035,202,1,629,489.500,59.905,46.619,505.750,48.167
4713,4713,157.100,715.033,567.295,68.098,54.028,199,1,629,489.500,59.905,46.619,505.750,48.167
4714,4714,157.133,715.130,567.244,68.108,54.023,199,1,629,489.500,59.905,46.619,505.750,48.167
4715,4715,157.167,715.262,567.196,68.120,54.019,200,1,629,489.500,59.905,46.619,505.750,48.167
4716,4716,157.200,715.352,567.238,68.129,54.023,196,1,629,489.500,59.905,46.619,505.750,48.167
4717,4717,157.233,715.332,567.154,68.127,54.015,203,1,629,489.500,59.905,46.619,505.750,48.167
4718,4718,157.267,715.417,567.099,68.135,54.009,202,1,629,489.500,59.905,46.619,505.750,48.167
4719,4719,157.300,715.408,567.113,68.134,54.011,199,1,629,489.500,59.905,46.619,505.750,48.167
4720,4720,157.333,715.275,567.163,68.121,54.016,203,1,629,489.500,59.905,46.619,505.750,48.167
4721,4721,157.367,715.214,567.201,68.116,54.019,205,1,629,489.500,59.905,46.619,505.750,48.167
4722,4722,157.400,715.283,567.254,68.122,54.024,200,1,629,489.500,59.905,46.619,505.750,48.167
4723,4723,157.433,715.319,567.238,68.126,54.023,205,1,629,489.500,59.905,46.619,505.750,48.167
4724,4724,157.467,715.198,567.299,68.114,54.028,201,1,629,489.500,59.905,46.619,505.750,48.167
4725,4725,157.500,715.221,567.382,68.116,54.036,196,1,629,489.500,59.905,46.619,505.750,48.167
4726,4726,157.533,715.198,567.349,68.114,54.033,198,1,629,489.500,59.905,46.619,505.750,48.167
4727,4727,157.567,715.045,567.320,68.100,54.030,203,1,629,489.500,59.905,46.619,505.750,48.167
4728,4728,157.600,714.906,567.400,68.086,54.038,195,1,629,489.500,59.905,46.619,505.750,48.167
4729,4729,157.633,715.104,567.444,68.105,54.042,199,1,629,489.500,59.905,46.619,505.750,48.167
4730,4730,157.667,715.137,567.422,68.108,54.040,203,1,629,489.500,59.905,46.619,505.750,48.167
4731,4731,157.700,715.215,567.444,68.116,54.042,200,1,629,489.500,59.905,46.619,505.750,48.167
4732,4732,157.733,715.150,567.519,68.110,54.049,205,1,629,489.500,59.905,46.619,505.750,48.167
4733,4733,157.767,715.313,567.457,68.125,54.043,205,1,629,489.500,59.905,46.619,505.750,48.167
4734,4734,157.800,715.432,567.418,68.136,54.040,204,1,629,489.500,59.905,46.619,505.750,48.167
4735,4735,157.833,715.307,567.617,68.124,54.059,215,1,629,489.500,59.905,46.619,505.750,48.167
4736,4736,157.867,715.507,567.507,68.144,54.048,214,1,629,489.500,59.905,46.619,505.750,48.167
4737,4737,157.900,715.224,567.702,68.117,54.067,203,1,629,489.500,59.905,46.619,505.750,48.167
4738,4738,157.933,715.730,567.459,68.165,54.044,221,1,629,489.500,59.905,46.619,505.750,48.167
4739,4739,157.967,715.847,567.440,68.176,54.042,218,1,629,489.500,59.905,46.619,505.750,48.167
4740,4740,158.000,715.807,567.515,68.172,54.049,215,1,629,489.500,59.905,46.619,505.750,48.167
4741,4741,158.033,715.117,567.773,68.106,54.074,223,1,629,489.500,59.905,46.619,505.750,48.167
4742,4742,158.067,715.671,567.600,68.159,54.057,221,1,629,489.500,59.905,46.619,505.750,48.167
4743,4743,158.100,715.792,567.648,68.171,54.062,218,1,629,489.500,59.905,46.619,505.750,48.167
4744,4744,158.133,715.841,567.649,68.175,54.062,220,1,629,489.500,59.905,46.619,505.750,48.167
4745,4745,158.167,715.876,567.598,68.179,54.057,222,1,629,489.500,59.905,46.619,505.750,48.167
4746,4746,158.200,715.926,567.574,68.183,54.055,223,1,629,489.500,59.905,46.619,505.750,48.167
4747,4747,158.233,716.041,567.626,68.194,54.060,226,1,629,489.500,59.905,46.619,505.750,48.167
4748,4748,158.267,716.274,567.600,68.217,54.057,231,1,629,489.500,59.905,46.619,505.750,48.167
4749,4749,158.300,716.188,567.486,68.208,54.046,224,1,629,489.500,59.905,46.619,505.750,48.167
4750,4750,158.333,716.383,567.550,68.227,54.052,226,1,629,489.500,59.905,46.619,505.750,48.167
4751,4751,158.367,716.425,567.508,68.231,54.048,227,1,629,489.500,59.905,46.619,505.750,48.167
4752,4752,158.400,716.526,567.352,68.241,54.034,225,1,629,489.500,59.905,46.619,505.750,48.167
4753,4753,158.433,716.519,567.251,68.240,54.024,231,1,629,489.500,59.905,46.619,505.750,48.167
4754,4754,158.467,716.678,567.038,68.255,54.004,232,1,629,489.500,59.905,46.619,505.750,48.167
4755,4755,158.500,716.744,567.090,68.261,54.009,227,1,629,489.500,59.905,46.619,505.750,48.167
4756,4756,158.533,716.948,566.965,68.281,53.997,223,1,629,489.500,59.905,46.619,505.750,48.167
4757,4757,158.567,717.342,566.863,68.318,53.987,223,1,629,489.500,59.905,46.619,505.750,48.167
4758,4758,158.600,717.473,566.762,68.331,53.977,223,1,629,489.500,59.905,46.619,505.750,48.167
4759,4759,158.633,718.011,566.549,68.382,53.957,230,1,629,489.500,59.905,46.619,505.750,48.167
4760,4760,158.667,718.063,566.544,68.387,53.957,231,1,629,489.500,59.905,46.619,505.750,48.167
4761,4761,158.700,717.972,566.613,68.378,53.963,225,1,629,489.500,59.905,46.619,505.750,48.167
4762,4762,158.733,717.889,566.739,68.370,53.975,231,1,629,489.500,59.905,46.619,505.750,48.167
4763,4763,158.767,717.943,566.631,68.376,53.965,229,1,629,489.500,59.905,46.619,505.750,48.167
4764,4764,158.800,717.991,566.637,68.380,53.965,222,1,629,489.500,59.905,46.619,505.750,48.167
4765,4765,158.833,717.733,566.721,68.356,53.973,236,1,629,489.500,59.905,46.619,505.750,48.167
4766,4766,158.867,718.111,566.597,68.392,53.962,223,1,629,489.500,59.905,46.619,505.750,48.167
4767,4767,158.900,718.069,566.625,68.388,53.964,222,1,629,489.500,59.905,46.619,505.750,48.167
4768,4768,158.933,718.086,566.599,68.389,53.962,223,1,629,489.500,59.905,46.619,505.750,48.167
4769,4769,158.967,718.049,566.616,68.386,53.963,222,1,629,489.500,59.905,46.619,505.750,48.167
4770,4770,159.000,717.860,566.725,68.368,53.974,218,1,629,489.500,59.905,46.619,505.750,48.167
4771,4771,159.033,718.061,566.612,68.387,53.963,222,1,629,489.500,59.905,46.619,505.750,48.167
4772,4772,159.067,718.051,566.592,68.386,53.961,221,1,629,489.500,59.905,46.619,505.750,48.167
4773,4773,159.100,718.059,566.584,68.387,53.960,221,1,629,489.500,59.905,46.619,505.750,48.167
4774,4774,159.133,717.918,566.614,68.373,53.963,224,1,629,489.500,59.905,46.619,505.750,48.167
4775,4775,159.167,718.071,566.597,68.388,53.962,218,1,629,489.500,59.905,46.619,505.750,48.167
4776,4776,159.200,717.914,566.667,68.373,53.968,216,1,629,489.500,59.905,46.619,505.750,48.167
4777,4777,159.233,718.066,566.596,68.387,53.962,224,1,629,489.500,59.905,46.619,505.750,48.167
4778,4778,159.267,718.182,566.530,68.398,53.955,217,1,629,489.500,59.905,46.619,505.750,48.167
4779,4779,159.300,718.216,566.571,68.402,53.959,218,1,629,489.500,59.905,46.619,505.750,48.167
4780,4780,159.333,717.730,566.762,68.355,53.977,230,1,629,489.500,59.905,46.619,505.750,48.167
4781,4781,159.367,717.769,566.645,68.359,53.966,219,1,629,489.500,59.905,46.619,505.750,48.167
4782,4782,159.400,717.751,566.727,68.357,53.974,214,1,629,489.500,59.905,46.619,505.750,48.167
4783,4783,159.433,718.138,566.602,68.394,53.962,224,1,629,489.500,59.905,46.619,505.750,48.167
4784,4784,159.467,717.892,566.643,68.371,53.966,216,1,629,489.500,59.905,46.619,505.750,48.167
4785,4785,159.500,717.777,566.698,68.360,53.971,214,1,629,489.500,59.905,46.619,505.750,48.167
4786,4786,159.533,717.469,566.760,68.330,53.977,220,1,629,489.500,59.905,46.619,505.750,48.167
4787,4787,159.567,717.258,566.784,68.310,53.979,222,1,629,489.500,59.905,46.619,505.750,48.167
4788,4788,159.600,717.260,566.744,68.311,53.976,223,1,629,489.500,59.905,46.619,505.750,48.167
4789,4789,159.633,717.259,566.732,68.310,53.974,225,1,629,489.500,59.905,46.619,505.750,48.167
4790,4790,159.667,717.602,566.693,68.343,53.971,220,1,629,489.500,59.905,46.619,505.750,48.167
4791,4791,159.700,717.434,566.742,68.327,53.975,220,1,629,489.500,59.905,46.619,505.750,48.167
4792,4792,159.733,717.277,566.613,68.312,53.963,229,1,629,489.500,59.905,46.619,505.750,48.167
4793,4793,159.767,717.578,566.589,68.341,53.961,222,1,629,489.500,59.905,46.619,505.750,48.167
4794,4794,159.800,717.939,566.496,68.375,53.952,221,1,629,489.500,59.905,46.619,505.750,48.167
4795,4795,159.833,717.799,566.536,68.362,53.956,226,1,629,489.500,59.905,46.619,505.750,48.167
4796,4796,159.867,718.085,566.482,68.389,53.951,222,1,629,489.500,59.905,46.619,505.750,48.167
4797,4797,159.900,718.060,566.484,68.387,53.951,222,1,629,489.500,59.905,46.619,505.750,48.167
4798,4798,159.933,717.993,566.374,68.380,53.940,229,1,629,489.500,59.905,46.619,505.750,48.167
4799,4799,159.967,718.064,566.369,68.387,53.940,224,1,629,489.500,59.905,46.619,505.750,48.167
4800,4800,160.000,718.168,566.366,68.397,53.940,223,1,629,489.500,59.905,46.619,505.750,48.167
4801,4801,160.033,718.433,566.115,68.422,53.916,233,1,629,489.500,59.905,46.619,505.750,48.167
4802,4802,160.067,718.179,566.292,68.398,53.933,213,1,629,489.500,59.905,46.619,505.750,48.167
4803,4803,160.100,718.292,566.210,68.409,53.925,215,1,629,489.500,59.905,46.619,505.750,48.167
4804,4804,160.133,718.305,566.202,68.410,53.924,215,1,629,489.500,59.905,46.619,505.750,48.167
4805,4805,160.167,718.305,566.202,68.410,53.924,215,1,629,489.500,59.905,46.619,505.750,48.167
4806,4806,160.200,718.305,566.202,68.410,53.924,215,1,629,489.500,59.905,46.619,505.750,48.167
4807,4807,160.233,718.359,566.161,68.415,53.920,216,1,629,489.500,59.905,46.619,505.750,48.167
4808,4808,160.267,718.203,566.265,68.400,53.930,214,1,629,489.500,59.905,46.619,505.750,48.167
4809,4809,160.300,718.154,566.281,68.396,53.932,216,1,629,489.500,59.905,46.619,505.750,48.167
4810,4810,160.333,718.256,566.333,68.405,53.936,219,1,629,489.500,59.905,46.619,505.750,48.167
4811,4811,160.367,718.190,566.292,68.399,53.933,215,1,629,489.500,59.905,46.619,505.750,48.167
4812,4812,160.400,717.894,566.394,68.371,53.942,210,1,629,489.500,59.905,46.619,505.750,48.167
4813,4813,160.433,717.834,566.414,68.365,53.944,212,1,629,489.500,59.905,46.619,505.750,48.167
4814,4814,160.467,717.846,566.426,68.366,53.945,211,1,629,489.500,59.905,46.619,505.750,48.167
4815,4815,160.500,717.894,566.401,68.371,53.943,211,1,629,489.500,59.905,46.619,505.750,48.167
4816,4816,160.533,718.061,566.267,68.387,53.930,216,1,629,489.500,59.905,46.619,505.750,48.167
4817,4817,160.567,717.929,566.366,68.374,53.940,213,1,629,489.500,59.905,46.619,505.750,48.167
4818,4818,160.600,717.874,566.444,68.369,53.947,212,1,629,489.500,59.905,46.619,505.750,48.167
4819,4819,160.633,717.910,566.483,68.372,53.951,217,1,629,489.500,59.905,46.619,505.750,48.167
4820,4820,160.667,717.932,566.454,68.375,53.948,212,1,629,489.500,59.905,46.619,505.750,48.167
4821,4821,160.700,717.932,566.454,68.375,53.948,212,1,629,489.500,59.905,46.619,505.750,48.167
4822,4822,160.733,718.013,566.435,68.382,53.946,215,1,629,489.500,59.905,46.619,505.750,48.167
4823,4823,160.767,717.955,566.472,68.377,53.950,207,1,629,489.500,59.905,46.619,505.750,48.167
4824,4824,160.800,717.955,566.472,68.377,53.950,207,1,629,489.500,59.905,46.619,505.750,48.167
4825,4825,160.833,717.694,566.667,68.352,53.968,206,1,629,489.500,59.905,46.619,505.750,48.167
4826,4826,160.867,717.717,566.603,68.354,53.962,205,1,629,489.500,59.905,46.619,505.750,48.167
4827,4827,160.900,717.622,566.642,68.345,53.966,204,1,629,489.500,59.905,46.619,505.750,48.167
4828,4828,160.933,717.380,566.655,68.322,53.967,205,1,629,489.500,59.905,46.619,505.750,48.167
4829,4829,160.967,717.200,566.685,68.305,53.970,202,1,629,489.500,59.905,46.619,505.750,48.167
4830,4830,161.000,717.244,566.702,68.309,53.972,199,1,629,489.500,59.905,46.619,505.750,48.167
4831,4831,161.033,717.245,566.702,68.309,53.972,199,1,629,489.500,59.905,46.619,505.750,48.167
4832,4832,161.067,717.189,566.764,68.304,53.977,196,1,629,489.500,59.905,46.619,505.750,48.167
4833,4833,161.100,717.076,566.802,68.293,53.981,196,1,629,489.500,59.905,46.619,505.750,48.167
4834,4834,161.133,717.040,566.796,68.290,53.981,200,1,629,489.500,59.905,46.619,505.750,48.167
4835,4835,161.167,717.038,566.802,68.289,53.981,192,1,629,489.500,59.905,46.619,505.750,48.167
4836,4836,161.200,717.064,566.796,68.292,53.981,193,1,629,489.500,59.905,46.619,505.750,48.167
4837,4837,161.233,717.120,566.681,68.297,53.970,200,1,629,489.500,59.905,46.619,505.750,48.167
4838,4838,161.267,716.946,566.802,68.281,53.981,195,1,629,489.500,59.905,46.619,505.750,48.167
4839,4839,161.300,716.950,566.804,68.281,53.981,195,1,629,489.500,59.905,46.619,505.750,48.167
4840,4840,161.333,717.225,566.689,68.307,53.970,200,1,629,489.500,59.905,46.619,505.750,48.167
4841,4841,161.367,717.116,566.698,68.297,53.971,201,1,629,489.500,59.905,46.619,505.750,48.167
4842,4842,161.400,717.083,566.680,68.294,53.969,201,1,629,489.500,59.905,46.619,505.750,48.167
4843,4843,161.433,716.820,566.661,68.269,53.968,214,1,629,489.500,59.905,46.619,505.750,48.167
4844,4844,161.467,716.899,566.778,68.276,53.979,197,1,629,489.500,59.905,46.619,505.750,48.167
4845,4845,161.500,716.660,566.845,68.253,53.985,197,1,629,489.500,59.905,46.619,505.750,48.167
4846,4846,161.533,716.882,566.769,68.274,53.978,204,1,629,489.500,59.905,46.619,505.750,48.167
4847,4847,161.567,717.009,566.750,68.287,53.976,199,1,629,489.500,59.905,46.619,505.750,48.167
4848,4848,161.600,716.680,566.826,68.255,53.983,201,1,629,489.500,59.905,46.619,505.750,48.167
4849,4849,161.633,716.734,566.800,68.260,53.981,202,1,629,489.500,59.905,46.619,505.750,48.167
4850,4850,161.667,716.881,566.786,68.274,53.980,198,1,629,489.500,59.905,46.619,505.750,48.167
4851,4851,161.700,717.016,566.836,68.287,53.984,199,1,629,489.500,59.905,46.619,505.750,48.167
4852,4852,161.733,717.161,566.720,68.301,53.973,207,1,629,489.500,59.905,46.619,505.750,48.167
4853,4853,161.767,718.385,566.331,68.418,53.936,215,1,629,489.500,59.905,46.619,505.750,48.167
4854,4854,161.800,718.523,566.330,68.431,53.936,213,1,629,489.500,59.905,46.619,505.750,48.167
4855,4855,161.833,718.883,566.101,68.465,53.914,219,1,629,489.500,59.905,46.619,505.750,48.167
4856,4856,161.867,719.141,566.116,68.490,53.916,208,1,629,489.500,59.905,46.619,505.750,48.167
4857,4857,161.900,718.994,566.068,68.476,53.911,209,1,629,489.500,59.905,46.619,505.750,48.167
4858,4858,161.933,719.474,565.946,68.521,53.900,217,1,629,489.500,59.905,46.619,505.750,48.167
4859,4859,161.967,719.481,566.027,68.522,53.907,203,1,629,489.500,59.905,46.619,505.750,48.167
4860,4860,162.000,719.486,566.063,68.522,53.911,203,1,629,489.500,59.905,46.619,505.750,48.167
4861,4861,162.033,720.545,565.476,68.623,53.855,212,1,629,489.500,59.905,46.619,505.750,48.167
4862,4862,162.067,720.748,565.403,68.643,53.848,196,1,629,489.500,59.905,46.619,505.750,48.167
4863,4863,162.100,720.696,565.432,68.638,53.851,195,1,629,489.500,59.905,46.619,505.750,48.167
4864,4864,162.133,720.870,565.410,68.654,53.849,197,1,629,489.500,59.905,46.619,505.750,48.167
4865,4865,162.167,720.870,565.410,68.654,53.849,197,1,629,489.500,59.905,46.619,505.750,48.167
4866,4866,162.200,720.651,565.424,68.633,53.850,200,1,629,489.500,59.905,46.619,505.750,48.167
4867,4867,162.233,720.525,565.465,68.621,53.854,202,1,629,489.500,59.905,46.619,505.750,48.167
4868,4868,162.267,720.543,565.483,68.623,53.856,202,1,629,489.500,59.905,46.619,505.750,48.167
4869,4869,162.300,720.572,565.459,68.626,53.853,201,1,629,489.500,59.905,46.619,505.750,48.167
4870,4870,162.333,720.560,565.522,68.625,53.859,203,1,629,489.500,59.905,46.619,505.750,48.167
4871,4871,162.367,720.610,565.456,68.630,53.853,197,1,629,489.500,59.905,46.619,505.750,48.167
4872,4872,162.400,720.781,565.518,68.646,53.859,204,1,629,489.500,59.905,46.619,505.750,48.167
4873,4873,162.433,720.573,565.563,68.626,53.863,208,1,629,489.500,59.905,46.619,505.750,48.167
4874,4874,162.467,720.437,565.562,68.613,53.863,201,1,629,489.500,59.905,46.619,505.750,48.167
4875,4875,162.500,720.116,565.729,68.583,53.879,201,1,629,489.500,59.905,46.619,505.750,48.167
4876,4876,162.533,720.020,565.794,68.573,53.885,203,1,629,489.500,59.905,46.619,505.750,48.167
4877,4877,162.567,720.016,565.798,68.573,53.886,198,1,629,489.500,59.905,46.619,505.750,48.167
4878,4878,162.600,720.227,565.863,68.593,53.892,202,1,629,489.500,59.905,46.619,505.750,48.167
4879,4879,162.633,720.108,566.002,68.582,53.905,210,1,629,489.500,59.905,46.619,505.750,48.167
4880,4880,162.667,720.014,566.128,68.573,53.917,203,1,629,489.500,59.905,46.619,505.750,48.167
4881,4881,162.700,719.869,566.187,68.559,53.923,205,1,629,489.500,59.905,46.619,505.750,48.167
4882,4882,162.733,720.133,566.188,68.584,53.923,208,1,629,489.500,59.905,46.619,505.750,48.167
4883,4883,162.767,720.096,566.178,68.581,53.922,200,1,629,489.500,59.905,46.619,505.750,48.167
4884,4884,162.800,720.098,566.179,68.581,53.922,200,1,629,489.500,59.905,46.619,505.750,48.167
4885,4885,162.833,720.237,566.206,68.594,53.924,208,1,629,489.500,59.905,46.619,505.750,48.167
4886,4886,162.867,719.727,566.391,68.545,53.942,207,1,629,489.500,59.905,46.619,505.750,48.167
4887,4887,162.900,719.849,566.308,68.557,53.934,209,1,629,489.500,59.905,46.619,505.750,48.167
4888,4888,162.933,720.182,566.278,68.589,53.931,215,1,629,489.500,59.905,46.619,505.750,48.167
4889,4889,162.967,720.607,566.272,68.629,53.931,200,1,629,489.500,59.905,46.619,505.750,48.167
4890,4890,163.000,720.764,566.263,68.644,53.930,204,1,629,489.500,59.905,46.619,505.750,48.167
4891,4891,163.033,721.107,566.144,68.677,53.918,209,1,629,489.500,59.905,46.619,505.750,48.167
4892,4892,163.067,720.692,566.326,68.637,53.936,200,1,629,489.500,59.905,46.619,505.750,48.167
4893,4893,163.100,720.709,566.305,68.639,53.934,200,1,629,489.500,59.905,46.619,505.750,48.167
4894,4894,163.133,720.891,566.228,68.656,53.926,206,1,629,489.500,59.905,46.619,505.750,48.167
4895,4895,163.167,721.129,566.139,68.679,53.918,203,1,629,489.500,59.905,46.619,505.750,48.167
4896,4896,163.200,721.116,566.125,68.678,53.917,202,1,629,489.500,59.905,46.619,505.750,48.167
4897,4897,163.233,721.369,565.983,68.702,53.903,213,1,629,489.500,59.905,46.619,505.750,48.167
4898,4898,163.267,721.673,565.832,68.731,53.889,208,1,629,489.500,59.905,46.619,505.750,48.167
4899,4899,163.300,721.625,565.849,68.726,53.890,207,1,629,489.500,59.905,46.619,505.750,48.167
4900,4900,163.333,721.884,565.675,68.751,53.874,216,1,629,489.500,59.905,46.619,505.750,48.167
4901,4901,163.367,722.030,565.642,68.765,53.871,209,1,629,489.500,59.905,46.619,505.750,48.167
4902,4902,163.400,722.014,565.599,68.763,53.867,209,1,629,489.500,59.905,46.619,505.750,48.167
4903,4903,163.433,722.287,565.398,68.789,53.847,216,1,629,489.500,59.905,46.619,505.750,48.167
4904,4904,163.467,722.333,565.444,68.794,53.852,201,1,629,489.500,59.905,46.619,505.750,48.167
4905,4905,163.500,722.563,565.404,68.816,53.848,208,1,629,489.500,59.905,46.619,505.750,48.167
4906,4906,163.533,722.869,565.143,68.845,53.823,215,1,629,489.500,59.905,46.619,505.750,48.167
4907,4907,163.567,722.675,565.225,68.826,53.831,205,1,629,489.500,59.905,46.619,505.750,48.167
4908,4908,163.600,722.867,565.103,68.844,53.819,211,1,629,489.500,59.905,46.619,505.750,48.167
4909,4909,163.633,723.073,564.988,68.864,53.808,227,1,629,489.500,59.905,46.619,505.750,48.167
4910,4910,163.667,723.490,564.822,68.904,53.793,211,1,629,489.500,59.905,46.619,505.750,48.167
4911,4911,163.700,723.580,564.762,68.912,53.787,212,1,629,489.500,59.905,46.619,505.750,48.167
4912,4912,163.733,723.413,564.746,68.896,53.785,218,1,629,489.500,59.905,46.619,505.750,48.167
4913,4913,163.767,723.679,564.786,68.922,53.789,212,1,629,489.500,59.905,46.619,505.750,48.167
4914,4914,163.800,723.642,564.811,68.918,53.792,214,1,629,489.500,59.905,46.619,505.750,48.167
4915,4915,163.833,723.564,564.772,68.911,53.788,218,1,629,489.500,59.905,46.619,505.750,48.167
4916,4916,163.867,723.872,564.609,68.940,53.772,209,1,629,489.500,59.905,46.619,505.750,48.167
4917,4917,163.900,723.940,564.542,68.947,53.766,211,1,629,489.500,59.905,46.619,505.750,48.167
4918,4918,163.933,724.026,564.537,68.955,53.765,217,1,629,489.500,59.905,46.619,505.750,48.167
4919,4919,163.967,723.940,564.558,68.947,53.767,208,1,629,489.500,59.905,46.619,505.750,48.167
4920,4920,164.000,723.940,564.558,68.947,53.767,208,1,629,489.500,59.905,46.619,505.750,48.167
4921,4921,164.033,724.590,564.293,69.009,53.742,217,1,629,489.500,59.905,46.619,505.750,48.167
4922,4922,164.067,724.290,564.538,68.980,53.766,199,1,629,489.500,59.905,46.619,505.750,48.167
4923,4923,164.100,724.028,564.521,68.955,53.764,202,1,629,489.500,59.905,46.619,505.750,48.167
4924,4924,164.133,724.255,564.506,68.977,53.762,207,1,629,489.500,59.905,46.619,505.750,48.167
4925,4925,164.167,724.327,564.476,68.984,53.760,208,1,629,489.500,59.905,46.619,505.750,48.167
4926,4926,164.200,724.446,564.392,68.995,53.752,210,1,629,489.500,59.905,46.619,505.750,48.167
4927,4927,164.233,724.371,564.426,68.988,53.755,209,1,629,489.500,59.905,46.619,505.750,48.167
4928,4928,164.267,724.460,564.417,68.996,53.754,208,1,629,489.500,59.905,46.619,505.750,48.167
4929,4929,164.300,724.460,564.417,68.996,53.754,208,1,629,489.500,59.905,46.619,505.750,48.167
4930,4930,164.333,724.716,564.189,69.021,53.732,208,1,629,489.500,59.905,46.619,505.750,48.167
4931,4931,164.367,724.669,564.196,69.016,53.733,194,1,629,489.500,59.905,46.619,505.750,48.167
4932,4932,164.400,725.205,563.876,69.067,53.703,205,1,629,489.500,59.905,46.619,505.750,48.167
4933,4933,164.433,725.145,563.890,69.061,53.704,210,1,629,489.500,59.905,46.619,505.750,48.167
4934,4934,164.467,725.209,563.915,69.068,53.706,195,1,629,489.500,59.905,46.619,505.750,48.167
4935,4935,164.500,725.225,563.900,69.069,53.705,195,1,629,489.500,59.905,46.619,505.750,48.167
4936,4936,164.533,725.428,563.679,69.088,53.684,203,1,629,489.500,59.905,46.619,505.750,48.167
4937,4937,164.567,725.665,563.531,69.111,53.670,187,1,629,489.500,59.905,46.619,505.750,48.167
4938,4938,164.600,725.559,563.645,69.101,53.680,201,1,629,489.500,59.905,46.619,505.750,48.167
4939,4939,164.633,725.369,563.686,69.083,53.684,199,1,629,489.500,59.905,46.619,505.750,48.167
4940,4940,164.667,725.277,563.783,69.074,53.694,190,1,629,489.500,59.905,46.619,505.750,48.167
4941,4941,164.700,725.538,563.638,69.099,53.680,195,1,629,489.500,59.905,46.619,505.750,48.167
4942,4942,164.733,725.508,563.695,69.096,53.685,199,1,629,489.500,59.905,46.619,505.750,48.167
4943,4943,164.767,725.240,563.804,69.071,53.696,193,1,629,489.500,59.905,46.619,505.750,48.167
4944,4944,164.800,725.065,563.857,69.054,53.701,197,1,629,489.500,59.905,46.619,505.750,48.167
4945,4945,164.833,725.074,564.003,69.055,53.715,200,1,629,489.500,59.905,46.619,505.750,48.167
4946,4946,164.867,724.968,564.180,69.045,53.731,192,1,629,489.500,59.905,46.619,505.750,48.167
4947,4947,164.900,725.475,563.852,69.093,53.700,201,1,629,489.500,59.905,46.619,505.750,48.167
4948,4948,164.933,725.509,563.918,69.096,53.706,203,1,629,489.500,59.905,46.619,505.750,48.167
4949,4949,164.967,725.338,564.002,69.080,53.714,194,1,629,489.500,59.905,46.619,505.750,48.167
4950,4950,165.000,725.244,564.184,69.071,53.732,206,1,629,489.500,59.905,46.619,505.750,48.167
4951,4951,165.033,725.379,564.082,69.084,53.722,207,1,629,489.500,59.905,46.619,505.750,48.167
4952,4952,165.067,725.526,564.086,69.098,53.722,193,1,629,489.500,59.905,46.619,505.750,48.167
4953,4953,165.100,725.403,564.196,69.086,53.733,202,1,629,489.500,59.905,46.619,505.750,48.167
4954,4954,165.133,725.375,564.274,69.083,53.740,207,1,629,489.500,59.905,46.619,505.750,48.167
4955,4955,165.167,725.380,564.323,69.084,53.745,198,1,629,489.500,59.905,46.619,505.750,48.167
4956,4956,165.200,725.016,564.498,69.049,53.762,205,1,629,489.500,59.905,46.619,505.750,48.167
4957,4957,165.233,725.077,564.515,69.055,53.763,209,1,629,489.500,59.905,46.619,505.750,48.167
4958,4958,165.267,725.450,564.426,69.090,53.755,201,1,629,489.500,59.905,46.619,505.750,48.167
4959,4959,165.300,725.438,564.471,69.089,53.759,210,1,629,489.500,59.905,46.619,505.750,48.167
4960,4960,165.333,725.297,564.497,69.076,53.762,212,1,629,489.500,59.905,46.619,505.750,48.167
4961,4961,165.367,725.827,564.259,69.126,53.739,198,1,629,489.500,59.905,46.619,505.750,48.167
4962,4962,165.400,726.293,564.148,69.171,53.728,193,1,629,489.500,59.905,46.619,505.750,48.167
4963,4963,165.433,726.188,564.225,69.161,53.736,191,1,629,489.500,59.905,46.619,505.750,48.167
4964,4964,165.467,726.481,564.030,69.189,53.717,193,1,629,489.500,59.905,46.619,505.750,48.167
4965,4965,165.500,726.548,564.077,69.195,53.722,199,1,629,489.500,59.905,46.619,505.750,48.167
4966,4966,165.533,726.488,564.068,69.189,53.721,203,1,629,489.500,59.905,46.619,505.750,48.167
4967,4967,165.567,726.563,564.103,69.196,53.724,198,1,629,489.500,59.905,46.619,505.750,48.167
4968,4968,165.600,726.359,564.171,69.177,53.731,202,1,629,489.500,59.905,46.619,505.750,48.167
4969,4969,165.633,726.510,564.048,69.191,53.719,206,1,629,489.500,59.905,46.619,505.750,48.167
4970,4970,165.667,726.880,563.963,69.227,53.711,199,1,629,489.500,59.905,46.619,505.750,48.167
4971,4971,165.700,727.022,563.817,69.240,53.697,210,1,629,489.500,59.905,46.619,505.750,48.167
4972,4972,165.733,727.085,563.856,69.246,53.701,211,1,629,489.500,59.905,46.619,505.750,48.167
4973,4973,165.767,726.687,563.922,69.208,53.707,206,1,629,489.500,59.905,46.619,505.750,48.167
4974,4974,165.800,726.790,563.874,69.218,53.702,214,1,629,489.500,59.905,46.619,505.750,48.167
4975,4975,165.833,726.993,563.921,69.237,53.707,219,1,629,489.500,59.905,46.619,505.750,48.167
4976,4976,165.867,726.977,563.778,69.236,53.693,212,1,629,489.500,59.905,46.619,505.750,48.167
4977,4977,165.900,727.096,563.713,69.247,53.687,214,1,629,489.500,59.905,46.619,505.750,48.167
4978,4978,165.933,727.239,563.706,69.261,53.686,218,1,629,489.500,59.905,46.619,505.750,48.167
4979,4979,165.967,727.208,563.731,69.258,53.689,217,1,629,489.500,59.905,46.619,505.750,48.167
4980,4980,166.000,727.223,563.616,69.259,53.678,218,1,629,489.500,59.905,46.619,505.750,48.167
4981,4981,166.033,727.407,563.710,69.277,53.687,223,1,629,489.500,59.905,46.619,505.750,48.167
4982,4982,166.067,727.583,563.560,69.294,53.672,220,1,629,489.500,59.905,46.619,505.750,48.167
4983,4983,166.100,727.836,563.438,69.318,53.661,225,1,629,489.500,59.905,46.619,505.750,48.167
4984,4984,166.133,727.753,563.396,69.310,53.657,222,1,629,489.500,59.905,46.619,505.750,48.167
4985,4985,166.167,728.161,563.207,69.349,53.639,226,1,629,489.500,59.905,46.619,505.750,48.167
4986,4986,166.200,728.179,563.157,69.350,53.634,227,1,629,489.500,59.905,46.619,505.750,48.167
4987,4987,166.233,728.354,563.090,69.367,53.628,226,1,629,489.500,59.905,46.619,505.750,48.167
4988,4988,166.267,728.222,563.101,69.355,53.629,223,1,629,489.500,59.905,46.619,505.750,48.167
4989,4989,166.300,728.344,563.037,69.366,53.623,225,1,629,489.500,59.905,46.619,505.750,48.167
4990,4990,166.333,728.612,562.938,69.392,53.613,222,1,629,489.500,59.905,46.619,505.750,48.167
4991,4991,166.367,728.803,562.851,69.410,53.605,220,1,629,489.500,59.905,46.619,505.750,48.167
4992,4992,166.400,728.587,562.873,69.389,53.607,226,1,629,489.500,59.905,46.619,505.750,48.167
4993,4993,166.433,728.736,562.855,69.403,53.605,230,1,629,489.500,59.905,46.619,505.750,48.167
4994,4994,166.467,728.954,562.800,69.424,53.600,212,1,629,489.500,59.905,46.619,505.750,48.167
4995,4995,166.500,728.875,562.862,69.417,53.606,223,1,629,489.500,59.905,46.619,505.750,48.167
4996,4996,166.533,728.870,562.862,69.416,53.606,223,1,629,489.500,59.905,46.619,505.750,48.167
4997,4997,166.567,728.816,562.849,69.411,53.605,216,1,629,489.500,59.905,46.619,505.750,48.167
4998,4998,166.600,729.019,562.678,69.430,53.588,224,1,629,489.500,59.905,46.619,505.750,48.167
4999,4999,166.633,728.990,562.710,69.428,53.591,223,1,629,489.500,59.905,46.619,505.750,48.167
5000,5000,166.667,728.860,562.822,69.415,53.602,217,1,629,489.500,59.905,46.619,505.750,48.167
5001,5001,166.700,728.983,562.770,69.427,53.597,219,1,629,489.500,59.905,46.619,505.750,48.167
5002,5002,166.733,728.911,562.778,69.420,53.598,218,1,629,489.500,59.905,46.619,505.750,48.167
5003,5003,166.767,728.565,562.928,69.387,53.612,211,1,629,489.500,59.905,46.619,505.750,48.167
5004,5004,166.800,728.986,562.665,69.427,53.587,223,1,629,489.500,59.905,46.619,505.750,48.167
5005,5005,166.833,729.046,562.692,69.433,53.590,219,1,629,489.500,59.905,46.619,505.750,48.167
5006,5006,166.867,728.851,562.768,69.414,53.597,212,1,629,489.500,59.905,46.619,505.750,48.167
5007,5007,166.900,728.708,562.791,69.401,53.599,213,1,629,489.500,59.905,46.619,505.750,48.167
5008,5008,166.933,728.705,562.792,69.401,53.599,213,1,629,489.500,59.905,46.619,505.750,48.167
5009,5009,166.967,729.248,562.379,69.452,53.560,200,1,629,489.500,59.905,46.619,505.750,48.167
5010,5010,167.000,729.143,562.483,69.442,53.570,205,1,629,489.500,59.905,46.619,505.750,48.167
5011,5011,167.033,729.135,562.460,69.441,53.568,204,1,629,489.500,59.905,46.619,505.750,48.167
5012,5012,167.067,729.339,562.311,69.461,53.553,198,1,629,489.500,59.905,46.619,505.750,48.167
5013,5013,167.100,729.135,562.321,69.441,53.554,205,1,629,489.500,59.905,46.619,505.750,48.167
5014,5014,167.133,729.055,562.274,69.434,53.550,204,1,629,489.500,59.905,46.619,505.750,48.167
5015,5015,167.167,729.380,562.189,69.465,53.542,196,1,629,489.500,59.905,46.619,505.750,48.167
5016,5016,167.200,729.474,562.118,69.474,53.535,199,1,629,489.500,59.905,46.619,505.750,48.167
5017,5017,167.233,729.467,562.186,69.473,53.542,201,1,629,489.500,59.905,46.619,505.750,48.167
5018,5018,167.267,729.753,562.017,69.500,53.525,195,1,629,489.500,59.905,46.619,505.750,48.167
5019,5019,167.300,730.066,561.805,69.530,53.505,202,1,629,489.500,59.905,46.619,505.750,48.167
5020,5020,167.333,730.084,561.771,69.532,53.502,200,1,629,489.500,59.905,46.619,505.750,48.167
5021,5021,167.367,730.356,561.577,69.558,53.483,189,1,629,489.500,59.905,46.619,505.750,48.167
5022,5022,167.400,730.499,561.413,69.571,53.468,199,1,629,489.500,59.905,46.619,505.750,48.167
5023,5023,167.433,730.326,561.495,69.555,53.476,200,1,629,489.500,59.905,46.619,505.750,48.167
5024,5024,167.467,730.693,561.313,69.590,53.458,193,1,629,489.500,59.905,46.619,505.750,48.167
5025,5025,167.500,730.601,561.334,69.581,53.460,197,1,629,489.500,59.905,46.619,505.750,48.167
5026,5026,167.533,730.780,561.277,69.598,53.455,199,1,629,489.500,59.905,46.619,505.750,48.167
5027,5027,167.567,730.776,561.326,69.598,53.460,186,1,629,489.500,59.905,46.619,505.750,48.167
5028,5028,167.600,730.583,561.435,69.579,53.470,192,1,629,489.500,59.905,46.619,505.750,48.167
5029,5029,167.633,730.888,561.377,69.608,53.464,186,1,629,489.500,59.905,46.619,505.750,48.167
5030,5030,167.667,730.965,561.399,69.616,53.467,184,1,629,489.500,59.905,46.619,505.750,48.167
5031,5031,167.700,730.635,561.545,69.584,53.480,193,1,629,489.500,59.905,46.619,505.750,48.167
5032,5032,167.733,730.772,561.627,69.597,53.488,193,1,629,489.500,59.905,46.619,505.750,48.167
5033,5033,167.767,730.744,561.660,69.595,53.491,191,1,629,489.500,59.905,46.619,505.750,48.167
5034,5034,167.800,730.708,561.694,69.591,53.495,196,1,629,489.500,59.905,46.619,505.750,48.167
5035,5035,167.833,730.628,561.780,69.584,53.503,195,1,629,489.500,59.905,46.619,505.750,48.167
5036,5036,167.867,730.639,561.800,69.585,53.505,190,1,629,489.500,59.905,46.619,505.750,48.167
5037,5037,167.900,730.547,561.839,69.576,53.509,193,1,629,489.500,59.905,46.619,505.750,48.167
5038,5038,167.933,730.584,561.832,69.579,53.508,193,1,629,489.500,59.905,46.619,505.750,48.167
5039,5039,167.967,730.550,561.868,69.576,53.511,189,1,629,489.500,59.905,46.619,505.750,48.167
5040,5040,168.000,730.896,561.755,69.609,53.500,201,1,629,489.500,59.905,46.619,505.750,48.167
5041,5041,168.033,731.061,561.661,69.625,53.492,193,1,629,489.500,59.905,46.619,505.750,48.167
5042,5042,168.067,731.005,561.730,69.620,53.498,191,1,629,489.500,59.905,46.619,505.750,48.167
5043,5043,168.100,730.773,561.813,69.597,53.506,198,1,629,489.500,59.905,46.619,505.750,48.167
5044,5044,168.133,730.744,561.816,69.595,53.506,196,1,629,489.500,59.905,46.619,505.750,48.167
5045,5045,168.167,730.468,562.038,69.568,53.527,192,1,629,489.500,59.905,46.619,505.750,48.167
5046,5046,168.200,730.919,561.773,69.611,53.502,199,1,629,489.500,59.905,46.619,505.750,48.167
5047,5047,168.233,730.927,561.752,69.612,53.500,200,1,629,489.500,59.905,46.619,505.750,48.167
5048,5048,168.267,730.639,561.825,69.585,53.507,193,1,629,489.500,59.905,46.619,505.750,48.167
5049,5049,168.300,730.909,561.819,69.610,53.507,199,1,629,489.500,59.905,46.619,505.750,48.167
5050,5050,168.333,730.909,561.819,69.610,53.507,199,1,629,489.500,59.905,46.619,505.750,48.167
5051,5051,168.367,730.993,561.828,69.618,53.507,197,1,629,489.500,59.905,46.619,505.750,48.167
5052,5052,168.400,731.029,561.859,69.622,53.510,201,1,629,489.500,59.905,46.619,505.750,48.167
5053,5053,168.433,731.055,561.871,69.624,53.512,201,1,629,489.500,59.905,46.619,505.750,48.167
5054,5054,168.467,731.166,561.776,69.635,53.502,197,1,629,489.500,59.905,46.619,505.750,48.167
5055,5055,168.500,731.629,561.558,69.679,53.482,206,1,629,489.500,59.905,46.619,505.750,48.167
5056,5056,168.533,731.620,561.536,69.678,53.480,205,1,629,489.500,59.905,46.619,505.750,48.167
5057,5057,168.567,731.771,561.464,69.693,53.473,203,1,629,489.500,59.905,46.619,505.750,48.167
5058,5058,168.600,731.995,561.336,69.714,53.461,212,1,629,489.500,59.905,46.619,505.750,48.167
5059,5059,168.633,732.175,561.280,69.731,53.455,207,1,629,489.500,59.905,46.619,505.750,48.167
5060,5060,168.667,732.053,561.416,69.719,53.468,198,1,629,489.500,59.905,46.619,505.750,48.167
5061,5061,168.700,732.304,561.231,69.743,53.451,216,1,629,489.500,59.905,46.619,505.750,48.167
5062,5062,168.733,732.396,561.144,69.752,53.442,215,1,629,489.500,59.905,46.619,505.750,48.167
5063,5063,168.767,732.677,561.087,69.779,53.437,202,1,629,489.500,59.905,46.619,505.750,48.167
5064,5064,168.800,733.036,560.704,69.813,53.400,225,1,629,489.500,59.905,46.619,505.750,48.167
5065,5065,168.833,733.081,560.613,69.817,53.392,221,1,629,489.500,59.905,46.619,505.750,48.167
5066,5066,168.867,733.268,560.586,69.835,53.389,216,1,629,489.500,59.905,46.619,505.750,48.167
5067,5067,168.900,733.479,560.447,69.855,53.376,221,1,629,489.500,59.905,46.619,505.750,48.167
5068,5068,168.933,733.352,560.492,69.843,53.380,219,1,629,489.500,59.905,46.619,505.750,48.167
5069,5069,168.967,733.404,560.431,69.848,53.374,219,1,629,489.500,59.905,46.619,505.750,48.167
5070,5070,169.000,733.884,560.107,69.894,53.344,232,1,629,489.500,59.905,46.619,505.750,48.167
5071,5071,169.033,733.508,560.306,69.858,53.362,225,1,629,489.500,59.905,46.619,505.750,48.167
5072,5072,169.067,733.678,560.250,69.874,53.357,220,1,629,489.500,59.905,46.619,505.750,48.167
5073,5073,169.100,733.751,560.207,69.881,53.353,223,1,629,489.500,59.905,46.619,505.750,48.167
5074,5074,169.133,734.029,560.016,69.907,53.335,219,1,629,489.500,59.905,46.619,505.750,48.167
5075,5075,169.167,733.732,560.236,69.879,53.356,217,1,629,489.500,59.905,46.619,505.750,48.167
5076,5076,169.200,734.060,559.966,69.910,53.330,225,1,629,489.500,59.905,46.619,505.750,48.167
5077,5077,169.233,734.013,559.963,69.906,53.330,223,1,629,489.500,59.905,46.619,505.750,48.167
5078,5078,169.267,733.981,560.057,69.903,53.339,215,1,629,489.500,59.905,46.619,505.750,48.167
5079,5079,169.300,733.846,560.103,69.890,53.343,221,1,629,489.500,59.905,46.619,505.750,48.167
5080,5080,169.333,733.860,560.095,69.891,53.342,221,1,629,489.500,59.905,46.619,505.750,48.167
5081,5081,169.367,733.932,560.110,69.898,53.344,217,1,629,489.500,59.905,46.619,505.750,48.167
5082,5082,169.400,733.972,559.996,69.902,53.333,224,1,629,489.500,59.905,46.619,505.750,48.167
5083,5083,169.433,733.918,560.026,69.897,53.336,223,1,629,489.500,59.905,46.619,505.750,48.167
5084,5084,169.467,733.796,560.162,69.885,53.349,216,1,629,489.500,59.905,46.619,505.750,48.167
5085,5085,169.500,733.833,560.150,69.889,53.348,221,1,629,489.500,59.905,46.619,505.750,48.167
5086,5086,169.533,733.757,560.123,69.882,53.345,224,1,629,489.500,59.905,46.619,505.750,48.167
5087,5087,169.567,733.663,560.207,69.873,53.353,221,1,629,489.500,59.905,46.619,505.750,48.167
5088,5088,169.600,733.949,559.974,69.900,53.331,229,1,629,489.500,59.905,46.619,505.750,48.167
5089,5089,169.633,734.162,559.794,69.920,53.314,221,1,629,489.500,59.905,46.619,505.750,48.167
5090,5090,169.667,734.243,559.782,69.928,53.313,214,1,629,489.500,59.905,46.619,505.750,48.167
5091,5091,169.700,734.469,559.617,69.949,53.297,225,1,629,489.500,59.905,46.619,505.750,48.167
5092,5092,169.733,734.664,559.501,69.968,53.286,218,1,629,489.500,59.905,46.619,505.750,48.167
5093,5093,169.767,734.913,559.246,69.992,53.262,210,1,629,489.500,59.905,46.619,505.750,48.167
5094,5094,169.800,735.337,559.002,70.032,53.238,215,1,629,489.500,59.905,46.619,505.750,48.167
5095,5095,169.833,735.723,558.773,70.069,53.216,205,1,629,489.500,59.905,46.619,505.750,48.167
5096,5096,169.867,735.571,558.883,70.054,53.227,202,1,629,489.500,59.905,46.619,505.750,48.167
5097,5097,169.900,735.740,558.810,70.071,53.220,208,1,629,489.500,59.905,46.619,505.750,48.167
5098,5098,169.933,735.840,558.686,70.080,53.208,205,1,629,489.500,59.905,46.619,505.750,48.167
5099,5099,169.967,735.745,558.749,70.071,53.214,208,1,629,489.500,59.905,46.619,505.750,48.167
5100,5100,170.000,735.749,558.744,70.071,53.214,208,1,629,489.500,59.905,46.619,505.750,48.167
5101,5101,170.033,736.553,558.278,70.148,53.169,201,1,629,489.500,59.905,46.619,505.750,48.167
5102,5102,170.067,736.671,558.211,70.159,53.163,199,1,629,489.500,59.905,46.619,505.750,48.167
5103,5103,170.100,736.753,558.194,70.167,53.161,203,1,629,489.500,59.905,46.619,505.750,48.167
5104,5104,170.133,736.693,558.284,70.161,53.170,204,1,629,489.500,59.905,46.619,505.750,48.167
5105,5105,170.167,736.737,558.329,70.165,53.174,203,1,629,489.500,59.905,46.619,505.750,48.167
5106,5106,170.200,736.732,558.464,70.165,53.187,207,1,629,489.500,59.905,46.619,505.750,48.167
5107,5107,170.233,736.969,558.324,70.187,53.174,201,1,629,489.500,59.905,46.619,505.750,48.167
5108,5108,170.267,736.962,558.243,70.187,53.166,197,1,629,489.500,59.905,46.619,505.750,48.167
5109,5109,170.300,736.706,558.469,70.162,53.188,204,1,629,489.500,59.905,46.619,505.750,48.167
5110,5110,170.333,736.715,558.470,70.163,53.188,204,1,629,489.500,59.905,46.619,505.750,48.167
5111,5111,170.367,736.668,558.515,70.159,53.192,202,1,629,489.500,59.905,46.619,505.750,48.167
5112,5112,170.400,736.442,558.655,70.137,53.205,208,1,629,489.500,59.905,46.619,505.750,48.167
5113,5113,170.433,736.574,558.633,70.150,53.203,206,1,629,489.500,59.905,46.619,505.750,48.167
5114,5114,170.467,736.375,558.750,70.131,53.214,203,1,629,489.500,59.905,46.619,505.750,48.167
5115,5115,170.500,736.508,558.666,70.144,53.206,210,1,629,489.500,59.905,46.619,505.750,48.167
5116,5116,170.533,736.478,558.686,70.141,53.208,208,1,629,489.500,59.905,46.619,505.750,48.167
5117,5117,170.567,736.476,558.755,70.141,53.215,208,1,629,489.500,59.905,46.619,505.750,48.167
5118,5118,170.600,736.584,558.637,70.151,53.204,214,1,629,489.500,59.905,46.619,505.750,48.167
5119,5119,170.633,736.614,558.604,70.154,53.200,213,1,629,489.500,59.905,46.619,505.750,48.167
5120,5120,170.667,736.387,558.867,70.132,53.225,203,1,629,489.500,59.905,46.619,505.750,48.167
5121,5121,170.700,736.474,558.856,70.140,53.224,210,1,629,489.500,59.905,46.619,505.750,48.167
5122,5122,170.733,736.564,558.845,70.149,53.223,207,1,629,489.500,59.905,46.619,505.750,48.167
5123,5123,170.767,736.584,558.813,70.151,53.220,203,1,629,489.500,59.905,46.619,505.750,48.167
5124,5124,170.800,736.550,558.823,70.148,53.221,209,1,629,489.500,59.905,46.619,505.750,48.167
5125,5125,170.833,736.543,558.844,70.147,53.223,208,1,629,489.500,59.905,46.619,505.750,48.167
5126,5126,170.867,736.509,558.864,70.144,53.225,208,1,629,489.500,59.905,46.619,505.750,48.167
5127,5127,170.900,736.479,558.873,70.141,53.226,209,1,629,489.500,59.905,46.619,505.750,48.167
5128,5128,170.933,736.501,558.858,70.143,53.225,207,1,629,489.500,59.905,46.619,505.750,48.167
5129,5129,170.967,736.553,558.844,70.148,53.223,205,1,629,489.500,59.905,46.619,505.750,48.167
5130,5130,171.000,736.840,558.749,70.175,53.214,212,1,629,489.500,59.905,46.619,505.750,48.167
5131,5131,171.033,736.494,558.928,70.142,53.231,217,1,629,489.500,59.905,46.619,505.750,48.167
5132,5132,171.067,736.476,558.910,70.141,53.230,216,1,629,489.500,59.905,46.619,505.750,48.167
5133,5133,171.100,736.637,558.813,70.156,53.220,222,1,629,489.500,59.905,46.619,505.750,48.167
5134,5134,171.133,736.873,558.630,70.178,53.203,220,1,629,489.500,59.905,46.619,505.750,48.167
5135,5135,171.167,736.930,558.581,70.184,53.198,215,1,629,489.500,59.905,46.619,505.750,48.167
5136,5136,171.200,737.218,558.349,70.211,53.176,222,1,629,489.500,59.905,46.619,505.750,48.167
5137,5137,171.233,737.213,558.347,70.211,53.176,222,1,629,489.500,59.905,46.619,505.750,48.167
5138,5138,171.267,737.188,558.407,70.208,53.182,218,1,629,489.500,59.905,46.619,505.750,48.167
5139,5139,171.300,737.972,557.952,70.283,53.138,222,1,629,489.500,59.905,46.619,505.750,48.167
5140,5140,171.333,737.726,558.079,70.260,53.150,213,1,629,489.500,59.905,46.619,505.750,48.167
5141,5141,171.367,737.336,558.308,70.222,53.172,220,1,629,489.500,59.905,46.619,505.750,48.167
5142,5142,171.400,737.586,558.248,70.246,53.166,231,1,629,489.500,59.905,46.619,505.750,48.167
5143,5143,171.433,737.748,558.135,70.262,53.156,226,1,629,489.500,59.905,46.619,505.750,48.167
5144,5144,171.467,737.758,558.090,70.263,53.151,224,1,629,489.500,59.905,46.619,505.750,48.167
5145,5145,171.500,737.619,558.198,70.249,53.162,232,1,629,489.500,59.905,46.619,505.750,48.167
5146,5146,171.533,738.479,557.708,70.331,53.115,227,1,629,489.500,59.905,46.619,505.750,48.167
5147,5147,171.567,738.347,557.779,70.319,53.122,228,1,629,489.500,59.905,46.619,505.750,48.167
5148,5148,171.600,738.230,557.826,70.308,53.126,233,1,629,489.500,59.905,46.619,505.750,48.167
5149,5149,171.633,738.481,557.669,70.332,53.111,222,1,629,489.500,59.905,46.619,505.750,48.167
5150,5150,171.667,738.636,557.603,70.346,53.105,221,1,629,489.500,59.905,46.619,505.750,48.167
5151,5151,171.700,738.860,557.510,70.368,53.096,225,1,629,489.500,59.905,46.619,505.750,48.167
5152,5152,171.733,738.775,557.615,70.359,53.106,220,1,629,489.500,59.905,46.619,505.750,48.167
5153,5153,171.767,738.527,557.770,70.336,53.121,214,1,629,489.500,59.905,46.619,505.750,48.167
5154,5154,171.800,738.732,557.654,70.355,53.110,222,1,629,489.500,59.905,46.619,505.750,48.167
5155,5155,171.833,738.793,557.614,70.361,53.106,222,1,629,489.500,59.905,46.619,505.750,48.167
5156,5156,171.867,738.515,557.736,70.335,53.118,217,1,629,489.500,59.905,46.619,505.750,48.167
5157,5157,171.900,738.586,557.748,70.341,53.119,218,1,629,489.500,59.905,46.619,505.750,48.167
5158,5158,171.933,738.679,557.727,70.350,53.117,215,1,629,489.500,59.905,46.619,505.750,48.167
5159,5159,171.967,738.553,557.807,70.338,53.124,213,1,629,489.500,59.905,46.619,505.750,48.167
5160,5160,172.000,738.454,557.857,70.329,53.129,218,1,629,489.500,59.905,46.619,505.750,48.167
5161,5161,172.033,737.982,558.276,70.284,53.169,197,1,629,489.500,59.905,46.619,505.750,48.167
5162,5162,172.067,738.535,557.895,70.337,53.133,208,1,629,489.500,59.905,46.619,505.750,48.167
5163,5163,172.100,738.430,557.961,70.327,53.139,211,1,629,489.500,59.905,46.619,505.750,48.167
5164,5164,172.133,738.130,558.089,70.298,53.151,206,1,629,489.500,59.905,46.619,505.750,48.167
5165,5165,172.167,738.146,558.070,70.300,53.150,205,1,629,489.500,59.905,46.619,505.750,48.167
5166,5166,172.200,738.394,557.930,70.323,53.136,211,1,629,489.500,59.905,46.619,505.750,48.167
5167,5167,172.233,738.182,558.068,70.303,53.149,207,1,629,489.500,59.905,46.619,505.750,48.167
5168,5168,172.267,738.069,558.140,70.292,53.156,205,1,629,489.500,59.905,46.619,505.750,48.167
5169,5169,172.300,737.950,558.172,70.281,53.159,208,1,629,489.500,59.905,46.619,505.750,48.167
5170,5170,172.333,738.009,558.141,70.287,53.156,207,1,629,489.500,59.905,46.619,505.750,48.167
5171,5171,172.367,738.115,558.055,70.297,53.148,208,1,629,489.500,59.905,46.619,505.750,48.167
5172,5172,172.400,738.522,557.823,70.335,53.126,214,1,629,489.500,59.905,46.619,505.750,48.167
5173,5173,172.433,738.483,557.778,70.332,53.122,217,1,629,489.500,59.905,46.619,505.750,48.167
5174,5174,172.467,738.498,557.746,70.333,53.119,211,1,629,489.500,59.905,46.619,505.750,48.167
5175,5175,172.500,738.338,557.656,70.318,53.110,222,1,629,489.500,59.905,46.619,505.750,48.167
5176,5176,172.533,738.241,557.795,70.309,53.123,213,1,629,489.500,59.905,46.619,505.750,48.167
5177,5177,172.567,738.055,557.943,70.291,53.137,209,1,629,489.500,59.905,46.619,505.750,48.167
5178,5178,172.600,738.351,557.707,70.319,53.115,215,1,629,489.500,59.905,46.619,505.750,48.167
5179,5179,172.633,738.377,557.688,70.322,53.113,215,1,629,489.500,59.905,46.619,505.750,48.167
5180,5180,172.667,738.393,557.678,70.323,53.112,215,1,629,489.500,59.905,46.619,505.750,48.167
5181,5181,172.700,738.300,557.648,70.314,53.109,215,1,629,489.500,59.905,46.619,505.750,48.167
5182,5182,172.733,738.171,557.737,70.302,53.118,213,1,629,489.500,59.905,46.619,505.750,48.167
5183,5183,172.767,738.278,557.652,70.312,53.110,219,1,629,489.500,59.905,46.619,505.750,48.167
5184,5184,172.800,738.315,557.583,70.316,53.103,221,1,629,489.500,59.905,46.619,505.750,48.167
5185,5185,172.833,738.233,557.549,70.308,53.100,222,1,629,489.500,59.905,46.619,505.750,48.167
5186,5186,172.867,738.205,557.624,70.305,53.107,218,1,629,489.500,59.905,46.619,505.750,48.167
5187,5187,172.900,738.272,557.562,70.312,53.101,219,1,629,489.500,59.905,46.619,505.750,48.167
5188,5188,172.933,738.498,557.387,70.333,53.084,214,1,629,489.500,59.905,46.619,505.750,48.167
5189,5189,172.967,738.322,557.590,70.316,53.104,210,1,629,489.500,59.905,46.619,505.750,48.167
5190,5190,173.000,738.357,557.487,70.320,53.094,222,1,629,489.500,59.905,46.619,505.750,48.167
5191,5191,173.033,738.351,557.642,70.319,53.109,207,1,629,489.500,59.905,46.619,505.750,48.167
5192,5192,173.067,738.001,557.897,70.286,53.133,200,1,629,489.500,59.905,46.619,505.750,48.167
5193,5193,173.100,738.224,557.602,70.307,53.105,216,1,629,489.500,59.905,46.619,505.750,48.167
5194,5194,173.133,738.188,557.628,70.304,53.107,215,1,629,489.500,59.905,46.619,505.750,48.167
5195,5195,173.167,738.227,557.639,70.307,53.108,210,1,629,489.500,59.905,46.619,505.750,48.167
5196,5196,173.200,738.168,557.682,70.302,53.113,220,1,629,489.500,59.905,46.619,505.750,48.167
5197,5197,173.233,738.190,557.599,70.304,53.105,219,1,629,489.500,59.905,46.619,505.750,48.167
5198,5198,173.267,738.228,557.656,70.307,53.110,212,1,629,489.500,59.905,46.619,505.750,48.167
5199,5199,173.300,737.891,557.818,70.275,53.126,220,1,629,489.500,59.905,46.619,505.750,48.167
5200,5200,173.333,738.139,557.658,70.299,53.110,216,1,629,489.500,59.905,46.619,505.750,48.167
5201,5201,173.367,738.162,557.642,70.301,53.109,214,1,629,489.500,59.905,46.619,505.750,48.167
5202,5202,173.400,738.426,557.365,70.326,53.082,220,1,629,489.500,59.905,46.619,505.750,48.167
5203,5203,173.433,738.088,557.628,70.294,53.107,209,1,629,489.500,59.905,46.619,505.750,48.167
5204,5204,173.467,738.088,557.628,70.294,53.107,209,1,629,489.500,59.905,46.619,505.750,48.167
5205,5205,173.500,738.248,557.495,70.309,53.095,217,1,629,489.500,59.905,46.619,505.750,48.167
5206,5206,173.533,738.196,557.543,70.304,53.099,214,1,629,489.500,59.905,46.619,505.750,48.167
5207,5207,173.567,737.955,557.653,70.281,53.110,211,1,629,489.500,59.905,46.619,505.750,48.167
5208,5208,173.600,738.227,557.491,70.307,53.094,217,1,629,489.500,59.905,46.619,505.750,48.167
5209,5209,173.633,738.170,557.561,70.302,53.101,215,1,629,489.500,59.905,46.619,505.750,48.167
5210,5210,173.667,738.125,557.553,70.298,53.100,217,1,629,489.500,59.905,46.619,505.750,48.167
5211,5211,173.700,738.252,557.459,70.310,53.091,224,1,629,489.500,59.905,46.619,505.750,48.167
5212,5212,173.733,737.755,557.785,70.262,53.122,209,1,629,489.500,59.905,46.619,505.750,48.167
5213,5213,173.767,737.991,557.594,70.285,53.104,208,1,629,489.500,59.905,46.619,505.750,48.167
5214,5214,173.800,738.197,557.509,70.304,53.096,224,1,629,489.500,59.905,46.619,505.750,48.167
5215,5215,173.833,738.258,557.352,70.310,53.081,219,1,629,489.500,59.905,46.619,505.750,48.167
5216,5216,173.867,738.258,557.352,70.310,53.081,219,1,629,489.500,59.905,46.619,505.750,48.167
5217,5217,173.900,738.269,557.336,70.311,53.080,219,1,629,489.500,59.905,46.619,505.750,48.167
5218,5218,173.933,738.355,557.235,70.320,53.070,211,1,629,489.500,59.905,46.619,505.750,48.167
5219,5219,173.967,738.482,557.183,70.332,53.065,212,1,629,489.500,59.905,46.619,505.750,48.167
5220,5220,174.000,738.681,557.009,70.351,53.048,222,1,629,489.500,59.905,46.619,505.750,48.167
5221,5221,174.033,738.654,557.040,70.348,53.051,212,1,629,489.500,59.905,46.619,505.750,48.167
5222,5222,174.067,738.787,556.907,70.361,53.039,206,1,629,489.500,59.905,46.619,505.750,48.167
5223,5223,174.100,739.082,556.595,70.389,53.009,211,1,629,489.500,59.905,46.619,505.750,48.167
5224,5224,174.133,739.660,556.193,70.444,52.971,200,1,629,489.500,59.905,46.619,505.750,48.167
5225,5225,174.167,739.729,556.025,70.450,52.955,201,1,629,489.500,59.905,46.619,505.750,48.167
5226,5226,174.200,739.735,556.028,70.451,52.955,201,1,629,489.500,59.905,46.619,505.750,48.167
5227,5227,174.233,740.047,555.865,70.481,52.940,196,1,629,489.500,59.905,46.619,505.750,48.167
5228,5228,174.267,740.048,555.864,70.481,52.939,196,1,629,489.500,59.905,46.619,505.750,48.167
5229,5229,174.300,740.086,555.830,70.484,52.936,197,1,629,489.500,59.905,46.619,505.750,48.167
5230,5230,174.333,740.078,555.840,70.484,52.937,195,1,629,489.500,59.905,46.619,505.750,48.167
5231,5231,174.367,740.110,555.783,70.487,52.932,194,1,629,489.500,59.905,46.619,505.750,48.167
5232,5232,174.400,740.101,555.781,70.486,52.931,197,1,629,489.500,59.905,46.619,505.750,48.167
5233,5233,174.433,740.389,555.683,70.513,52.922,187,1,629,489.500,59.905,46.619,505.750,48.167
5234,5234,174.467,740.203,555.782,70.496,52.932,183,1,629,489.500,59.905,46.619,505.750,48.167
5235,5235,174.500,740.418,555.694,70.516,52.923,191,1,629,489.500,59.905,46.619,505.750,48.167
5236,5236,174.533,740.328,555.804,70.507,52.934,193,1,629,489.500,59.905,46.619,505.750,48.167
5237,5237,174.567,740.175,555.942,70.493,52.947,190,1,629,489.500,59.905,46.619,505.750,48.167
5238,5238,174.600,740.351,555.836,70.510,52.937,200,1,629,489.500,59.905,46.619,505.750,48.167
5239,5239,174.633,740.249,555.921,70.500,52.945,197,1,629,489.500,59.905,46.619,505.750,48.167
5240,5240,174.667,740.256,555.935,70.501,52.946,196,1,629,489.500,59.905,46.619,505.750,48.167
5241,5241,174.700,740.331,555.958,70.508,52.948,198,1,629,489.500,59.905,46.619,505.750,48.167
5242,5242,174.733,740.323,555.972,70.507,52.950,197,1,629,489.500,59.905,46.619,505.750,48.167
5243,5243,174.767,740.316,556.016,70.506,52.954,193,1,629,489.500,59.905,46.619,505.750,48.167
5244,5244,174.800,740.345,556.001,70.509,52.953,197,1,629,489.500,59.905,46.619,505.750,48.167
5245,5245,174.833,740.361,556.080,70.511,52.960,190,1,629,489.500,59.905,46.619,505.750,48.167
5246,5246,174.867,740.437,556.094,70.518,52.961,196,1,629,489.500,59.905,46.619,505.750,48.167
5247,5247,174.900,740.351,556.057,70.510,52.958,199,1,629,489.500,59.905,46.619,505.750,48.167
5248,5248,174.933,740.362,556.067,70.511,52.959,198,1,629,489.500,59.905,46.619,505.750,48.167
5249,5249,174.967,740.404,556.124,70.515,52.964,198,1,629,489.500,59.905,46.619,505.750,48.167
5250,5250,175.000,740.694,555.934,70.542,52.946,204,1,629,489.500,59.905,46.619,505.750,48.167
5251,5251,175.033,740.511,556.014,70.525,52.954,203,1,629,489.500,59.905,46.619,505.750,48.167
5252,5252,175.067,740.452,556.041,70.519,52.956,201,1,629,489.500,59.905,46.619,505.750,48.167
5253,5253,175.100,740.640,555.863,70.537,52.939,206,1,629,489.500,59.905,46.619,505.750,48.167
5254,5254,175.133,740.847,555.768,70.557,52.930,203,1,629,489.500,59.905,46.619,505.750,48.167
5255,5255,175.167,740.870,555.783,70.559,52.932,201,1,629,489.500,59.905,46.619,505.750,48.167
5256,5256,175.200,740.890,555.873,70.561,52.940,200,1,629,489.500,59.905,46.619,505.750,48.167
5257,5257,175.233,740.891,555.827,70.561,52.936,197,1,629,489.500,59.905,46.619,505.750,48.167
5258,5258,175.267,740.995,555.778,70.571,52.931,199,1,629,489.500,59.905,46.619,505.750,48.167
5259,5259,175.300,741.368,555.474,70.606,52.902,212,1,629,489.500,59.905,46.619,505.750,48.167
5260,5260,175.333,741.478,555.380,70.617,52.893,206,1,629,489.500,59.905,46.619,505.750,48.167
5261,5261,175.367,741.648,555.354,70.633,52.891,206,1,629,489.500,59.905,46.619,505.750,48.167
5262,5262,175.400,741.762,555.222,70.644,52.878,215,1,629,489.500,59.905,46.619,505.750,48.167
5263,5263,175.433,741.896,555.194,70.657,52.876,207,1,629,489.500,59.905,46.619,505.750,48.167
5264,5264,175.467,741.912,555.203,70.658,52.876,207,1,629,489.500,59.905,46.619,505.750,48.167
5265,5265,175.500,741.807,555.247,70.648,52.881,215,1,629,489.500,59.905,46.619,505.750,48.167
5266,5266,175.533,742.043,555.054,70.671,52.862,210,1,629,489.500,59.905,46.619,505.750,48.167
5267,5267,175.567,742.068,555.040,70.673,52.861,210,1,629,489.500,59.905,46.619,505.750,48.167
5268,5268,175.600,742.079,555.003,70.674,52.857,212,1,629,489.500,59.905,46.619,505.750,48.167
5269,5269,175.633,742.326,554.790,70.698,52.837,214,1,629,489.500,59.905,46.619,505.750,48.167
5270,5270,175.667,742.463,554.679,70.711,52.827,215,1,629,489.500,59.905,46.619,505.750,48.167
5271,5271,175.700,742.498,554.663,70.714,52.825,220,1,629,489.500,59.905,46.619,505.750,48.167
5272,5272,175.733,742.575,554.581,70.721,52.817,219,1,629,489.500,59.905,46.619,505.750,48.167
5273,5273,175.767,742.656,554.496,70.729,52.809,218,1,629,489.500,59.905,46.619,505.750,48.167
5274,5274,175.800,742.877,554.270,70.750,52.788,231,1,629,489.500,59.905,46.619,505.750,48.167
5275,5275,175.833,743.037,554.091,70.765,52.771,223,1,629,489.500,59.905,46.619,505.750,48.167
5276,5276,175.867,743.179,554.088,70.779,52.770,218,1,629,489.500,59.905,46.619,505.750,48.167
5277,5277,175.900,743.059,554.050,70.768,52.767,227,1,629,489.500,59.905,46.619,505.750,48.167
5278,5278,175.933,743.216,554.172,70.782,52.778,219,1,629,489.500,59.905,46.619,505.750,48.167
5279,5279,175.967,743.216,554.172,70.782,52.778,219,1,629,489.500,59.905,46.619,505.750,48.167
5280,5280,176.000,743.457,553.808,70.805,52.744,230,1,629,489.500,59.905,46.619,505.750,48.167
5281,5281,176.033,743.746,553.722,70.833,52.735,208,1,629,489.500,59.905,46.619,505.750,48.167
5282,5282,176.067,744.024,553.346,70.859,52.700,218,1,629,489.500,59.905,46.619,505.750,48.167
5283,5283,176.100,743.795,553.469,70.838,52.711,225,1,629,489.500,59.905,46.619,505.750,48.167
5284,5284,176.133,744.075,553.206,70.864,52.686,221,1,629,489.500,59.905,46.619,505.750,48.167
5285,5285,176.167,744.075,553.206,70.864,52.686,221,1,629,489.500,59.905,46.619,505.750,48.167
5286,5286,176.200,744.279,553.082,70.884,52.674,219,1,629,489.500,59.905,46.619,505.750,48.167
5287,5287,176.233,744.551,552.898,70.910,52.657,214,1,629,489.500,59.905,46.619,505.750,48.167
5288,5288,176.267,744.455,552.797,70.900,52.647,213,1,629,489.500,59.905,46.619,505.750,48.167
5289,5289,176.300,744.660,552.580,70.920,52.627,214,1,629,489.500,59.905,46.619,505.750,48.167
5290,5290,176.333,745.157,552.189,70.967,52.589,204,1,629,489.500,59.905,46.619,505.750,48.167
5291,5291,176.367,745.646,551.813,71.014,52.554,195,1,629,489.500,59.905,46.619,505.750,48.167
5292,5292,176.400,745.638,551.787,71.013,52.551,196,1,629,489.500,59.905,46.619,505.750,48.167
5293,5293,176.433,745.734,551.721,71.022,52.545,194,1,629,489.500,59.905,46.619,505.750,48.167
5294,5294,176.467,745.596,551.766,71.009,52.549,205,1,629,489.500,59.905,46.619,505.750,48.167
5295,5295,176.500,745.550,551.832,71.005,52.555,208,1,629,489.500,59.905,46.619,505.750,48.167
5296,5296,176.533,745.653,551.784,71.015,52.551,203,1,629,489.500,59.905,46.619,505.750,48.167
5297,5297,176.567,745.653,551.784,71.015,52.551,203,1,629,489.500,59.905,46.619,505.750,48.167
5298,5298,176.600,745.949,551.725,71.043,52.545,207,1,629,489.500,59.905,46.619,505.750,48.167
5299,5299,176.633,745.980,551.634,71.046,52.537,198,1,629,489.500,59.905,46.619,505.750,48.167
5300,5300,176.667,745.750,551.821,71.024,52.554,203,1,629,489.500,59.905,46.619,505.750,48.167
5301,5301,176.700,745.474,551.991,70.998,52.571,210,1,629,489.500,59.905,46.619,505.750,48.167
5302,5302,176.733,745.751,552.006,71.024,52.572,195,1,629,489.500,59.905,46.619,505.750,48.167
5303,5303,176.767,745.839,551.891,71.032,52.561,192,1,629,489.500,59.905,46.619,505.750,48.167
5304,5304,176.800,745.485,552.246,70.999,52.595,192,1,629,489.500,59.905,46.619,505.750,48.167
5305,5305,176.833,745.572,552.197,71.007,52.590,191,1,629,489.500,59.905,46.619,505.750,48.167
5306,5306,176.867,745.465,552.274,70.997,52.597,194,1,629,489.500,59.905,46.619,505.750,48.167
5307,5307,176.900,745.490,552.334,70.999,52.603,195,1,629,489.500,59.905,46.619,505.750,48.167
5308,5308,176.933,745.491,552.333,70.999,52.603,195,1,629,489.500,59.905,46.619,505.750,48.167
5309,5309,176.967,745.503,552.349,71.000,52.605,194,1,629,489.500,59.905,46.619,505.750,48.167
5310,5310,177.000,745.455,552.366,70.996,52.606,196,1,629,489.500,59.905,46.619,505.750,48.167
5311,5311,177.033,745.607,552.277,71.010,52.598,192,1,629,489.500,59.905,46.619,505.750,48.167
5312,5312,177.067,745.515,552.324,71.001,52.602,193,1,629,489.500,59.905,46.619,505.750,48.167
5313,5313,177.100,745.809,552.132,71.029,52.584,200,1,629,489.500,59.905,46.619,505.750,48.167
5314,5314,177.133,745.773,552.230,71.026,52.593,196,1,629,489.500,59.905,46.619,505.750,48.167
5315,5315,177.167,745.959,552.027,71.044,52.574,203,1,629,489.500,59.905,46.619,505.750,48.167
5316,5316,177.200,745.868,552.120,71.035,52.583,205,1,629,489.500,59.905,46.619,505.750,48.167
5317,5317,177.233,745.987,552.130,71.046,52.584,198,1,629,489.500,59.905,46.619,505.750,48.167
5318,5318,177.267,746.094,552.011,71.057,52.572,200,1,629,489.500,59.905,46.619,505.750,48.167
5319,5319,177.300,746.084,551.972,71.056,52.569,203,1,629,489.500,59.905,46.619,505.750,48.167
5320,5320,177.333,746.065,552.042,71.054,52.575,198,1,629,489.500,59.905,46.619,505.750,48.167
5321,5321,177.367,746.159,551.986,71.063,52.570,198,1,629,489.500,59.905,46.619,505.750,48.167
5322,5322,177.400,745.984,552.114,71.046,52.582,204,1,629,489.500,59.905,46.619,505.750,48.167
5323,5323,177.433,746.097,552.029,71.057,52.574,202,1,629,489.500,59.905,46.619,505.750,48.167
5324,5324,177.467,746.702,551.453,71.114,52.519,207,1,629,489.500,59.905,46.619,505.750,48.167
5325,5325,177.500,746.497,551.554,71.095,52.529,212,1,629,489.500,59.905,46.619,505.750,48.167
5326,5326,177.533,746.514,551.579,71.097,52.531,209,1,629,489.500,59.905,46.619,505.750,48.167
5327,5327,177.567,746.640,551.474,71.109,52.521,211,1,629,489.500,59.905,46.619,505.750,48.167
5328,5328,177.600,746.875,551.223,71.131,52.497,222,1,629,489.500,59.905,46.619,505.750,48.167
5329,5329,177.633,746.785,551.330,71.122,52.508,213,1,629,489.500,59.905,46.619,505.750,48.167
5330,5330,177.667,746.874,551.255,71.131,52.500,215,1,629,489.500,59.905,46.619,505.750,48.167
5331,5331,177.700,747.162,550.964,71.158,52.473,227,1,629,489.500,59.905,46.619,505.750,48.167
5332,5332,177.733,747.428,550.749,71.184,52.452,219,1,629,489.500,59.905,46.619,505.750,48.167
5333,5333,177.767,747.464,550.756,71.187,52.453,223,1,629,489.500,59.905,46.619,505.750,48.167
5334,5334,177.800,747.671,550.584,71.207,52.437,226,1,629,489.500,59.905,46.619,505.750,48.167
5335,5335,177.833,747.621,550.651,71.202,52.443,220,1,629,489.500,59.905,46.619,505.750,48.167
5336,5336,177.867,747.585,550.698,71.199,52.447,219,1,629,489.500,59.905,46.619,505.750,48.167
5337,5337,177.900,747.765,550.631,71.216,52.441,228,1,629,489.500,59.905,46.619,505.750,48.167
5338,5338,177.933,747.499,550.857,71.190,52.463,221,1,629,489.500,59.905,46.619,505.750,48.167
5339,5339,177.967,747.788,550.586,71.218,52.437,225,1,629,489.500,59.905,46.619,505.750,48.167
5340,5340,178.000,747.648,550.719,71.205,52.449,226,1,629,489.500,59.905,46.619,505.750,48.167
5341,5341,178.033,748.527,550.178,71.288,52.398,202,1,629,489.500,59.905,46.619,505.750,48.167
5342,5342,178.067,748.464,550.153,71.282,52.396,209,1,629,489.500,59.905,46.619,505.750,48.167
5343,5343,178.100,748.000,550.638,71.238,52.442,227,1,629,489.500,59.905,46.619,505.750,48.167
5344,5344,178.133,748.129,550.510,71.250,52.429,219,1,629,489.500,59.905,46.619,505.750,48.167
5345,5345,178.167,748.129,550.510,71.250,52.429,219,1,629,489.500,59.905,46.619,505.750,48.167
5346,5346,178.200,748.137,550.502,71.251,52.429,221,1,629,489.500,59.905,46.619,505.750,48.167
5347,5347,178.233,748.084,550.375,71.246,52.417,219,1,629,489.500,59.905,46.619,505.750,48.167
5348,5348,178.267,748.187,550.152,71.256,52.395,218,1,629,489.500,59.905,46.619,505.750,48.167
5349,5349,178.300,748.260,550.165,71.263,52.397,225,1,629,489.500,59.905,46.619,505.750,48.167
5350,5350,178.333,748.488,549.896,71.285,52.371,215,1,629,489.500,59.905,46.619,505.750,48.167
5351,5351,178.367,748.479,549.911,71.284,52.372,212,1,629,489.500,59.905,46.619,505.750,48.167
5352,5352,178.400,749.051,549.535,71.338,52.337,221,1,629,489.500,59.905,46.619,505.750,48.167
5353,5353,178.433,749.651,549.139,71.395,52.299,208,1,629,489.500,59.905,46.619,505.750,48.167
5354,5354,178.467,749.830,548.937,71.412,52.280,210,1,629,489.500,59.905,46.619,505.750,48.167
5355,5355,178.500,749.675,548.916,71.398,52.278,215,1,629,489.500,59.905,46.619,505.750,48.167
5356,5356,178.533,749.928,548.687,71.422,52.256,205,1,629,489.500,59.905,46.619,505.750,48.167
5357,5357,178.567,749.993,548.582,71.428,52.246,203,1,629,489.500,59.905,46.619,505.750,48.167
5358,5358,178.600,750.331,548.447,71.460,52.233,207,1,629,489.500,59.905,46.619,505.750,48.167
5359,5359,178.633,750.114,548.566,71.439,52.244,199,1,629,489.500,59.905,46.619,505.750,48.167
5360,5360,178.667,750.090,548.600,71.437,52.248,200,1,629,489.500,59.905,46.619,505.750,48.167
5361,5361,178.700,750.239,548.463,71.451,52.235,197,1,629,489.500,59.905,46.619,505.750,48.167
5362,5362,178.733,750.412,548.343,71.468,52.223,194,1,629,489.500,59.905,46.619,505.750,48.167
5363,5363,178.767,750.314,548.344,71.458,52.223,198,1,629,489.500,59.905,46.619,505.750,48.167
5364,5364,178.800,750.397,548.231,71.466,52.212,206,1,629,489.500,59.905,46.619,505.750,48.167
5365,5365,178.833,750.541,548.153,71.480,52.205,200,1,629,489.500,59.905,46.619,505.750,48.167
5366,5366,178.867,750.260,548.180,71.453,52.208,204,1,629,489.500,59.905,46.619,505.750,48.167
5367,5367,178.900,750.403,548.159,71.467,52.206,208,1,629,489.500,59.905,46.619,505.750,48.167
5368,5368,178.933,750.420,548.130,71.469,52.203,200,1,629,489.500,59.905,46.619,505.750,48.167
5369,5369,178.967,750.368,548.155,71.464,52.205,199,1,629,489.500,59.905,46.619,505.750,48.167
5370,5370,179.000,750.382,548.046,71.465,52.195,206,1,629,489.500,59.905,46.619,505.750,48.167
5371,5371,179.033,750.398,547.994,71.467,52.190,198,1,629,489.500,59.905,46.619,505.750,48.167
5372,5372,179.067,750.234,548.208,71.451,52.210,198,1,629,489.500,59.905,46.619,505.750,48.167
5373,5373,179.100,749.976,548.218,71.426,52.211,204,1,629,489.500,59.905,46.619,505.750,48.167
5374,5374,179.133,749.671,548.400,71.397,52.229,199,1,629,489.500,59.905,46.619,505.750,48.167
5375,5375,179.167,749.547,548.646,71.385,52.252,206,1,629,489.500,59.905,46.619,505.750,48.167
5376,5376,179.200,749.533,548.666,71.384,52.254,208,1,629,489.500,59.905,46.619,505.750,48.167
5377,5377,179.233,749.441,548.778,71.375,52.265,205,1,629,489.500,59.905,46.619,505.750,48.167
5378,5378,179.267,749.386,548.812,71.370,52.268,207,1,629,489.500,59.905,46.619,505.750,48.167
5379,5379,179.300,749.342,548.813,71.366,52.268,207,1,629,489.500,59.905,46.619,505.750,48.167
5380,5380,179.333,749.630,548.609,71.393,52.248,203,1,629,489.500,59.905,46.619,505.750,48.167
5381,5381,179.367,749.498,548.793,71.381,52.266,197,1,629,489.500,59.905,46.619,505.750,48.167
5382,5382,179.400,749.472,548.814,71.378,52.268,205,1,629,489.500,59.905,46.619,505.750,48.167
5383,5383,179.433,749.423,548.864,71.374,52.273,204,1,629,489.500,59.905,46.619,505.750,48.167
5384,5384,179.467,749.528,548.770,71.384,52.264,206,1,629,489.500,59.905,46.619,505.750,48.167
5385,5385,179.500,749.727,548.702,71.403,52.257,214,1,629,489.500,59.905,46.619,505.750,48.167
5386,5386,179.533,749.782,548.737,71.408,52.261,213,1,629,489.500,59.905,46.619,505.750,48.167
5387,5387,179.567,749.836,548.662,71.413,52.254,215,1,629,489.500,59.905,46.619,505.750,48.167
5388,5388,179.600,750.078,548.465,71.436,52.235,219,1,629,489.500,59.905,46.619,505.750,48.167
5389,5389,179.633,749.763,548.684,71.406,52.256,211,1,629,489.500,59.905,46.619,505.750,48.167
5390,5390,179.667,750.040,548.466,71.432,52.235,215,1,629,489.500,59.905,46.619,505.750,48.167
5391,5391,179.700,750.217,548.337,71.449,52.223,222,1,629,489.500,59.905,46.619,505.750,48.167
5392,5392,179.733,750.728,548.112,71.498,52.201,213,1,629,489.500,59.905,46.619,505.750,48.167
5393,5393,179.767,750.279,548.393,71.455,52.228,226,1,629,489.500,59.905,46.619,505.750,48.167
5394,5394,179.800,750.429,548.283,71.469,52.217,229,1,629,489.500,59.905,46.619,505.750,48.167
5395,5395,179.833,750.326,548.362,71.460,52.225,225,1,629,489.500,59.905,46.619,505.750,48.167
5396,5396,179.867,750.663,548.091,71.492,52.199,231,1,629,489.500,59.905,46.619,505.750,48.167
5397,5397,179.900,750.982,547.807,71.522,52.172,233,1,629,489.500,59.905,46.619,505.750,48.167
5398,5398,179.933,751.062,547.776,71.530,52.169,232,1,629,489.500,59.905,46.619,505.750,48.167
5399,5399,179.967,751.003,547.768,71.524,52.168,233,1,629,489.500,59.905,46.619,505.750,48.167
5400,5400,180.000,751.252,547.601,71.548,52.153,236,1,629,489.500,59.905,46.619,505.750,48.167
5401,5401,180.033,750.806,548.086,71.505,52.199,211,1,629,489.500,59.905,46.619,505.750,48.167
5402,5402,180.067,750.945,547.826,71.519,52.174,220,1,629,489.500,59.905,46.619,505.750,48.167
