 ,Frame,Time_s,X_px,Y_px,X_mm,Y_mm,Area_px,Detected,Arena_center_X_px,Arena_center_Y_px,Arena_center_X_mm,Arena_center_Y_mm,Arena_radius_px,Arena_radius_mm
1,1,0.033,664.699,499.630,62.707,47.135,183,1,646,496,60.943,46.792,470,44.340
2,2,0.067,664.699,499.630,62.707,47.135,183,1,646,496,60.943,46.792,470,44.340
3,3,0.100,664.699,499.630,62.707,47.135,183,1,646,496,60.943,46.792,470,44.340
4,4,0.133,664.699,499.630,62.707,47.135,183,1,646,496,60.943,46.792,470,44.340
5,5,0.167,664.587,499.301,62.697,47.104,189,1,646,496,60.943,46.792,470,44.340
6,6,0.200,664.113,499.081,62.652,47.083,207,1,646,496,60.943,46.792,470,44.340
7,7,0.233,663.943,499.144,62.636,47.089,211,1,646,496,60.943,46.792,470,44.340
8,8,0.267,663.611,499.083,62.605,47.083,217,1,646,496,60.943,46.792,470,44.340
9,9,0.300,663.708,499.069,62.614,47.082,217,1,646,496,60.943,46.792,470,44.340
10,10,0.333,663.660,499.065,62.609,47.082,220,1,646,496,60.943,46.792,470,44.340
11,11,0.367,663.686,499.121,62.612,47.087,227,1,646,496,60.943,46.792,470,44.340
12,12,0.400,663.721,499.145,62.615,47.089,226,1,646,496,60.943,46.792,470,44.340
13,13,0.433,663.821,499.087,62.625,47.084,228,1,646,496,60.943,46.792,470,44.340
14,14,0.467,663.664,499.020,62.610,47.077,232,1,646,496,60.943,46.792,470,44.340
15,15,0.500,663.817,499.045,62.624,47.080,227,1,646,496,60.943,46.792,470,44.340
16,16,0.533,663.544,498.996,62.598,47.075,233,1,646,496,60.943,46.792,470,44.340
17,17,0.567,663.671,498.972,62.610,47.073,237,1,646,496,60.943,46.792,470,44.340
18,18,0.600,663.757,498.952,62.619,47.071,239,1,646,496,60.943,46.792,470,44.340
19,19,0.633,663.758,498.902,62.619,47.066,246,1,646,496,60.943,46.792,470,44.340
20,20,0.667,663.805,498.861,62.623,47.062,249,1,646,496,60.943,46.792,470,44.340
21,21,0.700,663.526,498.663,62.597,47.044,263,1,646,496,60.943,46.792,470,44.340
22,22,0.733,663.631,498.618,62.607,47.039,266,1,646,496,60.943,46.792,470,44.340
23,23,0.767,663.629,498.440,62.607,47.023,262,1,646,496,60.943,46.792,470,44.340
24,24,0.800,663.963,498.397,62.638,47.019,265,1,646,496,60.943,46.792,470,44.340
25,25,0.833,663.919,498.251,62.634,47.005,275,1,646,496,60.943,46.792,470,44.340
26,26,0.867,664.074,498.109,62.648,46.991,274,1,646,496,60.943,46.792,470,44.340
27,27,0.900,664.106,498.147,62.652,46.995,278,1,646,496,60.943,46.792,470,44.340
28,28,0.933,663.916,498.058,62.634,46.987,284,1,646,496,60.943,46.792,470,44.340
29,29,0.967,663.758,498.046,62.619,46.986,278,1,646,496,60.943,46.792,470,44.340
30,30,1.000,663.801,498.050,62.623,46.986,276,1,646,496,60.943,46.792,470,44.340
31,31,1.033,663.451,497.773,62.590,46.960,279,1,646,496,60.943,46.792,470,44.340
32,32,1.067,663.318,497.773,62.577,46.960,274,1,646,496,60.943,46.792,470,44.340
33,33,1.100,663.235,497.774,62.569,46.960,273,1,646,496,60.943,46.792,470,44.340
34,34,1.133,662.980,497.825,62.545,46.965,274,1,646,496,60.943,46.792,470,44.340
35,35,1.167,663.093,497.936,62.556,46.975,266,1,646,496,60.943,46.792,470,44.340
36,36,1.200,662.934,497.919,62.541,46.973,260,1,646,496,60.943,46.792,470,44.340
37,37,1.233,662.774,497.814,62.526,46.964,272,1,646,496,60.943,46.792,470,44.340
38,38,1.267,662.642,497.894,62.513,46.971,265,1,646,496,60.943,46.792,470,44.340
39,39,1.300,662.554,497.950,62.505,46.976,259,1,646,496,60.943,46.792,470,44.340
40,40,1.333,662.232,497.896,62.475,46.971,258,1,646,496,60.943,46.792,470,44.340
41,41,1.367,662.320,497.969,62.483,46.978,263,1,646,496,60.943,46.792,470,44.340
42,42,1.400,662.362,498.093,62.487,46.990,258,1,646,496,60.943,46.792,470,44.340
43,43,1.433,662.177,497.996,62.470,46.981,266,1,646,496,60.943,46.792,470,44.340
44,44,1.467,662.196,498.040,62.471,46.985,264,1,646,496,60.943,46.792,470,44.340
45,45,1.500,662.034,498.150,62.456,46.995,256,1,646,496,60.943,46.792,470,44.340
46,46,1.533,662.125,498.238,62.465,47.004,262,1,646,496,60.943,46.792,470,44.340
47,47,1.567,661.988,498.169,62.452,46.997,266,1,646,496,60.943,46.792,470,44.340
48,48,1.600,661.840,498.329,62.438,47.012,256,1,646,496,60.943,46.792,470,44.340
49,49,1.633,661.918,498.230,62.445,47.003,263,1,646,496,60.943,46.792,470,44.340
50,50,1.667,661.731,498.310,62.427,47.010,257,1,646,496,60.943,46.792,470,44.340
51,51,1.700,661.545,498.390,62.410,47.018,243,1,646,496,60.943,46.792,470,44.340
52,52,1.733,661.595,498.453,62.415,47.024,252,1,646,496,60.943,46.792,470,44.340
53,53,1.767,661.554,498.483,62.411,47.027,251,1,646,496,60.943,46.792,470,44.340
54,54,1.800,661.604,498.480,62.416,47.026,248,1,646,496,60.943,46.792,470,44.340
55,55,1.833,661.423,498.279,62.398,47.007,254,1,646,496,60.943,46.792,470,44.340
56,56,1.867,661.417,498.387,62.398,47.018,250,1,646,496,60.943,46.792,470,44.340
57,57,1.900,661.642,498.488,62.419,47.027,251,1,646,496,60.943,46.792,470,44.340
58,58,1.933,661.663,498.532,62.421,47.031,252,1,646,496,60.943,46.792,470,44.340
59,59,1.967,661.609,498.546,62.416,47.033,257,1,646,496,60.943,46.792,470,44.340
60,60,2.000,661.618,498.644,62.417,47.042,251,1,646,496,60.943,46.792,470,44.340
61,61,2.033,661.479,498.791,62.404,47.056,251,1,646,496,60.943,46.792,470,44.340
62,62,2.067,661.286,498.709,62.385,47.048,250,1,646,496,60.943,46.792,470,44.340
63,63,2.100,661.230,498.744,62.380,47.051,247,1,646,496,60.943,46.792,470,44.340
64,64,2.133,661.194,498.735,62.377,47.050,250,1,646,496,60.943,46.792,470,44.340
65,65,2.167,661.202,498.772,62.378,47.054,250,1,646,496,60.943,46.792,470,44.340
66,66,2.200,661.153,498.800,62.373,47.057,248,1,646,496,60.943,46.792,470,44.340
67,67,2.233,661.066,498.708,62.365,47.048,251,1,646,496,60.943,46.792,470,44.340
68,68,2.267,661.130,498.706,62.371,47.048,247,1,646,496,60.943,46.792,470,44.340
69,69,2.300,661.219,498.759,62.379,47.053,241,1,646,496,60.943,46.792,470,44.340
70,70,2.333,661.146,498.748,62.372,47.052,246,1,646,496,60.943,46.792,470,44.340
71,71,2.367,661.237,498.799,62.381,47.057,247,1,646,496,60.943,46.792,470,44.340
72,72,2.400,661.201,498.781,62.377,47.055,245,1,646,496,60.943,46.792,470,44.340
73,73,2.433,661.112,498.772,62.369,47.054,255,1,646,496,60.943,46.792,470,44.340
74,74,2.467,661.100,498.769,62.368,47.054,255,1,646,496,60.943,46.792,470,44.340
75,75,2.500,661.201,498.727,62.377,47.050,252,1,646,496,60.943,46.792,470,44.340
76,76,2.533,661.213,498.754,62.379,47.052,252,1,646,496,60.943,46.792,470,44.340
77,77,2.567,661.150,498.680,62.373,47.045,253,1,646,496,60.943,46.792,470,44.340
78,78,2.600,661.246,498.760,62.382,47.053,247,1,646,496,60.943,46.792,470,44.340
79,79,2.633,661.163,498.742,62.374,47.051,254,1,646,496,60.943,46.792,470,44.340
80,80,2.667,661.217,498.692,62.379,47.046,254,1,646,496,60.943,46.792,470,44.340
81,81,2.700,661.307,498.809,62.387,47.057,246,1,646,496,60.943,46.792,470,44.340
82,82,2.733,661.183,498.782,62.376,47.055,254,1,646,496,60.943,46.792,470,44.340
83,83,2.767,661.123,498.743,62.370,47.051,254,1,646,496,60.943,46.792,470,44.340
84,84,2.800,661.199,498.850,62.377,47.061,251,1,646,496,60.943,46.792,470,44.340
85,85,2.833,661.134,498.824,62.371,47.059,254,1,646,496,60.943,46.792,470,44.340
86,86,2.867,661.138,498.825,62.372,47.059,254,1,646,496,60.943,46.792,470,44.340
87,87,2.900,661.157,498.860,62.373,47.062,253,1,646,496,60.943,46.792,470,44.340
88,88,2.933,661.060,498.841,62.364,47.061,257,1,646,496,60.943,46.792,470,44.340
89,89,2.967,661.141,498.926,62.372,47.068,255,1,646,496,60.943,46.792,470,44.340
90,90,3.000,661.372,499.209,62.394,47.095,261,1,646,496,60.943,46.792,470,44.340
91,91,3.033,661.294,499.170,62.386,47.091,263,1,646,496,60.943,46.792,470,44.340
92,92,3.067,661.178,499.052,62.375,47.080,269,1,646,496,60.943,46.792,470,44.340
93,93,3.100,661.191,499.119,62.377,47.087,257,1,646,496,60.943,46.792,470,44.340
94,94,3.133,661.071,499.086,62.365,47.084,260,1,646,496,60.943,46.792,470,44.340
95,95,3.167,661.051,499.104,62.363,47.085,261,1,646,496,60.943,46.792,470,44.340
96,96,3.200,661.162,499.137,62.374,47.088,258,1,646,496,60.943,46.792,470,44.340
97,97,3.233,661.026,499.065,62.361,47.082,261,1,646,496,60.943,46.792,470,44.340
98,98,3.267,660.993,499.011,62.358,47.076,262,1,646,496,60.943,46.792,470,44.340
99,99,3.300,660.989,498.959,62.357,47.072,257,1,646,496,60.943,46.792,470,44.340
100,100,3.333,661.026,499.052,62.361,47.080,261,1,646,496,60.943,46.792,470,44.340
101,101,3.367,660.955,498.996,62.354,47.075,258,1,646,496,60.943,46.792,470,44.340
102,102,3.400,660.991,499.041,62.358,47.079,255,1,646,496,60.943,46.792,470,44.340
103,103,3.433,660.990,499.038,62.358,47.079,255,1,646,496,60.943,46.792,470,44.340
104,104,3.467,660.934,499.003,62.352,47.076,257,1,646,496,60.943,46.792,470,44.340
105,105,3.500,660.995,499.013,62.358,47.077,259,1,646,496,60.943,46.792,470,44.340
106,106,3.533,660.858,498.976,62.345,47.073,262,1,646,496,60.943,46.792,470,44.340
107,107,3.567,660.742,498.911,62.334,47.067,264,1,646,496,60.943,46.792,470,44.340
108,108,3.600,660.895,498.928,62.349,47.069,256,1,646,496,60.943,46.792,470,44.340
109,109,3.633,660.902,498.929,62.349,47.069,257,1,646,496,60.943,46.792,470,44.340
110,110,3.667,660.709,498.811,62.331,47.058,260,1,646,496,60.943,46.792,470,44.340
111,111,3.700,660.817,498.847,62.341,47.061,255,1,646,496,60.943,46.792,470,44.340
112,112,3.733,660.806,498.887,62.340,47.065,259,1,646,496,60.943,46.792,470,44.340
113,113,3.767,660.758,498.888,62.336,47.065,258,1,646,496,60.943,46.792,470,44.340
114,114,3.800,660.737,498.873,62.334,47.064,256,1,646,496,60.943,46.792,470,44.340
115,115,3.833,660.669,498.782,62.327,47.055,260,1,646,496,60.943,46.792,470,44.340
116,116,3.867,660.579,498.788,62.319,47.055,261,1,646,496,60.943,46.792,470,44.340
117,117,3.900,660.756,498.870,62.335,47.063,254,1,646,496,60.943,46.792,470,44.340
118,118,3.933,660.768,498.867,62.337,47.063,258,1,646,496,60.943,46.792,470,44.340
119,119,3.967,660.759,498.849,62.336,47.061,259,1,646,496,60.943,46.792,470,44.340
120,120,4.000,660.912,498.905,62.350,47.067,253,1,646,496,60.943,46.792,470,44.340
121,121,4.033,660.971,498.893,62.356,47.065,249,1,646,496,60.943,46.792,470,44.340
122,122,4.067,660.717,498.721,62.332,47.049,250,1,646,496,60.943,46.792,470,44.340
123,123,4.100,660.837,498.788,62.343,47.055,245,1,646,496,60.943,46.792,470,44.340
124,124,4.133,660.837,498.788,62.343,47.055,245,1,646,496,60.943,46.792,470,44.340
125,125,4.167,660.837,498.788,62.343,47.055,245,1,646,496,60.943,46.792,470,44.340
126,126,4.200,660.659,498.747,62.326,47.052,241,1,646,496,60.943,46.792,470,44.340
127,127,4.233,660.659,498.747,62.326,47.052,241,1,646,496,60.943,46.792,470,44.340
128,128,4.267,660.633,498.913,62.324,47.067,240,1,646,496,60.943,46.792,470,44.340
129,129,4.300,660.346,498.915,62.297,47.067,230,1,646,496,60.943,46.792,470,44.340
130,130,4.333,660.379,499.037,62.300,47.079,238,1,646,496,60.943,46.792,470,44.340
131,131,4.367,660.427,499.171,62.304,47.092,243,1,646,496,60.943,46.792,470,44.340
132,132,4.400,660.217,499.252,62.285,47.099,240,1,646,496,60.943,46.792,470,44.340
133,133,4.433,660.241,499.245,62.287,47.099,245,1,646,496,60.943,46.792,470,44.340
134,134,4.467,660.107,499.481,62.274,47.121,254,1,646,496,60.943,46.792,470,44.340
135,135,4.500,660.154,499.662,62.279,47.138,261,1,646,496,60.943,46.792,470,44.340
136,136,4.533,660.267,499.694,62.289,47.141,265,1,646,496,60.943,46.792,470,44.340
137,137,4.567,660.408,499.669,62.303,47.139,281,1,646,496,60.943,46.792,470,44.340
138,138,4.600,660.731,499.836,62.333,47.154,280,1,646,496,60.943,46.792,470,44.340
139,139,4.633,660.909,499.806,62.350,47.152,291,1,646,496,60.943,46.792,470,44.340
140,140,4.667,660.967,499.738,62.355,47.145,300,1,646,496,60.943,46.792,470,44.340
141,141,4.700,661.014,499.783,62.360,47.149,298,1,646,496,60.943,46.792,470,44.340
142,142,4.733,661.063,499.936,62.364,47.164,304,1,646,496,60.943,46.792,470,44.340
143,143,4.767,660.808,499.862,62.340,47.157,309,1,646,496,60.943,46.792,470,44.340
144,144,4.800,660.814,499.855,62.341,47.156,303,1,646,496,60.943,46.792,470,44.340
145,145,4.833,660.986,499.958,62.357,47.166,307,1,646,496,60.943,46.792,470,44.340
146,146,4.867,661.064,500.106,62.365,47.180,313,1,646,496,60.943,46.792,470,44.340
147,147,4.900,661.010,500.124,62.359,47.181,301,1,646,496,60.943,46.792,470,44.340
148,148,4.933,661.020,500.119,62.360,47.181,301,1,646,496,60.943,46.792,470,44.340
149,149,4.967,661.372,500.237,62.394,47.192,317,1,646,496,60.943,46.792,470,44.340
150,150,5.000,661.992,500.180,62.452,47.187,307,1,646,496,60.943,46.792,470,44.340
151,151,5.033,662.177,500.042,62.470,47.174,311,1,646,496,60.943,46.792,470,44.340
152,152,5.067,662.254,499.966,62.477,47.167,313,1,646,496,60.943,46.792,470,44.340
153,153,5.100,662.099,499.785,62.462,47.150,306,1,646,496,60.943,46.792,470,44.340
154,154,5.133,662.160,499.659,62.468,47.138,306,1,646,496,60.943,46.792,470,44.340
155,155,5.167,662.362,499.543,62.487,47.127,319,1,646,496,60.943,46.792,470,44.340
156,156,5.200,662.518,499.466,62.502,47.119,312,1,646,496,60.943,46.792,470,44.340
157,157,5.233,662.556,499.327,62.505,47.106,314,1,646,496,60.943,46.792,470,44.340
158,158,5.267,662.544,499.293,62.504,47.103,315,1,646,496,60.943,46.792,470,44.340
159,159,5.300,662.523,499.351,62.502,47.109,311,1,646,496,60.943,46.792,470,44.340
160,160,5.333,662.401,499.250,62.491,47.099,315,1,646,496,60.943,46.792,470,44.340
161,161,5.367,662.830,499.485,62.531,47.121,323,1,646,496,60.943,46.792,470,44.340
162,162,5.400,662.847,499.539,62.533,47.126,313,1,646,496,60.943,46.792,470,44.340
163,163,5.433,663.013,499.611,62.548,47.133,318,1,646,496,60.943,46.792,470,44.340
164,164,5.467,663.054,499.646,62.552,47.136,318,1,646,496,60.943,46.792,470,44.340
165,165,5.500,662.876,499.640,62.536,47.136,314,1,646,496,60.943,46.792,470,44.340
166,166,5.533,662.938,499.674,62.541,47.139,311,1,646,496,60.943,46.792,470,44.340
167,167,5.567,662.954,499.738,62.543,47.145,314,1,646,496,60.943,46.792,470,44.340
168,168,5.600,662.837,499.693,62.532,47.141,310,1,646,496,60.943,46.792,470,44.340
169,169,5.633,662.841,499.695,62.532,47.141,310,1,646,496,60.943,46.792,470,44.340
170,170,5.667,662.808,499.735,62.529,47.145,316,1,646,496,60.943,46.792,470,44.340
171,171,5.700,662.905,499.799,62.538,47.151,312,1,646,496,60.943,46.792,470,44.340
172,172,5.733,663.065,499.916,62.553,47.162,312,1,646,496,60.943,46.792,470,44.340
173,173,5.767,663.035,499.939,62.550,47.164,311,1,646,496,60.943,46.792,470,44.340
174,174,5.800,663.060,499.970,62.553,47.167,312,1,646,496,60.943,46.792,470,44.340
175,175,5.833,663.054,499.959,62.552,47.166,311,1,646,496,60.943,46.792,470,44.340
176,176,5.867,662.958,499.942,62.543,47.164,317,1,646,496,60.943,46.792,470,44.340
177,177,5.900,663.141,500.015,62.560,47.171,313,1,646,496,60.943,46.792,470,44.340
178,178,5.933,663.258,500.080,62.571,47.177,316,1,646,496,60.943,46.792,470,44.340
179,179,5.967,663.226,500.095,62.569,47.179,320,1,646,496,60.943,46.792,470,44.340
180,180,6.000,663.495,500.221,62.594,47.191,317,1,646,496,60.943,46.792,470,44.340
181,181,6.033,664.023,500.618,62.644,47.228,302,1,646,496,60.943,46.792,470,44.340
182,182,6.067,663.836,500.507,62.626,47.218,321,1,646,496,60.943,46.792,470,44.340
183,183,6.100,663.800,500.538,62.623,47.221,316,1,646,496,60.943,46.792,470,44.340
184,184,6.133,663.720,500.528,62.615,47.220,318,1,646,496,60.943,46.792,470,44.340
185,185,6.167,663.684,500.558,62.612,47.222,316,1,646,496,60.943,46.792,470,44.340
186,186,6.200,663.616,500.616,62.605,47.228,314,1,646,496,60.943,46.792,470,44.340
187,187,6.233,663.771,500.734,62.620,47.239,313,1,646,496,60.943,46.792,470,44.340
188,188,6.267,663.693,500.726,62.613,47.238,315,1,646,496,60.943,46.792,470,44.340
189,189,6.300,663.698,500.853,62.613,47.250,312,1,646,496,60.943,46.792,470,44.340
190,190,6.333,663.622,500.903,62.606,47.255,307,1,646,496,60.943,46.792,470,44.340
191,191,6.367,663.646,501.007,62.608,47.265,312,1,646,496,60.943,46.792,470,44.340
192,192,6.400,663.555,501.060,62.600,47.270,310,1,646,496,60.943,46.792,470,44.340
193,193,6.433,663.588,501.062,62.603,47.270,308,1,646,496,60.943,46.792,470,44.340
194,194,6.467,663.589,501.178,62.603,47.281,314,1,646,496,60.943,46.792,470,44.340
195,195,6.500,663.485,501.133,62.593,47.277,313,1,646,496,60.943,46.792,470,44.340
196,196,6.533,663.628,501.216,62.606,47.284,306,1,646,496,60.943,46.792,470,44.340
197,197,6.567,663.298,501.077,62.575,47.271,312,1,646,496,60.943,46.792,470,44.340
198,198,6.600,663.485,501.314,62.593,47.294,307,1,646,496,60.943,46.792,470,44.340
199,199,6.633,663.271,501.238,62.573,47.287,303,1,646,496,60.943,46.792,470,44.340
200,200,6.667,663.353,501.495,62.580,47.311,311,1,646,496,60.943,46.792,470,44.340
201,201,6.700,663.136,501.359,62.560,47.298,302,1,646,496,60.943,46.792,470,44.340
202,202,6.733,663.036,501.340,62.551,47.296,304,1,646,496,60.943,46.792,470,44.340
203,203,6.767,662.970,501.434,62.544,47.305,318,1,646,496,60.943,46.792,470,44.340
204,204,6.800,662.932,501.461,62.541,47.308,308,1,646,496,60.943,46.792,470,44.340
205,205,6.833,662.883,501.455,62.536,47.307,306,1,646,496,60.943,46.792,470,44.340
206,206,6.867,663.106,501.601,62.557,47.321,301,1,646,496,60.943,46.792,470,44.340
207,207,6.900,663.156,501.652,62.562,47.326,301,1,646,496,60.943,46.792,470,44.340
208,208,6.933,663.188,501.726,62.565,47.333,301,1,646,496,60.943,46.792,470,44.340
209,209,6.967,663.101,501.729,62.557,47.333,310,1,646,496,60.943,46.792,470,44.340
210,210,7.000,663.279,501.760,62.573,47.336,301,1,646,496,60.943,46.792,470,44.340
211,211,7.033,663.202,501.732,62.566,47.333,301,1,646,496,60.943,46.792,470,44.340
212,212,7.067,663.163,501.745,62.563,47.334,309,1,646,496,60.943,46.792,470,44.340
213,213,7.100,663.089,501.755,62.556,47.335,311,1,646,496,60.943,46.792,470,44.340
214,214,7.133,663.208,501.816,62.567,47.341,304,1,646,496,60.943,46.792,470,44.340
215,215,7.167,663.017,501.686,62.549,47.329,308,1,646,496,60.943,46.792,470,44.340
216,216,7.200,662.969,501.739,62.544,47.334,307,1,646,496,60.943,46.792,470,44.340
217,217,7.233,663.149,501.912,62.561,47.350,303,1,646,496,60.943,46.792,470,44.340
218,218,7.267,663.066,501.976,62.553,47.356,310,1,646,496,60.943,46.792,470,44.340
219,219,7.300,663.037,501.859,62.551,47.345,302,1,646,496,60.943,46.792,470,44.340
220,220,7.333,663.010,501.868,62.548,47.346,293,1,646,496,60.943,46.792,470,44.340
221,221,7.367,662.889,501.817,62.537,47.341,309,1,646,496,60.943,46.792,470,44.340
222,222,7.400,662.945,501.882,62.542,47.347,307,1,646,496,60.943,46.792,470,44.340
223,223,7.433,662.958,501.936,62.543,47.352,303,1,646,496,60.943,46.792,470,44.340
224,224,7.467,663.025,502.010,62.550,47.359,304,1,646,496,60.943,46.792,470,44.340
225,225,7.500,663.122,502.099,62.559,47.368,305,1,646,496,60.943,46.792,470,44.340
226,226,7.533,663.300,502.256,62.575,47.383,299,1,646,496,60.943,46.792,470,44.340
227,227,7.567,663.018,502.043,62.549,47.363,307,1,646,496,60.943,46.792,470,44.340
228,228,7.600,663.027,502.021,62.550,47.360,308,1,646,496,60.943,46.792,470,44.340
229,229,7.633,663.227,502.202,62.569,47.378,302,1,646,496,60.943,46.792,470,44.340
230,230,7.667,663.131,502.142,62.559,47.372,307,1,646,496,60.943,46.792,470,44.340
231,231,7.700,663.101,502.122,62.557,47.370,303,1,646,496,60.943,46.792,470,44.340
232,232,7.733,663.097,502.123,62.556,47.370,302,1,646,496,60.943,46.792,470,44.340
233,233,7.767,663.121,502.289,62.559,47.386,309,1,646,496,60.943,46.792,470,44.340
234,234,7.800,663.094,502.342,62.556,47.391,305,1,646,496,60.943,46.792,470,44.340
235,235,7.833,663.241,502.434,62.570,47.399,298,1,646,496,60.943,46.792,470,44.340
236,236,7.867,663.082,502.433,62.555,47.399,306,1,646,496,60.943,46.792,470,44.340
237,237,7.900,663.181,502.415,62.564,47.398,307,1,646,496,60.943,46.792,470,44.340
238,238,7.933,663.100,502.250,62.557,47.382,304,1,646,496,60.943,46.792,470,44.340
239,239,7.967,663.126,502.482,62.559,47.404,312,1,646,496,60.943,46.792,470,44.340
240,240,8.000,663.035,502.398,62.550,47.396,315,1,646,496,60.943,46.792,470,44.340
241,241,8.033,663.325,502.776,62.578,47.432,298,1,646,496,60.943,46.792,470,44.340
242,242,8.067,663.101,502.723,62.557,47.427,303,1,646,496,60.943,46.792,470,44.340
243,243,8.100,663.156,502.795,62.562,47.434,303,1,646,496,60.943,46.792,470,44.340
244,244,8.133,663.190,502.817,62.565,47.436,302,1,646,496,60.943,46.792,470,44.340
245,245,8.167,663.170,502.860,62.563,47.440,302,1,646,496,60.943,46.792,470,44.340
246,246,8.200,663.231,502.857,62.569,47.439,302,1,646,496,60.943,46.792,470,44.340
247,247,8.233,663.236,502.858,62.569,47.439,302,1,646,496,60.943,46.792,470,44.340
248,248,8.267,663.339,502.999,62.579,47.453,306,1,646,496,60.943,46.792,470,44.340
249,249,8.300,663.371,503.017,62.582,47.454,312,1,646,496,60.943,46.792,470,44.340
250,250,8.333,663.490,503.004,62.593,47.453,311,1,646,496,60.943,46.792,470,44.340
251,251,8.367,663.634,503.229,62.607,47.474,314,1,646,496,60.943,46.792,470,44.340
252,252,8.400,663.685,503.371,62.612,47.488,327,1,646,496,60.943,46.792,470,44.340
253,253,8.433,663.566,503.167,62.601,47.469,322,1,646,496,60.943,46.792,470,44.340
254,254,8.467,663.623,503.323,62.606,47.483,328,1,646,496,60.943,46.792,470,44.340
255,255,8.500,663.603,503.333,62.604,47.484,334,1,646,496,60.943,46.792,470,44.340
256,256,8.533,663.680,503.414,62.611,47.492,330,1,646,496,60.943,46.792,470,44.340
257,257,8.567,663.785,503.474,62.621,47.498,334,1,646,496,60.943,46.792,470,44.340
258,258,8.600,663.754,503.247,62.618,47.476,331,1,646,496,60.943,46.792,470,44.340
259,259,8.633,663.920,503.248,62.634,47.476,326,1,646,496,60.943,46.792,470,44.340
260,260,8.667,664.061,503.256,62.647,47.477,331,1,646,496,60.943,46.792,470,44.340
261,261,8.700,664.222,503.232,62.662,47.475,330,1,646,496,60.943,46.792,470,44.340
262,262,8.733,664.491,503.226,62.688,47.474,326,1,646,496,60.943,46.792,470,44.340
263,263,8.767,664.233,502.858,62.664,47.439,333,1,646,496,60.943,46.792,470,44.340
264,264,8.800,664.117,502.632,62.653,47.418,336,1,646,496,60.943,46.792,470,44.340
265,265,8.833,664.177,502.541,62.658,47.410,328,1,646,496,60.943,46.792,470,44.340
266,266,8.867,664.140,502.505,62.655,47.406,332,1,646,496,60.943,46.792,470,44.340
267,267,8.900,664.135,502.417,62.654,47.398,330,1,646,496,60.943,46.792,470,44.340
268,268,8.933,664.219,502.433,62.662,47.399,325,1,646,496,60.943,46.792,470,44.340
269,269,8.967,664.207,502.356,62.661,47.392,327,1,646,496,60.943,46.792,470,44.340
270,270,9.000,664.216,502.349,62.662,47.391,331,1,646,496,60.943,46.792,470,44.340
271,271,9.033,664.345,502.373,62.674,47.394,321,1,646,496,60.943,46.792,470,44.340
272,272,9.067,664.581,502.496,62.696,47.405,324,1,646,496,60.943,46.792,470,44.340
273,273,9.100,664.628,502.594,62.701,47.415,334,1,646,496,60.943,46.792,470,44.340
274,274,9.133,664.849,502.676,62.722,47.422,324,1,646,496,60.943,46.792,470,44.340
275,275,9.167,664.777,502.762,62.715,47.430,328,1,646,496,60.943,46.792,470,44.340
276,276,9.200,664.910,502.902,62.727,47.444,329,1,646,496,60.943,46.792,470,44.340
277,277,9.233,665.259,503.116,62.760,47.464,318,1,646,496,60.943,46.792,470,44.340
278,278,9.267,665.428,503.356,62.776,47.486,316,1,646,496,60.943,46.792,470,44.340
279,279,9.300,665.720,503.744,62.804,47.523,322,1,646,496,60.943,46.792,470,44.340
280,280,9.333,665.947,503.853,62.825,47.533,307,1,646,496,60.943,46.792,470,44.340
281,281,9.367,666.216,504.088,62.851,47.556,317,1,646,496,60.943,46.792,470,44.340
282,282,9.400,666.254,504.145,62.854,47.561,318,1,646,496,60.943,46.792,470,44.340
283,283,9.433,666.556,504.420,62.883,47.587,310,1,646,496,60.943,46.792,470,44.340
284,284,9.467,666.480,504.282,62.876,47.574,317,1,646,496,60.943,46.792,470,44.340
285,285,9.500,666.970,504.591,62.922,47.603,321,1,646,496,60.943,46.792,470,44.340
286,286,9.533,667.434,504.841,62.966,47.627,316,1,646,496,60.943,46.792,470,44.340
287,287,9.567,668.049,505.127,63.024,47.654,320,1,646,496,60.943,46.792,470,44.340
288,288,9.600,668.373,505.290,63.054,47.669,322,1,646,496,60.943,46.792,470,44.340
289,289,9.633,668.638,505.402,63.079,47.679,312,1,646,496,60.943,46.792,470,44.340
290,290,9.667,668.697,505.345,63.085,47.674,313,1,646,496,60.943,46.792,470,44.340
291,291,9.700,668.822,505.325,63.096,47.672,319,1,646,496,60.943,46.792,470,44.340
292,292,9.733,668.865,505.217,63.100,47.662,313,1,646,496,60.943,46.792,470,44.340
293,293,9.767,668.899,505.176,63.104,47.658,313,1,646,496,60.943,46.792,470,44.340
294,294,9.800,669.336,505.375,63.145,47.677,327,1,646,496,60.943,46.792,470,44.340
295,295,9.833,669.398,505.363,63.151,47.676,320,1,646,496,60.943,46.792,470,44.340
296,296,9.867,669.336,505.311,63.145,47.671,321,1,646,496,60.943,46.792,470,44.340
297,297,9.900,669.408,505.308,63.152,47.671,328,1,646,496,60.943,46.792,470,44.340
298,298,9.933,669.485,505.085,63.159,47.649,323,1,646,496,60.943,46.792,470,44.340
299,299,9.967,669.486,505.085,63.159,47.650,320,1,646,496,60.943,46.792,470,44.340
300,300,10.000,669.517,504.939,63.162,47.636,326,1,646,496,60.943,46.792,470,44.340
301,301,10.033,669.719,504.833,63.181,47.626,321,1,646,496,60.943,46.792,470,44.340
302,302,10.067,669.872,504.792,63.195,47.622,329,1,646,496,60.943,46.792,470,44.340
303,303,10.100,669.874,504.576,63.196,47.602,336,1,646,496,60.943,46.792,470,44.340
304,304,10.133,670.005,504.601,63.208,47.604,329,1,646,496,60.943,46.792,470,44.340
305,305,10.167,670.071,504.626,63.214,47.606,329,1,646,496,60.943,46.792,470,44.340
306,306,10.200,670.091,504.476,63.216,47.592,335,1,646,496,60.943,46.792,470,44.340
307,307,10.233,670.216,504.499,63.228,47.594,331,1,646,496,60.943,46.792,470,44.340
308,308,10.267,670.331,504.555,63.239,47.599,330,1,646,496,60.943,46.792,470,44.340
309,309,10.300,670.395,504.437,63.245,47.588,338,1,646,496,60.943,46.792,470,44.340
310,310,10.333,670.419,504.355,63.247,47.581,331,1,646,496,60.943,46.792,470,44.340
311,311,10.367,670.654,504.469,63.269,47.591,334,1,646,496,60.943,46.792,470,44.340
312,312,10.400,670.555,504.284,63.260,47.574,335,1,646,496,60.943,46.792,470,44.340
313,313,10.433,670.720,504.294,63.275,47.575,332,1,646,496,60.943,46.792,470,44.340
314,314,10.467,670.881,504.267,63.291,47.572,332,1,646,496,60.943,46.792,470,44.340
315,315,10.500,670.862,504.233,63.289,47.569,339,1,646,496,60.943,46.792,470,44.340
316,316,10.533,670.919,504.110,63.294,47.558,331,1,646,496,60.943,46.792,470,44.340
317,317,10.567,670.902,504.157,63.293,47.562,332,1,646,496,60.943,46.792,470,44.340
318,318,10.600,671.021,504.029,63.304,47.550,331,1,646,496,60.943,46.792,470,44.340
319,319,10.633,671.071,504.126,63.309,47.559,332,1,646,496,60.943,46.792,470,44.340
320,320,10.667,671.086,503.864,63.310,47.534,335,1,646,496,60.943,46.792,470,44.340
321,321,10.700,670.999,503.637,63.302,47.513,343,1,646,496,60.943,46.792,470,44.340
322,322,10.733,670.947,503.455,63.297,47.496,329,1,646,496,60.943,46.792,470,44.340
323,323,10.767,670.918,503.326,63.294,47.484,336,1,646,496,60.943,46.792,470,44.340
324,324,10.800,671.158,503.078,63.317,47.460,345,1,646,496,60.943,46.792,470,44.340
325,325,10.833,671.026,502.873,63.304,47.441,338,1,646,496,60.943,46.792,470,44.340
326,326,10.867,671.189,502.934,63.320,47.447,343,1,646,496,60.943,46.792,470,44.340
327,327,10.900,671.399,502.557,63.340,47.411,348,1,646,496,60.943,46.792,470,44.340
328,328,10.933,671.357,502.390,63.336,47.395,342,1,646,496,60.943,46.792,470,44.340
329,329,10.967,671.432,502.317,63.343,47.388,347,1,646,496,60.943,46.792,470,44.340
330,330,11.000,671.529,502.366,63.352,47.393,353,1,646,496,60.943,46.792,470,44.340
331,331,11.033,671.635,502.157,63.362,47.373,346,1,646,496,60.943,46.792,470,44.340
332,332,11.067,671.646,501.829,63.363,47.342,349,1,646,496,60.943,46.792,470,44.340
333,333,11.100,671.627,501.551,63.361,47.316,350,1,646,496,60.943,46.792,470,44.340
334,334,11.133,671.552,501.456,63.354,47.307,344,1,646,496,60.943,46.792,470,44.340
335,335,11.167,671.613,501.210,63.360,47.284,341,1,646,496,60.943,46.792,470,44.340
336,336,11.200,671.591,500.863,63.358,47.251,355,1,646,496,60.943,46.792,470,44.340
337,337,11.233,671.622,500.767,63.361,47.242,347,1,646,496,60.943,46.792,470,44.340
338,338,11.267,671.694,500.792,63.367,47.245,351,1,646,496,60.943,46.792,470,44.340
339,339,11.300,671.640,500.631,63.362,47.229,363,1,646,496,60.943,46.792,470,44.340
340,340,11.333,671.738,500.430,63.372,47.210,350,1,646,496,60.943,46.792,470,44.340
341,341,11.367,671.658,500.351,63.364,47.203,347,1,646,496,60.943,46.792,470,44.340
342,342,11.400,671.711,499.919,63.369,47.162,354,1,646,496,60.943,46.792,470,44.340
343,343,11.433,671.778,499.796,63.375,47.151,347,1,646,496,60.943,46.792,470,44.340
344,344,11.467,671.782,499.506,63.376,47.123,333,1,646,496,60.943,46.792,470,44.340
345,345,11.500,671.694,499.442,63.367,47.117,340,1,646,496,60.943,46.792,470,44.340
346,346,11.533,671.816,499.299,63.379,47.104,332,1,646,496,60.943,46.792,470,44.340
347,347,11.567,671.855,499.473,63.383,47.120,325,1,646,496,60.943,46.792,470,44.340
348,348,11.600,671.735,499.294,63.371,47.103,337,1,646,496,60.943,46.792,470,44.340
349,349,11.633,671.824,499.396,63.380,47.113,334,1,646,496,60.943,46.792,470,44.340
350,350,11.667,671.822,499.633,63.379,47.135,331,1,646,496,60.943,46.792,470,44.340
351,351,11.700,671.766,499.624,63.374,47.134,340,1,646,496,60.943,46.792,470,44.340
352,352,11.733,671.874,499.469,63.384,47.120,335,1,646,496,60.943,46.792,470,44.340
353,353,11.767,671.933,499.617,63.390,47.134,326,1,646,496,60.943,46.792,470,44.340
354,354,11.800,672.056,499.402,63.402,47.113,335,1,646,496,60.943,46.792,470,44.340
355,355,11.833,672.119,499.548,63.407,47.127,332,1,646,496,60.943,46.792,470,44.340
356,356,11.867,672.166,499.903,63.412,47.161,328,1,646,496,60.943,46.792,470,44.340
357,357,11.900,672.279,499.893,63.423,47.160,336,1,646,496,60.943,46.792,470,44.340
358,358,11.933,672.305,500.125,63.425,47.182,328,1,646,496,60.943,46.792,470,44.340
359,359,11.967,672.317,500.294,63.426,47.198,326,1,646,496,60.943,46.792,470,44.340
360,360,12.000,672.394,499.957,63.433,47.166,348,1,646,496,60.943,46.792,470,44.340
361,361,12.033,672.497,499.660,63.443,47.138,329,1,646,496,60.943,46.792,470,44.340
362,362,12.067,672.652,499.724,63.458,47.144,337,1,646,496,60.943,46.792,470,44.340
363,363,12.100,672.661,499.395,63.459,47.113,349,1,646,496,60.943,46.792,470,44.340
364,364,12.133,672.788,499.134,63.471,47.088,351,1,646,496,60.943,46.792,470,44.340
365,365,12.167,672.735,498.768,63.466,47.054,350,1,646,496,60.943,46.792,470,44.340
366,366,12.200,672.832,498.504,63.475,47.029,358,1,646,496,60.943,46.792,470,44.340
367,367,12.233,672.841,498.349,63.476,47.014,359,1,646,496,60.943,46.792,470,44.340
368,368,12.267,673.031,498.083,63.494,46.989,357,1,646,496,60.943,46.792,470,44.340
369,369,12.300,673.019,497.661,63.492,46.949,374,1,646,496,60.943,46.792,470,44.340
370,370,12.333,672.987,497.621,63.489,46.945,371,1,646,496,60.943,46.792,470,44.340
371,371,12.367,673.056,497.556,63.496,46.939,369,1,646,496,60.943,46.792,470,44.340
372,372,12.400,673.007,497.318,63.491,46.917,384,1,646,496,60.943,46.792,470,44.340
373,373,12.433,672.979,497.272,63.489,46.912,382,1,646,496,60.943,46.792,470,44.340
374,374,12.467,672.977,497.317,63.488,46.917,373,1,646,496,60.943,46.792,470,44.340
375,375,12.500,673.010,496.995,63.491,46.886,383,1,646,496,60.943,46.792,470,44.340
376,376,12.533,673.057,496.848,63.496,46.872,385,1,646,496,60.943,46.792,470,44.340
377,377,12.567,673.105,496.734,63.500,46.862,382,1,646,496,60.943,46.792,470,44.340
378,378,12.600,673.124,496.478,63.502,46.838,392,1,646,496,60.943,46.792,470,44.340
379,379,12.633,673.159,496.424,63.506,46.832,389,1,646,496,60.943,46.792,470,44.340
380,380,12.667,673.201,496.329,63.510,46.823,387,1,646,496,60.943,46.792,470,44.340
381,381,12.700,673.161,496.025,63.506,46.795,388,1,646,496,60.943,46.792,470,44.340
382,382,12.733,673.259,495.783,63.515,46.772,379,1,646,496,60.943,46.792,470,44.340
383,383,12.767,673.224,495.891,63.512,46.782,378,1,646,496,60.943,46.792,470,44.340
384,384,12.800,673.179,495.792,63.507,46.773,390,1,646,496,60.943,46.792,470,44.340
385,385,12.833,673.177,495.806,63.507,46.774,390,1,646,496,60.943,46.792,470,44.340
386,386,12.867,673.218,495.832,63.511,46.777,385,1,646,496,60.943,46.792,470,44.340
387,387,12.900,673.070,495.913,63.497,46.784,394,1,646,496,60.943,46.792,470,44.340
388,388,12.933,673.042,496.095,63.494,46.801,390,1,646,496,60.943,46.792,470,44.340
389,389,12.967,673.003,496.270,63.491,46.818,383,1,646,496,60.943,46.792,470,44.340
390,390,13.000,673.016,495.896,63.492,46.783,395,1,646,496,60.943,46.792,470,44.340
391,391,13.033,672.989,496.013,63.490,46.794,392,1,646,496,60.943,46.792,470,44.340
392,392,13.067,672.970,496.734,63.488,46.862,374,1,646,496,60.943,46.792,470,44.340
393,393,13.100,672.869,497.208,63.478,46.906,365,1,646,496,60.943,46.792,470,44.340
394,394,13.133,672.820,498.078,63.474,46.988,342,1,646,496,60.943,46.792,470,44.340
395,395,13.167,672.735,498.823,63.466,47.059,324,1,646,496,60.943,46.792,470,44.340
396,396,13.200,672.767,499.054,63.469,47.081,333,1,646,496,60.943,46.792,470,44.340
397,397,13.233,672.962,499.069,63.487,47.082,335,1,646,496,60.943,46.792,470,44.340
398,398,13.267,673.126,499.504,63.502,47.123,328,1,646,496,60.943,46.792,470,44.340
399,399,13.300,673.675,499.606,63.554,47.133,348,1,646,496,60.943,46.792,470,44.340
400,400,13.333,673.588,500.297,63.546,47.198,335,1,646,496,60.943,46.792,470,44.340
401,401,13.367,673.923,500.606,63.578,47.227,339,1,646,496,60.943,46.792,470,44.340
402,402,13.400,674.124,501.026,63.597,47.267,347,1,646,496,60.943,46.792,470,44.340
403,403,13.433,674.027,501.271,63.587,47.290,343,1,646,496,60.943,46.792,470,44.340
404,404,13.467,674.030,501.327,63.588,47.295,337,1,646,496,60.943,46.792,470,44.340
405,405,13.500,673.936,501.432,63.579,47.305,348,1,646,496,60.943,46.792,470,44.340
406,406,13.533,674.003,501.498,63.585,47.311,336,1,646,496,60.943,46.792,470,44.340
407,407,13.567,674.041,501.529,63.589,47.314,330,1,646,496,60.943,46.792,470,44.340
408,408,13.600,674.120,501.650,63.596,47.325,342,1,646,496,60.943,46.792,470,44.340
409,409,13.633,674.158,501.717,63.600,47.332,343,1,646,496,60.943,46.792,470,44.340
410,410,13.667,674.135,502.049,63.598,47.363,329,1,646,496,60.943,46.792,470,44.340
411,411,13.700,674.357,502.297,63.619,47.386,340,1,646,496,60.943,46.792,470,44.340
412,412,13.733,674.261,502.437,63.610,47.400,338,1,646,496,60.943,46.792,470,44.340
413,413,13.767,674.495,502.630,63.632,47.418,330,1,646,496,60.943,46.792,470,44.340
414,414,13.800,674.426,502.853,63.625,47.439,343,1,646,496,60.943,46.792,470,44.340
415,415,13.833,674.621,502.900,63.643,47.443,336,1,646,496,60.943,46.792,470,44.340
416,416,13.867,674.758,502.994,63.656,47.452,328,1,646,496,60.943,46.792,470,44.340
417,417,13.900,674.871,503.238,63.667,47.475,331,1,646,496,60.943,46.792,470,44.340
418,418,13.933,675.130,503.193,63.692,47.471,336,1,646,496,60.943,46.792,470,44.340
419,419,13.967,675.171,503.110,63.695,47.463,329,1,646,496,60.943,46.792,470,44.340
420,420,14.000,675.486,503.119,63.725,47.464,339,1,646,496,60.943,46.792,470,44.340
421,421,14.033,676.229,502.985,63.795,47.451,340,1,646,496,60.943,46.792,470,44.340
422,422,14.067,676.234,502.931,63.796,47.446,326,1,646,496,60.943,46.792,470,44.340
423,423,14.100,676.433,502.910,63.814,47.444,333,1,646,496,60.943,46.792,470,44.340
424,424,14.133,676.480,502.914,63.819,47.445,334,1,646,496,60.943,46.792,470,44.340
425,425,14.167,676.868,503.135,63.855,47.466,333,1,646,496,60.943,46.792,470,44.340
426,426,14.200,676.939,503.032,63.862,47.456,329,1,646,496,60.943,46.792,470,44.340
427,427,14.233,676.974,503.247,63.865,47.476,330,1,646,496,60.943,46.792,470,44.340
428,428,14.267,677.237,503.050,63.890,47.458,318,1,646,496,60.943,46.792,470,44.340
429,429,14.300,677.283,503.167,63.895,47.469,320,1,646,496,60.943,46.792,470,44.340
430,430,14.333,677.196,503.171,63.886,47.469,323,1,646,496,60.943,46.792,470,44.340
431,431,14.367,677.328,503.215,63.899,47.473,319,1,646,496,60.943,46.792,470,44.340
432,432,14.400,677.248,503.334,63.891,47.484,320,1,646,496,60.943,46.792,470,44.340
433,433,14.433,677.267,503.608,63.893,47.510,325,1,646,496,60.943,46.792,470,44.340
434,434,14.467,677.459,503.737,63.911,47.522,308,1,646,496,60.943,46.792,470,44.340
435,435,14.500,677.609,503.818,63.925,47.530,316,1,646,496,60.943,46.792,470,44.340
436,436,14.533,677.805,504.080,63.944,47.555,322,1,646,496,60.943,46.792,470,44.340
437,437,14.567,677.969,504.288,63.959,47.574,311,1,646,496,60.943,46.792,470,44.340
438,438,14.600,678.245,504.463,63.985,47.591,321,1,646,496,60.943,46.792,470,44.340
439,439,14.633,678.418,504.496,64.002,47.594,323,1,646,496,60.943,46.792,470,44.340
440,440,14.667,678.697,504.586,64.028,47.602,326,1,646,496,60.943,46.792,470,44.340
441,441,14.700,679.057,504.647,64.062,47.608,337,1,646,496,60.943,46.792,470,44.340
442,442,14.733,679.193,504.603,64.075,47.604,335,1,646,496,60.943,46.792,470,44.340
443,443,14.767,679.781,504.527,64.130,47.597,330,1,646,496,60.943,46.792,470,44.340
444,444,14.800,680.057,504.529,64.156,47.597,336,1,646,496,60.943,46.792,470,44.340
445,445,14.833,680.402,504.518,64.189,47.596,338,1,646,496,60.943,46.792,470,44.340
446,446,14.867,680.664,504.537,64.214,47.598,325,1,646,496,60.943,46.792,470,44.340
447,447,14.900,680.936,504.738,64.239,47.617,336,1,646,496,60.943,46.792,470,44.340
448,448,14.933,681.741,504.829,64.315,47.625,331,1,646,496,60.943,46.792,470,44.340
449,449,14.967,682.580,504.845,64.394,47.627,329,1,646,496,60.943,46.792,470,44.340
450,450,15.000,683.045,504.865,64.438,47.629,335,1,646,496,60.943,46.792,470,44.340
451,451,15.033,683.386,504.856,64.470,47.628,335,1,646,496,60.943,46.792,470,44.340
452,452,15.067,683.679,504.984,64.498,47.640,328,1,646,496,60.943,46.792,470,44.340
453,453,15.100,684.125,505.107,64.540,47.652,328,1,646,496,60.943,46.792,470,44.340
454,454,15.133,684.285,505.162,64.555,47.657,331,1,646,496,60.943,46.792,470,44.340
455,455,15.167,684.519,505.034,64.577,47.645,321,1,646,496,60.943,46.792,470,44.340
456,456,15.200,684.335,505.178,64.560,47.658,336,1,646,496,60.943,46.792,470,44.340
457,457,15.233,684.408,505.267,64.567,47.667,332,1,646,496,60.943,46.792,470,44.340
458,458,15.267,684.498,505.122,64.575,47.653,317,1,646,496,60.943,46.792,470,44.340
459,459,15.300,684.475,505.057,64.573,47.647,324,1,646,496,60.943,46.792,470,44.340
460,460,15.333,684.424,505.136,64.568,47.654,338,1,646,496,60.943,46.792,470,44.340
461,461,15.367,684.631,505.200,64.588,47.660,330,1,646,496,60.943,46.792,470,44.340
462,462,15.400,684.730,505.364,64.597,47.676,326,1,646,496,60.943,46.792,470,44.340
463,463,15.433,684.596,505.556,64.585,47.694,336,1,646,496,60.943,46.792,470,44.340
464,464,15.467,684.571,505.686,64.582,47.706,324,1,646,496,60.943,46.792,470,44.340
465,465,15.500,685.081,505.887,64.630,47.725,327,1,646,496,60.943,46.792,470,44.340
466,466,15.533,685.508,506.001,64.671,47.736,336,1,646,496,60.943,46.792,470,44.340
467,467,15.567,685.901,506.135,64.708,47.749,333,1,646,496,60.943,46.792,470,44.340
468,468,15.600,686.605,506.253,64.774,47.760,340,1,646,496,60.943,46.792,470,44.340
469,469,15.633,686.979,506.270,64.809,47.761,341,1,646,496,60.943,46.792,470,44.340
470,470,15.667,687.639,506.339,64.872,47.768,334,1,646,496,60.943,46.792,470,44.340
471,471,15.700,688.332,506.368,64.937,47.771,341,1,646,496,60.943,46.792,470,44.340
472,472,15.733,688.965,506.311,64.997,47.765,349,1,646,496,60.943,46.792,470,44.340
473,473,15.767,689.463,506.256,65.044,47.760,340,1,646,496,60.943,46.792,470,44.340
474,474,15.800,690.332,506.167,65.126,47.752,345,1,646,496,60.943,46.792,470,44.340
475,475,15.833,691.075,506.044,65.196,47.740,335,1,646,496,60.943,46.792,470,44.340
476,476,15.867,691.539,505.984,65.240,47.734,330,1,646,496,60.943,46.792,470,44.340
477,477,15.900,691.833,505.922,65.267,47.729,328,1,646,496,60.943,46.792,470,44.340
478,478,15.933,692.384,505.872,65.319,47.724,332,1,646,496,60.943,46.792,470,44.340
479,479,15.967,692.542,505.778,65.334,47.715,321,1,646,496,60.943,46.792,470,44.340
480,480,16.000,692.656,505.733,65.345,47.711,323,1,646,496,60.943,46.792,470,44.340
481,481,16.033,693.327,505.428,65.408,47.682,332,1,646,496,60.943,46.792,470,44.340
482,482,16.067,693.137,505.333,65.390,47.673,317,1,646,496,60.943,46.792,470,44.340
483,483,16.100,693.189,505.307,65.395,47.670,321,1,646,496,60.943,46.792,470,44.340
484,484,16.133,692.931,505.274,65.371,47.667,326,1,646,496,60.943,46.792,470,44.340
485,485,16.167,692.681,505.338,65.347,47.673,320,1,646,496,60.943,46.792,470,44.340
486,486,16.200,692.759,505.363,65.355,47.676,323,1,646,496,60.943,46.792,470,44.340
487,487,16.233,692.778,505.432,65.356,47.682,325,1,646,496,60.943,46.792,470,44.340
488,488,16.267,692.882,505.426,65.366,47.682,322,1,646,496,60.943,46.792,470,44.340
489,489,16.300,693.292,505.469,65.405,47.686,317,1,646,496,60.943,46.792,470,44.340
490,490,16.333,693.735,505.631,65.447,47.701,340,1,646,496,60.943,46.792,470,44.340
491,491,16.367,694.109,505.529,65.482,47.691,329,1,646,496,60.943,46.792,470,44.340
492,492,16.400,694.238,505.512,65.494,47.690,332,1,646,496,60.943,46.792,470,44.340
493,493,16.433,695.002,505.560,65.566,47.694,345,1,646,496,60.943,46.792,470,44.340
494,494,16.467,695.608,505.596,65.623,47.698,338,1,646,496,60.943,46.792,470,44.340
495,495,16.500,696.468,505.597,65.705,47.698,342,1,646,496,60.943,46.792,470,44.340
496,496,16.533,697.710,505.623,65.822,47.700,359,1,646,496,60.943,46.792,470,44.340
497,497,16.567,698.501,505.518,65.896,47.690,344,1,646,496,60.943,46.792,470,44.340
498,498,16.600,699.621,505.420,66.002,47.681,347,1,646,496,60.943,46.792,470,44.340
499,499,16.633,700.363,505.464,66.072,47.685,349,1,646,496,60.943,46.792,470,44.340
500,500,16.667,701.063,505.459,66.138,47.685,332,1,646,496,60.943,46.792,470,44.340
501,501,16.700,701.264,505.465,66.157,47.685,334,1,646,496,60.943,46.792,470,44.340
502,502,16.733,701.907,505.514,66.218,47.690,331,1,646,496,60.943,46.792,470,44.340
503,503,16.767,702.159,505.544,66.241,47.693,321,1,646,496,60.943,46.792,470,44.340
504,504,16.800,702.242,505.622,66.249,47.700,324,1,646,496,60.943,46.792,470,44.340
505,505,16.833,702.512,505.681,66.275,47.706,328,1,646,496,60.943,46.792,470,44.340
506,506,16.867,702.691,505.791,66.292,47.716,316,1,646,496,60.943,46.792,470,44.340
507,507,16.900,702.686,505.784,66.291,47.715,320,1,646,496,60.943,46.792,470,44.340
508,508,16.933,702.866,505.766,66.308,47.714,319,1,646,496,60.943,46.792,470,44.340
509,509,16.967,702.636,505.769,66.286,47.714,315,1,646,496,60.943,46.792,470,44.340
510,510,17.000,702.659,505.777,66.289,47.715,315,1,646,496,60.943,46.792,470,44.340
511,511,17.033,702.516,505.737,66.275,47.711,326,1,646,496,60.943,46.792,470,44.340
512,512,17.067,702.569,505.729,66.280,47.710,316,1,646,496,60.943,46.792,470,44.340
513,513,17.100,702.793,505.796,66.301,47.717,325,1,646,496,60.943,46.792,470,44.340
514,514,17.133,703.156,505.850,66.335,47.722,332,1,646,496,60.943,46.792,470,44.340
515,515,17.167,703.609,505.922,66.378,47.728,334,1,646,496,60.943,46.792,470,44.340
516,516,17.200,704.033,505.929,66.418,47.729,338,1,646,496,60.943,46.792,470,44.340
517,517,17.233,704.524,505.958,66.464,47.732,349,1,646,496,60.943,46.792,470,44.340
518,518,17.267,705.158,505.950,66.524,47.731,341,1,646,496,60.943,46.792,470,44.340
519,519,17.300,705.897,506.028,66.594,47.739,343,1,646,496,60.943,46.792,470,44.340
520,520,17.333,706.828,506.091,66.682,47.744,350,1,646,496,60.943,46.792,470,44.340
521,521,17.367,707.634,506.178,66.758,47.753,340,1,646,496,60.943,46.792,470,44.340
522,522,17.400,709.084,506.329,66.895,47.767,355,1,646,496,60.943,46.792,470,44.340
523,523,17.433,709.902,506.472,66.972,47.780,363,1,646,496,60.943,46.792,470,44.340
524,524,17.467,710.737,506.523,67.051,47.785,342,1,646,496,60.943,46.792,470,44.340
525,525,17.500,711.436,506.627,67.117,47.795,343,1,646,496,60.943,46.792,470,44.340
526,526,17.533,712.087,506.702,67.178,47.802,347,1,646,496,60.943,46.792,470,44.340
527,527,17.567,712.471,506.827,67.214,47.814,335,1,646,496,60.943,46.792,470,44.340
528,528,17.600,712.650,506.836,67.231,47.815,338,1,646,496,60.943,46.792,470,44.340
529,529,17.633,713.080,506.890,67.272,47.820,341,1,646,496,60.943,46.792,470,44.340
530,530,17.667,713.037,506.904,67.268,47.821,330,1,646,496,60.943,46.792,470,44.340
531,531,17.700,713.399,506.902,67.302,47.821,323,1,646,496,60.943,46.792,470,44.340
532,532,17.733,713.364,506.772,67.298,47.809,328,1,646,496,60.943,46.792,470,44.340
533,533,17.767,713.494,506.735,67.311,47.805,323,1,646,496,60.943,46.792,470,44.340
534,534,17.800,713.550,506.756,67.316,47.807,325,1,646,496,60.943,46.792,470,44.340
535,535,17.833,713.504,506.701,67.312,47.802,334,1,646,496,60.943,46.792,470,44.340
536,536,17.867,713.641,506.738,67.325,47.805,335,1,646,496,60.943,46.792,470,44.340
537,537,17.900,713.958,506.809,67.355,47.812,328,1,646,496,60.943,46.792,470,44.340
538,538,17.933,714.121,506.970,67.370,47.827,340,1,646,496,60.943,46.792,470,44.340
539,539,17.967,714.518,507.082,67.407,47.838,330,1,646,496,60.943,46.792,470,44.340
540,540,18.000,714.984,507.175,67.451,47.847,341,1,646,496,60.943,46.792,470,44.340
541,541,18.033,715.834,507.286,67.532,47.857,347,1,646,496,60.943,46.792,470,44.340
542,542,18.067,716.488,507.416,67.593,47.869,340,1,646,496,60.943,46.792,470,44.340
543,543,18.100,717.252,507.601,67.665,47.887,351,1,646,496,60.943,46.792,470,44.340
544,544,18.133,717.901,507.670,67.727,47.893,352,1,646,496,60.943,46.792,470,44.340
545,545,18.167,718.395,507.708,67.773,47.897,356,1,646,496,60.943,46.792,470,44.340
546,546,18.200,719.300,507.890,67.859,47.914,342,1,646,496,60.943,46.792,470,44.340
547,547,18.233,720.148,508.070,67.938,47.931,350,1,646,496,60.943,46.792,470,44.340
548,548,18.267,721.097,508.296,68.028,47.952,344,1,646,496,60.943,46.792,470,44.340
549,549,18.300,721.809,508.440,68.095,47.966,348,1,646,496,60.943,46.792,470,44.340
550,550,18.333,722.747,508.604,68.184,47.981,339,1,646,496,60.943,46.792,470,44.340
551,551,18.367,723.351,508.759,68.241,47.996,328,1,646,496,60.943,46.792,470,44.340
552,552,18.400,723.739,508.886,68.277,48.008,329,1,646,496,60.943,46.792,470,44.340
553,553,18.433,723.979,508.951,68.300,48.014,334,1,646,496,60.943,46.792,470,44.340
554,554,18.467,724.427,509.140,68.342,48.032,338,1,646,496,60.943,46.792,470,44.340
555,555,18.500,724.499,509.145,68.349,48.033,338,1,646,496,60.943,46.792,470,44.340
556,556,18.533,724.534,509.162,68.352,48.034,340,1,646,496,60.943,46.792,470,44.340
557,557,18.567,724.569,509.067,68.356,48.025,331,1,646,496,60.943,46.792,470,44.340
558,558,18.600,724.347,508.963,68.335,48.015,338,1,646,496,60.943,46.792,470,44.340
559,559,18.633,724.480,509.003,68.347,48.019,346,1,646,496,60.943,46.792,470,44.340
560,560,18.667,724.444,508.890,68.344,48.008,331,1,646,496,60.943,46.792,470,44.340
561,561,18.700,724.676,509.128,68.366,48.031,336,1,646,496,60.943,46.792,470,44.340
562,562,18.733,724.861,509.267,68.383,48.044,348,1,646,496,60.943,46.792,470,44.340
563,563,18.767,725.266,509.364,68.421,48.053,340,1,646,496,60.943,46.792,470,44.340
564,564,18.800,725.620,509.591,68.455,48.075,348,1,646,496,60.943,46.792,470,44.340
565,565,18.833,726.172,509.856,68.507,48.100,358,1,646,496,60.943,46.792,470,44.340
566,566,18.867,726.603,509.927,68.547,48.106,347,1,646,496,60.943,46.792,470,44.340
567,567,18.900,727.043,510.217,68.589,48.134,357,1,646,496,60.943,46.792,470,44.340
568,568,18.933,727.873,510.506,68.667,48.161,363,1,646,496,60.943,46.792,470,44.340
569,569,18.967,728.766,510.758,68.752,48.185,362,1,646,496,60.943,46.792,470,44.340
570,570,19.000,730.038,511.244,68.872,48.231,370,1,646,496,60.943,46.792,470,44.340
571,571,19.033,731.213,511.534,68.982,48.258,371,1,646,496,60.943,46.792,470,44.340
572,572,19.067,731.983,511.833,69.055,48.286,350,1,646,496,60.943,46.792,470,44.340
573,573,19.100,732.691,512.174,69.122,48.318,354,1,646,496,60.943,46.792,470,44.340
574,574,19.133,733.131,512.349,69.163,48.335,352,1,646,496,60.943,46.792,470,44.340
575,575,19.167,733.913,512.592,69.237,48.358,344,1,646,496,60.943,46.792,470,44.340
576,576,19.200,734.340,512.734,69.277,48.371,340,1,646,496,60.943,46.792,470,44.340
577,577,19.233,734.627,512.814,69.304,48.379,344,1,646,496,60.943,46.792,470,44.340
578,578,19.267,734.946,512.940,69.335,48.391,327,1,646,496,60.943,46.792,470,44.340
579,579,19.300,735.107,512.928,69.350,48.389,325,1,646,496,60.943,46.792,470,44.340
580,580,19.333,735.451,513.073,69.382,48.403,330,1,646,496,60.943,46.792,470,44.340
581,581,19.367,735.633,513.132,69.399,48.409,322,1,646,496,60.943,46.792,470,44.340
582,582,19.400,735.633,513.132,69.399,48.409,322,1,646,496,60.943,46.792,470,44.340
583,583,19.433,735.644,513.091,69.400,48.405,332,1,646,496,60.943,46.792,470,44.340
584,584,19.467,735.499,513.053,69.387,48.401,326,1,646,496,60.943,46.792,470,44.340
585,585,19.500,735.624,513.040,69.399,48.400,326,1,646,496,60.943,46.792,470,44.340
586,586,19.533,736.021,513.231,69.436,48.418,334,1,646,496,60.943,46.792,470,44.340
587,587,19.567,736.146,513.301,69.448,48.425,334,1,646,496,60.943,46.792,470,44.340
588,588,19.600,736.566,513.459,69.487,48.440,338,1,646,496,60.943,46.792,470,44.340
589,589,19.633,737.045,513.581,69.533,48.451,347,1,646,496,60.943,46.792,470,44.340
590,590,19.667,737.753,513.804,69.599,48.472,342,1,646,496,60.943,46.792,470,44.340
591,591,19.700,738.196,513.939,69.641,48.485,341,1,646,496,60.943,46.792,470,44.340
592,592,19.733,738.884,514.126,69.706,48.502,352,1,646,496,60.943,46.792,470,44.340
593,593,19.767,739.864,514.430,69.799,48.531,352,1,646,496,60.943,46.792,470,44.340
594,594,19.800,740.852,514.693,69.892,48.556,352,1,646,496,60.943,46.792,470,44.340
595,595,19.833,741.453,514.942,69.948,48.579,354,1,646,496,60.943,46.792,470,44.340
596,596,19.867,742.543,515.215,70.051,48.605,357,1,646,496,60.943,46.792,470,44.340
597,597,19.900,743.329,515.421,70.125,48.625,346,1,646,496,60.943,46.792,470,44.340
598,598,19.933,743.811,515.532,70.171,48.635,346,1,646,496,60.943,46.792,470,44.340
599,599,19.967,744.797,515.760,70.264,48.657,325,1,646,496,60.943,46.792,470,44.340
600,600,20.000,745.197,515.995,70.302,48.679,327,1,646,496,60.943,46.792,470,44.340
601,601,20.033,745.805,516.403,70.359,48.717,345,1,646,496,60.943,46.792,470,44.340
602,602,20.067,745.794,516.311,70.358,48.709,334,1,646,496,60.943,46.792,470,44.340
603,603,20.100,745.946,516.447,70.372,48.721,328,1,646,496,60.943,46.792,470,44.340
604,604,20.133,745.794,516.584,70.358,48.734,338,1,646,496,60.943,46.792,470,44.340
605,605,20.167,745.567,516.586,70.337,48.735,336,1,646,496,60.943,46.792,470,44.340
606,606,20.200,745.476,516.555,70.328,48.732,337,1,646,496,60.943,46.792,470,44.340
607,607,20.233,745.294,516.465,70.311,48.723,340,1,646,496,60.943,46.792,470,44.340
608,608,20.267,745.097,516.354,70.292,48.713,332,1,646,496,60.943,46.792,470,44.340
609,609,20.300,745.220,516.390,70.304,48.716,330,1,646,496,60.943,46.792,470,44.340
610,610,20.333,745.379,516.371,70.319,48.714,333,1,646,496,60.943,46.792,470,44.340
611,611,20.367,745.326,516.290,70.314,48.707,333,1,646,496,60.943,46.792,470,44.340
612,612,20.400,745.458,516.274,70.326,48.705,337,1,646,496,60.943,46.792,470,44.340
613,613,20.433,745.793,516.326,70.358,48.710,343,1,646,496,60.943,46.792,470,44.340
614,614,20.467,745.632,516.211,70.343,48.699,328,1,646,496,60.943,46.792,470,44.340
615,615,20.500,746.168,516.344,70.393,48.712,334,1,646,496,60.943,46.792,470,44.340
616,616,20.533,746.583,516.411,70.432,48.718,348,1,646,496,60.943,46.792,470,44.340
617,617,20.567,746.901,516.439,70.462,48.721,347,1,646,496,60.943,46.792,470,44.340
618,618,20.600,747.352,516.404,70.505,48.717,360,1,646,496,60.943,46.792,470,44.340
619,619,20.633,747.935,516.414,70.560,48.718,366,1,646,496,60.943,46.792,470,44.340
620,620,20.667,748.058,516.466,70.571,48.723,364,1,646,496,60.943,46.792,470,44.340
621,621,20.700,748.151,516.504,70.580,48.727,364,1,646,496,60.943,46.792,470,44.340
622,622,20.733,748.337,516.539,70.598,48.730,371,1,646,496,60.943,46.792,470,44.340
623,623,20.767,748.281,516.463,70.593,48.723,371,1,646,496,60.943,46.792,470,44.340
624,624,20.800,748.408,516.419,70.604,48.719,374,1,646,496,60.943,46.792,470,44.340
625,625,20.833,748.744,516.367,70.636,48.714,381,1,646,496,60.943,46.792,470,44.340
626,626,20.867,748.916,516.321,70.652,48.710,382,1,646,496,60.943,46.792,470,44.340
627,627,20.900,748.959,516.325,70.657,48.710,382,1,646,496,60.943,46.792,470,44.340
628,628,20.933,749.277,516.384,70.686,48.715,391,1,646,496,60.943,46.792,470,44.340
629,629,20.967,749.219,516.247,70.681,48.703,380,1,646,496,60.943,46.792,470,44.340
630,630,21.000,749.346,516.284,70.693,48.706,379,1,646,496,60.943,46.792,470,44.340
631,631,21.033,749.471,516.320,70.705,48.709,385,1,646,496,60.943,46.792,470,44.340
632,632,21.067,749.833,516.335,70.739,48.711,392,1,646,496,60.943,46.792,470,44.340
633,633,21.100,749.889,516.374,70.744,48.715,389,1,646,496,60.943,46.792,470,44.340
634,634,21.133,750.215,516.485,70.775,48.725,402,1,646,496,60.943,46.792,470,44.340
635,635,21.167,750.286,516.441,70.782,48.721,399,1,646,496,60.943,46.792,470,44.340
636,636,21.200,750.235,516.380,70.777,48.715,395,1,646,496,60.943,46.792,470,44.340
637,637,21.233,750.138,516.376,70.768,48.715,397,1,646,496,60.943,46.792,470,44.340
638,638,21.267,750.139,516.354,70.768,48.713,396,1,646,496,60.943,46.792,470,44.340
639,639,21.300,750.308,516.358,70.784,48.713,391,1,646,496,60.943,46.792,470,44.340
640,640,21.333,750.548,516.253,70.806,48.703,394,1,646,496,60.943,46.792,470,44.340
641,641,21.367,750.531,516.236,70.805,48.701,393,1,646,496,60.943,46.792,470,44.340
642,642,21.400,750.568,516.304,70.808,48.708,389,1,646,496,60.943,46.792,470,44.340
643,643,21.433,750.753,516.346,70.826,48.712,395,1,646,496,60.943,46.792,470,44.340
644,644,21.467,750.742,516.338,70.825,48.711,395,1,646,496,60.943,46.792,470,44.340
645,645,21.500,751.019,516.403,70.851,48.717,390,1,646,496,60.943,46.792,470,44.340
646,646,21.533,751.524,516.413,70.899,48.718,403,1,646,496,60.943,46.792,470,44.340
647,647,21.567,751.856,516.450,70.930,48.722,397,1,646,496,60.943,46.792,470,44.340
648,648,21.600,752.604,516.505,71.000,48.727,376,1,646,496,60.943,46.792,470,44.340
649,649,21.633,752.721,516.528,71.011,48.729,373,1,646,496,60.943,46.792,470,44.340
650,650,21.667,753.181,516.532,71.055,48.729,358,1,646,496,60.943,46.792,470,44.340
651,651,21.700,753.885,516.631,71.121,48.739,345,1,646,496,60.943,46.792,470,44.340
652,652,21.733,754.206,516.605,71.152,48.736,353,1,646,496,60.943,46.792,470,44.340
653,653,21.767,753.999,516.667,71.132,48.742,344,1,646,496,60.943,46.792,470,44.340
654,654,21.800,754.016,516.731,71.134,48.748,341,1,646,496,60.943,46.792,470,44.340
655,655,21.833,753.878,516.857,71.121,48.760,351,1,646,496,60.943,46.792,470,44.340
656,656,21.867,753.521,516.956,71.087,48.769,343,1,646,496,60.943,46.792,470,44.340
657,657,21.900,753.640,517.028,71.098,48.776,344,1,646,496,60.943,46.792,470,44.340
658,658,21.933,753.524,517.131,71.087,48.786,347,1,646,496,60.943,46.792,470,44.340
659,659,21.967,753.551,517.126,71.090,48.785,347,1,646,496,60.943,46.792,470,44.340
660,660,22.000,753.651,517.062,71.099,48.779,341,1,646,496,60.943,46.792,470,44.340
661,661,22.033,753.996,516.970,71.132,48.771,355,1,646,496,60.943,46.792,470,44.340
662,662,22.067,754.261,516.963,71.157,48.770,358,1,646,496,60.943,46.792,470,44.340
663,663,22.100,754.265,516.911,71.157,48.765,356,1,646,496,60.943,46.792,470,44.340
664,664,22.133,754.397,516.894,71.170,48.764,361,1,646,496,60.943,46.792,470,44.340
665,665,22.167,754.392,516.849,71.169,48.759,366,1,646,496,60.943,46.792,470,44.340
666,666,22.200,754.618,516.783,71.190,48.753,359,1,646,496,60.943,46.792,470,44.340
667,667,22.233,755.036,516.780,71.230,48.753,375,1,646,496,60.943,46.792,470,44.340
668,668,22.267,755.317,516.776,71.256,48.752,382,1,646,496,60.943,46.792,470,44.340
669,669,22.300,755.538,516.791,71.277,48.754,374,1,646,496,60.943,46.792,470,44.340
670,670,22.333,756.179,516.677,71.338,48.743,385,1,646,496,60.943,46.792,470,44.340
671,671,22.367,756.257,516.663,71.345,48.742,389,1,646,496,60.943,46.792,470,44.340
672,672,22.400,756.521,516.655,71.370,48.741,383,1,646,496,60.943,46.792,470,44.340
673,673,22.433,756.997,516.558,71.415,48.732,398,1,646,496,60.943,46.792,470,44.340
674,674,22.467,757.042,516.533,71.419,48.730,396,1,646,496,60.943,46.792,470,44.340
675,675,22.500,757.137,516.568,71.428,48.733,389,1,646,496,60.943,46.792,470,44.340
676,676,22.533,757.047,516.560,71.420,48.732,398,1,646,496,60.943,46.792,470,44.340
677,677,22.567,757.359,516.524,71.449,48.729,403,1,646,496,60.943,46.792,470,44.340
678,678,22.600,757.314,516.523,71.445,48.729,397,1,646,496,60.943,46.792,470,44.340
679,679,22.633,757.519,516.492,71.464,48.726,404,1,646,496,60.943,46.792,470,44.340
680,680,22.667,757.589,516.463,71.471,48.723,402,1,646,496,60.943,46.792,470,44.340
681,681,22.700,757.437,516.467,71.456,48.723,399,1,646,496,60.943,46.792,470,44.340
682,682,22.733,757.520,516.465,71.464,48.723,406,1,646,496,60.943,46.792,470,44.340
683,683,22.767,757.501,516.494,71.462,48.726,402,1,646,496,60.943,46.792,470,44.340
684,684,22.800,757.550,516.515,71.467,48.728,400,1,646,496,60.943,46.792,470,44.340
685,685,22.833,757.703,516.452,71.481,48.722,410,1,646,496,60.943,46.792,470,44.340
686,686,22.867,757.644,516.456,71.476,48.722,409,1,646,496,60.943,46.792,470,44.340
687,687,22.900,757.520,516.478,71.464,48.724,397,1,646,496,60.943,46.792,470,44.340
688,688,22.933,757.698,516.458,71.481,48.722,408,1,646,496,60.943,46.792,470,44.340
689,689,22.967,757.686,516.465,71.480,48.723,407,1,646,496,60.943,46.792,470,44.340
690,690,23.000,757.580,516.478,71.470,48.724,400,1,646,496,60.943,46.792,470,44.340
691,691,23.033,757.848,516.401,71.495,48.717,415,1,646,496,60.943,46.792,470,44.340
692,692,23.067,757.899,516.436,71.500,48.720,411,1,646,496,60.943,46.792,470,44.340
693,693,23.100,757.732,516.408,71.484,48.718,403,1,646,496,60.943,46.792,470,44.340
694,694,23.133,757.677,516.437,71.479,48.720,407,1,646,496,60.943,46.792,470,44.340
695,695,23.167,757.693,516.427,71.480,48.720,408,1,646,496,60.943,46.792,470,44.340
696,696,23.200,757.783,516.434,71.489,48.720,401,1,646,496,60.943,46.792,470,44.340
697,697,23.233,757.826,516.387,71.493,48.716,407,1,646,496,60.943,46.792,470,44.340
698,698,23.267,757.819,516.389,71.492,48.716,407,1,646,496,60.943,46.792,470,44.340
699,699,23.300,757.641,516.410,71.476,48.718,394,1,646,496,60.943,46.792,470,44.340
700,700,23.333,757.478,516.384,71.460,48.715,403,1,646,496,60.943,46.792,470,44.340
701,701,23.367,757.331,516.369,71.446,48.714,405,1,646,496,60.943,46.792,470,44.340
702,702,23.400,757.208,516.415,71.435,48.718,401,1,646,496,60.943,46.792,470,44.340
703,703,23.433,757.569,516.350,71.469,48.712,408,1,646,496,60.943,46.792,470,44.340
704,704,23.467,757.554,516.350,71.467,48.712,408,1,646,496,60.943,46.792,470,44.340
705,705,23.500,757.431,516.333,71.456,48.711,405,1,646,496,60.943,46.792,470,44.340
706,706,23.533,757.687,516.325,71.480,48.710,412,1,646,496,60.943,46.792,470,44.340
707,707,23.567,757.803,516.325,71.491,48.710,409,1,646,496,60.943,46.792,470,44.340
708,708,23.600,757.733,516.304,71.484,48.708,405,1,646,496,60.943,46.792,470,44.340
709,709,23.633,757.749,516.343,71.486,48.712,408,1,646,496,60.943,46.792,470,44.340
710,710,23.667,758.021,516.304,71.511,48.708,408,1,646,496,60.943,46.792,470,44.340
711,711,23.700,758.017,516.304,71.511,48.708,402,1,646,496,60.943,46.792,470,44.340
712,712,23.733,758.381,516.340,71.545,48.711,400,1,646,496,60.943,46.792,470,44.340
713,713,23.767,758.677,516.229,71.573,48.701,405,1,646,496,60.943,46.792,470,44.340
714,714,23.800,758.787,516.210,71.584,48.699,407,1,646,496,60.943,46.792,470,44.340
715,715,23.833,758.919,516.181,71.596,48.696,408,1,646,496,60.943,46.792,470,44.340
716,716,23.867,758.925,516.170,71.597,48.695,407,1,646,496,60.943,46.792,470,44.340
717,717,23.900,759.534,516.096,71.654,48.688,396,1,646,496,60.943,46.792,470,44.340
718,718,23.933,759.659,516.115,71.666,48.690,399,1,646,496,60.943,46.792,470,44.340
719,719,23.967,760.015,516.135,71.700,48.692,392,1,646,496,60.943,46.792,470,44.340
720,720,24.000,760.387,516.188,71.735,48.697,382,1,646,496,60.943,46.792,470,44.340
721,721,24.033,760.427,515.930,71.738,48.673,384,1,646,496,60.943,46.792,470,44.340
722,722,24.067,760.702,515.945,71.764,48.674,377,1,646,496,60.943,46.792,470,44.340
723,723,24.100,760.802,515.895,71.774,48.669,361,1,646,496,60.943,46.792,470,44.340
724,724,24.133,761.063,515.859,71.798,48.666,366,1,646,496,60.943,46.792,470,44.340
725,725,24.167,761.047,515.865,71.797,48.667,367,1,646,496,60.943,46.792,470,44.340
726,726,24.200,760.605,515.915,71.755,48.671,357,1,646,496,60.943,46.792,470,44.340
727,727,24.233,760.508,515.835,71.746,48.664,359,1,646,496,60.943,46.792,470,44.340
728,728,24.267,760.494,515.795,71.745,48.660,365,1,646,496,60.943,46.792,470,44.340
729,729,24.300,760.484,515.972,71.744,48.677,354,1,646,496,60.943,46.792,470,44.340
730,730,24.333,760.376,515.899,71.734,48.670,371,1,646,496,60.943,46.792,470,44.340
731,731,24.367,760.426,515.916,71.738,48.671,374,1,646,496,60.943,46.792,470,44.340
732,732,24.400,760.302,515.931,71.727,48.673,367,1,646,496,60.943,46.792,470,44.340
733,733,24.433,760.513,515.908,71.747,48.671,372,1,646,496,60.943,46.792,470,44.340
734,734,24.467,760.616,515.824,71.756,48.663,376,1,646,496,60.943,46.792,470,44.340
735,735,24.500,760.622,515.773,71.757,48.658,369,1,646,496,60.943,46.792,470,44.340
736,736,24.533,760.734,515.632,71.767,48.645,379,1,646,496,60.943,46.792,470,44.340
737,737,24.567,761.030,515.497,71.795,48.632,390,1,646,496,60.943,46.792,470,44.340
738,738,24.600,761.149,515.435,71.806,48.626,380,1,646,496,60.943,46.792,470,44.340
739,739,24.633,760.865,515.458,71.780,48.628,374,1,646,496,60.943,46.792,470,44.340
740,740,24.667,759.758,515.737,71.675,48.654,346,1,646,496,60.943,46.792,470,44.340
741,741,24.700,759.114,515.823,71.615,48.663,328,1,646,496,60.943,46.792,470,44.340
742,742,24.733,759.217,515.872,71.624,48.667,331,1,646,496,60.943,46.792,470,44.340
743,743,24.767,759.390,515.905,71.641,48.670,335,1,646,496,60.943,46.792,470,44.340
744,744,24.800,759.847,516.006,71.684,48.680,342,1,646,496,60.943,46.792,470,44.340
745,745,24.833,761.154,516.314,71.807,48.709,380,1,646,496,60.943,46.792,470,44.340
746,746,24.867,761.168,516.559,71.808,48.732,379,1,646,496,60.943,46.792,470,44.340
747,747,24.900,761.285,516.958,71.819,48.770,382,1,646,496,60.943,46.792,470,44.340
748,748,24.933,760.957,517.177,71.788,48.790,384,1,646,496,60.943,46.792,470,44.340
749,749,24.967,760.681,517.292,71.762,48.801,381,1,646,496,60.943,46.792,470,44.340
750,750,25.000,760.377,517.254,71.734,48.798,371,1,646,496,60.943,46.792,470,44.340
751,751,25.033,760.361,517.250,71.732,48.797,371,1,646,496,60.943,46.792,470,44.340
752,752,25.067,760.214,517.241,71.718,48.796,369,1,646,496,60.943,46.792,470,44.340
753,753,25.100,760.010,517.125,71.699,48.785,360,1,646,496,60.943,46.792,470,44.340
754,754,25.133,760.111,517.157,71.709,48.788,363,1,646,496,60.943,46.792,470,44.340
755,755,25.167,760.101,517.168,71.708,48.789,365,1,646,496,60.943,46.792,470,44.340
756,756,25.200,760.216,517.116,71.718,48.785,360,1,646,496,60.943,46.792,470,44.340
757,757,25.233,760.345,517.210,71.731,48.793,365,1,646,496,60.943,46.792,470,44.340
758,758,25.267,760.229,517.248,71.720,48.797,372,1,646,496,60.943,46.792,470,44.340
759,759,25.300,760.327,517.251,71.729,48.797,370,1,646,496,60.943,46.792,470,44.340
760,760,25.333,760.317,517.335,71.728,48.805,369,1,646,496,60.943,46.792,470,44.340
761,761,25.367,760.264,517.364,71.723,48.808,372,1,646,496,60.943,46.792,470,44.340
762,762,25.400,760.326,517.298,71.729,48.802,364,1,646,496,60.943,46.792,470,44.340
763,763,25.433,760.249,517.364,71.722,48.808,371,1,646,496,60.943,46.792,470,44.340
764,764,25.467,760.239,517.370,71.721,48.808,374,1,646,496,60.943,46.792,470,44.340
765,765,25.500,760.155,517.358,71.713,48.807,372,1,646,496,60.943,46.792,470,44.340
766,766,25.533,760.101,517.354,71.708,48.807,373,1,646,496,60.943,46.792,470,44.340
767,767,25.567,760.387,517.436,71.735,48.815,376,1,646,496,60.943,46.792,470,44.340
768,768,25.600,760.304,517.356,71.727,48.807,372,1,646,496,60.943,46.792,470,44.340
769,769,25.633,760.420,517.436,71.738,48.815,375,1,646,496,60.943,46.792,470,44.340
770,770,25.667,760.422,517.499,71.738,48.821,381,1,646,496,60.943,46.792,470,44.340
771,771,25.700,760.505,517.491,71.746,48.820,377,1,646,496,60.943,46.792,470,44.340
772,772,25.733,760.610,517.500,71.756,48.821,378,1,646,496,60.943,46.792,470,44.340
773,773,25.767,760.502,517.624,71.745,48.832,383,1,646,496,60.943,46.792,470,44.340
774,774,25.800,760.457,517.633,71.741,48.833,382,1,646,496,60.943,46.792,470,44.340
775,775,25.833,760.306,517.651,71.727,48.835,382,1,646,496,60.943,46.792,470,44.340
776,776,25.867,760.453,517.830,71.741,48.852,388,1,646,496,60.943,46.792,470,44.340
777,777,25.900,760.252,517.738,71.722,48.843,386,1,646,496,60.943,46.792,470,44.340
778,778,25.933,760.215,517.842,71.718,48.853,383,1,646,496,60.943,46.792,470,44.340
779,779,25.967,760.406,517.947,71.736,48.863,389,1,646,496,60.943,46.792,470,44.340
780,780,26.000,760.414,517.959,71.737,48.864,389,1,646,496,60.943,46.792,470,44.340
781,781,26.033,760.423,518.131,71.738,48.880,392,1,646,496,60.943,46.792,470,44.340
782,782,26.067,760.303,518.094,71.727,48.877,395,1,646,496,60.943,46.792,470,44.340
783,783,26.100,760.255,518.012,71.722,48.869,389,1,646,496,60.943,46.792,470,44.340
784,784,26.133,760.316,518.060,71.728,48.874,391,1,646,496,60.943,46.792,470,44.340
785,785,26.167,760.385,518.099,71.734,48.877,394,1,646,496,60.943,46.792,470,44.340
786,786,26.200,760.408,518.167,71.737,48.884,394,1,646,496,60.943,46.792,470,44.340
787,787,26.233,760.442,518.205,71.740,48.887,395,1,646,496,60.943,46.792,470,44.340
788,788,26.267,760.558,518.354,71.751,48.901,403,1,646,496,60.943,46.792,470,44.340
789,789,26.300,760.519,518.308,71.747,48.897,398,1,646,496,60.943,46.792,470,44.340
790,790,26.333,760.497,518.364,71.745,48.902,397,1,646,496,60.943,46.792,470,44.340
791,791,26.367,760.520,518.384,71.747,48.904,398,1,646,496,60.943,46.792,470,44.340
792,792,26.400,760.489,518.369,71.744,48.903,396,1,646,496,60.943,46.792,470,44.340
793,793,26.433,760.582,518.463,71.753,48.912,398,1,646,496,60.943,46.792,470,44.340
794,794,26.467,760.668,518.577,71.761,48.922,404,1,646,496,60.943,46.792,470,44.340
795,795,26.500,760.845,518.625,71.778,48.927,404,1,646,496,60.943,46.792,470,44.340
796,796,26.533,760.840,518.604,71.777,48.925,402,1,646,496,60.943,46.792,470,44.340
797,797,26.567,760.873,518.687,71.780,48.933,406,1,646,496,60.943,46.792,470,44.340
798,798,26.600,761.014,518.790,71.794,48.942,407,1,646,496,60.943,46.792,470,44.340
799,799,26.633,761.046,518.808,71.797,48.944,408,1,646,496,60.943,46.792,470,44.340
800,800,26.667,761.268,518.932,71.818,48.956,413,1,646,496,60.943,46.792,470,44.340
801,801,26.700,761.230,518.873,71.814,48.950,408,1,646,496,60.943,46.792,470,44.340
802,802,26.733,761.271,518.871,71.818,48.950,406,1,646,496,60.943,46.792,470,44.340
803,803,26.767,761.130,518.896,71.805,48.952,408,1,646,496,60.943,46.792,470,44.340
804,804,26.800,761.053,518.882,71.797,48.951,406,1,646,496,60.943,46.792,470,44.340
805,805,26.833,761.104,518.924,71.802,48.955,409,1,646,496,60.943,46.792,470,44.340
806,806,26.867,761.041,518.984,71.796,48.961,411,1,646,496,60.943,46.792,470,44.340
807,807,26.900,760.516,518.702,71.747,48.934,394,1,646,496,60.943,46.792,470,44.340
808,808,26.933,760.309,518.613,71.727,48.926,386,1,646,496,60.943,46.792,470,44.340
809,809,26.967,760.138,518.502,71.711,48.915,390,1,646,496,60.943,46.792,470,44.340
810,810,27.000,759.874,518.352,71.686,48.901,378,1,646,496,60.943,46.792,470,44.340
811,811,27.033,759.806,518.248,71.680,48.891,378,1,646,496,60.943,46.792,470,44.340
812,812,27.067,760.102,518.216,71.708,48.888,372,1,646,496,60.943,46.792,470,44.340
813,813,27.100,759.611,517.998,71.661,48.868,358,1,646,496,60.943,46.792,470,44.340
814,814,27.133,758.689,517.759,71.574,48.845,354,1,646,496,60.943,46.792,470,44.340
815,815,27.167,758.650,517.745,71.571,48.844,357,1,646,496,60.943,46.792,470,44.340
816,816,27.200,758.295,517.570,71.537,48.827,347,1,646,496,60.943,46.792,470,44.340
817,817,27.233,758.466,517.610,71.553,48.831,349,1,646,496,60.943,46.792,470,44.340
818,818,27.267,758.683,517.698,71.574,48.839,352,1,646,496,60.943,46.792,470,44.340
819,819,27.300,758.707,517.694,71.576,48.839,350,1,646,496,60.943,46.792,470,44.340
820,820,27.333,759.088,517.697,71.612,48.839,357,1,646,496,60.943,46.792,470,44.340
821,821,27.367,759.287,517.666,71.631,48.836,362,1,646,496,60.943,46.792,470,44.340
822,822,27.400,759.372,517.620,71.639,48.832,358,1,646,496,60.943,46.792,470,44.340
823,823,27.433,759.805,517.637,71.680,48.834,360,1,646,496,60.943,46.792,470,44.340
824,824,27.467,760.344,517.668,71.731,48.837,376,1,646,496,60.943,46.792,470,44.340
825,825,27.500,760.998,517.752,71.792,48.845,375,1,646,496,60.943,46.792,470,44.340
826,826,27.533,761.467,517.805,71.837,48.850,374,1,646,496,60.943,46.792,470,44.340
827,827,27.567,762.088,517.740,71.895,48.843,391,1,646,496,60.943,46.792,470,44.340
828,828,27.600,762.314,517.751,71.916,48.844,385,1,646,496,60.943,46.792,470,44.340
829,829,27.633,762.531,517.743,71.937,48.844,388,1,646,496,60.943,46.792,470,44.340
830,830,27.667,762.961,517.754,71.977,48.845,394,1,646,496,60.943,46.792,470,44.340
831,831,27.700,762.961,517.798,71.977,48.849,390,1,646,496,60.943,46.792,470,44.340
832,832,27.733,762.785,517.833,71.961,48.852,397,1,646,496,60.943,46.792,470,44.340
833,833,27.767,763.074,517.868,71.988,48.855,409,1,646,496,60.943,46.792,470,44.340
834,834,27.800,762.873,517.859,71.969,48.855,404,1,646,496,60.943,46.792,470,44.340
835,835,27.833,762.754,517.848,71.958,48.854,402,1,646,496,60.943,46.792,470,44.340
836,836,27.867,763.183,517.908,71.998,48.859,407,1,646,496,60.943,46.792,470,44.340
837,837,27.900,763.379,517.876,72.017,48.856,398,1,646,496,60.943,46.792,470,44.340
838,838,27.933,763.537,517.781,72.032,48.847,387,1,646,496,60.943,46.792,470,44.340
839,839,27.967,764.005,517.736,72.076,48.843,374,1,646,496,60.943,46.792,470,44.340
840,840,28.000,764.437,517.710,72.117,48.841,361,1,646,496,60.943,46.792,470,44.340
841,841,28.033,765.449,517.657,72.212,48.836,344,1,646,496,60.943,46.792,470,44.340
842,842,28.067,765.384,517.730,72.206,48.842,359,1,646,496,60.943,46.792,470,44.340
843,843,28.100,765.363,517.844,72.204,48.853,354,1,646,496,60.943,46.792,470,44.340
844,844,28.133,765.031,518.018,72.173,48.870,354,1,646,496,60.943,46.792,470,44.340
845,845,28.167,764.770,518.127,72.148,48.880,351,1,646,496,60.943,46.792,470,44.340
846,846,28.200,764.639,518.145,72.136,48.882,353,1,646,496,60.943,46.792,470,44.340
847,847,28.233,764.515,518.157,72.124,48.883,352,1,646,496,60.943,46.792,470,44.340
848,848,28.267,764.497,518.181,72.122,48.885,358,1,646,496,60.943,46.792,470,44.340
849,849,28.300,764.499,518.180,72.123,48.885,358,1,646,496,60.943,46.792,470,44.340
850,850,28.333,764.684,518.245,72.140,48.891,354,1,646,496,60.943,46.792,470,44.340
851,851,28.367,765.146,518.234,72.184,48.890,371,1,646,496,60.943,46.792,470,44.340
852,852,28.400,765.263,518.278,72.195,48.894,368,1,646,496,60.943,46.792,470,44.340
853,853,28.433,765.339,518.289,72.202,48.895,364,1,646,496,60.943,46.792,470,44.340
854,854,28.467,765.830,518.325,72.248,48.899,377,1,646,496,60.943,46.792,470,44.340
855,855,28.500,765.850,518.319,72.250,48.898,378,1,646,496,60.943,46.792,470,44.340
856,856,28.533,766.192,518.317,72.282,48.898,378,1,646,496,60.943,46.792,470,44.340
857,857,28.567,766.602,518.333,72.321,48.899,382,1,646,496,60.943,46.792,470,44.340
858,858,28.600,766.608,518.317,72.321,48.898,382,1,646,496,60.943,46.792,470,44.340
859,859,28.633,766.990,518.286,72.358,48.895,383,1,646,496,60.943,46.792,470,44.340
860,860,28.667,767.611,518.364,72.416,48.902,396,1,646,496,60.943,46.792,470,44.340
861,861,28.700,767.615,518.358,72.416,48.902,396,1,646,496,60.943,46.792,470,44.340
862,862,28.733,767.827,518.363,72.436,48.902,387,1,646,496,60.943,46.792,470,44.340
863,863,28.767,768.221,518.422,72.474,48.908,404,1,646,496,60.943,46.792,470,44.340
864,864,28.800,768.205,518.423,72.472,48.908,404,1,646,496,60.943,46.792,470,44.340
865,865,28.833,768.298,518.408,72.481,48.906,401,1,646,496,60.943,46.792,470,44.340
866,866,28.867,768.656,518.456,72.515,48.911,409,1,646,496,60.943,46.792,470,44.340
867,867,28.900,768.817,518.458,72.530,48.911,412,1,646,496,60.943,46.792,470,44.340
868,868,28.933,768.960,518.422,72.543,48.908,410,1,646,496,60.943,46.792,470,44.340
869,869,28.967,769.310,518.432,72.576,48.909,419,1,646,496,60.943,46.792,470,44.340
870,870,29.000,769.431,518.459,72.588,48.911,418,1,646,496,60.943,46.792,470,44.340
871,871,29.033,769.383,518.477,72.583,48.913,412,1,646,496,60.943,46.792,470,44.340
872,872,29.067,769.456,518.473,72.590,48.913,419,1,646,496,60.943,46.792,470,44.340
873,873,29.100,769.631,518.513,72.607,48.916,413,1,646,496,60.943,46.792,470,44.340
874,874,29.133,769.556,518.501,72.600,48.915,412,1,646,496,60.943,46.792,470,44.340
875,875,29.167,769.445,518.510,72.589,48.916,410,1,646,496,60.943,46.792,470,44.340
876,876,29.200,769.413,518.494,72.586,48.915,411,1,646,496,60.943,46.792,470,44.340
877,877,29.233,769.346,518.498,72.580,48.915,407,1,646,496,60.943,46.792,470,44.340
878,878,29.267,769.350,518.491,72.580,48.914,415,1,646,496,60.943,46.792,470,44.340
879,879,29.300,769.359,518.514,72.581,48.916,416,1,646,496,60.943,46.792,470,44.340
880,880,29.333,769.418,518.498,72.587,48.915,410,1,646,496,60.943,46.792,470,44.340
881,881,29.367,769.480,518.546,72.592,48.919,423,1,646,496,60.943,46.792,470,44.340
882,882,29.400,769.480,518.546,72.592,48.919,423,1,646,496,60.943,46.792,470,44.340
883,883,29.433,769.541,518.516,72.598,48.917,417,1,646,496,60.943,46.792,470,44.340
884,884,29.467,769.622,518.520,72.606,48.917,419,1,646,496,60.943,46.792,470,44.340
885,885,29.500,769.622,518.520,72.606,48.917,419,1,646,496,60.943,46.792,470,44.340
886,886,29.533,769.482,518.525,72.593,48.917,415,1,646,496,60.943,46.792,470,44.340
887,887,29.567,769.517,518.502,72.596,48.915,416,1,646,496,60.943,46.792,470,44.340
888,888,29.600,769.502,518.494,72.595,48.915,416,1,646,496,60.943,46.792,470,44.340
889,889,29.633,769.277,518.480,72.573,48.913,411,1,646,496,60.943,46.792,470,44.340
890,890,29.667,769.272,518.471,72.573,48.912,417,1,646,496,60.943,46.792,470,44.340
891,891,29.700,769.271,518.479,72.573,48.913,416,1,646,496,60.943,46.792,470,44.340
892,892,29.733,769.249,518.442,72.571,48.910,409,1,646,496,60.943,46.792,470,44.340
893,893,29.767,769.014,518.459,72.548,48.911,408,1,646,496,60.943,46.792,470,44.340
894,894,29.800,768.818,518.452,72.530,48.911,404,1,646,496,60.943,46.792,470,44.340
895,895,29.833,768.544,518.398,72.504,48.905,399,1,646,496,60.943,46.792,470,44.340
896,896,29.867,768.472,518.366,72.497,48.902,407,1,646,496,60.943,46.792,470,44.340
897,897,29.900,768.853,518.363,72.533,48.902,415,1,646,496,60.943,46.792,470,44.340
898,898,29.933,768.807,518.321,72.529,48.898,409,1,646,496,60.943,46.792,470,44.340
899,899,29.967,769.070,518.270,72.554,48.893,414,1,646,496,60.943,46.792,470,44.340
900,900,30.000,769.245,518.279,72.570,48.894,417,1,646,496,60.943,46.792,470,44.340
901,901,30.033,769.687,518.261,72.612,48.893,417,1,646,496,60.943,46.792,470,44.340
902,902,30.067,770.130,518.357,72.654,48.902,430,1,646,496,60.943,46.792,470,44.340
903,903,30.100,770.451,518.366,72.684,48.902,431,1,646,496,60.943,46.792,470,44.340
904,904,30.133,770.456,518.297,72.684,48.896,422,1,646,496,60.943,46.792,470,44.340
905,905,30.167,770.470,518.301,72.686,48.896,422,1,646,496,60.943,46.792,470,44.340
906,906,30.200,770.470,518.301,72.686,48.896,422,1,646,496,60.943,46.792,470,44.340
907,907,30.233,770.306,518.304,72.670,48.897,420,1,646,496,60.943,46.792,470,44.340
908,908,30.267,770.160,518.285,72.657,48.895,422,1,646,496,60.943,46.792,470,44.340
909,909,30.300,770.085,518.334,72.650,48.899,425,1,646,496,60.943,46.792,470,44.340
910,910,30.333,769.743,518.278,72.617,48.894,415,1,646,496,60.943,46.792,470,44.340
911,911,30.367,769.641,518.284,72.608,48.895,422,1,646,496,60.943,46.792,470,44.340
912,912,30.400,769.739,518.278,72.617,48.894,427,1,646,496,60.943,46.792,470,44.340
913,913,30.433,769.758,518.307,72.619,48.897,417,1,646,496,60.943,46.792,470,44.340
914,914,30.467,769.818,518.319,72.624,48.898,418,1,646,496,60.943,46.792,470,44.340
915,915,30.500,769.822,518.326,72.625,48.899,419,1,646,496,60.943,46.792,470,44.340
916,916,30.533,769.660,518.315,72.609,48.898,416,1,646,496,60.943,46.792,470,44.340
917,917,30.567,769.473,518.334,72.592,48.899,417,1,646,496,60.943,46.792,470,44.340
918,918,30.600,769.533,518.332,72.597,48.899,422,1,646,496,60.943,46.792,470,44.340
919,919,30.633,769.556,518.289,72.600,48.895,415,1,646,496,60.943,46.792,470,44.340
920,920,30.667,769.549,518.237,72.599,48.890,417,1,646,496,60.943,46.792,470,44.340
921,921,30.700,769.566,518.234,72.601,48.890,419,1,646,496,60.943,46.792,470,44.340
922,922,30.733,769.760,518.274,72.619,48.894,410,1,646,496,60.943,46.792,470,44.340
923,923,30.767,770.007,518.308,72.642,48.897,409,1,646,496,60.943,46.792,470,44.340
924,924,30.800,770.009,518.329,72.642,48.899,410,1,646,496,60.943,46.792,470,44.340
925,925,30.833,769.861,518.287,72.628,48.895,408,1,646,496,60.943,46.792,470,44.340
926,926,30.867,769.917,518.290,72.634,48.895,407,1,646,496,60.943,46.792,470,44.340
927,927,30.900,769.701,518.328,72.613,48.899,418,1,646,496,60.943,46.792,470,44.340
928,928,30.933,768.977,518.226,72.545,48.889,399,1,646,496,60.943,46.792,470,44.340
929,929,30.967,769.045,518.129,72.551,48.880,389,1,646,496,60.943,46.792,470,44.340
930,930,31.000,769.351,518.138,72.580,48.881,373,1,646,496,60.943,46.792,470,44.340
931,931,31.033,770.165,518.198,72.657,48.887,354,1,646,496,60.943,46.792,470,44.340
932,932,31.067,770.835,518.192,72.720,48.886,346,1,646,496,60.943,46.792,470,44.340
933,933,31.100,771.354,518.165,72.769,48.883,342,1,646,496,60.943,46.792,470,44.340
934,934,31.133,771.955,518.131,72.826,48.880,336,1,646,496,60.943,46.792,470,44.340
935,935,31.167,772.187,518.061,72.848,48.874,333,1,646,496,60.943,46.792,470,44.340
936,936,31.200,772.198,518.041,72.849,48.872,341,1,646,496,60.943,46.792,470,44.340
937,937,31.233,772.112,518.165,72.841,48.883,329,1,646,496,60.943,46.792,470,44.340
938,938,31.267,772.127,518.299,72.842,48.896,334,1,646,496,60.943,46.792,470,44.340
939,939,31.300,772.236,518.286,72.852,48.895,346,1,646,496,60.943,46.792,470,44.340
940,940,31.333,772.214,518.282,72.850,48.895,340,1,646,496,60.943,46.792,470,44.340
941,941,31.367,772.098,518.222,72.839,48.889,340,1,646,496,60.943,46.792,470,44.340
942,942,31.400,772.274,518.165,72.856,48.884,346,1,646,496,60.943,46.792,470,44.340
943,943,31.433,772.361,518.075,72.864,48.875,345,1,646,496,60.943,46.792,470,44.340
944,944,31.467,772.639,517.975,72.890,48.866,352,1,646,496,60.943,46.792,470,44.340
945,945,31.500,772.986,517.968,72.923,48.865,364,1,646,496,60.943,46.792,470,44.340
946,946,31.533,773.461,517.877,72.968,48.856,357,1,646,496,60.943,46.792,470,44.340
947,947,31.567,773.798,517.831,73.000,48.852,359,1,646,496,60.943,46.792,470,44.340
948,948,31.600,774.273,517.778,73.045,48.847,374,1,646,496,60.943,46.792,470,44.340
949,949,31.633,774.780,517.649,73.092,48.835,359,1,646,496,60.943,46.792,470,44.340
950,950,31.667,775.455,517.464,73.156,48.817,370,1,646,496,60.943,46.792,470,44.340
951,951,31.700,776.236,517.377,73.230,48.809,372,1,646,496,60.943,46.792,470,44.340
952,952,31.733,776.709,517.243,73.274,48.797,381,1,646,496,60.943,46.792,470,44.340
953,953,31.767,777.565,517.122,73.355,48.785,385,1,646,496,60.943,46.792,470,44.340
954,954,31.800,777.944,517.057,73.391,48.779,395,1,646,496,60.943,46.792,470,44.340
955,955,31.833,778.202,516.988,73.415,48.772,384,1,646,496,60.943,46.792,470,44.340
956,956,31.867,778.346,516.954,73.429,48.769,393,1,646,496,60.943,46.792,470,44.340
957,957,31.900,778.781,516.885,73.470,48.763,401,1,646,496,60.943,46.792,470,44.340
958,958,31.933,779.093,516.818,73.499,48.756,398,1,646,496,60.943,46.792,470,44.340
959,959,31.967,779.330,516.804,73.522,48.755,396,1,646,496,60.943,46.792,470,44.340
960,960,32.000,779.516,516.786,73.539,48.753,401,1,646,496,60.943,46.792,470,44.340
961,961,32.033,779.679,516.690,73.555,48.744,392,1,646,496,60.943,46.792,470,44.340
962,962,32.067,779.686,516.660,73.555,48.742,395,1,646,496,60.943,46.792,470,44.340
963,963,32.100,779.960,516.633,73.581,48.739,405,1,646,496,60.943,46.792,470,44.340
964,964,32.133,780.190,516.601,73.603,48.736,393,1,646,496,60.943,46.792,470,44.340
965,965,32.167,780.851,516.566,73.665,48.733,379,1,646,496,60.943,46.792,470,44.340
966,966,32.200,781.399,516.502,73.717,48.727,372,1,646,496,60.943,46.792,470,44.340
967,967,32.233,782.029,516.529,73.776,48.729,347,1,646,496,60.943,46.792,470,44.340
968,968,32.267,782.527,516.373,73.823,48.714,349,1,646,496,60.943,46.792,470,44.340
969,969,32.300,782.718,516.285,73.841,48.706,350,1,646,496,60.943,46.792,470,44.340
970,970,32.333,782.675,516.304,73.837,48.708,337,1,646,496,60.943,46.792,470,44.340
971,971,32.367,782.718,516.325,73.841,48.710,336,1,646,496,60.943,46.792,470,44.340
972,972,32.400,782.644,516.252,73.834,48.703,345,1,646,496,60.943,46.792,470,44.340
973,973,32.433,782.605,516.175,73.831,48.696,338,1,646,496,60.943,46.792,470,44.340
974,974,32.467,782.837,516.108,73.853,48.689,335,1,646,496,60.943,46.792,470,44.340
975,975,32.500,782.578,516.207,73.828,48.699,347,1,646,496,60.943,46.792,470,44.340
976,976,32.533,782.753,516.118,73.845,48.690,349,1,646,496,60.943,46.792,470,44.340
977,977,32.567,782.809,516.089,73.850,48.688,346,1,646,496,60.943,46.792,470,44.340
978,978,32.600,783.341,516.052,73.900,48.684,352,1,646,496,60.943,46.792,470,44.340
979,979,32.633,783.457,515.966,73.911,48.676,358,1,646,496,60.943,46.792,470,44.340
980,980,32.667,783.802,515.853,73.944,48.665,357,1,646,496,60.943,46.792,470,44.340
981,981,32.700,784.096,515.770,73.971,48.658,363,1,646,496,60.943,46.792,470,44.340
982,982,32.733,784.844,515.455,74.042,48.628,359,1,646,496,60.943,46.792,470,44.340
983,983,32.767,785.403,515.292,74.095,48.612,364,1,646,496,60.943,46.792,470,44.340
984,984,32.800,786.178,515.170,74.168,48.601,375,1,646,496,60.943,46.792,470,44.340
985,985,32.833,787.009,515.053,74.246,48.590,375,1,646,496,60.943,46.792,470,44.340
986,986,32.867,787.891,514.813,74.329,48.567,376,1,646,496,60.943,46.792,470,44.340
987,987,32.900,788.297,514.616,74.368,48.549,382,1,646,496,60.943,46.792,470,44.340
988,988,32.933,788.781,514.577,74.413,48.545,384,1,646,496,60.943,46.792,470,44.340
989,989,32.967,789.141,514.533,74.447,48.541,387,1,646,496,60.943,46.792,470,44.340
990,990,33.000,789.429,514.485,74.474,48.536,402,1,646,496,60.943,46.792,470,44.340
991,991,33.033,789.760,514.377,74.506,48.526,392,1,646,496,60.943,46.792,470,44.340
992,992,33.067,790.326,514.322,74.559,48.521,384,1,646,496,60.943,46.792,470,44.340
993,993,33.100,790.602,514.296,74.585,48.518,390,1,646,496,60.943,46.792,470,44.340
994,994,33.133,791.115,514.191,74.633,48.509,366,1,646,496,60.943,46.792,470,44.340
995,995,33.167,791.481,514.117,74.668,48.502,369,1,646,496,60.943,46.792,470,44.340
996,996,33.200,792.085,514.098,74.725,48.500,373,1,646,496,60.943,46.792,470,44.340
997,997,33.233,792.265,514.138,74.742,48.504,363,1,646,496,60.943,46.792,470,44.340
998,998,33.267,792.260,514.156,74.742,48.505,352,1,646,496,60.943,46.792,470,44.340
999,999,33.300,792.630,514.122,74.776,48.502,358,1,646,496,60.943,46.792,470,44.340
1000,1000,33.333,792.328,514.151,74.748,48.505,344,1,646,496,60.943,46.792,470,44.340
1001,1001,33.367,792.455,514.142,74.760,48.504,338,1,646,496,60.943,46.792,470,44.340
1002,1002,33.400,792.296,514.118,74.745,48.502,345,1,646,496,60.943,46.792,470,44.340
1003,1003,33.433,792.582,514.014,74.772,48.492,350,1,646,496,60.943,46.792,470,44.340
1004,1004,33.467,792.294,514.047,74.745,48.495,336,1,646,496,60.943,46.792,470,44.340
1005,1005,33.500,792.660,513.988,74.779,48.489,354,1,646,496,60.943,46.792,470,44.340
1006,1006,33.533,792.738,513.981,74.787,48.489,356,1,646,496,60.943,46.792,470,44.340
1007,1007,33.567,792.667,514.041,74.780,48.494,347,1,646,496,60.943,46.792,470,44.340
1008,1008,33.600,792.980,514.071,74.809,48.497,362,1,646,496,60.943,46.792,470,44.340
1009,1009,33.633,793.265,514.037,74.836,48.494,363,1,646,496,60.943,46.792,470,44.340
1010,1010,33.667,793.768,513.965,74.884,48.487,355,1,646,496,60.943,46.792,470,44.340
1011,1011,33.700,794.373,513.900,74.941,48.481,369,1,646,496,60.943,46.792,470,44.340
1012,1012,33.733,794.532,513.892,74.956,48.480,374,1,646,496,60.943,46.792,470,44.340
1013,1013,33.767,795.114,513.763,75.011,48.468,372,1,646,496,60.943,46.792,470,44.340
1014,1014,33.800,795.874,513.679,75.082,48.460,376,1,646,496,60.943,46.792,470,44.340
1015,1015,33.833,796.552,513.547,75.146,48.448,377,1,646,496,60.943,46.792,470,44.340
1016,1016,33.867,797.436,513.473,75.230,48.441,374,1,646,496,60.943,46.792,470,44.340
1017,1017,33.900,798.343,513.232,75.315,48.418,387,1,646,496,60.943,46.792,470,44.340
1018,1018,33.933,798.902,513.104,75.368,48.406,382,1,646,496,60.943,46.792,470,44.340
1019,1019,33.967,799.789,512.975,75.452,48.394,376,1,646,496,60.943,46.792,470,44.340
1020,1020,34.000,800.257,512.955,75.496,48.392,387,1,646,496,60.943,46.792,470,44.340
1021,1021,34.033,801.182,512.823,75.583,48.380,381,1,646,496,60.943,46.792,470,44.340
1022,1022,34.067,801.148,512.759,75.580,48.374,363,1,646,496,60.943,46.792,470,44.340
1023,1023,34.100,801.314,512.775,75.596,48.375,366,1,646,496,60.943,46.792,470,44.340
1024,1024,34.133,801.930,512.688,75.654,48.367,359,1,646,496,60.943,46.792,470,44.340
1025,1025,34.167,802.202,512.628,75.679,48.361,349,1,646,496,60.943,46.792,470,44.340
1026,1026,34.200,802.541,512.634,75.711,48.362,347,1,646,496,60.943,46.792,470,44.340
1027,1027,34.233,802.786,512.673,75.735,48.365,342,1,646,496,60.943,46.792,470,44.340
1028,1028,34.267,802.546,512.691,75.712,48.367,334,1,646,496,60.943,46.792,470,44.340
1029,1029,34.300,802.645,512.617,75.721,48.360,340,1,646,496,60.943,46.792,470,44.340
1030,1030,34.333,802.575,512.607,75.715,48.359,335,1,646,496,60.943,46.792,470,44.340
1031,1031,34.367,802.693,512.574,75.726,48.356,334,1,646,496,60.943,46.792,470,44.340
1032,1032,34.400,802.437,512.550,75.702,48.354,345,1,646,496,60.943,46.792,470,44.340
1033,1033,34.433,802.359,512.647,75.694,48.363,346,1,646,496,60.943,46.792,470,44.340
1034,1034,34.467,802.541,512.670,75.711,48.365,342,1,646,496,60.943,46.792,470,44.340
1035,1035,34.500,802.878,512.757,75.743,48.373,351,1,646,496,60.943,46.792,470,44.340
1036,1036,34.533,803.276,512.745,75.781,48.372,355,1,646,496,60.943,46.792,470,44.340
1037,1037,34.567,803.619,512.728,75.813,48.371,350,1,646,496,60.943,46.792,470,44.340
1038,1038,34.600,804.006,512.741,75.850,48.372,356,1,646,496,60.943,46.792,470,44.340
1039,1039,34.633,804.679,512.695,75.913,48.367,370,1,646,496,60.943,46.792,470,44.340
1040,1040,34.667,805.575,512.581,75.998,48.357,364,1,646,496,60.943,46.792,470,44.340
1041,1041,34.700,806.090,512.622,76.046,48.361,380,1,646,496,60.943,46.792,470,44.340
1042,1042,34.733,806.573,512.546,76.092,48.353,389,1,646,496,60.943,46.792,470,44.340
1043,1043,34.767,807.241,512.397,76.155,48.339,384,1,646,496,60.943,46.792,470,44.340
1044,1044,34.800,807.699,512.371,76.198,48.337,393,1,646,496,60.943,46.792,470,44.340
1045,1045,34.833,808.207,512.338,76.246,48.334,404,1,646,496,60.943,46.792,470,44.340
1046,1046,34.867,808.192,512.296,76.245,48.330,398,1,646,496,60.943,46.792,470,44.340
1047,1047,34.900,808.772,512.289,76.299,48.329,403,1,646,496,60.943,46.792,470,44.340
1048,1048,34.933,808.852,512.298,76.307,48.330,407,1,646,496,60.943,46.792,470,44.340
1049,1049,34.967,809.158,512.282,76.336,48.328,400,1,646,496,60.943,46.792,470,44.340
1050,1050,35.000,809.369,512.307,76.356,48.331,409,1,646,496,60.943,46.792,470,44.340
1051,1051,35.033,809.285,512.312,76.348,48.331,409,1,646,496,60.943,46.792,470,44.340
1052,1052,35.067,809.290,512.219,76.348,48.323,397,1,646,496,60.943,46.792,470,44.340
1053,1053,35.100,809.631,512.241,76.380,48.325,407,1,646,496,60.943,46.792,470,44.340
1054,1054,35.133,810.247,512.193,76.438,48.320,410,1,646,496,60.943,46.792,470,44.340
1055,1055,35.167,810.579,512.102,76.470,48.311,397,1,646,496,60.943,46.792,470,44.340
1056,1056,35.200,811.072,512.025,76.516,48.304,389,1,646,496,60.943,46.792,470,44.340
1057,1057,35.233,811.466,511.904,76.553,48.293,384,1,646,496,60.943,46.792,470,44.340
1058,1058,35.267,812.143,511.838,76.617,48.287,358,1,646,496,60.943,46.792,470,44.340
1059,1059,35.300,812.625,511.715,76.663,48.275,361,1,646,496,60.943,46.792,470,44.340
1060,1060,35.333,812.826,511.672,76.682,48.271,356,1,646,496,60.943,46.792,470,44.340
1061,1061,35.367,812.913,511.606,76.690,48.265,337,1,646,496,60.943,46.792,470,44.340
1062,1062,35.400,813.100,511.618,76.708,48.266,342,1,646,496,60.943,46.792,470,44.340
1063,1063,35.433,813.165,511.642,76.714,48.268,344,1,646,496,60.943,46.792,470,44.340
1064,1064,35.467,813.098,511.662,76.707,48.270,340,1,646,496,60.943,46.792,470,44.340
1065,1065,35.500,813.058,511.672,76.704,48.271,342,1,646,496,60.943,46.792,470,44.340
1066,1066,35.533,813.043,511.723,76.702,48.276,354,1,646,496,60.943,46.792,470,44.340
1067,1067,35.567,813.308,511.665,76.727,48.270,348,1,646,496,60.943,46.792,470,44.340
1068,1068,35.600,813.550,511.729,76.750,48.276,357,1,646,496,60.943,46.792,470,44.340
1069,1069,35.633,814.162,511.729,76.808,48.276,366,1,646,496,60.943,46.792,470,44.340
1070,1070,35.667,814.428,511.620,76.833,48.266,361,1,646,496,60.943,46.792,470,44.340
1071,1071,35.700,814.528,511.653,76.842,48.269,365,1,646,496,60.943,46.792,470,44.340
1072,1072,35.733,814.601,511.702,76.849,48.274,371,1,646,496,60.943,46.792,470,44.340
1073,1073,35.767,814.942,511.679,76.881,48.272,371,1,646,496,60.943,46.792,470,44.340
1074,1074,35.800,815.444,511.683,76.929,48.272,376,1,646,496,60.943,46.792,470,44.340
1075,1075,35.833,815.781,511.649,76.960,48.269,383,1,646,496,60.943,46.792,470,44.340
1076,1076,35.867,816.052,511.592,76.986,48.263,378,1,646,496,60.943,46.792,470,44.340
1077,1077,35.900,816.398,511.607,77.019,48.265,385,1,646,496,60.943,46.792,470,44.340
1078,1078,35.933,816.793,511.601,77.056,48.264,394,1,646,496,60.943,46.792,470,44.340
1079,1079,35.967,817.148,511.536,77.089,48.258,394,1,646,496,60.943,46.792,470,44.340
1080,1080,36.000,817.323,511.477,77.106,48.253,395,1,646,496,60.943,46.792,470,44.340
1081,1081,36.033,818.045,511.483,77.174,48.253,397,1,646,496,60.943,46.792,470,44.340
1082,1082,36.067,818.109,511.524,77.180,48.257,396,1,646,496,60.943,46.792,470,44.340
1083,1083,36.100,818.111,511.534,77.180,48.258,402,1,646,496,60.943,46.792,470,44.340
1084,1084,36.133,818.243,511.539,77.193,48.258,405,1,646,496,60.943,46.792,470,44.340
1085,1085,36.167,818.245,511.539,77.193,48.258,405,1,646,496,60.943,46.792,470,44.340
1086,1086,36.200,818.242,511.592,77.193,48.263,401,1,646,496,60.943,46.792,470,44.340
1087,1087,36.233,818.257,511.592,77.194,48.263,401,1,646,496,60.943,46.792,470,44.340
1088,1088,36.267,818.271,511.614,77.195,48.265,398,1,646,496,60.943,46.792,470,44.340
1089,1089,36.300,818.424,511.629,77.210,48.267,400,1,646,496,60.943,46.792,470,44.340
1090,1090,36.333,818.704,511.659,77.236,48.270,405,1,646,496,60.943,46.792,470,44.340
1091,1091,36.367,818.632,511.680,77.229,48.272,398,1,646,496,60.943,46.792,470,44.340
1092,1092,36.400,818.557,511.691,77.222,48.273,399,1,646,496,60.943,46.792,470,44.340
1093,1093,36.433,818.531,511.745,77.220,48.278,399,1,646,496,60.943,46.792,470,44.340
1094,1094,36.467,818.490,511.746,77.216,48.278,398,1,646,496,60.943,46.792,470,44.340
1095,1095,36.500,818.516,511.748,77.218,48.278,398,1,646,496,60.943,46.792,470,44.340
1096,1096,36.533,818.523,511.771,77.219,48.280,400,1,646,496,60.943,46.792,470,44.340
1097,1097,36.567,818.646,511.800,77.231,48.283,401,1,646,496,60.943,46.792,470,44.340
1098,1098,36.600,818.657,511.789,77.232,48.282,401,1,646,496,60.943,46.792,470,44.340
1099,1099,36.633,818.730,511.773,77.239,48.281,410,1,646,496,60.943,46.792,470,44.340
1100,1100,36.667,819.127,511.786,77.276,48.282,413,1,646,496,60.943,46.792,470,44.340
1101,1101,36.700,819.051,511.742,77.269,48.278,417,1,646,496,60.943,46.792,470,44.340
1102,1102,36.733,819.375,511.639,77.300,48.268,424,1,646,496,60.943,46.792,470,44.340
1103,1103,36.767,819.461,511.494,77.308,48.254,423,1,646,496,60.943,46.792,470,44.340
1104,1104,36.800,819.394,511.334,77.301,48.239,426,1,646,496,60.943,46.792,470,44.340
1105,1105,36.833,819.651,511.022,77.326,48.210,433,1,646,496,60.943,46.792,470,44.340
1106,1106,36.867,819.064,510.925,77.270,48.200,421,1,646,496,60.943,46.792,470,44.340
1107,1107,36.900,818.554,510.939,77.222,48.202,414,1,646,496,60.943,46.792,470,44.340
1108,1108,36.933,818.501,510.811,77.217,48.190,420,1,646,496,60.943,46.792,470,44.340
1109,1109,36.967,818.272,510.836,77.195,48.192,414,1,646,496,60.943,46.792,470,44.340
1110,1110,37.000,817.991,510.859,77.169,48.194,407,1,646,496,60.943,46.792,470,44.340
1111,1111,37.033,818.250,510.757,77.193,48.185,413,1,646,496,60.943,46.792,470,44.340
1112,1112,37.067,818.375,510.736,77.205,48.183,409,1,646,496,60.943,46.792,470,44.340
1113,1113,37.100,818.296,510.729,77.198,48.182,409,1,646,496,60.943,46.792,470,44.340
1114,1114,37.133,818.166,510.773,77.185,48.186,411,1,646,496,60.943,46.792,470,44.340
1115,1115,37.167,818.218,510.766,77.190,48.185,407,1,646,496,60.943,46.792,470,44.340
1116,1116,37.200,817.975,510.837,77.167,48.192,401,1,646,496,60.943,46.792,470,44.340
1117,1117,37.233,817.928,510.806,77.163,48.189,407,1,646,496,60.943,46.792,470,44.340
1118,1118,37.267,817.870,510.841,77.158,48.193,405,1,646,496,60.943,46.792,470,44.340
1119,1119,37.300,817.790,510.855,77.150,48.194,404,1,646,496,60.943,46.792,470,44.340
1120,1120,37.333,817.905,510.728,77.161,48.182,413,1,646,496,60.943,46.792,470,44.340
1121,1121,37.367,818.215,510.597,77.190,48.169,411,1,646,496,60.943,46.792,470,44.340
1122,1122,37.400,818.034,510.576,77.173,48.168,403,1,646,496,60.943,46.792,470,44.340
1123,1123,37.433,817.610,510.573,77.133,48.167,412,1,646,496,60.943,46.792,470,44.340
1124,1124,37.467,817.783,510.520,77.149,48.162,397,1,646,496,60.943,46.792,470,44.340
1125,1125,37.500,817.795,510.497,77.150,48.160,398,1,646,496,60.943,46.792,470,44.340
1126,1126,37.533,817.615,510.381,77.133,48.149,411,1,646,496,60.943,46.792,470,44.340
1127,1127,37.567,817.515,510.425,77.124,48.153,403,1,646,496,60.943,46.792,470,44.340
1128,1128,37.600,817.481,510.412,77.121,48.152,402,1,646,496,60.943,46.792,470,44.340
1129,1129,37.633,817.435,510.381,77.116,48.149,405,1,646,496,60.943,46.792,470,44.340
1130,1130,37.667,817.344,510.406,77.108,48.151,407,1,646,496,60.943,46.792,470,44.340
1131,1131,37.700,817.466,510.425,77.119,48.153,403,1,646,496,60.943,46.792,470,44.340
1132,1132,37.733,817.497,510.279,77.122,48.139,418,1,646,496,60.943,46.792,470,44.340
1133,1133,37.767,817.613,510.262,77.133,48.138,415,1,646,496,60.943,46.792,470,44.340
1134,1134,37.800,817.555,510.311,77.128,48.143,407,1,646,496,60.943,46.792,470,44.340
1135,1135,37.833,817.726,510.327,77.144,48.144,412,1,646,496,60.943,46.792,470,44.340
1136,1136,37.867,817.707,510.288,77.142,48.140,412,1,646,496,60.943,46.792,470,44.340
1137,1137,37.900,817.693,510.285,77.141,48.140,412,1,646,496,60.943,46.792,470,44.340
1138,1138,37.933,817.747,510.243,77.146,48.136,418,1,646,496,60.943,46.792,470,44.340
1139,1139,37.967,817.817,510.184,77.153,48.131,416,1,646,496,60.943,46.792,470,44.340
1140,1140,38.000,817.728,510.232,77.144,48.135,412,1,646,496,60.943,46.792,470,44.340
1141,1141,38.033,817.974,510.195,77.167,48.132,412,1,646,496,60.943,46.792,470,44.340
1142,1142,38.067,817.945,510.182,77.165,48.130,411,1,646,496,60.943,46.792,470,44.340
1143,1143,38.100,817.822,510.228,77.153,48.135,403,1,646,496,60.943,46.792,470,44.340
1144,1144,38.133,817.909,510.190,77.161,48.131,405,1,646,496,60.943,46.792,470,44.340
1145,1145,38.167,817.909,510.190,77.161,48.131,405,1,646,496,60.943,46.792,470,44.340
1146,1146,38.200,817.865,510.139,77.157,48.126,411,1,646,496,60.943,46.792,470,44.340
1147,1147,38.233,818.124,510.048,77.182,48.118,410,1,646,496,60.943,46.792,470,44.340
1148,1148,38.267,819.055,509.847,77.269,48.099,395,1,646,496,60.943,46.792,470,44.340
1149,1149,38.300,819.510,509.660,77.312,48.081,381,1,646,496,60.943,46.792,470,44.340
1150,1150,38.333,819.889,509.549,77.348,48.071,371,1,646,496,60.943,46.792,470,44.340
1151,1151,38.367,820.221,509.501,77.379,48.066,358,1,646,496,60.943,46.792,470,44.340
1152,1152,38.400,820.359,509.426,77.392,48.059,351,1,646,496,60.943,46.792,470,44.340
1153,1153,38.433,820.472,509.458,77.403,48.062,356,1,646,496,60.943,46.792,470,44.340
1154,1154,38.467,820.402,509.428,77.396,48.059,351,1,646,496,60.943,46.792,470,44.340
1155,1155,38.500,820.121,509.494,77.370,48.065,342,1,646,496,60.943,46.792,470,44.340
1156,1156,38.533,820.060,509.324,77.364,48.049,358,1,646,496,60.943,46.792,470,44.340
1157,1157,38.567,820.037,509.124,77.362,48.031,359,1,646,496,60.943,46.792,470,44.340
1158,1158,38.600,819.475,509.117,77.309,48.030,340,1,646,496,60.943,46.792,470,44.340
1159,1159,38.633,819.502,508.914,77.312,48.011,350,1,646,496,60.943,46.792,470,44.340
1160,1160,38.667,819.519,508.757,77.313,47.996,354,1,646,496,60.943,46.792,470,44.340
1161,1161,38.700,819.248,508.763,77.288,47.997,344,1,646,496,60.943,46.792,470,44.340
1162,1162,38.733,819.513,508.561,77.313,47.977,349,1,646,496,60.943,46.792,470,44.340
1163,1163,38.767,819.719,508.425,77.332,47.965,351,1,646,496,60.943,46.792,470,44.340
1164,1164,38.800,819.869,508.331,77.346,47.956,351,1,646,496,60.943,46.792,470,44.340
1165,1165,38.833,820.337,508.047,77.390,47.929,363,1,646,496,60.943,46.792,470,44.340
1166,1166,38.867,820.570,507.934,77.412,47.918,371,1,646,496,60.943,46.792,470,44.340
1167,1167,38.900,820.594,507.959,77.415,47.921,365,1,646,496,60.943,46.792,470,44.340
1168,1168,38.933,820.996,507.723,77.452,47.898,380,1,646,496,60.943,46.792,470,44.340
1169,1169,38.967,821.516,507.462,77.502,47.874,375,1,646,496,60.943,46.792,470,44.340
1170,1170,39.000,822.000,507.238,77.547,47.853,375,1,646,496,60.943,46.792,470,44.340
1171,1171,39.033,822.615,506.905,77.605,47.821,383,1,646,496,60.943,46.792,470,44.340
1172,1172,39.067,823.022,506.709,77.644,47.803,382,1,646,496,60.943,46.792,470,44.340
1173,1173,39.100,823.270,506.617,77.667,47.794,377,1,646,496,60.943,46.792,470,44.340
1174,1174,39.133,823.660,506.465,77.704,47.780,397,1,646,496,60.943,46.792,470,44.340
1175,1175,39.167,824.034,506.309,77.739,47.765,393,1,646,496,60.943,46.792,470,44.340
1176,1176,39.200,824.132,506.205,77.748,47.755,380,1,646,496,60.943,46.792,470,44.340
1177,1177,39.233,824.400,506.098,77.774,47.745,383,1,646,496,60.943,46.792,470,44.340
1178,1178,39.267,825.102,505.727,77.840,47.710,383,1,646,496,60.943,46.792,470,44.340
1179,1179,39.300,825.749,505.571,77.901,47.695,377,1,646,496,60.943,46.792,470,44.340
1180,1180,39.333,826.334,505.321,77.956,47.672,375,1,646,496,60.943,46.792,470,44.340
1181,1181,39.367,826.596,505.211,77.981,47.661,364,1,646,496,60.943,46.792,470,44.340
1182,1182,39.400,827.014,505.071,78.020,47.648,348,1,646,496,60.943,46.792,470,44.340
1183,1183,39.433,827.048,505.073,78.023,47.648,352,1,646,496,60.943,46.792,470,44.340
1184,1184,39.467,827.292,504.875,78.046,47.630,351,1,646,496,60.943,46.792,470,44.340
1185,1185,39.500,826.892,505.062,78.009,47.647,341,1,646,496,60.943,46.792,470,44.340
1186,1186,39.533,826.976,505.048,78.017,47.646,344,1,646,496,60.943,46.792,470,44.340
1187,1187,39.567,827.289,504.876,78.046,47.630,350,1,646,496,60.943,46.792,470,44.340
1188,1188,39.600,827.112,504.892,78.029,47.631,342,1,646,496,60.943,46.792,470,44.340
1189,1189,39.633,827.009,505.022,78.020,47.644,343,1,646,496,60.943,46.792,470,44.340
1190,1190,39.667,827.019,504.929,78.021,47.635,353,1,646,496,60.943,46.792,470,44.340
1191,1191,39.700,826.920,504.921,78.011,47.634,341,1,646,496,60.943,46.792,470,44.340
1192,1192,39.733,826.990,504.864,78.018,47.629,341,1,646,496,60.943,46.792,470,44.340
1193,1193,39.767,827.203,504.638,78.038,47.607,356,1,646,496,60.943,46.792,470,44.340
1194,1194,39.800,827.328,504.536,78.050,47.598,346,1,646,496,60.943,46.792,470,44.340
1195,1195,39.833,827.784,504.215,78.093,47.567,351,1,646,496,60.943,46.792,470,44.340
1196,1196,39.867,828.046,504.026,78.118,47.550,358,1,646,496,60.943,46.792,470,44.340
1197,1197,39.900,828.566,503.687,78.167,47.518,354,1,646,496,60.943,46.792,470,44.340
1198,1198,39.933,828.829,503.508,78.191,47.501,363,1,646,496,60.943,46.792,470,44.340
1199,1199,39.967,829.721,503.062,78.276,47.459,369,1,646,496,60.943,46.792,470,44.340
1200,1200,40.000,830.430,502.599,78.342,47.415,363,1,646,496,60.943,46.792,470,44.340
1201,1201,40.033,830.976,502.283,78.394,47.385,372,1,646,496,60.943,46.792,470,44.340
1202,1202,40.067,831.232,501.989,78.418,47.357,381,1,646,496,60.943,46.792,470,44.340
1203,1203,40.100,831.649,501.735,78.457,47.333,381,1,646,496,60.943,46.792,470,44.340
1204,1204,40.133,831.769,501.729,78.469,47.333,382,1,646,496,60.943,46.792,470,44.340
1205,1205,40.167,831.925,501.550,78.483,47.316,396,1,646,496,60.943,46.792,470,44.340
1206,1206,40.200,832.372,501.303,78.526,47.293,390,1,646,496,60.943,46.792,470,44.340
1207,1207,40.233,832.750,501.132,78.561,47.277,388,1,646,496,60.943,46.792,470,44.340
1208,1208,40.267,833.106,500.969,78.595,47.261,391,1,646,496,60.943,46.792,470,44.340
1209,1209,40.300,833.309,500.916,78.614,47.256,380,1,646,496,60.943,46.792,470,44.340
1210,1210,40.333,833.242,500.955,78.608,47.260,377,1,646,496,60.943,46.792,470,44.340
1211,1211,40.367,833.594,500.800,78.641,47.245,386,1,646,496,60.943,46.792,470,44.340
1212,1212,40.400,833.500,500.881,78.632,47.253,380,1,646,496,60.943,46.792,470,44.340
1213,1213,40.433,833.680,500.844,78.649,47.249,374,1,646,496,60.943,46.792,470,44.340
1214,1214,40.467,833.953,500.667,78.675,47.233,384,1,646,496,60.943,46.792,470,44.340
1215,1215,40.500,834.560,500.329,78.732,47.201,359,1,646,496,60.943,46.792,470,44.340
1216,1216,40.533,834.826,500.202,78.757,47.189,354,1,646,496,60.943,46.792,470,44.340
1217,1217,40.567,834.986,500.111,78.772,47.180,353,1,646,496,60.943,46.792,470,44.340
1218,1218,40.600,835.402,499.903,78.811,47.161,336,1,646,496,60.943,46.792,470,44.340
1219,1219,40.633,835.333,499.915,78.805,47.162,337,1,646,496,60.943,46.792,470,44.340
1220,1220,40.667,835.433,499.815,78.814,47.152,340,1,646,496,60.943,46.792,470,44.340
1221,1221,40.700,835.300,499.816,78.802,47.152,332,1,646,496,60.943,46.792,470,44.340
1222,1222,40.733,835.188,499.844,78.791,47.155,336,1,646,496,60.943,46.792,470,44.340
1223,1223,40.767,835.424,499.819,78.814,47.153,349,1,646,496,60.943,46.792,470,44.340
1224,1224,40.800,835.301,499.879,78.802,47.158,343,1,646,496,60.943,46.792,470,44.340
1225,1225,40.833,835.292,499.942,78.801,47.164,348,1,646,496,60.943,46.792,470,44.340
1226,1226,40.867,835.505,499.781,78.821,47.149,360,1,646,496,60.943,46.792,470,44.340
1227,1227,40.900,835.795,499.576,78.849,47.130,352,1,646,496,60.943,46.792,470,44.340
1228,1228,40.933,836.165,499.501,78.884,47.123,358,1,646,496,60.943,46.792,470,44.340
1229,1229,40.967,836.693,499.253,78.933,47.099,369,1,646,496,60.943,46.792,470,44.340
1230,1230,41.000,836.816,499.140,78.945,47.089,364,1,646,496,60.943,46.792,470,44.340
1231,1231,41.033,837.076,499.098,78.969,47.085,370,1,646,496,60.943,46.792,470,44.340
1232,1232,41.067,837.756,498.710,79.034,47.048,376,1,646,496,60.943,46.792,470,44.340
1233,1233,41.100,838.276,498.447,79.083,47.023,373,1,646,496,60.943,46.792,470,44.340
1234,1234,41.133,838.887,498.160,79.140,46.996,364,1,646,496,60.943,46.792,470,44.340
1235,1235,41.167,839.956,497.650,79.241,46.948,389,1,646,496,60.943,46.792,470,44.340
1236,1236,41.200,840.337,497.650,79.277,46.948,387,1,646,496,60.943,46.792,470,44.340
1237,1237,41.233,840.983,497.345,79.338,46.919,396,1,646,496,60.943,46.792,470,44.340
1238,1238,41.267,841.444,497.176,79.381,46.903,402,1,646,496,60.943,46.792,470,44.340
1239,1239,41.300,841.645,497.036,79.400,46.890,396,1,646,496,60.943,46.792,470,44.340
1240,1240,41.333,841.874,496.876,79.422,46.875,388,1,646,496,60.943,46.792,470,44.340
1241,1241,41.367,842.327,496.693,79.465,46.858,392,1,646,496,60.943,46.792,470,44.340
1242,1242,41.400,842.739,496.459,79.504,46.836,379,1,646,496,60.943,46.792,470,44.340
1243,1243,41.433,843.241,496.224,79.551,46.814,368,1,646,496,60.943,46.792,470,44.340
1244,1244,41.467,843.607,496.077,79.586,46.800,363,1,646,496,60.943,46.792,470,44.340
1245,1245,41.500,844.630,495.592,79.682,46.754,356,1,646,496,60.943,46.792,470,44.340
1246,1246,41.533,844.475,495.683,79.667,46.763,347,1,646,496,60.943,46.792,470,44.340
1247,1247,41.567,844.833,495.554,79.701,46.750,345,1,646,496,60.943,46.792,470,44.340
1248,1248,41.600,844.946,495.505,79.712,46.746,338,1,646,496,60.943,46.792,470,44.340
1249,1249,41.633,844.960,495.487,79.713,46.744,338,1,646,496,60.943,46.792,470,44.340
1250,1250,41.667,844.932,495.480,79.711,46.743,342,1,646,496,60.943,46.792,470,44.340
1251,1251,41.700,844.868,495.329,79.704,46.729,340,1,646,496,60.943,46.792,470,44.340
1252,1252,41.733,844.506,495.453,79.670,46.741,333,1,646,496,60.943,46.792,470,44.340
1253,1253,41.767,844.805,495.386,79.699,46.735,347,1,646,496,60.943,46.792,470,44.340
1254,1254,41.800,844.776,495.392,79.696,46.735,346,1,646,496,60.943,46.792,470,44.340
1255,1255,41.833,844.841,495.409,79.702,46.737,343,1,646,496,60.943,46.792,470,44.340
1256,1256,41.867,845.071,495.178,79.724,46.715,354,1,646,496,60.943,46.792,470,44.340
1257,1257,41.900,845.244,495.074,79.740,46.705,361,1,646,496,60.943,46.792,470,44.340
1258,1258,41.933,845.568,494.987,79.771,46.697,353,1,646,496,60.943,46.792,470,44.340
1259,1259,41.967,846.028,494.868,79.814,46.686,363,1,646,496,60.943,46.792,470,44.340
1260,1260,42.000,846.396,494.783,79.849,46.678,374,1,646,496,60.943,46.792,470,44.340
1261,1261,42.033,847.070,494.557,79.912,46.656,359,1,646,496,60.943,46.792,470,44.340
1262,1262,42.067,847.516,494.224,79.954,46.625,376,1,646,496,60.943,46.792,470,44.340
1263,1263,42.100,847.743,494.136,79.976,46.617,379,1,646,496,60.943,46.792,470,44.340
1264,1264,42.133,848.469,493.737,80.044,46.579,380,1,646,496,60.943,46.792,470,44.340
1265,1265,42.167,848.637,493.681,80.060,46.574,385,1,646,496,60.943,46.792,470,44.340
1266,1266,42.200,848.814,493.626,80.077,46.569,390,1,646,496,60.943,46.792,470,44.340
1267,1267,42.233,848.734,493.659,80.069,46.572,392,1,646,496,60.943,46.792,470,44.340
1268,1268,42.267,849.351,493.302,80.127,46.538,396,1,646,496,60.943,46.792,470,44.340
1269,1269,42.300,849.525,493.206,80.144,46.529,391,1,646,496,60.943,46.792,470,44.340
1270,1270,42.333,850.025,492.908,80.191,46.501,384,1,646,496,60.943,46.792,470,44.340
1271,1271,42.367,850.282,492.686,80.215,46.480,391,1,646,496,60.943,46.792,470,44.340
1272,1272,42.400,850.345,492.669,80.221,46.478,385,1,646,496,60.943,46.792,470,44.340
1273,1273,42.433,850.387,492.631,80.225,46.475,381,1,646,496,60.943,46.792,470,44.340
1274,1274,42.467,850.608,492.467,80.246,46.459,391,1,646,496,60.943,46.792,470,44.340
1275,1275,42.500,850.861,492.359,80.270,46.449,391,1,646,496,60.943,46.792,470,44.340
1276,1276,42.533,851.186,492.129,80.301,46.427,377,1,646,496,60.943,46.792,470,44.340
1277,1277,42.567,851.933,491.709,80.371,46.388,379,1,646,496,60.943,46.792,470,44.340
1278,1278,42.600,852.294,491.516,80.405,46.369,370,1,646,496,60.943,46.792,470,44.340
1279,1279,42.633,852.437,491.242,80.419,46.344,357,1,646,496,60.943,46.792,470,44.340
1280,1280,42.667,852.648,491.129,80.438,46.333,354,1,646,496,60.943,46.792,470,44.340
1281,1281,42.700,853.016,490.917,80.473,46.313,344,1,646,496,60.943,46.792,470,44.340
1282,1282,42.733,853.128,490.886,80.484,46.310,339,1,646,496,60.943,46.792,470,44.340
1283,1283,42.767,853.311,490.756,80.501,46.298,344,1,646,496,60.943,46.792,470,44.340
1284,1284,42.800,853.298,490.793,80.500,46.301,343,1,646,496,60.943,46.792,470,44.340
1285,1285,42.833,853.265,490.818,80.497,46.304,328,1,646,496,60.943,46.792,470,44.340
1286,1286,42.867,853.197,490.864,80.490,46.308,332,1,646,496,60.943,46.792,470,44.340
1287,1287,42.900,853.204,490.852,80.491,46.307,332,1,646,496,60.943,46.792,470,44.340
1288,1288,42.933,853.199,490.838,80.490,46.305,330,1,646,496,60.943,46.792,470,44.340
1289,1289,42.967,853.296,490.802,80.500,46.302,338,1,646,496,60.943,46.792,470,44.340
1290,1290,43.000,853.391,490.743,80.509,46.296,339,1,646,496,60.943,46.792,470,44.340
1291,1291,43.033,853.406,490.606,80.510,46.284,338,1,646,496,60.943,46.792,470,44.340
1292,1292,43.067,853.890,490.263,80.556,46.251,359,1,646,496,60.943,46.792,470,44.340
1293,1293,43.100,854.285,489.937,80.593,46.220,367,1,646,496,60.943,46.792,470,44.340
1294,1294,43.133,854.568,489.741,80.620,46.202,365,1,646,496,60.943,46.792,470,44.340
1295,1295,43.167,854.796,489.642,80.641,46.193,372,1,646,496,60.943,46.792,470,44.340
1296,1296,43.200,855.289,489.343,80.688,46.164,375,1,646,496,60.943,46.792,470,44.340
1297,1297,43.233,855.538,489.243,80.711,46.155,370,1,646,496,60.943,46.792,470,44.340
1298,1298,43.267,856.293,488.857,80.782,46.119,390,1,646,496,60.943,46.792,470,44.340
1299,1299,43.300,856.458,488.723,80.798,46.106,396,1,646,496,60.943,46.792,470,44.340
1300,1300,43.333,856.889,488.489,80.839,46.084,394,1,646,496,60.943,46.792,470,44.340
1301,1301,43.367,857.437,488.204,80.890,46.057,402,1,646,496,60.943,46.792,470,44.340
1302,1302,43.400,857.625,488.116,80.908,46.049,412,1,646,496,60.943,46.792,470,44.340
1303,1303,43.433,858.301,487.668,80.972,46.006,399,1,646,496,60.943,46.792,470,44.340
1304,1304,43.467,858.163,487.787,80.959,46.018,411,1,646,496,60.943,46.792,470,44.340
1305,1305,43.500,858.283,487.732,80.970,46.012,415,1,646,496,60.943,46.792,470,44.340
1306,1306,43.533,858.470,487.624,80.988,46.002,407,1,646,496,60.943,46.792,470,44.340
1307,1307,43.567,858.583,487.523,80.998,45.993,418,1,646,496,60.943,46.792,470,44.340
1308,1308,43.600,858.664,487.490,81.006,45.990,420,1,646,496,60.943,46.792,470,44.340
1309,1309,43.633,859.059,487.281,81.043,45.970,407,1,646,496,60.943,46.792,470,44.340
1310,1310,43.667,858.891,487.286,81.027,45.970,408,1,646,496,60.943,46.792,470,44.340
1311,1311,43.700,859.070,487.211,81.044,45.963,415,1,646,496,60.943,46.792,470,44.340
1312,1312,43.733,859.149,487.217,81.052,45.964,401,1,646,496,60.943,46.792,470,44.340
1313,1313,43.767,859.283,487.116,81.064,45.954,404,1,646,496,60.943,46.792,470,44.340
1314,1314,43.800,859.846,486.832,81.118,45.928,398,1,646,496,60.943,46.792,470,44.340
1315,1315,43.833,860.129,486.737,81.144,45.919,385,1,646,496,60.943,46.792,470,44.340
1316,1316,43.867,860.342,486.621,81.164,45.908,389,1,646,496,60.943,46.792,470,44.340
1317,1317,43.900,860.793,486.316,81.207,45.879,381,1,646,496,60.943,46.792,470,44.340
1318,1318,43.933,861.123,486.166,81.238,45.865,359,1,646,496,60.943,46.792,470,44.340
1319,1319,43.967,861.029,486.221,81.229,45.870,354,1,646,496,60.943,46.792,470,44.340
1320,1320,44.000,861.356,486.038,81.260,45.853,351,1,646,496,60.943,46.792,470,44.340
1321,1321,44.033,861.911,485.848,81.312,45.835,331,1,646,496,60.943,46.792,470,44.340
1322,1322,44.067,861.836,485.821,81.305,45.832,336,1,646,496,60.943,46.792,470,44.340
1323,1323,44.100,861.822,485.778,81.304,45.828,337,1,646,496,60.943,46.792,470,44.340
1324,1324,44.133,861.798,485.821,81.302,45.832,330,1,646,496,60.943,46.792,470,44.340
1325,1325,44.167,861.798,485.821,81.302,45.832,330,1,646,496,60.943,46.792,470,44.340
1326,1326,44.200,861.798,485.821,81.302,45.832,330,1,646,496,60.943,46.792,470,44.340
1327,1327,44.233,861.763,485.828,81.298,45.833,330,1,646,496,60.943,46.792,470,44.340
1328,1328,44.267,861.530,485.906,81.276,45.840,336,1,646,496,60.943,46.792,470,44.340
1329,1329,44.300,861.656,485.784,81.288,45.829,341,1,646,496,60.943,46.792,470,44.340
1330,1330,44.333,861.870,485.659,81.309,45.817,348,1,646,496,60.943,46.792,470,44.340
1331,1331,44.367,862.293,485.410,81.348,45.793,352,1,646,496,60.943,46.792,470,44.340
1332,1332,44.400,863.068,484.934,81.421,45.749,373,1,646,496,60.943,46.792,470,44.340
1333,1333,44.433,862.839,485.081,81.400,45.762,374,1,646,496,60.943,46.792,470,44.340
1334,1334,44.467,863.192,484.882,81.433,45.744,383,1,646,496,60.943,46.792,470,44.340
1335,1335,44.500,863.444,484.605,81.457,45.717,382,1,646,496,60.943,46.792,470,44.340
1336,1336,44.533,863.549,484.530,81.467,45.710,376,1,646,496,60.943,46.792,470,44.340
1337,1337,44.567,863.811,484.422,81.492,45.700,384,1,646,496,60.943,46.792,470,44.340
1338,1338,44.600,864.170,484.281,81.525,45.687,398,1,646,496,60.943,46.792,470,44.340
1339,1339,44.633,864.685,484.024,81.574,45.663,399,1,646,496,60.943,46.792,470,44.340
1340,1340,44.667,864.636,484.051,81.569,45.665,397,1,646,496,60.943,46.792,470,44.340
1341,1341,44.700,864.918,483.875,81.596,45.649,410,1,646,496,60.943,46.792,470,44.340
1342,1342,44.733,864.933,483.806,81.597,45.642,406,1,646,496,60.943,46.792,470,44.340
1343,1343,44.767,865.246,483.629,81.627,45.625,410,1,646,496,60.943,46.792,470,44.340
1344,1344,44.800,865.635,483.449,81.664,45.608,422,1,646,496,60.943,46.792,470,44.340
1345,1345,44.833,865.566,483.469,81.657,45.610,419,1,646,496,60.943,46.792,470,44.340
1346,1346,44.867,865.523,483.510,81.653,45.614,416,1,646,496,60.943,46.792,470,44.340
1347,1347,44.900,865.611,483.452,81.661,45.609,421,1,646,496,60.943,46.792,470,44.340
1348,1348,44.933,865.999,483.284,81.698,45.593,410,1,646,496,60.943,46.792,470,44.340
1349,1349,44.967,866.117,483.200,81.709,45.585,405,1,646,496,60.943,46.792,470,44.340
1350,1350,45.000,866.155,483.319,81.713,45.596,413,1,646,496,60.943,46.792,470,44.340
1351,1351,45.033,866.355,483.234,81.732,45.588,402,1,646,496,60.943,46.792,470,44.340
1352,1352,45.067,866.527,483.166,81.748,45.582,395,1,646,496,60.943,46.792,470,44.340
1353,1353,45.100,866.891,483.091,81.782,45.575,406,1,646,496,60.943,46.792,470,44.340
1354,1354,45.133,867.119,483.002,81.804,45.566,389,1,646,496,60.943,46.792,470,44.340
1355,1355,45.167,867.192,482.971,81.811,45.563,383,1,646,496,60.943,46.792,470,44.340
1356,1356,45.200,867.307,482.997,81.821,45.566,396,1,646,496,60.943,46.792,470,44.340
1357,1357,45.233,867.552,482.837,81.845,45.551,389,1,646,496,60.943,46.792,470,44.340
1358,1358,45.267,867.676,482.788,81.856,45.546,385,1,646,496,60.943,46.792,470,44.340
1359,1359,45.300,867.812,482.627,81.869,45.531,384,1,646,496,60.943,46.792,470,44.340
1360,1360,45.333,868.292,482.365,81.914,45.506,375,1,646,496,60.943,46.792,470,44.340
1361,1361,45.367,868.392,482.305,81.924,45.501,367,1,646,496,60.943,46.792,470,44.340
1362,1362,45.400,868.908,482.150,81.972,45.486,369,1,646,496,60.943,46.792,470,44.340
1363,1363,45.433,869.371,481.904,82.016,45.463,357,1,646,496,60.943,46.792,470,44.340
1364,1364,45.467,869.539,481.888,82.032,45.461,343,1,646,496,60.943,46.792,470,44.340
1365,1365,45.500,869.781,481.847,82.055,45.457,347,1,646,496,60.943,46.792,470,44.340
1366,1366,45.533,869.859,481.796,82.062,45.452,342,1,646,496,60.943,46.792,470,44.340
1367,1367,45.567,870.015,481.701,82.077,45.444,334,1,646,496,60.943,46.792,470,44.340
1368,1368,45.600,870.310,481.568,82.105,45.431,338,1,646,496,60.943,46.792,470,44.340
1369,1369,45.633,870.309,481.562,82.105,45.430,337,1,646,496,60.943,46.792,470,44.340
1370,1370,45.667,870.027,481.711,82.078,45.444,324,1,646,496,60.943,46.792,470,44.340
1371,1371,45.700,870.271,481.660,82.101,45.440,340,1,646,496,60.943,46.792,470,44.340
1372,1372,45.733,870.166,481.705,82.091,45.444,337,1,646,496,60.943,46.792,470,44.340
1373,1373,45.767,870.163,481.759,82.091,45.449,332,1,646,496,60.943,46.792,470,44.340
1374,1374,45.800,870.469,481.708,82.120,45.444,349,1,646,496,60.943,46.792,470,44.340
1375,1375,45.833,870.814,481.586,82.152,45.433,353,1,646,496,60.943,46.792,470,44.340
1376,1376,45.867,871.210,481.361,82.190,45.411,348,1,646,496,60.943,46.792,470,44.340
1377,1377,45.900,871.379,481.316,82.206,45.407,365,1,646,496,60.943,46.792,470,44.340
1378,1378,45.933,871.629,481.180,82.229,45.394,360,1,646,496,60.943,46.792,470,44.340
1379,1379,45.967,872.103,480.993,82.274,45.377,369,1,646,496,60.943,46.792,470,44.340
1380,1380,46.000,872.612,480.828,82.322,45.361,387,1,646,496,60.943,46.792,470,44.340
1381,1381,46.033,873.464,480.530,82.402,45.333,383,1,646,496,60.943,46.792,470,44.340
1382,1382,46.067,873.685,480.457,82.423,45.326,383,1,646,496,60.943,46.792,470,44.340
1383,1383,46.100,874.799,480.046,82.528,45.287,394,1,646,496,60.943,46.792,470,44.340
1384,1384,46.133,875.245,479.892,82.570,45.273,396,1,646,496,60.943,46.792,470,44.340
1385,1385,46.167,875.666,479.767,82.610,45.261,403,1,646,496,60.943,46.792,470,44.340
1386,1386,46.200,875.967,479.628,82.638,45.248,410,1,646,496,60.943,46.792,470,44.340
1387,1387,46.233,876.246,479.568,82.665,45.242,404,1,646,496,60.943,46.792,470,44.340
1388,1388,46.267,876.368,479.410,82.676,45.227,396,1,646,496,60.943,46.792,470,44.340
1389,1389,46.300,876.466,479.379,82.685,45.224,398,1,646,496,60.943,46.792,470,44.340
1390,1390,46.333,876.415,479.388,82.681,45.225,402,1,646,496,60.943,46.792,470,44.340
1391,1391,46.367,876.204,479.425,82.661,45.229,394,1,646,496,60.943,46.792,470,44.340
1392,1392,46.400,876.242,479.423,82.664,45.229,395,1,646,496,60.943,46.792,470,44.340
1393,1393,46.433,876.283,479.397,82.668,45.226,397,1,646,496,60.943,46.792,470,44.340
1394,1394,46.467,876.340,479.372,82.674,45.224,393,1,646,496,60.943,46.792,470,44.340
1395,1395,46.500,876.113,479.523,82.652,45.238,401,1,646,496,60.943,46.792,470,44.340
1396,1396,46.533,876.153,479.521,82.656,45.238,402,1,646,496,60.943,46.792,470,44.340
1397,1397,46.567,876.179,479.436,82.658,45.230,396,1,646,496,60.943,46.792,470,44.340
1398,1398,46.600,876.213,479.411,82.662,45.227,395,1,646,496,60.943,46.792,470,44.340
1399,1399,46.633,876.213,479.411,82.662,45.227,395,1,646,496,60.943,46.792,470,44.340
1400,1400,46.667,876.207,479.400,82.661,45.226,394,1,646,496,60.943,46.792,470,44.340
1401,1401,46.700,876.146,479.472,82.655,45.233,397,1,646,496,60.943,46.792,470,44.340
1402,1402,46.733,876.152,479.470,82.656,45.233,397,1,646,496,60.943,46.792,470,44.340
1403,1403,46.767,875.883,479.599,82.630,45.245,387,1,646,496,60.943,46.792,470,44.340
1404,1404,46.800,875.991,479.561,82.641,45.242,393,1,646,496,60.943,46.792,470,44.340
1405,1405,46.833,875.988,479.562,82.640,45.242,393,1,646,496,60.943,46.792,470,44.340
1406,1406,46.867,875.824,479.691,82.625,45.254,387,1,646,496,60.943,46.792,470,44.340
1407,1407,46.900,875.876,479.661,82.630,45.251,388,1,646,496,60.943,46.792,470,44.340
1408,1408,46.933,876.032,479.562,82.645,45.242,386,1,646,496,60.943,46.792,470,44.340
1409,1409,46.967,876.493,479.316,82.688,45.219,369,1,646,496,60.943,46.792,470,44.340
1410,1410,47.000,877.103,478.951,82.746,45.184,375,1,646,496,60.943,46.792,470,44.340
1411,1411,47.033,877.772,478.659,82.809,45.157,358,1,646,496,60.943,46.792,470,44.340
1412,1412,47.067,878.463,478.283,82.874,45.121,340,1,646,496,60.943,46.792,470,44.340
1413,1413,47.100,879.014,478.016,82.926,45.096,344,1,646,496,60.943,46.792,470,44.340
1414,1414,47.133,879.567,477.824,82.978,45.078,337,1,646,496,60.943,46.792,470,44.340
1415,1415,47.167,879.473,477.899,82.969,45.085,325,1,646,496,60.943,46.792,470,44.340
1416,1416,47.200,879.522,477.969,82.974,45.091,329,1,646,496,60.943,46.792,470,44.340
1417,1417,47.233,879.467,478.049,82.969,45.099,330,1,646,496,60.943,46.792,470,44.340
1418,1418,47.267,879.420,478.028,82.964,45.097,327,1,646,496,60.943,46.792,470,44.340
1419,1419,47.300,879.417,477.982,82.964,45.093,329,1,646,496,60.943,46.792,470,44.340
1420,1420,47.333,879.358,478.020,82.958,45.096,327,1,646,496,60.943,46.792,470,44.340
1421,1421,47.367,879.260,478.024,82.949,45.097,319,1,646,496,60.943,46.792,470,44.340
1422,1422,47.400,879.316,477.963,82.954,45.091,331,1,646,496,60.943,46.792,470,44.340
1423,1423,47.433,879.684,477.833,82.989,45.079,343,1,646,496,60.943,46.792,470,44.340
1424,1424,47.467,879.576,477.842,82.979,45.079,335,1,646,496,60.943,46.792,470,44.340
1425,1425,47.500,879.916,477.676,83.011,45.064,343,1,646,496,60.943,46.792,470,44.340
1426,1426,47.533,880.283,477.458,83.046,45.043,350,1,646,496,60.943,46.792,470,44.340
1427,1427,47.567,880.513,477.256,83.067,45.024,349,1,646,496,60.943,46.792,470,44.340
1428,1428,47.600,880.414,477.429,83.058,45.040,359,1,646,496,60.943,46.792,470,44.340
1429,1429,47.633,880.391,477.412,83.056,45.039,357,1,646,496,60.943,46.792,470,44.340
1430,1430,47.667,880.413,477.429,83.058,45.040,354,1,646,496,60.943,46.792,470,44.340
1431,1431,47.700,880.820,477.224,83.096,45.021,366,1,646,496,60.943,46.792,470,44.340
1432,1432,47.733,880.792,477.210,83.094,45.020,368,1,646,496,60.943,46.792,470,44.340
1433,1433,47.767,880.810,477.112,83.095,45.011,358,1,646,496,60.943,46.792,470,44.340
1434,1434,47.800,880.653,477.222,83.080,45.021,363,1,646,496,60.943,46.792,470,44.340
1435,1435,47.833,880.696,477.232,83.085,45.022,363,1,646,496,60.943,46.792,470,44.340
1436,1436,47.867,880.960,477.148,83.109,45.014,362,1,646,496,60.943,46.792,470,44.340
1437,1437,47.900,880.921,477.161,83.106,45.015,364,1,646,496,60.943,46.792,470,44.340
1438,1438,47.933,880.742,477.219,83.089,45.021,361,1,646,496,60.943,46.792,470,44.340
1439,1439,47.967,880.685,477.251,83.083,45.024,359,1,646,496,60.943,46.792,470,44.340
1440,1440,48.000,880.786,477.250,83.093,45.024,365,1,646,496,60.943,46.792,470,44.340
1441,1441,48.033,881.277,477.253,83.139,45.024,371,1,646,496,60.943,46.792,470,44.340
1442,1442,48.067,881.791,477.102,83.188,45.010,366,1,646,496,60.943,46.792,470,44.340
1443,1443,48.100,881.916,477.097,83.200,45.009,369,1,646,496,60.943,46.792,470,44.340
1444,1444,48.133,882.235,476.994,83.230,44.999,378,1,646,496,60.943,46.792,470,44.340
1445,1445,48.167,882.409,476.983,83.246,44.998,377,1,646,496,60.943,46.792,470,44.340
1446,1446,48.200,882.800,476.874,83.283,44.988,386,1,646,496,60.943,46.792,470,44.340
1447,1447,48.233,883.141,476.817,83.315,44.983,388,1,646,496,60.943,46.792,470,44.340
1448,1448,48.267,883.344,476.743,83.334,44.976,393,1,646,496,60.943,46.792,470,44.340
1449,1449,48.300,883.820,476.594,83.379,44.962,404,1,646,496,60.943,46.792,470,44.340
1450,1450,48.333,883.990,476.544,83.395,44.957,409,1,646,496,60.943,46.792,470,44.340
1451,1451,48.367,884.474,476.389,83.441,44.942,408,1,646,496,60.943,46.792,470,44.340
1452,1452,48.400,884.314,476.327,83.426,44.937,404,1,646,496,60.943,46.792,470,44.340
1453,1453,48.433,884.061,476.383,83.402,44.942,398,1,646,496,60.943,46.792,470,44.340
1454,1454,48.467,883.800,476.490,83.377,44.952,393,1,646,496,60.943,46.792,470,44.340
1455,1455,48.500,883.808,476.485,83.378,44.951,389,1,646,496,60.943,46.792,470,44.340
1456,1456,48.533,883.592,476.630,83.358,44.965,404,1,646,496,60.943,46.792,470,44.340
1457,1457,48.567,883.669,476.583,83.365,44.961,399,1,646,496,60.943,46.792,470,44.340
1458,1458,48.600,883.810,476.584,83.378,44.961,403,1,646,496,60.943,46.792,470,44.340
1459,1459,48.633,883.888,476.507,83.386,44.953,407,1,646,496,60.943,46.792,470,44.340
1460,1460,48.667,884.203,476.402,83.415,44.944,397,1,646,496,60.943,46.792,470,44.340
1461,1461,48.700,884.468,476.295,83.440,44.933,399,1,646,496,60.943,46.792,470,44.340
1462,1462,48.733,884.706,476.259,83.463,44.930,406,1,646,496,60.943,46.792,470,44.340
1463,1463,48.767,884.659,476.289,83.458,44.933,399,1,646,496,60.943,46.792,470,44.340
1464,1464,48.800,884.823,476.282,83.474,44.932,405,1,646,496,60.943,46.792,470,44.340
1465,1465,48.833,884.720,476.341,83.464,44.938,409,1,646,496,60.943,46.792,470,44.340
1466,1466,48.867,884.654,476.298,83.458,44.934,399,1,646,496,60.943,46.792,470,44.340
1467,1467,48.900,884.738,476.303,83.466,44.934,404,1,646,496,60.943,46.792,470,44.340
1468,1468,48.933,884.638,476.346,83.456,44.938,403,1,646,496,60.943,46.792,470,44.340
1469,1469,48.967,884.749,476.258,83.467,44.930,400,1,646,496,60.943,46.792,470,44.340
1470,1470,49.000,884.802,476.227,83.472,44.927,399,1,646,496,60.943,46.792,470,44.340
1471,1471,49.033,884.935,476.156,83.484,44.920,404,1,646,496,60.943,46.792,470,44.340
1472,1472,49.067,884.970,476.122,83.488,44.917,405,1,646,496,60.943,46.792,470,44.340
1473,1473,49.100,884.978,476.138,83.488,44.919,403,1,646,496,60.943,46.792,470,44.340
1474,1474,49.133,884.993,476.149,83.490,44.920,408,1,646,496,60.943,46.792,470,44.340
1475,1475,49.167,884.943,476.070,83.485,44.912,396,1,646,496,60.943,46.792,470,44.340
1476,1476,49.200,884.938,476.095,83.485,44.915,398,1,646,496,60.943,46.792,470,44.340
1477,1477,49.233,885.211,476.068,83.510,44.912,404,1,646,496,60.943,46.792,470,44.340
1478,1478,49.267,885.397,475.932,83.528,44.899,389,1,646,496,60.943,46.792,470,44.340
1479,1479,49.300,885.641,475.823,83.551,44.889,383,1,646,496,60.943,46.792,470,44.340
1480,1480,49.333,885.997,475.787,83.585,44.886,386,1,646,496,60.943,46.792,470,44.340
1481,1481,49.367,886.669,475.520,83.648,44.860,360,1,646,496,60.943,46.792,470,44.340
1482,1482,49.400,887.174,475.372,83.696,44.846,358,1,646,496,60.943,46.792,470,44.340
1483,1483,49.433,887.725,475.213,83.748,44.831,353,1,646,496,60.943,46.792,470,44.340
1484,1484,49.467,887.804,475.197,83.755,44.830,346,1,646,496,60.943,46.792,470,44.340
1485,1485,49.500,887.780,475.247,83.753,44.835,348,1,646,496,60.943,46.792,470,44.340
1486,1486,49.533,887.810,475.237,83.756,44.834,349,1,646,496,60.943,46.792,470,44.340
1487,1487,49.567,887.713,475.231,83.746,44.833,344,1,646,496,60.943,46.792,470,44.340
1488,1488,49.600,887.803,475.158,83.755,44.826,343,1,646,496,60.943,46.792,470,44.340
1489,1489,49.633,887.791,475.167,83.754,44.827,345,1,646,496,60.943,46.792,470,44.340
1490,1490,49.667,887.992,475.054,83.773,44.816,335,1,646,496,60.943,46.792,470,44.340
1491,1491,49.700,887.813,475.189,83.756,44.829,341,1,646,496,60.943,46.792,470,44.340
1492,1492,49.733,887.947,475.159,83.769,44.826,350,1,646,496,60.943,46.792,470,44.340
1493,1493,49.767,887.752,475.232,83.750,44.833,342,1,646,496,60.943,46.792,470,44.340
1494,1494,49.800,887.768,475.216,83.752,44.832,343,1,646,496,60.943,46.792,470,44.340
1495,1495,49.833,888.026,475.162,83.776,44.827,353,1,646,496,60.943,46.792,470,44.340
1496,1496,49.867,888.004,475.226,83.774,44.833,352,1,646,496,60.943,46.792,470,44.340
1497,1497,49.900,888.141,475.173,83.787,44.828,354,1,646,496,60.943,46.792,470,44.340
1498,1498,49.933,888.404,475.097,83.812,44.821,363,1,646,496,60.943,46.792,470,44.340
1499,1499,49.967,888.385,475.083,83.810,44.819,358,1,646,496,60.943,46.792,470,44.340
1500,1500,50.000,888.601,474.927,83.830,44.804,365,1,646,496,60.943,46.792,470,44.340
1501,1501,50.033,889.298,474.532,83.896,44.767,366,1,646,496,60.943,46.792,470,44.340
1502,1502,50.067,889.136,474.485,83.881,44.763,363,1,646,496,60.943,46.792,470,44.340
1503,1503,50.100,889.402,474.268,83.906,44.742,369,1,646,496,60.943,46.792,470,44.340
1504,1504,50.133,889.458,474.139,83.911,44.730,374,1,646,496,60.943,46.792,470,44.340
1505,1505,50.167,889.521,474.101,83.917,44.727,375,1,646,496,60.943,46.792,470,44.340
1506,1506,50.200,889.747,473.978,83.938,44.715,382,1,646,496,60.943,46.792,470,44.340
1507,1507,50.233,889.976,473.915,83.960,44.709,390,1,646,496,60.943,46.792,470,44.340
1508,1508,50.267,890.045,473.942,83.967,44.712,391,1,646,496,60.943,46.792,470,44.340
1509,1509,50.300,890.071,473.915,83.969,44.709,391,1,646,496,60.943,46.792,470,44.340
1510,1510,50.333,890.118,473.864,83.973,44.704,390,1,646,496,60.943,46.792,470,44.340
1511,1511,50.367,890.291,473.780,83.990,44.696,388,1,646,496,60.943,46.792,470,44.340
1512,1512,50.400,890.305,473.718,83.991,44.690,393,1,646,496,60.943,46.792,470,44.340
1513,1513,50.433,890.417,473.610,84.002,44.680,397,1,646,496,60.943,46.792,470,44.340
1514,1514,50.467,890.543,473.545,84.013,44.674,391,1,646,496,60.943,46.792,470,44.340
1515,1515,50.500,890.482,473.497,84.008,44.669,391,1,646,496,60.943,46.792,470,44.340
1516,1516,50.533,890.324,473.488,83.993,44.669,387,1,646,496,60.943,46.792,470,44.340
1517,1517,50.567,890.316,473.491,83.992,44.669,387,1,646,496,60.943,46.792,470,44.340
1518,1518,50.600,890.357,473.399,83.996,44.660,391,1,646,496,60.943,46.792,470,44.340
1519,1519,50.633,890.440,473.245,84.004,44.646,396,1,646,496,60.943,46.792,470,44.340
1520,1520,50.667,890.385,473.275,83.999,44.649,393,1,646,496,60.943,46.792,470,44.340
1521,1521,50.700,890.365,473.310,83.997,44.652,391,1,646,496,60.943,46.792,470,44.340
1522,1522,50.733,890.708,473.030,84.029,44.625,402,1,646,496,60.943,46.792,470,44.340
1523,1523,50.767,890.928,472.940,84.050,44.617,393,1,646,496,60.943,46.792,470,44.340
1524,1524,50.800,890.967,472.890,84.054,44.612,395,1,646,496,60.943,46.792,470,44.340
1525,1525,50.833,891.163,472.764,84.072,44.600,402,1,646,496,60.943,46.792,470,44.340
1526,1526,50.867,891.043,472.882,84.061,44.612,395,1,646,496,60.943,46.792,470,44.340
1527,1527,50.900,891.043,472.882,84.061,44.612,395,1,646,496,60.943,46.792,470,44.340
1528,1528,50.933,891.149,472.719,84.071,44.596,407,1,646,496,60.943,46.792,470,44.340
1529,1529,50.967,890.923,472.915,84.049,44.615,394,1,646,496,60.943,46.792,470,44.340
1530,1530,51.000,890.864,472.965,84.044,44.619,393,1,646,496,60.943,46.792,470,44.340
1531,1531,51.033,890.713,472.987,84.030,44.621,395,1,646,496,60.943,46.792,470,44.340
1532,1532,51.067,890.475,473.143,84.007,44.636,392,1,646,496,60.943,46.792,470,44.340
1533,1533,51.100,890.307,473.259,83.991,44.647,388,1,646,496,60.943,46.792,470,44.340
1534,1534,51.133,889.986,473.501,83.961,44.670,387,1,646,496,60.943,46.792,470,44.340
1535,1535,51.167,889.908,473.570,83.954,44.676,383,1,646,496,60.943,46.792,470,44.340
1536,1536,51.200,889.677,473.785,83.932,44.697,376,1,646,496,60.943,46.792,470,44.340
1537,1537,51.233,889.514,473.941,83.916,44.711,385,1,646,496,60.943,46.792,470,44.340
1538,1538,51.267,889.466,473.932,83.912,44.711,375,1,646,496,60.943,46.792,470,44.340
1539,1539,51.300,889.245,474.090,83.891,44.725,368,1,646,496,60.943,46.792,470,44.340
1540,1540,51.333,888.992,474.182,83.867,44.734,375,1,646,496,60.943,46.792,470,44.340
1541,1541,51.367,889.074,474.197,83.875,44.736,370,1,646,496,60.943,46.792,470,44.340
1542,1542,51.400,888.848,474.388,83.854,44.754,361,1,646,496,60.943,46.792,470,44.340
1543,1543,51.433,888.945,474.462,83.863,44.761,364,1,646,496,60.943,46.792,470,44.340
1544,1544,51.467,888.891,474.462,83.858,44.761,358,1,646,496,60.943,46.792,470,44.340
1545,1545,51.500,889.086,474.471,83.876,44.761,360,1,646,496,60.943,46.792,470,44.340
1546,1546,51.533,889.115,474.495,83.879,44.764,371,1,646,496,60.943,46.792,470,44.340
1547,1547,51.567,889.331,474.323,83.899,44.747,360,1,646,496,60.943,46.792,470,44.340
1548,1548,51.600,889.308,474.298,83.897,44.745,360,1,646,496,60.943,46.792,470,44.340
1549,1549,51.633,889.474,474.281,83.913,44.744,371,1,646,496,60.943,46.792,470,44.340
1550,1550,51.667,889.412,474.312,83.907,44.746,368,1,646,496,60.943,46.792,470,44.340
1551,1551,51.700,889.582,474.303,83.923,44.746,368,1,646,496,60.943,46.792,470,44.340
1552,1552,51.733,889.643,474.341,83.929,44.749,380,1,646,496,60.943,46.792,470,44.340
1553,1553,51.767,889.633,474.325,83.928,44.748,380,1,646,496,60.943,46.792,470,44.340
1554,1554,51.800,889.829,474.388,83.946,44.754,376,1,646,496,60.943,46.792,470,44.340
1555,1555,51.833,890.063,474.356,83.968,44.751,382,1,646,496,60.943,46.792,470,44.340
1556,1556,51.867,890.273,474.303,83.988,44.746,382,1,646,496,60.943,46.792,470,44.340
1557,1557,51.900,890.214,474.297,83.982,44.745,379,1,646,496,60.943,46.792,470,44.340
1558,1558,51.933,890.349,474.339,83.995,44.749,390,1,646,496,60.943,46.792,470,44.340
1559,1559,51.967,890.284,474.348,83.989,44.750,385,1,646,496,60.943,46.792,470,44.340
1560,1560,52.000,890.579,474.304,84.017,44.746,385,1,646,496,60.943,46.792,470,44.340
1561,1561,52.033,890.542,474.438,84.013,44.758,391,1,646,496,60.943,46.792,470,44.340
1562,1562,52.067,890.761,474.348,84.034,44.750,384,1,646,496,60.943,46.792,470,44.340
1563,1563,52.100,890.790,474.334,84.037,44.748,385,1,646,496,60.943,46.792,470,44.340
1564,1564,52.133,890.998,474.302,84.056,44.745,391,1,646,496,60.943,46.792,470,44.340
1565,1565,52.167,890.998,474.302,84.056,44.745,391,1,646,496,60.943,46.792,470,44.340
1566,1566,52.200,890.965,474.305,84.053,44.746,390,1,646,496,60.943,46.792,470,44.340
1567,1567,52.233,891.125,474.280,84.068,44.743,394,1,646,496,60.943,46.792,470,44.340
1568,1568,52.267,891.114,474.281,84.067,44.744,394,1,646,496,60.943,46.792,470,44.340
1569,1569,52.300,891.066,474.378,84.063,44.753,389,1,646,496,60.943,46.792,470,44.340
1570,1570,52.333,891.028,474.444,84.059,44.759,394,1,646,496,60.943,46.792,470,44.340
1571,1571,52.367,890.828,474.510,84.040,44.765,390,1,646,496,60.943,46.792,470,44.340
1572,1572,52.400,890.816,474.537,84.039,44.768,389,1,646,496,60.943,46.792,470,44.340
1573,1573,52.433,891.095,474.500,84.066,44.764,395,1,646,496,60.943,46.792,470,44.340
1574,1574,52.467,890.927,474.543,84.050,44.768,397,1,646,496,60.943,46.792,470,44.340
1575,1575,52.500,891.025,474.534,84.059,44.767,394,1,646,496,60.943,46.792,470,44.340
1576,1576,52.533,891.309,474.468,84.086,44.761,401,1,646,496,60.943,46.792,470,44.340
1577,1577,52.567,891.396,474.395,84.094,44.754,396,1,646,496,60.943,46.792,470,44.340
1578,1578,52.600,891.745,474.291,84.127,44.744,389,1,646,496,60.943,46.792,470,44.340
1579,1579,52.633,891.530,474.410,84.107,44.756,400,1,646,496,60.943,46.792,470,44.340
1580,1580,52.667,891.974,474.262,84.149,44.742,388,1,646,496,60.943,46.792,470,44.340
1581,1581,52.700,892.489,474.042,84.197,44.721,377,1,646,496,60.943,46.792,470,44.340
1582,1582,52.733,892.896,474.050,84.235,44.722,386,1,646,496,60.943,46.792,470,44.340
1583,1583,52.767,893.478,473.941,84.290,44.711,352,1,646,496,60.943,46.792,470,44.340
1584,1584,52.800,894.148,473.715,84.354,44.690,333,1,646,496,60.943,46.792,470,44.340
1585,1585,52.833,894.367,473.673,84.374,44.686,339,1,646,496,60.943,46.792,470,44.340
1586,1586,52.867,894.486,473.600,84.386,44.679,328,1,646,496,60.943,46.792,470,44.340
1587,1587,52.900,894.270,473.628,84.365,44.682,321,1,646,496,60.943,46.792,470,44.340
1588,1588,52.933,894.517,473.565,84.388,44.676,338,1,646,496,60.943,46.792,470,44.340
1589,1589,52.967,894.588,473.523,84.395,44.672,331,1,646,496,60.943,46.792,470,44.340
1590,1590,53.000,894.591,473.514,84.395,44.671,326,1,646,496,60.943,46.792,470,44.340
1591,1591,53.033,894.649,473.581,84.401,44.677,333,1,646,496,60.943,46.792,470,44.340
1592,1592,53.067,894.712,473.665,84.407,44.685,328,1,646,496,60.943,46.792,470,44.340
1593,1593,53.100,894.989,473.768,84.433,44.695,327,1,646,496,60.943,46.792,470,44.340
1594,1594,53.133,895.394,473.895,84.471,44.707,338,1,646,496,60.943,46.792,470,44.340
1595,1595,53.167,895.436,473.933,84.475,44.711,341,1,646,496,60.943,46.792,470,44.340
1596,1596,53.200,895.946,473.886,84.523,44.706,333,1,646,496,60.943,46.792,470,44.340
1597,1597,53.233,896.369,473.828,84.563,44.701,345,1,646,496,60.943,46.792,470,44.340
1598,1598,53.267,896.479,473.876,84.574,44.705,351,1,646,496,60.943,46.792,470,44.340
1599,1599,53.300,896.981,473.782,84.621,44.696,347,1,646,496,60.943,46.792,470,44.340
1600,1600,53.333,897.587,473.828,84.678,44.701,365,1,646,496,60.943,46.792,470,44.340
1601,1601,53.367,897.807,473.783,84.699,44.697,365,1,646,496,60.943,46.792,470,44.340
1602,1602,53.400,898.640,473.532,84.777,44.673,356,1,646,496,60.943,46.792,470,44.340
1603,1603,53.433,899.262,473.475,84.836,44.667,368,1,646,496,60.943,46.792,470,44.340
1604,1604,53.467,899.803,473.391,84.887,44.660,381,1,646,496,60.943,46.792,470,44.340
1605,1605,53.500,900.111,473.348,84.916,44.656,377,1,646,496,60.943,46.792,470,44.340
1606,1606,53.533,900.251,473.339,84.929,44.655,382,1,646,496,60.943,46.792,470,44.340
1607,1607,53.567,900.538,473.292,84.956,44.650,390,1,646,496,60.943,46.792,470,44.340
1608,1608,53.600,900.703,473.237,84.972,44.645,383,1,646,496,60.943,46.792,470,44.340
1609,1609,53.633,900.842,473.182,84.985,44.640,391,1,646,496,60.943,46.792,470,44.340
1610,1610,53.667,901.089,473.141,85.008,44.636,396,1,646,496,60.943,46.792,470,44.340
1611,1611,53.700,901.449,473.078,85.042,44.630,386,1,646,496,60.943,46.792,470,44.340
1612,1612,53.733,901.629,473.043,85.059,44.627,391,1,646,496,60.943,46.792,470,44.340
1613,1613,53.767,902.262,472.881,85.119,44.611,374,1,646,496,60.943,46.792,470,44.340
1614,1614,53.800,902.531,472.786,85.144,44.602,366,1,646,496,60.943,46.792,470,44.340
1615,1615,53.833,902.536,472.738,85.145,44.598,370,1,646,496,60.943,46.792,470,44.340
1616,1616,53.867,903.006,472.677,85.189,44.592,367,1,646,496,60.943,46.792,470,44.340
1617,1617,53.900,903.177,472.638,85.205,44.588,354,1,646,496,60.943,46.792,470,44.340
1618,1618,53.933,903.547,472.673,85.240,44.592,363,1,646,496,60.943,46.792,470,44.340
1619,1619,53.967,903.584,472.653,85.244,44.590,360,1,646,496,60.943,46.792,470,44.340
1620,1620,54.000,903.580,472.701,85.243,44.594,340,1,646,496,60.943,46.792,470,44.340
1621,1621,54.033,904.047,472.670,85.287,44.591,357,1,646,496,60.943,46.792,470,44.340
1622,1622,54.067,903.740,472.640,85.259,44.589,346,1,646,496,60.943,46.792,470,44.340
1623,1623,54.100,903.642,472.721,85.249,44.596,339,1,646,496,60.943,46.792,470,44.340
1624,1624,54.133,903.853,472.631,85.269,44.588,346,1,646,496,60.943,46.792,470,44.340
1625,1625,54.167,903.853,472.631,85.269,44.588,346,1,646,496,60.943,46.792,470,44.340
1626,1626,54.200,903.617,472.703,85.247,44.595,337,1,646,496,60.943,46.792,470,44.340
1627,1627,54.233,903.818,472.752,85.266,44.599,346,1,646,496,60.943,46.792,470,44.340
1628,1628,54.267,903.799,472.754,85.264,44.599,346,1,646,496,60.943,46.792,470,44.340
1629,1629,54.300,903.821,472.777,85.266,44.602,348,1,646,496,60.943,46.792,470,44.340
1630,1630,54.333,903.933,472.777,85.277,44.602,352,1,646,496,60.943,46.792,470,44.340
1631,1631,54.367,904.029,472.739,85.286,44.598,354,1,646,496,60.943,46.792,470,44.340
1632,1632,54.400,904.240,472.711,85.306,44.595,357,1,646,496,60.943,46.792,470,44.340
1633,1633,54.433,904.602,472.709,85.340,44.595,363,1,646,496,60.943,46.792,470,44.340
1634,1634,54.467,904.961,472.681,85.374,44.593,369,1,646,496,60.943,46.792,470,44.340
1635,1635,54.500,905.239,472.676,85.400,44.592,360,1,646,496,60.943,46.792,470,44.340
1636,1636,54.533,905.930,472.545,85.465,44.580,373,1,646,496,60.943,46.792,470,44.340
1637,1637,54.567,906.397,472.530,85.509,44.578,378,1,646,496,60.943,46.792,470,44.340
1638,1638,54.600,907.445,472.378,85.608,44.564,380,1,646,496,60.943,46.792,470,44.340
1639,1639,54.633,907.902,472.392,85.651,44.565,391,1,646,496,60.943,46.792,470,44.340
1640,1640,54.667,908.155,472.329,85.675,44.559,392,1,646,496,60.943,46.792,470,44.340
1641,1641,54.700,908.570,472.195,85.714,44.547,377,1,646,496,60.943,46.792,470,44.340
1642,1642,54.733,908.886,472.208,85.744,44.548,396,1,646,496,60.943,46.792,470,44.340
1643,1643,54.767,909.240,472.175,85.777,44.545,390,1,646,496,60.943,46.792,470,44.340
1644,1644,54.800,909.543,472.153,85.806,44.543,383,1,646,496,60.943,46.792,470,44.340
1645,1645,54.833,909.671,472.144,85.818,44.542,392,1,646,496,60.943,46.792,470,44.340
1646,1646,54.867,909.998,472.119,85.849,44.540,399,1,646,496,60.943,46.792,470,44.340
1647,1647,54.900,910.008,472.074,85.850,44.535,385,1,646,496,60.943,46.792,470,44.340
1648,1648,54.933,910.470,471.994,85.893,44.528,387,1,646,496,60.943,46.792,470,44.340
1649,1649,54.967,911.011,471.898,85.944,44.519,381,1,646,496,60.943,46.792,470,44.340
1650,1650,55.000,911.557,471.822,85.996,44.512,367,1,646,496,60.943,46.792,470,44.340
1651,1651,55.033,911.926,471.882,86.031,44.517,370,1,646,496,60.943,46.792,470,44.340
1652,1652,55.067,912.420,471.830,86.077,44.512,354,1,646,496,60.943,46.792,470,44.340
1653,1653,55.100,912.593,471.801,86.094,44.510,332,1,646,496,60.943,46.792,470,44.340
1654,1654,55.133,912.825,471.829,86.116,44.512,343,1,646,496,60.943,46.792,470,44.340
1655,1655,55.167,913.083,471.765,86.140,44.506,337,1,646,496,60.943,46.792,470,44.340
1656,1656,55.200,913.577,471.687,86.187,44.499,333,1,646,496,60.943,46.792,470,44.340
1657,1657,55.233,913.720,471.685,86.200,44.499,337,1,646,496,60.943,46.792,470,44.340
1658,1658,55.267,913.700,471.660,86.198,44.496,339,1,646,496,60.943,46.792,470,44.340
1659,1659,55.300,913.318,471.690,86.162,44.499,323,1,646,496,60.943,46.792,470,44.340
1660,1660,55.333,913.510,471.747,86.180,44.504,338,1,646,496,60.943,46.792,470,44.340
1661,1661,55.367,913.703,471.748,86.198,44.505,343,1,646,496,60.943,46.792,470,44.340
1662,1662,55.400,913.843,471.733,86.212,44.503,334,1,646,496,60.943,46.792,470,44.340
1663,1663,55.433,914.291,471.718,86.254,44.502,345,1,646,496,60.943,46.792,470,44.340
1664,1664,55.467,914.518,471.703,86.275,44.500,349,1,646,496,60.943,46.792,470,44.340
1665,1665,55.500,914.665,471.717,86.289,44.502,345,1,646,496,60.943,46.792,470,44.340
1666,1666,55.533,915.118,471.732,86.332,44.503,361,1,646,496,60.943,46.792,470,44.340
1667,1667,55.567,915.438,471.710,86.362,44.501,365,1,646,496,60.943,46.792,470,44.340
1668,1668,55.600,915.991,471.621,86.414,44.493,356,1,646,496,60.943,46.792,470,44.340
1669,1669,55.633,916.719,471.508,86.483,44.482,377,1,646,496,60.943,46.792,470,44.340
1670,1670,55.667,917.822,471.403,86.587,44.472,383,1,646,496,60.943,46.792,470,44.340
1671,1671,55.700,918.313,471.362,86.633,44.468,382,1,646,496,60.943,46.792,470,44.340
1672,1672,55.733,919.101,471.355,86.708,44.467,387,1,646,496,60.943,46.792,470,44.340
1673,1673,55.767,919.677,471.308,86.762,44.463,390,1,646,496,60.943,46.792,470,44.340
1674,1674,55.800,920.037,471.238,86.796,44.456,384,1,646,496,60.943,46.792,470,44.340
1675,1675,55.833,920.219,471.218,86.813,44.455,390,1,646,496,60.943,46.792,470,44.340
1676,1676,55.867,920.589,471.201,86.848,44.453,387,1,646,496,60.943,46.792,470,44.340
1677,1677,55.900,920.932,471.174,86.880,44.450,376,1,646,496,60.943,46.792,470,44.340
1678,1678,55.933,921.176,471.153,86.903,44.448,384,1,646,496,60.943,46.792,470,44.340
1679,1679,55.967,921.712,471.148,86.954,44.448,374,1,646,496,60.943,46.792,470,44.340
1680,1680,56.000,922.178,471.215,86.998,44.454,361,1,646,496,60.943,46.792,470,44.340
1681,1681,56.033,923.253,471.306,87.099,44.463,361,1,646,496,60.943,46.792,470,44.340
1682,1682,56.067,923.195,471.294,87.094,44.462,350,1,646,496,60.943,46.792,470,44.340
1683,1683,56.100,923.333,471.294,87.107,44.462,345,1,646,496,60.943,46.792,470,44.340
1684,1684,56.133,923.349,471.280,87.108,44.460,346,1,646,496,60.943,46.792,470,44.340
1685,1685,56.167,923.524,471.245,87.125,44.457,348,1,646,496,60.943,46.792,470,44.340
1686,1686,56.200,923.666,471.188,87.138,44.452,342,1,646,496,60.943,46.792,470,44.340
1687,1687,56.233,923.666,471.188,87.138,44.452,342,1,646,496,60.943,46.792,470,44.340
1688,1688,56.267,923.687,471.024,87.140,44.436,345,1,646,496,60.943,46.792,470,44.340
1689,1689,56.300,923.638,471.039,87.136,44.438,334,1,646,496,60.943,46.792,470,44.340
1690,1690,56.333,923.679,471.167,87.140,44.450,335,1,646,496,60.943,46.792,470,44.340
1691,1691,56.367,923.679,471.167,87.140,44.450,335,1,646,496,60.943,46.792,470,44.340
1692,1692,56.400,923.991,471.268,87.169,44.459,331,1,646,496,60.943,46.792,470,44.340
1693,1693,56.433,924.562,471.364,87.223,44.468,344,1,646,496,60.943,46.792,470,44.340
1694,1694,56.467,924.694,471.407,87.235,44.472,352,1,646,496,60.943,46.792,470,44.340
1695,1695,56.500,925.077,471.408,87.271,44.472,346,1,646,496,60.943,46.792,470,44.340
1696,1696,56.533,925.523,471.439,87.314,44.475,361,1,646,496,60.943,46.792,470,44.340
1697,1697,56.567,926.010,471.503,87.359,44.481,376,1,646,496,60.943,46.792,470,44.340
1698,1698,56.600,926.328,471.454,87.389,44.477,373,1,646,496,60.943,46.792,470,44.340
1699,1699,56.633,926.859,471.454,87.440,44.477,384,1,646,496,60.943,46.792,470,44.340
1700,1700,56.667,927.611,471.566,87.510,44.487,395,1,646,496,60.943,46.792,470,44.340
1701,1701,56.700,928.188,471.555,87.565,44.486,387,1,646,496,60.943,46.792,470,44.340
1702,1702,56.733,928.916,471.549,87.634,44.486,386,1,646,496,60.943,46.792,470,44.340
1703,1703,56.767,929.268,471.518,87.667,44.483,390,1,646,496,60.943,46.792,470,44.340
1704,1704,56.800,929.880,471.399,87.725,44.472,371,1,646,496,60.943,46.792,470,44.340
1705,1705,56.833,930.495,471.437,87.783,44.475,379,1,646,496,60.943,46.792,470,44.340
1706,1706,56.867,930.868,471.439,87.818,44.475,376,1,646,496,60.943,46.792,470,44.340
1707,1707,56.900,931.412,471.371,87.869,44.469,357,1,646,496,60.943,46.792,470,44.340
1708,1708,56.933,931.934,471.397,87.918,44.471,358,1,646,496,60.943,46.792,470,44.340
1709,1709,56.967,932.389,471.420,87.961,44.474,354,1,646,496,60.943,46.792,470,44.340
1710,1710,57.000,932.519,471.365,87.973,44.468,337,1,646,496,60.943,46.792,470,44.340
1711,1711,57.033,932.867,471.369,88.006,44.469,336,1,646,496,60.943,46.792,470,44.340
1712,1712,57.067,933.122,471.379,88.030,44.470,344,1,646,496,60.943,46.792,470,44.340
1713,1713,57.100,933.158,471.415,88.034,44.473,336,1,646,496,60.943,46.792,470,44.340
1714,1714,57.133,933.090,471.397,88.027,44.471,335,1,646,496,60.943,46.792,470,44.340
1715,1715,57.167,933.210,471.397,88.039,44.471,339,1,646,496,60.943,46.792,470,44.340
1716,1716,57.200,933.081,471.341,88.027,44.466,329,1,646,496,60.943,46.792,470,44.340
1717,1717,57.233,933.072,471.354,88.026,44.467,338,1,646,496,60.943,46.792,470,44.340
1718,1718,57.267,933.015,471.378,88.020,44.470,342,1,646,496,60.943,46.792,470,44.340
1719,1719,57.300,932.762,471.375,87.996,44.469,329,1,646,496,60.943,46.792,470,44.340
1720,1720,57.333,933.162,471.437,88.034,44.475,340,1,646,496,60.943,46.792,470,44.340
1721,1721,57.367,933.153,471.427,88.033,44.474,339,1,646,496,60.943,46.792,470,44.340
1722,1722,57.400,933.337,471.407,88.051,44.472,337,1,646,496,60.943,46.792,470,44.340
1723,1723,57.433,933.876,471.395,88.102,44.471,344,1,646,496,60.943,46.792,470,44.340
1724,1724,57.467,934.302,471.373,88.142,44.469,354,1,646,496,60.943,46.792,470,44.340
1725,1725,57.500,934.336,471.345,88.145,44.466,352,1,646,496,60.943,46.792,470,44.340
1726,1726,57.533,935.386,471.472,88.244,44.478,375,1,646,496,60.943,46.792,470,44.340
1727,1727,57.567,935.747,471.476,88.278,44.479,384,1,646,496,60.943,46.792,470,44.340
1728,1728,57.600,936.237,471.574,88.324,44.488,374,1,646,496,60.943,46.792,470,44.340
1729,1729,57.633,937.073,471.653,88.403,44.496,380,1,646,496,60.943,46.792,470,44.340
1730,1730,57.667,937.455,471.643,88.439,44.495,387,1,646,496,60.943,46.792,470,44.340
1731,1731,57.700,938.040,471.511,88.494,44.482,385,1,646,496,60.943,46.792,470,44.340
1732,1732,57.733,938.611,471.614,88.548,44.492,383,1,646,496,60.943,46.792,470,44.340
1733,1733,57.767,938.799,471.658,88.566,44.496,389,1,646,496,60.943,46.792,470,44.340
1734,1734,57.800,939.318,471.634,88.615,44.494,387,1,646,496,60.943,46.792,470,44.340
1735,1735,57.833,939.585,471.730,88.640,44.503,384,1,646,496,60.943,46.792,470,44.340
1736,1736,57.867,939.976,471.756,88.677,44.505,381,1,646,496,60.943,46.792,470,44.340
1737,1737,57.900,940.458,471.741,88.722,44.504,369,1,646,496,60.943,46.792,470,44.340
1738,1738,57.933,940.688,471.750,88.744,44.505,368,1,646,496,60.943,46.792,470,44.340
1739,1739,57.967,941.095,471.725,88.783,44.502,365,1,646,496,60.943,46.792,470,44.340
1740,1740,58.000,942.045,471.809,88.872,44.510,338,1,646,496,60.943,46.792,470,44.340
1741,1741,58.033,942.495,471.821,88.915,44.511,340,1,646,496,60.943,46.792,470,44.340
1742,1742,58.067,942.714,471.903,88.935,44.519,334,1,646,496,60.943,46.792,470,44.340
1743,1743,58.100,942.753,471.944,88.939,44.523,319,1,646,496,60.943,46.792,470,44.340
1744,1744,58.133,942.897,471.927,88.953,44.521,318,1,646,496,60.943,46.792,470,44.340
1745,1745,58.167,942.897,471.927,88.953,44.521,318,1,646,496,60.943,46.792,470,44.340
1746,1746,58.200,942.935,471.929,88.956,44.522,318,1,646,496,60.943,46.792,470,44.340
1747,1747,58.233,942.975,471.879,88.960,44.517,325,1,646,496,60.943,46.792,470,44.340
1748,1748,58.267,942.926,471.783,88.955,44.508,332,1,646,496,60.943,46.792,470,44.340
1749,1749,58.300,942.926,471.811,88.955,44.510,326,1,646,496,60.943,46.792,470,44.340
1750,1750,58.333,942.759,471.764,88.940,44.506,333,1,646,496,60.943,46.792,470,44.340
1751,1751,58.367,942.807,471.842,88.944,44.513,330,1,646,496,60.943,46.792,470,44.340
1752,1752,58.400,943.050,471.873,88.967,44.516,329,1,646,496,60.943,46.792,470,44.340
1753,1753,58.433,943.234,471.837,88.984,44.513,335,1,646,496,60.943,46.792,470,44.340
1754,1754,58.467,943.724,472.025,89.031,44.531,358,1,646,496,60.943,46.792,470,44.340
1755,1755,58.500,944.137,472.051,89.070,44.533,349,1,646,496,60.943,46.792,470,44.340
1756,1756,58.533,944.371,472.093,89.092,44.537,354,1,646,496,60.943,46.792,470,44.340
1757,1757,58.567,944.915,472.159,89.143,44.543,367,1,646,496,60.943,46.792,470,44.340
1758,1758,58.600,945.788,472.253,89.225,44.552,362,1,646,496,60.943,46.792,470,44.340
1759,1759,58.633,946.222,472.286,89.266,44.555,367,1,646,496,60.943,46.792,470,44.340
1760,1760,58.667,946.431,472.301,89.286,44.557,375,1,646,496,60.943,46.792,470,44.340
1761,1761,58.700,946.901,472.356,89.330,44.562,371,1,646,496,60.943,46.792,470,44.340
1762,1762,58.733,947.351,472.386,89.373,44.565,374,1,646,496,60.943,46.792,470,44.340
1763,1763,58.767,947.618,472.495,89.398,44.575,385,1,646,496,60.943,46.792,470,44.340
1764,1764,58.800,948.117,472.492,89.445,44.575,373,1,646,496,60.943,46.792,470,44.340
1765,1765,58.833,948.458,472.524,89.477,44.578,375,1,646,496,60.943,46.792,470,44.340
1766,1766,58.867,948.875,472.566,89.516,44.582,377,1,646,496,60.943,46.792,470,44.340
1767,1767,58.900,949.322,472.625,89.559,44.587,369,1,646,496,60.943,46.792,470,44.340
1768,1768,58.933,949.669,472.649,89.591,44.589,377,1,646,496,60.943,46.792,470,44.340
1769,1769,58.967,950.131,472.679,89.635,44.592,372,1,646,496,60.943,46.792,470,44.340
1770,1770,59.000,950.975,472.727,89.715,44.597,360,1,646,496,60.943,46.792,470,44.340
1771,1771,59.033,951.390,472.779,89.754,44.602,359,1,646,496,60.943,46.792,470,44.340
1772,1772,59.067,952.260,472.827,89.836,44.606,358,1,646,496,60.943,46.792,470,44.340
1773,1773,59.100,952.356,472.832,89.845,44.607,346,1,646,496,60.943,46.792,470,44.340
1774,1774,59.133,952.684,472.840,89.876,44.608,343,1,646,496,60.943,46.792,470,44.340
1775,1775,59.167,953.026,472.872,89.908,44.611,344,1,646,496,60.943,46.792,470,44.340
1776,1776,59.200,952.867,472.858,89.893,44.609,340,1,646,496,60.943,46.792,470,44.340
1777,1777,59.233,953.050,472.853,89.910,44.609,338,1,646,496,60.943,46.792,470,44.340
1778,1778,59.267,953.051,472.877,89.910,44.611,339,1,646,496,60.943,46.792,470,44.340
1779,1779,59.300,953.129,472.873,89.918,44.611,336,1,646,496,60.943,46.792,470,44.340
1780,1780,59.333,953.138,472.873,89.919,44.611,338,1,646,496,60.943,46.792,470,44.340
1781,1781,59.367,953.218,472.844,89.926,44.608,341,1,646,496,60.943,46.792,470,44.340
1782,1782,59.400,953.331,472.870,89.937,44.610,338,1,646,496,60.943,46.792,470,44.340
1783,1783,59.433,953.439,472.911,89.947,44.614,345,1,646,496,60.943,46.792,470,44.340
1784,1784,59.467,953.431,472.839,89.946,44.607,348,1,646,496,60.943,46.792,470,44.340
1785,1785,59.500,953.666,472.843,89.969,44.608,349,1,646,496,60.943,46.792,470,44.340
1786,1786,59.533,954.266,472.860,90.025,44.609,355,1,646,496,60.943,46.792,470,44.340
1787,1787,59.567,954.930,472.896,90.088,44.613,372,1,646,496,60.943,46.792,470,44.340
1788,1788,59.600,955.499,472.889,90.141,44.612,367,1,646,496,60.943,46.792,470,44.340
1789,1789,59.633,956.045,472.937,90.193,44.617,369,1,646,496,60.943,46.792,470,44.340
1790,1790,59.667,956.633,472.975,90.248,44.620,382,1,646,496,60.943,46.792,470,44.340
1791,1791,59.700,957.157,472.993,90.298,44.622,376,1,646,496,60.943,46.792,470,44.340
1792,1792,59.733,958.336,473.112,90.409,44.633,377,1,646,496,60.943,46.792,470,44.340
1793,1793,59.767,958.914,473.122,90.464,44.634,382,1,646,496,60.943,46.792,470,44.340
1794,1794,59.800,959.405,473.084,90.510,44.631,374,1,646,496,60.943,46.792,470,44.340
1795,1795,59.833,959.848,473.133,90.552,44.635,369,1,646,496,60.943,46.792,470,44.340
1796,1796,59.867,960.320,473.177,90.596,44.639,368,1,646,496,60.943,46.792,470,44.340
1797,1797,59.900,960.592,473.184,90.622,44.640,361,1,646,496,60.943,46.792,470,44.340
1798,1798,59.933,961.378,473.220,90.696,44.643,346,1,646,496,60.943,46.792,470,44.340
1799,1799,59.967,962.056,473.382,90.760,44.659,349,1,646,496,60.943,46.792,470,44.340
1800,1800,60.000,962.263,473.404,90.780,44.661,337,1,646,496,60.943,46.792,470,44.340
1801,1801,60.033,962.711,473.399,90.822,44.660,336,1,646,496,60.943,46.792,470,44.340
1802,1802,60.067,962.626,473.413,90.814,44.662,335,1,646,496,60.943,46.792,470,44.340
1803,1803,60.100,962.696,473.381,90.820,44.659,331,1,646,496,60.943,46.792,470,44.340
1804,1804,60.133,962.931,473.401,90.843,44.660,327,1,646,496,60.943,46.792,470,44.340
1805,1805,60.167,963.007,473.393,90.850,44.660,330,1,646,496,60.943,46.792,470,44.340
1806,1806,60.200,962.910,473.321,90.841,44.653,325,1,646,496,60.943,46.792,470,44.340
1807,1807,60.233,962.892,473.271,90.839,44.648,324,1,646,496,60.943,46.792,470,44.340
1808,1808,60.267,962.915,473.204,90.841,44.642,324,1,646,496,60.943,46.792,470,44.340
1809,1809,60.300,962.779,473.085,90.828,44.631,318,1,646,496,60.943,46.792,470,44.340
1810,1810,60.333,962.899,473.085,90.840,44.631,327,1,646,496,60.943,46.792,470,44.340
1811,1811,60.367,963.447,473.092,90.891,44.631,336,1,646,496,60.943,46.792,470,44.340
1812,1812,60.400,963.537,473.079,90.900,44.630,339,1,646,496,60.943,46.792,470,44.340
1813,1813,60.433,964.048,473.093,90.948,44.631,349,1,646,496,60.943,46.792,470,44.340
1814,1814,60.467,964.289,473.074,90.971,44.630,363,1,646,496,60.943,46.792,470,44.340
1815,1815,60.500,964.434,472.990,90.984,44.622,352,1,646,496,60.943,46.792,470,44.340
1816,1816,60.533,964.806,473.068,91.019,44.629,361,1,646,496,60.943,46.792,470,44.340
1817,1817,60.567,965.334,473.141,91.069,44.636,376,1,646,496,60.943,46.792,470,44.340
1818,1818,60.600,965.710,473.271,91.105,44.648,366,1,646,496,60.943,46.792,470,44.340
1819,1819,60.633,966.113,473.280,91.143,44.649,377,1,646,496,60.943,46.792,470,44.340
1820,1820,60.667,966.669,473.282,91.195,44.649,389,1,646,496,60.943,46.792,470,44.340
1821,1821,60.700,966.932,473.354,91.220,44.656,379,1,646,496,60.943,46.792,470,44.340
1822,1822,60.733,967.163,473.384,91.242,44.659,383,1,646,496,60.943,46.792,470,44.340
1823,1823,60.767,967.522,473.395,91.276,44.660,390,1,646,496,60.943,46.792,470,44.340
1824,1824,60.800,967.958,473.429,91.317,44.663,384,1,646,496,60.943,46.792,470,44.340
1825,1825,60.833,968.177,473.427,91.337,44.663,382,1,646,496,60.943,46.792,470,44.340
1826,1826,60.867,968.758,473.431,91.392,44.663,382,1,646,496,60.943,46.792,470,44.340
1827,1827,60.900,969.192,473.412,91.433,44.661,368,1,646,496,60.943,46.792,470,44.340
1828,1828,60.933,969.975,473.452,91.507,44.665,359,1,646,496,60.943,46.792,470,44.340
1829,1829,60.967,970.208,473.496,91.529,44.669,360,1,646,496,60.943,46.792,470,44.340
1830,1830,61.000,970.952,473.483,91.599,44.668,334,1,646,496,60.943,46.792,470,44.340
1831,1831,61.033,971.486,473.533,91.650,44.673,334,1,646,496,60.943,46.792,470,44.340
1832,1832,61.067,972.124,473.563,91.710,44.676,338,1,646,496,60.943,46.792,470,44.340
1833,1833,61.100,972.446,473.596,91.740,44.679,326,1,646,496,60.943,46.792,470,44.340
1834,1834,61.133,973.021,473.567,91.794,44.676,325,1,646,496,60.943,46.792,470,44.340
1835,1835,61.167,972.941,473.558,91.787,44.675,329,1,646,496,60.943,46.792,470,44.340
1836,1836,61.200,973.054,473.566,91.798,44.676,323,1,646,496,60.943,46.792,470,44.340
1837,1837,61.233,972.906,473.566,91.784,44.676,323,1,646,496,60.943,46.792,470,44.340
1838,1838,61.267,972.947,473.542,91.787,44.674,326,1,646,496,60.943,46.792,470,44.340
1839,1839,61.300,972.799,473.546,91.773,44.674,321,1,646,496,60.943,46.792,470,44.340
1840,1840,61.333,972.802,473.620,91.774,44.681,327,1,646,496,60.943,46.792,470,44.340
1841,1841,61.367,972.586,473.627,91.753,44.682,335,1,646,496,60.943,46.792,470,44.340
1842,1842,61.400,972.434,473.568,91.739,44.676,331,1,646,496,60.943,46.792,470,44.340
1843,1843,61.433,972.570,473.534,91.752,44.673,328,1,646,496,60.943,46.792,470,44.340
1844,1844,61.467,972.957,473.469,91.788,44.667,339,1,646,496,60.943,46.792,470,44.340
1845,1845,61.500,973.219,473.343,91.813,44.655,337,1,646,496,60.943,46.792,470,44.340
1846,1846,61.533,973.708,473.304,91.859,44.651,345,1,646,496,60.943,46.792,470,44.340
1847,1847,61.567,973.915,473.265,91.879,44.648,355,1,646,496,60.943,46.792,470,44.340
1848,1848,61.600,974.502,473.240,91.934,44.645,357,1,646,496,60.943,46.792,470,44.340
1849,1849,61.633,974.738,473.209,91.956,44.642,359,1,646,496,60.943,46.792,470,44.340
1850,1850,61.667,975.379,473.173,92.017,44.639,375,1,646,496,60.943,46.792,470,44.340
1851,1851,61.700,975.743,473.137,92.051,44.636,373,1,646,496,60.943,46.792,470,44.340
1852,1852,61.733,976.163,473.142,92.091,44.636,379,1,646,496,60.943,46.792,470,44.340
1853,1853,61.767,976.777,473.090,92.149,44.631,396,1,646,496,60.943,46.792,470,44.340
1854,1854,61.800,977.076,473.120,92.177,44.634,389,1,646,496,60.943,46.792,470,44.340
1855,1855,61.833,977.640,473.100,92.230,44.632,389,1,646,496,60.943,46.792,470,44.340
1856,1856,61.867,978.253,473.120,92.288,44.634,395,1,646,496,60.943,46.792,470,44.340
1857,1857,61.900,978.531,473.125,92.314,44.634,387,1,646,496,60.943,46.792,470,44.340
1858,1858,61.933,978.845,473.151,92.344,44.637,380,1,646,496,60.943,46.792,470,44.340
1859,1859,61.967,979.561,473.208,92.411,44.642,383,1,646,496,60.943,46.792,470,44.340
1860,1860,62.000,980.136,473.241,92.466,44.645,375,1,646,496,60.943,46.792,470,44.340
1861,1861,62.033,980.657,473.186,92.515,44.640,361,1,646,496,60.943,46.792,470,44.340
1862,1862,62.067,981.169,473.189,92.563,44.640,359,1,646,496,60.943,46.792,470,44.340
1863,1863,62.100,981.581,473.125,92.602,44.634,342,1,646,496,60.943,46.792,470,44.340
1864,1864,62.133,981.822,473.089,92.625,44.631,335,1,646,496,60.943,46.792,470,44.340
1865,1865,62.167,982.115,473.049,92.652,44.627,331,1,646,496,60.943,46.792,470,44.340
1866,1866,62.200,982.212,473.052,92.661,44.628,330,1,646,496,60.943,46.792,470,44.340
1867,1867,62.233,982.200,473.086,92.660,44.631,328,1,646,496,60.943,46.792,470,44.340
1868,1868,62.267,982.177,473.033,92.658,44.626,330,1,646,496,60.943,46.792,470,44.340
1869,1869,62.300,982.250,472.893,92.665,44.613,334,1,646,496,60.943,46.792,470,44.340
1870,1870,62.333,982.387,472.798,92.678,44.604,323,1,646,496,60.943,46.792,470,44.340
1871,1871,62.367,982.536,472.819,92.692,44.606,337,1,646,496,60.943,46.792,470,44.340
1872,1872,62.400,982.420,472.801,92.681,44.604,333,1,646,496,60.943,46.792,470,44.340
1873,1873,62.433,982.464,472.769,92.685,44.601,331,1,646,496,60.943,46.792,470,44.340
1874,1874,62.467,982.827,472.772,92.720,44.601,344,1,646,496,60.943,46.792,470,44.340
1875,1875,62.500,983.157,472.680,92.751,44.592,344,1,646,496,60.943,46.792,470,44.340
1876,1876,62.533,983.746,472.633,92.806,44.588,349,1,646,496,60.943,46.792,470,44.340
1877,1877,62.567,984.012,472.622,92.831,44.587,356,1,646,496,60.943,46.792,470,44.340
1878,1878,62.600,984.223,472.603,92.851,44.585,363,1,646,496,60.943,46.792,470,44.340
1879,1879,62.633,984.680,472.598,92.894,44.585,359,1,646,496,60.943,46.792,470,44.340
1880,1880,62.667,984.855,472.616,92.911,44.586,370,1,646,496,60.943,46.792,470,44.340
1881,1881,62.700,985.257,472.616,92.949,44.586,371,1,646,496,60.943,46.792,470,44.340
1882,1882,62.733,985.551,472.641,92.977,44.589,374,1,646,496,60.943,46.792,470,44.340
1883,1883,62.767,985.807,472.614,93.001,44.586,385,1,646,496,60.943,46.792,470,44.340
1884,1884,62.800,986.348,472.593,93.052,44.584,394,1,646,496,60.943,46.792,470,44.340
1885,1885,62.833,986.192,472.502,93.037,44.576,382,1,646,496,60.943,46.792,470,44.340
1886,1886,62.867,986.416,472.514,93.058,44.577,398,1,646,496,60.943,46.792,470,44.340
1887,1887,62.900,986.861,472.491,93.100,44.575,389,1,646,496,60.943,46.792,470,44.340
1888,1888,62.933,987.431,472.421,93.154,44.568,381,1,646,496,60.943,46.792,470,44.340
1889,1889,62.967,987.927,472.374,93.201,44.564,385,1,646,496,60.943,46.792,470,44.340
1890,1890,63.000,988.208,472.344,93.227,44.561,380,1,646,496,60.943,46.792,470,44.340
1891,1891,63.033,989.176,472.301,93.319,44.557,370,1,646,496,60.943,46.792,470,44.340
1892,1892,63.067,989.527,472.238,93.352,44.551,370,1,646,496,60.943,46.792,470,44.340
1893,1893,63.100,990.056,472.155,93.401,44.543,352,1,646,496,60.943,46.792,470,44.340
1894,1894,63.133,990.540,472.152,93.447,44.543,340,1,646,496,60.943,46.792,470,44.340
1895,1895,63.167,990.861,472.225,93.477,44.550,345,1,646,496,60.943,46.792,470,44.340
1896,1896,63.200,991.169,472.138,93.506,44.541,337,1,646,496,60.943,46.792,470,44.340
1897,1897,63.233,991.469,472.006,93.535,44.529,318,1,646,496,60.943,46.792,470,44.340
1898,1898,63.267,991.637,472.103,93.551,44.538,329,1,646,496,60.943,46.792,470,44.340
1899,1899,63.300,991.744,471.992,93.561,44.528,321,1,646,496,60.943,46.792,470,44.340
1900,1900,63.333,991.768,471.967,93.563,44.525,317,1,646,496,60.943,46.792,470,44.340
1901,1901,63.367,991.680,472.018,93.555,44.530,327,1,646,496,60.943,46.792,470,44.340
1902,1902,63.400,991.452,472.012,93.533,44.529,323,1,646,496,60.943,46.792,470,44.340
1903,1903,63.433,991.640,471.953,93.551,44.524,315,1,646,496,60.943,46.792,470,44.340
1904,1904,63.467,991.568,471.979,93.544,44.526,323,1,646,496,60.943,46.792,470,44.340
1905,1905,63.500,991.483,471.978,93.536,44.526,321,1,646,496,60.943,46.792,470,44.340
1906,1906,63.533,991.644,471.958,93.551,44.524,321,1,646,496,60.943,46.792,470,44.340
1907,1907,63.567,991.967,471.807,93.582,44.510,342,1,646,496,60.943,46.792,470,44.340
1908,1908,63.600,992.013,471.715,93.586,44.501,337,1,646,496,60.943,46.792,470,44.340
1909,1909,63.633,992.518,471.552,93.634,44.486,349,1,646,496,60.943,46.792,470,44.340
1910,1910,63.667,992.745,471.476,93.655,44.479,357,1,646,496,60.943,46.792,470,44.340
1911,1911,63.700,993.386,471.317,93.716,44.464,364,1,646,496,60.943,46.792,470,44.340
1912,1912,63.733,993.838,471.342,93.758,44.466,365,1,646,496,60.943,46.792,470,44.340
1913,1913,63.767,994.619,471.223,93.832,44.455,374,1,646,496,60.943,46.792,470,44.340
1914,1914,63.800,995.049,471.166,93.873,44.450,385,1,646,496,60.943,46.792,470,44.340
1915,1915,63.833,995.461,471.055,93.911,44.439,371,1,646,496,60.943,46.792,470,44.340
1916,1916,63.867,996.095,470.962,93.971,44.430,383,1,646,496,60.943,46.792,470,44.340
1917,1917,63.900,996.479,470.888,94.007,44.423,389,1,646,496,60.943,46.792,470,44.340
1918,1918,63.933,996.830,470.842,94.041,44.419,382,1,646,496,60.943,46.792,470,44.340
1919,1919,63.967,997.339,470.830,94.089,44.418,387,1,646,496,60.943,46.792,470,44.340
1920,1920,64.000,997.620,470.853,94.115,44.420,382,1,646,496,60.943,46.792,470,44.340
1921,1921,64.033,998.738,470.688,94.221,44.405,365,1,646,496,60.943,46.792,470,44.340
1922,1922,64.067,999.168,470.669,94.261,44.403,376,1,646,496,60.943,46.792,470,44.340
1923,1923,64.100,999.832,470.574,94.324,44.394,367,1,646,496,60.943,46.792,470,44.340
1924,1924,64.133,1000.221,470.559,94.360,44.392,360,1,646,496,60.943,46.792,470,44.340
1925,1925,64.167,1000.630,470.452,94.399,44.382,358,1,646,496,60.943,46.792,470,44.340
1926,1926,64.200,1000.813,470.454,94.416,44.382,353,1,646,496,60.943,46.792,470,44.340
1927,1927,64.233,1001.238,470.454,94.456,44.382,339,1,646,496,60.943,46.792,470,44.340
1928,1928,64.267,1001.313,470.512,94.464,44.388,345,1,646,496,60.943,46.792,470,44.340
1929,1929,64.300,1001.535,470.509,94.484,44.388,337,1,646,496,60.943,46.792,470,44.340
1930,1930,64.333,1001.618,470.453,94.492,44.382,323,1,646,496,60.943,46.792,470,44.340
1931,1931,64.367,1001.619,470.491,94.492,44.386,329,1,646,496,60.943,46.792,470,44.340
1932,1932,64.400,1001.588,470.393,94.489,44.377,332,1,646,496,60.943,46.792,470,44.340
1933,1933,64.433,1001.491,470.382,94.480,44.376,330,1,646,496,60.943,46.792,470,44.340
1934,1934,64.467,1001.490,470.412,94.480,44.379,335,1,646,496,60.943,46.792,470,44.340
1935,1935,64.500,1001.607,470.411,94.491,44.378,337,1,646,496,60.943,46.792,470,44.340
1936,1936,64.533,1001.700,470.390,94.500,44.376,330,1,646,496,60.943,46.792,470,44.340
1937,1937,64.567,1002.082,470.344,94.536,44.372,350,1,646,496,60.943,46.792,470,44.340
1938,1938,64.600,1002.208,470.335,94.548,44.371,352,1,646,496,60.943,46.792,470,44.340
1939,1939,64.633,1002.748,470.217,94.599,44.360,348,1,646,496,60.943,46.792,470,44.340
1940,1940,64.667,1003.328,470.220,94.654,44.360,355,1,646,496,60.943,46.792,470,44.340
1941,1941,64.700,1003.632,470.140,94.682,44.353,360,1,646,496,60.943,46.792,470,44.340
1942,1942,64.733,1003.704,470.063,94.689,44.346,360,1,646,496,60.943,46.792,470,44.340
1943,1943,64.767,1004.323,470.014,94.747,44.341,364,1,646,496,60.943,46.792,470,44.340
1944,1944,64.800,1004.988,470.137,94.810,44.353,387,1,646,496,60.943,46.792,470,44.340
1945,1945,64.833,1005.692,469.943,94.877,44.334,370,1,646,496,60.943,46.792,470,44.340
1946,1946,64.867,1006.313,469.770,94.935,44.318,375,1,646,496,60.943,46.792,470,44.340
1947,1947,64.900,1006.728,469.694,94.974,44.311,376,1,646,496,60.943,46.792,470,44.340
1948,1948,64.933,1006.775,469.662,94.979,44.308,362,1,646,496,60.943,46.792,470,44.340
1949,1949,64.967,1007.197,469.648,95.019,44.306,372,1,646,496,60.943,46.792,470,44.340
1950,1950,65.000,1007.197,469.648,95.019,44.306,372,1,646,496,60.943,46.792,470,44.340
1951,1951,65.033,1007.599,469.526,95.057,44.295,364,1,646,496,60.943,46.792,470,44.340
1952,1952,65.067,1007.722,469.529,95.068,44.295,367,1,646,496,60.943,46.792,470,44.340
1953,1953,65.100,1008.285,469.480,95.121,44.291,365,1,646,496,60.943,46.792,470,44.340
1954,1954,65.133,1008.924,469.365,95.181,44.280,348,1,646,496,60.943,46.792,470,44.340
1955,1955,65.167,1009.459,469.353,95.232,44.279,351,1,646,496,60.943,46.792,470,44.340
1956,1956,65.200,1009.645,469.334,95.249,44.277,345,1,646,496,60.943,46.792,470,44.340
1957,1957,65.233,1010.317,469.240,95.313,44.268,329,1,646,496,60.943,46.792,470,44.340
1958,1958,65.267,1010.603,469.284,95.340,44.272,330,1,646,496,60.943,46.792,470,44.340
1959,1959,65.300,1010.942,469.227,95.372,44.267,329,1,646,496,60.943,46.792,470,44.340
1960,1960,65.333,1010.849,469.205,95.363,44.265,319,1,646,496,60.943,46.792,470,44.340
1961,1961,65.367,1011.108,469.228,95.388,44.267,325,1,646,496,60.943,46.792,470,44.340
1962,1962,65.400,1010.992,469.221,95.377,44.266,326,1,646,496,60.943,46.792,470,44.340
1963,1963,65.433,1011.232,469.177,95.399,44.262,315,1,646,496,60.943,46.792,470,44.340
1964,1964,65.467,1011.245,469.184,95.400,44.263,319,1,646,496,60.943,46.792,470,44.340
1965,1965,65.500,1011.288,469.156,95.405,44.260,320,1,646,496,60.943,46.792,470,44.340
1966,1966,65.533,1010.974,469.123,95.375,44.257,309,1,646,496,60.943,46.792,470,44.340
1967,1967,65.567,1010.897,469.113,95.368,44.256,315,1,646,496,60.943,46.792,470,44.340
1968,1968,65.600,1011.089,469.022,95.386,44.247,320,1,646,496,60.943,46.792,470,44.340
1969,1969,65.633,1011.094,468.997,95.386,44.245,313,1,646,496,60.943,46.792,470,44.340
1970,1970,65.667,1011.246,468.856,95.401,44.232,325,1,646,496,60.943,46.792,470,44.340
1971,1971,65.700,1011.488,468.773,95.423,44.224,330,1,646,496,60.943,46.792,470,44.340
1972,1972,65.733,1011.944,468.659,95.466,44.213,328,1,646,496,60.943,46.792,470,44.340
1973,1973,65.767,1012.300,468.593,95.500,44.207,338,1,646,496,60.943,46.792,470,44.340
1974,1974,65.800,1012.700,468.525,95.538,44.200,352,1,646,496,60.943,46.792,470,44.340
1975,1975,65.833,1013.062,468.410,95.572,44.190,342,1,646,496,60.943,46.792,470,44.340
1976,1976,65.867,1013.476,468.373,95.611,44.186,354,1,646,496,60.943,46.792,470,44.340
1977,1977,65.900,1013.828,468.312,95.644,44.180,361,1,646,496,60.943,46.792,470,44.340
1978,1978,65.933,1014.004,468.154,95.661,44.165,348,1,646,496,60.943,46.792,470,44.340
1979,1979,65.967,1014.319,468.077,95.690,44.158,355,1,646,496,60.943,46.792,470,44.340
1980,1980,66.000,1014.623,467.893,95.719,44.141,366,1,646,496,60.943,46.792,470,44.340
1981,1981,66.033,1014.970,467.765,95.752,44.129,353,1,646,496,60.943,46.792,470,44.340
1982,1982,66.067,1015.100,467.756,95.764,44.128,364,1,646,496,60.943,46.792,470,44.340
1983,1983,66.100,1015.556,467.709,95.807,44.124,372,1,646,496,60.943,46.792,470,44.340
1984,1984,66.133,1015.367,467.826,95.789,44.135,364,1,646,496,60.943,46.792,470,44.340
1985,1985,66.167,1015.654,467.838,95.816,44.136,372,1,646,496,60.943,46.792,470,44.340
1986,1986,66.200,1015.654,467.838,95.816,44.136,372,1,646,496,60.943,46.792,470,44.340
1987,1987,66.233,1015.355,467.848,95.788,44.137,366,1,646,496,60.943,46.792,470,44.340
1988,1988,66.267,1015.328,467.906,95.786,44.142,364,1,646,496,60.943,46.792,470,44.340
1989,1989,66.300,1015.222,467.950,95.776,44.146,365,1,646,496,60.943,46.792,470,44.340
1990,1990,66.333,1014.860,467.929,95.741,44.144,354,1,646,496,60.943,46.792,470,44.340
1991,1991,66.367,1014.792,467.891,95.735,44.141,354,1,646,496,60.943,46.792,470,44.340
1992,1992,66.400,1014.590,467.948,95.716,44.146,353,1,646,496,60.943,46.792,470,44.340
1993,1993,66.433,1014.442,467.956,95.702,44.147,347,1,646,496,60.943,46.792,470,44.340
1994,1994,66.467,1014.365,467.946,95.695,44.146,352,1,646,496,60.943,46.792,470,44.340
1995,1995,66.500,1014.328,467.947,95.691,44.146,352,1,646,496,60.943,46.792,470,44.340
1996,1996,66.533,1014.467,467.945,95.704,44.146,347,1,646,496,60.943,46.792,470,44.340
1997,1997,66.567,1014.812,467.794,95.737,44.132,355,1,646,496,60.943,46.792,470,44.340
1998,1998,66.600,1014.826,467.735,95.738,44.126,359,1,646,496,60.943,46.792,470,44.340
1999,1999,66.633,1014.549,467.776,95.712,44.130,352,1,646,496,60.943,46.792,470,44.340
2000,2000,66.667,1014.471,467.782,95.705,44.130,351,1,646,496,60.943,46.792,470,44.340
2001,2001,66.700,1014.575,467.738,95.715,44.126,354,1,646,496,60.943,46.792,470,44.340
2002,2002,66.733,1014.839,467.707,95.740,44.123,352,1,646,496,60.943,46.792,470,44.340
2003,2003,66.767,1014.959,467.646,95.751,44.118,355,1,646,496,60.943,46.792,470,44.340
2004,2004,66.800,1014.750,467.667,95.731,44.120,363,1,646,496,60.943,46.792,470,44.340
2005,2005,66.833,1015.011,467.541,95.756,44.108,357,1,646,496,60.943,46.792,470,44.340
2006,2006,66.867,1015.042,467.535,95.759,44.107,357,1,646,496,60.943,46.792,470,44.340
2007,2007,66.900,1015.027,467.511,95.757,44.105,364,1,646,496,60.943,46.792,470,44.340
2008,2008,66.933,1014.990,467.509,95.754,44.105,356,1,646,496,60.943,46.792,470,44.340
2009,2009,66.967,1015.087,467.498,95.763,44.104,354,1,646,496,60.943,46.792,470,44.340
2010,2010,67.000,1015.103,467.473,95.764,44.101,358,1,646,496,60.943,46.792,470,44.340
2011,2011,67.033,1015.184,467.410,95.772,44.095,354,1,646,496,60.943,46.792,470,44.340
2012,2012,67.067,1015.409,467.372,95.793,44.092,355,1,646,496,60.943,46.792,470,44.340
2013,2013,67.100,1016.031,467.110,95.852,44.067,363,1,646,496,60.943,46.792,470,44.340
2014,2014,67.133,1016.409,467.034,95.888,44.060,350,1,646,496,60.943,46.792,470,44.340
2015,2015,67.167,1016.908,466.836,95.935,44.041,339,1,646,496,60.943,46.792,470,44.340
2016,2016,67.200,1017.570,466.554,95.997,44.015,344,1,646,496,60.943,46.792,470,44.340
2017,2017,67.233,1018.068,466.369,96.044,43.997,319,1,646,496,60.943,46.792,470,44.340
2018,2018,67.267,1018.385,466.318,96.074,43.992,311,1,646,496,60.943,46.792,470,44.340
2019,2019,67.300,1018.410,466.192,96.076,43.980,306,1,646,496,60.943,46.792,470,44.340
2020,2020,67.333,1019.136,465.970,96.145,43.959,302,1,646,496,60.943,46.792,470,44.340
2021,2021,67.367,1019.247,465.942,96.155,43.957,303,1,646,496,60.943,46.792,470,44.340
2022,2022,67.400,1019.186,465.972,96.150,43.960,311,1,646,496,60.943,46.792,470,44.340
2023,2023,67.433,1019.126,466.059,96.144,43.968,300,1,646,496,60.943,46.792,470,44.340
2024,2024,67.467,1019.055,466.117,96.137,43.973,299,1,646,496,60.943,46.792,470,44.340
2025,2025,67.500,1019.079,466.071,96.140,43.969,306,1,646,496,60.943,46.792,470,44.340
2026,2026,67.533,1019.194,466.035,96.150,43.966,300,1,646,496,60.943,46.792,470,44.340
2027,2027,67.567,1019.044,465.987,96.136,43.961,298,1,646,496,60.943,46.792,470,44.340
2028,2028,67.600,1019.205,465.795,96.151,43.943,310,1,646,496,60.943,46.792,470,44.340
2029,2029,67.633,1019.353,465.566,96.165,43.921,302,1,646,496,60.943,46.792,470,44.340
2030,2030,67.667,1019.385,465.253,96.168,43.892,309,1,646,496,60.943,46.792,470,44.340
2031,2031,67.700,1019.804,464.944,96.208,43.863,326,1,646,496,60.943,46.792,470,44.340
2032,2032,67.733,1019.941,464.775,96.221,43.847,320,1,646,496,60.943,46.792,470,44.340
2033,2033,67.767,1020.188,464.515,96.244,43.822,327,1,646,496,60.943,46.792,470,44.340
2034,2034,67.800,1020.510,464.182,96.275,43.791,340,1,646,496,60.943,46.792,470,44.340
2035,2035,67.833,1021.093,463.912,96.330,43.765,340,1,646,496,60.943,46.792,470,44.340
2036,2036,67.867,1021.307,463.790,96.350,43.754,342,1,646,496,60.943,46.792,470,44.340
2037,2037,67.900,1021.955,463.434,96.411,43.720,361,1,646,496,60.943,46.792,470,44.340
2038,2038,67.933,1022.304,463.241,96.444,43.702,350,1,646,496,60.943,46.792,470,44.340
2039,2039,67.967,1022.554,462.999,96.467,43.679,356,1,646,496,60.943,46.792,470,44.340
2040,2040,68.000,1022.963,462.734,96.506,43.654,366,1,646,496,60.943,46.792,470,44.340
2041,2041,68.033,1023.903,462.054,96.595,43.590,356,1,646,496,60.943,46.792,470,44.340
2042,2042,68.067,1023.974,461.990,96.601,43.584,351,1,646,496,60.943,46.792,470,44.340
2043,2043,68.100,1024.356,461.871,96.637,43.573,359,1,646,496,60.943,46.792,470,44.340
2044,2044,68.133,1024.905,461.574,96.689,43.545,346,1,646,496,60.943,46.792,470,44.340
2045,2045,68.167,1025.050,461.603,96.703,43.547,340,1,646,496,60.943,46.792,470,44.340
2046,2046,68.200,1025.434,461.325,96.739,43.521,332,1,646,496,60.943,46.792,470,44.340
2047,2047,68.233,1026.007,461.006,96.793,43.491,321,1,646,496,60.943,46.792,470,44.340
2048,2048,68.267,1026.243,460.913,96.815,43.482,312,1,646,496,60.943,46.792,470,44.340
2049,2049,68.300,1026.459,460.819,96.836,43.473,316,1,646,496,60.943,46.792,470,44.340
2050,2050,68.333,1026.801,460.620,96.868,43.455,308,1,646,496,60.943,46.792,470,44.340
2051,2051,68.367,1026.817,460.607,96.870,43.454,308,1,646,496,60.943,46.792,470,44.340
2052,2052,68.400,1026.978,460.523,96.885,43.446,308,1,646,496,60.943,46.792,470,44.340
2053,2053,68.433,1026.986,460.552,96.885,43.448,305,1,646,496,60.943,46.792,470,44.340
2054,2054,68.467,1027.102,460.504,96.896,43.444,302,1,646,496,60.943,46.792,470,44.340
2055,2055,68.500,1026.984,460.545,96.885,43.448,309,1,646,496,60.943,46.792,470,44.340
2056,2056,68.533,1027.041,460.562,96.891,43.449,309,1,646,496,60.943,46.792,470,44.340
2057,2057,68.567,1026.765,460.741,96.865,43.466,302,1,646,496,60.943,46.792,470,44.340
2058,2058,68.600,1026.863,460.562,96.874,43.449,308,1,646,496,60.943,46.792,470,44.340
2059,2059,68.633,1026.916,460.443,96.879,43.438,310,1,646,496,60.943,46.792,470,44.340
2060,2060,68.667,1026.596,460.536,96.849,43.447,299,1,646,496,60.943,46.792,470,44.340
2061,2061,68.700,1027.097,460.142,96.896,43.410,316,1,646,496,60.943,46.792,470,44.340
2062,2062,68.733,1027.378,459.830,96.922,43.380,328,1,646,496,60.943,46.792,470,44.340
2063,2063,68.767,1027.687,459.561,96.952,43.355,329,1,646,496,60.943,46.792,470,44.340
2064,2064,68.800,1027.957,459.232,96.977,43.324,339,1,646,496,60.943,46.792,470,44.340
2065,2065,68.833,1028.228,458.728,97.003,43.276,344,1,646,496,60.943,46.792,470,44.340
2066,2066,68.867,1028.479,458.569,97.026,43.261,351,1,646,496,60.943,46.792,470,44.340
2067,2067,68.900,1028.659,458.438,97.043,43.249,350,1,646,496,60.943,46.792,470,44.340
2068,2068,68.933,1029.147,458.080,97.089,43.215,358,1,646,496,60.943,46.792,470,44.340
2069,2069,68.967,1029.307,457.936,97.104,43.201,356,1,646,496,60.943,46.792,470,44.340
2070,2070,69.000,1029.651,457.560,97.137,43.166,369,1,646,496,60.943,46.792,470,44.340
2071,2071,69.033,1030.072,457.127,97.177,43.125,374,1,646,496,60.943,46.792,470,44.340
2072,2072,69.067,1030.071,457.158,97.177,43.128,369,1,646,496,60.943,46.792,470,44.340
2073,2073,69.100,1030.214,457.034,97.190,43.116,372,1,646,496,60.943,46.792,470,44.340
2074,2074,69.133,1030.491,456.774,97.216,43.092,376,1,646,496,60.943,46.792,470,44.340
2075,2075,69.167,1030.765,456.535,97.242,43.069,381,1,646,496,60.943,46.792,470,44.340
2076,2076,69.200,1030.793,456.569,97.245,43.073,383,1,646,496,60.943,46.792,470,44.340
2077,2077,69.233,1031.051,456.376,97.269,43.054,383,1,646,496,60.943,46.792,470,44.340
2078,2078,69.267,1031.001,456.510,97.264,43.067,374,1,646,496,60.943,46.792,470,44.340
2079,2079,69.300,1030.933,456.547,97.258,43.070,377,1,646,496,60.943,46.792,470,44.340
2080,2080,69.333,1031.054,456.440,97.269,43.060,385,1,646,496,60.943,46.792,470,44.340
2081,2081,69.367,1030.990,456.510,97.263,43.067,380,1,646,496,60.943,46.792,470,44.340
2082,2082,69.400,1030.971,456.565,97.261,43.072,385,1,646,496,60.943,46.792,470,44.340
2083,2083,69.433,1031.257,456.317,97.288,43.049,377,1,646,496,60.943,46.792,470,44.340
2084,2084,69.467,1031.589,456.084,97.320,43.027,366,1,646,496,60.943,46.792,470,44.340
2085,2085,69.500,1031.433,456.155,97.305,43.033,375,1,646,496,60.943,46.792,470,44.340
2086,2086,69.533,1031.715,456.008,97.332,43.020,365,1,646,496,60.943,46.792,470,44.340
2087,2087,69.567,1031.684,456.029,97.329,43.022,356,1,646,496,60.943,46.792,470,44.340
2088,2088,69.600,1031.585,456.144,97.319,43.032,358,1,646,496,60.943,46.792,470,44.340
2089,2089,69.633,1031.783,455.905,97.338,43.010,362,1,646,496,60.943,46.792,470,44.340
2090,2090,69.667,1031.969,455.789,97.356,42.999,355,1,646,496,60.943,46.792,470,44.340
2091,2091,69.700,1032.147,455.701,97.372,42.991,351,1,646,496,60.943,46.792,470,44.340
2092,2092,69.733,1032.780,455.131,97.432,42.937,336,1,646,496,60.943,46.792,470,44.340
2093,2093,69.767,1033.135,454.768,97.466,42.903,318,1,646,496,60.943,46.792,470,44.340
2094,2094,69.800,1033.252,454.679,97.477,42.894,320,1,646,496,60.943,46.792,470,44.340
2095,2095,69.833,1033.351,454.587,97.486,42.886,315,1,646,496,60.943,46.792,470,44.340
2096,2096,69.867,1033.361,454.549,97.487,42.882,310,1,646,496,60.943,46.792,470,44.340
2097,2097,69.900,1033.300,454.583,97.481,42.885,311,1,646,496,60.943,46.792,470,44.340
2098,2098,69.933,1033.320,454.547,97.483,42.882,310,1,646,496,60.943,46.792,470,44.340
2099,2099,69.967,1033.079,454.719,97.460,42.898,300,1,646,496,60.943,46.792,470,44.340
2100,2100,70.000,1033.076,454.742,97.460,42.900,307,1,646,496,60.943,46.792,470,44.340
2101,2101,70.033,1032.778,455.017,97.432,42.926,304,1,646,496,60.943,46.792,470,44.340
2102,2102,70.067,1032.611,455.033,97.416,42.928,297,1,646,496,60.943,46.792,470,44.340
2103,2103,70.100,1032.674,454.871,97.422,42.912,301,1,646,496,60.943,46.792,470,44.340
2104,2104,70.133,1032.691,454.818,97.424,42.907,304,1,646,496,60.943,46.792,470,44.340
2105,2105,70.167,1032.555,454.800,97.411,42.906,302,1,646,496,60.943,46.792,470,44.340
2106,2106,70.200,1032.508,454.637,97.406,42.890,312,1,646,496,60.943,46.792,470,44.340
2107,2107,70.233,1032.731,454.372,97.427,42.865,315,1,646,496,60.943,46.792,470,44.340
2108,2108,70.267,1032.772,454.261,97.431,42.855,318,1,646,496,60.943,46.792,470,44.340
2109,2109,70.300,1032.837,454.189,97.437,42.848,321,1,646,496,60.943,46.792,470,44.340
2110,2110,70.333,1033.069,453.943,97.459,42.825,332,1,646,496,60.943,46.792,470,44.340
2111,2111,70.367,1033.054,453.833,97.458,42.814,331,1,646,496,60.943,46.792,470,44.340
2112,2112,70.400,1033.324,453.450,97.483,42.778,339,1,646,496,60.943,46.792,470,44.340
2113,2113,70.433,1033.638,452.913,97.513,42.728,345,1,646,496,60.943,46.792,470,44.340
2114,2114,70.467,1033.512,452.926,97.501,42.729,345,1,646,496,60.943,46.792,470,44.340
2115,2115,70.500,1033.599,452.899,97.509,42.726,343,1,646,496,60.943,46.792,470,44.340
2116,2116,70.533,1033.794,452.580,97.528,42.696,354,1,646,496,60.943,46.792,470,44.340
2117,2117,70.567,1033.873,452.398,97.535,42.679,342,1,646,496,60.943,46.792,470,44.340
2118,2118,70.600,1033.970,452.251,97.544,42.665,348,1,646,496,60.943,46.792,470,44.340
2119,2119,70.633,1033.959,452.220,97.543,42.662,353,1,646,496,60.943,46.792,470,44.340
2120,2120,70.667,1034.126,452.133,97.559,42.654,350,1,646,496,60.943,46.792,470,44.340
2121,2121,70.700,1034.211,452.153,97.567,42.656,350,1,646,496,60.943,46.792,470,44.340
2122,2122,70.733,1034.313,452.093,97.577,42.650,351,1,646,496,60.943,46.792,470,44.340
2123,2123,70.767,1034.382,451.989,97.583,42.641,347,1,646,496,60.943,46.792,470,44.340
2124,2124,70.800,1034.313,451.976,97.577,42.639,349,1,646,496,60.943,46.792,470,44.340
2125,2125,70.833,1034.264,451.994,97.572,42.641,346,1,646,496,60.943,46.792,470,44.340
2126,2126,70.867,1034.304,451.973,97.576,42.639,345,1,646,496,60.943,46.792,470,44.340
2127,2127,70.900,1034.249,452.026,97.571,42.644,346,1,646,496,60.943,46.792,470,44.340
2128,2128,70.933,1034.286,451.955,97.574,42.637,348,1,646,496,60.943,46.792,470,44.340
2129,2129,70.967,1034.189,452.004,97.565,42.642,341,1,646,496,60.943,46.792,470,44.340
2130,2130,71.000,1034.272,451.800,97.573,42.623,347,1,646,496,60.943,46.792,470,44.340
2131,2131,71.033,1034.309,451.751,97.576,42.618,351,1,646,496,60.943,46.792,470,44.340
2132,2132,71.067,1034.398,451.731,97.585,42.616,350,1,646,496,60.943,46.792,470,44.340
2133,2133,71.100,1034.178,452.054,97.564,42.647,349,1,646,496,60.943,46.792,470,44.340
2134,2134,71.133,1034.267,451.830,97.572,42.625,349,1,646,496,60.943,46.792,470,44.340
2135,2135,71.167,1034.289,451.748,97.574,42.618,344,1,646,496,60.943,46.792,470,44.340
2136,2136,71.200,1034.357,451.664,97.581,42.610,343,1,646,496,60.943,46.792,470,44.340
2137,2137,71.233,1034.471,451.327,97.592,42.578,348,1,646,496,60.943,46.792,470,44.340
2138,2138,71.267,1034.667,451.128,97.610,42.559,339,1,646,496,60.943,46.792,470,44.340
2139,2139,71.300,1034.682,451.108,97.612,42.557,339,1,646,496,60.943,46.792,470,44.340
2140,2140,71.333,1034.998,450.822,97.641,42.530,340,1,646,496,60.943,46.792,470,44.340
2141,2141,71.367,1035.429,450.200,97.682,42.472,334,1,646,496,60.943,46.792,470,44.340
2142,2142,71.400,1035.643,449.853,97.702,42.439,329,1,646,496,60.943,46.792,470,44.340
2143,2143,71.433,1036.089,448.969,97.744,42.356,326,1,646,496,60.943,46.792,470,44.340
2144,2144,71.467,1036.562,448.423,97.789,42.304,311,1,646,496,60.943,46.792,470,44.340
2145,2145,71.500,1036.643,448.239,97.796,42.287,305,1,646,496,60.943,46.792,470,44.340
2146,2146,71.533,1036.797,448.105,97.811,42.274,315,1,646,496,60.943,46.792,470,44.340
2147,2147,71.567,1036.867,448.199,97.818,42.283,311,1,646,496,60.943,46.792,470,44.340
2148,2148,71.600,1037.031,448.167,97.833,42.280,298,1,646,496,60.943,46.792,470,44.340
2149,2149,71.633,1037.121,447.985,97.842,42.263,306,1,646,496,60.943,46.792,470,44.340
2150,2150,71.667,1037.187,447.925,97.848,42.257,302,1,646,496,60.943,46.792,470,44.340
2151,2151,71.700,1037.165,447.955,97.846,42.260,302,1,646,496,60.943,46.792,470,44.340
2152,2152,71.733,1037.144,448.011,97.844,42.265,313,1,646,496,60.943,46.792,470,44.340
2153,2153,71.767,1037.139,447.886,97.843,42.253,306,1,646,496,60.943,46.792,470,44.340
2154,2154,71.800,1037.060,447.674,97.836,42.233,314,1,646,496,60.943,46.792,470,44.340
2155,2155,71.833,1036.946,447.827,97.825,42.248,318,1,646,496,60.943,46.792,470,44.340
2156,2156,71.867,1036.930,447.659,97.824,42.232,316,1,646,496,60.943,46.792,470,44.340
2157,2157,71.900,1036.951,447.647,97.826,42.231,314,1,646,496,60.943,46.792,470,44.340
2158,2158,71.933,1036.978,447.433,97.828,42.211,320,1,646,496,60.943,46.792,470,44.340
2159,2159,71.967,1036.880,447.414,97.819,42.209,319,1,646,496,60.943,46.792,470,44.340
2160,2160,72.000,1037.044,447.165,97.834,42.185,318,1,646,496,60.943,46.792,470,44.340
2161,2161,72.033,1037.177,446.905,97.847,42.161,325,1,646,496,60.943,46.792,470,44.340
2162,2162,72.067,1037.341,446.637,97.862,42.136,324,1,646,496,60.943,46.792,470,44.340
2163,2163,72.100,1037.274,446.746,97.856,42.146,317,1,646,496,60.943,46.792,470,44.340
2164,2164,72.133,1037.496,446.359,97.877,42.109,329,1,646,496,60.943,46.792,470,44.340
2165,2165,72.167,1037.542,446.276,97.881,42.102,331,1,646,496,60.943,46.792,470,44.340
2166,2166,72.200,1037.492,446.296,97.877,42.103,329,1,646,496,60.943,46.792,470,44.340
2167,2167,72.233,1037.701,445.844,97.896,42.061,338,1,646,496,60.943,46.792,470,44.340
2168,2168,72.267,1038.023,445.400,97.927,42.019,346,1,646,496,60.943,46.792,470,44.340
2169,2169,72.300,1038.045,445.406,97.929,42.019,346,1,646,496,60.943,46.792,470,44.340
2170,2170,72.333,1038.250,445.109,97.948,41.991,353,1,646,496,60.943,46.792,470,44.340
2171,2171,72.367,1038.342,444.986,97.957,41.980,356,1,646,496,60.943,46.792,470,44.340
2172,2172,72.400,1038.443,444.941,97.966,41.976,347,1,646,496,60.943,46.792,470,44.340
2173,2173,72.433,1038.489,444.867,97.971,41.969,353,1,646,496,60.943,46.792,470,44.340
2174,2174,72.467,1038.550,444.814,97.976,41.964,356,1,646,496,60.943,46.792,470,44.340
2175,2175,72.500,1038.586,444.733,97.980,41.956,347,1,646,496,60.943,46.792,470,44.340
2176,2176,72.533,1038.764,444.587,97.997,41.942,355,1,646,496,60.943,46.792,470,44.340
2177,2177,72.567,1038.960,444.256,98.015,41.911,363,1,646,496,60.943,46.792,470,44.340
2178,2178,72.600,1038.905,444.299,98.010,41.915,360,1,646,496,60.943,46.792,470,44.340
2179,2179,72.633,1038.946,444.216,98.014,41.907,360,1,646,496,60.943,46.792,470,44.340
2180,2180,72.667,1039.017,444.112,98.020,41.897,361,1,646,496,60.943,46.792,470,44.340
2181,2181,72.700,1038.950,444.071,98.014,41.894,356,1,646,496,60.943,46.792,470,44.340
2182,2182,72.733,1039.176,443.753,98.035,41.864,366,1,646,496,60.943,46.792,470,44.340
2183,2183,72.767,1039.330,443.536,98.050,41.843,369,1,646,496,60.943,46.792,470,44.340
2184,2184,72.800,1039.420,443.429,98.059,41.833,363,1,646,496,60.943,46.792,470,44.340
2185,2185,72.833,1039.461,443.398,98.062,41.830,368,1,646,496,60.943,46.792,470,44.340
2186,2186,72.867,1039.508,443.166,98.067,41.808,368,1,646,496,60.943,46.792,470,44.340
2187,2187,72.900,1039.500,443.243,98.066,41.815,358,1,646,496,60.943,46.792,470,44.340
2188,2188,72.933,1039.415,443.317,98.058,41.822,363,1,646,496,60.943,46.792,470,44.340
2189,2189,72.967,1039.450,443.343,98.061,41.825,370,1,646,496,60.943,46.792,470,44.340
2190,2190,73.000,1039.483,443.340,98.064,41.825,365,1,646,496,60.943,46.792,470,44.340
2191,2191,73.033,1039.551,443.225,98.071,41.814,369,1,646,496,60.943,46.792,470,44.340
2192,2192,73.067,1039.554,443.216,98.071,41.813,369,1,646,496,60.943,46.792,470,44.340
2193,2193,73.100,1039.496,443.321,98.066,41.823,358,1,646,496,60.943,46.792,470,44.340
2194,2194,73.133,1039.437,443.351,98.060,41.826,363,1,646,496,60.943,46.792,470,44.340
2195,2195,73.167,1039.609,443.187,98.076,41.810,369,1,646,496,60.943,46.792,470,44.340
2196,2196,73.200,1039.514,443.357,98.067,41.826,361,1,646,496,60.943,46.792,470,44.340
2197,2197,73.233,1039.514,443.390,98.067,41.829,368,1,646,496,60.943,46.792,470,44.340
2198,2198,73.267,1039.655,443.204,98.081,41.812,370,1,646,496,60.943,46.792,470,44.340
2199,2199,73.300,1039.471,443.492,98.063,41.839,366,1,646,496,60.943,46.792,470,44.340
2200,2200,73.333,1039.472,443.492,98.063,41.839,366,1,646,496,60.943,46.792,470,44.340
2201,2201,73.367,1039.556,443.334,98.071,41.824,372,1,646,496,60.943,46.792,470,44.340
2202,2202,73.400,1039.554,443.371,98.071,41.827,364,1,646,496,60.943,46.792,470,44.340
2203,2203,73.433,1039.491,443.442,98.065,41.834,369,1,646,496,60.943,46.792,470,44.340
2204,2204,73.467,1039.484,443.430,98.065,41.833,370,1,646,496,60.943,46.792,470,44.340
2205,2205,73.500,1039.667,443.129,98.082,41.805,371,1,646,496,60.943,46.792,470,44.340
2206,2206,73.533,1039.668,443.135,98.082,41.805,374,1,646,496,60.943,46.792,470,44.340
2207,2207,73.567,1039.782,443.007,98.093,41.793,378,1,646,496,60.943,46.792,470,44.340
2208,2208,73.600,1039.710,443.171,98.086,41.809,371,1,646,496,60.943,46.792,470,44.340
2209,2209,73.633,1039.501,443.493,98.066,41.839,366,1,646,496,60.943,46.792,470,44.340
2210,2210,73.667,1039.295,443.797,98.047,41.868,366,1,646,496,60.943,46.792,470,44.340
2211,2211,73.700,1039.253,443.985,98.043,41.885,359,1,646,496,60.943,46.792,470,44.340
2212,2212,73.733,1039.223,444.082,98.040,41.895,359,1,646,496,60.943,46.792,470,44.340
2213,2213,73.767,1039.114,444.146,98.030,41.901,371,1,646,496,60.943,46.792,470,44.340
2214,2214,73.800,1039.077,444.325,98.026,41.917,359,1,646,496,60.943,46.792,470,44.340
2215,2215,73.833,1039.002,444.494,98.019,41.933,363,1,646,496,60.943,46.792,470,44.340
2216,2216,73.867,1039.156,444.567,98.034,41.940,364,1,646,496,60.943,46.792,470,44.340
2217,2217,73.900,1039.323,444.594,98.049,41.943,351,1,646,496,60.943,46.792,470,44.340
2218,2218,73.933,1039.290,444.991,98.046,41.980,353,1,646,496,60.943,46.792,470,44.340
2219,2219,73.967,1039.162,445.401,98.034,42.019,344,1,646,496,60.943,46.792,470,44.340
2220,2220,74.000,1038.998,445.727,98.019,42.050,334,1,646,496,60.943,46.792,470,44.340
2221,2221,74.033,1039.145,446.013,98.033,42.077,335,1,646,496,60.943,46.792,470,44.340
2222,2222,74.067,1039.031,446.085,98.022,42.083,336,1,646,496,60.943,46.792,470,44.340
2223,2223,74.100,1038.910,446.218,98.010,42.096,325,1,646,496,60.943,46.792,470,44.340
2224,2224,74.133,1038.955,446.266,98.015,42.101,327,1,646,496,60.943,46.792,470,44.340
2225,2225,74.167,1038.955,446.266,98.015,42.101,327,1,646,496,60.943,46.792,470,44.340
2226,2226,74.200,1039.022,446.311,98.021,42.105,331,1,646,496,60.943,46.792,470,44.340
2227,2227,74.233,1039.022,446.311,98.021,42.105,331,1,646,496,60.943,46.792,470,44.340
2228,2228,74.267,1039.070,446.279,98.025,42.102,331,1,646,496,60.943,46.792,470,44.340
2229,2229,74.300,1038.950,446.327,98.014,42.106,328,1,646,496,60.943,46.792,470,44.340
2230,2230,74.333,1038.962,446.321,98.015,42.106,328,1,646,496,60.943,46.792,470,44.340
2231,2231,74.367,1038.964,446.430,98.015,42.116,332,1,646,496,60.943,46.792,470,44.340
2232,2232,74.400,1038.910,446.494,98.010,42.122,326,1,646,496,60.943,46.792,470,44.340
2233,2233,74.433,1038.560,447.042,97.977,42.174,332,1,646,496,60.943,46.792,470,44.340
2234,2234,74.467,1038.559,447.246,97.977,42.193,334,1,646,496,60.943,46.792,470,44.340
2235,2235,74.500,1038.557,447.338,97.977,42.202,325,1,646,496,60.943,46.792,470,44.340
2236,2236,74.533,1038.891,447.409,98.009,42.208,334,1,646,496,60.943,46.792,470,44.340
2237,2237,74.567,1038.733,447.661,97.994,42.232,333,1,646,496,60.943,46.792,470,44.340
2238,2238,74.600,1038.770,447.763,97.997,42.242,325,1,646,496,60.943,46.792,470,44.340
2239,2239,74.633,1038.804,448.071,98.000,42.271,330,1,646,496,60.943,46.792,470,44.340
2240,2240,74.667,1039.046,448.049,98.023,42.269,341,1,646,496,60.943,46.792,470,44.340
2241,2241,74.700,1039.127,448.031,98.031,42.267,337,1,646,496,60.943,46.792,470,44.340
2242,2242,74.733,1039.302,447.984,98.047,42.263,340,1,646,496,60.943,46.792,470,44.340
2243,2243,74.767,1039.651,447.878,98.080,42.253,349,1,646,496,60.943,46.792,470,44.340
2244,2244,74.800,1039.759,447.962,98.090,42.261,353,1,646,496,60.943,46.792,470,44.340
2245,2245,74.833,1039.717,448.065,98.087,42.270,351,1,646,496,60.943,46.792,470,44.340
2246,2246,74.867,1039.802,448.048,98.095,42.269,358,1,646,496,60.943,46.792,470,44.340
2247,2247,74.900,1039.653,448.318,98.080,42.294,346,1,646,496,60.943,46.792,470,44.340
2248,2248,74.933,1039.643,448.509,98.080,42.312,341,1,646,496,60.943,46.792,470,44.340
2249,2249,74.967,1039.729,448.664,98.088,42.327,345,1,646,496,60.943,46.792,470,44.340
2250,2250,75.000,1039.568,448.841,98.072,42.344,338,1,646,496,60.943,46.792,470,44.340
2251,2251,75.033,1039.506,448.950,98.067,42.354,334,1,646,496,60.943,46.792,470,44.340
2252,2252,75.067,1039.614,449.001,98.077,42.359,349,1,646,496,60.943,46.792,470,44.340
2253,2253,75.100,1039.804,448.845,98.095,42.344,345,1,646,496,60.943,46.792,470,44.340
2254,2254,75.133,1039.885,448.848,98.102,42.344,341,1,646,496,60.943,46.792,470,44.340
2255,2255,75.167,1040.081,448.932,98.121,42.352,345,1,646,496,60.943,46.792,470,44.340
2256,2256,75.200,1040.059,448.992,98.119,42.358,343,1,646,496,60.943,46.792,470,44.340
2257,2257,75.233,1039.989,449.080,98.112,42.366,338,1,646,496,60.943,46.792,470,44.340
2258,2258,75.267,1040.089,449.074,98.122,42.365,342,1,646,496,60.943,46.792,470,44.340
2259,2259,75.300,1040.496,448.859,98.160,42.345,335,1,646,496,60.943,46.792,470,44.340
2260,2260,75.333,1040.576,448.865,98.168,42.346,336,1,646,496,60.943,46.792,470,44.340
2261,2261,75.367,1040.818,448.911,98.190,42.350,342,1,646,496,60.943,46.792,470,44.340
2262,2262,75.400,1041.166,448.821,98.223,42.342,339,1,646,496,60.943,46.792,470,44.340
2263,2263,75.433,1041.445,448.715,98.250,42.332,344,1,646,496,60.943,46.792,470,44.340
2264,2264,75.467,1041.754,448.644,98.279,42.325,353,1,646,496,60.943,46.792,470,44.340
2265,2265,75.500,1041.977,448.524,98.300,42.314,350,1,646,496,60.943,46.792,470,44.340
2266,2266,75.533,1041.535,448.652,98.258,42.326,344,1,646,496,60.943,46.792,470,44.340
2267,2267,75.567,1041.597,448.605,98.264,42.321,351,1,646,496,60.943,46.792,470,44.340
2268,2268,75.600,1041.453,448.632,98.250,42.324,343,1,646,496,60.943,46.792,470,44.340
2269,2269,75.633,1041.318,448.596,98.238,42.320,341,1,646,496,60.943,46.792,470,44.340
2270,2270,75.667,1041.050,448.649,98.212,42.325,344,1,646,496,60.943,46.792,470,44.340
2271,2271,75.700,1041.086,448.640,98.216,42.325,346,1,646,496,60.943,46.792,470,44.340
2272,2272,75.733,1041.046,448.660,98.212,42.326,345,1,646,496,60.943,46.792,470,44.340
2273,2273,75.767,1041.037,448.765,98.211,42.336,349,1,646,496,60.943,46.792,470,44.340
2274,2274,75.800,1040.953,448.781,98.203,42.338,346,1,646,496,60.943,46.792,470,44.340
2275,2275,75.833,1040.810,448.834,98.190,42.343,342,1,646,496,60.943,46.792,470,44.340
2276,2276,75.867,1040.906,448.772,98.199,42.337,349,1,646,496,60.943,46.792,470,44.340
2277,2277,75.900,1040.891,448.772,98.197,42.337,348,1,646,496,60.943,46.792,470,44.340
2278,2278,75.933,1040.968,448.730,98.205,42.333,344,1,646,496,60.943,46.792,470,44.340
2279,2279,75.967,1040.858,448.740,98.194,42.334,347,1,646,496,60.943,46.792,470,44.340
2280,2280,76.000,1040.922,448.705,98.200,42.331,349,1,646,496,60.943,46.792,470,44.340
2281,2281,76.033,1041.136,448.502,98.220,42.312,324,1,646,496,60.943,46.792,470,44.340
2282,2282,76.067,1040.920,448.633,98.200,42.324,329,1,646,496,60.943,46.792,470,44.340
2283,2283,76.100,1041.003,448.574,98.208,42.318,329,1,646,496,60.943,46.792,470,44.340
2284,2284,76.133,1040.976,448.556,98.205,42.317,329,1,646,496,60.943,46.792,470,44.340
2285,2285,76.167,1041.011,448.558,98.209,42.317,328,1,646,496,60.943,46.792,470,44.340
2286,2286,76.200,1041.011,448.558,98.209,42.317,328,1,646,496,60.943,46.792,470,44.340
2287,2287,76.233,1040.994,448.555,98.207,42.317,327,1,646,496,60.943,46.792,470,44.340
2288,2288,76.267,1041.039,448.566,98.211,42.318,327,1,646,496,60.943,46.792,470,44.340
2289,2289,76.300,1040.601,448.879,98.170,42.347,339,1,646,496,60.943,46.792,470,44.340
2290,2290,76.333,1040.605,448.876,98.170,42.347,339,1,646,496,60.943,46.792,470,44.340
2291,2291,76.367,1040.706,448.864,98.180,42.346,343,1,646,496,60.943,46.792,470,44.340
2292,2292,76.400,1040.718,448.870,98.181,42.346,343,1,646,496,60.943,46.792,470,44.340
2293,2293,76.433,1040.615,448.852,98.171,42.345,338,1,646,496,60.943,46.792,470,44.340
2294,2294,76.467,1040.652,448.907,98.175,42.350,344,1,646,496,60.943,46.792,470,44.340
2295,2295,76.500,1040.686,448.905,98.178,42.350,345,1,646,496,60.943,46.792,470,44.340
2296,2296,76.533,1040.639,448.870,98.174,42.346,339,1,646,496,60.943,46.792,470,44.340
2297,2297,76.567,1040.747,448.770,98.184,42.337,346,1,646,496,60.943,46.792,470,44.340
2298,2298,76.600,1040.746,448.770,98.184,42.337,346,1,646,496,60.943,46.792,470,44.340
2299,2299,76.633,1040.812,448.748,98.190,42.335,343,1,646,496,60.943,46.792,470,44.340
2300,2300,76.667,1040.953,448.726,98.203,42.333,349,1,646,496,60.943,46.792,470,44.340
2301,2301,76.700,1041.222,448.621,98.229,42.323,356,1,646,496,60.943,46.792,470,44.340
2302,2302,76.733,1041.541,448.414,98.259,42.303,350,1,646,496,60.943,46.792,470,44.340
2303,2303,76.767,1041.599,448.498,98.264,42.311,358,1,646,496,60.943,46.792,470,44.340
2304,2304,76.800,1041.839,448.441,98.287,42.306,359,1,646,496,60.943,46.792,470,44.340
2305,2305,76.833,1041.785,448.457,98.282,42.307,354,1,646,496,60.943,46.792,470,44.340
2306,2306,76.867,1041.780,448.458,98.281,42.307,354,1,646,496,60.943,46.792,470,44.340
2307,2307,76.900,1041.900,448.434,98.292,42.305,357,1,646,496,60.943,46.792,470,44.340
2308,2308,76.933,1042.161,448.227,98.317,42.286,344,1,646,496,60.943,46.792,470,44.340
2309,2309,76.967,1042.131,448.245,98.314,42.287,345,1,646,496,60.943,46.792,470,44.340
2310,2310,77.000,1042.028,448.306,98.304,42.293,347,1,646,496,60.943,46.792,470,44.340
2311,2311,77.033,1042.005,448.290,98.302,42.292,343,1,646,496,60.943,46.792,470,44.340
2312,2312,77.067,1042.022,448.262,98.304,42.289,342,1,646,496,60.943,46.792,470,44.340
2313,2313,77.100,1042.447,448.018,98.344,42.266,342,1,646,496,60.943,46.792,470,44.340
2314,2314,77.133,1042.482,447.978,98.347,42.262,336,1,646,496,60.943,46.792,470,44.340
2315,2315,77.167,1042.523,448.003,98.351,42.264,337,1,646,496,60.943,46.792,470,44.340
2316,2316,77.200,1042.574,447.892,98.356,42.254,335,1,646,496,60.943,46.792,470,44.340
2317,2317,77.233,1042.879,447.745,98.385,42.240,325,1,646,496,60.943,46.792,470,44.340
2318,2318,77.267,1043.097,447.572,98.405,42.224,326,1,646,496,60.943,46.792,470,44.340
2319,2319,77.300,1043.017,447.619,98.398,42.228,329,1,646,496,60.943,46.792,470,44.340
2320,2320,77.333,1043.306,447.491,98.425,42.216,317,1,646,496,60.943,46.792,470,44.340
2321,2321,77.367,1043.371,447.479,98.431,42.215,320,1,646,496,60.943,46.792,470,44.340
2322,2322,77.400,1043.725,447.357,98.465,42.203,320,1,646,496,60.943,46.792,470,44.340
2323,2323,77.433,1043.807,447.197,98.472,42.188,310,1,646,496,60.943,46.792,470,44.340
2324,2324,77.467,1043.884,447.084,98.480,42.178,310,1,646,496,60.943,46.792,470,44.340
2325,2325,77.500,1043.821,447.149,98.474,42.184,312,1,646,496,60.943,46.792,470,44.340
2326,2326,77.533,1043.929,447.069,98.484,42.176,305,1,646,496,60.943,46.792,470,44.340
2327,2327,77.567,1043.963,447.093,98.487,42.179,304,1,646,496,60.943,46.792,470,44.340
2328,2328,77.600,1043.858,447.122,98.477,42.181,302,1,646,496,60.943,46.792,470,44.340
2329,2329,77.633,1043.722,447.135,98.464,42.183,298,1,646,496,60.943,46.792,470,44.340
2330,2330,77.667,1043.795,447.155,98.471,42.184,298,1,646,496,60.943,46.792,470,44.340
2331,2331,77.700,1043.591,447.218,98.452,42.190,304,1,646,496,60.943,46.792,470,44.340
2332,2332,77.733,1043.671,447.286,98.460,42.197,299,1,646,496,60.943,46.792,470,44.340
2333,2333,77.767,1043.727,447.314,98.465,42.199,299,1,646,496,60.943,46.792,470,44.340
2334,2334,77.800,1043.557,447.438,98.449,42.211,305,1,646,496,60.943,46.792,470,44.340
2335,2335,77.833,1043.659,447.499,98.458,42.217,299,1,646,496,60.943,46.792,470,44.340
2336,2336,77.867,1043.634,447.680,98.456,42.234,305,1,646,496,60.943,46.792,470,44.340
2337,2337,77.900,1043.711,447.774,98.463,42.243,308,1,646,496,60.943,46.792,470,44.340
2338,2338,77.933,1043.763,447.823,98.468,42.247,302,1,646,496,60.943,46.792,470,44.340
2339,2339,77.967,1043.669,447.901,98.459,42.255,299,1,646,496,60.943,46.792,470,44.340
2340,2340,78.000,1043.873,447.964,98.479,42.261,308,1,646,496,60.943,46.792,470,44.340
2341,2341,78.033,1044.227,448.015,98.512,42.266,290,1,646,496,60.943,46.792,470,44.340
2342,2342,78.067,1044.286,448.160,98.518,42.279,298,1,646,496,60.943,46.792,470,44.340
2343,2343,78.100,1044.398,448.162,98.528,42.279,301,1,646,496,60.943,46.792,470,44.340
2344,2344,78.133,1044.394,448.155,98.528,42.279,298,1,646,496,60.943,46.792,470,44.340
2345,2345,78.167,1044.628,448.221,98.550,42.285,303,1,646,496,60.943,46.792,470,44.340
2346,2346,78.200,1044.741,448.224,98.561,42.285,305,1,646,496,60.943,46.792,470,44.340
2347,2347,78.233,1044.700,448.252,98.557,42.288,303,1,646,496,60.943,46.792,470,44.340
2348,2348,78.267,1044.790,448.255,98.565,42.288,305,1,646,496,60.943,46.792,470,44.340
2349,2349,78.300,1044.909,448.293,98.576,42.292,312,1,646,496,60.943,46.792,470,44.340
2350,2350,78.333,1044.934,448.303,98.579,42.293,307,1,646,496,60.943,46.792,470,44.340
2351,2351,78.367,1045.060,448.303,98.591,42.293,310,1,646,496,60.943,46.792,470,44.340
2352,2352,78.400,1045.094,448.358,98.594,42.298,316,1,646,496,60.943,46.792,470,44.340
2353,2353,78.433,1045.101,448.303,98.594,42.293,312,1,646,496,60.943,46.792,470,44.340
2354,2354,78.467,1045.101,448.303,98.594,42.293,312,1,646,496,60.943,46.792,470,44.340
2355,2355,78.500,1045.237,448.381,98.607,42.300,324,1,646,496,60.943,46.792,470,44.340
2356,2356,78.533,1045.275,448.341,98.611,42.296,320,1,646,496,60.943,46.792,470,44.340
2357,2357,78.567,1045.309,448.339,98.614,42.296,320,1,646,496,60.943,46.792,470,44.340
2358,2358,78.600,1045.439,448.359,98.626,42.298,328,1,646,496,60.943,46.792,470,44.340
2359,2359,78.633,1045.437,448.301,98.626,42.293,323,1,646,496,60.943,46.792,470,44.340
2360,2360,78.667,1045.340,448.325,98.617,42.295,322,1,646,496,60.943,46.792,470,44.340
2361,2361,78.700,1045.361,448.345,98.619,42.297,330,1,646,496,60.943,46.792,470,44.340
2362,2362,78.733,1045.414,448.316,98.624,42.294,326,1,646,496,60.943,46.792,470,44.340
2363,2363,78.767,1045.669,448.304,98.648,42.293,330,1,646,496,60.943,46.792,470,44.340
2364,2364,78.800,1045.738,448.328,98.655,42.295,341,1,646,496,60.943,46.792,470,44.340
2365,2365,78.833,1045.753,448.316,98.656,42.294,337,1,646,496,60.943,46.792,470,44.340
2366,2366,78.867,1045.813,448.303,98.662,42.293,334,1,646,496,60.943,46.792,470,44.340
2367,2367,78.900,1045.607,448.342,98.642,42.296,337,1,646,496,60.943,46.792,470,44.340
2368,2368,78.933,1045.617,448.341,98.643,42.296,337,1,646,496,60.943,46.792,470,44.340
2369,2369,78.967,1045.616,448.341,98.643,42.296,337,1,646,496,60.943,46.792,470,44.340
2370,2370,79.000,1045.853,448.327,98.665,42.295,344,1,646,496,60.943,46.792,470,44.340
2371,2371,79.033,1045.892,448.259,98.669,42.289,336,1,646,496,60.943,46.792,470,44.340
2372,2372,79.067,1045.769,448.274,98.657,42.290,334,1,646,496,60.943,46.792,470,44.340
2373,2373,79.100,1045.852,448.265,98.665,42.289,338,1,646,496,60.943,46.792,470,44.340
2374,2374,79.133,1045.689,448.293,98.650,42.292,335,1,646,496,60.943,46.792,470,44.340
2375,2375,79.167,1045.892,448.249,98.669,42.288,337,1,646,496,60.943,46.792,470,44.340
2376,2376,79.200,1045.814,448.371,98.662,42.299,346,1,646,496,60.943,46.792,470,44.340
2377,2377,79.233,1045.777,448.361,98.658,42.298,345,1,646,496,60.943,46.792,470,44.340
2378,2378,79.267,1045.701,448.368,98.651,42.299,343,1,646,496,60.943,46.792,470,44.340
2379,2379,79.300,1045.862,448.363,98.666,42.298,347,1,646,496,60.943,46.792,470,44.340
2380,2380,79.333,1045.940,448.393,98.674,42.301,349,1,646,496,60.943,46.792,470,44.340
2381,2381,79.367,1045.832,448.365,98.663,42.299,345,1,646,496,60.943,46.792,470,44.340
2382,2382,79.400,1045.868,448.376,98.667,42.300,347,1,646,496,60.943,46.792,470,44.340
2383,2383,79.433,1045.928,448.397,98.672,42.302,347,1,646,496,60.943,46.792,470,44.340
2384,2384,79.467,1045.887,448.409,98.669,42.303,346,1,646,496,60.943,46.792,470,44.340
2385,2385,79.500,1045.743,448.458,98.655,42.307,350,1,646,496,60.943,46.792,470,44.340
2386,2386,79.533,1045.707,448.442,98.652,42.306,351,1,646,496,60.943,46.792,470,44.340
2387,2387,79.567,1045.777,448.369,98.658,42.299,344,1,646,496,60.943,46.792,470,44.340
2388,2388,79.600,1045.737,448.439,98.654,42.306,352,1,646,496,60.943,46.792,470,44.340
2389,2389,79.633,1045.765,448.419,98.657,42.304,351,1,646,496,60.943,46.792,470,44.340
2390,2390,79.667,1046.056,448.374,98.685,42.299,342,1,646,496,60.943,46.792,470,44.340
2391,2391,79.700,1045.916,448.415,98.671,42.303,352,1,646,496,60.943,46.792,470,44.340
2392,2392,79.733,1046.029,448.386,98.682,42.301,349,1,646,496,60.943,46.792,470,44.340
2393,2393,79.767,1045.802,448.401,98.661,42.302,344,1,646,496,60.943,46.792,470,44.340
2394,2394,79.800,1046.031,448.405,98.682,42.302,348,1,646,496,60.943,46.792,470,44.340
2395,2395,79.833,1046.040,448.442,98.683,42.306,351,1,646,496,60.943,46.792,470,44.340
2396,2396,79.867,1045.963,448.368,98.676,42.299,338,1,646,496,60.943,46.792,470,44.340
2397,2397,79.900,1046.048,448.415,98.684,42.303,346,1,646,496,60.943,46.792,470,44.340
2398,2398,79.933,1046.048,448.415,98.684,42.303,346,1,646,496,60.943,46.792,470,44.340
2399,2399,79.967,1045.973,448.438,98.677,42.305,341,1,646,496,60.943,46.792,470,44.340
2400,2400,80.000,1045.866,448.440,98.667,42.306,356,1,646,496,60.943,46.792,470,44.340
2401,2401,80.033,1046.219,448.351,98.700,42.297,345,1,646,496,60.943,46.792,470,44.340
2402,2402,80.067,1046.140,448.384,98.692,42.300,335,1,646,496,60.943,46.792,470,44.340
2403,2403,80.100,1046.223,448.397,98.700,42.302,342,1,646,496,60.943,46.792,470,44.340
2404,2404,80.133,1046.181,448.366,98.696,42.299,345,1,646,496,60.943,46.792,470,44.340
2405,2405,80.167,1046.194,448.364,98.698,42.298,341,1,646,496,60.943,46.792,470,44.340
2406,2406,80.200,1046.343,448.346,98.712,42.297,345,1,646,496,60.943,46.792,470,44.340
2407,2407,80.233,1046.375,448.339,98.715,42.296,345,1,646,496,60.943,46.792,470,44.340
2408,2408,80.267,1046.376,448.337,98.715,42.296,345,1,646,496,60.943,46.792,470,44.340
2409,2409,80.300,1046.384,448.350,98.715,42.297,347,1,646,496,60.943,46.792,470,44.340
2410,2410,80.333,1046.326,448.353,98.710,42.297,346,1,646,496,60.943,46.792,470,44.340
2411,2411,80.367,1046.312,448.354,98.709,42.298,346,1,646,496,60.943,46.792,470,44.340
2412,2412,80.400,1046.321,448.367,98.710,42.299,347,1,646,496,60.943,46.792,470,44.340
2413,2413,80.433,1046.321,448.367,98.710,42.299,347,1,646,496,60.943,46.792,470,44.340
2414,2414,80.467,1046.377,448.385,98.715,42.301,345,1,646,496,60.943,46.792,470,44.340
2415,2415,80.500,1046.432,448.372,98.720,42.299,349,1,646,496,60.943,46.792,470,44.340
2416,2416,80.533,1046.428,448.372,98.720,42.299,349,1,646,496,60.943,46.792,470,44.340
2417,2417,80.567,1046.262,448.377,98.704,42.300,345,1,646,496,60.943,46.792,470,44.340
2418,2418,80.600,1046.050,448.489,98.684,42.310,350,1,646,496,60.943,46.792,470,44.340
2419,2419,80.633,1046.036,448.498,98.683,42.311,351,1,646,496,60.943,46.792,470,44.340
2420,2420,80.667,1046.005,448.498,98.680,42.311,350,1,646,496,60.943,46.792,470,44.340
2421,2421,80.700,1046.042,448.493,98.683,42.311,351,1,646,496,60.943,46.792,470,44.340
2422,2422,80.733,1045.978,448.527,98.677,42.314,351,1,646,496,60.943,46.792,470,44.340
2423,2423,80.767,1046.039,448.516,98.683,42.313,349,1,646,496,60.943,46.792,470,44.340
2424,2424,80.800,1045.956,448.494,98.675,42.311,350,1,646,496,60.943,46.792,470,44.340
2425,2425,80.833,1046.092,448.462,98.688,42.308,352,1,646,496,60.943,46.792,470,44.340
2426,2426,80.867,1046.233,448.467,98.701,42.308,352,1,646,496,60.943,46.792,470,44.340
2427,2427,80.900,1046.305,448.454,98.708,42.307,354,1,646,496,60.943,46.792,470,44.340
2428,2428,80.933,1046.333,448.463,98.711,42.308,353,1,646,496,60.943,46.792,470,44.340
2429,2429,80.967,1046.150,448.487,98.693,42.310,349,1,646,496,60.943,46.792,470,44.340
2430,2430,81.000,1046.125,448.484,98.691,42.310,351,1,646,496,60.943,46.792,470,44.340
2431,2431,81.033,1046.174,448.496,98.696,42.311,349,1,646,496,60.943,46.792,470,44.340
2432,2432,81.067,1046.182,448.476,98.696,42.309,347,1,646,496,60.943,46.792,470,44.340
2433,2433,81.100,1046.162,448.530,98.695,42.314,350,1,646,496,60.943,46.792,470,44.340
2434,2434,81.133,1046.119,448.523,98.690,42.313,351,1,646,496,60.943,46.792,470,44.340
2435,2435,81.167,1046.169,448.503,98.695,42.312,355,1,646,496,60.943,46.792,470,44.340
2436,2436,81.200,1046.262,448.512,98.704,42.312,356,1,646,496,60.943,46.792,470,44.340
2437,2437,81.233,1046.155,448.520,98.694,42.313,354,1,646,496,60.943,46.792,470,44.340
2438,2438,81.267,1046.213,448.541,98.699,42.315,352,1,646,496,60.943,46.792,470,44.340
2439,2439,81.300,1046.244,448.532,98.702,42.314,353,1,646,496,60.943,46.792,470,44.340
2440,2440,81.333,1046.358,448.559,98.713,42.317,357,1,646,496,60.943,46.792,470,44.340
2441,2441,81.367,1046.315,448.562,98.709,42.317,353,1,646,496,60.943,46.792,470,44.340
2442,2442,81.400,1046.309,448.552,98.708,42.316,353,1,646,496,60.943,46.792,470,44.340
2443,2443,81.433,1046.436,448.562,98.720,42.317,357,1,646,496,60.943,46.792,470,44.340
2444,2444,81.467,1046.256,448.542,98.703,42.315,352,1,646,496,60.943,46.792,470,44.340
2445,2445,81.500,1046.338,448.526,98.711,42.314,354,1,646,496,60.943,46.792,470,44.340
2446,2446,81.533,1046.176,448.587,98.696,42.320,356,1,646,496,60.943,46.792,470,44.340
2447,2447,81.567,1046.209,448.513,98.699,42.313,352,1,646,496,60.943,46.792,470,44.340
2448,2448,81.600,1046.218,448.523,98.700,42.313,353,1,646,496,60.943,46.792,470,44.340
2449,2449,81.633,1046.261,448.525,98.704,42.314,354,1,646,496,60.943,46.792,470,44.340
2450,2450,81.667,1046.264,448.524,98.704,42.314,354,1,646,496,60.943,46.792,470,44.340
2451,2451,81.700,1046.274,448.520,98.705,42.313,354,1,646,496,60.943,46.792,470,44.340
2452,2452,81.733,1046.439,448.525,98.721,42.314,357,1,646,496,60.943,46.792,470,44.340
2453,2453,81.767,1046.428,448.493,98.720,42.311,351,1,646,496,60.943,46.792,470,44.340
2454,2454,81.800,1046.437,448.491,98.720,42.310,351,1,646,496,60.943,46.792,470,44.340
2455,2455,81.833,1046.216,448.603,98.700,42.321,358,1,646,496,60.943,46.792,470,44.340
2456,2456,81.867,1046.436,448.514,98.720,42.313,352,1,646,496,60.943,46.792,470,44.340
2457,2457,81.900,1046.406,448.524,98.718,42.314,353,1,646,496,60.943,46.792,470,44.340
2458,2458,81.933,1046.434,448.523,98.720,42.314,358,1,646,496,60.943,46.792,470,44.340
2459,2459,81.967,1046.458,448.573,98.722,42.318,359,1,646,496,60.943,46.792,470,44.340
2460,2460,82.000,1046.342,448.557,98.711,42.317,354,1,646,496,60.943,46.792,470,44.340
2461,2461,82.033,1046.673,448.621,98.743,42.323,364,1,646,496,60.943,46.792,470,44.340
2462,2462,82.067,1046.655,448.559,98.741,42.317,355,1,646,496,60.943,46.792,470,44.340
2463,2463,82.100,1046.678,448.548,98.743,42.316,356,1,646,496,60.943,46.792,470,44.340
2464,2464,82.133,1046.521,448.594,98.728,42.320,359,1,646,496,60.943,46.792,470,44.340
2465,2465,82.167,1046.612,448.579,98.737,42.319,356,1,646,496,60.943,46.792,470,44.340
2466,2466,82.200,1046.659,448.595,98.741,42.320,354,1,646,496,60.943,46.792,470,44.340
2467,2467,82.233,1046.401,448.596,98.717,42.320,353,1,646,496,60.943,46.792,470,44.340
2468,2468,82.267,1046.402,448.594,98.717,42.320,353,1,646,496,60.943,46.792,470,44.340
2469,2469,82.300,1046.402,448.594,98.717,42.320,353,1,646,496,60.943,46.792,470,44.340
2470,2470,82.333,1046.641,448.569,98.740,42.318,357,1,646,496,60.943,46.792,470,44.340
2471,2471,82.367,1046.655,448.546,98.741,42.316,356,1,646,496,60.943,46.792,470,44.340
2472,2472,82.400,1046.523,448.564,98.729,42.317,351,1,646,496,60.943,46.792,470,44.340
2473,2473,82.433,1046.503,448.585,98.727,42.319,352,1,646,496,60.943,46.792,470,44.340
2474,2474,82.467,1046.503,448.585,98.727,42.319,352,1,646,496,60.943,46.792,470,44.340
2475,2475,82.500,1046.451,448.582,98.722,42.319,351,1,646,496,60.943,46.792,470,44.340
2476,2476,82.533,1046.477,448.577,98.724,42.319,351,1,646,496,60.943,46.792,470,44.340
2477,2477,82.567,1046.523,448.539,98.729,42.315,350,1,646,496,60.943,46.792,470,44.340
2478,2478,82.600,1046.479,448.574,98.724,42.318,344,1,646,496,60.943,46.792,470,44.340
2479,2479,82.633,1046.435,448.664,98.720,42.327,353,1,646,496,60.943,46.792,470,44.340
2480,2480,82.667,1046.355,448.544,98.713,42.315,344,1,646,496,60.943,46.792,470,44.340
2481,2481,82.700,1046.305,448.523,98.708,42.314,344,1,646,496,60.943,46.792,470,44.340
2482,2482,82.733,1046.346,448.547,98.712,42.316,348,1,646,496,60.943,46.792,470,44.340
2483,2483,82.767,1046.368,448.545,98.714,42.316,349,1,646,496,60.943,46.792,470,44.340
2484,2484,82.800,1046.371,448.579,98.714,42.319,346,1,646,496,60.943,46.792,470,44.340
2485,2485,82.833,1046.520,448.574,98.728,42.318,360,1,646,496,60.943,46.792,470,44.340
2486,2486,82.867,1046.470,448.511,98.724,42.312,353,1,646,496,60.943,46.792,470,44.340
2487,2487,82.900,1046.519,448.541,98.728,42.315,345,1,646,496,60.943,46.792,470,44.340
2488,2488,82.933,1046.471,448.525,98.724,42.314,349,1,646,496,60.943,46.792,470,44.340
2489,2489,82.967,1046.521,448.523,98.728,42.313,348,1,646,496,60.943,46.792,470,44.340
2490,2490,83.000,1046.539,448.544,98.730,42.315,345,1,646,496,60.943,46.792,470,44.340
2491,2491,83.033,1046.501,448.546,98.727,42.316,347,1,646,496,60.943,46.792,470,44.340
2492,2492,83.067,1046.504,448.543,98.727,42.315,347,1,646,496,60.943,46.792,470,44.340
2493,2493,83.100,1046.479,448.586,98.724,42.319,344,1,646,496,60.943,46.792,470,44.340
2494,2494,83.133,1046.606,448.562,98.736,42.317,347,1,646,496,60.943,46.792,470,44.340
2495,2495,83.167,1046.527,448.574,98.729,42.318,345,1,646,496,60.943,46.792,470,44.340
2496,2496,83.200,1046.477,448.559,98.724,42.317,342,1,646,496,60.943,46.792,470,44.340
2497,2497,83.233,1046.695,448.521,98.745,42.313,348,1,646,496,60.943,46.792,470,44.340
2498,2498,83.267,1046.618,448.533,98.738,42.314,346,1,646,496,60.943,46.792,470,44.340
2499,2499,83.300,1046.724,448.517,98.748,42.313,343,1,646,496,60.943,46.792,470,44.340
2500,2500,83.333,1046.921,448.511,98.766,42.312,348,1,646,496,60.943,46.792,470,44.340
2501,2501,83.367,1046.759,448.509,98.751,42.312,344,1,646,496,60.943,46.792,470,44.340
2502,2502,83.400,1046.645,448.532,98.740,42.314,342,1,646,496,60.943,46.792,470,44.340
2503,2503,83.433,1046.683,448.537,98.744,42.315,343,1,646,496,60.943,46.792,470,44.340
2504,2504,83.467,1046.626,448.529,98.738,42.314,342,1,646,496,60.943,46.792,470,44.340
2505,2505,83.500,1046.481,448.563,98.725,42.317,344,1,646,496,60.943,46.792,470,44.340
2506,2506,83.533,1046.540,448.590,98.730,42.320,347,1,646,496,60.943,46.792,470,44.340
2507,2507,83.567,1046.541,448.590,98.730,42.320,347,1,646,496,60.943,46.792,470,44.340
2508,2508,83.600,1046.373,448.566,98.714,42.318,342,1,646,496,60.943,46.792,470,44.340
2509,2509,83.633,1046.451,448.577,98.722,42.319,343,1,646,496,60.943,46.792,470,44.340
2510,2510,83.667,1046.571,448.565,98.733,42.317,346,1,646,496,60.943,46.792,470,44.340
2511,2511,83.700,1046.721,448.476,98.747,42.309,340,1,646,496,60.943,46.792,470,44.340
2512,2512,83.733,1046.739,448.536,98.749,42.315,347,1,646,496,60.943,46.792,470,44.340
2513,2513,83.767,1046.694,448.548,98.745,42.316,346,1,646,496,60.943,46.792,470,44.340
2514,2514,83.800,1046.724,448.528,98.748,42.314,340,1,646,496,60.943,46.792,470,44.340
2515,2515,83.833,1046.673,448.525,98.743,42.314,348,1,646,496,60.943,46.792,470,44.340
2516,2516,83.867,1046.542,448.512,98.730,42.312,348,1,646,496,60.943,46.792,470,44.340
2517,2517,83.900,1046.525,448.592,98.729,42.320,341,1,646,496,60.943,46.792,470,44.340
2518,2518,83.933,1046.477,448.599,98.724,42.321,348,1,646,496,60.943,46.792,470,44.340
2519,2519,83.967,1046.477,448.604,98.724,42.321,348,1,646,496,60.943,46.792,470,44.340
2520,2520,84.000,1046.576,448.590,98.734,42.320,343,1,646,496,60.943,46.792,470,44.340
2521,2521,84.033,1046.421,448.732,98.719,42.333,345,1,646,496,60.943,46.792,470,44.340
2522,2522,84.067,1046.394,448.727,98.716,42.333,346,1,646,496,60.943,46.792,470,44.340
2523,2523,84.100,1046.512,448.651,98.728,42.326,333,1,646,496,60.943,46.792,470,44.340
2524,2524,84.133,1046.519,448.651,98.728,42.326,340,1,646,496,60.943,46.792,470,44.340
2525,2525,84.167,1046.398,448.698,98.717,42.330,338,1,646,496,60.943,46.792,470,44.340
2526,2526,84.200,1046.314,448.705,98.709,42.331,337,1,646,496,60.943,46.792,470,44.340
2527,2527,84.233,1046.314,448.705,98.709,42.331,337,1,646,496,60.943,46.792,470,44.340
2528,2528,84.267,1046.257,448.686,98.704,42.329,337,1,646,496,60.943,46.792,470,44.340
2529,2529,84.300,1046.257,448.686,98.704,42.329,337,1,646,496,60.943,46.792,470,44.340
2530,2530,84.333,1046.359,448.689,98.713,42.329,339,1,646,496,60.943,46.792,470,44.340
2531,2531,84.367,1046.282,448.727,98.706,42.333,340,1,646,496,60.943,46.792,470,44.340
2532,2532,84.400,1046.448,448.667,98.722,42.327,337,1,646,496,60.943,46.792,470,44.340
2533,2533,84.433,1046.330,448.699,98.710,42.330,339,1,646,496,60.943,46.792,470,44.340
2534,2534,84.467,1046.350,448.701,98.712,42.330,339,1,646,496,60.943,46.792,470,44.340
2535,2535,84.500,1046.332,448.724,98.711,42.332,338,1,646,496,60.943,46.792,470,44.340
2536,2536,84.533,1046.310,448.704,98.709,42.331,339,1,646,496,60.943,46.792,470,44.340
2537,2537,84.567,1046.266,448.661,98.704,42.327,340,1,646,496,60.943,46.792,470,44.340
2538,2538,84.600,1046.288,448.740,98.706,42.334,337,1,646,496,60.943,46.792,470,44.340
2539,2539,84.633,1046.317,448.732,98.709,42.333,339,1,646,496,60.943,46.792,470,44.340
2540,2540,84.667,1046.318,448.732,98.709,42.333,339,1,646,496,60.943,46.792,470,44.340
2541,2541,84.700,1046.227,448.712,98.701,42.331,336,1,646,496,60.943,46.792,470,44.340
2542,2542,84.733,1046.353,448.708,98.713,42.331,337,1,646,496,60.943,46.792,470,44.340
2543,2543,84.767,1046.482,448.697,98.725,42.330,344,1,646,496,60.943,46.792,470,44.340
2544,2544,84.800,1046.505,448.710,98.727,42.331,334,1,646,496,60.943,46.792,470,44.340
2545,2545,84.833,1046.580,448.753,98.734,42.335,339,1,646,496,60.943,46.792,470,44.340
2546,2546,84.867,1046.320,448.724,98.709,42.332,338,1,646,496,60.943,46.792,470,44.340
2547,2547,84.900,1046.315,448.700,98.709,42.330,331,1,646,496,60.943,46.792,470,44.340
2548,2548,84.933,1046.366,448.701,98.714,42.330,332,1,646,496,60.943,46.792,470,44.340
2549,2549,84.967,1046.537,448.664,98.730,42.327,336,1,646,496,60.943,46.792,470,44.340
2550,2550,85.000,1046.552,448.730,98.731,42.333,335,1,646,496,60.943,46.792,470,44.340
2551,2551,85.033,1046.574,448.719,98.733,42.332,335,1,646,496,60.943,46.792,470,44.340
2552,2552,85.067,1046.569,448.731,98.733,42.333,336,1,646,496,60.943,46.792,470,44.340
2553,2553,85.100,1046.404,448.720,98.717,42.332,333,1,646,496,60.943,46.792,470,44.340
2554,2554,85.133,1046.358,448.723,98.713,42.332,331,1,646,496,60.943,46.792,470,44.340
2555,2555,85.167,1046.789,448.704,98.754,42.331,342,1,646,496,60.943,46.792,470,44.340
2556,2556,85.200,1046.674,448.679,98.743,42.328,336,1,646,496,60.943,46.792,470,44.340
2557,2557,85.233,1046.498,448.696,98.726,42.330,334,1,646,496,60.943,46.792,470,44.340
2558,2558,85.267,1046.605,448.697,98.736,42.330,337,1,646,496,60.943,46.792,470,44.340
2559,2559,85.300,1046.471,448.692,98.724,42.329,333,1,646,496,60.943,46.792,470,44.340
2560,2560,85.333,1046.453,448.692,98.722,42.329,333,1,646,496,60.943,46.792,470,44.340
2561,2561,85.367,1046.220,448.752,98.700,42.335,335,1,646,496,60.943,46.792,470,44.340
2562,2562,85.400,1046.690,448.635,98.744,42.324,327,1,646,496,60.943,46.792,470,44.340
2563,2563,85.433,1046.252,448.772,98.703,42.337,334,1,646,496,60.943,46.792,470,44.340
2564,2564,85.467,1046.384,448.799,98.716,42.340,340,1,646,496,60.943,46.792,470,44.340
2565,2565,85.500,1046.440,448.750,98.721,42.335,335,1,646,496,60.943,46.792,470,44.340
2566,2566,85.533,1046.430,448.750,98.720,42.335,335,1,646,496,60.943,46.792,470,44.340
2567,2567,85.567,1046.484,448.788,98.725,42.338,341,1,646,496,60.943,46.792,470,44.340
2568,2568,85.600,1046.288,448.763,98.706,42.336,332,1,646,496,60.943,46.792,470,44.340
2569,2569,85.633,1046.288,448.763,98.706,42.336,332,1,646,496,60.943,46.792,470,44.340
2570,2570,85.667,1046.306,448.797,98.708,42.339,336,1,646,496,60.943,46.792,470,44.340
2571,2571,85.700,1046.400,448.772,98.717,42.337,333,1,646,496,60.943,46.792,470,44.340
2572,2572,85.733,1046.357,448.764,98.713,42.336,334,1,646,496,60.943,46.792,470,44.340
2573,2573,85.767,1046.380,448.770,98.715,42.337,337,1,646,496,60.943,46.792,470,44.340
2574,2574,85.800,1046.373,448.800,98.714,42.340,333,1,646,496,60.943,46.792,470,44.340
2575,2575,85.833,1046.321,448.783,98.710,42.338,335,1,646,496,60.943,46.792,470,44.340
2576,2576,85.867,1046.303,448.796,98.708,42.339,335,1,646,496,60.943,46.792,470,44.340
2577,2577,85.900,1046.539,448.755,98.730,42.335,335,1,646,496,60.943,46.792,470,44.340
2578,2578,85.933,1046.539,448.755,98.730,42.335,335,1,646,496,60.943,46.792,470,44.340
2579,2579,85.967,1046.383,448.819,98.715,42.341,339,1,646,496,60.943,46.792,470,44.340
2580,2580,86.000,1046.437,448.765,98.720,42.336,335,1,646,496,60.943,46.792,470,44.340
2581,2581,86.033,1046.380,448.944,98.715,42.353,330,1,646,496,60.943,46.792,470,44.340
2582,2582,86.067,1046.743,448.750,98.749,42.335,338,1,646,496,60.943,46.792,470,44.340
2583,2583,86.100,1046.720,448.732,98.747,42.333,329,1,646,496,60.943,46.792,470,44.340
2584,2584,86.133,1046.688,448.711,98.744,42.331,331,1,646,496,60.943,46.792,470,44.340
2585,2585,86.167,1046.775,448.725,98.752,42.333,333,1,646,496,60.943,46.792,470,44.340
2586,2586,86.200,1046.728,448.712,98.748,42.331,330,1,646,496,60.943,46.792,470,44.340
2587,2587,86.233,1046.728,448.712,98.748,42.331,330,1,646,496,60.943,46.792,470,44.340
2588,2588,86.267,1046.728,448.712,98.748,42.331,330,1,646,496,60.943,46.792,470,44.340
2589,2589,86.300,1046.728,448.712,98.748,42.331,330,1,646,496,60.943,46.792,470,44.340
2590,2590,86.333,1046.728,448.712,98.748,42.331,330,1,646,496,60.943,46.792,470,44.340
2591,2591,86.367,1046.860,448.732,98.760,42.333,333,1,646,496,60.943,46.792,470,44.340
2592,2592,86.400,1046.640,448.740,98.740,42.334,328,1,646,496,60.943,46.792,470,44.340
2593,2593,86.433,1046.640,448.740,98.740,42.334,328,1,646,496,60.943,46.792,470,44.340
2594,2594,86.467,1046.572,448.765,98.733,42.336,330,1,646,496,60.943,46.792,470,44.340
2595,2595,86.500,1046.562,448.766,98.732,42.336,330,1,646,496,60.943,46.792,470,44.340
2596,2596,86.533,1046.622,448.754,98.738,42.335,329,1,646,496,60.943,46.792,470,44.340
2597,2597,86.567,1046.703,448.726,98.746,42.333,333,1,646,496,60.943,46.792,470,44.340
2598,2598,86.600,1046.659,448.728,98.741,42.333,332,1,646,496,60.943,46.792,470,44.340
2599,2599,86.633,1046.733,448.749,98.748,42.335,329,1,646,496,60.943,46.792,470,44.340
2600,2600,86.667,1046.733,448.749,98.748,42.335,329,1,646,496,60.943,46.792,470,44.340
2601,2601,86.700,1046.661,448.753,98.742,42.335,328,1,646,496,60.943,46.792,470,44.340
2602,2602,86.733,1046.670,448.752,98.742,42.335,328,1,646,496,60.943,46.792,470,44.340
2603,2603,86.767,1046.545,448.776,98.731,42.337,333,1,646,496,60.943,46.792,470,44.340
2604,2604,86.800,1046.636,448.751,98.739,42.335,327,1,646,496,60.943,46.792,470,44.340
2605,2605,86.833,1046.618,448.772,98.738,42.337,326,1,646,496,60.943,46.792,470,44.340
2606,2606,86.867,1046.225,448.825,98.700,42.342,336,1,646,496,60.943,46.792,470,44.340
2607,2607,86.900,1046.553,448.740,98.731,42.334,329,1,646,496,60.943,46.792,470,44.340
2608,2608,86.933,1046.538,448.744,98.730,42.334,329,1,646,496,60.943,46.792,470,44.340
2609,2609,86.967,1046.594,448.737,98.735,42.334,330,1,646,496,60.943,46.792,470,44.340
2610,2610,87.000,1046.212,448.838,98.699,42.343,335,1,646,496,60.943,46.792,470,44.340
2611,2611,87.033,1046.246,448.844,98.702,42.344,334,1,646,496,60.943,46.792,470,44.340
2612,2612,87.067,1046.329,448.838,98.710,42.343,336,1,646,496,60.943,46.792,470,44.340
2613,2613,87.100,1046.317,448.940,98.709,42.353,330,1,646,496,60.943,46.792,470,44.340
2614,2614,87.133,1046.163,448.954,98.695,42.354,328,1,646,496,60.943,46.792,470,44.340
2615,2615,87.167,1046.488,448.861,98.725,42.345,321,1,646,496,60.943,46.792,470,44.340
2616,2616,87.200,1046.631,448.862,98.739,42.345,324,1,646,496,60.943,46.792,470,44.340
2617,2617,87.233,1046.623,448.861,98.738,42.345,322,1,646,496,60.943,46.792,470,44.340
2618,2618,87.267,1046.210,448.972,98.699,42.356,336,1,646,496,60.943,46.792,470,44.340
2619,2619,87.300,1046.248,448.970,98.703,42.356,330,1,646,496,60.943,46.792,470,44.340
2620,2620,87.333,1046.020,448.981,98.681,42.357,322,1,646,496,60.943,46.792,470,44.340
2621,2621,87.367,1046.134,448.872,98.692,42.346,333,1,646,496,60.943,46.792,470,44.340
2622,2622,87.400,1046.101,448.943,98.689,42.353,329,1,646,496,60.943,46.792,470,44.340
2623,2623,87.433,1046.092,448.952,98.688,42.354,328,1,646,496,60.943,46.792,470,44.340
2624,2624,87.467,1046.001,448.953,98.679,42.354,328,1,646,496,60.943,46.792,470,44.340
2625,2625,87.500,1045.869,448.986,98.667,42.357,325,1,646,496,60.943,46.792,470,44.340
2626,2626,87.533,1045.877,448.962,98.668,42.355,323,1,646,496,60.943,46.792,470,44.340
2627,2627,87.567,1045.865,448.851,98.667,42.344,337,1,646,496,60.943,46.792,470,44.340
2628,2628,87.600,1045.531,448.940,98.635,42.353,329,1,646,496,60.943,46.792,470,44.340
2629,2629,87.633,1045.498,448.912,98.632,42.350,323,1,646,496,60.943,46.792,470,44.340
2630,2630,87.667,1045.381,448.928,98.621,42.352,326,1,646,496,60.943,46.792,470,44.340
2631,2631,87.700,1045.631,448.733,98.644,42.333,316,1,646,496,60.943,46.792,470,44.340
2632,2632,87.733,1045.450,448.709,98.627,42.331,311,1,646,496,60.943,46.792,470,44.340
2633,2633,87.767,1045.374,448.652,98.620,42.326,317,1,646,496,60.943,46.792,470,44.340
2634,2634,87.800,1045.347,448.627,98.618,42.323,318,1,646,496,60.943,46.792,470,44.340
2635,2635,87.833,1045.337,448.601,98.617,42.321,312,1,646,496,60.943,46.792,470,44.340
2636,2636,87.867,1045.199,448.656,98.604,42.326,325,1,646,496,60.943,46.792,470,44.340
2637,2637,87.900,1045.298,448.571,98.613,42.318,330,1,646,496,60.943,46.792,470,44.340
2638,2638,87.933,1045.265,448.554,98.610,42.316,328,1,646,496,60.943,46.792,470,44.340
2639,2639,87.967,1045.419,448.555,98.624,42.317,333,1,646,496,60.943,46.792,470,44.340
2640,2640,88.000,1045.457,448.559,98.628,42.317,333,1,646,496,60.943,46.792,470,44.340
2641,2641,88.033,1045.824,448.552,98.663,42.316,331,1,646,496,60.943,46.792,470,44.340
2642,2642,88.067,1045.648,448.621,98.646,42.323,342,1,646,496,60.943,46.792,470,44.340
2643,2643,88.100,1045.648,448.621,98.646,42.323,342,1,646,496,60.943,46.792,470,44.340
2644,2644,88.133,1045.724,448.607,98.653,42.321,343,1,646,496,60.943,46.792,470,44.340
2645,2645,88.167,1045.802,448.611,98.661,42.322,345,1,646,496,60.943,46.792,470,44.340
2646,2646,88.200,1045.786,448.648,98.659,42.325,344,1,646,496,60.943,46.792,470,44.340
2647,2647,88.233,1045.801,448.687,98.660,42.329,342,1,646,496,60.943,46.792,470,44.340
2648,2648,88.267,1045.968,448.676,98.676,42.328,342,1,646,496,60.943,46.792,470,44.340
2649,2649,88.300,1046.212,448.657,98.699,42.326,348,1,646,496,60.943,46.792,470,44.340
2650,2650,88.333,1046.285,448.647,98.706,42.325,349,1,646,496,60.943,46.792,470,44.340
2651,2651,88.367,1046.314,448.649,98.709,42.325,349,1,646,496,60.943,46.792,470,44.340
2652,2652,88.400,1045.956,448.636,98.675,42.324,341,1,646,496,60.943,46.792,470,44.340
2653,2653,88.433,1045.574,448.644,98.639,42.325,327,1,646,496,60.943,46.792,470,44.340
2654,2654,88.467,1045.116,448.684,98.596,42.329,327,1,646,496,60.943,46.792,470,44.340
2655,2655,88.500,1044.617,448.722,98.549,42.332,316,1,646,496,60.943,46.792,470,44.340
2656,2656,88.533,1044.470,448.762,98.535,42.336,311,1,646,496,60.943,46.792,470,44.340
2657,2657,88.567,1044.398,448.797,98.528,42.339,311,1,646,496,60.943,46.792,470,44.340
2658,2658,88.600,1044.385,448.750,98.527,42.335,315,1,646,496,60.943,46.792,470,44.340
2659,2659,88.633,1044.247,448.741,98.514,42.334,312,1,646,496,60.943,46.792,470,44.340
2660,2660,88.667,1044.449,448.686,98.533,42.329,314,1,646,496,60.943,46.792,470,44.340
2661,2661,88.700,1044.750,448.575,98.561,42.318,325,1,646,496,60.943,46.792,470,44.340
2662,2662,88.733,1044.706,448.602,98.557,42.321,323,1,646,496,60.943,46.792,470,44.340
2663,2663,88.767,1044.686,448.565,98.555,42.317,323,1,646,496,60.943,46.792,470,44.340
2664,2664,88.800,1044.958,448.458,98.581,42.307,328,1,646,496,60.943,46.792,470,44.340
2665,2665,88.833,1044.846,448.490,98.570,42.310,325,1,646,496,60.943,46.792,470,44.340
2666,2666,88.867,1045.194,448.344,98.603,42.297,335,1,646,496,60.943,46.792,470,44.340
2667,2667,88.900,1045.549,448.197,98.637,42.283,341,1,646,496,60.943,46.792,470,44.340
2668,2668,88.933,1045.633,448.149,98.645,42.278,339,1,646,496,60.943,46.792,470,44.340
2669,2669,88.967,1045.784,448.110,98.659,42.275,346,1,646,496,60.943,46.792,470,44.340
2670,2670,89.000,1045.920,448.085,98.672,42.272,349,1,646,496,60.943,46.792,470,44.340
2671,2671,89.033,1045.972,448.059,98.677,42.270,348,1,646,496,60.943,46.792,470,44.340
2672,2672,89.067,1045.989,448.088,98.678,42.272,353,1,646,496,60.943,46.792,470,44.340
2673,2673,89.100,1046.231,447.995,98.701,42.264,356,1,646,496,60.943,46.792,470,44.340
2674,2674,89.133,1046.463,447.914,98.723,42.256,353,1,646,496,60.943,46.792,470,44.340
2675,2675,89.167,1046.382,447.935,98.715,42.258,352,1,646,496,60.943,46.792,470,44.340
2676,2676,89.200,1046.458,447.930,98.722,42.258,354,1,646,496,60.943,46.792,470,44.340
2677,2677,89.233,1046.569,447.863,98.733,42.251,351,1,646,496,60.943,46.792,470,44.340
2678,2678,89.267,1046.572,447.842,98.733,42.249,357,1,646,496,60.943,46.792,470,44.340
2679,2679,89.300,1046.268,447.839,98.705,42.249,366,1,646,496,60.943,46.792,470,44.340
2680,2680,89.333,1046.483,447.767,98.725,42.242,357,1,646,496,60.943,46.792,470,44.340
2681,2681,89.367,1046.452,447.784,98.722,42.244,356,1,646,496,60.943,46.792,470,44.340
2682,2682,89.400,1046.571,447.732,98.733,42.239,362,1,646,496,60.943,46.792,470,44.340
2683,2683,89.433,1046.408,447.777,98.718,42.243,356,1,646,496,60.943,46.792,470,44.340
2684,2684,89.467,1046.170,447.792,98.695,42.245,355,1,646,496,60.943,46.792,470,44.340
2685,2685,89.500,1046.424,447.749,98.719,42.240,364,1,646,496,60.943,46.792,470,44.340
2686,2686,89.533,1046.586,447.741,98.735,42.240,362,1,646,496,60.943,46.792,470,44.340
2687,2687,89.567,1046.743,447.747,98.749,42.240,365,1,646,496,60.943,46.792,470,44.340
2688,2688,89.600,1047.210,447.639,98.793,42.230,364,1,646,496,60.943,46.792,470,44.340
2689,2689,89.633,1047.393,447.602,98.811,42.227,358,1,646,496,60.943,46.792,470,44.340
2690,2690,89.667,1047.735,447.521,98.843,42.219,357,1,646,496,60.943,46.792,470,44.340
2691,2691,89.700,1048.135,447.481,98.881,42.215,360,1,646,496,60.943,46.792,470,44.340
2692,2692,89.733,1048.642,447.257,98.928,42.194,352,1,646,496,60.943,46.792,470,44.340
2693,2693,89.767,1049.115,447.105,98.973,42.180,353,1,646,496,60.943,46.792,470,44.340
2694,2694,89.800,1049.710,446.862,99.029,42.157,347,1,646,496,60.943,46.792,470,44.340
2695,2695,89.833,1050.302,446.654,99.085,42.137,338,1,646,496,60.943,46.792,470,44.340
2696,2696,89.867,1050.547,446.520,99.108,42.125,334,1,646,496,60.943,46.792,470,44.340
2697,2697,89.900,1051.177,446.330,99.168,42.107,338,1,646,496,60.943,46.792,470,44.340
2698,2698,89.933,1051.533,446.168,99.201,42.091,318,1,646,496,60.943,46.792,470,44.340
2699,2699,89.967,1051.994,446.073,99.245,42.082,313,1,646,496,60.943,46.792,470,44.340
2700,2700,90.000,1052.332,446.041,99.277,42.079,315,1,646,496,60.943,46.792,470,44.340
2701,2701,90.033,1052.641,445.997,99.306,42.075,300,1,646,496,60.943,46.792,470,44.340
2702,2702,90.067,1052.615,446.028,99.303,42.078,300,1,646,496,60.943,46.792,470,44.340
2703,2703,90.100,1052.477,446.124,99.290,42.087,310,1,646,496,60.943,46.792,470,44.340
2704,2704,90.133,1052.429,446.157,99.286,42.090,308,1,646,496,60.943,46.792,470,44.340
2705,2705,90.167,1052.429,446.157,99.286,42.090,308,1,646,496,60.943,46.792,470,44.340
2706,2706,90.200,1052.185,446.209,99.263,42.095,315,1,646,496,60.943,46.792,470,44.340
2707,2707,90.233,1052.154,446.206,99.260,42.095,315,1,646,496,60.943,46.792,470,44.340
2708,2708,90.267,1052.001,446.251,99.245,42.099,310,1,646,496,60.943,46.792,470,44.340
2709,2709,90.300,1051.990,446.379,99.244,42.111,318,1,646,496,60.943,46.792,470,44.340
2710,2710,90.333,1052.139,446.415,99.258,42.115,319,1,646,496,60.943,46.792,470,44.340
2711,2711,90.367,1052.425,446.377,99.285,42.111,319,1,646,496,60.943,46.792,470,44.340
2712,2712,90.400,1052.899,446.236,99.330,42.098,332,1,646,496,60.943,46.792,470,44.340
2713,2713,90.433,1053.142,446.155,99.353,42.090,334,1,646,496,60.943,46.792,470,44.340
2714,2714,90.467,1053.302,446.123,99.368,42.087,335,1,646,496,60.943,46.792,470,44.340
2715,2715,90.500,1054.267,445.918,99.459,42.068,353,1,646,496,60.943,46.792,470,44.340
2716,2716,90.533,1054.363,445.977,99.468,42.073,348,1,646,496,60.943,46.792,470,44.340
2717,2717,90.567,1054.949,445.816,99.524,42.058,356,1,646,496,60.943,46.792,470,44.340
2718,2718,90.600,1055.272,445.716,99.554,42.049,361,1,646,496,60.943,46.792,470,44.340
2719,2719,90.633,1055.856,445.650,99.609,42.042,363,1,646,496,60.943,46.792,470,44.340
2720,2720,90.667,1055.956,445.611,99.618,42.039,358,1,646,496,60.943,46.792,470,44.340
2721,2721,90.700,1056.363,445.538,99.657,42.032,371,1,646,496,60.943,46.792,470,44.340
2722,2722,90.733,1056.268,445.552,99.648,42.033,370,1,646,496,60.943,46.792,470,44.340
2723,2723,90.767,1056.751,445.349,99.694,42.014,359,1,646,496,60.943,46.792,470,44.340
2724,2724,90.800,1057.053,445.334,99.722,42.013,373,1,646,496,60.943,46.792,470,44.340
2725,2725,90.833,1057.252,445.319,99.741,42.011,370,1,646,496,60.943,46.792,470,44.340
2726,2726,90.867,1057.448,445.279,99.759,42.007,372,1,646,496,60.943,46.792,470,44.340
2727,2727,90.900,1058.055,445.190,99.817,41.999,377,1,646,496,60.943,46.792,470,44.340
2728,2728,90.933,1058.436,445.163,99.852,41.996,375,1,646,496,60.943,46.792,470,44.340
2729,2729,90.967,1058.431,445.148,99.852,41.995,372,1,646,496,60.943,46.792,470,44.340
2730,2730,91.000,1058.719,445.112,99.879,41.992,376,1,646,496,60.943,46.792,470,44.340
2731,2731,91.033,1058.971,445.011,99.903,41.982,372,1,646,496,60.943,46.792,470,44.340
2732,2732,91.067,1059.165,444.939,99.921,41.975,361,1,646,496,60.943,46.792,470,44.340
2733,2733,91.100,1059.636,444.876,99.966,41.969,372,1,646,496,60.943,46.792,470,44.340
2734,2734,91.133,1059.598,444.845,99.962,41.967,366,1,646,496,60.943,46.792,470,44.340
2735,2735,91.167,1059.982,444.719,99.998,41.955,352,1,646,496,60.943,46.792,470,44.340
2736,2736,91.200,1060.451,444.653,100.043,41.948,347,1,646,496,60.943,46.792,470,44.340
2737,2737,91.233,1061.075,444.526,100.101,41.936,332,1,646,496,60.943,46.792,470,44.340
2738,2738,91.267,1061.485,444.615,100.140,41.945,319,1,646,496,60.943,46.792,470,44.340
2739,2739,91.300,1061.689,444.539,100.159,41.938,323,1,646,496,60.943,46.792,470,44.340
2740,2740,91.333,1061.924,444.531,100.181,41.937,314,1,646,496,60.943,46.792,470,44.340
2741,2741,91.367,1061.724,444.579,100.163,41.941,305,1,646,496,60.943,46.792,470,44.340
2742,2742,91.400,1061.854,444.566,100.175,41.940,319,1,646,496,60.943,46.792,470,44.340
2743,2743,91.433,1061.873,444.572,100.177,41.941,320,1,646,496,60.943,46.792,470,44.340
2744,2744,91.467,1062.053,444.512,100.194,41.935,313,1,646,496,60.943,46.792,470,44.340
2745,2745,91.500,1061.793,444.537,100.169,41.937,325,1,646,496,60.943,46.792,470,44.340
2746,2746,91.533,1061.706,444.549,100.161,41.939,324,1,646,496,60.943,46.792,470,44.340
2747,2747,91.567,1061.787,444.506,100.169,41.935,322,1,646,496,60.943,46.792,470,44.340
2748,2748,91.600,1061.650,444.474,100.156,41.932,327,1,646,496,60.943,46.792,470,44.340
2749,2749,91.633,1061.850,444.508,100.175,41.935,337,1,646,496,60.943,46.792,470,44.340
2750,2750,91.667,1062.097,444.429,100.198,41.927,331,1,646,496,60.943,46.792,470,44.340
2751,2751,91.700,1062.400,444.385,100.226,41.923,338,1,646,496,60.943,46.792,470,44.340
2752,2752,91.733,1062.897,444.311,100.273,41.916,339,1,646,496,60.943,46.792,470,44.340
2753,2753,91.767,1063.378,444.190,100.319,41.905,344,1,646,496,60.943,46.792,470,44.340
2754,2754,91.800,1063.944,444.040,100.372,41.891,358,1,646,496,60.943,46.792,470,44.340
2755,2755,91.833,1064.484,443.936,100.423,41.881,361,1,646,496,60.943,46.792,470,44.340
2756,2756,91.867,1065.627,443.833,100.531,41.871,363,1,646,496,60.943,46.792,470,44.340
2757,2757,91.900,1066.223,443.720,100.587,41.860,371,1,646,496,60.943,46.792,470,44.340
2758,2758,91.933,1066.690,443.631,100.631,41.852,375,1,646,496,60.943,46.792,470,44.340
2759,2759,91.967,1067.202,443.488,100.679,41.838,362,1,646,496,60.943,46.792,470,44.340
2760,2760,92.000,1067.525,443.369,100.710,41.827,373,1,646,496,60.943,46.792,470,44.340
2761,2761,92.033,1068.410,443.147,100.793,41.806,364,1,646,496,60.943,46.792,470,44.340
2762,2762,92.067,1068.757,443.159,100.826,41.807,357,1,646,496,60.943,46.792,470,44.340
2763,2763,92.100,1069.191,443.066,100.867,41.799,360,1,646,496,60.943,46.792,470,44.340
2764,2764,92.133,1069.674,443.002,100.913,41.793,355,1,646,496,60.943,46.792,470,44.340
2765,2765,92.167,1070.301,443.075,100.972,41.799,340,1,646,496,60.943,46.792,470,44.340
2766,2766,92.200,1070.452,443.050,100.986,41.797,336,1,646,496,60.943,46.792,470,44.340
2767,2767,92.233,1070.811,443.083,101.020,41.800,329,1,646,496,60.943,46.792,470,44.340
2768,2768,92.267,1070.668,443.094,101.006,41.801,324,1,646,496,60.943,46.792,470,44.340
2769,2769,92.300,1070.943,443.117,101.032,41.803,323,1,646,496,60.943,46.792,470,44.340
2770,2770,92.333,1070.759,443.104,101.015,41.802,326,1,646,496,60.943,46.792,470,44.340
2771,2771,92.367,1071.192,443.138,101.056,41.805,318,1,646,496,60.943,46.792,470,44.340
2772,2772,92.400,1071.035,443.123,101.041,41.804,323,1,646,496,60.943,46.792,470,44.340
2773,2773,92.433,1070.895,443.092,101.028,41.801,316,1,646,496,60.943,46.792,470,44.340
2774,2774,92.467,1071.000,443.105,101.038,41.802,319,1,646,496,60.943,46.792,470,44.340
2775,2775,92.500,1071.098,443.159,101.047,41.807,323,1,646,496,60.943,46.792,470,44.340
2776,2776,92.533,1071.121,443.171,101.049,41.809,325,1,646,496,60.943,46.792,470,44.340
2777,2777,92.567,1071.196,443.257,101.056,41.817,324,1,646,496,60.943,46.792,470,44.340
2778,2778,92.600,1071.662,443.191,101.100,41.810,336,1,646,496,60.943,46.792,470,44.340
2779,2779,92.633,1071.980,443.141,101.130,41.806,337,1,646,496,60.943,46.792,470,44.340
2780,2780,92.667,1072.294,443.153,101.160,41.807,346,1,646,496,60.943,46.792,470,44.340
2781,2781,92.700,1072.986,443.135,101.225,41.805,353,1,646,496,60.943,46.792,470,44.340
2782,2782,92.733,1073.148,443.085,101.240,41.801,355,1,646,496,60.943,46.792,470,44.340
2783,2783,92.767,1073.868,443.020,101.308,41.794,344,1,646,496,60.943,46.792,470,44.340
2784,2784,92.800,1074.502,443.049,101.368,41.797,350,1,646,496,60.943,46.792,470,44.340
2785,2785,92.833,1075.136,443.009,101.428,41.793,361,1,646,496,60.943,46.792,470,44.340
2786,2786,92.867,1075.754,442.945,101.486,41.787,351,1,646,496,60.943,46.792,470,44.340
2787,2787,92.900,1075.803,442.949,101.491,41.788,349,1,646,496,60.943,46.792,470,44.340
2788,2788,92.933,1076.172,442.944,101.526,41.787,358,1,646,496,60.943,46.792,470,44.340
2789,2789,92.967,1076.467,442.895,101.554,41.783,354,1,646,496,60.943,46.792,470,44.340
2790,2790,93.000,1076.867,442.895,101.591,41.783,360,1,646,496,60.943,46.792,470,44.340
2791,2791,93.033,1076.836,442.895,101.588,41.783,362,1,646,496,60.943,46.792,470,44.340
2792,2792,93.067,1077.419,442.856,101.643,41.779,349,1,646,496,60.943,46.792,470,44.340
2793,2793,93.100,1078.185,442.756,101.716,41.769,350,1,646,496,60.943,46.792,470,44.340
2794,2794,93.133,1078.748,442.657,101.769,41.760,345,1,646,496,60.943,46.792,470,44.340
2795,2795,93.167,1079.570,442.584,101.846,41.753,341,1,646,496,60.943,46.792,470,44.340
2796,2796,93.200,1079.868,442.541,101.874,41.749,331,1,646,496,60.943,46.792,470,44.340
2797,2797,93.233,1080.180,442.541,101.904,41.749,331,1,646,496,60.943,46.792,470,44.340
2798,2798,93.267,1080.584,442.495,101.942,41.745,314,1,646,496,60.943,46.792,470,44.340
2799,2799,93.300,1080.667,442.495,101.950,41.745,318,1,646,496,60.943,46.792,470,44.340
2800,2800,93.333,1080.752,442.518,101.958,41.747,320,1,646,496,60.943,46.792,470,44.340
2801,2801,93.367,1080.980,442.470,101.979,41.742,312,1,646,496,60.943,46.792,470,44.340
2802,2802,93.400,1080.846,442.466,101.967,41.742,315,1,646,496,60.943,46.792,470,44.340
2803,2803,93.433,1080.675,442.454,101.950,41.741,323,1,646,496,60.943,46.792,470,44.340
2804,2804,93.467,1080.729,442.349,101.956,41.731,316,1,646,496,60.943,46.792,470,44.340
2805,2805,93.500,1080.727,442.354,101.955,41.732,316,1,646,496,60.943,46.792,470,44.340
2806,2806,93.533,1080.586,442.467,101.942,41.742,334,1,646,496,60.943,46.792,470,44.340
2807,2807,93.567,1080.691,442.462,101.952,41.742,329,1,646,496,60.943,46.792,470,44.340
2808,2808,93.600,1081.018,442.431,101.983,41.739,335,1,646,496,60.943,46.792,470,44.340
2809,2809,93.633,1081.526,442.482,102.031,41.744,355,1,646,496,60.943,46.792,470,44.340
2810,2810,93.667,1082.000,442.476,102.075,41.743,356,1,646,496,60.943,46.792,470,44.340
2811,2811,93.700,1082.037,442.485,102.079,41.744,357,1,646,496,60.943,46.792,470,44.340
2812,2812,93.733,1082.928,442.500,102.163,41.745,367,1,646,496,60.943,46.792,470,44.340
2813,2813,93.767,1083.358,442.447,102.204,41.740,359,1,646,496,60.943,46.792,470,44.340
2814,2814,93.800,1084.007,442.530,102.265,41.748,370,1,646,496,60.943,46.792,470,44.340
2815,2815,93.833,1084.929,442.555,102.352,41.751,379,1,646,496,60.943,46.792,470,44.340
2816,2816,93.867,1085.639,442.549,102.419,41.750,374,1,646,496,60.943,46.792,470,44.340
2817,2817,93.900,1086.464,442.544,102.497,41.749,377,1,646,496,60.943,46.792,470,44.340
2818,2818,93.933,1087.125,442.530,102.559,41.748,383,1,646,496,60.943,46.792,470,44.340
2819,2819,93.967,1087.616,442.412,102.605,41.737,360,1,646,496,60.943,46.792,470,44.340
2820,2820,94.000,1088.309,442.427,102.671,41.738,361,1,646,496,60.943,46.792,470,44.340
2821,2821,94.033,1088.894,442.456,102.726,41.741,373,1,646,496,60.943,46.792,470,44.340
2822,2822,94.067,1089.376,442.233,102.771,41.720,341,1,646,496,60.943,46.792,470,44.340
2823,2823,94.100,1089.769,442.197,102.808,41.717,332,1,646,496,60.943,46.792,470,44.340
2824,2824,94.133,1089.978,442.206,102.828,41.718,331,1,646,496,60.943,46.792,470,44.340
2825,2825,94.167,1090.036,442.251,102.834,41.722,331,1,646,496,60.943,46.792,470,44.340
2826,2826,94.200,1090.072,442.252,102.837,41.722,331,1,646,496,60.943,46.792,470,44.340
2827,2827,94.233,1090.072,442.252,102.837,41.722,331,1,646,496,60.943,46.792,470,44.340
2828,2828,94.267,1089.959,442.213,102.826,41.718,329,1,646,496,60.943,46.792,470,44.340
2829,2829,94.300,1089.919,442.262,102.823,41.723,326,1,646,496,60.943,46.792,470,44.340
2830,2830,94.333,1089.964,442.263,102.827,41.723,328,1,646,496,60.943,46.792,470,44.340
2831,2831,94.367,1089.899,442.306,102.821,41.727,325,1,646,496,60.943,46.792,470,44.340
2832,2832,94.400,1089.949,442.290,102.825,41.725,323,1,646,496,60.943,46.792,470,44.340
2833,2833,94.433,1089.968,442.383,102.827,41.734,333,1,646,496,60.943,46.792,470,44.340
2834,2834,94.467,1090.065,442.332,102.836,41.729,335,1,646,496,60.943,46.792,470,44.340
2835,2835,94.500,1090.394,442.357,102.867,41.732,329,1,646,496,60.943,46.792,470,44.340
2836,2836,94.533,1090.953,442.418,102.920,41.738,343,1,646,496,60.943,46.792,470,44.340
2837,2837,94.567,1090.962,442.418,102.921,41.738,344,1,646,496,60.943,46.792,470,44.340
2838,2838,94.600,1091.311,442.431,102.954,41.739,349,1,646,496,60.943,46.792,470,44.340
2839,2839,94.633,1091.893,442.495,103.009,41.745,364,1,646,496,60.943,46.792,470,44.340
2840,2840,94.667,1092.026,442.482,103.021,41.744,364,1,646,496,60.943,46.792,470,44.340
2841,2841,94.700,1092.436,442.521,103.060,41.747,367,1,646,496,60.943,46.792,470,44.340
2842,2842,94.733,1093.206,442.688,103.133,41.763,377,1,646,496,60.943,46.792,470,44.340
2843,2843,94.767,1093.486,442.620,103.159,41.757,376,1,646,496,60.943,46.792,470,44.340
2844,2844,94.800,1094.244,442.644,103.231,41.759,370,1,646,496,60.943,46.792,470,44.340
2845,2845,94.833,1094.427,442.632,103.248,41.758,380,1,646,496,60.943,46.792,470,44.340
2846,2846,94.867,1094.797,442.631,103.283,41.758,375,1,646,496,60.943,46.792,470,44.340
2847,2847,94.900,1094.904,442.592,103.293,41.754,372,1,646,496,60.943,46.792,470,44.340
2848,2848,94.933,1095.225,442.604,103.323,41.755,374,1,646,496,60.943,46.792,470,44.340
2849,2849,94.967,1095.848,442.627,103.382,41.757,362,1,646,496,60.943,46.792,470,44.340
2850,2850,95.000,1096.103,442.623,103.406,41.757,355,1,646,496,60.943,46.792,470,44.340
2851,2851,95.033,1096.314,442.567,103.426,41.752,355,1,646,496,60.943,46.792,470,44.340
2852,2852,95.067,1096.348,442.565,103.429,41.751,355,1,646,496,60.943,46.792,470,44.340
2853,2853,95.100,1096.493,442.550,103.443,41.750,351,1,646,496,60.943,46.792,470,44.340
2854,2854,95.133,1096.543,442.558,103.447,41.751,351,1,646,496,60.943,46.792,470,44.340
2855,2855,95.167,1096.883,442.537,103.480,41.749,345,1,646,496,60.943,46.792,470,44.340
2856,2856,95.200,1097.195,442.544,103.509,41.749,333,1,646,496,60.943,46.792,470,44.340
2857,2857,95.233,1097.231,442.565,103.512,41.751,333,1,646,496,60.943,46.792,470,44.340
2858,2858,95.267,1097.425,442.568,103.531,41.752,329,1,646,496,60.943,46.792,470,44.340
2859,2859,95.300,1097.748,442.493,103.561,41.745,319,1,646,496,60.943,46.792,470,44.340
2860,2860,95.333,1097.639,442.443,103.551,41.740,320,1,646,496,60.943,46.792,470,44.340
2861,2861,95.367,1097.627,442.389,103.550,41.735,321,1,646,496,60.943,46.792,470,44.340
2862,2862,95.400,1097.757,442.332,103.562,41.729,319,1,646,496,60.943,46.792,470,44.340
2863,2863,95.433,1097.647,442.315,103.552,41.728,321,1,646,496,60.943,46.792,470,44.340
2864,2864,95.467,1097.497,442.307,103.537,41.727,319,1,646,496,60.943,46.792,470,44.340
2865,2865,95.500,1097.567,442.284,103.544,41.725,317,1,646,496,60.943,46.792,470,44.340
2866,2866,95.533,1097.453,442.255,103.533,41.722,319,1,646,496,60.943,46.792,470,44.340
2867,2867,95.567,1097.562,442.199,103.544,41.717,317,1,646,496,60.943,46.792,470,44.340
2868,2868,95.600,1097.617,442.229,103.549,41.720,316,1,646,496,60.943,46.792,470,44.340
2869,2869,95.633,1097.913,442.335,103.577,41.730,329,1,646,496,60.943,46.792,470,44.340
2870,2870,95.667,1097.899,442.273,103.575,41.724,326,1,646,496,60.943,46.792,470,44.340
2871,2871,95.700,1098.003,442.206,103.585,41.718,317,1,646,496,60.943,46.792,470,44.340
2872,2872,95.733,1098.206,442.202,103.604,41.717,327,1,646,496,60.943,46.792,470,44.340
2873,2873,95.767,1098.488,442.252,103.631,41.722,327,1,646,496,60.943,46.792,470,44.340
2874,2874,95.800,1098.655,442.168,103.647,41.714,322,1,646,496,60.943,46.792,470,44.340
2875,2875,95.833,1098.647,442.188,103.646,41.716,328,1,646,496,60.943,46.792,470,44.340
2876,2876,95.867,1098.616,442.138,103.643,41.711,324,1,646,496,60.943,46.792,470,44.340
2877,2877,95.900,1098.654,442.236,103.647,41.720,307,1,646,496,60.943,46.792,470,44.340
2878,2878,95.933,1098.617,442.245,103.643,41.721,308,1,646,496,60.943,46.792,470,44.340
2879,2879,95.967,1098.827,442.198,103.663,41.717,313,1,646,496,60.943,46.792,470,44.340
2880,2880,96.000,1098.952,442.301,103.675,41.727,300,1,646,496,60.943,46.792,470,44.340
2881,2881,96.033,1099.510,442.170,103.727,41.714,304,1,646,496,60.943,46.792,470,44.340
2882,2882,96.067,1099.231,442.202,103.701,41.717,306,1,646,496,60.943,46.792,470,44.340
2883,2883,96.100,1099.465,442.184,103.723,41.715,301,1,646,496,60.943,46.792,470,44.340
2884,2884,96.133,1099.488,442.176,103.725,41.715,302,1,646,496,60.943,46.792,470,44.340
2885,2885,96.167,1099.488,442.176,103.725,41.715,302,1,646,496,60.943,46.792,470,44.340
2886,2886,96.200,1099.651,442.179,103.741,41.715,298,1,646,496,60.943,46.792,470,44.340
2887,2887,96.233,1099.654,442.180,103.741,41.715,298,1,646,496,60.943,46.792,470,44.340
2888,2888,96.267,1099.654,442.180,103.741,41.715,298,1,646,496,60.943,46.792,470,44.340
2889,2889,96.300,1099.675,442.182,103.743,41.715,298,1,646,496,60.943,46.792,470,44.340
2890,2890,96.333,1099.676,442.181,103.743,41.715,298,1,646,496,60.943,46.792,470,44.340
2891,2891,96.367,1099.736,442.137,103.749,41.711,302,1,646,496,60.943,46.792,470,44.340
2892,2892,96.400,1099.602,442.232,103.736,41.720,292,1,646,496,60.943,46.792,470,44.340
2893,2893,96.433,1099.582,442.259,103.734,41.723,292,1,646,496,60.943,46.792,470,44.340
2894,2894,96.467,1099.561,442.250,103.732,41.722,293,1,646,496,60.943,46.792,470,44.340
2895,2895,96.500,1099.597,442.253,103.736,41.722,290,1,646,496,60.943,46.792,470,44.340
2896,2896,96.533,1099.602,442.254,103.736,41.722,290,1,646,496,60.943,46.792,470,44.340
2897,2897,96.567,1099.569,442.241,103.733,41.721,293,1,646,496,60.943,46.792,470,44.340
2898,2898,96.600,1099.581,442.293,103.734,41.726,289,1,646,496,60.943,46.792,470,44.340
2899,2899,96.633,1099.575,442.297,103.733,41.726,289,1,646,496,60.943,46.792,470,44.340
2900,2900,96.667,1099.567,442.260,103.733,41.723,292,1,646,496,60.943,46.792,470,44.340
2901,2901,96.700,1099.533,442.295,103.730,41.726,288,1,646,496,60.943,46.792,470,44.340
2902,2902,96.733,1099.502,442.291,103.727,41.726,289,1,646,496,60.943,46.792,470,44.340
2903,2903,96.767,1099.607,442.191,103.736,41.716,300,1,646,496,60.943,46.792,470,44.340
2904,2904,96.800,1099.754,442.172,103.750,41.714,293,1,646,496,60.943,46.792,470,44.340
2905,2905,96.833,1099.743,442.155,103.749,41.713,300,1,646,496,60.943,46.792,470,44.340
2906,2906,96.867,1100.129,442.199,103.786,41.717,297,1,646,496,60.943,46.792,470,44.340
2907,2907,96.900,1100.380,442.178,103.809,41.715,290,1,646,496,60.943,46.792,470,44.340
2908,2908,96.933,1100.421,442.175,103.813,41.715,290,1,646,496,60.943,46.792,470,44.340
2909,2909,96.967,1100.345,442.145,103.806,41.712,297,1,646,496,60.943,46.792,470,44.340
2910,2910,97.000,1100.333,442.133,103.805,41.711,296,1,646,496,60.943,46.792,470,44.340
2911,2911,97.033,1100.084,442.139,103.781,41.711,301,1,646,496,60.943,46.792,470,44.340
2912,2912,97.067,1099.928,442.120,103.767,41.709,305,1,646,496,60.943,46.792,470,44.340
2913,2913,97.100,1099.898,442.117,103.764,41.709,305,1,646,496,60.943,46.792,470,44.340
2914,2914,97.133,1099.852,442.137,103.760,41.711,304,1,646,496,60.943,46.792,470,44.340
2915,2915,97.167,1099.747,442.168,103.750,41.714,304,1,646,496,60.943,46.792,470,44.340
2916,2916,97.200,1099.778,442.165,103.753,41.714,304,1,646,496,60.943,46.792,470,44.340
2917,2917,97.233,1099.790,442.183,103.754,41.715,303,1,646,496,60.943,46.792,470,44.340
2918,2918,97.267,1099.551,442.220,103.731,41.719,308,1,646,496,60.943,46.792,470,44.340
2919,2919,97.300,1099.586,442.407,103.735,41.737,305,1,646,496,60.943,46.792,470,44.340
2920,2920,97.333,1099.615,442.431,103.737,41.739,309,1,646,496,60.943,46.792,470,44.340
2921,2921,97.367,1099.537,442.457,103.730,41.741,315,1,646,496,60.943,46.792,470,44.340
2922,2922,97.400,1099.391,442.388,103.716,41.735,305,1,646,496,60.943,46.792,470,44.340
2923,2923,97.433,1099.294,442.416,103.707,41.737,309,1,646,496,60.943,46.792,470,44.340
2924,2924,97.467,1099.174,442.403,103.696,41.736,311,1,646,496,60.943,46.792,470,44.340
2925,2925,97.500,1099.095,442.396,103.688,41.735,304,1,646,496,60.943,46.792,470,44.340
2926,2926,97.533,1098.862,442.430,103.666,41.739,311,1,646,496,60.943,46.792,470,44.340
2927,2927,97.567,1098.656,442.472,103.647,41.743,323,1,646,496,60.943,46.792,470,44.340
2928,2928,97.600,1098.750,442.475,103.656,41.743,315,1,646,496,60.943,46.792,470,44.340
2929,2929,97.633,1098.775,442.469,103.658,41.742,314,1,646,496,60.943,46.792,470,44.340
2930,2930,97.667,1098.928,442.468,103.672,41.742,316,1,646,496,60.943,46.792,470,44.340
2931,2931,97.700,1098.916,442.392,103.671,41.735,318,1,646,496,60.943,46.792,470,44.340
2932,2932,97.733,1098.889,442.372,103.669,41.733,314,1,646,496,60.943,46.792,470,44.340
2933,2933,97.767,1098.794,442.354,103.660,41.732,323,1,646,496,60.943,46.792,470,44.340
2934,2934,97.800,1099.083,442.379,103.687,41.734,320,1,646,496,60.943,46.792,470,44.340
2935,2935,97.833,1099.022,442.389,103.681,41.735,319,1,646,496,60.943,46.792,470,44.340
2936,2936,97.867,1098.934,442.399,103.673,41.736,324,1,646,496,60.943,46.792,470,44.340
2937,2937,97.900,1099.010,442.357,103.680,41.732,317,1,646,496,60.943,46.792,470,44.340
2938,2938,97.933,1099.051,442.345,103.684,41.731,318,1,646,496,60.943,46.792,470,44.340
2939,2939,97.967,1099.050,442.406,103.684,41.736,322,1,646,496,60.943,46.792,470,44.340
2940,2940,98.000,1099.139,442.329,103.692,41.729,320,1,646,496,60.943,46.792,470,44.340
2941,2941,98.033,1099.129,442.297,103.691,41.726,318,1,646,496,60.943,46.792,470,44.340
2942,2942,98.067,1099.232,442.218,103.701,41.719,325,1,646,496,60.943,46.792,470,44.340
2943,2943,98.100,1099.189,442.182,103.697,41.715,322,1,646,496,60.943,46.792,470,44.340
2944,2944,98.133,1099.189,442.182,103.697,41.715,322,1,646,496,60.943,46.792,470,44.340
2945,2945,98.167,1099.198,442.194,103.698,41.716,323,1,646,496,60.943,46.792,470,44.340
2946,2946,98.200,1099.198,442.194,103.698,41.716,323,1,646,496,60.943,46.792,470,44.340
2947,2947,98.233,1099.263,442.186,103.704,41.716,323,1,646,496,60.943,46.792,470,44.340
2948,2948,98.267,1099.258,442.187,103.704,41.716,323,1,646,496,60.943,46.792,470,44.340
2949,2949,98.300,1099.263,442.185,103.704,41.716,323,1,646,496,60.943,46.792,470,44.340
2950,2950,98.333,1099.423,442.157,103.719,41.713,322,1,646,496,60.943,46.792,470,44.340
2951,2951,98.367,1099.338,442.163,103.711,41.713,323,1,646,496,60.943,46.792,470,44.340
2952,2952,98.400,1099.318,442.105,103.709,41.708,318,1,646,496,60.943,46.792,470,44.340
2953,2953,98.433,1099.289,442.098,103.707,41.707,319,1,646,496,60.943,46.792,470,44.340
2954,2954,98.467,1099.343,442.281,103.712,41.725,313,1,646,496,60.943,46.792,470,44.340
2955,2955,98.500,1099.326,442.267,103.710,41.723,312,1,646,496,60.943,46.792,470,44.340
2956,2956,98.533,1099.351,442.248,103.712,41.722,310,1,646,496,60.943,46.792,470,44.340
2957,2957,98.567,1099.104,442.194,103.689,41.716,321,1,646,496,60.943,46.792,470,44.340
2958,2958,98.600,1098.996,442.061,103.679,41.704,320,1,646,496,60.943,46.792,470,44.340
2959,2959,98.633,1098.882,441.971,103.668,41.695,316,1,646,496,60.943,46.792,470,44.340
2960,2960,98.667,1099.141,442.038,103.693,41.702,323,1,646,496,60.943,46.792,470,44.340
2961,2961,98.700,1099.069,442.010,103.686,41.699,320,1,646,496,60.943,46.792,470,44.340
2962,2962,98.733,1099.042,441.989,103.683,41.697,316,1,646,496,60.943,46.792,470,44.340
2963,2963,98.767,1098.995,441.979,103.679,41.696,317,1,646,496,60.943,46.792,470,44.340
2964,2964,98.800,1099.028,441.979,103.682,41.696,317,1,646,496,60.943,46.792,470,44.340
2965,2965,98.833,1099.015,441.974,103.681,41.696,316,1,646,496,60.943,46.792,470,44.340
2966,2966,98.867,1099.007,441.981,103.680,41.696,316,1,646,496,60.943,46.792,470,44.340
2967,2967,98.900,1099.088,441.970,103.688,41.695,315,1,646,496,60.943,46.792,470,44.340
2968,2968,98.933,1099.143,441.992,103.693,41.697,314,1,646,496,60.943,46.792,470,44.340
2969,2969,98.967,1099.059,442.030,103.685,41.701,319,1,646,496,60.943,46.792,470,44.340
2970,2970,99.000,1099.008,441.992,103.680,41.697,316,1,646,496,60.943,46.792,470,44.340
2971,2971,99.033,1099.103,442.085,103.689,41.706,303,1,646,496,60.943,46.792,470,44.340
2972,2972,99.067,1098.896,442.104,103.669,41.708,328,1,646,496,60.943,46.792,470,44.340
2973,2973,99.100,1098.938,442.066,103.673,41.704,322,1,646,496,60.943,46.792,470,44.340
2974,2974,99.133,1099.114,442.038,103.690,41.702,311,1,646,496,60.943,46.792,470,44.340
2975,2975,99.167,1099.076,442.020,103.686,41.700,319,1,646,496,60.943,46.792,470,44.340
2976,2976,99.200,1098.980,441.800,103.677,41.679,315,1,646,496,60.943,46.792,470,44.340
2977,2977,99.233,1098.882,441.687,103.668,41.669,312,1,646,496,60.943,46.792,470,44.340
2978,2978,99.267,1098.813,441.696,103.662,41.669,314,1,646,496,60.943,46.792,470,44.340
2979,2979,99.300,1098.799,441.666,103.660,41.667,316,1,646,496,60.943,46.792,470,44.340
2980,2980,99.333,1098.954,441.662,103.675,41.666,311,1,646,496,60.943,46.792,470,44.340
2981,2981,99.367,1098.732,441.758,103.654,41.675,313,1,646,496,60.943,46.792,470,44.340
2982,2982,99.400,1098.781,441.830,103.659,41.682,316,1,646,496,60.943,46.792,470,44.340
2983,2983,99.433,1098.785,441.921,103.659,41.691,316,1,646,496,60.943,46.792,470,44.340
2984,2984,99.467,1098.613,442.112,103.643,41.709,319,1,646,496,60.943,46.792,470,44.340
2985,2985,99.500,1098.661,442.258,103.647,41.722,320,1,646,496,60.943,46.792,470,44.340
2986,2986,99.533,1098.522,442.283,103.634,41.725,318,1,646,496,60.943,46.792,470,44.340
2987,2987,99.567,1098.580,442.327,103.640,41.729,324,1,646,496,60.943,46.792,470,44.340
2988,2988,99.600,1098.732,442.322,103.654,41.729,323,1,646,496,60.943,46.792,470,44.340
2989,2989,99.633,1098.696,442.294,103.651,41.726,319,1,646,496,60.943,46.792,470,44.340
2990,2990,99.667,1098.676,442.392,103.649,41.735,329,1,646,496,60.943,46.792,470,44.340
2991,2991,99.700,1098.805,442.467,103.661,41.742,331,1,646,496,60.943,46.792,470,44.340
2992,2992,99.733,1098.978,442.456,103.677,41.741,325,1,646,496,60.943,46.792,470,44.340
2993,2993,99.767,1098.730,442.566,103.654,41.752,339,1,646,496,60.943,46.792,470,44.340
2994,2994,99.800,1098.899,442.731,103.670,41.767,340,1,646,496,60.943,46.792,470,44.340
2995,2995,99.833,1099.013,442.834,103.680,41.777,333,1,646,496,60.943,46.792,470,44.340
2996,2996,99.867,1099.068,443.104,103.686,41.802,350,1,646,496,60.943,46.792,470,44.340
2997,2997,99.900,1099.273,443.132,103.705,41.805,345,1,646,496,60.943,46.792,470,44.340
2998,2998,99.933,1099.432,443.189,103.720,41.810,342,1,646,496,60.943,46.792,470,44.340
2999,2999,99.967,1099.565,443.287,103.733,41.820,346,1,646,496,60.943,46.792,470,44.340
3000,3000,100.000,1099.586,443.280,103.735,41.819,346,1,646,496,60.943,46.792,470,44.340
3001,3001,100.033,1100.101,443.465,103.783,41.836,326,1,646,496,60.943,46.792,470,44.340
3002,3002,100.067,1100.375,443.692,103.809,41.858,336,1,646,496,60.943,46.792,470,44.340
3003,3003,100.100,1100.742,443.704,103.844,41.859,326,1,646,496,60.943,46.792,470,44.340
3004,3004,100.133,1101.211,443.653,103.888,41.854,309,1,646,496,60.943,46.792,470,44.340
3005,3005,100.167,1101.392,443.748,103.905,41.863,312,1,646,496,60.943,46.792,470,44.340
3006,3006,100.200,1101.557,443.713,103.920,41.860,306,1,646,496,60.943,46.792,470,44.340
3007,3007,100.233,1101.944,443.773,103.957,41.865,298,1,646,496,60.943,46.792,470,44.340
3008,3008,100.267,1102.148,443.833,103.976,41.871,298,1,646,496,60.943,46.792,470,44.340
3009,3009,100.300,1102.486,443.810,104.008,41.869,289,1,646,496,60.943,46.792,470,44.340
3010,3010,100.333,1102.929,443.998,104.050,41.887,268,1,646,496,60.943,46.792,470,44.340
3011,3011,100.367,1103.036,444.028,104.060,41.889,273,1,646,496,60.943,46.792,470,44.340
3012,3012,100.400,1103.179,444.071,104.073,41.893,268,1,646,496,60.943,46.792,470,44.340
3013,3013,100.433,1103.373,444.051,104.092,41.892,263,1,646,496,60.943,46.792,470,44.340
3014,3014,100.467,1103.235,443.847,104.079,41.872,269,1,646,496,60.943,46.792,470,44.340
3015,3015,100.500,1103.149,443.906,104.071,41.878,265,1,646,496,60.943,46.792,470,44.340
3016,3016,100.533,1103.012,443.861,104.058,41.874,263,1,646,496,60.943,46.792,470,44.340
3017,3017,100.567,1103.059,443.911,104.062,41.878,272,1,646,496,60.943,46.792,470,44.340
3018,3018,100.600,1103.065,444.042,104.063,41.891,274,1,646,496,60.943,46.792,470,44.340
3019,3019,100.633,1103.217,444.277,104.077,41.913,263,1,646,496,60.943,46.792,470,44.340
3020,3020,100.667,1103.224,444.393,104.078,41.924,270,1,646,496,60.943,46.792,470,44.340
3021,3021,100.700,1103.278,444.413,104.083,41.926,274,1,646,496,60.943,46.792,470,44.340
3022,3022,100.733,1103.482,444.385,104.102,41.923,262,1,646,496,60.943,46.792,470,44.340
3023,3023,100.767,1103.623,444.545,104.115,41.938,270,1,646,496,60.943,46.792,470,44.340
3024,3024,100.800,1103.654,444.499,104.118,41.934,268,1,646,496,60.943,46.792,470,44.340
3025,3025,100.833,1103.909,444.566,104.142,41.940,259,1,646,496,60.943,46.792,470,44.340
3026,3026,100.867,1104.017,444.677,104.153,41.951,263,1,646,496,60.943,46.792,470,44.340
3027,3027,100.900,1104.233,444.736,104.173,41.956,259,1,646,496,60.943,46.792,470,44.340
3028,3028,100.933,1104.534,444.696,104.201,41.952,248,1,646,496,60.943,46.792,470,44.340
3029,3029,100.967,1104.539,444.701,104.202,41.953,248,1,646,496,60.943,46.792,470,44.340
3030,3030,101.000,1104.780,444.765,104.225,41.959,244,1,646,496,60.943,46.792,470,44.340
3031,3031,101.033,1104.931,444.813,104.239,41.963,242,1,646,496,60.943,46.792,470,44.340
3032,3032,101.067,1104.915,444.862,104.237,41.968,241,1,646,496,60.943,46.792,470,44.340
3033,3033,101.100,1104.968,444.922,104.242,41.974,243,1,646,496,60.943,46.792,470,44.340
3034,3034,101.133,1104.932,444.843,104.239,41.966,240,1,646,496,60.943,46.792,470,44.340
3035,3035,101.167,1104.800,444.843,104.226,41.966,243,1,646,496,60.943,46.792,470,44.340
3036,3036,101.200,1104.721,444.798,104.219,41.962,244,1,646,496,60.943,46.792,470,44.340
3037,3037,101.233,1104.797,444.788,104.226,41.961,240,1,646,496,60.943,46.792,470,44.340
3038,3038,101.267,1104.797,444.792,104.226,41.961,240,1,646,496,60.943,46.792,470,44.340
3039,3039,101.300,1104.835,444.842,104.230,41.966,242,1,646,496,60.943,46.792,470,44.340
3040,3040,101.333,1105.047,444.840,104.250,41.966,233,1,646,496,60.943,46.792,470,44.340
3041,3041,101.367,1105.079,444.876,104.253,41.969,234,1,646,496,60.943,46.792,470,44.340
3042,3042,101.400,1105.250,444.899,104.269,41.972,230,1,646,496,60.943,46.792,470,44.340
3043,3043,101.433,1105.762,444.979,104.317,41.979,219,1,646,496,60.943,46.792,470,44.340
3044,3044,101.467,1105.820,444.976,104.323,41.979,218,1,646,496,60.943,46.792,470,44.340
3045,3045,101.500,1106.035,444.992,104.343,41.980,215,1,646,496,60.943,46.792,470,44.340
3046,3046,101.533,1106.294,445.168,104.367,41.997,214,1,646,496,60.943,46.792,470,44.340
3047,3047,101.567,1106.378,445.521,104.375,42.030,212,1,646,496,60.943,46.792,470,44.340
3048,3048,101.600,1106.400,445.607,104.377,42.038,209,1,646,496,60.943,46.792,470,44.340
3049,3049,101.633,1106.843,445.810,104.419,42.058,194,1,646,496,60.943,46.792,470,44.340
3050,3050,101.667,1106.563,445.767,104.393,42.054,203,1,646,496,60.943,46.792,470,44.340
3051,3051,101.700,1106.609,445.754,104.397,42.052,201,1,646,496,60.943,46.792,470,44.340
3052,3052,101.733,1106.672,445.695,104.403,42.047,196,1,646,496,60.943,46.792,470,44.340
3053,3053,101.767,1106.679,445.752,104.404,42.052,198,1,646,496,60.943,46.792,470,44.340
3054,3054,101.800,1106.642,445.736,104.400,42.051,198,1,646,496,60.943,46.792,470,44.340
3055,3055,101.833,1106.587,445.687,104.395,42.046,201,1,646,496,60.943,46.792,470,44.340
3056,3056,101.867,1106.384,445.781,104.376,42.055,213,1,646,496,60.943,46.792,470,44.340
3057,3057,101.900,1106.481,445.929,104.385,42.069,215,1,646,496,60.943,46.792,470,44.340
3058,3058,101.933,1106.503,445.879,104.387,42.064,213,1,646,496,60.943,46.792,470,44.340
3059,3059,101.967,1106.496,445.900,104.386,42.066,212,1,646,496,60.943,46.792,470,44.340
3060,3060,102.000,1106.480,446.003,104.385,42.076,217,1,646,496,60.943,46.792,470,44.340
3061,3061,102.033,1106.815,445.959,104.417,42.072,205,1,646,496,60.943,46.792,470,44.340
3062,3062,102.067,1106.657,445.957,104.402,42.071,210,1,646,496,60.943,46.792,470,44.340
3063,3063,102.100,1106.777,445.964,104.413,42.072,207,1,646,496,60.943,46.792,470,44.340
3064,3064,102.133,1106.843,445.958,104.419,42.072,205,1,646,496,60.943,46.792,470,44.340
3065,3065,102.167,1106.806,445.962,104.416,42.072,206,1,646,496,60.943,46.792,470,44.340
3066,3066,102.200,1106.889,445.908,104.423,42.067,207,1,646,496,60.943,46.792,470,44.340
3067,3067,102.233,1106.837,445.775,104.419,42.054,202,1,646,496,60.943,46.792,470,44.340
3068,3068,102.267,1106.887,445.869,104.423,42.063,199,1,646,496,60.943,46.792,470,44.340
3069,3069,102.300,1106.923,445.973,104.427,42.073,203,1,646,496,60.943,46.792,470,44.340
3070,3070,102.333,1106.689,445.817,104.405,42.058,202,1,646,496,60.943,46.792,470,44.340
3071,3071,102.367,1106.756,445.833,104.411,42.060,200,1,646,496,60.943,46.792,470,44.340
3072,3072,102.400,1106.782,445.863,104.413,42.063,200,1,646,496,60.943,46.792,470,44.340
3073,3073,102.433,1106.766,445.819,104.412,42.058,199,1,646,496,60.943,46.792,470,44.340
3074,3074,102.467,1106.874,445.847,104.422,42.061,197,1,646,496,60.943,46.792,470,44.340
3075,3075,102.500,1106.815,445.916,104.416,42.068,202,1,646,496,60.943,46.792,470,44.340
3076,3076,102.533,1106.866,445.922,104.421,42.068,200,1,646,496,60.943,46.792,470,44.340
3077,3077,102.567,1106.850,445.852,104.420,42.062,197,1,646,496,60.943,46.792,470,44.340
3078,3078,102.600,1106.857,445.885,104.420,42.065,196,1,646,496,60.943,46.792,470,44.340
3079,3079,102.633,1106.842,445.876,104.419,42.064,195,1,646,496,60.943,46.792,470,44.340
3080,3080,102.667,1106.844,445.878,104.419,42.064,195,1,646,496,60.943,46.792,470,44.340
3081,3081,102.700,1106.730,445.862,104.409,42.062,199,1,646,496,60.943,46.792,470,44.340
3082,3082,102.733,1106.818,445.834,104.417,42.060,197,1,646,496,60.943,46.792,470,44.340
3083,3083,102.767,1106.882,445.893,104.423,42.065,195,1,646,496,60.943,46.792,470,44.340
3084,3084,102.800,1106.596,445.817,104.396,42.058,201,1,646,496,60.943,46.792,470,44.340
3085,3085,102.833,1106.724,445.847,104.408,42.061,199,1,646,496,60.943,46.792,470,44.340
3086,3086,102.867,1106.745,445.962,104.410,42.072,204,1,646,496,60.943,46.792,470,44.340
3087,3087,102.900,1106.656,445.952,104.401,42.071,208,1,646,496,60.943,46.792,470,44.340
3088,3088,102.933,1106.616,445.982,104.398,42.074,206,1,646,496,60.943,46.792,470,44.340
3089,3089,102.967,1106.590,446.136,104.395,42.088,205,1,646,496,60.943,46.792,470,44.340
3090,3090,103.000,1106.476,446.255,104.385,42.100,213,1,646,496,60.943,46.792,470,44.340
3091,3091,103.033,1106.661,446.368,104.402,42.110,205,1,646,496,60.943,46.792,470,44.340
3092,3092,103.067,1106.637,446.492,104.400,42.122,207,1,646,496,60.943,46.792,470,44.340
3093,3093,103.100,1106.695,446.556,104.405,42.128,208,1,646,496,60.943,46.792,470,44.340
3094,3094,103.133,1106.741,446.465,104.410,42.119,206,1,646,496,60.943,46.792,470,44.340
3095,3095,103.167,1106.624,446.359,104.398,42.109,207,1,646,496,60.943,46.792,470,44.340
3096,3096,103.200,1106.526,446.211,104.389,42.095,212,1,646,496,60.943,46.792,470,44.340
3097,3097,103.233,1106.526,446.212,104.389,42.095,212,1,646,496,60.943,46.792,470,44.340
3098,3098,103.267,1106.507,446.212,104.387,42.095,213,1,646,496,60.943,46.792,470,44.340
3099,3099,103.300,1106.367,446.137,104.374,42.088,221,1,646,496,60.943,46.792,470,44.340
3100,3100,103.333,1106.523,446.203,104.389,42.095,216,1,646,496,60.943,46.792,470,44.340
3101,3101,103.367,1106.490,446.234,104.386,42.098,216,1,646,496,60.943,46.792,470,44.340
3102,3102,103.400,1106.378,446.300,104.375,42.104,224,1,646,496,60.943,46.792,470,44.340
3103,3103,103.433,1106.455,446.219,104.383,42.096,217,1,646,496,60.943,46.792,470,44.340
3104,3104,103.467,1106.603,446.262,104.396,42.100,214,1,646,496,60.943,46.792,470,44.340
3105,3105,103.500,1106.541,446.254,104.391,42.099,218,1,646,496,60.943,46.792,470,44.340
3106,3106,103.533,1106.503,446.138,104.387,42.088,214,1,646,496,60.943,46.792,470,44.340
3107,3107,103.567,1106.512,446.154,104.388,42.090,214,1,646,496,60.943,46.792,470,44.340
3108,3108,103.600,1106.543,446.106,104.391,42.085,223,1,646,496,60.943,46.792,470,44.340
3109,3109,103.633,1106.650,446.022,104.401,42.078,218,1,646,496,60.943,46.792,470,44.340
3110,3110,103.667,1106.656,446.127,104.401,42.087,207,1,646,496,60.943,46.792,470,44.340
3111,3111,103.700,1106.542,445.965,104.391,42.072,217,1,646,496,60.943,46.792,470,44.340
3112,3112,103.733,1106.447,445.787,104.382,42.055,210,1,646,496,60.943,46.792,470,44.340
3113,3113,103.767,1106.433,445.699,104.380,42.047,214,1,646,496,60.943,46.792,470,44.340
3114,3114,103.800,1106.438,445.670,104.381,42.044,217,1,646,496,60.943,46.792,470,44.340
3115,3115,103.833,1106.468,445.671,104.384,42.044,217,1,646,496,60.943,46.792,470,44.340
3116,3116,103.867,1106.540,445.593,104.391,42.037,206,1,646,496,60.943,46.792,470,44.340
3117,3117,103.900,1106.367,445.633,104.374,42.041,215,1,646,496,60.943,46.792,470,44.340
3118,3118,103.933,1106.353,445.610,104.373,42.039,214,1,646,496,60.943,46.792,470,44.340
3119,3119,103.967,1106.472,445.579,104.384,42.036,204,1,646,496,60.943,46.792,470,44.340
3120,3120,104.000,1106.343,445.703,104.372,42.047,211,1,646,496,60.943,46.792,470,44.340
3121,3121,104.033,1106.857,446.058,104.421,42.081,197,1,646,496,60.943,46.792,470,44.340
3122,3122,104.067,1106.828,446.078,104.418,42.083,198,1,646,496,60.943,46.792,470,44.340
3123,3123,104.100,1106.743,446.140,104.410,42.089,205,1,646,496,60.943,46.792,470,44.340
3124,3124,104.133,1106.881,446.063,104.423,42.081,198,1,646,496,60.943,46.792,470,44.340
3125,3125,104.167,1106.965,446.123,104.431,42.087,195,1,646,496,60.943,46.792,470,44.340
3126,3126,104.200,1106.977,446.004,104.432,42.076,196,1,646,496,60.943,46.792,470,44.340
3127,3127,104.233,1107.366,446.081,104.469,42.083,188,1,646,496,60.943,46.792,470,44.340
3128,3128,104.267,1107.941,445.660,104.523,42.043,169,1,646,496,60.943,46.792,470,44.340
3129,3129,104.300,1108.059,445.262,104.534,42.006,169,1,646,496,60.943,46.792,470,44.340
3130,3130,104.333,NaN,NaN,NaN,NaN,NaN,0,646,496,60.943,46.792,470,44.340
3131,3131,104.367,NaN,NaN,NaN,NaN,NaN,0,646,496,60.943,46.792,470,44.340
3132,3132,104.400,NaN,NaN,NaN,NaN,NaN,0,646,496,60.943,46.792,470,44.340
3133,3133,104.433,NaN,NaN,NaN,NaN,NaN,0,646,496,60.943,46.792,470,44.340
3134,3134,104.467,NaN,NaN,NaN,NaN,NaN,0,646,496,60.943,46.792,470,44.340
3135,3135,104.500,NaN,NaN,NaN,NaN,NaN,0,646,496,60.943,46.792,470,44.340
3136,3136,104.533,1108.357,444.026,104.562,41.889,168,1,646,496,60.943,46.792,470,44.340
3137,3137,104.567,NaN,NaN,NaN,NaN,NaN,0,646,496,60.943,46.792,470,44.340
3138,3138,104.600,NaN,NaN,NaN,NaN,NaN,0,646,496,60.943,46.792,470,44.340
3139,3139,104.633,NaN,NaN,NaN,NaN,NaN,0,646,496,60.943,46.792,470,44.340
3140,3140,104.667,NaN,NaN,NaN,NaN,NaN,0,646,496,60.943,46.792,470,44.340
3141,3141,104.700,NaN,NaN,NaN,NaN,NaN,0,646,496,60.943,46.792,470,44.340
3142,3142,104.733,NaN,NaN,NaN,NaN,NaN,0,646,496,60.943,46.792,470,44.340
3143,3143,104.767,NaN,NaN,NaN,NaN,NaN,0,646,496,60.943,46.792,470,44.340
3144,3144,104.800,NaN,NaN,NaN,NaN,NaN,0,646,496,60.943,46.792,470,44.340
3145,3145,104.833,NaN,NaN,NaN,NaN,NaN,0,646,496,60.943,46.792,470,44.340
3146,3146,104.867,NaN,NaN,NaN,NaN,NaN,0,646,496,60.943,46.792,470,44.340
3147,3147,104.900,NaN,NaN,NaN,NaN,NaN,0,646,496,60.943,46.792,470,44.340
3148,3148,104.933,NaN,NaN,NaN,NaN,NaN,0,646,496,60.943,46.792,470,44.340
3149,3149,104.967,1107.888,444.158,104.518,41.902,172,1,646,496,60.943,46.792,470,44.340
3150,3150,105.000,1107.718,444.040,104.502,41.891,181,1,646,496,60.943,46.792,470,44.340
3151,3151,105.033,1107.694,444.014,104.499,41.888,182,1,646,496,60.943,46.792,470,44.340
3152,3152,105.067,1107.730,443.973,104.503,41.884,175,1,646,496,60.943,46.792,470,44.340
3153,3153,105.100,1107.707,444.029,104.501,41.890,178,1,646,496,60.943,46.792,470,44.340
3154,3154,105.133,1107.741,444.162,104.504,41.902,177,1,646,496,60.943,46.792,470,44.340
3155,3155,105.167,1107.832,444.215,104.512,41.907,171,1,646,496,60.943,46.792,470,44.340
3156,3156,105.200,1107.789,444.172,104.508,41.903,174,1,646,496,60.943,46.792,470,44.340
3157,3157,105.233,1107.708,444.147,104.501,41.901,175,1,646,496,60.943,46.792,470,44.340
3158,3158,105.267,1107.748,444.205,104.505,41.906,172,1,646,496,60.943,46.792,470,44.340
3159,3159,105.300,1107.655,444.101,104.496,41.896,177,1,646,496,60.943,46.792,470,44.340
3160,3160,105.333,1107.654,444.101,104.496,41.896,177,1,646,496,60.943,46.792,470,44.340
3161,3161,105.367,1107.672,444.143,104.497,41.900,174,1,646,496,60.943,46.792,470,44.340
3162,3162,105.400,1107.564,444.116,104.487,41.898,176,1,646,496,60.943,46.792,470,44.340
3163,3163,105.433,1107.550,444.135,104.486,41.900,177,1,646,496,60.943,46.792,470,44.340
3164,3164,105.467,1107.616,444.132,104.492,41.899,175,1,646,496,60.943,46.792,470,44.340
3165,3165,105.500,1107.619,444.133,104.492,41.899,175,1,646,496,60.943,46.792,470,44.340
3166,3166,105.533,1107.643,444.015,104.495,41.888,179,1,646,496,60.943,46.792,470,44.340
3167,3167,105.567,1107.712,444.024,104.501,41.889,174,1,646,496,60.943,46.792,470,44.340
3168,3168,105.600,1107.590,444.017,104.490,41.888,177,1,646,496,60.943,46.792,470,44.340
3169,3169,105.633,1107.572,443.931,104.488,41.880,180,1,646,496,60.943,46.792,470,44.340
3170,3170,105.667,1107.651,443.898,104.495,41.877,171,1,646,496,60.943,46.792,470,44.340
3171,3171,105.700,1107.671,443.991,104.497,41.886,174,1,646,496,60.943,46.792,470,44.340
3172,3172,105.733,1107.415,443.833,104.473,41.871,184,1,646,496,60.943,46.792,470,44.340
3173,3173,105.767,1107.577,443.910,104.488,41.878,173,1,646,496,60.943,46.792,470,44.340
3174,3174,105.800,1107.478,443.802,104.479,41.868,176,1,646,496,60.943,46.792,470,44.340
3175,3175,105.833,1107.441,443.767,104.476,41.865,177,1,646,496,60.943,46.792,470,44.340
3176,3176,105.867,1107.561,443.784,104.487,41.866,173,1,646,496,60.943,46.792,470,44.340
3177,3177,105.900,1107.561,443.784,104.487,41.866,173,1,646,496,60.943,46.792,470,44.340
3178,3178,105.933,1107.567,443.801,104.487,41.868,176,1,646,496,60.943,46.792,470,44.340
3179,3179,105.967,1107.579,443.760,104.489,41.864,173,1,646,496,60.943,46.792,470,44.340
3180,3180,106.000,1107.574,443.763,104.488,41.864,173,1,646,496,60.943,46.792,470,44.340
3181,3181,106.033,1107.432,443.645,104.475,41.853,178,1,646,496,60.943,46.792,470,44.340
3182,3182,106.067,1107.309,443.517,104.463,41.841,179,1,646,496,60.943,46.792,470,44.340
3183,3183,106.100,1107.314,443.562,104.464,41.845,180,1,646,496,60.943,46.792,470,44.340
3184,3184,106.133,1107.312,443.562,104.463,41.845,180,1,646,496,60.943,46.792,470,44.340
3185,3185,106.167,1107.310,443.562,104.463,41.845,180,1,646,496,60.943,46.792,470,44.340
3186,3186,106.200,1107.342,443.635,104.466,41.852,182,1,646,496,60.943,46.792,470,44.340
3187,3187,106.233,1107.342,443.635,104.466,41.852,182,1,646,496,60.943,46.792,470,44.340
3188,3188,106.267,1107.332,443.598,104.465,41.849,181,1,646,496,60.943,46.792,470,44.340
3189,3189,106.300,1107.332,443.598,104.465,41.849,181,1,646,496,60.943,46.792,470,44.340
3190,3190,106.333,1107.626,443.796,104.493,41.868,174,1,646,496,60.943,46.792,470,44.340
3191,3191,106.367,1107.595,443.751,104.490,41.863,173,1,646,496,60.943,46.792,470,44.340
3192,3192,106.400,1107.415,443.669,104.473,41.856,177,1,646,496,60.943,46.792,470,44.340
3193,3193,106.433,1107.415,443.669,104.473,41.856,177,1,646,496,60.943,46.792,470,44.340
3194,3194,106.467,1107.378,443.616,104.470,41.851,178,1,646,496,60.943,46.792,470,44.340
3195,3195,106.500,1107.378,443.616,104.470,41.851,178,1,646,496,60.943,46.792,470,44.340
3196,3196,106.533,1107.314,443.579,104.464,41.847,179,1,646,496,60.943,46.792,470,44.340
3197,3197,106.567,1107.343,443.584,104.466,41.848,179,1,646,496,60.943,46.792,470,44.340
3198,3198,106.600,1107.343,443.584,104.466,41.848,179,1,646,496,60.943,46.792,470,44.340
3199,3199,106.633,1107.341,443.587,104.466,41.848,179,1,646,496,60.943,46.792,470,44.340
3200,3200,106.667,1107.342,443.586,104.466,41.848,179,1,646,496,60.943,46.792,470,44.340
3201,3201,106.700,1107.340,443.588,104.466,41.848,179,1,646,496,60.943,46.792,470,44.340
3202,3202,106.733,1107.341,443.588,104.466,41.848,179,1,646,496,60.943,46.792,470,44.340
3203,3203,106.767,1107.385,443.638,104.470,41.853,178,1,646,496,60.943,46.792,470,44.340
3204,3204,106.800,1107.385,443.638,104.470,41.853,178,1,646,496,60.943,46.792,470,44.340
3205,3205,106.833,1107.252,443.564,104.458,41.846,181,1,646,496,60.943,46.792,470,44.340
3206,3206,106.867,1107.406,443.659,104.472,41.855,177,1,646,496,60.943,46.792,470,44.340
3207,3207,106.900,1107.405,443.658,104.472,41.855,177,1,646,496,60.943,46.792,470,44.340
3208,3208,106.933,1107.280,443.566,104.460,41.846,180,1,646,496,60.943,46.792,470,44.340
3209,3209,106.967,1107.378,443.635,104.470,41.852,178,1,646,496,60.943,46.792,470,44.340
3210,3210,107.000,1107.377,443.634,104.470,41.852,178,1,646,496,60.943,46.792,470,44.340
3211,3211,107.033,1107.307,443.621,104.463,41.851,184,1,646,496,60.943,46.792,470,44.340
3212,3212,107.067,1107.323,443.577,104.464,41.847,180,1,646,496,60.943,46.792,470,44.340
3213,3213,107.100,1107.323,443.577,104.464,41.847,180,1,646,496,60.943,46.792,470,44.340
3214,3214,107.133,1107.395,443.518,104.471,41.841,183,1,646,496,60.943,46.792,470,44.340
3215,3215,107.167,1107.397,443.528,104.471,41.842,183,1,646,496,60.943,46.792,470,44.340
3216,3216,107.200,1107.446,443.424,104.476,41.832,183,1,646,496,60.943,46.792,470,44.340
3217,3217,107.233,1107.437,443.345,104.475,41.825,183,1,646,496,60.943,46.792,470,44.340
3218,3218,107.267,1107.544,443.249,104.485,41.816,180,1,646,496,60.943,46.792,470,44.340
3219,3219,107.300,1107.526,443.249,104.484,41.816,180,1,646,496,60.943,46.792,470,44.340
3220,3220,107.333,1107.248,443.136,104.457,41.805,192,1,646,496,60.943,46.792,470,44.340
3221,3221,107.367,1107.303,443.219,104.463,41.813,190,1,646,496,60.943,46.792,470,44.340
3222,3222,107.400,1107.299,443.217,104.462,41.813,190,1,646,496,60.943,46.792,470,44.340
3223,3223,107.433,1107.304,443.255,104.463,41.817,191,1,646,496,60.943,46.792,470,44.340
3224,3224,107.467,1107.260,443.188,104.458,41.810,193,1,646,496,60.943,46.792,470,44.340
3225,3225,107.500,1107.260,443.188,104.458,41.810,193,1,646,496,60.943,46.792,470,44.340
3226,3226,107.533,1107.367,443.316,104.469,41.822,199,1,646,496,60.943,46.792,470,44.340
3227,3227,107.567,1107.258,443.180,104.458,41.809,191,1,646,496,60.943,46.792,470,44.340
3228,3228,107.600,1107.219,443.148,104.455,41.806,193,1,646,496,60.943,46.792,470,44.340
3229,3229,107.633,1107.372,443.392,104.469,41.829,201,1,646,496,60.943,46.792,470,44.340
3230,3230,107.667,1107.330,443.281,104.465,41.819,195,1,646,496,60.943,46.792,470,44.340
3231,3231,107.700,1107.350,443.276,104.467,41.818,196,1,646,496,60.943,46.792,470,44.340
3232,3232,107.733,1107.285,443.139,104.461,41.806,201,1,646,496,60.943,46.792,470,44.340
3233,3233,107.767,1107.335,443.144,104.466,41.806,197,1,646,496,60.943,46.792,470,44.340
3234,3234,107.800,1107.337,443.143,104.466,41.806,197,1,646,496,60.943,46.792,470,44.340
3235,3235,107.833,1107.341,443.171,104.466,41.809,197,1,646,496,60.943,46.792,470,44.340
3236,3236,107.867,1107.382,443.228,104.470,41.814,199,1,646,496,60.943,46.792,470,44.340
3237,3237,107.900,1107.385,443.269,104.470,41.818,200,1,646,496,60.943,46.792,470,44.340
3238,3238,107.933,1107.411,443.280,104.473,41.819,204,1,646,496,60.943,46.792,470,44.340
3239,3239,107.967,1107.525,443.286,104.484,41.819,205,1,646,496,60.943,46.792,470,44.340
3240,3240,108.000,1107.549,443.281,104.486,41.819,206,1,646,496,60.943,46.792,470,44.340
3241,3241,108.033,1107.462,443.177,104.478,41.809,210,1,646,496,60.943,46.792,470,44.340
3242,3242,108.067,1107.506,443.154,104.482,41.807,206,1,646,496,60.943,46.792,470,44.340
3243,3243,108.100,1107.569,443.197,104.488,41.811,205,1,646,496,60.943,46.792,470,44.340
3244,3244,108.133,1107.573,443.079,104.488,41.800,207,1,646,496,60.943,46.792,470,44.340
3245,3245,108.167,1107.642,443.146,104.495,41.806,203,1,646,496,60.943,46.792,470,44.340
3246,3246,108.200,1107.814,443.049,104.511,41.797,206,1,646,496,60.943,46.792,470,44.340
3247,3247,108.233,1107.859,443.033,104.515,41.796,207,1,646,496,60.943,46.792,470,44.340
3248,3248,108.267,1107.852,442.942,104.514,41.787,210,1,646,496,60.943,46.792,470,44.340
3249,3249,108.300,1107.956,442.921,104.524,41.785,208,1,646,496,60.943,46.792,470,44.340
3250,3250,108.333,1107.960,442.691,104.525,41.763,218,1,646,496,60.943,46.792,470,44.340
3251,3251,108.367,1108.052,442.758,104.533,41.770,217,1,646,496,60.943,46.792,470,44.340
3252,3252,108.400,1108.094,442.500,104.537,41.745,223,1,646,496,60.943,46.792,470,44.340
3253,3253,108.433,1108.130,442.390,104.541,41.735,227,1,646,496,60.943,46.792,470,44.340
3254,3254,108.467,1108.107,442.225,104.538,41.719,225,1,646,496,60.943,46.792,470,44.340
3255,3255,108.500,1108.159,442.217,104.543,41.719,225,1,646,496,60.943,46.792,470,44.340
3256,3256,108.533,1108.155,442.157,104.543,41.713,235,1,646,496,60.943,46.792,470,44.340
3257,3257,108.567,1108.096,442.056,104.537,41.703,228,1,646,496,60.943,46.792,470,44.340
3258,3258,108.600,1108.206,442.067,104.548,41.704,226,1,646,496,60.943,46.792,470,44.340
3259,3259,108.633,1108.143,441.980,104.542,41.696,229,1,646,496,60.943,46.792,470,44.340
3260,3260,108.667,1108.151,442.052,104.543,41.703,228,1,646,496,60.943,46.792,470,44.340
3261,3261,108.700,1108.222,442.080,104.549,41.706,226,1,646,496,60.943,46.792,470,44.340
3262,3262,108.733,1108.225,441.988,104.550,41.697,229,1,646,496,60.943,46.792,470,44.340
3263,3263,108.767,1108.239,441.947,104.551,41.693,230,1,646,496,60.943,46.792,470,44.340
3264,3264,108.800,1108.296,442.065,104.556,41.704,225,1,646,496,60.943,46.792,470,44.340
3265,3265,108.833,1108.257,441.971,104.553,41.695,231,1,646,496,60.943,46.792,470,44.340
3266,3266,108.867,1108.208,441.911,104.548,41.690,228,1,646,496,60.943,46.792,470,44.340
3267,3267,108.900,1108.296,442.020,104.556,41.700,222,1,646,496,60.943,46.792,470,44.340
3268,3268,108.933,1108.165,442.049,104.544,41.703,223,1,646,496,60.943,46.792,470,44.340
3269,3269,108.967,1108.214,442.062,104.549,41.704,220,1,646,496,60.943,46.792,470,44.340
3270,3270,109.000,1108.257,441.994,104.553,41.698,214,1,646,496,60.943,46.792,470,44.340
3271,3271,109.033,1108.052,441.707,104.533,41.670,215,1,646,496,60.943,46.792,470,44.340
3272,3272,109.067,1108.029,441.644,104.531,41.665,214,1,646,496,60.943,46.792,470,44.340
3273,3273,109.100,1108.086,441.718,104.536,41.672,204,1,646,496,60.943,46.792,470,44.340
3274,3274,109.133,1108.075,441.535,104.535,41.654,207,1,646,496,60.943,46.792,470,44.340
3275,3275,109.167,1107.989,441.421,104.527,41.644,204,1,646,496,60.943,46.792,470,44.340
3276,3276,109.200,1108.044,441.428,104.532,41.644,203,1,646,496,60.943,46.792,470,44.340
3277,3277,109.233,1108.020,441.497,104.530,41.651,208,1,646,496,60.943,46.792,470,44.340
3278,3278,109.267,1108.147,441.282,104.542,41.630,202,1,646,496,60.943,46.792,470,44.340
3279,3279,109.300,1108.338,441.394,104.560,41.641,195,1,646,496,60.943,46.792,470,44.340
3280,3280,109.333,1108.376,441.470,104.564,41.648,201,1,646,496,60.943,46.792,470,44.340
3281,3281,109.367,1108.446,441.395,104.570,41.641,202,1,646,496,60.943,46.792,470,44.340
3282,3282,109.400,1108.503,441.397,104.576,41.641,201,1,646,496,60.943,46.792,470,44.340
3283,3283,109.433,1108.404,441.399,104.566,41.641,204,1,646,496,60.943,46.792,470,44.340
3284,3284,109.467,1108.514,441.359,104.577,41.638,207,1,646,496,60.943,46.792,470,44.340
3285,3285,109.500,1108.577,441.315,104.583,41.633,200,1,646,496,60.943,46.792,470,44.340
3286,3286,109.533,1108.582,441.304,104.583,41.632,201,1,646,496,60.943,46.792,470,44.340
3287,3287,109.567,1108.543,441.422,104.580,41.644,199,1,646,496,60.943,46.792,470,44.340
3288,3288,109.600,1108.721,441.383,104.596,41.640,189,1,646,496,60.943,46.792,470,44.340
3289,3289,109.633,1108.749,441.482,104.599,41.649,192,1,646,496,60.943,46.792,470,44.340
3290,3290,109.667,1108.775,441.626,104.601,41.663,191,1,646,496,60.943,46.792,470,44.340
3291,3291,109.700,1108.905,441.635,104.614,41.664,183,1,646,496,60.943,46.792,470,44.340
3292,3292,109.733,1108.920,441.804,104.615,41.680,182,1,646,496,60.943,46.792,470,44.340
3293,3293,109.767,1109.063,442.189,104.629,41.716,175,1,646,496,60.943,46.792,470,44.340
3294,3294,109.800,NaN,NaN,NaN,NaN,NaN,0,646,496,60.943,46.792,470,44.340
3295,3295,109.833,NaN,NaN,NaN,NaN,NaN,0,646,496,60.943,46.792,470,44.340
3296,3296,109.867,NaN,NaN,NaN,NaN,NaN,0,646,496,60.943,46.792,470,44.340
3297,3297,109.900,NaN,NaN,NaN,NaN,NaN,0,646,496,60.943,46.792,470,44.340
3298,3298,109.933,NaN,NaN,NaN,NaN,NaN,0,646,496,60.943,46.792,470,44.340
3299,3299,109.967,NaN,NaN,NaN,NaN,NaN,0,646,496,60.943,46.792,470,44.340
3300,3300,110.000,NaN,NaN,NaN,NaN,NaN,0,646,496,60.943,46.792,470,44.340
3301,3301,110.033,NaN,NaN,NaN,NaN,NaN,0,646,496,60.943,46.792,470,44.340
3302,3302,110.067,NaN,NaN,NaN,NaN,NaN,0,646,496,60.943,46.792,470,44.340
3303,3303,110.100,NaN,NaN,NaN,NaN,NaN,0,646,496,60.943,46.792,470,44.340
3304,3304,110.133,NaN,NaN,NaN,NaN,NaN,0,646,496,60.943,46.792,470,44.340
3305,3305,110.167,NaN,NaN,NaN,NaN,NaN,0,646,496,60.943,46.792,470,44.340
3306,3306,110.200,NaN,NaN,NaN,NaN,NaN,0,646,496,60.943,46.792,470,44.340
3307,3307,110.233,NaN,NaN,NaN,NaN,NaN,0,646,496,60.943,46.792,470,44.340
3308,3308,110.267,NaN,NaN,NaN,NaN,NaN,0,646,496,60.943,46.792,470,44.340
3309,3309,110.300,NaN,NaN,NaN,NaN,NaN,0,646,496,60.943,46.792,470,44.340
3310,3310,110.333,NaN,NaN,NaN,NaN,NaN,0,646,496,60.943,46.792,470,44.340
3311,3311,110.367,1109.990,440.888,104.716,41.593,171,1,646,496,60.943,46.792,470,44.340
3312,3312,110.400,NaN,NaN,NaN,NaN,NaN,0,646,496,60.943,46.792,470,44.340
3313,3313,110.433,NaN,NaN,NaN,NaN,NaN,0,646,496,60.943,46.792,470,44.340
3314,3314,110.467,NaN,NaN,NaN,NaN,NaN,0,646,496,60.943,46.792,470,44.340
3315,3315,110.500,NaN,NaN,NaN,NaN,NaN,0,646,496,60.943,46.792,470,44.340
3316,3316,110.533,NaN,NaN,NaN,NaN,NaN,0,646,496,60.943,46.792,470,44.340
3317,3317,110.567,NaN,NaN,NaN,NaN,NaN,0,646,496,60.943,46.792,470,44.340
3318,3318,110.600,NaN,NaN,NaN,NaN,NaN,0,646,496,60.943,46.792,470,44.340
3319,3319,110.633,NaN,NaN,NaN,NaN,NaN,0,646,496,60.943,46.792,470,44.340
3320,3320,110.667,NaN,NaN,NaN,NaN,NaN,0,646,496,60.943,46.792,470,44.340
3321,3321,110.700,NaN,NaN,NaN,NaN,NaN,0,646,496,60.943,46.792,470,44.340
3322,3322,110.733,NaN,NaN,NaN,NaN,NaN,0,646,496,60.943,46.792,470,44.340
3323,3323,110.767,NaN,NaN,NaN,NaN,NaN,0,646,496,60.943,46.792,470,44.340
3324,3324,110.800,NaN,NaN,NaN,NaN,NaN,0,646,496,60.943,46.792,470,44.340
3325,3325,110.833,NaN,NaN,NaN,NaN,NaN,0,646,496,60.943,46.792,470,44.340
3326,3326,110.867,NaN,NaN,NaN,NaN,NaN,0,646,496,60.943,46.792,470,44.340
3327,3327,110.900,NaN,NaN,NaN,NaN,NaN,0,646,496,60.943,46.792,470,44.340
3328,3328,110.933,NaN,NaN,NaN,NaN,NaN,0,646,496,60.943,46.792,470,44.340
3329,3329,110.967,NaN,NaN,NaN,NaN,NaN,0,646,496,60.943,46.792,470,44.340
3330,3330,111.000,NaN,NaN,NaN,NaN,NaN,0,646,496,60.943,46.792,470,44.340
3331,3331,111.033,NaN,NaN,NaN,NaN,NaN,0,646,496,60.943,46.792,470,44.340
3332,3332,111.067,NaN,NaN,NaN,NaN,NaN,0,646,496,60.943,46.792,470,44.340
3333,3333,111.100,NaN,NaN,NaN,NaN,NaN,0,646,496,60.943,46.792,470,44.340
3334,3334,111.133,NaN,NaN,NaN,NaN,NaN,0,646,496,60.943,46.792,470,44.340
3335,3335,111.167,NaN,NaN,NaN,NaN,NaN,0,646,496,60.943,46.792,470,44.340
3336,3336,111.200,NaN,NaN,NaN,NaN,NaN,0,646,496,60.943,46.792,470,44.340
3337,3337,111.233,NaN,NaN,NaN,NaN,NaN,0,646,496,60.943,46.792,470,44.340
3338,3338,111.267,NaN,NaN,NaN,NaN,NaN,0,646,496,60.943,46.792,470,44.340
3339,3339,111.300,NaN,NaN,NaN,NaN,NaN,0,646,496,60.943,46.792,470,44.340
3340,3340,111.333,NaN,NaN,NaN,NaN,NaN,0,646,496,60.943,46.792,470,44.340
3341,3341,111.367,NaN,NaN,NaN,NaN,NaN,0,646,496,60.943,46.792,470,44.340
3342,3342,111.400,NaN,NaN,NaN,NaN,NaN,0,646,496,60.943,46.792,470,44.340
3343,3343,111.433,NaN,NaN,NaN,NaN,NaN,0,646,496,60.943,46.792,470,44.340
3344,3344,111.467,NaN,NaN,NaN,NaN,NaN,0,646,496,60.943,46.792,470,44.340
3345,3345,111.500,NaN,NaN,NaN,NaN,NaN,0,646,496,60.943,46.792,470,44.340
3346,3346,111.533,NaN,NaN,NaN,NaN,NaN,0,646,496,60.943,46.792,470,44.340
3347,3347,111.567,NaN,NaN,NaN,NaN,NaN,0,646,496,60.943,46.792,470,44.340
3348,3348,111.600,NaN,NaN,NaN,NaN,NaN,0,646,496,60.943,46.792,470,44.340
3349,3349,111.633,NaN,NaN,NaN,NaN,NaN,0,646,496,60.943,46.792,470,44.340
3350,3350,111.667,NaN,NaN,NaN,NaN,NaN,0,646,496,60.943,46.792,470,44.340
3351,3351,111.700,NaN,NaN,NaN,NaN,NaN,0,646,496,60.943,46.792,470,44.340
3352,3352,111.733,NaN,NaN,NaN,NaN,NaN,0,646,496,60.943,46.792,470,44.340
3353,3353,111.767,NaN,NaN,NaN,NaN,NaN,0,646,496,60.943,46.792,470,44.340
3354,3354,111.800,NaN,NaN,NaN,NaN,NaN,0,646,496,60.943,46.792,470,44.340
3355,3355,111.833,NaN,NaN,NaN,NaN,NaN,0,646,496,60.943,46.792,470,44.340
3356,3356,111.867,NaN,NaN,NaN,NaN,NaN,0,646,496,60.943,46.792,470,44.340
3357,3357,111.900,NaN,NaN,NaN,NaN,NaN,0,646,496,60.943,46.792,470,44.340
3358,3358,111.933,NaN,NaN,NaN,NaN,NaN,0,646,496,60.943,46.792,470,44.340
3359,3359,111.967,NaN,NaN,NaN,NaN,NaN,0,646,496,60.943,46.792,470,44.340
3360,3360,112.000,NaN,NaN,NaN,NaN,NaN,0,646,496,60.943,46.792,470,44.340
3361,3361,112.033,NaN,NaN,NaN,NaN,NaN,0,646,496,60.943,46.792,470,44.340
3362,3362,112.067,NaN,NaN,NaN,NaN,NaN,0,646,496,60.943,46.792,470,44.340
3363,3363,112.100,NaN,NaN,NaN,NaN,NaN,0,646,496,60.943,46.792,470,44.340
3364,3364,112.133,NaN,NaN,NaN,NaN,NaN,0,646,496,60.943,46.792,470,44.340
3365,3365,112.167,NaN,NaN,NaN,NaN,NaN,0,646,496,60.943,46.792,470,44.340
3366,3366,112.200,NaN,NaN,NaN,NaN,NaN,0,646,496,60.943,46.792,470,44.340
3367,3367,112.233,NaN,NaN,NaN,NaN,NaN,0,646,496,60.943,46.792,470,44.340
3368,3368,112.267,NaN,NaN,NaN,NaN,NaN,0,646,496,60.943,46.792,470,44.340
3369,3369,112.300,NaN,NaN,NaN,NaN,NaN,0,646,496,60.943,46.792,470,44.340
3370,3370,112.333,NaN,NaN,NaN,NaN,NaN,0,646,496,60.943,46.792,470,44.340
3371,3371,112.367,NaN,NaN,NaN,NaN,NaN,0,646,496,60.943,46.792,470,44.340
3372,3372,112.400,NaN,NaN,NaN,NaN,NaN,0,646,496,60.943,46.792,470,44.340
3373,3373,112.433,NaN,NaN,NaN,NaN,NaN,0,646,496,60.943,46.792,470,44.340
3374,3374,112.467,NaN,NaN,NaN,NaN,NaN,0,646,496,60.943,46.792,470,44.340
3375,3375,112.500,NaN,NaN,NaN,NaN,NaN,0,646,496,60.943,46.792,470,44.340
3376,3376,112.533,NaN,NaN,NaN,NaN,NaN,0,646,496,60.943,46.792,470,44.340
3377,3377,112.567,NaN,NaN,NaN,NaN,NaN,0,646,496,60.943,46.792,470,44.340
3378,3378,112.600,NaN,NaN,NaN,NaN,NaN,0,646,496,60.943,46.792,470,44.340
3379,3379,112.633,NaN,NaN,NaN,NaN,NaN,0,646,496,60.943,46.792,470,44.340
3380,3380,112.667,NaN,NaN,NaN,NaN,NaN,0,646,496,60.943,46.792,470,44.340
3381,3381,112.700,NaN,NaN,NaN,NaN,NaN,0,646,496,60.943,46.792,470,44.340
3382,3382,112.733,NaN,NaN,NaN,NaN,NaN,0,646,496,60.943,46.792,470,44.340
3383,3383,112.767,NaN,NaN,NaN,NaN,NaN,0,646,496,60.943,46.792,470,44.340
3384,3384,112.800,NaN,NaN,NaN,NaN,NaN,0,646,496,60.943,46.792,470,44.340
3385,3385,112.833,NaN,NaN,NaN,NaN,NaN,0,646,496,60.943,46.792,470,44.340
3386,3386,112.867,NaN,NaN,NaN,NaN,NaN,0,646,496,60.943,46.792,470,44.340
3387,3387,112.900,NaN,NaN,NaN,NaN,NaN,0,646,496,60.943,46.792,470,44.340
3388,3388,112.933,NaN,NaN,NaN,NaN,NaN,0,646,496,60.943,46.792,470,44.340
3389,3389,112.967,NaN,NaN,NaN,NaN,NaN,0,646,496,60.943,46.792,470,44.340
3390,3390,113.000,NaN,NaN,NaN,NaN,NaN,0,646,496,60.943,46.792,470,44.340
3391,3391,113.033,NaN,NaN,NaN,NaN,NaN,0,646,496,60.943,46.792,470,44.340
3392,3392,113.067,NaN,NaN,NaN,NaN,NaN,0,646,496,60.943,46.792,470,44.340
3393,3393,113.100,NaN,NaN,NaN,NaN,NaN,0,646,496,60.943,46.792,470,44.340
3394,3394,113.133,NaN,NaN,NaN,NaN,NaN,0,646,496,60.943,46.792,470,44.340
3395,3395,113.167,NaN,NaN,NaN,NaN,NaN,0,646,496,60.943,46.792,470,44.340
3396,3396,113.200,NaN,NaN,NaN,NaN,NaN,0,646,496,60.943,46.792,470,44.340
3397,3397,113.233,NaN,NaN,NaN,NaN,NaN,0,646,496,60.943,46.792,470,44.340
3398,3398,113.267,NaN,NaN,NaN,NaN,NaN,0,646,496,60.943,46.792,470,44.340
3399,3399,113.300,NaN,NaN,NaN,NaN,NaN,0,646,496,60.943,46.792,470,44.340
3400,3400,113.333,NaN,NaN,NaN,NaN,NaN,0,646,496,60.943,46.792,470,44.340
3401,3401,113.367,NaN,NaN,NaN,NaN,NaN,0,646,496,60.943,46.792,470,44.340
3402,3402,113.400,NaN,NaN,NaN,NaN,NaN,0,646,496,60.943,46.792,470,44.340
3403,3403,113.433,NaN,NaN,NaN,NaN,NaN,0,646,496,60.943,46.792,470,44.340
3404,3404,113.467,NaN,NaN,NaN,NaN,NaN,0,646,496,60.943,46.792,470,44.340
3405,3405,113.500,NaN,NaN,NaN,NaN,NaN,0,646,496,60.943,46.792,470,44.340
3406,3406,113.533,NaN,NaN,NaN,NaN,NaN,0,646,496,60.943,46.792,470,44.340
3407,3407,113.567,NaN,NaN,NaN,NaN,NaN,0,646,496,60.943,46.792,470,44.340
3408,3408,113.600,NaN,NaN,NaN,NaN,NaN,0,646,496,60.943,46.792,470,44.340
3409,3409,113.633,NaN,NaN,NaN,NaN,NaN,0,646,496,60.943,46.792,470,44.340
3410,3410,113.667,NaN,NaN,NaN,NaN,NaN,0,646,496,60.943,46.792,470,44.340
3411,3411,113.700,NaN,NaN,NaN,NaN,NaN,0,646,496,60.943,46.792,470,44.340
3412,3412,113.733,NaN,NaN,NaN,NaN,NaN,0,646,496,60.943,46.792,470,44.340
3413,3413,113.767,NaN,NaN,NaN,NaN,NaN,0,646,496,60.943,46.792,470,44.340
3414,3414,113.800,NaN,NaN,NaN,NaN,NaN,0,646,496,60.943,46.792,470,44.340
3415,3415,113.833,NaN,NaN,NaN,NaN,NaN,0,646,496,60.943,46.792,470,44.340
3416,3416,113.867,NaN,NaN,NaN,NaN,NaN,0,646,496,60.943,46.792,470,44.340
3417,3417,113.900,NaN,NaN,NaN,NaN,NaN,0,646,496,60.943,46.792,470,44.340
3418,3418,113.933,NaN,NaN,NaN,NaN,NaN,0,646,496,60.943,46.792,470,44.340
3419,3419,113.967,NaN,NaN,NaN,NaN,NaN,0,646,496,60.943,46.792,470,44.340
3420,3420,114.000,NaN,NaN,NaN,NaN,NaN,0,646,496,60.943,46.792,470,44.340
3421,3421,114.033,NaN,NaN,NaN,NaN,NaN,0,646,496,60.943,46.792,470,44.340
3422,3422,114.067,NaN,NaN,NaN,NaN,NaN,0,646,496,60.943,46.792,470,44.340
3423,3423,114.100,NaN,NaN,NaN,NaN,NaN,0,646,496,60.943,46.792,470,44.340
3424,3424,114.133,NaN,NaN,NaN,NaN,NaN,0,646,496,60.943,46.792,470,44.340
3425,3425,114.167,NaN,NaN,NaN,NaN,NaN,0,646,496,60.943,46.792,470,44.340
3426,3426,114.200,NaN,NaN,NaN,NaN,NaN,0,646,496,60.943,46.792,470,44.340
3427,3427,114.233,NaN,NaN,NaN,NaN,NaN,0,646,496,60.943,46.792,470,44.340
3428,3428,114.267,NaN,NaN,NaN,NaN,NaN,0,646,496,60.943,46.792,470,44.340
3429,3429,114.300,NaN,NaN,NaN,NaN,NaN,0,646,496,60.943,46.792,470,44.340
3430,3430,114.333,NaN,NaN,NaN,NaN,NaN,0,646,496,60.943,46.792,470,44.340
3431,3431,114.367,NaN,NaN,NaN,NaN,NaN,0,646,496,60.943,46.792,470,44.340
3432,3432,114.400,NaN,NaN,NaN,NaN,NaN,0,646,496,60.943,46.792,470,44.340
3433,3433,114.433,NaN,NaN,NaN,NaN,NaN,0,646,496,60.943,46.792,470,44.340
3434,3434,114.467,NaN,NaN,NaN,NaN,NaN,0,646,496,60.943,46.792,470,44.340
3435,3435,114.500,NaN,NaN,NaN,NaN,NaN,0,646,496,60.943,46.792,470,44.340
3436,3436,114.533,NaN,NaN,NaN,NaN,NaN,0,646,496,60.943,46.792,470,44.340
3437,3437,114.567,NaN,NaN,NaN,NaN,NaN,0,646,496,60.943,46.792,470,44.340
3438,3438,114.600,NaN,NaN,NaN,NaN,NaN,0,646,496,60.943,46.792,470,44.340
3439,3439,114.633,NaN,NaN,NaN,NaN,NaN,0,646,496,60.943,46.792,470,44.340
3440,3440,114.667,NaN,NaN,NaN,NaN,NaN,0,646,496,60.943,46.792,470,44.340
3441,3441,114.700,NaN,NaN,NaN,NaN,NaN,0,646,496,60.943,46.792,470,44.340
3442,3442,114.733,NaN,NaN,NaN,NaN,NaN,0,646,496,60.943,46.792,470,44.340
3443,3443,114.767,NaN,NaN,NaN,NaN,NaN,0,646,496,60.943,46.792,470,44.340
3444,3444,114.800,NaN,NaN,NaN,NaN,NaN,0,646,496,60.943,46.792,470,44.340
3445,3445,114.833,NaN,NaN,NaN,NaN,NaN,0,646,496,60.943,46.792,470,44.340
3446,3446,114.867,NaN,NaN,NaN,NaN,NaN,0,646,496,60.943,46.792,470,44.340
3447,3447,114.900,NaN,NaN,NaN,NaN,NaN,0,646,496,60.943,46.792,470,44.340
3448,3448,114.933,NaN,NaN,NaN,NaN,NaN,0,646,496,60.943,46.792,470,44.340
3449,3449,114.967,NaN,NaN,NaN,NaN,NaN,0,646,496,60.943,46.792,470,44.340
3450,3450,115.000,NaN,NaN,NaN,NaN,NaN,0,646,496,60.943,46.792,470,44.340
3451,3451,115.033,NaN,NaN,NaN,NaN,NaN,0,646,496,60.943,46.792,470,44.340
3452,3452,115.067,NaN,NaN,NaN,NaN,NaN,0,646,496,60.943,46.792,470,44.340
3453,3453,115.100,NaN,NaN,NaN,NaN,NaN,0,646,496,60.943,46.792,470,44.340
3454,3454,115.133,NaN,NaN,NaN,NaN,NaN,0,646,496,60.943,46.792,470,44.340
3455,3455,115.167,NaN,NaN,NaN,NaN,NaN,0,646,496,60.943,46.792,470,44.340
3456,3456,115.200,NaN,NaN,NaN,NaN,NaN,0,646,496,60.943,46.792,470,44.340
3457,3457,115.233,NaN,NaN,NaN,NaN,NaN,0,646,496,60.943,46.792,470,44.340
3458,3458,115.267,NaN,NaN,NaN,NaN,NaN,0,646,496,60.943,46.792,470,44.340
3459,3459,115.300,NaN,NaN,NaN,NaN,NaN,0,646,496,60.943,46.792,470,44.340
3460,3460,115.333,NaN,NaN,NaN,NaN,NaN,0,646,496,60.943,46.792,470,44.340
3461,3461,115.367,NaN,NaN,NaN,NaN,NaN,0,646,496,60.943,46.792,470,44.340
3462,3462,115.400,NaN,NaN,NaN,NaN,NaN,0,646,496,60.943,46.792,470,44.340
3463,3463,115.433,NaN,NaN,NaN,NaN,NaN,0,646,496,60.943,46.792,470,44.340
3464,3464,115.467,NaN,NaN,NaN,NaN,NaN,0,646,496,60.943,46.792,470,44.340
3465,3465,115.500,NaN,NaN,NaN,NaN,NaN,0,646,496,60.943,46.792,470,44.340
3466,3466,115.533,NaN,NaN,NaN,NaN,NaN,0,646,496,60.943,46.792,470,44.340
3467,3467,115.567,NaN,NaN,NaN,NaN,NaN,0,646,496,60.943,46.792,470,44.340
3468,3468,115.600,NaN,NaN,NaN,NaN,NaN,0,646,496,60.943,46.792,470,44.340
3469,3469,115.633,NaN,NaN,NaN,NaN,NaN,0,646,496,60.943,46.792,470,44.340
3470,3470,115.667,NaN,NaN,NaN,NaN,NaN,0,646,496,60.943,46.792,470,44.340
3471,3471,115.700,NaN,NaN,NaN,NaN,NaN,0,646,496,60.943,46.792,470,44.340
3472,3472,115.733,NaN,NaN,NaN,NaN,NaN,0,646,496,60.943,46.792,470,44.340
3473,3473,115.767,NaN,NaN,NaN,NaN,NaN,0,646,496,60.943,46.792,470,44.340
3474,3474,115.800,NaN,NaN,NaN,NaN,NaN,0,646,496,60.943,46.792,470,44.340
3475,3475,115.833,NaN,NaN,NaN,NaN,NaN,0,646,496,60.943,46.792,470,44.340
3476,3476,115.867,NaN,NaN,NaN,NaN,NaN,0,646,496,60.943,46.792,470,44.340
3477,3477,115.900,NaN,NaN,NaN,NaN,NaN,0,646,496,60.943,46.792,470,44.340
3478,3478,115.933,NaN,NaN,NaN,NaN,NaN,0,646,496,60.943,46.792,470,44.340
3479,3479,115.967,NaN,NaN,NaN,NaN,NaN,0,646,496,60.943,46.792,470,44.340
3480,3480,116.000,NaN,NaN,NaN,NaN,NaN,0,646,496,60.943,46.792,470,44.340
3481,3481,116.033,NaN,NaN,NaN,NaN,NaN,0,646,496,60.943,46.792,470,44.340
3482,3482,116.067,NaN,NaN,NaN,NaN,NaN,0,646,496,60.943,46.792,470,44.340
3483,3483,116.100,NaN,NaN,NaN,NaN,NaN,0,646,496,60.943,46.792,470,44.340
3484,3484,116.133,NaN,NaN,NaN,NaN,NaN,0,646,496,60.943,46.792,470,44.340
3485,3485,116.167,NaN,NaN,NaN,NaN,NaN,0,646,496,60.943,46.792,470,44.340
3486,3486,116.200,NaN,NaN,NaN,NaN,NaN,0,646,496,60.943,46.792,470,44.340
3487,3487,116.233,NaN,NaN,NaN,NaN,NaN,0,646,496,60.943,46.792,470,44.340
3488,3488,116.267,NaN,NaN,NaN,NaN,NaN,0,646,496,60.943,46.792,470,44.340
3489,3489,116.300,NaN,NaN,NaN,NaN,NaN,0,646,496,60.943,46.792,470,44.340
3490,3490,116.333,NaN,NaN,NaN,NaN,NaN,0,646,496,60.943,46.792,470,44.340
3491,3491,116.367,NaN,NaN,NaN,NaN,NaN,0,646,496,60.943,46.792,470,44.340
3492,3492,116.400,NaN,NaN,NaN,NaN,NaN,0,646,496,60.943,46.792,470,44.340
3493,3493,116.433,NaN,NaN,NaN,NaN,NaN,0,646,496,60.943,46.792,470,44.340
3494,3494,116.467,NaN,NaN,NaN,NaN,NaN,0,646,496,60.943,46.792,470,44.340
3495,3495,116.500,NaN,NaN,NaN,NaN,NaN,0,646,496,60.943,46.792,470,44.340
3496,3496,116.533,NaN,NaN,NaN,NaN,NaN,0,646,496,60.943,46.792,470,44.340
3497,3497,116.567,NaN,NaN,NaN,NaN,NaN,0,646,496,60.943,46.792,470,44.340
3498,3498,116.600,NaN,NaN,NaN,NaN,NaN,0,646,496,60.943,46.792,470,44.340
3499,3499,116.633,NaN,NaN,NaN,NaN,NaN,0,646,496,60.943,46.792,470,44.340
3500,3500,116.667,NaN,NaN,NaN,NaN,NaN,0,646,496,60.943,46.792,470,44.340
3501,3501,116.700,NaN,NaN,NaN,NaN,NaN,0,646,496,60.943,46.792,470,44.340
3502,3502,116.733,NaN,NaN,NaN,NaN,NaN,0,646,496,60.943,46.792,470,44.340
3503,3503,116.767,NaN,NaN,NaN,NaN,NaN,0,646,496,60.943,46.792,470,44.340
3504,3504,116.800,NaN,NaN,NaN,NaN,NaN,0,646,496,60.943,46.792,470,44.340
3505,3505,116.833,NaN,NaN,NaN,NaN,NaN,0,646,496,60.943,46.792,470,44.340
3506,3506,116.867,NaN,NaN,NaN,NaN,NaN,0,646,496,60.943,46.792,470,44.340
3507,3507,116.900,NaN,NaN,NaN,NaN,NaN,0,646,496,60.943,46.792,470,44.340
3508,3508,116.933,NaN,NaN,NaN,NaN,NaN,0,646,496,60.943,46.792,470,44.340
3509,3509,116.967,NaN,NaN,NaN,NaN,NaN,0,646,496,60.943,46.792,470,44.340
3510,3510,117.000,NaN,NaN,NaN,NaN,NaN,0,646,496,60.943,46.792,470,44.340
3511,3511,117.033,NaN,NaN,NaN,NaN,NaN,0,646,496,60.943,46.792,470,44.340
3512,3512,117.067,NaN,NaN,NaN,NaN,NaN,0,646,496,60.943,46.792,470,44.340
3513,3513,117.100,NaN,NaN,NaN,NaN,NaN,0,646,496,60.943,46.792,470,44.340
3514,3514,117.133,NaN,NaN,NaN,NaN,NaN,0,646,496,60.943,46.792,470,44.340
3515,3515,117.167,NaN,NaN,NaN,NaN,NaN,0,646,496,60.943,46.792,470,44.340
3516,3516,117.200,NaN,NaN,NaN,NaN,NaN,0,646,496,60.943,46.792,470,44.340
3517,3517,117.233,NaN,NaN,NaN,NaN,NaN,0,646,496,60.943,46.792,470,44.340
3518,3518,117.267,NaN,NaN,NaN,NaN,NaN,0,646,496,60.943,46.792,470,44.340
3519,3519,117.300,NaN,NaN,NaN,NaN,NaN,0,646,496,60.943,46.792,470,44.340
3520,3520,117.333,NaN,NaN,NaN,NaN,NaN,0,646,496,60.943,46.792,470,44.340
3521,3521,117.367,NaN,NaN,NaN,NaN,NaN,0,646,496,60.943,46.792,470,44.340
3522,3522,117.400,NaN,NaN,NaN,NaN,NaN,0,646,496,60.943,46.792,470,44.340
3523,3523,117.433,NaN,NaN,NaN,NaN,NaN,0,646,496,60.943,46.792,470,44.340
3524,3524,117.467,NaN,NaN,NaN,NaN,NaN,0,646,496,60.943,46.792,470,44.340
3525,3525,117.500,NaN,NaN,NaN,NaN,NaN,0,646,496,60.943,46.792,470,44.340
3526,3526,117.533,NaN,NaN,NaN,NaN,NaN,0,646,496,60.943,46.792,470,44.340
3527,3527,117.567,NaN,NaN,NaN,NaN,NaN,0,646,496,60.943,46.792,470,44.340
3528,3528,117.600,NaN,NaN,NaN,NaN,NaN,0,646,496,60.943,46.792,470,44.340
3529,3529,117.633,NaN,NaN,NaN,NaN,NaN,0,646,496,60.943,46.792,470,44.340
3530,3530,117.667,NaN,NaN,NaN,NaN,NaN,0,646,496,60.943,46.792,470,44.340
3531,3531,117.700,NaN,NaN,NaN,NaN,NaN,0,646,496,60.943,46.792,470,44.340
3532,3532,117.733,NaN,NaN,NaN,NaN,NaN,0,646,496,60.943,46.792,470,44.340
3533,3533,117.767,NaN,NaN,NaN,NaN,NaN,0,646,496,60.943,46.792,470,44.340
3534,3534,117.800,NaN,NaN,NaN,NaN,NaN,0,646,496,60.943,46.792,470,44.340
3535,3535,117.833,NaN,NaN,NaN,NaN,NaN,0,646,496,60.943,46.792,470,44.340
3536,3536,117.867,NaN,NaN,NaN,NaN,NaN,0,646,496,60.943,46.792,470,44.340
3537,3537,117.900,NaN,NaN,NaN,NaN,NaN,0,646,496,60.943,46.792,470,44.340
3538,3538,117.933,NaN,NaN,NaN,NaN,NaN,0,646,496,60.943,46.792,470,44.340
3539,3539,117.967,NaN,NaN,NaN,NaN,NaN,0,646,496,60.943,46.792,470,44.340
3540,3540,118.000,NaN,NaN,NaN,NaN,NaN,0,646,496,60.943,46.792,470,44.340
3541,3541,118.033,NaN,NaN,NaN,NaN,NaN,0,646,496,60.943,46.792,470,44.340
3542,3542,118.067,NaN,NaN,NaN,NaN,NaN,0,646,496,60.943,46.792,470,44.340
3543,3543,118.100,NaN,NaN,NaN,NaN,NaN,0,646,496,60.943,46.792,470,44.340
3544,3544,118.133,NaN,NaN,NaN,NaN,NaN,0,646,496,60.943,46.792,470,44.340
3545,3545,118.167,NaN,NaN,NaN,NaN,NaN,0,646,496,60.943,46.792,470,44.340
3546,3546,118.200,NaN,NaN,NaN,NaN,NaN,0,646,496,60.943,46.792,470,44.340
3547,3547,118.233,NaN,NaN,NaN,NaN,NaN,0,646,496,60.943,46.792,470,44.340
3548,3548,118.267,NaN,NaN,NaN,NaN,NaN,0,646,496,60.943,46.792,470,44.340
3549,3549,118.300,NaN,NaN,NaN,NaN,NaN,0,646,496,60.943,46.792,470,44.340
3550,3550,118.333,NaN,NaN,NaN,NaN,NaN,0,646,496,60.943,46.792,470,44.340
3551,3551,118.367,NaN,NaN,NaN,NaN,NaN,0,646,496,60.943,46.792,470,44.340
3552,3552,118.400,NaN,NaN,NaN,NaN,NaN,0,646,496,60.943,46.792,470,44.340
3553,3553,118.433,NaN,NaN,NaN,NaN,NaN,0,646,496,60.943,46.792,470,44.340
3554,3554,118.467,NaN,NaN,NaN,NaN,NaN,0,646,496,60.943,46.792,470,44.340
3555,3555,118.500,NaN,NaN,NaN,NaN,NaN,0,646,496,60.943,46.792,470,44.340
3556,3556,118.533,NaN,NaN,NaN,NaN,NaN,0,646,496,60.943,46.792,470,44.340
3557,3557,118.567,NaN,NaN,NaN,NaN,NaN,0,646,496,60.943,46.792,470,44.340
3558,3558,118.600,NaN,NaN,NaN,NaN,NaN,0,646,496,60.943,46.792,470,44.340
3559,3559,118.633,NaN,NaN,NaN,NaN,NaN,0,646,496,60.943,46.792,470,44.340
3560,3560,118.667,NaN,NaN,NaN,NaN,NaN,0,646,496,60.943,46.792,470,44.340
3561,3561,118.700,NaN,NaN,NaN,NaN,NaN,0,646,496,60.943,46.792,470,44.340
3562,3562,118.733,NaN,NaN,NaN,NaN,NaN,0,646,496,60.943,46.792,470,44.340
3563,3563,118.767,NaN,NaN,NaN,NaN,NaN,0,646,496,60.943,46.792,470,44.340
3564,3564,118.800,NaN,NaN,NaN,NaN,NaN,0,646,496,60.943,46.792,470,44.340
3565,3565,118.833,NaN,NaN,NaN,NaN,NaN,0,646,496,60.943,46.792,470,44.340
3566,3566,118.867,NaN,NaN,NaN,NaN,NaN,0,646,496,60.943,46.792,470,44.340
3567,3567,118.900,NaN,NaN,NaN,NaN,NaN,0,646,496,60.943,46.792,470,44.340
3568,3568,118.933,NaN,NaN,NaN,NaN,NaN,0,646,496,60.943,46.792,470,44.340
3569,3569,118.967,NaN,NaN,NaN,NaN,NaN,0,646,496,60.943,46.792,470,44.340
3570,3570,119.000,NaN,NaN,NaN,NaN,NaN,0,646,496,60.943,46.792,470,44.340
3571,3571,119.033,NaN,NaN,NaN,NaN,NaN,0,646,496,60.943,46.792,470,44.340
3572,3572,119.067,NaN,NaN,NaN,NaN,NaN,0,646,496,60.943,46.792,470,44.340
3573,3573,119.100,NaN,NaN,NaN,NaN,NaN,0,646,496,60.943,46.792,470,44.340
3574,3574,119.133,NaN,NaN,NaN,NaN,NaN,0,646,496,60.943,46.792,470,44.340
3575,3575,119.167,NaN,NaN,NaN,NaN,NaN,0,646,496,60.943,46.792,470,44.340
3576,3576,119.200,NaN,NaN,NaN,NaN,NaN,0,646,496,60.943,46.792,470,44.340
3577,3577,119.233,NaN,NaN,NaN,NaN,NaN,0,646,496,60.943,46.792,470,44.340
3578,3578,119.267,NaN,NaN,NaN,NaN,NaN,0,646,496,60.943,46.792,470,44.340
3579,3579,119.300,NaN,NaN,NaN,NaN,NaN,0,646,496,60.943,46.792,470,44.340
3580,3580,119.333,NaN,NaN,NaN,NaN,NaN,0,646,496,60.943,46.792,470,44.340
3581,3581,119.367,NaN,NaN,NaN,NaN,NaN,0,646,496,60.943,46.792,470,44.340
3582,3582,119.400,NaN,NaN,NaN,NaN,NaN,0,646,496,60.943,46.792,470,44.340
3583,3583,119.433,NaN,NaN,NaN,NaN,NaN,0,646,496,60.943,46.792,470,44.340
3584,3584,119.467,NaN,NaN,NaN,NaN,NaN,0,646,496,60.943,46.792,470,44.340
3585,3585,119.500,NaN,NaN,NaN,NaN,NaN,0,646,496,60.943,46.792,470,44.340
3586,3586,119.533,NaN,NaN,NaN,NaN,NaN,0,646,496,60.943,46.792,470,44.340
3587,3587,119.567,NaN,NaN,NaN,NaN,NaN,0,646,496,60.943,46.792,470,44.340
3588,3588,119.600,NaN,NaN,NaN,NaN,NaN,0,646,496,60.943,46.792,470,44.340
3589,3589,119.633,NaN,NaN,NaN,NaN,NaN,0,646,496,60.943,46.792,470,44.340
3590,3590,119.667,NaN,NaN,NaN,NaN,NaN,0,646,496,60.943,46.792,470,44.340
3591,3591,119.700,NaN,NaN,NaN,NaN,NaN,0,646,496,60.943,46.792,470,44.340
3592,3592,119.733,NaN,NaN,NaN,NaN,NaN,0,646,496,60.943,46.792,470,44.340
3593,3593,119.767,NaN,NaN,NaN,NaN,NaN,0,646,496,60.943,46.792,470,44.340
3594,3594,119.800,NaN,NaN,NaN,NaN,NaN,0,646,496,60.943,46.792,470,44.340
3595,3595,119.833,NaN,NaN,NaN,NaN,NaN,0,646,496,60.943,46.792,470,44.340
3596,3596,119.867,NaN,NaN,NaN,NaN,NaN,0,646,496,60.943,46.792,470,44.340
3597,3597,119.900,NaN,NaN,NaN,NaN,NaN,0,646,496,60.943,46.792,470,44.340
3598,3598,119.933,NaN,NaN,NaN,NaN,NaN,0,646,496,60.943,46.792,470,44.340
3599,3599,119.967,NaN,NaN,NaN,NaN,NaN,0,646,496,60.943,46.792,470,44.340
3600,3600,120.000,NaN,NaN,NaN,NaN,NaN,0,646,496,60.943,46.792,470,44.340
3601,3601,120.033,NaN,NaN,NaN,NaN,NaN,0,646,496,60.943,46.792,470,44.340
3602,3602,120.067,NaN,NaN,NaN,NaN,NaN,0,646,496,60.943,46.792,470,44.340
3603,3603,120.100,NaN,NaN,NaN,NaN,NaN,0,646,496,60.943,46.792,470,44.340
3604,3604,120.133,NaN,NaN,NaN,NaN,NaN,0,646,496,60.943,46.792,470,44.340
3605,3605,120.167,NaN,NaN,NaN,NaN,NaN,0,646,496,60.943,46.792,470,44.340
3606,3606,120.200,NaN,NaN,NaN,NaN,NaN,0,646,496,60.943,46.792,470,44.340
3607,3607,120.233,NaN,NaN,NaN,NaN,NaN,0,646,496,60.943,46.792,470,44.340
3608,3608,120.267,NaN,NaN,NaN,NaN,NaN,0,646,496,60.943,46.792,470,44.340
3609,3609,120.300,NaN,NaN,NaN,NaN,NaN,0,646,496,60.943,46.792,470,44.340
3610,3610,120.333,NaN,NaN,NaN,NaN,NaN,0,646,496,60.943,46.792,470,44.340
3611,3611,120.367,NaN,NaN,NaN,NaN,NaN,0,646,496,60.943,46.792,470,44.340
3612,3612,120.400,NaN,NaN,NaN,NaN,NaN,0,646,496,60.943,46.792,470,44.340
3613,3613,120.433,NaN,NaN,NaN,NaN,NaN,0,646,496,60.943,46.792,470,44.340
3614,3614,120.467,NaN,NaN,NaN,NaN,NaN,0,646,496,60.943,46.792,470,44.340
3615,3615,120.500,NaN,NaN,NaN,NaN,NaN,0,646,496,60.943,46.792,470,44.340
3616,3616,120.533,NaN,NaN,NaN,NaN,NaN,0,646,496,60.943,46.792,470,44.340
3617,3617,120.567,NaN,NaN,NaN,NaN,NaN,0,646,496,60.943,46.792,470,44.340
3618,3618,120.600,NaN,NaN,NaN,NaN,NaN,0,646,496,60.943,46.792,470,44.340
3619,3619,120.633,NaN,NaN,NaN,NaN,NaN,0,646,496,60.943,46.792,470,44.340
3620,3620,120.667,NaN,NaN,NaN,NaN,NaN,0,646,496,60.943,46.792,470,44.340
3621,3621,120.700,NaN,NaN,NaN,NaN,NaN,0,646,496,60.943,46.792,470,44.340
3622,3622,120.733,NaN,NaN,NaN,NaN,NaN,0,646,496,60.943,46.792,470,44.340
3623,3623,120.767,NaN,NaN,NaN,NaN,NaN,0,646,496,60.943,46.792,470,44.340
3624,3624,120.800,NaN,NaN,NaN,NaN,NaN,0,646,496,60.943,46.792,470,44.340
3625,3625,120.833,NaN,NaN,NaN,NaN,NaN,0,646,496,60.943,46.792,470,44.340
3626,3626,120.867,NaN,NaN,NaN,NaN,NaN,0,646,496,60.943,46.792,470,44.340
3627,3627,120.900,NaN,NaN,NaN,NaN,NaN,0,646,496,60.943,46.792,470,44.340
3628,3628,120.933,NaN,NaN,NaN,NaN,NaN,0,646,496,60.943,46.792,470,44.340
3629,3629,120.967,NaN,NaN,NaN,NaN,NaN,0,646,496,60.943,46.792,470,44.340
3630,3630,121.000,NaN,NaN,NaN,NaN,NaN,0,646,496,60.943,46.792,470,44.340
3631,3631,121.033,NaN,NaN,NaN,NaN,NaN,0,646,496,60.943,46.792,470,44.340
3632,3632,121.067,NaN,NaN,NaN,NaN,NaN,0,646,496,60.943,46.792,470,44.340
3633,3633,121.100,NaN,NaN,NaN,NaN,NaN,0,646,496,60.943,46.792,470,44.340
3634,3634,121.133,NaN,NaN,NaN,NaN,NaN,0,646,496,60.943,46.792,470,44.340
3635,3635,121.167,NaN,NaN,NaN,NaN,NaN,0,646,496,60.943,46.792,470,44.340
3636,3636,121.200,NaN,NaN,NaN,NaN,NaN,0,646,496,60.943,46.792,470,44.340
3637,3637,121.233,NaN,NaN,NaN,NaN,NaN,0,646,496,60.943,46.792,470,44.340
3638,3638,121.267,NaN,NaN,NaN,NaN,NaN,0,646,496,60.943,46.792,470,44.340
3639,3639,121.300,NaN,NaN,NaN,NaN,NaN,0,646,496,60.943,46.792,470,44.340
3640,3640,121.333,NaN,NaN,NaN,NaN,NaN,0,646,496,60.943,46.792,470,44.340
3641,3641,121.367,NaN,NaN,NaN,NaN,NaN,0,646,496,60.943,46.792,470,44.340
3642,3642,121.400,NaN,NaN,NaN,NaN,NaN,0,646,496,60.943,46.792,470,44.340
3643,3643,121.433,NaN,NaN,NaN,NaN,NaN,0,646,496,60.943,46.792,470,44.340
3644,3644,121.467,NaN,NaN,NaN,NaN,NaN,0,646,496,60.943,46.792,470,44.340
3645,3645,121.500,NaN,NaN,NaN,NaN,NaN,0,646,496,60.943,46.792,470,44.340
3646,3646,121.533,NaN,NaN,NaN,NaN,NaN,0,646,496,60.943,46.792,470,44.340
3647,3647,121.567,NaN,NaN,NaN,NaN,NaN,0,646,496,60.943,46.792,470,44.340
3648,3648,121.600,NaN,NaN,NaN,NaN,NaN,0,646,496,60.943,46.792,470,44.340
3649,3649,121.633,NaN,NaN,NaN,NaN,NaN,0,646,496,60.943,46.792,470,44.340
3650,3650,121.667,NaN,NaN,NaN,NaN,NaN,0,646,496,60.943,46.792,470,44.340
3651,3651,121.700,NaN,NaN,NaN,NaN,NaN,0,646,496,60.943,46.792,470,44.340
3652,3652,121.733,NaN,NaN,NaN,NaN,NaN,0,646,496,60.943,46.792,470,44.340
3653,3653,121.767,NaN,NaN,NaN,NaN,NaN,0,646,496,60.943,46.792,470,44.340
3654,3654,121.800,NaN,NaN,NaN,NaN,NaN,0,646,496,60.943,46.792,470,44.340
3655,3655,121.833,NaN,NaN,NaN,NaN,NaN,0,646,496,60.943,46.792,470,44.340
3656,3656,121.867,NaN,NaN,NaN,NaN,NaN,0,646,496,60.943,46.792,470,44.340
3657,3657,121.900,NaN,NaN,NaN,NaN,NaN,0,646,496,60.943,46.792,470,44.340
3658,3658,121.933,NaN,NaN,NaN,NaN,NaN,0,646,496,60.943,46.792,470,44.340
3659,3659,121.967,NaN,NaN,NaN,NaN,NaN,0,646,496,60.943,46.792,470,44.340
3660,3660,122.000,NaN,NaN,NaN,NaN,NaN,0,646,496,60.943,46.792,470,44.340
3661,3661,122.033,NaN,NaN,NaN,NaN,NaN,0,646,496,60.943,46.792,470,44.340
3662,3662,122.067,NaN,NaN,NaN,NaN,NaN,0,646,496,60.943,46.792,470,44.340
3663,3663,122.100,NaN,NaN,NaN,NaN,NaN,0,646,496,60.943,46.792,470,44.340
3664,3664,122.133,NaN,NaN,NaN,NaN,NaN,0,646,496,60.943,46.792,470,44.340
3665,3665,122.167,NaN,NaN,NaN,NaN,NaN,0,646,496,60.943,46.792,470,44.340
3666,3666,122.200,NaN,NaN,NaN,NaN,NaN,0,646,496,60.943,46.792,470,44.340
3667,3667,122.233,NaN,NaN,NaN,NaN,NaN,0,646,496,60.943,46.792,470,44.340
3668,3668,122.267,NaN,NaN,NaN,NaN,NaN,0,646,496,60.943,46.792,470,44.340
3669,3669,122.300,NaN,NaN,NaN,NaN,NaN,0,646,496,60.943,46.792,470,44.340
3670,3670,122.333,NaN,NaN,NaN,NaN,NaN,0,646,496,60.943,46.792,470,44.340
3671,3671,122.367,NaN,NaN,NaN,NaN,NaN,0,646,496,60.943,46.792,470,44.340
3672,3672,122.400,NaN,NaN,NaN,NaN,NaN,0,646,496,60.943,46.792,470,44.340
3673,3673,122.433,NaN,NaN,NaN,NaN,NaN,0,646,496,60.943,46.792,470,44.340
3674,3674,122.467,NaN,NaN,NaN,NaN,NaN,0,646,496,60.943,46.792,470,44.340
3675,3675,122.500,NaN,NaN,NaN,NaN,NaN,0,646,496,60.943,46.792,470,44.340
3676,3676,122.533,NaN,NaN,NaN,NaN,NaN,0,646,496,60.943,46.792,470,44.340
3677,3677,122.567,NaN,NaN,NaN,NaN,NaN,0,646,496,60.943,46.792,470,44.340
3678,3678,122.600,NaN,NaN,NaN,NaN,NaN,0,646,496,60.943,46.792,470,44.340
3679,3679,122.633,NaN,NaN,NaN,NaN,NaN,0,646,496,60.943,46.792,470,44.340
3680,3680,122.667,NaN,NaN,NaN,NaN,NaN,0,646,496,60.943,46.792,470,44.340
3681,3681,122.700,NaN,NaN,NaN,NaN,NaN,0,646,496,60.943,46.792,470,44.340
3682,3682,122.733,NaN,NaN,NaN,NaN,NaN,0,646,496,60.943,46.792,470,44.340
3683,3683,122.767,NaN,NaN,NaN,NaN,NaN,0,646,496,60.943,46.792,470,44.340
3684,3684,122.800,NaN,NaN,NaN,NaN,NaN,0,646,496,60.943,46.792,470,44.340
3685,3685,122.833,NaN,NaN,NaN,NaN,NaN,0,646,496,60.943,46.792,470,44.340
3686,3686,122.867,NaN,NaN,NaN,NaN,NaN,0,646,496,60.943,46.792,470,44.340
3687,3687,122.900,NaN,NaN,NaN,NaN,NaN,0,646,496,60.943,46.792,470,44.340
3688,3688,122.933,NaN,NaN,NaN,NaN,NaN,0,646,496,60.943,46.792,470,44.340
3689,3689,122.967,NaN,NaN,NaN,NaN,NaN,0,646,496,60.943,46.792,470,44.340
3690,3690,123.000,NaN,NaN,NaN,NaN,NaN,0,646,496,60.943,46.792,470,44.340
3691,3691,123.033,NaN,NaN,NaN,NaN,NaN,0,646,496,60.943,46.792,470,44.340
3692,3692,123.067,NaN,NaN,NaN,NaN,NaN,0,646,496,60.943,46.792,470,44.340
3693,3693,123.100,NaN,NaN,NaN,NaN,NaN,0,646,496,60.943,46.792,470,44.340
3694,3694,123.133,NaN,NaN,NaN,NaN,NaN,0,646,496,60.943,46.792,470,44.340
3695,3695,123.167,NaN,NaN,NaN,NaN,NaN,0,646,496,60.943,46.792,470,44.340
3696,3696,123.200,NaN,NaN,NaN,NaN,NaN,0,646,496,60.943,46.792,470,44.340
3697,3697,123.233,NaN,NaN,NaN,NaN,NaN,0,646,496,60.943,46.792,470,44.340
3698,3698,123.267,NaN,NaN,NaN,NaN,NaN,0,646,496,60.943,46.792,470,44.340
3699,3699,123.300,NaN,NaN,NaN,NaN,NaN,0,646,496,60.943,46.792,470,44.340
3700,3700,123.333,NaN,NaN,NaN,NaN,NaN,0,646,496,60.943,46.792,470,44.340
3701,3701,123.367,NaN,NaN,NaN,NaN,NaN,0,646,496,60.943,46.792,470,44.340
3702,3702,123.400,NaN,NaN,NaN,NaN,NaN,0,646,496,60.943,46.792,470,44.340
3703,3703,123.433,NaN,NaN,NaN,NaN,NaN,0,646,496,60.943,46.792,470,44.340
3704,3704,123.467,NaN,NaN,NaN,NaN,NaN,0,646,496,60.943,46.792,470,44.340
3705,3705,123.500,NaN,NaN,NaN,NaN,NaN,0,646,496,60.943,46.792,470,44.340
3706,3706,123.533,NaN,NaN,NaN,NaN,NaN,0,646,496,60.943,46.792,470,44.340
3707,3707,123.567,NaN,NaN,NaN,NaN,NaN,0,646,496,60.943,46.792,470,44.340
3708,3708,123.600,NaN,NaN,NaN,NaN,NaN,0,646,496,60.943,46.792,470,44.340
3709,3709,123.633,NaN,NaN,NaN,NaN,NaN,0,646,496,60.943,46.792,470,44.340
3710,3710,123.667,NaN,NaN,NaN,NaN,NaN,0,646,496,60.943,46.792,470,44.340
3711,3711,123.700,NaN,NaN,NaN,NaN,NaN,0,646,496,60.943,46.792,470,44.340
3712,3712,123.733,NaN,NaN,NaN,NaN,NaN,0,646,496,60.943,46.792,470,44.340
3713,3713,123.767,NaN,NaN,NaN,NaN,NaN,0,646,496,60.943,46.792,470,44.340
3714,3714,123.800,NaN,NaN,NaN,NaN,NaN,0,646,496,60.943,46.792,470,44.340
3715,3715,123.833,NaN,NaN,NaN,NaN,NaN,0,646,496,60.943,46.792,470,44.340
3716,3716,123.867,NaN,NaN,NaN,NaN,NaN,0,646,496,60.943,46.792,470,44.340
3717,3717,123.900,NaN,NaN,NaN,NaN,NaN,0,646,496,60.943,46.792,470,44.340
3718,3718,123.933,NaN,NaN,NaN,NaN,NaN,0,646,496,60.943,46.792,470,44.340
3719,3719,123.967,NaN,NaN,NaN,NaN,NaN,0,646,496,60.943,46.792,470,44.340
3720,3720,124.000,NaN,NaN,NaN,NaN,NaN,0,646,496,60.943,46.792,470,44.340
3721,3721,124.033,NaN,NaN,NaN,NaN,NaN,0,646,496,60.943,46.792,470,44.340
3722,3722,124.067,NaN,NaN,NaN,NaN,NaN,0,646,496,60.943,46.792,470,44.340
3723,3723,124.100,NaN,NaN,NaN,NaN,NaN,0,646,496,60.943,46.792,470,44.340
3724,3724,124.133,NaN,NaN,NaN,NaN,NaN,0,646,496,60.943,46.792,470,44.340
3725,3725,124.167,NaN,NaN,NaN,NaN,NaN,0,646,496,60.943,46.792,470,44.340
3726,3726,124.200,NaN,NaN,NaN,NaN,NaN,0,646,496,60.943,46.792,470,44.340
3727,3727,124.233,NaN,NaN,NaN,NaN,NaN,0,646,496,60.943,46.792,470,44.340
3728,3728,124.267,NaN,NaN,NaN,NaN,NaN,0,646,496,60.943,46.792,470,44.340
3729,3729,124.300,NaN,NaN,NaN,NaN,NaN,0,646,496,60.943,46.792,470,44.340
3730,3730,124.333,NaN,NaN,NaN,NaN,NaN,0,646,496,60.943,46.792,470,44.340
3731,3731,124.367,NaN,NaN,NaN,NaN,NaN,0,646,496,60.943,46.792,470,44.340
3732,3732,124.400,NaN,NaN,NaN,NaN,NaN,0,646,496,60.943,46.792,470,44.340
3733,3733,124.433,NaN,NaN,NaN,NaN,NaN,0,646,496,60.943,46.792,470,44.340
3734,3734,124.467,NaN,NaN,NaN,NaN,NaN,0,646,496,60.943,46.792,470,44.340
3735,3735,124.500,NaN,NaN,NaN,NaN,NaN,0,646,496,60.943,46.792,470,44.340
3736,3736,124.533,NaN,NaN,NaN,NaN,NaN,0,646,496,60.943,46.792,470,44.340
3737,3737,124.567,NaN,NaN,NaN,NaN,NaN,0,646,496,60.943,46.792,470,44.340
3738,3738,124.600,NaN,NaN,NaN,NaN,NaN,0,646,496,60.943,46.792,470,44.340
3739,3739,124.633,NaN,NaN,NaN,NaN,NaN,0,646,496,60.943,46.792,470,44.340
3740,3740,124.667,NaN,NaN,NaN,NaN,NaN,0,646,496,60.943,46.792,470,44.340
3741,3741,124.700,NaN,NaN,NaN,NaN,NaN,0,646,496,60.943,46.792,470,44.340
3742,3742,124.733,NaN,NaN,NaN,NaN,NaN,0,646,496,60.943,46.792,470,44.340
3743,3743,124.767,NaN,NaN,NaN,NaN,NaN,0,646,496,60.943,46.792,470,44.340
3744,3744,124.800,NaN,NaN,NaN,NaN,NaN,0,646,496,60.943,46.792,470,44.340
3745,3745,124.833,NaN,NaN,NaN,NaN,NaN,0,646,496,60.943,46.792,470,44.340
3746,3746,124.867,NaN,NaN,NaN,NaN,NaN,0,646,496,60.943,46.792,470,44.340
3747,3747,124.900,NaN,NaN,NaN,NaN,NaN,0,646,496,60.943,46.792,470,44.340
3748,3748,124.933,NaN,NaN,NaN,NaN,NaN,0,646,496,60.943,46.792,470,44.340
3749,3749,124.967,NaN,NaN,NaN,NaN,NaN,0,646,496,60.943,46.792,470,44.340
3750,3750,125.000,NaN,NaN,NaN,NaN,NaN,0,646,496,60.943,46.792,470,44.340
3751,3751,125.033,NaN,NaN,NaN,NaN,NaN,0,646,496,60.943,46.792,470,44.340
3752,3752,125.067,NaN,NaN,NaN,NaN,NaN,0,646,496,60.943,46.792,470,44.340
3753,3753,125.100,NaN,NaN,NaN,NaN,NaN,0,646,496,60.943,46.792,470,44.340
3754,3754,125.133,NaN,NaN,NaN,NaN,NaN,0,646,496,60.943,46.792,470,44.340
3755,3755,125.167,NaN,NaN,NaN,NaN,NaN,0,646,496,60.943,46.792,470,44.340
3756,3756,125.200,NaN,NaN,NaN,NaN,NaN,0,646,496,60.943,46.792,470,44.340
3757,3757,125.233,NaN,NaN,NaN,NaN,NaN,0,646,496,60.943,46.792,470,44.340
3758,3758,125.267,NaN,NaN,NaN,NaN,NaN,0,646,496,60.943,46.792,470,44.340
3759,3759,125.300,NaN,NaN,NaN,NaN,NaN,0,646,496,60.943,46.792,470,44.340
3760,3760,125.333,NaN,NaN,NaN,NaN,NaN,0,646,496,60.943,46.792,470,44.340
3761,3761,125.367,NaN,NaN,NaN,NaN,NaN,0,646,496,60.943,46.792,470,44.340
3762,3762,125.400,NaN,NaN,NaN,NaN,NaN,0,646,496,60.943,46.792,470,44.340
3763,3763,125.433,NaN,NaN,NaN,NaN,NaN,0,646,496,60.943,46.792,470,44.340
3764,3764,125.467,NaN,NaN,NaN,NaN,NaN,0,646,496,60.943,46.792,470,44.340
3765,3765,125.500,NaN,NaN,NaN,NaN,NaN,0,646,496,60.943,46.792,470,44.340
3766,3766,125.533,NaN,NaN,NaN,NaN,NaN,0,646,496,60.943,46.792,470,44.340
3767,3767,125.567,NaN,NaN,NaN,NaN,NaN,0,646,496,60.943,46.792,470,44.340
3768,3768,125.600,NaN,NaN,NaN,NaN,NaN,0,646,496,60.943,46.792,470,44.340
3769,3769,125.633,NaN,NaN,NaN,NaN,NaN,0,646,496,60.943,46.792,470,44.340
3770,3770,125.667,NaN,NaN,NaN,NaN,NaN,0,646,496,60.943,46.792,470,44.340
3771,3771,125.700,NaN,NaN,NaN,NaN,NaN,0,646,496,60.943,46.792,470,44.340
3772,3772,125.733,NaN,NaN,NaN,NaN,NaN,0,646,496,60.943,46.792,470,44.340
3773,3773,125.767,NaN,NaN,NaN,NaN,NaN,0,646,496,60.943,46.792,470,44.340
3774,3774,125.800,NaN,NaN,NaN,NaN,NaN,0,646,496,60.943,46.792,470,44.340
3775,3775,125.833,NaN,NaN,NaN,NaN,NaN,0,646,496,60.943,46.792,470,44.340
3776,3776,125.867,NaN,NaN,NaN,NaN,NaN,0,646,496,60.943,46.792,470,44.340
3777,3777,125.900,NaN,NaN,NaN,NaN,NaN,0,646,496,60.943,46.792,470,44.340
3778,3778,125.933,NaN,NaN,NaN,NaN,NaN,0,646,496,60.943,46.792,470,44.340
3779,3779,125.967,NaN,NaN,NaN,NaN,NaN,0,646,496,60.943,46.792,470,44.340
3780,3780,126.000,NaN,NaN,NaN,NaN,NaN,0,646,496,60.943,46.792,470,44.340
3781,3781,126.033,NaN,NaN,NaN,NaN,NaN,0,646,496,60.943,46.792,470,44.340
3782,3782,126.067,NaN,NaN,NaN,NaN,NaN,0,646,496,60.943,46.792,470,44.340
3783,3783,126.100,NaN,NaN,NaN,NaN,NaN,0,646,496,60.943,46.792,470,44.340
3784,3784,126.133,NaN,NaN,NaN,NaN,NaN,0,646,496,60.943,46.792,470,44.340
3785,3785,126.167,NaN,NaN,NaN,NaN,NaN,0,646,496,60.943,46.792,470,44.340
3786,3786,126.200,NaN,NaN,NaN,NaN,NaN,0,646,496,60.943,46.792,470,44.340
3787,3787,126.233,NaN,NaN,NaN,NaN,NaN,0,646,496,60.943,46.792,470,44.340
3788,3788,126.267,NaN,NaN,NaN,NaN,NaN,0,646,496,60.943,46.792,470,44.340
3789,3789,126.300,NaN,NaN,NaN,NaN,NaN,0,646,496,60.943,46.792,470,44.340
3790,3790,126.333,NaN,NaN,NaN,NaN,NaN,0,646,496,60.943,46.792,470,44.340
3791,3791,126.367,NaN,NaN,NaN,NaN,NaN,0,646,496,60.943,46.792,470,44.340
3792,3792,126.400,NaN,NaN,NaN,NaN,NaN,0,646,496,60.943,46.792,470,44.340
3793,3793,126.433,NaN,NaN,NaN,NaN,NaN,0,646,496,60.943,46.792,470,44.340
3794,3794,126.467,NaN,NaN,NaN,NaN,NaN,0,646,496,60.943,46.792,470,44.340
3795,3795,126.500,NaN,NaN,NaN,NaN,NaN,0,646,496,60.943,46.792,470,44.340
3796,3796,126.533,NaN,NaN,NaN,NaN,NaN,0,646,496,60.943,46.792,470,44.340
3797,3797,126.567,NaN,NaN,NaN,NaN,NaN,0,646,496,60.943,46.792,470,44.340
3798,3798,126.600,NaN,NaN,NaN,NaN,NaN,0,646,496,60.943,46.792,470,44.340
3799,3799,126.633,NaN,NaN,NaN,NaN,NaN,0,646,496,60.943,46.792,470,44.340
3800,3800,126.667,NaN,NaN,NaN,NaN,NaN,0,646,496,60.943,46.792,470,44.340
3801,3801,126.700,NaN,NaN,NaN,NaN,NaN,0,646,496,60.943,46.792,470,44.340
3802,3802,126.733,NaN,NaN,NaN,NaN,NaN,0,646,496,60.943,46.792,470,44.340
3803,3803,126.767,NaN,NaN,NaN,NaN,NaN,0,646,496,60.943,46.792,470,44.340
3804,3804,126.800,NaN,NaN,NaN,NaN,NaN,0,646,496,60.943,46.792,470,44.340
3805,3805,126.833,NaN,NaN,NaN,NaN,NaN,0,646,496,60.943,46.792,470,44.340
3806,3806,126.867,NaN,NaN,NaN,NaN,NaN,0,646,496,60.943,46.792,470,44.340
3807,3807,126.900,NaN,NaN,NaN,NaN,NaN,0,646,496,60.943,46.792,470,44.340
3808,3808,126.933,NaN,NaN,NaN,NaN,NaN,0,646,496,60.943,46.792,470,44.340
3809,3809,126.967,NaN,NaN,NaN,NaN,NaN,0,646,496,60.943,46.792,470,44.340
3810,3810,127.000,NaN,NaN,NaN,NaN,NaN,0,646,496,60.943,46.792,470,44.340
3811,3811,127.033,NaN,NaN,NaN,NaN,NaN,0,646,496,60.943,46.792,470,44.340
3812,3812,127.067,NaN,NaN,NaN,NaN,NaN,0,646,496,60.943,46.792,470,44.340
3813,3813,127.100,NaN,NaN,NaN,NaN,NaN,0,646,496,60.943,46.792,470,44.340
3814,3814,127.133,NaN,NaN,NaN,NaN,NaN,0,646,496,60.943,46.792,470,44.340
3815,3815,127.167,NaN,NaN,NaN,NaN,NaN,0,646,496,60.943,46.792,470,44.340
3816,3816,127.200,NaN,NaN,NaN,NaN,NaN,0,646,496,60.943,46.792,470,44.340
3817,3817,127.233,NaN,NaN,NaN,NaN,NaN,0,646,496,60.943,46.792,470,44.340
3818,3818,127.267,NaN,NaN,NaN,NaN,NaN,0,646,496,60.943,46.792,470,44.340
3819,3819,127.300,NaN,NaN,NaN,NaN,NaN,0,646,496,60.943,46.792,470,44.340
3820,3820,127.333,NaN,NaN,NaN,NaN,NaN,0,646,496,60.943,46.792,470,44.340
3821,3821,127.367,NaN,NaN,NaN,NaN,NaN,0,646,496,60.943,46.792,470,44.340
3822,3822,127.400,NaN,NaN,NaN,NaN,NaN,0,646,496,60.943,46.792,470,44.340
3823,3823,127.433,NaN,NaN,NaN,NaN,NaN,0,646,496,60.943,46.792,470,44.340
3824,3824,127.467,NaN,NaN,NaN,NaN,NaN,0,646,496,60.943,46.792,470,44.340
3825,3825,127.500,NaN,NaN,NaN,NaN,NaN,0,646,496,60.943,46.792,470,44.340
3826,3826,127.533,NaN,NaN,NaN,NaN,NaN,0,646,496,60.943,46.792,470,44.340
3827,3827,127.567,NaN,NaN,NaN,NaN,NaN,0,646,496,60.943,46.792,470,44.340
3828,3828,127.600,NaN,NaN,NaN,NaN,NaN,0,646,496,60.943,46.792,470,44.340
3829,3829,127.633,NaN,NaN,NaN,NaN,NaN,0,646,496,60.943,46.792,470,44.340
3830,3830,127.667,NaN,NaN,NaN,NaN,NaN,0,646,496,60.943,46.792,470,44.340
3831,3831,127.700,NaN,NaN,NaN,NaN,NaN,0,646,496,60.943,46.792,470,44.340
3832,3832,127.733,NaN,NaN,NaN,NaN,NaN,0,646,496,60.943,46.792,470,44.340
3833,3833,127.767,NaN,NaN,NaN,NaN,NaN,0,646,496,60.943,46.792,470,44.340
3834,3834,127.800,NaN,NaN,NaN,NaN,NaN,0,646,496,60.943,46.792,470,44.340
3835,3835,127.833,NaN,NaN,NaN,NaN,NaN,0,646,496,60.943,46.792,470,44.340
3836,3836,127.867,NaN,NaN,NaN,NaN,NaN,0,646,496,60.943,46.792,470,44.340
3837,3837,127.900,NaN,NaN,NaN,NaN,NaN,0,646,496,60.943,46.792,470,44.340
3838,3838,127.933,NaN,NaN,NaN,NaN,NaN,0,646,496,60.943,46.792,470,44.340
3839,3839,127.967,NaN,NaN,NaN,NaN,NaN,0,646,496,60.943,46.792,470,44.340
3840,3840,128.000,NaN,NaN,NaN,NaN,NaN,0,646,496,60.943,46.792,470,44.340
3841,3841,128.033,NaN,NaN,NaN,NaN,NaN,0,646,496,60.943,46.792,470,44.340
3842,3842,128.067,NaN,NaN,NaN,NaN,NaN,0,646,496,60.943,46.792,470,44.340
3843,3843,128.100,NaN,NaN,NaN,NaN,NaN,0,646,496,60.943,46.792,470,44.340
3844,3844,128.133,NaN,NaN,NaN,NaN,NaN,0,646,496,60.943,46.792,470,44.340
3845,3845,128.167,NaN,NaN,NaN,NaN,NaN,0,646,496,60.943,46.792,470,44.340
3846,3846,128.200,NaN,NaN,NaN,NaN,NaN,0,646,496,60.943,46.792,470,44.340
3847,3847,128.233,NaN,NaN,NaN,NaN,NaN,0,646,496,60.943,46.792,470,44.340
3848,3848,128.267,NaN,NaN,NaN,NaN,NaN,0,646,496,60.943,46.792,470,44.340
3849,3849,128.300,NaN,NaN,NaN,NaN,NaN,0,646,496,60.943,46.792,470,44.340
3850,3850,128.333,NaN,NaN,NaN,NaN,NaN,0,646,496,60.943,46.792,470,44.340
3851,3851,128.367,NaN,NaN,NaN,NaN,NaN,0,646,496,60.943,46.792,470,44.340
3852,3852,128.400,NaN,NaN,NaN,NaN,NaN,0,646,496,60.943,46.792,470,44.340
3853,3853,128.433,NaN,NaN,NaN,NaN,NaN,0,646,496,60.943,46.792,470,44.340
3854,3854,128.467,NaN,NaN,NaN,NaN,NaN,0,646,496,60.943,46.792,470,44.340
3855,3855,128.500,NaN,NaN,NaN,NaN,NaN,0,646,496,60.943,46.792,470,44.340
3856,3856,128.533,NaN,NaN,NaN,NaN,NaN,0,646,496,60.943,46.792,470,44.340
3857,3857,128.567,NaN,NaN,NaN,NaN,NaN,0,646,496,60.943,46.792,470,44.340
3858,3858,128.600,NaN,NaN,NaN,NaN,NaN,0,646,496,60.943,46.792,470,44.340
3859,3859,128.633,NaN,NaN,NaN,NaN,NaN,0,646,496,60.943,46.792,470,44.340
3860,3860,128.667,NaN,NaN,NaN,NaN,NaN,0,646,496,60.943,46.792,470,44.340
3861,3861,128.700,NaN,NaN,NaN,NaN,NaN,0,646,496,60.943,46.792,470,44.340
3862,3862,128.733,NaN,NaN,NaN,NaN,NaN,0,646,496,60.943,46.792,470,44.340
3863,3863,128.767,NaN,NaN,NaN,NaN,NaN,0,646,496,60.943,46.792,470,44.340
3864,3864,128.800,NaN,NaN,NaN,NaN,NaN,0,646,496,60.943,46.792,470,44.340
3865,3865,128.833,NaN,NaN,NaN,NaN,NaN,0,646,496,60.943,46.792,470,44.340
3866,3866,128.867,NaN,NaN,NaN,NaN,NaN,0,646,496,60.943,46.792,470,44.340
3867,3867,128.900,NaN,NaN,NaN,NaN,NaN,0,646,496,60.943,46.792,470,44.340
3868,3868,128.933,NaN,NaN,NaN,NaN,NaN,0,646,496,60.943,46.792,470,44.340
3869,3869,128.967,NaN,NaN,NaN,NaN,NaN,0,646,496,60.943,46.792,470,44.340
3870,3870,129.000,NaN,NaN,NaN,NaN,NaN,0,646,496,60.943,46.792,470,44.340
3871,3871,129.033,NaN,NaN,NaN,NaN,NaN,0,646,496,60.943,46.792,470,44.340
3872,3872,129.067,NaN,NaN,NaN,NaN,NaN,0,646,496,60.943,46.792,470,44.340
3873,3873,129.100,NaN,NaN,NaN,NaN,NaN,0,646,496,60.943,46.792,470,44.340
3874,3874,129.133,NaN,NaN,NaN,NaN,NaN,0,646,496,60.943,46.792,470,44.340
3875,3875,129.167,NaN,NaN,NaN,NaN,NaN,0,646,496,60.943,46.792,470,44.340
3876,3876,129.200,NaN,NaN,NaN,NaN,NaN,0,646,496,60.943,46.792,470,44.340
3877,3877,129.233,NaN,NaN,NaN,NaN,NaN,0,646,496,60.943,46.792,470,44.340
3878,3878,129.267,NaN,NaN,NaN,NaN,NaN,0,646,496,60.943,46.792,470,44.340
3879,3879,129.300,NaN,NaN,NaN,NaN,NaN,0,646,496,60.943,46.792,470,44.340
3880,3880,129.333,NaN,NaN,NaN,NaN,NaN,0,646,496,60.943,46.792,470,44.340
3881,3881,129.367,NaN,NaN,NaN,NaN,NaN,0,646,496,60.943,46.792,470,44.340
3882,3882,129.400,NaN,NaN,NaN,NaN,NaN,0,646,496,60.943,46.792,470,44.340
3883,3883,129.433,NaN,NaN,NaN,NaN,NaN,0,646,496,60.943,46.792,470,44.340
3884,3884,129.467,NaN,NaN,NaN,NaN,NaN,0,646,496,60.943,46.792,470,44.340
3885,3885,129.500,NaN,NaN,NaN,NaN,NaN,0,646,496,60.943,46.792,470,44.340
3886,3886,129.533,NaN,NaN,NaN,NaN,NaN,0,646,496,60.943,46.792,470,44.340
3887,3887,129.567,NaN,NaN,NaN,NaN,NaN,0,646,496,60.943,46.792,470,44.340
3888,3888,129.600,NaN,NaN,NaN,NaN,NaN,0,646,496,60.943,46.792,470,44.340
3889,3889,129.633,NaN,NaN,NaN,NaN,NaN,0,646,496,60.943,46.792,470,44.340
3890,3890,129.667,NaN,NaN,NaN,NaN,NaN,0,646,496,60.943,46.792,470,44.340
3891,3891,129.700,NaN,NaN,NaN,NaN,NaN,0,646,496,60.943,46.792,470,44.340
3892,3892,129.733,NaN,NaN,NaN,NaN,NaN,0,646,496,60.943,46.792,470,44.340
3893,3893,129.767,NaN,NaN,NaN,NaN,NaN,0,646,496,60.943,46.792,470,44.340
3894,3894,129.800,NaN,NaN,NaN,NaN,NaN,0,646,496,60.943,46.792,470,44.340
3895,3895,129.833,NaN,NaN,NaN,NaN,NaN,0,646,496,60.943,46.792,470,44.340
3896,3896,129.867,NaN,NaN,NaN,NaN,NaN,0,646,496,60.943,46.792,470,44.340
3897,3897,129.900,NaN,NaN,NaN,NaN,NaN,0,646,496,60.943,46.792,470,44.340
3898,3898,129.933,NaN,NaN,NaN,NaN,NaN,0,646,496,60.943,46.792,470,44.340
3899,3899,129.967,NaN,NaN,NaN,NaN,NaN,0,646,496,60.943,46.792,470,44.340
3900,3900,130.000,NaN,NaN,NaN,NaN,NaN,0,646,496,60.943,46.792,470,44.340
3901,3901,130.033,NaN,NaN,NaN,NaN,NaN,0,646,496,60.943,46.792,470,44.340
3902,3902,130.067,NaN,NaN,NaN,NaN,NaN,0,646,496,60.943,46.792,470,44.340
3903,3903,130.100,NaN,NaN,NaN,NaN,NaN,0,646,496,60.943,46.792,470,44.340
3904,3904,130.133,NaN,NaN,NaN,NaN,NaN,0,646,496,60.943,46.792,470,44.340
3905,3905,130.167,NaN,NaN,NaN,NaN,NaN,0,646,496,60.943,46.792,470,44.340
3906,3906,130.200,NaN,NaN,NaN,NaN,NaN,0,646,496,60.943,46.792,470,44.340
3907,3907,130.233,NaN,NaN,NaN,NaN,NaN,0,646,496,60.943,46.792,470,44.340
3908,3908,130.267,NaN,NaN,NaN,NaN,NaN,0,646,496,60.943,46.792,470,44.340
3909,3909,130.300,NaN,NaN,NaN,NaN,NaN,0,646,496,60.943,46.792,470,44.340
3910,3910,130.333,NaN,NaN,NaN,NaN,NaN,0,646,496,60.943,46.792,470,44.340
3911,3911,130.367,NaN,NaN,NaN,NaN,NaN,0,646,496,60.943,46.792,470,44.340
3912,3912,130.400,NaN,NaN,NaN,NaN,NaN,0,646,496,60.943,46.792,470,44.340
3913,3913,130.433,NaN,NaN,NaN,NaN,NaN,0,646,496,60.943,46.792,470,44.340
3914,3914,130.467,NaN,NaN,NaN,NaN,NaN,0,646,496,60.943,46.792,470,44.340
3915,3915,130.500,NaN,NaN,NaN,NaN,NaN,0,646,496,60.943,46.792,470,44.340
3916,3916,130.533,NaN,NaN,NaN,NaN,NaN,0,646,496,60.943,46.792,470,44.340
3917,3917,130.567,NaN,NaN,NaN,NaN,NaN,0,646,496,60.943,46.792,470,44.340
3918,3918,130.600,NaN,NaN,NaN,NaN,NaN,0,646,496,60.943,46.792,470,44.340
3919,3919,130.633,NaN,NaN,NaN,NaN,NaN,0,646,496,60.943,46.792,470,44.340
3920,3920,130.667,NaN,NaN,NaN,NaN,NaN,0,646,496,60.943,46.792,470,44.340
3921,3921,130.700,NaN,NaN,NaN,NaN,NaN,0,646,496,60.943,46.792,470,44.340
3922,3922,130.733,NaN,NaN,NaN,NaN,NaN,0,646,496,60.943,46.792,470,44.340
3923,3923,130.767,NaN,NaN,NaN,NaN,NaN,0,646,496,60.943,46.792,470,44.340
3924,3924,130.800,NaN,NaN,NaN,NaN,NaN,0,646,496,60.943,46.792,470,44.340
3925,3925,130.833,NaN,NaN,NaN,NaN,NaN,0,646,496,60.943,46.792,470,44.340
3926,3926,130.867,NaN,NaN,NaN,NaN,NaN,0,646,496,60.943,46.792,470,44.340
3927,3927,130.900,NaN,NaN,NaN,NaN,NaN,0,646,496,60.943,46.792,470,44.340
3928,3928,130.933,NaN,NaN,NaN,NaN,NaN,0,646,496,60.943,46.792,470,44.340
3929,3929,130.967,NaN,NaN,NaN,NaN,NaN,0,646,496,60.943,46.792,470,44.340
3930,3930,131.000,NaN,NaN,NaN,NaN,NaN,0,646,496,60.943,46.792,470,44.340
3931,3931,131.033,NaN,NaN,NaN,NaN,NaN,0,646,496,60.943,46.792,470,44.340
3932,3932,131.067,NaN,NaN,NaN,NaN,NaN,0,646,496,60.943,46.792,470,44.340
3933,3933,131.100,NaN,NaN,NaN,NaN,NaN,0,646,496,60.943,46.792,470,44.340
3934,3934,131.133,NaN,NaN,NaN,NaN,NaN,0,646,496,60.943,46.792,470,44.340
3935,3935,131.167,NaN,NaN,NaN,NaN,NaN,0,646,496,60.943,46.792,470,44.340
3936,3936,131.200,NaN,NaN,NaN,NaN,NaN,0,646,496,60.943,46.792,470,44.340
3937,3937,131.233,NaN,NaN,NaN,NaN,NaN,0,646,496,60.943,46.792,470,44.340
3938,3938,131.267,NaN,NaN,NaN,NaN,NaN,0,646,496,60.943,46.792,470,44.340
3939,3939,131.300,NaN,NaN,NaN,NaN,NaN,0,646,496,60.943,46.792,470,44.340
3940,3940,131.333,NaN,NaN,NaN,NaN,NaN,0,646,496,60.943,46.792,470,44.340
3941,3941,131.367,NaN,NaN,NaN,NaN,NaN,0,646,496,60.943,46.792,470,44.340
3942,3942,131.400,NaN,NaN,NaN,NaN,NaN,0,646,496,60.943,46.792,470,44.340
3943,3943,131.433,NaN,NaN,NaN,NaN,NaN,0,646,496,60.943,46.792,470,44.340
3944,3944,131.467,NaN,NaN,NaN,NaN,NaN,0,646,496,60.943,46.792,470,44.340
3945,3945,131.500,NaN,NaN,NaN,NaN,NaN,0,646,496,60.943,46.792,470,44.340
3946,3946,131.533,NaN,NaN,NaN,NaN,NaN,0,646,496,60.943,46.792,470,44.340
3947,3947,131.567,NaN,NaN,NaN,NaN,NaN,0,646,496,60.943,46.792,470,44.340
3948,3948,131.600,NaN,NaN,NaN,NaN,NaN,0,646,496,60.943,46.792,470,44.340
3949,3949,131.633,NaN,NaN,NaN,NaN,NaN,0,646,496,60.943,46.792,470,44.340
3950,3950,131.667,NaN,NaN,NaN,NaN,NaN,0,646,496,60.943,46.792,470,44.340
3951,3951,131.700,NaN,NaN,NaN,NaN,NaN,0,646,496,60.943,46.792,470,44.340
3952,3952,131.733,NaN,NaN,NaN,NaN,NaN,0,646,496,60.943,46.792,470,44.340
3953,3953,131.767,NaN,NaN,NaN,NaN,NaN,0,646,496,60.943,46.792,470,44.340
3954,3954,131.800,NaN,NaN,NaN,NaN,NaN,0,646,496,60.943,46.792,470,44.340
3955,3955,131.833,NaN,NaN,NaN,NaN,NaN,0,646,496,60.943,46.792,470,44.340
3956,3956,131.867,NaN,NaN,NaN,NaN,NaN,0,646,496,60.943,46.792,470,44.340
3957,3957,131.900,NaN,NaN,NaN,NaN,NaN,0,646,496,60.943,46.792,470,44.340
3958,3958,131.933,NaN,NaN,NaN,NaN,NaN,0,646,496,60.943,46.792,470,44.340
3959,3959,131.967,NaN,NaN,NaN,NaN,NaN,0,646,496,60.943,46.792,470,44.340
3960,3960,132.000,NaN,NaN,NaN,NaN,NaN,0,646,496,60.943,46.792,470,44.340
3961,3961,132.033,NaN,NaN,NaN,NaN,NaN,0,646,496,60.943,46.792,470,44.340
3962,3962,132.067,NaN,NaN,NaN,NaN,NaN,0,646,496,60.943,46.792,470,44.340
3963,3963,132.100,NaN,NaN,NaN,NaN,NaN,0,646,496,60.943,46.792,470,44.340
3964,3964,132.133,NaN,NaN,NaN,NaN,NaN,0,646,496,60.943,46.792,470,44.340
3965,3965,132.167,NaN,NaN,NaN,NaN,NaN,0,646,496,60.943,46.792,470,44.340
3966,3966,132.200,NaN,NaN,NaN,NaN,NaN,0,646,496,60.943,46.792,470,44.340
3967,3967,132.233,NaN,NaN,NaN,NaN,NaN,0,646,496,60.943,46.792,470,44.340
3968,3968,132.267,NaN,NaN,NaN,NaN,NaN,0,646,496,60.943,46.792,470,44.340
3969,3969,132.300,NaN,NaN,NaN,NaN,NaN,0,646,496,60.943,46.792,470,44.340
3970,3970,132.333,NaN,NaN,NaN,NaN,NaN,0,646,496,60.943,46.792,470,44.340
3971,3971,132.367,NaN,NaN,NaN,NaN,NaN,0,646,496,60.943,46.792,470,44.340
3972,3972,132.400,NaN,NaN,NaN,NaN,NaN,0,646,496,60.943,46.792,470,44.340
3973,3973,132.433,NaN,NaN,NaN,NaN,NaN,0,646,496,60.943,46.792,470,44.340
3974,3974,132.467,NaN,NaN,NaN,NaN,NaN,0,646,496,60.943,46.792,470,44.340
3975,3975,132.500,NaN,NaN,NaN,NaN,NaN,0,646,496,60.943,46.792,470,44.340
3976,3976,132.533,NaN,NaN,NaN,NaN,NaN,0,646,496,60.943,46.792,470,44.340
3977,3977,132.567,NaN,NaN,NaN,NaN,NaN,0,646,496,60.943,46.792,470,44.340
3978,3978,132.600,NaN,NaN,NaN,NaN,NaN,0,646,496,60.943,46.792,470,44.340
3979,3979,132.633,NaN,NaN,NaN,NaN,NaN,0,646,496,60.943,46.792,470,44.340
3980,3980,132.667,NaN,NaN,NaN,NaN,NaN,0,646,496,60.943,46.792,470,44.340
3981,3981,132.700,NaN,NaN,NaN,NaN,NaN,0,646,496,60.943,46.792,470,44.340
3982,3982,132.733,NaN,NaN,NaN,NaN,NaN,0,646,496,60.943,46.792,470,44.340
3983,3983,132.767,NaN,NaN,NaN,NaN,NaN,0,646,496,60.943,46.792,470,44.340
3984,3984,132.800,NaN,NaN,NaN,NaN,NaN,0,646,496,60.943,46.792,470,44.340
3985,3985,132.833,NaN,NaN,NaN,NaN,NaN,0,646,496,60.943,46.792,470,44.340
3986,3986,132.867,NaN,NaN,NaN,NaN,NaN,0,646,496,60.943,46.792,470,44.340
3987,3987,132.900,NaN,NaN,NaN,NaN,NaN,0,646,496,60.943,46.792,470,44.340
3988,3988,132.933,NaN,NaN,NaN,NaN,NaN,0,646,496,60.943,46.792,470,44.340
3989,3989,132.967,NaN,NaN,NaN,NaN,NaN,0,646,496,60.943,46.792,470,44.340
3990,3990,133.000,NaN,NaN,NaN,NaN,NaN,0,646,496,60.943,46.792,470,44.340
3991,3991,133.033,NaN,NaN,NaN,NaN,NaN,0,646,496,60.943,46.792,470,44.340
3992,3992,133.067,NaN,NaN,NaN,NaN,NaN,0,646,496,60.943,46.792,470,44.340
3993,3993,133.100,NaN,NaN,NaN,NaN,NaN,0,646,496,60.943,46.792,470,44.340
3994,3994,133.133,NaN,NaN,NaN,NaN,NaN,0,646,496,60.943,46.792,470,44.340
3995,3995,133.167,NaN,NaN,NaN,NaN,NaN,0,646,496,60.943,46.792,470,44.340
3996,3996,133.200,NaN,NaN,NaN,NaN,NaN,0,646,496,60.943,46.792,470,44.340
3997,3997,133.233,NaN,NaN,NaN,NaN,NaN,0,646,496,60.943,46.792,470,44.340
3998,3998,133.267,NaN,NaN,NaN,NaN,NaN,0,646,496,60.943,46.792,470,44.340
3999,3999,133.300,NaN,NaN,NaN,NaN,NaN,0,646,496,60.943,46.792,470,44.340
4000,4000,133.333,NaN,NaN,NaN,NaN,NaN,0,646,496,60.943,46.792,470,44.340
4001,4001,133.367,NaN,NaN,NaN,NaN,NaN,0,646,496,60.943,46.792,470,44.340
4002,4002,133.400,NaN,NaN,NaN,NaN,NaN,0,646,496,60.943,46.792,470,44.340
4003,4003,133.433,NaN,NaN,NaN,NaN,NaN,0,646,496,60.943,46.792,470,44.340
4004,4004,133.467,NaN,NaN,NaN,NaN,NaN,0,646,496,60.943,46.792,470,44.340
4005,4005,133.500,NaN,NaN,NaN,NaN,NaN,0,646,496,60.943,46.792,470,44.340
4006,4006,133.533,NaN,NaN,NaN,NaN,NaN,0,646,496,60.943,46.792,470,44.340
4007,4007,133.567,NaN,NaN,NaN,NaN,NaN,0,646,496,60.943,46.792,470,44.340
4008,4008,133.600,NaN,NaN,NaN,NaN,NaN,0,646,496,60.943,46.792,470,44.340
4009,4009,133.633,NaN,NaN,NaN,NaN,NaN,0,646,496,60.943,46.792,470,44.340
4010,4010,133.667,NaN,NaN,NaN,NaN,NaN,0,646,496,60.943,46.792,470,44.340
4011,4011,133.700,NaN,NaN,NaN,NaN,NaN,0,646,496,60.943,46.792,470,44.340
4012,4012,133.733,NaN,NaN,NaN,NaN,NaN,0,646,496,60.943,46.792,470,44.340
4013,4013,133.767,NaN,NaN,NaN,NaN,NaN,0,646,496,60.943,46.792,470,44.340
4014,4014,133.800,NaN,NaN,NaN,NaN,NaN,0,646,496,60.943,46.792,470,44.340
4015,4015,133.833,NaN,NaN,NaN,NaN,NaN,0,646,496,60.943,46.792,470,44.340
4016,4016,133.867,NaN,NaN,NaN,NaN,NaN,0,646,496,60.943,46.792,470,44.340
4017,4017,133.900,NaN,NaN,NaN,NaN,NaN,0,646,496,60.943,46.792,470,44.340
4018,4018,133.933,NaN,NaN,NaN,NaN,NaN,0,646,496,60.943,46.792,470,44.340
4019,4019,133.967,NaN,NaN,NaN,NaN,NaN,0,646,496,60.943,46.792,470,44.340
4020,4020,134.000,NaN,NaN,NaN,NaN,NaN,0,646,496,60.943,46.792,470,44.340
4021,4021,134.033,NaN,NaN,NaN,NaN,NaN,0,646,496,60.943,46.792,470,44.340
4022,4022,134.067,NaN,NaN,NaN,NaN,NaN,0,646,496,60.943,46.792,470,44.340
4023,4023,134.100,NaN,NaN,NaN,NaN,NaN,0,646,496,60.943,46.792,470,44.340
4024,4024,134.133,NaN,NaN,NaN,NaN,NaN,0,646,496,60.943,46.792,470,44.340
4025,4025,134.167,NaN,NaN,NaN,NaN,NaN,0,646,496,60.943,46.792,470,44.340
4026,4026,134.200,NaN,NaN,NaN,NaN,NaN,0,646,496,60.943,46.792,470,44.340
4027,4027,134.233,NaN,NaN,NaN,NaN,NaN,0,646,496,60.943,46.792,470,44.340
4028,4028,134.267,NaN,NaN,NaN,NaN,NaN,0,646,496,60.943,46.792,470,44.340
4029,4029,134.300,NaN,NaN,NaN,NaN,NaN,0,646,496,60.943,46.792,470,44.340
4030,4030,134.333,NaN,NaN,NaN,NaN,NaN,0,646,496,60.943,46.792,470,44.340
4031,4031,134.367,NaN,NaN,NaN,NaN,NaN,0,646,496,60.943,46.792,470,44.340
4032,4032,134.400,NaN,NaN,NaN,NaN,NaN,0,646,496,60.943,46.792,470,44.340
4033,4033,134.433,NaN,NaN,NaN,NaN,NaN,0,646,496,60.943,46.792,470,44.340
4034,4034,134.467,NaN,NaN,NaN,NaN,NaN,0,646,496,60.943,46.792,470,44.340
4035,4035,134.500,NaN,NaN,NaN,NaN,NaN,0,646,496,60.943,46.792,470,44.340
4036,4036,134.533,NaN,NaN,NaN,NaN,NaN,0,646,496,60.943,46.792,470,44.340
4037,4037,134.567,NaN,NaN,NaN,NaN,NaN,0,646,496,60.943,46.792,470,44.340
4038,4038,134.600,NaN,NaN,NaN,NaN,NaN,0,646,496,60.943,46.792,470,44.340
4039,4039,134.633,NaN,NaN,NaN,NaN,NaN,0,646,496,60.943,46.792,470,44.340
4040,4040,134.667,NaN,NaN,NaN,NaN,NaN,0,646,496,60.943,46.792,470,44.340
4041,4041,134.700,NaN,NaN,NaN,NaN,NaN,0,646,496,60.943,46.792,470,44.340
4042,4042,134.733,NaN,NaN,NaN,NaN,NaN,0,646,496,60.943,46.792,470,44.340
4043,4043,134.767,NaN,NaN,NaN,NaN,NaN,0,646,496,60.943,46.792,470,44.340
4044,4044,134.800,NaN,NaN,NaN,NaN,NaN,0,646,496,60.943,46.792,470,44.340
4045,4045,134.833,NaN,NaN,NaN,NaN,NaN,0,646,496,60.943,46.792,470,44.340
4046,4046,134.867,NaN,NaN,NaN,NaN,NaN,0,646,496,60.943,46.792,470,44.340
4047,4047,134.900,NaN,NaN,NaN,NaN,NaN,0,646,496,60.943,46.792,470,44.340
4048,4048,134.933,NaN,NaN,NaN,NaN,NaN,0,646,496,60.943,46.792,470,44.340
4049,4049,134.967,NaN,NaN,NaN,NaN,NaN,0,646,496,60.943,46.792,470,44.340
4050,4050,135.000,NaN,NaN,NaN,NaN,NaN,0,646,496,60.943,46.792,470,44.340
4051,4051,135.033,NaN,NaN,NaN,NaN,NaN,0,646,496,60.943,46.792,470,44.340
4052,4052,135.067,NaN,NaN,NaN,NaN,NaN,0,646,496,60.943,46.792,470,44.340
4053,4053,135.100,NaN,NaN,NaN,NaN,NaN,0,646,496,60.943,46.792,470,44.340
4054,4054,135.133,NaN,NaN,NaN,NaN,NaN,0,646,496,60.943,46.792,470,44.340
4055,4055,135.167,NaN,NaN,NaN,NaN,NaN,0,646,496,60.943,46.792,470,44.340
4056,4056,135.200,NaN,NaN,NaN,NaN,NaN,0,646,496,60.943,46.792,470,44.340
4057,4057,135.233,NaN,NaN,NaN,NaN,NaN,0,646,496,60.943,46.792,470,44.340
4058,4058,135.267,NaN,NaN,NaN,NaN,NaN,0,646,496,60.943,46.792,470,44.340
4059,4059,135.300,NaN,NaN,NaN,NaN,NaN,0,646,496,60.943,46.792,470,44.340
4060,4060,135.333,NaN,NaN,NaN,NaN,NaN,0,646,496,60.943,46.792,470,44.340
4061,4061,135.367,NaN,NaN,NaN,NaN,NaN,0,646,496,60.943,46.792,470,44.340
4062,4062,135.400,NaN,NaN,NaN,NaN,NaN,0,646,496,60.943,46.792,470,44.340
4063,4063,135.433,NaN,NaN,NaN,NaN,NaN,0,646,496,60.943,46.792,470,44.340
4064,4064,135.467,NaN,NaN,NaN,NaN,NaN,0,646,496,60.943,46.792,470,44.340
4065,4065,135.500,NaN,NaN,NaN,NaN,NaN,0,646,496,60.943,46.792,470,44.340
4066,4066,135.533,NaN,NaN,NaN,NaN,NaN,0,646,496,60.943,46.792,470,44.340
4067,4067,135.567,NaN,NaN,NaN,NaN,NaN,0,646,496,60.943,46.792,470,44.340
4068,4068,135.600,NaN,NaN,NaN,NaN,NaN,0,646,496,60.943,46.792,470,44.340
4069,4069,135.633,NaN,NaN,NaN,NaN,NaN,0,646,496,60.943,46.792,470,44.340
4070,4070,135.667,NaN,NaN,NaN,NaN,NaN,0,646,496,60.943,46.792,470,44.340
4071,4071,135.700,NaN,NaN,NaN,NaN,NaN,0,646,496,60.943,46.792,470,44.340
4072,4072,135.733,NaN,NaN,NaN,NaN,NaN,0,646,496,60.943,46.792,470,44.340
4073,4073,135.767,NaN,NaN,NaN,NaN,NaN,0,646,496,60.943,46.792,470,44.340
4074,4074,135.800,NaN,NaN,NaN,NaN,NaN,0,646,496,60.943,46.792,470,44.340
4075,4075,135.833,NaN,NaN,NaN,NaN,NaN,0,646,496,60.943,46.792,470,44.340
4076,4076,135.867,NaN,NaN,NaN,NaN,NaN,0,646,496,60.943,46.792,470,44.340
4077,4077,135.900,NaN,NaN,NaN,NaN,NaN,0,646,496,60.943,46.792,470,44.340
4078,4078,135.933,NaN,NaN,NaN,NaN,NaN,0,646,496,60.943,46.792,470,44.340
4079,4079,135.967,NaN,NaN,NaN,NaN,NaN,0,646,496,60.943,46.792,470,44.340
4080,4080,136.000,NaN,NaN,NaN,NaN,NaN,0,646,496,60.943,46.792,470,44.340
4081,4081,136.033,NaN,NaN,NaN,NaN,NaN,0,646,496,60.943,46.792,470,44.340
4082,4082,136.067,NaN,NaN,NaN,NaN,NaN,0,646,496,60.943,46.792,470,44.340
4083,4083,136.100,NaN,NaN,NaN,NaN,NaN,0,646,496,60.943,46.792,470,44.340
4084,4084,136.133,NaN,NaN,NaN,NaN,NaN,0,646,496,60.943,46.792,470,44.340
4085,4085,136.167,NaN,NaN,NaN,NaN,NaN,0,646,496,60.943,46.792,470,44.340
4086,4086,136.200,NaN,NaN,NaN,NaN,NaN,0,646,496,60.943,46.792,470,44.340
4087,4087,136.233,NaN,NaN,NaN,NaN,NaN,0,646,496,60.943,46.792,470,44.340
4088,4088,136.267,NaN,NaN,NaN,NaN,NaN,0,646,496,60.943,46.792,470,44.340
4089,4089,136.300,NaN,NaN,NaN,NaN,NaN,0,646,496,60.943,46.792,470,44.340
4090,4090,136.333,NaN,NaN,NaN,NaN,NaN,0,646,496,60.943,46.792,470,44.340
4091,4091,136.367,NaN,NaN,NaN,NaN,NaN,0,646,496,60.943,46.792,470,44.340
4092,4092,136.400,NaN,NaN,NaN,NaN,NaN,0,646,496,60.943,46.792,470,44.340
4093,4093,136.433,NaN,NaN,NaN,NaN,NaN,0,646,496,60.943,46.792,470,44.340
4094,4094,136.467,NaN,NaN,NaN,NaN,NaN,0,646,496,60.943,46.792,470,44.340
4095,4095,136.500,NaN,NaN,NaN,NaN,NaN,0,646,496,60.943,46.792,470,44.340
4096,4096,136.533,NaN,NaN,NaN,NaN,NaN,0,646,496,60.943,46.792,470,44.340
4097,4097,136.567,NaN,NaN,NaN,NaN,NaN,0,646,496,60.943,46.792,470,44.340
4098,4098,136.600,NaN,NaN,NaN,NaN,NaN,0,646,496,60.943,46.792,470,44.340
4099,4099,136.633,NaN,NaN,NaN,NaN,NaN,0,646,496,60.943,46.792,470,44.340
4100,4100,136.667,NaN,NaN,NaN,NaN,NaN,0,646,496,60.943,46.792,470,44.340
4101,4101,136.700,NaN,NaN,NaN,NaN,NaN,0,646,496,60.943,46.792,470,44.340
4102,4102,136.733,NaN,NaN,NaN,NaN,NaN,0,646,496,60.943,46.792,470,44.340
4103,4103,136.767,NaN,NaN,NaN,NaN,NaN,0,646,496,60.943,46.792,470,44.340
4104,4104,136.800,NaN,NaN,NaN,NaN,NaN,0,646,496,60.943,46.792,470,44.340
4105,4105,136.833,NaN,NaN,NaN,NaN,NaN,0,646,496,60.943,46.792,470,44.340
4106,4106,136.867,NaN,NaN,NaN,NaN,NaN,0,646,496,60.943,46.792,470,44.340
4107,4107,136.900,NaN,NaN,NaN,NaN,NaN,0,646,496,60.943,46.792,470,44.340
4108,4108,136.933,NaN,NaN,NaN,NaN,NaN,0,646,496,60.943,46.792,470,44.340
4109,4109,136.967,NaN,NaN,NaN,NaN,NaN,0,646,496,60.943,46.792,470,44.340
4110,4110,137.000,NaN,NaN,NaN,NaN,NaN,0,646,496,60.943,46.792,470,44.340
4111,4111,137.033,NaN,NaN,NaN,NaN,NaN,0,646,496,60.943,46.792,470,44.340
4112,4112,137.067,NaN,NaN,NaN,NaN,NaN,0,646,496,60.943,46.792,470,44.340
4113,4113,137.100,NaN,NaN,NaN,NaN,NaN,0,646,496,60.943,46.792,470,44.340
4114,4114,137.133,NaN,NaN,NaN,NaN,NaN,0,646,496,60.943,46.792,470,44.340
4115,4115,137.167,NaN,NaN,NaN,NaN,NaN,0,646,496,60.943,46.792,470,44.340
4116,4116,137.200,NaN,NaN,NaN,NaN,NaN,0,646,496,60.943,46.792,470,44.340
4117,4117,137.233,NaN,NaN,NaN,NaN,NaN,0,646,496,60.943,46.792,470,44.340
4118,4118,137.267,NaN,NaN,NaN,NaN,NaN,0,646,496,60.943,46.792,470,44.340
4119,4119,137.300,NaN,NaN,NaN,NaN,NaN,0,646,496,60.943,46.792,470,44.340
4120,4120,137.333,NaN,NaN,NaN,NaN,NaN,0,646,496,60.943,46.792,470,44.340
4121,4121,137.367,NaN,NaN,NaN,NaN,NaN,0,646,496,60.943,46.792,470,44.340
4122,4122,137.400,NaN,NaN,NaN,NaN,NaN,0,646,496,60.943,46.792,470,44.340
4123,4123,137.433,NaN,NaN,NaN,NaN,NaN,0,646,496,60.943,46.792,470,44.340
4124,4124,137.467,NaN,NaN,NaN,NaN,NaN,0,646,496,60.943,46.792,470,44.340
4125,4125,137.500,NaN,NaN,NaN,NaN,NaN,0,646,496,60.943,46.792,470,44.340
4126,4126,137.533,NaN,NaN,NaN,NaN,NaN,0,646,496,60.943,46.792,470,44.340
4127,4127,137.567,NaN,NaN,NaN,NaN,NaN,0,646,496,60.943,46.792,470,44.340
4128,4128,137.600,NaN,NaN,NaN,NaN,NaN,0,646,496,60.943,46.792,470,44.340
4129,4129,137.633,NaN,NaN,NaN,NaN,NaN,0,646,496,60.943,46.792,470,44.340
4130,4130,137.667,NaN,NaN,NaN,NaN,NaN,0,646,496,60.943,46.792,470,44.340
4131,4131,137.700,NaN,NaN,NaN,NaN,NaN,0,646,496,60.943,46.792,470,44.340
4132,4132,137.733,NaN,NaN,NaN,NaN,NaN,0,646,496,60.943,46.792,470,44.340
4133,4133,137.767,NaN,NaN,NaN,NaN,NaN,0,646,496,60.943,46.792,470,44.340
4134,4134,137.800,NaN,NaN,NaN,NaN,NaN,0,646,496,60.943,46.792,470,44.340
4135,4135,137.833,NaN,NaN,NaN,NaN,NaN,0,646,496,60.943,46.792,470,44.340
4136,4136,137.867,NaN,NaN,NaN,NaN,NaN,0,646,496,60.943,46.792,470,44.340
4137,4137,137.900,NaN,NaN,NaN,NaN,NaN,0,646,496,60.943,46.792,470,44.340
4138,4138,137.933,NaN,NaN,NaN,NaN,NaN,0,646,496,60.943,46.792,470,44.340
4139,4139,137.967,NaN,NaN,NaN,NaN,NaN,0,646,496,60.943,46.792,470,44.340
4140,4140,138.000,NaN,NaN,NaN,NaN,NaN,0,646,496,60.943,46.792,470,44.340
4141,4141,138.033,NaN,NaN,NaN,NaN,NaN,0,646,496,60.943,46.792,470,44.340
4142,4142,138.067,NaN,NaN,NaN,NaN,NaN,0,646,496,60.943,46.792,470,44.340
4143,4143,138.100,NaN,NaN,NaN,NaN,NaN,0,646,496,60.943,46.792,470,44.340
4144,4144,138.133,NaN,NaN,NaN,NaN,NaN,0,646,496,60.943,46.792,470,44.340
4145,4145,138.167,NaN,NaN,NaN,NaN,NaN,0,646,496,60.943,46.792,470,44.340
4146,4146,138.200,NaN,NaN,NaN,NaN,NaN,0,646,496,60.943,46.792,470,44.340
4147,4147,138.233,NaN,NaN,NaN,NaN,NaN,0,646,496,60.943,46.792,470,44.340
4148,4148,138.267,NaN,NaN,NaN,NaN,NaN,0,646,496,60.943,46.792,470,44.340
4149,4149,138.300,NaN,NaN,NaN,NaN,NaN,0,646,496,60.943,46.792,470,44.340
4150,4150,138.333,NaN,NaN,NaN,NaN,NaN,0,646,496,60.943,46.792,470,44.340
4151,4151,138.367,NaN,NaN,NaN,NaN,NaN,0,646,496,60.943,46.792,470,44.340
4152,4152,138.400,NaN,NaN,NaN,NaN,NaN,0,646,496,60.943,46.792,470,44.340
4153,4153,138.433,NaN,NaN,NaN,NaN,NaN,0,646,496,60.943,46.792,470,44.340
4154,4154,138.467,NaN,NaN,NaN,NaN,NaN,0,646,496,60.943,46.792,470,44.340
4155,4155,138.500,NaN,NaN,NaN,NaN,NaN,0,646,496,60.943,46.792,470,44.340
4156,4156,138.533,NaN,NaN,NaN,NaN,NaN,0,646,496,60.943,46.792,470,44.340
4157,4157,138.567,NaN,NaN,NaN,NaN,NaN,0,646,496,60.943,46.792,470,44.340
4158,4158,138.600,NaN,NaN,NaN,NaN,NaN,0,646,496,60.943,46.792,470,44.340
4159,4159,138.633,NaN,NaN,NaN,NaN,NaN,0,646,496,60.943,46.792,470,44.340
4160,4160,138.667,NaN,NaN,NaN,NaN,NaN,0,646,496,60.943,46.792,470,44.340
4161,4161,138.700,NaN,NaN,NaN,NaN,NaN,0,646,496,60.943,46.792,470,44.340
4162,4162,138.733,NaN,NaN,NaN,NaN,NaN,0,646,496,60.943,46.792,470,44.340
4163,4163,138.767,NaN,NaN,NaN,NaN,NaN,0,646,496,60.943,46.792,470,44.340
4164,4164,138.800,NaN,NaN,NaN,NaN,NaN,0,646,496,60.943,46.792,470,44.340
4165,4165,138.833,NaN,NaN,NaN,NaN,NaN,0,646,496,60.943,46.792,470,44.340
4166,4166,138.867,NaN,NaN,NaN,NaN,NaN,0,646,496,60.943,46.792,470,44.340
4167,4167,138.900,NaN,NaN,NaN,NaN,NaN,0,646,496,60.943,46.792,470,44.340
4168,4168,138.933,NaN,NaN,NaN,NaN,NaN,0,646,496,60.943,46.792,470,44.340
4169,4169,138.967,NaN,NaN,NaN,NaN,NaN,0,646,496,60.943,46.792,470,44.340
4170,4170,139.000,NaN,NaN,NaN,NaN,NaN,0,646,496,60.943,46.792,470,44.340
4171,4171,139.033,NaN,NaN,NaN,NaN,NaN,0,646,496,60.943,46.792,470,44.340
4172,4172,139.067,NaN,NaN,NaN,NaN,NaN,0,646,496,60.943,46.792,470,44.340
4173,4173,139.100,NaN,NaN,NaN,NaN,NaN,0,646,496,60.943,46.792,470,44.340
4174,4174,139.133,NaN,NaN,NaN,NaN,NaN,0,646,496,60.943,46.792,470,44.340
4175,4175,139.167,NaN,NaN,NaN,NaN,NaN,0,646,496,60.943,46.792,470,44.340
4176,4176,139.200,NaN,NaN,NaN,NaN,NaN,0,646,496,60.943,46.792,470,44.340
4177,4177,139.233,NaN,NaN,NaN,NaN,NaN,0,646,496,60.943,46.792,470,44.340
4178,4178,139.267,NaN,NaN,NaN,NaN,NaN,0,646,496,60.943,46.792,470,44.340
4179,4179,139.300,NaN,NaN,NaN,NaN,NaN,0,646,496,60.943,46.792,470,44.340
4180,4180,139.333,NaN,NaN,NaN,NaN,NaN,0,646,496,60.943,46.792,470,44.340
4181,4181,139.367,NaN,NaN,NaN,NaN,NaN,0,646,496,60.943,46.792,470,44.340
4182,4182,139.400,NaN,NaN,NaN,NaN,NaN,0,646,496,60.943,46.792,470,44.340
4183,4183,139.433,NaN,NaN,NaN,NaN,NaN,0,646,496,60.943,46.792,470,44.340
4184,4184,139.467,NaN,NaN,NaN,NaN,NaN,0,646,496,60.943,46.792,470,44.340
4185,4185,139.500,NaN,NaN,NaN,NaN,NaN,0,646,496,60.943,46.792,470,44.340
4186,4186,139.533,NaN,NaN,NaN,NaN,NaN,0,646,496,60.943,46.792,470,44.340
4187,4187,139.567,NaN,NaN,NaN,NaN,NaN,0,646,496,60.943,46.792,470,44.340
4188,4188,139.600,NaN,NaN,NaN,NaN,NaN,0,646,496,60.943,46.792,470,44.340
4189,4189,139.633,NaN,NaN,NaN,NaN,NaN,0,646,496,60.943,46.792,470,44.340
4190,4190,139.667,NaN,NaN,NaN,NaN,NaN,0,646,496,60.943,46.792,470,44.340
4191,4191,139.700,NaN,NaN,NaN,NaN,NaN,0,646,496,60.943,46.792,470,44.340
4192,4192,139.733,NaN,NaN,NaN,NaN,NaN,0,646,496,60.943,46.792,470,44.340
4193,4193,139.767,NaN,NaN,NaN,NaN,NaN,0,646,496,60.943,46.792,470,44.340
4194,4194,139.800,NaN,NaN,NaN,NaN,NaN,0,646,496,60.943,46.792,470,44.340
4195,4195,139.833,NaN,NaN,NaN,NaN,NaN,0,646,496,60.943,46.792,470,44.340
4196,4196,139.867,NaN,NaN,NaN,NaN,NaN,0,646,496,60.943,46.792,470,44.340
4197,4197,139.900,NaN,NaN,NaN,NaN,NaN,0,646,496,60.943,46.792,470,44.340
4198,4198,139.933,NaN,NaN,NaN,NaN,NaN,0,646,496,60.943,46.792,470,44.340
4199,4199,139.967,NaN,NaN,NaN,NaN,NaN,0,646,496,60.943,46.792,470,44.340
4200,4200,140.000,NaN,NaN,NaN,NaN,NaN,0,646,496,60.943,46.792,470,44.340
4201,4201,140.033,NaN,NaN,NaN,NaN,NaN,0,646,496,60.943,46.792,470,44.340
4202,4202,140.067,NaN,NaN,NaN,NaN,NaN,0,646,496,60.943,46.792,470,44.340
4203,4203,140.100,NaN,NaN,NaN,NaN,NaN,0,646,496,60.943,46.792,470,44.340
4204,4204,140.133,NaN,NaN,NaN,NaN,NaN,0,646,496,60.943,46.792,470,44.340
4205,4205,140.167,NaN,NaN,NaN,NaN,NaN,0,646,496,60.943,46.792,470,44.340
4206,4206,140.200,NaN,NaN,NaN,NaN,NaN,0,646,496,60.943,46.792,470,44.340
4207,4207,140.233,NaN,NaN,NaN,NaN,NaN,0,646,496,60.943,46.792,470,44.340
4208,4208,140.267,NaN,NaN,NaN,NaN,NaN,0,646,496,60.943,46.792,470,44.340
4209,4209,140.300,NaN,NaN,NaN,NaN,NaN,0,646,496,60.943,46.792,470,44.340
4210,4210,140.333,NaN,NaN,NaN,NaN,NaN,0,646,496,60.943,46.792,470,44.340
4211,4211,140.367,NaN,NaN,NaN,NaN,NaN,0,646,496,60.943,46.792,470,44.340
4212,4212,140.400,NaN,NaN,NaN,NaN,NaN,0,646,496,60.943,46.792,470,44.340
4213,4213,140.433,NaN,NaN,NaN,NaN,NaN,0,646,496,60.943,46.792,470,44.340
4214,4214,140.467,NaN,NaN,NaN,NaN,NaN,0,646,496,60.943,46.792,470,44.340
4215,4215,140.500,NaN,NaN,NaN,NaN,NaN,0,646,496,60.943,46.792,470,44.340
4216,4216,140.533,NaN,NaN,NaN,NaN,NaN,0,646,496,60.943,46.792,470,44.340
4217,4217,140.567,NaN,NaN,NaN,NaN,NaN,0,646,496,60.943,46.792,470,44.340
4218,4218,140.600,NaN,NaN,NaN,NaN,NaN,0,646,496,60.943,46.792,470,44.340
4219,4219,140.633,NaN,NaN,NaN,NaN,NaN,0,646,496,60.943,46.792,470,44.340
4220,4220,140.667,NaN,NaN,NaN,NaN,NaN,0,646,496,60.943,46.792,470,44.340
4221,4221,140.700,NaN,NaN,NaN,NaN,NaN,0,646,496,60.943,46.792,470,44.340
4222,4222,140.733,NaN,NaN,NaN,NaN,NaN,0,646,496,60.943,46.792,470,44.340
4223,4223,140.767,NaN,NaN,NaN,NaN,NaN,0,646,496,60.943,46.792,470,44.340
4224,4224,140.800,NaN,NaN,NaN,NaN,NaN,0,646,496,60.943,46.792,470,44.340
4225,4225,140.833,NaN,NaN,NaN,NaN,NaN,0,646,496,60.943,46.792,470,44.340
4226,4226,140.867,NaN,NaN,NaN,NaN,NaN,0,646,496,60.943,46.792,470,44.340
4227,4227,140.900,NaN,NaN,NaN,NaN,NaN,0,646,496,60.943,46.792,470,44.340
4228,4228,140.933,NaN,NaN,NaN,NaN,NaN,0,646,496,60.943,46.792,470,44.340
4229,4229,140.967,NaN,NaN,NaN,NaN,NaN,0,646,496,60.943,46.792,470,44.340
4230,4230,141.000,NaN,NaN,NaN,NaN,NaN,0,646,496,60.943,46.792,470,44.340
4231,4231,141.033,NaN,NaN,NaN,NaN,NaN,0,646,496,60.943,46.792,470,44.340
4232,4232,141.067,NaN,NaN,NaN,NaN,NaN,0,646,496,60.943,46.792,470,44.340
4233,4233,141.100,NaN,NaN,NaN,NaN,NaN,0,646,496,60.943,46.792,470,44.340
4234,4234,141.133,NaN,NaN,NaN,NaN,NaN,0,646,496,60.943,46.792,470,44.340
4235,4235,141.167,NaN,NaN,NaN,NaN,NaN,0,646,496,60.943,46.792,470,44.340
4236,4236,141.200,NaN,NaN,NaN,NaN,NaN,0,646,496,60.943,46.792,470,44.340
4237,4237,141.233,NaN,NaN,NaN,NaN,NaN,0,646,496,60.943,46.792,470,44.340
4238,4238,141.267,NaN,NaN,NaN,NaN,NaN,0,646,496,60.943,46.792,470,44.340
4239,4239,141.300,NaN,NaN,NaN,NaN,NaN,0,646,496,60.943,46.792,470,44.340
4240,4240,141.333,NaN,NaN,NaN,NaN,NaN,0,646,496,60.943,46.792,470,44.340
4241,4241,141.367,NaN,NaN,NaN,NaN,NaN,0,646,496,60.943,46.792,470,44.340
4242,4242,141.400,NaN,NaN,NaN,NaN,NaN,0,646,496,60.943,46.792,470,44.340
4243,4243,141.433,NaN,NaN,NaN,NaN,NaN,0,646,496,60.943,46.792,470,44.340
4244,4244,141.467,NaN,NaN,NaN,NaN,NaN,0,646,496,60.943,46.792,470,44.340
4245,4245,141.500,NaN,NaN,NaN,NaN,NaN,0,646,496,60.943,46.792,470,44.340
4246,4246,141.533,NaN,NaN,NaN,NaN,NaN,0,646,496,60.943,46.792,470,44.340
4247,4247,141.567,NaN,NaN,NaN,NaN,NaN,0,646,496,60.943,46.792,470,44.340
4248,4248,141.600,NaN,NaN,NaN,NaN,NaN,0,646,496,60.943,46.792,470,44.340
4249,4249,141.633,NaN,NaN,NaN,NaN,NaN,0,646,496,60.943,46.792,470,44.340
4250,4250,141.667,NaN,NaN,NaN,NaN,NaN,0,646,496,60.943,46.792,470,44.340
4251,4251,141.700,NaN,NaN,NaN,NaN,NaN,0,646,496,60.943,46.792,470,44.340
4252,4252,141.733,NaN,NaN,NaN,NaN,NaN,0,646,496,60.943,46.792,470,44.340
4253,4253,141.767,NaN,NaN,NaN,NaN,NaN,0,646,496,60.943,46.792,470,44.340
4254,4254,141.800,NaN,NaN,NaN,NaN,NaN,0,646,496,60.943,46.792,470,44.340
4255,4255,141.833,NaN,NaN,NaN,NaN,NaN,0,646,496,60.943,46.792,470,44.340
4256,4256,141.867,NaN,NaN,NaN,NaN,NaN,0,646,496,60.943,46.792,470,44.340
4257,4257,141.900,NaN,NaN,NaN,NaN,NaN,0,646,496,60.943,46.792,470,44.340
4258,4258,141.933,NaN,NaN,NaN,NaN,NaN,0,646,496,60.943,46.792,470,44.340
4259,4259,141.967,NaN,NaN,NaN,NaN,NaN,0,646,496,60.943,46.792,470,44.340
4260,4260,142.000,NaN,NaN,NaN,NaN,NaN,0,646,496,60.943,46.792,470,44.340
4261,4261,142.033,NaN,NaN,NaN,NaN,NaN,0,646,496,60.943,46.792,470,44.340
4262,4262,142.067,NaN,NaN,NaN,NaN,NaN,0,646,496,60.943,46.792,470,44.340
4263,4263,142.100,NaN,NaN,NaN,NaN,NaN,0,646,496,60.943,46.792,470,44.340
4264,4264,142.133,NaN,NaN,NaN,NaN,NaN,0,646,496,60.943,46.792,470,44.340
4265,4265,142.167,NaN,NaN,NaN,NaN,NaN,0,646,496,60.943,46.792,470,44.340
4266,4266,142.200,NaN,NaN,NaN,NaN,NaN,0,646,496,60.943,46.792,470,44.340
4267,4267,142.233,NaN,NaN,NaN,NaN,NaN,0,646,496,60.943,46.792,470,44.340
4268,4268,142.267,NaN,NaN,NaN,NaN,NaN,0,646,496,60.943,46.792,470,44.340
4269,4269,142.300,NaN,NaN,NaN,NaN,NaN,0,646,496,60.943,46.792,470,44.340
4270,4270,142.333,NaN,NaN,NaN,NaN,NaN,0,646,496,60.943,46.792,470,44.340
4271,4271,142.367,NaN,NaN,NaN,NaN,NaN,0,646,496,60.943,46.792,470,44.340
4272,4272,142.400,NaN,NaN,NaN,NaN,NaN,0,646,496,60.943,46.792,470,44.340
4273,4273,142.433,NaN,NaN,NaN,NaN,NaN,0,646,496,60.943,46.792,470,44.340
4274,4274,142.467,NaN,NaN,NaN,NaN,NaN,0,646,496,60.943,46.792,470,44.340
4275,4275,142.500,NaN,NaN,NaN,NaN,NaN,0,646,496,60.943,46.792,470,44.340
4276,4276,142.533,NaN,NaN,NaN,NaN,NaN,0,646,496,60.943,46.792,470,44.340
4277,4277,142.567,NaN,NaN,NaN,NaN,NaN,0,646,496,60.943,46.792,470,44.340
4278,4278,142.600,NaN,NaN,NaN,NaN,NaN,0,646,496,60.943,46.792,470,44.340
4279,4279,142.633,NaN,NaN,NaN,NaN,NaN,0,646,496,60.943,46.792,470,44.340
4280,4280,142.667,NaN,NaN,NaN,NaN,NaN,0,646,496,60.943,46.792,470,44.340
4281,4281,142.700,NaN,NaN,NaN,NaN,NaN,0,646,496,60.943,46.792,470,44.340
4282,4282,142.733,NaN,NaN,NaN,NaN,NaN,0,646,496,60.943,46.792,470,44.340
4283,4283,142.767,NaN,NaN,NaN,NaN,NaN,0,646,496,60.943,46.792,470,44.340
4284,4284,142.800,NaN,NaN,NaN,NaN,NaN,0,646,496,60.943,46.792,470,44.340
4285,4285,142.833,NaN,NaN,NaN,NaN,NaN,0,646,496,60.943,46.792,470,44.340
4286,4286,142.867,NaN,NaN,NaN,NaN,NaN,0,646,496,60.943,46.792,470,44.340
4287,4287,142.900,NaN,NaN,NaN,NaN,NaN,0,646,496,60.943,46.792,470,44.340
4288,4288,142.933,NaN,NaN,NaN,NaN,NaN,0,646,496,60.943,46.792,470,44.340
4289,4289,142.967,NaN,NaN,NaN,NaN,NaN,0,646,496,60.943,46.792,470,44.340
4290,4290,143.000,NaN,NaN,NaN,NaN,NaN,0,646,496,60.943,46.792,470,44.340
4291,4291,143.033,NaN,NaN,NaN,NaN,NaN,0,646,496,60.943,46.792,470,44.340
4292,4292,143.067,NaN,NaN,NaN,NaN,NaN,0,646,496,60.943,46.792,470,44.340
4293,4293,143.100,NaN,NaN,NaN,NaN,NaN,0,646,496,60.943,46.792,470,44.340
4294,4294,143.133,NaN,NaN,NaN,NaN,NaN,0,646,496,60.943,46.792,470,44.340
4295,4295,143.167,NaN,NaN,NaN,NaN,NaN,0,646,496,60.943,46.792,470,44.340
4296,4296,143.200,NaN,NaN,NaN,NaN,NaN,0,646,496,60.943,46.792,470,44.340
4297,4297,143.233,NaN,NaN,NaN,NaN,NaN,0,646,496,60.943,46.792,470,44.340
4298,4298,143.267,NaN,NaN,NaN,NaN,NaN,0,646,496,60.943,46.792,470,44.340
4299,4299,143.300,NaN,NaN,NaN,NaN,NaN,0,646,496,60.943,46.792,470,44.340
4300,4300,143.333,NaN,NaN,NaN,NaN,NaN,0,646,496,60.943,46.792,470,44.340
4301,4301,143.367,NaN,NaN,NaN,NaN,NaN,0,646,496,60.943,46.792,470,44.340
4302,4302,143.400,NaN,NaN,NaN,NaN,NaN,0,646,496,60.943,46.792,470,44.340
4303,4303,143.433,NaN,NaN,NaN,NaN,NaN,0,646,496,60.943,46.792,470,44.340
4304,4304,143.467,NaN,NaN,NaN,NaN,NaN,0,646,496,60.943,46.792,470,44.340
4305,4305,143.500,NaN,NaN,NaN,NaN,NaN,0,646,496,60.943,46.792,470,44.340
4306,4306,143.533,NaN,NaN,NaN,NaN,NaN,0,646,496,60.943,46.792,470,44.340
4307,4307,143.567,NaN,NaN,NaN,NaN,NaN,0,646,496,60.943,46.792,470,44.340
4308,4308,143.600,NaN,NaN,NaN,NaN,NaN,0,646,496,60.943,46.792,470,44.340
4309,4309,143.633,NaN,NaN,NaN,NaN,NaN,0,646,496,60.943,46.792,470,44.340
4310,4310,143.667,NaN,NaN,NaN,NaN,NaN,0,646,496,60.943,46.792,470,44.340
4311,4311,143.700,NaN,NaN,NaN,NaN,NaN,0,646,496,60.943,46.792,470,44.340
4312,4312,143.733,NaN,NaN,NaN,NaN,NaN,0,646,496,60.943,46.792,470,44.340
4313,4313,143.767,NaN,NaN,NaN,NaN,NaN,0,646,496,60.943,46.792,470,44.340
4314,4314,143.800,NaN,NaN,NaN,NaN,NaN,0,646,496,60.943,46.792,470,44.340
4315,4315,143.833,NaN,NaN,NaN,NaN,NaN,0,646,496,60.943,46.792,470,44.340
4316,4316,143.867,NaN,NaN,NaN,NaN,NaN,0,646,496,60.943,46.792,470,44.340
4317,4317,143.900,NaN,NaN,NaN,NaN,NaN,0,646,496,60.943,46.792,470,44.340
4318,4318,143.933,NaN,NaN,NaN,NaN,NaN,0,646,496,60.943,46.792,470,44.340
4319,4319,143.967,NaN,NaN,NaN,NaN,NaN,0,646,496,60.943,46.792,470,44.340
4320,4320,144.000,NaN,NaN,NaN,NaN,NaN,0,646,496,60.943,46.792,470,44.340
4321,4321,144.033,NaN,NaN,NaN,NaN,NaN,0,646,496,60.943,46.792,470,44.340
4322,4322,144.067,NaN,NaN,NaN,NaN,NaN,0,646,496,60.943,46.792,470,44.340
4323,4323,144.100,NaN,NaN,NaN,NaN,NaN,0,646,496,60.943,46.792,470,44.340
4324,4324,144.133,NaN,NaN,NaN,NaN,NaN,0,646,496,60.943,46.792,470,44.340
4325,4325,144.167,NaN,NaN,NaN,NaN,NaN,0,646,496,60.943,46.792,470,44.340
4326,4326,144.200,NaN,NaN,NaN,NaN,NaN,0,646,496,60.943,46.792,470,44.340
4327,4327,144.233,NaN,NaN,NaN,NaN,NaN,0,646,496,60.943,46.792,470,44.340
4328,4328,144.267,NaN,NaN,NaN,NaN,NaN,0,646,496,60.943,46.792,470,44.340
4329,4329,144.300,NaN,NaN,NaN,NaN,NaN,0,646,496,60.943,46.792,470,44.340
4330,4330,144.333,NaN,NaN,NaN,NaN,NaN,0,646,496,60.943,46.792,470,44.340
4331,4331,144.367,NaN,NaN,NaN,NaN,NaN,0,646,496,60.943,46.792,470,44.340
4332,4332,144.400,NaN,NaN,NaN,NaN,NaN,0,646,496,60.943,46.792,470,44.340
4333,4333,144.433,NaN,NaN,NaN,NaN,NaN,0,646,496,60.943,46.792,470,44.340
4334,4334,144.467,NaN,NaN,NaN,NaN,NaN,0,646,496,60.943,46.792,470,44.340
4335,4335,144.500,NaN,NaN,NaN,NaN,NaN,0,646,496,60.943,46.792,470,44.340
4336,4336,144.533,NaN,NaN,NaN,NaN,NaN,0,646,496,60.943,46.792,470,44.340
4337,4337,144.567,NaN,NaN,NaN,NaN,NaN,0,646,496,60.943,46.792,470,44.340
4338,4338,144.600,NaN,NaN,NaN,NaN,NaN,0,646,496,60.943,46.792,470,44.340
4339,4339,144.633,NaN,NaN,NaN,NaN,NaN,0,646,496,60.943,46.792,470,44.340
4340,4340,144.667,NaN,NaN,NaN,NaN,NaN,0,646,496,60.943,46.792,470,44.340
4341,4341,144.700,NaN,NaN,NaN,NaN,NaN,0,646,496,60.943,46.792,470,44.340
4342,4342,144.733,NaN,NaN,NaN,NaN,NaN,0,646,496,60.943,46.792,470,44.340
4343,4343,144.767,NaN,NaN,NaN,NaN,NaN,0,646,496,60.943,46.792,470,44.340
4344,4344,144.800,NaN,NaN,NaN,NaN,NaN,0,646,496,60.943,46.792,470,44.340
4345,4345,144.833,NaN,NaN,NaN,NaN,NaN,0,646,496,60.943,46.792,470,44.340
4346,4346,144.867,NaN,NaN,NaN,NaN,NaN,0,646,496,60.943,46.792,470,44.340
4347,4347,144.900,NaN,NaN,NaN,NaN,NaN,0,646,496,60.943,46.792,470,44.340
4348,4348,144.933,NaN,NaN,NaN,NaN,NaN,0,646,496,60.943,46.792,470,44.340
4349,4349,144.967,NaN,NaN,NaN,NaN,NaN,0,646,496,60.943,46.792,470,44.340
4350,4350,145.000,NaN,NaN,NaN,NaN,NaN,0,646,496,60.943,46.792,470,44.340
4351,4351,145.033,NaN,NaN,NaN,NaN,NaN,0,646,496,60.943,46.792,470,44.340
4352,4352,145.067,NaN,NaN,NaN,NaN,NaN,0,646,496,60.943,46.792,470,44.340
4353,4353,145.100,NaN,NaN,NaN,NaN,NaN,0,646,496,60.943,46.792,470,44.340
4354,4354,145.133,NaN,NaN,NaN,NaN,NaN,0,646,496,60.943,46.792,470,44.340
4355,4355,145.167,NaN,NaN,NaN,NaN,NaN,0,646,496,60.943,46.792,470,44.340
4356,4356,145.200,NaN,NaN,NaN,NaN,NaN,0,646,496,60.943,46.792,470,44.340
4357,4357,145.233,NaN,NaN,NaN,NaN,NaN,0,646,496,60.943,46.792,470,44.340
4358,4358,145.267,NaN,NaN,NaN,NaN,NaN,0,646,496,60.943,46.792,470,44.340
4359,4359,145.300,NaN,NaN,NaN,NaN,NaN,0,646,496,60.943,46.792,470,44.340
4360,4360,145.333,NaN,NaN,NaN,NaN,NaN,0,646,496,60.943,46.792,470,44.340
4361,4361,145.367,NaN,NaN,NaN,NaN,NaN,0,646,496,60.943,46.792,470,44.340
4362,4362,145.400,NaN,NaN,NaN,NaN,NaN,0,646,496,60.943,46.792,470,44.340
4363,4363,145.433,NaN,NaN,NaN,NaN,NaN,0,646,496,60.943,46.792,470,44.340
4364,4364,145.467,NaN,NaN,NaN,NaN,NaN,0,646,496,60.943,46.792,470,44.340
4365,4365,145.500,NaN,NaN,NaN,NaN,NaN,0,646,496,60.943,46.792,470,44.340
4366,4366,145.533,NaN,NaN,NaN,NaN,NaN,0,646,496,60.943,46.792,470,44.340
4367,4367,145.567,NaN,NaN,NaN,NaN,NaN,0,646,496,60.943,46.792,470,44.340
4368,4368,145.600,NaN,NaN,NaN,NaN,NaN,0,646,496,60.943,46.792,470,44.340
4369,4369,145.633,NaN,NaN,NaN,NaN,NaN,0,646,496,60.943,46.792,470,44.340
4370,4370,145.667,NaN,NaN,NaN,NaN,NaN,0,646,496,60.943,46.792,470,44.340
4371,4371,145.700,NaN,NaN,NaN,NaN,NaN,0,646,496,60.943,46.792,470,44.340
4372,4372,145.733,NaN,NaN,NaN,NaN,NaN,0,646,496,60.943,46.792,470,44.340
4373,4373,145.767,NaN,NaN,NaN,NaN,NaN,0,646,496,60.943,46.792,470,44.340
4374,4374,145.800,NaN,NaN,NaN,NaN,NaN,0,646,496,60.943,46.792,470,44.340
4375,4375,145.833,NaN,NaN,NaN,NaN,NaN,0,646,496,60.943,46.792,470,44.340
4376,4376,145.867,NaN,NaN,NaN,NaN,NaN,0,646,496,60.943,46.792,470,44.340
4377,4377,145.900,NaN,NaN,NaN,NaN,NaN,0,646,496,60.943,46.792,470,44.340
4378,4378,145.933,NaN,NaN,NaN,NaN,NaN,0,646,496,60.943,46.792,470,44.340
4379,4379,145.967,NaN,NaN,NaN,NaN,NaN,0,646,496,60.943,46.792,470,44.340
4380,4380,146.000,NaN,NaN,NaN,NaN,NaN,0,646,496,60.943,46.792,470,44.340
4381,4381,146.033,NaN,NaN,NaN,NaN,NaN,0,646,496,60.943,46.792,470,44.340
4382,4382,146.067,NaN,NaN,NaN,NaN,NaN,0,646,496,60.943,46.792,470,44.340
4383,4383,146.100,NaN,NaN,NaN,NaN,NaN,0,646,496,60.943,46.792,470,44.340
4384,4384,146.133,NaN,NaN,NaN,NaN,NaN,0,646,496,60.943,46.792,470,44.340
4385,4385,146.167,NaN,NaN,NaN,NaN,NaN,0,646,496,60.943,46.792,470,44.340
4386,4386,146.200,NaN,NaN,NaN,NaN,NaN,0,646,496,60.943,46.792,470,44.340
4387,4387,146.233,NaN,NaN,NaN,NaN,NaN,0,646,496,60.943,46.792,470,44.340
4388,4388,146.267,NaN,NaN,NaN,NaN,NaN,0,646,496,60.943,46.792,470,44.340
4389,4389,146.300,NaN,NaN,NaN,NaN,NaN,0,646,496,60.943,46.792,470,44.340
4390,4390,146.333,NaN,NaN,NaN,NaN,NaN,0,646,496,60.943,46.792,470,44.340
4391,4391,146.367,NaN,NaN,NaN,NaN,NaN,0,646,496,60.943,46.792,470,44.340
4392,4392,146.400,NaN,NaN,NaN,NaN,NaN,0,646,496,60.943,46.792,470,44.340
4393,4393,146.433,NaN,NaN,NaN,NaN,NaN,0,646,496,60.943,46.792,470,44.340
4394,4394,146.467,NaN,NaN,NaN,NaN,NaN,0,646,496,60.943,46.792,470,44.340
4395,4395,146.500,NaN,NaN,NaN,NaN,NaN,0,646,496,60.943,46.792,470,44.340
4396,4396,146.533,NaN,NaN,NaN,NaN,NaN,0,646,496,60.943,46.792,470,44.340
4397,4397,146.567,NaN,NaN,NaN,NaN,NaN,0,646,496,60.943,46.792,470,44.340
4398,4398,146.600,NaN,NaN,NaN,NaN,NaN,0,646,496,60.943,46.792,470,44.340
4399,4399,146.633,NaN,NaN,NaN,NaN,NaN,0,646,496,60.943,46.792,470,44.340
4400,4400,146.667,NaN,NaN,NaN,NaN,NaN,0,646,496,60.943,46.792,470,44.340
4401,4401,146.700,NaN,NaN,NaN,NaN,NaN,0,646,496,60.943,46.792,470,44.340
4402,4402,146.733,NaN,NaN,NaN,NaN,NaN,0,646,496,60.943,46.792,470,44.340
4403,4403,146.767,NaN,NaN,NaN,NaN,NaN,0,646,496,60.943,46.792,470,44.340
4404,4404,146.800,NaN,NaN,NaN,NaN,NaN,0,646,496,60.943,46.792,470,44.340
4405,4405,146.833,NaN,NaN,NaN,NaN,NaN,0,646,496,60.943,46.792,470,44.340
4406,4406,146.867,NaN,NaN,NaN,NaN,NaN,0,646,496,60.943,46.792,470,44.340
4407,4407,146.900,NaN,NaN,NaN,NaN,NaN,0,646,496,60.943,46.792,470,44.340
4408,4408,146.933,NaN,NaN,NaN,NaN,NaN,0,646,496,60.943,46.792,470,44.340
4409,4409,146.967,NaN,NaN,NaN,NaN,NaN,0,646,496,60.943,46.792,470,44.340
4410,4410,147.000,NaN,NaN,NaN,NaN,NaN,0,646,496,60.943,46.792,470,44.340
4411,4411,147.033,NaN,NaN,NaN,NaN,NaN,0,646,496,60.943,46.792,470,44.340
4412,4412,147.067,NaN,NaN,NaN,NaN,NaN,0,646,496,60.943,46.792,470,44.340
4413,4413,147.100,NaN,NaN,NaN,NaN,NaN,0,646,496,60.943,46.792,470,44.340
4414,4414,147.133,NaN,NaN,NaN,NaN,NaN,0,646,496,60.943,46.792,470,44.340
4415,4415,147.167,NaN,NaN,NaN,NaN,NaN,0,646,496,60.943,46.792,470,44.340
4416,4416,147.200,NaN,NaN,NaN,NaN,NaN,0,646,496,60.943,46.792,470,44.340
4417,4417,147.233,NaN,NaN,NaN,NaN,NaN,0,646,496,60.943,46.792,470,44.340
4418,4418,147.267,NaN,NaN,NaN,NaN,NaN,0,646,496,60.943,46.792,470,44.340
4419,4419,147.300,NaN,NaN,NaN,NaN,NaN,0,646,496,60.943,46.792,470,44.340
4420,4420,147.333,NaN,NaN,NaN,NaN,NaN,0,646,496,60.943,46.792,470,44.340
4421,4421,147.367,NaN,NaN,NaN,NaN,NaN,0,646,496,60.943,46.792,470,44.340
4422,4422,147.400,NaN,NaN,NaN,NaN,NaN,0,646,496,60.943,46.792,470,44.340
4423,4423,147.433,NaN,NaN,NaN,NaN,NaN,0,646,496,60.943,46.792,470,44.340
4424,4424,147.467,NaN,NaN,NaN,NaN,NaN,0,646,496,60.943,46.792,470,44.340
4425,4425,147.500,NaN,NaN,NaN,NaN,NaN,0,646,496,60.943,46.792,470,44.340
4426,4426,147.533,NaN,NaN,NaN,NaN,NaN,0,646,496,60.943,46.792,470,44.340
4427,4427,147.567,NaN,NaN,NaN,NaN,NaN,0,646,496,60.943,46.792,470,44.340
4428,4428,147.600,NaN,NaN,NaN,NaN,NaN,0,646,496,60.943,46.792,470,44.340
4429,4429,147.633,NaN,NaN,NaN,NaN,NaN,0,646,496,60.943,46.792,470,44.340
4430,4430,147.667,NaN,NaN,NaN,NaN,NaN,0,646,496,60.943,46.792,470,44.340
4431,4431,147.700,NaN,NaN,NaN,NaN,NaN,0,646,496,60.943,46.792,470,44.340
4432,4432,147.733,NaN,NaN,NaN,NaN,NaN,0,646,496,60.943,46.792,470,44.340
4433,4433,147.767,NaN,NaN,NaN,NaN,NaN,0,646,496,60.943,46.792,470,44.340
4434,4434,147.800,NaN,NaN,NaN,NaN,NaN,0,646,496,60.943,46.792,470,44.340
4435,4435,147.833,NaN,NaN,NaN,NaN,NaN,0,646,496,60.943,46.792,470,44.340
4436,4436,147.867,NaN,NaN,NaN,NaN,NaN,0,646,496,60.943,46.792,470,44.340
4437,4437,147.900,NaN,NaN,NaN,NaN,NaN,0,646,496,60.943,46.792,470,44.340
4438,4438,147.933,NaN,NaN,NaN,NaN,NaN,0,646,496,60.943,46.792,470,44.340
4439,4439,147.967,NaN,NaN,NaN,NaN,NaN,0,646,496,60.943,46.792,470,44.340
4440,4440,148.000,NaN,NaN,NaN,NaN,NaN,0,646,496,60.943,46.792,470,44.340
4441,4441,148.033,NaN,NaN,NaN,NaN,NaN,0,646,496,60.943,46.792,470,44.340
4442,4442,148.067,NaN,NaN,NaN,NaN,NaN,0,646,496,60.943,46.792,470,44.340
4443,4443,148.100,NaN,NaN,NaN,NaN,NaN,0,646,496,60.943,46.792,470,44.340
4444,4444,148.133,NaN,NaN,NaN,NaN,NaN,0,646,496,60.943,46.792,470,44.340
4445,4445,148.167,NaN,NaN,NaN,NaN,NaN,0,646,496,60.943,46.792,470,44.340
4446,4446,148.200,NaN,NaN,NaN,NaN,NaN,0,646,496,60.943,46.792,470,44.340
4447,4447,148.233,NaN,NaN,NaN,NaN,NaN,0,646,496,60.943,46.792,470,44.340
4448,4448,148.267,NaN,NaN,NaN,NaN,NaN,0,646,496,60.943,46.792,470,44.340
4449,4449,148.300,NaN,NaN,NaN,NaN,NaN,0,646,496,60.943,46.792,470,44.340
4450,4450,148.333,NaN,NaN,NaN,NaN,NaN,0,646,496,60.943,46.792,470,44.340
4451,4451,148.367,NaN,NaN,NaN,NaN,NaN,0,646,496,60.943,46.792,470,44.340
4452,4452,148.400,NaN,NaN,NaN,NaN,NaN,0,646,496,60.943,46.792,470,44.340
4453,4453,148.433,NaN,NaN,NaN,NaN,NaN,0,646,496,60.943,46.792,470,44.340
4454,4454,148.467,NaN,NaN,NaN,NaN,NaN,0,646,496,60.943,46.792,470,44.340
4455,4455,148.500,NaN,NaN,NaN,NaN,NaN,0,646,496,60.943,46.792,470,44.340
4456,4456,148.533,NaN,NaN,NaN,NaN,NaN,0,646,496,60.943,46.792,470,44.340
4457,4457,148.567,NaN,NaN,NaN,NaN,NaN,0,646,496,60.943,46.792,470,44.340
4458,4458,148.600,NaN,NaN,NaN,NaN,NaN,0,646,496,60.943,46.792,470,44.340
4459,4459,148.633,NaN,NaN,NaN,NaN,NaN,0,646,496,60.943,46.792,470,44.340
4460,4460,148.667,NaN,NaN,NaN,NaN,NaN,0,646,496,60.943,46.792,470,44.340
4461,4461,148.700,NaN,NaN,NaN,NaN,NaN,0,646,496,60.943,46.792,470,44.340
4462,4462,148.733,NaN,NaN,NaN,NaN,NaN,0,646,496,60.943,46.792,470,44.340
4463,4463,148.767,NaN,NaN,NaN,NaN,NaN,0,646,496,60.943,46.792,470,44.340
4464,4464,148.800,NaN,NaN,NaN,NaN,NaN,0,646,496,60.943,46.792,470,44.340
4465,4465,148.833,NaN,NaN,NaN,NaN,NaN,0,646,496,60.943,46.792,470,44.340
4466,4466,148.867,NaN,NaN,NaN,NaN,NaN,0,646,496,60.943,46.792,470,44.340
4467,4467,148.900,NaN,NaN,NaN,NaN,NaN,0,646,496,60.943,46.792,470,44.340
4468,4468,148.933,NaN,NaN,NaN,NaN,NaN,0,646,496,60.943,46.792,470,44.340
4469,4469,148.967,NaN,NaN,NaN,NaN,NaN,0,646,496,60.943,46.792,470,44.340
4470,4470,149.000,NaN,NaN,NaN,NaN,NaN,0,646,496,60.943,46.792,470,44.340
4471,4471,149.033,NaN,NaN,NaN,NaN,NaN,0,646,496,60.943,46.792,470,44.340
4472,4472,149.067,NaN,NaN,NaN,NaN,NaN,0,646,496,60.943,46.792,470,44.340
4473,4473,149.100,NaN,NaN,NaN,NaN,NaN,0,646,496,60.943,46.792,470,44.340
4474,4474,149.133,NaN,NaN,NaN,NaN,NaN,0,646,496,60.943,46.792,470,44.340
4475,4475,149.167,NaN,NaN,NaN,NaN,NaN,0,646,496,60.943,46.792,470,44.340
4476,4476,149.200,NaN,NaN,NaN,NaN,NaN,0,646,496,60.943,46.792,470,44.340
4477,4477,149.233,NaN,NaN,NaN,NaN,NaN,0,646,496,60.943,46.792,470,44.340
4478,4478,149.267,NaN,NaN,NaN,NaN,NaN,0,646,496,60.943,46.792,470,44.340
4479,4479,149.300,NaN,NaN,NaN,NaN,NaN,0,646,496,60.943,46.792,470,44.340
4480,4480,149.333,NaN,NaN,NaN,NaN,NaN,0,646,496,60.943,46.792,470,44.340
4481,4481,149.367,NaN,NaN,NaN,NaN,NaN,0,646,496,60.943,46.792,470,44.340
4482,4482,149.400,NaN,NaN,NaN,NaN,NaN,0,646,496,60.943,46.792,470,44.340
4483,4483,149.433,NaN,NaN,NaN,NaN,NaN,0,646,496,60.943,46.792,470,44.340
4484,4484,149.467,NaN,NaN,NaN,NaN,NaN,0,646,496,60.943,46.792,470,44.340
4485,4485,149.500,NaN,NaN,NaN,NaN,NaN,0,646,496,60.943,46.792,470,44.340
4486,4486,149.533,NaN,NaN,NaN,NaN,NaN,0,646,496,60.943,46.792,470,44.340
4487,4487,149.567,NaN,NaN,NaN,NaN,NaN,0,646,496,60.943,46.792,470,44.340
4488,4488,149.600,NaN,NaN,NaN,NaN,NaN,0,646,496,60.943,46.792,470,44.340
4489,4489,149.633,NaN,NaN,NaN,NaN,NaN,0,646,496,60.943,46.792,470,44.340
4490,4490,149.667,NaN,NaN,NaN,NaN,NaN,0,646,496,60.943,46.792,470,44.340
4491,4491,149.700,NaN,NaN,NaN,NaN,NaN,0,646,496,60.943,46.792,470,44.340
4492,4492,149.733,NaN,NaN,NaN,NaN,NaN,0,646,496,60.943,46.792,470,44.340
4493,4493,149.767,NaN,NaN,NaN,NaN,NaN,0,646,496,60.943,46.792,470,44.340
4494,4494,149.800,NaN,NaN,NaN,NaN,NaN,0,646,496,60.943,46.792,470,44.340
4495,4495,149.833,NaN,NaN,NaN,NaN,NaN,0,646,496,60.943,46.792,470,44.340
4496,4496,149.867,NaN,NaN,NaN,NaN,NaN,0,646,496,60.943,46.792,470,44.340
4497,4497,149.900,NaN,NaN,NaN,NaN,NaN,0,646,496,60.943,46.792,470,44.340
4498,4498,149.933,NaN,NaN,NaN,NaN,NaN,0,646,496,60.943,46.792,470,44.340
4499,4499,149.967,NaN,NaN,NaN,NaN,NaN,0,646,496,60.943,46.792,470,44.340
4500,4500,150.000,NaN,NaN,NaN,NaN,NaN,0,646,496,60.943,46.792,470,44.340
4501,4501,150.033,NaN,NaN,NaN,NaN,NaN,0,646,496,60.943,46.792,470,44.340
4502,4502,150.067,NaN,NaN,NaN,NaN,NaN,0,646,496,60.943,46.792,470,44.340
4503,4503,150.100,NaN,NaN,NaN,NaN,NaN,0,646,496,60.943,46.792,470,44.340
4504,4504,150.133,NaN,NaN,NaN,NaN,NaN,0,646,496,60.943,46.792,470,44.340
4505,4505,150.167,NaN,NaN,NaN,NaN,NaN,0,646,496,60.943,46.792,470,44.340
4506,4506,150.200,NaN,NaN,NaN,NaN,NaN,0,646,496,60.943,46.792,470,44.340
4507,4507,150.233,NaN,NaN,NaN,NaN,NaN,0,646,496,60.943,46.792,470,44.340
4508,4508,150.267,1109.361,461.597,104.657,43.547,169,1,646,496,60.943,46.792,470,44.340
4509,4509,150.300,1109.267,461.644,104.648,43.551,171,1,646,496,60.943,46.792,470,44.340
4510,4510,150.333,1109.269,461.676,104.648,43.554,169,1,646,496,60.943,46.792,470,44.340
4511,4511,150.367,1108.799,461.724,104.604,43.559,188,1,646,496,60.943,46.792,470,44.340
4512,4512,150.400,1108.614,461.865,104.586,43.572,192,1,646,496,60.943,46.792,470,44.340
4513,4513,150.433,1108.579,461.939,104.583,43.579,190,1,646,496,60.943,46.792,470,44.340
4514,4514,150.467,1108.304,461.990,104.557,43.584,199,1,646,496,60.943,46.792,470,44.340
4515,4515,150.500,1108.104,462.099,104.538,43.594,204,1,646,496,60.943,46.792,470,44.340
4516,4516,150.533,1107.935,462.239,104.522,43.607,203,1,646,496,60.943,46.792,470,44.340
4517,4517,150.567,1107.672,462.554,104.497,43.637,215,1,646,496,60.943,46.792,470,44.340
4518,4518,150.600,1107.641,462.612,104.494,43.643,214,1,646,496,60.943,46.792,470,44.340
4519,4519,150.633,1107.759,462.549,104.506,43.637,211,1,646,496,60.943,46.792,470,44.340
4520,4520,150.667,1107.600,462.640,104.491,43.645,214,1,646,496,60.943,46.792,470,44.340
4521,4521,150.700,1107.588,462.626,104.489,43.644,215,1,646,496,60.943,46.792,470,44.340
4522,4522,150.733,1107.587,462.622,104.489,43.644,215,1,646,496,60.943,46.792,470,44.340
4523,4523,150.767,1107.401,462.647,104.472,43.646,221,1,646,496,60.943,46.792,470,44.340
4524,4524,150.800,1107.425,462.617,104.474,43.643,222,1,646,496,60.943,46.792,470,44.340
4525,4525,150.833,1107.580,462.585,104.489,43.640,217,1,646,496,60.943,46.792,470,44.340
4526,4526,150.867,1107.445,462.638,104.476,43.645,221,1,646,496,60.943,46.792,470,44.340
4527,4527,150.900,1107.452,462.649,104.477,43.646,221,1,646,496,60.943,46.792,470,44.340
4528,4528,150.933,1107.405,462.716,104.472,43.652,220,1,646,496,60.943,46.792,470,44.340
4529,4529,150.967,1107.242,462.844,104.457,43.665,227,1,646,496,60.943,46.792,470,44.340
4530,4530,151.000,1107.248,462.857,104.457,43.666,227,1,646,496,60.943,46.792,470,44.340
4531,4531,151.033,1107.410,462.780,104.473,43.658,220,1,646,496,60.943,46.792,470,44.340
4532,4532,151.067,1107.363,462.769,104.468,43.657,225,1,646,496,60.943,46.792,470,44.340
4533,4533,151.100,1107.415,462.844,104.473,43.665,226,1,646,496,60.943,46.792,470,44.340
4534,4534,151.133,1107.643,462.734,104.495,43.654,214,1,646,496,60.943,46.792,470,44.340
4535,4535,151.167,1107.430,462.841,104.475,43.664,219,1,646,496,60.943,46.792,470,44.340
4536,4536,151.200,1107.452,462.810,104.477,43.661,216,1,646,496,60.943,46.792,470,44.340
4537,4537,151.233,1107.572,462.730,104.488,43.654,212,1,646,496,60.943,46.792,470,44.340
4538,4538,151.267,1107.459,462.776,104.477,43.658,216,1,646,496,60.943,46.792,470,44.340
4539,4539,151.300,1107.380,462.785,104.470,43.659,219,1,646,496,60.943,46.792,470,44.340
4540,4540,151.333,1107.432,462.820,104.475,43.662,215,1,646,496,60.943,46.792,470,44.340
4541,4541,151.367,1107.227,462.920,104.455,43.672,220,1,646,496,60.943,46.792,470,44.340
4542,4542,151.400,1107.206,462.903,104.453,43.670,219,1,646,496,60.943,46.792,470,44.340
4543,4543,151.433,1107.337,462.792,104.466,43.660,210,1,646,496,60.943,46.792,470,44.340
4544,4544,151.467,1107.366,462.826,104.469,43.663,217,1,646,496,60.943,46.792,470,44.340
4545,4545,151.500,1107.380,462.859,104.470,43.666,216,1,646,496,60.943,46.792,470,44.340
4546,4546,151.533,1107.339,462.840,104.466,43.664,214,1,646,496,60.943,46.792,470,44.340
4547,4547,151.567,1107.165,462.997,104.450,43.679,225,1,646,496,60.943,46.792,470,44.340
4548,4548,151.600,1106.945,463.078,104.429,43.687,232,1,646,496,60.943,46.792,470,44.340
4549,4549,151.633,1106.983,463.028,104.432,43.682,225,1,646,496,60.943,46.792,470,44.340
4550,4550,151.667,1106.691,463.141,104.405,43.693,235,1,646,496,60.943,46.792,470,44.340
4551,4551,151.700,1106.678,463.141,104.404,43.693,239,1,646,496,60.943,46.792,470,44.340
4552,4552,151.733,1106.460,463.299,104.383,43.707,242,1,646,496,60.943,46.792,470,44.340
4553,4553,151.767,1105.881,463.571,104.328,43.733,259,1,646,496,60.943,46.792,470,44.340
4554,4554,151.800,1105.882,463.580,104.328,43.734,258,1,646,496,60.943,46.792,470,44.340
4555,4555,151.833,1105.685,463.656,104.310,43.741,257,1,646,496,60.943,46.792,470,44.340
4556,4556,151.867,1105.209,464.007,104.265,43.774,273,1,646,496,60.943,46.792,470,44.340
4557,4557,151.900,1105.127,464.001,104.257,43.774,274,1,646,496,60.943,46.792,470,44.340
4558,4558,151.933,1104.944,464.133,104.240,43.786,274,1,646,496,60.943,46.792,470,44.340
4559,4559,151.967,1104.921,464.177,104.238,43.790,277,1,646,496,60.943,46.792,470,44.340
4560,4560,152.000,1104.795,464.247,104.226,43.797,281,1,646,496,60.943,46.792,470,44.340
4561,4561,152.033,1104.782,464.400,104.225,43.811,273,1,646,496,60.943,46.792,470,44.340
4562,4562,152.067,1104.235,464.696,104.173,43.839,289,1,646,496,60.943,46.792,470,44.340
4563,4563,152.100,1104.283,464.759,104.178,43.845,288,1,646,496,60.943,46.792,470,44.340
4564,4564,152.133,1104.335,464.707,104.183,43.840,287,1,646,496,60.943,46.792,470,44.340
4565,4565,152.167,1104.144,464.794,104.165,43.848,291,1,646,496,60.943,46.792,470,44.340
4566,4566,152.200,1104.139,464.857,104.164,43.854,292,1,646,496,60.943,46.792,470,44.340
4567,4567,152.233,1104.145,464.860,104.165,43.855,292,1,646,496,60.943,46.792,470,44.340
4568,4568,152.267,1103.917,464.976,104.143,43.866,296,1,646,496,60.943,46.792,470,44.340
4569,4569,152.300,1103.912,464.976,104.143,43.866,296,1,646,496,60.943,46.792,470,44.340
4570,4570,152.333,1103.927,464.958,104.144,43.864,296,1,646,496,60.943,46.792,470,44.340
4571,4571,152.367,1103.802,465.053,104.132,43.873,299,1,646,496,60.943,46.792,470,44.340
4572,4572,152.400,1103.783,465.099,104.130,43.877,301,1,646,496,60.943,46.792,470,44.340
4573,4573,152.433,1103.766,465.062,104.129,43.874,299,1,646,496,60.943,46.792,470,44.340
4574,4574,152.467,1103.788,465.066,104.131,43.874,300,1,646,496,60.943,46.792,470,44.340
4575,4575,152.500,1103.771,465.057,104.129,43.873,301,1,646,496,60.943,46.792,470,44.340
4576,4576,152.533,1103.513,465.215,104.105,43.888,306,1,646,496,60.943,46.792,470,44.340
4577,4577,152.567,1103.540,465.278,104.108,43.894,314,1,646,496,60.943,46.792,470,44.340
4578,4578,152.600,1103.456,465.280,104.100,43.894,315,1,646,496,60.943,46.792,470,44.340
4579,4579,152.633,1103.708,465.081,104.123,43.876,308,1,646,496,60.943,46.792,470,44.340
4580,4580,152.667,1103.629,465.128,104.116,43.880,310,1,646,496,60.943,46.792,470,44.340
4581,4581,152.700,1103.756,465.109,104.128,43.878,308,1,646,496,60.943,46.792,470,44.340
4582,4582,152.733,1103.931,465.065,104.144,43.874,303,1,646,496,60.943,46.792,470,44.340
4583,4583,152.767,1103.838,465.141,104.136,43.881,307,1,646,496,60.943,46.792,470,44.340
4584,4584,152.800,1103.730,465.254,104.125,43.892,303,1,646,496,60.943,46.792,470,44.340
4585,4585,152.833,1103.763,465.194,104.129,43.886,296,1,646,496,60.943,46.792,470,44.340
4586,4586,152.867,1103.679,465.263,104.121,43.893,300,1,646,496,60.943,46.792,470,44.340
4587,4587,152.900,1103.651,465.282,104.118,43.895,300,1,646,496,60.943,46.792,470,44.340
4588,4588,152.933,1103.582,465.302,104.112,43.896,298,1,646,496,60.943,46.792,470,44.340
4589,4589,152.967,1103.575,465.296,104.111,43.896,299,1,646,496,60.943,46.792,470,44.340
4590,4590,153.000,1103.598,465.307,104.113,43.897,300,1,646,496,60.943,46.792,470,44.340
4591,4591,153.033,1103.640,465.266,104.117,43.893,301,1,646,496,60.943,46.792,470,44.340
4592,4592,153.067,1103.595,465.340,104.113,43.900,302,1,646,496,60.943,46.792,470,44.340
4593,4593,153.100,1103.422,465.330,104.096,43.899,308,1,646,496,60.943,46.792,470,44.340
4594,4594,153.133,1103.295,465.478,104.084,43.913,302,1,646,496,60.943,46.792,470,44.340
4595,4595,153.167,1103.213,465.501,104.077,43.915,307,1,646,496,60.943,46.792,470,44.340
4596,4596,153.200,1103.041,465.633,104.060,43.928,312,1,646,496,60.943,46.792,470,44.340
4597,4597,153.233,1103.062,465.641,104.062,43.928,311,1,646,496,60.943,46.792,470,44.340
4598,4598,153.267,1102.644,465.867,104.023,43.950,323,1,646,496,60.943,46.792,470,44.340
4599,4599,153.300,1102.481,465.949,104.008,43.957,330,1,646,496,60.943,46.792,470,44.340
4600,4600,153.333,1102.431,465.943,104.003,43.957,327,1,646,496,60.943,46.792,470,44.340
4601,4601,153.367,1101.817,466.334,103.945,43.994,345,1,646,496,60.943,46.792,470,44.340
4602,4602,153.400,1101.614,466.459,103.926,44.006,351,1,646,496,60.943,46.792,470,44.340
4603,4603,153.433,1101.546,466.476,103.919,44.007,347,1,646,496,60.943,46.792,470,44.340
4604,4604,153.467,1101.275,466.602,103.894,44.019,354,1,646,496,60.943,46.792,470,44.340
4605,4605,153.500,1101.073,466.712,103.875,44.029,361,1,646,496,60.943,46.792,470,44.340
4606,4606,153.533,1101.108,466.686,103.878,44.027,358,1,646,496,60.943,46.792,470,44.340
4607,4607,153.567,1100.828,466.825,103.852,44.040,363,1,646,496,60.943,46.792,470,44.340
4608,4608,153.600,1100.543,467.057,103.825,44.062,370,1,646,496,60.943,46.792,470,44.340
4609,4609,153.633,1100.663,466.943,103.836,44.051,364,1,646,496,60.943,46.792,470,44.340
4610,4610,153.667,1100.221,467.188,103.794,44.074,373,1,646,496,60.943,46.792,470,44.340
4611,4611,153.700,1099.941,467.356,103.768,44.090,381,1,646,496,60.943,46.792,470,44.340
4612,4612,153.733,1100.087,467.197,103.782,44.075,373,1,646,496,60.943,46.792,470,44.340
4613,4613,153.767,1099.924,467.342,103.766,44.089,382,1,646,496,60.943,46.792,470,44.340
4614,4614,153.800,1099.899,467.405,103.764,44.095,383,1,646,496,60.943,46.792,470,44.340
4615,4615,153.833,1099.966,467.368,103.770,44.091,377,1,646,496,60.943,46.792,470,44.340
4616,4616,153.867,1099.850,467.431,103.759,44.097,379,1,646,496,60.943,46.792,470,44.340
4617,4617,153.900,1099.960,467.379,103.770,44.092,379,1,646,496,60.943,46.792,470,44.340
4618,4618,153.933,1100.034,467.331,103.777,44.088,375,1,646,496,60.943,46.792,470,44.340
4619,4619,153.967,1099.759,467.438,103.751,44.098,379,1,646,496,60.943,46.792,470,44.340
4620,4620,154.000,1099.634,467.530,103.739,44.107,387,1,646,496,60.943,46.792,470,44.340
4621,4621,154.033,1099.601,467.541,103.736,44.108,369,1,646,496,60.943,46.792,470,44.340
4622,4622,154.067,1099.597,467.544,103.736,44.108,376,1,646,496,60.943,46.792,470,44.340
4623,4623,154.100,1099.352,467.659,103.712,44.119,390,1,646,496,60.943,46.792,470,44.340
4624,4624,154.133,1099.455,467.552,103.722,44.109,382,1,646,496,60.943,46.792,470,44.340
4625,4625,154.167,1099.461,467.549,103.723,44.108,382,1,646,496,60.943,46.792,470,44.340
4626,4626,154.200,1099.461,467.549,103.723,44.108,382,1,646,496,60.943,46.792,470,44.340
4627,4627,154.233,1099.461,467.549,103.723,44.108,382,1,646,496,60.943,46.792,470,44.340
4628,4628,154.267,1099.436,467.550,103.720,44.108,381,1,646,496,60.943,46.792,470,44.340
4629,4629,154.300,1099.412,467.507,103.718,44.104,381,1,646,496,60.943,46.792,470,44.340
4630,4630,154.333,1099.414,467.515,103.718,44.105,380,1,646,496,60.943,46.792,470,44.340
4631,4631,154.367,1099.436,467.509,103.720,44.105,381,1,646,496,60.943,46.792,470,44.340
4632,4632,154.400,1099.367,467.604,103.714,44.114,386,1,646,496,60.943,46.792,470,44.340
4633,4633,154.433,1099.362,467.704,103.713,44.123,373,1,646,496,60.943,46.792,470,44.340
4634,4634,154.467,1098.749,468.090,103.656,44.159,363,1,646,496,60.943,46.792,470,44.340
4635,4635,154.500,1098.414,468.383,103.624,44.187,364,1,646,496,60.943,46.792,470,44.340
4636,4636,154.533,1098.386,468.367,103.621,44.186,353,1,646,496,60.943,46.792,470,44.340
4637,4637,154.567,1098.223,468.460,103.606,44.194,350,1,646,496,60.943,46.792,470,44.340
4638,4638,154.600,1098.373,468.429,103.620,44.191,353,1,646,496,60.943,46.792,470,44.340
4639,4639,154.633,1098.229,468.349,103.606,44.184,341,1,646,496,60.943,46.792,470,44.340
4640,4640,154.667,1098.305,468.313,103.614,44.180,345,1,646,496,60.943,46.792,470,44.340
4641,4641,154.700,1098.469,468.262,103.629,44.176,352,1,646,496,60.943,46.792,470,44.340
4642,4642,154.733,1098.477,468.242,103.630,44.174,350,1,646,496,60.943,46.792,470,44.340
4643,4643,154.767,1098.417,468.258,103.624,44.175,350,1,646,496,60.943,46.792,470,44.340
4644,4644,154.800,1098.678,468.179,103.649,44.168,358,1,646,496,60.943,46.792,470,44.340
4645,4645,154.833,1098.723,468.176,103.653,44.168,350,1,646,496,60.943,46.792,470,44.340
4646,4646,154.867,1098.593,468.231,103.641,44.173,352,1,646,496,60.943,46.792,470,44.340
4647,4647,154.900,1098.288,468.410,103.612,44.190,364,1,646,496,60.943,46.792,470,44.340
4648,4648,154.933,1098.178,468.488,103.602,44.197,358,1,646,496,60.943,46.792,470,44.340
4649,4649,154.967,1097.918,468.631,103.577,44.210,361,1,646,496,60.943,46.792,470,44.340
4650,4650,155.000,1097.585,468.811,103.546,44.227,370,1,646,496,60.943,46.792,470,44.340
4651,4651,155.033,1097.505,468.863,103.538,44.232,367,1,646,496,60.943,46.792,470,44.340
4652,4652,155.067,1097.141,469.026,103.504,44.248,362,1,646,496,60.943,46.792,470,44.340
4653,4653,155.100,1096.485,469.459,103.442,44.289,382,1,646,496,60.943,46.792,470,44.340
4654,4654,155.133,1096.298,469.492,103.424,44.292,379,1,646,496,60.943,46.792,470,44.340
4655,4655,155.167,1095.686,469.875,103.367,44.328,380,1,646,496,60.943,46.792,470,44.340
4656,4656,155.200,1095.195,470.146,103.320,44.353,394,1,646,496,60.943,46.792,470,44.340
4657,4657,155.233,1095.220,470.079,103.323,44.347,389,1,646,496,60.943,46.792,470,44.340
4658,4658,155.267,1095.225,470.101,103.323,44.349,386,1,646,496,60.943,46.792,470,44.340
4659,4659,155.300,1095.021,470.200,103.304,44.359,394,1,646,496,60.943,46.792,470,44.340
4660,4660,155.333,1094.548,470.362,103.259,44.374,397,1,646,496,60.943,46.792,470,44.340
4661,4661,155.367,1094.387,470.455,103.244,44.383,396,1,646,496,60.943,46.792,470,44.340
4662,4662,155.400,1094.033,470.676,103.211,44.403,409,1,646,496,60.943,46.792,470,44.340
4663,4663,155.433,1094.085,470.666,103.216,44.402,406,1,646,496,60.943,46.792,470,44.340
4664,4664,155.467,1093.828,470.770,103.191,44.412,402,1,646,496,60.943,46.792,470,44.340
4665,4665,155.500,1093.709,470.814,103.180,44.416,410,1,646,496,60.943,46.792,470,44.340
4666,4666,155.533,1093.838,470.766,103.192,44.412,409,1,646,496,60.943,46.792,470,44.340
4667,4667,155.567,1093.738,470.915,103.183,44.426,399,1,646,496,60.943,46.792,470,44.340
4668,4668,155.600,1093.781,470.863,103.187,44.421,404,1,646,496,60.943,46.792,470,44.340
4669,4669,155.633,1093.853,470.869,103.194,44.422,400,1,646,496,60.943,46.792,470,44.340
4670,4670,155.667,1093.987,470.821,103.206,44.417,391,1,646,496,60.943,46.792,470,44.340
4671,4671,155.700,1093.938,470.787,103.202,44.414,400,1,646,496,60.943,46.792,470,44.340
4672,4672,155.733,1094.159,470.686,103.223,44.404,394,1,646,496,60.943,46.792,470,44.340
4673,4673,155.767,1093.755,470.916,103.184,44.426,388,1,646,496,60.943,46.792,470,44.340
4674,4674,155.800,1093.803,470.888,103.189,44.423,389,1,646,496,60.943,46.792,470,44.340
4675,4675,155.833,1093.715,470.940,103.181,44.428,390,1,646,496,60.943,46.792,470,44.340
4676,4676,155.867,1093.308,471.160,103.142,44.449,385,1,646,496,60.943,46.792,470,44.340
4677,4677,155.900,1093.257,471.161,103.137,44.449,387,1,646,496,60.943,46.792,470,44.340
4678,4678,155.933,1092.983,471.319,103.112,44.464,379,1,646,496,60.943,46.792,470,44.340
4679,4679,155.967,1092.253,471.706,103.043,44.501,361,1,646,496,60.943,46.792,470,44.340
4680,4680,156.000,1091.965,471.858,103.016,44.515,360,1,646,496,60.943,46.792,470,44.340
4681,4681,156.033,1091.767,471.945,102.997,44.523,348,1,646,496,60.943,46.792,470,44.340
4682,4682,156.067,1091.198,472.177,102.943,44.545,341,1,646,496,60.943,46.792,470,44.340
4683,4683,156.100,1091.004,472.312,102.925,44.558,343,1,646,496,60.943,46.792,470,44.340
4684,4684,156.133,1090.757,472.466,102.902,44.572,331,1,646,496,60.943,46.792,470,44.340
4685,4685,156.167,1090.572,472.500,102.884,44.575,326,1,646,496,60.943,46.792,470,44.340
4686,4686,156.200,1090.588,472.476,102.886,44.573,325,1,646,496,60.943,46.792,470,44.340
4687,4687,156.233,1090.548,472.495,102.882,44.575,318,1,646,496,60.943,46.792,470,44.340
4688,4688,156.267,1090.505,472.518,102.878,44.577,317,1,646,496,60.943,46.792,470,44.340
4689,4689,156.300,1090.384,472.547,102.866,44.580,323,1,646,496,60.943,46.792,470,44.340
4690,4690,156.333,1090.530,472.575,102.880,44.583,320,1,646,496,60.943,46.792,470,44.340
4691,4691,156.367,1090.710,472.436,102.897,44.569,320,1,646,496,60.943,46.792,470,44.340
4692,4692,156.400,1090.263,472.631,102.855,44.588,333,1,646,496,60.943,46.792,470,44.340
4693,4693,156.433,1090.403,472.575,102.868,44.583,333,1,646,496,60.943,46.792,470,44.340
4694,4694,156.467,1090.457,472.577,102.873,44.583,332,1,646,496,60.943,46.792,470,44.340
4695,4695,156.500,1090.300,472.667,102.858,44.591,335,1,646,496,60.943,46.792,470,44.340
4696,4696,156.533,1090.129,472.657,102.842,44.590,337,1,646,496,60.943,46.792,470,44.340
4697,4697,156.567,1090.208,472.636,102.850,44.588,335,1,646,496,60.943,46.792,470,44.340
4698,4698,156.600,1089.654,472.861,102.798,44.609,346,1,646,496,60.943,46.792,470,44.340
4699,4699,156.633,1089.561,472.917,102.789,44.615,343,1,646,496,60.943,46.792,470,44.340
4700,4700,156.667,1089.237,473.084,102.758,44.631,346,1,646,496,60.943,46.792,470,44.340
4701,4701,156.700,1088.885,473.192,102.725,44.641,355,1,646,496,60.943,46.792,470,44.340
4702,4702,156.733,1088.885,473.188,102.725,44.640,355,1,646,496,60.943,46.792,470,44.340
4703,4703,156.767,1088.732,473.321,102.711,44.653,350,1,646,496,60.943,46.792,470,44.340
4704,4704,156.800,1088.569,473.344,102.695,44.655,358,1,646,496,60.943,46.792,470,44.340
4705,4705,156.833,1088.678,473.279,102.705,44.649,355,1,646,496,60.943,46.792,470,44.340
4706,4706,156.867,1088.390,473.462,102.678,44.666,355,1,646,496,60.943,46.792,470,44.340
4707,4707,156.900,1088.438,473.401,102.683,44.660,357,1,646,496,60.943,46.792,470,44.340
4708,4708,156.933,1088.398,473.412,102.679,44.661,357,1,646,496,60.943,46.792,470,44.340
4709,4709,156.967,1088.188,473.503,102.659,44.670,356,1,646,496,60.943,46.792,470,44.340
4710,4710,157.000,1087.918,473.595,102.634,44.679,362,1,646,496,60.943,46.792,470,44.340
4711,4711,157.033,1088.051,473.549,102.646,44.674,359,1,646,496,60.943,46.792,470,44.340
4712,4712,157.067,1088.179,473.496,102.658,44.669,354,1,646,496,60.943,46.792,470,44.340
4713,4713,157.100,1088.191,473.413,102.660,44.662,363,1,646,496,60.943,46.792,470,44.340
4714,4714,157.133,1088.069,473.476,102.648,44.668,361,1,646,496,60.943,46.792,470,44.340
4715,4715,157.167,1088.129,473.438,102.654,44.664,354,1,646,496,60.943,46.792,470,44.340
4716,4716,157.200,1088.034,473.417,102.645,44.662,362,1,646,496,60.943,46.792,470,44.340
4717,4717,157.233,1088.114,473.432,102.652,44.663,354,1,646,496,60.943,46.792,470,44.340
4718,4718,157.267,1088.030,473.434,102.644,44.664,355,1,646,496,60.943,46.792,470,44.340
4719,4719,157.300,1088.061,473.397,102.647,44.660,366,1,646,496,60.943,46.792,470,44.340
4720,4720,157.333,1088.371,473.269,102.677,44.648,355,1,646,496,60.943,46.792,470,44.340
4721,4721,157.367,1088.490,473.205,102.688,44.642,345,1,646,496,60.943,46.792,470,44.340
4722,4722,157.400,1088.356,473.209,102.675,44.642,363,1,646,496,60.943,46.792,470,44.340
4723,4723,157.433,1088.392,473.233,102.679,44.645,358,1,646,496,60.943,46.792,470,44.340
4724,4724,157.467,1088.425,473.179,102.682,44.640,358,1,646,496,60.943,46.792,470,44.340
4725,4725,157.500,1088.544,473.103,102.693,44.632,365,1,646,496,60.943,46.792,470,44.340
4726,4726,157.533,1088.641,473.072,102.702,44.629,363,1,646,496,60.943,46.792,470,44.340
4727,4727,157.567,1088.438,473.317,102.683,44.653,350,1,646,496,60.943,46.792,470,44.340
4728,4728,157.600,1088.343,473.177,102.674,44.639,370,1,646,496,60.943,46.792,470,44.340
4729,4729,157.633,1088.457,473.151,102.685,44.637,363,1,646,496,60.943,46.792,470,44.340
4730,4730,157.667,1088.386,473.208,102.678,44.642,357,1,646,496,60.943,46.792,470,44.340
4731,4731,157.700,1088.050,473.287,102.646,44.650,371,1,646,496,60.943,46.792,470,44.340
4732,4732,157.733,1088.157,473.264,102.656,44.648,369,1,646,496,60.943,46.792,470,44.340
4733,4733,157.767,1088.218,473.270,102.662,44.648,363,1,646,496,60.943,46.792,470,44.340
4734,4734,157.800,1088.234,473.223,102.664,44.644,365,1,646,496,60.943,46.792,470,44.340
4735,4735,157.833,1088.426,473.086,102.682,44.631,366,1,646,496,60.943,46.792,470,44.340
4736,4736,157.867,1088.778,473.049,102.715,44.627,356,1,646,496,60.943,46.792,470,44.340
4737,4737,157.900,1088.895,472.946,102.726,44.618,368,1,646,496,60.943,46.792,470,44.340
4738,4738,157.933,1089.213,472.852,102.756,44.609,363,1,646,496,60.943,46.792,470,44.340
4739,4739,157.967,1089.673,472.664,102.799,44.591,347,1,646,496,60.943,46.792,470,44.340
4740,4740,158.000,1089.805,472.659,102.812,44.590,356,1,646,496,60.943,46.792,470,44.340
4741,4741,158.033,1089.770,472.677,102.809,44.592,351,1,646,496,60.943,46.792,470,44.340
4742,4742,158.067,1089.793,472.681,102.811,44.593,345,1,646,496,60.943,46.792,470,44.340
4743,4743,158.100,1089.734,472.771,102.805,44.601,352,1,646,496,60.943,46.792,470,44.340
4744,4744,158.133,1089.767,472.738,102.808,44.598,353,1,646,496,60.943,46.792,470,44.340
4745,4745,158.167,1089.728,472.813,102.805,44.605,349,1,646,496,60.943,46.792,470,44.340
4746,4746,158.200,1089.630,472.904,102.795,44.614,352,1,646,496,60.943,46.792,470,44.340
4747,4747,158.233,1089.448,473.026,102.778,44.625,358,1,646,496,60.943,46.792,470,44.340
4748,4748,158.267,1089.264,473.099,102.761,44.632,351,1,646,496,60.943,46.792,470,44.340
4749,4749,158.300,1089.107,473.197,102.746,44.641,354,1,646,496,60.943,46.792,470,44.340
4750,4750,158.333,1088.930,473.291,102.729,44.650,357,1,646,496,60.943,46.792,470,44.340
4751,4751,158.367,1089.047,473.240,102.740,44.645,355,1,646,496,60.943,46.792,470,44.340
4752,4752,158.400,1088.664,473.495,102.704,44.669,365,1,646,496,60.943,46.792,470,44.340
4753,4753,158.433,1088.547,473.592,102.693,44.678,367,1,646,496,60.943,46.792,470,44.340
4754,4754,158.467,1088.597,473.623,102.698,44.681,365,1,646,496,60.943,46.792,470,44.340
4755,4755,158.500,1088.397,473.841,102.679,44.702,375,1,646,496,60.943,46.792,470,44.340
4756,4756,158.533,1088.551,473.740,102.693,44.692,377,1,646,496,60.943,46.792,470,44.340
4757,4757,158.567,1088.358,473.837,102.675,44.702,365,1,646,496,60.943,46.792,470,44.340
4758,4758,158.600,1088.155,474.006,102.656,44.718,370,1,646,496,60.943,46.792,470,44.340
4759,4759,158.633,1088.024,474.022,102.644,44.719,373,1,646,496,60.943,46.792,470,44.340
4760,4760,158.667,1088.087,474.026,102.650,44.719,367,1,646,496,60.943,46.792,470,44.340
4761,4761,158.700,1087.738,474.162,102.617,44.732,378,1,646,496,60.943,46.792,470,44.340
4762,4762,158.733,1087.575,474.359,102.601,44.751,377,1,646,496,60.943,46.792,470,44.340
4763,4763,158.767,1087.483,474.441,102.593,44.759,364,1,646,496,60.943,46.792,470,44.340
4764,4764,158.800,1087.297,474.494,102.575,44.764,373,1,646,496,60.943,46.792,470,44.340
4765,4765,158.833,1087.551,474.496,102.599,44.764,371,1,646,496,60.943,46.792,470,44.340
4766,4766,158.867,1087.709,474.466,102.614,44.761,362,1,646,496,60.943,46.792,470,44.340
4767,4767,158.900,1087.592,474.540,102.603,44.768,370,1,646,496,60.943,46.792,470,44.340
4768,4768,158.933,1087.408,474.604,102.586,44.774,368,1,646,496,60.943,46.792,470,44.340
4769,4769,158.967,1087.087,474.772,102.555,44.790,357,1,646,496,60.943,46.792,470,44.340
4770,4770,159.000,1086.641,475.114,102.513,44.822,362,1,646,496,60.943,46.792,470,44.340
4771,4771,159.033,1086.656,475.103,102.515,44.821,359,1,646,496,60.943,46.792,470,44.340
4772,4772,159.067,1086.490,475.313,102.499,44.841,346,1,646,496,60.943,46.792,470,44.340
4773,4773,159.100,1085.951,475.677,102.448,44.875,340,1,646,496,60.943,46.792,470,44.340
4774,4774,159.133,1085.722,475.797,102.427,44.887,341,1,646,496,60.943,46.792,470,44.340
4775,4775,159.167,1085.100,476.210,102.368,44.925,318,1,646,496,60.943,46.792,470,44.340
4776,4776,159.200,1084.862,476.418,102.345,44.945,320,1,646,496,60.943,46.792,470,44.340
4777,4777,159.233,1084.815,476.440,102.341,44.947,317,1,646,496,60.943,46.792,470,44.340
4778,4778,159.267,1084.638,476.623,102.324,44.964,306,1,646,496,60.943,46.792,470,44.340
4779,4779,159.300,1084.675,476.624,102.328,44.965,310,1,646,496,60.943,46.792,470,44.340
4780,4780,159.333,1084.498,476.765,102.311,44.978,317,1,646,496,60.943,46.792,470,44.340
4781,4781,159.367,1084.504,476.863,102.312,44.987,306,1,646,496,60.943,46.792,470,44.340
4782,4782,159.400,1084.466,476.959,102.308,44.996,315,1,646,496,60.943,46.792,470,44.340
4783,4783,159.433,1084.524,476.842,102.314,44.985,318,1,646,496,60.943,46.792,470,44.340
4784,4784,159.467,1084.446,476.812,102.306,44.982,313,1,646,496,60.943,46.792,470,44.340
4785,4785,159.500,1084.419,476.920,102.304,44.992,312,1,646,496,60.943,46.792,470,44.340
4786,4786,159.533,1084.405,476.900,102.302,44.991,316,1,646,496,60.943,46.792,470,44.340
4787,4787,159.567,1084.449,476.861,102.307,44.987,311,1,646,496,60.943,46.792,470,44.340
4788,4788,159.600,1084.235,477.020,102.286,45.002,324,1,646,496,60.943,46.792,470,44.340
4789,4789,159.633,1084.030,477.212,102.267,45.020,328,1,646,496,60.943,46.792,470,44.340
4790,4790,159.667,1083.900,477.280,102.255,45.026,324,1,646,496,60.943,46.792,470,44.340
4791,4791,159.700,1083.542,477.575,102.221,45.054,334,1,646,496,60.943,46.792,470,44.340
4792,4792,159.733,1083.555,477.543,102.222,45.051,332,1,646,496,60.943,46.792,470,44.340
4793,4793,159.767,1083.340,477.673,102.202,45.063,333,1,646,496,60.943,46.792,470,44.340
4794,4794,159.800,1082.879,478.037,102.158,45.098,351,1,646,496,60.943,46.792,470,44.340
4795,4795,159.833,1082.464,478.316,102.119,45.124,349,1,646,496,60.943,46.792,470,44.340
4796,4796,159.867,1082.214,478.467,102.096,45.138,345,1,646,496,60.943,46.792,470,44.340
4797,4797,159.900,1081.868,478.777,102.063,45.168,357,1,646,496,60.943,46.792,470,44.340
4798,4798,159.933,1081.712,478.903,102.048,45.180,364,1,646,496,60.943,46.792,470,44.340
4799,4799,159.967,1081.628,478.962,102.040,45.185,356,1,646,496,60.943,46.792,470,44.340
4800,4800,160.000,1081.378,479.083,102.017,45.197,367,1,646,496,60.943,46.792,470,44.340
4801,4801,160.033,1081.110,479.374,101.991,45.224,379,1,646,496,60.943,46.792,470,44.340
4802,4802,160.067,1080.667,479.686,101.950,45.253,367,1,646,496,60.943,46.792,470,44.340
4803,4803,160.100,1080.867,479.562,101.969,45.242,371,1,646,496,60.943,46.792,470,44.340
4804,4804,160.133,1080.676,479.673,101.951,45.252,376,1,646,496,60.943,46.792,470,44.340
4805,4805,160.167,1080.653,479.660,101.948,45.251,374,1,646,496,60.943,46.792,470,44.340
4806,4806,160.200,1080.643,479.696,101.947,45.254,375,1,646,496,60.943,46.792,470,44.340
4807,4807,160.233,1080.643,479.695,101.947,45.254,375,1,646,496,60.943,46.792,470,44.340
4808,4808,160.267,1080.436,479.825,101.928,45.266,375,1,646,496,60.943,46.792,470,44.340
4809,4809,160.300,1080.444,479.783,101.929,45.263,375,1,646,496,60.943,46.792,470,44.340
4810,4810,160.333,1080.231,479.961,101.909,45.279,380,1,646,496,60.943,46.792,470,44.340
4811,4811,160.367,1080.133,480.011,101.899,45.284,376,1,646,496,60.943,46.792,470,44.340
4812,4812,160.400,1080.207,479.987,101.906,45.282,380,1,646,496,60.943,46.792,470,44.340
4813,4813,160.433,1080.201,480.017,101.906,45.285,385,1,646,496,60.943,46.792,470,44.340
4814,4814,160.467,1080.413,479.873,101.926,45.271,378,1,646,496,60.943,46.792,470,44.340
4815,4815,160.500,1080.333,479.973,101.918,45.280,384,1,646,496,60.943,46.792,470,44.340
4816,4816,160.533,1080.087,480.194,101.895,45.301,386,1,646,496,60.943,46.792,470,44.340
4817,4817,160.567,1080.221,480.018,101.908,45.285,375,1,646,496,60.943,46.792,470,44.340
4818,4818,160.600,1080.055,480.140,101.892,45.296,381,1,646,496,60.943,46.792,470,44.340
4819,4819,160.633,1080.055,480.159,101.892,45.298,382,1,646,496,60.943,46.792,470,44.340
4820,4820,160.667,1080.087,480.111,101.895,45.293,380,1,646,496,60.943,46.792,470,44.340
4821,4821,160.700,1080.004,480.179,101.887,45.300,381,1,646,496,60.943,46.792,470,44.340
4822,4822,160.733,1080.022,480.202,101.889,45.302,386,1,646,496,60.943,46.792,470,44.340
4823,4823,160.767,1080.161,480.053,101.902,45.288,373,1,646,496,60.943,46.792,470,44.340
4824,4824,160.800,1080.070,480.073,101.893,45.290,379,1,646,496,60.943,46.792,470,44.340
4825,4825,160.833,1080.155,480.046,101.901,45.287,381,1,646,496,60.943,46.792,470,44.340
4826,4826,160.867,1080.383,479.882,101.923,45.272,372,1,646,496,60.943,46.792,470,44.340
4827,4827,160.900,1080.360,479.974,101.921,45.281,378,1,646,496,60.943,46.792,470,44.340
4828,4828,160.933,1080.299,480.001,101.915,45.283,380,1,646,496,60.943,46.792,470,44.340
4829,4829,160.967,1080.305,480.013,101.916,45.284,376,1,646,496,60.943,46.792,470,44.340
4830,4830,161.000,1080.259,480.077,101.911,45.290,378,1,646,496,60.943,46.792,470,44.340
4831,4831,161.033,1080.277,480.086,101.913,45.291,390,1,646,496,60.943,46.792,470,44.340
4832,4832,161.067,1080.053,480.181,101.892,45.300,371,1,646,496,60.943,46.792,470,44.340
4833,4833,161.100,1079.819,480.391,101.870,45.320,375,1,646,496,60.943,46.792,470,44.340
4834,4834,161.133,1079.644,480.612,101.853,45.341,377,1,646,496,60.943,46.792,470,44.340
4835,4835,161.167,1079.696,480.531,101.858,45.333,363,1,646,496,60.943,46.792,470,44.340
4836,4836,161.200,1079.396,480.753,101.830,45.354,368,1,646,496,60.943,46.792,470,44.340
4837,4837,161.233,1078.998,481.094,101.792,45.386,381,1,646,496,60.943,46.792,470,44.340
4838,4838,161.267,1078.434,481.555,101.739,45.430,355,1,646,496,60.943,46.792,470,44.340
4839,4839,161.300,1078.284,481.753,101.725,45.448,355,1,646,496,60.943,46.792,470,44.340
4840,4840,161.333,1078.222,481.873,101.719,45.460,351,1,646,496,60.943,46.792,470,44.340
4841,4841,161.367,1078.310,481.846,101.727,45.457,325,1,646,496,60.943,46.792,470,44.340
4842,4842,161.400,1078.223,481.926,101.719,45.465,328,1,646,496,60.943,46.792,470,44.340
4843,4843,161.433,1078.121,482.005,101.710,45.472,332,1,646,496,60.943,46.792,470,44.340
4844,4844,161.467,1077.964,482.121,101.695,45.483,318,1,646,496,60.943,46.792,470,44.340
4845,4845,161.500,1077.965,482.228,101.695,45.493,327,1,646,496,60.943,46.792,470,44.340
4846,4846,161.533,1078.176,482.071,101.715,45.478,329,1,646,496,60.943,46.792,470,44.340
4847,4847,161.567,1078.366,481.889,101.733,45.461,317,1,646,496,60.943,46.792,470,44.340
4848,4848,161.600,1078.395,481.866,101.735,45.459,319,1,646,496,60.943,46.792,470,44.340
4849,4849,161.633,1078.131,482.084,101.711,45.480,333,1,646,496,60.943,46.792,470,44.340
4850,4850,161.667,1078.269,481.968,101.723,45.469,323,1,646,496,60.943,46.792,470,44.340
4851,4851,161.700,1078.204,482.050,101.717,45.476,322,1,646,496,60.943,46.792,470,44.340
4852,4852,161.733,1078.164,482.124,101.714,45.483,336,1,646,496,60.943,46.792,470,44.340
4853,4853,161.767,1078.242,482.055,101.721,45.477,325,1,646,496,60.943,46.792,470,44.340
4854,4854,161.800,1078.117,482.132,101.709,45.484,323,1,646,496,60.943,46.792,470,44.340
4855,4855,161.833,1077.675,482.572,101.667,45.526,340,1,646,496,60.943,46.792,470,44.340
4856,4856,161.867,1077.555,482.690,101.656,45.537,343,1,646,496,60.943,46.792,470,44.340
4857,4857,161.900,1077.391,482.880,101.641,45.555,349,1,646,496,60.943,46.792,470,44.340
4858,4858,161.933,1077.256,482.917,101.628,45.558,361,1,646,496,60.943,46.792,470,44.340
4859,4859,161.967,1077.139,483.133,101.617,45.579,348,1,646,496,60.943,46.792,470,44.340
4860,4860,162.000,1076.809,483.390,101.586,45.603,351,1,646,496,60.943,46.792,470,44.340
4861,4861,162.033,1076.625,483.680,101.568,45.630,365,1,646,496,60.943,46.792,470,44.340
4862,4862,162.067,1076.501,483.711,101.557,45.633,358,1,646,496,60.943,46.792,470,44.340
4863,4863,162.100,1076.429,483.795,101.550,45.641,360,1,646,496,60.943,46.792,470,44.340
4864,4864,162.133,1076.563,483.667,101.563,45.629,367,1,646,496,60.943,46.792,470,44.340
4865,4865,162.167,1076.624,483.603,101.568,45.623,365,1,646,496,60.943,46.792,470,44.340
4866,4866,162.200,1076.676,483.614,101.573,45.624,364,1,646,496,60.943,46.792,470,44.340
4867,4867,162.233,1076.815,483.522,101.586,45.615,360,1,646,496,60.943,46.792,470,44.340
4868,4868,162.267,1076.791,483.548,101.584,45.618,361,1,646,496,60.943,46.792,470,44.340
4869,4869,162.300,1076.846,483.477,101.589,45.611,359,1,646,496,60.943,46.792,470,44.340
4870,4870,162.333,1076.826,483.483,101.587,45.612,360,1,646,496,60.943,46.792,470,44.340
4871,4871,162.367,1076.936,483.382,101.598,45.602,358,1,646,496,60.943,46.792,470,44.340
4872,4872,162.400,1076.794,483.529,101.584,45.616,362,1,646,496,60.943,46.792,470,44.340
4873,4873,162.433,1076.583,483.751,101.564,45.637,367,1,646,496,60.943,46.792,470,44.340
4874,4874,162.467,1076.116,484.143,101.520,45.674,368,1,646,496,60.943,46.792,470,44.340
4875,4875,162.500,1075.966,484.276,101.506,45.686,371,1,646,496,60.943,46.792,470,44.340
4876,4876,162.533,1075.630,484.619,101.474,45.719,382,1,646,496,60.943,46.792,470,44.340
4877,4877,162.567,1075.827,484.464,101.493,45.704,379,1,646,496,60.943,46.792,470,44.340
4878,4878,162.600,1075.781,484.493,101.489,45.707,380,1,646,496,60.943,46.792,470,44.340
4879,4879,162.633,1075.603,484.636,101.472,45.720,385,1,646,496,60.943,46.792,470,44.340
4880,4880,162.667,1075.476,484.692,101.460,45.726,381,1,646,496,60.943,46.792,470,44.340
4881,4881,162.700,1075.503,484.677,101.463,45.724,382,1,646,496,60.943,46.792,470,44.340
4882,4882,162.733,1075.370,484.748,101.450,45.731,381,1,646,496,60.943,46.792,470,44.340
4883,4883,162.767,1075.472,484.741,101.460,45.730,377,1,646,496,60.943,46.792,470,44.340
4884,4884,162.800,1075.398,484.806,101.453,45.736,379,1,646,496,60.943,46.792,470,44.340
4885,4885,162.833,1075.318,484.854,101.445,45.741,386,1,646,496,60.943,46.792,470,44.340
4886,4886,162.867,1074.928,485.198,101.408,45.773,383,1,646,496,60.943,46.792,470,44.340
4887,4887,162.900,1074.732,485.417,101.390,45.794,387,1,646,496,60.943,46.792,470,44.340
4888,4888,162.933,1074.546,485.473,101.372,45.799,395,1,646,496,60.943,46.792,470,44.340
4889,4889,162.967,1074.621,485.424,101.379,45.795,393,1,646,496,60.943,46.792,470,44.340
4890,4890,163.000,1074.616,485.439,101.379,45.796,393,1,646,496,60.943,46.792,470,44.340
4891,4891,163.033,1074.496,485.556,101.368,45.807,397,1,646,496,60.943,46.792,470,44.340
4892,4892,163.067,1074.667,485.397,101.384,45.792,389,1,646,496,60.943,46.792,470,44.340
4893,4893,163.100,1074.691,485.460,101.386,45.798,382,1,646,496,60.943,46.792,470,44.340
4894,4894,163.133,1074.630,485.413,101.380,45.794,391,1,646,496,60.943,46.792,470,44.340
4895,4895,163.167,1074.688,485.420,101.386,45.794,388,1,646,496,60.943,46.792,470,44.340
4896,4896,163.200,1074.661,485.463,101.383,45.798,389,1,646,496,60.943,46.792,470,44.340
4897,4897,163.233,1074.629,485.465,101.380,45.799,392,1,646,496,60.943,46.792,470,44.340
4898,4898,163.267,1074.829,485.298,101.399,45.783,389,1,646,496,60.943,46.792,470,44.340
4899,4899,163.300,1074.843,485.285,101.400,45.782,389,1,646,496,60.943,46.792,470,44.340
4900,4900,163.333,1074.684,485.388,101.385,45.791,399,1,646,496,60.943,46.792,470,44.340
4901,4901,163.367,1074.666,485.505,101.384,45.802,388,1,646,496,60.943,46.792,470,44.340
4902,4902,163.400,1074.698,485.505,101.387,45.802,386,1,646,496,60.943,46.792,470,44.340
4903,4903,163.433,1074.718,485.472,101.388,45.799,398,1,646,496,60.943,46.792,470,44.340
4904,4904,163.467,1074.861,485.351,101.402,45.788,395,1,646,496,60.943,46.792,470,44.340
4905,4905,163.500,1074.700,485.481,101.387,45.800,396,1,646,496,60.943,46.792,470,44.340
4906,4906,163.533,1074.681,485.495,101.385,45.801,395,1,646,496,60.943,46.792,470,44.340
4907,4907,163.567,1074.873,485.311,101.403,45.784,386,1,646,496,60.943,46.792,470,44.340
4908,4908,163.600,1074.847,485.366,101.401,45.789,383,1,646,496,60.943,46.792,470,44.340
4909,4909,163.633,1074.992,485.290,101.414,45.782,389,1,646,496,60.943,46.792,470,44.340
4910,4910,163.667,1074.828,485.416,101.399,45.794,385,1,646,496,60.943,46.792,470,44.340
4911,4911,163.700,1074.820,485.423,101.398,45.795,385,1,646,496,60.943,46.792,470,44.340
4912,4912,163.733,1074.705,485.539,101.387,45.806,387,1,646,496,60.943,46.792,470,44.340
4913,4913,163.767,1074.860,485.357,101.402,45.788,383,1,646,496,60.943,46.792,470,44.340
4914,4914,163.800,1074.843,485.319,101.400,45.785,380,1,646,496,60.943,46.792,470,44.340
4915,4915,163.833,1074.977,485.298,101.413,45.783,387,1,646,496,60.943,46.792,470,44.340
4916,4916,163.867,1075.411,484.819,101.454,45.738,374,1,646,496,60.943,46.792,470,44.340
4917,4917,163.900,1075.575,484.717,101.469,45.728,373,1,646,496,60.943,46.792,470,44.340
4918,4918,163.933,1076.274,484.158,101.535,45.675,364,1,646,496,60.943,46.792,470,44.340
4919,4919,163.967,1077.080,483.469,101.611,45.610,346,1,646,496,60.943,46.792,470,44.340
4920,4920,164.000,1077.600,483.055,101.660,45.571,332,1,646,496,60.943,46.792,470,44.340
4921,4921,164.033,1078.084,482.883,101.706,45.555,337,1,646,496,60.943,46.792,470,44.340
4922,4922,164.067,1078.318,482.600,101.728,45.528,322,1,646,496,60.943,46.792,470,44.340
4923,4923,164.100,1078.319,482.665,101.728,45.534,326,1,646,496,60.943,46.792,470,44.340
4924,4924,164.133,1078.275,483.077,101.724,45.573,346,1,646,496,60.943,46.792,470,44.340
4925,4925,164.167,1078.316,483.114,101.728,45.577,342,1,646,496,60.943,46.792,470,44.340
4926,4926,164.200,1078.232,483.376,101.720,45.601,345,1,646,496,60.943,46.792,470,44.340
4927,4927,164.233,1078.300,483.741,101.726,45.636,354,1,646,496,60.943,46.792,470,44.340
4928,4928,164.267,1078.225,483.819,101.719,45.643,352,1,646,496,60.943,46.792,470,44.340
4929,4929,164.300,1078.178,483.871,101.715,45.648,347,1,646,496,60.943,46.792,470,44.340
4930,4930,164.333,1078.148,483.969,101.712,45.657,353,1,646,496,60.943,46.792,470,44.340
4931,4931,164.367,1078.168,483.936,101.714,45.654,352,1,646,496,60.943,46.792,470,44.340
4932,4932,164.400,1078.139,483.937,101.711,45.654,346,1,646,496,60.943,46.792,470,44.340
4933,4933,164.433,1078.029,483.997,101.701,45.660,356,1,646,496,60.943,46.792,470,44.340
4934,4934,164.467,1077.921,483.535,101.691,45.617,342,1,646,496,60.943,46.792,470,44.340
4935,4935,164.500,1078.003,483.098,101.698,45.575,331,1,646,496,60.943,46.792,470,44.340
4936,4936,164.533,1077.887,482.570,101.687,45.525,328,1,646,496,60.943,46.792,470,44.340
4937,4937,164.567,1078.566,481.654,101.752,45.439,312,1,646,496,60.943,46.792,470,44.340
4938,4938,164.600,1078.801,481.514,101.774,45.426,308,1,646,496,60.943,46.792,470,44.340
4939,4939,164.633,1078.847,481.456,101.778,45.420,315,1,646,496,60.943,46.792,470,44.340
4940,4940,164.667,1079.363,480.938,101.827,45.372,300,1,646,496,60.943,46.792,470,44.340
4941,4941,164.700,1079.048,481.095,101.797,45.386,303,1,646,496,60.943,46.792,470,44.340
4942,4942,164.733,1078.916,480.971,101.784,45.375,315,1,646,496,60.943,46.792,470,44.340
4943,4943,164.767,1078.858,480.909,101.779,45.369,310,1,646,496,60.943,46.792,470,44.340
4944,4944,164.800,1079.138,480.708,101.805,45.350,304,1,646,496,60.943,46.792,470,44.340
4945,4945,164.833,1079.184,480.777,101.810,45.356,319,1,646,496,60.943,46.792,470,44.340
4946,4946,164.867,1079.053,480.934,101.797,45.371,315,1,646,496,60.943,46.792,470,44.340
4947,4947,164.900,1079.070,480.922,101.799,45.370,312,1,646,496,60.943,46.792,470,44.340
4948,4948,164.933,1079.134,480.852,101.805,45.363,319,1,646,496,60.943,46.792,470,44.340
4949,4949,164.967,1079.392,480.771,101.829,45.356,312,1,646,496,60.943,46.792,470,44.340
4950,4950,165.000,1079.351,480.802,101.826,45.359,309,1,646,496,60.943,46.792,470,44.340
4951,4951,165.033,1079.426,480.783,101.833,45.357,312,1,646,496,60.943,46.792,470,44.340
4952,4952,165.067,1079.439,480.789,101.834,45.357,313,1,646,496,60.943,46.792,470,44.340
4953,4953,165.100,1079.559,480.775,101.845,45.356,310,1,646,496,60.943,46.792,470,44.340
4954,4954,165.133,1079.609,480.701,101.850,45.349,308,1,646,496,60.943,46.792,470,44.340
4955,4955,165.167,1079.560,480.806,101.845,45.359,311,1,646,496,60.943,46.792,470,44.340
4956,4956,165.200,1079.696,480.660,101.858,45.345,303,1,646,496,60.943,46.792,470,44.340
4957,4957,165.233,1079.809,480.608,101.869,45.340,310,1,646,496,60.943,46.792,470,44.340
4958,4958,165.267,1080.051,480.511,101.892,45.331,310,1,646,496,60.943,46.792,470,44.340
4959,4959,165.300,1080.296,480.316,101.915,45.313,302,1,646,496,60.943,46.792,470,44.340
4960,4960,165.333,1080.616,480.132,101.945,45.296,316,1,646,496,60.943,46.792,470,44.340
4961,4961,165.367,1081.093,479.700,101.990,45.255,310,1,646,496,60.943,46.792,470,44.340
4962,4962,165.400,1081.340,479.541,102.013,45.240,306,1,646,496,60.943,46.792,470,44.340
4963,4963,165.433,1081.818,479.167,102.058,45.204,316,1,646,496,60.943,46.792,470,44.340
4964,4964,165.467,1082.318,478.755,102.105,45.166,316,1,646,496,60.943,46.792,470,44.340
4965,4965,165.500,1082.886,478.245,102.159,45.117,300,1,646,496,60.943,46.792,470,44.340
4966,4966,165.533,1083.244,477.953,102.193,45.090,313,1,646,496,60.943,46.792,470,44.340
4967,4967,165.567,1083.732,477.578,102.239,45.055,311,1,646,496,60.943,46.792,470,44.340
4968,4968,165.600,1084.186,477.201,102.282,45.019,307,1,646,496,60.943,46.792,470,44.340
4969,4969,165.633,1084.500,476.716,102.311,44.973,318,1,646,496,60.943,46.792,470,44.340
4970,4970,165.667,1084.709,476.391,102.331,44.943,315,1,646,496,60.943,46.792,470,44.340
4971,4971,165.700,1085.509,476.077,102.406,44.913,295,1,646,496,60.943,46.792,470,44.340
4972,4972,165.733,1085.280,476.070,102.385,44.912,302,1,646,496,60.943,46.792,470,44.340
4973,4973,165.767,1085.510,475.940,102.407,44.900,296,1,646,496,60.943,46.792,470,44.340
4974,4974,165.800,1085.452,475.939,102.401,44.900,294,1,646,496,60.943,46.792,470,44.340
4975,4975,165.833,1085.491,475.965,102.405,44.902,296,1,646,496,60.943,46.792,470,44.340
4976,4976,165.867,1085.447,475.960,102.401,44.902,301,1,646,496,60.943,46.792,470,44.340
4977,4977,165.900,1085.550,475.918,102.410,44.898,292,1,646,496,60.943,46.792,470,44.340
4978,4978,165.933,1085.271,475.886,102.384,44.895,300,1,646,496,60.943,46.792,470,44.340
4979,4979,165.967,1085.313,475.883,102.388,44.895,301,1,646,496,60.943,46.792,470,44.340
4980,4980,166.000,1085.442,475.770,102.400,44.884,295,1,646,496,60.943,46.792,470,44.340
4981,4981,166.033,1085.112,475.678,102.369,44.875,307,1,646,496,60.943,46.792,470,44.340
4982,4982,166.067,1085.147,475.498,102.372,44.858,305,1,646,496,60.943,46.792,470,44.340
4983,4983,166.100,1085.087,475.448,102.367,44.854,287,1,646,496,60.943,46.792,470,44.340
4984,4984,166.133,1084.905,475.308,102.349,44.840,297,1,646,496,60.943,46.792,470,44.340
4985,4985,166.167,1084.873,475.224,102.346,44.832,298,1,646,496,60.943,46.792,470,44.340
4986,4986,166.200,1084.873,475.224,102.346,44.832,298,1,646,496,60.943,46.792,470,44.340
4987,4987,166.233,1084.706,475.050,102.331,44.816,303,1,646,496,60.943,46.792,470,44.340
4988,4988,166.267,1084.812,475.071,102.341,44.818,302,1,646,496,60.943,46.792,470,44.340
4989,4989,166.300,1084.831,475.108,102.343,44.822,298,1,646,496,60.943,46.792,470,44.340
4990,4990,166.333,1084.519,475.008,102.313,44.812,326,1,646,496,60.943,46.792,470,44.340
4991,4991,166.367,1084.492,474.974,102.311,44.809,325,1,646,496,60.943,46.792,470,44.340
4992,4992,166.400,1084.553,474.889,102.316,44.801,307,1,646,496,60.943,46.792,470,44.340
4993,4993,166.433,1084.403,474.743,102.302,44.787,317,1,646,496,60.943,46.792,470,44.340
4994,4994,166.467,1084.529,474.659,102.314,44.779,316,1,646,496,60.943,46.792,470,44.340
4995,4995,166.500,1084.644,474.462,102.325,44.761,310,1,646,496,60.943,46.792,470,44.340
4996,4996,166.533,1084.612,474.328,102.322,44.748,317,1,646,496,60.943,46.792,470,44.340
4997,4997,166.567,1084.792,474.420,102.339,44.757,313,1,646,496,60.943,46.792,470,44.340
4998,4998,166.600,1084.846,474.225,102.344,44.738,303,1,646,496,60.943,46.792,470,44.340
4999,4999,166.633,1084.805,474.200,102.340,44.736,307,1,646,496,60.943,46.792,470,44.340
5000,5000,166.667,1084.633,474.162,102.324,44.732,311,1,646,496,60.943,46.792,470,44.340
5001,5001,166.700,1084.582,474.152,102.319,44.731,311,1,646,496,60.943,46.792,470,44.340
5002,5002,166.733,1084.449,473.979,102.307,44.715,319,1,646,496,60.943,46.792,470,44.340
5003,5003,166.767,1084.428,473.844,102.305,44.702,333,1,646,496,60.943,46.792,470,44.340
5004,5004,166.800,1084.366,473.760,102.299,44.694,330,1,646,496,60.943,46.792,470,44.340
5005,5005,166.833,1084.351,473.769,102.297,44.695,330,1,646,496,60.943,46.792,470,44.340
5006,5006,166.867,1084.066,473.551,102.270,44.675,340,1,646,496,60.943,46.792,470,44.340
5007,5007,166.900,1084.066,473.501,102.270,44.670,334,1,646,496,60.943,46.792,470,44.340
5008,5008,166.933,1084.094,473.512,102.273,44.671,338,1,646,496,60.943,46.792,470,44.340
5009,5009,166.967,1083.967,473.353,102.261,44.656,344,1,646,496,60.943,46.792,470,44.340
5010,5010,167.000,1084.136,473.237,102.277,44.645,332,1,646,496,60.943,46.792,470,44.340
5011,5011,167.033,1084.260,473.072,102.289,44.629,325,1,646,496,60.943,46.792,470,44.340
5012,5012,167.067,1084.186,472.772,102.282,44.601,327,1,646,496,60.943,46.792,470,44.340
5013,5013,167.100,1084.491,472.576,102.310,44.583,310,1,646,496,60.943,46.792,470,44.340
5014,5014,167.133,1084.518,472.273,102.313,44.554,309,1,646,496,60.943,46.792,470,44.340
5015,5015,167.167,1084.432,471.995,102.305,44.528,314,1,646,496,60.943,46.792,470,44.340
5016,5016,167.200,1084.719,471.832,102.332,44.512,305,1,646,496,60.943,46.792,470,44.340
5017,5017,167.233,1084.708,471.684,102.331,44.498,305,1,646,496,60.943,46.792,470,44.340
5018,5018,167.267,1084.507,471.548,102.312,44.486,310,1,646,496,60.943,46.792,470,44.340
5019,5019,167.300,1084.380,471.372,102.300,44.469,306,1,646,496,60.943,46.792,470,44.340
5020,5020,167.333,1084.235,471.202,102.286,44.453,312,1,646,496,60.943,46.792,470,44.340
5021,5021,167.367,1084.387,471.255,102.301,44.458,312,1,646,496,60.943,46.792,470,44.340
5022,5022,167.400,1084.413,471.309,102.303,44.463,307,1,646,496,60.943,46.792,470,44.340
5023,5023,167.433,1084.236,471.148,102.286,44.448,314,1,646,496,60.943,46.792,470,44.340
5024,5024,167.467,1083.976,471.061,102.262,44.440,316,1,646,496,60.943,46.792,470,44.340
5025,5025,167.500,1083.947,471.013,102.259,44.435,316,1,646,496,60.943,46.792,470,44.340
5026,5026,167.533,1083.728,470.827,102.239,44.418,319,1,646,496,60.943,46.792,470,44.340
5027,5027,167.567,1083.308,470.687,102.199,44.404,327,1,646,496,60.943,46.792,470,44.340
5028,5028,167.600,1083.184,470.532,102.187,44.390,323,1,646,496,60.943,46.792,470,44.340
5029,5029,167.633,1083.025,470.416,102.172,44.379,326,1,646,496,60.943,46.792,470,44.340
5030,5030,167.667,1082.688,470.424,102.140,44.380,334,1,646,496,60.943,46.792,470,44.340
5031,5031,167.700,1082.670,470.238,102.139,44.362,328,1,646,496,60.943,46.792,470,44.340
5032,5032,167.733,1082.671,470.238,102.139,44.362,328,1,646,496,60.943,46.792,470,44.340
5033,5033,167.767,1082.613,470.154,102.133,44.354,334,1,646,496,60.943,46.792,470,44.340
5034,5034,167.800,1082.488,470.206,102.121,44.359,329,1,646,496,60.943,46.792,470,44.340
5035,5035,167.833,1082.318,470.175,102.106,44.356,329,1,646,496,60.943,46.792,470,44.340
5036,5036,167.867,1082.080,470.057,102.083,44.345,334,1,646,496,60.943,46.792,470,44.340
5037,5037,167.900,1081.972,469.889,102.073,44.329,321,1,646,496,60.943,46.792,470,44.340
5038,5038,167.933,1081.924,469.775,102.068,44.318,324,1,646,496,60.943,46.792,470,44.340
5039,5039,167.967,1081.865,469.706,102.063,44.312,324,1,646,496,60.943,46.792,470,44.340
5040,5040,168.000,1081.862,469.456,102.062,44.288,308,1,646,496,60.943,46.792,470,44.340
5041,5041,168.033,1082.218,469.358,102.096,44.279,313,1,646,496,60.943,46.792,470,44.340
5042,5042,168.067,1082.118,469.108,102.087,44.255,318,1,646,496,60.943,46.792,470,44.340
5043,5043,168.100,1081.957,468.886,102.071,44.235,308,1,646,496,60.943,46.792,470,44.340
5044,5044,168.133,1082.034,468.844,102.079,44.231,306,1,646,496,60.943,46.792,470,44.340
5045,5045,168.167,1082.254,468.781,102.099,44.225,307,1,646,496,60.943,46.792,470,44.340
5046,5046,168.200,1082.227,468.690,102.097,44.216,306,1,646,496,60.943,46.792,470,44.340
5047,5047,168.233,1082.313,468.698,102.105,44.217,307,1,646,496,60.943,46.792,470,44.340
5048,5048,168.267,1082.439,468.776,102.117,44.224,312,1,646,496,60.943,46.792,470,44.340
5049,5049,168.300,1082.675,468.770,102.139,44.224,303,1,646,496,60.943,46.792,470,44.340
5050,5050,168.333,1082.884,468.759,102.159,44.223,304,1,646,496,60.943,46.792,470,44.340
5051,5051,168.367,1082.882,468.678,102.159,44.215,305,1,646,496,60.943,46.792,470,44.340
5052,5052,168.400,1083.060,468.708,102.175,44.218,302,1,646,496,60.943,46.792,470,44.340
5053,5053,168.433,1083.053,468.708,102.175,44.218,301,1,646,496,60.943,46.792,470,44.340
5054,5054,168.467,1082.608,468.425,102.133,44.191,316,1,646,496,60.943,46.792,470,44.340
5055,5055,168.500,1082.653,468.479,102.137,44.196,317,1,646,496,60.943,46.792,470,44.340
5056,5056,168.533,1082.626,468.456,102.135,44.194,317,1,646,496,60.943,46.792,470,44.340
5057,5057,168.567,1082.122,468.306,102.087,44.180,338,1,646,496,60.943,46.792,470,44.340
5058,5058,168.600,1081.991,468.189,102.075,44.169,334,1,646,496,60.943,46.792,470,44.340
5059,5059,168.633,1081.775,468.038,102.054,44.155,331,1,646,496,60.943,46.792,470,44.340
5060,5060,168.667,1081.395,467.679,102.018,44.121,348,1,646,496,60.943,46.792,470,44.340
5061,5061,168.700,1081.068,467.315,101.988,44.086,349,1,646,496,60.943,46.792,470,44.340
5062,5062,168.733,1081.052,467.330,101.986,44.088,348,1,646,496,60.943,46.792,470,44.340
5063,5063,168.767,1080.912,467.236,101.973,44.079,357,1,646,496,60.943,46.792,470,44.340
5064,5064,168.800,1080.850,467.076,101.967,44.064,355,1,646,496,60.943,46.792,470,44.340
5065,5065,168.833,1080.840,467.058,101.966,44.062,350,1,646,496,60.943,46.792,470,44.340
5066,5066,168.867,1080.248,466.714,101.910,44.030,365,1,646,496,60.943,46.792,470,44.340
5067,5067,168.900,1080.094,466.590,101.896,44.018,362,1,646,496,60.943,46.792,470,44.340
5068,5068,168.933,1079.987,466.523,101.886,44.012,352,1,646,496,60.943,46.792,470,44.340
5069,5069,168.967,1079.466,466.248,101.836,43.986,360,1,646,496,60.943,46.792,470,44.340
5070,5070,169.000,1079.249,466.119,101.816,43.973,356,1,646,496,60.943,46.792,470,44.340
5071,5071,169.033,1079.262,466.192,101.817,43.980,347,1,646,496,60.943,46.792,470,44.340
5072,5072,169.067,1079.106,466.087,101.802,43.970,359,1,646,496,60.943,46.792,470,44.340
5073,5073,169.100,1078.750,465.797,101.769,43.943,361,1,646,496,60.943,46.792,470,44.340
5074,5074,169.133,1078.600,465.778,101.755,43.941,357,1,646,496,60.943,46.792,470,44.340
5075,5075,169.167,1078.205,465.501,101.717,43.915,367,1,646,496,60.943,46.792,470,44.340
5076,5076,169.200,1078.228,465.545,101.720,43.919,359,1,646,496,60.943,46.792,470,44.340
5077,5077,169.233,1077.898,465.429,101.689,43.908,347,1,646,496,60.943,46.792,470,44.340
5078,5078,169.267,1077.540,465.126,101.655,43.880,340,1,646,496,60.943,46.792,470,44.340
5079,5079,169.300,1077.569,465.214,101.657,43.888,336,1,646,496,60.943,46.792,470,44.340
5080,5080,169.333,1077.549,465.099,101.656,43.877,324,1,646,496,60.943,46.792,470,44.340
5081,5081,169.367,1077.634,465.319,101.664,43.898,334,1,646,496,60.943,46.792,470,44.340
5082,5082,169.400,1077.449,465.265,101.646,43.893,327,1,646,496,60.943,46.792,470,44.340
5083,5083,169.433,1077.407,465.170,101.642,43.884,324,1,646,496,60.943,46.792,470,44.340
5084,5084,169.467,1077.470,465.155,101.648,43.883,327,1,646,496,60.943,46.792,470,44.340
5085,5085,169.500,1077.259,465.112,101.628,43.878,318,1,646,496,60.943,46.792,470,44.340
5086,5086,169.533,1077.293,465.070,101.631,43.874,317,1,646,496,60.943,46.792,470,44.340
5087,5087,169.567,1077.409,465.166,101.642,43.884,333,1,646,496,60.943,46.792,470,44.340
5088,5088,169.600,1077.526,465.239,101.653,43.890,321,1,646,496,60.943,46.792,470,44.340
5089,5089,169.633,1077.449,465.083,101.646,43.876,323,1,646,496,60.943,46.792,470,44.340
5090,5090,169.667,1077.397,465.035,101.641,43.871,328,1,646,496,60.943,46.792,470,44.340
5091,5091,169.700,1077.389,465.037,101.640,43.871,325,1,646,496,60.943,46.792,470,44.340
5092,5092,169.733,1077.594,465.108,101.660,43.878,324,1,646,496,60.943,46.792,470,44.340
5093,5093,169.767,1077.469,464.869,101.648,43.856,333,1,646,496,60.943,46.792,470,44.340
5094,5094,169.800,1077.520,464.883,101.653,43.857,332,1,646,496,60.943,46.792,470,44.340
5095,5095,169.833,1077.342,464.651,101.636,43.835,336,1,646,496,60.943,46.792,470,44.340
5096,5096,169.867,1077.009,464.309,101.605,43.803,347,1,646,496,60.943,46.792,470,44.340
5097,5097,169.900,1076.977,464.302,101.602,43.802,353,1,646,496,60.943,46.792,470,44.340
5098,5098,169.933,1076.870,464.191,101.591,43.792,355,1,646,496,60.943,46.792,470,44.340
5099,5099,169.967,1076.567,463.842,101.563,43.759,365,1,646,496,60.943,46.792,470,44.340
5100,5100,170.000,1076.504,463.811,101.557,43.756,362,1,646,496,60.943,46.792,470,44.340
5101,5101,170.033,1076.295,463.461,101.537,43.723,362,1,646,496,60.943,46.792,470,44.340
5102,5102,170.067,1075.915,463.115,101.501,43.690,381,1,646,496,60.943,46.792,470,44.340
5103,5103,170.100,1075.704,462.955,101.482,43.675,375,1,646,496,60.943,46.792,470,44.340
5104,5104,170.133,1075.597,462.887,101.471,43.669,370,1,646,496,60.943,46.792,470,44.340
5105,5105,170.167,1075.111,462.416,101.426,43.624,387,1,646,496,60.943,46.792,470,44.340
5106,5106,170.200,1074.994,462.300,101.415,43.613,385,1,646,496,60.943,46.792,470,44.340
5107,5107,170.233,1074.994,462.300,101.415,43.613,385,1,646,496,60.943,46.792,470,44.340
5108,5108,170.267,1074.847,462.160,101.401,43.600,389,1,646,496,60.943,46.792,470,44.340
5109,5109,170.300,1074.580,461.887,101.375,43.574,385,1,646,496,60.943,46.792,470,44.340
5110,5110,170.333,1074.563,461.871,101.374,43.573,384,1,646,496,60.943,46.792,470,44.340
5111,5111,170.367,1074.202,461.530,101.340,43.541,398,1,646,496,60.943,46.792,470,44.340
5112,5112,170.400,1074.214,461.545,101.341,43.542,394,1,646,496,60.943,46.792,470,44.340
5113,5113,170.433,1074.294,461.642,101.348,43.551,390,1,646,496,60.943,46.792,470,44.340
5114,5114,170.467,1074.202,461.531,101.340,43.541,390,1,646,496,60.943,46.792,470,44.340
5115,5115,170.500,1074.226,461.551,101.342,43.543,389,1,646,496,60.943,46.792,470,44.340
5116,5116,170.533,1074.264,461.553,101.346,43.543,387,1,646,496,60.943,46.792,470,44.340
5117,5117,170.567,1074.189,461.545,101.339,43.542,394,1,646,496,60.943,46.792,470,44.340
5118,5118,170.600,1074.151,461.443,101.335,43.532,393,1,646,496,60.943,46.792,470,44.340
5119,5119,170.633,1074.262,461.543,101.345,43.542,385,1,646,496,60.943,46.792,470,44.340
5120,5120,170.667,1074.338,461.661,101.353,43.553,389,1,646,496,60.943,46.792,470,44.340
5121,5121,170.700,1074.260,461.590,101.345,43.546,391,1,646,496,60.943,46.792,470,44.340
5122,5122,170.733,1074.306,461.644,101.350,43.551,391,1,646,496,60.943,46.792,470,44.340
5123,5123,170.767,1074.246,461.619,101.344,43.549,393,1,646,496,60.943,46.792,470,44.340
5124,5124,170.800,1074.246,461.619,101.344,43.549,393,1,646,496,60.943,46.792,470,44.340
5125,5125,170.833,1074.400,461.748,101.358,43.561,390,1,646,496,60.943,46.792,470,44.340
5126,5126,170.867,1074.160,461.489,101.336,43.537,402,1,646,496,60.943,46.792,470,44.340
5127,5127,170.900,1074.127,461.400,101.333,43.528,402,1,646,496,60.943,46.792,470,44.340
5128,5128,170.933,1074.128,461.382,101.333,43.527,402,1,646,496,60.943,46.792,470,44.340
5129,5129,170.967,1073.986,461.298,101.319,43.519,405,1,646,496,60.943,46.792,470,44.340
5130,5130,171.000,1073.913,461.232,101.313,43.512,405,1,646,496,60.943,46.792,470,44.340
5131,5131,171.033,1073.766,461.093,101.299,43.499,401,1,646,496,60.943,46.792,470,44.340
5132,5132,171.067,1073.834,461.189,101.305,43.508,405,1,646,496,60.943,46.792,470,44.340
5133,5133,171.100,1073.671,461.025,101.290,43.493,405,1,646,496,60.943,46.792,470,44.340
5134,5134,171.133,1073.670,461.003,101.290,43.491,401,1,646,496,60.943,46.792,470,44.340
5135,5135,171.167,1073.556,460.944,101.279,43.485,409,1,646,496,60.943,46.792,470,44.340
5136,5136,171.200,1073.532,460.897,101.277,43.481,409,1,646,496,60.943,46.792,470,44.340
5137,5137,171.233,1073.426,460.843,101.267,43.476,403,1,646,496,60.943,46.792,470,44.340
5138,5138,171.267,1073.132,460.586,101.239,43.452,407,1,646,496,60.943,46.792,470,44.340
5139,5139,171.300,1072.869,460.417,101.214,43.436,399,1,646,496,60.943,46.792,470,44.340
5140,5140,171.333,1072.712,460.307,101.199,43.425,382,1,646,496,60.943,46.792,470,44.340
5141,5141,171.367,1072.626,460.279,101.191,43.423,379,1,646,496,60.943,46.792,470,44.340
5142,5142,171.400,1072.194,459.939,101.150,43.391,384,1,646,496,60.943,46.792,470,44.340
5143,5143,171.433,1072.112,459.907,101.143,43.387,370,1,646,496,60.943,46.792,470,44.340
5144,5144,171.467,1072.036,459.816,101.135,43.379,370,1,646,496,60.943,46.792,470,44.340
5145,5145,171.500,1072.005,459.782,101.133,43.376,365,1,646,496,60.943,46.792,470,44.340
5146,5146,171.533,1071.932,459.702,101.126,43.368,360,1,646,496,60.943,46.792,470,44.340
5147,5147,171.567,1071.954,459.743,101.128,43.372,358,1,646,496,60.943,46.792,470,44.340
5148,5148,171.600,1071.872,459.638,101.120,43.362,360,1,646,496,60.943,46.792,470,44.340
5149,5149,171.633,1071.763,459.409,101.110,43.341,346,1,646,496,60.943,46.792,470,44.340
5150,5150,171.667,1071.717,459.441,101.105,43.343,351,1,646,496,60.943,46.792,470,44.340
5151,5151,171.700,1071.766,459.524,101.110,43.351,354,1,646,496,60.943,46.792,470,44.340
5152,5152,171.733,1071.964,459.524,101.129,43.351,341,1,646,496,60.943,46.792,470,44.340
5153,5153,171.767,1072.066,459.712,101.138,43.369,348,1,646,496,60.943,46.792,470,44.340
5154,5154,171.800,1072.024,459.566,101.134,43.355,358,1,646,496,60.943,46.792,470,44.340
5155,5155,171.833,1071.966,459.566,101.129,43.355,350,1,646,496,60.943,46.792,470,44.340
5156,5156,171.867,1071.999,459.576,101.132,43.356,355,1,646,496,60.943,46.792,470,44.340
5157,5157,171.900,1071.970,459.442,101.129,43.344,360,1,646,496,60.943,46.792,470,44.340
5158,5158,171.933,1072.064,459.460,101.138,43.345,356,1,646,496,60.943,46.792,470,44.340
5159,5159,171.967,1071.994,459.322,101.132,43.332,366,1,646,496,60.943,46.792,470,44.340
5160,5160,172.000,1071.960,459.226,101.128,43.323,370,1,646,496,60.943,46.792,470,44.340
5161,5161,172.033,1071.831,458.935,101.116,43.296,361,1,646,496,60.943,46.792,470,44.340
5162,5162,172.067,1071.761,458.919,101.109,43.294,368,1,646,496,60.943,46.792,470,44.340
5163,5163,172.100,1071.244,458.393,101.061,43.245,388,1,646,496,60.943,46.792,470,44.340
5164,5164,172.133,1071.225,458.337,101.059,43.239,383,1,646,496,60.943,46.792,470,44.340
5165,5165,172.167,1071.222,458.325,101.059,43.238,383,1,646,496,60.943,46.792,470,44.340
5166,5166,172.200,1070.719,457.813,101.011,43.190,394,1,646,496,60.943,46.792,470,44.340
5167,5167,172.233,1070.593,457.641,100.999,43.174,389,1,646,496,60.943,46.792,470,44.340
5168,5168,172.267,1070.342,457.367,100.976,43.148,397,1,646,496,60.943,46.792,470,44.340
5169,5169,172.300,1070.127,457.146,100.955,43.127,404,1,646,496,60.943,46.792,470,44.340
5170,5170,172.333,1069.985,456.921,100.942,43.106,402,1,646,496,60.943,46.792,470,44.340
5171,5171,172.367,1069.906,456.860,100.935,43.100,405,1,646,496,60.943,46.792,470,44.340
5172,5172,172.400,1069.420,456.412,100.889,43.058,410,1,646,496,60.943,46.792,470,44.340
5173,5173,172.433,1069.440,456.476,100.891,43.064,403,1,646,496,60.943,46.792,470,44.340
5174,5174,172.467,1069.346,456.406,100.882,43.057,406,1,646,496,60.943,46.792,470,44.340
5175,5175,172.500,1069.218,456.277,100.870,43.045,413,1,646,496,60.943,46.792,470,44.340
5176,5176,172.533,1068.874,455.893,100.837,43.009,417,1,646,496,60.943,46.792,470,44.340
5177,5177,172.567,1068.899,455.944,100.840,43.014,414,1,646,496,60.943,46.792,470,44.340
5178,5178,172.600,1068.809,455.884,100.831,43.008,417,1,646,496,60.943,46.792,470,44.340
5179,5179,172.633,1068.864,455.945,100.836,43.014,417,1,646,496,60.943,46.792,470,44.340
5180,5180,172.667,1068.891,456.013,100.839,43.020,420,1,646,496,60.943,46.792,470,44.340
5181,5181,172.700,1068.620,455.820,100.813,43.002,429,1,646,496,60.943,46.792,470,44.340
5182,5182,172.733,1068.665,455.796,100.817,43.000,417,1,646,496,60.943,46.792,470,44.340
5183,5183,172.767,1068.413,455.627,100.794,42.984,433,1,646,496,60.943,46.792,470,44.340
5184,5184,172.800,1068.486,455.709,100.801,42.991,436,1,646,496,60.943,46.792,470,44.340
5185,5185,172.833,1068.669,455.915,100.818,43.011,427,1,646,496,60.943,46.792,470,44.340
5186,5186,172.867,1068.820,456.127,100.832,43.031,422,1,646,496,60.943,46.792,470,44.340
5187,5187,172.900,1068.741,456.073,100.825,43.026,426,1,646,496,60.943,46.792,470,44.340
5188,5188,172.933,1069.185,456.456,100.867,43.062,413,1,646,496,60.943,46.792,470,44.340
5189,5189,172.967,1069.116,456.393,100.860,43.056,414,1,646,496,60.943,46.792,470,44.340
5190,5190,173.000,1069.145,456.422,100.863,43.059,415,1,646,496,60.943,46.792,470,44.340
5191,5191,173.033,1069.475,456.657,100.894,43.081,408,1,646,496,60.943,46.792,470,44.340
5192,5192,173.067,1069.623,456.743,100.908,43.089,405,1,646,496,60.943,46.792,470,44.340
5193,5193,173.100,1069.996,456.990,100.943,43.112,393,1,646,496,60.943,46.792,470,44.340
5194,5194,173.133,1070.206,457.132,100.963,43.126,384,1,646,496,60.943,46.792,470,44.340
5195,5195,173.167,1070.406,457.236,100.982,43.136,386,1,646,496,60.943,46.792,470,44.340
5196,5196,173.200,1070.344,457.203,100.976,43.132,390,1,646,496,60.943,46.792,470,44.340
5197,5197,173.233,1070.713,457.413,101.011,43.152,375,1,646,496,60.943,46.792,470,44.340
5198,5198,173.267,1070.978,457.659,101.036,43.175,370,1,646,496,60.943,46.792,470,44.340
5199,5199,173.300,1071.405,458.119,101.076,43.219,369,1,646,496,60.943,46.792,470,44.340
5200,5200,173.333,1071.865,458.683,101.119,43.272,354,1,646,496,60.943,46.792,470,44.340
5201,5201,173.367,1072.061,458.869,101.138,43.290,354,1,646,496,60.943,46.792,470,44.340
5202,5202,173.400,1072.502,459.380,101.179,43.338,344,1,646,496,60.943,46.792,470,44.340
5203,5203,173.433,1072.898,459.889,101.217,43.386,327,1,646,496,60.943,46.792,470,44.340
5204,5204,173.467,1073.190,460.286,101.244,43.423,316,1,646,496,60.943,46.792,470,44.340
5205,5205,173.500,1073.388,460.357,101.263,43.430,323,1,646,496,60.943,46.792,470,44.340
5206,5206,173.533,1073.617,460.588,101.285,43.452,315,1,646,496,60.943,46.792,470,44.340
5207,5207,173.567,1073.531,460.538,101.276,43.447,322,1,646,496,60.943,46.792,470,44.340
5208,5208,173.600,1073.656,460.633,101.288,43.456,330,1,646,496,60.943,46.792,470,44.340
5209,5209,173.633,1073.647,460.447,101.287,43.438,323,1,646,496,60.943,46.792,470,44.340
5210,5210,173.667,1073.648,460.382,101.288,43.432,324,1,646,496,60.943,46.792,470,44.340
5211,5211,173.700,1073.752,460.630,101.297,43.456,331,1,646,496,60.943,46.792,470,44.340
5212,5212,173.733,1073.902,460.574,101.312,43.450,334,1,646,496,60.943,46.792,470,44.340
5213,5213,173.767,1074.039,460.704,101.324,43.463,329,1,646,496,60.943,46.792,470,44.340
5214,5214,173.800,1074.093,460.542,101.329,43.447,334,1,646,496,60.943,46.792,470,44.340
5215,5215,173.833,1074.298,460.511,101.349,43.444,321,1,646,496,60.943,46.792,470,44.340
5216,5216,173.867,1074.410,460.517,101.359,43.445,323,1,646,496,60.943,46.792,470,44.340
5217,5217,173.900,1074.680,460.414,101.385,43.435,332,1,646,496,60.943,46.792,470,44.340
5218,5218,173.933,1074.842,460.482,101.400,43.442,327,1,646,496,60.943,46.792,470,44.340
5219,5219,173.967,1074.938,460.442,101.409,43.438,329,1,646,496,60.943,46.792,470,44.340
5220,5220,174.000,1075.017,460.351,101.417,43.429,335,1,646,496,60.943,46.792,470,44.340
5221,5221,174.033,1075.228,460.086,101.437,43.404,321,1,646,496,60.943,46.792,470,44.340
5222,5222,174.067,1075.244,459.894,101.438,43.386,327,1,646,496,60.943,46.792,470,44.340
5223,5223,174.100,1075.282,459.834,101.442,43.381,334,1,646,496,60.943,46.792,470,44.340
5224,5224,174.133,1075.218,459.688,101.436,43.367,339,1,646,496,60.943,46.792,470,44.340
5225,5225,174.167,1075.182,459.656,101.432,43.364,336,1,646,496,60.943,46.792,470,44.340
5226,5226,174.200,1075.192,459.583,101.433,43.357,339,1,646,496,60.943,46.792,470,44.340
5227,5227,174.233,1075.191,459.449,101.433,43.344,340,1,646,496,60.943,46.792,470,44.340
5228,5228,174.267,1075.268,459.325,101.440,43.333,340,1,646,496,60.943,46.792,470,44.340
5229,5229,174.300,1075.521,459.132,101.464,43.314,338,1,646,496,60.943,46.792,470,44.340
5230,5230,174.333,1075.584,459.102,101.470,43.312,338,1,646,496,60.943,46.792,470,44.340
5231,5231,174.367,1075.757,459.073,101.486,43.309,341,1,646,496,60.943,46.792,470,44.340
5232,5232,174.400,1075.770,458.649,101.488,43.269,353,1,646,496,60.943,46.792,470,44.340
5233,5233,174.433,1075.921,458.651,101.502,43.269,348,1,646,496,60.943,46.792,470,44.340
5234,5234,174.467,1076.040,458.469,101.513,43.252,351,1,646,496,60.943,46.792,470,44.340
5235,5235,174.500,1076.087,458.389,101.518,43.244,354,1,646,496,60.943,46.792,470,44.340
5236,5236,174.533,1076.124,458.394,101.521,43.245,351,1,646,496,60.943,46.792,470,44.340
5237,5237,174.567,1076.210,458.369,101.529,43.242,347,1,646,496,60.943,46.792,470,44.340
5238,5238,174.600,1076.264,457.857,101.534,43.194,357,1,646,496,60.943,46.792,470,44.340
5239,5239,174.633,1076.347,457.863,101.542,43.195,357,1,646,496,60.943,46.792,470,44.340
5240,5240,174.667,1076.386,457.798,101.546,43.189,359,1,646,496,60.943,46.792,470,44.340
5241,5241,174.700,1076.333,457.419,101.541,43.153,365,1,646,496,60.943,46.792,470,44.340
5242,5242,174.733,1076.289,457.222,101.537,43.134,363,1,646,496,60.943,46.792,470,44.340
5243,5243,174.767,1076.210,456.741,101.529,43.089,349,1,646,496,60.943,46.792,470,44.340
5244,5244,174.800,1076.135,456.405,101.522,43.057,354,1,646,496,60.943,46.792,470,44.340
5245,5245,174.833,1076.122,456.130,101.521,43.031,351,1,646,496,60.943,46.792,470,44.340
5246,5246,174.867,1076.016,455.761,101.511,42.996,347,1,646,496,60.943,46.792,470,44.340
5247,5247,174.900,1076.004,454.741,101.510,42.900,366,1,646,496,60.943,46.792,470,44.340
5248,5248,174.933,1075.941,454.538,101.504,42.881,357,1,646,496,60.943,46.792,470,44.340
5249,5249,174.967,1075.967,454.416,101.506,42.869,343,1,646,496,60.943,46.792,470,44.340
5250,5250,175.000,1075.886,453.855,101.499,42.817,348,1,646,496,60.943,46.792,470,44.340
5251,5251,175.033,1075.813,453.710,101.492,42.803,342,1,646,496,60.943,46.792,470,44.340
5252,5252,175.067,1075.744,453.496,101.485,42.783,332,1,646,496,60.943,46.792,470,44.340
5253,5253,175.100,1075.773,453.177,101.488,42.753,327,1,646,496,60.943,46.792,470,44.340
5254,5254,175.133,1075.705,453.267,101.482,42.761,326,1,646,496,60.943,46.792,470,44.340
5255,5255,175.167,1075.643,453.415,101.476,42.775,321,1,646,496,60.943,46.792,470,44.340
5256,5256,175.200,1075.641,453.147,101.476,42.750,328,1,646,496,60.943,46.792,470,44.340
5257,5257,175.233,1075.730,453.089,101.484,42.744,325,1,646,496,60.943,46.792,470,44.340
5258,5258,175.267,1075.746,453.028,101.485,42.739,321,1,646,496,60.943,46.792,470,44.340
5259,5259,175.300,1075.655,453.198,101.477,42.755,335,1,646,496,60.943,46.792,470,44.340
5260,5260,175.333,1075.597,453.213,101.471,42.756,333,1,646,496,60.943,46.792,470,44.340
5261,5261,175.367,1075.643,453.409,101.476,42.774,327,1,646,496,60.943,46.792,470,44.340
5262,5262,175.400,1075.728,453.492,101.484,42.782,336,1,646,496,60.943,46.792,470,44.340
5263,5263,175.433,1075.808,453.396,101.491,42.773,331,1,646,496,60.943,46.792,470,44.340
5264,5264,175.467,1075.776,453.430,101.488,42.776,323,1,646,496,60.943,46.792,470,44.340
5265,5265,175.500,1075.889,453.345,101.499,42.768,334,1,646,496,60.943,46.792,470,44.340
5266,5266,175.533,1075.930,453.426,101.503,42.776,333,1,646,496,60.943,46.792,470,44.340
5267,5267,175.567,1076.049,453.440,101.514,42.777,334,1,646,496,60.943,46.792,470,44.340
5268,5268,175.600,1076.202,453.151,101.528,42.750,345,1,646,496,60.943,46.792,470,44.340
5269,5269,175.633,1076.226,453.180,101.531,42.753,345,1,646,496,60.943,46.792,470,44.340
5270,5270,175.667,1076.337,452.933,101.541,42.729,352,1,646,496,60.943,46.792,470,44.340
5271,5271,175.700,1076.465,452.676,101.553,42.705,361,1,646,496,60.943,46.792,470,44.340
5272,5272,175.733,1076.478,452.591,101.555,42.697,361,1,646,496,60.943,46.792,470,44.340
5273,5273,175.767,1076.544,452.390,101.561,42.678,360,1,646,496,60.943,46.792,470,44.340
5274,5274,175.800,1076.726,451.932,101.578,42.635,377,1,646,496,60.943,46.792,470,44.340
5275,5275,175.833,1076.737,451.913,101.579,42.633,376,1,646,496,60.943,46.792,470,44.340
5276,5276,175.867,1076.741,451.901,101.579,42.632,369,1,646,496,60.943,46.792,470,44.340
5277,5277,175.900,1076.727,451.664,101.578,42.610,378,1,646,496,60.943,46.792,470,44.340
5278,5278,175.933,1076.706,451.695,101.576,42.613,379,1,646,496,60.943,46.792,470,44.340
5279,5279,175.967,1076.670,451.976,101.573,42.639,372,1,646,496,60.943,46.792,470,44.340
5280,5280,176.000,1076.732,452.013,101.578,42.643,369,1,646,496,60.943,46.792,470,44.340
5281,5281,176.033,1076.726,452.378,101.578,42.677,351,1,646,496,60.943,46.792,470,44.340
5282,5282,176.067,1076.687,452.799,101.574,42.717,336,1,646,496,60.943,46.792,470,44.340
5283,5283,176.100,1076.616,453.225,101.568,42.757,342,1,646,496,60.943,46.792,470,44.340
5284,5284,176.133,1076.586,453.489,101.565,42.782,337,1,646,496,60.943,46.792,470,44.340
5285,5285,176.167,1076.595,453.874,101.566,42.818,317,1,646,496,60.943,46.792,470,44.340
5286,5286,176.200,1076.488,453.804,101.555,42.812,330,1,646,496,60.943,46.792,470,44.340
5287,5287,176.233,1076.585,453.637,101.565,42.796,334,1,646,496,60.943,46.792,470,44.340
5288,5288,176.267,1076.690,453.474,101.575,42.781,337,1,646,496,60.943,46.792,470,44.340
5289,5289,176.300,1076.661,453.444,101.572,42.778,342,1,646,496,60.943,46.792,470,44.340
5290,5290,176.333,1076.752,453.413,101.580,42.775,343,1,646,496,60.943,46.792,470,44.340
5291,5291,176.367,1076.898,453.123,101.594,42.747,339,1,646,496,60.943,46.792,470,44.340
5292,5292,176.400,1077.016,453.032,101.605,42.739,352,1,646,496,60.943,46.792,470,44.340
5293,5293,176.433,1077.075,452.830,101.611,42.720,351,1,646,496,60.943,46.792,470,44.340
5294,5294,176.467,1077.387,452.605,101.640,42.699,349,1,646,496,60.943,46.792,470,44.340
5295,5295,176.500,1077.554,452.538,101.656,42.692,361,1,646,496,60.943,46.792,470,44.340
5296,5296,176.533,1077.584,452.585,101.659,42.697,362,1,646,496,60.943,46.792,470,44.340
5297,5297,176.567,1077.775,452.432,101.677,42.682,350,1,646,496,60.943,46.792,470,44.340
5298,5298,176.600,1077.985,452.227,101.697,42.663,362,1,646,496,60.943,46.792,470,44.340
5299,5299,176.633,1078.095,452.127,101.707,42.653,364,1,646,496,60.943,46.792,470,44.340
5300,5300,176.667,1078.269,452.023,101.723,42.644,362,1,646,496,60.943,46.792,470,44.340
5301,5301,176.700,1078.443,451.875,101.740,42.630,365,1,646,496,60.943,46.792,470,44.340
5302,5302,176.733,1078.469,451.687,101.742,42.612,369,1,646,496,60.943,46.792,470,44.340
5303,5303,176.767,1078.541,451.559,101.749,42.600,356,1,646,496,60.943,46.792,470,44.340
5304,5304,176.800,1078.789,451.199,101.773,42.566,374,1,646,496,60.943,46.792,470,44.340
5305,5305,176.833,1078.952,450.872,101.788,42.535,378,1,646,496,60.943,46.792,470,44.340
5306,5306,176.867,1078.769,450.819,101.771,42.530,352,1,646,496,60.943,46.792,470,44.340
5307,5307,176.900,1078.864,450.389,101.780,42.490,355,1,646,496,60.943,46.792,470,44.340
5308,5308,176.933,1079.150,449.826,101.807,42.436,345,1,646,496,60.943,46.792,470,44.340
5309,5309,176.967,1079.421,449.426,101.832,42.399,324,1,646,496,60.943,46.792,470,44.340
5310,5310,177.000,1079.426,449.341,101.833,42.391,322,1,646,496,60.943,46.792,470,44.340
5311,5311,177.033,1079.867,448.879,101.874,42.347,323,1,646,496,60.943,46.792,470,44.340
5312,5312,177.067,1079.767,448.849,101.865,42.344,311,1,646,496,60.943,46.792,470,44.340
5313,5313,177.100,1079.667,448.768,101.855,42.337,322,1,646,496,60.943,46.792,470,44.340
5314,5314,177.133,1079.520,448.764,101.842,42.336,321,1,646,496,60.943,46.792,470,44.340
5315,5315,177.167,1079.459,448.676,101.836,42.328,311,1,646,496,60.943,46.792,470,44.340
5316,5316,177.200,1079.374,448.666,101.828,42.327,316,1,646,496,60.943,46.792,470,44.340
5317,5317,177.233,1079.634,448.453,101.852,42.307,320,1,646,496,60.943,46.792,470,44.340
5318,5318,177.267,1079.797,448.333,101.868,42.296,311,1,646,496,60.943,46.792,470,44.340
5319,5319,177.300,1079.904,448.411,101.878,42.303,318,1,646,496,60.943,46.792,470,44.340
5320,5320,177.333,1080.004,448.557,101.887,42.317,313,1,646,496,60.943,46.792,470,44.340
5321,5321,177.367,1080.121,448.749,101.898,42.335,314,1,646,496,60.943,46.792,470,44.340
5322,5322,177.400,1080.374,448.629,101.922,42.323,325,1,646,496,60.943,46.792,470,44.340
5323,5323,177.433,1080.563,448.535,101.940,42.315,333,1,646,496,60.943,46.792,470,44.340
5324,5324,177.467,1080.807,448.439,101.963,42.306,329,1,646,496,60.943,46.792,470,44.340
5325,5325,177.500,1081.136,448.265,101.994,42.289,335,1,646,496,60.943,46.792,470,44.340
5326,5326,177.533,1081.269,448.152,102.007,42.278,345,1,646,496,60.943,46.792,470,44.340
5327,5327,177.567,1081.579,448.033,102.036,42.267,331,1,646,496,60.943,46.792,470,44.340
5328,5328,177.600,1082.013,447.714,102.077,42.237,343,1,646,496,60.943,46.792,470,44.340
5329,5329,177.633,1082.300,447.527,102.104,42.220,350,1,646,496,60.943,46.792,470,44.340
5330,5330,177.667,1082.510,447.200,102.124,42.189,344,1,646,496,60.943,46.792,470,44.340
5331,5331,177.700,1083.005,446.951,102.170,42.165,352,1,646,496,60.943,46.792,470,44.340
5332,5332,177.733,1083.362,446.638,102.204,42.136,359,1,646,496,60.943,46.792,470,44.340
5333,5333,177.767,1083.628,446.416,102.229,42.115,344,1,646,496,60.943,46.792,470,44.340
5334,5334,177.800,1084.298,445.876,102.292,42.064,355,1,646,496,60.943,46.792,470,44.340
5335,5335,177.833,1084.600,445.593,102.321,42.037,349,1,646,496,60.943,46.792,470,44.340
5336,5336,177.867,1085.046,445.329,102.363,42.012,342,1,646,496,60.943,46.792,470,44.340
5337,5337,177.900,1085.310,445.202,102.388,42.000,342,1,646,496,60.943,46.792,470,44.340
5338,5338,177.933,1085.823,444.863,102.436,41.968,346,1,646,496,60.943,46.792,470,44.340
5339,5339,177.967,1085.894,444.835,102.443,41.966,336,1,646,496,60.943,46.792,470,44.340
5340,5340,178.000,1085.897,444.832,102.443,41.965,336,1,646,496,60.943,46.792,470,44.340
5341,5341,178.033,1086.408,444.648,102.491,41.948,343,1,646,496,60.943,46.792,470,44.340
5342,5342,178.067,1086.277,444.769,102.479,41.959,336,1,646,496,60.943,46.792,470,44.340
5343,5343,178.100,1086.400,444.600,102.491,41.943,329,1,646,496,60.943,46.792,470,44.340
5344,5344,178.133,1086.244,444.769,102.476,41.959,330,1,646,496,60.943,46.792,470,44.340
5345,5345,178.167,1086.289,444.765,102.480,41.959,329,1,646,496,60.943,46.792,470,44.340
5346,5346,178.200,1086.226,444.765,102.474,41.959,328,1,646,496,60.943,46.792,470,44.340
5347,5347,178.233,1086.268,444.635,102.478,41.947,338,1,646,496,60.943,46.792,470,44.340
5348,5348,178.267,1086.350,444.573,102.486,41.941,334,1,646,496,60.943,46.792,470,44.340
5349,5349,178.300,1086.115,444.594,102.464,41.943,341,1,646,496,60.943,46.792,470,44.340
5350,5350,178.333,1086.084,444.612,102.461,41.945,341,1,646,496,60.943,46.792,470,44.340
5351,5351,178.367,1085.937,444.699,102.447,41.953,336,1,646,496,60.943,46.792,470,44.340
5352,5352,178.400,1086.079,444.633,102.460,41.946,343,1,646,496,60.943,46.792,470,44.340
5353,5353,178.433,1086.033,444.598,102.456,41.943,350,1,646,496,60.943,46.792,470,44.340
5354,5354,178.467,1086.044,444.647,102.457,41.948,345,1,646,496,60.943,46.792,470,44.340
5355,5355,178.500,1086.329,444.644,102.484,41.948,355,1,646,496,60.943,46.792,470,44.340
5356,5356,178.533,1086.576,444.552,102.507,41.939,359,1,646,496,60.943,46.792,470,44.340
5357,5357,178.567,1086.647,444.559,102.514,41.940,346,1,646,496,60.943,46.792,470,44.340
5358,5358,178.600,1087.114,444.357,102.558,41.920,357,1,646,496,60.943,46.792,470,44.340
5359,5359,178.633,1087.262,444.293,102.572,41.914,364,1,646,496,60.943,46.792,470,44.340
5360,5360,178.667,1087.403,444.243,102.585,41.910,357,1,646,496,60.943,46.792,470,44.340
5361,5361,178.700,1087.787,443.922,102.621,41.879,359,1,646,496,60.943,46.792,470,44.340
5362,5362,178.733,1088.422,443.668,102.681,41.855,371,1,646,496,60.943,46.792,470,44.340
5363,5363,178.767,1088.776,443.498,102.715,41.839,367,1,646,496,60.943,46.792,470,44.340
5364,5364,178.800,1089.251,443.315,102.760,41.822,372,1,646,496,60.943,46.792,470,44.340
5365,5365,178.833,1090.039,442.980,102.834,41.791,384,1,646,496,60.943,46.792,470,44.340
5366,5366,178.867,1090.582,442.619,102.885,41.757,381,1,646,496,60.943,46.792,470,44.340
5367,5367,178.900,1090.744,442.469,102.900,41.742,377,1,646,496,60.943,46.792,470,44.340
5368,5368,178.933,1091.180,442.348,102.942,41.731,380,1,646,496,60.943,46.792,470,44.340
5369,5369,178.967,1091.386,442.230,102.961,41.720,374,1,646,496,60.943,46.792,470,44.340
5370,5370,179.000,1091.586,442.225,102.980,41.719,383,1,646,496,60.943,46.792,470,44.340
5371,5371,179.033,1091.654,442.187,102.986,41.716,383,1,646,496,60.943,46.792,470,44.340
5372,5372,179.067,1092.332,441.862,103.050,41.685,368,1,646,496,60.943,46.792,470,44.340
5373,5373,179.100,1092.418,441.862,103.058,41.685,370,1,646,496,60.943,46.792,470,44.340
5374,5374,179.133,1092.743,441.683,103.089,41.668,369,1,646,496,60.943,46.792,470,44.340
5375,5375,179.167,1092.900,441.570,103.104,41.658,353,1,646,496,60.943,46.792,470,44.340
5376,5376,179.200,1092.964,441.545,103.110,41.655,349,1,646,496,60.943,46.792,470,44.340
5377,5377,179.233,1093.066,441.473,103.119,41.648,356,1,646,496,60.943,46.792,470,44.340
5378,5378,179.267,1093.571,441.228,103.167,41.625,344,1,646,496,60.943,46.792,470,44.340
5379,5379,179.300,1093.605,441.196,103.170,41.622,341,1,646,496,60.943,46.792,470,44.340
5380,5380,179.333,1093.392,441.170,103.150,41.620,347,1,646,496,60.943,46.792,470,44.340
5381,5381,179.367,1093.458,441.159,103.156,41.619,345,1,646,496,60.943,46.792,470,44.340
5382,5382,179.400,1093.153,441.279,103.128,41.630,337,1,646,496,60.943,46.792,470,44.340
5383,5383,179.433,1093.436,441.213,103.154,41.624,351,1,646,496,60.943,46.792,470,44.340
5384,5384,179.467,1093.261,441.255,103.138,41.628,342,1,646,496,60.943,46.792,470,44.340
5385,5385,179.500,1093.308,441.199,103.142,41.623,347,1,646,496,60.943,46.792,470,44.340
5386,5386,179.533,1093.341,441.147,103.145,41.618,349,1,646,496,60.943,46.792,470,44.340
5387,5387,179.567,1093.491,441.184,103.159,41.621,349,1,646,496,60.943,46.792,470,44.340
5388,5388,179.600,1093.520,441.182,103.162,41.621,351,1,646,496,60.943,46.792,470,44.340
5389,5389,179.633,1094.057,440.988,103.213,41.603,362,1,646,496,60.943,46.792,470,44.340
5390,5390,179.667,1094.060,440.977,103.213,41.602,357,1,646,496,60.943,46.792,470,44.340
5391,5391,179.700,1094.202,440.989,103.227,41.603,358,1,646,496,60.943,46.792,470,44.340
5392,5392,179.733,1094.490,440.915,103.254,41.596,365,1,646,496,60.943,46.792,470,44.340
5393,5393,179.767,1094.734,440.821,103.277,41.587,370,1,646,496,60.943,46.792,470,44.340
5394,5394,179.800,1094.915,440.779,103.294,41.583,367,1,646,496,60.943,46.792,470,44.340
5395,5395,179.833,1095.274,440.674,103.328,41.573,372,1,646,496,60.943,46.792,470,44.340
5396,5396,179.867,1095.611,440.525,103.359,41.559,364,1,646,496,60.943,46.792,470,44.340
5397,5397,179.900,1095.844,440.482,103.382,41.555,362,1,646,496,60.943,46.792,470,44.340
5398,5398,179.933,1096.018,440.386,103.398,41.546,365,1,646,496,60.943,46.792,470,44.340
5399,5399,179.967,1096.125,440.322,103.408,41.540,356,1,646,496,60.943,46.792,470,44.340
5400,5400,180.000,1096.142,440.342,103.410,41.542,357,1,646,496,60.943,46.792,470,44.340
5401,5401,180.033,1096.957,440.096,103.487,41.519,356,1,646,496,60.943,46.792,470,44.340
5402,5402,180.067,1096.875,440.156,103.479,41.524,343,1,646,496,60.943,46.792,470,44.340
5403,5403,180.100,1096.719,440.182,103.464,41.527,350,1,646,496,60.943,46.792,470,44.340
