 ,Frame,Time_s,X_px,Y_px,X_mm,Y_mm,Area_px,Detected,Arena_center_X_px,Arena_center_Y_px,Arena_center_X_mm,Arena_center_Y_mm,Arena_radius_px,Arena_radius_mm
1,1,0.033,640.528,551.857,60.427,52.062,351,1,610,497,57.547,46.887,471.500,44.481
2,2,0.067,640.354,552.084,60.411,52.083,364,1,610,497,57.547,46.887,471.500,44.481
3,3,0.100,640.261,552.063,60.402,52.081,368,1,610,497,57.547,46.887,471.500,44.481
4,4,0.133,640.261,552.063,60.402,52.081,368,1,610,497,57.547,46.887,471.500,44.481
5,5,0.167,640.232,552.104,60.399,52.085,376,1,610,497,57.547,46.887,471.500,44.481
6,6,0.200,639.637,552.062,60.343,52.081,402,1,610,497,57.547,46.887,471.500,44.481
7,7,0.233,639.699,552.033,60.349,52.079,401,1,610,497,57.547,46.887,471.500,44.481
8,8,0.267,639.728,552.028,60.352,52.078,398,1,610,497,57.547,46.887,471.500,44.481
9,9,0.300,639.899,551.504,60.368,52.029,418,1,610,497,57.547,46.887,471.500,44.481
10,10,0.333,640.289,551.363,60.405,52.015,401,1,610,497,57.547,46.887,471.500,44.481
11,11,0.367,639.881,551.019,60.366,51.983,427,1,610,497,57.547,46.887,471.500,44.481
12,12,0.400,639.949,551.101,60.373,51.991,431,1,610,497,57.547,46.887,471.500,44.481
13,13,0.433,639.946,551.048,60.372,51.986,424,1,610,497,57.547,46.887,471.500,44.481
14,14,0.467,640.104,551.091,60.387,51.990,433,1,610,497,57.547,46.887,471.500,44.481
15,15,0.500,640.148,551.041,60.391,51.985,439,1,610,497,57.547,46.887,471.500,44.481
16,16,0.533,640.125,550.998,60.389,51.981,436,1,610,497,57.547,46.887,471.500,44.481
17,17,0.567,640.125,550.998,60.389,51.981,436,1,610,497,57.547,46.887,471.500,44.481
18,18,0.600,640.097,550.899,60.387,51.972,434,1,610,497,57.547,46.887,471.500,44.481
19,19,0.633,640.069,550.828,60.384,51.965,432,1,610,497,57.547,46.887,471.500,44.481
20,20,0.667,640.050,550.802,60.382,51.962,434,1,610,497,57.547,46.887,471.500,44.481
21,21,0.700,639.895,550.760,60.367,51.958,443,1,610,497,57.547,46.887,471.500,44.481
22,22,0.733,640.048,550.645,60.382,51.948,442,1,610,497,57.547,46.887,471.500,44.481
23,23,0.767,639.973,550.638,60.375,51.947,440,1,610,497,57.547,46.887,471.500,44.481
24,24,0.800,639.970,550.651,60.374,51.948,448,1,610,497,57.547,46.887,471.500,44.481
25,25,0.833,639.931,550.589,60.371,51.942,451,1,610,497,57.547,46.887,471.500,44.481
26,26,0.867,639.966,550.413,60.374,51.926,437,1,610,497,57.547,46.887,471.500,44.481
27,27,0.900,639.816,550.237,60.360,51.909,449,1,610,497,57.547,46.887,471.500,44.481
28,28,0.933,639.838,550.197,60.362,51.905,447,1,610,497,57.547,46.887,471.500,44.481
29,29,0.967,639.854,550.125,60.364,51.899,444,1,610,497,57.547,46.887,471.500,44.481
30,30,1.000,639.740,549.951,60.353,51.882,450,1,610,497,57.547,46.887,471.500,44.481
31,31,1.033,639.843,549.847,60.363,51.872,442,1,610,497,57.547,46.887,471.500,44.481
32,32,1.067,639.858,549.807,60.364,51.869,438,1,610,497,57.547,46.887,471.500,44.481
33,33,1.100,639.716,549.653,60.351,51.854,454,1,610,497,57.547,46.887,471.500,44.481
34,34,1.133,639.715,549.640,60.350,51.853,453,1,610,497,57.547,46.887,471.500,44.481
35,35,1.167,639.747,549.613,60.353,51.850,444,1,610,497,57.547,46.887,471.500,44.481
36,36,1.200,639.703,549.461,60.349,51.836,453,1,610,497,57.547,46.887,471.500,44.481
37,37,1.233,639.691,549.507,60.348,51.840,455,1,610,497,57.547,46.887,471.500,44.481
38,38,1.267,639.787,549.512,60.357,51.841,444,1,610,497,57.547,46.887,471.500,44.481
39,39,1.300,639.633,549.468,60.343,51.837,453,1,610,497,57.547,46.887,471.500,44.481
40,40,1.333,639.643,549.453,60.344,51.835,456,1,610,497,57.547,46.887,471.500,44.481
41,41,1.367,639.754,549.637,60.354,51.853,445,1,610,497,57.547,46.887,471.500,44.481
42,42,1.400,639.586,549.579,60.338,51.847,453,1,610,497,57.547,46.887,471.500,44.481
43,43,1.433,639.626,549.528,60.342,51.842,454,1,610,497,57.547,46.887,471.500,44.481
44,44,1.467,639.700,549.511,60.349,51.841,447,1,610,497,57.547,46.887,471.500,44.481
45,45,1.500,639.661,549.440,60.345,51.834,454,1,610,497,57.547,46.887,471.500,44.481
46,46,1.533,639.639,549.430,60.343,51.833,455,1,610,497,57.547,46.887,471.500,44.481
47,47,1.567,639.670,549.490,60.346,51.839,443,1,610,497,57.547,46.887,471.500,44.481
48,48,1.600,639.597,549.448,60.339,51.835,456,1,610,497,57.547,46.887,471.500,44.481
49,49,1.633,639.598,549.449,60.339,51.835,456,1,610,497,57.547,46.887,471.500,44.481
50,50,1.667,639.552,549.404,60.335,51.831,450,1,610,497,57.547,46.887,471.500,44.481
51,51,1.700,639.434,549.268,60.324,51.818,458,1,610,497,57.547,46.887,471.500,44.481
52,52,1.733,639.414,549.149,60.322,51.807,462,1,610,497,57.547,46.887,471.500,44.481
53,53,1.767,639.528,549.166,60.333,51.808,445,1,610,497,57.547,46.887,471.500,44.481
54,54,1.800,639.388,549.062,60.320,51.798,458,1,610,497,57.547,46.887,471.500,44.481
55,55,1.833,639.368,548.877,60.318,51.781,453,1,610,497,57.547,46.887,471.500,44.481
56,56,1.867,639.576,548.916,60.337,51.784,444,1,610,497,57.547,46.887,471.500,44.481
57,57,1.900,639.571,548.756,60.337,51.769,447,1,610,497,57.547,46.887,471.500,44.481
58,58,1.933,639.703,548.559,60.349,51.751,446,1,610,497,57.547,46.887,471.500,44.481
59,59,1.967,639.871,548.565,60.365,51.751,435,1,610,497,57.547,46.887,471.500,44.481
60,60,2.000,639.843,548.507,60.363,51.746,438,1,610,497,57.547,46.887,471.500,44.481
61,61,2.033,640.132,548.732,60.390,51.767,427,1,610,497,57.547,46.887,471.500,44.481
62,62,2.067,640.275,548.680,60.403,51.762,414,1,610,497,57.547,46.887,471.500,44.481
63,63,2.100,640.291,548.562,60.405,51.751,413,1,610,497,57.547,46.887,471.500,44.481
64,64,2.133,640.248,548.244,60.401,51.721,429,1,610,497,57.547,46.887,471.500,44.481
65,65,2.167,640.158,548.202,60.392,51.717,425,1,610,497,57.547,46.887,471.500,44.481
66,66,2.200,640.092,548.014,60.386,51.699,433,1,610,497,57.547,46.887,471.500,44.481
67,67,2.233,639.977,547.829,60.375,51.682,436,1,610,497,57.547,46.887,471.500,44.481
68,68,2.267,639.984,547.625,60.376,51.663,439,1,610,497,57.547,46.887,471.500,44.481
69,69,2.300,639.766,547.314,60.355,51.633,451,1,610,497,57.547,46.887,471.500,44.481
70,70,2.333,639.701,547.057,60.349,51.609,460,1,610,497,57.547,46.887,471.500,44.481
71,71,2.367,639.648,546.913,60.344,51.596,451,1,610,497,57.547,46.887,471.500,44.481
72,72,2.400,639.665,546.907,60.346,51.595,451,1,610,497,57.547,46.887,471.500,44.481
73,73,2.433,639.584,546.703,60.338,51.576,455,1,610,497,57.547,46.887,471.500,44.481
74,74,2.467,639.606,546.820,60.340,51.587,451,1,610,497,57.547,46.887,471.500,44.481
75,75,2.500,639.640,546.655,60.343,51.571,457,1,610,497,57.547,46.887,471.500,44.481
76,76,2.533,639.703,546.683,60.349,51.574,468,1,610,497,57.547,46.887,471.500,44.481
77,77,2.567,639.532,546.499,60.333,51.557,458,1,610,497,57.547,46.887,471.500,44.481
78,78,2.600,639.555,546.498,60.335,51.556,458,1,610,497,57.547,46.887,471.500,44.481
79,79,2.633,639.451,546.444,60.326,51.551,470,1,610,497,57.547,46.887,471.500,44.481
80,80,2.667,639.455,546.484,60.326,51.555,456,1,610,497,57.547,46.887,471.500,44.481
81,81,2.700,639.418,546.494,60.322,51.556,457,1,610,497,57.547,46.887,471.500,44.481
82,82,2.733,639.466,546.522,60.327,51.559,461,1,610,497,57.547,46.887,471.500,44.481
83,83,2.767,639.436,546.492,60.324,51.556,457,1,610,497,57.547,46.887,471.500,44.481
84,84,2.800,639.129,546.220,60.295,51.530,468,1,610,497,57.547,46.887,471.500,44.481
85,85,2.833,639.102,546.060,60.293,51.515,476,1,610,497,57.547,46.887,471.500,44.481
86,86,2.867,639.038,546.037,60.287,51.513,472,1,610,497,57.547,46.887,471.500,44.481
87,87,2.900,639.057,546.058,60.288,51.515,468,1,610,497,57.547,46.887,471.500,44.481
88,88,2.933,638.962,545.801,60.279,51.491,478,1,610,497,57.547,46.887,471.500,44.481
89,89,2.967,639.016,545.755,60.285,51.486,474,1,610,497,57.547,46.887,471.500,44.481
90,90,3.000,638.995,545.887,60.283,51.499,466,1,610,497,57.547,46.887,471.500,44.481
91,91,3.033,639.035,545.617,60.286,51.473,479,1,610,497,57.547,46.887,471.500,44.481
92,92,3.067,639.228,545.796,60.305,51.490,461,1,610,497,57.547,46.887,471.500,44.481
93,93,3.100,639.278,545.706,60.309,51.482,458,1,610,497,57.547,46.887,471.500,44.481
94,94,3.133,639.359,545.694,60.317,51.481,464,1,610,497,57.547,46.887,471.500,44.481
95,95,3.167,639.436,545.789,60.324,51.490,461,1,610,497,57.547,46.887,471.500,44.481
96,96,3.200,639.576,545.876,60.337,51.498,451,1,610,497,57.547,46.887,471.500,44.481
97,97,3.233,639.689,545.639,60.348,51.475,450,1,610,497,57.547,46.887,471.500,44.481
98,98,3.267,639.862,545.692,60.364,51.480,451,1,610,497,57.547,46.887,471.500,44.481
99,99,3.300,639.912,545.893,60.369,51.499,441,1,610,497,57.547,46.887,471.500,44.481
100,100,3.333,639.709,545.808,60.350,51.491,451,1,610,497,57.547,46.887,471.500,44.481
101,101,3.367,639.893,545.846,60.367,51.495,444,1,610,497,57.547,46.887,471.500,44.481
102,102,3.400,639.980,545.690,60.375,51.480,439,1,610,497,57.547,46.887,471.500,44.481
103,103,3.433,639.926,545.638,60.370,51.475,445,1,610,497,57.547,46.887,471.500,44.481
104,104,3.467,640.059,545.991,60.383,51.509,432,1,610,497,57.547,46.887,471.500,44.481
105,105,3.500,640.128,546.162,60.389,51.525,420,1,610,497,57.547,46.887,471.500,44.481
106,106,3.533,639.848,545.948,60.363,51.505,433,1,610,497,57.547,46.887,471.500,44.481
107,107,3.567,639.884,545.916,60.366,51.502,428,1,610,497,57.547,46.887,471.500,44.481
108,108,3.600,639.730,545.810,60.352,51.492,431,1,610,497,57.547,46.887,471.500,44.481
109,109,3.633,639.510,545.573,60.331,51.469,443,1,610,497,57.547,46.887,471.500,44.481
110,110,3.667,639.313,545.457,60.313,51.458,446,1,610,497,57.547,46.887,471.500,44.481
111,111,3.700,639.378,545.586,60.319,51.470,439,1,610,497,57.547,46.887,471.500,44.481
112,112,3.733,639.212,545.516,60.303,51.464,447,1,610,497,57.547,46.887,471.500,44.481
113,113,3.767,639.227,545.431,60.304,51.456,451,1,610,497,57.547,46.887,471.500,44.481
114,114,3.800,638.951,545.196,60.278,51.434,459,1,610,497,57.547,46.887,471.500,44.481
115,115,3.833,638.579,544.777,60.243,51.394,475,1,610,497,57.547,46.887,471.500,44.481
116,116,3.867,638.287,544.437,60.216,51.362,484,1,610,497,57.547,46.887,471.500,44.481
117,117,3.900,638.150,544.283,60.203,51.347,485,1,610,497,57.547,46.887,471.500,44.481
118,118,3.933,637.974,544.248,60.186,51.344,497,1,610,497,57.547,46.887,471.500,44.481
119,119,3.967,638.185,544.301,60.206,51.349,490,1,610,497,57.547,46.887,471.500,44.481
120,120,4.000,638.408,544.482,60.227,51.366,478,1,610,497,57.547,46.887,471.500,44.481
121,121,4.033,638.711,544.638,60.256,51.381,490,1,610,497,57.547,46.887,471.500,44.481
122,122,4.067,638.976,544.901,60.281,51.406,473,1,610,497,57.547,46.887,471.500,44.481
123,123,4.100,639.074,545.161,60.290,51.430,462,1,610,497,57.547,46.887,471.500,44.481
124,124,4.133,639.512,545.556,60.331,51.468,456,1,610,497,57.547,46.887,471.500,44.481
125,125,4.167,639.745,545.852,60.353,51.495,448,1,610,497,57.547,46.887,471.500,44.481
126,126,4.200,640.024,546.385,60.380,51.546,438,1,610,497,57.547,46.887,471.500,44.481
127,127,4.233,640.224,546.791,60.399,51.584,429,1,610,497,57.547,46.887,471.500,44.481
128,128,4.267,641.290,547.898,60.499,51.688,388,1,610,497,57.547,46.887,471.500,44.481
129,129,4.300,641.569,547.976,60.525,51.696,387,1,610,497,57.547,46.887,471.500,44.481
130,130,4.333,641.382,547.903,60.508,51.689,401,1,610,497,57.547,46.887,471.500,44.481
131,131,4.367,641.471,548.018,60.516,51.700,396,1,610,497,57.547,46.887,471.500,44.481
132,132,4.400,641.540,548.117,60.523,51.709,380,1,610,497,57.547,46.887,471.500,44.481
133,133,4.433,641.423,548.249,60.512,51.722,397,1,610,497,57.547,46.887,471.500,44.481
134,134,4.467,641.484,548.188,60.517,51.716,401,1,610,497,57.547,46.887,471.500,44.481
135,135,4.500,641.546,548.243,60.523,51.721,390,1,610,497,57.547,46.887,471.500,44.481
136,136,4.533,641.566,548.102,60.525,51.708,401,1,610,497,57.547,46.887,471.500,44.481
137,137,4.567,641.315,547.957,60.501,51.694,412,1,610,497,57.547,46.887,471.500,44.481
138,138,4.600,641.250,547.957,60.495,51.694,408,1,610,497,57.547,46.887,471.500,44.481
139,139,4.633,641.363,547.705,60.506,51.670,430,1,610,497,57.547,46.887,471.500,44.481
140,140,4.667,641.317,547.630,60.502,51.663,436,1,610,497,57.547,46.887,471.500,44.481
141,141,4.700,641.643,547.590,60.532,51.659,423,1,610,497,57.547,46.887,471.500,44.481
142,142,4.733,641.580,547.460,60.526,51.647,435,1,610,497,57.547,46.887,471.500,44.481
143,143,4.767,641.765,547.480,60.544,51.649,436,1,610,497,57.547,46.887,471.500,44.481
144,144,4.800,641.782,547.523,60.546,51.653,427,1,610,497,57.547,46.887,471.500,44.481
145,145,4.833,641.919,547.339,60.558,51.636,438,1,610,497,57.547,46.887,471.500,44.481
146,146,4.867,641.938,547.382,60.560,51.640,444,1,610,497,57.547,46.887,471.500,44.481
147,147,4.900,642.062,547.298,60.572,51.632,437,1,610,497,57.547,46.887,471.500,44.481
148,148,4.933,642.172,547.349,60.582,51.637,447,1,610,497,57.547,46.887,471.500,44.481
149,149,4.967,642.234,547.270,60.588,51.629,451,1,610,497,57.547,46.887,471.500,44.481
150,150,5.000,642.197,547.236,60.585,51.626,449,1,610,497,57.547,46.887,471.500,44.481
151,151,5.033,642.146,547.172,60.580,51.620,448,1,610,497,57.547,46.887,471.500,44.481
152,152,5.067,642.223,547.097,60.587,51.613,455,1,610,497,57.547,46.887,471.500,44.481
153,153,5.100,642.280,547.101,60.592,51.613,437,1,610,497,57.547,46.887,471.500,44.481
154,154,5.133,642.261,547.063,60.591,51.610,437,1,610,497,57.547,46.887,471.500,44.481
155,155,5.167,642.222,546.942,60.587,51.598,449,1,610,497,57.547,46.887,471.500,44.481
156,156,5.200,642.297,546.884,60.594,51.593,446,1,610,497,57.547,46.887,471.500,44.481
157,157,5.233,642.372,546.759,60.601,51.581,453,1,610,497,57.547,46.887,471.500,44.481
158,158,5.267,642.553,546.692,60.618,51.575,453,1,610,497,57.547,46.887,471.500,44.481
159,159,5.300,642.662,546.625,60.629,51.568,450,1,610,497,57.547,46.887,471.500,44.481
160,160,5.333,642.755,546.612,60.637,51.567,451,1,610,497,57.547,46.887,471.500,44.481
161,161,5.367,642.727,546.509,60.635,51.557,453,1,610,497,57.547,46.887,471.500,44.481
162,162,5.400,642.564,546.556,60.619,51.562,441,1,610,497,57.547,46.887,471.500,44.481
163,163,5.433,642.580,546.266,60.621,51.534,447,1,610,497,57.547,46.887,471.500,44.481
164,164,5.467,642.428,546.350,60.606,51.542,456,1,610,497,57.547,46.887,471.500,44.481
165,165,5.500,642.249,546.369,60.590,51.544,451,1,610,497,57.547,46.887,471.500,44.481
166,166,5.533,641.816,546.534,60.549,51.560,438,1,610,497,57.547,46.887,471.500,44.481
167,167,5.567,641.610,546.583,60.529,51.564,450,1,610,497,57.547,46.887,471.500,44.481
168,168,5.600,641.510,546.897,60.520,51.594,449,1,610,497,57.547,46.887,471.500,44.481
169,169,5.633,641.468,547.065,60.516,51.610,452,1,610,497,57.547,46.887,471.500,44.481
170,170,5.667,641.234,547.192,60.494,51.622,446,1,610,497,57.547,46.887,471.500,44.481
171,171,5.700,641.093,547.295,60.480,51.632,438,1,610,497,57.547,46.887,471.500,44.481
172,172,5.733,640.992,547.458,60.471,51.647,431,1,610,497,57.547,46.887,471.500,44.481
173,173,5.767,640.886,547.275,60.461,51.630,432,1,610,497,57.547,46.887,471.500,44.481
174,174,5.800,640.786,547.450,60.452,51.646,426,1,610,497,57.547,46.887,471.500,44.481
175,175,5.833,640.823,547.604,60.455,51.661,431,1,610,497,57.547,46.887,471.500,44.481
176,176,5.867,640.799,547.556,60.453,51.656,438,1,610,497,57.547,46.887,471.500,44.481
177,177,5.900,640.737,547.479,60.447,51.649,432,1,610,497,57.547,46.887,471.500,44.481
178,178,5.933,640.794,547.645,60.452,51.665,414,1,610,497,57.547,46.887,471.500,44.481
179,179,5.967,640.936,547.639,60.466,51.664,432,1,610,497,57.547,46.887,471.500,44.481
180,180,6.000,641.000,547.692,60.472,51.669,424,1,610,497,57.547,46.887,471.500,44.481
181,181,6.033,640.961,548.102,60.468,51.708,403,1,610,497,57.547,46.887,471.500,44.481
182,182,6.067,641.341,547.829,60.504,51.682,444,1,610,497,57.547,46.887,471.500,44.481
183,183,6.100,641.636,547.642,60.532,51.664,431,1,610,497,57.547,46.887,471.500,44.481
184,184,6.133,641.725,547.674,60.540,51.667,432,1,610,497,57.547,46.887,471.500,44.481
185,185,6.167,641.994,547.565,60.566,51.657,441,1,610,497,57.547,46.887,471.500,44.481
186,186,6.200,642.246,547.325,60.589,51.634,428,1,610,497,57.547,46.887,471.500,44.481
187,187,6.233,642.460,546.956,60.609,51.600,433,1,610,497,57.547,46.887,471.500,44.481
188,188,6.267,642.983,546.539,60.659,51.560,449,1,610,497,57.547,46.887,471.500,44.481
189,189,6.300,643.183,546.119,60.678,51.521,449,1,610,497,57.547,46.887,471.500,44.481
190,190,6.333,643.439,545.900,60.702,51.500,449,1,610,497,57.547,46.887,471.500,44.481
191,191,6.367,643.570,545.852,60.714,51.495,453,1,610,497,57.547,46.887,471.500,44.481
192,192,6.400,643.618,545.690,60.719,51.480,454,1,610,497,57.547,46.887,471.500,44.481
193,193,6.433,643.721,545.460,60.728,51.459,446,1,610,497,57.547,46.887,471.500,44.481
194,194,6.467,643.863,545.251,60.742,51.439,455,1,610,497,57.547,46.887,471.500,44.481
195,195,6.500,644.238,544.795,60.777,51.396,449,1,610,497,57.547,46.887,471.500,44.481
196,196,6.533,644.673,544.501,60.818,51.368,433,1,610,497,57.547,46.887,471.500,44.481
197,197,6.567,644.467,544.572,60.799,51.375,441,1,610,497,57.547,46.887,471.500,44.481
198,198,6.600,644.783,544.174,60.829,51.337,437,1,610,497,57.547,46.887,471.500,44.481
199,199,6.633,644.793,544.262,60.830,51.345,433,1,610,497,57.547,46.887,471.500,44.481
200,200,6.667,644.812,544.338,60.831,51.353,442,1,610,497,57.547,46.887,471.500,44.481
201,201,6.700,644.924,544.036,60.842,51.324,442,1,610,497,57.547,46.887,471.500,44.481
202,202,6.733,644.973,544.069,60.846,51.327,432,1,610,497,57.547,46.887,471.500,44.481
203,203,6.767,645.091,543.952,60.858,51.316,456,1,610,497,57.547,46.887,471.500,44.481
204,204,6.800,645.015,543.939,60.850,51.315,457,1,610,497,57.547,46.887,471.500,44.481
205,205,6.833,644.630,544.297,60.814,51.349,433,1,610,497,57.547,46.887,471.500,44.481
206,206,6.867,644.751,544.204,60.826,51.340,444,1,610,497,57.547,46.887,471.500,44.481
207,207,6.900,644.807,544.166,60.831,51.336,447,1,610,497,57.547,46.887,471.500,44.481
208,208,6.933,644.698,544.383,60.821,51.357,433,1,610,497,57.547,46.887,471.500,44.481
209,209,6.967,644.683,544.538,60.819,51.371,443,1,610,497,57.547,46.887,471.500,44.481
210,210,7.000,644.659,544.613,60.817,51.379,449,1,610,497,57.547,46.887,471.500,44.481
211,211,7.033,644.553,544.884,60.807,51.404,435,1,610,497,57.547,46.887,471.500,44.481
212,212,7.067,644.871,544.650,60.837,51.382,449,1,610,497,57.547,46.887,471.500,44.481
213,213,7.100,645.070,544.409,60.856,51.359,457,1,610,497,57.547,46.887,471.500,44.481
214,214,7.133,644.941,544.431,60.844,51.361,444,1,610,497,57.547,46.887,471.500,44.481
215,215,7.167,645.109,544.198,60.859,51.339,447,1,610,497,57.547,46.887,471.500,44.481
216,216,7.200,645.489,543.776,60.895,51.300,459,1,610,497,57.547,46.887,471.500,44.481
217,217,7.233,645.759,543.478,60.921,51.271,466,1,610,497,57.547,46.887,471.500,44.481
218,218,7.267,646.337,542.769,60.975,51.205,486,1,610,497,57.547,46.887,471.500,44.481
219,219,7.300,646.654,542.357,61.005,51.166,502,1,610,497,57.547,46.887,471.500,44.481
220,220,7.333,646.977,542.124,61.036,51.144,506,1,610,497,57.547,46.887,471.500,44.481
221,221,7.367,647.294,541.914,61.065,51.124,513,1,610,497,57.547,46.887,471.500,44.481
222,222,7.400,647.331,541.899,61.069,51.123,517,1,610,497,57.547,46.887,471.500,44.481
223,223,7.433,647.228,542.021,61.059,51.134,511,1,610,497,57.547,46.887,471.500,44.481
224,224,7.467,647.151,542.241,61.052,51.155,505,1,610,497,57.547,46.887,471.500,44.481
225,225,7.500,646.954,542.505,61.033,51.180,511,1,610,497,57.547,46.887,471.500,44.481
226,226,7.533,646.915,542.573,61.030,51.186,494,1,610,497,57.547,46.887,471.500,44.481
227,227,7.567,646.472,543.173,60.988,51.243,478,1,610,497,57.547,46.887,471.500,44.481
228,228,7.600,645.716,544.048,60.917,51.325,465,1,610,497,57.547,46.887,471.500,44.481
229,229,7.633,645.044,544.640,60.853,51.381,437,1,610,497,57.547,46.887,471.500,44.481
230,230,7.667,644.684,545.327,60.819,51.446,434,1,610,497,57.547,46.887,471.500,44.481
231,231,7.700,644.225,545.800,60.776,51.491,427,1,610,497,57.547,46.887,471.500,44.481
232,232,7.733,644.141,546.075,60.768,51.517,425,1,610,497,57.547,46.887,471.500,44.481
233,233,7.767,644.162,546.350,60.770,51.542,434,1,610,497,57.547,46.887,471.500,44.481
234,234,7.800,644.073,546.595,60.762,51.566,441,1,610,497,57.547,46.887,471.500,44.481
235,235,7.833,643.789,546.687,60.735,51.574,429,1,610,497,57.547,46.887,471.500,44.481
236,236,7.867,643.529,546.994,60.710,51.603,429,1,610,497,57.547,46.887,471.500,44.481
237,237,7.900,643.399,546.826,60.698,51.587,431,1,610,497,57.547,46.887,471.500,44.481
238,238,7.933,643.359,546.912,60.694,51.595,427,1,610,497,57.547,46.887,471.500,44.481
239,239,7.967,643.551,546.976,60.712,51.602,435,1,610,497,57.547,46.887,471.500,44.481
240,240,8.000,643.647,547.095,60.721,51.613,435,1,610,497,57.547,46.887,471.500,44.481
241,241,8.033,644.117,547.188,60.766,51.621,436,1,610,497,57.547,46.887,471.500,44.481
242,242,8.067,644.316,547.228,60.785,51.625,440,1,610,497,57.547,46.887,471.500,44.481
243,243,8.100,644.164,547.593,60.770,51.660,451,1,610,497,57.547,46.887,471.500,44.481
244,244,8.133,644.314,547.645,60.784,51.665,442,1,610,497,57.547,46.887,471.500,44.481
245,245,8.167,644.297,547.749,60.783,51.674,439,1,610,497,57.547,46.887,471.500,44.481
246,246,8.200,644.585,547.849,60.810,51.684,450,1,610,497,57.547,46.887,471.500,44.481
247,247,8.233,644.588,547.767,60.810,51.676,447,1,610,497,57.547,46.887,471.500,44.481
248,248,8.267,644.704,547.861,60.821,51.685,452,1,610,497,57.547,46.887,471.500,44.481
249,249,8.300,645.147,547.860,60.863,51.685,465,1,610,497,57.547,46.887,471.500,44.481
250,250,8.333,645.263,547.688,60.874,51.669,456,1,610,497,57.547,46.887,471.500,44.481
251,251,8.367,645.401,547.884,60.887,51.687,463,1,610,497,57.547,46.887,471.500,44.481
252,252,8.400,645.486,547.933,60.895,51.692,476,1,610,497,57.547,46.887,471.500,44.481
253,253,8.433,645.484,547.977,60.895,51.696,469,1,610,497,57.547,46.887,471.500,44.481
254,254,8.467,645.569,547.988,60.903,51.697,470,1,610,497,57.547,46.887,471.500,44.481
255,255,8.500,645.498,548.044,60.896,51.702,473,1,610,497,57.547,46.887,471.500,44.481
256,256,8.533,645.400,547.934,60.887,51.692,468,1,610,497,57.547,46.887,471.500,44.481
257,257,8.567,645.437,547.928,60.890,51.691,466,1,610,497,57.547,46.887,471.500,44.481
258,258,8.600,645.414,547.973,60.888,51.696,467,1,610,497,57.547,46.887,471.500,44.481
259,259,8.633,645.165,547.798,60.865,51.679,454,1,610,497,57.547,46.887,471.500,44.481
260,260,8.667,644.961,547.633,60.845,51.663,444,1,610,497,57.547,46.887,471.500,44.481
261,261,8.700,644.725,547.657,60.823,51.666,445,1,610,497,57.547,46.887,471.500,44.481
262,262,8.733,644.425,547.558,60.795,51.656,433,1,610,497,57.547,46.887,471.500,44.481
263,263,8.767,644.085,547.402,60.763,51.642,419,1,610,497,57.547,46.887,471.500,44.481
264,264,8.800,643.942,547.440,60.749,51.645,428,1,610,497,57.547,46.887,471.500,44.481
265,265,8.833,643.661,547.392,60.723,51.641,419,1,610,497,57.547,46.887,471.500,44.481
266,266,8.867,643.172,547.289,60.677,51.631,403,1,610,497,57.547,46.887,471.500,44.481
267,267,8.900,643.265,547.299,60.685,51.632,421,1,610,497,57.547,46.887,471.500,44.481
268,268,8.933,643.314,547.162,60.690,51.619,424,1,610,497,57.547,46.887,471.500,44.481
269,269,8.967,643.390,547.206,60.697,51.623,416,1,610,497,57.547,46.887,471.500,44.481
270,270,9.000,643.372,547.241,60.695,51.627,426,1,610,497,57.547,46.887,471.500,44.481
271,271,9.033,643.438,547.252,60.702,51.628,422,1,610,497,57.547,46.887,471.500,44.481
272,272,9.067,643.440,547.110,60.702,51.614,419,1,610,497,57.547,46.887,471.500,44.481
273,273,9.100,643.657,547.037,60.722,51.607,423,1,610,497,57.547,46.887,471.500,44.481
274,274,9.133,643.809,546.916,60.737,51.596,431,1,610,497,57.547,46.887,471.500,44.481
275,275,9.167,643.818,546.860,60.738,51.591,419,1,610,497,57.547,46.887,471.500,44.481
276,276,9.200,643.872,546.749,60.743,51.580,434,1,610,497,57.547,46.887,471.500,44.481
277,277,9.233,643.945,546.775,60.750,51.583,430,1,610,497,57.547,46.887,471.500,44.481
278,278,9.267,643.815,546.718,60.737,51.577,411,1,610,497,57.547,46.887,471.500,44.481
279,279,9.300,643.824,546.709,60.738,51.576,431,1,610,497,57.547,46.887,471.500,44.481
280,280,9.333,644.095,546.545,60.764,51.561,425,1,610,497,57.547,46.887,471.500,44.481
281,281,9.367,643.960,546.529,60.751,51.559,422,1,610,497,57.547,46.887,471.500,44.481
282,282,9.400,643.950,546.547,60.750,51.561,441,1,610,497,57.547,46.887,471.500,44.481
283,283,9.433,643.892,546.570,60.744,51.563,439,1,610,497,57.547,46.887,471.500,44.481
284,284,9.467,643.953,546.498,60.750,51.556,433,1,610,497,57.547,46.887,471.500,44.481
285,285,9.500,644.070,546.513,60.761,51.558,442,1,610,497,57.547,46.887,471.500,44.481
286,286,9.533,644.173,546.456,60.771,51.552,444,1,610,497,57.547,46.887,471.500,44.481
287,287,9.567,644.207,546.379,60.774,51.545,439,1,610,497,57.547,46.887,471.500,44.481
288,288,9.600,644.080,546.306,60.762,51.538,451,1,610,497,57.547,46.887,471.500,44.481
289,289,9.633,644.204,546.192,60.774,51.528,448,1,610,497,57.547,46.887,471.500,44.481
290,290,9.667,644.073,546.244,60.762,51.532,431,1,610,497,57.547,46.887,471.500,44.481
291,291,9.700,644.137,546.280,60.768,51.536,441,1,610,497,57.547,46.887,471.500,44.481
292,292,9.733,644.321,546.102,60.785,51.519,445,1,610,497,57.547,46.887,471.500,44.481
293,293,9.767,644.457,546.074,60.798,51.516,442,1,610,497,57.547,46.887,471.500,44.481
294,294,9.800,644.413,546.207,60.794,51.529,447,1,610,497,57.547,46.887,471.500,44.481
295,295,9.833,644.495,546.125,60.801,51.521,453,1,610,497,57.547,46.887,471.500,44.481
296,296,9.867,644.570,546.006,60.808,51.510,444,1,610,497,57.547,46.887,471.500,44.481
297,297,9.900,644.595,546.010,60.811,51.510,445,1,610,497,57.547,46.887,471.500,44.481
298,298,9.933,644.593,545.906,60.811,51.501,452,1,610,497,57.547,46.887,471.500,44.481
299,299,9.967,644.764,545.815,60.827,51.492,434,1,610,497,57.547,46.887,471.500,44.481
300,300,10.000,644.352,546.078,60.788,51.517,437,1,610,497,57.547,46.887,471.500,44.481
301,301,10.033,643.805,546.354,60.736,51.543,448,1,610,497,57.547,46.887,471.500,44.481
302,302,10.067,643.205,546.492,60.680,51.556,423,1,610,497,57.547,46.887,471.500,44.481
303,303,10.100,642.760,546.645,60.638,51.570,425,1,610,497,57.547,46.887,471.500,44.481
304,304,10.133,642.571,546.556,60.620,51.562,429,1,610,497,57.547,46.887,471.500,44.481
305,305,10.167,642.642,546.440,60.627,51.551,430,1,610,497,57.547,46.887,471.500,44.481
306,306,10.200,642.663,546.053,60.629,51.514,434,1,610,497,57.547,46.887,471.500,44.481
307,307,10.233,642.850,545.483,60.646,51.461,451,1,610,497,57.547,46.887,471.500,44.481
308,308,10.267,642.746,545.491,60.636,51.461,449,1,610,497,57.547,46.887,471.500,44.481
309,309,10.300,642.584,545.627,60.621,51.474,445,1,610,497,57.547,46.887,471.500,44.481
310,310,10.333,642.601,545.577,60.623,51.470,446,1,610,497,57.547,46.887,471.500,44.481
311,311,10.367,642.588,545.408,60.621,51.454,440,1,610,497,57.547,46.887,471.500,44.481
312,312,10.400,642.596,545.280,60.622,51.442,450,1,610,497,57.547,46.887,471.500,44.481
313,313,10.433,642.555,545.244,60.618,51.438,456,1,610,497,57.547,46.887,471.500,44.481
314,314,10.467,642.556,545.020,60.618,51.417,445,1,610,497,57.547,46.887,471.500,44.481
315,315,10.500,642.477,544.986,60.611,51.414,455,1,610,497,57.547,46.887,471.500,44.481
316,316,10.533,642.362,545.004,60.600,51.415,460,1,610,497,57.547,46.887,471.500,44.481
317,317,10.567,642.522,544.892,60.615,51.405,446,1,610,497,57.547,46.887,471.500,44.481
318,318,10.600,642.535,544.631,60.616,51.380,447,1,610,497,57.547,46.887,471.500,44.481
319,319,10.633,642.485,544.456,60.612,51.364,462,1,610,497,57.547,46.887,471.500,44.481
320,320,10.667,642.582,544.392,60.621,51.358,456,1,610,497,57.547,46.887,471.500,44.481
321,321,10.700,642.435,544.366,60.607,51.355,452,1,610,497,57.547,46.887,471.500,44.481
322,322,10.733,642.112,544.627,60.577,51.380,474,1,610,497,57.547,46.887,471.500,44.481
323,323,10.767,642.089,544.251,60.574,51.344,449,1,610,497,57.547,46.887,471.500,44.481
324,324,10.800,641.696,544.471,60.537,51.365,446,1,610,497,57.547,46.887,471.500,44.481
325,325,10.833,641.529,543.978,60.522,51.319,458,1,610,497,57.547,46.887,471.500,44.481
326,326,10.867,641.507,543.960,60.520,51.317,456,1,610,497,57.547,46.887,471.500,44.481
327,327,10.900,641.338,543.701,60.504,51.293,457,1,610,497,57.547,46.887,471.500,44.481
328,328,10.933,641.311,543.155,60.501,51.241,471,1,610,497,57.547,46.887,471.500,44.481
329,329,10.967,641.334,543.034,60.503,51.230,465,1,610,497,57.547,46.887,471.500,44.481
330,330,11.000,641.372,542.787,60.507,51.206,475,1,610,497,57.547,46.887,471.500,44.481
331,331,11.033,641.332,542.246,60.503,51.155,487,1,610,497,57.547,46.887,471.500,44.481
332,332,11.067,641.469,541.908,60.516,51.123,481,1,610,497,57.547,46.887,471.500,44.481
333,333,11.100,641.417,541.618,60.511,51.096,489,1,610,497,57.547,46.887,471.500,44.481
334,334,11.133,641.405,541.502,60.510,51.085,501,1,610,497,57.547,46.887,471.500,44.481
335,335,11.167,641.416,541.540,60.511,51.089,495,1,610,497,57.547,46.887,471.500,44.481
336,336,11.200,641.480,541.482,60.517,51.083,486,1,610,497,57.547,46.887,471.500,44.481
337,337,11.233,641.349,541.524,60.505,51.087,503,1,610,497,57.547,46.887,471.500,44.481
338,338,11.267,641.401,541.417,60.510,51.077,500,1,610,497,57.547,46.887,471.500,44.481
339,339,11.300,641.398,541.492,60.509,51.084,499,1,610,497,57.547,46.887,471.500,44.481
340,340,11.333,641.312,541.659,60.501,51.100,504,1,610,497,57.547,46.887,471.500,44.481
341,341,11.367,641.338,541.491,60.504,51.084,498,1,610,497,57.547,46.887,471.500,44.481
342,342,11.400,641.246,541.571,60.495,51.092,495,1,610,497,57.547,46.887,471.500,44.481
343,343,11.433,641.229,541.417,60.493,51.077,496,1,610,497,57.547,46.887,471.500,44.481
344,344,11.467,641.184,541.503,60.489,51.085,493,1,610,497,57.547,46.887,471.500,44.481
345,345,11.500,641.073,541.607,60.479,51.095,486,1,610,497,57.547,46.887,471.500,44.481
346,346,11.533,641.010,541.659,60.473,51.100,490,1,610,497,57.547,46.887,471.500,44.481
347,347,11.567,640.997,541.762,60.471,51.110,484,1,610,497,57.547,46.887,471.500,44.481
348,348,11.600,640.932,542.216,60.465,51.152,466,1,610,497,57.547,46.887,471.500,44.481
349,349,11.633,640.916,542.488,60.464,51.178,469,1,610,497,57.547,46.887,471.500,44.481
350,350,11.667,640.916,542.663,60.464,51.195,461,1,610,497,57.547,46.887,471.500,44.481
351,351,11.700,640.923,542.723,60.464,51.200,449,1,610,497,57.547,46.887,471.500,44.481
352,352,11.733,640.901,542.916,60.462,51.219,459,1,610,497,57.547,46.887,471.500,44.481
353,353,11.767,640.938,542.892,60.466,51.216,458,1,610,497,57.547,46.887,471.500,44.481
354,354,11.800,641.013,542.939,60.473,51.221,450,1,610,497,57.547,46.887,471.500,44.481
355,355,11.833,641.069,542.986,60.478,51.225,453,1,610,497,57.547,46.887,471.500,44.481
356,356,11.867,641.129,542.773,60.484,51.205,460,1,610,497,57.547,46.887,471.500,44.481
357,357,11.900,641.136,543.009,60.485,51.227,440,1,610,497,57.547,46.887,471.500,44.481
358,358,11.933,641.023,543.387,60.474,51.263,452,1,610,497,57.547,46.887,471.500,44.481
359,359,11.967,641.080,543.738,60.479,51.296,440,1,610,497,57.547,46.887,471.500,44.481
360,360,12.000,641.159,544.435,60.487,51.362,423,1,610,497,57.547,46.887,471.500,44.481
361,361,12.033,641.257,544.893,60.496,51.405,435,1,610,497,57.547,46.887,471.500,44.481
362,362,12.067,641.324,545.498,60.502,51.462,435,1,610,497,57.547,46.887,471.500,44.481
363,363,12.100,641.144,546.286,60.485,51.536,412,1,610,497,57.547,46.887,471.500,44.481
364,364,12.133,640.926,546.841,60.465,51.589,419,1,610,497,57.547,46.887,471.500,44.481
365,365,12.167,640.773,547.282,60.450,51.630,415,1,610,497,57.547,46.887,471.500,44.481
366,366,12.200,640.572,547.663,60.431,51.666,401,1,610,497,57.547,46.887,471.500,44.481
367,367,12.233,640.634,547.956,60.437,51.694,405,1,610,497,57.547,46.887,471.500,44.481
368,368,12.267,640.717,548.060,60.445,51.704,411,1,610,497,57.547,46.887,471.500,44.481
369,369,12.300,640.777,548.223,60.451,51.719,406,1,610,497,57.547,46.887,471.500,44.481
370,370,12.333,640.829,548.149,60.456,51.712,420,1,610,497,57.547,46.887,471.500,44.481
371,371,12.367,640.777,548.302,60.451,51.727,421,1,610,497,57.547,46.887,471.500,44.481
372,372,12.400,640.793,548.191,60.452,51.716,405,1,610,497,57.547,46.887,471.500,44.481
373,373,12.433,640.774,548.298,60.450,51.726,423,1,610,497,57.547,46.887,471.500,44.481
374,374,12.467,640.761,548.364,60.449,51.732,426,1,610,497,57.547,46.887,471.500,44.481
375,375,12.500,641.046,548.237,60.476,51.721,416,1,610,497,57.547,46.887,471.500,44.481
376,376,12.533,641.155,548.337,60.486,51.730,430,1,610,497,57.547,46.887,471.500,44.481
377,377,12.567,641.332,548.360,60.503,51.732,432,1,610,497,57.547,46.887,471.500,44.481
378,378,12.600,641.267,548.431,60.497,51.739,423,1,610,497,57.547,46.887,471.500,44.481
379,379,12.633,641.373,548.512,60.507,51.746,429,1,610,497,57.547,46.887,471.500,44.481
380,380,12.667,641.467,548.641,60.516,51.759,433,1,610,497,57.547,46.887,471.500,44.481
381,381,12.700,641.638,548.875,60.532,51.781,420,1,610,497,57.547,46.887,471.500,44.481
382,382,12.733,641.710,549.069,60.539,51.799,438,1,610,497,57.547,46.887,471.500,44.481
383,383,12.767,641.960,549.182,60.562,51.810,451,1,610,497,57.547,46.887,471.500,44.481
384,384,12.800,642.288,549.335,60.593,51.824,439,1,610,497,57.547,46.887,471.500,44.481
385,385,12.833,642.675,549.378,60.630,51.828,450,1,610,497,57.547,46.887,471.500,44.481
386,386,12.867,642.995,549.584,60.660,51.848,465,1,610,497,57.547,46.887,471.500,44.481
387,387,12.900,643.110,549.411,60.671,51.831,456,1,610,497,57.547,46.887,471.500,44.481
388,388,12.933,643.161,549.482,60.676,51.838,465,1,610,497,57.547,46.887,471.500,44.481
389,389,12.967,643.822,549.531,60.738,51.843,485,1,610,497,57.547,46.887,471.500,44.481
390,390,13.000,644.357,549.575,60.788,51.847,479,1,610,497,57.547,46.887,471.500,44.481
391,391,13.033,644.722,549.802,60.823,51.868,480,1,610,497,57.547,46.887,471.500,44.481
392,392,13.067,644.877,549.902,60.837,51.878,475,1,610,497,57.547,46.887,471.500,44.481
393,393,13.100,645.081,549.839,60.857,51.872,448,1,610,497,57.547,46.887,471.500,44.481
394,394,13.133,645.213,550.040,60.869,51.891,443,1,610,497,57.547,46.887,471.500,44.481
395,395,13.167,645.088,550.240,60.857,51.909,448,1,610,497,57.547,46.887,471.500,44.481
396,396,13.200,644.970,550.435,60.846,51.928,434,1,610,497,57.547,46.887,471.500,44.481
397,397,13.233,644.963,550.602,60.846,51.944,438,1,610,497,57.547,46.887,471.500,44.481
398,398,13.267,645.280,550.964,60.876,51.978,456,1,610,497,57.547,46.887,471.500,44.481
399,399,13.300,645.191,550.830,60.867,51.965,439,1,610,497,57.547,46.887,471.500,44.481
400,400,13.333,645.034,550.878,60.852,51.970,445,1,610,497,57.547,46.887,471.500,44.481
401,401,13.367,644.885,550.851,60.838,51.967,456,1,610,497,57.547,46.887,471.500,44.481
402,402,13.400,644.987,550.778,60.848,51.960,448,1,610,497,57.547,46.887,471.500,44.481
403,403,13.433,645.039,550.814,60.853,51.964,456,1,610,497,57.547,46.887,471.500,44.481
404,404,13.467,645.422,550.836,60.889,51.966,469,1,610,497,57.547,46.887,471.500,44.481
405,405,13.500,645.819,550.813,60.926,51.963,465,1,610,497,57.547,46.887,471.500,44.481
406,406,13.533,646.114,550.893,60.954,51.971,473,1,610,497,57.547,46.887,471.500,44.481
407,407,13.567,646.531,550.991,60.993,51.980,490,1,610,497,57.547,46.887,471.500,44.481
408,408,13.600,646.445,551.033,60.985,51.984,490,1,610,497,57.547,46.887,471.500,44.481
409,409,13.633,646.765,551.041,61.016,51.985,490,1,610,497,57.547,46.887,471.500,44.481
410,410,13.667,647.196,551.118,61.056,51.992,510,1,610,497,57.547,46.887,471.500,44.481
411,411,13.700,647.296,551.034,61.066,51.984,501,1,610,497,57.547,46.887,471.500,44.481
412,412,13.733,647.277,551.038,61.064,51.985,503,1,610,497,57.547,46.887,471.500,44.481
413,413,13.767,647.378,550.955,61.073,51.977,506,1,610,497,57.547,46.887,471.500,44.481
414,414,13.800,647.216,550.973,61.058,51.979,507,1,610,497,57.547,46.887,471.500,44.481
415,415,13.833,647.200,550.902,61.057,51.972,508,1,610,497,57.547,46.887,471.500,44.481
416,416,13.867,647.218,551.007,61.058,51.982,519,1,610,497,57.547,46.887,471.500,44.481
417,417,13.900,647.525,550.956,61.087,51.977,515,1,610,497,57.547,46.887,471.500,44.481
418,418,13.933,647.635,550.989,61.098,51.980,520,1,610,497,57.547,46.887,471.500,44.481
419,419,13.967,647.720,550.952,61.106,51.977,530,1,610,497,57.547,46.887,471.500,44.481
420,420,14.000,648.134,550.858,61.145,51.968,524,1,610,497,57.547,46.887,471.500,44.481
421,421,14.033,648.833,550.952,61.211,51.977,509,1,610,497,57.547,46.887,471.500,44.481
422,422,14.067,648.999,551.036,61.226,51.985,526,1,610,497,57.547,46.887,471.500,44.481
423,423,14.100,648.967,551.053,61.223,51.986,526,1,610,497,57.547,46.887,471.500,44.481
424,424,14.133,649.188,551.011,61.244,51.982,508,1,610,497,57.547,46.887,471.500,44.481
425,425,14.167,648.970,551.001,61.224,51.981,522,1,610,497,57.547,46.887,471.500,44.481
426,426,14.200,649.003,551.024,61.227,51.983,520,1,610,497,57.547,46.887,471.500,44.481
427,427,14.233,649.492,551.087,61.273,51.989,505,1,610,497,57.547,46.887,471.500,44.481
428,428,14.267,649.433,551.059,61.267,51.987,506,1,610,497,57.547,46.887,471.500,44.481
429,429,14.300,649.567,551.058,61.280,51.987,507,1,610,497,57.547,46.887,471.500,44.481
430,430,14.333,649.489,550.971,61.273,51.978,495,1,610,497,57.547,46.887,471.500,44.481
431,431,14.367,649.385,550.909,61.263,51.973,498,1,610,497,57.547,46.887,471.500,44.481
432,432,14.400,649.343,550.914,61.259,51.973,497,1,610,497,57.547,46.887,471.500,44.481
433,433,14.433,649.201,550.957,61.245,51.977,480,1,610,497,57.547,46.887,471.500,44.481
434,434,14.467,649.081,550.904,61.234,51.972,494,1,610,497,57.547,46.887,471.500,44.481
435,435,14.500,648.783,550.848,61.206,51.967,487,1,610,497,57.547,46.887,471.500,44.481
436,436,14.533,648.607,550.826,61.189,51.965,476,1,610,497,57.547,46.887,471.500,44.481
437,437,14.567,648.086,550.836,61.140,51.966,478,1,610,497,57.547,46.887,471.500,44.481
438,438,14.600,647.583,550.751,61.093,51.958,462,1,610,497,57.547,46.887,471.500,44.481
439,439,14.633,646.856,550.625,61.024,51.946,440,1,610,497,57.547,46.887,471.500,44.481
440,440,14.667,645.921,550.496,60.936,51.934,437,1,610,497,57.547,46.887,471.500,44.481
441,441,14.700,645.658,550.602,60.911,51.944,438,1,610,497,57.547,46.887,471.500,44.481
442,442,14.733,645.394,550.615,60.886,51.945,426,1,610,497,57.547,46.887,471.500,44.481
443,443,14.767,645.249,550.614,60.873,51.945,423,1,610,497,57.547,46.887,471.500,44.481
444,444,14.800,645.204,550.555,60.868,51.939,430,1,610,497,57.547,46.887,471.500,44.481
445,445,14.833,645.156,550.494,60.864,51.933,426,1,610,497,57.547,46.887,471.500,44.481
446,446,14.867,644.821,550.600,60.832,51.943,438,1,610,497,57.547,46.887,471.500,44.481
447,447,14.900,644.504,550.496,60.802,51.934,435,1,610,497,57.547,46.887,471.500,44.481
448,448,14.933,643.951,550.377,60.750,51.922,418,1,610,497,57.547,46.887,471.500,44.481
449,449,14.967,643.588,550.251,60.716,51.910,423,1,610,497,57.547,46.887,471.500,44.481
450,450,15.000,643.098,550.107,60.670,51.897,423,1,610,497,57.547,46.887,471.500,44.481
451,451,15.033,642.705,550.032,60.633,51.890,411,1,610,497,57.547,46.887,471.500,44.481
452,452,15.067,642.586,549.843,60.621,51.872,413,1,610,497,57.547,46.887,471.500,44.481
453,453,15.100,642.685,549.991,60.631,51.886,420,1,610,497,57.547,46.887,471.500,44.481
454,454,15.133,642.737,550.014,60.636,51.888,415,1,610,497,57.547,46.887,471.500,44.481
455,455,15.167,642.484,550.115,60.612,51.898,416,1,610,497,57.547,46.887,471.500,44.481
456,456,15.200,642.585,550.176,60.621,51.903,427,1,610,497,57.547,46.887,471.500,44.481
457,457,15.233,642.695,550.177,60.632,51.903,418,1,610,497,57.547,46.887,471.500,44.481
458,458,15.267,642.551,550.318,60.618,51.917,423,1,610,497,57.547,46.887,471.500,44.481
459,459,15.300,642.641,550.365,60.626,51.921,430,1,610,497,57.547,46.887,471.500,44.481
460,460,15.333,642.756,550.173,60.637,51.903,423,1,610,497,57.547,46.887,471.500,44.481
461,461,15.367,642.678,550.379,60.630,51.923,427,1,610,497,57.547,46.887,471.500,44.481
462,462,15.400,642.634,550.479,60.626,51.932,435,1,610,497,57.547,46.887,471.500,44.481
463,463,15.433,642.713,550.510,60.633,51.935,432,1,610,497,57.547,46.887,471.500,44.481
464,464,15.467,642.452,550.548,60.609,51.939,433,1,610,497,57.547,46.887,471.500,44.481
465,465,15.500,642.223,550.680,60.587,51.951,438,1,610,497,57.547,46.887,471.500,44.481
466,466,15.533,642.063,550.696,60.572,51.952,428,1,610,497,57.547,46.887,471.500,44.481
467,467,15.567,641.948,550.924,60.561,51.974,435,1,610,497,57.547,46.887,471.500,44.481
468,468,15.600,641.602,551.038,60.528,51.985,435,1,610,497,57.547,46.887,471.500,44.481
469,469,15.633,641.669,551.048,60.535,51.986,433,1,610,497,57.547,46.887,471.500,44.481
470,470,15.667,641.654,551.194,60.533,51.999,441,1,610,497,57.547,46.887,471.500,44.481
471,471,15.700,641.703,551.324,60.538,52.012,454,1,610,497,57.547,46.887,471.500,44.481
472,472,15.733,641.773,551.351,60.545,52.014,450,1,610,497,57.547,46.887,471.500,44.481
473,473,15.767,641.691,551.427,60.537,52.021,452,1,610,497,57.547,46.887,471.500,44.481
474,474,15.800,641.527,551.735,60.521,52.050,460,1,610,497,57.547,46.887,471.500,44.481
475,475,15.833,641.417,551.877,60.511,52.064,448,1,610,497,57.547,46.887,471.500,44.481
476,476,15.867,641.078,552.079,60.479,52.083,456,1,610,497,57.547,46.887,471.500,44.481
477,477,15.900,640.863,552.375,60.459,52.111,459,1,610,497,57.547,46.887,471.500,44.481
478,478,15.933,640.801,552.602,60.453,52.132,459,1,610,497,57.547,46.887,471.500,44.481
479,479,15.967,640.814,552.898,60.454,52.160,473,1,610,497,57.547,46.887,471.500,44.481
480,480,16.000,640.794,553.103,60.452,52.179,479,1,610,497,57.547,46.887,471.500,44.481
481,481,16.033,640.730,553.653,60.446,52.231,467,1,610,497,57.547,46.887,471.500,44.481
482,482,16.067,640.597,553.677,60.434,52.234,462,1,610,497,57.547,46.887,471.500,44.481
483,483,16.100,640.359,553.943,60.411,52.259,474,1,610,497,57.547,46.887,471.500,44.481
484,484,16.133,640.407,553.856,60.416,52.251,458,1,610,497,57.547,46.887,471.500,44.481
485,485,16.167,640.294,554.078,60.405,52.272,454,1,610,497,57.547,46.887,471.500,44.481
486,486,16.200,639.904,554.243,60.368,52.287,451,1,610,497,57.547,46.887,471.500,44.481
487,487,16.233,639.726,554.168,60.352,52.280,439,1,610,497,57.547,46.887,471.500,44.481
488,488,16.267,639.190,554.361,60.301,52.298,437,1,610,497,57.547,46.887,471.500,44.481
489,489,16.300,639.121,554.123,60.294,52.276,440,1,610,497,57.547,46.887,471.500,44.481
490,490,16.333,639.043,553.925,60.287,52.257,436,1,610,497,57.547,46.887,471.500,44.481
491,491,16.367,638.815,554.391,60.266,52.301,441,1,610,497,57.547,46.887,471.500,44.481
492,492,16.400,638.584,554.441,60.244,52.306,453,1,610,497,57.547,46.887,471.500,44.481
493,493,16.433,638.495,554.652,60.235,52.326,455,1,610,497,57.547,46.887,471.500,44.481
494,494,16.467,638.331,555.133,60.220,52.371,462,1,610,497,57.547,46.887,471.500,44.481
495,495,16.500,638.166,555.585,60.204,52.414,483,1,610,497,57.547,46.887,471.500,44.481
496,496,16.533,638.245,555.630,60.212,52.418,477,1,610,497,57.547,46.887,471.500,44.481
497,497,16.567,638.220,555.741,60.209,52.428,477,1,610,497,57.547,46.887,471.500,44.481
498,498,16.600,638.167,555.780,60.204,52.432,486,1,610,497,57.547,46.887,471.500,44.481
499,499,16.633,638.163,555.841,60.204,52.438,488,1,610,497,57.547,46.887,471.500,44.481
500,500,16.667,638.270,556.161,60.214,52.468,481,1,610,497,57.547,46.887,471.500,44.481
501,501,16.700,638.213,556.380,60.209,52.489,490,1,610,497,57.547,46.887,471.500,44.481
502,502,16.733,638.253,556.427,60.213,52.493,486,1,610,497,57.547,46.887,471.500,44.481
503,503,16.767,638.219,556.702,60.209,52.519,473,1,610,497,57.547,46.887,471.500,44.481
504,504,16.800,638.167,556.811,60.204,52.529,480,1,610,497,57.547,46.887,471.500,44.481
505,505,16.833,638.250,556.883,60.212,52.536,475,1,610,497,57.547,46.887,471.500,44.481
506,506,16.867,638.310,556.935,60.218,52.541,465,1,610,497,57.547,46.887,471.500,44.481
507,507,16.900,638.304,556.743,60.217,52.523,476,1,610,497,57.547,46.887,471.500,44.481
508,508,16.933,638.252,556.912,60.212,52.539,478,1,610,497,57.547,46.887,471.500,44.481
509,509,16.967,638.288,557.039,60.216,52.551,468,1,610,497,57.547,46.887,471.500,44.481
510,510,17.000,638.194,557.269,60.207,52.573,480,1,610,497,57.547,46.887,471.500,44.481
511,511,17.033,638.227,557.289,60.210,52.574,476,1,610,497,57.547,46.887,471.500,44.481
512,512,17.067,638.344,557.546,60.221,52.599,467,1,610,497,57.547,46.887,471.500,44.481
513,513,17.100,638.355,557.712,60.222,52.614,472,1,610,497,57.547,46.887,471.500,44.481
514,514,17.133,638.342,557.652,60.221,52.609,466,1,610,497,57.547,46.887,471.500,44.481
515,515,17.167,638.398,557.927,60.226,52.635,441,1,610,497,57.547,46.887,471.500,44.481
516,516,17.200,638.324,557.960,60.219,52.638,453,1,610,497,57.547,46.887,471.500,44.481
517,517,17.233,638.364,557.751,60.223,52.618,455,1,610,497,57.547,46.887,471.500,44.481
518,518,17.267,638.413,557.624,60.228,52.606,441,1,610,497,57.547,46.887,471.500,44.481
519,519,17.300,638.271,557.804,60.214,52.623,450,1,610,497,57.547,46.887,471.500,44.481
520,520,17.333,638.247,557.390,60.212,52.584,442,1,610,497,57.547,46.887,471.500,44.481
521,521,17.367,638.337,557.302,60.220,52.576,435,1,610,497,57.547,46.887,471.500,44.481
522,522,17.400,638.349,557.078,60.222,52.554,438,1,610,497,57.547,46.887,471.500,44.481
523,523,17.433,638.451,556.950,60.231,52.542,433,1,610,497,57.547,46.887,471.500,44.481
524,524,17.467,638.414,556.358,60.228,52.487,419,1,610,497,57.547,46.887,471.500,44.481
525,525,17.500,638.155,556.295,60.203,52.481,430,1,610,497,57.547,46.887,471.500,44.481
526,526,17.533,638.047,555.926,60.193,52.446,432,1,610,497,57.547,46.887,471.500,44.481
527,527,17.567,637.973,555.480,60.186,52.404,414,1,610,497,57.547,46.887,471.500,44.481
528,528,17.600,637.960,555.178,60.185,52.375,418,1,610,497,57.547,46.887,471.500,44.481
529,529,17.633,638.031,554.740,60.192,52.334,426,1,610,497,57.547,46.887,471.500,44.481
530,530,17.667,638.179,554.116,60.206,52.275,409,1,610,497,57.547,46.887,471.500,44.481
531,531,17.700,638.228,554.421,60.210,52.304,424,1,610,497,57.547,46.887,471.500,44.481
532,532,17.733,638.283,554.191,60.215,52.282,426,1,610,497,57.547,46.887,471.500,44.481
533,533,17.767,638.393,554.440,60.226,52.306,416,1,610,497,57.547,46.887,471.500,44.481
534,534,17.800,638.375,554.694,60.224,52.330,428,1,610,497,57.547,46.887,471.500,44.481
535,535,17.833,638.445,554.459,60.231,52.307,429,1,610,497,57.547,46.887,471.500,44.481
536,536,17.867,638.430,554.661,60.229,52.326,426,1,610,497,57.547,46.887,471.500,44.481
537,537,17.900,638.639,554.776,60.249,52.337,427,1,610,497,57.547,46.887,471.500,44.481
538,538,17.933,638.756,554.619,60.260,52.323,429,1,610,497,57.547,46.887,471.500,44.481
539,539,17.967,639.003,555.110,60.283,52.369,417,1,610,497,57.547,46.887,471.500,44.481
540,540,18.000,639.288,555.667,60.310,52.421,441,1,610,497,57.547,46.887,471.500,44.481
541,541,18.033,639.489,556.419,60.329,52.492,452,1,610,497,57.547,46.887,471.500,44.481
542,542,18.067,639.790,557.131,60.358,52.560,433,1,610,497,57.547,46.887,471.500,44.481
543,543,18.100,640.205,557.855,60.397,52.628,446,1,610,497,57.547,46.887,471.500,44.481
544,544,18.133,640.377,558.419,60.413,52.681,451,1,610,497,57.547,46.887,471.500,44.481
545,545,18.167,640.943,559.614,60.466,52.794,428,1,610,497,57.547,46.887,471.500,44.481
546,546,18.200,641.544,560.854,60.523,52.911,440,1,610,497,57.547,46.887,471.500,44.481
547,547,18.233,641.547,561.155,60.523,52.939,442,1,610,497,57.547,46.887,471.500,44.481
548,548,18.267,641.555,561.563,60.524,52.978,423,1,610,497,57.547,46.887,471.500,44.481
549,549,18.300,641.521,561.584,60.521,52.980,421,1,610,497,57.547,46.887,471.500,44.481
550,550,18.333,641.413,561.544,60.511,52.976,436,1,610,497,57.547,46.887,471.500,44.481
551,551,18.367,641.316,561.319,60.502,52.955,425,1,610,497,57.547,46.887,471.500,44.481
552,552,18.400,641.163,561.165,60.487,52.940,427,1,610,497,57.547,46.887,471.500,44.481
553,553,18.433,641.244,561.269,60.495,52.950,443,1,610,497,57.547,46.887,471.500,44.481
554,554,18.467,641.369,561.095,60.507,52.933,431,1,610,497,57.547,46.887,471.500,44.481
555,555,18.500,641.640,561.162,60.532,52.940,429,1,610,497,57.547,46.887,471.500,44.481
556,556,18.533,641.985,561.528,60.565,52.974,444,1,610,497,57.547,46.887,471.500,44.481
557,557,18.567,642.210,561.708,60.586,52.991,438,1,610,497,57.547,46.887,471.500,44.481
558,558,18.600,642.712,562.537,60.633,53.069,452,1,610,497,57.547,46.887,471.500,44.481
559,559,18.633,643.141,563.150,60.674,53.127,466,1,610,497,57.547,46.887,471.500,44.481
560,560,18.667,643.533,563.776,60.711,53.186,468,1,610,497,57.547,46.887,471.500,44.481
561,561,18.700,644.207,564.754,60.774,53.279,472,1,610,497,57.547,46.887,471.500,44.481
562,562,18.733,644.765,565.442,60.827,53.344,485,1,610,497,57.547,46.887,471.500,44.481
563,563,18.767,645.251,566.102,60.873,53.406,478,1,610,497,57.547,46.887,471.500,44.481
564,564,18.800,645.937,567.029,60.937,53.493,470,1,610,497,57.547,46.887,471.500,44.481
565,565,18.833,646.675,567.974,61.007,53.582,477,1,610,497,57.547,46.887,471.500,44.481
566,566,18.867,647.293,568.663,61.065,53.647,470,1,610,497,57.547,46.887,471.500,44.481
567,567,18.900,647.700,569.347,61.104,53.712,455,1,610,497,57.547,46.887,471.500,44.481
568,568,18.933,648.164,570.015,61.148,53.775,458,1,610,497,57.547,46.887,471.500,44.481
569,569,18.967,648.094,570.121,61.141,53.785,448,1,610,497,57.547,46.887,471.500,44.481
570,570,19.000,648.021,570.100,61.134,53.783,442,1,610,497,57.547,46.887,471.500,44.481
571,571,19.033,647.622,569.879,61.096,53.762,453,1,610,497,57.547,46.887,471.500,44.481
572,572,19.067,647.584,569.840,61.093,53.758,450,1,610,497,57.547,46.887,471.500,44.481
573,573,19.100,647.565,569.897,61.091,53.764,438,1,610,497,57.547,46.887,471.500,44.481
574,574,19.133,647.533,569.868,61.088,53.761,455,1,610,497,57.547,46.887,471.500,44.481
575,575,19.167,647.555,569.765,61.090,53.751,450,1,610,497,57.547,46.887,471.500,44.481
576,576,19.200,647.669,569.921,61.101,53.766,451,1,610,497,57.547,46.887,471.500,44.481
577,577,19.233,647.721,569.917,61.106,53.766,458,1,610,497,57.547,46.887,471.500,44.481
578,578,19.267,647.901,570.068,61.123,53.780,462,1,610,497,57.547,46.887,471.500,44.481
579,579,19.300,648.499,570.694,61.179,53.839,463,1,610,497,57.547,46.887,471.500,44.481
580,580,19.333,648.713,570.974,61.199,53.865,480,1,610,497,57.547,46.887,471.500,44.481
581,581,19.367,648.743,570.955,61.202,53.864,481,1,610,497,57.547,46.887,471.500,44.481
582,582,19.400,648.873,571.020,61.214,53.870,475,1,610,497,57.547,46.887,471.500,44.481
583,583,19.433,648.813,570.966,61.209,53.865,484,1,610,497,57.547,46.887,471.500,44.481
584,584,19.467,648.990,571.144,61.226,53.881,483,1,610,497,57.547,46.887,471.500,44.481
585,585,19.500,649.195,571.315,61.245,53.898,482,1,610,497,57.547,46.887,471.500,44.481
586,586,19.533,649.198,571.286,61.245,53.895,492,1,610,497,57.547,46.887,471.500,44.481
587,587,19.567,649.234,571.326,61.248,53.899,496,1,610,497,57.547,46.887,471.500,44.481
588,588,19.600,649.477,571.621,61.271,53.926,486,1,610,497,57.547,46.887,471.500,44.481
589,589,19.633,649.490,571.616,61.273,53.926,502,1,610,497,57.547,46.887,471.500,44.481
590,590,19.667,649.559,571.697,61.279,53.934,499,1,610,497,57.547,46.887,471.500,44.481
591,591,19.700,649.722,571.829,61.295,53.946,490,1,610,497,57.547,46.887,471.500,44.481
592,592,19.733,649.602,571.715,61.283,53.935,505,1,610,497,57.547,46.887,471.500,44.481
593,593,19.767,649.589,571.696,61.282,53.934,504,1,610,497,57.547,46.887,471.500,44.481
594,594,19.800,649.970,572.206,61.318,53.982,502,1,610,497,57.547,46.887,471.500,44.481
595,595,19.833,650.046,572.285,61.325,53.989,508,1,610,497,57.547,46.887,471.500,44.481
596,596,19.867,649.943,572.159,61.315,53.977,512,1,610,497,57.547,46.887,471.500,44.481
597,597,19.900,650.083,572.229,61.329,53.984,503,1,610,497,57.547,46.887,471.500,44.481
598,598,19.933,650.087,572.303,61.329,53.991,514,1,610,497,57.547,46.887,471.500,44.481
599,599,19.967,650.026,572.256,61.323,53.986,511,1,610,497,57.547,46.887,471.500,44.481
600,600,20.000,649.994,572.139,61.320,53.975,510,1,610,497,57.547,46.887,471.500,44.481
601,601,20.033,650.453,572.681,61.364,54.027,506,1,610,497,57.547,46.887,471.500,44.481
602,602,20.067,650.255,572.480,61.345,54.008,504,1,610,497,57.547,46.887,471.500,44.481
603,603,20.100,650.226,572.406,61.342,54.001,493,1,610,497,57.547,46.887,471.500,44.481
604,604,20.133,650.157,572.414,61.336,54.001,494,1,610,497,57.547,46.887,471.500,44.481
605,605,20.167,650.025,572.234,61.323,53.984,489,1,610,497,57.547,46.887,471.500,44.481
606,606,20.200,649.728,571.748,61.295,53.939,471,1,610,497,57.547,46.887,471.500,44.481
607,607,20.233,649.788,571.772,61.301,53.941,474,1,610,497,57.547,46.887,471.500,44.481
608,608,20.267,649.753,571.637,61.297,53.928,471,1,610,497,57.547,46.887,471.500,44.481
609,609,20.300,649.525,571.259,61.276,53.892,459,1,610,497,57.547,46.887,471.500,44.481
610,610,20.333,649.637,571.274,61.286,53.894,463,1,610,497,57.547,46.887,471.500,44.481
611,611,20.367,649.675,571.129,61.290,53.880,466,1,610,497,57.547,46.887,471.500,44.481
612,612,20.400,649.655,570.973,61.288,53.865,468,1,610,497,57.547,46.887,471.500,44.481
613,613,20.433,649.841,570.967,61.306,53.865,480,1,610,497,57.547,46.887,471.500,44.481
614,614,20.467,649.704,570.870,61.293,53.856,480,1,610,497,57.547,46.887,471.500,44.481
615,615,20.500,649.798,570.857,61.302,53.854,478,1,610,497,57.547,46.887,471.500,44.481
616,616,20.533,649.805,570.859,61.302,53.855,483,1,610,497,57.547,46.887,471.500,44.481
617,617,20.567,649.885,570.796,61.310,53.849,491,1,610,497,57.547,46.887,471.500,44.481
618,618,20.600,649.855,570.644,61.307,53.834,484,1,610,497,57.547,46.887,471.500,44.481
619,619,20.633,649.861,570.546,61.308,53.825,482,1,610,497,57.547,46.887,471.500,44.481
620,620,20.667,650.137,570.544,61.334,53.825,489,1,610,497,57.547,46.887,471.500,44.481
621,621,20.700,650.366,570.613,61.355,53.831,485,1,610,497,57.547,46.887,471.500,44.481
622,622,20.733,650.796,570.872,61.396,53.856,487,1,610,497,57.547,46.887,471.500,44.481
623,623,20.767,651.377,571.171,61.451,53.884,489,1,610,497,57.547,46.887,471.500,44.481
624,624,20.800,651.680,571.415,61.479,53.907,480,1,610,497,57.547,46.887,471.500,44.481
625,625,20.833,652.000,571.577,61.509,53.922,484,1,610,497,57.547,46.887,471.500,44.481
626,626,20.867,652.658,571.879,61.571,53.951,495,1,610,497,57.547,46.887,471.500,44.481
627,627,20.900,652.955,572.248,61.600,53.986,466,1,610,497,57.547,46.887,471.500,44.481
628,628,20.933,653.146,572.384,61.618,53.998,466,1,610,497,57.547,46.887,471.500,44.481
629,629,20.967,653.380,572.593,61.640,54.018,473,1,610,497,57.547,46.887,471.500,44.481
630,630,21.000,653.506,572.555,61.652,54.015,453,1,610,497,57.547,46.887,471.500,44.481
631,631,21.033,653.561,572.598,61.657,54.019,453,1,610,497,57.547,46.887,471.500,44.481
632,632,21.067,653.649,572.622,61.665,54.021,457,1,610,497,57.547,46.887,471.500,44.481
633,633,21.100,653.392,572.411,61.641,54.001,449,1,610,497,57.547,46.887,471.500,44.481
634,634,21.133,653.599,572.300,61.660,53.991,459,1,610,497,57.547,46.887,471.500,44.481
635,635,21.167,653.766,572.172,61.676,53.979,468,1,610,497,57.547,46.887,471.500,44.481
636,636,21.200,654.181,572.302,61.715,53.991,463,1,610,497,57.547,46.887,471.500,44.481
637,637,21.233,654.558,572.409,61.751,54.001,469,1,610,497,57.547,46.887,471.500,44.481
638,638,21.267,654.989,572.461,61.791,54.006,480,1,610,497,57.547,46.887,471.500,44.481
639,639,21.300,655.825,572.907,61.870,54.048,477,1,610,497,57.547,46.887,471.500,44.481
640,640,21.333,656.362,573.074,61.921,54.064,485,1,610,497,57.547,46.887,471.500,44.481
641,641,21.367,657.288,573.336,62.008,54.088,495,1,610,497,57.547,46.887,471.500,44.481
642,642,21.400,657.719,573.407,62.049,54.095,500,1,610,497,57.547,46.887,471.500,44.481
643,643,21.433,658.212,573.552,62.095,54.109,509,1,610,497,57.547,46.887,471.500,44.481
644,644,21.467,658.896,573.623,62.160,54.115,524,1,610,497,57.547,46.887,471.500,44.481
645,645,21.500,659.420,573.835,62.209,54.135,522,1,610,497,57.547,46.887,471.500,44.481
646,646,21.533,659.659,573.954,62.232,54.147,519,1,610,497,57.547,46.887,471.500,44.481
647,647,21.567,660.271,574.175,62.290,54.167,527,1,610,497,57.547,46.887,471.500,44.481
648,648,21.600,660.406,574.226,62.302,54.172,517,1,610,497,57.547,46.887,471.500,44.481
649,649,21.633,660.425,574.285,62.304,54.178,515,1,610,497,57.547,46.887,471.500,44.481
650,650,21.667,660.456,574.376,62.307,54.186,519,1,610,497,57.547,46.887,471.500,44.481
651,651,21.700,660.518,574.410,62.313,54.190,516,1,610,497,57.547,46.887,471.500,44.481
652,652,21.733,660.461,574.424,62.308,54.191,513,1,610,497,57.547,46.887,471.500,44.481
653,653,21.767,660.375,574.377,62.300,54.187,519,1,610,497,57.547,46.887,471.500,44.481
654,654,21.800,660.253,574.394,62.288,54.188,518,1,610,497,57.547,46.887,471.500,44.481
655,655,21.833,660.284,574.420,62.291,54.191,513,1,610,497,57.547,46.887,471.500,44.481
656,656,21.867,660.189,574.367,62.282,54.186,519,1,610,497,57.547,46.887,471.500,44.481
657,657,21.900,660.408,574.497,62.303,54.198,508,1,610,497,57.547,46.887,471.500,44.481
658,658,21.933,660.657,574.621,62.326,54.210,500,1,610,497,57.547,46.887,471.500,44.481
659,659,21.967,660.811,574.649,62.341,54.212,501,1,610,497,57.547,46.887,471.500,44.481
660,660,22.000,660.712,574.590,62.331,54.207,500,1,610,497,57.547,46.887,471.500,44.481
661,661,22.033,659.996,574.366,62.264,54.185,473,1,610,497,57.547,46.887,471.500,44.481
662,662,22.067,659.922,574.110,62.257,54.161,481,1,610,497,57.547,46.887,471.500,44.481
663,663,22.100,659.965,574.097,62.261,54.160,474,1,610,497,57.547,46.887,471.500,44.481
664,664,22.133,660.101,574.101,62.274,54.160,466,1,610,497,57.547,46.887,471.500,44.481
665,665,22.167,660.063,573.985,62.270,54.149,463,1,610,497,57.547,46.887,471.500,44.481
666,666,22.200,659.949,573.945,62.259,54.146,463,1,610,497,57.547,46.887,471.500,44.481
667,667,22.233,659.733,573.888,62.239,54.140,457,1,610,497,57.547,46.887,471.500,44.481
668,668,22.267,659.848,573.823,62.250,54.134,468,1,610,497,57.547,46.887,471.500,44.481
669,669,22.300,660.034,573.819,62.267,54.134,477,1,610,497,57.547,46.887,471.500,44.481
670,670,22.333,660.208,573.823,62.284,54.134,472,1,610,497,57.547,46.887,471.500,44.481
671,671,22.367,660.047,573.845,62.269,54.136,475,1,610,497,57.547,46.887,471.500,44.481
672,672,22.400,659.877,573.782,62.253,54.130,472,1,610,497,57.547,46.887,471.500,44.481
673,673,22.433,659.383,573.496,62.206,54.103,452,1,610,497,57.547,46.887,471.500,44.481
674,674,22.467,658.712,573.431,62.143,54.097,436,1,610,497,57.547,46.887,471.500,44.481
675,675,22.500,658.347,573.317,62.108,54.087,427,1,610,497,57.547,46.887,471.500,44.481
676,676,22.533,658.686,573.309,62.140,54.086,427,1,610,497,57.547,46.887,471.500,44.481
677,677,22.567,659.693,572.995,62.235,54.056,455,1,610,497,57.547,46.887,471.500,44.481
678,678,22.600,660.677,572.456,62.328,54.005,487,1,610,497,57.547,46.887,471.500,44.481
679,679,22.633,660.726,572.264,62.333,53.987,489,1,610,497,57.547,46.887,471.500,44.481
680,680,22.667,660.707,572.061,62.331,53.968,495,1,610,497,57.547,46.887,471.500,44.481
681,681,22.700,660.389,571.932,62.301,53.956,496,1,610,497,57.547,46.887,471.500,44.481
682,682,22.733,660.027,571.867,62.267,53.950,482,1,610,497,57.547,46.887,471.500,44.481
683,683,22.767,660.034,571.729,62.267,53.937,489,1,610,497,57.547,46.887,471.500,44.481
684,684,22.800,660.005,571.736,62.265,53.937,490,1,610,497,57.547,46.887,471.500,44.481
685,685,22.833,659.744,572.047,62.240,53.967,473,1,610,497,57.547,46.887,471.500,44.481
686,686,22.867,659.311,572.406,62.199,54.001,466,1,610,497,57.547,46.887,471.500,44.481
687,687,22.900,658.648,572.572,62.137,54.016,456,1,610,497,57.547,46.887,471.500,44.481
688,688,22.933,657.978,572.642,62.073,54.023,431,1,610,497,57.547,46.887,471.500,44.481
689,689,22.967,657.684,572.643,62.046,54.023,430,1,610,497,57.547,46.887,471.500,44.481
690,690,23.000,657.290,572.528,62.009,54.012,428,1,610,497,57.547,46.887,471.500,44.481
691,691,23.033,656.916,572.530,61.973,54.012,415,1,610,497,57.547,46.887,471.500,44.481
692,692,23.067,657.134,572.422,61.994,54.002,425,1,610,497,57.547,46.887,471.500,44.481
693,693,23.100,657.023,572.416,61.983,54.002,433,1,610,497,57.547,46.887,471.500,44.481
694,694,23.133,656.992,572.467,61.980,54.006,428,1,610,497,57.547,46.887,471.500,44.481
695,695,23.167,657.111,572.472,61.992,54.007,431,1,610,497,57.547,46.887,471.500,44.481
696,696,23.200,657.242,572.532,62.004,54.012,441,1,610,497,57.547,46.887,471.500,44.481
697,697,23.233,657.265,572.586,62.006,54.018,434,1,610,497,57.547,46.887,471.500,44.481
698,698,23.267,657.304,572.640,62.010,54.023,439,1,610,497,57.547,46.887,471.500,44.481
699,699,23.300,657.169,572.706,61.997,54.029,445,1,610,497,57.547,46.887,471.500,44.481
700,700,23.333,657.040,572.707,61.985,54.029,442,1,610,497,57.547,46.887,471.500,44.481
701,701,23.367,656.930,572.730,61.975,54.031,437,1,610,497,57.547,46.887,471.500,44.481
702,702,23.400,657.006,572.750,61.982,54.033,450,1,610,497,57.547,46.887,471.500,44.481
703,703,23.433,656.902,572.800,61.972,54.038,445,1,610,497,57.547,46.887,471.500,44.481
704,704,23.467,656.610,572.864,61.944,54.044,439,1,610,497,57.547,46.887,471.500,44.481
705,705,23.500,656.271,572.580,61.912,54.017,451,1,610,497,57.547,46.887,471.500,44.481
706,706,23.533,655.935,572.528,61.881,54.012,442,1,610,497,57.547,46.887,471.500,44.481
707,707,23.567,655.483,572.520,61.838,54.011,442,1,610,497,57.547,46.887,471.500,44.481
708,708,23.600,654.941,572.192,61.787,53.980,451,1,610,497,57.547,46.887,471.500,44.481
709,709,23.633,654.619,572.091,61.757,53.971,441,1,610,497,57.547,46.887,471.500,44.481
710,710,23.667,654.044,572.058,61.702,53.968,440,1,610,497,57.547,46.887,471.500,44.481
711,711,23.700,653.287,571.712,61.631,53.935,455,1,610,497,57.547,46.887,471.500,44.481
712,712,23.733,652.428,571.468,61.550,53.912,445,1,610,497,57.547,46.887,471.500,44.481
713,713,23.767,651.655,571.244,61.477,53.891,444,1,610,497,57.547,46.887,471.500,44.481
714,714,23.800,650.894,571.041,61.405,53.872,453,1,610,497,57.547,46.887,471.500,44.481
715,715,23.833,650.138,570.918,61.334,53.860,439,1,610,497,57.547,46.887,471.500,44.481
716,716,23.867,649.381,570.827,61.262,53.852,432,1,610,497,57.547,46.887,471.500,44.481
717,717,23.900,648.961,570.882,61.223,53.857,436,1,610,497,57.547,46.887,471.500,44.481
718,718,23.933,647.751,570.661,61.109,53.836,424,1,610,497,57.547,46.887,471.500,44.481
719,719,23.967,647.148,570.525,61.052,53.823,413,1,610,497,57.547,46.887,471.500,44.481
720,720,24.000,646.725,570.561,61.012,53.827,417,1,610,497,57.547,46.887,471.500,44.481
721,721,24.033,646.242,570.481,60.966,53.819,418,1,610,497,57.547,46.887,471.500,44.481
722,722,24.067,646.018,570.404,60.945,53.812,409,1,610,497,57.547,46.887,471.500,44.481
723,723,24.100,646.273,571.062,60.969,53.874,439,1,610,497,57.547,46.887,471.500,44.481
724,724,24.133,646.188,571.055,60.961,53.873,436,1,610,497,57.547,46.887,471.500,44.481
725,725,24.167,646.302,571.112,60.972,53.879,441,1,610,497,57.547,46.887,471.500,44.481
726,726,24.200,646.499,571.151,60.990,53.882,452,1,610,497,57.547,46.887,471.500,44.481
727,727,24.233,646.528,571.298,60.993,53.896,449,1,610,497,57.547,46.887,471.500,44.481
728,728,24.267,646.423,571.405,60.983,53.906,442,1,610,497,57.547,46.887,471.500,44.481
729,729,24.300,646.405,571.758,60.982,53.939,450,1,610,497,57.547,46.887,471.500,44.481
730,730,24.333,646.105,571.852,60.953,53.948,447,1,610,497,57.547,46.887,471.500,44.481
731,731,24.367,645.849,571.834,60.929,53.947,444,1,610,497,57.547,46.887,471.500,44.481
732,732,24.400,645.665,572.038,60.912,53.966,447,1,610,497,57.547,46.887,471.500,44.481
733,733,24.433,645.521,572.227,60.898,53.984,450,1,610,497,57.547,46.887,471.500,44.481
734,734,24.467,645.542,572.442,60.900,54.004,445,1,610,497,57.547,46.887,471.500,44.481
735,735,24.500,645.493,572.639,60.896,54.023,456,1,610,497,57.547,46.887,471.500,44.481
736,736,24.533,645.735,572.911,60.918,54.048,456,1,610,497,57.547,46.887,471.500,44.481
737,737,24.567,645.739,572.909,60.919,54.048,454,1,610,497,57.547,46.887,471.500,44.481
738,738,24.600,645.763,573.342,60.921,54.089,468,1,610,497,57.547,46.887,471.500,44.481
739,739,24.633,645.782,573.468,60.923,54.101,470,1,610,497,57.547,46.887,471.500,44.481
740,740,24.667,645.832,573.692,60.928,54.122,471,1,610,497,57.547,46.887,471.500,44.481
741,741,24.700,645.814,573.702,60.926,54.123,478,1,610,497,57.547,46.887,471.500,44.481
742,742,24.733,645.661,573.648,60.911,54.118,479,1,610,497,57.547,46.887,471.500,44.481
743,743,24.767,645.434,573.750,60.890,54.127,458,1,610,497,57.547,46.887,471.500,44.481
744,744,24.800,645.087,573.799,60.857,54.132,470,1,610,497,57.547,46.887,471.500,44.481
745,745,24.833,644.973,573.590,60.846,54.112,457,1,610,497,57.547,46.887,471.500,44.481
746,746,24.867,644.881,573.512,60.838,54.105,441,1,610,497,57.547,46.887,471.500,44.481
747,747,24.900,644.764,573.655,60.827,54.118,452,1,610,497,57.547,46.887,471.500,44.481
748,748,24.933,644.655,573.635,60.816,54.116,461,1,610,497,57.547,46.887,471.500,44.481
749,749,24.967,644.548,573.816,60.806,54.134,453,1,610,497,57.547,46.887,471.500,44.481
750,750,25.000,644.361,574.263,60.789,54.176,457,1,610,497,57.547,46.887,471.500,44.481
751,751,25.033,644.200,574.230,60.774,54.173,454,1,610,497,57.547,46.887,471.500,44.481
752,752,25.067,644.134,574.648,60.767,54.212,457,1,610,497,57.547,46.887,471.500,44.481
753,753,25.100,644.054,575.252,60.760,54.269,481,1,610,497,57.547,46.887,471.500,44.481
754,754,25.133,644.123,575.380,60.766,54.281,477,1,610,497,57.547,46.887,471.500,44.481
755,755,25.167,644.086,575.718,60.763,54.313,483,1,610,497,57.547,46.887,471.500,44.481
756,756,25.200,644.046,576.017,60.759,54.341,492,1,610,497,57.547,46.887,471.500,44.481
757,757,25.233,644.102,575.988,60.764,54.338,492,1,610,497,57.547,46.887,471.500,44.481
758,758,25.267,644.150,576.104,60.769,54.349,492,1,610,497,57.547,46.887,471.500,44.481
759,759,25.300,644.010,576.916,60.756,54.426,509,1,610,497,57.547,46.887,471.500,44.481
760,760,25.333,643.876,577.164,60.743,54.449,519,1,610,497,57.547,46.887,471.500,44.481
761,761,25.367,643.938,577.495,60.749,54.481,501,1,610,497,57.547,46.887,471.500,44.481
762,762,25.400,643.770,578.067,60.733,54.535,500,1,610,497,57.547,46.887,471.500,44.481
763,763,25.433,643.819,578.195,60.738,54.547,494,1,610,497,57.547,46.887,471.500,44.481
764,764,25.467,644.066,578.623,60.761,54.587,474,1,610,497,57.547,46.887,471.500,44.481
765,765,25.500,643.904,579.125,60.746,54.634,472,1,610,497,57.547,46.887,471.500,44.481
766,766,25.533,643.814,579.335,60.737,54.654,473,1,610,497,57.547,46.887,471.500,44.481
767,767,25.567,643.771,579.513,60.733,54.671,456,1,610,497,57.547,46.887,471.500,44.481
768,768,25.600,643.771,579.388,60.733,54.659,463,1,610,497,57.547,46.887,471.500,44.481
769,769,25.633,643.835,579.300,60.739,54.651,473,1,610,497,57.547,46.887,471.500,44.481
770,770,25.667,644.012,579.016,60.756,54.624,455,1,610,497,57.547,46.887,471.500,44.481
771,771,25.700,644.108,579.267,60.765,54.648,456,1,610,497,57.547,46.887,471.500,44.481
772,772,25.733,644.056,579.028,60.760,54.625,460,1,610,497,57.547,46.887,471.500,44.481
773,773,25.767,644.102,578.771,60.764,54.601,454,1,610,497,57.547,46.887,471.500,44.481
774,774,25.800,644.140,578.872,60.768,54.611,452,1,610,497,57.547,46.887,471.500,44.481
775,775,25.833,644.054,578.923,60.760,54.615,462,1,610,497,57.547,46.887,471.500,44.481
776,776,25.867,644.149,578.761,60.769,54.600,452,1,610,497,57.547,46.887,471.500,44.481
777,777,25.900,644.116,578.954,60.766,54.618,457,1,610,497,57.547,46.887,471.500,44.481
778,778,25.933,644.006,579.127,60.755,54.635,469,1,610,497,57.547,46.887,471.500,44.481
779,779,25.967,644.024,579.151,60.757,54.637,462,1,610,497,57.547,46.887,471.500,44.481
780,780,26.000,643.961,579.494,60.751,54.669,472,1,610,497,57.547,46.887,471.500,44.481
781,781,26.033,643.771,580.141,60.733,54.730,473,1,610,497,57.547,46.887,471.500,44.481
782,782,26.067,643.686,580.059,60.725,54.723,475,1,610,497,57.547,46.887,471.500,44.481
783,783,26.100,643.623,580.347,60.719,54.750,486,1,610,497,57.547,46.887,471.500,44.481
784,784,26.133,643.642,580.397,60.721,54.754,488,1,610,497,57.547,46.887,471.500,44.481
785,785,26.167,643.650,580.376,60.722,54.752,487,1,610,497,57.547,46.887,471.500,44.481
786,786,26.200,643.564,580.453,60.714,54.760,493,1,610,497,57.547,46.887,471.500,44.481
787,787,26.233,643.464,580.824,60.704,54.795,513,1,610,497,57.547,46.887,471.500,44.481
788,788,26.267,643.453,581.031,60.703,54.814,515,1,610,497,57.547,46.887,471.500,44.481
789,789,26.300,643.520,581.243,60.709,54.834,508,1,610,497,57.547,46.887,471.500,44.481
790,790,26.333,643.516,581.356,60.709,54.845,520,1,610,497,57.547,46.887,471.500,44.481
791,791,26.367,643.500,581.492,60.708,54.858,520,1,610,497,57.547,46.887,471.500,44.481
792,792,26.400,643.485,581.675,60.706,54.875,516,1,610,497,57.547,46.887,471.500,44.481
793,793,26.433,643.491,581.810,60.707,54.888,520,1,610,497,57.547,46.887,471.500,44.481
794,794,26.467,643.511,581.731,60.709,54.880,518,1,610,497,57.547,46.887,471.500,44.481
795,795,26.500,643.561,581.626,60.713,54.870,519,1,610,497,57.547,46.887,471.500,44.481
796,796,26.533,643.570,581.535,60.714,54.862,528,1,610,497,57.547,46.887,471.500,44.481
797,797,26.567,643.583,581.609,60.715,54.869,529,1,610,497,57.547,46.887,471.500,44.481
798,798,26.600,643.662,581.830,60.723,54.890,520,1,610,497,57.547,46.887,471.500,44.481
799,799,26.633,643.616,581.947,60.718,54.901,528,1,610,497,57.547,46.887,471.500,44.481
800,800,26.667,643.577,581.935,60.715,54.900,529,1,610,497,57.547,46.887,471.500,44.481
801,801,26.700,643.619,582.112,60.719,54.916,530,1,610,497,57.547,46.887,471.500,44.481
802,802,26.733,643.564,582.427,60.714,54.946,543,1,610,497,57.547,46.887,471.500,44.481
803,803,26.767,643.589,582.309,60.716,54.935,540,1,610,497,57.547,46.887,471.500,44.481
804,804,26.800,643.618,582.379,60.719,54.941,532,1,610,497,57.547,46.887,471.500,44.481
805,805,26.833,643.603,582.382,60.717,54.942,536,1,610,497,57.547,46.887,471.500,44.481
806,806,26.867,643.617,582.288,60.719,54.933,532,1,610,497,57.547,46.887,471.500,44.481
807,807,26.900,643.601,582.341,60.717,54.938,531,1,610,497,57.547,46.887,471.500,44.481
808,808,26.933,643.555,582.394,60.713,54.943,545,1,610,497,57.547,46.887,471.500,44.481
809,809,26.967,643.588,582.553,60.716,54.958,542,1,610,497,57.547,46.887,471.500,44.481
810,810,27.000,643.647,582.794,60.721,54.981,541,1,610,497,57.547,46.887,471.500,44.481
811,811,27.033,643.588,582.767,60.716,54.978,550,1,610,497,57.547,46.887,471.500,44.481
812,812,27.067,643.569,582.698,60.714,54.972,552,1,610,497,57.547,46.887,471.500,44.481
813,813,27.100,643.606,582.476,60.718,54.951,544,1,610,497,57.547,46.887,471.500,44.481
814,814,27.133,643.628,582.564,60.720,54.959,542,1,610,497,57.547,46.887,471.500,44.481
815,815,27.167,643.624,582.506,60.719,54.953,542,1,610,497,57.547,46.887,471.500,44.481
816,816,27.200,643.635,582.555,60.720,54.958,540,1,610,497,57.547,46.887,471.500,44.481
817,817,27.233,643.627,582.829,60.719,54.984,546,1,610,497,57.547,46.887,471.500,44.481
818,818,27.267,643.635,582.757,60.720,54.977,546,1,610,497,57.547,46.887,471.500,44.481
819,819,27.300,643.656,582.606,60.722,54.963,537,1,610,497,57.547,46.887,471.500,44.481
820,820,27.333,643.650,582.722,60.722,54.974,540,1,610,497,57.547,46.887,471.500,44.481
821,821,27.367,643.653,582.680,60.722,54.970,544,1,610,497,57.547,46.887,471.500,44.481
822,822,27.400,643.631,582.615,60.720,54.964,536,1,610,497,57.547,46.887,471.500,44.481
823,823,27.433,643.629,582.699,60.720,54.972,539,1,610,497,57.547,46.887,471.500,44.481
824,824,27.467,643.636,582.557,60.720,54.958,543,1,610,497,57.547,46.887,471.500,44.481
825,825,27.500,643.637,582.663,60.720,54.968,532,1,610,497,57.547,46.887,471.500,44.481
826,826,27.533,643.616,582.751,60.719,54.977,537,1,610,497,57.547,46.887,471.500,44.481
827,827,27.567,643.601,582.524,60.717,54.955,542,1,610,497,57.547,46.887,471.500,44.481
828,828,27.600,643.618,582.481,60.719,54.951,526,1,610,497,57.547,46.887,471.500,44.481
829,829,27.633,643.621,582.763,60.719,54.978,534,1,610,497,57.547,46.887,471.500,44.481
830,830,27.667,643.605,582.636,60.717,54.966,539,1,610,497,57.547,46.887,471.500,44.481
831,831,27.700,643.632,582.533,60.720,54.956,527,1,610,497,57.547,46.887,471.500,44.481
832,832,27.733,643.580,582.625,60.715,54.965,535,1,610,497,57.547,46.887,471.500,44.481
833,833,27.767,643.602,582.673,60.717,54.969,540,1,610,497,57.547,46.887,471.500,44.481
834,834,27.800,643.588,582.599,60.716,54.962,529,1,610,497,57.547,46.887,471.500,44.481
835,835,27.833,643.593,582.799,60.716,54.981,532,1,610,497,57.547,46.887,471.500,44.481
836,836,27.867,643.597,582.741,60.717,54.976,540,1,610,497,57.547,46.887,471.500,44.481
837,837,27.900,643.612,582.522,60.718,54.955,524,1,610,497,57.547,46.887,471.500,44.481
838,838,27.933,643.593,582.625,60.716,54.965,528,1,610,497,57.547,46.887,471.500,44.481
839,839,27.967,643.587,582.720,60.716,54.974,538,1,610,497,57.547,46.887,471.500,44.481
840,840,28.000,643.627,582.445,60.720,54.948,528,1,610,497,57.547,46.887,471.500,44.481
841,841,28.033,643.711,582.638,60.727,54.966,522,1,610,497,57.547,46.887,471.500,44.481
842,842,28.067,643.656,582.420,60.722,54.945,525,1,610,497,57.547,46.887,471.500,44.481
843,843,28.100,643.680,581.932,60.725,54.899,511,1,610,497,57.547,46.887,471.500,44.481
844,844,28.133,643.627,581.566,60.720,54.865,498,1,610,497,57.547,46.887,471.500,44.481
845,845,28.167,643.681,581.140,60.725,54.824,492,1,610,497,57.547,46.887,471.500,44.481
846,846,28.200,643.711,579.765,60.727,54.695,459,1,610,497,57.547,46.887,471.500,44.481
847,847,28.233,643.823,579.447,60.738,54.665,451,1,610,497,57.547,46.887,471.500,44.481
848,848,28.267,643.795,578.718,60.735,54.596,445,1,610,497,57.547,46.887,471.500,44.481
849,849,28.300,643.810,577.753,60.737,54.505,422,1,610,497,57.547,46.887,471.500,44.481
850,850,28.333,643.754,577.290,60.732,54.461,414,1,610,497,57.547,46.887,471.500,44.481
851,851,28.367,643.549,577.256,60.712,54.458,424,1,610,497,57.547,46.887,471.500,44.481
852,852,28.400,643.460,576.953,60.704,54.430,419,1,610,497,57.547,46.887,471.500,44.481
853,853,28.433,643.218,576.976,60.681,54.432,421,1,610,497,57.547,46.887,471.500,44.481
854,854,28.467,643.069,576.852,60.667,54.420,440,1,610,497,57.547,46.887,471.500,44.481
855,855,28.500,643.028,576.771,60.663,54.412,437,1,610,497,57.547,46.887,471.500,44.481
856,856,28.533,642.985,576.915,60.659,54.426,440,1,610,497,57.547,46.887,471.500,44.481
857,857,28.567,642.871,576.861,60.648,54.421,443,1,610,497,57.547,46.887,471.500,44.481
858,858,28.600,642.596,577.112,60.622,54.445,448,1,610,497,57.547,46.887,471.500,44.481
859,859,28.633,642.474,577.030,60.611,54.437,440,1,610,497,57.547,46.887,471.500,44.481
860,860,28.667,642.188,577.033,60.584,54.437,455,1,610,497,57.547,46.887,471.500,44.481
861,861,28.700,642.113,576.847,60.577,54.420,453,1,610,497,57.547,46.887,471.500,44.481
862,862,28.733,642.122,576.841,60.578,54.419,450,1,610,497,57.547,46.887,471.500,44.481
863,863,28.767,641.930,576.680,60.559,54.404,461,1,610,497,57.547,46.887,471.500,44.481
864,864,28.800,641.835,576.616,60.550,54.398,457,1,610,497,57.547,46.887,471.500,44.481
865,865,28.833,641.798,576.789,60.547,54.414,453,1,610,497,57.547,46.887,471.500,44.481
866,866,28.867,641.725,576.735,60.540,54.409,463,1,610,497,57.547,46.887,471.500,44.481
867,867,28.900,641.583,576.820,60.527,54.417,468,1,610,497,57.547,46.887,471.500,44.481
868,868,28.933,641.552,576.744,60.524,54.410,461,1,610,497,57.547,46.887,471.500,44.481
869,869,28.967,641.169,576.683,60.488,54.404,471,1,610,497,57.547,46.887,471.500,44.481
870,870,29.000,641.069,576.642,60.478,54.400,473,1,610,497,57.547,46.887,471.500,44.481
871,871,29.033,640.781,576.758,60.451,54.411,459,1,610,497,57.547,46.887,471.500,44.481
872,872,29.067,640.354,576.840,60.411,54.419,481,1,610,497,57.547,46.887,471.500,44.481
873,873,29.100,640.366,576.779,60.412,54.413,469,1,610,497,57.547,46.887,471.500,44.481
874,874,29.133,640.156,576.954,60.392,54.430,467,1,610,497,57.547,46.887,471.500,44.481
875,875,29.167,639.909,577.077,60.369,54.441,480,1,610,497,57.547,46.887,471.500,44.481
876,876,29.200,639.538,577.122,60.334,54.445,480,1,610,497,57.547,46.887,471.500,44.481
877,877,29.233,639.390,577.473,60.320,54.479,471,1,610,497,57.547,46.887,471.500,44.481
878,878,29.267,639.199,577.585,60.302,54.489,479,1,610,497,57.547,46.887,471.500,44.481
879,879,29.300,639.093,577.934,60.292,54.522,470,1,610,497,57.547,46.887,471.500,44.481
880,880,29.333,639.139,578.252,60.296,54.552,448,1,610,497,57.547,46.887,471.500,44.481
881,881,29.367,639.070,578.419,60.290,54.568,458,1,610,497,57.547,46.887,471.500,44.481
882,882,29.400,639.140,578.635,60.296,54.588,444,1,610,497,57.547,46.887,471.500,44.481
883,883,29.433,639.246,578.646,60.306,54.589,438,1,610,497,57.547,46.887,471.500,44.481
884,884,29.467,639.186,578.715,60.301,54.596,454,1,610,497,57.547,46.887,471.500,44.481
885,885,29.500,639.124,578.613,60.295,54.586,450,1,610,497,57.547,46.887,471.500,44.481
886,886,29.533,639.240,578.474,60.306,54.573,448,1,610,497,57.547,46.887,471.500,44.481
887,887,29.567,639.037,578.545,60.287,54.580,447,1,610,497,57.547,46.887,471.500,44.481
888,888,29.600,638.534,578.568,60.239,54.582,447,1,610,497,57.547,46.887,471.500,44.481
889,889,29.633,638.760,578.390,60.260,54.565,435,1,610,497,57.547,46.887,471.500,44.481
890,890,29.667,638.498,578.317,60.236,54.558,447,1,610,497,57.547,46.887,471.500,44.481
891,891,29.700,638.140,578.336,60.202,54.560,449,1,610,497,57.547,46.887,471.500,44.481
892,892,29.733,638.025,578.373,60.191,54.563,438,1,610,497,57.547,46.887,471.500,44.481
893,893,29.767,637.659,578.375,60.157,54.564,445,1,610,497,57.547,46.887,471.500,44.481
894,894,29.800,637.177,578.439,60.111,54.570,457,1,610,497,57.547,46.887,471.500,44.481
895,895,29.833,637.108,578.502,60.105,54.576,462,1,610,497,57.547,46.887,471.500,44.481
896,896,29.867,636.774,578.680,60.073,54.592,472,1,610,497,57.547,46.887,471.500,44.481
897,897,29.900,636.397,578.823,60.037,54.606,485,1,610,497,57.547,46.887,471.500,44.481
898,898,29.933,636.085,578.952,60.008,54.618,486,1,610,497,57.547,46.887,471.500,44.481
899,899,29.967,635.982,579.004,59.998,54.623,503,1,610,497,57.547,46.887,471.500,44.481
900,900,30.000,635.545,579.024,59.957,54.625,510,1,610,497,57.547,46.887,471.500,44.481
901,901,30.033,635.170,579.029,59.922,54.625,498,1,610,497,57.547,46.887,471.500,44.481
902,902,30.067,634.809,579.104,59.888,54.632,510,1,610,497,57.547,46.887,471.500,44.481
903,903,30.100,634.627,578.943,59.871,54.617,523,1,610,497,57.547,46.887,471.500,44.481
904,904,30.133,634.684,578.998,59.876,54.622,519,1,610,497,57.547,46.887,471.500,44.481
905,905,30.167,634.552,579.029,59.863,54.625,523,1,610,497,57.547,46.887,471.500,44.481
906,906,30.200,634.551,578.966,59.863,54.619,526,1,610,497,57.547,46.887,471.500,44.481
907,907,30.233,634.443,579.063,59.853,54.629,523,1,610,497,57.547,46.887,471.500,44.481
908,908,30.267,634.350,579.076,59.844,54.630,529,1,610,497,57.547,46.887,471.500,44.481
909,909,30.300,634.429,579.084,59.852,54.631,535,1,610,497,57.547,46.887,471.500,44.481
910,910,30.333,634.567,579.119,59.865,54.634,524,1,610,497,57.547,46.887,471.500,44.481
911,911,30.367,634.391,579.150,59.848,54.637,529,1,610,497,57.547,46.887,471.500,44.481
912,912,30.400,634.276,579.148,59.837,54.637,539,1,610,497,57.547,46.887,471.500,44.481
913,913,30.433,634.545,579.133,59.863,54.635,530,1,610,497,57.547,46.887,471.500,44.481
914,914,30.467,634.520,579.197,59.860,54.641,527,1,610,497,57.547,46.887,471.500,44.481
915,915,30.500,634.427,579.215,59.852,54.643,532,1,610,497,57.547,46.887,471.500,44.481
916,916,30.533,634.713,579.170,59.879,54.639,523,1,610,497,57.547,46.887,471.500,44.481
917,917,30.567,634.865,579.073,59.893,54.629,524,1,610,497,57.547,46.887,471.500,44.481
918,918,30.600,635.310,579.047,59.935,54.627,522,1,610,497,57.547,46.887,471.500,44.481
919,919,30.633,635.793,578.956,59.980,54.619,506,1,610,497,57.547,46.887,471.500,44.481
920,920,30.667,636.607,578.902,60.057,54.613,484,1,610,497,57.547,46.887,471.500,44.481
921,921,30.700,637.363,578.624,60.129,54.587,476,1,610,497,57.547,46.887,471.500,44.481
922,922,30.733,638.183,578.401,60.206,54.566,455,1,610,497,57.547,46.887,471.500,44.481
923,923,30.767,638.706,578.316,60.255,54.558,444,1,610,497,57.547,46.887,471.500,44.481
924,924,30.800,639.258,578.220,60.307,54.549,440,1,610,497,57.547,46.887,471.500,44.481
925,925,30.833,639.743,578.015,60.353,54.530,417,1,610,497,57.547,46.887,471.500,44.481
926,926,30.867,640.056,577.877,60.383,54.517,412,1,610,497,57.547,46.887,471.500,44.481
927,927,30.900,640.342,577.734,60.410,54.503,413,1,610,497,57.547,46.887,471.500,44.481
928,928,30.933,640.397,577.708,60.415,54.501,403,1,610,497,57.547,46.887,471.500,44.481
929,929,30.967,640.680,577.624,60.441,54.493,396,1,610,497,57.547,46.887,471.500,44.481
930,930,31.000,640.842,577.609,60.457,54.491,406,1,610,497,57.547,46.887,471.500,44.481
931,931,31.033,640.745,577.728,60.448,54.503,411,1,610,497,57.547,46.887,471.500,44.481
932,932,31.067,640.754,577.817,60.448,54.511,411,1,610,497,57.547,46.887,471.500,44.481
933,933,31.100,640.705,577.812,60.444,54.511,439,1,610,497,57.547,46.887,471.500,44.481
934,934,31.133,640.763,577.899,60.449,54.519,438,1,610,497,57.547,46.887,471.500,44.481
935,935,31.167,640.930,577.856,60.465,54.515,434,1,610,497,57.547,46.887,471.500,44.481
936,936,31.200,641.274,577.838,60.498,54.513,441,1,610,497,57.547,46.887,471.500,44.481
937,937,31.233,641.693,577.577,60.537,54.488,437,1,610,497,57.547,46.887,471.500,44.481
938,938,31.267,641.888,577.582,60.555,54.489,429,1,610,497,57.547,46.887,471.500,44.481
939,939,31.300,642.153,577.424,60.580,54.474,429,1,610,497,57.547,46.887,471.500,44.481
940,940,31.333,642.523,577.132,60.615,54.446,423,1,610,497,57.547,46.887,471.500,44.481
941,941,31.367,642.603,577.021,60.623,54.436,414,1,610,497,57.547,46.887,471.500,44.481
942,942,31.400,642.265,577.326,60.591,54.465,431,1,610,497,57.547,46.887,471.500,44.481
943,943,31.433,642.336,577.416,60.598,54.473,427,1,610,497,57.547,46.887,471.500,44.481
944,944,31.467,642.081,577.486,60.574,54.480,414,1,610,497,57.547,46.887,471.500,44.481
945,945,31.500,642.028,577.643,60.569,54.495,426,1,610,497,57.547,46.887,471.500,44.481
946,946,31.533,642.089,577.738,60.574,54.504,435,1,610,497,57.547,46.887,471.500,44.481
947,947,31.567,642.228,577.850,60.588,54.514,422,1,610,497,57.547,46.887,471.500,44.481
948,948,31.600,642.276,578.070,60.592,54.535,440,1,610,497,57.547,46.887,471.500,44.481
949,949,31.633,642.373,578.092,60.601,54.537,441,1,610,497,57.547,46.887,471.500,44.481
950,950,31.667,642.581,578.070,60.621,54.535,433,1,610,497,57.547,46.887,471.500,44.481
951,951,31.700,642.863,578.072,60.647,54.535,446,1,610,497,57.547,46.887,471.500,44.481
952,952,31.733,643.050,577.844,60.665,54.514,428,1,610,497,57.547,46.887,471.500,44.481
953,953,31.767,643.249,577.919,60.684,54.521,421,1,610,497,57.547,46.887,471.500,44.481
954,954,31.800,643.477,578.078,60.705,54.536,429,1,610,497,57.547,46.887,471.500,44.481
955,955,31.833,643.707,578.081,60.727,54.536,427,1,610,497,57.547,46.887,471.500,44.481
956,956,31.867,643.642,578.255,60.721,54.552,423,1,610,497,57.547,46.887,471.500,44.481
957,957,31.900,643.488,578.578,60.706,54.583,431,1,610,497,57.547,46.887,471.500,44.481
958,958,31.933,643.581,578.622,60.715,54.587,434,1,610,497,57.547,46.887,471.500,44.481
959,959,31.967,643.551,578.528,60.712,54.578,427,1,610,497,57.547,46.887,471.500,44.481
960,960,32.000,643.552,578.774,60.712,54.601,435,1,610,497,57.547,46.887,471.500,44.481
961,961,32.033,643.454,579.311,60.703,54.652,442,1,610,497,57.547,46.887,471.500,44.481
962,962,32.067,643.289,579.460,60.688,54.666,434,1,610,497,57.547,46.887,471.500,44.481
963,963,32.100,643.334,579.508,60.692,54.671,441,1,610,497,57.547,46.887,471.500,44.481
964,964,32.133,643.348,579.377,60.693,54.658,445,1,610,497,57.547,46.887,471.500,44.481
965,965,32.167,643.439,579.365,60.702,54.657,448,1,610,497,57.547,46.887,471.500,44.481
966,966,32.200,643.464,579.354,60.704,54.656,450,1,610,497,57.547,46.887,471.500,44.481
967,967,32.233,643.767,579.105,60.733,54.633,447,1,610,497,57.547,46.887,471.500,44.481
968,968,32.267,643.833,578.967,60.739,54.620,439,1,610,497,57.547,46.887,471.500,44.481
969,969,32.300,644.068,578.728,60.761,54.597,439,1,610,497,57.547,46.887,471.500,44.481
970,970,32.333,644.250,578.795,60.778,54.603,445,1,610,497,57.547,46.887,471.500,44.481
971,971,32.367,644.439,578.627,60.796,54.587,429,1,610,497,57.547,46.887,471.500,44.481
972,972,32.400,644.763,578.499,60.827,54.575,431,1,610,497,57.547,46.887,471.500,44.481
973,973,32.433,644.779,578.496,60.828,54.575,443,1,610,497,57.547,46.887,471.500,44.481
974,974,32.467,644.790,578.619,60.829,54.587,444,1,610,497,57.547,46.887,471.500,44.481
975,975,32.500,645.081,579.054,60.857,54.628,464,1,610,497,57.547,46.887,471.500,44.481
976,976,32.533,645.081,579.260,60.857,54.647,471,1,610,497,57.547,46.887,471.500,44.481
977,977,32.567,645.293,579.333,60.877,54.654,469,1,610,497,57.547,46.887,471.500,44.481
978,978,32.600,645.461,579.599,60.893,54.679,477,1,610,497,57.547,46.887,471.500,44.481
979,979,32.633,645.491,579.574,60.895,54.677,477,1,610,497,57.547,46.887,471.500,44.481
980,980,32.667,645.585,579.649,60.904,54.684,460,1,610,497,57.547,46.887,471.500,44.481
981,981,32.700,645.857,579.726,60.930,54.691,466,1,610,497,57.547,46.887,471.500,44.481
982,982,32.733,646.092,579.831,60.952,54.701,471,1,610,497,57.547,46.887,471.500,44.481
983,983,32.767,646.296,579.902,60.971,54.708,448,1,610,497,57.547,46.887,471.500,44.481
984,984,32.800,646.464,579.797,60.987,54.698,443,1,610,497,57.547,46.887,471.500,44.481
985,985,32.833,646.821,579.894,61.021,54.707,455,1,610,497,57.547,46.887,471.500,44.481
986,986,32.867,646.682,579.708,61.008,54.689,440,1,610,497,57.547,46.887,471.500,44.481
987,987,32.900,646.695,579.598,61.009,54.679,437,1,610,497,57.547,46.887,471.500,44.481
988,988,32.933,646.892,579.371,61.028,54.658,450,1,610,497,57.547,46.887,471.500,44.481
989,989,32.967,647.046,579.308,61.042,54.652,440,1,610,497,57.547,46.887,471.500,44.481
990,990,33.000,647.109,579.563,61.048,54.676,435,1,610,497,57.547,46.887,471.500,44.481
991,991,33.033,647.235,579.713,61.060,54.690,448,1,610,497,57.547,46.887,471.500,44.481
992,992,33.067,647.301,579.816,61.066,54.700,444,1,610,497,57.547,46.887,471.500,44.481
993,993,33.100,647.305,579.972,61.067,54.714,443,1,610,497,57.547,46.887,471.500,44.481
994,994,33.133,647.494,580.201,61.084,54.736,454,1,610,497,57.547,46.887,471.500,44.481
995,995,33.167,647.517,580.301,61.087,54.745,455,1,610,497,57.547,46.887,471.500,44.481
996,996,33.200,647.744,580.524,61.108,54.766,462,1,610,497,57.547,46.887,471.500,44.481
997,997,33.233,648.080,580.955,61.140,54.807,476,1,610,497,57.547,46.887,471.500,44.481
998,998,33.267,648.259,581.091,61.156,54.820,480,1,610,497,57.547,46.887,471.500,44.481
999,999,33.300,648.412,581.324,61.171,54.842,477,1,610,497,57.547,46.887,471.500,44.481
1000,1000,33.333,648.584,581.586,61.187,54.867,492,1,610,497,57.547,46.887,471.500,44.481
1001,1001,33.367,648.492,581.503,61.178,54.859,487,1,610,497,57.547,46.887,471.500,44.481
1002,1002,33.400,648.574,581.527,61.186,54.861,478,1,610,497,57.547,46.887,471.500,44.481
1003,1003,33.433,648.669,581.772,61.195,54.884,482,1,610,497,57.547,46.887,471.500,44.481
1004,1004,33.467,648.816,581.745,61.209,54.882,471,1,610,497,57.547,46.887,471.500,44.481
1005,1005,33.500,649.066,582.059,61.233,54.911,457,1,610,497,57.547,46.887,471.500,44.481
1006,1006,33.533,649.573,582.432,61.280,54.946,469,1,610,497,57.547,46.887,471.500,44.481
1007,1007,33.567,649.651,582.358,61.288,54.939,465,1,610,497,57.547,46.887,471.500,44.481
1008,1008,33.600,649.791,582.572,61.301,54.960,444,1,610,497,57.547,46.887,471.500,44.481
1009,1009,33.633,649.991,582.588,61.320,54.961,459,1,610,497,57.547,46.887,471.500,44.481
1010,1010,33.667,649.921,582.537,61.313,54.956,463,1,610,497,57.547,46.887,471.500,44.481
1011,1011,33.700,649.851,582.460,61.307,54.949,454,1,610,497,57.547,46.887,471.500,44.481
1012,1012,33.733,649.975,582.311,61.318,54.935,464,1,610,497,57.547,46.887,471.500,44.481
1013,1013,33.767,650.158,582.302,61.336,54.934,466,1,610,497,57.547,46.887,471.500,44.481
1014,1014,33.800,650.396,582.366,61.358,54.940,447,1,610,497,57.547,46.887,471.500,44.481
1015,1015,33.833,650.756,582.566,61.392,54.959,462,1,610,497,57.547,46.887,471.500,44.481
1016,1016,33.867,651.037,582.801,61.419,54.981,466,1,610,497,57.547,46.887,471.500,44.481
1017,1017,33.900,651.325,582.947,61.446,54.995,463,1,610,497,57.547,46.887,471.500,44.481
1018,1018,33.933,651.629,583.250,61.474,55.024,478,1,610,497,57.547,46.887,471.500,44.481
1019,1019,33.967,651.704,583.266,61.482,55.025,478,1,610,497,57.547,46.887,471.500,44.481
1020,1020,34.000,651.712,583.241,61.482,55.023,482,1,610,497,57.547,46.887,471.500,44.481
1021,1021,34.033,652.114,583.750,61.520,55.071,491,1,610,497,57.547,46.887,471.500,44.481
1022,1022,34.067,652.284,583.827,61.536,55.078,497,1,610,497,57.547,46.887,471.500,44.481
1023,1023,34.100,652.487,584.003,61.555,55.095,493,1,610,497,57.547,46.887,471.500,44.481
1024,1024,34.133,652.710,584.214,61.576,55.115,499,1,610,497,57.547,46.887,471.500,44.481
1025,1025,34.167,652.663,584.107,61.572,55.104,502,1,610,497,57.547,46.887,471.500,44.481
1026,1026,34.200,652.780,584.394,61.583,55.132,504,1,610,497,57.547,46.887,471.500,44.481
1027,1027,34.233,652.821,584.469,61.587,55.139,505,1,610,497,57.547,46.887,471.500,44.481
1028,1028,34.267,652.838,584.527,61.588,55.144,509,1,610,497,57.547,46.887,471.500,44.481
1029,1029,34.300,652.655,584.484,61.571,55.140,499,1,610,497,57.547,46.887,471.500,44.481
1030,1030,34.333,652.557,584.527,61.562,55.144,501,1,610,497,57.547,46.887,471.500,44.481
1031,1031,34.367,652.597,584.536,61.566,55.145,508,1,610,497,57.547,46.887,471.500,44.481
1032,1032,34.400,652.239,584.163,61.532,55.110,488,1,610,497,57.547,46.887,471.500,44.481
1033,1033,34.433,652.124,584.031,61.521,55.097,495,1,610,497,57.547,46.887,471.500,44.481
1034,1034,34.467,651.959,583.736,61.506,55.069,495,1,610,497,57.547,46.887,471.500,44.481
1035,1035,34.500,651.561,583.133,61.468,55.013,466,1,610,497,57.547,46.887,471.500,44.481
1036,1036,34.533,651.301,582.581,61.443,54.960,461,1,610,497,57.547,46.887,471.500,44.481
1037,1037,34.567,651.056,582.000,61.420,54.906,459,1,610,497,57.547,46.887,471.500,44.481
1038,1038,34.600,650.593,581.411,61.377,54.850,441,1,610,497,57.547,46.887,471.500,44.481
1039,1039,34.633,650.439,581.065,61.362,54.817,444,1,610,497,57.547,46.887,471.500,44.481
1040,1040,34.667,650.212,580.611,61.341,54.775,442,1,610,497,57.547,46.887,471.500,44.481
1041,1041,34.700,650.193,580.584,61.339,54.772,432,1,610,497,57.547,46.887,471.500,44.481
1042,1042,34.733,650.376,580.427,61.356,54.757,434,1,610,497,57.547,46.887,471.500,44.481
1043,1043,34.767,650.434,580.431,61.362,54.758,440,1,610,497,57.547,46.887,471.500,44.481
1044,1044,34.800,650.591,580.308,61.377,54.746,436,1,610,497,57.547,46.887,471.500,44.481
1045,1045,34.833,650.943,580.500,61.410,54.764,445,1,610,497,57.547,46.887,471.500,44.481
1046,1046,34.867,651.198,580.374,61.434,54.752,455,1,610,497,57.547,46.887,471.500,44.481
1047,1047,34.900,651.237,580.478,61.437,54.762,447,1,610,497,57.547,46.887,471.500,44.481
1048,1048,34.933,651.291,580.269,61.443,54.742,437,1,610,497,57.547,46.887,471.500,44.481
1049,1049,34.967,651.449,580.069,61.457,54.724,448,1,610,497,57.547,46.887,471.500,44.481
1050,1050,35.000,651.299,579.980,61.443,54.715,437,1,610,497,57.547,46.887,471.500,44.481
1051,1051,35.033,651.381,579.706,61.451,54.689,434,1,610,497,57.547,46.887,471.500,44.481
1052,1052,35.067,651.617,579.732,61.473,54.692,445,1,610,497,57.547,46.887,471.500,44.481
1053,1053,35.100,651.923,579.929,61.502,54.710,444,1,610,497,57.547,46.887,471.500,44.481
1054,1054,35.133,652.290,580.132,61.537,54.729,442,1,610,497,57.547,46.887,471.500,44.481
1055,1055,35.167,652.842,580.402,61.589,54.755,451,1,610,497,57.547,46.887,471.500,44.481
1056,1056,35.200,653.235,580.466,61.626,54.761,457,1,610,497,57.547,46.887,471.500,44.481
1057,1057,35.233,653.739,580.455,61.673,54.760,458,1,610,497,57.547,46.887,471.500,44.481
1058,1058,35.267,654.057,580.613,61.703,54.775,469,1,610,497,57.547,46.887,471.500,44.481
1059,1059,35.300,654.247,580.793,61.721,54.792,465,1,610,497,57.547,46.887,471.500,44.481
1060,1060,35.333,654.290,581.067,61.725,54.818,450,1,610,497,57.547,46.887,471.500,44.481
1061,1061,35.367,654.562,581.149,61.751,54.825,455,1,610,497,57.547,46.887,471.500,44.481
1062,1062,35.400,654.638,581.381,61.758,54.847,443,1,610,497,57.547,46.887,471.500,44.481
1063,1063,35.433,654.802,581.635,61.774,54.871,426,1,610,497,57.547,46.887,471.500,44.481
1064,1064,35.467,655.124,581.888,61.804,54.895,438,1,610,497,57.547,46.887,471.500,44.481
1065,1065,35.500,655.158,581.916,61.807,54.898,440,1,610,497,57.547,46.887,471.500,44.481
1066,1066,35.533,655.270,581.981,61.818,54.904,434,1,610,497,57.547,46.887,471.500,44.481
1067,1067,35.567,655.339,582.150,61.824,54.920,452,1,610,497,57.547,46.887,471.500,44.481
1068,1068,35.600,655.572,582.363,61.846,54.940,443,1,610,497,57.547,46.887,471.500,44.481
1069,1069,35.633,655.483,582.384,61.838,54.942,434,1,610,497,57.547,46.887,471.500,44.481
1070,1070,35.667,655.424,582.520,61.832,54.955,444,1,610,497,57.547,46.887,471.500,44.481
1071,1071,35.700,655.288,582.553,61.820,54.958,449,1,610,497,57.547,46.887,471.500,44.481
1072,1072,35.733,655.164,582.463,61.808,54.949,438,1,610,497,57.547,46.887,471.500,44.481
1073,1073,35.767,655.385,582.398,61.829,54.943,443,1,610,497,57.547,46.887,471.500,44.481
1074,1074,35.800,655.481,582.184,61.838,54.923,443,1,610,497,57.547,46.887,471.500,44.481
1075,1075,35.833,655.687,582.078,61.857,54.913,446,1,610,497,57.547,46.887,471.500,44.481
1076,1076,35.867,655.980,582.033,61.885,54.909,459,1,610,497,57.547,46.887,471.500,44.481
1077,1077,35.900,656.374,581.976,61.922,54.903,465,1,610,497,57.547,46.887,471.500,44.481
1078,1078,35.933,657.184,581.866,61.999,54.893,460,1,610,497,57.547,46.887,471.500,44.481
1079,1079,35.967,658.027,581.742,62.078,54.881,482,1,610,497,57.547,46.887,471.500,44.481
1080,1080,36.000,658.823,581.627,62.153,54.871,478,1,610,497,57.547,46.887,471.500,44.481
1081,1081,36.033,659.906,581.563,62.255,54.864,465,1,610,497,57.547,46.887,471.500,44.481
1082,1082,36.067,660.514,581.433,62.313,54.852,472,1,610,497,57.547,46.887,471.500,44.481
1083,1083,36.100,661.656,581.307,62.420,54.840,475,1,610,497,57.547,46.887,471.500,44.481
1084,1084,36.133,661.976,581.243,62.451,54.834,467,1,610,497,57.547,46.887,471.500,44.481
1085,1085,36.167,662.491,581.148,62.499,54.825,473,1,610,497,57.547,46.887,471.500,44.481
1086,1086,36.200,662.688,581.140,62.518,54.825,470,1,610,497,57.547,46.887,471.500,44.481
1087,1087,36.233,662.975,581.260,62.545,54.836,457,1,610,497,57.547,46.887,471.500,44.481
1088,1088,36.267,662.882,581.285,62.536,54.838,462,1,610,497,57.547,46.887,471.500,44.481
1089,1089,36.300,663.001,581.429,62.547,54.852,464,1,610,497,57.547,46.887,471.500,44.481
1090,1090,36.333,663.330,581.496,62.578,54.858,453,1,610,497,57.547,46.887,471.500,44.481
1091,1091,36.367,663.290,581.533,62.575,54.862,461,1,610,497,57.547,46.887,471.500,44.481
1092,1092,36.400,663.103,581.796,62.557,54.886,468,1,610,497,57.547,46.887,471.500,44.481
1093,1093,36.433,662.829,581.869,62.531,54.893,452,1,610,497,57.547,46.887,471.500,44.481
1094,1094,36.467,662.813,581.864,62.530,54.893,462,1,610,497,57.547,46.887,471.500,44.481
1095,1095,36.500,663.342,581.788,62.579,54.886,460,1,610,497,57.547,46.887,471.500,44.481
1096,1096,36.533,663.347,581.742,62.580,54.881,453,1,610,497,57.547,46.887,471.500,44.481
1097,1097,36.567,663.390,581.626,62.584,54.870,463,1,610,497,57.547,46.887,471.500,44.481
1098,1098,36.600,664.237,581.566,62.664,54.865,482,1,610,497,57.547,46.887,471.500,44.481
1099,1099,36.633,664.438,581.414,62.683,54.850,472,1,610,497,57.547,46.887,471.500,44.481
1100,1100,36.667,665.288,581.323,62.763,54.842,488,1,610,497,57.547,46.887,471.500,44.481
1101,1101,36.700,665.732,581.230,62.805,54.833,501,1,610,497,57.547,46.887,471.500,44.481
1102,1102,36.733,666.215,581.082,62.851,54.819,485,1,610,497,57.547,46.887,471.500,44.481
1103,1103,36.767,666.433,581.003,62.871,54.812,495,1,610,497,57.547,46.887,471.500,44.481
1104,1104,36.800,666.456,580.902,62.873,54.802,505,1,610,497,57.547,46.887,471.500,44.481
1105,1105,36.833,666.785,580.832,62.904,54.796,500,1,610,497,57.547,46.887,471.500,44.481
1106,1106,36.867,667.266,580.671,62.950,54.780,518,1,610,497,57.547,46.887,471.500,44.481
1107,1107,36.900,667.677,580.583,62.988,54.772,525,1,610,497,57.547,46.887,471.500,44.481
1108,1108,36.933,667.699,580.594,62.991,54.773,518,1,610,497,57.547,46.887,471.500,44.481
1109,1109,36.967,667.972,580.539,63.016,54.768,527,1,610,497,57.547,46.887,471.500,44.481
1110,1110,37.000,668.198,580.500,63.038,54.764,532,1,610,497,57.547,46.887,471.500,44.481
1111,1111,37.033,668.282,580.469,63.045,54.761,524,1,610,497,57.547,46.887,471.500,44.481
1112,1112,37.067,668.252,580.465,63.043,54.761,521,1,610,497,57.547,46.887,471.500,44.481
1113,1113,37.100,668.461,580.390,63.062,54.754,536,1,610,497,57.547,46.887,471.500,44.481
1114,1114,37.133,668.675,580.377,63.083,54.753,521,1,610,497,57.547,46.887,471.500,44.481
1115,1115,37.167,668.828,580.259,63.097,54.741,521,1,610,497,57.547,46.887,471.500,44.481
1116,1116,37.200,669.421,580.089,63.153,54.725,527,1,610,497,57.547,46.887,471.500,44.481
1117,1117,37.233,670.168,579.894,63.223,54.707,517,1,610,497,57.547,46.887,471.500,44.481
1118,1118,37.267,670.863,579.777,63.289,54.696,513,1,610,497,57.547,46.887,471.500,44.481
1119,1119,37.300,671.092,579.681,63.311,54.687,522,1,610,497,57.547,46.887,471.500,44.481
1120,1120,37.333,670.824,579.778,63.285,54.696,500,1,610,497,57.547,46.887,471.500,44.481
1121,1121,37.367,670.488,579.813,63.254,54.699,498,1,610,497,57.547,46.887,471.500,44.481
1122,1122,37.400,670.633,579.750,63.267,54.693,512,1,610,497,57.547,46.887,471.500,44.481
1123,1123,37.433,670.504,579.735,63.255,54.692,502,1,610,497,57.547,46.887,471.500,44.481
1124,1124,37.467,670.655,579.666,63.269,54.685,506,1,610,497,57.547,46.887,471.500,44.481
1125,1125,37.500,670.884,579.624,63.291,54.681,506,1,610,497,57.547,46.887,471.500,44.481
1126,1126,37.533,670.831,579.630,63.286,54.682,498,1,610,497,57.547,46.887,471.500,44.481
1127,1127,37.567,670.789,579.676,63.282,54.686,494,1,610,497,57.547,46.887,471.500,44.481
1128,1128,37.600,670.735,579.716,63.277,54.690,492,1,610,497,57.547,46.887,471.500,44.481
1129,1129,37.633,670.631,579.759,63.267,54.694,491,1,610,497,57.547,46.887,471.500,44.481
1130,1130,37.667,670.338,579.861,63.239,54.704,484,1,610,497,57.547,46.887,471.500,44.481
1131,1131,37.700,670.179,579.857,63.224,54.703,499,1,610,497,57.547,46.887,471.500,44.481
1132,1132,37.733,670.384,579.739,63.244,54.692,493,1,610,497,57.547,46.887,471.500,44.481
1133,1133,37.767,670.242,579.753,63.230,54.694,490,1,610,497,57.547,46.887,471.500,44.481
1134,1134,37.800,670.558,579.759,63.260,54.694,503,1,610,497,57.547,46.887,471.500,44.481
1135,1135,37.833,670.769,579.657,63.280,54.685,506,1,610,497,57.547,46.887,471.500,44.481
1136,1136,37.867,670.856,579.625,63.288,54.682,508,1,610,497,57.547,46.887,471.500,44.481
1137,1137,37.900,671.411,579.532,63.341,54.673,527,1,610,497,57.547,46.887,471.500,44.481
1138,1138,37.933,671.455,579.524,63.345,54.672,525,1,610,497,57.547,46.887,471.500,44.481
1139,1139,37.967,671.712,579.486,63.369,54.668,524,1,610,497,57.547,46.887,471.500,44.481
1140,1140,38.000,671.760,579.504,63.374,54.670,532,1,610,497,57.547,46.887,471.500,44.481
1141,1141,38.033,672.535,579.247,63.447,54.646,531,1,610,497,57.547,46.887,471.500,44.481
1142,1142,38.067,672.787,579.174,63.471,54.639,526,1,610,497,57.547,46.887,471.500,44.481
1143,1143,38.100,672.931,579.150,63.484,54.637,540,1,610,497,57.547,46.887,471.500,44.481
1144,1144,38.133,673.003,579.178,63.491,54.639,541,1,610,497,57.547,46.887,471.500,44.481
1145,1145,38.167,672.900,579.185,63.481,54.640,537,1,610,497,57.547,46.887,471.500,44.481
1146,1146,38.200,673.019,579.124,63.492,54.634,541,1,610,497,57.547,46.887,471.500,44.481
1147,1147,38.233,672.978,579.067,63.489,54.629,540,1,610,497,57.547,46.887,471.500,44.481
1148,1148,38.267,672.952,579.018,63.486,54.624,539,1,610,497,57.547,46.887,471.500,44.481
1149,1149,38.300,673.223,578.830,63.512,54.607,542,1,610,497,57.547,46.887,471.500,44.481
1150,1150,38.333,673.565,578.659,63.544,54.590,551,1,610,497,57.547,46.887,471.500,44.481
1151,1151,38.367,673.483,578.699,63.536,54.594,548,1,610,497,57.547,46.887,471.500,44.481
1152,1152,38.400,673.477,578.700,63.536,54.594,548,1,610,497,57.547,46.887,471.500,44.481
1153,1153,38.433,673.521,578.666,63.540,54.591,549,1,610,497,57.547,46.887,471.500,44.481
1154,1154,38.467,673.613,578.652,63.548,54.590,551,1,610,497,57.547,46.887,471.500,44.481
1155,1155,38.500,673.666,578.584,63.553,54.583,556,1,610,497,57.547,46.887,471.500,44.481
1156,1156,38.533,673.730,578.559,63.559,54.581,559,1,610,497,57.547,46.887,471.500,44.481
1157,1157,38.567,673.867,578.589,63.572,54.584,546,1,610,497,57.547,46.887,471.500,44.481
1158,1158,38.600,673.690,578.623,63.556,54.587,549,1,610,497,57.547,46.887,471.500,44.481
1159,1159,38.633,673.781,578.534,63.564,54.579,556,1,610,497,57.547,46.887,471.500,44.481
1160,1160,38.667,673.834,578.555,63.569,54.581,546,1,610,497,57.547,46.887,471.500,44.481
1161,1161,38.700,673.825,578.586,63.568,54.584,547,1,610,497,57.547,46.887,471.500,44.481
1162,1162,38.733,673.852,578.545,63.571,54.580,555,1,610,497,57.547,46.887,471.500,44.481
1163,1163,38.767,673.876,578.550,63.573,54.580,551,1,610,497,57.547,46.887,471.500,44.481
1164,1164,38.800,673.833,578.498,63.569,54.575,552,1,610,497,57.547,46.887,471.500,44.481
1165,1165,38.833,673.839,578.472,63.570,54.573,558,1,610,497,57.547,46.887,471.500,44.481
1166,1166,38.867,673.685,578.492,63.555,54.575,549,1,610,497,57.547,46.887,471.500,44.481
1167,1167,38.900,673.712,578.501,63.558,54.576,551,1,610,497,57.547,46.887,471.500,44.481
1168,1168,38.933,673.730,578.435,63.559,54.569,557,1,610,497,57.547,46.887,471.500,44.481
1169,1169,38.967,673.781,578.413,63.564,54.567,542,1,610,497,57.547,46.887,471.500,44.481
1170,1170,39.000,673.810,578.437,63.567,54.570,545,1,610,497,57.547,46.887,471.500,44.481
1171,1171,39.033,673.771,578.415,63.563,54.567,545,1,610,497,57.547,46.887,471.500,44.481
1172,1172,39.067,673.696,578.439,63.556,54.570,536,1,610,497,57.547,46.887,471.500,44.481
1173,1173,39.100,673.786,578.388,63.565,54.565,538,1,610,497,57.547,46.887,471.500,44.481
1174,1174,39.133,673.870,578.376,63.573,54.564,547,1,610,497,57.547,46.887,471.500,44.481
1175,1175,39.167,673.839,578.299,63.570,54.557,533,1,610,497,57.547,46.887,471.500,44.481
1176,1176,39.200,674.179,578.094,63.602,54.537,528,1,610,497,57.547,46.887,471.500,44.481
1177,1177,39.233,675.119,577.721,63.690,54.502,516,1,610,497,57.547,46.887,471.500,44.481
1178,1178,39.267,676.044,577.486,63.778,54.480,478,1,610,497,57.547,46.887,471.500,44.481
1179,1179,39.300,676.985,577.315,63.867,54.464,475,1,610,497,57.547,46.887,471.500,44.481
1180,1180,39.333,677.602,577.151,63.925,54.448,483,1,610,497,57.547,46.887,471.500,44.481
1181,1181,39.367,678.308,576.937,63.991,54.428,466,1,610,497,57.547,46.887,471.500,44.481
1182,1182,39.400,678.307,577.017,63.991,54.436,468,1,610,497,57.547,46.887,471.500,44.481
1183,1183,39.433,678.618,576.947,64.021,54.429,475,1,610,497,57.547,46.887,471.500,44.481
1184,1184,39.467,678.438,576.953,64.004,54.429,464,1,610,497,57.547,46.887,471.500,44.481
1185,1185,39.500,678.382,577.007,63.998,54.435,465,1,610,497,57.547,46.887,471.500,44.481
1186,1186,39.533,678.596,576.991,64.019,54.433,471,1,610,497,57.547,46.887,471.500,44.481
1187,1187,39.567,678.447,577.075,64.004,54.441,463,1,610,497,57.547,46.887,471.500,44.481
1188,1188,39.600,678.400,577.075,64.000,54.441,466,1,610,497,57.547,46.887,471.500,44.481
1189,1189,39.633,678.539,577.098,64.013,54.443,471,1,610,497,57.547,46.887,471.500,44.481
1190,1190,39.667,678.497,577.101,64.009,54.443,464,1,610,497,57.547,46.887,471.500,44.481
1191,1191,39.700,678.800,576.945,64.038,54.429,480,1,610,497,57.547,46.887,471.500,44.481
1192,1192,39.733,679.559,576.663,64.109,54.402,499,1,610,497,57.547,46.887,471.500,44.481
1193,1193,39.767,679.822,576.567,64.134,54.393,500,1,610,497,57.547,46.887,471.500,44.481
1194,1194,39.800,680.133,576.485,64.163,54.385,506,1,610,497,57.547,46.887,471.500,44.481
1195,1195,39.833,681.033,576.147,64.248,54.353,529,1,610,497,57.547,46.887,471.500,44.481
1196,1196,39.867,681.584,575.965,64.300,54.336,524,1,610,497,57.547,46.887,471.500,44.481
1197,1197,39.900,681.615,575.865,64.303,54.327,521,1,610,497,57.547,46.887,471.500,44.481
1198,1198,39.933,682.160,575.671,64.355,54.309,535,1,610,497,57.547,46.887,471.500,44.481
1199,1199,39.967,682.613,575.488,64.397,54.291,537,1,610,497,57.547,46.887,471.500,44.481
1200,1200,40.000,683.221,575.204,64.455,54.265,550,1,610,497,57.547,46.887,471.500,44.481
1201,1201,40.033,684.865,574.701,64.610,54.217,557,1,610,497,57.547,46.887,471.500,44.481
1202,1202,40.067,685.337,574.423,64.654,54.191,562,1,610,497,57.547,46.887,471.500,44.481
1203,1203,40.100,685.972,574.267,64.714,54.176,545,1,610,497,57.547,46.887,471.500,44.481
1204,1204,40.133,686.322,574.079,64.747,54.158,545,1,610,497,57.547,46.887,471.500,44.481
1205,1205,40.167,686.897,573.928,64.802,54.144,530,1,610,497,57.547,46.887,471.500,44.481
1206,1206,40.200,687.473,573.699,64.856,54.123,514,1,610,497,57.547,46.887,471.500,44.481
1207,1207,40.233,687.495,573.725,64.858,54.125,526,1,610,497,57.547,46.887,471.500,44.481
1208,1208,40.267,687.571,573.779,64.865,54.130,517,1,610,497,57.547,46.887,471.500,44.481
1209,1209,40.300,687.766,573.767,64.884,54.129,504,1,610,497,57.547,46.887,471.500,44.481
1210,1210,40.333,687.886,573.778,64.895,54.130,507,1,610,497,57.547,46.887,471.500,44.481
1211,1211,40.367,688.155,573.693,64.920,54.122,500,1,610,497,57.547,46.887,471.500,44.481
1212,1212,40.400,688.272,573.676,64.931,54.120,487,1,610,497,57.547,46.887,471.500,44.481
1213,1213,40.433,688.180,573.799,64.923,54.132,489,1,610,497,57.547,46.887,471.500,44.481
1214,1214,40.467,688.169,573.817,64.922,54.134,486,1,610,497,57.547,46.887,471.500,44.481
1215,1215,40.500,688.197,573.752,64.924,54.128,480,1,610,497,57.547,46.887,471.500,44.481
1216,1216,40.533,688.269,573.725,64.931,54.125,485,1,610,497,57.547,46.887,471.500,44.481
1217,1217,40.567,688.530,573.608,64.956,54.114,486,1,610,497,57.547,46.887,471.500,44.481
1218,1218,40.600,688.721,573.524,64.974,54.106,481,1,610,497,57.547,46.887,471.500,44.481
1219,1219,40.633,689.261,573.369,65.025,54.091,507,1,610,497,57.547,46.887,471.500,44.481
1220,1220,40.667,689.969,573.169,65.091,54.073,529,1,610,497,57.547,46.887,471.500,44.481
1221,1221,40.700,690.615,572.990,65.152,54.056,515,1,610,497,57.547,46.887,471.500,44.481
1222,1222,40.733,691.478,572.643,65.234,54.023,527,1,610,497,57.547,46.887,471.500,44.481
1223,1223,40.767,692.497,572.268,65.330,53.988,538,1,610,497,57.547,46.887,471.500,44.481
1224,1224,40.800,693.024,572.085,65.380,53.970,532,1,610,497,57.547,46.887,471.500,44.481
1225,1225,40.833,693.571,571.937,65.431,53.956,544,1,610,497,57.547,46.887,471.500,44.481
1226,1226,40.867,693.983,571.710,65.470,53.935,549,1,610,497,57.547,46.887,471.500,44.481
1227,1227,40.900,694.493,571.520,65.518,53.917,544,1,610,497,57.547,46.887,471.500,44.481
1228,1228,40.933,694.806,571.502,65.548,53.915,554,1,610,497,57.547,46.887,471.500,44.481
1229,1229,40.967,694.962,571.446,65.562,53.910,558,1,610,497,57.547,46.887,471.500,44.481
1230,1230,41.000,694.835,571.453,65.551,53.911,545,1,610,497,57.547,46.887,471.500,44.481
1231,1231,41.033,694.783,571.466,65.546,53.912,552,1,610,497,57.547,46.887,471.500,44.481
1232,1232,41.067,695.042,571.314,65.570,53.898,558,1,610,497,57.547,46.887,471.500,44.481
1233,1233,41.100,694.988,571.327,65.565,53.899,548,1,610,497,57.547,46.887,471.500,44.481
1234,1234,41.133,695.141,571.318,65.579,53.898,551,1,610,497,57.547,46.887,471.500,44.481
1235,1235,41.167,695.388,571.177,65.603,53.885,560,1,610,497,57.547,46.887,471.500,44.481
1236,1236,41.200,695.618,571.047,65.624,53.872,542,1,610,497,57.547,46.887,471.500,44.481
1237,1237,41.233,695.586,571.088,65.621,53.876,547,1,610,497,57.547,46.887,471.500,44.481
1238,1238,41.267,695.901,570.922,65.651,53.861,543,1,610,497,57.547,46.887,471.500,44.481
1239,1239,41.300,696.401,570.712,65.698,53.841,529,1,610,497,57.547,46.887,471.500,44.481
1240,1240,41.333,696.728,570.659,65.729,53.836,524,1,610,497,57.547,46.887,471.500,44.481
1241,1241,41.367,697.459,570.402,65.798,53.811,513,1,610,497,57.547,46.887,471.500,44.481
1242,1242,41.400,698.378,570.030,65.885,53.776,492,1,610,497,57.547,46.887,471.500,44.481
1243,1243,41.433,698.388,569.987,65.886,53.772,487,1,610,497,57.547,46.887,471.500,44.481
1244,1244,41.467,698.675,569.816,65.913,53.756,484,1,610,497,57.547,46.887,471.500,44.481
1245,1245,41.500,698.788,569.894,65.923,53.764,473,1,610,497,57.547,46.887,471.500,44.481
1246,1246,41.533,698.521,570.025,65.898,53.776,474,1,610,497,57.547,46.887,471.500,44.481
1247,1247,41.567,698.595,570.102,65.905,53.783,478,1,610,497,57.547,46.887,471.500,44.481
1248,1248,41.600,698.787,570.117,65.923,53.785,464,1,610,497,57.547,46.887,471.500,44.481
1249,1249,41.633,698.746,570.275,65.919,53.800,468,1,610,497,57.547,46.887,471.500,44.481
1250,1250,41.667,699.067,570.243,65.950,53.796,486,1,610,497,57.547,46.887,471.500,44.481
1251,1251,41.700,699.148,570.213,65.957,53.794,481,1,610,497,57.547,46.887,471.500,44.481
1252,1252,41.733,699.528,570.112,65.993,53.784,490,1,610,497,57.547,46.887,471.500,44.481
1253,1253,41.767,700.120,569.941,66.049,53.768,504,1,610,497,57.547,46.887,471.500,44.481
1254,1254,41.800,700.993,569.622,66.131,53.738,517,1,610,497,57.547,46.887,471.500,44.481
1255,1255,41.833,701.475,569.453,66.177,53.722,523,1,610,497,57.547,46.887,471.500,44.481
1256,1256,41.867,702.519,569.014,66.275,53.681,528,1,610,497,57.547,46.887,471.500,44.481
1257,1257,41.900,702.965,568.747,66.317,53.655,527,1,610,497,57.547,46.887,471.500,44.481
1258,1258,41.933,703.584,568.499,66.376,53.632,541,1,610,497,57.547,46.887,471.500,44.481
1259,1259,41.967,704.311,568.349,66.444,53.618,560,1,610,497,57.547,46.887,471.500,44.481
1260,1260,42.000,704.829,568.241,66.493,53.608,560,1,610,497,57.547,46.887,471.500,44.481
1261,1261,42.033,705.622,567.940,66.568,53.579,549,1,610,497,57.547,46.887,471.500,44.481
1262,1262,42.067,705.546,567.853,66.561,53.571,557,1,610,497,57.547,46.887,471.500,44.481
1263,1263,42.100,705.546,567.853,66.561,53.571,557,1,610,497,57.547,46.887,471.500,44.481
1264,1264,42.133,705.613,567.866,66.567,53.572,554,1,610,497,57.547,46.887,471.500,44.481
1265,1265,42.167,706.055,567.828,66.609,53.569,565,1,610,497,57.547,46.887,471.500,44.481
1266,1266,42.200,706.750,567.620,66.674,53.549,547,1,610,497,57.547,46.887,471.500,44.481
1267,1267,42.233,707.331,567.399,66.729,53.528,523,1,610,497,57.547,46.887,471.500,44.481
1268,1268,42.267,708.328,567.079,66.823,53.498,506,1,610,497,57.547,46.887,471.500,44.481
1269,1269,42.300,709.204,566.827,66.906,53.474,484,1,610,497,57.547,46.887,471.500,44.481
1270,1270,42.333,709.976,566.545,66.979,53.448,477,1,610,497,57.547,46.887,471.500,44.481
1271,1271,42.367,710.390,566.439,67.018,53.438,485,1,610,497,57.547,46.887,471.500,44.481
1272,1272,42.400,710.511,566.359,67.029,53.430,478,1,610,497,57.547,46.887,471.500,44.481
1273,1273,42.433,710.464,566.401,67.025,53.434,470,1,610,497,57.547,46.887,471.500,44.481
1274,1274,42.467,710.334,566.501,67.013,53.444,478,1,610,497,57.547,46.887,471.500,44.481
1275,1275,42.500,710.365,566.558,67.016,53.449,472,1,610,497,57.547,46.887,471.500,44.481
1276,1276,42.533,710.192,566.665,66.999,53.459,464,1,610,497,57.547,46.887,471.500,44.481
1277,1277,42.567,710.235,566.702,67.003,53.462,466,1,610,497,57.547,46.887,471.500,44.481
1278,1278,42.600,710.558,566.626,67.034,53.455,473,1,610,497,57.547,46.887,471.500,44.481
1279,1279,42.633,710.928,566.555,67.069,53.449,469,1,610,497,57.547,46.887,471.500,44.481
1280,1280,42.667,711.694,566.328,67.141,53.427,496,1,610,497,57.547,46.887,471.500,44.481
1281,1281,42.700,712.121,566.245,67.181,53.419,502,1,610,497,57.547,46.887,471.500,44.481
1282,1282,42.733,712.886,566.058,67.253,53.402,513,1,610,497,57.547,46.887,471.500,44.481
1283,1283,42.767,713.854,565.822,67.345,53.379,529,1,610,497,57.547,46.887,471.500,44.481
1284,1284,42.800,714.238,565.753,67.381,53.373,529,1,610,497,57.547,46.887,471.500,44.481
1285,1285,42.833,714.653,565.599,67.420,53.358,522,1,610,497,57.547,46.887,471.500,44.481
1286,1286,42.867,715.535,565.354,67.503,53.335,539,1,610,497,57.547,46.887,471.500,44.481
1287,1287,42.900,716.066,565.196,67.553,53.320,548,1,610,497,57.547,46.887,471.500,44.481
1288,1288,42.933,716.657,565.000,67.609,53.302,539,1,610,497,57.547,46.887,471.500,44.481
1289,1289,42.967,717.196,564.883,67.660,53.291,562,1,610,497,57.547,46.887,471.500,44.481
1290,1290,43.000,717.469,564.821,67.686,53.285,563,1,610,497,57.547,46.887,471.500,44.481
1291,1291,43.033,718.067,564.585,67.742,53.263,554,1,610,497,57.547,46.887,471.500,44.481
1292,1292,43.067,718.797,564.372,67.811,53.243,556,1,610,497,57.547,46.887,471.500,44.481
1293,1293,43.100,719.544,564.051,67.881,53.212,539,1,610,497,57.547,46.887,471.500,44.481
1294,1294,43.133,720.524,563.774,67.974,53.186,506,1,610,497,57.547,46.887,471.500,44.481
1295,1295,43.167,721.386,563.529,68.055,53.163,491,1,610,497,57.547,46.887,471.500,44.481
1296,1296,43.200,721.807,563.313,68.095,53.143,484,1,610,497,57.547,46.887,471.500,44.481
1297,1297,43.233,722.050,563.239,68.118,53.136,467,1,610,497,57.547,46.887,471.500,44.481
1298,1298,43.267,722.299,563.342,68.141,53.145,483,1,610,497,57.547,46.887,471.500,44.481
1299,1299,43.300,722.680,563.342,68.177,53.145,477,1,610,497,57.547,46.887,471.500,44.481
1300,1300,43.333,722.526,563.501,68.163,53.160,469,1,610,497,57.547,46.887,471.500,44.481
1301,1301,43.367,722.675,563.594,68.177,53.169,477,1,610,497,57.547,46.887,471.500,44.481
1302,1302,43.400,722.719,563.619,68.181,53.172,482,1,610,497,57.547,46.887,471.500,44.481
1303,1303,43.433,722.592,563.704,68.169,53.180,460,1,610,497,57.547,46.887,471.500,44.481
1304,1304,43.467,722.887,563.642,68.197,53.174,482,1,610,497,57.547,46.887,471.500,44.481
1305,1305,43.500,723.584,563.295,68.263,53.141,491,1,610,497,57.547,46.887,471.500,44.481
1306,1306,43.533,724.288,563.135,68.329,53.126,490,1,610,497,57.547,46.887,471.500,44.481
1307,1307,43.567,724.893,562.926,68.386,53.106,510,1,610,497,57.547,46.887,471.500,44.481
1308,1308,43.600,725.676,562.569,68.460,53.073,533,1,610,497,57.547,46.887,471.500,44.481
1309,1309,43.633,726.609,562.364,68.548,53.053,519,1,610,497,57.547,46.887,471.500,44.481
1310,1310,43.667,727.610,561.957,68.642,53.015,528,1,610,497,57.547,46.887,471.500,44.481
1311,1311,43.700,728.479,561.593,68.724,52.981,538,1,610,497,57.547,46.887,471.500,44.481
1312,1312,43.733,729.349,561.272,68.807,52.950,541,1,610,497,57.547,46.887,471.500,44.481
1313,1313,43.767,729.908,561.088,68.859,52.933,541,1,610,497,57.547,46.887,471.500,44.481
1314,1314,43.800,731.366,560.468,68.997,52.874,552,1,610,497,57.547,46.887,471.500,44.481
1315,1315,43.833,732.201,560.274,69.076,52.856,525,1,610,497,57.547,46.887,471.500,44.481
1316,1316,43.867,733.097,559.989,69.160,52.829,507,1,610,497,57.547,46.887,471.500,44.481
1317,1317,43.900,733.869,559.729,69.233,52.805,498,1,610,497,57.547,46.887,471.500,44.481
1318,1318,43.933,734.001,559.724,69.245,52.804,494,1,610,497,57.547,46.887,471.500,44.481
1319,1319,43.967,734.278,559.762,69.272,52.808,487,1,610,497,57.547,46.887,471.500,44.481
1320,1320,44.000,734.452,559.884,69.288,52.819,490,1,610,497,57.547,46.887,471.500,44.481
1321,1321,44.033,734.290,560.043,69.273,52.834,465,1,610,497,57.547,46.887,471.500,44.481
1322,1322,44.067,734.289,560.044,69.273,52.834,464,1,610,497,57.547,46.887,471.500,44.481
1323,1323,44.100,734.254,560.123,69.269,52.842,476,1,610,497,57.547,46.887,471.500,44.481
1324,1324,44.133,734.386,560.022,69.282,52.832,471,1,610,497,57.547,46.887,471.500,44.481
1325,1325,44.167,734.438,559.994,69.287,52.830,474,1,610,497,57.547,46.887,471.500,44.481
1326,1326,44.200,734.960,559.811,69.336,52.812,495,1,610,497,57.547,46.887,471.500,44.481
1327,1327,44.233,735.611,559.570,69.397,52.790,497,1,610,497,57.547,46.887,471.500,44.481
1328,1328,44.267,736.262,559.338,69.459,52.768,493,1,610,497,57.547,46.887,471.500,44.481
1329,1329,44.300,737.079,559.019,69.536,52.738,512,1,610,497,57.547,46.887,471.500,44.481
1330,1330,44.333,738.181,558.669,69.640,52.705,524,1,610,497,57.547,46.887,471.500,44.481
1331,1331,44.367,738.745,558.589,69.693,52.697,526,1,610,497,57.547,46.887,471.500,44.481
1332,1332,44.400,739.512,558.390,69.765,52.678,548,1,610,497,57.547,46.887,471.500,44.481
1333,1333,44.433,740.043,558.213,69.815,52.662,544,1,610,497,57.547,46.887,471.500,44.481
1334,1334,44.467,740.196,558.113,69.830,52.652,550,1,610,497,57.547,46.887,471.500,44.481
1335,1335,44.500,740.997,557.826,69.905,52.625,564,1,610,497,57.547,46.887,471.500,44.481
1336,1336,44.533,741.823,557.527,69.983,52.597,552,1,610,497,57.547,46.887,471.500,44.481
1337,1337,44.567,743.079,557.264,70.102,52.572,524,1,610,497,57.547,46.887,471.500,44.481
1338,1338,44.600,744.237,557.106,70.211,52.557,511,1,610,497,57.547,46.887,471.500,44.481
1339,1339,44.633,744.918,557.014,70.275,52.548,487,1,610,497,57.547,46.887,471.500,44.481
1340,1340,44.667,745.363,556.927,70.317,52.540,474,1,610,497,57.547,46.887,471.500,44.481
1341,1341,44.700,745.527,556.864,70.333,52.534,476,1,610,497,57.547,46.887,471.500,44.481
1342,1342,44.733,745.451,556.851,70.326,52.533,478,1,610,497,57.547,46.887,471.500,44.481
1343,1343,44.767,745.697,556.711,70.349,52.520,466,1,610,497,57.547,46.887,471.500,44.481
1344,1344,44.800,745.678,556.682,70.347,52.517,475,1,610,497,57.547,46.887,471.500,44.481
1345,1345,44.833,745.677,556.631,70.347,52.512,472,1,610,497,57.547,46.887,471.500,44.481
1346,1346,44.867,745.602,556.543,70.340,52.504,454,1,610,497,57.547,46.887,471.500,44.481
1347,1347,44.900,745.931,556.375,70.371,52.488,471,1,610,497,57.547,46.887,471.500,44.481
1348,1348,44.933,746.129,556.361,70.389,52.487,477,1,610,497,57.547,46.887,471.500,44.481
1349,1349,44.967,746.626,556.225,70.436,52.474,482,1,610,497,57.547,46.887,471.500,44.481
1350,1350,45.000,747.293,556.090,70.499,52.461,499,1,610,497,57.547,46.887,471.500,44.481
1351,1351,45.033,747.843,555.969,70.551,52.450,503,1,610,497,57.547,46.887,471.500,44.481
1352,1352,45.067,749.031,555.666,70.663,52.421,508,1,610,497,57.547,46.887,471.500,44.481
1353,1353,45.100,750.039,555.454,70.758,52.401,521,1,610,497,57.547,46.887,471.500,44.481
1354,1354,45.133,750.858,555.227,70.836,52.380,523,1,610,497,57.547,46.887,471.500,44.481
1355,1355,45.167,752.130,554.940,70.956,52.353,523,1,610,497,57.547,46.887,471.500,44.481
1356,1356,45.200,753.291,554.731,71.065,52.333,534,1,610,497,57.547,46.887,471.500,44.481
1357,1357,45.233,754.271,554.495,71.158,52.311,522,1,610,497,57.547,46.887,471.500,44.481
1358,1358,45.267,755.095,554.208,71.235,52.284,494,1,610,497,57.547,46.887,471.500,44.481
1359,1359,45.300,756.156,553.831,71.335,52.248,494,1,610,497,57.547,46.887,471.500,44.481
1360,1360,45.333,756.735,553.670,71.390,52.233,485,1,610,497,57.547,46.887,471.500,44.481
1361,1361,45.367,756.860,553.683,71.402,52.234,475,1,610,497,57.547,46.887,471.500,44.481
1362,1362,45.400,757.019,553.569,71.417,52.223,477,1,610,497,57.547,46.887,471.500,44.481
1363,1363,45.433,757.284,553.470,71.442,52.214,477,1,610,497,57.547,46.887,471.500,44.481
1364,1364,45.467,757.195,553.528,71.433,52.220,465,1,610,497,57.547,46.887,471.500,44.481
1365,1365,45.500,757.087,553.590,71.423,52.225,470,1,610,497,57.547,46.887,471.500,44.481
1366,1366,45.533,757.307,553.637,71.444,52.230,472,1,610,497,57.547,46.887,471.500,44.481
1367,1367,45.567,757.239,553.705,71.438,52.236,453,1,610,497,57.547,46.887,471.500,44.481
1368,1368,45.600,757.472,553.694,71.460,52.235,469,1,610,497,57.547,46.887,471.500,44.481
1369,1369,45.633,757.901,553.625,71.500,52.229,483,1,610,497,57.547,46.887,471.500,44.481
1370,1370,45.667,758.284,553.508,71.536,52.218,480,1,610,497,57.547,46.887,471.500,44.481
1371,1371,45.700,759.064,553.389,71.610,52.206,496,1,610,497,57.547,46.887,471.500,44.481
1372,1372,45.733,759.854,553.208,71.684,52.189,510,1,610,497,57.547,46.887,471.500,44.481
1373,1373,45.767,760.077,553.106,71.705,52.180,506,1,610,497,57.547,46.887,471.500,44.481
1374,1374,45.800,760.708,553.002,71.765,52.170,520,1,610,497,57.547,46.887,471.500,44.481
1375,1375,45.833,761.405,552.757,71.831,52.147,542,1,610,497,57.547,46.887,471.500,44.481
1376,1376,45.867,761.803,552.651,71.868,52.137,544,1,610,497,57.547,46.887,471.500,44.481
1377,1377,45.900,762.221,552.575,71.908,52.130,552,1,610,497,57.547,46.887,471.500,44.481
1378,1378,45.933,762.622,552.474,71.945,52.120,561,1,610,497,57.547,46.887,471.500,44.481
1379,1379,45.967,762.755,552.405,71.958,52.114,548,1,610,497,57.547,46.887,471.500,44.481
1380,1380,46.000,763.022,552.295,71.983,52.103,553,1,610,497,57.547,46.887,471.500,44.481
1381,1381,46.033,762.836,552.249,71.966,52.099,550,1,610,497,57.547,46.887,471.500,44.481
1382,1382,46.067,762.541,552.352,71.938,52.109,533,1,610,497,57.547,46.887,471.500,44.481
1383,1383,46.100,762.474,552.413,71.932,52.114,542,1,610,497,57.547,46.887,471.500,44.481
1384,1384,46.133,762.460,552.478,71.930,52.121,541,1,610,497,57.547,46.887,471.500,44.481
1385,1385,46.167,762.197,552.522,71.905,52.125,534,1,610,497,57.547,46.887,471.500,44.481
1386,1386,46.200,762.191,552.605,71.905,52.133,531,1,610,497,57.547,46.887,471.500,44.481
1387,1387,46.233,762.210,552.636,71.907,52.135,532,1,610,497,57.547,46.887,471.500,44.481
1388,1388,46.267,762.616,552.563,71.945,52.129,527,1,610,497,57.547,46.887,471.500,44.481
1389,1389,46.300,762.971,552.394,71.978,52.113,524,1,610,497,57.547,46.887,471.500,44.481
1390,1390,46.333,763.605,552.229,72.038,52.097,536,1,610,497,57.547,46.887,471.500,44.481
1391,1391,46.367,764.381,552.021,72.111,52.077,515,1,610,497,57.547,46.887,471.500,44.481
1392,1392,46.400,765.057,551.870,72.175,52.063,502,1,610,497,57.547,46.887,471.500,44.481
1393,1393,46.433,765.675,551.825,72.234,52.059,501,1,610,497,57.547,46.887,471.500,44.481
1394,1394,46.467,766.509,551.596,72.312,52.037,473,1,610,497,57.547,46.887,471.500,44.481
1395,1395,46.500,766.697,551.678,72.330,52.045,466,1,610,497,57.547,46.887,471.500,44.481
1396,1396,46.533,766.733,551.697,72.333,52.047,466,1,610,497,57.547,46.887,471.500,44.481
1397,1397,46.567,766.912,551.630,72.350,52.041,453,1,610,497,57.547,46.887,471.500,44.481
1398,1398,46.600,766.992,551.544,72.358,52.032,451,1,610,497,57.547,46.887,471.500,44.481
1399,1399,46.633,767.134,551.422,72.371,52.021,457,1,610,497,57.547,46.887,471.500,44.481
1400,1400,46.667,767.062,551.317,72.364,52.011,458,1,610,497,57.547,46.887,471.500,44.481
1401,1401,46.700,767.085,551.253,72.367,52.005,454,1,610,497,57.547,46.887,471.500,44.481
1402,1402,46.733,767.061,551.222,72.364,52.002,457,1,610,497,57.547,46.887,471.500,44.481
1403,1403,46.767,767.203,551.229,72.378,52.003,463,1,610,497,57.547,46.887,471.500,44.481
1404,1404,46.800,767.296,551.362,72.386,52.015,458,1,610,497,57.547,46.887,471.500,44.481
1405,1405,46.833,767.788,551.636,72.433,52.041,468,1,610,497,57.547,46.887,471.500,44.481
1406,1406,46.867,768.429,551.857,72.493,52.062,477,1,610,497,57.547,46.887,471.500,44.481
1407,1407,46.900,769.128,551.982,72.559,52.074,492,1,610,497,57.547,46.887,471.500,44.481
1408,1408,46.933,770.247,552.085,72.665,52.083,517,1,610,497,57.547,46.887,471.500,44.481
1409,1409,46.967,770.828,552.099,72.720,52.085,516,1,610,497,57.547,46.887,471.500,44.481
1410,1410,47.000,772.103,552.215,72.840,52.096,516,1,610,497,57.547,46.887,471.500,44.481
1411,1411,47.033,773.084,552.409,72.932,52.114,533,1,610,497,57.547,46.887,471.500,44.481
1412,1412,47.067,774.037,552.410,73.022,52.114,528,1,610,497,57.547,46.887,471.500,44.481
1413,1413,47.100,775.303,552.662,73.142,52.138,511,1,610,497,57.547,46.887,471.500,44.481
1414,1414,47.133,776.377,553.016,73.243,52.171,503,1,610,497,57.547,46.887,471.500,44.481
1415,1415,47.167,776.902,553.118,73.293,52.181,491,1,610,497,57.547,46.887,471.500,44.481
1416,1416,47.200,777.543,553.175,73.353,52.186,473,1,610,497,57.547,46.887,471.500,44.481
1417,1417,47.233,778.044,553.182,73.400,52.187,473,1,610,497,57.547,46.887,471.500,44.481
1418,1418,47.267,778.341,553.129,73.428,52.182,459,1,610,497,57.547,46.887,471.500,44.481
1419,1419,47.300,778.404,552.974,73.434,52.167,456,1,610,497,57.547,46.887,471.500,44.481
1420,1420,47.333,778.534,552.956,73.447,52.166,468,1,610,497,57.547,46.887,471.500,44.481
1421,1421,47.367,778.539,552.652,73.447,52.137,469,1,610,497,57.547,46.887,471.500,44.481
1422,1422,47.400,778.477,552.371,73.441,52.110,454,1,610,497,57.547,46.887,471.500,44.481
1423,1423,47.433,778.458,552.309,73.439,52.105,464,1,610,497,57.547,46.887,471.500,44.481
1424,1424,47.467,778.630,552.355,73.456,52.109,460,1,610,497,57.547,46.887,471.500,44.481
1425,1425,47.500,778.752,552.304,73.467,52.104,453,1,610,497,57.547,46.887,471.500,44.481
1426,1426,47.533,779.233,552.482,73.513,52.121,469,1,610,497,57.547,46.887,471.500,44.481
1427,1427,47.567,779.595,552.561,73.547,52.128,473,1,610,497,57.547,46.887,471.500,44.481
1428,1428,47.600,780.401,552.712,73.623,52.143,486,1,610,497,57.547,46.887,471.500,44.481
1429,1429,47.633,780.833,552.871,73.664,52.158,501,1,610,497,57.547,46.887,471.500,44.481
1430,1430,47.667,781.396,553.032,73.717,52.173,510,1,610,497,57.547,46.887,471.500,44.481
1431,1431,47.700,781.509,553.067,73.727,52.176,511,1,610,497,57.547,46.887,471.500,44.481
1432,1432,47.733,781.954,553.172,73.769,52.186,525,1,610,497,57.547,46.887,471.500,44.481
1433,1433,47.767,782.202,553.247,73.793,52.193,530,1,610,497,57.547,46.887,471.500,44.481
1434,1434,47.800,782.676,553.340,73.837,52.202,526,1,610,497,57.547,46.887,471.500,44.481
1435,1435,47.833,783.360,553.570,73.902,52.224,543,1,610,497,57.547,46.887,471.500,44.481
1436,1436,47.867,783.763,553.712,73.940,52.237,545,1,610,497,57.547,46.887,471.500,44.481
1437,1437,47.900,784.302,553.870,73.991,52.252,535,1,610,497,57.547,46.887,471.500,44.481
1438,1438,47.933,785.007,554.214,74.057,52.284,545,1,610,497,57.547,46.887,471.500,44.481
1439,1439,47.967,785.066,554.301,74.063,52.293,545,1,610,497,57.547,46.887,471.500,44.481
1440,1440,48.000,785.488,554.561,74.103,52.317,543,1,610,497,57.547,46.887,471.500,44.481
1441,1441,48.033,785.960,554.735,74.147,52.334,547,1,610,497,57.547,46.887,471.500,44.481
1442,1442,48.067,786.506,554.920,74.199,52.351,541,1,610,497,57.547,46.887,471.500,44.481
1443,1443,48.100,787.190,555.085,74.263,52.366,523,1,610,497,57.547,46.887,471.500,44.481
1444,1444,48.133,787.278,555.097,74.272,52.368,522,1,610,497,57.547,46.887,471.500,44.481
1445,1445,48.167,787.567,555.124,74.299,52.370,515,1,610,497,57.547,46.887,471.500,44.481
1446,1446,48.200,787.980,555.191,74.338,52.377,505,1,610,497,57.547,46.887,471.500,44.481
1447,1447,48.233,788.145,555.269,74.353,52.384,496,1,610,497,57.547,46.887,471.500,44.481
1448,1448,48.267,788.281,555.283,74.366,52.385,487,1,610,497,57.547,46.887,471.500,44.481
1449,1449,48.300,788.476,555.310,74.385,52.388,475,1,610,497,57.547,46.887,471.500,44.481
1450,1450,48.333,788.525,555.329,74.389,52.390,479,1,610,497,57.547,46.887,471.500,44.481
1451,1451,48.367,788.450,555.265,74.382,52.383,477,1,610,497,57.547,46.887,471.500,44.481
1452,1452,48.400,788.151,555.076,74.354,52.366,471,1,610,497,57.547,46.887,471.500,44.481
1453,1453,48.433,788.390,555.065,74.376,52.365,481,1,610,497,57.547,46.887,471.500,44.481
1454,1454,48.467,788.317,554.976,74.370,52.356,487,1,610,497,57.547,46.887,471.500,44.481
1455,1455,48.500,788.529,555.043,74.390,52.363,478,1,610,497,57.547,46.887,471.500,44.481
1456,1456,48.533,788.845,555.131,74.419,52.371,487,1,610,497,57.547,46.887,471.500,44.481
1457,1457,48.567,789.380,555.316,74.470,52.388,505,1,610,497,57.547,46.887,471.500,44.481
1458,1458,48.600,789.656,555.380,74.496,52.394,512,1,610,497,57.547,46.887,471.500,44.481
1459,1459,48.633,789.938,555.446,74.522,52.401,515,1,610,497,57.547,46.887,471.500,44.481
1460,1460,48.667,790.418,555.612,74.568,52.416,525,1,610,497,57.547,46.887,471.500,44.481
1461,1461,48.700,790.778,555.723,74.602,52.427,521,1,610,497,57.547,46.887,471.500,44.481
1462,1462,48.733,791.273,555.866,74.648,52.440,527,1,610,497,57.547,46.887,471.500,44.481
1463,1463,48.767,791.789,556.078,74.697,52.460,545,1,610,497,57.547,46.887,471.500,44.481
1464,1464,48.800,792.062,556.133,74.723,52.465,531,1,610,497,57.547,46.887,471.500,44.481
1465,1465,48.833,792.579,556.327,74.772,52.484,539,1,610,497,57.547,46.887,471.500,44.481
1466,1466,48.867,792.915,556.391,74.803,52.490,550,1,610,497,57.547,46.887,471.500,44.481
1467,1467,48.900,793.168,556.456,74.827,52.496,546,1,610,497,57.547,46.887,471.500,44.481
1468,1468,48.933,794.051,556.777,74.910,52.526,543,1,610,497,57.547,46.887,471.500,44.481
1469,1469,48.967,794.748,557.022,74.976,52.549,550,1,610,497,57.547,46.887,471.500,44.481
1470,1470,49.000,795.578,557.231,75.055,52.569,531,1,610,497,57.547,46.887,471.500,44.481
1471,1471,49.033,796.451,557.422,75.137,52.587,504,1,610,497,57.547,46.887,471.500,44.481
1472,1472,49.067,797.387,557.576,75.225,52.602,505,1,610,497,57.547,46.887,471.500,44.481
1473,1473,49.100,797.723,557.541,75.257,52.598,486,1,610,497,57.547,46.887,471.500,44.481
1474,1474,49.133,797.834,557.527,75.267,52.597,478,1,610,497,57.547,46.887,471.500,44.481
1475,1475,49.167,798.204,557.682,75.302,52.611,492,1,610,497,57.547,46.887,471.500,44.481
1476,1476,49.200,798.464,557.827,75.327,52.625,469,1,610,497,57.547,46.887,471.500,44.481
1477,1477,49.233,798.299,557.876,75.311,52.630,463,1,610,497,57.547,46.887,471.500,44.481
1478,1478,49.267,798.229,558.018,75.305,52.643,469,1,610,497,57.547,46.887,471.500,44.481
1479,1479,49.300,797.842,558.041,75.268,52.645,458,1,610,497,57.547,46.887,471.500,44.481
1480,1480,49.333,798.098,558.160,75.292,52.657,467,1,610,497,57.547,46.887,471.500,44.481
1481,1481,49.367,798.473,558.248,75.328,52.665,481,1,610,497,57.547,46.887,471.500,44.481
1482,1482,49.400,798.686,558.243,75.348,52.664,479,1,610,497,57.547,46.887,471.500,44.481
1483,1483,49.433,798.951,558.270,75.373,52.667,481,1,610,497,57.547,46.887,471.500,44.481
1484,1484,49.467,799.878,558.457,75.460,52.685,506,1,610,497,57.547,46.887,471.500,44.481
1485,1485,49.500,800.161,558.456,75.487,52.685,512,1,610,497,57.547,46.887,471.500,44.481
1486,1486,49.533,800.636,558.553,75.532,52.694,508,1,610,497,57.547,46.887,471.500,44.481
1487,1487,49.567,801.161,558.577,75.581,52.696,522,1,610,497,57.547,46.887,471.500,44.481
1488,1488,49.600,801.759,558.775,75.638,52.715,531,1,610,497,57.547,46.887,471.500,44.481
1489,1489,49.633,802.410,558.902,75.699,52.727,536,1,610,497,57.547,46.887,471.500,44.481
1490,1490,49.667,803.127,559.064,75.767,52.742,549,1,610,497,57.547,46.887,471.500,44.481
1491,1491,49.700,803.741,559.200,75.825,52.755,552,1,610,497,57.547,46.887,471.500,44.481
1492,1492,49.733,804.066,559.267,75.855,52.761,550,1,610,497,57.547,46.887,471.500,44.481
1493,1493,49.767,804.600,559.373,75.906,52.771,558,1,610,497,57.547,46.887,471.500,44.481
1494,1494,49.800,805.237,559.508,75.966,52.784,553,1,610,497,57.547,46.887,471.500,44.481
1495,1495,49.833,805.877,559.676,76.026,52.800,539,1,610,497,57.547,46.887,471.500,44.481
1496,1496,49.867,806.851,559.944,76.118,52.825,525,1,610,497,57.547,46.887,471.500,44.481
1497,1497,49.900,807.649,560.134,76.193,52.843,507,1,610,497,57.547,46.887,471.500,44.481
1498,1498,49.933,808.668,560.389,76.289,52.867,501,1,610,497,57.547,46.887,471.500,44.481
1499,1499,49.967,809.168,560.596,76.337,52.886,505,1,610,497,57.547,46.887,471.500,44.481
1500,1500,50.000,809.231,560.623,76.343,52.889,498,1,610,497,57.547,46.887,471.500,44.481
1501,1501,50.033,809.481,560.725,76.366,52.899,474,1,610,497,57.547,46.887,471.500,44.481
1502,1502,50.067,809.457,560.877,76.364,52.913,475,1,610,497,57.547,46.887,471.500,44.481
1503,1503,50.100,809.482,560.893,76.366,52.914,474,1,610,497,57.547,46.887,471.500,44.481
1504,1504,50.133,809.401,561.055,76.359,52.930,468,1,610,497,57.547,46.887,471.500,44.481
1505,1505,50.167,809.421,561.084,76.361,52.932,470,1,610,497,57.547,46.887,471.500,44.481
1506,1506,50.200,809.355,561.031,76.354,52.927,467,1,610,497,57.547,46.887,471.500,44.481
1507,1507,50.233,809.221,560.961,76.342,52.921,465,1,610,497,57.547,46.887,471.500,44.481
1508,1508,50.267,809.643,561.025,76.381,52.927,476,1,610,497,57.547,46.887,471.500,44.481
1509,1509,50.300,809.827,561.024,76.399,52.927,480,1,610,497,57.547,46.887,471.500,44.481
1510,1510,50.333,810.354,561.061,76.449,52.930,490,1,610,497,57.547,46.887,471.500,44.481
1511,1511,50.367,810.761,561.072,76.487,52.931,498,1,610,497,57.547,46.887,471.500,44.481
1512,1512,50.400,810.930,561.074,76.503,52.931,501,1,610,497,57.547,46.887,471.500,44.481
1513,1513,50.433,810.953,561.059,76.505,52.930,496,1,610,497,57.547,46.887,471.500,44.481
1514,1514,50.467,811.031,561.075,76.512,52.932,499,1,610,497,57.547,46.887,471.500,44.481
1515,1515,50.500,811.493,561.125,76.556,52.936,516,1,610,497,57.547,46.887,471.500,44.481
1516,1516,50.533,811.802,561.150,76.585,52.939,509,1,610,497,57.547,46.887,471.500,44.481
1517,1517,50.567,811.875,561.180,76.592,52.942,518,1,610,497,57.547,46.887,471.500,44.481
1518,1518,50.600,812.275,561.282,76.630,52.951,538,1,610,497,57.547,46.887,471.500,44.481
1519,1519,50.633,812.397,561.268,76.641,52.950,535,1,610,497,57.547,46.887,471.500,44.481
1520,1520,50.667,812.589,561.315,76.659,52.954,543,1,610,497,57.547,46.887,471.500,44.481
1521,1521,50.700,812.812,561.350,76.680,52.958,546,1,610,497,57.547,46.887,471.500,44.481
1522,1522,50.733,812.921,561.420,76.691,52.964,540,1,610,497,57.547,46.887,471.500,44.481
1523,1523,50.767,813.062,561.435,76.704,52.966,539,1,610,497,57.547,46.887,471.500,44.481
1524,1524,50.800,813.461,561.484,76.742,52.970,545,1,610,497,57.547,46.887,471.500,44.481
1525,1525,50.833,813.601,561.527,76.755,52.974,537,1,610,497,57.547,46.887,471.500,44.481
1526,1526,50.867,813.646,561.565,76.759,52.978,545,1,610,497,57.547,46.887,471.500,44.481
1527,1527,50.900,813.725,561.565,76.766,52.978,548,1,610,497,57.547,46.887,471.500,44.481
1528,1528,50.933,813.979,561.599,76.791,52.981,546,1,610,497,57.547,46.887,471.500,44.481
1529,1529,50.967,814.233,561.603,76.814,52.981,549,1,610,497,57.547,46.887,471.500,44.481
1530,1530,51.000,814.353,561.645,76.826,52.985,560,1,610,497,57.547,46.887,471.500,44.481
1531,1531,51.033,814.800,561.654,76.868,52.986,550,1,610,497,57.547,46.887,471.500,44.481
1532,1532,51.067,815.065,561.682,76.893,52.989,551,1,610,497,57.547,46.887,471.500,44.481
1533,1533,51.100,815.267,561.663,76.912,52.987,562,1,610,497,57.547,46.887,471.500,44.481
1534,1534,51.133,815.437,561.688,76.928,52.989,556,1,610,497,57.547,46.887,471.500,44.481
1535,1535,51.167,815.645,561.731,76.948,52.993,550,1,610,497,57.547,46.887,471.500,44.481
1536,1536,51.200,815.989,561.750,76.980,52.995,557,1,610,497,57.547,46.887,471.500,44.481
1537,1537,51.233,816.022,561.747,76.983,52.995,543,1,610,497,57.547,46.887,471.500,44.481
1538,1538,51.267,815.970,561.711,76.978,52.992,548,1,610,497,57.547,46.887,471.500,44.481
1539,1539,51.300,815.805,561.665,76.963,52.987,551,1,610,497,57.547,46.887,471.500,44.481
1540,1540,51.333,815.769,561.633,76.959,52.984,539,1,610,497,57.547,46.887,471.500,44.481
1541,1541,51.367,815.762,561.590,76.959,52.980,542,1,610,497,57.547,46.887,471.500,44.481
1542,1542,51.400,815.515,561.564,76.935,52.978,552,1,610,497,57.547,46.887,471.500,44.481
1543,1543,51.433,815.379,561.518,76.923,52.973,541,1,610,497,57.547,46.887,471.500,44.481
1544,1544,51.467,815.026,561.449,76.889,52.967,530,1,610,497,57.547,46.887,471.500,44.481
1545,1545,51.500,815.090,561.454,76.895,52.967,541,1,610,497,57.547,46.887,471.500,44.481
1546,1546,51.533,814.688,561.366,76.857,52.959,525,1,610,497,57.547,46.887,471.500,44.481
1547,1547,51.567,814.656,561.344,76.854,52.957,517,1,610,497,57.547,46.887,471.500,44.481
1548,1548,51.600,814.884,561.289,76.876,52.952,527,1,610,497,57.547,46.887,471.500,44.481
1549,1549,51.633,815.118,561.272,76.898,52.950,517,1,610,497,57.547,46.887,471.500,44.481
1550,1550,51.667,815.386,561.308,76.923,52.954,514,1,610,497,57.547,46.887,471.500,44.481
1551,1551,51.700,815.224,561.259,76.908,52.949,509,1,610,497,57.547,46.887,471.500,44.481
1552,1552,51.733,815.373,561.248,76.922,52.948,492,1,610,497,57.547,46.887,471.500,44.481
1553,1553,51.767,815.198,561.105,76.905,52.934,484,1,610,497,57.547,46.887,471.500,44.481
1554,1554,51.800,814.967,560.951,76.884,52.920,481,1,610,497,57.547,46.887,471.500,44.481
1555,1555,51.833,814.725,560.867,76.861,52.912,480,1,610,497,57.547,46.887,471.500,44.481
1556,1556,51.867,814.537,560.911,76.843,52.916,475,1,610,497,57.547,46.887,471.500,44.481
1557,1557,51.900,814.597,560.931,76.849,52.918,480,1,610,497,57.547,46.887,471.500,44.481
1558,1558,51.933,814.745,560.917,76.863,52.917,491,1,610,497,57.547,46.887,471.500,44.481
1559,1559,51.967,814.501,560.843,76.840,52.910,481,1,610,497,57.547,46.887,471.500,44.481
1560,1560,52.000,814.980,560.903,76.885,52.915,494,1,610,497,57.547,46.887,471.500,44.481
1561,1561,52.033,815.037,560.664,76.890,52.893,495,1,610,497,57.547,46.887,471.500,44.481
1562,1562,52.067,815.221,560.646,76.908,52.891,493,1,610,497,57.547,46.887,471.500,44.481
1563,1563,52.100,815.548,560.622,76.938,52.889,506,1,610,497,57.547,46.887,471.500,44.481
1564,1564,52.133,815.876,560.579,76.969,52.885,514,1,610,497,57.547,46.887,471.500,44.481
1565,1565,52.167,815.902,560.557,76.972,52.883,515,1,610,497,57.547,46.887,471.500,44.481
1566,1566,52.200,816.164,560.511,76.997,52.878,520,1,610,497,57.547,46.887,471.500,44.481
1567,1567,52.233,816.289,560.515,77.008,52.879,523,1,610,497,57.547,46.887,471.500,44.481
1568,1568,52.267,816.546,560.450,77.033,52.873,521,1,610,497,57.547,46.887,471.500,44.481
1569,1569,52.300,817.130,560.380,77.088,52.866,537,1,610,497,57.547,46.887,471.500,44.481
1570,1570,52.333,817.246,560.339,77.099,52.862,531,1,610,497,57.547,46.887,471.500,44.481
1571,1571,52.367,817.776,560.376,77.149,52.866,530,1,610,497,57.547,46.887,471.500,44.481
1572,1572,52.400,817.965,560.298,77.167,52.858,538,1,610,497,57.547,46.887,471.500,44.481
1573,1573,52.433,818.375,560.249,77.205,52.854,543,1,610,497,57.547,46.887,471.500,44.481
1574,1574,52.467,818.437,560.140,77.211,52.843,532,1,610,497,57.547,46.887,471.500,44.481
1575,1575,52.500,819.290,559.883,77.292,52.819,552,1,610,497,57.547,46.887,471.500,44.481
1576,1576,52.533,819.602,559.839,77.321,52.815,542,1,610,497,57.547,46.887,471.500,44.481
1577,1577,52.567,820.131,559.727,77.371,52.804,528,1,610,497,57.547,46.887,471.500,44.481
1578,1578,52.600,820.486,559.635,77.404,52.796,541,1,610,497,57.547,46.887,471.500,44.481
1579,1579,52.633,820.535,559.614,77.409,52.794,544,1,610,497,57.547,46.887,471.500,44.481
1580,1580,52.667,820.891,559.584,77.443,52.791,536,1,610,497,57.547,46.887,471.500,44.481
1581,1581,52.700,820.980,559.584,77.451,52.791,540,1,610,497,57.547,46.887,471.500,44.481
1582,1582,52.733,820.956,559.577,77.449,52.790,539,1,610,497,57.547,46.887,471.500,44.481
1583,1583,52.767,821.108,559.566,77.463,52.789,537,1,610,497,57.547,46.887,471.500,44.481
1584,1584,52.800,820.997,559.586,77.453,52.791,547,1,610,497,57.547,46.887,471.500,44.481
1585,1585,52.833,821.058,559.575,77.458,52.790,549,1,610,497,57.547,46.887,471.500,44.481
1586,1586,52.867,821.018,559.568,77.455,52.789,543,1,610,497,57.547,46.887,471.500,44.481
1587,1587,52.900,821.038,559.575,77.456,52.790,553,1,610,497,57.547,46.887,471.500,44.481
1588,1588,52.933,821.154,559.591,77.467,52.792,561,1,610,497,57.547,46.887,471.500,44.481
1589,1589,52.967,821.182,559.601,77.470,52.793,541,1,610,497,57.547,46.887,471.500,44.481
1590,1590,53.000,820.998,559.587,77.453,52.791,547,1,610,497,57.547,46.887,471.500,44.481
1591,1591,53.033,820.930,559.575,77.446,52.790,547,1,610,497,57.547,46.887,471.500,44.481
1592,1592,53.067,821.047,559.585,77.457,52.791,545,1,610,497,57.547,46.887,471.500,44.481
1593,1593,53.100,821.014,559.594,77.454,52.792,544,1,610,497,57.547,46.887,471.500,44.481
1594,1594,53.133,821.116,559.575,77.464,52.790,548,1,610,497,57.547,46.887,471.500,44.481
1595,1595,53.167,821.219,559.547,77.473,52.787,543,1,610,497,57.547,46.887,471.500,44.481
1596,1596,53.200,821.170,559.556,77.469,52.788,545,1,610,497,57.547,46.887,471.500,44.481
1597,1597,53.233,821.132,559.560,77.465,52.789,546,1,610,497,57.547,46.887,471.500,44.481
1598,1598,53.267,821.086,559.496,77.461,52.783,541,1,610,497,57.547,46.887,471.500,44.481
1599,1599,53.300,820.748,559.449,77.429,52.778,539,1,610,497,57.547,46.887,471.500,44.481
1600,1600,53.333,820.627,559.462,77.418,52.779,540,1,610,497,57.547,46.887,471.500,44.481
1601,1601,53.367,820.683,559.411,77.423,52.775,534,1,610,497,57.547,46.887,471.500,44.481
1602,1602,53.400,820.300,559.477,77.387,52.781,531,1,610,497,57.547,46.887,471.500,44.481
1603,1603,53.433,820.069,559.478,77.365,52.781,540,1,610,497,57.547,46.887,471.500,44.481
1604,1604,53.467,819.744,559.579,77.334,52.790,527,1,610,497,57.547,46.887,471.500,44.481
1605,1605,53.500,819.304,559.660,77.293,52.798,518,1,610,497,57.547,46.887,471.500,44.481
1606,1606,53.533,818.782,559.813,77.244,52.813,515,1,610,497,57.547,46.887,471.500,44.481
1607,1607,53.567,818.237,559.919,77.192,52.823,499,1,610,497,57.547,46.887,471.500,44.481
1608,1608,53.600,817.641,560.033,77.136,52.833,492,1,610,497,57.547,46.887,471.500,44.481
1609,1609,53.633,817.136,560.134,77.088,52.843,485,1,610,497,57.547,46.887,471.500,44.481
1610,1610,53.667,816.624,560.232,77.040,52.852,471,1,610,497,57.547,46.887,471.500,44.481
1611,1611,53.700,816.481,560.342,77.026,52.862,471,1,610,497,57.547,46.887,471.500,44.481
1612,1612,53.733,816.511,560.404,77.029,52.868,474,1,610,497,57.547,46.887,471.500,44.481
1613,1613,53.767,816.438,560.482,77.022,52.876,472,1,610,497,57.547,46.887,471.500,44.481
1614,1614,53.800,816.707,560.770,77.048,52.903,483,1,610,497,57.547,46.887,471.500,44.481
1615,1615,53.833,816.790,561.033,77.056,52.928,491,1,610,497,57.547,46.887,471.500,44.481
1616,1616,53.867,816.150,561.019,76.995,52.926,473,1,610,497,57.547,46.887,471.500,44.481
1617,1617,53.900,816.120,561.327,76.992,52.955,482,1,610,497,57.547,46.887,471.500,44.481
1618,1618,53.933,815.879,561.557,76.970,52.977,489,1,610,497,57.547,46.887,471.500,44.481
1619,1619,53.967,815.637,561.691,76.947,52.990,475,1,610,497,57.547,46.887,471.500,44.481
1620,1620,54.000,815.921,562.040,76.974,53.023,480,1,610,497,57.547,46.887,471.500,44.481
1621,1621,54.033,816.037,562.385,76.985,53.055,495,1,610,497,57.547,46.887,471.500,44.481
1622,1622,54.067,816.120,562.427,76.992,53.059,496,1,610,497,57.547,46.887,471.500,44.481
1623,1623,54.100,816.221,562.583,77.002,53.074,493,1,610,497,57.547,46.887,471.500,44.481
1624,1624,54.133,816.142,562.727,76.994,53.087,505,1,610,497,57.547,46.887,471.500,44.481
1625,1625,54.167,816.157,562.930,76.996,53.107,504,1,610,497,57.547,46.887,471.500,44.481
1626,1626,54.200,816.148,563.162,76.995,53.128,507,1,610,497,57.547,46.887,471.500,44.481
1627,1627,54.233,816.518,563.522,77.030,53.162,523,1,610,497,57.547,46.887,471.500,44.481
1628,1628,54.267,816.566,563.550,77.035,53.165,524,1,610,497,57.547,46.887,471.500,44.481
1629,1629,54.300,816.765,563.633,77.053,53.173,523,1,610,497,57.547,46.887,471.500,44.481
1630,1630,54.333,816.784,563.708,77.055,53.180,531,1,610,497,57.547,46.887,471.500,44.481
1631,1631,54.367,816.688,563.693,77.046,53.179,528,1,610,497,57.547,46.887,471.500,44.481
1632,1632,54.400,816.955,563.843,77.071,53.193,523,1,610,497,57.547,46.887,471.500,44.481
1633,1633,54.433,816.954,564.065,77.071,53.214,537,1,610,497,57.547,46.887,471.500,44.481
1634,1634,54.467,817.105,564.215,77.085,53.228,534,1,610,497,57.547,46.887,471.500,44.481
1635,1635,54.500,817.557,564.626,77.128,53.267,544,1,610,497,57.547,46.887,471.500,44.481
1636,1636,54.533,818.105,565.184,77.180,53.319,563,1,610,497,57.547,46.887,471.500,44.481
1637,1637,54.567,818.491,565.281,77.216,53.328,550,1,610,497,57.547,46.887,471.500,44.481
1638,1638,54.600,819.131,565.901,77.276,53.387,523,1,610,497,57.547,46.887,471.500,44.481
1639,1639,54.633,819.448,566.234,77.306,53.418,524,1,610,497,57.547,46.887,471.500,44.481
1640,1640,54.667,819.881,566.410,77.347,53.435,491,1,610,497,57.547,46.887,471.500,44.481
1641,1641,54.700,820.381,566.641,77.394,53.457,480,1,610,497,57.547,46.887,471.500,44.481
1642,1642,54.733,820.306,566.733,77.387,53.465,486,1,610,497,57.547,46.887,471.500,44.481
1643,1643,54.767,820.648,566.799,77.420,53.472,487,1,610,497,57.547,46.887,471.500,44.481
1644,1644,54.800,820.788,566.689,77.433,53.461,468,1,610,497,57.547,46.887,471.500,44.481
1645,1645,54.833,821.146,566.786,77.467,53.470,488,1,610,497,57.547,46.887,471.500,44.481
1646,1646,54.867,821.093,566.624,77.462,53.455,484,1,610,497,57.547,46.887,471.500,44.481
1647,1647,54.900,821.123,566.470,77.464,53.441,478,1,610,497,57.547,46.887,471.500,44.481
1648,1648,54.933,821.218,566.415,77.473,53.435,484,1,610,497,57.547,46.887,471.500,44.481
1649,1649,54.967,821.176,566.471,77.469,53.441,483,1,610,497,57.547,46.887,471.500,44.481
1650,1650,55.000,820.804,566.168,77.434,53.412,462,1,610,497,57.547,46.887,471.500,44.481
1651,1651,55.033,820.793,566.380,77.433,53.432,474,1,610,497,57.547,46.887,471.500,44.481
1652,1652,55.067,821.138,566.665,77.466,53.459,484,1,610,497,57.547,46.887,471.500,44.481
1653,1653,55.100,821.432,566.931,77.494,53.484,481,1,610,497,57.547,46.887,471.500,44.481
1654,1654,55.133,821.669,567.479,77.516,53.536,509,1,610,497,57.547,46.887,471.500,44.481
1655,1655,55.167,821.960,567.810,77.543,53.567,518,1,610,497,57.547,46.887,471.500,44.481
1656,1656,55.200,822.039,567.951,77.551,53.580,513,1,610,497,57.547,46.887,471.500,44.481
1657,1657,55.233,821.969,567.994,77.544,53.584,530,1,610,497,57.547,46.887,471.500,44.481
1658,1658,55.267,822.197,568.212,77.566,53.605,535,1,610,497,57.547,46.887,471.500,44.481
1659,1659,55.300,822.460,568.400,77.591,53.623,519,1,610,497,57.547,46.887,471.500,44.481
1660,1660,55.333,822.691,568.786,77.612,53.659,533,1,610,497,57.547,46.887,471.500,44.481
1661,1661,55.367,822.658,568.924,77.609,53.672,541,1,610,497,57.547,46.887,471.500,44.481
1662,1662,55.400,823.033,569.300,77.645,53.708,544,1,610,497,57.547,46.887,471.500,44.481
1663,1663,55.433,823.282,569.621,77.668,53.738,553,1,610,497,57.547,46.887,471.500,44.481
1664,1664,55.467,823.184,569.625,77.659,53.738,554,1,610,497,57.547,46.887,471.500,44.481
1665,1665,55.500,823.285,569.758,77.668,53.751,550,1,610,497,57.547,46.887,471.500,44.481
1666,1666,55.533,823.441,569.961,77.683,53.770,556,1,610,497,57.547,46.887,471.500,44.481
1667,1667,55.567,823.441,570.061,77.683,53.779,560,1,610,497,57.547,46.887,471.500,44.481
1668,1668,55.600,823.469,569.986,77.686,53.772,546,1,610,497,57.547,46.887,471.500,44.481
1669,1669,55.633,823.662,570.168,77.704,53.789,548,1,610,497,57.547,46.887,471.500,44.481
1670,1670,55.667,823.567,570.147,77.695,53.787,559,1,610,497,57.547,46.887,471.500,44.481
1671,1671,55.700,823.723,570.276,77.710,53.800,553,1,610,497,57.547,46.887,471.500,44.481
1672,1672,55.733,823.850,570.469,77.722,53.818,558,1,610,497,57.547,46.887,471.500,44.481
1673,1673,55.767,824.041,570.749,77.740,53.844,568,1,610,497,57.547,46.887,471.500,44.481
1674,1674,55.800,824.407,571.114,77.774,53.879,561,1,610,497,57.547,46.887,471.500,44.481
1675,1675,55.833,824.681,571.628,77.800,53.927,562,1,610,497,57.547,46.887,471.500,44.481
1676,1676,55.867,824.909,572.083,77.822,53.970,549,1,610,497,57.547,46.887,471.500,44.481
1677,1677,55.900,825.477,572.534,77.875,54.013,517,1,610,497,57.547,46.887,471.500,44.481
1678,1678,55.933,825.996,572.874,77.924,54.045,501,1,610,497,57.547,46.887,471.500,44.481
1679,1679,55.967,826.247,572.981,77.948,54.055,506,1,610,497,57.547,46.887,471.500,44.481
1680,1680,56.000,826.650,573.146,77.986,54.070,489,1,610,497,57.547,46.887,471.500,44.481
1681,1681,56.033,826.915,573.327,78.011,54.087,487,1,610,497,57.547,46.887,471.500,44.481
1682,1682,56.067,827.090,573.443,78.027,54.098,489,1,610,497,57.547,46.887,471.500,44.481
1683,1683,56.100,827.143,573.297,78.032,54.085,482,1,610,497,57.547,46.887,471.500,44.481
1684,1684,56.133,827.163,573.320,78.034,54.087,481,1,610,497,57.547,46.887,471.500,44.481
1685,1685,56.167,827.309,573.268,78.048,54.082,484,1,610,497,57.547,46.887,471.500,44.481
1686,1686,56.200,827.138,573.124,78.032,54.068,480,1,610,497,57.547,46.887,471.500,44.481
1687,1687,56.233,827.115,573.119,78.030,54.068,483,1,610,497,57.547,46.887,471.500,44.481
1688,1688,56.267,827.250,573.275,78.042,54.083,489,1,610,497,57.547,46.887,471.500,44.481
1689,1689,56.300,827.468,573.266,78.063,54.082,478,1,610,497,57.547,46.887,471.500,44.481
1690,1690,56.333,827.529,573.394,78.069,54.094,486,1,610,497,57.547,46.887,471.500,44.481
1691,1691,56.367,827.969,574.023,78.110,54.153,508,1,610,497,57.547,46.887,471.500,44.481
1692,1692,56.400,828.121,574.243,78.125,54.174,515,1,610,497,57.547,46.887,471.500,44.481
1693,1693,56.433,828.462,574.747,78.157,54.221,523,1,610,497,57.547,46.887,471.500,44.481
1694,1694,56.467,828.793,575.281,78.188,54.272,537,1,610,497,57.547,46.887,471.500,44.481
1695,1695,56.500,829.000,575.576,78.208,54.300,534,1,610,497,57.547,46.887,471.500,44.481
1696,1696,56.533,829.252,575.965,78.231,54.336,540,1,610,497,57.547,46.887,471.500,44.481
1697,1697,56.567,829.489,576.381,78.254,54.376,560,1,610,497,57.547,46.887,471.500,44.481
1698,1698,56.600,829.610,576.511,78.265,54.388,546,1,610,497,57.547,46.887,471.500,44.481
1699,1699,56.633,830.061,577.229,78.308,54.456,556,1,610,497,57.547,46.887,471.500,44.481
1700,1700,56.667,830.500,577.864,78.349,54.516,580,1,610,497,57.547,46.887,471.500,44.481
1701,1701,56.700,830.688,578.201,78.367,54.547,580,1,610,497,57.547,46.887,471.500,44.481
1702,1702,56.733,830.663,578.214,78.364,54.548,582,1,610,497,57.547,46.887,471.500,44.481
1703,1703,56.767,830.764,578.587,78.374,54.584,594,1,610,497,57.547,46.887,471.500,44.481
1704,1704,56.800,831.087,578.967,78.404,54.620,579,1,610,497,57.547,46.887,471.500,44.481
1705,1705,56.833,831.059,578.969,78.402,54.620,577,1,610,497,57.547,46.887,471.500,44.481
1706,1706,56.867,831.174,579.348,78.413,54.655,582,1,610,497,57.547,46.887,471.500,44.481
1707,1707,56.900,831.463,579.692,78.440,54.688,572,1,610,497,57.547,46.887,471.500,44.481
1708,1708,56.933,831.523,579.767,78.446,54.695,570,1,610,497,57.547,46.887,471.500,44.481
1709,1709,56.967,831.898,580.344,78.481,54.749,575,1,610,497,57.547,46.887,471.500,44.481
1710,1710,57.000,832.373,580.915,78.526,54.803,555,1,610,497,57.547,46.887,471.500,44.481
1711,1711,57.033,832.955,581.564,78.581,54.865,537,1,610,497,57.547,46.887,471.500,44.481
1712,1712,57.067,833.410,582.048,78.624,54.910,531,1,610,497,57.547,46.887,471.500,44.481
1713,1713,57.100,833.876,582.477,78.668,54.951,514,1,610,497,57.547,46.887,471.500,44.481
1714,1714,57.133,833.891,582.521,78.669,54.955,508,1,610,497,57.547,46.887,471.500,44.481
1715,1715,57.167,833.771,582.369,78.658,54.940,502,1,610,497,57.547,46.887,471.500,44.481
1716,1716,57.200,833.737,582.381,78.654,54.942,501,1,610,497,57.547,46.887,471.500,44.481
1717,1717,57.233,833.812,582.515,78.661,54.954,493,1,610,497,57.547,46.887,471.500,44.481
1718,1718,57.267,833.777,582.556,78.658,54.958,494,1,610,497,57.547,46.887,471.500,44.481
1719,1719,57.300,833.676,582.449,78.649,54.948,495,1,610,497,57.547,46.887,471.500,44.481
1720,1720,57.333,833.642,582.300,78.645,54.934,489,1,610,497,57.547,46.887,471.500,44.481
1721,1721,57.367,833.789,582.416,78.659,54.945,501,1,610,497,57.547,46.887,471.500,44.481
1722,1722,57.400,833.872,582.534,78.667,54.956,505,1,610,497,57.547,46.887,471.500,44.481
1723,1723,57.433,833.908,582.387,78.671,54.942,502,1,610,497,57.547,46.887,471.500,44.481
1724,1724,57.467,834.246,582.904,78.702,54.991,522,1,610,497,57.547,46.887,471.500,44.481
1725,1725,57.500,834.432,583.148,78.720,55.014,525,1,610,497,57.547,46.887,471.500,44.481
1726,1726,57.533,834.637,583.404,78.739,55.038,522,1,610,497,57.547,46.887,471.500,44.481
1727,1727,57.567,834.756,583.664,78.751,55.063,539,1,610,497,57.547,46.887,471.500,44.481
1728,1728,57.600,834.786,583.631,78.753,55.060,537,1,610,497,57.547,46.887,471.500,44.481
1729,1729,57.633,834.831,583.632,78.758,55.060,533,1,610,497,57.547,46.887,471.500,44.481
1730,1730,57.667,834.802,583.639,78.755,55.060,539,1,610,497,57.547,46.887,471.500,44.481
1731,1731,57.700,834.898,583.816,78.764,55.077,544,1,610,497,57.547,46.887,471.500,44.481
1732,1732,57.733,834.897,583.718,78.764,55.068,533,1,610,497,57.547,46.887,471.500,44.481
1733,1733,57.767,834.970,583.792,78.771,55.075,533,1,610,497,57.547,46.887,471.500,44.481
1734,1734,57.800,835.026,583.783,78.776,55.074,542,1,610,497,57.547,46.887,471.500,44.481
1735,1735,57.833,835.025,583.598,78.776,55.056,532,1,610,497,57.547,46.887,471.500,44.481
1736,1736,57.867,835.138,583.733,78.787,55.069,538,1,610,497,57.547,46.887,471.500,44.481
1737,1737,57.900,835.408,583.986,78.812,55.093,550,1,610,497,57.547,46.887,471.500,44.481
1738,1738,57.933,835.599,584.025,78.830,55.097,542,1,610,497,57.547,46.887,471.500,44.481
1739,1739,57.967,835.997,584.404,78.868,55.132,553,1,610,497,57.547,46.887,471.500,44.481
1740,1740,58.000,836.263,584.578,78.893,55.149,564,1,610,497,57.547,46.887,471.500,44.481
1741,1741,58.033,836.466,584.624,78.912,55.153,551,1,610,497,57.547,46.887,471.500,44.481
1742,1742,58.067,836.609,584.547,78.925,55.146,559,1,610,497,57.547,46.887,471.500,44.481
1743,1743,58.100,836.677,584.496,78.932,55.141,565,1,610,497,57.547,46.887,471.500,44.481
1744,1744,58.133,836.753,584.492,78.939,55.141,558,1,610,497,57.547,46.887,471.500,44.481
1745,1745,58.167,837.001,584.638,78.962,55.155,565,1,610,497,57.547,46.887,471.500,44.481
1746,1746,58.200,837.010,584.633,78.963,55.154,568,1,610,497,57.547,46.887,471.500,44.481
1747,1747,58.233,837.003,584.588,78.963,55.150,569,1,610,497,57.547,46.887,471.500,44.481
1748,1748,58.267,836.987,584.449,78.961,55.137,566,1,610,497,57.547,46.887,471.500,44.481
1749,1749,58.300,837.168,584.427,78.978,55.135,572,1,610,497,57.547,46.887,471.500,44.481
1750,1750,58.333,837.233,584.161,78.984,55.109,564,1,610,497,57.547,46.887,471.500,44.481
1751,1751,58.367,837.213,584.100,78.982,55.104,564,1,610,497,57.547,46.887,471.500,44.481
1752,1752,58.400,836.904,583.787,78.953,55.074,569,1,610,497,57.547,46.887,471.500,44.481
1753,1753,58.433,836.655,583.346,78.930,55.033,552,1,610,497,57.547,46.887,471.500,44.481
1754,1754,58.467,836.631,583.275,78.927,55.026,552,1,610,497,57.547,46.887,471.500,44.481
1755,1755,58.500,836.729,583.235,78.937,55.022,552,1,610,497,57.547,46.887,471.500,44.481
1756,1756,58.533,836.561,583.078,78.921,55.007,541,1,610,497,57.547,46.887,471.500,44.481
1757,1757,58.567,836.415,582.863,78.907,54.987,533,1,610,497,57.547,46.887,471.500,44.481
1758,1758,58.600,835.906,582.169,78.859,54.922,516,1,610,497,57.547,46.887,471.500,44.481
1759,1759,58.633,835.496,581.648,78.820,54.872,495,1,610,497,57.547,46.887,471.500,44.481
1760,1760,58.667,835.190,581.410,78.792,54.850,485,1,610,497,57.547,46.887,471.500,44.481
1761,1761,58.700,834.812,580.856,78.756,54.798,483,1,610,497,57.547,46.887,471.500,44.481
1762,1762,58.733,834.541,580.435,78.730,54.758,470,1,610,497,57.547,46.887,471.500,44.481
1763,1763,58.767,834.240,580.008,78.702,54.718,456,1,610,497,57.547,46.887,471.500,44.481
1764,1764,58.800,833.986,579.785,78.678,54.697,462,1,610,497,57.547,46.887,471.500,44.481
1765,1765,58.833,833.630,579.587,78.644,54.678,447,1,610,497,57.547,46.887,471.500,44.481
1766,1766,58.867,833.408,579.482,78.623,54.668,441,1,610,497,57.547,46.887,471.500,44.481
1767,1767,58.900,833.005,579.378,78.585,54.658,447,1,610,497,57.547,46.887,471.500,44.481
1768,1768,58.933,832.726,579.376,78.559,54.658,440,1,610,497,57.547,46.887,471.500,44.481
1769,1769,58.967,832.566,579.542,78.544,54.674,432,1,610,497,57.547,46.887,471.500,44.481
1770,1770,59.000,832.464,579.770,78.534,54.695,443,1,610,497,57.547,46.887,471.500,44.481
1771,1771,59.033,832.321,579.772,78.521,54.696,438,1,610,497,57.547,46.887,471.500,44.481
1772,1772,59.067,832.296,579.838,78.518,54.702,439,1,610,497,57.547,46.887,471.500,44.481
1773,1773,59.100,832.120,580.071,78.502,54.724,456,1,610,497,57.547,46.887,471.500,44.481
1774,1774,59.133,832.005,580.105,78.491,54.727,449,1,610,497,57.547,46.887,471.500,44.481
1775,1775,59.167,831.996,580.605,78.490,54.774,453,1,610,497,57.547,46.887,471.500,44.481
1776,1776,59.200,832.059,580.881,78.496,54.800,466,1,610,497,57.547,46.887,471.500,44.481
1777,1777,59.233,831.999,580.820,78.491,54.794,464,1,610,497,57.547,46.887,471.500,44.481
1778,1778,59.267,831.934,580.873,78.484,54.799,456,1,610,497,57.547,46.887,471.500,44.481
1779,1779,59.300,831.859,581.052,78.477,54.816,466,1,610,497,57.547,46.887,471.500,44.481
1780,1780,59.333,831.765,581.008,78.468,54.812,461,1,610,497,57.547,46.887,471.500,44.481
1781,1781,59.367,831.738,581.033,78.466,54.814,457,1,610,497,57.547,46.887,471.500,44.481
1782,1782,59.400,831.677,581.126,78.460,54.823,469,1,610,497,57.547,46.887,471.500,44.481
1783,1783,59.433,831.695,581.281,78.462,54.838,465,1,610,497,57.547,46.887,471.500,44.481
1784,1784,59.467,831.699,581.386,78.462,54.848,464,1,610,497,57.547,46.887,471.500,44.481
1785,1785,59.500,831.476,581.465,78.441,54.855,477,1,610,497,57.547,46.887,471.500,44.481
1786,1786,59.533,831.448,581.507,78.439,54.859,480,1,610,497,57.547,46.887,471.500,44.481
1787,1787,59.567,831.323,581.414,78.427,54.850,472,1,610,497,57.547,46.887,471.500,44.481
1788,1788,59.600,831.211,581.752,78.416,54.882,487,1,610,497,57.547,46.887,471.500,44.481
1789,1789,59.633,831.239,581.775,78.419,54.884,488,1,610,497,57.547,46.887,471.500,44.481
1790,1790,59.667,831.239,582.017,78.419,54.907,490,1,610,497,57.547,46.887,471.500,44.481
1791,1791,59.700,831.241,582.074,78.419,54.913,500,1,610,497,57.547,46.887,471.500,44.481
1792,1792,59.733,831.156,582.353,78.411,54.939,510,1,610,497,57.547,46.887,471.500,44.481
1793,1793,59.767,831.173,582.600,78.413,54.962,508,1,610,497,57.547,46.887,471.500,44.481
1794,1794,59.800,831.154,582.992,78.411,54.999,526,1,610,497,57.547,46.887,471.500,44.481
1795,1795,59.833,831.225,583.029,78.417,55.003,524,1,610,497,57.547,46.887,471.500,44.481
1796,1796,59.867,831.220,583.118,78.417,55.011,524,1,610,497,57.547,46.887,471.500,44.481
1797,1797,59.900,831.139,583.393,78.409,55.037,527,1,610,497,57.547,46.887,471.500,44.481
1798,1798,59.933,831.061,583.415,78.402,55.039,529,1,610,497,57.547,46.887,471.500,44.481
1799,1799,59.967,831.018,583.446,78.398,55.042,528,1,610,497,57.547,46.887,471.500,44.481
1800,1800,60.000,831.002,583.610,78.396,55.058,535,1,610,497,57.547,46.887,471.500,44.481
1801,1801,60.033,830.864,583.053,78.383,55.005,530,1,610,497,57.547,46.887,471.500,44.481
1802,1802,60.067,830.985,582.922,78.395,54.993,514,1,610,497,57.547,46.887,471.500,44.481
1803,1803,60.100,830.983,583.208,78.395,55.020,521,1,610,497,57.547,46.887,471.500,44.481
1804,1804,60.133,830.981,583.281,78.394,55.026,524,1,610,497,57.547,46.887,471.500,44.481
1805,1805,60.167,831.058,583.354,78.402,55.033,520,1,610,497,57.547,46.887,471.500,44.481
1806,1806,60.200,831.012,583.594,78.397,55.056,530,1,610,497,57.547,46.887,471.500,44.481
1807,1807,60.233,830.991,583.399,78.395,55.038,537,1,610,497,57.547,46.887,471.500,44.481
1808,1808,60.267,831.024,583.411,78.399,55.039,534,1,610,497,57.547,46.887,471.500,44.481
1809,1809,60.300,831.010,583.604,78.397,55.057,540,1,610,497,57.547,46.887,471.500,44.481
1810,1810,60.333,830.949,583.482,78.391,55.046,543,1,610,497,57.547,46.887,471.500,44.481
1811,1811,60.367,830.835,583.446,78.381,55.042,533,1,610,497,57.547,46.887,471.500,44.481
1812,1812,60.400,830.819,583.576,78.379,55.054,537,1,610,497,57.547,46.887,471.500,44.481
1813,1813,60.433,830.703,583.539,78.368,55.051,542,1,610,497,57.547,46.887,471.500,44.481
1814,1814,60.467,830.752,583.114,78.373,55.011,526,1,610,497,57.547,46.887,471.500,44.481
1815,1815,60.500,830.766,582.873,78.374,54.988,515,1,610,497,57.547,46.887,471.500,44.481
1816,1816,60.533,830.680,582.546,78.366,54.957,503,1,610,497,57.547,46.887,471.500,44.481
1817,1817,60.567,830.595,582.072,78.358,54.912,475,1,610,497,57.547,46.887,471.500,44.481
1818,1818,60.600,830.669,581.658,78.365,54.873,468,1,610,497,57.547,46.887,471.500,44.481
1819,1819,60.633,830.607,581.125,78.359,54.823,457,1,610,497,57.547,46.887,471.500,44.481
1820,1820,60.667,830.567,580.606,78.355,54.774,440,1,610,497,57.547,46.887,471.500,44.481
1821,1821,60.700,830.729,580.137,78.371,54.730,437,1,610,497,57.547,46.887,471.500,44.481
1822,1822,60.733,830.948,580.075,78.391,54.724,447,1,610,497,57.547,46.887,471.500,44.481
1823,1823,60.767,831.069,579.325,78.403,54.653,423,1,610,497,57.547,46.887,471.500,44.481
1824,1824,60.800,831.381,579.338,78.432,54.655,433,1,610,497,57.547,46.887,471.500,44.481
1825,1825,60.833,831.480,579.036,78.442,54.626,444,1,610,497,57.547,46.887,471.500,44.481
1826,1826,60.867,831.578,578.684,78.451,54.593,428,1,610,497,57.547,46.887,471.500,44.481
1827,1827,60.900,831.644,578.458,78.457,54.571,426,1,610,497,57.547,46.887,471.500,44.481
1828,1828,60.933,831.805,578.299,78.472,54.557,436,1,610,497,57.547,46.887,471.500,44.481
1829,1829,60.967,831.927,578.194,78.484,54.547,431,1,610,497,57.547,46.887,471.500,44.481
1830,1830,61.000,832.040,578.168,78.494,54.544,431,1,610,497,57.547,46.887,471.500,44.481
1831,1831,61.033,832.140,578.226,78.504,54.550,439,1,610,497,57.547,46.887,471.500,44.481
1832,1832,61.067,832.302,578.293,78.519,54.556,434,1,610,497,57.547,46.887,471.500,44.481
1833,1833,61.100,832.264,578.394,78.516,54.566,443,1,610,497,57.547,46.887,471.500,44.481
1834,1834,61.133,832.554,578.809,78.543,54.605,451,1,610,497,57.547,46.887,471.500,44.481
1835,1835,61.167,832.551,578.826,78.543,54.606,443,1,610,497,57.547,46.887,471.500,44.481
1836,1836,61.200,832.545,578.987,78.542,54.621,449,1,610,497,57.547,46.887,471.500,44.481
1837,1837,61.233,832.335,579.063,78.522,54.629,459,1,610,497,57.547,46.887,471.500,44.481
1838,1838,61.267,832.201,578.941,78.510,54.617,459,1,610,497,57.547,46.887,471.500,44.481
1839,1839,61.300,832.121,578.876,78.502,54.611,459,1,610,497,57.547,46.887,471.500,44.481
1840,1840,61.333,831.870,578.818,78.478,54.605,468,1,610,497,57.547,46.887,471.500,44.481
1841,1841,61.367,831.641,578.618,78.457,54.587,459,1,610,497,57.547,46.887,471.500,44.481
1842,1842,61.400,831.573,578.691,78.450,54.593,451,1,610,497,57.547,46.887,471.500,44.481
1843,1843,61.433,831.507,578.627,78.444,54.587,460,1,610,497,57.547,46.887,471.500,44.481
1844,1844,61.467,831.466,578.573,78.440,54.582,460,1,610,497,57.547,46.887,471.500,44.481
1845,1845,61.500,831.368,578.513,78.431,54.577,462,1,610,497,57.547,46.887,471.500,44.481
1846,1846,61.533,831.263,578.456,78.421,54.571,472,1,610,497,57.547,46.887,471.500,44.481
1847,1847,61.567,831.193,578.379,78.414,54.564,470,1,610,497,57.547,46.887,471.500,44.481
1848,1848,61.600,830.991,578.114,78.395,54.539,463,1,610,497,57.547,46.887,471.500,44.481
1849,1849,61.633,830.300,577.428,78.330,54.474,457,1,610,497,57.547,46.887,471.500,44.481
1850,1850,61.667,829.475,576.428,78.252,54.380,456,1,610,497,57.547,46.887,471.500,44.481
1851,1851,61.700,829.003,575.721,78.208,54.313,463,1,610,497,57.547,46.887,471.500,44.481
1852,1852,61.733,828.591,574.947,78.169,54.240,470,1,610,497,57.547,46.887,471.500,44.481
1853,1853,61.767,828.115,574.099,78.124,54.160,452,1,610,497,57.547,46.887,471.500,44.481
1854,1854,61.800,827.573,573.500,78.073,54.104,446,1,610,497,57.547,46.887,471.500,44.481
1855,1855,61.833,827.131,573.050,78.031,54.061,452,1,610,497,57.547,46.887,471.500,44.481
1856,1856,61.867,826.718,572.495,77.992,54.009,449,1,610,497,57.547,46.887,471.500,44.481
1857,1857,61.900,826.389,572.047,77.961,53.967,432,1,610,497,57.547,46.887,471.500,44.481
1858,1858,61.933,826.270,571.816,77.950,53.945,444,1,610,497,57.547,46.887,471.500,44.481
1859,1859,61.967,826.176,571.421,77.941,53.908,446,1,610,497,57.547,46.887,471.500,44.481
1860,1860,62.000,826.356,571.351,77.958,53.901,436,1,610,497,57.547,46.887,471.500,44.481
1861,1861,62.033,826.535,571.231,77.975,53.890,458,1,610,497,57.547,46.887,471.500,44.481
1862,1862,62.067,826.722,571.162,77.993,53.883,456,1,610,497,57.547,46.887,471.500,44.481
1863,1863,62.100,826.729,571.038,77.993,53.872,450,1,610,497,57.547,46.887,471.500,44.481
1864,1864,62.133,826.840,571.048,78.004,53.872,454,1,610,497,57.547,46.887,471.500,44.481
1865,1865,62.167,826.814,570.987,78.001,53.867,454,1,610,497,57.547,46.887,471.500,44.481
1866,1866,62.200,826.798,570.894,78.000,53.858,454,1,610,497,57.547,46.887,471.500,44.481
1867,1867,62.233,826.839,570.733,78.004,53.843,456,1,610,497,57.547,46.887,471.500,44.481
1868,1868,62.267,826.672,570.478,77.988,53.819,467,1,610,497,57.547,46.887,471.500,44.481
1869,1869,62.300,826.654,570.231,77.986,53.795,449,1,610,497,57.547,46.887,471.500,44.481
1870,1870,62.333,826.745,570.118,77.995,53.785,457,1,610,497,57.547,46.887,471.500,44.481
1871,1871,62.367,826.710,569.943,77.992,53.768,458,1,610,497,57.547,46.887,471.500,44.481
1872,1872,62.400,826.794,569.848,77.999,53.759,455,1,610,497,57.547,46.887,471.500,44.481
1873,1873,62.433,826.895,569.646,78.009,53.740,462,1,610,497,57.547,46.887,471.500,44.481
1874,1874,62.467,827.054,569.559,78.024,53.732,470,1,610,497,57.547,46.887,471.500,44.481
1875,1875,62.500,827.150,569.432,78.033,53.720,464,1,610,497,57.547,46.887,471.500,44.481
1876,1876,62.533,827.196,569.317,78.037,53.709,474,1,610,497,57.547,46.887,471.500,44.481
1877,1877,62.567,826.934,569.109,78.013,53.690,475,1,610,497,57.547,46.887,471.500,44.481
1878,1878,62.600,826.723,568.838,77.993,53.664,457,1,610,497,57.547,46.887,471.500,44.481
1879,1879,62.633,826.597,568.681,77.981,53.649,453,1,610,497,57.547,46.887,471.500,44.481
1880,1880,62.667,826.641,568.217,77.985,53.605,456,1,610,497,57.547,46.887,471.500,44.481
1881,1881,62.700,826.518,568.108,77.973,53.595,444,1,610,497,57.547,46.887,471.500,44.481
1882,1882,62.733,826.471,568.011,77.969,53.586,448,1,610,497,57.547,46.887,471.500,44.481
1883,1883,62.767,826.522,567.591,77.974,53.546,451,1,610,497,57.547,46.887,471.500,44.481
1884,1884,62.800,826.503,567.652,77.972,53.552,444,1,610,497,57.547,46.887,471.500,44.481
1885,1885,62.833,826.793,567.455,77.999,53.533,459,1,610,497,57.547,46.887,471.500,44.481
1886,1886,62.867,827.072,567.123,78.026,53.502,476,1,610,497,57.547,46.887,471.500,44.481
1887,1887,62.900,827.194,566.956,78.037,53.486,480,1,610,497,57.547,46.887,471.500,44.481
1888,1888,62.933,827.300,566.753,78.047,53.467,482,1,610,497,57.547,46.887,471.500,44.481
1889,1889,62.967,827.270,566.714,78.044,53.464,485,1,610,497,57.547,46.887,471.500,44.481
1890,1890,63.000,827.351,566.651,78.052,53.458,483,1,610,497,57.547,46.887,471.500,44.481
1891,1891,63.033,827.382,566.436,78.055,53.437,475,1,610,497,57.547,46.887,471.500,44.481
1892,1892,63.067,827.244,566.051,78.042,53.401,486,1,610,497,57.547,46.887,471.500,44.481
1893,1893,63.100,827.237,565.788,78.041,53.376,469,1,610,497,57.547,46.887,471.500,44.481
1894,1894,63.133,827.155,565.758,78.033,53.373,466,1,610,497,57.547,46.887,471.500,44.481
1895,1895,63.167,827.058,565.354,78.024,53.335,463,1,610,497,57.547,46.887,471.500,44.481
1896,1896,63.200,826.965,565.311,78.016,53.331,449,1,610,497,57.547,46.887,471.500,44.481
1897,1897,63.233,826.982,565.155,78.017,53.317,450,1,610,497,57.547,46.887,471.500,44.481
1898,1898,63.267,826.968,565.058,78.016,53.307,458,1,610,497,57.547,46.887,471.500,44.481
1899,1899,63.300,827.080,564.887,78.026,53.291,458,1,610,497,57.547,46.887,471.500,44.481
1900,1900,63.333,827.151,564.616,78.033,53.266,465,1,610,497,57.547,46.887,471.500,44.481
1901,1901,63.367,827.381,564.407,78.055,53.246,483,1,610,497,57.547,46.887,471.500,44.481
1902,1902,63.400,827.575,564.254,78.073,53.232,489,1,610,497,57.547,46.887,471.500,44.481
1903,1903,63.433,827.759,564.161,78.090,53.223,490,1,610,497,57.547,46.887,471.500,44.481
1904,1904,63.467,827.794,564.053,78.094,53.213,494,1,610,497,57.547,46.887,471.500,44.481
1905,1905,63.500,827.743,564.129,78.089,53.220,494,1,610,497,57.547,46.887,471.500,44.481
1906,1906,63.533,827.787,564.173,78.093,53.224,492,1,610,497,57.547,46.887,471.500,44.481
1907,1907,63.567,827.835,564.004,78.098,53.208,506,1,610,497,57.547,46.887,471.500,44.481
1908,1908,63.600,827.958,563.978,78.109,53.206,494,1,610,497,57.547,46.887,471.500,44.481
1909,1909,63.633,828.063,563.980,78.119,53.206,487,1,610,497,57.547,46.887,471.500,44.481
1910,1910,63.667,828.247,563.913,78.137,53.199,481,1,610,497,57.547,46.887,471.500,44.481
1911,1911,63.700,828.351,563.791,78.146,53.188,476,1,610,497,57.547,46.887,471.500,44.481
1912,1912,63.733,828.269,563.816,78.139,53.190,455,1,610,497,57.547,46.887,471.500,44.481
1913,1913,63.767,828.306,563.602,78.142,53.170,466,1,610,497,57.547,46.887,471.500,44.481
1914,1914,63.800,828.575,563.380,78.167,53.149,459,1,610,497,57.547,46.887,471.500,44.481
1915,1915,63.833,828.612,563.272,78.171,53.139,453,1,610,497,57.547,46.887,471.500,44.481
1916,1916,63.867,828.591,563.180,78.169,53.130,468,1,610,497,57.547,46.887,471.500,44.481
1917,1917,63.900,828.502,563.176,78.161,53.130,451,1,610,497,57.547,46.887,471.500,44.481
1918,1918,63.933,828.508,563.106,78.161,53.123,439,1,610,497,57.547,46.887,471.500,44.481
1919,1919,63.967,828.495,562.780,78.160,53.092,442,1,610,497,57.547,46.887,471.500,44.481
1920,1920,64.000,828.450,562.521,78.156,53.068,438,1,610,497,57.547,46.887,471.500,44.481
1921,1921,64.033,828.628,562.089,78.172,53.027,438,1,610,497,57.547,46.887,471.500,44.481
1922,1922,64.067,828.592,561.907,78.169,53.010,448,1,610,497,57.547,46.887,471.500,44.481
1923,1923,64.100,828.706,561.645,78.180,52.985,455,1,610,497,57.547,46.887,471.500,44.481
1924,1924,64.133,828.572,561.763,78.167,52.996,450,1,610,497,57.547,46.887,471.500,44.481
1925,1925,64.167,828.669,561.564,78.176,52.978,459,1,610,497,57.547,46.887,471.500,44.481
1926,1926,64.200,829.054,561.217,78.213,52.945,465,1,610,497,57.547,46.887,471.500,44.481
1927,1927,64.233,829.294,561.021,78.235,52.927,465,1,610,497,57.547,46.887,471.500,44.481
1928,1928,64.267,829.653,560.564,78.269,52.883,476,1,610,497,57.547,46.887,471.500,44.481
1929,1929,64.300,830.035,559.953,78.305,52.826,482,1,610,497,57.547,46.887,471.500,44.481
1930,1930,64.333,830.222,559.777,78.323,52.809,468,1,610,497,57.547,46.887,471.500,44.481
1931,1931,64.367,830.443,559.284,78.344,52.763,485,1,610,497,57.547,46.887,471.500,44.481
1932,1932,64.400,830.904,558.751,78.387,52.712,488,1,610,497,57.547,46.887,471.500,44.481
1933,1933,64.433,831.132,558.545,78.409,52.693,475,1,610,497,57.547,46.887,471.500,44.481
1934,1934,64.467,831.150,558.581,78.410,52.696,475,1,610,497,57.547,46.887,471.500,44.481
1935,1935,64.500,831.493,558.083,78.443,52.649,479,1,610,497,57.547,46.887,471.500,44.481
1936,1936,64.533,831.680,557.929,78.460,52.635,464,1,610,497,57.547,46.887,471.500,44.481
1937,1937,64.567,831.682,557.694,78.461,52.613,469,1,610,497,57.547,46.887,471.500,44.481
1938,1938,64.600,831.866,557.629,78.478,52.606,473,1,610,497,57.547,46.887,471.500,44.481
1939,1939,64.633,832.178,557.490,78.507,52.593,458,1,610,497,57.547,46.887,471.500,44.481
1940,1940,64.667,832.258,557.686,78.515,52.612,458,1,610,497,57.547,46.887,471.500,44.481
1941,1941,64.700,832.295,557.685,78.518,52.612,458,1,610,497,57.547,46.887,471.500,44.481
1942,1942,64.733,832.452,557.811,78.533,52.624,447,1,610,497,57.547,46.887,471.500,44.481
1943,1943,64.767,832.394,557.919,78.528,52.634,450,1,610,497,57.547,46.887,471.500,44.481
1944,1944,64.800,832.439,557.732,78.532,52.616,456,1,610,497,57.547,46.887,471.500,44.481
1945,1945,64.833,832.423,557.863,78.531,52.629,446,1,610,497,57.547,46.887,471.500,44.481
1946,1946,64.867,832.477,557.881,78.536,52.630,450,1,610,497,57.547,46.887,471.500,44.481
1947,1947,64.900,832.701,557.565,78.557,52.600,461,1,610,497,57.547,46.887,471.500,44.481
1948,1948,64.933,832.907,557.245,78.576,52.570,457,1,610,497,57.547,46.887,471.500,44.481
1949,1949,64.967,833.129,556.824,78.597,52.531,472,1,610,497,57.547,46.887,471.500,44.481
1950,1950,65.000,833.675,555.863,78.649,52.440,501,1,610,497,57.547,46.887,471.500,44.481
1951,1951,65.033,833.871,555.538,78.667,52.409,489,1,610,497,57.547,46.887,471.500,44.481
1952,1952,65.067,834.435,554.522,78.720,52.313,497,1,610,497,57.547,46.887,471.500,44.481
1953,1953,65.100,834.824,553.777,78.757,52.243,517,1,610,497,57.547,46.887,471.500,44.481
1954,1954,65.133,835.278,553.215,78.800,52.190,497,1,610,497,57.547,46.887,471.500,44.481
1955,1955,65.167,835.818,552.594,78.851,52.132,487,1,610,497,57.547,46.887,471.500,44.481
1956,1956,65.200,836.568,551.559,78.921,52.034,489,1,610,497,57.547,46.887,471.500,44.481
1957,1957,65.233,837.005,550.960,78.963,51.977,479,1,610,497,57.547,46.887,471.500,44.481
1958,1958,65.267,837.685,550.123,79.027,51.898,473,1,610,497,57.547,46.887,471.500,44.481
1959,1959,65.300,838.022,549.679,79.059,51.857,478,1,610,497,57.547,46.887,471.500,44.481
1960,1960,65.333,838.147,549.586,79.070,51.848,476,1,610,497,57.547,46.887,471.500,44.481
1961,1961,65.367,838.261,549.714,79.081,51.860,470,1,610,497,57.547,46.887,471.500,44.481
1962,1962,65.400,838.345,549.686,79.089,51.857,478,1,610,497,57.547,46.887,471.500,44.481
1963,1963,65.433,838.474,549.492,79.101,51.839,461,1,610,497,57.547,46.887,471.500,44.481
1964,1964,65.467,838.456,549.585,79.100,51.848,463,1,610,497,57.547,46.887,471.500,44.481
1965,1965,65.500,838.442,549.669,79.098,51.856,465,1,610,497,57.547,46.887,471.500,44.481
1966,1966,65.533,838.464,549.694,79.100,51.858,457,1,610,497,57.547,46.887,471.500,44.481
1967,1967,65.567,838.490,549.537,79.103,51.843,455,1,610,497,57.547,46.887,471.500,44.481
1968,1968,65.600,838.593,549.295,79.113,51.820,466,1,610,497,57.547,46.887,471.500,44.481
1969,1969,65.633,838.697,548.966,79.122,51.789,468,1,610,497,57.547,46.887,471.500,44.481
1970,1970,65.667,838.993,548.575,79.150,51.752,472,1,610,497,57.547,46.887,471.500,44.481
1971,1971,65.700,839.324,548.035,79.182,51.701,491,1,610,497,57.547,46.887,471.500,44.481
1972,1972,65.733,839.462,547.805,79.194,51.680,496,1,610,497,57.547,46.887,471.500,44.481
1973,1973,65.767,839.625,547.642,79.210,51.664,491,1,610,497,57.547,46.887,471.500,44.481
1974,1974,65.800,839.777,547.374,79.224,51.639,506,1,610,497,57.547,46.887,471.500,44.481
1975,1975,65.833,839.969,547.036,79.242,51.607,510,1,610,497,57.547,46.887,471.500,44.481
1976,1976,65.867,840.123,546.829,79.257,51.588,501,1,610,497,57.547,46.887,471.500,44.481
1977,1977,65.900,840.585,546.156,79.300,51.524,527,1,610,497,57.547,46.887,471.500,44.481
1978,1978,65.933,840.762,545.898,79.317,51.500,524,1,610,497,57.547,46.887,471.500,44.481
1979,1979,65.967,840.761,545.800,79.317,51.491,518,1,610,497,57.547,46.887,471.500,44.481
1980,1980,66.000,841.013,545.338,79.341,51.447,534,1,610,497,57.547,46.887,471.500,44.481
1981,1981,66.033,841.705,544.199,79.406,51.339,533,1,610,497,57.547,46.887,471.500,44.481
1982,1982,66.067,841.782,544.021,79.413,51.323,527,1,610,497,57.547,46.887,471.500,44.481
1983,1983,66.100,841.986,543.521,79.433,51.276,543,1,610,497,57.547,46.887,471.500,44.481
1984,1984,66.133,842.256,543.113,79.458,51.237,541,1,610,497,57.547,46.887,471.500,44.481
1985,1985,66.167,842.687,542.552,79.499,51.184,524,1,610,497,57.547,46.887,471.500,44.481
1986,1986,66.200,842.915,542.227,79.520,51.154,523,1,610,497,57.547,46.887,471.500,44.481
1987,1987,66.233,843.238,541.747,79.551,51.108,506,1,610,497,57.547,46.887,471.500,44.481
1988,1988,66.267,843.600,541.306,79.585,51.067,479,1,610,497,57.547,46.887,471.500,44.481
1989,1989,66.300,843.595,541.218,79.584,51.058,479,1,610,497,57.547,46.887,471.500,44.481
1990,1990,66.333,843.573,541.160,79.582,51.053,477,1,610,497,57.547,46.887,471.500,44.481
1991,1991,66.367,843.851,540.857,79.609,51.024,465,1,610,497,57.547,46.887,471.500,44.481
1992,1992,66.400,843.776,540.957,79.602,51.034,468,1,610,497,57.547,46.887,471.500,44.481
1993,1993,66.433,843.861,540.883,79.610,51.027,462,1,610,497,57.547,46.887,471.500,44.481
1994,1994,66.467,843.909,540.874,79.614,51.026,447,1,610,497,57.547,46.887,471.500,44.481
1995,1995,66.500,843.935,540.810,79.617,51.020,458,1,610,497,57.547,46.887,471.500,44.481
1996,1996,66.533,843.961,540.708,79.619,51.010,460,1,610,497,57.547,46.887,471.500,44.481
1997,1997,66.567,843.928,540.700,79.616,51.009,455,1,610,497,57.547,46.887,471.500,44.481
1998,1998,66.600,843.965,540.497,79.619,50.990,470,1,610,497,57.547,46.887,471.500,44.481
1999,1999,66.633,844.195,540.126,79.641,50.955,482,1,610,497,57.547,46.887,471.500,44.481
2000,2000,66.667,844.330,539.906,79.654,50.935,476,1,610,497,57.547,46.887,471.500,44.481
2001,2001,66.700,844.685,539.211,79.687,50.869,499,1,610,497,57.547,46.887,471.500,44.481
2002,2002,66.733,844.950,538.767,79.712,50.827,504,1,610,497,57.547,46.887,471.500,44.481
2003,2003,66.767,845.229,538.334,79.739,50.786,498,1,610,497,57.547,46.887,471.500,44.481
2004,2004,66.800,845.621,537.690,79.776,50.725,514,1,610,497,57.547,46.887,471.500,44.481
2005,2005,66.833,845.926,537.055,79.804,50.666,529,1,610,497,57.547,46.887,471.500,44.481
2006,2006,66.867,846.152,536.660,79.826,50.628,513,1,610,497,57.547,46.887,471.500,44.481
2007,2007,66.900,846.500,536.143,79.858,50.579,527,1,610,497,57.547,46.887,471.500,44.481
2008,2008,66.933,846.774,535.615,79.884,50.530,545,1,610,497,57.547,46.887,471.500,44.481
2009,2009,66.967,847.020,535.200,79.908,50.491,527,1,610,497,57.547,46.887,471.500,44.481
2010,2010,67.000,847.257,534.752,79.930,50.448,531,1,610,497,57.547,46.887,471.500,44.481
2011,2011,67.033,847.554,534.260,79.958,50.402,531,1,610,497,57.547,46.887,471.500,44.481
2012,2012,67.067,847.870,533.793,79.988,50.358,504,1,610,497,57.547,46.887,471.500,44.481
2013,2013,67.100,848.213,533.136,80.020,50.296,486,1,610,497,57.547,46.887,471.500,44.481
2014,2014,67.133,848.524,532.710,80.049,50.256,489,1,610,497,57.547,46.887,471.500,44.481
2015,2015,67.167,848.727,532.287,80.069,50.216,473,1,610,497,57.547,46.887,471.500,44.481
2016,2016,67.200,848.832,532.220,80.078,50.209,479,1,610,497,57.547,46.887,471.500,44.481
2017,2017,67.233,848.988,532.008,80.093,50.189,477,1,610,497,57.547,46.887,471.500,44.481
2018,2018,67.267,849.030,532.102,80.097,50.198,466,1,610,497,57.547,46.887,471.500,44.481
2019,2019,67.300,848.991,532.257,80.093,50.213,463,1,610,497,57.547,46.887,471.500,44.481
2020,2020,67.333,849.067,532.133,80.101,50.201,474,1,610,497,57.547,46.887,471.500,44.481
2021,2021,67.367,848.918,532.512,80.087,50.237,464,1,610,497,57.547,46.887,471.500,44.481
2022,2022,67.400,848.820,532.695,80.077,50.254,462,1,610,497,57.547,46.887,471.500,44.481
2023,2023,67.433,848.989,532.432,80.093,50.229,474,1,610,497,57.547,46.887,471.500,44.481
2024,2024,67.467,849.081,532.437,80.102,50.230,473,1,610,497,57.547,46.887,471.500,44.481
2025,2025,67.500,849.073,532.502,80.101,50.236,472,1,610,497,57.547,46.887,471.500,44.481
2026,2026,67.533,849.361,532.085,80.128,50.197,483,1,610,497,57.547,46.887,471.500,44.481
2027,2027,67.567,849.441,532.037,80.136,50.192,482,1,610,497,57.547,46.887,471.500,44.481
2028,2028,67.600,849.327,532.217,80.125,50.209,474,1,610,497,57.547,46.887,471.500,44.481
2029,2029,67.633,849.392,532.062,80.131,50.195,484,1,610,497,57.547,46.887,471.500,44.481
2030,2030,67.667,849.630,531.748,80.154,50.165,488,1,610,497,57.547,46.887,471.500,44.481
2031,2031,67.700,849.658,531.754,80.156,50.165,488,1,610,497,57.547,46.887,471.500,44.481
2032,2032,67.733,849.909,531.369,80.180,50.129,504,1,610,497,57.547,46.887,471.500,44.481
2033,2033,67.767,850.085,531.125,80.197,50.106,500,1,610,497,57.547,46.887,471.500,44.481
2034,2034,67.800,850.131,531.173,80.201,50.111,497,1,610,497,57.547,46.887,471.500,44.481
2035,2035,67.833,850.328,530.871,80.220,50.082,513,1,610,497,57.547,46.887,471.500,44.481
2036,2036,67.867,850.545,530.579,80.240,50.055,514,1,610,497,57.547,46.887,471.500,44.481
2037,2037,67.900,850.535,530.602,80.239,50.057,509,1,610,497,57.547,46.887,471.500,44.481
2038,2038,67.933,850.621,530.449,80.247,50.042,511,1,610,497,57.547,46.887,471.500,44.481
2039,2039,67.967,850.677,530.346,80.253,50.033,515,1,610,497,57.547,46.887,471.500,44.481
2040,2040,68.000,850.773,530.198,80.262,50.019,508,1,610,497,57.547,46.887,471.500,44.481
2041,2041,68.033,850.826,530.352,80.267,50.033,521,1,610,497,57.547,46.887,471.500,44.481
2042,2042,68.067,850.939,530.094,80.277,50.009,517,1,610,497,57.547,46.887,471.500,44.481
2043,2043,68.100,850.752,530.239,80.260,50.023,508,1,610,497,57.547,46.887,471.500,44.481
2044,2044,68.133,850.641,530.268,80.249,50.025,508,1,610,497,57.547,46.887,471.500,44.481
2045,2045,68.167,850.568,530.326,80.242,50.031,508,1,610,497,57.547,46.887,471.500,44.481
2046,2046,68.200,850.405,530.576,80.227,50.054,501,1,610,497,57.547,46.887,471.500,44.481
2047,2047,68.233,850.405,530.576,80.227,50.054,501,1,610,497,57.547,46.887,471.500,44.481
2048,2048,68.267,850.307,530.791,80.218,50.075,495,1,610,497,57.547,46.887,471.500,44.481
2049,2049,68.300,850.045,531.287,80.193,50.121,478,1,610,497,57.547,46.887,471.500,44.481
2050,2050,68.333,850.018,531.304,80.190,50.123,482,1,610,497,57.547,46.887,471.500,44.481
2051,2051,68.367,850.112,531.143,80.199,50.108,487,1,610,497,57.547,46.887,471.500,44.481
2052,2052,68.400,849.912,531.381,80.180,50.130,479,1,610,497,57.547,46.887,471.500,44.481
2053,2053,68.433,850.108,531.021,80.199,50.096,488,1,610,497,57.547,46.887,471.500,44.481
2054,2054,68.467,850.162,530.972,80.204,50.092,490,1,610,497,57.547,46.887,471.500,44.481
2055,2055,68.500,850.193,531.022,80.207,50.096,486,1,610,497,57.547,46.887,471.500,44.481
2056,2056,68.533,850.231,530.938,80.210,50.089,495,1,610,497,57.547,46.887,471.500,44.481
2057,2057,68.567,850.412,530.702,80.228,50.066,501,1,610,497,57.547,46.887,471.500,44.481
2058,2058,68.600,850.576,530.503,80.243,50.047,501,1,610,497,57.547,46.887,471.500,44.481
2059,2059,68.633,850.848,530.340,80.269,50.032,511,1,610,497,57.547,46.887,471.500,44.481
2060,2060,68.667,851.000,530.198,80.283,50.019,517,1,610,497,57.547,46.887,471.500,44.481
2061,2061,68.700,851.101,530.136,80.293,50.013,504,1,610,497,57.547,46.887,471.500,44.481
2062,2062,68.733,851.526,529.711,80.333,49.973,517,1,610,497,57.547,46.887,471.500,44.481
2063,2063,68.767,851.811,529.402,80.360,49.944,528,1,610,497,57.547,46.887,471.500,44.481
2064,2064,68.800,852.392,528.613,80.414,49.869,521,1,610,497,57.547,46.887,471.500,44.481
2065,2065,68.833,852.943,528.187,80.466,49.829,528,1,610,497,57.547,46.887,471.500,44.481
2066,2066,68.867,853.284,527.844,80.498,49.797,526,1,610,497,57.547,46.887,471.500,44.481
2067,2067,68.900,853.839,527.141,80.551,49.730,503,1,610,497,57.547,46.887,471.500,44.481
2068,2068,68.933,854.257,526.668,80.590,49.686,490,1,610,497,57.547,46.887,471.500,44.481
2069,2069,68.967,854.728,526.282,80.635,49.649,480,1,610,497,57.547,46.887,471.500,44.481
2070,2070,69.000,855.078,526.048,80.668,49.627,457,1,610,497,57.547,46.887,471.500,44.481
2071,2071,69.033,855.192,525.970,80.678,49.620,462,1,610,497,57.547,46.887,471.500,44.481
2072,2072,69.067,855.163,525.889,80.676,49.612,461,1,610,497,57.547,46.887,471.500,44.481
2073,2073,69.100,855.060,525.849,80.666,49.608,449,1,610,497,57.547,46.887,471.500,44.481
2074,2074,69.133,854.978,525.755,80.658,49.600,459,1,610,497,57.547,46.887,471.500,44.481
2075,2075,69.167,855.068,525.666,80.667,49.591,464,1,610,497,57.547,46.887,471.500,44.481
2076,2076,69.200,854.942,525.884,80.655,49.612,449,1,610,497,57.547,46.887,471.500,44.481
2077,2077,69.233,855.182,525.923,80.678,49.615,452,1,610,497,57.547,46.887,471.500,44.481
2078,2078,69.267,855.569,525.812,80.714,49.605,464,1,610,497,57.547,46.887,471.500,44.481
2079,2079,69.300,855.894,525.678,80.745,49.592,467,1,610,497,57.547,46.887,471.500,44.481
2080,2080,69.333,856.450,525.280,80.797,49.555,467,1,610,497,57.547,46.887,471.500,44.481
2081,2081,69.367,857.150,524.899,80.863,49.519,496,1,610,497,57.547,46.887,471.500,44.481
2082,2082,69.400,857.843,524.420,80.929,49.474,489,1,610,497,57.547,46.887,471.500,44.481
2083,2083,69.433,858.297,524.092,80.971,49.443,489,1,610,497,57.547,46.887,471.500,44.481
2084,2084,69.467,858.982,523.605,81.036,49.397,504,1,610,497,57.547,46.887,471.500,44.481
2085,2085,69.500,859.646,523.143,81.099,49.353,502,1,610,497,57.547,46.887,471.500,44.481
2086,2086,69.533,860.820,522.366,81.209,49.280,510,1,610,497,57.547,46.887,471.500,44.481
2087,2087,69.567,861.704,521.787,81.293,49.225,518,1,610,497,57.547,46.887,471.500,44.481
2088,2088,69.600,862.918,520.997,81.407,49.151,507,1,610,497,57.547,46.887,471.500,44.481
2089,2089,69.633,863.385,520.681,81.451,49.121,487,1,610,497,57.547,46.887,471.500,44.481
2090,2090,69.667,863.796,520.362,81.490,49.091,489,1,610,497,57.547,46.887,471.500,44.481
2091,2091,69.700,863.981,520.097,81.508,49.066,478,1,610,497,57.547,46.887,471.500,44.481
2092,2092,69.733,864.146,520.006,81.523,49.057,470,1,610,497,57.547,46.887,471.500,44.481
2093,2093,69.767,863.993,519.881,81.509,49.045,469,1,610,497,57.547,46.887,471.500,44.481
2094,2094,69.800,863.955,519.798,81.505,49.038,461,1,610,497,57.547,46.887,471.500,44.481
2095,2095,69.833,863.812,519.733,81.492,49.031,451,1,610,497,57.547,46.887,471.500,44.481
2096,2096,69.867,863.608,519.742,81.472,49.032,467,1,610,497,57.547,46.887,471.500,44.481
2097,2097,69.900,863.695,519.662,81.481,49.025,458,1,610,497,57.547,46.887,471.500,44.481
2098,2098,69.933,863.712,519.734,81.482,49.032,456,1,610,497,57.547,46.887,471.500,44.481
2099,2099,69.967,863.810,519.696,81.492,49.028,472,1,610,497,57.547,46.887,471.500,44.481
2100,2100,70.000,864.133,519.526,81.522,49.012,471,1,610,497,57.547,46.887,471.500,44.481
2101,2101,70.033,864.776,519.365,81.583,48.997,472,1,610,497,57.547,46.887,471.500,44.481
2102,2102,70.067,865.163,519.199,81.619,48.981,489,1,610,497,57.547,46.887,471.500,44.481
2103,2103,70.100,865.218,519.199,81.624,48.981,488,1,610,497,57.547,46.887,471.500,44.481
2104,2104,70.133,865.291,519.171,81.631,48.978,489,1,610,497,57.547,46.887,471.500,44.481
2105,2105,70.167,865.602,519.050,81.661,48.967,497,1,610,497,57.547,46.887,471.500,44.481
2106,2106,70.200,865.676,519.001,81.668,48.962,498,1,610,497,57.547,46.887,471.500,44.481
2107,2107,70.233,865.584,519.002,81.659,48.962,500,1,610,497,57.547,46.887,471.500,44.481
2108,2108,70.267,866.399,518.645,81.736,48.929,524,1,610,497,57.547,46.887,471.500,44.481
2109,2109,70.300,866.657,518.567,81.760,48.921,530,1,610,497,57.547,46.887,471.500,44.481
2110,2110,70.333,867.152,518.324,81.807,48.898,529,1,610,497,57.547,46.887,471.500,44.481
2111,2111,70.367,867.601,518.125,81.849,48.880,545,1,610,497,57.547,46.887,471.500,44.481
2112,2112,70.400,867.871,517.942,81.875,48.862,549,1,610,497,57.547,46.887,471.500,44.481
2113,2113,70.433,867.920,517.885,81.879,48.857,543,1,610,497,57.547,46.887,471.500,44.481
2114,2114,70.467,867.937,517.826,81.881,48.851,547,1,610,497,57.547,46.887,471.500,44.481
2115,2115,70.500,867.896,517.846,81.877,48.853,545,1,610,497,57.547,46.887,471.500,44.481
2116,2116,70.533,868.169,517.683,81.903,48.838,545,1,610,497,57.547,46.887,471.500,44.481
2117,2117,70.567,868.604,517.461,81.944,48.817,559,1,610,497,57.547,46.887,471.500,44.481
2118,2118,70.600,868.711,517.417,81.954,48.813,559,1,610,497,57.547,46.887,471.500,44.481
2119,2119,70.633,868.739,517.458,81.956,48.817,548,1,610,497,57.547,46.887,471.500,44.481
2120,2120,70.667,869.201,517.333,82.000,48.805,563,1,610,497,57.547,46.887,471.500,44.481
2121,2121,70.700,869.943,517.112,82.070,48.784,548,1,610,497,57.547,46.887,471.500,44.481
2122,2122,70.733,870.942,516.648,82.164,48.740,517,1,610,497,57.547,46.887,471.500,44.481
2123,2123,70.767,871.558,516.303,82.222,48.708,503,1,610,497,57.547,46.887,471.500,44.481
2124,2124,70.800,872.322,515.709,82.295,48.652,488,1,610,497,57.547,46.887,471.500,44.481
2125,2125,70.833,872.890,515.261,82.348,48.610,466,1,610,497,57.547,46.887,471.500,44.481
2126,2126,70.867,873.095,515.096,82.367,48.594,477,1,610,497,57.547,46.887,471.500,44.481
2127,2127,70.900,873.067,515.118,82.365,48.596,474,1,610,497,57.547,46.887,471.500,44.481
2128,2128,70.933,872.959,515.088,82.355,48.593,453,1,610,497,57.547,46.887,471.500,44.481
2129,2129,70.967,872.923,515.071,82.351,48.592,462,1,610,497,57.547,46.887,471.500,44.481
2130,2130,71.000,872.953,515.115,82.354,48.596,460,1,610,497,57.547,46.887,471.500,44.481
2131,2131,71.033,872.969,515.183,82.356,48.602,445,1,610,497,57.547,46.887,471.500,44.481
2132,2132,71.067,872.960,515.186,82.355,48.602,460,1,610,497,57.547,46.887,471.500,44.481
2133,2133,71.100,873.240,515.101,82.381,48.594,462,1,610,497,57.547,46.887,471.500,44.481
2134,2134,71.133,873.393,514.912,82.396,48.577,454,1,610,497,57.547,46.887,471.500,44.481
2135,2135,71.167,874.196,514.511,82.471,48.539,483,1,610,497,57.547,46.887,471.500,44.481
2136,2136,71.200,875.011,514.119,82.548,48.502,503,1,610,497,57.547,46.887,471.500,44.481
2137,2137,71.233,875.364,513.890,82.581,48.480,492,1,610,497,57.547,46.887,471.500,44.481
2138,2138,71.267,876.372,513.450,82.677,48.439,514,1,610,497,57.547,46.887,471.500,44.481
2139,2139,71.300,877.475,512.974,82.781,48.394,525,1,610,497,57.547,46.887,471.500,44.481
2140,2140,71.333,878.340,512.569,82.862,48.356,514,1,610,497,57.547,46.887,471.500,44.481
2141,2141,71.367,879.323,512.114,82.955,48.313,524,1,610,497,57.547,46.887,471.500,44.481
2142,2142,71.400,880.274,511.708,83.045,48.274,527,1,610,497,57.547,46.887,471.500,44.481
2143,2143,71.433,881.631,510.990,83.173,48.207,512,1,610,497,57.547,46.887,471.500,44.481
2144,2144,71.467,882.301,510.706,83.236,48.180,503,1,610,497,57.547,46.887,471.500,44.481
2145,2145,71.500,882.783,510.542,83.281,48.164,503,1,610,497,57.547,46.887,471.500,44.481
2146,2146,71.533,883.147,510.361,83.316,48.147,477,1,610,497,57.547,46.887,471.500,44.481
2147,2147,71.567,883.332,510.211,83.333,48.133,476,1,610,497,57.547,46.887,471.500,44.481
2148,2148,71.600,883.358,510.206,83.336,48.133,477,1,610,497,57.547,46.887,471.500,44.481
2149,2149,71.633,883.262,510.262,83.327,48.138,455,1,610,497,57.547,46.887,471.500,44.481
2150,2150,71.667,883.476,510.281,83.347,48.140,455,1,610,497,57.547,46.887,471.500,44.481
2151,2151,71.700,883.471,510.215,83.346,48.133,466,1,610,497,57.547,46.887,471.500,44.481
2152,2152,71.733,883.228,510.295,83.323,48.141,455,1,610,497,57.547,46.887,471.500,44.481
2153,2153,71.767,883.318,510.267,83.332,48.138,457,1,610,497,57.547,46.887,471.500,44.481
2154,2154,71.800,883.494,510.107,83.349,48.123,469,1,610,497,57.547,46.887,471.500,44.481
2155,2155,71.833,883.610,510.026,83.359,48.116,465,1,610,497,57.547,46.887,471.500,44.481
2156,2156,71.867,884.009,509.832,83.397,48.097,469,1,610,497,57.547,46.887,471.500,44.481
2157,2157,71.900,884.448,509.611,83.438,48.076,484,1,610,497,57.547,46.887,471.500,44.481
2158,2158,71.933,884.654,509.474,83.458,48.064,479,1,610,497,57.547,46.887,471.500,44.481
2159,2159,71.967,884.700,509.461,83.462,48.062,487,1,610,497,57.547,46.887,471.500,44.481
2160,2160,72.000,885.117,509.241,83.502,48.042,499,1,610,497,57.547,46.887,471.500,44.481
2161,2161,72.033,886.062,508.918,83.591,48.011,495,1,610,497,57.547,46.887,471.500,44.481
2162,2162,72.067,886.322,508.763,83.615,47.997,503,1,610,497,57.547,46.887,471.500,44.481
2163,2163,72.100,886.470,508.708,83.629,47.991,520,1,610,497,57.547,46.887,471.500,44.481
2164,2164,72.133,886.626,508.640,83.644,47.985,514,1,610,497,57.547,46.887,471.500,44.481
2165,2165,72.167,886.689,508.602,83.650,47.981,515,1,610,497,57.547,46.887,471.500,44.481
2166,2166,72.200,887.088,508.433,83.688,47.965,525,1,610,497,57.547,46.887,471.500,44.481
2167,2167,72.233,887.178,508.386,83.696,47.961,526,1,610,497,57.547,46.887,471.500,44.481
2168,2168,72.267,886.989,508.418,83.678,47.964,518,1,610,497,57.547,46.887,471.500,44.481
2169,2169,72.300,887.766,508.033,83.751,47.928,538,1,610,497,57.547,46.887,471.500,44.481
2170,2170,72.333,887.873,507.948,83.762,47.920,534,1,610,497,57.547,46.887,471.500,44.481
2171,2171,72.367,887.993,507.870,83.773,47.912,530,1,610,497,57.547,46.887,471.500,44.481
2172,2172,72.400,888.576,507.590,83.828,47.886,532,1,610,497,57.547,46.887,471.500,44.481
2173,2173,72.433,888.999,507.376,83.868,47.866,531,1,610,497,57.547,46.887,471.500,44.481
2174,2174,72.467,889.643,507.092,83.929,47.839,528,1,610,497,57.547,46.887,471.500,44.481
2175,2175,72.500,890.250,506.756,83.986,47.807,529,1,610,497,57.547,46.887,471.500,44.481
2176,2176,72.533,891.317,506.268,84.086,47.761,508,1,610,497,57.547,46.887,471.500,44.481
2177,2177,72.567,891.801,505.968,84.132,47.733,490,1,610,497,57.547,46.887,471.500,44.481
2178,2178,72.600,892.672,505.546,84.214,47.693,481,1,610,497,57.547,46.887,471.500,44.481
2179,2179,72.633,893.113,505.241,84.256,47.664,471,1,610,497,57.547,46.887,471.500,44.481
2180,2180,72.667,893.068,505.280,84.252,47.668,462,1,610,497,57.547,46.887,471.500,44.481
2181,2181,72.700,892.946,505.378,84.240,47.677,464,1,610,497,57.547,46.887,471.500,44.481
2182,2182,72.733,893.015,505.372,84.247,47.677,460,1,610,497,57.547,46.887,471.500,44.481
2183,2183,72.767,892.837,505.621,84.230,47.700,449,1,610,497,57.547,46.887,471.500,44.481
2184,2184,72.800,892.856,505.669,84.232,47.705,452,1,610,497,57.547,46.887,471.500,44.481
2185,2185,72.833,892.851,505.649,84.231,47.703,446,1,610,497,57.547,46.887,471.500,44.481
2186,2186,72.867,892.991,505.468,84.244,47.686,445,1,610,497,57.547,46.887,471.500,44.481
2187,2187,72.900,893.218,505.244,84.266,47.665,459,1,610,497,57.547,46.887,471.500,44.481
2188,2188,72.933,893.534,504.968,84.296,47.638,469,1,610,497,57.547,46.887,471.500,44.481
2189,2189,72.967,894.001,504.718,84.340,47.615,469,1,610,497,57.547,46.887,471.500,44.481
2190,2190,73.000,894.864,504.244,84.421,47.570,487,1,610,497,57.547,46.887,471.500,44.481
2191,2191,73.033,895.295,503.959,84.462,47.543,493,1,610,497,57.547,46.887,471.500,44.481
2192,2192,73.067,895.812,503.653,84.511,47.514,500,1,610,497,57.547,46.887,471.500,44.481
2193,2193,73.100,896.488,503.271,84.574,47.478,520,1,610,497,57.547,46.887,471.500,44.481
2194,2194,73.133,896.950,502.948,84.618,47.448,527,1,610,497,57.547,46.887,471.500,44.481
2195,2195,73.167,897.666,502.547,84.686,47.410,524,1,610,497,57.547,46.887,471.500,44.481
2196,2196,73.200,898.709,502.074,84.784,47.365,545,1,610,497,57.547,46.887,471.500,44.481
2197,2197,73.233,899.169,501.788,84.827,47.338,538,1,610,497,57.547,46.887,471.500,44.481
2198,2198,73.267,899.969,501.500,84.903,47.311,528,1,610,497,57.547,46.887,471.500,44.481
2199,2199,73.300,900.620,501.220,84.964,47.285,528,1,610,497,57.547,46.887,471.500,44.481
2200,2200,73.333,901.644,500.724,85.061,47.238,525,1,610,497,57.547,46.887,471.500,44.481
2201,2201,73.367,902.461,500.274,85.138,47.196,499,1,610,497,57.547,46.887,471.500,44.481
2202,2202,73.400,902.781,500.122,85.168,47.181,494,1,610,497,57.547,46.887,471.500,44.481
2203,2203,73.433,902.803,500.146,85.170,47.184,491,1,610,497,57.547,46.887,471.500,44.481
2204,2204,73.467,902.748,500.263,85.165,47.195,471,1,610,497,57.547,46.887,471.500,44.481
2205,2205,73.500,902.779,500.257,85.168,47.194,471,1,610,497,57.547,46.887,471.500,44.481
2206,2206,73.533,902.828,500.240,85.172,47.192,478,1,610,497,57.547,46.887,471.500,44.481
2207,2207,73.567,902.483,500.378,85.140,47.206,455,1,610,497,57.547,46.887,471.500,44.481
2208,2208,73.600,902.477,500.328,85.139,47.201,463,1,610,497,57.547,46.887,471.500,44.481
2209,2209,73.633,902.667,500.153,85.157,47.184,472,1,610,497,57.547,46.887,471.500,44.481
2210,2210,73.667,902.851,500.021,85.175,47.172,464,1,610,497,57.547,46.887,471.500,44.481
2211,2211,73.700,903.014,499.889,85.190,47.159,471,1,610,497,57.547,46.887,471.500,44.481
2212,2212,73.733,903.464,499.659,85.232,47.138,492,1,610,497,57.547,46.887,471.500,44.481
2213,2213,73.767,903.944,499.375,85.278,47.111,488,1,610,497,57.547,46.887,471.500,44.481
2214,2214,73.800,904.335,499.193,85.315,47.094,498,1,610,497,57.547,46.887,471.500,44.481
2215,2215,73.833,905.019,498.856,85.379,47.062,527,1,610,497,57.547,46.887,471.500,44.481
2216,2216,73.867,905.432,498.615,85.418,47.039,515,1,610,497,57.547,46.887,471.500,44.481
2217,2217,73.900,905.832,498.322,85.456,47.011,516,1,610,497,57.547,46.887,471.500,44.481
2218,2218,73.933,906.414,498.061,85.511,46.987,536,1,610,497,57.547,46.887,471.500,44.481
2219,2219,73.967,907.194,497.563,85.584,46.940,539,1,610,497,57.547,46.887,471.500,44.481
2220,2220,74.000,908.095,497.040,85.669,46.891,542,1,610,497,57.547,46.887,471.500,44.481
2221,2221,74.033,908.344,496.905,85.693,46.878,561,1,610,497,57.547,46.887,471.500,44.481
2222,2222,74.067,908.731,496.611,85.729,46.850,559,1,610,497,57.547,46.887,471.500,44.481
2223,2223,74.100,908.634,496.687,85.720,46.857,552,1,610,497,57.547,46.887,471.500,44.481
2224,2224,74.133,908.691,496.637,85.726,46.853,557,1,610,497,57.547,46.887,471.500,44.481
2225,2225,74.167,908.824,496.569,85.738,46.846,547,1,610,497,57.547,46.887,471.500,44.481
2226,2226,74.200,908.897,496.484,85.745,46.838,549,1,610,497,57.547,46.887,471.500,44.481
2227,2227,74.233,909.197,496.261,85.773,46.817,542,1,610,497,57.547,46.887,471.500,44.481
2228,2228,74.267,909.660,495.932,85.817,46.786,534,1,610,497,57.547,46.887,471.500,44.481
2229,2229,74.300,909.810,495.840,85.831,46.777,514,1,610,497,57.547,46.887,471.500,44.481
2230,2230,74.333,910.581,495.381,85.904,46.734,503,1,610,497,57.547,46.887,471.500,44.481
2231,2231,74.367,911.086,495.055,85.951,46.703,506,1,610,497,57.547,46.887,471.500,44.481
2232,2232,74.400,911.152,495.050,85.958,46.703,499,1,610,497,57.547,46.887,471.500,44.481
2233,2233,74.433,911.259,495.011,85.968,46.699,503,1,610,497,57.547,46.887,471.500,44.481
2234,2234,74.467,911.248,495.021,85.967,46.700,495,1,610,497,57.547,46.887,471.500,44.481
2235,2235,74.500,911.102,495.077,85.953,46.705,483,1,610,497,57.547,46.887,471.500,44.481
2236,2236,74.533,911.241,495.084,85.966,46.706,492,1,610,497,57.547,46.887,471.500,44.481
2237,2237,74.567,911.179,495.144,85.960,46.712,488,1,610,497,57.547,46.887,471.500,44.481
2238,2238,74.600,911.049,495.197,85.948,46.717,485,1,610,497,57.547,46.887,471.500,44.481
2239,2239,74.633,911.169,495.139,85.959,46.711,494,1,610,497,57.547,46.887,471.500,44.481
2240,2240,74.667,911.331,494.948,85.975,46.693,496,1,610,497,57.547,46.887,471.500,44.481
2241,2241,74.700,911.376,494.914,85.979,46.690,498,1,610,497,57.547,46.887,471.500,44.481
2242,2242,74.733,912.070,494.533,86.044,46.654,519,1,610,497,57.547,46.887,471.500,44.481
2243,2243,74.767,912.395,494.271,86.075,46.629,522,1,610,497,57.547,46.887,471.500,44.481
2244,2244,74.800,912.714,494.121,86.105,46.615,520,1,610,497,57.547,46.887,471.500,44.481
2245,2245,74.833,913.096,493.808,86.141,46.586,537,1,610,497,57.547,46.887,471.500,44.481
2246,2246,74.867,913.223,493.725,86.153,46.578,540,1,610,497,57.547,46.887,471.500,44.481
2247,2247,74.900,913.293,493.666,86.160,46.572,538,1,610,497,57.547,46.887,471.500,44.481
2248,2248,74.933,913.618,493.433,86.190,46.550,547,1,610,497,57.547,46.887,471.500,44.481
2249,2249,74.967,913.992,493.186,86.226,46.527,553,1,610,497,57.547,46.887,471.500,44.481
2250,2250,75.000,913.952,493.235,86.222,46.532,551,1,610,497,57.547,46.887,471.500,44.481
2251,2251,75.033,914.243,492.947,86.249,46.504,565,1,610,497,57.547,46.887,471.500,44.481
2252,2252,75.067,914.362,492.811,86.261,46.492,572,1,610,497,57.547,46.887,471.500,44.481
2253,2253,75.100,914.166,493.009,86.242,46.510,557,1,610,497,57.547,46.887,471.500,44.481
2254,2254,75.133,914.299,492.855,86.255,46.496,569,1,610,497,57.547,46.887,471.500,44.481
2255,2255,75.167,914.393,492.819,86.264,46.492,573,1,610,497,57.547,46.887,471.500,44.481
2256,2256,75.200,914.369,492.777,86.261,46.488,561,1,610,497,57.547,46.887,471.500,44.481
2257,2257,75.233,914.211,492.785,86.246,46.489,562,1,610,497,57.547,46.887,471.500,44.481
2258,2258,75.267,914.135,492.726,86.239,46.484,568,1,610,497,57.547,46.887,471.500,44.481
2259,2259,75.300,914.106,492.771,86.236,46.488,560,1,610,497,57.547,46.887,471.500,44.481
2260,2260,75.333,914.048,492.803,86.231,46.491,562,1,610,497,57.547,46.887,471.500,44.481
2261,2261,75.367,914.584,492.547,86.281,46.467,557,1,610,497,57.547,46.887,471.500,44.481
2262,2262,75.400,914.405,492.593,86.265,46.471,549,1,610,497,57.547,46.887,471.500,44.481
2263,2263,75.433,914.585,492.504,86.282,46.463,553,1,610,497,57.547,46.887,471.500,44.481
2264,2264,75.467,914.726,492.362,86.295,46.449,559,1,610,497,57.547,46.887,471.500,44.481
2265,2265,75.500,914.739,492.389,86.296,46.452,555,1,610,497,57.547,46.887,471.500,44.481
2266,2266,75.533,914.570,492.467,86.280,46.459,550,1,610,497,57.547,46.887,471.500,44.481
2267,2267,75.567,914.416,492.540,86.266,46.466,555,1,610,497,57.547,46.887,471.500,44.481
2268,2268,75.600,914.514,492.520,86.275,46.464,549,1,610,497,57.547,46.887,471.500,44.481
2269,2269,75.633,914.514,492.520,86.275,46.464,549,1,610,497,57.547,46.887,471.500,44.481
2270,2270,75.667,914.392,492.481,86.263,46.460,556,1,610,497,57.547,46.887,471.500,44.481
2271,2271,75.700,914.368,492.557,86.261,46.468,543,1,610,497,57.547,46.887,471.500,44.481
2272,2272,75.733,914.368,492.557,86.261,46.468,543,1,610,497,57.547,46.887,471.500,44.481
2273,2273,75.767,914.479,492.494,86.272,46.462,556,1,610,497,57.547,46.887,471.500,44.481
2274,2274,75.800,914.446,492.504,86.269,46.463,551,1,610,497,57.547,46.887,471.500,44.481
2275,2275,75.833,914.446,492.504,86.269,46.463,551,1,610,497,57.547,46.887,471.500,44.481
2276,2276,75.867,914.462,492.457,86.270,46.458,557,1,610,497,57.547,46.887,471.500,44.481
2277,2277,75.900,914.558,492.429,86.279,46.456,548,1,610,497,57.547,46.887,471.500,44.481
2278,2278,75.933,914.569,492.460,86.280,46.459,551,1,610,497,57.547,46.887,471.500,44.481
2279,2279,75.967,914.449,492.509,86.269,46.463,555,1,610,497,57.547,46.887,471.500,44.481
2280,2280,76.000,914.362,492.580,86.261,46.470,553,1,610,497,57.547,46.887,471.500,44.481
2281,2281,76.033,914.246,492.829,86.250,46.493,554,1,610,497,57.547,46.887,471.500,44.481
2282,2282,76.067,914.344,492.723,86.259,46.483,558,1,610,497,57.547,46.887,471.500,44.481
2283,2283,76.100,914.264,492.794,86.251,46.490,552,1,610,497,57.547,46.887,471.500,44.481
2284,2284,76.133,914.313,492.722,86.256,46.483,549,1,610,497,57.547,46.887,471.500,44.481
2285,2285,76.167,914.712,492.554,86.294,46.467,550,1,610,497,57.547,46.887,471.500,44.481
2286,2286,76.200,915.206,492.110,86.340,46.425,540,1,610,497,57.547,46.887,471.500,44.481
2287,2287,76.233,915.908,491.526,86.406,46.370,534,1,610,497,57.547,46.887,471.500,44.481
2288,2288,76.267,916.331,491.188,86.446,46.338,535,1,610,497,57.547,46.887,471.500,44.481
2289,2289,76.300,916.823,490.876,86.493,46.309,521,1,610,497,57.547,46.887,471.500,44.481
2290,2290,76.333,917.084,490.694,86.517,46.292,508,1,610,497,57.547,46.887,471.500,44.481
2291,2291,76.367,917.113,490.488,86.520,46.272,511,1,610,497,57.547,46.887,471.500,44.481
2292,2292,76.400,917.223,490.333,86.530,46.258,504,1,610,497,57.547,46.887,471.500,44.481
2293,2293,76.433,916.873,490.437,86.497,46.268,492,1,610,497,57.547,46.887,471.500,44.481
2294,2294,76.467,916.927,490.272,86.503,46.252,500,1,610,497,57.547,46.887,471.500,44.481
2295,2295,76.500,917.034,490.118,86.513,46.238,489,1,610,497,57.547,46.887,471.500,44.481
2296,2296,76.533,916.590,490.412,86.471,46.265,484,1,610,497,57.547,46.887,471.500,44.481
2297,2297,76.567,916.406,490.543,86.453,46.278,493,1,610,497,57.547,46.887,471.500,44.481
2298,2298,76.600,916.279,490.670,86.441,46.290,485,1,610,497,57.547,46.887,471.500,44.481
2299,2299,76.633,916.228,490.840,86.437,46.306,468,1,610,497,57.547,46.887,471.500,44.481
2300,2300,76.667,916.031,491.117,86.418,46.332,482,1,610,497,57.547,46.887,471.500,44.481
2301,2301,76.700,915.886,491.302,86.404,46.349,476,1,610,497,57.547,46.887,471.500,44.481
2302,2302,76.733,915.605,491.451,86.378,46.363,467,1,610,497,57.547,46.887,471.500,44.481
2303,2303,76.767,915.649,491.382,86.382,46.357,471,1,610,497,57.547,46.887,471.500,44.481
2304,2304,76.800,915.462,491.524,86.364,46.370,470,1,610,497,57.547,46.887,471.500,44.481
2305,2305,76.833,915.507,491.432,86.369,46.362,465,1,610,497,57.547,46.887,471.500,44.481
2306,2306,76.867,915.559,491.309,86.374,46.350,483,1,610,497,57.547,46.887,471.500,44.481
2307,2307,76.900,915.647,491.104,86.382,46.331,476,1,610,497,57.547,46.887,471.500,44.481
2308,2308,76.933,915.698,491.021,86.387,46.323,467,1,610,497,57.547,46.887,471.500,44.481
2309,2309,76.967,915.967,490.940,86.412,46.315,487,1,610,497,57.547,46.887,471.500,44.481
2310,2310,77.000,916.221,490.829,86.436,46.305,493,1,610,497,57.547,46.887,471.500,44.481
2311,2311,77.033,916.380,490.716,86.451,46.294,484,1,610,497,57.547,46.887,471.500,44.481
2312,2312,77.067,916.862,490.505,86.496,46.274,504,1,610,497,57.547,46.887,471.500,44.481
2313,2313,77.100,917.123,490.399,86.521,46.264,503,1,610,497,57.547,46.887,471.500,44.481
2314,2314,77.133,917.300,490.372,86.538,46.262,502,1,610,497,57.547,46.887,471.500,44.481
2315,2315,77.167,917.739,490.339,86.579,46.258,519,1,610,497,57.547,46.887,471.500,44.481
2316,2316,77.200,917.988,490.318,86.603,46.256,523,1,610,497,57.547,46.887,471.500,44.481
2317,2317,77.233,918.400,490.267,86.642,46.252,532,1,610,497,57.547,46.887,471.500,44.481
2318,2318,77.267,918.906,490.147,86.689,46.240,545,1,610,497,57.547,46.887,471.500,44.481
2319,2319,77.300,919.366,489.996,86.733,46.226,551,1,610,497,57.547,46.887,471.500,44.481
2320,2320,77.333,919.700,489.872,86.764,46.214,545,1,610,497,57.547,46.887,471.500,44.481
2321,2321,77.367,919.721,489.862,86.766,46.213,551,1,610,497,57.547,46.887,471.500,44.481
2322,2322,77.400,920.105,489.718,86.802,46.200,556,1,610,497,57.547,46.887,471.500,44.481
2323,2323,77.433,920.622,489.571,86.851,46.186,546,1,610,497,57.547,46.887,471.500,44.481
2324,2324,77.467,921.401,489.230,86.925,46.154,538,1,610,497,57.547,46.887,471.500,44.481
2325,2325,77.500,922.063,489.034,86.987,46.135,528,1,610,497,57.547,46.887,471.500,44.481
2326,2326,77.533,922.930,488.773,87.069,46.111,510,1,610,497,57.547,46.887,471.500,44.481
2327,2327,77.567,923.495,488.716,87.122,46.105,502,1,610,497,57.547,46.887,471.500,44.481
2328,2328,77.600,923.890,488.571,87.159,46.092,502,1,610,497,57.547,46.887,471.500,44.481
2329,2329,77.633,923.972,488.391,87.167,46.075,481,1,610,497,57.547,46.887,471.500,44.481
2330,2330,77.667,924.072,488.316,87.177,46.068,482,1,610,497,57.547,46.887,471.500,44.481
2331,2331,77.700,924.159,488.163,87.185,46.053,487,1,610,497,57.547,46.887,471.500,44.481
2332,2332,77.733,924.173,488.057,87.186,46.043,474,1,610,497,57.547,46.887,471.500,44.481
2333,2333,77.767,924.248,487.978,87.193,46.036,480,1,610,497,57.547,46.887,471.500,44.481
2334,2334,77.800,924.087,487.951,87.178,46.033,482,1,610,497,57.547,46.887,471.500,44.481
2335,2335,77.833,923.952,488.009,87.165,46.039,475,1,610,497,57.547,46.887,471.500,44.481
2336,2336,77.867,924.124,488.033,87.181,46.041,477,1,610,497,57.547,46.887,471.500,44.481
2337,2337,77.900,924.178,488.033,87.187,46.041,483,1,610,497,57.547,46.887,471.500,44.481
2338,2338,77.933,924.172,488.009,87.186,46.039,478,1,610,497,57.547,46.887,471.500,44.481
2339,2339,77.967,924.725,487.983,87.238,46.036,496,1,610,497,57.547,46.887,471.500,44.481
2340,2340,78.000,924.990,487.915,87.263,46.030,501,1,610,497,57.547,46.887,471.500,44.481
2341,2341,78.033,925.328,487.773,87.295,46.016,490,1,610,497,57.547,46.887,471.500,44.481
2342,2342,78.067,925.738,487.707,87.334,46.010,512,1,610,497,57.547,46.887,471.500,44.481
2343,2343,78.100,925.881,487.587,87.347,45.999,516,1,610,497,57.547,46.887,471.500,44.481
2344,2344,78.133,926.332,487.480,87.390,45.989,522,1,610,497,57.547,46.887,471.500,44.481
2345,2345,78.167,926.647,487.431,87.420,45.984,530,1,610,497,57.547,46.887,471.500,44.481
2346,2346,78.200,926.899,487.397,87.443,45.981,536,1,610,497,57.547,46.887,471.500,44.481
2347,2347,78.233,927.085,487.333,87.461,45.975,538,1,610,497,57.547,46.887,471.500,44.481
2348,2348,78.267,927.253,487.327,87.477,45.974,542,1,610,497,57.547,46.887,471.500,44.481
2349,2349,78.300,927.839,487.213,87.532,45.964,562,1,610,497,57.547,46.887,471.500,44.481
2350,2350,78.333,927.856,487.154,87.534,45.958,550,1,610,497,57.547,46.887,471.500,44.481
2351,2351,78.367,928.086,487.077,87.555,45.951,557,1,610,497,57.547,46.887,471.500,44.481
2352,2352,78.400,927.922,487.237,87.540,45.966,553,1,610,497,57.547,46.887,471.500,44.481
2353,2353,78.433,927.793,487.321,87.528,45.974,539,1,610,497,57.547,46.887,471.500,44.481
2354,2354,78.467,927.651,487.341,87.514,45.976,538,1,610,497,57.547,46.887,471.500,44.481
2355,2355,78.500,928.445,487.156,87.589,45.958,559,1,610,497,57.547,46.887,471.500,44.481
2356,2356,78.533,928.502,487.157,87.594,45.958,553,1,610,497,57.547,46.887,471.500,44.481
2357,2357,78.567,928.516,487.139,87.596,45.956,551,1,610,497,57.547,46.887,471.500,44.481
2358,2358,78.600,929.101,486.956,87.651,45.939,579,1,610,497,57.547,46.887,471.500,44.481
2359,2359,78.633,929.048,486.984,87.646,45.942,573,1,610,497,57.547,46.887,471.500,44.481
2360,2360,78.667,929.100,486.921,87.651,45.936,563,1,610,497,57.547,46.887,471.500,44.481
2361,2361,78.700,929.084,486.976,87.649,45.941,575,1,610,497,57.547,46.887,471.500,44.481
2362,2362,78.733,929.269,486.908,87.667,45.935,571,1,610,497,57.547,46.887,471.500,44.481
2363,2363,78.767,929.254,486.905,87.665,45.934,569,1,610,497,57.547,46.887,471.500,44.481
2364,2364,78.800,929.343,486.899,87.674,45.934,576,1,610,497,57.547,46.887,471.500,44.481
2365,2365,78.833,929.347,486.851,87.674,45.929,567,1,610,497,57.547,46.887,471.500,44.481
2366,2366,78.867,929.419,486.876,87.681,45.932,564,1,610,497,57.547,46.887,471.500,44.481
2367,2367,78.900,929.095,486.963,87.650,45.940,574,1,610,497,57.547,46.887,471.500,44.481
2368,2368,78.933,929.303,486.880,87.670,45.932,568,1,610,497,57.547,46.887,471.500,44.481
2369,2369,78.967,929.312,486.904,87.671,45.934,563,1,610,497,57.547,46.887,471.500,44.481
2370,2370,79.000,929.448,486.953,87.684,45.939,572,1,610,497,57.547,46.887,471.500,44.481
2371,2371,79.033,929.552,486.903,87.694,45.934,568,1,610,497,57.547,46.887,471.500,44.481
2372,2372,79.067,929.383,486.929,87.678,45.937,559,1,610,497,57.547,46.887,471.500,44.481
2373,2373,79.100,929.292,486.953,87.669,45.939,568,1,610,497,57.547,46.887,471.500,44.481
2374,2374,79.133,929.404,486.917,87.680,45.936,567,1,610,497,57.547,46.887,471.500,44.481
2375,2375,79.167,929.592,486.855,87.697,45.930,558,1,610,497,57.547,46.887,471.500,44.481
2376,2376,79.200,930.096,486.906,87.745,45.935,573,1,610,497,57.547,46.887,471.500,44.481
2377,2377,79.233,930.473,486.953,87.780,45.939,554,1,610,497,57.547,46.887,471.500,44.481
2378,2378,79.267,930.645,486.955,87.797,45.939,531,1,610,497,57.547,46.887,471.500,44.481
2379,2379,79.300,931.096,486.888,87.839,45.933,537,1,610,497,57.547,46.887,471.500,44.481
2380,2380,79.333,931.617,486.652,87.888,45.911,521,1,610,497,57.547,46.887,471.500,44.481
2381,2381,79.367,932.523,486.452,87.974,45.892,520,1,610,497,57.547,46.887,471.500,44.481
2382,2382,79.400,932.507,486.422,87.972,45.889,524,1,610,497,57.547,46.887,471.500,44.481
2383,2383,79.433,932.366,486.402,87.959,45.887,517,1,610,497,57.547,46.887,471.500,44.481
2384,2384,79.467,932.779,486.213,87.998,45.869,517,1,610,497,57.547,46.887,471.500,44.481
2385,2385,79.500,932.720,486.197,87.992,45.868,519,1,610,497,57.547,46.887,471.500,44.481
2386,2386,79.533,932.756,486.133,87.996,45.862,512,1,610,497,57.547,46.887,471.500,44.481
2387,2387,79.567,932.853,486.094,88.005,45.858,498,1,610,497,57.547,46.887,471.500,44.481
2388,2388,79.600,932.742,486.153,87.995,45.863,505,1,610,497,57.547,46.887,471.500,44.481
2389,2389,79.633,932.596,486.134,87.981,45.862,501,1,610,497,57.547,46.887,471.500,44.481
2390,2390,79.667,931.929,486.386,87.918,45.885,476,1,610,497,57.547,46.887,471.500,44.481
2391,2391,79.700,932.435,486.178,87.966,45.866,501,1,610,497,57.547,46.887,471.500,44.481
2392,2392,79.733,932.466,486.101,87.969,45.859,508,1,610,497,57.547,46.887,471.500,44.481
2393,2393,79.767,932.963,485.972,88.015,45.846,498,1,610,497,57.547,46.887,471.500,44.481
2394,2394,79.800,933.544,485.921,88.070,45.842,519,1,610,497,57.547,46.887,471.500,44.481
2395,2395,79.833,933.814,485.825,88.096,45.833,525,1,610,497,57.547,46.887,471.500,44.481
2396,2396,79.867,934.137,485.729,88.126,45.824,526,1,610,497,57.547,46.887,471.500,44.481
2397,2397,79.900,934.563,485.662,88.166,45.817,535,1,610,497,57.547,46.887,471.500,44.481
2398,2398,79.933,934.915,485.641,88.200,45.815,544,1,610,497,57.547,46.887,471.500,44.481
2399,2399,79.967,935.225,485.506,88.229,45.802,545,1,610,497,57.547,46.887,471.500,44.481
2400,2400,80.000,935.996,485.420,88.301,45.794,568,1,610,497,57.547,46.887,471.500,44.481
2401,2401,80.033,937.275,485.220,88.422,45.775,579,1,610,497,57.547,46.887,471.500,44.481
2402,2402,80.067,937.106,485.197,88.406,45.773,560,1,610,497,57.547,46.887,471.500,44.481
2403,2403,80.100,937.351,485.143,88.429,45.768,574,1,610,497,57.547,46.887,471.500,44.481
2404,2404,80.133,937.690,485.117,88.461,45.766,580,1,610,497,57.547,46.887,471.500,44.481
2405,2405,80.167,937.616,485.118,88.454,45.766,578,1,610,497,57.547,46.887,471.500,44.481
2406,2406,80.200,937.616,485.118,88.454,45.766,578,1,610,497,57.547,46.887,471.500,44.481
2407,2407,80.233,937.795,485.145,88.471,45.768,583,1,610,497,57.547,46.887,471.500,44.481
2408,2408,80.267,937.774,485.193,88.469,45.773,574,1,610,497,57.547,46.887,471.500,44.481
2409,2409,80.300,937.996,485.155,88.490,45.769,580,1,610,497,57.547,46.887,471.500,44.481
2410,2410,80.333,938.110,485.114,88.501,45.765,591,1,610,497,57.547,46.887,471.500,44.481
2411,2411,80.367,938.240,485.117,88.513,45.766,584,1,610,497,57.547,46.887,471.500,44.481
2412,2412,80.400,938.380,485.042,88.526,45.759,582,1,610,497,57.547,46.887,471.500,44.481
2413,2413,80.433,938.556,484.957,88.543,45.751,597,1,610,497,57.547,46.887,471.500,44.481
2414,2414,80.467,938.113,484.953,88.501,45.750,586,1,610,497,57.547,46.887,471.500,44.481
2415,2415,80.500,937.700,484.965,88.462,45.751,572,1,610,497,57.547,46.887,471.500,44.481
2416,2416,80.533,936.835,485.108,88.381,45.765,556,1,610,497,57.547,46.887,471.500,44.481
2417,2417,80.567,935.644,485.240,88.268,45.777,527,1,610,497,57.547,46.887,471.500,44.481
2418,2418,80.600,935.369,485.298,88.242,45.783,521,1,610,497,57.547,46.887,471.500,44.481
2419,2419,80.633,935.023,485.374,88.210,45.790,527,1,610,497,57.547,46.887,471.500,44.481
2420,2420,80.667,934.827,485.392,88.191,45.792,518,1,610,497,57.547,46.887,471.500,44.481
2421,2421,80.700,934.464,485.499,88.157,45.802,521,1,610,497,57.547,46.887,471.500,44.481
2422,2422,80.733,934.215,485.500,88.133,45.802,516,1,610,497,57.547,46.887,471.500,44.481
2423,2423,80.767,933.933,485.553,88.107,45.807,504,1,610,497,57.547,46.887,471.500,44.481
2424,2424,80.800,933.788,485.539,88.093,45.806,502,1,610,497,57.547,46.887,471.500,44.481
2425,2425,80.833,933.844,485.413,88.099,45.794,510,1,610,497,57.547,46.887,471.500,44.481
2426,2426,80.867,933.869,485.316,88.101,45.785,505,1,610,497,57.547,46.887,471.500,44.481
2427,2427,80.900,933.628,485.179,88.078,45.772,505,1,610,497,57.547,46.887,471.500,44.481
2428,2428,80.933,932.855,485.361,88.005,45.789,499,1,610,497,57.547,46.887,471.500,44.481
2429,2429,80.967,931.868,485.590,87.912,45.810,469,1,610,497,57.547,46.887,471.500,44.481
2430,2430,81.000,930.840,485.838,87.815,45.834,449,1,610,497,57.547,46.887,471.500,44.481
2431,2431,81.033,930.560,485.901,87.789,45.840,451,1,610,497,57.547,46.887,471.500,44.481
2432,2432,81.067,930.233,485.918,87.758,45.841,437,1,610,497,57.547,46.887,471.500,44.481
2433,2433,81.100,929.821,486.035,87.719,45.852,435,1,610,497,57.547,46.887,471.500,44.481
2434,2434,81.133,929.747,485.874,87.712,45.837,448,1,610,497,57.547,46.887,471.500,44.481
2435,2435,81.167,929.672,485.816,87.705,45.832,447,1,610,497,57.547,46.887,471.500,44.481
2436,2436,81.200,929.479,485.830,87.687,45.833,441,1,610,497,57.547,46.887,471.500,44.481
2437,2437,81.233,929.620,485.623,87.700,45.814,460,1,610,497,57.547,46.887,471.500,44.481
2438,2438,81.267,929.772,485.335,87.714,45.786,457,1,610,497,57.547,46.887,471.500,44.481
2439,2439,81.300,929.566,485.324,87.695,45.785,450,1,610,497,57.547,46.887,471.500,44.481
2440,2440,81.333,929.773,484.998,87.714,45.755,469,1,610,497,57.547,46.887,471.500,44.481
2441,2441,81.367,929.600,485.030,87.698,45.758,458,1,610,497,57.547,46.887,471.500,44.481
2442,2442,81.400,929.393,485.108,87.679,45.765,459,1,610,497,57.547,46.887,471.500,44.481
2443,2443,81.433,929.091,485.034,87.650,45.758,453,1,610,497,57.547,46.887,471.500,44.481
2444,2444,81.467,929.075,484.856,87.649,45.741,453,1,610,497,57.547,46.887,471.500,44.481
2445,2445,81.500,928.794,484.774,87.622,45.733,452,1,610,497,57.547,46.887,471.500,44.481
2446,2446,81.533,928.572,484.534,87.601,45.711,458,1,610,497,57.547,46.887,471.500,44.481
2447,2447,81.567,928.392,484.462,87.584,45.704,453,1,610,497,57.547,46.887,471.500,44.481
2448,2448,81.600,928.282,484.507,87.574,45.708,450,1,610,497,57.547,46.887,471.500,44.481
2449,2449,81.633,928.321,484.314,87.577,45.690,465,1,610,497,57.547,46.887,471.500,44.481
2450,2450,81.667,928.155,484.417,87.562,45.700,460,1,610,497,57.547,46.887,471.500,44.481
2451,2451,81.700,928.077,484.274,87.554,45.686,459,1,610,497,57.547,46.887,471.500,44.481
2452,2452,81.733,927.996,484.229,87.547,45.682,467,1,610,497,57.547,46.887,471.500,44.481
2453,2453,81.767,927.986,484.148,87.546,45.674,465,1,610,497,57.547,46.887,471.500,44.481
2454,2454,81.800,928.037,484.156,87.551,45.675,466,1,610,497,57.547,46.887,471.500,44.481
2455,2455,81.833,927.825,484.161,87.531,45.676,473,1,610,497,57.547,46.887,471.500,44.481
2456,2456,81.867,927.745,484.115,87.523,45.671,474,1,610,497,57.547,46.887,471.500,44.481
2457,2457,81.900,927.693,484.099,87.518,45.670,470,1,610,497,57.547,46.887,471.500,44.481
2458,2458,81.933,927.449,484.210,87.495,45.680,475,1,610,497,57.547,46.887,471.500,44.481
2459,2459,81.967,927.305,484.074,87.482,45.667,471,1,610,497,57.547,46.887,471.500,44.481
2460,2460,82.000,927.260,484.010,87.477,45.661,463,1,610,497,57.547,46.887,471.500,44.481
2461,2461,82.033,927.096,483.682,87.462,45.630,482,1,610,497,57.547,46.887,471.500,44.481
2462,2462,82.067,926.952,483.721,87.448,45.634,477,1,610,497,57.547,46.887,471.500,44.481
2463,2463,82.100,926.824,483.719,87.436,45.634,463,1,610,497,57.547,46.887,471.500,44.481
2464,2464,82.133,926.810,483.511,87.435,45.614,468,1,610,497,57.547,46.887,471.500,44.481
2465,2465,82.167,926.653,483.514,87.420,45.615,470,1,610,497,57.547,46.887,471.500,44.481
2466,2466,82.200,926.506,483.562,87.406,45.619,462,1,610,497,57.547,46.887,471.500,44.481
2467,2467,82.233,926.277,483.457,87.385,45.609,471,1,610,497,57.547,46.887,471.500,44.481
2468,2468,82.267,925.956,483.447,87.354,45.608,472,1,610,497,57.547,46.887,471.500,44.481
2469,2469,82.300,925.673,483.547,87.328,45.618,463,1,610,497,57.547,46.887,471.500,44.481
2470,2470,82.333,925.447,483.301,87.306,45.594,470,1,610,497,57.547,46.887,471.500,44.481
2471,2471,82.367,925.293,482.946,87.292,45.561,484,1,610,497,57.547,46.887,471.500,44.481
2472,2472,82.400,925.237,482.896,87.286,45.556,474,1,610,497,57.547,46.887,471.500,44.481
2473,2473,82.433,925.094,482.709,87.273,45.539,483,1,610,497,57.547,46.887,471.500,44.481
2474,2474,82.467,924.897,482.257,87.254,45.496,500,1,610,497,57.547,46.887,471.500,44.481
2475,2475,82.500,924.963,482.203,87.261,45.491,496,1,610,497,57.547,46.887,471.500,44.481
2476,2476,82.533,924.878,481.954,87.253,45.467,506,1,610,497,57.547,46.887,471.500,44.481
2477,2477,82.567,924.753,481.908,87.241,45.463,521,1,610,497,57.547,46.887,471.500,44.481
2478,2478,82.600,924.646,481.854,87.231,45.458,514,1,610,497,57.547,46.887,471.500,44.481
2479,2479,82.633,924.557,481.752,87.222,45.448,523,1,610,497,57.547,46.887,471.500,44.481
2480,2480,82.667,924.529,481.746,87.220,45.448,529,1,610,497,57.547,46.887,471.500,44.481
2481,2481,82.700,924.439,481.592,87.211,45.433,522,1,610,497,57.547,46.887,471.500,44.481
2482,2482,82.733,924.258,481.666,87.194,45.440,521,1,610,497,57.547,46.887,471.500,44.481
2483,2483,82.767,924.119,481.558,87.181,45.430,528,1,610,497,57.547,46.887,471.500,44.481
2484,2484,82.800,923.954,481.454,87.165,45.420,514,1,610,497,57.547,46.887,471.500,44.481
2485,2485,82.833,923.785,481.665,87.150,45.440,500,1,610,497,57.547,46.887,471.500,44.481
2486,2486,82.867,923.550,481.608,87.127,45.435,492,1,610,497,57.547,46.887,471.500,44.481
2487,2487,82.900,923.328,481.544,87.106,45.429,480,1,610,497,57.547,46.887,471.500,44.481
2488,2488,82.933,923.056,481.236,87.081,45.400,480,1,610,497,57.547,46.887,471.500,44.481
2489,2489,82.967,923.002,481.143,87.076,45.391,490,1,610,497,57.547,46.887,471.500,44.481
2490,2490,83.000,923.016,481.137,87.077,45.390,493,1,610,497,57.547,46.887,471.500,44.481
2491,2491,83.033,923.060,481.011,87.081,45.378,491,1,610,497,57.547,46.887,471.500,44.481
2492,2492,83.067,922.924,480.887,87.068,45.367,510,1,610,497,57.547,46.887,471.500,44.481
2493,2493,83.100,922.971,480.883,87.073,45.366,502,1,610,497,57.547,46.887,471.500,44.481
2494,2494,83.133,922.946,480.687,87.070,45.348,507,1,610,497,57.547,46.887,471.500,44.481
2495,2495,83.167,922.882,480.417,87.064,45.322,521,1,610,497,57.547,46.887,471.500,44.481
2496,2496,83.200,922.847,480.319,87.061,45.313,522,1,610,497,57.547,46.887,471.500,44.481
2497,2497,83.233,922.707,479.987,87.048,45.282,532,1,610,497,57.547,46.887,471.500,44.481
2498,2498,83.267,922.517,479.710,87.030,45.256,535,1,610,497,57.547,46.887,471.500,44.481
2499,2499,83.300,922.524,479.701,87.031,45.255,535,1,610,497,57.547,46.887,471.500,44.481
2500,2500,83.333,922.473,479.567,87.026,45.242,539,1,610,497,57.547,46.887,471.500,44.481
2501,2501,83.367,922.501,479.601,87.028,45.245,543,1,610,497,57.547,46.887,471.500,44.481
2502,2502,83.400,922.555,479.675,87.034,45.252,538,1,610,497,57.547,46.887,471.500,44.481
2503,2503,83.433,922.586,479.717,87.036,45.256,535,1,610,497,57.547,46.887,471.500,44.481
2504,2504,83.467,922.654,479.787,87.043,45.263,532,1,610,497,57.547,46.887,471.500,44.481
2505,2505,83.500,922.689,479.668,87.046,45.252,530,1,610,497,57.547,46.887,471.500,44.481
2506,2506,83.533,922.717,479.666,87.049,45.252,530,1,610,497,57.547,46.887,471.500,44.481
2507,2507,83.567,922.623,479.518,87.040,45.238,537,1,610,497,57.547,46.887,471.500,44.481
2508,2508,83.600,922.567,479.447,87.035,45.231,538,1,610,497,57.547,46.887,471.500,44.481
2509,2509,83.633,922.555,479.381,87.033,45.225,539,1,610,497,57.547,46.887,471.500,44.481
2510,2510,83.667,922.519,479.404,87.030,45.227,542,1,610,497,57.547,46.887,471.500,44.481
2511,2511,83.700,922.574,479.286,87.035,45.216,538,1,610,497,57.547,46.887,471.500,44.481
2512,2512,83.733,922.613,479.253,87.039,45.213,534,1,610,497,57.547,46.887,471.500,44.481
2513,2513,83.767,922.452,479.249,87.024,45.212,536,1,610,497,57.547,46.887,471.500,44.481
2514,2514,83.800,922.593,479.249,87.037,45.212,533,1,610,497,57.547,46.887,471.500,44.481
2515,2515,83.833,922.595,479.256,87.037,45.213,533,1,610,497,57.547,46.887,471.500,44.481
2516,2516,83.867,922.527,479.122,87.031,45.200,541,1,610,497,57.547,46.887,471.500,44.481
2517,2517,83.900,922.523,478.940,87.030,45.183,538,1,610,497,57.547,46.887,471.500,44.481
2518,2518,83.933,922.528,478.767,87.031,45.167,513,1,610,497,57.547,46.887,471.500,44.481
2519,2519,83.967,922.339,478.608,87.013,45.152,515,1,610,497,57.547,46.887,471.500,44.481
2520,2520,84.000,922.247,478.501,87.004,45.142,500,1,610,497,57.547,46.887,471.500,44.481
2521,2521,84.033,922.064,477.800,86.987,45.075,480,1,610,497,57.547,46.887,471.500,44.481
2522,2522,84.067,921.690,477.695,86.952,45.066,489,1,610,497,57.547,46.887,471.500,44.481
2523,2523,84.100,921.564,477.475,86.940,45.045,480,1,610,497,57.547,46.887,471.500,44.481
2524,2524,84.133,921.376,477.465,86.922,45.044,470,1,610,497,57.547,46.887,471.500,44.481
2525,2525,84.167,921.233,477.402,86.909,45.038,471,1,610,497,57.547,46.887,471.500,44.481
2526,2526,84.200,921.222,477.402,86.908,45.038,470,1,610,497,57.547,46.887,471.500,44.481
2527,2527,84.233,921.258,477.457,86.911,45.043,467,1,610,497,57.547,46.887,471.500,44.481
2528,2528,84.267,921.188,477.652,86.905,45.061,478,1,610,497,57.547,46.887,471.500,44.481
2529,2529,84.300,921.029,477.635,86.890,45.060,477,1,610,497,57.547,46.887,471.500,44.481
2530,2530,84.333,921.084,477.761,86.895,45.072,465,1,610,497,57.547,46.887,471.500,44.481
2531,2531,84.367,920.866,477.440,86.874,45.042,483,1,610,497,57.547,46.887,471.500,44.481
2532,2532,84.400,920.786,477.390,86.867,45.037,483,1,610,497,57.547,46.887,471.500,44.481
2533,2533,84.433,920.738,477.265,86.862,45.025,485,1,610,497,57.547,46.887,471.500,44.481
2534,2534,84.467,920.553,476.724,86.845,44.974,495,1,610,497,57.547,46.887,471.500,44.481
2535,2535,84.500,920.359,476.239,86.826,44.928,509,1,610,497,57.547,46.887,471.500,44.481
2536,2536,84.533,920.313,476.206,86.822,44.925,508,1,610,497,57.547,46.887,471.500,44.481
2537,2537,84.567,920.072,475.637,86.799,44.871,522,1,610,497,57.547,46.887,471.500,44.481
2538,2538,84.600,919.846,475.154,86.778,44.826,533,1,610,497,57.547,46.887,471.500,44.481
2539,2539,84.633,919.971,475.160,86.790,44.826,530,1,610,497,57.547,46.887,471.500,44.481
2540,2540,84.667,919.861,474.937,86.779,44.805,535,1,610,497,57.547,46.887,471.500,44.481
2541,2541,84.700,919.585,474.654,86.753,44.779,553,1,610,497,57.547,46.887,471.500,44.481
2542,2542,84.733,919.623,474.437,86.757,44.758,543,1,610,497,57.547,46.887,471.500,44.481
2543,2543,84.767,919.443,474.152,86.740,44.731,553,1,610,497,57.547,46.887,471.500,44.481
2544,2544,84.800,919.244,473.818,86.721,44.700,558,1,610,497,57.547,46.887,471.500,44.481
2545,2545,84.833,919.246,473.605,86.721,44.680,538,1,610,497,57.547,46.887,471.500,44.481
2546,2546,84.867,918.884,473.261,86.687,44.647,544,1,610,497,57.547,46.887,471.500,44.481
2547,2547,84.900,918.559,472.764,86.656,44.600,527,1,610,497,57.547,46.887,471.500,44.481
2548,2548,84.933,918.264,472.411,86.629,44.567,499,1,610,497,57.547,46.887,471.500,44.481
2549,2549,84.967,918.099,472.162,86.613,44.544,495,1,610,497,57.547,46.887,471.500,44.481
2550,2550,85.000,917.718,471.650,86.577,44.495,490,1,610,497,57.547,46.887,471.500,44.481
2551,2551,85.033,917.760,471.397,86.581,44.471,471,1,610,497,57.547,46.887,471.500,44.481
2552,2552,85.067,917.934,471.546,86.598,44.485,480,1,610,497,57.547,46.887,471.500,44.481
2553,2553,85.100,917.966,471.359,86.601,44.468,486,1,610,497,57.547,46.887,471.500,44.481
2554,2554,85.133,918.142,471.269,86.617,44.459,471,1,610,497,57.547,46.887,471.500,44.481
2555,2555,85.167,918.200,471.360,86.623,44.468,472,1,610,497,57.547,46.887,471.500,44.481
2556,2556,85.200,918.465,471.537,86.648,44.485,474,1,610,497,57.547,46.887,471.500,44.481
2557,2557,85.233,918.641,471.552,86.664,44.486,463,1,610,497,57.547,46.887,471.500,44.481
2558,2558,85.267,918.597,471.571,86.660,44.488,466,1,610,497,57.547,46.887,471.500,44.481
2559,2559,85.300,918.402,471.327,86.642,44.465,476,1,610,497,57.547,46.887,471.500,44.481
2560,2560,85.333,918.520,471.405,86.653,44.472,471,1,610,497,57.547,46.887,471.500,44.481
2561,2561,85.367,918.459,471.255,86.647,44.458,478,1,610,497,57.547,46.887,471.500,44.481
2562,2562,85.400,918.233,470.867,86.626,44.421,494,1,610,497,57.547,46.887,471.500,44.481
2563,2563,85.433,918.006,470.456,86.604,44.383,498,1,610,497,57.547,46.887,471.500,44.481
2564,2564,85.467,917.859,470.151,86.590,44.354,511,1,610,497,57.547,46.887,471.500,44.481
2565,2565,85.500,917.663,469.803,86.572,44.321,521,1,610,497,57.547,46.887,471.500,44.481
2566,2566,85.533,917.455,469.544,86.552,44.297,525,1,610,497,57.547,46.887,471.500,44.481
2567,2567,85.567,917.300,469.323,86.538,44.276,528,1,610,497,57.547,46.887,471.500,44.481
2568,2568,85.600,916.812,468.820,86.492,44.228,541,1,610,497,57.547,46.887,471.500,44.481
2569,2569,85.633,916.710,468.546,86.482,44.202,541,1,610,497,57.547,46.887,471.500,44.481
2570,2570,85.667,916.637,468.402,86.475,44.189,544,1,610,497,57.547,46.887,471.500,44.481
2571,2571,85.700,916.415,468.222,86.454,44.172,555,1,610,497,57.547,46.887,471.500,44.481
2572,2572,85.733,916.379,468.128,86.451,44.163,554,1,610,497,57.547,46.887,471.500,44.481
2573,2573,85.767,916.477,468.189,86.460,44.169,555,1,610,497,57.547,46.887,471.500,44.481
2574,2574,85.800,916.500,468.063,86.462,44.157,558,1,610,497,57.547,46.887,471.500,44.481
2575,2575,85.833,916.209,467.416,86.435,44.096,548,1,610,497,57.547,46.887,471.500,44.481
2576,2576,85.867,916.282,467.524,86.442,44.106,547,1,610,497,57.547,46.887,471.500,44.481
2577,2577,85.900,916.252,467.516,86.439,44.105,558,1,610,497,57.547,46.887,471.500,44.481
2578,2578,85.933,916.309,467.572,86.444,44.111,556,1,610,497,57.547,46.887,471.500,44.481
2579,2579,85.967,916.129,467.242,86.427,44.079,555,1,610,497,57.547,46.887,471.500,44.481
2580,2580,86.000,915.955,467.013,86.411,44.058,570,1,610,497,57.547,46.887,471.500,44.481
2581,2581,86.033,915.689,466.789,86.386,44.037,569,1,610,497,57.547,46.887,471.500,44.481
2582,2582,86.067,915.462,466.350,86.364,43.995,555,1,610,497,57.547,46.887,471.500,44.481
2583,2583,86.100,915.268,466.190,86.346,43.980,559,1,610,497,57.547,46.887,471.500,44.481
2584,2584,86.133,914.994,465.478,86.320,43.913,540,1,610,497,57.547,46.887,471.500,44.481
2585,2585,86.167,914.604,464.805,86.283,43.850,521,1,610,497,57.547,46.887,471.500,44.481
2586,2586,86.200,914.327,464.364,86.257,43.808,521,1,610,497,57.547,46.887,471.500,44.481
2587,2587,86.233,913.948,463.786,86.222,43.753,511,1,610,497,57.547,46.887,471.500,44.481
2588,2588,86.267,914.112,463.771,86.237,43.752,486,1,610,497,57.547,46.887,471.500,44.481
2589,2589,86.300,914.127,463.693,86.238,43.745,492,1,610,497,57.547,46.887,471.500,44.481
2590,2590,86.333,914.068,463.620,86.233,43.738,492,1,610,497,57.547,46.887,471.500,44.481
2591,2591,86.367,914.055,463.472,86.232,43.724,474,1,610,497,57.547,46.887,471.500,44.481
2592,2592,86.400,914.126,463.573,86.238,43.733,485,1,610,497,57.547,46.887,471.500,44.481
2593,2593,86.433,914.199,463.551,86.245,43.731,486,1,610,497,57.547,46.887,471.500,44.481
2594,2594,86.467,914.321,463.735,86.257,43.749,475,1,610,497,57.547,46.887,471.500,44.481
2595,2595,86.500,914.358,463.703,86.260,43.746,485,1,610,497,57.547,46.887,471.500,44.481
2596,2596,86.533,914.347,463.610,86.259,43.737,485,1,610,497,57.547,46.887,471.500,44.481
2597,2597,86.567,914.308,463.526,86.255,43.729,493,1,610,497,57.547,46.887,471.500,44.481
2598,2598,86.600,913.970,462.971,86.224,43.676,510,1,610,497,57.547,46.887,471.500,44.481
2599,2599,86.633,913.822,462.675,86.210,43.649,519,1,610,497,57.547,46.887,471.500,44.481
2600,2600,86.667,913.663,462.290,86.195,43.612,514,1,610,497,57.547,46.887,471.500,44.481
2601,2601,86.700,913.382,461.832,86.168,43.569,528,1,610,497,57.547,46.887,471.500,44.481
2602,2602,86.733,913.242,461.563,86.155,43.544,533,1,610,497,57.547,46.887,471.500,44.481
2603,2603,86.767,913.165,461.440,86.148,43.532,522,1,610,497,57.547,46.887,471.500,44.481
2604,2604,86.800,913.068,461.328,86.138,43.521,528,1,610,497,57.547,46.887,471.500,44.481
2605,2605,86.833,912.881,460.881,86.121,43.479,544,1,610,497,57.547,46.887,471.500,44.481
2606,2606,86.867,912.433,460.116,86.079,43.407,547,1,610,497,57.547,46.887,471.500,44.481
2607,2607,86.900,912.266,459.866,86.063,43.384,550,1,610,497,57.547,46.887,471.500,44.481
2608,2608,86.933,912.039,459.504,86.041,43.349,562,1,610,497,57.547,46.887,471.500,44.481
2609,2609,86.967,912.037,459.504,86.041,43.349,562,1,610,497,57.547,46.887,471.500,44.481
2610,2610,87.000,911.690,458.917,86.008,43.294,571,1,610,497,57.547,46.887,471.500,44.481
2611,2611,87.033,911.660,458.886,86.006,43.291,575,1,610,497,57.547,46.887,471.500,44.481
2612,2612,87.067,911.703,458.946,86.010,43.297,565,1,610,497,57.547,46.887,471.500,44.481
2613,2613,87.100,911.697,458.954,86.009,43.298,566,1,610,497,57.547,46.887,471.500,44.481
2614,2614,87.133,911.621,458.842,86.002,43.287,576,1,610,497,57.547,46.887,471.500,44.481
2615,2615,87.167,911.663,458.899,86.006,43.292,570,1,610,497,57.547,46.887,471.500,44.481
2616,2616,87.200,911.712,458.948,86.011,43.297,568,1,610,497,57.547,46.887,471.500,44.481
2617,2617,87.233,911.609,458.798,86.001,43.283,576,1,610,497,57.547,46.887,471.500,44.481
2618,2618,87.267,911.564,458.688,85.997,43.272,571,1,610,497,57.547,46.887,471.500,44.481
2619,2619,87.300,911.561,458.717,85.996,43.275,570,1,610,497,57.547,46.887,471.500,44.481
2620,2620,87.333,911.490,458.617,85.990,43.266,587,1,610,497,57.547,46.887,471.500,44.481
2621,2621,87.367,911.625,458.857,86.002,43.288,574,1,610,497,57.547,46.887,471.500,44.481
2622,2622,87.400,911.699,458.951,86.009,43.297,576,1,610,497,57.547,46.887,471.500,44.481
2623,2623,87.433,911.592,458.873,85.999,43.290,582,1,610,497,57.547,46.887,471.500,44.481
2624,2624,87.467,911.727,459.053,86.012,43.307,578,1,610,497,57.547,46.887,471.500,44.481
2625,2625,87.500,911.850,459.232,86.024,43.324,575,1,610,497,57.547,46.887,471.500,44.481
2626,2626,87.533,911.874,459.236,86.026,43.324,579,1,610,497,57.547,46.887,471.500,44.481
2627,2627,87.567,911.920,459.407,86.030,43.340,568,1,610,497,57.547,46.887,471.500,44.481
2628,2628,87.600,911.998,459.551,86.038,43.354,566,1,610,497,57.547,46.887,471.500,44.481
2629,2629,87.633,912.089,459.602,86.046,43.359,575,1,610,497,57.547,46.887,471.500,44.481
2630,2630,87.667,912.130,459.620,86.050,43.360,566,1,610,497,57.547,46.887,471.500,44.481
2631,2631,87.700,912.205,459.787,86.057,43.376,559,1,610,497,57.547,46.887,471.500,44.481
2632,2632,87.733,912.117,459.572,86.049,43.356,571,1,610,497,57.547,46.887,471.500,44.481
2633,2633,87.767,912.223,459.691,86.059,43.367,567,1,610,497,57.547,46.887,471.500,44.481
2634,2634,87.800,912.437,460.029,86.079,43.399,555,1,610,497,57.547,46.887,471.500,44.481
2635,2635,87.833,912.462,460.001,86.081,43.396,561,1,610,497,57.547,46.887,471.500,44.481
2636,2636,87.867,912.769,460.331,86.110,43.427,545,1,610,497,57.547,46.887,471.500,44.481
2637,2637,87.900,912.999,460.563,86.132,43.449,542,1,610,497,57.547,46.887,471.500,44.481
2638,2638,87.933,913.075,460.598,86.139,43.453,554,1,610,497,57.547,46.887,471.500,44.481
2639,2639,87.967,913.254,460.754,86.156,43.467,542,1,610,497,57.547,46.887,471.500,44.481
2640,2640,88.000,913.536,461.290,86.183,43.518,529,1,610,497,57.547,46.887,471.500,44.481
2641,2641,88.033,913.973,461.799,86.224,43.566,529,1,610,497,57.547,46.887,471.500,44.481
2642,2642,88.067,914.128,462.139,86.238,43.598,520,1,610,497,57.547,46.887,471.500,44.481
2643,2643,88.100,914.132,462.293,86.239,43.613,507,1,610,497,57.547,46.887,471.500,44.481
2644,2644,88.133,914.161,462.408,86.242,43.623,515,1,610,497,57.547,46.887,471.500,44.481
2645,2645,88.167,914.161,462.415,86.242,43.624,514,1,610,497,57.547,46.887,471.500,44.481
2646,2646,88.200,914.264,462.454,86.251,43.628,513,1,610,497,57.547,46.887,471.500,44.481
2647,2647,88.233,914.266,462.429,86.251,43.625,514,1,610,497,57.547,46.887,471.500,44.481
2648,2648,88.267,914.318,462.282,86.256,43.612,519,1,610,497,57.547,46.887,471.500,44.481
2649,2649,88.300,914.439,462.450,86.268,43.627,508,1,610,497,57.547,46.887,471.500,44.481
2650,2650,88.333,914.454,462.303,86.269,43.614,517,1,610,497,57.547,46.887,471.500,44.481
2651,2651,88.367,914.474,462.335,86.271,43.616,516,1,610,497,57.547,46.887,471.500,44.481
2652,2652,88.400,914.554,462.391,86.279,43.622,509,1,610,497,57.547,46.887,471.500,44.481
2653,2653,88.433,914.562,462.225,86.279,43.606,520,1,610,497,57.547,46.887,471.500,44.481
2654,2654,88.467,914.602,462.197,86.283,43.603,523,1,610,497,57.547,46.887,471.500,44.481
2655,2655,88.500,914.692,462.246,86.292,43.608,516,1,610,497,57.547,46.887,471.500,44.481
2656,2656,88.533,914.610,462.129,86.284,43.597,523,1,610,497,57.547,46.887,471.500,44.481
2657,2657,88.567,914.658,461.958,86.288,43.581,524,1,610,497,57.547,46.887,471.500,44.481
2658,2658,88.600,914.732,461.911,86.295,43.576,520,1,610,497,57.547,46.887,471.500,44.481
2659,2659,88.633,914.680,461.613,86.291,43.548,530,1,610,497,57.547,46.887,471.500,44.481
2660,2660,88.667,914.644,461.636,86.287,43.551,527,1,610,497,57.547,46.887,471.500,44.481
2661,2661,88.700,914.711,461.795,86.294,43.566,522,1,610,497,57.547,46.887,471.500,44.481
2662,2662,88.733,914.721,461.517,86.294,43.539,534,1,610,497,57.547,46.887,471.500,44.481
2663,2663,88.767,914.710,461.093,86.293,43.499,530,1,610,497,57.547,46.887,471.500,44.481
2664,2664,88.800,914.514,460.805,86.275,43.472,512,1,610,497,57.547,46.887,471.500,44.481
2665,2665,88.833,914.425,460.443,86.267,43.438,513,1,610,497,57.547,46.887,471.500,44.481
2666,2666,88.867,914.239,459.875,86.249,43.384,508,1,610,497,57.547,46.887,471.500,44.481
2667,2667,88.900,914.016,459.030,86.228,43.305,500,1,610,497,57.547,46.887,471.500,44.481
2668,2668,88.933,913.833,458.269,86.211,43.233,487,1,610,497,57.547,46.887,471.500,44.481
2669,2669,88.967,913.716,457.653,86.200,43.175,487,1,610,497,57.547,46.887,471.500,44.481
2670,2670,89.000,913.554,457.041,86.184,43.117,460,1,610,497,57.547,46.887,471.500,44.481
2671,2671,89.033,913.687,457.178,86.197,43.130,465,1,610,497,57.547,46.887,471.500,44.481
2672,2672,89.067,913.559,456.867,86.185,43.101,463,1,610,497,57.547,46.887,471.500,44.481
2673,2673,89.100,913.317,457.051,86.162,43.118,451,1,610,497,57.547,46.887,471.500,44.481
2674,2674,89.133,913.064,456.866,86.138,43.101,458,1,610,497,57.547,46.887,471.500,44.481
2675,2675,89.167,912.812,456.634,86.114,43.079,462,1,610,497,57.547,46.887,471.500,44.481
2676,2676,89.200,912.621,456.773,86.096,43.092,455,1,610,497,57.547,46.887,471.500,44.481
2677,2677,89.233,912.624,457.042,86.097,43.117,460,1,610,497,57.547,46.887,471.500,44.481
2678,2678,89.267,912.606,456.696,86.095,43.085,464,1,610,497,57.547,46.887,471.500,44.481
2679,2679,89.300,912.648,456.821,86.099,43.096,456,1,610,497,57.547,46.887,471.500,44.481
2680,2680,89.333,912.768,456.838,86.110,43.098,465,1,610,497,57.547,46.887,471.500,44.481
2681,2681,89.367,912.861,456.727,86.119,43.087,470,1,610,497,57.547,46.887,471.500,44.481
2682,2682,89.400,912.897,456.485,86.122,43.065,470,1,610,497,57.547,46.887,471.500,44.481
2683,2683,89.433,912.957,456.195,86.128,43.037,463,1,610,497,57.547,46.887,471.500,44.481
2684,2684,89.467,913.063,455.599,86.138,42.981,475,1,610,497,57.547,46.887,471.500,44.481
2685,2685,89.500,913.174,455.236,86.148,42.947,484,1,610,497,57.547,46.887,471.500,44.481
2686,2686,89.533,913.210,455.045,86.152,42.929,492,1,610,497,57.547,46.887,471.500,44.481
2687,2687,89.567,913.308,454.607,86.161,42.887,506,1,610,497,57.547,46.887,471.500,44.481
2688,2688,89.600,913.401,454.059,86.170,42.836,496,1,610,497,57.547,46.887,471.500,44.481
2689,2689,89.633,913.434,453.910,86.173,42.822,501,1,610,497,57.547,46.887,471.500,44.481
2690,2690,89.667,913.555,453.530,86.184,42.786,516,1,610,497,57.547,46.887,471.500,44.481
2691,2691,89.700,913.590,453.584,86.188,42.791,516,1,610,497,57.547,46.887,471.500,44.481
2692,2692,89.733,913.694,453.129,86.198,42.748,522,1,610,497,57.547,46.887,471.500,44.481
2693,2693,89.767,913.782,452.729,86.206,42.710,535,1,610,497,57.547,46.887,471.500,44.481
2694,2694,89.800,913.823,452.514,86.210,42.690,534,1,610,497,57.547,46.887,471.500,44.481
2695,2695,89.833,913.856,452.188,86.213,42.659,544,1,610,497,57.547,46.887,471.500,44.481
2696,2696,89.867,913.895,451.827,86.217,42.625,552,1,610,497,57.547,46.887,471.500,44.481
2697,2697,89.900,913.919,451.706,86.219,42.614,549,1,610,497,57.547,46.887,471.500,44.481
2698,2698,89.933,913.872,451.774,86.214,42.620,539,1,610,497,57.547,46.887,471.500,44.481
2699,2699,89.967,913.904,451.488,86.217,42.593,540,1,610,497,57.547,46.887,471.500,44.481
2700,2700,90.000,913.953,450.972,86.222,42.545,528,1,610,497,57.547,46.887,471.500,44.481
2701,2701,90.033,914.109,450.524,86.237,42.502,517,1,610,497,57.547,46.887,471.500,44.481
2702,2702,90.067,914.077,450.001,86.234,42.453,540,1,610,497,57.547,46.887,471.500,44.481
2703,2703,90.100,914.059,449.553,86.232,42.411,532,1,610,497,57.547,46.887,471.500,44.481
2704,2704,90.133,914.051,449.277,86.231,42.385,521,1,610,497,57.547,46.887,471.500,44.481
2705,2705,90.167,914.066,448.895,86.233,42.349,516,1,610,497,57.547,46.887,471.500,44.481
2706,2706,90.200,913.969,448.306,86.224,42.293,483,1,610,497,57.547,46.887,471.500,44.481
2707,2707,90.233,913.851,447.818,86.212,42.247,467,1,610,497,57.547,46.887,471.500,44.481
2708,2708,90.267,913.789,447.696,86.207,42.235,474,1,610,497,57.547,46.887,471.500,44.481
2709,2709,90.300,913.713,447.510,86.199,42.218,468,1,610,497,57.547,46.887,471.500,44.481
2710,2710,90.333,913.472,447.713,86.177,42.237,453,1,610,497,57.547,46.887,471.500,44.481
2711,2711,90.367,913.336,447.502,86.164,42.217,467,1,610,497,57.547,46.887,471.500,44.481
2712,2712,90.400,913.214,447.556,86.152,42.222,469,1,610,497,57.547,46.887,471.500,44.481
2713,2713,90.433,913.006,447.730,86.133,42.239,461,1,610,497,57.547,46.887,471.500,44.481
2714,2714,90.467,912.948,447.671,86.127,42.233,470,1,610,497,57.547,46.887,471.500,44.481
2715,2715,90.500,912.954,447.677,86.128,42.234,471,1,610,497,57.547,46.887,471.500,44.481
2716,2716,90.533,913.050,447.731,86.137,42.239,463,1,610,497,57.547,46.887,471.500,44.481
2717,2717,90.567,913.096,447.628,86.141,42.229,466,1,610,497,57.547,46.887,471.500,44.481
2718,2718,90.600,913.124,447.506,86.144,42.218,468,1,610,497,57.547,46.887,471.500,44.481
2719,2719,90.633,913.253,447.340,86.156,42.202,464,1,610,497,57.547,46.887,471.500,44.481
2720,2720,90.667,913.551,446.237,86.184,42.098,491,1,610,497,57.547,46.887,471.500,44.481
2721,2721,90.700,913.715,445.851,86.200,42.061,500,1,610,497,57.547,46.887,471.500,44.481
2722,2722,90.733,913.779,445.738,86.206,42.051,500,1,610,497,57.547,46.887,471.500,44.481
2723,2723,90.767,913.957,445.208,86.222,42.001,518,1,610,497,57.547,46.887,471.500,44.481
2724,2724,90.800,914.155,444.721,86.241,41.955,531,1,610,497,57.547,46.887,471.500,44.481
2725,2725,90.833,914.284,444.391,86.253,41.924,519,1,610,497,57.547,46.887,471.500,44.481
2726,2726,90.867,914.321,444.135,86.257,41.900,536,1,610,497,57.547,46.887,471.500,44.481
2727,2727,90.900,914.462,443.736,86.270,41.862,542,1,610,497,57.547,46.887,471.500,44.481
2728,2728,90.933,914.579,443.421,86.281,41.832,533,1,610,497,57.547,46.887,471.500,44.481
2729,2729,90.967,914.706,443.057,86.293,41.798,542,1,610,497,57.547,46.887,471.500,44.481
2730,2730,91.000,914.779,442.774,86.300,41.771,547,1,610,497,57.547,46.887,471.500,44.481
2731,2731,91.033,914.775,442.831,86.300,41.777,543,1,610,497,57.547,46.887,471.500,44.481
2732,2732,91.067,914.752,442.646,86.297,41.759,550,1,610,497,57.547,46.887,471.500,44.481
2733,2733,91.100,914.796,442.587,86.301,41.753,555,1,610,497,57.547,46.887,471.500,44.481
2734,2734,91.133,914.729,442.504,86.295,41.746,545,1,610,497,57.547,46.887,471.500,44.481
2735,2735,91.167,914.751,442.598,86.297,41.754,551,1,610,497,57.547,46.887,471.500,44.481
2736,2736,91.200,914.774,442.467,86.299,41.742,557,1,610,497,57.547,46.887,471.500,44.481
2737,2737,91.233,914.760,442.570,86.298,41.752,551,1,610,497,57.547,46.887,471.500,44.481
2738,2738,91.267,914.802,442.311,86.302,41.727,552,1,610,497,57.547,46.887,471.500,44.481
2739,2739,91.300,914.846,442.129,86.306,41.710,557,1,610,497,57.547,46.887,471.500,44.481
2740,2740,91.333,914.891,441.963,86.310,41.695,550,1,610,497,57.547,46.887,471.500,44.481
2741,2741,91.367,914.878,441.977,86.309,41.696,551,1,610,497,57.547,46.887,471.500,44.481
2742,2742,91.400,914.870,441.959,86.308,41.694,557,1,610,497,57.547,46.887,471.500,44.481
2743,2743,91.433,914.922,441.683,86.313,41.668,547,1,610,497,57.547,46.887,471.500,44.481
2744,2744,91.467,914.872,441.914,86.309,41.690,553,1,610,497,57.547,46.887,471.500,44.481
2745,2745,91.500,914.828,441.888,86.305,41.688,552,1,610,497,57.547,46.887,471.500,44.481
2746,2746,91.533,914.842,441.916,86.306,41.690,550,1,610,497,57.547,46.887,471.500,44.481
2747,2747,91.567,914.842,441.919,86.306,41.690,550,1,610,497,57.547,46.887,471.500,44.481
2748,2748,91.600,914.873,441.727,86.309,41.672,562,1,610,497,57.547,46.887,471.500,44.481
2749,2749,91.633,914.862,441.940,86.308,41.692,550,1,610,497,57.547,46.887,471.500,44.481
2750,2750,91.667,914.841,441.961,86.306,41.694,551,1,610,497,57.547,46.887,471.500,44.481
2751,2751,91.700,914.880,441.842,86.309,41.683,556,1,610,497,57.547,46.887,471.500,44.481
2752,2752,91.733,914.977,441.362,86.319,41.638,544,1,610,497,57.547,46.887,471.500,44.481
2753,2753,91.767,915.033,441.444,86.324,41.646,554,1,610,497,57.547,46.887,471.500,44.481
2754,2754,91.800,915.110,441.158,86.331,41.619,553,1,610,497,57.547,46.887,471.500,44.481
2755,2755,91.833,915.206,441.039,86.340,41.607,543,1,610,497,57.547,46.887,471.500,44.481
2756,2756,91.867,915.242,441.134,86.344,41.616,545,1,610,497,57.547,46.887,471.500,44.481
2757,2757,91.900,915.238,441.122,86.343,41.615,549,1,610,497,57.547,46.887,471.500,44.481
2758,2758,91.933,915.492,440.711,86.367,41.576,523,1,610,497,57.547,46.887,471.500,44.481
2759,2759,91.967,915.467,440.927,86.365,41.597,513,1,610,497,57.547,46.887,471.500,44.481
2760,2760,92.000,915.627,440.546,86.380,41.561,526,1,610,497,57.547,46.887,471.500,44.481
2761,2761,92.033,915.872,440.026,86.403,41.512,516,1,610,497,57.547,46.887,471.500,44.481
2762,2762,92.067,915.714,440.587,86.388,41.565,518,1,610,497,57.547,46.887,471.500,44.481
2763,2763,92.100,915.607,441.068,86.378,41.610,530,1,610,497,57.547,46.887,471.500,44.481
2764,2764,92.133,915.536,441.337,86.371,41.636,524,1,610,497,57.547,46.887,471.500,44.481
2765,2765,92.167,915.394,442.018,86.358,41.700,511,1,610,497,57.547,46.887,471.500,44.481
2766,2766,92.200,915.423,442.044,86.361,41.702,521,1,610,497,57.547,46.887,471.500,44.481
2767,2767,92.233,915.430,442.180,86.361,41.715,519,1,610,497,57.547,46.887,471.500,44.481
2768,2768,92.267,915.457,442.506,86.364,41.746,518,1,610,497,57.547,46.887,471.500,44.481
2769,2769,92.300,915.146,443.085,86.335,41.801,521,1,610,497,57.547,46.887,471.500,44.481
2770,2770,92.333,914.755,443.913,86.298,41.879,499,1,610,497,57.547,46.887,471.500,44.481
2771,2771,92.367,914.606,443.950,86.284,41.882,501,1,610,497,57.547,46.887,471.500,44.481
2772,2772,92.400,914.675,444.128,86.290,41.899,510,1,610,497,57.547,46.887,471.500,44.481
2773,2773,92.433,914.671,444.159,86.290,41.902,511,1,610,497,57.547,46.887,471.500,44.481
2774,2774,92.467,914.652,444.338,86.288,41.919,507,1,610,497,57.547,46.887,471.500,44.481
2775,2775,92.500,914.749,444.157,86.297,41.902,508,1,610,497,57.547,46.887,471.500,44.481
2776,2776,92.533,914.722,444.250,86.294,41.910,505,1,610,497,57.547,46.887,471.500,44.481
2777,2777,92.567,914.701,444.473,86.293,41.931,499,1,610,497,57.547,46.887,471.500,44.481
2778,2778,92.600,914.774,444.583,86.299,41.942,495,1,610,497,57.547,46.887,471.500,44.481
2779,2779,92.633,914.871,444.625,86.309,41.946,497,1,610,497,57.547,46.887,471.500,44.481
2780,2780,92.667,914.904,444.948,86.312,41.976,488,1,610,497,57.547,46.887,471.500,44.481
2781,2781,92.700,914.922,445.158,86.313,41.996,489,1,610,497,57.547,46.887,471.500,44.481
2782,2782,92.733,915.077,444.847,86.328,41.967,498,1,610,497,57.547,46.887,471.500,44.481
2783,2783,92.767,915.216,444.806,86.341,41.963,485,1,610,497,57.547,46.887,471.500,44.481
2784,2784,92.800,915.277,444.747,86.347,41.957,487,1,610,497,57.547,46.887,471.500,44.481
2785,2785,92.833,915.686,444.093,86.385,41.896,489,1,610,497,57.547,46.887,471.500,44.481
2786,2786,92.867,915.869,443.679,86.403,41.856,471,1,610,497,57.547,46.887,471.500,44.481
2787,2787,92.900,916.094,443.292,86.424,41.820,468,1,610,497,57.547,46.887,471.500,44.481
2788,2788,92.933,916.364,442.642,86.449,41.759,454,1,610,497,57.547,46.887,471.500,44.481
2789,2789,92.967,916.397,442.413,86.453,41.737,444,1,610,497,57.547,46.887,471.500,44.481
2790,2790,93.000,916.334,442.301,86.447,41.727,447,1,610,497,57.547,46.887,471.500,44.481
2791,2791,93.033,916.409,441.933,86.454,41.692,455,1,610,497,57.547,46.887,471.500,44.481
2792,2792,93.067,916.360,441.762,86.449,41.676,444,1,610,497,57.547,46.887,471.500,44.481
2793,2793,93.100,916.361,441.584,86.449,41.659,453,1,610,497,57.547,46.887,471.500,44.481
2794,2794,93.133,916.410,441.428,86.454,41.644,453,1,610,497,57.547,46.887,471.500,44.481
2795,2795,93.167,916.496,441.469,86.462,41.648,447,1,610,497,57.547,46.887,471.500,44.481
2796,2796,93.200,916.392,441.492,86.452,41.650,447,1,610,497,57.547,46.887,471.500,44.481
2797,2797,93.233,916.490,441.431,86.461,41.644,458,1,610,497,57.547,46.887,471.500,44.481
2798,2798,93.267,916.679,441.255,86.479,41.628,452,1,610,497,57.547,46.887,471.500,44.481
2799,2799,93.300,916.788,441.297,86.489,41.632,463,1,610,497,57.547,46.887,471.500,44.481
2800,2800,93.333,917.038,441.122,86.513,41.615,472,1,610,497,57.547,46.887,471.500,44.481
2801,2801,93.367,917.148,440.984,86.523,41.602,458,1,610,497,57.547,46.887,471.500,44.481
2802,2802,93.400,917.292,440.973,86.537,41.601,476,1,610,497,57.547,46.887,471.500,44.481
2803,2803,93.433,917.368,440.761,86.544,41.581,493,1,610,497,57.547,46.887,471.500,44.481
2804,2804,93.467,917.642,440.564,86.570,41.563,492,1,610,497,57.547,46.887,471.500,44.481
2805,2805,93.500,917.856,440.414,86.590,41.548,497,1,610,497,57.547,46.887,471.500,44.481
2806,2806,93.533,918.327,440.079,86.635,41.517,511,1,610,497,57.547,46.887,471.500,44.481
2807,2807,93.567,918.515,439.942,86.652,41.504,512,1,610,497,57.547,46.887,471.500,44.481
2808,2808,93.600,918.624,439.660,86.663,41.477,508,1,610,497,57.547,46.887,471.500,44.481
2809,2809,93.633,918.870,439.652,86.686,41.477,529,1,610,497,57.547,46.887,471.500,44.481
2810,2810,93.667,918.990,439.503,86.697,41.463,522,1,610,497,57.547,46.887,471.500,44.481
2811,2811,93.700,919.183,439.447,86.715,41.457,527,1,610,497,57.547,46.887,471.500,44.481
2812,2812,93.733,919.354,439.409,86.732,41.454,540,1,610,497,57.547,46.887,471.500,44.481
2813,2813,93.767,919.399,439.351,86.736,41.448,537,1,610,497,57.547,46.887,471.500,44.481
2814,2814,93.800,919.470,439.283,86.742,41.442,537,1,610,497,57.547,46.887,471.500,44.481
2815,2815,93.833,919.791,438.820,86.773,41.398,547,1,610,497,57.547,46.887,471.500,44.481
2816,2816,93.867,919.905,438.631,86.783,41.380,544,1,610,497,57.547,46.887,471.500,44.481
2817,2817,93.900,919.904,438.632,86.783,41.380,544,1,610,497,57.547,46.887,471.500,44.481
2818,2818,93.933,919.888,438.620,86.782,41.379,543,1,610,497,57.547,46.887,471.500,44.481
2819,2819,93.967,919.859,438.560,86.779,41.374,540,1,610,497,57.547,46.887,471.500,44.481
2820,2820,94.000,919.863,438.569,86.780,41.374,540,1,610,497,57.547,46.887,471.500,44.481
2821,2821,94.033,920.007,438.503,86.793,41.368,561,1,610,497,57.547,46.887,471.500,44.481
2822,2822,94.067,920.132,438.371,86.805,41.356,551,1,610,497,57.547,46.887,471.500,44.481
2823,2823,94.100,919.973,438.545,86.790,41.372,553,1,610,497,57.547,46.887,471.500,44.481
2824,2824,94.133,920.134,438.498,86.805,41.368,558,1,610,497,57.547,46.887,471.500,44.481
2825,2825,94.167,920.134,438.498,86.805,41.368,558,1,610,497,57.547,46.887,471.500,44.481
2826,2826,94.200,920.151,438.423,86.807,41.361,556,1,610,497,57.547,46.887,471.500,44.481
2827,2827,94.233,920.164,438.415,86.808,41.360,556,1,610,497,57.547,46.887,471.500,44.481
2828,2828,94.267,920.200,438.289,86.811,41.348,551,1,610,497,57.547,46.887,471.500,44.481
2829,2829,94.300,920.129,438.293,86.805,41.348,545,1,610,497,57.547,46.887,471.500,44.481
2830,2830,94.333,920.147,438.417,86.806,41.360,550,1,610,497,57.547,46.887,471.500,44.481
2831,2831,94.367,920.199,438.277,86.811,41.347,546,1,610,497,57.547,46.887,471.500,44.481
2832,2832,94.400,920.232,438.254,86.814,41.345,548,1,610,497,57.547,46.887,471.500,44.481
2833,2833,94.433,920.446,438.070,86.835,41.327,560,1,610,497,57.547,46.887,471.500,44.481
2834,2834,94.467,920.419,438.052,86.832,41.326,552,1,610,497,57.547,46.887,471.500,44.481
2835,2835,94.500,920.675,437.788,86.856,41.301,539,1,610,497,57.547,46.887,471.500,44.481
2836,2836,94.533,921.100,437.500,86.896,41.274,544,1,610,497,57.547,46.887,471.500,44.481
2837,2837,94.567,921.614,436.971,86.945,41.224,518,1,610,497,57.547,46.887,471.500,44.481
2838,2838,94.600,921.858,436.350,86.968,41.165,482,1,610,497,57.547,46.887,471.500,44.481
2839,2839,94.633,922.137,435.884,86.994,41.121,492,1,610,497,57.547,46.887,471.500,44.481
2840,2840,94.667,922.263,435.498,87.006,41.085,483,1,610,497,57.547,46.887,471.500,44.481
2841,2841,94.700,922.213,435.339,87.001,41.070,477,1,610,497,57.547,46.887,471.500,44.481
2842,2842,94.733,921.997,435.210,86.981,41.058,486,1,610,497,57.547,46.887,471.500,44.481
2843,2843,94.767,921.933,435.021,86.975,41.040,489,1,610,497,57.547,46.887,471.500,44.481
2844,2844,94.800,921.668,435.090,86.950,41.046,471,1,610,497,57.547,46.887,471.500,44.481
2845,2845,94.833,921.738,435.084,86.956,41.046,487,1,610,497,57.547,46.887,471.500,44.481
2846,2846,94.867,921.769,434.941,86.959,41.032,479,1,610,497,57.547,46.887,471.500,44.481
2847,2847,94.900,921.699,434.979,86.953,41.036,468,1,610,497,57.547,46.887,471.500,44.481
2848,2848,94.933,921.705,434.962,86.953,41.034,483,1,610,497,57.547,46.887,471.500,44.481
2849,2849,94.967,921.827,434.866,86.965,41.025,486,1,610,497,57.547,46.887,471.500,44.481
2850,2850,95.000,922.097,434.665,86.990,41.006,480,1,610,497,57.547,46.887,471.500,44.481
2851,2851,95.033,922.633,434.417,87.041,40.983,503,1,610,497,57.547,46.887,471.500,44.481
2852,2852,95.067,923.174,433.965,87.092,40.940,523,1,610,497,57.547,46.887,471.500,44.481
2853,2853,95.100,923.270,433.857,87.101,40.930,509,1,610,497,57.547,46.887,471.500,44.481
2854,2854,95.133,923.883,433.449,87.159,40.891,536,1,610,497,57.547,46.887,471.500,44.481
2855,2855,95.167,924.032,433.318,87.173,40.879,539,1,610,497,57.547,46.887,471.500,44.481
2856,2856,95.200,924.263,433.114,87.195,40.860,534,1,610,497,57.547,46.887,471.500,44.481
2857,2857,95.233,924.639,432.940,87.230,40.843,550,1,610,497,57.547,46.887,471.500,44.481
2858,2858,95.267,925.091,432.611,87.273,40.812,560,1,610,497,57.547,46.887,471.500,44.481
2859,2859,95.300,925.277,432.456,87.290,40.798,548,1,610,497,57.547,46.887,471.500,44.481
2860,2860,95.333,925.642,432.265,87.325,40.780,557,1,610,497,57.547,46.887,471.500,44.481
2861,2861,95.367,926.093,431.987,87.367,40.754,575,1,610,497,57.547,46.887,471.500,44.481
2862,2862,95.400,926.034,432.085,87.362,40.763,564,1,610,497,57.547,46.887,471.500,44.481
2863,2863,95.433,926.146,432.032,87.372,40.758,560,1,610,497,57.547,46.887,471.500,44.481
2864,2864,95.467,926.473,431.869,87.403,40.742,567,1,610,497,57.547,46.887,471.500,44.481
2865,2865,95.500,926.235,432.009,87.381,40.756,559,1,610,497,57.547,46.887,471.500,44.481
2866,2866,95.533,926.163,432.047,87.374,40.759,564,1,610,497,57.547,46.887,471.500,44.481
2867,2867,95.567,926.167,432.084,87.374,40.763,569,1,610,497,57.547,46.887,471.500,44.481
2868,2868,95.600,926.235,432.019,87.381,40.756,568,1,610,497,57.547,46.887,471.500,44.481
2869,2869,95.633,926.558,431.827,87.411,40.738,574,1,610,497,57.547,46.887,471.500,44.481
2870,2870,95.667,926.741,431.708,87.428,40.727,578,1,610,497,57.547,46.887,471.500,44.481
2871,2871,95.700,926.619,431.752,87.417,40.731,574,1,610,497,57.547,46.887,471.500,44.481
2872,2872,95.733,926.608,431.721,87.416,40.728,576,1,610,497,57.547,46.887,471.500,44.481
2873,2873,95.767,926.622,431.811,87.417,40.737,574,1,610,497,57.547,46.887,471.500,44.481
2874,2874,95.800,926.545,431.826,87.410,40.738,569,1,610,497,57.547,46.887,471.500,44.481
2875,2875,95.833,926.782,431.615,87.432,40.718,578,1,610,497,57.547,46.887,471.500,44.481
2876,2876,95.867,927.223,431.344,87.474,40.693,587,1,610,497,57.547,46.887,471.500,44.481
2877,2877,95.900,927.046,431.419,87.457,40.700,584,1,610,497,57.547,46.887,471.500,44.481
2878,2878,95.933,926.660,431.595,87.421,40.717,573,1,610,497,57.547,46.887,471.500,44.481
2879,2879,95.967,926.294,431.748,87.386,40.731,571,1,610,497,57.547,46.887,471.500,44.481
2880,2880,96.000,926.268,431.646,87.384,40.721,561,1,610,497,57.547,46.887,471.500,44.481
2881,2881,96.033,926.267,431.704,87.384,40.727,549,1,610,497,57.547,46.887,471.500,44.481
2882,2882,96.067,926.069,431.741,87.365,40.730,553,1,610,497,57.547,46.887,471.500,44.481
2883,2883,96.100,925.831,431.718,87.343,40.728,544,1,610,497,57.547,46.887,471.500,44.481
2884,2884,96.133,925.422,431.805,87.304,40.736,537,1,610,497,57.547,46.887,471.500,44.481
2885,2885,96.167,924.837,432.202,87.249,40.774,529,1,610,497,57.547,46.887,471.500,44.481
2886,2886,96.200,923.972,432.802,87.167,40.830,507,1,610,497,57.547,46.887,471.500,44.481
2887,2887,96.233,923.290,433.311,87.103,40.878,487,1,610,497,57.547,46.887,471.500,44.481
2888,2888,96.267,923.007,433.658,87.076,40.911,478,1,610,497,57.547,46.887,471.500,44.481
2889,2889,96.300,922.905,433.981,87.067,40.942,469,1,610,497,57.547,46.887,471.500,44.481
2890,2890,96.333,922.879,434.055,87.064,40.949,466,1,610,497,57.547,46.887,471.500,44.481
2891,2891,96.367,922.785,434.019,87.055,40.945,482,1,610,497,57.547,46.887,471.500,44.481
2892,2892,96.400,922.864,433.840,87.063,40.928,480,1,610,497,57.547,46.887,471.500,44.481
2893,2893,96.433,922.657,434.029,87.043,40.946,465,1,610,497,57.547,46.887,471.500,44.481
2894,2894,96.467,922.614,433.911,87.039,40.935,482,1,610,497,57.547,46.887,471.500,44.481
2895,2895,96.500,922.417,433.990,87.020,40.942,483,1,610,497,57.547,46.887,471.500,44.481
2896,2896,96.533,922.093,434.214,86.990,40.964,470,1,610,497,57.547,46.887,471.500,44.481
2897,2897,96.567,921.942,434.068,86.976,40.950,484,1,610,497,57.547,46.887,471.500,44.481
2898,2898,96.600,921.732,434.122,86.956,40.955,482,1,610,497,57.547,46.887,471.500,44.481
2899,2899,96.633,921.698,434.087,86.953,40.952,471,1,610,497,57.547,46.887,471.500,44.481
2900,2900,96.667,921.752,433.846,86.958,40.929,482,1,610,497,57.547,46.887,471.500,44.481
2901,2901,96.700,921.837,433.714,86.966,40.916,485,1,610,497,57.547,46.887,471.500,44.481
2902,2902,96.733,921.885,433.592,86.970,40.905,482,1,610,497,57.547,46.887,471.500,44.481
2903,2903,96.767,921.952,433.252,86.977,40.873,498,1,610,497,57.547,46.887,471.500,44.481
2904,2904,96.800,921.996,433.223,86.981,40.870,497,1,610,497,57.547,46.887,471.500,44.481
2905,2905,96.833,921.998,433.264,86.981,40.874,493,1,610,497,57.547,46.887,471.500,44.481
2906,2906,96.867,922.067,433.051,86.987,40.854,507,1,610,497,57.547,46.887,471.500,44.481
2907,2907,96.900,921.984,432.984,86.980,40.848,505,1,610,497,57.547,46.887,471.500,44.481
2908,2908,96.933,921.865,433.041,86.968,40.853,498,1,610,497,57.547,46.887,471.500,44.481
2909,2909,96.967,921.843,432.756,86.966,40.826,505,1,610,497,57.547,46.887,471.500,44.481
2910,2910,97.000,921.734,432.704,86.956,40.821,507,1,610,497,57.547,46.887,471.500,44.481
2911,2911,97.033,921.734,432.734,86.956,40.824,491,1,610,497,57.547,46.887,471.500,44.481
2912,2912,97.067,921.703,432.818,86.953,40.832,508,1,610,497,57.547,46.887,471.500,44.481
2913,2913,97.100,921.773,432.591,86.960,40.810,511,1,610,497,57.547,46.887,471.500,44.481
2914,2914,97.133,921.734,432.329,86.956,40.786,502,1,610,497,57.547,46.887,471.500,44.481
2915,2915,97.167,921.814,432.165,86.964,40.770,518,1,610,497,57.547,46.887,471.500,44.481
2916,2916,97.200,921.766,432.244,86.959,40.778,521,1,610,497,57.547,46.887,471.500,44.481
2917,2917,97.233,921.897,432.128,86.971,40.767,511,1,610,497,57.547,46.887,471.500,44.481
2918,2918,97.267,921.788,432.217,86.961,40.775,527,1,610,497,57.547,46.887,471.500,44.481
2919,2919,97.300,921.787,432.130,86.961,40.767,529,1,610,497,57.547,46.887,471.500,44.481
2920,2920,97.333,921.726,432.197,86.955,40.773,520,1,610,497,57.547,46.887,471.500,44.481
2921,2921,97.367,921.645,432.209,86.948,40.774,532,1,610,497,57.547,46.887,471.500,44.481
2922,2922,97.400,921.729,431.789,86.956,40.735,543,1,610,497,57.547,46.887,471.500,44.481
2923,2923,97.433,921.804,431.693,86.963,40.726,533,1,610,497,57.547,46.887,471.500,44.481
2924,2924,97.467,921.844,431.436,86.966,40.702,540,1,610,497,57.547,46.887,471.500,44.481
2925,2925,97.500,921.882,431.165,86.970,40.676,547,1,610,497,57.547,46.887,471.500,44.481
2926,2926,97.533,921.894,431.081,86.971,40.668,538,1,610,497,57.547,46.887,471.500,44.481
2927,2927,97.567,921.702,431.243,86.953,40.683,533,1,610,497,57.547,46.887,471.500,44.481
2928,2928,97.600,921.758,431.128,86.958,40.672,543,1,610,497,57.547,46.887,471.500,44.481
2929,2929,97.633,921.711,431.050,86.954,40.665,535,1,610,497,57.547,46.887,471.500,44.481
2930,2930,97.667,921.740,430.936,86.957,40.654,542,1,610,497,57.547,46.887,471.500,44.481
2931,2931,97.700,921.703,430.821,86.953,40.643,547,1,610,497,57.547,46.887,471.500,44.481
2932,2932,97.733,921.658,430.753,86.949,40.637,532,1,610,497,57.547,46.887,471.500,44.481
2933,2933,97.767,921.254,430.782,86.911,40.640,528,1,610,497,57.547,46.887,471.500,44.481
2934,2934,97.800,920.893,430.621,86.877,40.625,521,1,610,497,57.547,46.887,471.500,44.481
2935,2935,97.833,920.460,430.839,86.836,40.645,502,1,610,497,57.547,46.887,471.500,44.481
2936,2936,97.867,919.997,431.045,86.792,40.665,486,1,610,497,57.547,46.887,471.500,44.481
2937,2937,97.900,919.610,430.926,86.756,40.653,505,1,610,497,57.547,46.887,471.500,44.481
2938,2938,97.933,919.296,431.179,86.726,40.677,481,1,610,497,57.547,46.887,471.500,44.481
2939,2939,97.967,918.955,431.042,86.694,40.664,491,1,610,497,57.547,46.887,471.500,44.481
2940,2940,98.000,918.860,430.763,86.685,40.638,494,1,610,497,57.547,46.887,471.500,44.481
2941,2941,98.033,918.867,430.516,86.686,40.615,492,1,610,497,57.547,46.887,471.500,44.481
2942,2942,98.067,918.931,430.253,86.692,40.590,497,1,610,497,57.547,46.887,471.500,44.481
2943,2943,98.100,918.919,429.793,86.690,40.547,512,1,610,497,57.547,46.887,471.500,44.481
2944,2944,98.133,918.920,429.668,86.691,40.535,515,1,610,497,57.547,46.887,471.500,44.481
2945,2945,98.167,918.894,429.406,86.688,40.510,523,1,610,497,57.547,46.887,471.500,44.481
2946,2946,98.200,918.870,428.954,86.686,40.467,527,1,610,497,57.547,46.887,471.500,44.481
2947,2947,98.233,918.910,428.788,86.690,40.452,523,1,610,497,57.547,46.887,471.500,44.481
2948,2948,98.267,918.906,428.649,86.689,40.439,528,1,610,497,57.547,46.887,471.500,44.481
2949,2949,98.300,918.886,427.842,86.687,40.362,539,1,610,497,57.547,46.887,471.500,44.481
2950,2950,98.333,919.001,427.428,86.698,40.323,538,1,610,497,57.547,46.887,471.500,44.481
2951,2951,98.367,918.973,426.976,86.696,40.281,552,1,610,497,57.547,46.887,471.500,44.481
2952,2952,98.400,918.976,426.760,86.696,40.260,558,1,610,497,57.547,46.887,471.500,44.481
2953,2953,98.433,919.029,426.415,86.701,40.228,555,1,610,497,57.547,46.887,471.500,44.481
2954,2954,98.467,919.213,426.085,86.718,40.197,534,1,610,497,57.547,46.887,471.500,44.481
2955,2955,98.500,919.213,425.541,86.718,40.145,528,1,610,497,57.547,46.887,471.500,44.481
2956,2956,98.533,919.486,425.185,86.744,40.112,512,1,610,497,57.547,46.887,471.500,44.481
2957,2957,98.567,919.747,424.631,86.769,40.060,483,1,610,497,57.547,46.887,471.500,44.481
2958,2958,98.600,919.863,424.488,86.779,40.046,490,1,610,497,57.547,46.887,471.500,44.481
2959,2959,98.633,920.080,424.237,86.800,40.022,484,1,610,497,57.547,46.887,471.500,44.481
2960,2960,98.667,920.354,424.127,86.826,40.012,466,1,610,497,57.547,46.887,471.500,44.481
2961,2961,98.700,920.593,423.772,86.848,39.979,477,1,610,497,57.547,46.887,471.500,44.481
2962,2962,98.733,920.820,423.669,86.870,39.969,471,1,610,497,57.547,46.887,471.500,44.481
2963,2963,98.767,921.053,423.654,86.892,39.967,465,1,610,497,57.547,46.887,471.500,44.481
2964,2964,98.800,921.094,423.634,86.896,39.966,469,1,610,497,57.547,46.887,471.500,44.481
2965,2965,98.833,921.072,423.569,86.894,39.959,468,1,610,497,57.547,46.887,471.500,44.481
2966,2966,98.867,921.194,423.464,86.905,39.949,462,1,610,497,57.547,46.887,471.500,44.481
2967,2967,98.900,921.139,423.701,86.900,39.972,458,1,610,497,57.547,46.887,471.500,44.481
2968,2968,98.933,921.087,423.532,86.895,39.956,463,1,610,497,57.547,46.887,471.500,44.481
2969,2969,98.967,920.981,423.563,86.885,39.959,454,1,610,497,57.547,46.887,471.500,44.481
2970,2970,99.000,920.836,423.582,86.871,39.961,456,1,610,497,57.547,46.887,471.500,44.481
2971,2971,99.033,920.703,423.247,86.859,39.929,468,1,610,497,57.547,46.887,471.500,44.481
2972,2972,99.067,920.683,422.944,86.857,39.900,462,1,610,497,57.547,46.887,471.500,44.481
2973,2973,99.100,920.431,422.320,86.833,39.842,491,1,610,497,57.547,46.887,471.500,44.481
2974,2974,99.133,920.361,421.886,86.826,39.801,501,1,610,497,57.547,46.887,471.500,44.481
2975,2975,99.167,920.322,421.429,86.823,39.757,499,1,610,497,57.547,46.887,471.500,44.481
2976,2976,99.200,920.180,421.050,86.809,39.722,509,1,610,497,57.547,46.887,471.500,44.481
2977,2977,99.233,920.103,420.655,86.802,39.684,516,1,610,497,57.547,46.887,471.500,44.481
2978,2978,99.267,920.038,420.287,86.796,39.650,518,1,610,497,57.547,46.887,471.500,44.481
2979,2979,99.300,919.925,419.745,86.785,39.599,541,1,610,497,57.547,46.887,471.500,44.481
2980,2980,99.333,919.764,419.142,86.770,39.542,560,1,610,497,57.547,46.887,471.500,44.481
2981,2981,99.367,919.715,418.790,86.766,39.508,550,1,610,497,57.547,46.887,471.500,44.481
2982,2982,99.400,919.660,418.644,86.760,39.495,555,1,610,497,57.547,46.887,471.500,44.481
2983,2983,99.433,919.623,418.448,86.757,39.476,558,1,610,497,57.547,46.887,471.500,44.481
2984,2984,99.467,919.675,418.523,86.762,39.483,551,1,610,497,57.547,46.887,471.500,44.481
2985,2985,99.500,919.682,418.557,86.762,39.486,554,1,610,497,57.547,46.887,471.500,44.481
2986,2986,99.533,919.667,418.341,86.761,39.466,560,1,610,497,57.547,46.887,471.500,44.481
2987,2987,99.567,919.708,418.574,86.765,39.488,555,1,610,497,57.547,46.887,471.500,44.481
2988,2988,99.600,919.730,418.526,86.767,39.484,555,1,610,497,57.547,46.887,471.500,44.481
2989,2989,99.633,919.618,418.265,86.756,39.459,559,1,610,497,57.547,46.887,471.500,44.481
2990,2990,99.667,919.589,418.087,86.754,39.442,548,1,610,497,57.547,46.887,471.500,44.481
2991,2991,99.700,919.606,417.923,86.755,39.427,540,1,610,497,57.547,46.887,471.500,44.481
2992,2992,99.733,919.477,417.113,86.743,39.350,546,1,610,497,57.547,46.887,471.500,44.481
2993,2993,99.767,919.551,416.896,86.750,39.330,535,1,610,497,57.547,46.887,471.500,44.481
2994,2994,99.800,919.645,416.552,86.759,39.297,525,1,610,497,57.547,46.887,471.500,44.481
2995,2995,99.833,919.546,415.793,86.750,39.226,520,1,610,497,57.547,46.887,471.500,44.481
2996,2996,99.867,919.518,415.101,86.747,39.160,502,1,610,497,57.547,46.887,471.500,44.481
2997,2997,99.900,919.428,414.745,86.738,39.127,496,1,610,497,57.547,46.887,471.500,44.481
2998,2998,99.933,919.439,414.553,86.740,39.109,489,1,610,497,57.547,46.887,471.500,44.481
2999,2999,99.967,919.511,414.075,86.746,39.064,476,1,610,497,57.547,46.887,471.500,44.481
3000,3000,100.000,919.513,413.916,86.746,39.049,478,1,610,497,57.547,46.887,471.500,44.481
3001,3001,100.033,919.479,414.112,86.743,39.067,478,1,610,497,57.547,46.887,471.500,44.481
3002,3002,100.067,919.596,414.352,86.754,39.090,456,1,610,497,57.547,46.887,471.500,44.481
3003,3003,100.100,919.620,414.432,86.757,39.097,456,1,610,497,57.547,46.887,471.500,44.481
3004,3004,100.133,919.529,414.276,86.748,39.083,463,1,610,497,57.547,46.887,471.500,44.481
3005,3005,100.167,919.535,414.348,86.749,39.089,464,1,610,497,57.547,46.887,471.500,44.481
3006,3006,100.200,919.496,414.209,86.745,39.076,464,1,610,497,57.547,46.887,471.500,44.481
3007,3007,100.233,919.236,413.922,86.720,39.049,483,1,610,497,57.547,46.887,471.500,44.481
3008,3008,100.267,919.229,413.779,86.720,39.036,481,1,610,497,57.547,46.887,471.500,44.481
3009,3009,100.300,919.114,413.305,86.709,38.991,490,1,610,497,57.547,46.887,471.500,44.481
3010,3010,100.333,918.920,412.750,86.691,38.939,512,1,610,497,57.547,46.887,471.500,44.481
3011,3011,100.367,918.822,412.100,86.681,38.877,506,1,610,497,57.547,46.887,471.500,44.481
3012,3012,100.400,918.666,411.763,86.667,38.846,511,1,610,497,57.547,46.887,471.500,44.481
3013,3013,100.433,918.308,410.476,86.633,38.724,532,1,610,497,57.547,46.887,471.500,44.481
3014,3014,100.467,918.187,410.114,86.621,38.690,541,1,610,497,57.547,46.887,471.500,44.481
3015,3015,100.500,918.040,409.758,86.608,38.656,540,1,610,497,57.547,46.887,471.500,44.481
3016,3016,100.533,917.845,409.280,86.589,38.611,558,1,610,497,57.547,46.887,471.500,44.481
3017,3017,100.567,917.697,408.886,86.575,38.574,564,1,610,497,57.547,46.887,471.500,44.481
3018,3018,100.600,917.689,408.942,86.574,38.579,566,1,610,497,57.547,46.887,471.500,44.481
3019,3019,100.633,917.602,408.764,86.566,38.563,578,1,610,497,57.547,46.887,471.500,44.481
3020,3020,100.667,917.425,408.353,86.550,38.524,574,1,610,497,57.547,46.887,471.500,44.481
3021,3021,100.700,917.407,408.346,86.548,38.523,568,1,610,497,57.547,46.887,471.500,44.481
3022,3022,100.733,917.141,407.777,86.523,38.470,568,1,610,497,57.547,46.887,471.500,44.481
3023,3023,100.767,917.070,407.311,86.516,38.426,547,1,610,497,57.547,46.887,471.500,44.481
3024,3024,100.800,916.937,406.960,86.503,38.392,530,1,610,497,57.547,46.887,471.500,44.481
3025,3025,100.833,916.882,406.279,86.498,38.328,527,1,610,497,57.547,46.887,471.500,44.481
3026,3026,100.867,916.647,405.306,86.476,38.236,513,1,610,497,57.547,46.887,471.500,44.481
3027,3027,100.900,916.566,405.082,86.469,38.215,506,1,610,497,57.547,46.887,471.500,44.481
3028,3028,100.933,916.549,404.881,86.467,38.196,510,1,610,497,57.547,46.887,471.500,44.481
3029,3029,100.967,916.534,404.742,86.465,38.183,510,1,610,497,57.547,46.887,471.500,44.481
3030,3030,101.000,916.645,404.682,86.476,38.178,487,1,610,497,57.547,46.887,471.500,44.481
3031,3031,101.033,916.566,404.515,86.469,38.162,485,1,610,497,57.547,46.887,471.500,44.481
3032,3032,101.067,916.526,404.333,86.465,38.145,480,1,610,497,57.547,46.887,471.500,44.481
3033,3033,101.100,916.520,404.427,86.464,38.154,477,1,610,497,57.547,46.887,471.500,44.481
3034,3034,101.133,916.609,404.458,86.473,38.156,481,1,610,497,57.547,46.887,471.500,44.481
3035,3035,101.167,916.647,404.530,86.476,38.163,482,1,610,497,57.547,46.887,471.500,44.481
3036,3036,101.200,916.705,404.583,86.482,38.168,470,1,610,497,57.547,46.887,471.500,44.481
3037,3037,101.233,916.593,404.468,86.471,38.157,478,1,610,497,57.547,46.887,471.500,44.481
3038,3038,101.267,916.563,404.355,86.468,38.147,484,1,610,497,57.547,46.887,471.500,44.481
3039,3039,101.300,916.516,404.232,86.464,38.135,481,1,610,497,57.547,46.887,471.500,44.481
3040,3040,101.333,916.331,403.701,86.446,38.085,499,1,610,497,57.547,46.887,471.500,44.481
3041,3041,101.367,916.157,403.156,86.430,38.034,513,1,610,497,57.547,46.887,471.500,44.481
3042,3042,101.400,916.147,403.028,86.429,38.021,512,1,610,497,57.547,46.887,471.500,44.481
3043,3043,101.433,916.144,402.988,86.429,38.018,512,1,610,497,57.547,46.887,471.500,44.481
3044,3044,101.467,915.825,402.270,86.399,37.950,537,1,610,497,57.547,46.887,471.500,44.481
3045,3045,101.500,915.728,401.802,86.389,37.906,519,1,610,497,57.547,46.887,471.500,44.481
3046,3046,101.533,915.499,401.417,86.368,37.870,533,1,610,497,57.547,46.887,471.500,44.481
3047,3047,101.567,915.285,400.877,86.348,37.819,542,1,610,497,57.547,46.887,471.500,44.481
3048,3048,101.600,915.194,400.627,86.339,37.795,540,1,610,497,57.547,46.887,471.500,44.481
3049,3049,101.633,915.166,400.622,86.336,37.795,545,1,610,497,57.547,46.887,471.500,44.481
3050,3050,101.667,915.002,400.140,86.321,37.749,557,1,610,497,57.547,46.887,471.500,44.481
3051,3051,101.700,915.054,400.158,86.326,37.751,548,1,610,497,57.547,46.887,471.500,44.481
3052,3052,101.733,915.007,400.172,86.321,37.752,558,1,610,497,57.547,46.887,471.500,44.481
3053,3053,101.767,914.862,399.918,86.308,37.728,567,1,610,497,57.547,46.887,471.500,44.481
3054,3054,101.800,914.776,399.651,86.300,37.703,564,1,610,497,57.547,46.887,471.500,44.481
3055,3055,101.833,914.792,399.739,86.301,37.711,566,1,610,497,57.547,46.887,471.500,44.481
3056,3056,101.867,914.673,399.490,86.290,37.688,577,1,610,497,57.547,46.887,471.500,44.481
3057,3057,101.900,914.687,399.532,86.291,37.692,574,1,610,497,57.547,46.887,471.500,44.481
3058,3058,101.933,914.748,399.640,86.297,37.702,571,1,610,497,57.547,46.887,471.500,44.481
3059,3059,101.967,914.559,399.153,86.279,37.656,576,1,610,497,57.547,46.887,471.500,44.481
3060,3060,102.000,914.662,399.355,86.289,37.675,566,1,610,497,57.547,46.887,471.500,44.481
3061,3061,102.033,914.750,399.532,86.297,37.692,561,1,610,497,57.547,46.887,471.500,44.481
3062,3062,102.067,914.578,399.279,86.281,37.668,575,1,610,497,57.547,46.887,471.500,44.481
3063,3063,102.100,914.635,399.369,86.286,37.676,562,1,610,497,57.547,46.887,471.500,44.481
3064,3064,102.133,914.637,399.378,86.286,37.677,562,1,610,497,57.547,46.887,471.500,44.481
3065,3065,102.167,914.637,399.378,86.286,37.677,562,1,610,497,57.547,46.887,471.500,44.481
3066,3066,102.200,914.637,399.378,86.286,37.677,562,1,610,497,57.547,46.887,471.500,44.481
3067,3067,102.233,914.730,399.571,86.295,37.695,565,1,610,497,57.547,46.887,471.500,44.481
3068,3068,102.267,914.700,399.550,86.292,37.693,567,1,610,497,57.547,46.887,471.500,44.481
3069,3069,102.300,914.757,399.686,86.298,37.706,563,1,610,497,57.547,46.887,471.500,44.481
3070,3070,102.333,914.766,399.707,86.299,37.708,563,1,610,497,57.547,46.887,471.500,44.481
3071,3071,102.367,914.733,399.627,86.296,37.701,565,1,610,497,57.547,46.887,471.500,44.481
3072,3072,102.400,914.734,399.675,86.296,37.705,565,1,610,497,57.547,46.887,471.500,44.481
3073,3073,102.433,914.738,399.691,86.296,37.707,565,1,610,497,57.547,46.887,471.500,44.481
3074,3074,102.467,914.758,399.623,86.298,37.700,565,1,610,497,57.547,46.887,471.500,44.481
3075,3075,102.500,914.790,399.689,86.301,37.706,564,1,610,497,57.547,46.887,471.500,44.481
3076,3076,102.533,914.818,399.722,86.304,37.710,553,1,610,497,57.547,46.887,471.500,44.481
3077,3077,102.567,914.691,399.508,86.292,37.689,566,1,610,497,57.547,46.887,471.500,44.481
3078,3078,102.600,914.718,399.665,86.294,37.704,568,1,610,497,57.547,46.887,471.500,44.481
3079,3079,102.633,914.745,399.633,86.297,37.701,557,1,610,497,57.547,46.887,471.500,44.481
3080,3080,102.667,914.618,399.445,86.285,37.683,568,1,610,497,57.547,46.887,471.500,44.481
3081,3081,102.700,914.610,399.372,86.284,37.677,563,1,610,497,57.547,46.887,471.500,44.481
3082,3082,102.733,914.601,399.361,86.283,37.676,558,1,610,497,57.547,46.887,471.500,44.481
3083,3083,102.767,914.614,399.503,86.284,37.689,564,1,610,497,57.547,46.887,471.500,44.481
3084,3084,102.800,914.579,399.408,86.281,37.680,569,1,610,497,57.547,46.887,471.500,44.481
3085,3085,102.833,914.565,399.405,86.280,37.680,559,1,610,497,57.547,46.887,471.500,44.481
3086,3086,102.867,914.567,399.494,86.280,37.688,570,1,610,497,57.547,46.887,471.500,44.481
3087,3087,102.900,914.601,399.581,86.283,37.696,566,1,610,497,57.547,46.887,471.500,44.481
3088,3088,102.933,914.883,400.150,86.310,37.750,545,1,610,497,57.547,46.887,471.500,44.481
3089,3089,102.967,914.837,400.136,86.305,37.749,557,1,610,497,57.547,46.887,471.500,44.481
3090,3090,103.000,915.037,400.427,86.324,37.776,549,1,610,497,57.547,46.887,471.500,44.481
3091,3091,103.033,915.372,401.078,86.356,37.838,524,1,610,497,57.547,46.887,471.500,44.481
3092,3092,103.067,915.343,401.231,86.353,37.852,533,1,610,497,57.547,46.887,471.500,44.481
3093,3093,103.100,915.601,401.685,86.377,37.895,526,1,610,497,57.547,46.887,471.500,44.481
3094,3094,103.133,915.929,402.379,86.408,37.960,492,1,610,497,57.547,46.887,471.500,44.481
3095,3095,103.167,915.939,402.457,86.409,37.968,505,1,610,497,57.547,46.887,471.500,44.481
3096,3096,103.200,916.112,402.971,86.426,38.016,495,1,610,497,57.547,46.887,471.500,44.481
3097,3097,103.233,916.229,403.585,86.437,38.074,480,1,610,497,57.547,46.887,471.500,44.481
3098,3098,103.267,916.280,403.730,86.441,38.088,480,1,610,497,57.547,46.887,471.500,44.481
3099,3099,103.300,916.505,404.344,86.463,38.146,476,1,610,497,57.547,46.887,471.500,44.481
3100,3100,103.333,916.662,404.691,86.478,38.178,459,1,610,497,57.547,46.887,471.500,44.481
3101,3101,103.367,916.713,404.827,86.482,38.191,466,1,610,497,57.547,46.887,471.500,44.481
3102,3102,103.400,916.709,404.898,86.482,38.198,463,1,610,497,57.547,46.887,471.500,44.481
3103,3103,103.433,916.807,405.082,86.491,38.215,450,1,610,497,57.547,46.887,471.500,44.481
3104,3104,103.467,916.752,404.901,86.486,38.198,473,1,610,497,57.547,46.887,471.500,44.481
3105,3105,103.500,916.781,404.888,86.489,38.197,475,1,610,497,57.547,46.887,471.500,44.481
3106,3106,103.533,916.875,404.825,86.498,38.191,467,1,610,497,57.547,46.887,471.500,44.481
3107,3107,103.567,917.044,405.207,86.514,38.227,468,1,610,497,57.547,46.887,471.500,44.481
3108,3108,103.600,917.107,404.996,86.520,38.207,479,1,610,497,57.547,46.887,471.500,44.481
3109,3109,103.633,917.314,405.322,86.539,38.238,467,1,610,497,57.547,46.887,471.500,44.481
3110,3110,103.667,917.424,405.446,86.549,38.250,467,1,610,497,57.547,46.887,471.500,44.481
3111,3111,103.700,917.539,405.366,86.560,38.242,473,1,610,497,57.547,46.887,471.500,44.481
3112,3112,103.733,917.577,405.394,86.564,38.245,468,1,610,497,57.547,46.887,471.500,44.481
3113,3113,103.767,917.593,405.353,86.565,38.241,477,1,610,497,57.547,46.887,471.500,44.481
3114,3114,103.800,917.676,405.155,86.573,38.222,480,1,610,497,57.547,46.887,471.500,44.481
3115,3115,103.833,917.708,405.063,86.576,38.213,474,1,610,497,57.547,46.887,471.500,44.481
3116,3116,103.867,917.852,405.011,86.590,38.209,476,1,610,497,57.547,46.887,471.500,44.481
3117,3117,103.900,918.067,404.792,86.610,38.188,481,1,610,497,57.547,46.887,471.500,44.481
3118,3118,103.933,918.282,404.899,86.630,38.198,479,1,610,497,57.547,46.887,471.500,44.481
3119,3119,103.967,918.372,404.937,86.639,38.202,485,1,610,497,57.547,46.887,471.500,44.481
3120,3120,104.000,918.400,404.851,86.641,38.194,489,1,610,497,57.547,46.887,471.500,44.481
3121,3121,104.033,918.690,405.079,86.669,38.215,477,1,610,497,57.547,46.887,471.500,44.481
3122,3122,104.067,918.733,405.016,86.673,38.209,487,1,610,497,57.547,46.887,471.500,44.481
3123,3123,104.100,918.731,404.969,86.673,38.205,491,1,610,497,57.547,46.887,471.500,44.481
3124,3124,104.133,918.757,404.984,86.675,38.206,489,1,610,497,57.547,46.887,471.500,44.481
3125,3125,104.167,918.759,404.935,86.675,38.201,489,1,610,497,57.547,46.887,471.500,44.481
3126,3126,104.200,918.868,404.725,86.686,38.182,498,1,610,497,57.547,46.887,471.500,44.481
3127,3127,104.233,918.979,404.649,86.696,38.174,502,1,610,497,57.547,46.887,471.500,44.481
3128,3128,104.267,919.115,404.690,86.709,38.178,497,1,610,497,57.547,46.887,471.500,44.481
3129,3129,104.300,919.228,404.452,86.720,38.156,507,1,610,497,57.547,46.887,471.500,44.481
3130,3130,104.333,919.669,404.493,86.761,38.160,495,1,610,497,57.547,46.887,471.500,44.481
3131,3131,104.367,919.836,404.656,86.777,38.175,486,1,610,497,57.547,46.887,471.500,44.481
3132,3132,104.400,919.939,404.397,86.787,38.151,493,1,610,497,57.547,46.887,471.500,44.481
3133,3133,104.433,919.978,404.251,86.790,38.137,496,1,610,497,57.547,46.887,471.500,44.481
3134,3134,104.467,920.108,403.789,86.803,38.093,508,1,610,497,57.547,46.887,471.500,44.481
3135,3135,104.500,920.207,403.530,86.812,38.069,520,1,610,497,57.547,46.887,471.500,44.481
3136,3136,104.533,920.288,403.125,86.820,38.031,527,1,610,497,57.547,46.887,471.500,44.481
3137,3137,104.567,920.357,403.047,86.826,38.023,521,1,610,497,57.547,46.887,471.500,44.481
3138,3138,104.600,920.417,402.719,86.832,37.992,533,1,610,497,57.547,46.887,471.500,44.481
3139,3139,104.633,920.341,402.677,86.825,37.988,531,1,610,497,57.547,46.887,471.500,44.481
3140,3140,104.667,920.395,402.589,86.830,37.980,530,1,610,497,57.547,46.887,471.500,44.481
3141,3141,104.700,920.655,402.062,86.854,37.930,545,1,610,497,57.547,46.887,471.500,44.481
3142,3142,104.733,920.743,401.797,86.863,37.905,543,1,610,497,57.547,46.887,471.500,44.481
3143,3143,104.767,920.897,401.608,86.877,37.888,539,1,610,497,57.547,46.887,471.500,44.481
3144,3144,104.800,920.921,401.396,86.879,37.868,553,1,610,497,57.547,46.887,471.500,44.481
3145,3145,104.833,920.962,401.069,86.883,37.837,542,1,610,497,57.547,46.887,471.500,44.481
3146,3146,104.867,921.106,400.685,86.897,37.800,535,1,610,497,57.547,46.887,471.500,44.481
3147,3147,104.900,921.111,400.129,86.897,37.748,541,1,610,497,57.547,46.887,471.500,44.481
3148,3148,104.933,921.168,399.678,86.903,37.705,525,1,610,497,57.547,46.887,471.500,44.481
3149,3149,104.967,921.089,399.361,86.895,37.676,498,1,610,497,57.547,46.887,471.500,44.481
3150,3150,105.000,921.182,398.980,86.904,37.640,496,1,610,497,57.547,46.887,471.500,44.481
3151,3151,105.033,921.099,398.475,86.896,37.592,485,1,610,497,57.547,46.887,471.500,44.481
3152,3152,105.067,921.086,398.213,86.895,37.567,471,1,610,497,57.547,46.887,471.500,44.481
3153,3153,105.100,920.978,398.000,86.885,37.547,475,1,610,497,57.547,46.887,471.500,44.481
3154,3154,105.133,920.950,397.792,86.882,37.528,474,1,610,497,57.547,46.887,471.500,44.481
3155,3155,105.167,920.769,397.824,86.865,37.531,452,1,610,497,57.547,46.887,471.500,44.481
3156,3156,105.200,920.838,397.324,86.871,37.483,456,1,610,497,57.547,46.887,471.500,44.481
3157,3157,105.233,920.712,397.333,86.860,37.484,449,1,610,497,57.547,46.887,471.500,44.481
3158,3158,105.267,920.607,397.374,86.850,37.488,441,1,610,497,57.547,46.887,471.500,44.481
3159,3159,105.300,920.380,397.631,86.828,37.512,461,1,610,497,57.547,46.887,471.500,44.481
3160,3160,105.333,920.384,397.571,86.829,37.507,459,1,610,497,57.547,46.887,471.500,44.481
3161,3161,105.367,920.406,397.452,86.831,37.495,440,1,610,497,57.547,46.887,471.500,44.481
3162,3162,105.400,920.722,397.046,86.861,37.457,457,1,610,497,57.547,46.887,471.500,44.481
3163,3163,105.433,920.799,396.878,86.868,37.441,470,1,610,497,57.547,46.887,471.500,44.481
3164,3164,105.467,921.139,396.584,86.900,37.414,468,1,610,497,57.547,46.887,471.500,44.481
3165,3165,105.500,921.541,396.095,86.938,37.367,493,1,610,497,57.547,46.887,471.500,44.481
3166,3166,105.533,921.843,395.662,86.966,37.327,506,1,610,497,57.547,46.887,471.500,44.481
3167,3167,105.567,922.091,395.092,86.990,37.273,502,1,610,497,57.547,46.887,471.500,44.481
3168,3168,105.600,922.328,394.749,87.012,37.241,516,1,610,497,57.547,46.887,471.500,44.481
3169,3169,105.633,922.481,394.465,87.027,37.214,522,1,610,497,57.547,46.887,471.500,44.481
3170,3170,105.667,922.585,394.243,87.036,37.193,511,1,610,497,57.547,46.887,471.500,44.481
3171,3171,105.700,922.638,394.169,87.041,37.186,523,1,610,497,57.547,46.887,471.500,44.481
3172,3172,105.733,922.809,393.893,87.057,37.160,532,1,610,497,57.547,46.887,471.500,44.481
3173,3173,105.767,922.956,393.565,87.071,37.129,526,1,610,497,57.547,46.887,471.500,44.481
3174,3174,105.800,923.022,393.478,87.078,37.121,529,1,610,497,57.547,46.887,471.500,44.481
3175,3175,105.833,923.477,392.743,87.120,37.051,549,1,610,497,57.547,46.887,471.500,44.481
3176,3176,105.867,923.821,392.327,87.153,37.012,527,1,610,497,57.547,46.887,471.500,44.481
3177,3177,105.900,923.869,392.196,87.157,37.000,530,1,610,497,57.547,46.887,471.500,44.481
3178,3178,105.933,924.093,391.634,87.179,36.947,527,1,610,497,57.547,46.887,471.500,44.481
3179,3179,105.967,924.380,391.032,87.206,36.890,523,1,610,497,57.547,46.887,471.500,44.481
3180,3180,106.000,924.470,390.860,87.214,36.874,524,1,610,497,57.547,46.887,471.500,44.481
3181,3181,106.033,924.757,390.423,87.241,36.832,534,1,610,497,57.547,46.887,471.500,44.481
3182,3182,106.067,924.740,390.246,87.240,36.816,511,1,610,497,57.547,46.887,471.500,44.481
3183,3183,106.100,924.687,390.272,87.235,36.818,511,1,610,497,57.547,46.887,471.500,44.481
3184,3184,106.133,924.545,390.243,87.221,36.815,516,1,610,497,57.547,46.887,471.500,44.481
3185,3185,106.167,924.439,390.365,87.211,36.827,511,1,610,497,57.547,46.887,471.500,44.481
3186,3186,106.200,924.283,390.330,87.197,36.824,511,1,610,497,57.547,46.887,471.500,44.481
3187,3187,106.233,924.248,390.352,87.193,36.826,514,1,610,497,57.547,46.887,471.500,44.481
3188,3188,106.267,924.086,390.518,87.178,36.841,501,1,610,497,57.547,46.887,471.500,44.481
3189,3189,106.300,923.883,390.802,87.159,36.868,494,1,610,497,57.547,46.887,471.500,44.481
3190,3190,106.333,923.808,390.855,87.152,36.873,493,1,610,497,57.547,46.887,471.500,44.481
3191,3191,106.367,923.619,391.137,87.134,36.900,476,1,610,497,57.547,46.887,471.500,44.481
3192,3192,106.400,923.520,391.331,87.125,36.918,479,1,610,497,57.547,46.887,471.500,44.481
3193,3193,106.433,923.363,391.490,87.110,36.933,478,1,610,497,57.547,46.887,471.500,44.481
3194,3194,106.467,923.308,391.622,87.105,36.946,470,1,610,497,57.547,46.887,471.500,44.481
3195,3195,106.500,922.932,392.050,87.069,36.986,456,1,610,497,57.547,46.887,471.500,44.481
3196,3196,106.533,922.989,391.914,87.074,36.973,475,1,610,497,57.547,46.887,471.500,44.481
3197,3197,106.567,922.766,392.175,87.053,36.998,457,1,610,497,57.547,46.887,471.500,44.481
3198,3198,106.600,922.590,392.251,87.037,37.005,455,1,610,497,57.547,46.887,471.500,44.481
3199,3199,106.633,922.455,392.378,87.024,37.017,464,1,610,497,57.547,46.887,471.500,44.481
3200,3200,106.667,922.542,392.345,87.032,37.014,464,1,610,497,57.547,46.887,471.500,44.481
3201,3201,106.700,922.649,392.390,87.042,37.018,460,1,610,497,57.547,46.887,471.500,44.481
3202,3202,106.733,922.754,392.342,87.052,37.013,466,1,610,497,57.547,46.887,471.500,44.481
3203,3203,106.767,922.841,392.241,87.060,37.004,465,1,610,497,57.547,46.887,471.500,44.481
3204,3204,106.800,923.043,392.141,87.079,36.994,464,1,610,497,57.547,46.887,471.500,44.481
3205,3205,106.833,923.140,392.234,87.089,37.003,475,1,610,497,57.547,46.887,471.500,44.481
3206,3206,106.867,923.180,392.191,87.092,36.999,483,1,610,497,57.547,46.887,471.500,44.481
3207,3207,106.900,923.275,392.279,87.101,37.007,482,1,610,497,57.547,46.887,471.500,44.481
3208,3208,106.933,923.383,392.359,87.112,37.015,495,1,610,497,57.547,46.887,471.500,44.481
3209,3209,106.967,923.525,392.342,87.125,37.013,486,1,610,497,57.547,46.887,471.500,44.481
3210,3210,107.000,923.507,392.427,87.123,37.021,485,1,610,497,57.547,46.887,471.500,44.481
3211,3211,107.033,923.979,392.344,87.168,37.014,504,1,610,497,57.547,46.887,471.500,44.481
3212,3212,107.067,923.831,392.581,87.154,37.036,491,1,610,497,57.547,46.887,471.500,44.481
3213,3213,107.100,923.973,392.549,87.167,37.033,494,1,610,497,57.547,46.887,471.500,44.481
3214,3214,107.133,924.086,392.660,87.178,37.043,500,1,610,497,57.547,46.887,471.500,44.481
3215,3215,107.167,924.165,392.733,87.185,37.050,497,1,610,497,57.547,46.887,471.500,44.481
3216,3216,107.200,924.231,392.932,87.192,37.069,492,1,610,497,57.547,46.887,471.500,44.481
3217,3217,107.233,924.511,392.988,87.218,37.074,501,1,610,497,57.547,46.887,471.500,44.481
3218,3218,107.267,924.756,392.830,87.241,37.059,503,1,610,497,57.547,46.887,471.500,44.481
3219,3219,107.300,924.853,392.768,87.250,37.054,497,1,610,497,57.547,46.887,471.500,44.481
3220,3220,107.333,925.066,392.679,87.270,37.045,510,1,610,497,57.547,46.887,471.500,44.481
3221,3221,107.367,925.446,392.519,87.306,37.030,520,1,610,497,57.547,46.887,471.500,44.481
3222,3222,107.400,925.696,392.562,87.330,37.034,516,1,610,497,57.547,46.887,471.500,44.481
3223,3223,107.433,926.094,392.467,87.367,37.025,535,1,610,497,57.547,46.887,471.500,44.481
3224,3224,107.467,926.599,392.261,87.415,37.006,539,1,610,497,57.547,46.887,471.500,44.481
3225,3225,107.500,926.872,392.121,87.441,36.993,535,1,610,497,57.547,46.887,471.500,44.481
3226,3226,107.533,926.725,392.153,87.427,36.996,547,1,610,497,57.547,46.887,471.500,44.481
3227,3227,107.567,926.866,392.096,87.440,36.990,548,1,610,497,57.547,46.887,471.500,44.481
3228,3228,107.600,927.064,391.997,87.459,36.981,532,1,610,497,57.547,46.887,471.500,44.481
3229,3229,107.633,927.449,391.910,87.495,36.973,550,1,610,497,57.547,46.887,471.500,44.481
3230,3230,107.667,927.828,391.749,87.531,36.957,558,1,610,497,57.547,46.887,471.500,44.481
3231,3231,107.700,927.971,391.529,87.544,36.937,538,1,610,497,57.547,46.887,471.500,44.481
3232,3232,107.733,928.196,391.519,87.566,36.936,554,1,610,497,57.547,46.887,471.500,44.481
3233,3233,107.767,928.283,391.344,87.574,36.919,553,1,610,497,57.547,46.887,471.500,44.481
3234,3234,107.800,928.553,390.887,87.599,36.876,525,1,610,497,57.547,46.887,471.500,44.481
3235,3235,107.833,928.795,390.674,87.622,36.856,533,1,610,497,57.547,46.887,471.500,44.481
3236,3236,107.867,929.070,390.403,87.648,36.830,523,1,610,497,57.547,46.887,471.500,44.481
3237,3237,107.900,929.271,390.014,87.667,36.794,502,1,610,497,57.547,46.887,471.500,44.481
3238,3238,107.933,929.326,389.863,87.672,36.780,494,1,610,497,57.547,46.887,471.500,44.481
3239,3239,107.967,929.644,389.620,87.702,36.757,489,1,610,497,57.547,46.887,471.500,44.481
3240,3240,108.000,929.345,389.519,87.674,36.747,462,1,610,497,57.547,46.887,471.500,44.481
3241,3241,108.033,929.586,389.218,87.697,36.719,460,1,610,497,57.547,46.887,471.500,44.481
3242,3242,108.067,929.589,389.020,87.697,36.700,468,1,610,497,57.547,46.887,471.500,44.481
3243,3243,108.100,929.557,388.969,87.694,36.695,467,1,610,497,57.547,46.887,471.500,44.481
3244,3244,108.133,929.640,388.989,87.702,36.697,468,1,610,497,57.547,46.887,471.500,44.481
3245,3245,108.167,929.669,388.976,87.705,36.696,469,1,610,497,57.547,46.887,471.500,44.481
3246,3246,108.200,929.551,389.108,87.693,36.708,461,1,610,497,57.547,46.887,471.500,44.481
3247,3247,108.233,929.869,389.038,87.724,36.702,473,1,610,497,57.547,46.887,471.500,44.481
3248,3248,108.267,929.997,389.074,87.736,36.705,477,1,610,497,57.547,46.887,471.500,44.481
3249,3249,108.300,930.173,389.056,87.752,36.703,466,1,610,497,57.547,46.887,471.500,44.481
3250,3250,108.333,930.429,389.032,87.776,36.701,475,1,610,497,57.547,46.887,471.500,44.481
3251,3251,108.367,930.925,388.994,87.823,36.698,490,1,610,497,57.547,46.887,471.500,44.481
3252,3252,108.400,931.047,388.999,87.835,36.698,497,1,610,497,57.547,46.887,471.500,44.481
3253,3253,108.433,931.462,389.005,87.874,36.699,507,1,610,497,57.547,46.887,471.500,44.481
3254,3254,108.467,932.092,388.912,87.933,36.690,523,1,610,497,57.547,46.887,471.500,44.481
3255,3255,108.500,932.602,388.762,87.981,36.676,517,1,610,497,57.547,46.887,471.500,44.481
3256,3256,108.533,932.949,388.736,88.014,36.673,526,1,610,497,57.547,46.887,471.500,44.481
3257,3257,108.567,933.208,388.677,88.038,36.668,538,1,610,497,57.547,46.887,471.500,44.481
3258,3258,108.600,933.374,388.602,88.054,36.661,541,1,610,497,57.547,46.887,471.500,44.481
3259,3259,108.633,933.438,388.605,88.060,36.661,538,1,610,497,57.547,46.887,471.500,44.481
3260,3260,108.667,933.832,388.578,88.097,36.658,559,1,610,497,57.547,46.887,471.500,44.481
3261,3261,108.700,933.845,388.553,88.099,36.656,556,1,610,497,57.547,46.887,471.500,44.481
3262,3262,108.733,933.795,388.511,88.094,36.652,553,1,610,497,57.547,46.887,471.500,44.481
3263,3263,108.767,934.079,388.514,88.121,36.652,559,1,610,497,57.547,46.887,471.500,44.481
3264,3264,108.800,934.166,388.375,88.129,36.639,551,1,610,497,57.547,46.887,471.500,44.481
3265,3265,108.833,934.373,388.342,88.148,36.636,557,1,610,497,57.547,46.887,471.500,44.481
3266,3266,108.867,934.642,388.289,88.174,36.631,564,1,610,497,57.547,46.887,471.500,44.481
3267,3267,108.900,934.978,388.235,88.205,36.626,558,1,610,497,57.547,46.887,471.500,44.481
3268,3268,108.933,935.280,388.231,88.234,36.626,556,1,610,497,57.547,46.887,471.500,44.481
3269,3269,108.967,935.695,388.125,88.273,36.616,565,1,610,497,57.547,46.887,471.500,44.481
3270,3270,109.000,935.841,388.090,88.287,36.612,564,1,610,497,57.547,46.887,471.500,44.481
3271,3271,109.033,935.911,387.969,88.293,36.601,555,1,610,497,57.547,46.887,471.500,44.481
3272,3272,109.067,936.286,387.904,88.329,36.595,562,1,610,497,57.547,46.887,471.500,44.481
3273,3273,109.100,936.799,387.648,88.377,36.571,546,1,610,497,57.547,46.887,471.500,44.481
3274,3274,109.133,937.331,387.484,88.427,36.555,526,1,610,497,57.547,46.887,471.500,44.481
3275,3275,109.167,937.435,387.484,88.437,36.555,526,1,610,497,57.547,46.887,471.500,44.481
3276,3276,109.200,937.726,387.367,88.465,36.544,507,1,610,497,57.547,46.887,471.500,44.481
3277,3277,109.233,937.727,387.329,88.465,36.540,497,1,610,497,57.547,46.887,471.500,44.481
3278,3278,109.267,937.819,387.243,88.473,36.532,498,1,610,497,57.547,46.887,471.500,44.481
3279,3279,109.300,937.970,387.178,88.488,36.526,495,1,610,497,57.547,46.887,471.500,44.481
3280,3280,109.333,937.775,387.150,88.469,36.524,483,1,610,497,57.547,46.887,471.500,44.481
3281,3281,109.367,937.855,387.200,88.477,36.528,490,1,610,497,57.547,46.887,471.500,44.481
3282,3282,109.400,937.835,387.182,88.475,36.527,486,1,610,497,57.547,46.887,471.500,44.481
3283,3283,109.433,937.707,387.238,88.463,36.532,487,1,610,497,57.547,46.887,471.500,44.481
3284,3284,109.467,937.670,387.225,88.459,36.531,492,1,610,497,57.547,46.887,471.500,44.481
3285,3285,109.500,937.867,387.131,88.478,36.522,491,1,610,497,57.547,46.887,471.500,44.481
3286,3286,109.533,938.070,387.060,88.497,36.515,490,1,610,497,57.547,46.887,471.500,44.481
3287,3287,109.567,938.394,386.981,88.528,36.508,506,1,610,497,57.547,46.887,471.500,44.481
3288,3288,109.600,938.860,386.858,88.572,36.496,518,1,610,497,57.547,46.887,471.500,44.481
3289,3289,109.633,939.121,386.718,88.596,36.483,519,1,610,497,57.547,46.887,471.500,44.481
3290,3290,109.667,939.520,386.688,88.634,36.480,532,1,610,497,57.547,46.887,471.500,44.481
3291,3291,109.700,939.786,386.638,88.659,36.475,537,1,610,497,57.547,46.887,471.500,44.481
3292,3292,109.733,940.148,386.572,88.693,36.469,527,1,610,497,57.547,46.887,471.500,44.481
3293,3293,109.767,940.503,386.608,88.727,36.472,552,1,610,497,57.547,46.887,471.500,44.481
3294,3294,109.800,940.467,386.571,88.723,36.469,553,1,610,497,57.547,46.887,471.500,44.481
3295,3295,109.833,940.504,386.553,88.727,36.467,544,1,610,497,57.547,46.887,471.500,44.481
3296,3296,109.867,940.833,386.512,88.758,36.463,560,1,610,497,57.547,46.887,471.500,44.481
3297,3297,109.900,941.091,386.515,88.782,36.464,566,1,610,497,57.547,46.887,471.500,44.481
3298,3298,109.933,941.087,386.490,88.782,36.461,557,1,610,497,57.547,46.887,471.500,44.481
3299,3299,109.967,941.273,386.533,88.799,36.465,567,1,610,497,57.547,46.887,471.500,44.481
3300,3300,110.000,941.322,386.556,88.804,36.468,574,1,610,497,57.547,46.887,471.500,44.481
3301,3301,110.033,942.114,386.422,88.879,36.455,561,1,610,497,57.547,46.887,471.500,44.481
3302,3302,110.067,942.143,386.483,88.881,36.461,572,1,610,497,57.547,46.887,471.500,44.481
3303,3303,110.100,942.271,386.464,88.893,36.459,576,1,610,497,57.547,46.887,471.500,44.481
3304,3304,110.133,942.293,386.466,88.896,36.459,575,1,610,497,57.547,46.887,471.500,44.481
3305,3305,110.167,942.291,386.466,88.895,36.459,575,1,610,497,57.547,46.887,471.500,44.481
3306,3306,110.200,942.366,386.457,88.902,36.458,578,1,610,497,57.547,46.887,471.500,44.481
3307,3307,110.233,942.425,386.446,88.908,36.457,577,1,610,497,57.547,46.887,471.500,44.481
3308,3308,110.267,942.370,386.449,88.903,36.457,576,1,610,497,57.547,46.887,471.500,44.481
3309,3309,110.300,942.488,386.448,88.914,36.457,580,1,610,497,57.547,46.887,471.500,44.481
3310,3310,110.333,942.381,386.440,88.904,36.457,572,1,610,497,57.547,46.887,471.500,44.481
3311,3311,110.367,942.507,386.443,88.916,36.457,575,1,610,497,57.547,46.887,471.500,44.481
3312,3312,110.400,942.625,386.439,88.927,36.456,580,1,610,497,57.547,46.887,471.500,44.481
3313,3313,110.433,942.559,386.434,88.921,36.456,575,1,610,497,57.547,46.887,471.500,44.481
3314,3314,110.467,942.402,386.527,88.906,36.465,574,1,610,497,57.547,46.887,471.500,44.481
3315,3315,110.500,942.313,386.541,88.897,36.466,580,1,610,497,57.547,46.887,471.500,44.481
3316,3316,110.533,942.175,386.592,88.884,36.471,569,1,610,497,57.547,46.887,471.500,44.481
3317,3317,110.567,942.160,386.567,88.883,36.469,569,1,610,497,57.547,46.887,471.500,44.481
3318,3318,110.600,942.253,386.551,88.892,36.467,572,1,610,497,57.547,46.887,471.500,44.481
3319,3319,110.633,942.332,386.495,88.899,36.462,570,1,610,497,57.547,46.887,471.500,44.481
3320,3320,110.667,942.354,386.445,88.901,36.457,571,1,610,497,57.547,46.887,471.500,44.481
3321,3321,110.700,942.985,386.290,88.961,36.442,592,1,610,497,57.547,46.887,471.500,44.481
3322,3322,110.733,943.020,386.190,88.964,36.433,589,1,610,497,57.547,46.887,471.500,44.481
3323,3323,110.767,943.289,386.061,88.990,36.421,594,1,610,497,57.547,46.887,471.500,44.481
3324,3324,110.800,943.214,385.962,88.982,36.412,593,1,610,497,57.547,46.887,471.500,44.481
3325,3325,110.833,942.845,385.958,88.948,36.411,583,1,610,497,57.547,46.887,471.500,44.481
3326,3326,110.867,942.654,385.905,88.930,36.406,577,1,610,497,57.547,46.887,471.500,44.481
3327,3327,110.900,942.614,385.831,88.926,36.399,590,1,610,497,57.547,46.887,471.500,44.481
3328,3328,110.933,942.627,385.741,88.927,36.391,579,1,610,497,57.547,46.887,471.500,44.481
3329,3329,110.967,942.618,385.692,88.926,36.386,580,1,610,497,57.547,46.887,471.500,44.481
3330,3330,111.000,942.491,385.694,88.914,36.386,584,1,610,497,57.547,46.887,471.500,44.481
3331,3331,111.033,942.248,385.750,88.891,36.392,578,1,610,497,57.547,46.887,471.500,44.481
3332,3332,111.067,942.208,385.749,88.888,36.391,578,1,610,497,57.547,46.887,471.500,44.481
3333,3333,111.100,942.266,385.663,88.893,36.383,582,1,610,497,57.547,46.887,471.500,44.481
3334,3334,111.133,942.385,385.581,88.904,36.376,577,1,610,497,57.547,46.887,471.500,44.481
3335,3335,111.167,942.229,385.545,88.890,36.372,570,1,610,497,57.547,46.887,471.500,44.481
3336,3336,111.200,942.093,385.588,88.877,36.376,577,1,610,497,57.547,46.887,471.500,44.481
3337,3337,111.233,942.019,385.610,88.870,36.378,575,1,610,497,57.547,46.887,471.500,44.481
3338,3338,111.267,942.031,385.596,88.871,36.377,572,1,610,497,57.547,46.887,471.500,44.481
3339,3339,111.300,942.113,385.583,88.879,36.376,578,1,610,497,57.547,46.887,471.500,44.481
3340,3340,111.333,942.295,385.503,88.896,36.368,574,1,610,497,57.547,46.887,471.500,44.481
3341,3341,111.367,942.094,385.594,88.877,36.377,563,1,610,497,57.547,46.887,471.500,44.481
3342,3342,111.400,942.114,385.580,88.879,36.375,577,1,610,497,57.547,46.887,471.500,44.481
3343,3343,111.433,942.050,385.564,88.873,36.374,571,1,610,497,57.547,46.887,471.500,44.481
3344,3344,111.467,942.033,385.573,88.871,36.375,564,1,610,497,57.547,46.887,471.500,44.481
3345,3345,111.500,941.943,385.634,88.863,36.381,574,1,610,497,57.547,46.887,471.500,44.481
3346,3346,111.533,941.757,385.689,88.845,36.386,570,1,610,497,57.547,46.887,471.500,44.481
3347,3347,111.567,941.834,385.641,88.852,36.381,565,1,610,497,57.547,46.887,471.500,44.481
3348,3348,111.600,941.781,385.714,88.847,36.388,571,1,610,497,57.547,46.887,471.500,44.481
3349,3349,111.633,941.924,385.685,88.861,36.385,567,1,610,497,57.547,46.887,471.500,44.481
3350,3350,111.667,942.177,385.653,88.885,36.382,564,1,610,497,57.547,46.887,471.500,44.481
3351,3351,111.700,942.737,385.473,88.937,36.365,562,1,610,497,57.547,46.887,471.500,44.481
3352,3352,111.733,943.284,385.336,88.989,36.352,550,1,610,497,57.547,46.887,471.500,44.481
3353,3353,111.767,943.924,385.078,89.049,36.328,523,1,610,497,57.547,46.887,471.500,44.481
3354,3354,111.800,944.860,384.752,89.138,36.297,508,1,610,497,57.547,46.887,471.500,44.481
3355,3355,111.833,945.367,384.597,89.186,36.283,494,1,610,497,57.547,46.887,471.500,44.481
3356,3356,111.867,945.605,384.536,89.208,36.277,478,1,610,497,57.547,46.887,471.500,44.481
3357,3357,111.900,945.753,384.521,89.222,36.276,484,1,610,497,57.547,46.887,471.500,44.481
3358,3358,111.933,946.004,384.534,89.246,36.277,479,1,610,497,57.547,46.887,471.500,44.481
3359,3359,111.967,945.887,384.590,89.235,36.282,469,1,610,497,57.547,46.887,471.500,44.481
3360,3360,112.000,945.822,384.705,89.229,36.293,476,1,610,497,57.547,46.887,471.500,44.481
3361,3361,112.033,945.639,384.966,89.211,36.318,463,1,610,497,57.547,46.887,471.500,44.481
3362,3362,112.067,945.619,384.920,89.209,36.313,464,1,610,497,57.547,46.887,471.500,44.481
3363,3363,112.100,945.576,384.930,89.205,36.314,473,1,610,497,57.547,46.887,471.500,44.481
3364,3364,112.133,945.605,384.846,89.208,36.306,476,1,610,497,57.547,46.887,471.500,44.481
3365,3365,112.167,945.720,384.799,89.219,36.302,478,1,610,497,57.547,46.887,471.500,44.481
3366,3366,112.200,945.799,384.707,89.226,36.293,485,1,610,497,57.547,46.887,471.500,44.481
3367,3367,112.233,946.017,384.511,89.247,36.275,501,1,610,497,57.547,46.887,471.500,44.481
3368,3368,112.267,946.335,384.414,89.277,36.265,504,1,610,497,57.547,46.887,471.500,44.481
3369,3369,112.300,946.697,384.295,89.311,36.254,518,1,610,497,57.547,46.887,471.500,44.481
3370,3370,112.333,947.647,383.950,89.401,36.222,536,1,610,497,57.547,46.887,471.500,44.481
3371,3371,112.367,947.892,383.910,89.424,36.218,531,1,610,497,57.547,46.887,471.500,44.481
3372,3372,112.400,948.541,383.621,89.485,36.191,537,1,610,497,57.547,46.887,471.500,44.481
3373,3373,112.433,948.774,383.451,89.507,36.175,547,1,610,497,57.547,46.887,471.500,44.481
3374,3374,112.467,948.980,383.367,89.526,36.167,542,1,610,497,57.547,46.887,471.500,44.481
3375,3375,112.500,949.513,383.112,89.577,36.143,551,1,610,497,57.547,46.887,471.500,44.481
3376,3376,112.533,949.819,382.922,89.606,36.125,564,1,610,497,57.547,46.887,471.500,44.481
3377,3377,112.567,949.889,382.915,89.612,36.124,561,1,610,497,57.547,46.887,471.500,44.481
3378,3378,112.600,950.063,382.863,89.629,36.119,566,1,610,497,57.547,46.887,471.500,44.481
3379,3379,112.633,950.123,382.803,89.634,36.114,576,1,610,497,57.547,46.887,471.500,44.481
3380,3380,112.667,950.328,382.646,89.654,36.099,549,1,610,497,57.547,46.887,471.500,44.481
3381,3381,112.700,950.510,382.596,89.671,36.094,554,1,610,497,57.547,46.887,471.500,44.481
3382,3382,112.733,950.902,382.426,89.708,36.078,559,1,610,497,57.547,46.887,471.500,44.481
3383,3383,112.767,951.563,382.187,89.770,36.055,553,1,610,497,57.547,46.887,471.500,44.481
3384,3384,112.800,951.743,382.115,89.787,36.049,552,1,610,497,57.547,46.887,471.500,44.481
3385,3385,112.833,952.463,381.827,89.855,36.021,558,1,610,497,57.547,46.887,471.500,44.481
3386,3386,112.867,953.164,381.619,89.921,36.002,548,1,610,497,57.547,46.887,471.500,44.481
3387,3387,112.900,953.599,381.537,89.962,35.994,550,1,610,497,57.547,46.887,471.500,44.481
3388,3388,112.933,953.960,381.479,89.996,35.989,546,1,610,497,57.547,46.887,471.500,44.481
3389,3389,112.967,954.498,381.275,90.047,35.969,517,1,610,497,57.547,46.887,471.500,44.481
3390,3390,113.000,954.472,381.269,90.045,35.969,515,1,610,497,57.547,46.887,471.500,44.481
3391,3391,113.033,954.611,381.213,90.058,35.963,513,1,610,497,57.547,46.887,471.500,44.481
3392,3392,113.067,954.840,381.271,90.079,35.969,503,1,610,497,57.547,46.887,471.500,44.481
3393,3393,113.100,954.936,381.316,90.088,35.973,498,1,610,497,57.547,46.887,471.500,44.481
3394,3394,113.133,954.871,381.342,90.082,35.976,500,1,610,497,57.547,46.887,471.500,44.481
3395,3395,113.167,954.862,381.350,90.081,35.976,492,1,610,497,57.547,46.887,471.500,44.481
3396,3396,113.200,954.756,381.441,90.071,35.985,487,1,610,497,57.547,46.887,471.500,44.481
3397,3397,113.233,954.756,381.440,90.071,35.985,489,1,610,497,57.547,46.887,471.500,44.481
3398,3398,113.267,954.543,381.517,90.051,35.992,480,1,610,497,57.547,46.887,471.500,44.481
3399,3399,113.300,954.537,381.480,90.051,35.989,484,1,610,497,57.547,46.887,471.500,44.481
3400,3400,113.333,954.618,381.348,90.058,35.976,493,1,610,497,57.547,46.887,471.500,44.481
3401,3401,113.367,954.695,381.321,90.066,35.974,487,1,610,497,57.547,46.887,471.500,44.481
3402,3402,113.400,954.899,381.257,90.085,35.968,491,1,610,497,57.547,46.887,471.500,44.481
3403,3403,113.433,955.736,380.892,90.164,35.933,512,1,610,497,57.547,46.887,471.500,44.481
3404,3404,113.467,956.131,380.641,90.201,35.910,511,1,610,497,57.547,46.887,471.500,44.481
3405,3405,113.500,956.477,380.465,90.234,35.893,512,1,610,497,57.547,46.887,471.500,44.481
3406,3406,113.533,957.012,380.072,90.284,35.856,530,1,610,497,57.547,46.887,471.500,44.481
3407,3407,113.567,957.705,379.739,90.350,35.824,532,1,610,497,57.547,46.887,471.500,44.481
3408,3408,113.600,958.140,379.473,90.391,35.799,526,1,610,497,57.547,46.887,471.500,44.481
3409,3409,113.633,958.871,379.029,90.460,35.757,547,1,610,497,57.547,46.887,471.500,44.481
3410,3410,113.667,959.455,378.754,90.515,35.732,553,1,610,497,57.547,46.887,471.500,44.481
3411,3411,113.700,959.605,378.610,90.529,35.718,549,1,610,497,57.547,46.887,471.500,44.481
3412,3412,113.733,960.120,378.348,90.577,35.693,566,1,610,497,57.547,46.887,471.500,44.481
3413,3413,113.767,960.505,378.214,90.614,35.681,562,1,610,497,57.547,46.887,471.500,44.481
3414,3414,113.800,960.879,378.012,90.649,35.662,549,1,610,497,57.547,46.887,471.500,44.481
3415,3415,113.833,961.811,377.451,90.737,35.609,558,1,610,497,57.547,46.887,471.500,44.481
3416,3416,113.867,962.528,377.147,90.805,35.580,535,1,610,497,57.547,46.887,471.500,44.481
3417,3417,113.900,962.919,377.020,90.841,35.568,509,1,610,497,57.547,46.887,471.500,44.481
3418,3418,113.933,963.290,376.747,90.876,35.542,518,1,610,497,57.547,46.887,471.500,44.481
3419,3419,113.967,963.660,376.526,90.911,35.521,507,1,610,497,57.547,46.887,471.500,44.481
3420,3420,114.000,963.648,376.620,90.910,35.530,493,1,610,497,57.547,46.887,471.500,44.481
3421,3421,114.033,964.105,376.603,90.953,35.529,488,1,610,497,57.547,46.887,471.500,44.481
3422,3422,114.067,964.108,376.614,90.954,35.530,482,1,610,497,57.547,46.887,471.500,44.481
3423,3423,114.100,964.292,376.545,90.971,35.523,468,1,610,497,57.547,46.887,471.500,44.481
3424,3424,114.133,964.290,376.560,90.971,35.525,468,1,610,497,57.547,46.887,471.500,44.481
3425,3425,114.167,964.423,376.494,90.983,35.518,469,1,610,497,57.547,46.887,471.500,44.481
3426,3426,114.200,964.302,376.545,90.972,35.523,466,1,610,497,57.547,46.887,471.500,44.481
3427,3427,114.233,964.341,376.542,90.976,35.523,469,1,610,497,57.547,46.887,471.500,44.481
3428,3428,114.267,964.362,376.584,90.978,35.527,471,1,610,497,57.547,46.887,471.500,44.481
3429,3429,114.300,964.410,376.520,90.982,35.521,473,1,610,497,57.547,46.887,471.500,44.481
3430,3430,114.333,964.553,376.402,90.996,35.510,476,1,610,497,57.547,46.887,471.500,44.481
3431,3431,114.367,965.075,376.030,91.045,35.474,494,1,610,497,57.547,46.887,471.500,44.481
3432,3432,114.400,965.249,375.955,91.061,35.467,492,1,610,497,57.547,46.887,471.500,44.481
3433,3433,114.433,965.800,375.585,91.113,35.433,517,1,610,497,57.547,46.887,471.500,44.481
3434,3434,114.467,965.975,375.481,91.130,35.423,520,1,610,497,57.547,46.887,471.500,44.481
3435,3435,114.500,966.080,375.429,91.140,35.418,503,1,610,497,57.547,46.887,471.500,44.481
3436,3436,114.533,966.801,374.938,91.208,35.372,533,1,610,497,57.547,46.887,471.500,44.481
3437,3437,114.567,967.071,374.760,91.233,35.355,540,1,610,497,57.547,46.887,471.500,44.481
3438,3438,114.600,967.293,374.653,91.254,35.345,537,1,610,497,57.547,46.887,471.500,44.481
3439,3439,114.633,967.321,374.561,91.257,35.336,538,1,610,497,57.547,46.887,471.500,44.481
3440,3440,114.667,967.594,374.342,91.282,35.315,549,1,610,497,57.547,46.887,471.500,44.481
3441,3441,114.700,967.851,374.207,91.307,35.303,543,1,610,497,57.547,46.887,471.500,44.481
3442,3442,114.733,967.908,374.185,91.312,35.300,550,1,610,497,57.547,46.887,471.500,44.481
3443,3443,114.767,968.019,374.147,91.323,35.297,553,1,610,497,57.547,46.887,471.500,44.481
3444,3444,114.800,968.292,373.988,91.348,35.282,548,1,610,497,57.547,46.887,471.500,44.481
3445,3445,114.833,968.159,374.048,91.336,35.288,555,1,610,497,57.547,46.887,471.500,44.481
3446,3446,114.867,968.109,374.090,91.331,35.291,557,1,610,497,57.547,46.887,471.500,44.481
3447,3447,114.900,968.233,374.018,91.343,35.285,549,1,610,497,57.547,46.887,471.500,44.481
3448,3448,114.933,968.338,373.980,91.353,35.281,555,1,610,497,57.547,46.887,471.500,44.481
3449,3449,114.967,968.465,373.868,91.365,35.271,564,1,610,497,57.547,46.887,471.500,44.481
3450,3450,115.000,968.442,373.845,91.362,35.268,562,1,610,497,57.547,46.887,471.500,44.481
3451,3451,115.033,968.492,373.826,91.367,35.267,560,1,610,497,57.547,46.887,471.500,44.481
3452,3452,115.067,968.593,373.735,91.377,35.258,570,1,610,497,57.547,46.887,471.500,44.481
3453,3453,115.100,968.487,373.834,91.367,35.267,554,1,610,497,57.547,46.887,471.500,44.481
3454,3454,115.133,968.518,373.834,91.370,35.267,561,1,610,497,57.547,46.887,471.500,44.481
3455,3455,115.167,968.489,373.854,91.367,35.269,562,1,610,497,57.547,46.887,471.500,44.481
3456,3456,115.200,968.555,373.810,91.373,35.265,557,1,610,497,57.547,46.887,471.500,44.481
3457,3457,115.233,968.579,373.779,91.375,35.262,555,1,610,497,57.547,46.887,471.500,44.481
3458,3458,115.267,968.469,373.813,91.365,35.265,562,1,610,497,57.547,46.887,471.500,44.481
3459,3459,115.300,968.704,373.703,91.387,35.255,563,1,610,497,57.547,46.887,471.500,44.481
3460,3460,115.333,968.582,373.765,91.376,35.261,559,1,610,497,57.547,46.887,471.500,44.481
3461,3461,115.367,968.555,373.816,91.373,35.266,561,1,610,497,57.547,46.887,471.500,44.481
3462,3462,115.400,968.470,373.857,91.365,35.270,556,1,610,497,57.547,46.887,471.500,44.481
3463,3463,115.433,968.456,373.873,91.364,35.271,555,1,610,497,57.547,46.887,471.500,44.481
3464,3464,115.467,968.583,373.750,91.376,35.259,561,1,610,497,57.547,46.887,471.500,44.481
3465,3465,115.500,968.480,373.807,91.366,35.265,556,1,610,497,57.547,46.887,471.500,44.481
3466,3466,115.533,968.423,373.839,91.361,35.268,554,1,610,497,57.547,46.887,471.500,44.481
3467,3467,115.567,968.469,373.832,91.365,35.267,556,1,610,497,57.547,46.887,471.500,44.481
3468,3468,115.600,968.379,373.865,91.357,35.270,550,1,610,497,57.547,46.887,471.500,44.481
3469,3469,115.633,968.050,374.036,91.325,35.286,548,1,610,497,57.547,46.887,471.500,44.481
3470,3470,115.667,968.056,374.014,91.326,35.284,555,1,610,497,57.547,46.887,471.500,44.481
3471,3471,115.700,968.093,373.980,91.330,35.281,549,1,610,497,57.547,46.887,471.500,44.481
3472,3472,115.733,967.851,374.144,91.307,35.297,546,1,610,497,57.547,46.887,471.500,44.481
3473,3473,115.767,967.711,374.132,91.293,35.296,560,1,610,497,57.547,46.887,471.500,44.481
3474,3474,115.800,967.367,374.264,91.261,35.308,541,1,610,497,57.547,46.887,471.500,44.481
3475,3475,115.833,967.013,374.459,91.228,35.326,534,1,610,497,57.547,46.887,471.500,44.481
3476,3476,115.867,966.893,374.511,91.216,35.331,533,1,610,497,57.547,46.887,471.500,44.481
3477,3477,115.900,966.699,374.567,91.198,35.337,528,1,610,497,57.547,46.887,471.500,44.481
3478,3478,115.933,966.658,374.601,91.194,35.340,521,1,610,497,57.547,46.887,471.500,44.481
3479,3479,115.967,966.896,374.395,91.217,35.320,533,1,610,497,57.547,46.887,471.500,44.481
3480,3480,116.000,966.937,374.347,91.220,35.316,533,1,610,497,57.547,46.887,471.500,44.481
3481,3481,116.033,967.133,374.216,91.239,35.303,525,1,610,497,57.547,46.887,471.500,44.481
3482,3482,116.067,967.036,374.151,91.230,35.297,542,1,610,497,57.547,46.887,471.500,44.481
3483,3483,116.100,967.082,374.102,91.234,35.293,530,1,610,497,57.547,46.887,471.500,44.481
3484,3484,116.133,967.424,373.711,91.266,35.256,523,1,610,497,57.547,46.887,471.500,44.481
3485,3485,116.167,967.230,373.628,91.248,35.248,528,1,610,497,57.547,46.887,471.500,44.481
3486,3486,116.200,967.553,373.210,91.279,35.209,517,1,610,497,57.547,46.887,471.500,44.481
3487,3487,116.233,968.121,372.784,91.332,35.168,505,1,610,497,57.547,46.887,471.500,44.481
3488,3488,116.267,968.418,372.476,91.360,35.139,509,1,610,497,57.547,46.887,471.500,44.481
3489,3489,116.300,969.001,372.105,91.415,35.104,497,1,610,497,57.547,46.887,471.500,44.481
3490,3490,116.333,969.729,371.678,91.484,35.064,484,1,610,497,57.547,46.887,471.500,44.481
3491,3491,116.367,969.984,371.323,91.508,35.030,487,1,610,497,57.547,46.887,471.500,44.481
3492,3492,116.400,970.181,371.149,91.526,35.014,473,1,610,497,57.547,46.887,471.500,44.481
3493,3493,116.433,970.348,371.139,91.542,35.013,460,1,610,497,57.547,46.887,471.500,44.481
3494,3494,116.467,970.332,371.173,91.541,35.016,458,1,610,497,57.547,46.887,471.500,44.481
3495,3495,116.500,970.437,370.982,91.551,34.998,461,1,610,497,57.547,46.887,471.500,44.481
3496,3496,116.533,970.415,371.084,91.549,35.008,451,1,610,497,57.547,46.887,471.500,44.481
3497,3497,116.567,970.423,371.034,91.549,35.003,457,1,610,497,57.547,46.887,471.500,44.481
3498,3498,116.600,970.395,370.938,91.547,34.994,459,1,610,497,57.547,46.887,471.500,44.481
3499,3499,116.633,970.191,371.151,91.527,35.014,454,1,610,497,57.547,46.887,471.500,44.481
3500,3500,116.667,970.196,370.958,91.528,34.996,460,1,610,497,57.547,46.887,471.500,44.481
3501,3501,116.700,970.053,370.783,91.514,34.980,463,1,610,497,57.547,46.887,471.500,44.481
3502,3502,116.733,969.993,370.723,91.509,34.974,461,1,610,497,57.547,46.887,471.500,44.481
3503,3503,116.767,970.397,370.077,91.547,34.913,477,1,610,497,57.547,46.887,471.500,44.481
3504,3504,116.800,970.738,369.569,91.579,34.865,490,1,610,497,57.547,46.887,471.500,44.481
3505,3505,116.833,970.701,369.509,91.576,34.859,489,1,610,497,57.547,46.887,471.500,44.481
3506,3506,116.867,970.851,369.140,91.590,34.825,502,1,610,497,57.547,46.887,471.500,44.481
3507,3507,116.900,970.968,368.762,91.601,34.789,518,1,610,497,57.547,46.887,471.500,44.481
3508,3508,116.933,971.102,368.494,91.613,34.764,517,1,610,497,57.547,46.887,471.500,44.481
3509,3509,116.967,971.201,368.315,91.623,34.747,526,1,610,497,57.547,46.887,471.500,44.481
3510,3510,117.000,971.503,367.822,91.651,34.700,534,1,610,497,57.547,46.887,471.500,44.481
3511,3511,117.033,971.715,367.585,91.671,34.678,530,1,610,497,57.547,46.887,471.500,44.481
3512,3512,117.067,971.984,367.153,91.697,34.637,542,1,610,497,57.547,46.887,471.500,44.481
3513,3513,117.100,972.004,366.973,91.699,34.620,548,1,610,497,57.547,46.887,471.500,44.481
3514,3514,117.133,972.014,366.848,91.699,34.608,545,1,610,497,57.547,46.887,471.500,44.481
3515,3515,117.167,972.013,366.749,91.699,34.599,547,1,610,497,57.547,46.887,471.500,44.481
3516,3516,117.200,972.180,366.430,91.715,34.569,557,1,610,497,57.547,46.887,471.500,44.481
3517,3517,117.233,972.288,366.468,91.725,34.572,544,1,610,497,57.547,46.887,471.500,44.481
3518,3518,117.267,972.359,366.243,91.732,34.551,539,1,610,497,57.547,46.887,471.500,44.481
3519,3519,117.300,972.620,365.717,91.757,34.502,550,1,610,497,57.547,46.887,471.500,44.481
3520,3520,117.333,973.133,365.046,91.805,34.438,537,1,610,497,57.547,46.887,471.500,44.481
3521,3521,117.367,973.569,364.762,91.846,34.411,530,1,610,497,57.547,46.887,471.500,44.481
3522,3522,117.400,973.768,364.565,91.865,34.393,533,1,610,497,57.547,46.887,471.500,44.481
3523,3523,117.433,974.318,363.892,91.917,34.329,511,1,610,497,57.547,46.887,471.500,44.481
3524,3524,117.467,974.563,363.707,91.940,34.312,510,1,610,497,57.547,46.887,471.500,44.481
3525,3525,117.500,974.853,363.250,91.967,34.269,506,1,610,497,57.547,46.887,471.500,44.481
3526,3526,117.533,975.135,362.930,91.994,34.239,487,1,610,497,57.547,46.887,471.500,44.481
3527,3527,117.567,975.256,362.999,92.005,34.245,483,1,610,497,57.547,46.887,471.500,44.481
3528,3528,117.600,975.322,363.032,92.012,34.248,484,1,610,497,57.547,46.887,471.500,44.481
3529,3529,117.633,975.465,363.119,92.025,34.256,466,1,610,497,57.547,46.887,471.500,44.481
3530,3530,117.667,975.493,363.106,92.028,34.255,465,1,610,497,57.547,46.887,471.500,44.481
3531,3531,117.700,975.478,362.985,92.026,34.244,472,1,610,497,57.547,46.887,471.500,44.481
3532,3532,117.733,975.503,362.986,92.029,34.244,467,1,610,497,57.547,46.887,471.500,44.481
3533,3533,117.767,975.332,363.171,92.012,34.261,464,1,610,497,57.547,46.887,471.500,44.481
3534,3534,117.800,975.278,363.119,92.007,34.257,473,1,610,497,57.547,46.887,471.500,44.481
3535,3535,117.833,975.276,363.094,92.007,34.254,465,1,610,497,57.547,46.887,471.500,44.481
3536,3536,117.867,975.330,362.881,92.012,34.234,470,1,610,497,57.547,46.887,471.500,44.481
3537,3537,117.900,975.408,362.609,92.020,34.208,480,1,610,497,57.547,46.887,471.500,44.481
3538,3538,117.933,975.476,362.304,92.026,34.180,483,1,610,497,57.547,46.887,471.500,44.481
3539,3539,117.967,975.564,362.171,92.034,34.167,482,1,610,497,57.547,46.887,471.500,44.481
3540,3540,118.000,975.716,361.543,92.049,34.108,511,1,610,497,57.547,46.887,471.500,44.481
3541,3541,118.033,976.282,360.847,92.102,34.042,497,1,610,497,57.547,46.887,471.500,44.481
3542,3542,118.067,976.299,360.916,92.104,34.049,490,1,610,497,57.547,46.887,471.500,44.481
3543,3543,118.100,976.581,360.186,92.130,33.980,519,1,610,497,57.547,46.887,471.500,44.481
3544,3544,118.133,976.615,360.053,92.134,33.967,522,1,610,497,57.547,46.887,471.500,44.481
3545,3545,118.167,976.707,359.821,92.142,33.945,522,1,610,497,57.547,46.887,471.500,44.481
3546,3546,118.200,976.807,359.380,92.152,33.904,534,1,610,497,57.547,46.887,471.500,44.481
3547,3547,118.233,976.938,359.230,92.164,33.890,532,1,610,497,57.547,46.887,471.500,44.481
3548,3548,118.267,977.175,358.746,92.186,33.844,542,1,610,497,57.547,46.887,471.500,44.481
3549,3549,118.300,977.204,358.588,92.189,33.829,547,1,610,497,57.547,46.887,471.500,44.481
3550,3550,118.333,977.229,358.493,92.191,33.820,548,1,610,497,57.547,46.887,471.500,44.481
3551,3551,118.367,977.180,358.389,92.187,33.810,540,1,610,497,57.547,46.887,471.500,44.481
3552,3552,118.400,977.323,357.937,92.200,33.768,553,1,610,497,57.547,46.887,471.500,44.481
3553,3553,118.433,977.469,357.669,92.214,33.742,551,1,610,497,57.547,46.887,471.500,44.481
3554,3554,118.467,977.415,357.693,92.209,33.745,547,1,610,497,57.547,46.887,471.500,44.481
3555,3555,118.500,977.423,357.527,92.210,33.729,562,1,610,497,57.547,46.887,471.500,44.481
3556,3556,118.533,977.451,357.488,92.212,33.725,560,1,610,497,57.547,46.887,471.500,44.481
3557,3557,118.567,977.636,357.198,92.230,33.698,549,1,610,497,57.547,46.887,471.500,44.481
3558,3558,118.600,977.650,356.953,92.231,33.675,563,1,610,497,57.547,46.887,471.500,44.481
3559,3559,118.633,977.848,356.454,92.250,33.628,559,1,610,497,57.547,46.887,471.500,44.481
3560,3560,118.667,977.931,356.315,92.258,33.615,545,1,610,497,57.547,46.887,471.500,44.481
3561,3561,118.700,978.136,355.743,92.277,33.561,550,1,610,497,57.547,46.887,471.500,44.481
3562,3562,118.733,978.422,355.342,92.304,33.523,535,1,610,497,57.547,46.887,471.500,44.481
3563,3563,118.767,978.350,355.542,92.297,33.542,517,1,610,497,57.547,46.887,471.500,44.481
3564,3564,118.800,978.524,355.126,92.314,33.502,525,1,610,497,57.547,46.887,471.500,44.481
3565,3565,118.833,978.609,355.084,92.322,33.498,519,1,610,497,57.547,46.887,471.500,44.481
3566,3566,118.867,978.699,355.173,92.330,33.507,505,1,610,497,57.547,46.887,471.500,44.481
3567,3567,118.900,978.660,355.313,92.326,33.520,509,1,610,497,57.547,46.887,471.500,44.481
3568,3568,118.933,978.853,354.968,92.345,33.488,502,1,610,497,57.547,46.887,471.500,44.481
3569,3569,118.967,978.860,354.926,92.345,33.484,490,1,610,497,57.547,46.887,471.500,44.481
3570,3570,119.000,978.835,354.961,92.343,33.487,494,1,610,497,57.547,46.887,471.500,44.481
3571,3571,119.033,978.933,354.667,92.352,33.459,506,1,610,497,57.547,46.887,471.500,44.481
3572,3572,119.067,978.960,354.854,92.355,33.477,485,1,610,497,57.547,46.887,471.500,44.481
3573,3573,119.100,978.947,354.780,92.354,33.470,492,1,610,497,57.547,46.887,471.500,44.481
3574,3574,119.133,978.965,354.650,92.355,33.458,501,1,610,497,57.547,46.887,471.500,44.481
3575,3575,119.167,978.964,354.711,92.355,33.463,493,1,610,497,57.547,46.887,471.500,44.481
3576,3576,119.200,979.028,354.443,92.361,33.438,509,1,610,497,57.547,46.887,471.500,44.481
3577,3577,119.233,979.149,353.958,92.373,33.392,517,1,610,497,57.547,46.887,471.500,44.481
3578,3578,119.267,979.239,353.879,92.381,33.385,511,1,610,497,57.547,46.887,471.500,44.481
3579,3579,119.300,979.424,353.361,92.399,33.336,533,1,610,497,57.547,46.887,471.500,44.481
3580,3580,119.333,979.487,352.800,92.404,33.283,544,1,610,497,57.547,46.887,471.500,44.481
3581,3581,119.367,979.643,352.533,92.419,33.258,536,1,610,497,57.547,46.887,471.500,44.481
3582,3582,119.400,979.604,352.358,92.416,33.241,545,1,610,497,57.547,46.887,471.500,44.481
3583,3583,119.433,979.902,351.685,92.444,33.178,567,1,610,497,57.547,46.887,471.500,44.481
3584,3584,119.467,980.005,351.379,92.453,33.149,565,1,610,497,57.547,46.887,471.500,44.481
3585,3585,119.500,980.100,351.063,92.462,33.119,574,1,610,497,57.547,46.887,471.500,44.481
3586,3586,119.533,980.214,350.796,92.473,33.094,584,1,610,497,57.547,46.887,471.500,44.481
3587,3587,119.567,980.178,350.933,92.470,33.107,571,1,610,497,57.547,46.887,471.500,44.481
3588,3588,119.600,980.181,350.847,92.470,33.099,580,1,610,497,57.547,46.887,471.500,44.481
3589,3589,119.633,980.248,350.765,92.476,33.091,587,1,610,497,57.547,46.887,471.500,44.481
3590,3590,119.667,980.246,350.883,92.476,33.102,579,1,610,497,57.547,46.887,471.500,44.481
3591,3591,119.700,980.223,350.836,92.474,33.098,577,1,610,497,57.547,46.887,471.500,44.481
3592,3592,119.733,980.209,350.893,92.473,33.103,577,1,610,497,57.547,46.887,471.500,44.481
3593,3593,119.767,980.332,350.808,92.484,33.095,567,1,610,497,57.547,46.887,471.500,44.481
3594,3594,119.800,980.222,351.038,92.474,33.117,568,1,610,497,57.547,46.887,471.500,44.481
3595,3595,119.833,980.350,350.643,92.486,33.080,578,1,610,497,57.547,46.887,471.500,44.481
3596,3596,119.867,980.401,350.615,92.491,33.077,574,1,610,497,57.547,46.887,471.500,44.481
3597,3597,119.900,980.359,350.772,92.487,33.092,575,1,610,497,57.547,46.887,471.500,44.481
3598,3598,119.933,980.307,350.768,92.482,33.091,579,1,610,497,57.547,46.887,471.500,44.481
3599,3599,119.967,980.330,350.821,92.484,33.096,567,1,610,497,57.547,46.887,471.500,44.481
3600,3600,120.000,980.397,350.626,92.490,33.078,573,1,610,497,57.547,46.887,471.500,44.481
3601,3601,120.033,980.356,350.829,92.486,33.097,566,1,610,497,57.547,46.887,471.500,44.481
3602,3602,120.067,980.460,350.613,92.496,33.077,558,1,610,497,57.547,46.887,471.500,44.481
3603,3603,120.100,980.427,350.543,92.493,33.070,565,1,610,497,57.547,46.887,471.500,44.481
3604,3604,120.133,980.514,350.450,92.501,33.061,569,1,610,497,57.547,46.887,471.500,44.481
3605,3605,120.167,980.474,350.592,92.498,33.075,567,1,610,497,57.547,46.887,471.500,44.481
3606,3606,120.200,980.489,350.618,92.499,33.077,564,1,610,497,57.547,46.887,471.500,44.481
3607,3607,120.233,980.423,350.699,92.493,33.085,567,1,610,497,57.547,46.887,471.500,44.481
3608,3608,120.267,980.451,350.663,92.495,33.081,565,1,610,497,57.547,46.887,471.500,44.481
3609,3609,120.300,980.326,350.896,92.484,33.103,557,1,610,497,57.547,46.887,471.500,44.481
3610,3610,120.333,980.309,350.896,92.482,33.103,560,1,610,497,57.547,46.887,471.500,44.481
3611,3611,120.367,980.149,351.314,92.467,33.143,543,1,610,497,57.547,46.887,471.500,44.481
3612,3612,120.400,979.865,351.915,92.440,33.200,535,1,610,497,57.547,46.887,471.500,44.481
3613,3613,120.433,979.935,351.772,92.447,33.186,554,1,610,497,57.547,46.887,471.500,44.481
3614,3614,120.467,980.149,351.381,92.467,33.149,551,1,610,497,57.547,46.887,471.500,44.481
3615,3615,120.500,980.261,351.292,92.477,33.141,554,1,610,497,57.547,46.887,471.500,44.481
3616,3616,120.533,980.370,351.122,92.488,33.125,559,1,610,497,57.547,46.887,471.500,44.481
3617,3617,120.567,980.376,351.155,92.488,33.128,557,1,610,497,57.547,46.887,471.500,44.481
3618,3618,120.600,980.172,351.775,92.469,33.186,543,1,610,497,57.547,46.887,471.500,44.481
3619,3619,120.633,980.152,352.104,92.467,33.217,539,1,610,497,57.547,46.887,471.500,44.481
3620,3620,120.667,979.736,353.177,92.428,33.319,518,1,610,497,57.547,46.887,471.500,44.481
3621,3621,120.700,979.460,353.982,92.402,33.395,490,1,610,497,57.547,46.887,471.500,44.481
3622,3622,120.733,979.291,354.265,92.386,33.421,490,1,610,497,57.547,46.887,471.500,44.481
3623,3623,120.767,979.148,354.556,92.372,33.449,480,1,610,497,57.547,46.887,471.500,44.481
3624,3624,120.800,978.993,355.020,92.358,33.492,466,1,610,497,57.547,46.887,471.500,44.481
3625,3625,120.833,978.937,355.245,92.353,33.514,471,1,610,497,57.547,46.887,471.500,44.481
3626,3626,120.867,978.977,355.172,92.356,33.507,474,1,610,497,57.547,46.887,471.500,44.481
3627,3627,120.900,978.814,355.599,92.341,33.547,464,1,610,497,57.547,46.887,471.500,44.481
3628,3628,120.933,978.878,355.556,92.347,33.543,477,1,610,497,57.547,46.887,471.500,44.481
3629,3629,120.967,978.918,355.563,92.351,33.544,478,1,610,497,57.547,46.887,471.500,44.481
3630,3630,121.000,978.883,355.606,92.347,33.548,465,1,610,497,57.547,46.887,471.500,44.481
3631,3631,121.033,978.920,355.591,92.351,33.546,476,1,610,497,57.547,46.887,471.500,44.481
3632,3632,121.067,978.924,355.676,92.351,33.554,470,1,610,497,57.547,46.887,471.500,44.481
3633,3633,121.100,978.918,355.760,92.351,33.562,470,1,610,497,57.547,46.887,471.500,44.481
3634,3634,121.133,979.060,355.731,92.364,33.560,485,1,610,497,57.547,46.887,471.500,44.481
3635,3635,121.167,979.068,355.769,92.365,33.563,484,1,610,497,57.547,46.887,471.500,44.481
3636,3636,121.200,979.266,355.658,92.384,33.553,473,1,610,497,57.547,46.887,471.500,44.481
3637,3637,121.233,979.227,355.775,92.380,33.564,480,1,610,497,57.547,46.887,471.500,44.481
3638,3638,121.267,979.246,355.748,92.382,33.561,480,1,610,497,57.547,46.887,471.500,44.481
3639,3639,121.300,979.253,355.803,92.382,33.566,472,1,610,497,57.547,46.887,471.500,44.481
3640,3640,121.333,979.378,355.780,92.394,33.564,483,1,610,497,57.547,46.887,471.500,44.481
3641,3641,121.367,979.377,355.759,92.394,33.562,483,1,610,497,57.547,46.887,471.500,44.481
3642,3642,121.400,979.376,355.721,92.394,33.559,475,1,610,497,57.547,46.887,471.500,44.481
3643,3643,121.433,979.404,355.832,92.397,33.569,487,1,610,497,57.547,46.887,471.500,44.481
3644,3644,121.467,979.443,355.807,92.400,33.567,488,1,610,497,57.547,46.887,471.500,44.481
3645,3645,121.500,979.477,355.771,92.404,33.563,469,1,610,497,57.547,46.887,471.500,44.481
3646,3646,121.533,979.505,355.764,92.406,33.563,483,1,610,497,57.547,46.887,471.500,44.481
3647,3647,121.567,979.621,355.760,92.417,33.562,487,1,610,497,57.547,46.887,471.500,44.481
3648,3648,121.600,979.692,355.771,92.424,33.563,478,1,610,497,57.547,46.887,471.500,44.481
3649,3649,121.633,979.783,355.721,92.432,33.559,484,1,610,497,57.547,46.887,471.500,44.481
3650,3650,121.667,979.891,355.656,92.443,33.552,497,1,610,497,57.547,46.887,471.500,44.481
3651,3651,121.700,979.935,355.937,92.447,33.579,490,1,610,497,57.547,46.887,471.500,44.481
3652,3652,121.733,979.963,356.063,92.449,33.591,487,1,610,497,57.547,46.887,471.500,44.481
3653,3653,121.767,980.059,356.117,92.458,33.596,499,1,610,497,57.547,46.887,471.500,44.481
3654,3654,121.800,980.364,355.844,92.487,33.570,495,1,610,497,57.547,46.887,471.500,44.481
3655,3655,121.833,980.327,356.249,92.484,33.608,497,1,610,497,57.547,46.887,471.500,44.481
3656,3656,121.867,980.749,355.987,92.524,33.584,513,1,610,497,57.547,46.887,471.500,44.481
3657,3657,121.900,980.834,355.947,92.531,33.580,513,1,610,497,57.547,46.887,471.500,44.481
3658,3658,121.933,981.022,355.886,92.549,33.574,520,1,610,497,57.547,46.887,471.500,44.481
3659,3659,121.967,981.394,355.726,92.584,33.559,534,1,610,497,57.547,46.887,471.500,44.481
3660,3660,122.000,981.603,355.560,92.604,33.543,532,1,610,497,57.547,46.887,471.500,44.481
3661,3661,122.033,981.903,355.544,92.632,33.542,537,1,610,497,57.547,46.887,471.500,44.481
3662,3662,122.067,981.978,355.446,92.639,33.533,542,1,610,497,57.547,46.887,471.500,44.481
3663,3663,122.100,982.058,355.314,92.647,33.520,525,1,610,497,57.547,46.887,471.500,44.481
3664,3664,122.133,981.990,355.564,92.641,33.544,528,1,610,497,57.547,46.887,471.500,44.481
3665,3665,122.167,982.025,355.638,92.644,33.551,530,1,610,497,57.547,46.887,471.500,44.481
3666,3666,122.200,982.018,355.707,92.643,33.557,529,1,610,497,57.547,46.887,471.500,44.481
3667,3667,122.233,982.226,355.738,92.663,33.560,532,1,610,497,57.547,46.887,471.500,44.481
3668,3668,122.267,982.408,355.798,92.680,33.566,534,1,610,497,57.547,46.887,471.500,44.481
3669,3669,122.300,982.555,355.831,92.694,33.569,536,1,610,497,57.547,46.887,471.500,44.481
3670,3670,122.333,982.596,356.114,92.698,33.596,529,1,610,497,57.547,46.887,471.500,44.481
3671,3671,122.367,982.657,356.402,92.703,33.623,531,1,610,497,57.547,46.887,471.500,44.481
3672,3672,122.400,982.718,356.594,92.709,33.641,514,1,610,497,57.547,46.887,471.500,44.481
3673,3673,122.433,982.870,356.565,92.724,33.638,518,1,610,497,57.547,46.887,471.500,44.481
3674,3674,122.467,983.136,356.638,92.749,33.645,532,1,610,497,57.547,46.887,471.500,44.481
3675,3675,122.500,983.453,356.699,92.779,33.651,529,1,610,497,57.547,46.887,471.500,44.481
3676,3676,122.533,983.519,356.665,92.785,33.648,530,1,610,497,57.547,46.887,471.500,44.481
3677,3677,122.567,983.652,356.758,92.797,33.656,536,1,610,497,57.547,46.887,471.500,44.481
3678,3678,122.600,983.711,356.740,92.803,33.655,531,1,610,497,57.547,46.887,471.500,44.481
3679,3679,122.633,983.984,356.615,92.829,33.643,537,1,610,497,57.547,46.887,471.500,44.481
3680,3680,122.667,984.542,356.302,92.881,33.613,551,1,610,497,57.547,46.887,471.500,44.481
3681,3681,122.700,985.011,355.995,92.926,33.584,538,1,610,497,57.547,46.887,471.500,44.481
3682,3682,122.733,985.251,355.955,92.948,33.581,539,1,610,497,57.547,46.887,471.500,44.481
3683,3683,122.767,985.919,355.645,93.011,33.551,552,1,610,497,57.547,46.887,471.500,44.481
3684,3684,122.800,986.087,355.486,93.027,33.536,550,1,610,497,57.547,46.887,471.500,44.481
3685,3685,122.833,986.215,355.343,93.039,33.523,548,1,610,497,57.547,46.887,471.500,44.481
3686,3686,122.867,986.508,355.210,93.067,33.510,554,1,610,497,57.547,46.887,471.500,44.481
3687,3687,122.900,986.746,355.005,93.089,33.491,544,1,610,497,57.547,46.887,471.500,44.481
3688,3688,122.933,986.888,354.922,93.103,33.483,541,1,610,497,57.547,46.887,471.500,44.481
3689,3689,122.967,987.274,354.611,93.139,33.454,538,1,610,497,57.547,46.887,471.500,44.481
3690,3690,123.000,987.702,354.301,93.179,33.425,514,1,610,497,57.547,46.887,471.500,44.481
3691,3691,123.033,987.902,353.987,93.198,33.395,498,1,610,497,57.547,46.887,471.500,44.481
3692,3692,123.067,987.970,353.701,93.205,33.368,500,1,610,497,57.547,46.887,471.500,44.481
3693,3693,123.100,987.932,353.408,93.201,33.340,489,1,610,497,57.547,46.887,471.500,44.481
3694,3694,123.133,988.040,353.210,93.211,33.322,472,1,610,497,57.547,46.887,471.500,44.481
3695,3695,123.167,988.034,353.075,93.211,33.309,488,1,610,497,57.547,46.887,471.500,44.481
3696,3696,123.200,988.147,352.727,93.221,33.276,483,1,610,497,57.547,46.887,471.500,44.481
3697,3697,123.233,987.982,352.493,93.206,33.254,476,1,610,497,57.547,46.887,471.500,44.481
3698,3698,123.267,988.020,352.472,93.209,33.252,483,1,610,497,57.547,46.887,471.500,44.481
3699,3699,123.300,988.175,352.220,93.224,33.228,477,1,610,497,57.547,46.887,471.500,44.481
3700,3700,123.333,988.207,352.126,93.227,33.219,468,1,610,497,57.547,46.887,471.500,44.481
3701,3701,123.367,987.949,352.348,93.203,33.240,490,1,610,497,57.547,46.887,471.500,44.481
3702,3702,123.400,988.169,352.261,93.223,33.232,492,1,610,497,57.547,46.887,471.500,44.481
3703,3703,123.433,988.166,352.280,93.223,33.234,482,1,610,497,57.547,46.887,471.500,44.481
3704,3704,123.467,988.364,352.301,93.242,33.236,490,1,610,497,57.547,46.887,471.500,44.481
3705,3705,123.500,988.637,352.204,93.268,33.227,499,1,610,497,57.547,46.887,471.500,44.481
3706,3706,123.533,988.855,352.230,93.288,33.229,502,1,610,497,57.547,46.887,471.500,44.481
3707,3707,123.567,989.541,352.092,93.353,33.216,524,1,610,497,57.547,46.887,471.500,44.481
3708,3708,123.600,989.927,352.052,93.389,33.212,531,1,610,497,57.547,46.887,471.500,44.481
3709,3709,123.633,990.089,352.005,93.405,33.208,523,1,610,497,57.547,46.887,471.500,44.481
3710,3710,123.667,990.608,351.936,93.454,33.202,533,1,610,497,57.547,46.887,471.500,44.481
3711,3711,123.700,991.122,351.775,93.502,33.186,538,1,610,497,57.547,46.887,471.500,44.481
3712,3712,123.733,991.257,351.689,93.515,33.178,533,1,610,497,57.547,46.887,471.500,44.481
3713,3713,123.767,991.560,351.611,93.543,33.171,548,1,610,497,57.547,46.887,471.500,44.481
3714,3714,123.800,991.857,351.528,93.571,33.163,555,1,610,497,57.547,46.887,471.500,44.481
3715,3715,123.833,991.874,351.462,93.573,33.157,549,1,610,497,57.547,46.887,471.500,44.481
3716,3716,123.867,992.078,351.366,93.592,33.148,558,1,610,497,57.547,46.887,471.500,44.481
3717,3717,123.900,992.467,351.248,93.629,33.137,567,1,610,497,57.547,46.887,471.500,44.481
3718,3718,123.933,992.514,351.241,93.633,33.136,562,1,610,497,57.547,46.887,471.500,44.481
3719,3719,123.967,992.597,351.184,93.641,33.131,572,1,610,497,57.547,46.887,471.500,44.481
3720,3720,124.000,992.864,351.178,93.666,33.130,575,1,610,497,57.547,46.887,471.500,44.481
3721,3721,124.033,993.401,350.884,93.717,33.102,547,1,610,497,57.547,46.887,471.500,44.481
3722,3722,124.067,993.396,350.954,93.717,33.109,565,1,610,497,57.547,46.887,471.500,44.481
3723,3723,124.100,993.617,350.787,93.737,33.093,563,1,610,497,57.547,46.887,471.500,44.481
3724,3724,124.133,993.929,350.690,93.767,33.084,555,1,610,497,57.547,46.887,471.500,44.481
3725,3725,124.167,994.005,350.659,93.774,33.081,557,1,610,497,57.547,46.887,471.500,44.481
3726,3726,124.200,994.259,350.528,93.798,33.069,550,1,610,497,57.547,46.887,471.500,44.481
3727,3727,124.233,994.310,350.495,93.803,33.066,547,1,610,497,57.547,46.887,471.500,44.481
3728,3728,124.267,994.823,350.303,93.851,33.047,539,1,610,497,57.547,46.887,471.500,44.481
3729,3729,124.300,995.324,350.040,93.898,33.023,535,1,610,497,57.547,46.887,471.500,44.481
3730,3730,124.333,995.921,349.628,93.955,32.984,518,1,610,497,57.547,46.887,471.500,44.481
3731,3731,124.367,996.091,349.435,93.971,32.966,514,1,610,497,57.547,46.887,471.500,44.481
3732,3732,124.400,996.531,349.182,94.012,32.942,518,1,610,497,57.547,46.887,471.500,44.481
3733,3733,124.433,996.616,349.037,94.020,32.928,498,1,610,497,57.547,46.887,471.500,44.481
3734,3734,124.467,996.681,349.001,94.026,32.925,499,1,610,497,57.547,46.887,471.500,44.481
3735,3735,124.500,996.898,348.967,94.047,32.921,496,1,610,497,57.547,46.887,471.500,44.481
3736,3736,124.533,997.036,348.859,94.060,32.911,486,1,610,497,57.547,46.887,471.500,44.481
3737,3737,124.567,996.968,348.813,94.054,32.907,492,1,610,497,57.547,46.887,471.500,44.481
3738,3738,124.600,996.953,348.860,94.052,32.911,495,1,610,497,57.547,46.887,471.500,44.481
3739,3739,124.633,996.714,348.877,94.030,32.913,484,1,610,497,57.547,46.887,471.500,44.481
3740,3740,124.667,996.863,348.879,94.044,32.913,488,1,610,497,57.547,46.887,471.500,44.481
3741,3741,124.700,996.633,348.919,94.022,32.917,502,1,610,497,57.547,46.887,471.500,44.481
3742,3742,124.733,996.860,348.817,94.043,32.907,484,1,610,497,57.547,46.887,471.500,44.481
3743,3743,124.767,997.272,348.710,94.082,32.897,506,1,610,497,57.547,46.887,471.500,44.481
3744,3744,124.800,997.850,348.575,94.137,32.884,524,1,610,497,57.547,46.887,471.500,44.481
3745,3745,124.833,998.368,348.488,94.186,32.876,527,1,610,497,57.547,46.887,471.500,44.481
3746,3746,124.867,998.631,348.426,94.210,32.870,532,1,610,497,57.547,46.887,471.500,44.481
3747,3747,124.900,999.118,348.345,94.256,32.863,547,1,610,497,57.547,46.887,471.500,44.481
3748,3748,124.933,999.519,348.267,94.294,32.855,541,1,610,497,57.547,46.887,471.500,44.481
3749,3749,124.967,999.972,348.222,94.337,32.851,547,1,610,497,57.547,46.887,471.500,44.481
3750,3750,125.000,1000.251,348.154,94.363,32.845,555,1,610,497,57.547,46.887,471.500,44.481
3751,3751,125.033,1000.793,347.987,94.414,32.829,554,1,610,497,57.547,46.887,471.500,44.481
3752,3752,125.067,1001.127,347.933,94.446,32.824,558,1,610,497,57.547,46.887,471.500,44.481
3753,3753,125.100,1001.562,347.905,94.487,32.821,567,1,610,497,57.547,46.887,471.500,44.481
3754,3754,125.133,1001.636,347.918,94.494,32.822,567,1,610,497,57.547,46.887,471.500,44.481
3755,3755,125.167,1001.794,347.860,94.509,32.817,559,1,610,497,57.547,46.887,471.500,44.481
3756,3756,125.200,1002.027,347.835,94.531,32.815,574,1,610,497,57.547,46.887,471.500,44.481
3757,3757,125.233,1002.189,347.782,94.546,32.810,572,1,610,497,57.547,46.887,471.500,44.481
3758,3758,125.267,1002.010,347.811,94.529,32.812,568,1,610,497,57.547,46.887,471.500,44.481
3759,3759,125.300,1002.284,347.769,94.555,32.808,578,1,610,497,57.547,46.887,471.500,44.481
3760,3760,125.333,1002.650,347.696,94.590,32.802,567,1,610,497,57.547,46.887,471.500,44.481
3761,3761,125.367,1003.039,347.638,94.626,32.796,560,1,610,497,57.547,46.887,471.500,44.481
3762,3762,125.400,1003.732,347.556,94.692,32.788,560,1,610,497,57.547,46.887,471.500,44.481
3763,3763,125.433,1004.188,347.448,94.735,32.778,550,1,610,497,57.547,46.887,471.500,44.481
3764,3764,125.467,1004.580,347.332,94.772,32.767,544,1,610,497,57.547,46.887,471.500,44.481
3765,3765,125.500,1004.917,347.203,94.803,32.755,543,1,610,497,57.547,46.887,471.500,44.481
3766,3766,125.533,1005.841,346.996,94.891,32.735,540,1,610,497,57.547,46.887,471.500,44.481
3767,3767,125.567,1006.156,346.806,94.920,32.718,527,1,610,497,57.547,46.887,471.500,44.481
3768,3768,125.600,1006.068,346.797,94.912,32.717,532,1,610,497,57.547,46.887,471.500,44.481
3769,3769,125.633,1006.188,346.712,94.923,32.709,522,1,610,497,57.547,46.887,471.500,44.481
3770,3770,125.667,1006.218,346.724,94.926,32.710,515,1,610,497,57.547,46.887,471.500,44.481
3771,3771,125.700,1006.432,346.683,94.946,32.706,512,1,610,497,57.547,46.887,471.500,44.481
3772,3772,125.733,1006.505,346.686,94.953,32.706,502,1,610,497,57.547,46.887,471.500,44.481
3773,3773,125.767,1006.502,346.685,94.953,32.706,493,1,610,497,57.547,46.887,471.500,44.481
3774,3774,125.800,1006.433,346.722,94.947,32.710,495,1,610,497,57.547,46.887,471.500,44.481
3775,3775,125.833,1006.662,346.684,94.968,32.706,499,1,610,497,57.547,46.887,471.500,44.481
3776,3776,125.867,1006.457,346.708,94.949,32.708,489,1,610,497,57.547,46.887,471.500,44.481
3777,3777,125.900,1006.489,346.674,94.952,32.705,497,1,610,497,57.547,46.887,471.500,44.481
3778,3778,125.933,1006.609,346.693,94.963,32.707,501,1,610,497,57.547,46.887,471.500,44.481
3779,3779,125.967,1006.765,346.654,94.978,32.703,495,1,610,497,57.547,46.887,471.500,44.481
3780,3780,126.000,1006.915,346.632,94.992,32.701,499,1,610,497,57.547,46.887,471.500,44.481
3781,3781,126.033,1008.020,346.473,95.096,32.686,513,1,610,497,57.547,46.887,471.500,44.481
3782,3782,126.067,1008.381,346.350,95.130,32.675,517,1,610,497,57.547,46.887,471.500,44.481
3783,3783,126.100,1009.009,346.269,95.189,32.667,533,1,610,497,57.547,46.887,471.500,44.481
3784,3784,126.133,1009.168,346.243,95.205,32.664,537,1,610,497,57.547,46.887,471.500,44.481
3785,3785,126.167,1009.342,346.192,95.221,32.660,535,1,610,497,57.547,46.887,471.500,44.481
3786,3786,126.200,1009.984,346.087,95.282,32.650,545,1,610,497,57.547,46.887,471.500,44.481
3787,3787,126.233,1010.686,345.966,95.348,32.638,548,1,610,497,57.547,46.887,471.500,44.481
3788,3788,126.267,1011.094,345.919,95.386,32.634,544,1,610,497,57.547,46.887,471.500,44.481
3789,3789,126.300,1011.500,345.885,95.424,32.631,557,1,610,497,57.547,46.887,471.500,44.481
3790,3790,126.333,1012.276,345.701,95.498,32.613,568,1,610,497,57.547,46.887,471.500,44.481
3791,3791,126.367,1012.851,345.566,95.552,32.601,554,1,610,497,57.547,46.887,471.500,44.481
3792,3792,126.400,1013.311,345.503,95.595,32.595,556,1,610,497,57.547,46.887,471.500,44.481
3793,3793,126.433,1013.739,345.439,95.636,32.589,554,1,610,497,57.547,46.887,471.500,44.481
3794,3794,126.467,1014.443,345.203,95.702,32.566,534,1,610,497,57.547,46.887,471.500,44.481
3795,3795,126.500,1014.702,345.196,95.727,32.566,537,1,610,497,57.547,46.887,471.500,44.481
3796,3796,126.533,1015.283,345.045,95.781,32.551,521,1,610,497,57.547,46.887,471.500,44.481
3797,3797,126.567,1015.946,344.823,95.844,32.530,500,1,610,497,57.547,46.887,471.500,44.481
3798,3798,126.600,1016.016,344.865,95.851,32.534,509,1,610,497,57.547,46.887,471.500,44.481
3799,3799,126.633,1016.061,344.850,95.855,32.533,506,1,610,497,57.547,46.887,471.500,44.481
3800,3800,126.667,1016.473,344.721,95.894,32.521,490,1,610,497,57.547,46.887,471.500,44.481
3801,3801,126.700,1016.378,344.731,95.885,32.522,493,1,610,497,57.547,46.887,471.500,44.481
3802,3802,126.733,1016.523,344.772,95.898,32.526,496,1,610,497,57.547,46.887,471.500,44.481
3803,3803,126.767,1016.657,344.722,95.911,32.521,486,1,610,497,57.547,46.887,471.500,44.481
3804,3804,126.800,1016.494,344.710,95.896,32.520,493,1,610,497,57.547,46.887,471.500,44.481
3805,3805,126.833,1016.385,344.783,95.885,32.527,495,1,610,497,57.547,46.887,471.500,44.481
3806,3806,126.867,1016.192,344.806,95.867,32.529,490,1,610,497,57.547,46.887,471.500,44.481
3807,3807,126.900,1016.177,344.816,95.866,32.530,491,1,610,497,57.547,46.887,471.500,44.481
3808,3808,126.933,1016.349,344.780,95.882,32.526,503,1,610,497,57.547,46.887,471.500,44.481
3809,3809,126.967,1016.503,344.730,95.897,32.522,496,1,610,497,57.547,46.887,471.500,44.481
3810,3810,127.000,1016.869,344.697,95.931,32.519,507,1,610,497,57.547,46.887,471.500,44.481
3811,3811,127.033,1017.458,344.524,95.987,32.502,523,1,610,497,57.547,46.887,471.500,44.481
3812,3812,127.067,1017.744,344.445,96.014,32.495,515,1,610,497,57.547,46.887,471.500,44.481
3813,3813,127.100,1018.251,344.410,96.061,32.491,525,1,610,497,57.547,46.887,471.500,44.481
3814,3814,127.133,1018.799,344.320,96.113,32.483,535,1,610,497,57.547,46.887,471.500,44.481
3815,3815,127.167,1018.997,344.282,96.132,32.479,532,1,610,497,57.547,46.887,471.500,44.481
3816,3816,127.200,1019.374,344.081,96.167,32.460,533,1,610,497,57.547,46.887,471.500,44.481
3817,3817,127.233,1019.802,344.018,96.208,32.455,546,1,610,497,57.547,46.887,471.500,44.481
3818,3818,127.267,1020.196,343.939,96.245,32.447,549,1,610,497,57.547,46.887,471.500,44.481
3819,3819,127.300,1020.474,343.884,96.271,32.442,557,1,610,497,57.547,46.887,471.500,44.481
3820,3820,127.333,1020.857,343.822,96.307,32.436,567,1,610,497,57.547,46.887,471.500,44.481
3821,3821,127.367,1020.895,343.811,96.311,32.435,560,1,610,497,57.547,46.887,471.500,44.481
3822,3822,127.400,1020.997,343.828,96.321,32.437,560,1,610,497,57.547,46.887,471.500,44.481
3823,3823,127.433,1021.307,343.789,96.350,32.433,554,1,610,497,57.547,46.887,471.500,44.481
3824,3824,127.467,1021.366,343.778,96.355,32.432,550,1,610,497,57.547,46.887,471.500,44.481
3825,3825,127.500,1021.616,343.736,96.379,32.428,554,1,610,497,57.547,46.887,471.500,44.481
3826,3826,127.533,1021.708,343.767,96.388,32.431,560,1,610,497,57.547,46.887,471.500,44.481
3827,3827,127.567,1021.856,343.735,96.402,32.428,556,1,610,497,57.547,46.887,471.500,44.481
3828,3828,127.600,1021.910,343.718,96.407,32.426,557,1,610,497,57.547,46.887,471.500,44.481
3829,3829,127.633,1022.083,343.713,96.423,32.426,565,1,610,497,57.547,46.887,471.500,44.481
3830,3830,127.667,1022.162,343.717,96.430,32.426,564,1,610,497,57.547,46.887,471.500,44.481
3831,3831,127.700,1022.164,343.716,96.431,32.426,560,1,610,497,57.547,46.887,471.500,44.481
3832,3832,127.733,1022.327,343.702,96.446,32.425,563,1,610,497,57.547,46.887,471.500,44.481
3833,3833,127.767,1022.364,343.705,96.449,32.425,561,1,610,497,57.547,46.887,471.500,44.481
3834,3834,127.800,1022.468,343.682,96.459,32.423,556,1,610,497,57.547,46.887,471.500,44.481
3835,3835,127.833,1022.528,343.726,96.465,32.427,565,1,610,497,57.547,46.887,471.500,44.481
3836,3836,127.867,1022.492,343.747,96.461,32.429,566,1,610,497,57.547,46.887,471.500,44.481
3837,3837,127.900,1022.478,343.760,96.460,32.430,562,1,610,497,57.547,46.887,471.500,44.481
3838,3838,127.933,1022.496,343.751,96.462,32.429,562,1,610,497,57.547,46.887,471.500,44.481
3839,3839,127.967,1022.488,343.733,96.461,32.428,557,1,610,497,57.547,46.887,471.500,44.481
3840,3840,128.000,1022.503,343.687,96.463,32.423,542,1,610,497,57.547,46.887,471.500,44.481
3841,3841,128.033,1023.338,343.491,96.541,32.405,560,1,610,497,57.547,46.887,471.500,44.481
3842,3842,128.067,1023.811,343.383,96.586,32.395,541,1,610,497,57.547,46.887,471.500,44.481
3843,3843,128.100,1024.604,343.142,96.661,32.372,520,1,610,497,57.547,46.887,471.500,44.481
3844,3844,128.133,1024.962,343.011,96.695,32.360,514,1,610,497,57.547,46.887,471.500,44.481
3845,3845,128.167,1025.193,342.984,96.716,32.357,505,1,610,497,57.547,46.887,471.500,44.481
3846,3846,128.200,1025.377,342.921,96.734,32.351,501,1,610,497,57.547,46.887,471.500,44.481
3847,3847,128.233,1025.296,342.967,96.726,32.355,502,1,610,497,57.547,46.887,471.500,44.481
3848,3848,128.267,1025.618,342.964,96.756,32.355,489,1,610,497,57.547,46.887,471.500,44.481
3849,3849,128.300,1025.770,342.964,96.771,32.355,485,1,610,497,57.547,46.887,471.500,44.481
3850,3850,128.333,1025.713,343.004,96.765,32.359,487,1,610,497,57.547,46.887,471.500,44.481
3851,3851,128.367,1025.629,342.981,96.757,32.357,484,1,610,497,57.547,46.887,471.500,44.481
3852,3852,128.400,1025.059,343.043,96.704,32.363,474,1,610,497,57.547,46.887,471.500,44.481
3853,3853,128.433,1025.260,342.991,96.723,32.358,486,1,610,497,57.547,46.887,471.500,44.481
3854,3854,128.467,1025.264,342.984,96.723,32.357,490,1,610,497,57.547,46.887,471.500,44.481
3855,3855,128.500,1025.033,343.008,96.701,32.359,478,1,610,497,57.547,46.887,471.500,44.481
3856,3856,128.533,1025.622,342.827,96.757,32.342,495,1,610,497,57.547,46.887,471.500,44.481
3857,3857,128.567,1025.729,342.791,96.767,32.339,497,1,610,497,57.547,46.887,471.500,44.481
3858,3858,128.600,1025.901,342.733,96.783,32.333,501,1,610,497,57.547,46.887,471.500,44.481
3859,3859,128.633,1026.436,342.572,96.834,32.318,515,1,610,497,57.547,46.887,471.500,44.481
3860,3860,128.667,1026.889,342.454,96.876,32.307,524,1,610,497,57.547,46.887,471.500,44.481
3861,3861,128.700,1027.240,342.356,96.909,32.298,511,1,610,497,57.547,46.887,471.500,44.481
3862,3862,128.733,1027.852,342.182,96.967,32.281,528,1,610,497,57.547,46.887,471.500,44.481
3863,3863,128.767,1028.043,342.176,96.985,32.281,526,1,610,497,57.547,46.887,471.500,44.481
3864,3864,128.800,1028.669,341.947,97.044,32.259,502,1,610,497,57.547,46.887,471.500,44.481
3865,3865,128.833,1028.870,341.909,97.063,32.256,508,1,610,497,57.547,46.887,471.500,44.481
3866,3866,128.867,1029.010,341.847,97.076,32.250,512,1,610,497,57.547,46.887,471.500,44.481
3867,3867,128.900,1029.092,341.777,97.084,32.243,498,1,610,497,57.547,46.887,471.500,44.481
3868,3868,128.933,1029.301,341.748,97.104,32.240,504,1,610,497,57.547,46.887,471.500,44.481
3869,3869,128.967,1029.301,341.730,97.104,32.239,504,1,610,497,57.547,46.887,471.500,44.481
3870,3870,129.000,1029.493,341.646,97.122,32.231,502,1,610,497,57.547,46.887,471.500,44.481
3871,3871,129.033,1029.545,341.625,97.127,32.229,503,1,610,497,57.547,46.887,471.500,44.481
3872,3872,129.067,1029.915,341.460,97.162,32.213,498,1,610,497,57.547,46.887,471.500,44.481
3873,3873,129.100,1030.635,341.276,97.230,32.196,479,1,610,497,57.547,46.887,471.500,44.481
3874,3874,129.133,1031.131,341.104,97.277,32.180,466,1,610,497,57.547,46.887,471.500,44.481
3875,3875,129.167,1031.859,341.023,97.345,32.172,463,1,610,497,57.547,46.887,471.500,44.481
3876,3876,129.200,1032.376,340.922,97.394,32.162,441,1,610,497,57.547,46.887,471.500,44.481
3877,3877,129.233,1032.597,340.808,97.415,32.152,437,1,610,497,57.547,46.887,471.500,44.481
3878,3878,129.267,1032.833,340.793,97.437,32.150,442,1,610,497,57.547,46.887,471.500,44.481
3879,3879,129.300,1033.251,340.723,97.477,32.144,423,1,610,497,57.547,46.887,471.500,44.481
3880,3880,129.333,1033.293,340.743,97.480,32.146,423,1,610,497,57.547,46.887,471.500,44.481
3881,3881,129.367,1033.246,340.765,97.476,32.148,422,1,610,497,57.547,46.887,471.500,44.481
3882,3882,129.400,1033.395,340.773,97.490,32.148,416,1,610,497,57.547,46.887,471.500,44.481
3883,3883,129.433,1033.292,340.863,97.480,32.157,419,1,610,497,57.547,46.887,471.500,44.481
3884,3884,129.467,1033.166,340.976,97.468,32.168,422,1,610,497,57.547,46.887,471.500,44.481
3885,3885,129.500,1033.268,340.927,97.478,32.163,411,1,610,497,57.547,46.887,471.500,44.481
3886,3886,129.533,1033.321,340.909,97.483,32.161,416,1,610,497,57.547,46.887,471.500,44.481
3887,3887,129.567,1033.510,340.838,97.501,32.154,420,1,610,497,57.547,46.887,471.500,44.481
3888,3888,129.600,1033.629,340.779,97.512,32.149,423,1,610,497,57.547,46.887,471.500,44.481
3889,3889,129.633,1033.626,340.780,97.512,32.149,423,1,610,497,57.547,46.887,471.500,44.481
3890,3890,129.667,1033.766,340.757,97.525,32.147,427,1,610,497,57.547,46.887,471.500,44.481
3891,3891,129.700,1033.880,340.673,97.536,32.139,424,1,610,497,57.547,46.887,471.500,44.481
3892,3892,129.733,1033.881,340.677,97.536,32.139,422,1,610,497,57.547,46.887,471.500,44.481
3893,3893,129.767,1034.192,340.605,97.565,32.133,417,1,610,497,57.547,46.887,471.500,44.481
3894,3894,129.800,1034.412,340.500,97.586,32.123,408,1,610,497,57.547,46.887,471.500,44.481
3895,3895,129.833,1034.333,340.490,97.579,32.122,406,1,610,497,57.547,46.887,471.500,44.481
3896,3896,129.867,1034.241,340.479,97.570,32.121,418,1,610,497,57.547,46.887,471.500,44.481
3897,3897,129.900,1034.489,340.458,97.593,32.119,404,1,610,497,57.547,46.887,471.500,44.481
3898,3898,129.933,1034.534,340.419,97.598,32.115,401,1,610,497,57.547,46.887,471.500,44.481
3899,3899,129.967,1034.410,340.427,97.586,32.116,411,1,610,497,57.547,46.887,471.500,44.481
3900,3900,130.000,1034.747,340.368,97.618,32.110,401,1,610,497,57.547,46.887,471.500,44.481
3901,3901,130.033,1034.784,340.361,97.621,32.110,401,1,610,497,57.547,46.887,471.500,44.481
3902,3902,130.067,1034.580,340.444,97.602,32.117,414,1,610,497,57.547,46.887,471.500,44.481
3903,3903,130.100,1034.711,340.348,97.614,32.108,402,1,610,497,57.547,46.887,471.500,44.481
3904,3904,130.133,1034.709,340.348,97.614,32.108,402,1,610,497,57.547,46.887,471.500,44.481
3905,3905,130.167,1034.692,340.286,97.612,32.102,401,1,610,497,57.547,46.887,471.500,44.481
3906,3906,130.200,1035.056,340.217,97.647,32.096,393,1,610,497,57.547,46.887,471.500,44.481
3907,3907,130.233,1035.425,339.948,97.682,32.071,391,1,610,497,57.547,46.887,471.500,44.481
3908,3908,130.267,1035.429,339.915,97.682,32.067,394,1,610,497,57.547,46.887,471.500,44.481
3909,3909,130.300,1035.941,339.732,97.730,32.050,384,1,610,497,57.547,46.887,471.500,44.481
3910,3910,130.333,1036.340,339.602,97.768,32.038,373,1,610,497,57.547,46.887,471.500,44.481
3911,3911,130.367,1037.200,339.466,97.849,32.025,362,1,610,497,57.547,46.887,471.500,44.481
3912,3912,130.400,1037.206,339.438,97.850,32.022,363,1,610,497,57.547,46.887,471.500,44.481
3913,3913,130.433,1037.612,339.324,97.888,32.012,355,1,610,497,57.547,46.887,471.500,44.481
3914,3914,130.467,1037.679,339.255,97.894,32.005,355,1,610,497,57.547,46.887,471.500,44.481
3915,3915,130.500,1037.853,339.292,97.911,32.009,352,1,610,497,57.547,46.887,471.500,44.481
3916,3916,130.533,1037.976,339.323,97.922,32.012,337,1,610,497,57.547,46.887,471.500,44.481
3917,3917,130.567,1037.948,339.301,97.920,32.010,339,1,610,497,57.547,46.887,471.500,44.481
3918,3918,130.600,1038.106,339.118,97.935,31.992,331,1,610,497,57.547,46.887,471.500,44.481
3919,3919,130.633,1038.139,339.105,97.938,31.991,329,1,610,497,57.547,46.887,471.500,44.481
3920,3920,130.667,1037.986,339.101,97.923,31.991,336,1,610,497,57.547,46.887,471.500,44.481
3921,3921,130.700,1038.093,339.106,97.933,31.991,331,1,610,497,57.547,46.887,471.500,44.481
3922,3922,130.733,1038.042,339.108,97.928,31.991,326,1,610,497,57.547,46.887,471.500,44.481
3923,3923,130.767,1038.225,339.118,97.946,31.992,332,1,610,497,57.547,46.887,471.500,44.481
3924,3924,130.800,1038.242,339.087,97.947,31.989,334,1,610,497,57.547,46.887,471.500,44.481
3925,3925,130.833,1038.342,339.153,97.957,31.996,326,1,610,497,57.547,46.887,471.500,44.481
3926,3926,130.867,1038.334,339.171,97.956,31.997,331,1,610,497,57.547,46.887,471.500,44.481
3927,3927,130.900,1038.563,339.067,97.978,31.987,333,1,610,497,57.547,46.887,471.500,44.481
3928,3928,130.933,1038.477,339.155,97.969,31.996,329,1,610,497,57.547,46.887,471.500,44.481
3929,3929,130.967,1038.428,339.211,97.965,32.001,331,1,610,497,57.547,46.887,471.500,44.481
3930,3930,131.000,1038.416,339.253,97.964,32.005,329,1,610,497,57.547,46.887,471.500,44.481
3931,3931,131.033,1038.491,339.169,97.971,31.997,326,1,610,497,57.547,46.887,471.500,44.481
3932,3932,131.067,1038.498,339.160,97.972,31.996,324,1,610,497,57.547,46.887,471.500,44.481
3933,3933,131.100,1038.499,339.122,97.972,31.993,330,1,610,497,57.547,46.887,471.500,44.481
3934,3934,131.133,1038.421,339.217,97.964,32.002,327,1,610,497,57.547,46.887,471.500,44.481
3935,3935,131.167,1038.433,339.242,97.965,32.004,331,1,610,497,57.547,46.887,471.500,44.481
3936,3936,131.200,1038.428,339.256,97.965,32.005,330,1,610,497,57.547,46.887,471.500,44.481
3937,3937,131.233,1038.419,339.257,97.964,32.005,326,1,610,497,57.547,46.887,471.500,44.481
3938,3938,131.267,1038.348,339.282,97.957,32.008,329,1,610,497,57.547,46.887,471.500,44.481
3939,3939,131.300,1038.337,339.281,97.956,32.008,329,1,610,497,57.547,46.887,471.500,44.481
3940,3940,131.333,1038.339,339.284,97.956,32.008,329,1,610,497,57.547,46.887,471.500,44.481
3941,3941,131.367,1038.409,339.247,97.963,32.004,327,1,610,497,57.547,46.887,471.500,44.481
3942,3942,131.400,1038.420,339.241,97.964,32.004,327,1,610,497,57.547,46.887,471.500,44.481
3943,3943,131.433,1038.402,339.214,97.962,32.001,317,1,610,497,57.547,46.887,471.500,44.481
3944,3944,131.467,1038.352,339.182,97.958,31.998,322,1,610,497,57.547,46.887,471.500,44.481
3945,3945,131.500,1038.413,339.214,97.963,32.001,325,1,610,497,57.547,46.887,471.500,44.481
3946,3946,131.533,1038.373,339.227,97.960,32.003,320,1,610,497,57.547,46.887,471.500,44.481
3947,3947,131.567,1038.438,339.241,97.966,32.004,321,1,610,497,57.547,46.887,471.500,44.481
3948,3948,131.600,1038.413,339.171,97.964,31.997,327,1,610,497,57.547,46.887,471.500,44.481
3949,3949,131.633,1038.498,339.172,97.972,31.997,319,1,610,497,57.547,46.887,471.500,44.481
3950,3950,131.667,1038.362,339.214,97.959,32.001,322,1,610,497,57.547,46.887,471.500,44.481
3951,3951,131.700,1038.399,339.167,97.962,31.997,323,1,610,497,57.547,46.887,471.500,44.481
3952,3952,131.733,1038.294,339.146,97.952,31.995,318,1,610,497,57.547,46.887,471.500,44.481
3953,3953,131.767,1038.234,339.095,97.947,31.990,320,1,610,497,57.547,46.887,471.500,44.481
3954,3954,131.800,1038.220,339.135,97.945,31.994,322,1,610,497,57.547,46.887,471.500,44.481
3955,3955,131.833,1038.354,339.129,97.958,31.993,319,1,610,497,57.547,46.887,471.500,44.481
3956,3956,131.867,1038.328,339.139,97.955,31.994,320,1,610,497,57.547,46.887,471.500,44.481
3957,3957,131.900,1038.303,339.147,97.953,31.995,320,1,610,497,57.547,46.887,471.500,44.481
3958,3958,131.933,1038.382,339.117,97.961,31.992,318,1,610,497,57.547,46.887,471.500,44.481
3959,3959,131.967,1038.372,339.086,97.960,31.989,320,1,610,497,57.547,46.887,471.500,44.481
3960,3960,132.000,1038.338,339.106,97.956,31.991,321,1,610,497,57.547,46.887,471.500,44.481
3961,3961,132.033,1038.492,339.086,97.971,31.989,318,1,610,497,57.547,46.887,471.500,44.481
3962,3962,132.067,1038.422,339.124,97.964,31.993,320,1,610,497,57.547,46.887,471.500,44.481
3963,3963,132.100,1038.328,339.132,97.955,31.994,323,1,610,497,57.547,46.887,471.500,44.481
3964,3964,132.133,1038.421,339.061,97.964,31.987,320,1,610,497,57.547,46.887,471.500,44.481
3965,3965,132.167,1038.416,339.079,97.964,31.989,321,1,610,497,57.547,46.887,471.500,44.481
3966,3966,132.200,1038.405,339.050,97.963,31.986,323,1,610,497,57.547,46.887,471.500,44.481
3967,3967,132.233,1038.405,339.050,97.963,31.986,323,1,610,497,57.547,46.887,471.500,44.481
3968,3968,132.267,1038.405,339.050,97.963,31.986,323,1,610,497,57.547,46.887,471.500,44.481
3969,3969,132.300,1038.398,339.046,97.962,31.986,323,1,610,497,57.547,46.887,471.500,44.481
3970,3970,132.333,1038.420,339.051,97.964,31.986,323,1,610,497,57.547,46.887,471.500,44.481
3971,3971,132.367,1038.420,339.051,97.964,31.986,323,1,610,497,57.547,46.887,471.500,44.481
3972,3972,132.400,1038.412,338.968,97.963,31.978,328,1,610,497,57.547,46.887,471.500,44.481
3973,3973,132.433,1038.294,339.009,97.952,31.982,321,1,610,497,57.547,46.887,471.500,44.481
3974,3974,132.467,1038.294,339.011,97.952,31.982,321,1,610,497,57.547,46.887,471.500,44.481
3975,3975,132.500,1038.360,338.939,97.958,31.975,324,1,610,497,57.547,46.887,471.500,44.481
3976,3976,132.533,1038.430,338.932,97.965,31.975,324,1,610,497,57.547,46.887,471.500,44.481
3977,3977,132.567,1038.504,338.983,97.972,31.979,317,1,610,497,57.547,46.887,471.500,44.481
3978,3978,132.600,1038.415,338.938,97.964,31.975,325,1,610,497,57.547,46.887,471.500,44.481
3979,3979,132.633,1038.375,338.978,97.960,31.979,324,1,610,497,57.547,46.887,471.500,44.481
3980,3980,132.667,1038.368,338.967,97.959,31.978,323,1,610,497,57.547,46.887,471.500,44.481
3981,3981,132.700,1038.350,338.967,97.958,31.978,323,1,610,497,57.547,46.887,471.500,44.481
3982,3982,132.733,1038.352,338.975,97.958,31.979,323,1,610,497,57.547,46.887,471.500,44.481
3983,3983,132.767,1038.438,338.978,97.966,31.979,324,1,610,497,57.547,46.887,471.500,44.481
3984,3984,132.800,1038.402,338.894,97.962,31.971,327,1,610,497,57.547,46.887,471.500,44.481
3985,3985,132.833,1038.451,338.900,97.967,31.972,324,1,610,497,57.547,46.887,471.500,44.481
3986,3986,132.867,1038.481,338.899,97.970,31.972,323,1,610,497,57.547,46.887,471.500,44.481
3987,3987,132.900,1038.424,338.891,97.965,31.971,329,1,610,497,57.547,46.887,471.500,44.481
3988,3988,132.933,1038.390,338.890,97.961,31.971,328,1,610,497,57.547,46.887,471.500,44.481
3989,3989,132.967,1038.526,338.938,97.974,31.975,323,1,610,497,57.547,46.887,471.500,44.481
3990,3990,133.000,1038.386,338.967,97.961,31.978,326,1,610,497,57.547,46.887,471.500,44.481
3991,3991,133.033,1038.386,338.967,97.961,31.978,326,1,610,497,57.547,46.887,471.500,44.481
3992,3992,133.067,1038.448,338.912,97.967,31.973,321,1,610,497,57.547,46.887,471.500,44.481
3993,3993,133.100,1038.244,338.901,97.948,31.972,327,1,610,497,57.547,46.887,471.500,44.481
3994,3994,133.133,1038.262,338.936,97.949,31.975,328,1,610,497,57.547,46.887,471.500,44.481
3995,3995,133.167,1038.351,338.940,97.958,31.975,326,1,610,497,57.547,46.887,471.500,44.481
3996,3996,133.200,1038.272,338.957,97.950,31.977,329,1,610,497,57.547,46.887,471.500,44.481
3997,3997,133.233,1038.327,338.957,97.955,31.977,326,1,610,497,57.547,46.887,471.500,44.481
3998,3998,133.267,1038.438,338.925,97.966,31.974,322,1,610,497,57.547,46.887,471.500,44.481
3999,3999,133.300,1038.385,338.938,97.961,31.975,324,1,610,497,57.547,46.887,471.500,44.481
4000,4000,133.333,1038.380,338.937,97.960,31.975,324,1,610,497,57.547,46.887,471.500,44.481
4001,4001,133.367,1038.467,338.927,97.969,31.974,321,1,610,497,57.547,46.887,471.500,44.481
4002,4002,133.400,1038.292,338.974,97.952,31.979,325,1,610,497,57.547,46.887,471.500,44.481
4003,4003,133.433,1038.309,338.957,97.954,31.977,326,1,610,497,57.547,46.887,471.500,44.481
4004,4004,133.467,1038.412,338.922,97.963,31.974,324,1,610,497,57.547,46.887,471.500,44.481
4005,4005,133.500,1038.362,338.881,97.959,31.970,328,1,610,497,57.547,46.887,471.500,44.481
4006,4006,133.533,1038.400,338.848,97.962,31.967,327,1,610,497,57.547,46.887,471.500,44.481
4007,4007,133.567,1038.524,338.773,97.974,31.960,319,1,610,497,57.547,46.887,471.500,44.481
4008,4008,133.600,1038.322,338.806,97.955,31.963,326,1,610,497,57.547,46.887,471.500,44.481
4009,4009,133.633,1038.319,338.806,97.955,31.963,326,1,610,497,57.547,46.887,471.500,44.481
4010,4010,133.667,1038.379,338.817,97.960,31.964,325,1,610,497,57.547,46.887,471.500,44.481
4011,4011,133.700,1038.363,338.817,97.959,31.964,325,1,610,497,57.547,46.887,471.500,44.481
4012,4012,133.733,1038.320,338.860,97.955,31.968,327,1,610,497,57.547,46.887,471.500,44.481
4013,4013,133.767,1038.361,338.864,97.959,31.968,326,1,610,497,57.547,46.887,471.500,44.481
4014,4014,133.800,1038.358,338.855,97.958,31.967,325,1,610,497,57.547,46.887,471.500,44.481
4015,4015,133.833,1038.348,338.842,97.957,31.966,326,1,610,497,57.547,46.887,471.500,44.481
4016,4016,133.867,1038.523,338.836,97.974,31.966,320,1,610,497,57.547,46.887,471.500,44.481
4017,4017,133.900,1038.490,338.930,97.971,31.975,320,1,610,497,57.547,46.887,471.500,44.481
4018,4018,133.933,1038.433,338.970,97.965,31.978,323,1,610,497,57.547,46.887,471.500,44.481
4019,4019,133.967,1038.402,338.989,97.962,31.980,320,1,610,497,57.547,46.887,471.500,44.481
4020,4020,134.000,1038.322,338.948,97.955,31.976,324,1,610,497,57.547,46.887,471.500,44.481
4021,4021,134.033,1038.238,339.026,97.947,31.984,324,1,610,497,57.547,46.887,471.500,44.481
4022,4022,134.067,1038.593,338.889,97.980,31.971,313,1,610,497,57.547,46.887,471.500,44.481
4023,4023,134.100,1038.441,339.027,97.966,31.984,321,1,610,497,57.547,46.887,471.500,44.481
4024,4024,134.133,1038.418,339.059,97.964,31.987,320,1,610,497,57.547,46.887,471.500,44.481
4025,4025,134.167,1038.423,339.060,97.964,31.987,320,1,610,497,57.547,46.887,471.500,44.481
4026,4026,134.200,1038.423,339.060,97.964,31.987,320,1,610,497,57.547,46.887,471.500,44.481
4027,4027,134.233,1038.423,339.060,97.964,31.987,320,1,610,497,57.547,46.887,471.500,44.481
4028,4028,134.267,1038.423,339.060,97.964,31.987,320,1,610,497,57.547,46.887,471.500,44.481
4029,4029,134.300,1038.483,339.076,97.970,31.988,322,1,610,497,57.547,46.887,471.500,44.481
4030,4030,134.333,1038.481,338.997,97.970,31.981,322,1,610,497,57.547,46.887,471.500,44.481
4031,4031,134.367,1038.414,339.054,97.964,31.986,321,1,610,497,57.547,46.887,471.500,44.481
4032,4032,134.400,1038.414,339.054,97.964,31.986,321,1,610,497,57.547,46.887,471.500,44.481
4033,4033,134.433,1038.465,338.980,97.968,31.979,324,1,610,497,57.547,46.887,471.500,44.481
4034,4034,134.467,1038.466,338.950,97.968,31.976,320,1,610,497,57.547,46.887,471.500,44.481
4035,4035,134.500,1038.464,338.967,97.968,31.978,319,1,610,497,57.547,46.887,471.500,44.481
4036,4036,134.533,1038.287,338.977,97.952,31.979,321,1,610,497,57.547,46.887,471.500,44.481
4037,4037,134.567,1038.124,339.071,97.936,31.988,324,1,610,497,57.547,46.887,471.500,44.481
4038,4038,134.600,1038.124,339.071,97.936,31.988,324,1,610,497,57.547,46.887,471.500,44.481
4039,4039,134.633,1038.109,339.056,97.935,31.986,326,1,610,497,57.547,46.887,471.500,44.481
4040,4040,134.667,1038.142,339.013,97.938,31.982,324,1,610,497,57.547,46.887,471.500,44.481
4041,4041,134.700,1038.141,339.031,97.938,31.984,323,1,610,497,57.547,46.887,471.500,44.481
4042,4042,134.733,1038.164,339.014,97.940,31.982,325,1,610,497,57.547,46.887,471.500,44.481
4043,4043,134.767,1038.170,339.027,97.941,31.984,323,1,610,497,57.547,46.887,471.500,44.481
4044,4044,134.800,1038.170,339.027,97.941,31.984,323,1,610,497,57.547,46.887,471.500,44.481
4045,4045,134.833,1038.151,339.093,97.939,31.990,327,1,610,497,57.547,46.887,471.500,44.481
4046,4046,134.867,1038.157,339.028,97.939,31.984,323,1,610,497,57.547,46.887,471.500,44.481
4047,4047,134.900,1038.157,339.028,97.939,31.984,323,1,610,497,57.547,46.887,471.500,44.481
4048,4048,134.933,1038.215,339.029,97.945,31.984,323,1,610,497,57.547,46.887,471.500,44.481
4049,4049,134.967,1038.235,339.006,97.947,31.982,322,1,610,497,57.547,46.887,471.500,44.481
4050,4050,135.000,1038.209,339.035,97.944,31.984,321,1,610,497,57.547,46.887,471.500,44.481
4051,4051,135.033,1038.167,339.021,97.940,31.983,325,1,610,497,57.547,46.887,471.500,44.481
4052,4052,135.067,1038.167,339.051,97.940,31.986,323,1,610,497,57.547,46.887,471.500,44.481
4053,4053,135.100,1038.165,339.059,97.940,31.987,323,1,610,497,57.547,46.887,471.500,44.481
4054,4054,135.133,1038.184,339.063,97.942,31.987,322,1,610,497,57.547,46.887,471.500,44.481
4055,4055,135.167,1038.161,339.060,97.940,31.987,323,1,610,497,57.547,46.887,471.500,44.481
4056,4056,135.200,1038.195,339.080,97.943,31.989,321,1,610,497,57.547,46.887,471.500,44.481
4057,4057,135.233,1038.208,339.061,97.944,31.987,321,1,610,497,57.547,46.887,471.500,44.481
4058,4058,135.267,1038.216,339.061,97.945,31.987,321,1,610,497,57.547,46.887,471.500,44.481
4059,4059,135.300,1038.201,339.043,97.943,31.985,319,1,610,497,57.547,46.887,471.500,44.481
4060,4060,135.333,1038.255,339.089,97.949,31.990,322,1,610,497,57.547,46.887,471.500,44.481
4061,4061,135.367,1038.280,339.085,97.951,31.989,321,1,610,497,57.547,46.887,471.500,44.481
4062,4062,135.400,1038.248,339.101,97.948,31.991,319,1,610,497,57.547,46.887,471.500,44.481
4063,4063,135.433,1038.265,339.096,97.950,31.990,321,1,610,497,57.547,46.887,471.500,44.481
4064,4064,135.467,1038.212,339.104,97.944,31.991,322,1,610,497,57.547,46.887,471.500,44.481
4065,4065,135.500,1038.220,339.107,97.945,31.991,319,1,610,497,57.547,46.887,471.500,44.481
4066,4066,135.533,1038.201,339.087,97.944,31.989,321,1,610,497,57.547,46.887,471.500,44.481
4067,4067,135.567,1038.202,339.087,97.944,31.989,321,1,610,497,57.547,46.887,471.500,44.481
4068,4068,135.600,1038.201,339.087,97.944,31.989,321,1,610,497,57.547,46.887,471.500,44.481
4069,4069,135.633,1038.232,339.070,97.946,31.988,329,1,610,497,57.547,46.887,471.500,44.481
4070,4070,135.667,1038.247,339.037,97.948,31.985,327,1,610,497,57.547,46.887,471.500,44.481
4071,4071,135.700,1038.263,339.086,97.949,31.989,320,1,610,497,57.547,46.887,471.500,44.481
4072,4072,135.733,1038.226,339.053,97.946,31.986,322,1,610,497,57.547,46.887,471.500,44.481
4073,4073,135.767,1038.230,339.051,97.946,31.986,322,1,610,497,57.547,46.887,471.500,44.481
4074,4074,135.800,1038.253,339.083,97.948,31.989,319,1,610,497,57.547,46.887,471.500,44.481
4075,4075,135.833,1038.223,339.027,97.946,31.984,324,1,610,497,57.547,46.887,471.500,44.481
4076,4076,135.867,1038.193,339.066,97.943,31.987,322,1,610,497,57.547,46.887,471.500,44.481
4077,4077,135.900,1038.271,339.068,97.950,31.988,319,1,610,497,57.547,46.887,471.500,44.481
4078,4078,135.933,1038.117,339.125,97.936,31.993,323,1,610,497,57.547,46.887,471.500,44.481
4079,4079,135.967,1038.223,339.032,97.946,31.984,325,1,610,497,57.547,46.887,471.500,44.481
4080,4080,136.000,1038.187,339.060,97.942,31.987,319,1,610,497,57.547,46.887,471.500,44.481
4081,4081,136.033,1038.310,339.094,97.954,31.990,324,1,610,497,57.547,46.887,471.500,44.481
4082,4082,136.067,1038.304,339.096,97.953,31.990,327,1,610,497,57.547,46.887,471.500,44.481
4083,4083,136.100,1038.369,339.069,97.959,31.988,318,1,610,497,57.547,46.887,471.500,44.481
4084,4084,136.133,1038.294,339.051,97.952,31.986,321,1,610,497,57.547,46.887,471.500,44.481
4085,4085,136.167,1038.294,339.051,97.952,31.986,321,1,610,497,57.547,46.887,471.500,44.481
4086,4086,136.200,1038.322,339.054,97.955,31.986,320,1,610,497,57.547,46.887,471.500,44.481
4087,4087,136.233,1038.381,339.061,97.960,31.987,318,1,610,497,57.547,46.887,471.500,44.481
4088,4088,136.267,1038.381,339.061,97.960,31.987,318,1,610,497,57.547,46.887,471.500,44.481
4089,4089,136.300,1038.381,339.061,97.960,31.987,318,1,610,497,57.547,46.887,471.500,44.481
4090,4090,136.333,1038.392,339.082,97.961,31.989,318,1,610,497,57.547,46.887,471.500,44.481
4091,4091,136.367,1038.673,338.887,97.988,31.970,318,1,610,497,57.547,46.887,471.500,44.481
4092,4092,136.400,1039.067,338.714,98.025,31.954,303,1,610,497,57.547,46.887,471.500,44.481
4093,4093,136.433,1039.243,338.742,98.042,31.957,304,1,610,497,57.547,46.887,471.500,44.481
4094,4094,136.467,1039.288,338.648,98.046,31.948,307,1,610,497,57.547,46.887,471.500,44.481
4095,4095,136.500,1039.367,338.639,98.053,31.947,302,1,610,497,57.547,46.887,471.500,44.481
4096,4096,136.533,1039.163,338.680,98.034,31.951,306,1,610,497,57.547,46.887,471.500,44.481
4097,4097,136.567,1039.211,338.690,98.039,31.952,307,1,610,497,57.547,46.887,471.500,44.481
4098,4098,136.600,1039.224,338.702,98.040,31.953,303,1,610,497,57.547,46.887,471.500,44.481
4099,4099,136.633,1039.214,338.729,98.039,31.956,304,1,610,497,57.547,46.887,471.500,44.481
4100,4100,136.667,1039.264,338.714,98.044,31.954,305,1,610,497,57.547,46.887,471.500,44.481
4101,4101,136.700,1039.554,338.648,98.071,31.948,297,1,610,497,57.547,46.887,471.500,44.481
4102,4102,136.733,1039.686,338.656,98.084,31.949,295,1,610,497,57.547,46.887,471.500,44.481
4103,4103,136.767,1040.102,338.665,98.123,31.950,291,1,610,497,57.547,46.887,471.500,44.481
4104,4104,136.800,1040.424,338.681,98.153,31.951,279,1,610,497,57.547,46.887,471.500,44.481
4105,4105,136.833,NaN,NaN,NaN,NaN,NaN,0,610,497,57.547,46.887,471.500,44.481
4106,4106,136.867,NaN,NaN,NaN,NaN,NaN,0,610,497,57.547,46.887,471.500,44.481
4107,4107,136.900,NaN,NaN,NaN,NaN,NaN,0,610,497,57.547,46.887,471.500,44.481
4108,4108,136.933,NaN,NaN,NaN,NaN,NaN,0,610,497,57.547,46.887,471.500,44.481
4109,4109,136.967,NaN,NaN,NaN,NaN,NaN,0,610,497,57.547,46.887,471.500,44.481
4110,4110,137.000,NaN,NaN,NaN,NaN,NaN,0,610,497,57.547,46.887,471.500,44.481
4111,4111,137.033,NaN,NaN,NaN,NaN,NaN,0,610,497,57.547,46.887,471.500,44.481
4112,4112,137.067,NaN,NaN,NaN,NaN,NaN,0,610,497,57.547,46.887,471.500,44.481
4113,4113,137.100,NaN,NaN,NaN,NaN,NaN,0,610,497,57.547,46.887,471.500,44.481
4114,4114,137.133,NaN,NaN,NaN,NaN,NaN,0,610,497,57.547,46.887,471.500,44.481
4115,4115,137.167,NaN,NaN,NaN,NaN,NaN,0,610,497,57.547,46.887,471.500,44.481
4116,4116,137.200,NaN,NaN,NaN,NaN,NaN,0,610,497,57.547,46.887,471.500,44.481
4117,4117,137.233,NaN,NaN,NaN,NaN,NaN,0,610,497,57.547,46.887,471.500,44.481
4118,4118,137.267,NaN,NaN,NaN,NaN,NaN,0,610,497,57.547,46.887,471.500,44.481
4119,4119,137.300,NaN,NaN,NaN,NaN,NaN,0,610,497,57.547,46.887,471.500,44.481
4120,4120,137.333,NaN,NaN,NaN,NaN,NaN,0,610,497,57.547,46.887,471.500,44.481
4121,4121,137.367,NaN,NaN,NaN,NaN,NaN,0,610,497,57.547,46.887,471.500,44.481
4122,4122,137.400,NaN,NaN,NaN,NaN,NaN,0,610,497,57.547,46.887,471.500,44.481
4123,4123,137.433,NaN,NaN,NaN,NaN,NaN,0,610,497,57.547,46.887,471.500,44.481
4124,4124,137.467,NaN,NaN,NaN,NaN,NaN,0,610,497,57.547,46.887,471.500,44.481
4125,4125,137.500,NaN,NaN,NaN,NaN,NaN,0,610,497,57.547,46.887,471.500,44.481
4126,4126,137.533,NaN,NaN,NaN,NaN,NaN,0,610,497,57.547,46.887,471.500,44.481
4127,4127,137.567,NaN,NaN,NaN,NaN,NaN,0,610,497,57.547,46.887,471.500,44.481
4128,4128,137.600,NaN,NaN,NaN,NaN,NaN,0,610,497,57.547,46.887,471.500,44.481
4129,4129,137.633,NaN,NaN,NaN,NaN,NaN,0,610,497,57.547,46.887,471.500,44.481
4130,4130,137.667,NaN,NaN,NaN,NaN,NaN,0,610,497,57.547,46.887,471.500,44.481
4131,4131,137.700,NaN,NaN,NaN,NaN,NaN,0,610,497,57.547,46.887,471.500,44.481
4132,4132,137.733,NaN,NaN,NaN,NaN,NaN,0,610,497,57.547,46.887,471.500,44.481
4133,4133,137.767,NaN,NaN,NaN,NaN,NaN,0,610,497,57.547,46.887,471.500,44.481
4134,4134,137.800,NaN,NaN,NaN,NaN,NaN,0,610,497,57.547,46.887,471.500,44.481
4135,4135,137.833,NaN,NaN,NaN,NaN,NaN,0,610,497,57.547,46.887,471.500,44.481
4136,4136,137.867,NaN,NaN,NaN,NaN,NaN,0,610,497,57.547,46.887,471.500,44.481
4137,4137,137.900,NaN,NaN,NaN,NaN,NaN,0,610,497,57.547,46.887,471.500,44.481
4138,4138,137.933,NaN,NaN,NaN,NaN,NaN,0,610,497,57.547,46.887,471.500,44.481
4139,4139,137.967,NaN,NaN,NaN,NaN,NaN,0,610,497,57.547,46.887,471.500,44.481
4140,4140,138.000,NaN,NaN,NaN,NaN,NaN,0,610,497,57.547,46.887,471.500,44.481
4141,4141,138.033,NaN,NaN,NaN,NaN,NaN,0,610,497,57.547,46.887,471.500,44.481
4142,4142,138.067,NaN,NaN,NaN,NaN,NaN,0,610,497,57.547,46.887,471.500,44.481
4143,4143,138.100,NaN,NaN,NaN,NaN,NaN,0,610,497,57.547,46.887,471.500,44.481
4144,4144,138.133,NaN,NaN,NaN,NaN,NaN,0,610,497,57.547,46.887,471.500,44.481
4145,4145,138.167,NaN,NaN,NaN,NaN,NaN,0,610,497,57.547,46.887,471.500,44.481
4146,4146,138.200,NaN,NaN,NaN,NaN,NaN,0,610,497,57.547,46.887,471.500,44.481
4147,4147,138.233,NaN,NaN,NaN,NaN,NaN,0,610,497,57.547,46.887,471.500,44.481
4148,4148,138.267,NaN,NaN,NaN,NaN,NaN,0,610,497,57.547,46.887,471.500,44.481
4149,4149,138.300,NaN,NaN,NaN,NaN,NaN,0,610,497,57.547,46.887,471.500,44.481
4150,4150,138.333,NaN,NaN,NaN,NaN,NaN,0,610,497,57.547,46.887,471.500,44.481
4151,4151,138.367,NaN,NaN,NaN,NaN,NaN,0,610,497,57.547,46.887,471.500,44.481
4152,4152,138.400,NaN,NaN,NaN,NaN,NaN,0,610,497,57.547,46.887,471.500,44.481
4153,4153,138.433,NaN,NaN,NaN,NaN,NaN,0,610,497,57.547,46.887,471.500,44.481
4154,4154,138.467,NaN,NaN,NaN,NaN,NaN,0,610,497,57.547,46.887,471.500,44.481
4155,4155,138.500,NaN,NaN,NaN,NaN,NaN,0,610,497,57.547,46.887,471.500,44.481
4156,4156,138.533,NaN,NaN,NaN,NaN,NaN,0,610,497,57.547,46.887,471.500,44.481
4157,4157,138.567,NaN,NaN,NaN,NaN,NaN,0,610,497,57.547,46.887,471.500,44.481
4158,4158,138.600,NaN,NaN,NaN,NaN,NaN,0,610,497,57.547,46.887,471.500,44.481
4159,4159,138.633,NaN,NaN,NaN,NaN,NaN,0,610,497,57.547,46.887,471.500,44.481
4160,4160,138.667,NaN,NaN,NaN,NaN,NaN,0,610,497,57.547,46.887,471.500,44.481
4161,4161,138.700,NaN,NaN,NaN,NaN,NaN,0,610,497,57.547,46.887,471.500,44.481
4162,4162,138.733,NaN,NaN,NaN,NaN,NaN,0,610,497,57.547,46.887,471.500,44.481
4163,4163,138.767,NaN,NaN,NaN,NaN,NaN,0,610,497,57.547,46.887,471.500,44.481
4164,4164,138.800,NaN,NaN,NaN,NaN,NaN,0,610,497,57.547,46.887,471.500,44.481
4165,4165,138.833,NaN,NaN,NaN,NaN,NaN,0,610,497,57.547,46.887,471.500,44.481
4166,4166,138.867,NaN,NaN,NaN,NaN,NaN,0,610,497,57.547,46.887,471.500,44.481
4167,4167,138.900,NaN,NaN,NaN,NaN,NaN,0,610,497,57.547,46.887,471.500,44.481
4168,4168,138.933,NaN,NaN,NaN,NaN,NaN,0,610,497,57.547,46.887,471.500,44.481
4169,4169,138.967,NaN,NaN,NaN,NaN,NaN,0,610,497,57.547,46.887,471.500,44.481
4170,4170,139.000,NaN,NaN,NaN,NaN,NaN,0,610,497,57.547,46.887,471.500,44.481
4171,4171,139.033,NaN,NaN,NaN,NaN,NaN,0,610,497,57.547,46.887,471.500,44.481
4172,4172,139.067,NaN,NaN,NaN,NaN,NaN,0,610,497,57.547,46.887,471.500,44.481
4173,4173,139.100,NaN,NaN,NaN,NaN,NaN,0,610,497,57.547,46.887,471.500,44.481
4174,4174,139.133,NaN,NaN,NaN,NaN,NaN,0,610,497,57.547,46.887,471.500,44.481
4175,4175,139.167,NaN,NaN,NaN,NaN,NaN,0,610,497,57.547,46.887,471.500,44.481
4176,4176,139.200,NaN,NaN,NaN,NaN,NaN,0,610,497,57.547,46.887,471.500,44.481
4177,4177,139.233,NaN,NaN,NaN,NaN,NaN,0,610,497,57.547,46.887,471.500,44.481
4178,4178,139.267,NaN,NaN,NaN,NaN,NaN,0,610,497,57.547,46.887,471.500,44.481
4179,4179,139.300,NaN,NaN,NaN,NaN,NaN,0,610,497,57.547,46.887,471.500,44.481
4180,4180,139.333,NaN,NaN,NaN,NaN,NaN,0,610,497,57.547,46.887,471.500,44.481
4181,4181,139.367,NaN,NaN,NaN,NaN,NaN,0,610,497,57.547,46.887,471.500,44.481
4182,4182,139.400,NaN,NaN,NaN,NaN,NaN,0,610,497,57.547,46.887,471.500,44.481
4183,4183,139.433,NaN,NaN,NaN,NaN,NaN,0,610,497,57.547,46.887,471.500,44.481
4184,4184,139.467,NaN,NaN,NaN,NaN,NaN,0,610,497,57.547,46.887,471.500,44.481
4185,4185,139.500,NaN,NaN,NaN,NaN,NaN,0,610,497,57.547,46.887,471.500,44.481
4186,4186,139.533,NaN,NaN,NaN,NaN,NaN,0,610,497,57.547,46.887,471.500,44.481
4187,4187,139.567,NaN,NaN,NaN,NaN,NaN,0,610,497,57.547,46.887,471.500,44.481
4188,4188,139.600,NaN,NaN,NaN,NaN,NaN,0,610,497,57.547,46.887,471.500,44.481
4189,4189,139.633,NaN,NaN,NaN,NaN,NaN,0,610,497,57.547,46.887,471.500,44.481
4190,4190,139.667,NaN,NaN,NaN,NaN,NaN,0,610,497,57.547,46.887,471.500,44.481
4191,4191,139.700,NaN,NaN,NaN,NaN,NaN,0,610,497,57.547,46.887,471.500,44.481
4192,4192,139.733,NaN,NaN,NaN,NaN,NaN,0,610,497,57.547,46.887,471.500,44.481
4193,4193,139.767,NaN,NaN,NaN,NaN,NaN,0,610,497,57.547,46.887,471.500,44.481
4194,4194,139.800,NaN,NaN,NaN,NaN,NaN,0,610,497,57.547,46.887,471.500,44.481
4195,4195,139.833,NaN,NaN,NaN,NaN,NaN,0,610,497,57.547,46.887,471.500,44.481
4196,4196,139.867,NaN,NaN,NaN,NaN,NaN,0,610,497,57.547,46.887,471.500,44.481
4197,4197,139.900,NaN,NaN,NaN,NaN,NaN,0,610,497,57.547,46.887,471.500,44.481
4198,4198,139.933,NaN,NaN,NaN,NaN,NaN,0,610,497,57.547,46.887,471.500,44.481
4199,4199,139.967,NaN,NaN,NaN,NaN,NaN,0,610,497,57.547,46.887,471.500,44.481
4200,4200,140.000,NaN,NaN,NaN,NaN,NaN,0,610,497,57.547,46.887,471.500,44.481
4201,4201,140.033,NaN,NaN,NaN,NaN,NaN,0,610,497,57.547,46.887,471.500,44.481
4202,4202,140.067,NaN,NaN,NaN,NaN,NaN,0,610,497,57.547,46.887,471.500,44.481
4203,4203,140.100,NaN,NaN,NaN,NaN,NaN,0,610,497,57.547,46.887,471.500,44.481
4204,4204,140.133,NaN,NaN,NaN,NaN,NaN,0,610,497,57.547,46.887,471.500,44.481
4205,4205,140.167,NaN,NaN,NaN,NaN,NaN,0,610,497,57.547,46.887,471.500,44.481
4206,4206,140.200,NaN,NaN,NaN,NaN,NaN,0,610,497,57.547,46.887,471.500,44.481
4207,4207,140.233,NaN,NaN,NaN,NaN,NaN,0,610,497,57.547,46.887,471.500,44.481
4208,4208,140.267,NaN,NaN,NaN,NaN,NaN,0,610,497,57.547,46.887,471.500,44.481
4209,4209,140.300,NaN,NaN,NaN,NaN,NaN,0,610,497,57.547,46.887,471.500,44.481
4210,4210,140.333,NaN,NaN,NaN,NaN,NaN,0,610,497,57.547,46.887,471.500,44.481
4211,4211,140.367,NaN,NaN,NaN,NaN,NaN,0,610,497,57.547,46.887,471.500,44.481
4212,4212,140.400,NaN,NaN,NaN,NaN,NaN,0,610,497,57.547,46.887,471.500,44.481
4213,4213,140.433,NaN,NaN,NaN,NaN,NaN,0,610,497,57.547,46.887,471.500,44.481
4214,4214,140.467,NaN,NaN,NaN,NaN,NaN,0,610,497,57.547,46.887,471.500,44.481
4215,4215,140.500,NaN,NaN,NaN,NaN,NaN,0,610,497,57.547,46.887,471.500,44.481
4216,4216,140.533,NaN,NaN,NaN,NaN,NaN,0,610,497,57.547,46.887,471.500,44.481
4217,4217,140.567,NaN,NaN,NaN,NaN,NaN,0,610,497,57.547,46.887,471.500,44.481
4218,4218,140.600,NaN,NaN,NaN,NaN,NaN,0,610,497,57.547,46.887,471.500,44.481
4219,4219,140.633,NaN,NaN,NaN,NaN,NaN,0,610,497,57.547,46.887,471.500,44.481
4220,4220,140.667,NaN,NaN,NaN,NaN,NaN,0,610,497,57.547,46.887,471.500,44.481
4221,4221,140.700,NaN,NaN,NaN,NaN,NaN,0,610,497,57.547,46.887,471.500,44.481
4222,4222,140.733,NaN,NaN,NaN,NaN,NaN,0,610,497,57.547,46.887,471.500,44.481
4223,4223,140.767,NaN,NaN,NaN,NaN,NaN,0,610,497,57.547,46.887,471.500,44.481
4224,4224,140.800,NaN,NaN,NaN,NaN,NaN,0,610,497,57.547,46.887,471.500,44.481
4225,4225,140.833,NaN,NaN,NaN,NaN,NaN,0,610,497,57.547,46.887,471.500,44.481
4226,4226,140.867,NaN,NaN,NaN,NaN,NaN,0,610,497,57.547,46.887,471.500,44.481
4227,4227,140.900,NaN,NaN,NaN,NaN,NaN,0,610,497,57.547,46.887,471.500,44.481
4228,4228,140.933,NaN,NaN,NaN,NaN,NaN,0,610,497,57.547,46.887,471.500,44.481
4229,4229,140.967,NaN,NaN,NaN,NaN,NaN,0,610,497,57.547,46.887,471.500,44.481
4230,4230,141.000,NaN,NaN,NaN,NaN,NaN,0,610,497,57.547,46.887,471.500,44.481
4231,4231,141.033,NaN,NaN,NaN,NaN,NaN,0,610,497,57.547,46.887,471.500,44.481
4232,4232,141.067,NaN,NaN,NaN,NaN,NaN,0,610,497,57.547,46.887,471.500,44.481
4233,4233,141.100,NaN,NaN,NaN,NaN,NaN,0,610,497,57.547,46.887,471.500,44.481
4234,4234,141.133,NaN,NaN,NaN,NaN,NaN,0,610,497,57.547,46.887,471.500,44.481
4235,4235,141.167,NaN,NaN,NaN,NaN,NaN,0,610,497,57.547,46.887,471.500,44.481
4236,4236,141.200,NaN,NaN,NaN,NaN,NaN,0,610,497,57.547,46.887,471.500,44.481
4237,4237,141.233,NaN,NaN,NaN,NaN,NaN,0,610,497,57.547,46.887,471.500,44.481
4238,4238,141.267,NaN,NaN,NaN,NaN,NaN,0,610,497,57.547,46.887,471.500,44.481
4239,4239,141.300,NaN,NaN,NaN,NaN,NaN,0,610,497,57.547,46.887,471.500,44.481
4240,4240,141.333,NaN,NaN,NaN,NaN,NaN,0,610,497,57.547,46.887,471.500,44.481
4241,4241,141.367,NaN,NaN,NaN,NaN,NaN,0,610,497,57.547,46.887,471.500,44.481
4242,4242,141.400,NaN,NaN,NaN,NaN,NaN,0,610,497,57.547,46.887,471.500,44.481
4243,4243,141.433,NaN,NaN,NaN,NaN,NaN,0,610,497,57.547,46.887,471.500,44.481
4244,4244,141.467,NaN,NaN,NaN,NaN,NaN,0,610,497,57.547,46.887,471.500,44.481
4245,4245,141.500,NaN,NaN,NaN,NaN,NaN,0,610,497,57.547,46.887,471.500,44.481
4246,4246,141.533,NaN,NaN,NaN,NaN,NaN,0,610,497,57.547,46.887,471.500,44.481
4247,4247,141.567,NaN,NaN,NaN,NaN,NaN,0,610,497,57.547,46.887,471.500,44.481
4248,4248,141.600,NaN,NaN,NaN,NaN,NaN,0,610,497,57.547,46.887,471.500,44.481
4249,4249,141.633,NaN,NaN,NaN,NaN,NaN,0,610,497,57.547,46.887,471.500,44.481
4250,4250,141.667,NaN,NaN,NaN,NaN,NaN,0,610,497,57.547,46.887,471.500,44.481
4251,4251,141.700,NaN,NaN,NaN,NaN,NaN,0,610,497,57.547,46.887,471.500,44.481
4252,4252,141.733,NaN,NaN,NaN,NaN,NaN,0,610,497,57.547,46.887,471.500,44.481
4253,4253,141.767,NaN,NaN,NaN,NaN,NaN,0,610,497,57.547,46.887,471.500,44.481
4254,4254,141.800,NaN,NaN,NaN,NaN,NaN,0,610,497,57.547,46.887,471.500,44.481
4255,4255,141.833,NaN,NaN,NaN,NaN,NaN,0,610,497,57.547,46.887,471.500,44.481
4256,4256,141.867,NaN,NaN,NaN,NaN,NaN,0,610,497,57.547,46.887,471.500,44.481
4257,4257,141.900,NaN,NaN,NaN,NaN,NaN,0,610,497,57.547,46.887,471.500,44.481
4258,4258,141.933,NaN,NaN,NaN,NaN,NaN,0,610,497,57.547,46.887,471.500,44.481
4259,4259,141.967,NaN,NaN,NaN,NaN,NaN,0,610,497,57.547,46.887,471.500,44.481
4260,4260,142.000,NaN,NaN,NaN,NaN,NaN,0,610,497,57.547,46.887,471.500,44.481
4261,4261,142.033,NaN,NaN,NaN,NaN,NaN,0,610,497,57.547,46.887,471.500,44.481
4262,4262,142.067,NaN,NaN,NaN,NaN,NaN,0,610,497,57.547,46.887,471.500,44.481
4263,4263,142.100,NaN,NaN,NaN,NaN,NaN,0,610,497,57.547,46.887,471.500,44.481
4264,4264,142.133,NaN,NaN,NaN,NaN,NaN,0,610,497,57.547,46.887,471.500,44.481
4265,4265,142.167,NaN,NaN,NaN,NaN,NaN,0,610,497,57.547,46.887,471.500,44.481
4266,4266,142.200,NaN,NaN,NaN,NaN,NaN,0,610,497,57.547,46.887,471.500,44.481
4267,4267,142.233,NaN,NaN,NaN,NaN,NaN,0,610,497,57.547,46.887,471.500,44.481
4268,4268,142.267,NaN,NaN,NaN,NaN,NaN,0,610,497,57.547,46.887,471.500,44.481
4269,4269,142.300,NaN,NaN,NaN,NaN,NaN,0,610,497,57.547,46.887,471.500,44.481
4270,4270,142.333,NaN,NaN,NaN,NaN,NaN,0,610,497,57.547,46.887,471.500,44.481
4271,4271,142.367,NaN,NaN,NaN,NaN,NaN,0,610,497,57.547,46.887,471.500,44.481
4272,4272,142.400,NaN,NaN,NaN,NaN,NaN,0,610,497,57.547,46.887,471.500,44.481
4273,4273,142.433,NaN,NaN,NaN,NaN,NaN,0,610,497,57.547,46.887,471.500,44.481
4274,4274,142.467,NaN,NaN,NaN,NaN,NaN,0,610,497,57.547,46.887,471.500,44.481
4275,4275,142.500,NaN,NaN,NaN,NaN,NaN,0,610,497,57.547,46.887,471.500,44.481
4276,4276,142.533,NaN,NaN,NaN,NaN,NaN,0,610,497,57.547,46.887,471.500,44.481
4277,4277,142.567,NaN,NaN,NaN,NaN,NaN,0,610,497,57.547,46.887,471.500,44.481
4278,4278,142.600,NaN,NaN,NaN,NaN,NaN,0,610,497,57.547,46.887,471.500,44.481
4279,4279,142.633,NaN,NaN,NaN,NaN,NaN,0,610,497,57.547,46.887,471.500,44.481
4280,4280,142.667,NaN,NaN,NaN,NaN,NaN,0,610,497,57.547,46.887,471.500,44.481
4281,4281,142.700,NaN,NaN,NaN,NaN,NaN,0,610,497,57.547,46.887,471.500,44.481
4282,4282,142.733,NaN,NaN,NaN,NaN,NaN,0,610,497,57.547,46.887,471.500,44.481
4283,4283,142.767,NaN,NaN,NaN,NaN,NaN,0,610,497,57.547,46.887,471.500,44.481
4284,4284,142.800,NaN,NaN,NaN,NaN,NaN,0,610,497,57.547,46.887,471.500,44.481
4285,4285,142.833,NaN,NaN,NaN,NaN,NaN,0,610,497,57.547,46.887,471.500,44.481
4286,4286,142.867,NaN,NaN,NaN,NaN,NaN,0,610,497,57.547,46.887,471.500,44.481
4287,4287,142.900,NaN,NaN,NaN,NaN,NaN,0,610,497,57.547,46.887,471.500,44.481
4288,4288,142.933,NaN,NaN,NaN,NaN,NaN,0,610,497,57.547,46.887,471.500,44.481
4289,4289,142.967,NaN,NaN,NaN,NaN,NaN,0,610,497,57.547,46.887,471.500,44.481
4290,4290,143.000,NaN,NaN,NaN,NaN,NaN,0,610,497,57.547,46.887,471.500,44.481
4291,4291,143.033,NaN,NaN,NaN,NaN,NaN,0,610,497,57.547,46.887,471.500,44.481
4292,4292,143.067,NaN,NaN,NaN,NaN,NaN,0,610,497,57.547,46.887,471.500,44.481
4293,4293,143.100,NaN,NaN,NaN,NaN,NaN,0,610,497,57.547,46.887,471.500,44.481
4294,4294,143.133,NaN,NaN,NaN,NaN,NaN,0,610,497,57.547,46.887,471.500,44.481
4295,4295,143.167,NaN,NaN,NaN,NaN,NaN,0,610,497,57.547,46.887,471.500,44.481
4296,4296,143.200,NaN,NaN,NaN,NaN,NaN,0,610,497,57.547,46.887,471.500,44.481
4297,4297,143.233,NaN,NaN,NaN,NaN,NaN,0,610,497,57.547,46.887,471.500,44.481
4298,4298,143.267,NaN,NaN,NaN,NaN,NaN,0,610,497,57.547,46.887,471.500,44.481
4299,4299,143.300,NaN,NaN,NaN,NaN,NaN,0,610,497,57.547,46.887,471.500,44.481
4300,4300,143.333,NaN,NaN,NaN,NaN,NaN,0,610,497,57.547,46.887,471.500,44.481
4301,4301,143.367,NaN,NaN,NaN,NaN,NaN,0,610,497,57.547,46.887,471.500,44.481
4302,4302,143.400,NaN,NaN,NaN,NaN,NaN,0,610,497,57.547,46.887,471.500,44.481
4303,4303,143.433,NaN,NaN,NaN,NaN,NaN,0,610,497,57.547,46.887,471.500,44.481
4304,4304,143.467,NaN,NaN,NaN,NaN,NaN,0,610,497,57.547,46.887,471.500,44.481
4305,4305,143.500,NaN,NaN,NaN,NaN,NaN,0,610,497,57.547,46.887,471.500,44.481
4306,4306,143.533,NaN,NaN,NaN,NaN,NaN,0,610,497,57.547,46.887,471.500,44.481
4307,4307,143.567,NaN,NaN,NaN,NaN,NaN,0,610,497,57.547,46.887,471.500,44.481
4308,4308,143.600,NaN,NaN,NaN,NaN,NaN,0,610,497,57.547,46.887,471.500,44.481
4309,4309,143.633,NaN,NaN,NaN,NaN,NaN,0,610,497,57.547,46.887,471.500,44.481
4310,4310,143.667,NaN,NaN,NaN,NaN,NaN,0,610,497,57.547,46.887,471.500,44.481
4311,4311,143.700,NaN,NaN,NaN,NaN,NaN,0,610,497,57.547,46.887,471.500,44.481
4312,4312,143.733,NaN,NaN,NaN,NaN,NaN,0,610,497,57.547,46.887,471.500,44.481
4313,4313,143.767,NaN,NaN,NaN,NaN,NaN,0,610,497,57.547,46.887,471.500,44.481
4314,4314,143.800,NaN,NaN,NaN,NaN,NaN,0,610,497,57.547,46.887,471.500,44.481
4315,4315,143.833,NaN,NaN,NaN,NaN,NaN,0,610,497,57.547,46.887,471.500,44.481
4316,4316,143.867,NaN,NaN,NaN,NaN,NaN,0,610,497,57.547,46.887,471.500,44.481
4317,4317,143.900,NaN,NaN,NaN,NaN,NaN,0,610,497,57.547,46.887,471.500,44.481
4318,4318,143.933,NaN,NaN,NaN,NaN,NaN,0,610,497,57.547,46.887,471.500,44.481
4319,4319,143.967,NaN,NaN,NaN,NaN,NaN,0,610,497,57.547,46.887,471.500,44.481
4320,4320,144.000,NaN,NaN,NaN,NaN,NaN,0,610,497,57.547,46.887,471.500,44.481
4321,4321,144.033,NaN,NaN,NaN,NaN,NaN,0,610,497,57.547,46.887,471.500,44.481
4322,4322,144.067,NaN,NaN,NaN,NaN,NaN,0,610,497,57.547,46.887,471.500,44.481
4323,4323,144.100,NaN,NaN,NaN,NaN,NaN,0,610,497,57.547,46.887,471.500,44.481
4324,4324,144.133,NaN,NaN,NaN,NaN,NaN,0,610,497,57.547,46.887,471.500,44.481
4325,4325,144.167,NaN,NaN,NaN,NaN,NaN,0,610,497,57.547,46.887,471.500,44.481
4326,4326,144.200,NaN,NaN,NaN,NaN,NaN,0,610,497,57.547,46.887,471.500,44.481
4327,4327,144.233,NaN,NaN,NaN,NaN,NaN,0,610,497,57.547,46.887,471.500,44.481
4328,4328,144.267,NaN,NaN,NaN,NaN,NaN,0,610,497,57.547,46.887,471.500,44.481
4329,4329,144.300,NaN,NaN,NaN,NaN,NaN,0,610,497,57.547,46.887,471.500,44.481
4330,4330,144.333,NaN,NaN,NaN,NaN,NaN,0,610,497,57.547,46.887,471.500,44.481
4331,4331,144.367,NaN,NaN,NaN,NaN,NaN,0,610,497,57.547,46.887,471.500,44.481
4332,4332,144.400,NaN,NaN,NaN,NaN,NaN,0,610,497,57.547,46.887,471.500,44.481
4333,4333,144.433,NaN,NaN,NaN,NaN,NaN,0,610,497,57.547,46.887,471.500,44.481
4334,4334,144.467,NaN,NaN,NaN,NaN,NaN,0,610,497,57.547,46.887,471.500,44.481
4335,4335,144.500,NaN,NaN,NaN,NaN,NaN,0,610,497,57.547,46.887,471.500,44.481
4336,4336,144.533,NaN,NaN,NaN,NaN,NaN,0,610,497,57.547,46.887,471.500,44.481
4337,4337,144.567,NaN,NaN,NaN,NaN,NaN,0,610,497,57.547,46.887,471.500,44.481
4338,4338,144.600,NaN,NaN,NaN,NaN,NaN,0,610,497,57.547,46.887,471.500,44.481
4339,4339,144.633,NaN,NaN,NaN,NaN,NaN,0,610,497,57.547,46.887,471.500,44.481
4340,4340,144.667,NaN,NaN,NaN,NaN,NaN,0,610,497,57.547,46.887,471.500,44.481
4341,4341,144.700,NaN,NaN,NaN,NaN,NaN,0,610,497,57.547,46.887,471.500,44.481
4342,4342,144.733,NaN,NaN,NaN,NaN,NaN,0,610,497,57.547,46.887,471.500,44.481
4343,4343,144.767,NaN,NaN,NaN,NaN,NaN,0,610,497,57.547,46.887,471.500,44.481
4344,4344,144.800,NaN,NaN,NaN,NaN,NaN,0,610,497,57.547,46.887,471.500,44.481
4345,4345,144.833,NaN,NaN,NaN,NaN,NaN,0,610,497,57.547,46.887,471.500,44.481
4346,4346,144.867,NaN,NaN,NaN,NaN,NaN,0,610,497,57.547,46.887,471.500,44.481
4347,4347,144.900,NaN,NaN,NaN,NaN,NaN,0,610,497,57.547,46.887,471.500,44.481
4348,4348,144.933,NaN,NaN,NaN,NaN,NaN,0,610,497,57.547,46.887,471.500,44.481
4349,4349,144.967,NaN,NaN,NaN,NaN,NaN,0,610,497,57.547,46.887,471.500,44.481
4350,4350,145.000,NaN,NaN,NaN,NaN,NaN,0,610,497,57.547,46.887,471.500,44.481
4351,4351,145.033,NaN,NaN,NaN,NaN,NaN,0,610,497,57.547,46.887,471.500,44.481
4352,4352,145.067,NaN,NaN,NaN,NaN,NaN,0,610,497,57.547,46.887,471.500,44.481
4353,4353,145.100,NaN,NaN,NaN,NaN,NaN,0,610,497,57.547,46.887,471.500,44.481
4354,4354,145.133,NaN,NaN,NaN,NaN,NaN,0,610,497,57.547,46.887,471.500,44.481
4355,4355,145.167,NaN,NaN,NaN,NaN,NaN,0,610,497,57.547,46.887,471.500,44.481
4356,4356,145.200,NaN,NaN,NaN,NaN,NaN,0,610,497,57.547,46.887,471.500,44.481
4357,4357,145.233,NaN,NaN,NaN,NaN,NaN,0,610,497,57.547,46.887,471.500,44.481
4358,4358,145.267,NaN,NaN,NaN,NaN,NaN,0,610,497,57.547,46.887,471.500,44.481
4359,4359,145.300,NaN,NaN,NaN,NaN,NaN,0,610,497,57.547,46.887,471.500,44.481
4360,4360,145.333,NaN,NaN,NaN,NaN,NaN,0,610,497,57.547,46.887,471.500,44.481
4361,4361,145.367,NaN,NaN,NaN,NaN,NaN,0,610,497,57.547,46.887,471.500,44.481
4362,4362,145.400,NaN,NaN,NaN,NaN,NaN,0,610,497,57.547,46.887,471.500,44.481
4363,4363,145.433,NaN,NaN,NaN,NaN,NaN,0,610,497,57.547,46.887,471.500,44.481
4364,4364,145.467,NaN,NaN,NaN,NaN,NaN,0,610,497,57.547,46.887,471.500,44.481
4365,4365,145.500,NaN,NaN,NaN,NaN,NaN,0,610,497,57.547,46.887,471.500,44.481
4366,4366,145.533,NaN,NaN,NaN,NaN,NaN,0,610,497,57.547,46.887,471.500,44.481
4367,4367,145.567,NaN,NaN,NaN,NaN,NaN,0,610,497,57.547,46.887,471.500,44.481
4368,4368,145.600,NaN,NaN,NaN,NaN,NaN,0,610,497,57.547,46.887,471.500,44.481
4369,4369,145.633,NaN,NaN,NaN,NaN,NaN,0,610,497,57.547,46.887,471.500,44.481
4370,4370,145.667,NaN,NaN,NaN,NaN,NaN,0,610,497,57.547,46.887,471.500,44.481
4371,4371,145.700,NaN,NaN,NaN,NaN,NaN,0,610,497,57.547,46.887,471.500,44.481
4372,4372,145.733,NaN,NaN,NaN,NaN,NaN,0,610,497,57.547,46.887,471.500,44.481
4373,4373,145.767,NaN,NaN,NaN,NaN,NaN,0,610,497,57.547,46.887,471.500,44.481
4374,4374,145.800,NaN,NaN,NaN,NaN,NaN,0,610,497,57.547,46.887,471.500,44.481
4375,4375,145.833,NaN,NaN,NaN,NaN,NaN,0,610,497,57.547,46.887,471.500,44.481
4376,4376,145.867,NaN,NaN,NaN,NaN,NaN,0,610,497,57.547,46.887,471.500,44.481
4377,4377,145.900,NaN,NaN,NaN,NaN,NaN,0,610,497,57.547,46.887,471.500,44.481
4378,4378,145.933,NaN,NaN,NaN,NaN,NaN,0,610,497,57.547,46.887,471.500,44.481
4379,4379,145.967,NaN,NaN,NaN,NaN,NaN,0,610,497,57.547,46.887,471.500,44.481
4380,4380,146.000,NaN,NaN,NaN,NaN,NaN,0,610,497,57.547,46.887,471.500,44.481
4381,4381,146.033,NaN,NaN,NaN,NaN,NaN,0,610,497,57.547,46.887,471.500,44.481
4382,4382,146.067,NaN,NaN,NaN,NaN,NaN,0,610,497,57.547,46.887,471.500,44.481
4383,4383,146.100,NaN,NaN,NaN,NaN,NaN,0,610,497,57.547,46.887,471.500,44.481
4384,4384,146.133,NaN,NaN,NaN,NaN,NaN,0,610,497,57.547,46.887,471.500,44.481
4385,4385,146.167,NaN,NaN,NaN,NaN,NaN,0,610,497,57.547,46.887,471.500,44.481
4386,4386,146.200,NaN,NaN,NaN,NaN,NaN,0,610,497,57.547,46.887,471.500,44.481
4387,4387,146.233,NaN,NaN,NaN,NaN,NaN,0,610,497,57.547,46.887,471.500,44.481
4388,4388,146.267,NaN,NaN,NaN,NaN,NaN,0,610,497,57.547,46.887,471.500,44.481
4389,4389,146.300,NaN,NaN,NaN,NaN,NaN,0,610,497,57.547,46.887,471.500,44.481
4390,4390,146.333,NaN,NaN,NaN,NaN,NaN,0,610,497,57.547,46.887,471.500,44.481
4391,4391,146.367,NaN,NaN,NaN,NaN,NaN,0,610,497,57.547,46.887,471.500,44.481
4392,4392,146.400,NaN,NaN,NaN,NaN,NaN,0,610,497,57.547,46.887,471.500,44.481
4393,4393,146.433,NaN,NaN,NaN,NaN,NaN,0,610,497,57.547,46.887,471.500,44.481
4394,4394,146.467,NaN,NaN,NaN,NaN,NaN,0,610,497,57.547,46.887,471.500,44.481
4395,4395,146.500,NaN,NaN,NaN,NaN,NaN,0,610,497,57.547,46.887,471.500,44.481
4396,4396,146.533,NaN,NaN,NaN,NaN,NaN,0,610,497,57.547,46.887,471.500,44.481
4397,4397,146.567,NaN,NaN,NaN,NaN,NaN,0,610,497,57.547,46.887,471.500,44.481
4398,4398,146.600,NaN,NaN,NaN,NaN,NaN,0,610,497,57.547,46.887,471.500,44.481
4399,4399,146.633,NaN,NaN,NaN,NaN,NaN,0,610,497,57.547,46.887,471.500,44.481
4400,4400,146.667,NaN,NaN,NaN,NaN,NaN,0,610,497,57.547,46.887,471.500,44.481
4401,4401,146.700,NaN,NaN,NaN,NaN,NaN,0,610,497,57.547,46.887,471.500,44.481
4402,4402,146.733,NaN,NaN,NaN,NaN,NaN,0,610,497,57.547,46.887,471.500,44.481
4403,4403,146.767,NaN,NaN,NaN,NaN,NaN,0,610,497,57.547,46.887,471.500,44.481
4404,4404,146.800,NaN,NaN,NaN,NaN,NaN,0,610,497,57.547,46.887,471.500,44.481
4405,4405,146.833,NaN,NaN,NaN,NaN,NaN,0,610,497,57.547,46.887,471.500,44.481
4406,4406,146.867,NaN,NaN,NaN,NaN,NaN,0,610,497,57.547,46.887,471.500,44.481
4407,4407,146.900,NaN,NaN,NaN,NaN,NaN,0,610,497,57.547,46.887,471.500,44.481
4408,4408,146.933,NaN,NaN,NaN,NaN,NaN,0,610,497,57.547,46.887,471.500,44.481
4409,4409,146.967,NaN,NaN,NaN,NaN,NaN,0,610,497,57.547,46.887,471.500,44.481
4410,4410,147.000,NaN,NaN,NaN,NaN,NaN,0,610,497,57.547,46.887,471.500,44.481
4411,4411,147.033,NaN,NaN,NaN,NaN,NaN,0,610,497,57.547,46.887,471.500,44.481
4412,4412,147.067,NaN,NaN,NaN,NaN,NaN,0,610,497,57.547,46.887,471.500,44.481
4413,4413,147.100,NaN,NaN,NaN,NaN,NaN,0,610,497,57.547,46.887,471.500,44.481
4414,4414,147.133,NaN,NaN,NaN,NaN,NaN,0,610,497,57.547,46.887,471.500,44.481
4415,4415,147.167,NaN,NaN,NaN,NaN,NaN,0,610,497,57.547,46.887,471.500,44.481
4416,4416,147.200,NaN,NaN,NaN,NaN,NaN,0,610,497,57.547,46.887,471.500,44.481
4417,4417,147.233,NaN,NaN,NaN,NaN,NaN,0,610,497,57.547,46.887,471.500,44.481
4418,4418,147.267,NaN,NaN,NaN,NaN,NaN,0,610,497,57.547,46.887,471.500,44.481
4419,4419,147.300,NaN,NaN,NaN,NaN,NaN,0,610,497,57.547,46.887,471.500,44.481
4420,4420,147.333,NaN,NaN,NaN,NaN,NaN,0,610,497,57.547,46.887,471.500,44.481
4421,4421,147.367,NaN,NaN,NaN,NaN,NaN,0,610,497,57.547,46.887,471.500,44.481
4422,4422,147.400,NaN,NaN,NaN,NaN,NaN,0,610,497,57.547,46.887,471.500,44.481
4423,4423,147.433,NaN,NaN,NaN,NaN,NaN,0,610,497,57.547,46.887,471.500,44.481
4424,4424,147.467,NaN,NaN,NaN,NaN,NaN,0,610,497,57.547,46.887,471.500,44.481
4425,4425,147.500,NaN,NaN,NaN,NaN,NaN,0,610,497,57.547,46.887,471.500,44.481
4426,4426,147.533,NaN,NaN,NaN,NaN,NaN,0,610,497,57.547,46.887,471.500,44.481
4427,4427,147.567,NaN,NaN,NaN,NaN,NaN,0,610,497,57.547,46.887,471.500,44.481
4428,4428,147.600,NaN,NaN,NaN,NaN,NaN,0,610,497,57.547,46.887,471.500,44.481
4429,4429,147.633,NaN,NaN,NaN,NaN,NaN,0,610,497,57.547,46.887,471.500,44.481
4430,4430,147.667,NaN,NaN,NaN,NaN,NaN,0,610,497,57.547,46.887,471.500,44.481
4431,4431,147.700,NaN,NaN,NaN,NaN,NaN,0,610,497,57.547,46.887,471.500,44.481
4432,4432,147.733,NaN,NaN,NaN,NaN,NaN,0,610,497,57.547,46.887,471.500,44.481
4433,4433,147.767,NaN,NaN,NaN,NaN,NaN,0,610,497,57.547,46.887,471.500,44.481
4434,4434,147.800,NaN,NaN,NaN,NaN,NaN,0,610,497,57.547,46.887,471.500,44.481
4435,4435,147.833,NaN,NaN,NaN,NaN,NaN,0,610,497,57.547,46.887,471.500,44.481
4436,4436,147.867,NaN,NaN,NaN,NaN,NaN,0,610,497,57.547,46.887,471.500,44.481
4437,4437,147.900,NaN,NaN,NaN,NaN,NaN,0,610,497,57.547,46.887,471.500,44.481
4438,4438,147.933,NaN,NaN,NaN,NaN,NaN,0,610,497,57.547,46.887,471.500,44.481
4439,4439,147.967,NaN,NaN,NaN,NaN,NaN,0,610,497,57.547,46.887,471.500,44.481
4440,4440,148.000,NaN,NaN,NaN,NaN,NaN,0,610,497,57.547,46.887,471.500,44.481
4441,4441,148.033,NaN,NaN,NaN,NaN,NaN,0,610,497,57.547,46.887,471.500,44.481
4442,4442,148.067,NaN,NaN,NaN,NaN,NaN,0,610,497,57.547,46.887,471.500,44.481
4443,4443,148.100,NaN,NaN,NaN,NaN,NaN,0,610,497,57.547,46.887,471.500,44.481
4444,4444,148.133,NaN,NaN,NaN,NaN,NaN,0,610,497,57.547,46.887,471.500,44.481
4445,4445,148.167,NaN,NaN,NaN,NaN,NaN,0,610,497,57.547,46.887,471.500,44.481
4446,4446,148.200,NaN,NaN,NaN,NaN,NaN,0,610,497,57.547,46.887,471.500,44.481
4447,4447,148.233,NaN,NaN,NaN,NaN,NaN,0,610,497,57.547,46.887,471.500,44.481
4448,4448,148.267,NaN,NaN,NaN,NaN,NaN,0,610,497,57.547,46.887,471.500,44.481
4449,4449,148.300,NaN,NaN,NaN,NaN,NaN,0,610,497,57.547,46.887,471.500,44.481
4450,4450,148.333,NaN,NaN,NaN,NaN,NaN,0,610,497,57.547,46.887,471.500,44.481
4451,4451,148.367,NaN,NaN,NaN,NaN,NaN,0,610,497,57.547,46.887,471.500,44.481
4452,4452,148.400,NaN,NaN,NaN,NaN,NaN,0,610,497,57.547,46.887,471.500,44.481
4453,4453,148.433,NaN,NaN,NaN,NaN,NaN,0,610,497,57.547,46.887,471.500,44.481
4454,4454,148.467,NaN,NaN,NaN,NaN,NaN,0,610,497,57.547,46.887,471.500,44.481
4455,4455,148.500,NaN,NaN,NaN,NaN,NaN,0,610,497,57.547,46.887,471.500,44.481
4456,4456,148.533,NaN,NaN,NaN,NaN,NaN,0,610,497,57.547,46.887,471.500,44.481
4457,4457,148.567,NaN,NaN,NaN,NaN,NaN,0,610,497,57.547,46.887,471.500,44.481
4458,4458,148.600,NaN,NaN,NaN,NaN,NaN,0,610,497,57.547,46.887,471.500,44.481
4459,4459,148.633,NaN,NaN,NaN,NaN,NaN,0,610,497,57.547,46.887,471.500,44.481
4460,4460,148.667,NaN,NaN,NaN,NaN,NaN,0,610,497,57.547,46.887,471.500,44.481
4461,4461,148.700,NaN,NaN,NaN,NaN,NaN,0,610,497,57.547,46.887,471.500,44.481
4462,4462,148.733,NaN,NaN,NaN,NaN,NaN,0,610,497,57.547,46.887,471.500,44.481
4463,4463,148.767,NaN,NaN,NaN,NaN,NaN,0,610,497,57.547,46.887,471.500,44.481
4464,4464,148.800,NaN,NaN,NaN,NaN,NaN,0,610,497,57.547,46.887,471.500,44.481
4465,4465,148.833,NaN,NaN,NaN,NaN,NaN,0,610,497,57.547,46.887,471.500,44.481
4466,4466,148.867,NaN,NaN,NaN,NaN,NaN,0,610,497,57.547,46.887,471.500,44.481
4467,4467,148.900,NaN,NaN,NaN,NaN,NaN,0,610,497,57.547,46.887,471.500,44.481
4468,4468,148.933,NaN,NaN,NaN,NaN,NaN,0,610,497,57.547,46.887,471.500,44.481
4469,4469,148.967,NaN,NaN,NaN,NaN,NaN,0,610,497,57.547,46.887,471.500,44.481
4470,4470,149.000,NaN,NaN,NaN,NaN,NaN,0,610,497,57.547,46.887,471.500,44.481
4471,4471,149.033,NaN,NaN,NaN,NaN,NaN,0,610,497,57.547,46.887,471.500,44.481
4472,4472,149.067,NaN,NaN,NaN,NaN,NaN,0,610,497,57.547,46.887,471.500,44.481
4473,4473,149.100,NaN,NaN,NaN,NaN,NaN,0,610,497,57.547,46.887,471.500,44.481
4474,4474,149.133,NaN,NaN,NaN,NaN,NaN,0,610,497,57.547,46.887,471.500,44.481
4475,4475,149.167,NaN,NaN,NaN,NaN,NaN,0,610,497,57.547,46.887,471.500,44.481
4476,4476,149.200,NaN,NaN,NaN,NaN,NaN,0,610,497,57.547,46.887,471.500,44.481
4477,4477,149.233,NaN,NaN,NaN,NaN,NaN,0,610,497,57.547,46.887,471.500,44.481
4478,4478,149.267,NaN,NaN,NaN,NaN,NaN,0,610,497,57.547,46.887,471.500,44.481
4479,4479,149.300,NaN,NaN,NaN,NaN,NaN,0,610,497,57.547,46.887,471.500,44.481
4480,4480,149.333,NaN,NaN,NaN,NaN,NaN,0,610,497,57.547,46.887,471.500,44.481
4481,4481,149.367,NaN,NaN,NaN,NaN,NaN,0,610,497,57.547,46.887,471.500,44.481
4482,4482,149.400,NaN,NaN,NaN,NaN,NaN,0,610,497,57.547,46.887,471.500,44.481
4483,4483,149.433,NaN,NaN,NaN,NaN,NaN,0,610,497,57.547,46.887,471.500,44.481
4484,4484,149.467,NaN,NaN,NaN,NaN,NaN,0,610,497,57.547,46.887,471.500,44.481
4485,4485,149.500,NaN,NaN,NaN,NaN,NaN,0,610,497,57.547,46.887,471.500,44.481
4486,4486,149.533,NaN,NaN,NaN,NaN,NaN,0,610,497,57.547,46.887,471.500,44.481
4487,4487,149.567,NaN,NaN,NaN,NaN,NaN,0,610,497,57.547,46.887,471.500,44.481
4488,4488,149.600,NaN,NaN,NaN,NaN,NaN,0,610,497,57.547,46.887,471.500,44.481
4489,4489,149.633,NaN,NaN,NaN,NaN,NaN,0,610,497,57.547,46.887,471.500,44.481
4490,4490,149.667,NaN,NaN,NaN,NaN,NaN,0,610,497,57.547,46.887,471.500,44.481
4491,4491,149.700,NaN,NaN,NaN,NaN,NaN,0,610,497,57.547,46.887,471.500,44.481
4492,4492,149.733,NaN,NaN,NaN,NaN,NaN,0,610,497,57.547,46.887,471.500,44.481
4493,4493,149.767,NaN,NaN,NaN,NaN,NaN,0,610,497,57.547,46.887,471.500,44.481
4494,4494,149.800,NaN,NaN,NaN,NaN,NaN,0,610,497,57.547,46.887,471.500,44.481
4495,4495,149.833,NaN,NaN,NaN,NaN,NaN,0,610,497,57.547,46.887,471.500,44.481
4496,4496,149.867,NaN,NaN,NaN,NaN,NaN,0,610,497,57.547,46.887,471.500,44.481
4497,4497,149.900,NaN,NaN,NaN,NaN,NaN,0,610,497,57.547,46.887,471.500,44.481
4498,4498,149.933,NaN,NaN,NaN,NaN,NaN,0,610,497,57.547,46.887,471.500,44.481
4499,4499,149.967,NaN,NaN,NaN,NaN,NaN,0,610,497,57.547,46.887,471.500,44.481
4500,4500,150.000,NaN,NaN,NaN,NaN,NaN,0,610,497,57.547,46.887,471.500,44.481
4501,4501,150.033,NaN,NaN,NaN,NaN,NaN,0,610,497,57.547,46.887,471.500,44.481
4502,4502,150.067,NaN,NaN,NaN,NaN,NaN,0,610,497,57.547,46.887,471.500,44.481
4503,4503,150.100,NaN,NaN,NaN,NaN,NaN,0,610,497,57.547,46.887,471.500,44.481
4504,4504,150.133,NaN,NaN,NaN,NaN,NaN,0,610,497,57.547,46.887,471.500,44.481
4505,4505,150.167,NaN,NaN,NaN,NaN,NaN,0,610,497,57.547,46.887,471.500,44.481
4506,4506,150.200,NaN,NaN,NaN,NaN,NaN,0,610,497,57.547,46.887,471.500,44.481
4507,4507,150.233,NaN,NaN,NaN,NaN,NaN,0,610,497,57.547,46.887,471.500,44.481
4508,4508,150.267,NaN,NaN,NaN,NaN,NaN,0,610,497,57.547,46.887,471.500,44.481
4509,4509,150.300,NaN,NaN,NaN,NaN,NaN,0,610,497,57.547,46.887,471.500,44.481
4510,4510,150.333,NaN,NaN,NaN,NaN,NaN,0,610,497,57.547,46.887,471.500,44.481
4511,4511,150.367,NaN,NaN,NaN,NaN,NaN,0,610,497,57.547,46.887,471.500,44.481
4512,4512,150.400,NaN,NaN,NaN,NaN,NaN,0,610,497,57.547,46.887,471.500,44.481
4513,4513,150.433,NaN,NaN,NaN,NaN,NaN,0,610,497,57.547,46.887,471.500,44.481
4514,4514,150.467,NaN,NaN,NaN,NaN,NaN,0,610,497,57.547,46.887,471.500,44.481
4515,4515,150.500,NaN,NaN,NaN,NaN,NaN,0,610,497,57.547,46.887,471.500,44.481
4516,4516,150.533,NaN,NaN,NaN,NaN,NaN,0,610,497,57.547,46.887,471.500,44.481
4517,4517,150.567,NaN,NaN,NaN,NaN,NaN,0,610,497,57.547,46.887,471.500,44.481
4518,4518,150.600,NaN,NaN,NaN,NaN,NaN,0,610,497,57.547,46.887,471.500,44.481
4519,4519,150.633,NaN,NaN,NaN,NaN,NaN,0,610,497,57.547,46.887,471.500,44.481
4520,4520,150.667,NaN,NaN,NaN,NaN,NaN,0,610,497,57.547,46.887,471.500,44.481
4521,4521,150.700,NaN,NaN,NaN,NaN,NaN,0,610,497,57.547,46.887,471.500,44.481
4522,4522,150.733,NaN,NaN,NaN,NaN,NaN,0,610,497,57.547,46.887,471.500,44.481
4523,4523,150.767,NaN,NaN,NaN,NaN,NaN,0,610,497,57.547,46.887,471.500,44.481
4524,4524,150.800,NaN,NaN,NaN,NaN,NaN,0,610,497,57.547,46.887,471.500,44.481
4525,4525,150.833,NaN,NaN,NaN,NaN,NaN,0,610,497,57.547,46.887,471.500,44.481
4526,4526,150.867,NaN,NaN,NaN,NaN,NaN,0,610,497,57.547,46.887,471.500,44.481
4527,4527,150.900,NaN,NaN,NaN,NaN,NaN,0,610,497,57.547,46.887,471.500,44.481
4528,4528,150.933,NaN,NaN,NaN,NaN,NaN,0,610,497,57.547,46.887,471.500,44.481
4529,4529,150.967,NaN,NaN,NaN,NaN,NaN,0,610,497,57.547,46.887,471.500,44.481
4530,4530,151.000,NaN,NaN,NaN,NaN,NaN,0,610,497,57.547,46.887,471.500,44.481
4531,4531,151.033,NaN,NaN,NaN,NaN,NaN,0,610,497,57.547,46.887,471.500,44.481
4532,4532,151.067,NaN,NaN,NaN,NaN,NaN,0,610,497,57.547,46.887,471.500,44.481
4533,4533,151.100,NaN,NaN,NaN,NaN,NaN,0,610,497,57.547,46.887,471.500,44.481
4534,4534,151.133,NaN,NaN,NaN,NaN,NaN,0,610,497,57.547,46.887,471.500,44.481
4535,4535,151.167,NaN,NaN,NaN,NaN,NaN,0,610,497,57.547,46.887,471.500,44.481
4536,4536,151.200,NaN,NaN,NaN,NaN,NaN,0,610,497,57.547,46.887,471.500,44.481
4537,4537,151.233,NaN,NaN,NaN,NaN,NaN,0,610,497,57.547,46.887,471.500,44.481
4538,4538,151.267,NaN,NaN,NaN,NaN,NaN,0,610,497,57.547,46.887,471.500,44.481
4539,4539,151.300,NaN,NaN,NaN,NaN,NaN,0,610,497,57.547,46.887,471.500,44.481
4540,4540,151.333,NaN,NaN,NaN,NaN,NaN,0,610,497,57.547,46.887,471.500,44.481
4541,4541,151.367,NaN,NaN,NaN,NaN,NaN,0,610,497,57.547,46.887,471.500,44.481
4542,4542,151.400,NaN,NaN,NaN,NaN,NaN,0,610,497,57.547,46.887,471.500,44.481
4543,4543,151.433,NaN,NaN,NaN,NaN,NaN,0,610,497,57.547,46.887,471.500,44.481
4544,4544,151.467,NaN,NaN,NaN,NaN,NaN,0,610,497,57.547,46.887,471.500,44.481
4545,4545,151.500,NaN,NaN,NaN,NaN,NaN,0,610,497,57.547,46.887,471.500,44.481
4546,4546,151.533,NaN,NaN,NaN,NaN,NaN,0,610,497,57.547,46.887,471.500,44.481
4547,4547,151.567,NaN,NaN,NaN,NaN,NaN,0,610,497,57.547,46.887,471.500,44.481
4548,4548,151.600,NaN,NaN,NaN,NaN,NaN,0,610,497,57.547,46.887,471.500,44.481
4549,4549,151.633,NaN,NaN,NaN,NaN,NaN,0,610,497,57.547,46.887,471.500,44.481
4550,4550,151.667,NaN,NaN,NaN,NaN,NaN,0,610,497,57.547,46.887,471.500,44.481
4551,4551,151.700,NaN,NaN,NaN,NaN,NaN,0,610,497,57.547,46.887,471.500,44.481
4552,4552,151.733,NaN,NaN,NaN,NaN,NaN,0,610,497,57.547,46.887,471.500,44.481
4553,4553,151.767,NaN,NaN,NaN,NaN,NaN,0,610,497,57.547,46.887,471.500,44.481
4554,4554,151.800,NaN,NaN,NaN,NaN,NaN,0,610,497,57.547,46.887,471.500,44.481
4555,4555,151.833,NaN,NaN,NaN,NaN,NaN,0,610,497,57.547,46.887,471.500,44.481
4556,4556,151.867,NaN,NaN,NaN,NaN,NaN,0,610,497,57.547,46.887,471.500,44.481
4557,4557,151.900,NaN,NaN,NaN,NaN,NaN,0,610,497,57.547,46.887,471.500,44.481
4558,4558,151.933,NaN,NaN,NaN,NaN,NaN,0,610,497,57.547,46.887,471.500,44.481
4559,4559,151.967,NaN,NaN,NaN,NaN,NaN,0,610,497,57.547,46.887,471.500,44.481
4560,4560,152.000,NaN,NaN,NaN,NaN,NaN,0,610,497,57.547,46.887,471.500,44.481
4561,4561,152.033,NaN,NaN,NaN,NaN,NaN,0,610,497,57.547,46.887,471.500,44.481
4562,4562,152.067,NaN,NaN,NaN,NaN,NaN,0,610,497,57.547,46.887,471.500,44.481
4563,4563,152.100,NaN,NaN,NaN,NaN,NaN,0,610,497,57.547,46.887,471.500,44.481
4564,4564,152.133,NaN,NaN,NaN,NaN,NaN,0,610,497,57.547,46.887,471.500,44.481
4565,4565,152.167,NaN,NaN,NaN,NaN,NaN,0,610,497,57.547,46.887,471.500,44.481
4566,4566,152.200,NaN,NaN,NaN,NaN,NaN,0,610,497,57.547,46.887,471.500,44.481
4567,4567,152.233,NaN,NaN,NaN,NaN,NaN,0,610,497,57.547,46.887,471.500,44.481
4568,4568,152.267,NaN,NaN,NaN,NaN,NaN,0,610,497,57.547,46.887,471.500,44.481
4569,4569,152.300,NaN,NaN,NaN,NaN,NaN,0,610,497,57.547,46.887,471.500,44.481
4570,4570,152.333,NaN,NaN,NaN,NaN,NaN,0,610,497,57.547,46.887,471.500,44.481
4571,4571,152.367,NaN,NaN,NaN,NaN,NaN,0,610,497,57.547,46.887,471.500,44.481
4572,4572,152.400,NaN,NaN,NaN,NaN,NaN,0,610,497,57.547,46.887,471.500,44.481
4573,4573,152.433,NaN,NaN,NaN,NaN,NaN,0,610,497,57.547,46.887,471.500,44.481
4574,4574,152.467,NaN,NaN,NaN,NaN,NaN,0,610,497,57.547,46.887,471.500,44.481
4575,4575,152.500,NaN,NaN,NaN,NaN,NaN,0,610,497,57.547,46.887,471.500,44.481
4576,4576,152.533,NaN,NaN,NaN,NaN,NaN,0,610,497,57.547,46.887,471.500,44.481
4577,4577,152.567,NaN,NaN,NaN,NaN,NaN,0,610,497,57.547,46.887,471.500,44.481
4578,4578,152.600,NaN,NaN,NaN,NaN,NaN,0,610,497,57.547,46.887,471.500,44.481
4579,4579,152.633,NaN,NaN,NaN,NaN,NaN,0,610,497,57.547,46.887,471.500,44.481
4580,4580,152.667,NaN,NaN,NaN,NaN,NaN,0,610,497,57.547,46.887,471.500,44.481
4581,4581,152.700,NaN,NaN,NaN,NaN,NaN,0,610,497,57.547,46.887,471.500,44.481
4582,4582,152.733,NaN,NaN,NaN,NaN,NaN,0,610,497,57.547,46.887,471.500,44.481
4583,4583,152.767,NaN,NaN,NaN,NaN,NaN,0,610,497,57.547,46.887,471.500,44.481
4584,4584,152.800,NaN,NaN,NaN,NaN,NaN,0,610,497,57.547,46.887,471.500,44.481
4585,4585,152.833,NaN,NaN,NaN,NaN,NaN,0,610,497,57.547,46.887,471.500,44.481
4586,4586,152.867,NaN,NaN,NaN,NaN,NaN,0,610,497,57.547,46.887,471.500,44.481
4587,4587,152.900,NaN,NaN,NaN,NaN,NaN,0,610,497,57.547,46.887,471.500,44.481
4588,4588,152.933,NaN,NaN,NaN,NaN,NaN,0,610,497,57.547,46.887,471.500,44.481
4589,4589,152.967,NaN,NaN,NaN,NaN,NaN,0,610,497,57.547,46.887,471.500,44.481
4590,4590,153.000,NaN,NaN,NaN,NaN,NaN,0,610,497,57.547,46.887,471.500,44.481
4591,4591,153.033,NaN,NaN,NaN,NaN,NaN,0,610,497,57.547,46.887,471.500,44.481
4592,4592,153.067,NaN,NaN,NaN,NaN,NaN,0,610,497,57.547,46.887,471.500,44.481
4593,4593,153.100,NaN,NaN,NaN,NaN,NaN,0,610,497,57.547,46.887,471.500,44.481
4594,4594,153.133,NaN,NaN,NaN,NaN,NaN,0,610,497,57.547,46.887,471.500,44.481
4595,4595,153.167,NaN,NaN,NaN,NaN,NaN,0,610,497,57.547,46.887,471.500,44.481
4596,4596,153.200,NaN,NaN,NaN,NaN,NaN,0,610,497,57.547,46.887,471.500,44.481
4597,4597,153.233,NaN,NaN,NaN,NaN,NaN,0,610,497,57.547,46.887,471.500,44.481
4598,4598,153.267,NaN,NaN,NaN,NaN,NaN,0,610,497,57.547,46.887,471.500,44.481
4599,4599,153.300,NaN,NaN,NaN,NaN,NaN,0,610,497,57.547,46.887,471.500,44.481
4600,4600,153.333,NaN,NaN,NaN,NaN,NaN,0,610,497,57.547,46.887,471.500,44.481
4601,4601,153.367,NaN,NaN,NaN,NaN,NaN,0,610,497,57.547,46.887,471.500,44.481
4602,4602,153.400,NaN,NaN,NaN,NaN,NaN,0,610,497,57.547,46.887,471.500,44.481
4603,4603,153.433,NaN,NaN,NaN,NaN,NaN,0,610,497,57.547,46.887,471.500,44.481
4604,4604,153.467,NaN,NaN,NaN,NaN,NaN,0,610,497,57.547,46.887,471.500,44.481
4605,4605,153.500,NaN,NaN,NaN,NaN,NaN,0,610,497,57.547,46.887,471.500,44.481
4606,4606,153.533,NaN,NaN,NaN,NaN,NaN,0,610,497,57.547,46.887,471.500,44.481
4607,4607,153.567,NaN,NaN,NaN,NaN,NaN,0,610,497,57.547,46.887,471.500,44.481
4608,4608,153.600,NaN,NaN,NaN,NaN,NaN,0,610,497,57.547,46.887,471.500,44.481
4609,4609,153.633,NaN,NaN,NaN,NaN,NaN,0,610,497,57.547,46.887,471.500,44.481
4610,4610,153.667,NaN,NaN,NaN,NaN,NaN,0,610,497,57.547,46.887,471.500,44.481
4611,4611,153.700,NaN,NaN,NaN,NaN,NaN,0,610,497,57.547,46.887,471.500,44.481
4612,4612,153.733,NaN,NaN,NaN,NaN,NaN,0,610,497,57.547,46.887,471.500,44.481
4613,4613,153.767,NaN,NaN,NaN,NaN,NaN,0,610,497,57.547,46.887,471.500,44.481
4614,4614,153.800,NaN,NaN,NaN,NaN,NaN,0,610,497,57.547,46.887,471.500,44.481
4615,4615,153.833,NaN,NaN,NaN,NaN,NaN,0,610,497,57.547,46.887,471.500,44.481
4616,4616,153.867,NaN,NaN,NaN,NaN,NaN,0,610,497,57.547,46.887,471.500,44.481
4617,4617,153.900,NaN,NaN,NaN,NaN,NaN,0,610,497,57.547,46.887,471.500,44.481
4618,4618,153.933,NaN,NaN,NaN,NaN,NaN,0,610,497,57.547,46.887,471.500,44.481
4619,4619,153.967,NaN,NaN,NaN,NaN,NaN,0,610,497,57.547,46.887,471.500,44.481
4620,4620,154.000,NaN,NaN,NaN,NaN,NaN,0,610,497,57.547,46.887,471.500,44.481
4621,4621,154.033,NaN,NaN,NaN,NaN,NaN,0,610,497,57.547,46.887,471.500,44.481
4622,4622,154.067,NaN,NaN,NaN,NaN,NaN,0,610,497,57.547,46.887,471.500,44.481
4623,4623,154.100,NaN,NaN,NaN,NaN,NaN,0,610,497,57.547,46.887,471.500,44.481
4624,4624,154.133,NaN,NaN,NaN,NaN,NaN,0,610,497,57.547,46.887,471.500,44.481
4625,4625,154.167,NaN,NaN,NaN,NaN,NaN,0,610,497,57.547,46.887,471.500,44.481
4626,4626,154.200,NaN,NaN,NaN,NaN,NaN,0,610,497,57.547,46.887,471.500,44.481
4627,4627,154.233,NaN,NaN,NaN,NaN,NaN,0,610,497,57.547,46.887,471.500,44.481
4628,4628,154.267,NaN,NaN,NaN,NaN,NaN,0,610,497,57.547,46.887,471.500,44.481
4629,4629,154.300,NaN,NaN,NaN,NaN,NaN,0,610,497,57.547,46.887,471.500,44.481
4630,4630,154.333,NaN,NaN,NaN,NaN,NaN,0,610,497,57.547,46.887,471.500,44.481
4631,4631,154.367,NaN,NaN,NaN,NaN,NaN,0,610,497,57.547,46.887,471.500,44.481
4632,4632,154.400,NaN,NaN,NaN,NaN,NaN,0,610,497,57.547,46.887,471.500,44.481
4633,4633,154.433,NaN,NaN,NaN,NaN,NaN,0,610,497,57.547,46.887,471.500,44.481
4634,4634,154.467,NaN,NaN,NaN,NaN,NaN,0,610,497,57.547,46.887,471.500,44.481
4635,4635,154.500,NaN,NaN,NaN,NaN,NaN,0,610,497,57.547,46.887,471.500,44.481
4636,4636,154.533,NaN,NaN,NaN,NaN,NaN,0,610,497,57.547,46.887,471.500,44.481
4637,4637,154.567,NaN,NaN,NaN,NaN,NaN,0,610,497,57.547,46.887,471.500,44.481
4638,4638,154.600,NaN,NaN,NaN,NaN,NaN,0,610,497,57.547,46.887,471.500,44.481
4639,4639,154.633,NaN,NaN,NaN,NaN,NaN,0,610,497,57.547,46.887,471.500,44.481
4640,4640,154.667,NaN,NaN,NaN,NaN,NaN,0,610,497,57.547,46.887,471.500,44.481
4641,4641,154.700,NaN,NaN,NaN,NaN,NaN,0,610,497,57.547,46.887,471.500,44.481
4642,4642,154.733,NaN,NaN,NaN,NaN,NaN,0,610,497,57.547,46.887,471.500,44.481
4643,4643,154.767,NaN,NaN,NaN,NaN,NaN,0,610,497,57.547,46.887,471.500,44.481
4644,4644,154.800,NaN,NaN,NaN,NaN,NaN,0,610,497,57.547,46.887,471.500,44.481
4645,4645,154.833,NaN,NaN,NaN,NaN,NaN,0,610,497,57.547,46.887,471.500,44.481
4646,4646,154.867,NaN,NaN,NaN,NaN,NaN,0,610,497,57.547,46.887,471.500,44.481
4647,4647,154.900,NaN,NaN,NaN,NaN,NaN,0,610,497,57.547,46.887,471.500,44.481
4648,4648,154.933,NaN,NaN,NaN,NaN,NaN,0,610,497,57.547,46.887,471.500,44.481
4649,4649,154.967,NaN,NaN,NaN,NaN,NaN,0,610,497,57.547,46.887,471.500,44.481
4650,4650,155.000,NaN,NaN,NaN,NaN,NaN,0,610,497,57.547,46.887,471.500,44.481
4651,4651,155.033,NaN,NaN,NaN,NaN,NaN,0,610,497,57.547,46.887,471.500,44.481
4652,4652,155.067,NaN,NaN,NaN,NaN,NaN,0,610,497,57.547,46.887,471.500,44.481
4653,4653,155.100,NaN,NaN,NaN,NaN,NaN,0,610,497,57.547,46.887,471.500,44.481
4654,4654,155.133,NaN,NaN,NaN,NaN,NaN,0,610,497,57.547,46.887,471.500,44.481
4655,4655,155.167,NaN,NaN,NaN,NaN,NaN,0,610,497,57.547,46.887,471.500,44.481
4656,4656,155.200,NaN,NaN,NaN,NaN,NaN,0,610,497,57.547,46.887,471.500,44.481
4657,4657,155.233,NaN,NaN,NaN,NaN,NaN,0,610,497,57.547,46.887,471.500,44.481
4658,4658,155.267,NaN,NaN,NaN,NaN,NaN,0,610,497,57.547,46.887,471.500,44.481
4659,4659,155.300,NaN,NaN,NaN,NaN,NaN,0,610,497,57.547,46.887,471.500,44.481
4660,4660,155.333,NaN,NaN,NaN,NaN,NaN,0,610,497,57.547,46.887,471.500,44.481
4661,4661,155.367,NaN,NaN,NaN,NaN,NaN,0,610,497,57.547,46.887,471.500,44.481
4662,4662,155.400,NaN,NaN,NaN,NaN,NaN,0,610,497,57.547,46.887,471.500,44.481
4663,4663,155.433,NaN,NaN,NaN,NaN,NaN,0,610,497,57.547,46.887,471.500,44.481
4664,4664,155.467,NaN,NaN,NaN,NaN,NaN,0,610,497,57.547,46.887,471.500,44.481
4665,4665,155.500,NaN,NaN,NaN,NaN,NaN,0,610,497,57.547,46.887,471.500,44.481
4666,4666,155.533,NaN,NaN,NaN,NaN,NaN,0,610,497,57.547,46.887,471.500,44.481
4667,4667,155.567,NaN,NaN,NaN,NaN,NaN,0,610,497,57.547,46.887,471.500,44.481
4668,4668,155.600,NaN,NaN,NaN,NaN,NaN,0,610,497,57.547,46.887,471.500,44.481
4669,4669,155.633,NaN,NaN,NaN,NaN,NaN,0,610,497,57.547,46.887,471.500,44.481
4670,4670,155.667,NaN,NaN,NaN,NaN,NaN,0,610,497,57.547,46.887,471.500,44.481
4671,4671,155.700,NaN,NaN,NaN,NaN,NaN,0,610,497,57.547,46.887,471.500,44.481
4672,4672,155.733,NaN,NaN,NaN,NaN,NaN,0,610,497,57.547,46.887,471.500,44.481
4673,4673,155.767,NaN,NaN,NaN,NaN,NaN,0,610,497,57.547,46.887,471.500,44.481
4674,4674,155.800,NaN,NaN,NaN,NaN,NaN,0,610,497,57.547,46.887,471.500,44.481
4675,4675,155.833,NaN,NaN,NaN,NaN,NaN,0,610,497,57.547,46.887,471.500,44.481
4676,4676,155.867,NaN,NaN,NaN,NaN,NaN,0,610,497,57.547,46.887,471.500,44.481
4677,4677,155.900,NaN,NaN,NaN,NaN,NaN,0,610,497,57.547,46.887,471.500,44.481
4678,4678,155.933,NaN,NaN,NaN,NaN,NaN,0,610,497,57.547,46.887,471.500,44.481
4679,4679,155.967,NaN,NaN,NaN,NaN,NaN,0,610,497,57.547,46.887,471.500,44.481
4680,4680,156.000,NaN,NaN,NaN,NaN,NaN,0,610,497,57.547,46.887,471.500,44.481
4681,4681,156.033,NaN,NaN,NaN,NaN,NaN,0,610,497,57.547,46.887,471.500,44.481
4682,4682,156.067,NaN,NaN,NaN,NaN,NaN,0,610,497,57.547,46.887,471.500,44.481
4683,4683,156.100,NaN,NaN,NaN,NaN,NaN,0,610,497,57.547,46.887,471.500,44.481
4684,4684,156.133,NaN,NaN,NaN,NaN,NaN,0,610,497,57.547,46.887,471.500,44.481
4685,4685,156.167,NaN,NaN,NaN,NaN,NaN,0,610,497,57.547,46.887,471.500,44.481
4686,4686,156.200,NaN,NaN,NaN,NaN,NaN,0,610,497,57.547,46.887,471.500,44.481
4687,4687,156.233,NaN,NaN,NaN,NaN,NaN,0,610,497,57.547,46.887,471.500,44.481
4688,4688,156.267,NaN,NaN,NaN,NaN,NaN,0,610,497,57.547,46.887,471.500,44.481
4689,4689,156.300,NaN,NaN,NaN,NaN,NaN,0,610,497,57.547,46.887,471.500,44.481
4690,4690,156.333,NaN,NaN,NaN,NaN,NaN,0,610,497,57.547,46.887,471.500,44.481
4691,4691,156.367,NaN,NaN,NaN,NaN,NaN,0,610,497,57.547,46.887,471.500,44.481
4692,4692,156.400,NaN,NaN,NaN,NaN,NaN,0,610,497,57.547,46.887,471.500,44.481
4693,4693,156.433,NaN,NaN,NaN,NaN,NaN,0,610,497,57.547,46.887,471.500,44.481
4694,4694,156.467,NaN,NaN,NaN,NaN,NaN,0,610,497,57.547,46.887,471.500,44.481
4695,4695,156.500,NaN,NaN,NaN,NaN,NaN,0,610,497,57.547,46.887,471.500,44.481
4696,4696,156.533,NaN,NaN,NaN,NaN,NaN,0,610,497,57.547,46.887,471.500,44.481
4697,4697,156.567,NaN,NaN,NaN,NaN,NaN,0,610,497,57.547,46.887,471.500,44.481
4698,4698,156.600,NaN,NaN,NaN,NaN,NaN,0,610,497,57.547,46.887,471.500,44.481
4699,4699,156.633,NaN,NaN,NaN,NaN,NaN,0,610,497,57.547,46.887,471.500,44.481
4700,4700,156.667,NaN,NaN,NaN,NaN,NaN,0,610,497,57.547,46.887,471.500,44.481
4701,4701,156.700,NaN,NaN,NaN,NaN,NaN,0,610,497,57.547,46.887,471.500,44.481
4702,4702,156.733,NaN,NaN,NaN,NaN,NaN,0,610,497,57.547,46.887,471.500,44.481
4703,4703,156.767,NaN,NaN,NaN,NaN,NaN,0,610,497,57.547,46.887,471.500,44.481
4704,4704,156.800,NaN,NaN,NaN,NaN,NaN,0,610,497,57.547,46.887,471.500,44.481
4705,4705,156.833,NaN,NaN,NaN,NaN,NaN,0,610,497,57.547,46.887,471.500,44.481
4706,4706,156.867,NaN,NaN,NaN,NaN,NaN,0,610,497,57.547,46.887,471.500,44.481
4707,4707,156.900,NaN,NaN,NaN,NaN,NaN,0,610,497,57.547,46.887,471.500,44.481
4708,4708,156.933,NaN,NaN,NaN,NaN,NaN,0,610,497,57.547,46.887,471.500,44.481
4709,4709,156.967,NaN,NaN,NaN,NaN,NaN,0,610,497,57.547,46.887,471.500,44.481
4710,4710,157.000,NaN,NaN,NaN,NaN,NaN,0,610,497,57.547,46.887,471.500,44.481
4711,4711,157.033,NaN,NaN,NaN,NaN,NaN,0,610,497,57.547,46.887,471.500,44.481
4712,4712,157.067,NaN,NaN,NaN,NaN,NaN,0,610,497,57.547,46.887,471.500,44.481
4713,4713,157.100,NaN,NaN,NaN,NaN,NaN,0,610,497,57.547,46.887,471.500,44.481
4714,4714,157.133,NaN,NaN,NaN,NaN,NaN,0,610,497,57.547,46.887,471.500,44.481
4715,4715,157.167,NaN,NaN,NaN,NaN,NaN,0,610,497,57.547,46.887,471.500,44.481
4716,4716,157.200,NaN,NaN,NaN,NaN,NaN,0,610,497,57.547,46.887,471.500,44.481
4717,4717,157.233,NaN,NaN,NaN,NaN,NaN,0,610,497,57.547,46.887,471.500,44.481
4718,4718,157.267,NaN,NaN,NaN,NaN,NaN,0,610,497,57.547,46.887,471.500,44.481
4719,4719,157.300,NaN,NaN,NaN,NaN,NaN,0,610,497,57.547,46.887,471.500,44.481
4720,4720,157.333,NaN,NaN,NaN,NaN,NaN,0,610,497,57.547,46.887,471.500,44.481
4721,4721,157.367,NaN,NaN,NaN,NaN,NaN,0,610,497,57.547,46.887,471.500,44.481
4722,4722,157.400,NaN,NaN,NaN,NaN,NaN,0,610,497,57.547,46.887,471.500,44.481
4723,4723,157.433,NaN,NaN,NaN,NaN,NaN,0,610,497,57.547,46.887,471.500,44.481
4724,4724,157.467,NaN,NaN,NaN,NaN,NaN,0,610,497,57.547,46.887,471.500,44.481
4725,4725,157.500,NaN,NaN,NaN,NaN,NaN,0,610,497,57.547,46.887,471.500,44.481
4726,4726,157.533,NaN,NaN,NaN,NaN,NaN,0,610,497,57.547,46.887,471.500,44.481
4727,4727,157.567,NaN,NaN,NaN,NaN,NaN,0,610,497,57.547,46.887,471.500,44.481
4728,4728,157.600,NaN,NaN,NaN,NaN,NaN,0,610,497,57.547,46.887,471.500,44.481
4729,4729,157.633,NaN,NaN,NaN,NaN,NaN,0,610,497,57.547,46.887,471.500,44.481
4730,4730,157.667,NaN,NaN,NaN,NaN,NaN,0,610,497,57.547,46.887,471.500,44.481
4731,4731,157.700,NaN,NaN,NaN,NaN,NaN,0,610,497,57.547,46.887,471.500,44.481
4732,4732,157.733,NaN,NaN,NaN,NaN,NaN,0,610,497,57.547,46.887,471.500,44.481
4733,4733,157.767,NaN,NaN,NaN,NaN,NaN,0,610,497,57.547,46.887,471.500,44.481
4734,4734,157.800,NaN,NaN,NaN,NaN,NaN,0,610,497,57.547,46.887,471.500,44.481
4735,4735,157.833,NaN,NaN,NaN,NaN,NaN,0,610,497,57.547,46.887,471.500,44.481
4736,4736,157.867,NaN,NaN,NaN,NaN,NaN,0,610,497,57.547,46.887,471.500,44.481
4737,4737,157.900,NaN,NaN,NaN,NaN,NaN,0,610,497,57.547,46.887,471.500,44.481
4738,4738,157.933,NaN,NaN,NaN,NaN,NaN,0,610,497,57.547,46.887,471.500,44.481
4739,4739,157.967,NaN,NaN,NaN,NaN,NaN,0,610,497,57.547,46.887,471.500,44.481
4740,4740,158.000,NaN,NaN,NaN,NaN,NaN,0,610,497,57.547,46.887,471.500,44.481
4741,4741,158.033,NaN,NaN,NaN,NaN,NaN,0,610,497,57.547,46.887,471.500,44.481
4742,4742,158.067,NaN,NaN,NaN,NaN,NaN,0,610,497,57.547,46.887,471.500,44.481
4743,4743,158.100,NaN,NaN,NaN,NaN,NaN,0,610,497,57.547,46.887,471.500,44.481
4744,4744,158.133,NaN,NaN,NaN,NaN,NaN,0,610,497,57.547,46.887,471.500,44.481
4745,4745,158.167,NaN,NaN,NaN,NaN,NaN,0,610,497,57.547,46.887,471.500,44.481
4746,4746,158.200,NaN,NaN,NaN,NaN,NaN,0,610,497,57.547,46.887,471.500,44.481
4747,4747,158.233,NaN,NaN,NaN,NaN,NaN,0,610,497,57.547,46.887,471.500,44.481
4748,4748,158.267,NaN,NaN,NaN,NaN,NaN,0,610,497,57.547,46.887,471.500,44.481
4749,4749,158.300,NaN,NaN,NaN,NaN,NaN,0,610,497,57.547,46.887,471.500,44.481
4750,4750,158.333,NaN,NaN,NaN,NaN,NaN,0,610,497,57.547,46.887,471.500,44.481
4751,4751,158.367,NaN,NaN,NaN,NaN,NaN,0,610,497,57.547,46.887,471.500,44.481
4752,4752,158.400,NaN,NaN,NaN,NaN,NaN,0,610,497,57.547,46.887,471.500,44.481
4753,4753,158.433,NaN,NaN,NaN,NaN,NaN,0,610,497,57.547,46.887,471.500,44.481
4754,4754,158.467,NaN,NaN,NaN,NaN,NaN,0,610,497,57.547,46.887,471.500,44.481
4755,4755,158.500,NaN,NaN,NaN,NaN,NaN,0,610,497,57.547,46.887,471.500,44.481
4756,4756,158.533,NaN,NaN,NaN,NaN,NaN,0,610,497,57.547,46.887,471.500,44.481
4757,4757,158.567,NaN,NaN,NaN,NaN,NaN,0,610,497,57.547,46.887,471.500,44.481
4758,4758,158.600,NaN,NaN,NaN,NaN,NaN,0,610,497,57.547,46.887,471.500,44.481
4759,4759,158.633,NaN,NaN,NaN,NaN,NaN,0,610,497,57.547,46.887,471.500,44.481
4760,4760,158.667,NaN,NaN,NaN,NaN,NaN,0,610,497,57.547,46.887,471.500,44.481
4761,4761,158.700,NaN,NaN,NaN,NaN,NaN,0,610,497,57.547,46.887,471.500,44.481
4762,4762,158.733,NaN,NaN,NaN,NaN,NaN,0,610,497,57.547,46.887,471.500,44.481
4763,4763,158.767,NaN,NaN,NaN,NaN,NaN,0,610,497,57.547,46.887,471.500,44.481
4764,4764,158.800,NaN,NaN,NaN,NaN,NaN,0,610,497,57.547,46.887,471.500,44.481
4765,4765,158.833,NaN,NaN,NaN,NaN,NaN,0,610,497,57.547,46.887,471.500,44.481
4766,4766,158.867,NaN,NaN,NaN,NaN,NaN,0,610,497,57.547,46.887,471.500,44.481
4767,4767,158.900,NaN,NaN,NaN,NaN,NaN,0,610,497,57.547,46.887,471.500,44.481
4768,4768,158.933,NaN,NaN,NaN,NaN,NaN,0,610,497,57.547,46.887,471.500,44.481
4769,4769,158.967,NaN,NaN,NaN,NaN,NaN,0,610,497,57.547,46.887,471.500,44.481
4770,4770,159.000,NaN,NaN,NaN,NaN,NaN,0,610,497,57.547,46.887,471.500,44.481
4771,4771,159.033,NaN,NaN,NaN,NaN,NaN,0,610,497,57.547,46.887,471.500,44.481
4772,4772,159.067,NaN,NaN,NaN,NaN,NaN,0,610,497,57.547,46.887,471.500,44.481
4773,4773,159.100,NaN,NaN,NaN,NaN,NaN,0,610,497,57.547,46.887,471.500,44.481
4774,4774,159.133,NaN,NaN,NaN,NaN,NaN,0,610,497,57.547,46.887,471.500,44.481
4775,4775,159.167,NaN,NaN,NaN,NaN,NaN,0,610,497,57.547,46.887,471.500,44.481
4776,4776,159.200,NaN,NaN,NaN,NaN,NaN,0,610,497,57.547,46.887,471.500,44.481
4777,4777,159.233,NaN,NaN,NaN,NaN,NaN,0,610,497,57.547,46.887,471.500,44.481
4778,4778,159.267,NaN,NaN,NaN,NaN,NaN,0,610,497,57.547,46.887,471.500,44.481
4779,4779,159.300,NaN,NaN,NaN,NaN,NaN,0,610,497,57.547,46.887,471.500,44.481
4780,4780,159.333,NaN,NaN,NaN,NaN,NaN,0,610,497,57.547,46.887,471.500,44.481
4781,4781,159.367,NaN,NaN,NaN,NaN,NaN,0,610,497,57.547,46.887,471.500,44.481
4782,4782,159.400,NaN,NaN,NaN,NaN,NaN,0,610,497,57.547,46.887,471.500,44.481
4783,4783,159.433,NaN,NaN,NaN,NaN,NaN,0,610,497,57.547,46.887,471.500,44.481
4784,4784,159.467,NaN,NaN,NaN,NaN,NaN,0,610,497,57.547,46.887,471.500,44.481
4785,4785,159.500,NaN,NaN,NaN,NaN,NaN,0,610,497,57.547,46.887,471.500,44.481
4786,4786,159.533,NaN,NaN,NaN,NaN,NaN,0,610,497,57.547,46.887,471.500,44.481
4787,4787,159.567,NaN,NaN,NaN,NaN,NaN,0,610,497,57.547,46.887,471.500,44.481
4788,4788,159.600,NaN,NaN,NaN,NaN,NaN,0,610,497,57.547,46.887,471.500,44.481
4789,4789,159.633,NaN,NaN,NaN,NaN,NaN,0,610,497,57.547,46.887,471.500,44.481
4790,4790,159.667,NaN,NaN,NaN,NaN,NaN,0,610,497,57.547,46.887,471.500,44.481
4791,4791,159.700,NaN,NaN,NaN,NaN,NaN,0,610,497,57.547,46.887,471.500,44.481
4792,4792,159.733,NaN,NaN,NaN,NaN,NaN,0,610,497,57.547,46.887,471.500,44.481
4793,4793,159.767,NaN,NaN,NaN,NaN,NaN,0,610,497,57.547,46.887,471.500,44.481
4794,4794,159.800,NaN,NaN,NaN,NaN,NaN,0,610,497,57.547,46.887,471.500,44.481
4795,4795,159.833,NaN,NaN,NaN,NaN,NaN,0,610,497,57.547,46.887,471.500,44.481
4796,4796,159.867,NaN,NaN,NaN,NaN,NaN,0,610,497,57.547,46.887,471.500,44.481
4797,4797,159.900,NaN,NaN,NaN,NaN,NaN,0,610,497,57.547,46.887,471.500,44.481
4798,4798,159.933,NaN,NaN,NaN,NaN,NaN,0,610,497,57.547,46.887,471.500,44.481
4799,4799,159.967,NaN,NaN,NaN,NaN,NaN,0,610,497,57.547,46.887,471.500,44.481
4800,4800,160.000,NaN,NaN,NaN,NaN,NaN,0,610,497,57.547,46.887,471.500,44.481
4801,4801,160.033,NaN,NaN,NaN,NaN,NaN,0,610,497,57.547,46.887,471.500,44.481
4802,4802,160.067,NaN,NaN,NaN,NaN,NaN,0,610,497,57.547,46.887,471.500,44.481
4803,4803,160.100,NaN,NaN,NaN,NaN,NaN,0,610,497,57.547,46.887,471.500,44.481
4804,4804,160.133,NaN,NaN,NaN,NaN,NaN,0,610,497,57.547,46.887,471.500,44.481
4805,4805,160.167,NaN,NaN,NaN,NaN,NaN,0,610,497,57.547,46.887,471.500,44.481
4806,4806,160.200,NaN,NaN,NaN,NaN,NaN,0,610,497,57.547,46.887,471.500,44.481
4807,4807,160.233,NaN,NaN,NaN,NaN,NaN,0,610,497,57.547,46.887,471.500,44.481
4808,4808,160.267,NaN,NaN,NaN,NaN,NaN,0,610,497,57.547,46.887,471.500,44.481
4809,4809,160.300,NaN,NaN,NaN,NaN,NaN,0,610,497,57.547,46.887,471.500,44.481
4810,4810,160.333,NaN,NaN,NaN,NaN,NaN,0,610,497,57.547,46.887,471.500,44.481
4811,4811,160.367,NaN,NaN,NaN,NaN,NaN,0,610,497,57.547,46.887,471.500,44.481
4812,4812,160.400,NaN,NaN,NaN,NaN,NaN,0,610,497,57.547,46.887,471.500,44.481
4813,4813,160.433,NaN,NaN,NaN,NaN,NaN,0,610,497,57.547,46.887,471.500,44.481
4814,4814,160.467,NaN,NaN,NaN,NaN,NaN,0,610,497,57.547,46.887,471.500,44.481
4815,4815,160.500,NaN,NaN,NaN,NaN,NaN,0,610,497,57.547,46.887,471.500,44.481
4816,4816,160.533,NaN,NaN,NaN,NaN,NaN,0,610,497,57.547,46.887,471.500,44.481
4817,4817,160.567,NaN,NaN,NaN,NaN,NaN,0,610,497,57.547,46.887,471.500,44.481
4818,4818,160.600,NaN,NaN,NaN,NaN,NaN,0,610,497,57.547,46.887,471.500,44.481
4819,4819,160.633,NaN,NaN,NaN,NaN,NaN,0,610,497,57.547,46.887,471.500,44.481
4820,4820,160.667,NaN,NaN,NaN,NaN,NaN,0,610,497,57.547,46.887,471.500,44.481
4821,4821,160.700,NaN,NaN,NaN,NaN,NaN,0,610,497,57.547,46.887,471.500,44.481
4822,4822,160.733,NaN,NaN,NaN,NaN,NaN,0,610,497,57.547,46.887,471.500,44.481
4823,4823,160.767,NaN,NaN,NaN,NaN,NaN,0,610,497,57.547,46.887,471.500,44.481
4824,4824,160.800,NaN,NaN,NaN,NaN,NaN,0,610,497,57.547,46.887,471.500,44.481
4825,4825,160.833,NaN,NaN,NaN,NaN,NaN,0,610,497,57.547,46.887,471.500,44.481
4826,4826,160.867,NaN,NaN,NaN,NaN,NaN,0,610,497,57.547,46.887,471.500,44.481
4827,4827,160.900,NaN,NaN,NaN,NaN,NaN,0,610,497,57.547,46.887,471.500,44.481
4828,4828,160.933,NaN,NaN,NaN,NaN,NaN,0,610,497,57.547,46.887,471.500,44.481
4829,4829,160.967,NaN,NaN,NaN,NaN,NaN,0,610,497,57.547,46.887,471.500,44.481
4830,4830,161.000,NaN,NaN,NaN,NaN,NaN,0,610,497,57.547,46.887,471.500,44.481
4831,4831,161.033,NaN,NaN,NaN,NaN,NaN,0,610,497,57.547,46.887,471.500,44.481
4832,4832,161.067,NaN,NaN,NaN,NaN,NaN,0,610,497,57.547,46.887,471.500,44.481
4833,4833,161.100,NaN,NaN,NaN,NaN,NaN,0,610,497,57.547,46.887,471.500,44.481
4834,4834,161.133,NaN,NaN,NaN,NaN,NaN,0,610,497,57.547,46.887,471.500,44.481
4835,4835,161.167,NaN,NaN,NaN,NaN,NaN,0,610,497,57.547,46.887,471.500,44.481
4836,4836,161.200,NaN,NaN,NaN,NaN,NaN,0,610,497,57.547,46.887,471.500,44.481
4837,4837,161.233,NaN,NaN,NaN,NaN,NaN,0,610,497,57.547,46.887,471.500,44.481
4838,4838,161.267,NaN,NaN,NaN,NaN,NaN,0,610,497,57.547,46.887,471.500,44.481
4839,4839,161.300,NaN,NaN,NaN,NaN,NaN,0,610,497,57.547,46.887,471.500,44.481
4840,4840,161.333,NaN,NaN,NaN,NaN,NaN,0,610,497,57.547,46.887,471.500,44.481
4841,4841,161.367,NaN,NaN,NaN,NaN,NaN,0,610,497,57.547,46.887,471.500,44.481
4842,4842,161.400,NaN,NaN,NaN,NaN,NaN,0,610,497,57.547,46.887,471.500,44.481
4843,4843,161.433,NaN,NaN,NaN,NaN,NaN,0,610,497,57.547,46.887,471.500,44.481
4844,4844,161.467,NaN,NaN,NaN,NaN,NaN,0,610,497,57.547,46.887,471.500,44.481
4845,4845,161.500,NaN,NaN,NaN,NaN,NaN,0,610,497,57.547,46.887,471.500,44.481
4846,4846,161.533,NaN,NaN,NaN,NaN,NaN,0,610,497,57.547,46.887,471.500,44.481
4847,4847,161.567,NaN,NaN,NaN,NaN,NaN,0,610,497,57.547,46.887,471.500,44.481
4848,4848,161.600,NaN,NaN,NaN,NaN,NaN,0,610,497,57.547,46.887,471.500,44.481
4849,4849,161.633,NaN,NaN,NaN,NaN,NaN,0,610,497,57.547,46.887,471.500,44.481
4850,4850,161.667,NaN,NaN,NaN,NaN,NaN,0,610,497,57.547,46.887,471.500,44.481
4851,4851,161.700,NaN,NaN,NaN,NaN,NaN,0,610,497,57.547,46.887,471.500,44.481
4852,4852,161.733,NaN,NaN,NaN,NaN,NaN,0,610,497,57.547,46.887,471.500,44.481
4853,4853,161.767,NaN,NaN,NaN,NaN,NaN,0,610,497,57.547,46.887,471.500,44.481
4854,4854,161.800,NaN,NaN,NaN,NaN,NaN,0,610,497,57.547,46.887,471.500,44.481
4855,4855,161.833,NaN,NaN,NaN,NaN,NaN,0,610,497,57.547,46.887,471.500,44.481
4856,4856,161.867,NaN,NaN,NaN,NaN,NaN,0,610,497,57.547,46.887,471.500,44.481
4857,4857,161.900,NaN,NaN,NaN,NaN,NaN,0,610,497,57.547,46.887,471.500,44.481
4858,4858,161.933,NaN,NaN,NaN,NaN,NaN,0,610,497,57.547,46.887,471.500,44.481
4859,4859,161.967,NaN,NaN,NaN,NaN,NaN,0,610,497,57.547,46.887,471.500,44.481
4860,4860,162.000,NaN,NaN,NaN,NaN,NaN,0,610,497,57.547,46.887,471.500,44.481
4861,4861,162.033,NaN,NaN,NaN,NaN,NaN,0,610,497,57.547,46.887,471.500,44.481
4862,4862,162.067,NaN,NaN,NaN,NaN,NaN,0,610,497,57.547,46.887,471.500,44.481
4863,4863,162.100,NaN,NaN,NaN,NaN,NaN,0,610,497,57.547,46.887,471.500,44.481
4864,4864,162.133,NaN,NaN,NaN,NaN,NaN,0,610,497,57.547,46.887,471.500,44.481
4865,4865,162.167,NaN,NaN,NaN,NaN,NaN,0,610,497,57.547,46.887,471.500,44.481
4866,4866,162.200,NaN,NaN,NaN,NaN,NaN,0,610,497,57.547,46.887,471.500,44.481
4867,4867,162.233,NaN,NaN,NaN,NaN,NaN,0,610,497,57.547,46.887,471.500,44.481
4868,4868,162.267,NaN,NaN,NaN,NaN,NaN,0,610,497,57.547,46.887,471.500,44.481
4869,4869,162.300,NaN,NaN,NaN,NaN,NaN,0,610,497,57.547,46.887,471.500,44.481
4870,4870,162.333,NaN,NaN,NaN,NaN,NaN,0,610,497,57.547,46.887,471.500,44.481
4871,4871,162.367,NaN,NaN,NaN,NaN,NaN,0,610,497,57.547,46.887,471.500,44.481
4872,4872,162.400,NaN,NaN,NaN,NaN,NaN,0,610,497,57.547,46.887,471.500,44.481
4873,4873,162.433,NaN,NaN,NaN,NaN,NaN,0,610,497,57.547,46.887,471.500,44.481
4874,4874,162.467,NaN,NaN,NaN,NaN,NaN,0,610,497,57.547,46.887,471.500,44.481
4875,4875,162.500,NaN,NaN,NaN,NaN,NaN,0,610,497,57.547,46.887,471.500,44.481
4876,4876,162.533,NaN,NaN,NaN,NaN,NaN,0,610,497,57.547,46.887,471.500,44.481
4877,4877,162.567,NaN,NaN,NaN,NaN,NaN,0,610,497,57.547,46.887,471.500,44.481
4878,4878,162.600,NaN,NaN,NaN,NaN,NaN,0,610,497,57.547,46.887,471.500,44.481
4879,4879,162.633,NaN,NaN,NaN,NaN,NaN,0,610,497,57.547,46.887,471.500,44.481
4880,4880,162.667,NaN,NaN,NaN,NaN,NaN,0,610,497,57.547,46.887,471.500,44.481
4881,4881,162.700,NaN,NaN,NaN,NaN,NaN,0,610,497,57.547,46.887,471.500,44.481
4882,4882,162.733,NaN,NaN,NaN,NaN,NaN,0,610,497,57.547,46.887,471.500,44.481
4883,4883,162.767,NaN,NaN,NaN,NaN,NaN,0,610,497,57.547,46.887,471.500,44.481
4884,4884,162.800,NaN,NaN,NaN,NaN,NaN,0,610,497,57.547,46.887,471.500,44.481
4885,4885,162.833,NaN,NaN,NaN,NaN,NaN,0,610,497,57.547,46.887,471.500,44.481
4886,4886,162.867,NaN,NaN,NaN,NaN,NaN,0,610,497,57.547,46.887,471.500,44.481
4887,4887,162.900,NaN,NaN,NaN,NaN,NaN,0,610,497,57.547,46.887,471.500,44.481
4888,4888,162.933,NaN,NaN,NaN,NaN,NaN,0,610,497,57.547,46.887,471.500,44.481
4889,4889,162.967,NaN,NaN,NaN,NaN,NaN,0,610,497,57.547,46.887,471.500,44.481
4890,4890,163.000,NaN,NaN,NaN,NaN,NaN,0,610,497,57.547,46.887,471.500,44.481
4891,4891,163.033,NaN,NaN,NaN,NaN,NaN,0,610,497,57.547,46.887,471.500,44.481
4892,4892,163.067,NaN,NaN,NaN,NaN,NaN,0,610,497,57.547,46.887,471.500,44.481
4893,4893,163.100,NaN,NaN,NaN,NaN,NaN,0,610,497,57.547,46.887,471.500,44.481
4894,4894,163.133,NaN,NaN,NaN,NaN,NaN,0,610,497,57.547,46.887,471.500,44.481
4895,4895,163.167,NaN,NaN,NaN,NaN,NaN,0,610,497,57.547,46.887,471.500,44.481
4896,4896,163.200,NaN,NaN,NaN,NaN,NaN,0,610,497,57.547,46.887,471.500,44.481
4897,4897,163.233,NaN,NaN,NaN,NaN,NaN,0,610,497,57.547,46.887,471.500,44.481
4898,4898,163.267,NaN,NaN,NaN,NaN,NaN,0,610,497,57.547,46.887,471.500,44.481
4899,4899,163.300,NaN,NaN,NaN,NaN,NaN,0,610,497,57.547,46.887,471.500,44.481
4900,4900,163.333,NaN,NaN,NaN,NaN,NaN,0,610,497,57.547,46.887,471.500,44.481
4901,4901,163.367,NaN,NaN,NaN,NaN,NaN,0,610,497,57.547,46.887,471.500,44.481
4902,4902,163.400,NaN,NaN,NaN,NaN,NaN,0,610,497,57.547,46.887,471.500,44.481
4903,4903,163.433,NaN,NaN,NaN,NaN,NaN,0,610,497,57.547,46.887,471.500,44.481
4904,4904,163.467,NaN,NaN,NaN,NaN,NaN,0,610,497,57.547,46.887,471.500,44.481
4905,4905,163.500,NaN,NaN,NaN,NaN,NaN,0,610,497,57.547,46.887,471.500,44.481
4906,4906,163.533,NaN,NaN,NaN,NaN,NaN,0,610,497,57.547,46.887,471.500,44.481
4907,4907,163.567,NaN,NaN,NaN,NaN,NaN,0,610,497,57.547,46.887,471.500,44.481
4908,4908,163.600,NaN,NaN,NaN,NaN,NaN,0,610,497,57.547,46.887,471.500,44.481
4909,4909,163.633,NaN,NaN,NaN,NaN,NaN,0,610,497,57.547,46.887,471.500,44.481
4910,4910,163.667,NaN,NaN,NaN,NaN,NaN,0,610,497,57.547,46.887,471.500,44.481
4911,4911,163.700,NaN,NaN,NaN,NaN,NaN,0,610,497,57.547,46.887,471.500,44.481
4912,4912,163.733,NaN,NaN,NaN,NaN,NaN,0,610,497,57.547,46.887,471.500,44.481
4913,4913,163.767,NaN,NaN,NaN,NaN,NaN,0,610,497,57.547,46.887,471.500,44.481
4914,4914,163.800,NaN,NaN,NaN,NaN,NaN,0,610,497,57.547,46.887,471.500,44.481
4915,4915,163.833,NaN,NaN,NaN,NaN,NaN,0,610,497,57.547,46.887,471.500,44.481
4916,4916,163.867,NaN,NaN,NaN,NaN,NaN,0,610,497,57.547,46.887,471.500,44.481
4917,4917,163.900,NaN,NaN,NaN,NaN,NaN,0,610,497,57.547,46.887,471.500,44.481
4918,4918,163.933,NaN,NaN,NaN,NaN,NaN,0,610,497,57.547,46.887,471.500,44.481
4919,4919,163.967,NaN,NaN,NaN,NaN,NaN,0,610,497,57.547,46.887,471.500,44.481
4920,4920,164.000,NaN,NaN,NaN,NaN,NaN,0,610,497,57.547,46.887,471.500,44.481
4921,4921,164.033,NaN,NaN,NaN,NaN,NaN,0,610,497,57.547,46.887,471.500,44.481
4922,4922,164.067,NaN,NaN,NaN,NaN,NaN,0,610,497,57.547,46.887,471.500,44.481
4923,4923,164.100,NaN,NaN,NaN,NaN,NaN,0,610,497,57.547,46.887,471.500,44.481
4924,4924,164.133,NaN,NaN,NaN,NaN,NaN,0,610,497,57.547,46.887,471.500,44.481
4925,4925,164.167,NaN,NaN,NaN,NaN,NaN,0,610,497,57.547,46.887,471.500,44.481
4926,4926,164.200,NaN,NaN,NaN,NaN,NaN,0,610,497,57.547,46.887,471.500,44.481
4927,4927,164.233,NaN,NaN,NaN,NaN,NaN,0,610,497,57.547,46.887,471.500,44.481
4928,4928,164.267,NaN,NaN,NaN,NaN,NaN,0,610,497,57.547,46.887,471.500,44.481
4929,4929,164.300,NaN,NaN,NaN,NaN,NaN,0,610,497,57.547,46.887,471.500,44.481
4930,4930,164.333,NaN,NaN,NaN,NaN,NaN,0,610,497,57.547,46.887,471.500,44.481
4931,4931,164.367,NaN,NaN,NaN,NaN,NaN,0,610,497,57.547,46.887,471.500,44.481
4932,4932,164.400,NaN,NaN,NaN,NaN,NaN,0,610,497,57.547,46.887,471.500,44.481
4933,4933,164.433,NaN,NaN,NaN,NaN,NaN,0,610,497,57.547,46.887,471.500,44.481
4934,4934,164.467,NaN,NaN,NaN,NaN,NaN,0,610,497,57.547,46.887,471.500,44.481
4935,4935,164.500,NaN,NaN,NaN,NaN,NaN,0,610,497,57.547,46.887,471.500,44.481
4936,4936,164.533,NaN,NaN,NaN,NaN,NaN,0,610,497,57.547,46.887,471.500,44.481
4937,4937,164.567,NaN,NaN,NaN,NaN,NaN,0,610,497,57.547,46.887,471.500,44.481
4938,4938,164.600,NaN,NaN,NaN,NaN,NaN,0,610,497,57.547,46.887,471.500,44.481
4939,4939,164.633,NaN,NaN,NaN,NaN,NaN,0,610,497,57.547,46.887,471.500,44.481
4940,4940,164.667,NaN,NaN,NaN,NaN,NaN,0,610,497,57.547,46.887,471.500,44.481
4941,4941,164.700,NaN,NaN,NaN,NaN,NaN,0,610,497,57.547,46.887,471.500,44.481
4942,4942,164.733,NaN,NaN,NaN,NaN,NaN,0,610,497,57.547,46.887,471.500,44.481
4943,4943,164.767,NaN,NaN,NaN,NaN,NaN,0,610,497,57.547,46.887,471.500,44.481
4944,4944,164.800,NaN,NaN,NaN,NaN,NaN,0,610,497,57.547,46.887,471.500,44.481
4945,4945,164.833,NaN,NaN,NaN,NaN,NaN,0,610,497,57.547,46.887,471.500,44.481
4946,4946,164.867,NaN,NaN,NaN,NaN,NaN,0,610,497,57.547,46.887,471.500,44.481
4947,4947,164.900,NaN,NaN,NaN,NaN,NaN,0,610,497,57.547,46.887,471.500,44.481
4948,4948,164.933,NaN,NaN,NaN,NaN,NaN,0,610,497,57.547,46.887,471.500,44.481
4949,4949,164.967,NaN,NaN,NaN,NaN,NaN,0,610,497,57.547,46.887,471.500,44.481
4950,4950,165.000,NaN,NaN,NaN,NaN,NaN,0,610,497,57.547,46.887,471.500,44.481
4951,4951,165.033,NaN,NaN,NaN,NaN,NaN,0,610,497,57.547,46.887,471.500,44.481
4952,4952,165.067,NaN,NaN,NaN,NaN,NaN,0,610,497,57.547,46.887,471.500,44.481
4953,4953,165.100,NaN,NaN,NaN,NaN,NaN,0,610,497,57.547,46.887,471.500,44.481
4954,4954,165.133,NaN,NaN,NaN,NaN,NaN,0,610,497,57.547,46.887,471.500,44.481
4955,4955,165.167,NaN,NaN,NaN,NaN,NaN,0,610,497,57.547,46.887,471.500,44.481
4956,4956,165.200,NaN,NaN,NaN,NaN,NaN,0,610,497,57.547,46.887,471.500,44.481
4957,4957,165.233,NaN,NaN,NaN,NaN,NaN,0,610,497,57.547,46.887,471.500,44.481
4958,4958,165.267,NaN,NaN,NaN,NaN,NaN,0,610,497,57.547,46.887,471.500,44.481
4959,4959,165.300,NaN,NaN,NaN,NaN,NaN,0,610,497,57.547,46.887,471.500,44.481
4960,4960,165.333,NaN,NaN,NaN,NaN,NaN,0,610,497,57.547,46.887,471.500,44.481
4961,4961,165.367,NaN,NaN,NaN,NaN,NaN,0,610,497,57.547,46.887,471.500,44.481
4962,4962,165.400,NaN,NaN,NaN,NaN,NaN,0,610,497,57.547,46.887,471.500,44.481
4963,4963,165.433,NaN,NaN,NaN,NaN,NaN,0,610,497,57.547,46.887,471.500,44.481
4964,4964,165.467,NaN,NaN,NaN,NaN,NaN,0,610,497,57.547,46.887,471.500,44.481
4965,4965,165.500,NaN,NaN,NaN,NaN,NaN,0,610,497,57.547,46.887,471.500,44.481
4966,4966,165.533,NaN,NaN,NaN,NaN,NaN,0,610,497,57.547,46.887,471.500,44.481
4967,4967,165.567,NaN,NaN,NaN,NaN,NaN,0,610,497,57.547,46.887,471.500,44.481
4968,4968,165.600,NaN,NaN,NaN,NaN,NaN,0,610,497,57.547,46.887,471.500,44.481
4969,4969,165.633,NaN,NaN,NaN,NaN,NaN,0,610,497,57.547,46.887,471.500,44.481
4970,4970,165.667,NaN,NaN,NaN,NaN,NaN,0,610,497,57.547,46.887,471.500,44.481
4971,4971,165.700,NaN,NaN,NaN,NaN,NaN,0,610,497,57.547,46.887,471.500,44.481
4972,4972,165.733,NaN,NaN,NaN,NaN,NaN,0,610,497,57.547,46.887,471.500,44.481
4973,4973,165.767,NaN,NaN,NaN,NaN,NaN,0,610,497,57.547,46.887,471.500,44.481
4974,4974,165.800,NaN,NaN,NaN,NaN,NaN,0,610,497,57.547,46.887,471.500,44.481
4975,4975,165.833,NaN,NaN,NaN,NaN,NaN,0,610,497,57.547,46.887,471.500,44.481
4976,4976,165.867,NaN,NaN,NaN,NaN,NaN,0,610,497,57.547,46.887,471.500,44.481
4977,4977,165.900,NaN,NaN,NaN,NaN,NaN,0,610,497,57.547,46.887,471.500,44.481
4978,4978,165.933,NaN,NaN,NaN,NaN,NaN,0,610,497,57.547,46.887,471.500,44.481
4979,4979,165.967,NaN,NaN,NaN,NaN,NaN,0,610,497,57.547,46.887,471.500,44.481
4980,4980,166.000,NaN,NaN,NaN,NaN,NaN,0,610,497,57.547,46.887,471.500,44.481
4981,4981,166.033,NaN,NaN,NaN,NaN,NaN,0,610,497,57.547,46.887,471.500,44.481
4982,4982,166.067,NaN,NaN,NaN,NaN,NaN,0,610,497,57.547,46.887,471.500,44.481
4983,4983,166.100,NaN,NaN,NaN,NaN,NaN,0,610,497,57.547,46.887,471.500,44.481
4984,4984,166.133,NaN,NaN,NaN,NaN,NaN,0,610,497,57.547,46.887,471.500,44.481
4985,4985,166.167,NaN,NaN,NaN,NaN,NaN,0,610,497,57.547,46.887,471.500,44.481
4986,4986,166.200,NaN,NaN,NaN,NaN,NaN,0,610,497,57.547,46.887,471.500,44.481
4987,4987,166.233,NaN,NaN,NaN,NaN,NaN,0,610,497,57.547,46.887,471.500,44.481
4988,4988,166.267,NaN,NaN,NaN,NaN,NaN,0,610,497,57.547,46.887,471.500,44.481
4989,4989,166.300,NaN,NaN,NaN,NaN,NaN,0,610,497,57.547,46.887,471.500,44.481
4990,4990,166.333,NaN,NaN,NaN,NaN,NaN,0,610,497,57.547,46.887,471.500,44.481
4991,4991,166.367,NaN,NaN,NaN,NaN,NaN,0,610,497,57.547,46.887,471.500,44.481
4992,4992,166.400,NaN,NaN,NaN,NaN,NaN,0,610,497,57.547,46.887,471.500,44.481
4993,4993,166.433,NaN,NaN,NaN,NaN,NaN,0,610,497,57.547,46.887,471.500,44.481
4994,4994,166.467,NaN,NaN,NaN,NaN,NaN,0,610,497,57.547,46.887,471.500,44.481
4995,4995,166.500,NaN,NaN,NaN,NaN,NaN,0,610,497,57.547,46.887,471.500,44.481
4996,4996,166.533,NaN,NaN,NaN,NaN,NaN,0,610,497,57.547,46.887,471.500,44.481
4997,4997,166.567,NaN,NaN,NaN,NaN,NaN,0,610,497,57.547,46.887,471.500,44.481
4998,4998,166.600,NaN,NaN,NaN,NaN,NaN,0,610,497,57.547,46.887,471.500,44.481
4999,4999,166.633,NaN,NaN,NaN,NaN,NaN,0,610,497,57.547,46.887,471.500,44.481
5000,5000,166.667,NaN,NaN,NaN,NaN,NaN,0,610,497,57.547,46.887,471.500,44.481
5001,5001,166.700,NaN,NaN,NaN,NaN,NaN,0,610,497,57.547,46.887,471.500,44.481
5002,5002,166.733,NaN,NaN,NaN,NaN,NaN,0,610,497,57.547,46.887,471.500,44.481
5003,5003,166.767,NaN,NaN,NaN,NaN,NaN,0,610,497,57.547,46.887,471.500,44.481
5004,5004,166.800,NaN,NaN,NaN,NaN,NaN,0,610,497,57.547,46.887,471.500,44.481
5005,5005,166.833,NaN,NaN,NaN,NaN,NaN,0,610,497,57.547,46.887,471.500,44.481
5006,5006,166.867,NaN,NaN,NaN,NaN,NaN,0,610,497,57.547,46.887,471.500,44.481
5007,5007,166.900,NaN,NaN,NaN,NaN,NaN,0,610,497,57.547,46.887,471.500,44.481
5008,5008,166.933,NaN,NaN,NaN,NaN,NaN,0,610,497,57.547,46.887,471.500,44.481
5009,5009,166.967,NaN,NaN,NaN,NaN,NaN,0,610,497,57.547,46.887,471.500,44.481
5010,5010,167.000,NaN,NaN,NaN,NaN,NaN,0,610,497,57.547,46.887,471.500,44.481
5011,5011,167.033,NaN,NaN,NaN,NaN,NaN,0,610,497,57.547,46.887,471.500,44.481
5012,5012,167.067,NaN,NaN,NaN,NaN,NaN,0,610,497,57.547,46.887,471.500,44.481
5013,5013,167.100,NaN,NaN,NaN,NaN,NaN,0,610,497,57.547,46.887,471.500,44.481
5014,5014,167.133,NaN,NaN,NaN,NaN,NaN,0,610,497,57.547,46.887,471.500,44.481
5015,5015,167.167,NaN,NaN,NaN,NaN,NaN,0,610,497,57.547,46.887,471.500,44.481
5016,5016,167.200,NaN,NaN,NaN,NaN,NaN,0,610,497,57.547,46.887,471.500,44.481
5017,5017,167.233,NaN,NaN,NaN,NaN,NaN,0,610,497,57.547,46.887,471.500,44.481
5018,5018,167.267,NaN,NaN,NaN,NaN,NaN,0,610,497,57.547,46.887,471.500,44.481
5019,5019,167.300,NaN,NaN,NaN,NaN,NaN,0,610,497,57.547,46.887,471.500,44.481
5020,5020,167.333,NaN,NaN,NaN,NaN,NaN,0,610,497,57.547,46.887,471.500,44.481
5021,5021,167.367,NaN,NaN,NaN,NaN,NaN,0,610,497,57.547,46.887,471.500,44.481
5022,5022,167.400,NaN,NaN,NaN,NaN,NaN,0,610,497,57.547,46.887,471.500,44.481
5023,5023,167.433,NaN,NaN,NaN,NaN,NaN,0,610,497,57.547,46.887,471.500,44.481
5024,5024,167.467,NaN,NaN,NaN,NaN,NaN,0,610,497,57.547,46.887,471.500,44.481
5025,5025,167.500,NaN,NaN,NaN,NaN,NaN,0,610,497,57.547,46.887,471.500,44.481
5026,5026,167.533,NaN,NaN,NaN,NaN,NaN,0,610,497,57.547,46.887,471.500,44.481
5027,5027,167.567,NaN,NaN,NaN,NaN,NaN,0,610,497,57.547,46.887,471.500,44.481
5028,5028,167.600,NaN,NaN,NaN,NaN,NaN,0,610,497,57.547,46.887,471.500,44.481
5029,5029,167.633,NaN,NaN,NaN,NaN,NaN,0,610,497,57.547,46.887,471.500,44.481
5030,5030,167.667,NaN,NaN,NaN,NaN,NaN,0,610,497,57.547,46.887,471.500,44.481
5031,5031,167.700,NaN,NaN,NaN,NaN,NaN,0,610,497,57.547,46.887,471.500,44.481
5032,5032,167.733,NaN,NaN,NaN,NaN,NaN,0,610,497,57.547,46.887,471.500,44.481
5033,5033,167.767,NaN,NaN,NaN,NaN,NaN,0,610,497,57.547,46.887,471.500,44.481
5034,5034,167.800,NaN,NaN,NaN,NaN,NaN,0,610,497,57.547,46.887,471.500,44.481
5035,5035,167.833,NaN,NaN,NaN,NaN,NaN,0,610,497,57.547,46.887,471.500,44.481
5036,5036,167.867,NaN,NaN,NaN,NaN,NaN,0,610,497,57.547,46.887,471.500,44.481
5037,5037,167.900,NaN,NaN,NaN,NaN,NaN,0,610,497,57.547,46.887,471.500,44.481
5038,5038,167.933,NaN,NaN,NaN,NaN,NaN,0,610,497,57.547,46.887,471.500,44.481
5039,5039,167.967,NaN,NaN,NaN,NaN,NaN,0,610,497,57.547,46.887,471.500,44.481
5040,5040,168.000,NaN,NaN,NaN,NaN,NaN,0,610,497,57.547,46.887,471.500,44.481
5041,5041,168.033,NaN,NaN,NaN,NaN,NaN,0,610,497,57.547,46.887,471.500,44.481
5042,5042,168.067,NaN,NaN,NaN,NaN,NaN,0,610,497,57.547,46.887,471.500,44.481
5043,5043,168.100,NaN,NaN,NaN,NaN,NaN,0,610,497,57.547,46.887,471.500,44.481
5044,5044,168.133,NaN,NaN,NaN,NaN,NaN,0,610,497,57.547,46.887,471.500,44.481
5045,5045,168.167,NaN,NaN,NaN,NaN,NaN,0,610,497,57.547,46.887,471.500,44.481
5046,5046,168.200,NaN,NaN,NaN,NaN,NaN,0,610,497,57.547,46.887,471.500,44.481
5047,5047,168.233,NaN,NaN,NaN,NaN,NaN,0,610,497,57.547,46.887,471.500,44.481
5048,5048,168.267,NaN,NaN,NaN,NaN,NaN,0,610,497,57.547,46.887,471.500,44.481
5049,5049,168.300,NaN,NaN,NaN,NaN,NaN,0,610,497,57.547,46.887,471.500,44.481
5050,5050,168.333,NaN,NaN,NaN,NaN,NaN,0,610,497,57.547,46.887,471.500,44.481
5051,5051,168.367,NaN,NaN,NaN,NaN,NaN,0,610,497,57.547,46.887,471.500,44.481
5052,5052,168.400,NaN,NaN,NaN,NaN,NaN,0,610,497,57.547,46.887,471.500,44.481
5053,5053,168.433,NaN,NaN,NaN,NaN,NaN,0,610,497,57.547,46.887,471.500,44.481
5054,5054,168.467,NaN,NaN,NaN,NaN,NaN,0,610,497,57.547,46.887,471.500,44.481
5055,5055,168.500,NaN,NaN,NaN,NaN,NaN,0,610,497,57.547,46.887,471.500,44.481
5056,5056,168.533,NaN,NaN,NaN,NaN,NaN,0,610,497,57.547,46.887,471.500,44.481
5057,5057,168.567,NaN,NaN,NaN,NaN,NaN,0,610,497,57.547,46.887,471.500,44.481
5058,5058,168.600,NaN,NaN,NaN,NaN,NaN,0,610,497,57.547,46.887,471.500,44.481
5059,5059,168.633,NaN,NaN,NaN,NaN,NaN,0,610,497,57.547,46.887,471.500,44.481
5060,5060,168.667,NaN,NaN,NaN,NaN,NaN,0,610,497,57.547,46.887,471.500,44.481
5061,5061,168.700,NaN,NaN,NaN,NaN,NaN,0,610,497,57.547,46.887,471.500,44.481
5062,5062,168.733,NaN,NaN,NaN,NaN,NaN,0,610,497,57.547,46.887,471.500,44.481
5063,5063,168.767,NaN,NaN,NaN,NaN,NaN,0,610,497,57.547,46.887,471.500,44.481
5064,5064,168.800,NaN,NaN,NaN,NaN,NaN,0,610,497,57.547,46.887,471.500,44.481
5065,5065,168.833,NaN,NaN,NaN,NaN,NaN,0,610,497,57.547,46.887,471.500,44.481
5066,5066,168.867,NaN,NaN,NaN,NaN,NaN,0,610,497,57.547,46.887,471.500,44.481
5067,5067,168.900,NaN,NaN,NaN,NaN,NaN,0,610,497,57.547,46.887,471.500,44.481
5068,5068,168.933,NaN,NaN,NaN,NaN,NaN,0,610,497,57.547,46.887,471.500,44.481
5069,5069,168.967,NaN,NaN,NaN,NaN,NaN,0,610,497,57.547,46.887,471.500,44.481
5070,5070,169.000,NaN,NaN,NaN,NaN,NaN,0,610,497,57.547,46.887,471.500,44.481
5071,5071,169.033,NaN,NaN,NaN,NaN,NaN,0,610,497,57.547,46.887,471.500,44.481
5072,5072,169.067,NaN,NaN,NaN,NaN,NaN,0,610,497,57.547,46.887,471.500,44.481
5073,5073,169.100,NaN,NaN,NaN,NaN,NaN,0,610,497,57.547,46.887,471.500,44.481
5074,5074,169.133,NaN,NaN,NaN,NaN,NaN,0,610,497,57.547,46.887,471.500,44.481
5075,5075,169.167,NaN,NaN,NaN,NaN,NaN,0,610,497,57.547,46.887,471.500,44.481
5076,5076,169.200,NaN,NaN,NaN,NaN,NaN,0,610,497,57.547,46.887,471.500,44.481
5077,5077,169.233,NaN,NaN,NaN,NaN,NaN,0,610,497,57.547,46.887,471.500,44.481
5078,5078,169.267,NaN,NaN,NaN,NaN,NaN,0,610,497,57.547,46.887,471.500,44.481
5079,5079,169.300,NaN,NaN,NaN,NaN,NaN,0,610,497,57.547,46.887,471.500,44.481
5080,5080,169.333,NaN,NaN,NaN,NaN,NaN,0,610,497,57.547,46.887,471.500,44.481
5081,5081,169.367,NaN,NaN,NaN,NaN,NaN,0,610,497,57.547,46.887,471.500,44.481
5082,5082,169.400,NaN,NaN,NaN,NaN,NaN,0,610,497,57.547,46.887,471.500,44.481
5083,5083,169.433,NaN,NaN,NaN,NaN,NaN,0,610,497,57.547,46.887,471.500,44.481
5084,5084,169.467,NaN,NaN,NaN,NaN,NaN,0,610,497,57.547,46.887,471.500,44.481
5085,5085,169.500,NaN,NaN,NaN,NaN,NaN,0,610,497,57.547,46.887,471.500,44.481
5086,5086,169.533,NaN,NaN,NaN,NaN,NaN,0,610,497,57.547,46.887,471.500,44.481
5087,5087,169.567,NaN,NaN,NaN,NaN,NaN,0,610,497,57.547,46.887,471.500,44.481
5088,5088,169.600,NaN,NaN,NaN,NaN,NaN,0,610,497,57.547,46.887,471.500,44.481
5089,5089,169.633,NaN,NaN,NaN,NaN,NaN,0,610,497,57.547,46.887,471.500,44.481
5090,5090,169.667,NaN,NaN,NaN,NaN,NaN,0,610,497,57.547,46.887,471.500,44.481
5091,5091,169.700,NaN,NaN,NaN,NaN,NaN,0,610,497,57.547,46.887,471.500,44.481
5092,5092,169.733,NaN,NaN,NaN,NaN,NaN,0,610,497,57.547,46.887,471.500,44.481
5093,5093,169.767,NaN,NaN,NaN,NaN,NaN,0,610,497,57.547,46.887,471.500,44.481
5094,5094,169.800,NaN,NaN,NaN,NaN,NaN,0,610,497,57.547,46.887,471.500,44.481
5095,5095,169.833,NaN,NaN,NaN,NaN,NaN,0,610,497,57.547,46.887,471.500,44.481
5096,5096,169.867,NaN,NaN,NaN,NaN,NaN,0,610,497,57.547,46.887,471.500,44.481
5097,5097,169.900,NaN,NaN,NaN,NaN,NaN,0,610,497,57.547,46.887,471.500,44.481
5098,5098,169.933,NaN,NaN,NaN,NaN,NaN,0,610,497,57.547,46.887,471.500,44.481
5099,5099,169.967,NaN,NaN,NaN,NaN,NaN,0,610,497,57.547,46.887,471.500,44.481
5100,5100,170.000,NaN,NaN,NaN,NaN,NaN,0,610,497,57.547,46.887,471.500,44.481
5101,5101,170.033,NaN,NaN,NaN,NaN,NaN,0,610,497,57.547,46.887,471.500,44.481
5102,5102,170.067,NaN,NaN,NaN,NaN,NaN,0,610,497,57.547,46.887,471.500,44.481
5103,5103,170.100,NaN,NaN,NaN,NaN,NaN,0,610,497,57.547,46.887,471.500,44.481
5104,5104,170.133,NaN,NaN,NaN,NaN,NaN,0,610,497,57.547,46.887,471.500,44.481
5105,5105,170.167,NaN,NaN,NaN,NaN,NaN,0,610,497,57.547,46.887,471.500,44.481
5106,5106,170.200,NaN,NaN,NaN,NaN,NaN,0,610,497,57.547,46.887,471.500,44.481
5107,5107,170.233,NaN,NaN,NaN,NaN,NaN,0,610,497,57.547,46.887,471.500,44.481
5108,5108,170.267,NaN,NaN,NaN,NaN,NaN,0,610,497,57.547,46.887,471.500,44.481
5109,5109,170.300,NaN,NaN,NaN,NaN,NaN,0,610,497,57.547,46.887,471.500,44.481
5110,5110,170.333,NaN,NaN,NaN,NaN,NaN,0,610,497,57.547,46.887,471.500,44.481
5111,5111,170.367,NaN,NaN,NaN,NaN,NaN,0,610,497,57.547,46.887,471.500,44.481
5112,5112,170.400,NaN,NaN,NaN,NaN,NaN,0,610,497,57.547,46.887,471.500,44.481
5113,5113,170.433,NaN,NaN,NaN,NaN,NaN,0,610,497,57.547,46.887,471.500,44.481
5114,5114,170.467,NaN,NaN,NaN,NaN,NaN,0,610,497,57.547,46.887,471.500,44.481
5115,5115,170.500,NaN,NaN,NaN,NaN,NaN,0,610,497,57.547,46.887,471.500,44.481
5116,5116,170.533,NaN,NaN,NaN,NaN,NaN,0,610,497,57.547,46.887,471.500,44.481
5117,5117,170.567,NaN,NaN,NaN,NaN,NaN,0,610,497,57.547,46.887,471.500,44.481
5118,5118,170.600,NaN,NaN,NaN,NaN,NaN,0,610,497,57.547,46.887,471.500,44.481
5119,5119,170.633,NaN,NaN,NaN,NaN,NaN,0,610,497,57.547,46.887,471.500,44.481
5120,5120,170.667,NaN,NaN,NaN,NaN,NaN,0,610,497,57.547,46.887,471.500,44.481
5121,5121,170.700,NaN,NaN,NaN,NaN,NaN,0,610,497,57.547,46.887,471.500,44.481
5122,5122,170.733,NaN,NaN,NaN,NaN,NaN,0,610,497,57.547,46.887,471.500,44.481
5123,5123,170.767,NaN,NaN,NaN,NaN,NaN,0,610,497,57.547,46.887,471.500,44.481
5124,5124,170.800,NaN,NaN,NaN,NaN,NaN,0,610,497,57.547,46.887,471.500,44.481
5125,5125,170.833,NaN,NaN,NaN,NaN,NaN,0,610,497,57.547,46.887,471.500,44.481
5126,5126,170.867,NaN,NaN,NaN,NaN,NaN,0,610,497,57.547,46.887,471.500,44.481
5127,5127,170.900,NaN,NaN,NaN,NaN,NaN,0,610,497,57.547,46.887,471.500,44.481
5128,5128,170.933,NaN,NaN,NaN,NaN,NaN,0,610,497,57.547,46.887,471.500,44.481
5129,5129,170.967,NaN,NaN,NaN,NaN,NaN,0,610,497,57.547,46.887,471.500,44.481
5130,5130,171.000,NaN,NaN,NaN,NaN,NaN,0,610,497,57.547,46.887,471.500,44.481
5131,5131,171.033,NaN,NaN,NaN,NaN,NaN,0,610,497,57.547,46.887,471.500,44.481
5132,5132,171.067,NaN,NaN,NaN,NaN,NaN,0,610,497,57.547,46.887,471.500,44.481
5133,5133,171.100,NaN,NaN,NaN,NaN,NaN,0,610,497,57.547,46.887,471.500,44.481
5134,5134,171.133,NaN,NaN,NaN,NaN,NaN,0,610,497,57.547,46.887,471.500,44.481
5135,5135,171.167,NaN,NaN,NaN,NaN,NaN,0,610,497,57.547,46.887,471.500,44.481
5136,5136,171.200,NaN,NaN,NaN,NaN,NaN,0,610,497,57.547,46.887,471.500,44.481
5137,5137,171.233,NaN,NaN,NaN,NaN,NaN,0,610,497,57.547,46.887,471.500,44.481
5138,5138,171.267,NaN,NaN,NaN,NaN,NaN,0,610,497,57.547,46.887,471.500,44.481
5139,5139,171.300,NaN,NaN,NaN,NaN,NaN,0,610,497,57.547,46.887,471.500,44.481
5140,5140,171.333,NaN,NaN,NaN,NaN,NaN,0,610,497,57.547,46.887,471.500,44.481
5141,5141,171.367,NaN,NaN,NaN,NaN,NaN,0,610,497,57.547,46.887,471.500,44.481
5142,5142,171.400,NaN,NaN,NaN,NaN,NaN,0,610,497,57.547,46.887,471.500,44.481
5143,5143,171.433,NaN,NaN,NaN,NaN,NaN,0,610,497,57.547,46.887,471.500,44.481
5144,5144,171.467,NaN,NaN,NaN,NaN,NaN,0,610,497,57.547,46.887,471.500,44.481
5145,5145,171.500,NaN,NaN,NaN,NaN,NaN,0,610,497,57.547,46.887,471.500,44.481
5146,5146,171.533,NaN,NaN,NaN,NaN,NaN,0,610,497,57.547,46.887,471.500,44.481
5147,5147,171.567,NaN,NaN,NaN,NaN,NaN,0,610,497,57.547,46.887,471.500,44.481
5148,5148,171.600,NaN,NaN,NaN,NaN,NaN,0,610,497,57.547,46.887,471.500,44.481
5149,5149,171.633,NaN,NaN,NaN,NaN,NaN,0,610,497,57.547,46.887,471.500,44.481
5150,5150,171.667,NaN,NaN,NaN,NaN,NaN,0,610,497,57.547,46.887,471.500,44.481
5151,5151,171.700,NaN,NaN,NaN,NaN,NaN,0,610,497,57.547,46.887,471.500,44.481
5152,5152,171.733,NaN,NaN,NaN,NaN,NaN,0,610,497,57.547,46.887,471.500,44.481
5153,5153,171.767,NaN,NaN,NaN,NaN,NaN,0,610,497,57.547,46.887,471.500,44.481
5154,5154,171.800,NaN,NaN,NaN,NaN,NaN,0,610,497,57.547,46.887,471.500,44.481
5155,5155,171.833,NaN,NaN,NaN,NaN,NaN,0,610,497,57.547,46.887,471.500,44.481
5156,5156,171.867,NaN,NaN,NaN,NaN,NaN,0,610,497,57.547,46.887,471.500,44.481
5157,5157,171.900,NaN,NaN,NaN,NaN,NaN,0,610,497,57.547,46.887,471.500,44.481
5158,5158,171.933,NaN,NaN,NaN,NaN,NaN,0,610,497,57.547,46.887,471.500,44.481
5159,5159,171.967,NaN,NaN,NaN,NaN,NaN,0,610,497,57.547,46.887,471.500,44.481
5160,5160,172.000,NaN,NaN,NaN,NaN,NaN,0,610,497,57.547,46.887,471.500,44.481
5161,5161,172.033,NaN,NaN,NaN,NaN,NaN,0,610,497,57.547,46.887,471.500,44.481
5162,5162,172.067,NaN,NaN,NaN,NaN,NaN,0,610,497,57.547,46.887,471.500,44.481
5163,5163,172.100,NaN,NaN,NaN,NaN,NaN,0,610,497,57.547,46.887,471.500,44.481
5164,5164,172.133,NaN,NaN,NaN,NaN,NaN,0,610,497,57.547,46.887,471.500,44.481
5165,5165,172.167,NaN,NaN,NaN,NaN,NaN,0,610,497,57.547,46.887,471.500,44.481
5166,5166,172.200,NaN,NaN,NaN,NaN,NaN,0,610,497,57.547,46.887,471.500,44.481
5167,5167,172.233,NaN,NaN,NaN,NaN,NaN,0,610,497,57.547,46.887,471.500,44.481
5168,5168,172.267,NaN,NaN,NaN,NaN,NaN,0,610,497,57.547,46.887,471.500,44.481
5169,5169,172.300,NaN,NaN,NaN,NaN,NaN,0,610,497,57.547,46.887,471.500,44.481
5170,5170,172.333,NaN,NaN,NaN,NaN,NaN,0,610,497,57.547,46.887,471.500,44.481
5171,5171,172.367,NaN,NaN,NaN,NaN,NaN,0,610,497,57.547,46.887,471.500,44.481
5172,5172,172.400,NaN,NaN,NaN,NaN,NaN,0,610,497,57.547,46.887,471.500,44.481
5173,5173,172.433,NaN,NaN,NaN,NaN,NaN,0,610,497,57.547,46.887,471.500,44.481
5174,5174,172.467,NaN,NaN,NaN,NaN,NaN,0,610,497,57.547,46.887,471.500,44.481
5175,5175,172.500,NaN,NaN,NaN,NaN,NaN,0,610,497,57.547,46.887,471.500,44.481
5176,5176,172.533,NaN,NaN,NaN,NaN,NaN,0,610,497,57.547,46.887,471.500,44.481
5177,5177,172.567,NaN,NaN,NaN,NaN,NaN,0,610,497,57.547,46.887,471.500,44.481
5178,5178,172.600,NaN,NaN,NaN,NaN,NaN,0,610,497,57.547,46.887,471.500,44.481
5179,5179,172.633,NaN,NaN,NaN,NaN,NaN,0,610,497,57.547,46.887,471.500,44.481
5180,5180,172.667,NaN,NaN,NaN,NaN,NaN,0,610,497,57.547,46.887,471.500,44.481
5181,5181,172.700,NaN,NaN,NaN,NaN,NaN,0,610,497,57.547,46.887,471.500,44.481
5182,5182,172.733,NaN,NaN,NaN,NaN,NaN,0,610,497,57.547,46.887,471.500,44.481
5183,5183,172.767,NaN,NaN,NaN,NaN,NaN,0,610,497,57.547,46.887,471.500,44.481
5184,5184,172.800,NaN,NaN,NaN,NaN,NaN,0,610,497,57.547,46.887,471.500,44.481
5185,5185,172.833,NaN,NaN,NaN,NaN,NaN,0,610,497,57.547,46.887,471.500,44.481
5186,5186,172.867,NaN,NaN,NaN,NaN,NaN,0,610,497,57.547,46.887,471.500,44.481
5187,5187,172.900,NaN,NaN,NaN,NaN,NaN,0,610,497,57.547,46.887,471.500,44.481
5188,5188,172.933,NaN,NaN,NaN,NaN,NaN,0,610,497,57.547,46.887,471.500,44.481
5189,5189,172.967,NaN,NaN,NaN,NaN,NaN,0,610,497,57.547,46.887,471.500,44.481
5190,5190,173.000,NaN,NaN,NaN,NaN,NaN,0,610,497,57.547,46.887,471.500,44.481
5191,5191,173.033,NaN,NaN,NaN,NaN,NaN,0,610,497,57.547,46.887,471.500,44.481
5192,5192,173.067,NaN,NaN,NaN,NaN,NaN,0,610,497,57.547,46.887,471.500,44.481
5193,5193,173.100,NaN,NaN,NaN,NaN,NaN,0,610,497,57.547,46.887,471.500,44.481
5194,5194,173.133,NaN,NaN,NaN,NaN,NaN,0,610,497,57.547,46.887,471.500,44.481
5195,5195,173.167,NaN,NaN,NaN,NaN,NaN,0,610,497,57.547,46.887,471.500,44.481
5196,5196,173.200,NaN,NaN,NaN,NaN,NaN,0,610,497,57.547,46.887,471.500,44.481
5197,5197,173.233,NaN,NaN,NaN,NaN,NaN,0,610,497,57.547,46.887,471.500,44.481
5198,5198,173.267,NaN,NaN,NaN,NaN,NaN,0,610,497,57.547,46.887,471.500,44.481
5199,5199,173.300,NaN,NaN,NaN,NaN,NaN,0,610,497,57.547,46.887,471.500,44.481
5200,5200,173.333,NaN,NaN,NaN,NaN,NaN,0,610,497,57.547,46.887,471.500,44.481
5201,5201,173.367,NaN,NaN,NaN,NaN,NaN,0,610,497,57.547,46.887,471.500,44.481
5202,5202,173.400,NaN,NaN,NaN,NaN,NaN,0,610,497,57.547,46.887,471.500,44.481
5203,5203,173.433,NaN,NaN,NaN,NaN,NaN,0,610,497,57.547,46.887,471.500,44.481
5204,5204,173.467,NaN,NaN,NaN,NaN,NaN,0,610,497,57.547,46.887,471.500,44.481
5205,5205,173.500,NaN,NaN,NaN,NaN,NaN,0,610,497,57.547,46.887,471.500,44.481
5206,5206,173.533,NaN,NaN,NaN,NaN,NaN,0,610,497,57.547,46.887,471.500,44.481
5207,5207,173.567,NaN,NaN,NaN,NaN,NaN,0,610,497,57.547,46.887,471.500,44.481
5208,5208,173.600,NaN,NaN,NaN,NaN,NaN,0,610,497,57.547,46.887,471.500,44.481
5209,5209,173.633,NaN,NaN,NaN,NaN,NaN,0,610,497,57.547,46.887,471.500,44.481
5210,5210,173.667,NaN,NaN,NaN,NaN,NaN,0,610,497,57.547,46.887,471.500,44.481
5211,5211,173.700,NaN,NaN,NaN,NaN,NaN,0,610,497,57.547,46.887,471.500,44.481
5212,5212,173.733,NaN,NaN,NaN,NaN,NaN,0,610,497,57.547,46.887,471.500,44.481
5213,5213,173.767,NaN,NaN,NaN,NaN,NaN,0,610,497,57.547,46.887,471.500,44.481
5214,5214,173.800,NaN,NaN,NaN,NaN,NaN,0,610,497,57.547,46.887,471.500,44.481
5215,5215,173.833,NaN,NaN,NaN,NaN,NaN,0,610,497,57.547,46.887,471.500,44.481
5216,5216,173.867,NaN,NaN,NaN,NaN,NaN,0,610,497,57.547,46.887,471.500,44.481
5217,5217,173.900,NaN,NaN,NaN,NaN,NaN,0,610,497,57.547,46.887,471.500,44.481
5218,5218,173.933,NaN,NaN,NaN,NaN,NaN,0,610,497,57.547,46.887,471.500,44.481
5219,5219,173.967,NaN,NaN,NaN,NaN,NaN,0,610,497,57.547,46.887,471.500,44.481
5220,5220,174.000,NaN,NaN,NaN,NaN,NaN,0,610,497,57.547,46.887,471.500,44.481
5221,5221,174.033,NaN,NaN,NaN,NaN,NaN,0,610,497,57.547,46.887,471.500,44.481
5222,5222,174.067,NaN,NaN,NaN,NaN,NaN,0,610,497,57.547,46.887,471.500,44.481
5223,5223,174.100,NaN,NaN,NaN,NaN,NaN,0,610,497,57.547,46.887,471.500,44.481
5224,5224,174.133,NaN,NaN,NaN,NaN,NaN,0,610,497,57.547,46.887,471.500,44.481
5225,5225,174.167,NaN,NaN,NaN,NaN,NaN,0,610,497,57.547,46.887,471.500,44.481
5226,5226,174.200,NaN,NaN,NaN,NaN,NaN,0,610,497,57.547,46.887,471.500,44.481
5227,5227,174.233,NaN,NaN,NaN,NaN,NaN,0,610,497,57.547,46.887,471.500,44.481
5228,5228,174.267,NaN,NaN,NaN,NaN,NaN,0,610,497,57.547,46.887,471.500,44.481
5229,5229,174.300,NaN,NaN,NaN,NaN,NaN,0,610,497,57.547,46.887,471.500,44.481
5230,5230,174.333,NaN,NaN,NaN,NaN,NaN,0,610,497,57.547,46.887,471.500,44.481
5231,5231,174.367,NaN,NaN,NaN,NaN,NaN,0,610,497,57.547,46.887,471.500,44.481
5232,5232,174.400,NaN,NaN,NaN,NaN,NaN,0,610,497,57.547,46.887,471.500,44.481
5233,5233,174.433,NaN,NaN,NaN,NaN,NaN,0,610,497,57.547,46.887,471.500,44.481
5234,5234,174.467,NaN,NaN,NaN,NaN,NaN,0,610,497,57.547,46.887,471.500,44.481
5235,5235,174.500,NaN,NaN,NaN,NaN,NaN,0,610,497,57.547,46.887,471.500,44.481
5236,5236,174.533,NaN,NaN,NaN,NaN,NaN,0,610,497,57.547,46.887,471.500,44.481
5237,5237,174.567,NaN,NaN,NaN,NaN,NaN,0,610,497,57.547,46.887,471.500,44.481
5238,5238,174.600,NaN,NaN,NaN,NaN,NaN,0,610,497,57.547,46.887,471.500,44.481
5239,5239,174.633,NaN,NaN,NaN,NaN,NaN,0,610,497,57.547,46.887,471.500,44.481
5240,5240,174.667,NaN,NaN,NaN,NaN,NaN,0,610,497,57.547,46.887,471.500,44.481
5241,5241,174.700,NaN,NaN,NaN,NaN,NaN,0,610,497,57.547,46.887,471.500,44.481
5242,5242,174.733,NaN,NaN,NaN,NaN,NaN,0,610,497,57.547,46.887,471.500,44.481
5243,5243,174.767,NaN,NaN,NaN,NaN,NaN,0,610,497,57.547,46.887,471.500,44.481
5244,5244,174.800,NaN,NaN,NaN,NaN,NaN,0,610,497,57.547,46.887,471.500,44.481
5245,5245,174.833,NaN,NaN,NaN,NaN,NaN,0,610,497,57.547,46.887,471.500,44.481
5246,5246,174.867,NaN,NaN,NaN,NaN,NaN,0,610,497,57.547,46.887,471.500,44.481
5247,5247,174.900,NaN,NaN,NaN,NaN,NaN,0,610,497,57.547,46.887,471.500,44.481
5248,5248,174.933,NaN,NaN,NaN,NaN,NaN,0,610,497,57.547,46.887,471.500,44.481
5249,5249,174.967,NaN,NaN,NaN,NaN,NaN,0,610,497,57.547,46.887,471.500,44.481
5250,5250,175.000,NaN,NaN,NaN,NaN,NaN,0,610,497,57.547,46.887,471.500,44.481
5251,5251,175.033,NaN,NaN,NaN,NaN,NaN,0,610,497,57.547,46.887,471.500,44.481
5252,5252,175.067,NaN,NaN,NaN,NaN,NaN,0,610,497,57.547,46.887,471.500,44.481
5253,5253,175.100,NaN,NaN,NaN,NaN,NaN,0,610,497,57.547,46.887,471.500,44.481
5254,5254,175.133,NaN,NaN,NaN,NaN,NaN,0,610,497,57.547,46.887,471.500,44.481
5255,5255,175.167,NaN,NaN,NaN,NaN,NaN,0,610,497,57.547,46.887,471.500,44.481
5256,5256,175.200,NaN,NaN,NaN,NaN,NaN,0,610,497,57.547,46.887,471.500,44.481
5257,5257,175.233,NaN,NaN,NaN,NaN,NaN,0,610,497,57.547,46.887,471.500,44.481
5258,5258,175.267,NaN,NaN,NaN,NaN,NaN,0,610,497,57.547,46.887,471.500,44.481
5259,5259,175.300,NaN,NaN,NaN,NaN,NaN,0,610,497,57.547,46.887,471.500,44.481
5260,5260,175.333,NaN,NaN,NaN,NaN,NaN,0,610,497,57.547,46.887,471.500,44.481
5261,5261,175.367,NaN,NaN,NaN,NaN,NaN,0,610,497,57.547,46.887,471.500,44.481
5262,5262,175.400,NaN,NaN,NaN,NaN,NaN,0,610,497,57.547,46.887,471.500,44.481
5263,5263,175.433,NaN,NaN,NaN,NaN,NaN,0,610,497,57.547,46.887,471.500,44.481
5264,5264,175.467,NaN,NaN,NaN,NaN,NaN,0,610,497,57.547,46.887,471.500,44.481
5265,5265,175.500,NaN,NaN,NaN,NaN,NaN,0,610,497,57.547,46.887,471.500,44.481
5266,5266,175.533,NaN,NaN,NaN,NaN,NaN,0,610,497,57.547,46.887,471.500,44.481
5267,5267,175.567,NaN,NaN,NaN,NaN,NaN,0,610,497,57.547,46.887,471.500,44.481
5268,5268,175.600,NaN,NaN,NaN,NaN,NaN,0,610,497,57.547,46.887,471.500,44.481
5269,5269,175.633,NaN,NaN,NaN,NaN,NaN,0,610,497,57.547,46.887,471.500,44.481
5270,5270,175.667,NaN,NaN,NaN,NaN,NaN,0,610,497,57.547,46.887,471.500,44.481
5271,5271,175.700,NaN,NaN,NaN,NaN,NaN,0,610,497,57.547,46.887,471.500,44.481
5272,5272,175.733,NaN,NaN,NaN,NaN,NaN,0,610,497,57.547,46.887,471.500,44.481
5273,5273,175.767,NaN,NaN,NaN,NaN,NaN,0,610,497,57.547,46.887,471.500,44.481
5274,5274,175.800,NaN,NaN,NaN,NaN,NaN,0,610,497,57.547,46.887,471.500,44.481
5275,5275,175.833,NaN,NaN,NaN,NaN,NaN,0,610,497,57.547,46.887,471.500,44.481
5276,5276,175.867,NaN,NaN,NaN,NaN,NaN,0,610,497,57.547,46.887,471.500,44.481
5277,5277,175.900,NaN,NaN,NaN,NaN,NaN,0,610,497,57.547,46.887,471.500,44.481
5278,5278,175.933,NaN,NaN,NaN,NaN,NaN,0,610,497,57.547,46.887,471.500,44.481
5279,5279,175.967,NaN,NaN,NaN,NaN,NaN,0,610,497,57.547,46.887,471.500,44.481
5280,5280,176.000,NaN,NaN,NaN,NaN,NaN,0,610,497,57.547,46.887,471.500,44.481
5281,5281,176.033,NaN,NaN,NaN,NaN,NaN,0,610,497,57.547,46.887,471.500,44.481
5282,5282,176.067,NaN,NaN,NaN,NaN,NaN,0,610,497,57.547,46.887,471.500,44.481
5283,5283,176.100,NaN,NaN,NaN,NaN,NaN,0,610,497,57.547,46.887,471.500,44.481
5284,5284,176.133,NaN,NaN,NaN,NaN,NaN,0,610,497,57.547,46.887,471.500,44.481
5285,5285,176.167,NaN,NaN,NaN,NaN,NaN,0,610,497,57.547,46.887,471.500,44.481
5286,5286,176.200,NaN,NaN,NaN,NaN,NaN,0,610,497,57.547,46.887,471.500,44.481
5287,5287,176.233,NaN,NaN,NaN,NaN,NaN,0,610,497,57.547,46.887,471.500,44.481
5288,5288,176.267,NaN,NaN,NaN,NaN,NaN,0,610,497,57.547,46.887,471.500,44.481
5289,5289,176.300,NaN,NaN,NaN,NaN,NaN,0,610,497,57.547,46.887,471.500,44.481
5290,5290,176.333,NaN,NaN,NaN,NaN,NaN,0,610,497,57.547,46.887,471.500,44.481
5291,5291,176.367,NaN,NaN,NaN,NaN,NaN,0,610,497,57.547,46.887,471.500,44.481
5292,5292,176.400,NaN,NaN,NaN,NaN,NaN,0,610,497,57.547,46.887,471.500,44.481
5293,5293,176.433,NaN,NaN,NaN,NaN,NaN,0,610,497,57.547,46.887,471.500,44.481
5294,5294,176.467,NaN,NaN,NaN,NaN,NaN,0,610,497,57.547,46.887,471.500,44.481
5295,5295,176.500,NaN,NaN,NaN,NaN,NaN,0,610,497,57.547,46.887,471.500,44.481
5296,5296,176.533,NaN,NaN,NaN,NaN,NaN,0,610,497,57.547,46.887,471.500,44.481
5297,5297,176.567,NaN,NaN,NaN,NaN,NaN,0,610,497,57.547,46.887,471.500,44.481
5298,5298,176.600,NaN,NaN,NaN,NaN,NaN,0,610,497,57.547,46.887,471.500,44.481
5299,5299,176.633,NaN,NaN,NaN,NaN,NaN,0,610,497,57.547,46.887,471.500,44.481
5300,5300,176.667,NaN,NaN,NaN,NaN,NaN,0,610,497,57.547,46.887,471.500,44.481
5301,5301,176.700,NaN,NaN,NaN,NaN,NaN,0,610,497,57.547,46.887,471.500,44.481
5302,5302,176.733,NaN,NaN,NaN,NaN,NaN,0,610,497,57.547,46.887,471.500,44.481
5303,5303,176.767,NaN,NaN,NaN,NaN,NaN,0,610,497,57.547,46.887,471.500,44.481
5304,5304,176.800,NaN,NaN,NaN,NaN,NaN,0,610,497,57.547,46.887,471.500,44.481
5305,5305,176.833,NaN,NaN,NaN,NaN,NaN,0,610,497,57.547,46.887,471.500,44.481
5306,5306,176.867,NaN,NaN,NaN,NaN,NaN,0,610,497,57.547,46.887,471.500,44.481
5307,5307,176.900,NaN,NaN,NaN,NaN,NaN,0,610,497,57.547,46.887,471.500,44.481
5308,5308,176.933,NaN,NaN,NaN,NaN,NaN,0,610,497,57.547,46.887,471.500,44.481
5309,5309,176.967,NaN,NaN,NaN,NaN,NaN,0,610,497,57.547,46.887,471.500,44.481
5310,5310,177.000,NaN,NaN,NaN,NaN,NaN,0,610,497,57.547,46.887,471.500,44.481
5311,5311,177.033,NaN,NaN,NaN,NaN,NaN,0,610,497,57.547,46.887,471.500,44.481
5312,5312,177.067,NaN,NaN,NaN,NaN,NaN,0,610,497,57.547,46.887,471.500,44.481
5313,5313,177.100,NaN,NaN,NaN,NaN,NaN,0,610,497,57.547,46.887,471.500,44.481
5314,5314,177.133,NaN,NaN,NaN,NaN,NaN,0,610,497,57.547,46.887,471.500,44.481
5315,5315,177.167,NaN,NaN,NaN,NaN,NaN,0,610,497,57.547,46.887,471.500,44.481
5316,5316,177.200,NaN,NaN,NaN,NaN,NaN,0,610,497,57.547,46.887,471.500,44.481
5317,5317,177.233,NaN,NaN,NaN,NaN,NaN,0,610,497,57.547,46.887,471.500,44.481
5318,5318,177.267,NaN,NaN,NaN,NaN,NaN,0,610,497,57.547,46.887,471.500,44.481
5319,5319,177.300,NaN,NaN,NaN,NaN,NaN,0,610,497,57.547,46.887,471.500,44.481
5320,5320,177.333,NaN,NaN,NaN,NaN,NaN,0,610,497,57.547,46.887,471.500,44.481
5321,5321,177.367,NaN,NaN,NaN,NaN,NaN,0,610,497,57.547,46.887,471.500,44.481
5322,5322,177.400,NaN,NaN,NaN,NaN,NaN,0,610,497,57.547,46.887,471.500,44.481
5323,5323,177.433,NaN,NaN,NaN,NaN,NaN,0,610,497,57.547,46.887,471.500,44.481
5324,5324,177.467,NaN,NaN,NaN,NaN,NaN,0,610,497,57.547,46.887,471.500,44.481
5325,5325,177.500,NaN,NaN,NaN,NaN,NaN,0,610,497,57.547,46.887,471.500,44.481
5326,5326,177.533,NaN,NaN,NaN,NaN,NaN,0,610,497,57.547,46.887,471.500,44.481
5327,5327,177.567,NaN,NaN,NaN,NaN,NaN,0,610,497,57.547,46.887,471.500,44.481
5328,5328,177.600,NaN,NaN,NaN,NaN,NaN,0,610,497,57.547,46.887,471.500,44.481
5329,5329,177.633,NaN,NaN,NaN,NaN,NaN,0,610,497,57.547,46.887,471.500,44.481
5330,5330,177.667,NaN,NaN,NaN,NaN,NaN,0,610,497,57.547,46.887,471.500,44.481
5331,5331,177.700,NaN,NaN,NaN,NaN,NaN,0,610,497,57.547,46.887,471.500,44.481
5332,5332,177.733,NaN,NaN,NaN,NaN,NaN,0,610,497,57.547,46.887,471.500,44.481
5333,5333,177.767,NaN,NaN,NaN,NaN,NaN,0,610,497,57.547,46.887,471.500,44.481
5334,5334,177.800,NaN,NaN,NaN,NaN,NaN,0,610,497,57.547,46.887,471.500,44.481
5335,5335,177.833,NaN,NaN,NaN,NaN,NaN,0,610,497,57.547,46.887,471.500,44.481
5336,5336,177.867,NaN,NaN,NaN,NaN,NaN,0,610,497,57.547,46.887,471.500,44.481
5337,5337,177.900,NaN,NaN,NaN,NaN,NaN,0,610,497,57.547,46.887,471.500,44.481
5338,5338,177.933,NaN,NaN,NaN,NaN,NaN,0,610,497,57.547,46.887,471.500,44.481
5339,5339,177.967,NaN,NaN,NaN,NaN,NaN,0,610,497,57.547,46.887,471.500,44.481
5340,5340,178.000,NaN,NaN,NaN,NaN,NaN,0,610,497,57.547,46.887,471.500,44.481
5341,5341,178.033,NaN,NaN,NaN,NaN,NaN,0,610,497,57.547,46.887,471.500,44.481
5342,5342,178.067,NaN,NaN,NaN,NaN,NaN,0,610,497,57.547,46.887,471.500,44.481
5343,5343,178.100,NaN,NaN,NaN,NaN,NaN,0,610,497,57.547,46.887,471.500,44.481
5344,5344,178.133,NaN,NaN,NaN,NaN,NaN,0,610,497,57.547,46.887,471.500,44.481
5345,5345,178.167,NaN,NaN,NaN,NaN,NaN,0,610,497,57.547,46.887,471.500,44.481
5346,5346,178.200,NaN,NaN,NaN,NaN,NaN,0,610,497,57.547,46.887,471.500,44.481
5347,5347,178.233,NaN,NaN,NaN,NaN,NaN,0,610,497,57.547,46.887,471.500,44.481
5348,5348,178.267,NaN,NaN,NaN,NaN,NaN,0,610,497,57.547,46.887,471.500,44.481
5349,5349,178.300,NaN,NaN,NaN,NaN,NaN,0,610,497,57.547,46.887,471.500,44.481
5350,5350,178.333,NaN,NaN,NaN,NaN,NaN,0,610,497,57.547,46.887,471.500,44.481
5351,5351,178.367,NaN,NaN,NaN,NaN,NaN,0,610,497,57.547,46.887,471.500,44.481
5352,5352,178.400,NaN,NaN,NaN,NaN,NaN,0,610,497,57.547,46.887,471.500,44.481
5353,5353,178.433,NaN,NaN,NaN,NaN,NaN,0,610,497,57.547,46.887,471.500,44.481
5354,5354,178.467,NaN,NaN,NaN,NaN,NaN,0,610,497,57.547,46.887,471.500,44.481
5355,5355,178.500,NaN,NaN,NaN,NaN,NaN,0,610,497,57.547,46.887,471.500,44.481
5356,5356,178.533,NaN,NaN,NaN,NaN,NaN,0,610,497,57.547,46.887,471.500,44.481
5357,5357,178.567,NaN,NaN,NaN,NaN,NaN,0,610,497,57.547,46.887,471.500,44.481
5358,5358,178.600,NaN,NaN,NaN,NaN,NaN,0,610,497,57.547,46.887,471.500,44.481
5359,5359,178.633,NaN,NaN,NaN,NaN,NaN,0,610,497,57.547,46.887,471.500,44.481
5360,5360,178.667,NaN,NaN,NaN,NaN,NaN,0,610,497,57.547,46.887,471.500,44.481
5361,5361,178.700,NaN,NaN,NaN,NaN,NaN,0,610,497,57.547,46.887,471.500,44.481
5362,5362,178.733,NaN,NaN,NaN,NaN,NaN,0,610,497,57.547,46.887,471.500,44.481
5363,5363,178.767,NaN,NaN,NaN,NaN,NaN,0,610,497,57.547,46.887,471.500,44.481
5364,5364,178.800,NaN,NaN,NaN,NaN,NaN,0,610,497,57.547,46.887,471.500,44.481
5365,5365,178.833,NaN,NaN,NaN,NaN,NaN,0,610,497,57.547,46.887,471.500,44.481
5366,5366,178.867,NaN,NaN,NaN,NaN,NaN,0,610,497,57.547,46.887,471.500,44.481
5367,5367,178.900,NaN,NaN,NaN,NaN,NaN,0,610,497,57.547,46.887,471.500,44.481
5368,5368,178.933,NaN,NaN,NaN,NaN,NaN,0,610,497,57.547,46.887,471.500,44.481
5369,5369,178.967,NaN,NaN,NaN,NaN,NaN,0,610,497,57.547,46.887,471.500,44.481
5370,5370,179.000,NaN,NaN,NaN,NaN,NaN,0,610,497,57.547,46.887,471.500,44.481
5371,5371,179.033,NaN,NaN,NaN,NaN,NaN,0,610,497,57.547,46.887,471.500,44.481
5372,5372,179.067,NaN,NaN,NaN,NaN,NaN,0,610,497,57.547,46.887,471.500,44.481
5373,5373,179.100,NaN,NaN,NaN,NaN,NaN,0,610,497,57.547,46.887,471.500,44.481
5374,5374,179.133,NaN,NaN,NaN,NaN,NaN,0,610,497,57.547,46.887,471.500,44.481
5375,5375,179.167,NaN,NaN,NaN,NaN,NaN,0,610,497,57.547,46.887,471.500,44.481
5376,5376,179.200,NaN,NaN,NaN,NaN,NaN,0,610,497,57.547,46.887,471.500,44.481
5377,5377,179.233,NaN,NaN,NaN,NaN,NaN,0,610,497,57.547,46.887,471.500,44.481
5378,5378,179.267,NaN,NaN,NaN,NaN,NaN,0,610,497,57.547,46.887,471.500,44.481
5379,5379,179.300,NaN,NaN,NaN,NaN,NaN,0,610,497,57.547,46.887,471.500,44.481
5380,5380,179.333,NaN,NaN,NaN,NaN,NaN,0,610,497,57.547,46.887,471.500,44.481
5381,5381,179.367,NaN,NaN,NaN,NaN,NaN,0,610,497,57.547,46.887,471.500,44.481
5382,5382,179.400,NaN,NaN,NaN,NaN,NaN,0,610,497,57.547,46.887,471.500,44.481
5383,5383,179.433,NaN,NaN,NaN,NaN,NaN,0,610,497,57.547,46.887,471.500,44.481
5384,5384,179.467,NaN,NaN,NaN,NaN,NaN,0,610,497,57.547,46.887,471.500,44.481
5385,5385,179.500,NaN,NaN,NaN,NaN,NaN,0,610,497,57.547,46.887,471.500,44.481
5386,5386,179.533,NaN,NaN,NaN,NaN,NaN,0,610,497,57.547,46.887,471.500,44.481
5387,5387,179.567,NaN,NaN,NaN,NaN,NaN,0,610,497,57.547,46.887,471.500,44.481
5388,5388,179.600,NaN,NaN,NaN,NaN,NaN,0,610,497,57.547,46.887,471.500,44.481
5389,5389,179.633,NaN,NaN,NaN,NaN,NaN,0,610,497,57.547,46.887,471.500,44.481
5390,5390,179.667,NaN,NaN,NaN,NaN,NaN,0,610,497,57.547,46.887,471.500,44.481
5391,5391,179.700,NaN,NaN,NaN,NaN,NaN,0,610,497,57.547,46.887,471.500,44.481
5392,5392,179.733,NaN,NaN,NaN,NaN,NaN,0,610,497,57.547,46.887,471.500,44.481
5393,5393,179.767,NaN,NaN,NaN,NaN,NaN,0,610,497,57.547,46.887,471.500,44.481
5394,5394,179.800,NaN,NaN,NaN,NaN,NaN,0,610,497,57.547,46.887,471.500,44.481
5395,5395,179.833,NaN,NaN,NaN,NaN,NaN,0,610,497,57.547,46.887,471.500,44.481
5396,5396,179.867,NaN,NaN,NaN,NaN,NaN,0,610,497,57.547,46.887,471.500,44.481
5397,5397,179.900,NaN,NaN,NaN,NaN,NaN,0,610,497,57.547,46.887,471.500,44.481
5398,5398,179.933,NaN,NaN,NaN,NaN,NaN,0,610,497,57.547,46.887,471.500,44.481
5399,5399,179.967,NaN,NaN,NaN,NaN,NaN,0,610,497,57.547,46.887,471.500,44.481
5400,5400,180.000,NaN,NaN,NaN,NaN,NaN,0,610,497,57.547,46.887,471.500,44.481
5401,5401,180.033,NaN,NaN,NaN,NaN,NaN,0,610,497,57.547,46.887,471.500,44.481
5402,5402,180.067,NaN,NaN,NaN,NaN,NaN,0,610,497,57.547,46.887,471.500,44.481
5403,5403,180.100,NaN,NaN,NaN,NaN,NaN,0,610,497,57.547,46.887,471.500,44.481
