 ,Frame,Time_s,X_px,Y_px,X_mm,Y_mm,Area_px,Detected,Arena_center_X_px,Arena_center_Y_px,Arena_center_X_mm,Arena_center_Y_mm,Arena_radius_px,Arena_radius_mm
1,1,0.033,584.396,494.115,55.657,47.059,293,1,577,482,54.952,45.905,470.500,44.810
2,2,0.067,584.396,494.115,55.657,47.059,293,1,577,482,54.952,45.905,470.500,44.810
3,3,0.100,584.396,494.115,55.657,47.059,293,1,577,482,54.952,45.905,470.500,44.810
4,4,0.133,584.353,493.678,55.653,47.017,296,1,577,482,54.952,45.905,470.500,44.810
5,5,0.167,584.729,493.143,55.689,46.966,303,1,577,482,54.952,45.905,470.500,44.810
6,6,0.200,584.692,493.402,55.685,46.991,314,1,577,482,54.952,45.905,470.500,44.810
7,7,0.233,584.965,492.665,55.711,46.920,334,1,577,482,54.952,45.905,470.500,44.810
8,8,0.267,585.209,492.083,55.734,46.865,319,1,577,482,54.952,45.905,470.500,44.810
9,9,0.300,585.328,492.061,55.746,46.863,321,1,577,482,54.952,45.905,470.500,44.810
10,10,0.333,585.320,492.840,55.745,46.937,340,1,577,482,54.952,45.905,470.500,44.810
11,11,0.367,585.484,492.685,55.760,46.922,346,1,577,482,54.952,45.905,470.500,44.810
12,12,0.400,585.582,492.617,55.770,46.916,342,1,577,482,54.952,45.905,470.500,44.810
13,13,0.433,585.582,492.598,55.770,46.914,345,1,577,482,54.952,45.905,470.500,44.810
14,14,0.467,585.530,492.497,55.765,46.904,341,1,577,482,54.952,45.905,470.500,44.810
15,15,0.500,585.552,492.500,55.767,46.905,340,1,577,482,54.952,45.905,470.500,44.810
16,16,0.533,585.817,492.425,55.792,46.898,348,1,577,482,54.952,45.905,470.500,44.810
17,17,0.567,585.756,492.262,55.786,46.882,342,1,577,482,54.952,45.905,470.500,44.810
18,18,0.600,585.778,492.198,55.788,46.876,342,1,577,482,54.952,45.905,470.500,44.810
19,19,0.633,585.843,492.166,55.795,46.873,348,1,577,482,54.952,45.905,470.500,44.810
20,20,0.667,585.793,492.134,55.790,46.870,350,1,577,482,54.952,45.905,470.500,44.810
21,21,0.700,585.961,492.363,55.806,46.892,351,1,577,482,54.952,45.905,470.500,44.810
22,22,0.733,586.047,492.234,55.814,46.879,345,1,577,482,54.952,45.905,470.500,44.810
23,23,0.767,586.025,492.262,55.812,46.882,349,1,577,482,54.952,45.905,470.500,44.810
24,24,0.800,586.047,492.268,55.814,46.883,348,1,577,482,54.952,45.905,470.500,44.810
25,25,0.833,586.103,492.216,55.819,46.878,346,1,577,482,54.952,45.905,470.500,44.810
26,26,0.867,586.205,492.222,55.829,46.878,352,1,577,482,54.952,45.905,470.500,44.810
27,27,0.900,586.290,491.996,55.837,46.857,348,1,577,482,54.952,45.905,470.500,44.810
28,28,0.933,586.241,491.358,55.833,46.796,334,1,577,482,54.952,45.905,470.500,44.810
29,29,0.967,586.320,491.501,55.840,46.810,338,1,577,482,54.952,45.905,470.500,44.810
30,30,1.000,586.349,491.508,55.843,46.810,337,1,577,482,54.952,45.905,470.500,44.810
31,31,1.033,586.448,491.414,55.852,46.801,341,1,577,482,54.952,45.905,470.500,44.810
32,32,1.067,586.464,491.564,55.854,46.816,352,1,577,482,54.952,45.905,470.500,44.810
33,33,1.100,586.366,491.465,55.844,46.806,357,1,577,482,54.952,45.905,470.500,44.810
34,34,1.133,586.362,491.761,55.844,46.834,350,1,577,482,54.952,45.905,470.500,44.810
35,35,1.167,586.458,491.756,55.853,46.834,345,1,577,482,54.952,45.905,470.500,44.810
36,36,1.200,586.495,491.654,55.857,46.824,342,1,577,482,54.952,45.905,470.500,44.810
37,37,1.233,586.507,491.683,55.858,46.827,346,1,577,482,54.952,45.905,470.500,44.810
38,38,1.267,586.493,491.712,55.856,46.830,350,1,577,482,54.952,45.905,470.500,44.810
39,39,1.300,586.593,491.566,55.866,46.816,353,1,577,482,54.952,45.905,470.500,44.810
40,40,1.333,586.613,491.688,55.868,46.827,353,1,577,482,54.952,45.905,470.500,44.810
41,41,1.367,586.610,491.545,55.868,46.814,346,1,577,482,54.952,45.905,470.500,44.810
42,42,1.400,586.611,491.568,55.868,46.816,342,1,577,482,54.952,45.905,470.500,44.810
43,43,1.433,586.609,491.288,55.868,46.789,341,1,577,482,54.952,45.905,470.500,44.810
44,44,1.467,586.632,491.336,55.870,46.794,352,1,577,482,54.952,45.905,470.500,44.810
45,45,1.500,586.689,491.221,55.875,46.783,353,1,577,482,54.952,45.905,470.500,44.810
46,46,1.533,586.829,491.108,55.888,46.772,351,1,577,482,54.952,45.905,470.500,44.810
47,47,1.567,586.748,491.246,55.881,46.785,350,1,577,482,54.952,45.905,470.500,44.810
48,48,1.600,586.900,491.126,55.895,46.774,346,1,577,482,54.952,45.905,470.500,44.810
49,49,1.633,586.826,490.993,55.888,46.761,351,1,577,482,54.952,45.905,470.500,44.810
50,50,1.667,586.618,491.286,55.868,46.789,358,1,577,482,54.952,45.905,470.500,44.810
51,51,1.700,586.621,491.184,55.869,46.779,353,1,577,482,54.952,45.905,470.500,44.810
52,52,1.733,586.436,491.356,55.851,46.796,355,1,577,482,54.952,45.905,470.500,44.810
53,53,1.767,586.461,491.154,55.853,46.777,351,1,577,482,54.952,45.905,470.500,44.810
54,54,1.800,586.370,491.578,55.845,46.817,355,1,577,482,54.952,45.905,470.500,44.810
55,55,1.833,586.133,491.785,55.822,46.837,365,1,577,482,54.952,45.905,470.500,44.810
56,56,1.867,586.057,492.033,55.815,46.860,365,1,577,482,54.952,45.905,470.500,44.810
57,57,1.900,585.846,492.133,55.795,46.870,372,1,577,482,54.952,45.905,470.500,44.810
58,58,1.933,585.551,492.429,55.767,46.898,367,1,577,482,54.952,45.905,470.500,44.810
59,59,1.967,585.351,492.625,55.748,46.917,377,1,577,482,54.952,45.905,470.500,44.810
60,60,2.000,585.216,492.713,55.735,46.925,375,1,577,482,54.952,45.905,470.500,44.810
61,61,2.033,585.204,492.989,55.734,46.951,354,1,577,482,54.952,45.905,470.500,44.810
62,62,2.067,585.001,493.083,55.714,46.960,358,1,577,482,54.952,45.905,470.500,44.810
63,63,2.100,584.996,493.271,55.714,46.978,352,1,577,482,54.952,45.905,470.500,44.810
64,64,2.133,585.219,493.199,55.735,46.971,350,1,577,482,54.952,45.905,470.500,44.810
65,65,2.167,585.164,493.364,55.730,46.987,352,1,577,482,54.952,45.905,470.500,44.810
66,66,2.200,585.143,493.324,55.728,46.983,350,1,577,482,54.952,45.905,470.500,44.810
67,67,2.233,585.166,493.404,55.730,46.991,343,1,577,482,54.952,45.905,470.500,44.810
68,68,2.267,585.352,493.164,55.748,46.968,353,1,577,482,54.952,45.905,470.500,44.810
69,69,2.300,585.307,493.060,55.744,46.958,351,1,577,482,54.952,45.905,470.500,44.810
70,70,2.333,585.193,492.943,55.733,46.947,353,1,577,482,54.952,45.905,470.500,44.810
71,71,2.367,585.345,492.737,55.747,46.927,343,1,577,482,54.952,45.905,470.500,44.810
72,72,2.400,585.309,492.643,55.744,46.918,350,1,577,482,54.952,45.905,470.500,44.810
73,73,2.433,585.125,492.653,55.726,46.919,341,1,577,482,54.952,45.905,470.500,44.810
74,74,2.467,585.202,492.558,55.734,46.910,342,1,577,482,54.952,45.905,470.500,44.810
75,75,2.500,585.191,492.554,55.732,46.910,341,1,577,482,54.952,45.905,470.500,44.810
76,76,2.533,585.105,492.559,55.724,46.910,339,1,577,482,54.952,45.905,470.500,44.810
77,77,2.567,585.039,492.546,55.718,46.909,337,1,577,482,54.952,45.905,470.500,44.810
78,78,2.600,584.945,492.520,55.709,46.907,339,1,577,482,54.952,45.905,470.500,44.810
79,79,2.633,584.593,492.615,55.676,46.916,345,1,577,482,54.952,45.905,470.500,44.810
80,80,2.667,584.535,492.649,55.670,46.919,351,1,577,482,54.952,45.905,470.500,44.810
81,81,2.700,584.395,492.756,55.657,46.929,349,1,577,482,54.952,45.905,470.500,44.810
82,82,2.733,583.892,493.141,55.609,46.966,364,1,577,482,54.952,45.905,470.500,44.810
83,83,2.767,583.662,493.313,55.587,46.982,370,1,577,482,54.952,45.905,470.500,44.810
84,84,2.800,583.657,493.497,55.586,47.000,358,1,577,482,54.952,45.905,470.500,44.810
85,85,2.833,583.575,493.331,55.579,46.984,367,1,577,482,54.952,45.905,470.500,44.810
86,86,2.867,583.078,493.988,55.531,47.046,359,1,577,482,54.952,45.905,470.500,44.810
87,87,2.900,582.988,493.836,55.523,47.032,368,1,577,482,54.952,45.905,470.500,44.810
88,88,2.933,582.944,493.827,55.519,47.031,373,1,577,482,54.952,45.905,470.500,44.810
89,89,2.967,582.440,494.294,55.470,47.076,370,1,577,482,54.952,45.905,470.500,44.810
90,90,3.000,582.358,494.427,55.463,47.088,375,1,577,482,54.952,45.905,470.500,44.810
91,91,3.033,582.119,494.693,55.440,47.114,373,1,577,482,54.952,45.905,470.500,44.810
92,92,3.067,581.955,494.732,55.424,47.117,368,1,577,482,54.952,45.905,470.500,44.810
93,93,3.100,581.895,494.910,55.419,47.134,366,1,577,482,54.952,45.905,470.500,44.810
94,94,3.133,581.625,495.222,55.393,47.164,361,1,577,482,54.952,45.905,470.500,44.810
95,95,3.167,581.363,495.611,55.368,47.201,368,1,577,482,54.952,45.905,470.500,44.810
96,96,3.200,581.383,495.653,55.370,47.205,363,1,577,482,54.952,45.905,470.500,44.810
97,97,3.233,581.257,495.750,55.358,47.214,363,1,577,482,54.952,45.905,470.500,44.810
98,98,3.267,581.286,495.777,55.361,47.217,361,1,577,482,54.952,45.905,470.500,44.810
99,99,3.300,581.302,495.754,55.362,47.215,361,1,577,482,54.952,45.905,470.500,44.810
100,100,3.333,581.356,495.746,55.367,47.214,365,1,577,482,54.952,45.905,470.500,44.810
101,101,3.367,581.691,495.412,55.399,47.182,365,1,577,482,54.952,45.905,470.500,44.810
102,102,3.400,581.531,495.609,55.384,47.201,360,1,577,482,54.952,45.905,470.500,44.810
103,103,3.433,581.646,495.533,55.395,47.194,360,1,577,482,54.952,45.905,470.500,44.810
104,104,3.467,581.687,495.549,55.399,47.195,361,1,577,482,54.952,45.905,470.500,44.810
105,105,3.500,581.831,495.398,55.412,47.181,358,1,577,482,54.952,45.905,470.500,44.810
106,106,3.533,581.815,495.430,55.411,47.184,358,1,577,482,54.952,45.905,470.500,44.810
107,107,3.567,581.894,495.230,55.418,47.165,357,1,577,482,54.952,45.905,470.500,44.810
108,108,3.600,581.758,495.297,55.405,47.171,356,1,577,482,54.952,45.905,470.500,44.810
109,109,3.633,581.724,495.147,55.402,47.157,360,1,577,482,54.952,45.905,470.500,44.810
110,110,3.667,581.644,495.257,55.395,47.167,358,1,577,482,54.952,45.905,470.500,44.810
111,111,3.700,581.771,495.113,55.407,47.154,355,1,577,482,54.952,45.905,470.500,44.810
112,112,3.733,581.862,495.063,55.415,47.149,358,1,577,482,54.952,45.905,470.500,44.810
113,113,3.767,581.789,495.227,55.408,47.165,364,1,577,482,54.952,45.905,470.500,44.810
114,114,3.800,581.820,495.147,55.411,47.157,357,1,577,482,54.952,45.905,470.500,44.810
115,115,3.833,581.599,495.255,55.390,47.167,362,1,577,482,54.952,45.905,470.500,44.810
116,116,3.867,581.760,495.028,55.406,47.146,360,1,577,482,54.952,45.905,470.500,44.810
117,117,3.900,581.842,495.046,55.414,47.147,363,1,577,482,54.952,45.905,470.500,44.810
118,118,3.933,581.909,494.931,55.420,47.136,359,1,577,482,54.952,45.905,470.500,44.810
119,119,3.967,581.828,494.945,55.412,47.138,350,1,577,482,54.952,45.905,470.500,44.810
120,120,4.000,581.788,494.855,55.408,47.129,352,1,577,482,54.952,45.905,470.500,44.810
121,121,4.033,581.672,494.729,55.397,47.117,342,1,577,482,54.952,45.905,470.500,44.810
122,122,4.067,581.387,494.888,55.370,47.132,355,1,577,482,54.952,45.905,470.500,44.810
123,123,4.100,581.448,494.936,55.376,47.137,352,1,577,482,54.952,45.905,470.500,44.810
124,124,4.133,581.602,494.811,55.391,47.125,360,1,577,482,54.952,45.905,470.500,44.810
125,125,4.167,581.444,494.990,55.376,47.142,354,1,577,482,54.952,45.905,470.500,44.810
126,126,4.200,581.348,495.077,55.366,47.150,352,1,577,482,54.952,45.905,470.500,44.810
127,127,4.233,581.332,494.997,55.365,47.143,351,1,577,482,54.952,45.905,470.500,44.810
128,128,4.267,581.203,494.958,55.353,47.139,357,1,577,482,54.952,45.905,470.500,44.810
129,129,4.300,581.153,494.982,55.348,47.141,355,1,577,482,54.952,45.905,470.500,44.810
130,130,4.333,580.593,494.900,55.295,47.133,377,1,577,482,54.952,45.905,470.500,44.810
131,131,4.367,580.437,494.883,55.280,47.132,374,1,577,482,54.952,45.905,470.500,44.810
132,132,4.400,580.178,495.043,55.255,47.147,375,1,577,482,54.952,45.905,470.500,44.810
133,133,4.433,580.055,495.145,55.243,47.157,371,1,577,482,54.952,45.905,470.500,44.810
134,134,4.467,580.058,495.115,55.244,47.154,373,1,577,482,54.952,45.905,470.500,44.810
135,135,4.500,579.715,495.280,55.211,47.169,366,1,577,482,54.952,45.905,470.500,44.810
136,136,4.533,579.733,495.456,55.213,47.186,362,1,577,482,54.952,45.905,470.500,44.810
137,137,4.567,579.432,495.434,55.184,47.184,360,1,577,482,54.952,45.905,470.500,44.810
138,138,4.600,579.130,495.517,55.155,47.192,364,1,577,482,54.952,45.905,470.500,44.810
139,139,4.633,579.073,495.574,55.150,47.198,356,1,577,482,54.952,45.905,470.500,44.810
140,140,4.667,578.658,495.835,55.110,47.222,350,1,577,482,54.952,45.905,470.500,44.810
141,141,4.700,578.692,495.863,55.113,47.225,346,1,577,482,54.952,45.905,470.500,44.810
142,142,4.733,578.501,495.983,55.095,47.236,345,1,577,482,54.952,45.905,470.500,44.810
143,143,4.767,578.406,496.095,55.086,47.247,340,1,577,482,54.952,45.905,470.500,44.810
144,144,4.800,578.429,496.146,55.088,47.252,340,1,577,482,54.952,45.905,470.500,44.810
145,145,4.833,578.504,496.261,55.096,47.263,333,1,577,482,54.952,45.905,470.500,44.810
146,146,4.867,578.483,496.350,55.094,47.271,337,1,577,482,54.952,45.905,470.500,44.810
147,147,4.900,578.779,496.443,55.122,47.280,328,1,577,482,54.952,45.905,470.500,44.810
148,148,4.933,578.806,496.446,55.124,47.281,329,1,577,482,54.952,45.905,470.500,44.810
149,149,4.967,578.840,496.452,55.128,47.281,330,1,577,482,54.952,45.905,470.500,44.810
150,150,5.000,578.949,496.309,55.138,47.268,326,1,577,482,54.952,45.905,470.500,44.810
151,151,5.033,578.932,496.273,55.136,47.264,323,1,577,482,54.952,45.905,470.500,44.810
152,152,5.067,579.039,496.063,55.147,47.244,331,1,577,482,54.952,45.905,470.500,44.810
153,153,5.100,578.974,496.063,55.140,47.244,329,1,577,482,54.952,45.905,470.500,44.810
154,154,5.133,578.974,495.966,55.140,47.235,328,1,577,482,54.952,45.905,470.500,44.810
155,155,5.167,578.991,495.973,55.142,47.236,327,1,577,482,54.952,45.905,470.500,44.810
156,156,5.200,578.371,496.007,55.083,47.239,319,1,577,482,54.952,45.905,470.500,44.810
157,157,5.233,578.555,495.906,55.100,47.229,312,1,577,482,54.952,45.905,470.500,44.810
158,158,5.267,577.799,495.863,55.028,47.225,334,1,577,482,54.952,45.905,470.500,44.810
159,159,5.300,577.422,495.821,54.993,47.221,341,1,577,482,54.952,45.905,470.500,44.810
160,160,5.333,576.780,495.765,54.931,47.216,348,1,577,482,54.952,45.905,470.500,44.810
161,161,5.367,576.686,495.705,54.922,47.210,350,1,577,482,54.952,45.905,470.500,44.810
162,162,5.400,576.076,495.815,54.864,47.221,341,1,577,482,54.952,45.905,470.500,44.810
163,163,5.433,575.666,495.881,54.825,47.227,350,1,577,482,54.952,45.905,470.500,44.810
164,164,5.467,575.477,495.735,54.807,47.213,338,1,577,482,54.952,45.905,470.500,44.810
165,165,5.500,575.170,495.769,54.778,47.216,337,1,577,482,54.952,45.905,470.500,44.810
166,166,5.533,574.490,495.666,54.713,47.206,339,1,577,482,54.952,45.905,470.500,44.810
167,167,5.567,573.821,495.594,54.650,47.199,345,1,577,482,54.952,45.905,470.500,44.810
168,168,5.600,572.622,495.600,54.535,47.200,343,1,577,482,54.952,45.905,470.500,44.810
169,169,5.633,572.423,495.545,54.516,47.195,347,1,577,482,54.952,45.905,470.500,44.810
170,170,5.667,572.101,495.742,54.486,47.214,355,1,577,482,54.952,45.905,470.500,44.810
171,171,5.700,571.906,495.692,54.467,47.209,358,1,577,482,54.952,45.905,470.500,44.810
172,172,5.733,571.485,495.762,54.427,47.215,355,1,577,482,54.952,45.905,470.500,44.810
173,173,5.767,571.491,495.837,54.428,47.223,346,1,577,482,54.952,45.905,470.500,44.810
174,174,5.800,571.742,496.038,54.452,47.242,348,1,577,482,54.952,45.905,470.500,44.810
175,175,5.833,571.634,496.099,54.441,47.248,340,1,577,482,54.952,45.905,470.500,44.810
176,176,5.867,571.898,496.052,54.466,47.243,344,1,577,482,54.952,45.905,470.500,44.810
177,177,5.900,572.046,496.111,54.481,47.249,341,1,577,482,54.952,45.905,470.500,44.810
178,178,5.933,572.184,496.024,54.494,47.240,336,1,577,482,54.952,45.905,470.500,44.810
179,179,5.967,572.201,496.010,54.495,47.239,335,1,577,482,54.952,45.905,470.500,44.810
180,180,6.000,572.500,495.969,54.524,47.235,329,1,577,482,54.952,45.905,470.500,44.810
181,181,6.033,572.741,495.860,54.547,47.225,316,1,577,482,54.952,45.905,470.500,44.810
182,182,6.067,572.215,495.726,54.497,47.212,329,1,577,482,54.952,45.905,470.500,44.810
183,183,6.100,572.212,495.815,54.496,47.220,334,1,577,482,54.952,45.905,470.500,44.810
184,184,6.133,571.758,495.665,54.453,47.206,344,1,577,482,54.952,45.905,470.500,44.810
185,185,6.167,571.749,495.696,54.452,47.209,344,1,577,482,54.952,45.905,470.500,44.810
186,186,6.200,571.525,495.627,54.431,47.203,336,1,577,482,54.952,45.905,470.500,44.810
187,187,6.233,571.030,495.509,54.384,47.191,339,1,577,482,54.952,45.905,470.500,44.810
188,188,6.267,570.777,495.457,54.360,47.186,347,1,577,482,54.952,45.905,470.500,44.810
189,189,6.300,570.346,495.441,54.319,47.185,343,1,577,482,54.952,45.905,470.500,44.810
190,190,6.333,569.995,495.141,54.285,47.156,340,1,577,482,54.952,45.905,470.500,44.810
191,191,6.367,569.446,495.083,54.233,47.151,344,1,577,482,54.952,45.905,470.500,44.810
192,192,6.400,568.698,494.904,54.162,47.134,355,1,577,482,54.952,45.905,470.500,44.810
193,193,6.433,568.194,494.840,54.114,47.128,351,1,577,482,54.952,45.905,470.500,44.810
194,194,6.467,567.092,494.705,54.009,47.115,353,1,577,482,54.952,45.905,470.500,44.810
195,195,6.500,566.755,494.740,53.977,47.118,349,1,577,482,54.952,45.905,470.500,44.810
196,196,6.533,565.747,494.565,53.881,47.101,360,1,577,482,54.952,45.905,470.500,44.810
197,197,6.567,565.226,494.528,53.831,47.098,362,1,577,482,54.952,45.905,470.500,44.810
198,198,6.600,565.229,494.534,53.831,47.099,356,1,577,482,54.952,45.905,470.500,44.810
199,199,6.633,564.663,494.420,53.777,47.088,362,1,577,482,54.952,45.905,470.500,44.810
200,200,6.667,564.459,494.592,53.758,47.104,357,1,577,482,54.952,45.905,470.500,44.810
201,201,6.700,564.132,494.505,53.727,47.096,365,1,577,482,54.952,45.905,470.500,44.810
202,202,6.733,564.285,494.594,53.741,47.104,365,1,577,482,54.952,45.905,470.500,44.810
203,203,6.767,564.224,494.599,53.736,47.105,362,1,577,482,54.952,45.905,470.500,44.810
204,204,6.800,564.199,494.636,53.733,47.108,357,1,577,482,54.952,45.905,470.500,44.810
205,205,6.833,564.233,494.603,53.736,47.105,359,1,577,482,54.952,45.905,470.500,44.810
206,206,6.867,564.509,494.600,53.763,47.105,363,1,577,482,54.952,45.905,470.500,44.810
207,207,6.900,564.603,494.527,53.772,47.098,360,1,577,482,54.952,45.905,470.500,44.810
208,208,6.933,564.564,494.469,53.768,47.092,354,1,577,482,54.952,45.905,470.500,44.810
209,209,6.967,564.463,494.431,53.758,47.089,355,1,577,482,54.952,45.905,470.500,44.810
210,210,7.000,564.594,494.427,53.771,47.088,351,1,577,482,54.952,45.905,470.500,44.810
211,211,7.033,564.876,494.457,53.798,47.091,346,1,577,482,54.952,45.905,470.500,44.810
212,212,7.067,564.524,494.308,53.764,47.077,353,1,577,482,54.952,45.905,470.500,44.810
213,213,7.100,564.389,494.236,53.751,47.070,339,1,577,482,54.952,45.905,470.500,44.810
214,214,7.133,564.445,494.158,53.757,47.063,321,1,577,482,54.952,45.905,470.500,44.810
215,215,7.167,564.117,494.079,53.725,47.055,319,1,577,482,54.952,45.905,470.500,44.810
216,216,7.200,563.810,494.064,53.696,47.054,327,1,577,482,54.952,45.905,470.500,44.810
217,217,7.233,563.736,494.060,53.689,47.053,326,1,577,482,54.952,45.905,470.500,44.810
218,218,7.267,562.931,493.973,53.612,47.045,337,1,577,482,54.952,45.905,470.500,44.810
219,219,7.300,562.523,493.914,53.574,47.039,331,1,577,482,54.952,45.905,470.500,44.810
220,220,7.333,561.661,493.742,53.491,47.023,343,1,577,482,54.952,45.905,470.500,44.810
221,221,7.367,561.343,493.627,53.461,47.012,338,1,577,482,54.952,45.905,470.500,44.810
222,222,7.400,560.656,493.556,53.396,47.005,335,1,577,482,54.952,45.905,470.500,44.810
223,223,7.433,560.184,493.477,53.351,46.998,336,1,577,482,54.952,45.905,470.500,44.810
224,224,7.467,559.512,493.356,53.287,46.986,330,1,577,482,54.952,45.905,470.500,44.810
225,225,7.500,558.803,493.148,53.219,46.966,336,1,577,482,54.952,45.905,470.500,44.810
226,226,7.533,558.277,493.056,53.169,46.958,329,1,577,482,54.952,45.905,470.500,44.810
227,227,7.567,557.670,492.933,53.111,46.946,325,1,577,482,54.952,45.905,470.500,44.810
228,228,7.600,557.275,492.814,53.074,46.935,326,1,577,482,54.952,45.905,470.500,44.810
229,229,7.633,557.040,492.689,53.051,46.923,322,1,577,482,54.952,45.905,470.500,44.810
230,230,7.667,557.275,492.844,53.074,46.937,330,1,577,482,54.952,45.905,470.500,44.810
231,231,7.700,557.306,492.839,53.077,46.937,329,1,577,482,54.952,45.905,470.500,44.810
232,232,7.733,556.787,492.742,53.027,46.928,331,1,577,482,54.952,45.905,470.500,44.810
233,233,7.767,556.591,492.664,53.009,46.920,323,1,577,482,54.952,45.905,470.500,44.810
234,234,7.800,556.390,492.545,52.990,46.909,316,1,577,482,54.952,45.905,470.500,44.810
235,235,7.833,556.482,492.529,52.998,46.908,319,1,577,482,54.952,45.905,470.500,44.810
236,236,7.867,557.084,492.645,53.056,46.919,312,1,577,482,54.952,45.905,470.500,44.810
237,237,7.900,557.201,492.648,53.067,46.919,310,1,577,482,54.952,45.905,470.500,44.810
238,238,7.933,557.284,492.753,53.075,46.929,310,1,577,482,54.952,45.905,470.500,44.810
239,239,7.967,557.329,492.775,53.079,46.931,308,1,577,482,54.952,45.905,470.500,44.810
240,240,8.000,557.943,492.833,53.137,46.936,302,1,577,482,54.952,45.905,470.500,44.810
241,241,8.033,556.618,492.539,53.011,46.908,316,1,577,482,54.952,45.905,470.500,44.810
242,242,8.067,556.726,492.516,53.022,46.906,320,1,577,482,54.952,45.905,470.500,44.810
243,243,8.100,556.212,492.512,52.973,46.906,311,1,577,482,54.952,45.905,470.500,44.810
244,244,8.133,556.162,492.455,52.968,46.900,319,1,577,482,54.952,45.905,470.500,44.810
245,245,8.167,555.945,492.429,52.947,46.898,322,1,577,482,54.952,45.905,470.500,44.810
246,246,8.200,555.696,492.422,52.923,46.897,315,1,577,482,54.952,45.905,470.500,44.810
247,247,8.233,555.504,492.439,52.905,46.899,313,1,577,482,54.952,45.905,470.500,44.810
248,248,8.267,555.189,492.394,52.875,46.895,317,1,577,482,54.952,45.905,470.500,44.810
249,249,8.300,554.497,492.183,52.809,46.875,319,1,577,482,54.952,45.905,470.500,44.810
250,250,8.333,554.290,492.155,52.789,46.872,323,1,577,482,54.952,45.905,470.500,44.810
251,251,8.367,553.956,492.038,52.758,46.861,323,1,577,482,54.952,45.905,470.500,44.810
252,252,8.400,553.607,491.939,52.725,46.851,324,1,577,482,54.952,45.905,470.500,44.810
253,253,8.433,553.293,491.872,52.695,46.845,322,1,577,482,54.952,45.905,470.500,44.810
254,254,8.467,552.903,491.732,52.657,46.832,332,1,577,482,54.952,45.905,470.500,44.810
255,255,8.500,552.466,491.649,52.616,46.824,332,1,577,482,54.952,45.905,470.500,44.810
256,256,8.533,551.454,491.484,52.519,46.808,337,1,577,482,54.952,45.905,470.500,44.810
257,257,8.567,550.979,491.305,52.474,46.791,335,1,577,482,54.952,45.905,470.500,44.810
258,258,8.600,550.248,491.233,52.405,46.784,335,1,577,482,54.952,45.905,470.500,44.810
259,259,8.633,550.100,491.200,52.390,46.781,332,1,577,482,54.952,45.905,470.500,44.810
260,260,8.667,549.445,491.146,52.328,46.776,334,1,577,482,54.952,45.905,470.500,44.810
261,261,8.700,549.340,491.099,52.318,46.771,332,1,577,482,54.952,45.905,470.500,44.810
262,262,8.733,548.438,490.916,52.232,46.754,346,1,577,482,54.952,45.905,470.500,44.810
263,263,8.767,548.421,490.906,52.231,46.753,342,1,577,482,54.952,45.905,470.500,44.810
264,264,8.800,548.561,490.889,52.244,46.751,344,1,577,482,54.952,45.905,470.500,44.810
265,265,8.833,548.617,490.962,52.249,46.758,343,1,577,482,54.952,45.905,470.500,44.810
266,266,8.867,548.736,490.954,52.261,46.758,340,1,577,482,54.952,45.905,470.500,44.810
267,267,8.900,548.852,490.909,52.272,46.753,344,1,577,482,54.952,45.905,470.500,44.810
268,268,8.933,548.644,490.877,52.252,46.750,346,1,577,482,54.952,45.905,470.500,44.810
269,269,8.967,548.821,490.906,52.269,46.753,344,1,577,482,54.952,45.905,470.500,44.810
270,270,9.000,549.313,490.926,52.316,46.755,333,1,577,482,54.952,45.905,470.500,44.810
271,271,9.033,549.435,490.875,52.327,46.750,336,1,577,482,54.952,45.905,470.500,44.810
272,272,9.067,549.600,490.848,52.343,46.747,340,1,577,482,54.952,45.905,470.500,44.810
273,273,9.100,549.588,490.873,52.342,46.750,340,1,577,482,54.952,45.905,470.500,44.810
274,274,9.133,549.616,490.796,52.344,46.743,337,1,577,482,54.952,45.905,470.500,44.810
275,275,9.167,549.300,490.798,52.314,46.743,343,1,577,482,54.952,45.905,470.500,44.810
276,276,9.200,549.199,490.763,52.305,46.739,338,1,577,482,54.952,45.905,470.500,44.810
277,277,9.233,549.011,490.764,52.287,46.739,334,1,577,482,54.952,45.905,470.500,44.810
278,278,9.267,548.561,490.664,52.244,46.730,336,1,577,482,54.952,45.905,470.500,44.810
279,279,9.300,548.660,490.689,52.253,46.732,334,1,577,482,54.952,45.905,470.500,44.810
280,280,9.333,548.247,490.666,52.214,46.730,332,1,577,482,54.952,45.905,470.500,44.810
281,281,9.367,548.336,490.776,52.223,46.741,338,1,577,482,54.952,45.905,470.500,44.810
282,282,9.400,547.729,490.758,52.165,46.739,338,1,577,482,54.952,45.905,470.500,44.810
283,283,9.433,547.881,490.758,52.179,46.739,342,1,577,482,54.952,45.905,470.500,44.810
284,284,9.467,547.774,490.773,52.169,46.740,333,1,577,482,54.952,45.905,470.500,44.810
285,285,9.500,547.611,490.723,52.153,46.736,338,1,577,482,54.952,45.905,470.500,44.810
286,286,9.533,547.713,490.774,52.163,46.740,338,1,577,482,54.952,45.905,470.500,44.810
287,287,9.567,547.390,490.628,52.132,46.727,344,1,577,482,54.952,45.905,470.500,44.810
288,288,9.600,547.352,490.689,52.129,46.732,342,1,577,482,54.952,45.905,470.500,44.810
289,289,9.633,547.149,490.583,52.109,46.722,347,1,577,482,54.952,45.905,470.500,44.810
290,290,9.667,546.961,490.546,52.091,46.719,352,1,577,482,54.952,45.905,470.500,44.810
291,291,9.700,546.920,490.493,52.088,46.714,345,1,577,482,54.952,45.905,470.500,44.810
292,292,9.733,546.744,490.389,52.071,46.704,348,1,577,482,54.952,45.905,470.500,44.810
293,293,9.767,546.620,490.376,52.059,46.703,349,1,577,482,54.952,45.905,470.500,44.810
294,294,9.800,546.470,490.228,52.045,46.688,354,1,577,482,54.952,45.905,470.500,44.810
295,295,9.833,546.436,490.239,52.042,46.689,353,1,577,482,54.952,45.905,470.500,44.810
296,296,9.867,545.519,490.101,51.954,46.676,366,1,577,482,54.952,45.905,470.500,44.810
297,297,9.900,545.115,490.016,51.916,46.668,366,1,577,482,54.952,45.905,470.500,44.810
298,298,9.933,544.726,489.825,51.879,46.650,366,1,577,482,54.952,45.905,470.500,44.810
299,299,9.967,544.417,489.748,51.849,46.643,355,1,577,482,54.952,45.905,470.500,44.810
300,300,10.000,544.430,489.746,51.850,46.642,354,1,577,482,54.952,45.905,470.500,44.810
301,301,10.033,543.939,489.493,51.804,46.618,348,1,577,482,54.952,45.905,470.500,44.810
302,302,10.067,543.213,489.319,51.735,46.602,359,1,577,482,54.952,45.905,470.500,44.810
303,303,10.100,543.020,489.164,51.716,46.587,364,1,577,482,54.952,45.905,470.500,44.810
304,304,10.133,542.636,489.076,51.680,46.579,357,1,577,482,54.952,45.905,470.500,44.810
305,305,10.167,542.553,489.035,51.672,46.575,362,1,577,482,54.952,45.905,470.500,44.810
306,306,10.200,542.307,488.984,51.648,46.570,352,1,577,482,54.952,45.905,470.500,44.810
307,307,10.233,541.873,488.773,51.607,46.550,344,1,577,482,54.952,45.905,470.500,44.810
308,308,10.267,541.598,488.725,51.581,46.545,348,1,577,482,54.952,45.905,470.500,44.810
309,309,10.300,541.394,488.778,51.561,46.550,348,1,577,482,54.952,45.905,470.500,44.810
310,310,10.333,541.322,488.777,51.555,46.550,350,1,577,482,54.952,45.905,470.500,44.810
311,311,10.367,541.308,488.710,51.553,46.544,344,1,577,482,54.952,45.905,470.500,44.810
312,312,10.400,541.668,488.840,51.587,46.556,352,1,577,482,54.952,45.905,470.500,44.810
313,313,10.433,541.621,488.845,51.583,46.557,353,1,577,482,54.952,45.905,470.500,44.810
314,314,10.467,541.762,488.931,51.596,46.565,353,1,577,482,54.952,45.905,470.500,44.810
315,315,10.500,541.899,488.972,51.609,46.569,347,1,577,482,54.952,45.905,470.500,44.810
316,316,10.533,541.790,488.955,51.599,46.567,342,1,577,482,54.952,45.905,470.500,44.810
317,317,10.567,541.797,488.979,51.600,46.569,343,1,577,482,54.952,45.905,470.500,44.810
318,318,10.600,541.969,489.105,51.616,46.581,347,1,577,482,54.952,45.905,470.500,44.810
319,319,10.633,542.231,489.259,51.641,46.596,347,1,577,482,54.952,45.905,470.500,44.810
320,320,10.667,542.270,489.342,51.645,46.604,346,1,577,482,54.952,45.905,470.500,44.810
321,321,10.700,542.263,489.289,51.644,46.599,345,1,577,482,54.952,45.905,470.500,44.810
322,322,10.733,542.582,489.368,51.674,46.607,346,1,577,482,54.952,45.905,470.500,44.810
323,323,10.767,542.578,489.397,51.674,46.609,335,1,577,482,54.952,45.905,470.500,44.810
324,324,10.800,542.317,489.238,51.649,46.594,334,1,577,482,54.952,45.905,470.500,44.810
325,325,10.833,542.321,489.274,51.650,46.597,333,1,577,482,54.952,45.905,470.500,44.810
326,326,10.867,542.136,489.194,51.632,46.590,334,1,577,482,54.952,45.905,470.500,44.810
327,327,10.900,541.954,489.094,51.615,46.580,340,1,577,482,54.952,45.905,470.500,44.810
328,328,10.933,541.769,488.960,51.597,46.568,341,1,577,482,54.952,45.905,470.500,44.810
329,329,10.967,541.324,488.750,51.555,46.548,350,1,577,482,54.952,45.905,470.500,44.810
330,330,11.000,541.211,488.680,51.544,46.541,343,1,577,482,54.952,45.905,470.500,44.810
331,331,11.033,540.841,488.555,51.509,46.529,352,1,577,482,54.952,45.905,470.500,44.810
332,332,11.067,540.740,488.469,51.499,46.521,357,1,577,482,54.952,45.905,470.500,44.810
333,333,11.100,540.511,488.300,51.477,46.505,363,1,577,482,54.952,45.905,470.500,44.810
334,334,11.133,540.335,488.210,51.460,46.496,363,1,577,482,54.952,45.905,470.500,44.810
335,335,11.167,539.937,488.156,51.423,46.491,359,1,577,482,54.952,45.905,470.500,44.810
336,336,11.200,539.535,487.971,51.384,46.473,359,1,577,482,54.952,45.905,470.500,44.810
337,337,11.233,539.241,487.830,51.356,46.460,368,1,577,482,54.952,45.905,470.500,44.810
338,338,11.267,538.936,487.638,51.327,46.442,358,1,577,482,54.952,45.905,470.500,44.810
339,339,11.300,538.238,487.412,51.261,46.420,366,1,577,482,54.952,45.905,470.500,44.810
340,340,11.333,537.809,487.241,51.220,46.404,356,1,577,482,54.952,45.905,470.500,44.810
341,341,11.367,537.316,487.162,51.173,46.396,368,1,577,482,54.952,45.905,470.500,44.810
342,342,11.400,537.170,487.132,51.159,46.393,371,1,577,482,54.952,45.905,470.500,44.810
343,343,11.433,536.760,487.020,51.120,46.383,367,1,577,482,54.952,45.905,470.500,44.810
344,344,11.467,536.351,486.887,51.081,46.370,363,1,577,482,54.952,45.905,470.500,44.810
345,345,11.500,535.483,486.608,50.998,46.344,371,1,577,482,54.952,45.905,470.500,44.810
346,346,11.533,534.987,486.423,50.951,46.326,371,1,577,482,54.952,45.905,470.500,44.810
347,347,11.567,534.496,486.194,50.904,46.304,378,1,577,482,54.952,45.905,470.500,44.810
348,348,11.600,534.012,486.096,50.858,46.295,372,1,577,482,54.952,45.905,470.500,44.810
349,349,11.633,533.779,486.011,50.836,46.287,380,1,577,482,54.952,45.905,470.500,44.810
350,350,11.667,532.693,485.658,50.733,46.253,372,1,577,482,54.952,45.905,470.500,44.810
351,351,11.700,532.535,485.639,50.718,46.251,368,1,577,482,54.952,45.905,470.500,44.810
352,352,11.733,532.431,485.625,50.708,46.250,372,1,577,482,54.952,45.905,470.500,44.810
353,353,11.767,532.438,485.619,50.708,46.249,371,1,577,482,54.952,45.905,470.500,44.810
354,354,11.800,532.370,485.669,50.702,46.254,372,1,577,482,54.952,45.905,470.500,44.810
355,355,11.833,532.513,485.784,50.716,46.265,378,1,577,482,54.952,45.905,470.500,44.810
356,356,11.867,532.595,485.814,50.723,46.268,375,1,577,482,54.952,45.905,470.500,44.810
357,357,11.900,532.745,485.717,50.738,46.259,374,1,577,482,54.952,45.905,470.500,44.810
358,358,11.933,532.834,485.906,50.746,46.277,377,1,577,482,54.952,45.905,470.500,44.810
359,359,11.967,532.905,485.880,50.753,46.274,380,1,577,482,54.952,45.905,470.500,44.810
360,360,12.000,532.989,485.897,50.761,46.276,381,1,577,482,54.952,45.905,470.500,44.810
361,361,12.033,533.252,486.051,50.786,46.291,373,1,577,482,54.952,45.905,470.500,44.810
362,362,12.067,533.032,485.969,50.765,46.283,367,1,577,482,54.952,45.905,470.500,44.810
363,363,12.100,533.122,485.919,50.774,46.278,370,1,577,482,54.952,45.905,470.500,44.810
364,364,12.133,533.073,485.871,50.769,46.273,372,1,577,482,54.952,45.905,470.500,44.810
365,365,12.167,532.968,485.880,50.759,46.274,367,1,577,482,54.952,45.905,470.500,44.810
366,366,12.200,532.931,485.786,50.755,46.265,369,1,577,482,54.952,45.905,470.500,44.810
367,367,12.233,532.489,485.644,50.713,46.252,378,1,577,482,54.952,45.905,470.500,44.810
368,368,12.267,532.266,485.483,50.692,46.236,380,1,577,482,54.952,45.905,470.500,44.810
369,369,12.300,531.889,485.315,50.656,46.221,382,1,577,482,54.952,45.905,470.500,44.810
370,370,12.333,531.671,485.207,50.635,46.210,384,1,577,482,54.952,45.905,470.500,44.810
371,371,12.367,531.414,485.053,50.611,46.196,387,1,577,482,54.952,45.905,470.500,44.810
372,372,12.400,531.186,484.996,50.589,46.190,385,1,577,482,54.952,45.905,470.500,44.810
373,373,12.433,530.500,484.653,50.524,46.157,388,1,577,482,54.952,45.905,470.500,44.810
374,374,12.467,530.176,484.404,50.493,46.134,400,1,577,482,54.952,45.905,470.500,44.810
375,375,12.500,529.823,484.111,50.459,46.106,392,1,577,482,54.952,45.905,470.500,44.810
376,376,12.533,529.188,483.871,50.399,46.083,400,1,577,482,54.952,45.905,470.500,44.810
377,377,12.567,528.176,483.475,50.302,46.045,411,1,577,482,54.952,45.905,470.500,44.810
378,378,12.600,527.781,483.313,50.265,46.030,407,1,577,482,54.952,45.905,470.500,44.810
379,379,12.633,527.209,483.124,50.210,46.012,398,1,577,482,54.952,45.905,470.500,44.810
380,380,12.667,526.786,482.900,50.170,45.991,396,1,577,482,54.952,45.905,470.500,44.810
381,381,12.700,526.408,482.685,50.134,45.970,387,1,577,482,54.952,45.905,470.500,44.810
382,382,12.733,526.046,482.478,50.100,45.950,388,1,577,482,54.952,45.905,470.500,44.810
383,383,12.767,525.860,482.343,50.082,45.937,392,1,577,482,54.952,45.905,470.500,44.810
384,384,12.800,525.292,482.099,50.028,45.914,386,1,577,482,54.952,45.905,470.500,44.810
385,385,12.833,525.160,482.003,50.015,45.905,382,1,577,482,54.952,45.905,470.500,44.810
386,386,12.867,525.008,481.843,50.001,45.890,389,1,577,482,54.952,45.905,470.500,44.810
387,387,12.900,525.155,481.898,50.015,45.895,382,1,577,482,54.952,45.905,470.500,44.810
388,388,12.933,525.238,481.979,50.023,45.903,382,1,577,482,54.952,45.905,470.500,44.810
389,389,12.967,524.891,481.836,49.990,45.889,372,1,577,482,54.952,45.905,470.500,44.810
390,390,13.000,524.758,481.844,49.977,45.890,382,1,577,482,54.952,45.905,470.500,44.810
391,391,13.033,524.684,481.866,49.970,45.892,376,1,577,482,54.952,45.905,470.500,44.810
392,392,13.067,524.804,481.894,49.981,45.895,379,1,577,482,54.952,45.905,470.500,44.810
393,393,13.100,524.576,481.885,49.960,45.894,382,1,577,482,54.952,45.905,470.500,44.810
394,394,13.133,525.114,481.959,50.011,45.901,384,1,577,482,54.952,45.905,470.500,44.810
395,395,13.167,524.978,481.954,49.998,45.900,383,1,577,482,54.952,45.905,470.500,44.810
396,396,13.200,525.041,482.057,50.004,45.910,384,1,577,482,54.952,45.905,470.500,44.810
397,397,13.233,525.026,481.998,50.003,45.905,381,1,577,482,54.952,45.905,470.500,44.810
398,398,13.267,525.031,481.915,50.003,45.897,386,1,577,482,54.952,45.905,470.500,44.810
399,399,13.300,524.956,481.881,49.996,45.893,374,1,577,482,54.952,45.905,470.500,44.810
400,400,13.333,524.863,481.780,49.987,45.884,379,1,577,482,54.952,45.905,470.500,44.810
401,401,13.367,524.628,481.537,49.965,45.861,383,1,577,482,54.952,45.905,470.500,44.810
402,402,13.400,524.671,481.508,49.969,45.858,379,1,577,482,54.952,45.905,470.500,44.810
403,403,13.433,524.473,481.383,49.950,45.846,379,1,577,482,54.952,45.905,470.500,44.810
404,404,13.467,523.851,481.103,49.891,45.819,384,1,577,482,54.952,45.905,470.500,44.810
405,405,13.500,523.615,480.931,49.868,45.803,388,1,577,482,54.952,45.905,470.500,44.810
406,406,13.533,523.095,480.680,49.819,45.779,397,1,577,482,54.952,45.905,470.500,44.810
407,407,13.567,522.699,480.390,49.781,45.751,399,1,577,482,54.952,45.905,470.500,44.810
408,408,13.600,522.224,480.193,49.736,45.733,394,1,577,482,54.952,45.905,470.500,44.810
409,409,13.633,521.848,479.948,49.700,45.709,400,1,577,482,54.952,45.905,470.500,44.810
410,410,13.667,521.438,479.835,49.661,45.699,399,1,577,482,54.952,45.905,470.500,44.810
411,411,13.700,520.920,479.531,49.611,45.670,399,1,577,482,54.952,45.905,470.500,44.810
412,412,13.733,520.515,479.401,49.573,45.657,393,1,577,482,54.952,45.905,470.500,44.810
413,413,13.767,520.120,479.304,49.535,45.648,399,1,577,482,54.952,45.905,470.500,44.810
414,414,13.800,519.206,478.910,49.448,45.610,406,1,577,482,54.952,45.905,470.500,44.810
415,415,13.833,518.699,478.760,49.400,45.596,412,1,577,482,54.952,45.905,470.500,44.810
416,416,13.867,518.250,478.483,49.357,45.570,408,1,577,482,54.952,45.905,470.500,44.810
417,417,13.900,517.856,478.335,49.320,45.556,402,1,577,482,54.952,45.905,470.500,44.810
418,418,13.933,516.779,477.876,49.217,45.512,410,1,577,482,54.952,45.905,470.500,44.810
419,419,13.967,516.346,477.709,49.176,45.496,400,1,577,482,54.952,45.905,470.500,44.810
420,420,14.000,516.146,477.612,49.157,45.487,391,1,577,482,54.952,45.905,470.500,44.810
421,421,14.033,515.983,477.502,49.141,45.476,384,1,577,482,54.952,45.905,470.500,44.810
422,422,14.067,515.700,477.366,49.114,45.463,395,1,577,482,54.952,45.905,470.500,44.810
423,423,14.100,515.734,477.359,49.117,45.463,396,1,577,482,54.952,45.905,470.500,44.810
424,424,14.133,515.905,477.376,49.134,45.464,399,1,577,482,54.952,45.905,470.500,44.810
425,425,14.167,515.897,477.452,49.133,45.472,394,1,577,482,54.952,45.905,470.500,44.810
426,426,14.200,515.741,477.337,49.118,45.461,395,1,577,482,54.952,45.905,470.500,44.810
427,427,14.233,515.952,477.397,49.138,45.466,399,1,577,482,54.952,45.905,470.500,44.810
428,428,14.267,516.037,477.362,49.146,45.463,403,1,577,482,54.952,45.905,470.500,44.810
429,429,14.300,516.349,477.458,49.176,45.472,396,1,577,482,54.952,45.905,470.500,44.810
430,430,14.333,516.376,477.414,49.179,45.468,398,1,577,482,54.952,45.905,470.500,44.810
431,431,14.367,516.332,477.409,49.174,45.468,400,1,577,482,54.952,45.905,470.500,44.810
432,432,14.400,516.206,477.330,49.162,45.460,399,1,577,482,54.952,45.905,470.500,44.810
433,433,14.433,516.124,477.257,49.155,45.453,398,1,577,482,54.952,45.905,470.500,44.810
434,434,14.467,515.986,477.195,49.141,45.447,400,1,577,482,54.952,45.905,470.500,44.810
435,435,14.500,515.878,477.041,49.131,45.432,396,1,577,482,54.952,45.905,470.500,44.810
436,436,14.533,515.585,476.831,49.103,45.412,394,1,577,482,54.952,45.905,470.500,44.810
437,437,14.567,515.371,476.786,49.083,45.408,401,1,577,482,54.952,45.905,470.500,44.810
438,438,14.600,514.982,476.604,49.046,45.391,401,1,577,482,54.952,45.905,470.500,44.810
439,439,14.633,514.676,476.497,49.017,45.381,401,1,577,482,54.952,45.905,470.500,44.810
440,440,14.667,514.275,476.347,48.979,45.366,403,1,577,482,54.952,45.905,470.500,44.810
441,441,14.700,513.964,476.243,48.949,45.356,408,1,577,482,54.952,45.905,470.500,44.810
442,442,14.733,513.412,476.096,48.896,45.343,419,1,577,482,54.952,45.905,470.500,44.810
443,443,14.767,513.405,476.250,48.896,45.357,410,1,577,482,54.952,45.905,470.500,44.810
444,444,14.800,513.382,476.239,48.894,45.356,409,1,577,482,54.952,45.905,470.500,44.810
445,445,14.833,513.036,476.075,48.861,45.340,409,1,577,482,54.952,45.905,470.500,44.810
446,446,14.867,513.104,475.839,48.867,45.318,411,1,577,482,54.952,45.905,470.500,44.810
447,447,14.900,512.771,475.608,48.835,45.296,406,1,577,482,54.952,45.905,470.500,44.810
448,448,14.933,512.455,475.478,48.805,45.284,403,1,577,482,54.952,45.905,470.500,44.810
449,449,14.967,511.985,475.291,48.760,45.266,401,1,577,482,54.952,45.905,470.500,44.810
450,450,15.000,511.900,475.298,48.752,45.267,405,1,577,482,54.952,45.905,470.500,44.810
451,451,15.033,510.999,474.817,48.667,45.221,418,1,577,482,54.952,45.905,470.500,44.810
452,452,15.067,510.831,474.702,48.651,45.210,411,1,577,482,54.952,45.905,470.500,44.810
453,453,15.100,510.545,474.553,48.623,45.196,399,1,577,482,54.952,45.905,470.500,44.810
454,454,15.133,510.210,474.396,48.591,45.181,400,1,577,482,54.952,45.905,470.500,44.810
455,455,15.167,509.876,474.234,48.560,45.165,395,1,577,482,54.952,45.905,470.500,44.810
456,456,15.200,509.575,474.086,48.531,45.151,397,1,577,482,54.952,45.905,470.500,44.810
457,457,15.233,509.379,473.967,48.512,45.140,393,1,577,482,54.952,45.905,470.500,44.810
458,458,15.267,509.297,473.917,48.504,45.135,391,1,577,482,54.952,45.905,470.500,44.810
459,459,15.300,509.202,473.888,48.495,45.132,387,1,577,482,54.952,45.905,470.500,44.810
460,460,15.333,509.009,473.781,48.477,45.122,396,1,577,482,54.952,45.905,470.500,44.810
461,461,15.367,509.167,473.866,48.492,45.130,389,1,577,482,54.952,45.905,470.500,44.810
462,462,15.400,509.224,473.844,48.498,45.128,392,1,577,482,54.952,45.905,470.500,44.810
463,463,15.433,509.182,473.790,48.493,45.123,388,1,577,482,54.952,45.905,470.500,44.810
464,464,15.467,509.091,473.816,48.485,45.125,386,1,577,482,54.952,45.905,470.500,44.810
465,465,15.500,508.902,473.771,48.467,45.121,389,1,577,482,54.952,45.905,470.500,44.810
466,466,15.533,509.249,473.844,48.500,45.128,382,1,577,482,54.952,45.905,470.500,44.810
467,467,15.567,508.972,473.860,48.474,45.130,386,1,577,482,54.952,45.905,470.500,44.810
468,468,15.600,509.155,473.911,48.491,45.134,382,1,577,482,54.952,45.905,470.500,44.810
469,469,15.633,509.042,473.859,48.480,45.129,384,1,577,482,54.952,45.905,470.500,44.810
470,470,15.667,509.277,474.027,48.503,45.145,386,1,577,482,54.952,45.905,470.500,44.810
471,471,15.700,509.208,474.062,48.496,45.149,383,1,577,482,54.952,45.905,470.500,44.810
472,472,15.733,509.116,474.077,48.487,45.150,383,1,577,482,54.952,45.905,470.500,44.810
473,473,15.767,509.471,474.376,48.521,45.179,378,1,577,482,54.952,45.905,470.500,44.810
474,474,15.800,509.004,474.223,48.477,45.164,375,1,577,482,54.952,45.905,470.500,44.810
475,475,15.833,509.104,474.171,48.486,45.159,382,1,577,482,54.952,45.905,470.500,44.810
476,476,15.867,509.025,474.008,48.479,45.144,384,1,577,482,54.952,45.905,470.500,44.810
477,477,15.900,508.966,474.080,48.473,45.151,381,1,577,482,54.952,45.905,470.500,44.810
478,478,15.933,508.737,473.746,48.451,45.119,375,1,577,482,54.952,45.905,470.500,44.810
479,479,15.967,508.471,473.723,48.426,45.117,372,1,577,482,54.952,45.905,470.500,44.810
480,480,16.000,508.262,473.599,48.406,45.105,374,1,577,482,54.952,45.905,470.500,44.810
481,481,16.033,507.993,473.448,48.380,45.090,378,1,577,482,54.952,45.905,470.500,44.810
482,482,16.067,507.366,473.129,48.321,45.060,380,1,577,482,54.952,45.905,470.500,44.810
483,483,16.100,507.442,473.172,48.328,45.064,383,1,577,482,54.952,45.905,470.500,44.810
484,484,16.133,507.176,473.090,48.302,45.056,382,1,577,482,54.952,45.905,470.500,44.810
485,485,16.167,507.374,473.124,48.321,45.059,385,1,577,482,54.952,45.905,470.500,44.810
486,486,16.200,507.184,473.060,48.303,45.053,381,1,577,482,54.952,45.905,470.500,44.810
487,487,16.233,507.104,473.057,48.296,45.053,384,1,577,482,54.952,45.905,470.500,44.810
488,488,16.267,507.257,472.952,48.310,45.043,390,1,577,482,54.952,45.905,470.500,44.810
489,489,16.300,507.326,472.980,48.317,45.046,390,1,577,482,54.952,45.905,470.500,44.810
490,490,16.333,507.256,472.906,48.310,45.039,389,1,577,482,54.952,45.905,470.500,44.810
491,491,16.367,507.231,472.923,48.308,45.040,394,1,577,482,54.952,45.905,470.500,44.810
492,492,16.400,507.028,472.756,48.288,45.024,393,1,577,482,54.952,45.905,470.500,44.810
493,493,16.433,506.909,472.737,48.277,45.023,396,1,577,482,54.952,45.905,470.500,44.810
494,494,16.467,506.957,472.753,48.282,45.024,395,1,577,482,54.952,45.905,470.500,44.810
495,495,16.500,506.693,472.598,48.256,45.009,392,1,577,482,54.952,45.905,470.500,44.810
496,496,16.533,506.613,472.477,48.249,44.998,389,1,577,482,54.952,45.905,470.500,44.810
497,497,16.567,506.487,472.399,48.237,44.990,397,1,577,482,54.952,45.905,470.500,44.810
498,498,16.600,506.562,472.409,48.244,44.991,389,1,577,482,54.952,45.905,470.500,44.810
499,499,16.633,506.342,472.211,48.223,44.972,390,1,577,482,54.952,45.905,470.500,44.810
500,500,16.667,506.393,472.350,48.228,44.986,394,1,577,482,54.952,45.905,470.500,44.810
501,501,16.700,506.351,472.376,48.224,44.988,398,1,577,482,54.952,45.905,470.500,44.810
502,502,16.733,506.568,472.376,48.245,44.988,390,1,577,482,54.952,45.905,470.500,44.810
503,503,16.767,506.370,472.276,48.226,44.979,395,1,577,482,54.952,45.905,470.500,44.810
504,504,16.800,506.299,472.178,48.219,44.969,395,1,577,482,54.952,45.905,470.500,44.810
505,505,16.833,505.974,471.902,48.188,44.943,398,1,577,482,54.952,45.905,470.500,44.810
506,506,16.867,505.906,471.905,48.182,44.943,399,1,577,482,54.952,45.905,470.500,44.810
507,507,16.900,505.949,471.949,48.186,44.948,401,1,577,482,54.952,45.905,470.500,44.810
508,508,16.933,505.694,471.773,48.161,44.931,397,1,577,482,54.952,45.905,470.500,44.810
509,509,16.967,505.678,471.752,48.160,44.929,398,1,577,482,54.952,45.905,470.500,44.810
510,510,17.000,505.587,471.681,48.151,44.922,392,1,577,482,54.952,45.905,470.500,44.810
511,511,17.033,505.294,471.571,48.123,44.911,396,1,577,482,54.952,45.905,470.500,44.810
512,512,17.067,505.167,471.427,48.111,44.898,396,1,577,482,54.952,45.905,470.500,44.810
513,513,17.100,504.698,471.124,48.067,44.869,399,1,577,482,54.952,45.905,470.500,44.810
514,514,17.133,504.587,471.114,48.056,44.868,400,1,577,482,54.952,45.905,470.500,44.810
515,515,17.167,503.761,470.458,47.977,44.806,402,1,577,482,54.952,45.905,470.500,44.810
516,516,17.200,503.509,470.309,47.953,44.791,401,1,577,482,54.952,45.905,470.500,44.810
517,517,17.233,502.938,470.002,47.899,44.762,409,1,577,482,54.952,45.905,470.500,44.810
518,518,17.267,502.703,469.771,47.876,44.740,400,1,577,482,54.952,45.905,470.500,44.810
519,519,17.300,502.472,469.645,47.854,44.728,393,1,577,482,54.952,45.905,470.500,44.810
520,520,17.333,502.374,469.526,47.845,44.717,394,1,577,482,54.952,45.905,470.500,44.810
521,521,17.367,502.212,469.454,47.830,44.710,395,1,577,482,54.952,45.905,470.500,44.810
522,522,17.400,502.066,469.383,47.816,44.703,391,1,577,482,54.952,45.905,470.500,44.810
523,523,17.433,501.826,469.308,47.793,44.696,399,1,577,482,54.952,45.905,470.500,44.810
524,524,17.467,501.706,469.326,47.782,44.698,394,1,577,482,54.952,45.905,470.500,44.810
525,525,17.500,501.719,469.298,47.783,44.695,396,1,577,482,54.952,45.905,470.500,44.810
526,526,17.533,501.511,469.379,47.763,44.703,391,1,577,482,54.952,45.905,470.500,44.810
527,527,17.567,501.581,469.428,47.770,44.707,401,1,577,482,54.952,45.905,470.500,44.810
528,528,17.600,501.708,469.551,47.782,44.719,395,1,577,482,54.952,45.905,470.500,44.810
529,529,17.633,501.859,469.653,47.796,44.729,393,1,577,482,54.952,45.905,470.500,44.810
530,530,17.667,501.869,469.735,47.797,44.737,397,1,577,482,54.952,45.905,470.500,44.810
531,531,17.700,501.649,469.671,47.776,44.731,391,1,577,482,54.952,45.905,470.500,44.810
532,532,17.733,502.061,469.938,47.815,44.756,394,1,577,482,54.952,45.905,470.500,44.810
533,533,17.767,502.048,469.940,47.814,44.756,393,1,577,482,54.952,45.905,470.500,44.810
534,534,17.800,501.766,469.885,47.787,44.751,393,1,577,482,54.952,45.905,470.500,44.810
535,535,17.833,501.839,470.027,47.794,44.764,379,1,577,482,54.952,45.905,470.500,44.810
536,536,17.867,501.612,469.710,47.773,44.734,394,1,577,482,54.952,45.905,470.500,44.810
537,537,17.900,501.368,469.637,47.749,44.727,389,1,577,482,54.952,45.905,470.500,44.810
538,538,17.933,501.172,469.461,47.731,44.711,393,1,577,482,54.952,45.905,470.500,44.810
539,539,17.967,501.003,469.294,47.715,44.695,389,1,577,482,54.952,45.905,470.500,44.810
540,540,18.000,500.900,469.189,47.705,44.685,388,1,577,482,54.952,45.905,470.500,44.810
541,541,18.033,500.227,468.753,47.641,44.643,395,1,577,482,54.952,45.905,470.500,44.810
542,542,18.067,500.268,468.775,47.645,44.645,386,1,577,482,54.952,45.905,470.500,44.810
543,543,18.100,500.170,468.587,47.635,44.627,393,1,577,482,54.952,45.905,470.500,44.810
544,544,18.133,500.167,468.571,47.635,44.626,393,1,577,482,54.952,45.905,470.500,44.810
545,545,18.167,499.760,468.322,47.596,44.602,399,1,577,482,54.952,45.905,470.500,44.810
546,546,18.200,499.660,468.168,47.587,44.587,400,1,577,482,54.952,45.905,470.500,44.810
547,547,18.233,499.170,467.898,47.540,44.562,407,1,577,482,54.952,45.905,470.500,44.810
548,548,18.267,499.188,467.880,47.542,44.560,406,1,577,482,54.952,45.905,470.500,44.810
549,549,18.300,498.881,467.739,47.512,44.547,399,1,577,482,54.952,45.905,470.500,44.810
550,550,18.333,498.738,467.599,47.499,44.533,402,1,577,482,54.952,45.905,470.500,44.810
551,551,18.367,498.735,467.573,47.499,44.531,405,1,577,482,54.952,45.905,470.500,44.810
552,552,18.400,498.639,467.442,47.489,44.518,402,1,577,482,54.952,45.905,470.500,44.810
553,553,18.433,498.202,467.097,47.448,44.485,410,1,577,482,54.952,45.905,470.500,44.810
554,554,18.467,497.880,466.864,47.417,44.463,412,1,577,482,54.952,45.905,470.500,44.810
555,555,18.500,497.748,466.739,47.405,44.451,411,1,577,482,54.952,45.905,470.500,44.810
556,556,18.533,497.317,466.625,47.364,44.440,412,1,577,482,54.952,45.905,470.500,44.810
557,557,18.567,497.162,466.498,47.349,44.428,411,1,577,482,54.952,45.905,470.500,44.810
558,558,18.600,496.817,466.190,47.316,44.399,422,1,577,482,54.952,45.905,470.500,44.810
559,559,18.633,496.636,466.053,47.299,44.386,418,1,577,482,54.952,45.905,470.500,44.810
560,560,18.667,496.366,465.865,47.273,44.368,416,1,577,482,54.952,45.905,470.500,44.810
561,561,18.700,496.295,465.778,47.266,44.360,417,1,577,482,54.952,45.905,470.500,44.810
562,562,18.733,496.009,465.648,47.239,44.347,409,1,577,482,54.952,45.905,470.500,44.810
563,563,18.767,495.845,465.581,47.223,44.341,409,1,577,482,54.952,45.905,470.500,44.810
564,564,18.800,495.524,465.426,47.193,44.326,407,1,577,482,54.952,45.905,470.500,44.810
565,565,18.833,495.508,465.331,47.191,44.317,411,1,577,482,54.952,45.905,470.500,44.810
566,566,18.867,495.713,465.362,47.211,44.320,413,1,577,482,54.952,45.905,470.500,44.810
567,567,18.900,495.533,465.125,47.194,44.298,406,1,577,482,54.952,45.905,470.500,44.810
568,568,18.933,495.144,464.866,47.157,44.273,390,1,577,482,54.952,45.905,470.500,44.810
569,569,18.967,494.982,464.840,47.141,44.271,395,1,577,482,54.952,45.905,470.500,44.810
570,570,19.000,494.618,464.527,47.107,44.241,401,1,577,482,54.952,45.905,470.500,44.810
571,571,19.033,494.691,464.603,47.113,44.248,394,1,577,482,54.952,45.905,470.500,44.810
572,572,19.067,494.645,464.487,47.109,44.237,402,1,577,482,54.952,45.905,470.500,44.810
573,573,19.100,494.446,464.535,47.090,44.241,407,1,577,482,54.952,45.905,470.500,44.810
574,574,19.133,494.490,464.482,47.094,44.236,406,1,577,482,54.952,45.905,470.500,44.810
575,575,19.167,494.653,464.654,47.110,44.253,398,1,577,482,54.952,45.905,470.500,44.810
576,576,19.200,494.821,464.746,47.126,44.261,398,1,577,482,54.952,45.905,470.500,44.810
577,577,19.233,494.703,464.686,47.115,44.256,399,1,577,482,54.952,45.905,470.500,44.810
578,578,19.267,494.712,464.669,47.115,44.254,402,1,577,482,54.952,45.905,470.500,44.810
579,579,19.300,494.755,464.743,47.120,44.261,398,1,577,482,54.952,45.905,470.500,44.810
580,580,19.333,494.856,464.793,47.129,44.266,396,1,577,482,54.952,45.905,470.500,44.810
581,581,19.367,494.864,464.804,47.130,44.267,397,1,577,482,54.952,45.905,470.500,44.810
582,582,19.400,494.920,464.774,47.135,44.264,400,1,577,482,54.952,45.905,470.500,44.810
583,583,19.433,495.181,464.980,47.160,44.284,404,1,577,482,54.952,45.905,470.500,44.810
584,584,19.467,494.840,464.718,47.128,44.259,398,1,577,482,54.952,45.905,470.500,44.810
585,585,19.500,495.068,464.902,47.149,44.276,392,1,577,482,54.952,45.905,470.500,44.810
586,586,19.533,495.038,464.884,47.146,44.275,395,1,577,482,54.952,45.905,470.500,44.810
587,587,19.567,495.093,464.860,47.152,44.272,388,1,577,482,54.952,45.905,470.500,44.810
588,588,19.600,495.137,464.901,47.156,44.276,387,1,577,482,54.952,45.905,470.500,44.810
589,589,19.633,495.058,464.831,47.148,44.270,393,1,577,482,54.952,45.905,470.500,44.810
590,590,19.667,495.556,465.127,47.196,44.298,392,1,577,482,54.952,45.905,470.500,44.810
591,591,19.700,495.371,464.975,47.178,44.283,378,1,577,482,54.952,45.905,470.500,44.810
592,592,19.733,495.202,464.852,47.162,44.272,380,1,577,482,54.952,45.905,470.500,44.810
593,593,19.767,495.366,464.966,47.178,44.283,391,1,577,482,54.952,45.905,470.500,44.810
594,594,19.800,495.232,464.832,47.165,44.270,387,1,577,482,54.952,45.905,470.500,44.810
595,595,19.833,495.271,464.807,47.169,44.267,389,1,577,482,54.952,45.905,470.500,44.810
596,596,19.867,495.304,464.819,47.172,44.268,390,1,577,482,54.952,45.905,470.500,44.810
597,597,19.900,495.246,464.762,47.166,44.263,390,1,577,482,54.952,45.905,470.500,44.810
598,598,19.933,495.116,464.646,47.154,44.252,393,1,577,482,54.952,45.905,470.500,44.810
599,599,19.967,495.241,464.580,47.166,44.246,392,1,577,482,54.952,45.905,470.500,44.810
600,600,20.000,494.983,464.567,47.141,44.244,388,1,577,482,54.952,45.905,470.500,44.810
601,601,20.033,494.358,464.083,47.082,44.198,390,1,577,482,54.952,45.905,470.500,44.810
602,602,20.067,494.397,464.092,47.085,44.199,393,1,577,482,54.952,45.905,470.500,44.810
603,603,20.100,494.270,464.047,47.073,44.195,395,1,577,482,54.952,45.905,470.500,44.810
604,604,20.133,494.129,464.040,47.060,44.194,397,1,577,482,54.952,45.905,470.500,44.810
605,605,20.167,494.140,464.039,47.061,44.194,398,1,577,482,54.952,45.905,470.500,44.810
606,606,20.200,493.707,463.899,47.020,44.181,404,1,577,482,54.952,45.905,470.500,44.810
607,607,20.233,493.332,463.716,46.984,44.163,407,1,577,482,54.952,45.905,470.500,44.810
608,608,20.267,493.362,463.799,46.987,44.171,407,1,577,482,54.952,45.905,470.500,44.810
609,609,20.300,493.241,463.903,46.975,44.181,406,1,577,482,54.952,45.905,470.500,44.810
610,610,20.333,493.112,463.858,46.963,44.177,403,1,577,482,54.952,45.905,470.500,44.810
611,611,20.367,492.992,463.850,46.952,44.176,407,1,577,482,54.952,45.905,470.500,44.810
612,612,20.400,492.368,463.742,46.892,44.166,422,1,577,482,54.952,45.905,470.500,44.810
613,613,20.433,492.267,463.687,46.883,44.161,418,1,577,482,54.952,45.905,470.500,44.810
614,614,20.467,492.082,463.672,46.865,44.159,422,1,577,482,54.952,45.905,470.500,44.810
615,615,20.500,492.037,463.663,46.861,44.158,420,1,577,482,54.952,45.905,470.500,44.810
616,616,20.533,491.746,463.543,46.833,44.147,422,1,577,482,54.952,45.905,470.500,44.810
617,617,20.567,491.723,463.530,46.831,44.146,421,1,577,482,54.952,45.905,470.500,44.810
618,618,20.600,491.783,463.569,46.837,44.149,417,1,577,482,54.952,45.905,470.500,44.810
619,619,20.633,491.617,463.512,46.821,44.144,412,1,577,482,54.952,45.905,470.500,44.810
620,620,20.667,491.275,463.331,46.788,44.127,413,1,577,482,54.952,45.905,470.500,44.810
621,621,20.700,490.965,463.180,46.759,44.112,417,1,577,482,54.952,45.905,470.500,44.810
622,622,20.733,490.671,463.138,46.731,44.108,416,1,577,482,54.952,45.905,470.500,44.810
623,623,20.767,490.188,462.990,46.685,44.094,422,1,577,482,54.952,45.905,470.500,44.810
624,624,20.800,489.819,462.851,46.649,44.081,411,1,577,482,54.952,45.905,470.500,44.810
625,625,20.833,489.411,462.857,46.611,44.082,399,1,577,482,54.952,45.905,470.500,44.810
626,626,20.867,489.453,462.843,46.615,44.080,386,1,577,482,54.952,45.905,470.500,44.810
627,627,20.900,489.256,462.777,46.596,44.074,386,1,577,482,54.952,45.905,470.500,44.810
628,628,20.933,488.387,462.483,46.513,44.046,400,1,577,482,54.952,45.905,470.500,44.810
629,629,20.967,488.260,462.296,46.501,44.028,400,1,577,482,54.952,45.905,470.500,44.810
630,630,21.000,487.922,462.244,46.469,44.023,398,1,577,482,54.952,45.905,470.500,44.810
631,631,21.033,487.610,462.080,46.439,44.008,396,1,577,482,54.952,45.905,470.500,44.810
632,632,21.067,487.400,461.992,46.419,43.999,396,1,577,482,54.952,45.905,470.500,44.810
633,633,21.100,487.262,462.025,46.406,44.002,395,1,577,482,54.952,45.905,470.500,44.810
634,634,21.133,487.204,461.929,46.400,43.993,396,1,577,482,54.952,45.905,470.500,44.810
635,635,21.167,487.053,461.851,46.386,43.986,398,1,577,482,54.952,45.905,470.500,44.810
636,636,21.200,487.070,461.757,46.388,43.977,400,1,577,482,54.952,45.905,470.500,44.810
637,637,21.233,486.964,461.728,46.377,43.974,400,1,577,482,54.952,45.905,470.500,44.810
638,638,21.267,487.077,461.696,46.388,43.971,400,1,577,482,54.952,45.905,470.500,44.810
639,639,21.300,487.118,461.633,46.392,43.965,400,1,577,482,54.952,45.905,470.500,44.810
640,640,21.333,487.152,461.588,46.395,43.961,397,1,577,482,54.952,45.905,470.500,44.810
641,641,21.367,487.124,461.508,46.393,43.953,396,1,577,482,54.952,45.905,470.500,44.810
642,642,21.400,487.203,461.405,46.400,43.943,400,1,577,482,54.952,45.905,470.500,44.810
643,643,21.433,487.120,461.240,46.392,43.928,394,1,577,482,54.952,45.905,470.500,44.810
644,644,21.467,487.228,461.157,46.403,43.920,398,1,577,482,54.952,45.905,470.500,44.810
645,645,21.500,487.353,461.204,46.415,43.924,399,1,577,482,54.952,45.905,470.500,44.810
646,646,21.533,487.443,461.209,46.423,43.925,397,1,577,482,54.952,45.905,470.500,44.810
647,647,21.567,487.364,461.198,46.416,43.924,400,1,577,482,54.952,45.905,470.500,44.810
648,648,21.600,487.009,461.103,46.382,43.915,393,1,577,482,54.952,45.905,470.500,44.810
649,649,21.633,486.991,461.111,46.380,43.915,396,1,577,482,54.952,45.905,470.500,44.810
650,650,21.667,486.718,461.057,46.354,43.910,394,1,577,482,54.952,45.905,470.500,44.810
651,651,21.700,486.598,461.147,46.343,43.919,405,1,577,482,54.952,45.905,470.500,44.810
652,652,21.733,486.409,461.165,46.325,43.921,399,1,577,482,54.952,45.905,470.500,44.810
653,653,21.767,486.013,461.115,46.287,43.916,393,1,577,482,54.952,45.905,470.500,44.810
654,654,21.800,485.614,461.090,46.249,43.913,395,1,577,482,54.952,45.905,470.500,44.810
655,655,21.833,485.244,460.984,46.214,43.903,395,1,577,482,54.952,45.905,470.500,44.810
656,656,21.867,485.138,461.055,46.204,43.910,399,1,577,482,54.952,45.905,470.500,44.810
657,657,21.900,484.447,460.833,46.138,43.889,411,1,577,482,54.952,45.905,470.500,44.810
658,658,21.933,484.123,460.798,46.107,43.885,410,1,577,482,54.952,45.905,470.500,44.810
659,659,21.967,484.258,460.955,46.120,43.900,403,1,577,482,54.952,45.905,470.500,44.810
660,660,22.000,483.972,460.854,46.093,43.891,401,1,577,482,54.952,45.905,470.500,44.810
661,661,22.033,483.559,460.661,46.053,43.872,401,1,577,482,54.952,45.905,470.500,44.810
662,662,22.067,483.340,460.683,46.032,43.875,407,1,577,482,54.952,45.905,470.500,44.810
663,663,22.100,483.020,460.499,46.002,43.857,402,1,577,482,54.952,45.905,470.500,44.810
664,664,22.133,483.005,460.494,46.000,43.857,402,1,577,482,54.952,45.905,470.500,44.810
665,665,22.167,482.698,460.372,45.971,43.845,403,1,577,482,54.952,45.905,470.500,44.810
666,666,22.200,482.669,460.298,45.968,43.838,402,1,577,482,54.952,45.905,470.500,44.810
667,667,22.233,482.396,460.276,45.942,43.836,403,1,577,482,54.952,45.905,470.500,44.810
668,668,22.267,482.151,460.199,45.919,43.828,412,1,577,482,54.952,45.905,470.500,44.810
669,669,22.300,481.937,460.108,45.899,43.820,408,1,577,482,54.952,45.905,470.500,44.810
670,670,22.333,481.624,459.941,45.869,43.804,408,1,577,482,54.952,45.905,470.500,44.810
671,671,22.367,481.278,459.870,45.836,43.797,405,1,577,482,54.952,45.905,470.500,44.810
672,672,22.400,480.578,459.617,45.769,43.773,415,1,577,482,54.952,45.905,470.500,44.810
673,673,22.433,480.395,459.561,45.752,43.768,411,1,577,482,54.952,45.905,470.500,44.810
674,674,22.467,479.992,459.388,45.713,43.751,407,1,577,482,54.952,45.905,470.500,44.810
675,675,22.500,479.844,459.310,45.699,43.744,407,1,577,482,54.952,45.905,470.500,44.810
676,676,22.533,479.459,459.171,45.663,43.731,401,1,577,482,54.952,45.905,470.500,44.810
677,677,22.567,479.132,459.023,45.632,43.717,399,1,577,482,54.952,45.905,470.500,44.810
678,678,22.600,478.714,458.857,45.592,43.701,399,1,577,482,54.952,45.905,470.500,44.810
679,679,22.633,478.419,458.712,45.564,43.687,401,1,577,482,54.952,45.905,470.500,44.810
680,680,22.667,477.998,458.503,45.524,43.667,403,1,577,482,54.952,45.905,470.500,44.810
681,681,22.700,477.822,458.397,45.507,43.657,400,1,577,482,54.952,45.905,470.500,44.810
682,682,22.733,477.640,458.300,45.490,43.648,397,1,577,482,54.952,45.905,470.500,44.810
683,683,22.767,477.661,458.293,45.491,43.647,399,1,577,482,54.952,45.905,470.500,44.810
684,684,22.800,477.460,458.158,45.472,43.634,395,1,577,482,54.952,45.905,470.500,44.810
685,685,22.833,477.289,458.098,45.456,43.628,398,1,577,482,54.952,45.905,470.500,44.810
686,686,22.867,477.314,457.934,45.458,43.613,401,1,577,482,54.952,45.905,470.500,44.810
687,687,22.900,477.338,457.986,45.461,43.618,398,1,577,482,54.952,45.905,470.500,44.810
688,688,22.933,477.424,457.990,45.469,43.618,393,1,577,482,54.952,45.905,470.500,44.810
689,689,22.967,477.348,457.965,45.462,43.616,392,1,577,482,54.952,45.905,470.500,44.810
690,690,23.000,477.370,457.985,45.464,43.618,395,1,577,482,54.952,45.905,470.500,44.810
691,691,23.033,477.441,458.032,45.471,43.622,393,1,577,482,54.952,45.905,470.500,44.810
692,692,23.067,477.493,458.076,45.475,43.626,389,1,577,482,54.952,45.905,470.500,44.810
693,693,23.100,477.505,458.167,45.477,43.635,388,1,577,482,54.952,45.905,470.500,44.810
694,694,23.133,477.485,458.138,45.475,43.632,388,1,577,482,54.952,45.905,470.500,44.810
695,695,23.167,477.507,458.122,45.477,43.631,389,1,577,482,54.952,45.905,470.500,44.810
696,696,23.200,477.410,458.030,45.468,43.622,386,1,577,482,54.952,45.905,470.500,44.810
697,697,23.233,477.244,457.981,45.452,43.617,383,1,577,482,54.952,45.905,470.500,44.810
698,698,23.267,476.893,457.845,45.418,43.604,380,1,577,482,54.952,45.905,470.500,44.810
699,699,23.300,476.537,457.825,45.384,43.602,389,1,577,482,54.952,45.905,470.500,44.810
700,700,23.333,475.943,457.647,45.328,43.585,389,1,577,482,54.952,45.905,470.500,44.810
701,701,23.367,475.835,457.606,45.318,43.582,391,1,577,482,54.952,45.905,470.500,44.810
702,702,23.400,475.335,457.487,45.270,43.570,392,1,577,482,54.952,45.905,470.500,44.810
703,703,23.433,474.688,457.312,45.208,43.554,405,1,577,482,54.952,45.905,470.500,44.810
704,704,23.467,474.188,457.183,45.161,43.541,405,1,577,482,54.952,45.905,470.500,44.810
705,705,23.500,473.642,457.127,45.109,43.536,408,1,577,482,54.952,45.905,470.500,44.810
706,706,23.533,473.218,457.021,45.068,43.526,408,1,577,482,54.952,45.905,470.500,44.810
707,707,23.567,472.693,456.873,45.018,43.512,401,1,577,482,54.952,45.905,470.500,44.810
708,708,23.600,472.395,456.775,44.990,43.502,390,1,577,482,54.952,45.905,470.500,44.810
709,709,23.633,471.674,456.652,44.921,43.491,401,1,577,482,54.952,45.905,470.500,44.810
710,710,23.667,470.880,456.516,44.846,43.478,404,1,577,482,54.952,45.905,470.500,44.810
711,711,23.700,470.527,456.410,44.812,43.468,404,1,577,482,54.952,45.905,470.500,44.810
712,712,23.733,469.648,456.201,44.728,43.448,407,1,577,482,54.952,45.905,470.500,44.810
713,713,23.767,469.232,456.112,44.689,43.439,402,1,577,482,54.952,45.905,470.500,44.810
714,714,23.800,468.863,455.940,44.654,43.423,396,1,577,482,54.952,45.905,470.500,44.810
715,715,23.833,468.498,455.876,44.619,43.417,405,1,577,482,54.952,45.905,470.500,44.810
716,716,23.867,468.150,455.737,44.586,43.404,400,1,577,482,54.952,45.905,470.500,44.810
717,717,23.900,467.558,455.567,44.529,43.387,387,1,577,482,54.952,45.905,470.500,44.810
718,718,23.933,467.948,455.623,44.566,43.393,395,1,577,482,54.952,45.905,470.500,44.810
719,719,23.967,467.713,455.433,44.544,43.375,405,1,577,482,54.952,45.905,470.500,44.810
720,720,24.000,467.490,455.362,44.523,43.368,402,1,577,482,54.952,45.905,470.500,44.810
721,721,24.033,467.292,455.283,44.504,43.360,401,1,577,482,54.952,45.905,470.500,44.810
722,722,24.067,467.255,455.170,44.500,43.350,404,1,577,482,54.952,45.905,470.500,44.810
723,723,24.100,467.381,455.191,44.512,43.352,404,1,577,482,54.952,45.905,470.500,44.810
724,724,24.133,467.474,455.239,44.521,43.356,403,1,577,482,54.952,45.905,470.500,44.810
725,725,24.167,468.092,455.315,44.580,43.363,389,1,577,482,54.952,45.905,470.500,44.810
726,726,24.200,467.950,455.180,44.567,43.350,402,1,577,482,54.952,45.905,470.500,44.810
727,727,24.233,467.994,455.149,44.571,43.348,395,1,577,482,54.952,45.905,470.500,44.810
728,728,24.267,468.017,455.099,44.573,43.343,387,1,577,482,54.952,45.905,470.500,44.810
729,729,24.300,467.970,455.064,44.569,43.339,389,1,577,482,54.952,45.905,470.500,44.810
730,730,24.333,467.736,455.007,44.546,43.334,386,1,577,482,54.952,45.905,470.500,44.810
731,731,24.367,467.577,454.964,44.531,43.330,391,1,577,482,54.952,45.905,470.500,44.810
732,732,24.400,467.663,454.973,44.539,43.331,387,1,577,482,54.952,45.905,470.500,44.810
733,733,24.433,467.358,454.962,44.510,43.330,387,1,577,482,54.952,45.905,470.500,44.810
734,734,24.467,466.788,454.843,44.456,43.318,398,1,577,482,54.952,45.905,470.500,44.810
735,735,24.500,466.098,454.700,44.390,43.305,399,1,577,482,54.952,45.905,470.500,44.810
736,736,24.533,466.008,454.646,44.382,43.300,406,1,577,482,54.952,45.905,470.500,44.810
737,737,24.567,465.729,454.634,44.355,43.299,411,1,577,482,54.952,45.905,470.500,44.810
738,738,24.600,465.587,454.631,44.342,43.298,412,1,577,482,54.952,45.905,470.500,44.810
739,739,24.633,464.901,454.469,44.276,43.283,396,1,577,482,54.952,45.905,470.500,44.810
740,740,24.667,464.392,454.371,44.228,43.273,407,1,577,482,54.952,45.905,470.500,44.810
741,741,24.700,463.872,454.289,44.178,43.266,420,1,577,482,54.952,45.905,470.500,44.810
742,742,24.733,463.964,454.203,44.187,43.257,407,1,577,482,54.952,45.905,470.500,44.810
743,743,24.767,463.922,454.268,44.183,43.264,402,1,577,482,54.952,45.905,470.500,44.810
744,744,24.800,462.985,453.954,44.094,43.234,401,1,577,482,54.952,45.905,470.500,44.810
745,745,24.833,462.868,453.902,44.083,43.229,401,1,577,482,54.952,45.905,470.500,44.810
746,746,24.867,462.340,453.680,44.032,43.208,400,1,577,482,54.952,45.905,470.500,44.810
747,747,24.900,461.684,453.492,43.970,43.190,406,1,577,482,54.952,45.905,470.500,44.810
748,748,24.933,461.190,453.283,43.923,43.170,401,1,577,482,54.952,45.905,470.500,44.810
749,749,24.967,460.698,453.105,43.876,43.153,398,1,577,482,54.952,45.905,470.500,44.810
750,750,25.000,459.821,452.875,43.792,43.131,408,1,577,482,54.952,45.905,470.500,44.810
751,751,25.033,459.489,452.707,43.761,43.115,402,1,577,482,54.952,45.905,470.500,44.810
752,752,25.067,459.230,452.639,43.736,43.108,404,1,577,482,54.952,45.905,470.500,44.810
753,753,25.100,459.049,452.431,43.719,43.089,401,1,577,482,54.952,45.905,470.500,44.810
754,754,25.133,459.006,452.380,43.715,43.084,404,1,577,482,54.952,45.905,470.500,44.810
755,755,25.167,458.792,452.271,43.694,43.073,407,1,577,482,54.952,45.905,470.500,44.810
756,756,25.200,458.718,452.209,43.687,43.068,403,1,577,482,54.952,45.905,470.500,44.810
757,757,25.233,458.558,452.114,43.672,43.058,404,1,577,482,54.952,45.905,470.500,44.810
758,758,25.267,458.548,451.964,43.671,43.044,398,1,577,482,54.952,45.905,470.500,44.810
759,759,25.300,458.617,451.963,43.678,43.044,399,1,577,482,54.952,45.905,470.500,44.810
760,760,25.333,458.659,451.963,43.682,43.044,398,1,577,482,54.952,45.905,470.500,44.810
761,761,25.367,458.634,451.994,43.679,43.047,396,1,577,482,54.952,45.905,470.500,44.810
762,762,25.400,458.707,452.040,43.686,43.051,393,1,577,482,54.952,45.905,470.500,44.810
763,763,25.433,458.720,452.182,43.688,43.065,391,1,577,482,54.952,45.905,470.500,44.810
764,764,25.467,458.845,452.233,43.700,43.070,389,1,577,482,54.952,45.905,470.500,44.810
765,765,25.500,458.634,452.236,43.679,43.070,390,1,577,482,54.952,45.905,470.500,44.810
766,766,25.533,458.139,452.081,43.632,43.055,391,1,577,482,54.952,45.905,470.500,44.810
767,767,25.567,458.394,452.170,43.657,43.064,384,1,577,482,54.952,45.905,470.500,44.810
768,768,25.600,458.521,452.166,43.669,43.063,382,1,577,482,54.952,45.905,470.500,44.810
769,769,25.633,458.596,452.260,43.676,43.072,379,1,577,482,54.952,45.905,470.500,44.810
770,770,25.667,458.247,452.224,43.643,43.069,385,1,577,482,54.952,45.905,470.500,44.810
771,771,25.700,458.380,452.243,43.655,43.071,384,1,577,482,54.952,45.905,470.500,44.810
772,772,25.733,458.239,452.055,43.642,43.053,389,1,577,482,54.952,45.905,470.500,44.810
773,773,25.767,458.028,452.029,43.622,43.050,388,1,577,482,54.952,45.905,470.500,44.810
774,774,25.800,457.854,452.023,43.605,43.050,387,1,577,482,54.952,45.905,470.500,44.810
775,775,25.833,457.572,451.962,43.578,43.044,387,1,577,482,54.952,45.905,470.500,44.810
776,776,25.867,457.388,451.918,43.561,43.040,393,1,577,482,54.952,45.905,470.500,44.810
777,777,25.900,457.270,451.811,43.550,43.030,399,1,577,482,54.952,45.905,470.500,44.810
778,778,25.933,457.162,451.742,43.539,43.023,395,1,577,482,54.952,45.905,470.500,44.810
779,779,25.967,456.678,451.632,43.493,43.013,401,1,577,482,54.952,45.905,470.500,44.810
780,780,26.000,456.142,451.324,43.442,42.983,406,1,577,482,54.952,45.905,470.500,44.810
781,781,26.033,456.311,451.342,43.458,42.985,392,1,577,482,54.952,45.905,470.500,44.810
782,782,26.067,455.729,451.127,43.403,42.964,403,1,577,482,54.952,45.905,470.500,44.810
783,783,26.100,455.453,450.987,43.376,42.951,409,1,577,482,54.952,45.905,470.500,44.810
784,784,26.133,454.988,450.810,43.332,42.934,419,1,577,482,54.952,45.905,470.500,44.810
785,785,26.167,454.464,450.627,43.282,42.917,434,1,577,482,54.952,45.905,470.500,44.810
786,786,26.200,454.381,450.577,43.274,42.912,436,1,577,482,54.952,45.905,470.500,44.810
787,787,26.233,454.109,450.497,43.248,42.904,443,1,577,482,54.952,45.905,470.500,44.810
788,788,26.267,453.791,450.356,43.218,42.891,450,1,577,482,54.952,45.905,470.500,44.810
789,789,26.300,453.557,450.210,43.196,42.877,453,1,577,482,54.952,45.905,470.500,44.810
790,790,26.333,453.389,450.127,43.180,42.869,455,1,577,482,54.952,45.905,470.500,44.810
791,791,26.367,453.124,450.028,43.155,42.860,452,1,577,482,54.952,45.905,470.500,44.810
792,792,26.400,452.931,449.893,43.136,42.847,460,1,577,482,54.952,45.905,470.500,44.810
793,793,26.433,452.780,449.847,43.122,42.843,455,1,577,482,54.952,45.905,470.500,44.810
794,794,26.467,452.363,449.678,43.082,42.826,447,1,577,482,54.952,45.905,470.500,44.810
795,795,26.500,452.138,449.514,43.061,42.811,448,1,577,482,54.952,45.905,470.500,44.810
796,796,26.533,451.898,449.426,43.038,42.802,452,1,577,482,54.952,45.905,470.500,44.810
797,797,26.567,451.840,449.342,43.032,42.794,454,1,577,482,54.952,45.905,470.500,44.810
798,798,26.600,451.868,449.383,43.035,42.798,457,1,577,482,54.952,45.905,470.500,44.810
799,799,26.633,451.548,449.259,43.005,42.787,465,1,577,482,54.952,45.905,470.500,44.810
800,800,26.667,451.687,449.311,43.018,42.791,459,1,577,482,54.952,45.905,470.500,44.810
801,801,26.700,451.533,449.242,43.003,42.785,467,1,577,482,54.952,45.905,470.500,44.810
802,802,26.733,451.615,449.268,43.011,42.787,464,1,577,482,54.952,45.905,470.500,44.810
803,803,26.767,451.543,449.215,43.004,42.782,467,1,577,482,54.952,45.905,470.500,44.810
804,804,26.800,451.576,449.338,43.007,42.794,460,1,577,482,54.952,45.905,470.500,44.810
805,805,26.833,451.451,449.281,42.995,42.789,458,1,577,482,54.952,45.905,470.500,44.810
806,806,26.867,451.367,449.231,42.987,42.784,460,1,577,482,54.952,45.905,470.500,44.810
807,807,26.900,451.476,449.241,42.998,42.785,456,1,577,482,54.952,45.905,470.500,44.810
808,808,26.933,451.640,449.313,43.013,42.792,454,1,577,482,54.952,45.905,470.500,44.810
809,809,26.967,451.703,449.302,43.019,42.791,453,1,577,482,54.952,45.905,470.500,44.810
810,810,27.000,451.543,449.196,43.004,42.781,447,1,577,482,54.952,45.905,470.500,44.810
811,811,27.033,451.257,449.148,42.977,42.776,444,1,577,482,54.952,45.905,470.500,44.810
812,812,27.067,450.805,449.083,42.934,42.770,442,1,577,482,54.952,45.905,470.500,44.810
813,813,27.100,450.700,448.927,42.924,42.755,432,1,577,482,54.952,45.905,470.500,44.810
814,814,27.133,450.427,448.855,42.898,42.748,421,1,577,482,54.952,45.905,470.500,44.810
815,815,27.167,450.095,448.764,42.866,42.739,421,1,577,482,54.952,45.905,470.500,44.810
816,816,27.200,449.861,448.690,42.844,42.732,426,1,577,482,54.952,45.905,470.500,44.810
817,817,27.233,449.793,448.569,42.837,42.721,418,1,577,482,54.952,45.905,470.500,44.810
818,818,27.267,449.723,448.566,42.831,42.721,416,1,577,482,54.952,45.905,470.500,44.810
819,819,27.300,449.704,448.508,42.829,42.715,412,1,577,482,54.952,45.905,470.500,44.810
820,820,27.333,449.635,448.556,42.822,42.720,415,1,577,482,54.952,45.905,470.500,44.810
821,821,27.367,449.544,448.541,42.814,42.718,412,1,577,482,54.952,45.905,470.500,44.810
822,822,27.400,449.541,448.528,42.813,42.717,413,1,577,482,54.952,45.905,470.500,44.810
823,823,27.433,449.488,448.551,42.808,42.719,410,1,577,482,54.952,45.905,470.500,44.810
824,824,27.467,449.297,448.550,42.790,42.719,412,1,577,482,54.952,45.905,470.500,44.810
825,825,27.500,449.480,448.665,42.808,42.730,411,1,577,482,54.952,45.905,470.500,44.810
826,826,27.533,449.609,448.727,42.820,42.736,413,1,577,482,54.952,45.905,470.500,44.810
827,827,27.567,449.559,448.707,42.815,42.734,408,1,577,482,54.952,45.905,470.500,44.810
828,828,27.600,449.715,448.977,42.830,42.760,419,1,577,482,54.952,45.905,470.500,44.810
829,829,27.633,449.530,448.834,42.812,42.746,412,1,577,482,54.952,45.905,470.500,44.810
830,830,27.667,449.517,448.846,42.811,42.747,413,1,577,482,54.952,45.905,470.500,44.810
831,831,27.700,449.773,449.065,42.836,42.768,414,1,577,482,54.952,45.905,470.500,44.810
832,832,27.733,449.624,449.061,42.821,42.768,419,1,577,482,54.952,45.905,470.500,44.810
833,833,27.767,449.846,449.110,42.842,42.772,411,1,577,482,54.952,45.905,470.500,44.810
834,834,27.800,449.669,449.090,42.826,42.770,419,1,577,482,54.952,45.905,470.500,44.810
835,835,27.833,449.510,448.944,42.810,42.757,418,1,577,482,54.952,45.905,470.500,44.810
836,836,27.867,449.460,448.931,42.806,42.755,419,1,577,482,54.952,45.905,470.500,44.810
837,837,27.900,449.407,448.824,42.801,42.745,416,1,577,482,54.952,45.905,470.500,44.810
838,838,27.933,449.372,448.832,42.797,42.746,418,1,577,482,54.952,45.905,470.500,44.810
839,839,27.967,449.156,448.732,42.777,42.736,421,1,577,482,54.952,45.905,470.500,44.810
840,840,28.000,448.991,448.706,42.761,42.734,423,1,577,482,54.952,45.905,470.500,44.810
841,841,28.033,448.445,448.645,42.709,42.728,415,1,577,482,54.952,45.905,470.500,44.810
842,842,28.067,448.184,448.419,42.684,42.707,427,1,577,482,54.952,45.905,470.500,44.810
843,843,28.100,448.280,448.379,42.693,42.703,425,1,577,482,54.952,45.905,470.500,44.810
844,844,28.133,448.086,448.333,42.675,42.698,427,1,577,482,54.952,45.905,470.500,44.810
845,845,28.167,448.087,448.309,42.675,42.696,427,1,577,482,54.952,45.905,470.500,44.810
846,846,28.200,448.090,448.307,42.675,42.696,427,1,577,482,54.952,45.905,470.500,44.810
847,847,28.233,448.076,448.255,42.674,42.691,430,1,577,482,54.952,45.905,470.500,44.810
848,848,28.267,448.039,448.242,42.670,42.690,431,1,577,482,54.952,45.905,470.500,44.810
849,849,28.300,447.829,448.126,42.650,42.679,433,1,577,482,54.952,45.905,470.500,44.810
850,850,28.333,447.555,447.943,42.624,42.661,442,1,577,482,54.952,45.905,470.500,44.810
851,851,28.367,447.446,447.891,42.614,42.656,439,1,577,482,54.952,45.905,470.500,44.810
852,852,28.400,447.276,447.818,42.598,42.649,439,1,577,482,54.952,45.905,470.500,44.810
853,853,28.433,447.212,447.739,42.592,42.642,439,1,577,482,54.952,45.905,470.500,44.810
854,854,28.467,447.191,447.705,42.590,42.639,439,1,577,482,54.952,45.905,470.500,44.810
855,855,28.500,447.233,447.642,42.594,42.633,440,1,577,482,54.952,45.905,470.500,44.810
856,856,28.533,447.165,447.590,42.587,42.628,439,1,577,482,54.952,45.905,470.500,44.810
857,857,28.567,446.994,447.542,42.571,42.623,444,1,577,482,54.952,45.905,470.500,44.810
858,858,28.600,447.089,447.534,42.580,42.622,444,1,577,482,54.952,45.905,470.500,44.810
859,859,28.633,447.072,447.527,42.578,42.622,443,1,577,482,54.952,45.905,470.500,44.810
860,860,28.667,446.941,447.403,42.566,42.610,443,1,577,482,54.952,45.905,470.500,44.810
861,861,28.700,446.935,447.349,42.565,42.605,441,1,577,482,54.952,45.905,470.500,44.810
862,862,28.733,446.945,447.305,42.566,42.601,435,1,577,482,54.952,45.905,470.500,44.810
863,863,28.767,447.024,447.300,42.574,42.600,440,1,577,482,54.952,45.905,470.500,44.810
864,864,28.800,447.100,447.329,42.581,42.603,436,1,577,482,54.952,45.905,470.500,44.810
865,865,28.833,447.008,447.297,42.572,42.600,435,1,577,482,54.952,45.905,470.500,44.810
866,866,28.867,447.069,447.279,42.578,42.598,437,1,577,482,54.952,45.905,470.500,44.810
867,867,28.900,447.068,447.301,42.578,42.600,438,1,577,482,54.952,45.905,470.500,44.810
868,868,28.933,446.949,447.202,42.567,42.591,443,1,577,482,54.952,45.905,470.500,44.810
869,869,28.967,446.840,447.187,42.556,42.589,435,1,577,482,54.952,45.905,470.500,44.810
870,870,29.000,446.750,447.172,42.548,42.588,440,1,577,482,54.952,45.905,470.500,44.810
871,871,29.033,446.674,447.156,42.540,42.586,438,1,577,482,54.952,45.905,470.500,44.810
872,872,29.067,446.489,447.040,42.523,42.575,432,1,577,482,54.952,45.905,470.500,44.810
873,873,29.100,446.700,447.151,42.543,42.586,428,1,577,482,54.952,45.905,470.500,44.810
874,874,29.133,446.213,446.964,42.496,42.568,433,1,577,482,54.952,45.905,470.500,44.810
875,875,29.167,446.247,446.929,42.500,42.565,432,1,577,482,54.952,45.905,470.500,44.810
876,876,29.200,446.011,446.702,42.477,42.543,427,1,577,482,54.952,45.905,470.500,44.810
877,877,29.233,445.752,446.687,42.453,42.542,426,1,577,482,54.952,45.905,470.500,44.810
878,878,29.267,445.705,446.571,42.448,42.531,412,1,577,482,54.952,45.905,470.500,44.810
879,879,29.300,445.573,446.447,42.436,42.519,415,1,577,482,54.952,45.905,470.500,44.810
880,880,29.333,445.399,446.346,42.419,42.509,409,1,577,482,54.952,45.905,470.500,44.810
881,881,29.367,444.888,446.084,42.370,42.484,411,1,577,482,54.952,45.905,470.500,44.810
882,882,29.400,444.485,445.826,42.332,42.460,410,1,577,482,54.952,45.905,470.500,44.810
883,883,29.433,444.193,445.674,42.304,42.445,402,1,577,482,54.952,45.905,470.500,44.810
884,884,29.467,443.853,445.515,42.272,42.430,407,1,577,482,54.952,45.905,470.500,44.810
885,885,29.500,443.582,445.363,42.246,42.416,409,1,577,482,54.952,45.905,470.500,44.810
886,886,29.533,443.247,445.232,42.214,42.403,402,1,577,482,54.952,45.905,470.500,44.810
887,887,29.567,443.020,445.052,42.192,42.386,410,1,577,482,54.952,45.905,470.500,44.810
888,888,29.600,442.954,444.971,42.186,42.378,408,1,577,482,54.952,45.905,470.500,44.810
889,889,29.633,442.821,444.896,42.173,42.371,412,1,577,482,54.952,45.905,470.500,44.810
890,890,29.667,442.858,444.959,42.177,42.377,405,1,577,482,54.952,45.905,470.500,44.810
891,891,29.700,442.636,444.800,42.156,42.362,408,1,577,482,54.952,45.905,470.500,44.810
892,892,29.733,442.380,444.658,42.131,42.348,414,1,577,482,54.952,45.905,470.500,44.810
893,893,29.767,442.369,444.728,42.130,42.355,408,1,577,482,54.952,45.905,470.500,44.810
894,894,29.800,441.834,444.527,42.079,42.336,411,1,577,482,54.952,45.905,470.500,44.810
895,895,29.833,441.973,444.737,42.093,42.356,408,1,577,482,54.952,45.905,470.500,44.810
896,896,29.867,442.062,444.804,42.101,42.362,417,1,577,482,54.952,45.905,470.500,44.810
897,897,29.900,441.999,444.892,42.095,42.371,415,1,577,482,54.952,45.905,470.500,44.810
898,898,29.933,441.987,445.079,42.094,42.388,413,1,577,482,54.952,45.905,470.500,44.810
899,899,29.967,441.975,445.102,42.093,42.391,398,1,577,482,54.952,45.905,470.500,44.810
900,900,30.000,442.313,445.361,42.125,42.415,405,1,577,482,54.952,45.905,470.500,44.810
901,901,30.033,442.279,445.479,42.122,42.427,386,1,577,482,54.952,45.905,470.500,44.810
902,902,30.067,442.222,445.590,42.116,42.437,392,1,577,482,54.952,45.905,470.500,44.810
903,903,30.100,442.134,445.558,42.108,42.434,397,1,577,482,54.952,45.905,470.500,44.810
904,904,30.133,442.015,445.489,42.097,42.427,393,1,577,482,54.952,45.905,470.500,44.810
905,905,30.167,441.671,445.272,42.064,42.407,403,1,577,482,54.952,45.905,470.500,44.810
906,906,30.200,441.736,445.285,42.070,42.408,400,1,577,482,54.952,45.905,470.500,44.810
907,907,30.233,441.677,445.258,42.065,42.406,394,1,577,482,54.952,45.905,470.500,44.810
908,908,30.267,441.907,445.206,42.086,42.401,384,1,577,482,54.952,45.905,470.500,44.810
909,909,30.300,441.771,445.072,42.073,42.388,392,1,577,482,54.952,45.905,470.500,44.810
910,910,30.333,441.698,444.961,42.066,42.377,392,1,577,482,54.952,45.905,470.500,44.810
911,911,30.367,441.564,444.847,42.054,42.366,397,1,577,482,54.952,45.905,470.500,44.810
912,912,30.400,441.651,444.858,42.062,42.367,399,1,577,482,54.952,45.905,470.500,44.810
913,913,30.433,441.321,444.531,42.031,42.336,399,1,577,482,54.952,45.905,470.500,44.810
914,914,30.467,441.152,444.444,42.015,42.328,402,1,577,482,54.952,45.905,470.500,44.810
915,915,30.500,440.992,444.339,41.999,42.318,402,1,577,482,54.952,45.905,470.500,44.810
916,916,30.533,440.938,444.292,41.994,42.314,404,1,577,482,54.952,45.905,470.500,44.810
917,917,30.567,440.476,444.047,41.950,42.290,410,1,577,482,54.952,45.905,470.500,44.810
918,918,30.600,440.594,444.050,41.961,42.290,419,1,577,482,54.952,45.905,470.500,44.810
919,919,30.633,440.248,443.789,41.928,42.266,428,1,577,482,54.952,45.905,470.500,44.810
920,920,30.667,440.043,443.599,41.909,42.247,425,1,577,482,54.952,45.905,470.500,44.810
921,921,30.700,439.905,443.379,41.896,42.227,425,1,577,482,54.952,45.905,470.500,44.810
922,922,30.733,439.929,443.403,41.898,42.229,424,1,577,482,54.952,45.905,470.500,44.810
923,923,30.767,439.562,443.170,41.863,42.207,424,1,577,482,54.952,45.905,470.500,44.810
924,924,30.800,439.405,443.111,41.848,42.201,426,1,577,482,54.952,45.905,470.500,44.810
925,925,30.833,439.173,442.862,41.826,42.177,429,1,577,482,54.952,45.905,470.500,44.810
926,926,30.867,439.118,442.888,41.821,42.180,429,1,577,482,54.952,45.905,470.500,44.810
927,927,30.900,438.663,442.610,41.777,42.153,436,1,577,482,54.952,45.905,470.500,44.810
928,928,30.933,438.364,442.347,41.749,42.128,439,1,577,482,54.952,45.905,470.500,44.810
929,929,30.967,438.453,442.390,41.757,42.132,443,1,577,482,54.952,45.905,470.500,44.810
930,930,31.000,438.080,442.038,41.722,42.099,439,1,577,482,54.952,45.905,470.500,44.810
931,931,31.033,438.107,442.102,41.724,42.105,428,1,577,482,54.952,45.905,470.500,44.810
932,932,31.067,437.767,441.826,41.692,42.079,427,1,577,482,54.952,45.905,470.500,44.810
933,933,31.100,437.600,441.732,41.676,42.070,423,1,577,482,54.952,45.905,470.500,44.810
934,934,31.133,437.169,441.310,41.635,42.030,427,1,577,482,54.952,45.905,470.500,44.810
935,935,31.167,436.616,440.877,41.582,41.988,419,1,577,482,54.952,45.905,470.500,44.810
936,936,31.200,436.437,440.801,41.565,41.981,406,1,577,482,54.952,45.905,470.500,44.810
937,937,31.233,435.837,440.379,41.508,41.941,415,1,577,482,54.952,45.905,470.500,44.810
938,938,31.267,435.625,440.286,41.488,41.932,410,1,577,482,54.952,45.905,470.500,44.810
939,939,31.300,435.456,440.201,41.472,41.924,410,1,577,482,54.952,45.905,470.500,44.810
940,940,31.333,435.346,440.137,41.462,41.918,395,1,577,482,54.952,45.905,470.500,44.810
941,941,31.367,435.314,440.142,41.458,41.918,398,1,577,482,54.952,45.905,470.500,44.810
942,942,31.400,435.036,440.086,41.432,41.913,406,1,577,482,54.952,45.905,470.500,44.810
943,943,31.433,434.859,439.901,41.415,41.895,392,1,577,482,54.952,45.905,470.500,44.810
944,944,31.467,434.626,439.741,41.393,41.880,396,1,577,482,54.952,45.905,470.500,44.810
945,945,31.500,434.670,439.792,41.397,41.885,398,1,577,482,54.952,45.905,470.500,44.810
946,946,31.533,434.763,439.850,41.406,41.890,399,1,577,482,54.952,45.905,470.500,44.810
947,947,31.567,434.687,439.939,41.399,41.899,398,1,577,482,54.952,45.905,470.500,44.810
948,948,31.600,434.519,439.965,41.383,41.901,401,1,577,482,54.952,45.905,470.500,44.810
949,949,31.633,434.499,440.012,41.381,41.906,398,1,577,482,54.952,45.905,470.500,44.810
950,950,31.667,434.778,440.322,41.407,41.935,390,1,577,482,54.952,45.905,470.500,44.810
951,951,31.700,434.686,440.384,41.399,41.941,392,1,577,482,54.952,45.905,470.500,44.810
952,952,31.733,434.673,440.557,41.397,41.958,389,1,577,482,54.952,45.905,470.500,44.810
953,953,31.767,434.746,440.609,41.404,41.963,387,1,577,482,54.952,45.905,470.500,44.810
954,954,31.800,434.527,440.548,41.383,41.957,384,1,577,482,54.952,45.905,470.500,44.810
955,955,31.833,434.504,440.465,41.381,41.949,387,1,577,482,54.952,45.905,470.500,44.810
956,956,31.867,434.489,440.410,41.380,41.944,380,1,577,482,54.952,45.905,470.500,44.810
957,957,31.900,434.373,440.335,41.369,41.937,381,1,577,482,54.952,45.905,470.500,44.810
958,958,31.933,434.314,440.286,41.363,41.932,382,1,577,482,54.952,45.905,470.500,44.810
959,959,31.967,434.315,440.207,41.363,41.925,380,1,577,482,54.952,45.905,470.500,44.810
960,960,32.000,433.913,439.882,41.325,41.894,380,1,577,482,54.952,45.905,470.500,44.810
961,961,32.033,433.203,439.417,41.257,41.849,388,1,577,482,54.952,45.905,470.500,44.810
962,962,32.067,433.123,439.241,41.250,41.832,388,1,577,482,54.952,45.905,470.500,44.810
963,963,32.100,432.516,438.647,41.192,41.776,403,1,577,482,54.952,45.905,470.500,44.810
964,964,32.133,432.466,438.611,41.187,41.772,400,1,577,482,54.952,45.905,470.500,44.810
965,965,32.167,432.101,438.405,41.152,41.753,407,1,577,482,54.952,45.905,470.500,44.810
966,966,32.200,431.752,438.061,41.119,41.720,408,1,577,482,54.952,45.905,470.500,44.810
967,967,32.233,431.320,437.695,41.078,41.685,415,1,577,482,54.952,45.905,470.500,44.810
968,968,32.267,431.141,437.556,41.061,41.672,414,1,577,482,54.952,45.905,470.500,44.810
969,969,32.300,430.804,437.148,41.029,41.633,406,1,577,482,54.952,45.905,470.500,44.810
970,970,32.333,430.517,436.936,41.002,41.613,400,1,577,482,54.952,45.905,470.500,44.810
971,971,32.367,430.140,436.530,40.966,41.574,400,1,577,482,54.952,45.905,470.500,44.810
972,972,32.400,430.094,436.444,40.961,41.566,402,1,577,482,54.952,45.905,470.500,44.810
973,973,32.433,429.478,435.917,40.903,41.516,398,1,577,482,54.952,45.905,470.500,44.810
974,974,32.467,429.017,435.553,40.859,41.481,400,1,577,482,54.952,45.905,470.500,44.810
975,975,32.500,428.378,435.153,40.798,41.443,416,1,577,482,54.952,45.905,470.500,44.810
976,976,32.533,427.702,434.456,40.734,41.377,429,1,577,482,54.952,45.905,470.500,44.810
977,977,32.567,427.471,434.271,40.712,41.359,421,1,577,482,54.952,45.905,470.500,44.810
978,978,32.600,427.292,434.173,40.695,41.350,420,1,577,482,54.952,45.905,470.500,44.810
979,979,32.633,427.037,433.928,40.670,41.327,430,1,577,482,54.952,45.905,470.500,44.810
980,980,32.667,426.964,433.889,40.663,41.323,429,1,577,482,54.952,45.905,470.500,44.810
981,981,32.700,426.804,433.831,40.648,41.317,435,1,577,482,54.952,45.905,470.500,44.810
982,982,32.733,426.983,433.990,40.665,41.332,425,1,577,482,54.952,45.905,470.500,44.810
983,983,32.767,426.785,433.845,40.646,41.319,430,1,577,482,54.952,45.905,470.500,44.810
984,984,32.800,426.679,433.864,40.636,41.320,434,1,577,482,54.952,45.905,470.500,44.810
985,985,32.833,426.742,433.866,40.642,41.321,434,1,577,482,54.952,45.905,470.500,44.810
986,986,32.867,426.612,433.819,40.630,41.316,434,1,577,482,54.952,45.905,470.500,44.810
987,987,32.900,426.509,433.734,40.620,41.308,437,1,577,482,54.952,45.905,470.500,44.810
988,988,32.933,426.478,433.840,40.617,41.318,428,1,577,482,54.952,45.905,470.500,44.810
989,989,32.967,426.545,433.902,40.623,41.324,429,1,577,482,54.952,45.905,470.500,44.810
990,990,33.000,426.703,434.035,40.638,41.337,429,1,577,482,54.952,45.905,470.500,44.810
991,991,33.033,426.705,433.920,40.639,41.326,436,1,577,482,54.952,45.905,470.500,44.810
992,992,33.067,426.759,433.978,40.644,41.331,427,1,577,482,54.952,45.905,470.500,44.810
993,993,33.100,426.677,433.980,40.636,41.331,424,1,577,482,54.952,45.905,470.500,44.810
994,994,33.133,426.806,434.082,40.648,41.341,418,1,577,482,54.952,45.905,470.500,44.810
995,995,33.167,426.811,434.198,40.649,41.352,414,1,577,482,54.952,45.905,470.500,44.810
996,996,33.200,426.765,434.096,40.644,41.342,416,1,577,482,54.952,45.905,470.500,44.810
997,997,33.233,426.930,434.349,40.660,41.367,413,1,577,482,54.952,45.905,470.500,44.810
998,998,33.267,427.139,434.639,40.680,41.394,401,1,577,482,54.952,45.905,470.500,44.810
999,999,33.300,427.202,434.518,40.686,41.383,398,1,577,482,54.952,45.905,470.500,44.810
1000,1000,33.333,427.151,434.563,40.681,41.387,403,1,577,482,54.952,45.905,470.500,44.810
1001,1001,33.367,427.179,434.476,40.684,41.379,400,1,577,482,54.952,45.905,470.500,44.810
1002,1002,33.400,427.154,434.494,40.681,41.380,399,1,577,482,54.952,45.905,470.500,44.810
1003,1003,33.433,427.114,434.449,40.678,41.376,402,1,577,482,54.952,45.905,470.500,44.810
1004,1004,33.467,426.803,434.268,40.648,41.359,404,1,577,482,54.952,45.905,470.500,44.810
1005,1005,33.500,426.741,434.160,40.642,41.349,405,1,577,482,54.952,45.905,470.500,44.810
1006,1006,33.533,426.389,433.897,40.608,41.324,401,1,577,482,54.952,45.905,470.500,44.810
1007,1007,33.567,426.599,434.009,40.628,41.334,391,1,577,482,54.952,45.905,470.500,44.810
1008,1008,33.600,426.433,433.860,40.613,41.320,395,1,577,482,54.952,45.905,470.500,44.810
1009,1009,33.633,426.478,433.807,40.617,41.315,411,1,577,482,54.952,45.905,470.500,44.810
1010,1010,33.667,426.538,433.833,40.623,41.317,406,1,577,482,54.952,45.905,470.500,44.810
1011,1011,33.700,426.287,433.675,40.599,41.302,398,1,577,482,54.952,45.905,470.500,44.810
1012,1012,33.733,426.152,433.449,40.586,41.281,404,1,577,482,54.952,45.905,470.500,44.810
1013,1013,33.767,425.913,433.215,40.563,41.259,410,1,577,482,54.952,45.905,470.500,44.810
1014,1014,33.800,426.033,433.377,40.575,41.274,400,1,577,482,54.952,45.905,470.500,44.810
1015,1015,33.833,426.047,433.354,40.576,41.272,400,1,577,482,54.952,45.905,470.500,44.810
1016,1016,33.867,425.930,433.339,40.565,41.270,405,1,577,482,54.952,45.905,470.500,44.810
1017,1017,33.900,425.749,433.139,40.548,41.251,410,1,577,482,54.952,45.905,470.500,44.810
1018,1018,33.933,425.929,433.225,40.565,41.260,418,1,577,482,54.952,45.905,470.500,44.810
1019,1019,33.967,425.834,433.126,40.556,41.250,419,1,577,482,54.952,45.905,470.500,44.810
1020,1020,34.000,425.903,433.228,40.562,41.260,415,1,577,482,54.952,45.905,470.500,44.810
1021,1021,34.033,425.650,432.917,40.538,41.230,419,1,577,482,54.952,45.905,470.500,44.810
1022,1022,34.067,425.744,433.142,40.547,41.252,409,1,577,482,54.952,45.905,470.500,44.810
1023,1023,34.100,425.540,432.945,40.528,41.233,421,1,577,482,54.952,45.905,470.500,44.810
1024,1024,34.133,425.512,432.909,40.525,41.229,424,1,577,482,54.952,45.905,470.500,44.810
1025,1025,34.167,425.523,432.934,40.526,41.232,421,1,577,482,54.952,45.905,470.500,44.810
1026,1026,34.200,425.467,432.899,40.521,41.229,423,1,577,482,54.952,45.905,470.500,44.810
1027,1027,34.233,425.432,432.907,40.517,41.229,424,1,577,482,54.952,45.905,470.500,44.810
1028,1028,34.267,425.485,432.974,40.522,41.236,418,1,577,482,54.952,45.905,470.500,44.810
1029,1029,34.300,425.434,432.925,40.518,41.231,420,1,577,482,54.952,45.905,470.500,44.810
1030,1030,34.333,425.467,432.933,40.521,41.232,420,1,577,482,54.952,45.905,470.500,44.810
1031,1031,34.367,425.466,432.923,40.521,41.231,419,1,577,482,54.952,45.905,470.500,44.810
1032,1032,34.400,425.218,432.711,40.497,41.211,421,1,577,482,54.952,45.905,470.500,44.810
1033,1033,34.433,425.198,432.687,40.495,41.208,422,1,577,482,54.952,45.905,470.500,44.810
1034,1034,34.467,425.221,432.666,40.497,41.206,417,1,577,482,54.952,45.905,470.500,44.810
1035,1035,34.500,425.269,432.815,40.502,41.220,426,1,577,482,54.952,45.905,470.500,44.810
1036,1036,34.533,425.336,432.911,40.508,41.230,425,1,577,482,54.952,45.905,470.500,44.810
1037,1037,34.567,425.425,432.941,40.517,41.233,420,1,577,482,54.952,45.905,470.500,44.810
1038,1038,34.600,425.385,432.973,40.513,41.236,419,1,577,482,54.952,45.905,470.500,44.810
1039,1039,34.633,425.325,432.964,40.507,41.235,423,1,577,482,54.952,45.905,470.500,44.810
1040,1040,34.667,425.328,433.012,40.507,41.239,425,1,577,482,54.952,45.905,470.500,44.810
1041,1041,34.700,425.358,433.014,40.510,41.239,424,1,577,482,54.952,45.905,470.500,44.810
1042,1042,34.733,425.297,433.004,40.505,41.238,422,1,577,482,54.952,45.905,470.500,44.810
1043,1043,34.767,425.246,432.997,40.500,41.238,423,1,577,482,54.952,45.905,470.500,44.810
1044,1044,34.800,425.131,432.943,40.489,41.233,424,1,577,482,54.952,45.905,470.500,44.810
1045,1045,34.833,425.224,433.095,40.498,41.247,419,1,577,482,54.952,45.905,470.500,44.810
1046,1046,34.867,425.189,433.023,40.494,41.240,417,1,577,482,54.952,45.905,470.500,44.810
1047,1047,34.900,425.034,432.945,40.479,41.233,421,1,577,482,54.952,45.905,470.500,44.810
1048,1048,34.933,425.065,432.853,40.482,41.224,425,1,577,482,54.952,45.905,470.500,44.810
1049,1049,34.967,425.138,432.922,40.489,41.231,420,1,577,482,54.952,45.905,470.500,44.810
1050,1050,35.000,425.033,432.825,40.479,41.221,422,1,577,482,54.952,45.905,470.500,44.810
1051,1051,35.033,425.064,432.872,40.482,41.226,420,1,577,482,54.952,45.905,470.500,44.810
1052,1052,35.067,425.184,432.956,40.494,41.234,420,1,577,482,54.952,45.905,470.500,44.810
1053,1053,35.100,425.155,432.944,40.491,41.233,421,1,577,482,54.952,45.905,470.500,44.810
1054,1054,35.133,425.207,432.939,40.496,41.232,417,1,577,482,54.952,45.905,470.500,44.810
1055,1055,35.167,425.161,432.899,40.491,41.228,418,1,577,482,54.952,45.905,470.500,44.810
1056,1056,35.200,425.258,432.989,40.501,41.237,420,1,577,482,54.952,45.905,470.500,44.810
1057,1057,35.233,425.433,433.098,40.517,41.247,418,1,577,482,54.952,45.905,470.500,44.810
1058,1058,35.267,425.285,432.917,40.503,41.230,419,1,577,482,54.952,45.905,470.500,44.810
1059,1059,35.300,425.427,433.009,40.517,41.239,415,1,577,482,54.952,45.905,470.500,44.810
1060,1060,35.333,425.352,432.925,40.510,41.231,412,1,577,482,54.952,45.905,470.500,44.810
1061,1061,35.367,425.520,433.051,40.526,41.243,409,1,577,482,54.952,45.905,470.500,44.810
1062,1062,35.400,425.605,433.218,40.534,41.259,401,1,577,482,54.952,45.905,470.500,44.810
1063,1063,35.433,425.630,433.245,40.536,41.261,401,1,577,482,54.952,45.905,470.500,44.810
1064,1064,35.467,425.638,433.229,40.537,41.260,401,1,577,482,54.952,45.905,470.500,44.810
1065,1065,35.500,425.668,433.259,40.540,41.263,402,1,577,482,54.952,45.905,470.500,44.810
1066,1066,35.533,425.775,433.374,40.550,41.274,407,1,577,482,54.952,45.905,470.500,44.810
1067,1067,35.567,425.623,433.210,40.536,41.258,405,1,577,482,54.952,45.905,470.500,44.810
1068,1068,35.600,425.688,433.155,40.542,41.253,406,1,577,482,54.952,45.905,470.500,44.810
1069,1069,35.633,425.862,433.330,40.558,41.270,401,1,577,482,54.952,45.905,470.500,44.810
1070,1070,35.667,425.750,433.212,40.548,41.258,407,1,577,482,54.952,45.905,470.500,44.810
1071,1071,35.700,425.702,433.216,40.543,41.259,408,1,577,482,54.952,45.905,470.500,44.810
1072,1072,35.733,425.700,433.192,40.543,41.256,407,1,577,482,54.952,45.905,470.500,44.810
1073,1073,35.767,425.639,433.047,40.537,41.243,415,1,577,482,54.952,45.905,470.500,44.810
1074,1074,35.800,425.524,432.920,40.526,41.230,410,1,577,482,54.952,45.905,470.500,44.810
1075,1075,35.833,425.533,432.926,40.527,41.231,408,1,577,482,54.952,45.905,470.500,44.810
1076,1076,35.867,425.458,432.796,40.520,41.219,409,1,577,482,54.952,45.905,470.500,44.810
1077,1077,35.900,425.421,432.714,40.516,41.211,415,1,577,482,54.952,45.905,470.500,44.810
1078,1078,35.933,425.398,432.692,40.514,41.209,418,1,577,482,54.952,45.905,470.500,44.810
1079,1079,35.967,425.281,432.659,40.503,41.206,409,1,577,482,54.952,45.905,470.500,44.810
1080,1080,36.000,425.275,432.701,40.502,41.210,410,1,577,482,54.952,45.905,470.500,44.810
1081,1081,36.033,425.067,432.462,40.483,41.187,409,1,577,482,54.952,45.905,470.500,44.810
1082,1082,36.067,425.002,432.357,40.476,41.177,412,1,577,482,54.952,45.905,470.500,44.810
1083,1083,36.100,424.974,432.318,40.474,41.173,412,1,577,482,54.952,45.905,470.500,44.810
1084,1084,36.133,424.986,432.340,40.475,41.175,411,1,577,482,54.952,45.905,470.500,44.810
1085,1085,36.167,424.987,432.342,40.475,41.175,411,1,577,482,54.952,45.905,470.500,44.810
1086,1086,36.200,424.987,432.342,40.475,41.175,411,1,577,482,54.952,45.905,470.500,44.810
1087,1087,36.233,424.994,432.388,40.476,41.180,414,1,577,482,54.952,45.905,470.500,44.810
1088,1088,36.267,424.709,432.145,40.448,41.157,418,1,577,482,54.952,45.905,470.500,44.810
1089,1089,36.300,424.558,431.948,40.434,41.138,424,1,577,482,54.952,45.905,470.500,44.810
1090,1090,36.333,424.597,432.006,40.438,41.143,422,1,577,482,54.952,45.905,470.500,44.810
1091,1091,36.367,424.697,432.025,40.447,41.145,416,1,577,482,54.952,45.905,470.500,44.810
1092,1092,36.400,424.560,431.824,40.434,41.126,421,1,577,482,54.952,45.905,470.500,44.810
1093,1093,36.433,424.396,431.651,40.419,41.110,417,1,577,482,54.952,45.905,470.500,44.810
1094,1094,36.467,424.187,431.488,40.399,41.094,416,1,577,482,54.952,45.905,470.500,44.810
1095,1095,36.500,423.888,431.183,40.370,41.065,427,1,577,482,54.952,45.905,470.500,44.810
1096,1096,36.533,423.911,431.198,40.372,41.067,417,1,577,482,54.952,45.905,470.500,44.810
1097,1097,36.567,423.850,431.103,40.367,41.057,413,1,577,482,54.952,45.905,470.500,44.810
1098,1098,36.600,423.386,430.733,40.322,41.022,423,1,577,482,54.952,45.905,470.500,44.810
1099,1099,36.633,423.060,430.300,40.291,40.981,427,1,577,482,54.952,45.905,470.500,44.810
1100,1100,36.667,423.033,430.288,40.289,40.980,420,1,577,482,54.952,45.905,470.500,44.810
1101,1101,36.700,422.366,429.589,40.225,40.913,434,1,577,482,54.952,45.905,470.500,44.810
1102,1102,36.733,422.075,429.358,40.198,40.891,428,1,577,482,54.952,45.905,470.500,44.810
1103,1103,36.767,421.808,429.070,40.172,40.864,423,1,577,482,54.952,45.905,470.500,44.810
1104,1104,36.800,421.343,428.635,40.128,40.822,423,1,577,482,54.952,45.905,470.500,44.810
1105,1105,36.833,420.953,428.481,40.091,40.808,422,1,577,482,54.952,45.905,470.500,44.810
1106,1106,36.867,420.649,428.123,40.062,40.774,427,1,577,482,54.952,45.905,470.500,44.810
1107,1107,36.900,420.617,428.075,40.059,40.769,419,1,577,482,54.952,45.905,470.500,44.810
1108,1108,36.933,420.336,427.948,40.032,40.757,424,1,577,482,54.952,45.905,470.500,44.810
1109,1109,36.967,420.164,427.819,40.016,40.745,424,1,577,482,54.952,45.905,470.500,44.810
1110,1110,37.000,420.138,427.828,40.013,40.746,421,1,577,482,54.952,45.905,470.500,44.810
1111,1111,37.033,419.969,427.713,39.997,40.735,422,1,577,482,54.952,45.905,470.500,44.810
1112,1112,37.067,419.898,427.776,39.990,40.741,413,1,577,482,54.952,45.905,470.500,44.810
1113,1113,37.100,419.830,427.731,39.984,40.736,414,1,577,482,54.952,45.905,470.500,44.810
1114,1114,37.133,419.936,427.847,39.994,40.747,410,1,577,482,54.952,45.905,470.500,44.810
1115,1115,37.167,419.901,427.825,39.991,40.745,413,1,577,482,54.952,45.905,470.500,44.810
1116,1116,37.200,419.946,427.875,39.995,40.750,412,1,577,482,54.952,45.905,470.500,44.810
1117,1117,37.233,420.016,427.961,40.002,40.758,408,1,577,482,54.952,45.905,470.500,44.810
1118,1118,37.267,420.188,428.219,40.018,40.783,413,1,577,482,54.952,45.905,470.500,44.810
1119,1119,37.300,420.291,428.405,40.028,40.800,411,1,577,482,54.952,45.905,470.500,44.810
1120,1120,37.333,420.174,428.329,40.017,40.793,407,1,577,482,54.952,45.905,470.500,44.810
1121,1121,37.367,420.346,428.471,40.033,40.807,405,1,577,482,54.952,45.905,470.500,44.810
1122,1122,37.400,420.295,428.466,40.028,40.806,403,1,577,482,54.952,45.905,470.500,44.810
1123,1123,37.433,420.252,428.399,40.024,40.800,406,1,577,482,54.952,45.905,470.500,44.810
1124,1124,37.467,420.145,428.259,40.014,40.787,405,1,577,482,54.952,45.905,470.500,44.810
1125,1125,37.500,420.093,428.194,40.009,40.780,405,1,577,482,54.952,45.905,470.500,44.810
1126,1126,37.533,419.943,428.004,39.995,40.762,406,1,577,482,54.952,45.905,470.500,44.810
1127,1127,37.567,419.905,427.931,39.991,40.755,406,1,577,482,54.952,45.905,470.500,44.810
1128,1128,37.600,419.750,427.762,39.976,40.739,402,1,577,482,54.952,45.905,470.500,44.810
1129,1129,37.633,419.818,427.889,39.983,40.751,411,1,577,482,54.952,45.905,470.500,44.810
1130,1130,37.667,419.772,427.779,39.978,40.741,398,1,577,482,54.952,45.905,470.500,44.810
1131,1131,37.700,419.611,427.586,39.963,40.723,401,1,577,482,54.952,45.905,470.500,44.810
1132,1132,37.733,419.575,427.514,39.960,40.716,404,1,577,482,54.952,45.905,470.500,44.810
1133,1133,37.767,419.320,427.309,39.935,40.696,406,1,577,482,54.952,45.905,470.500,44.810
1134,1134,37.800,419.284,427.284,39.932,40.694,408,1,577,482,54.952,45.905,470.500,44.810
1135,1135,37.833,419.162,427.224,39.920,40.688,409,1,577,482,54.952,45.905,470.500,44.810
1136,1136,37.867,418.949,426.978,39.900,40.665,420,1,577,482,54.952,45.905,470.500,44.810
1137,1137,37.900,418.853,426.853,39.891,40.653,425,1,577,482,54.952,45.905,470.500,44.810
1138,1138,37.933,418.797,426.796,39.885,40.647,428,1,577,482,54.952,45.905,470.500,44.810
1139,1139,37.967,418.350,426.467,39.843,40.616,432,1,577,482,54.952,45.905,470.500,44.810
1140,1140,38.000,418.395,426.502,39.847,40.619,431,1,577,482,54.952,45.905,470.500,44.810
1141,1141,38.033,418.558,426.845,39.863,40.652,418,1,577,482,54.952,45.905,470.500,44.810
1142,1142,38.067,418.629,426.845,39.869,40.652,424,1,577,482,54.952,45.905,470.500,44.810
1143,1143,38.100,418.657,426.909,39.872,40.658,426,1,577,482,54.952,45.905,470.500,44.810
1144,1144,38.133,418.153,426.447,39.824,40.614,435,1,577,482,54.952,45.905,470.500,44.810
1145,1145,38.167,418.346,426.635,39.842,40.632,438,1,577,482,54.952,45.905,470.500,44.810
1146,1146,38.200,418.346,426.634,39.842,40.632,438,1,577,482,54.952,45.905,470.500,44.810
1147,1147,38.233,418.101,426.401,39.819,40.610,436,1,577,482,54.952,45.905,470.500,44.810
1148,1148,38.267,417.977,426.286,39.807,40.599,439,1,577,482,54.952,45.905,470.500,44.810
1149,1149,38.300,417.732,425.986,39.784,40.570,451,1,577,482,54.952,45.905,470.500,44.810
1150,1150,38.333,417.774,425.988,39.788,40.570,446,1,577,482,54.952,45.905,470.500,44.810
1151,1151,38.367,417.578,425.816,39.769,40.554,447,1,577,482,54.952,45.905,470.500,44.810
1152,1152,38.400,417.483,425.736,39.760,40.546,455,1,577,482,54.952,45.905,470.500,44.810
1153,1153,38.433,417.530,425.776,39.765,40.550,454,1,577,482,54.952,45.905,470.500,44.810
1154,1154,38.467,417.413,425.638,39.754,40.537,452,1,577,482,54.952,45.905,470.500,44.810
1155,1155,38.500,417.409,425.644,39.753,40.538,453,1,577,482,54.952,45.905,470.500,44.810
1156,1156,38.533,417.256,425.338,39.739,40.508,460,1,577,482,54.952,45.905,470.500,44.810
1157,1157,38.567,417.047,425.068,39.719,40.483,454,1,577,482,54.952,45.905,470.500,44.810
1158,1158,38.600,417.003,425.031,39.715,40.479,455,1,577,482,54.952,45.905,470.500,44.810
1159,1159,38.633,417.038,425.136,39.718,40.489,455,1,577,482,54.952,45.905,470.500,44.810
1160,1160,38.667,417.008,425.193,39.715,40.495,462,1,577,482,54.952,45.905,470.500,44.810
1161,1161,38.700,417.104,425.167,39.724,40.492,455,1,577,482,54.952,45.905,470.500,44.810
1162,1162,38.733,417.365,425.421,39.749,40.516,444,1,577,482,54.952,45.905,470.500,44.810
1163,1163,38.767,417.257,425.327,39.739,40.507,444,1,577,482,54.952,45.905,470.500,44.810
1164,1164,38.800,417.266,425.371,39.740,40.512,442,1,577,482,54.952,45.905,470.500,44.810
1165,1165,38.833,417.623,425.755,39.774,40.548,439,1,577,482,54.952,45.905,470.500,44.810
1166,1166,38.867,417.799,425.994,39.790,40.571,433,1,577,482,54.952,45.905,470.500,44.810
1167,1167,38.900,417.942,426.146,39.804,40.585,430,1,577,482,54.952,45.905,470.500,44.810
1168,1168,38.933,418.338,426.560,39.842,40.625,418,1,577,482,54.952,45.905,470.500,44.810
1169,1169,38.967,418.129,426.331,39.822,40.603,417,1,577,482,54.952,45.905,470.500,44.810
1170,1170,39.000,418.416,426.582,39.849,40.627,419,1,577,482,54.952,45.905,470.500,44.810
1171,1171,39.033,418.490,426.721,39.856,40.640,416,1,577,482,54.952,45.905,470.500,44.810
1172,1172,39.067,418.381,426.732,39.846,40.641,421,1,577,482,54.952,45.905,470.500,44.810
1173,1173,39.100,418.574,426.977,39.864,40.664,422,1,577,482,54.952,45.905,470.500,44.810
1174,1174,39.133,418.804,427.158,39.886,40.682,422,1,577,482,54.952,45.905,470.500,44.810
1175,1175,39.167,418.861,427.237,39.891,40.689,419,1,577,482,54.952,45.905,470.500,44.810
1176,1176,39.200,418.791,427.182,39.885,40.684,424,1,577,482,54.952,45.905,470.500,44.810
1177,1177,39.233,419.225,427.410,39.926,40.706,417,1,577,482,54.952,45.905,470.500,44.810
1178,1178,39.267,419.208,427.414,39.925,40.706,415,1,577,482,54.952,45.905,470.500,44.810
1179,1179,39.300,419.287,427.515,39.932,40.716,417,1,577,482,54.952,45.905,470.500,44.810
1180,1180,39.333,419.302,427.628,39.933,40.727,418,1,577,482,54.952,45.905,470.500,44.810
1181,1181,39.367,419.229,427.623,39.927,40.726,415,1,577,482,54.952,45.905,470.500,44.810
1182,1182,39.400,419.237,427.664,39.927,40.730,417,1,577,482,54.952,45.905,470.500,44.810
1183,1183,39.433,419.324,427.828,39.936,40.746,422,1,577,482,54.952,45.905,470.500,44.810
1184,1184,39.467,419.309,427.805,39.934,40.743,420,1,577,482,54.952,45.905,470.500,44.810
1185,1185,39.500,419.230,427.851,39.927,40.748,416,1,577,482,54.952,45.905,470.500,44.810
1186,1186,39.533,419.348,427.884,39.938,40.751,409,1,577,482,54.952,45.905,470.500,44.810
1187,1187,39.567,419.400,427.892,39.943,40.752,411,1,577,482,54.952,45.905,470.500,44.810
1188,1188,39.600,419.170,427.643,39.921,40.728,414,1,577,482,54.952,45.905,470.500,44.810
1189,1189,39.633,419.052,427.771,39.910,40.740,417,1,577,482,54.952,45.905,470.500,44.810
1190,1190,39.667,419.212,427.964,39.925,40.758,418,1,577,482,54.952,45.905,470.500,44.810
1191,1191,39.700,419.117,427.903,39.916,40.753,422,1,577,482,54.952,45.905,470.500,44.810
1192,1192,39.733,419.083,427.924,39.913,40.755,423,1,577,482,54.952,45.905,470.500,44.810
1193,1193,39.767,418.929,427.881,39.898,40.751,424,1,577,482,54.952,45.905,470.500,44.810
1194,1194,39.800,418.999,428.018,39.905,40.764,422,1,577,482,54.952,45.905,470.500,44.810
1195,1195,39.833,418.908,427.930,39.896,40.755,421,1,577,482,54.952,45.905,470.500,44.810
1196,1196,39.867,419.018,427.987,39.906,40.761,419,1,577,482,54.952,45.905,470.500,44.810
1197,1197,39.900,418.826,428.062,39.888,40.768,421,1,577,482,54.952,45.905,470.500,44.810
1198,1198,39.933,418.831,428.120,39.889,40.773,422,1,577,482,54.952,45.905,470.500,44.810
1199,1199,39.967,418.923,428.243,39.897,40.785,417,1,577,482,54.952,45.905,470.500,44.810
1200,1200,40.000,419.074,428.355,39.912,40.796,422,1,577,482,54.952,45.905,470.500,44.810
1201,1201,40.033,419.024,428.355,39.907,40.796,428,1,577,482,54.952,45.905,470.500,44.810
1202,1202,40.067,419.113,428.368,39.916,40.797,420,1,577,482,54.952,45.905,470.500,44.810
1203,1203,40.100,419.059,428.363,39.910,40.796,424,1,577,482,54.952,45.905,470.500,44.810
1204,1204,40.133,419.080,428.393,39.912,40.799,425,1,577,482,54.952,45.905,470.500,44.810
1205,1205,40.167,419.054,428.394,39.910,40.799,427,1,577,482,54.952,45.905,470.500,44.810
1206,1206,40.200,419.138,428.540,39.918,40.813,425,1,577,482,54.952,45.905,470.500,44.810
1207,1207,40.233,418.966,428.490,39.902,40.809,428,1,577,482,54.952,45.905,470.500,44.810
1208,1208,40.267,418.785,428.596,39.884,40.819,429,1,577,482,54.952,45.905,470.500,44.810
1209,1209,40.300,418.673,428.556,39.874,40.815,428,1,577,482,54.952,45.905,470.500,44.810
1210,1210,40.333,418.698,428.603,39.876,40.819,430,1,577,482,54.952,45.905,470.500,44.810
1211,1211,40.367,418.586,428.629,39.865,40.822,431,1,577,482,54.952,45.905,470.500,44.810
1212,1212,40.400,418.471,428.583,39.854,40.817,434,1,577,482,54.952,45.905,470.500,44.810
1213,1213,40.433,418.270,428.319,39.835,40.792,431,1,577,482,54.952,45.905,470.500,44.810
1214,1214,40.467,418.251,428.302,39.833,40.791,431,1,577,482,54.952,45.905,470.500,44.810
1215,1215,40.500,418.230,428.325,39.831,40.793,430,1,577,482,54.952,45.905,470.500,44.810
1216,1216,40.533,418.173,428.356,39.826,40.796,432,1,577,482,54.952,45.905,470.500,44.810
1217,1217,40.567,418.219,428.369,39.830,40.797,425,1,577,482,54.952,45.905,470.500,44.810
1218,1218,40.600,418.274,428.434,39.836,40.803,424,1,577,482,54.952,45.905,470.500,44.810
1219,1219,40.633,418.266,428.394,39.835,40.799,431,1,577,482,54.952,45.905,470.500,44.810
1220,1220,40.667,418.233,428.366,39.832,40.797,424,1,577,482,54.952,45.905,470.500,44.810
1221,1221,40.700,418.135,428.401,39.822,40.800,429,1,577,482,54.952,45.905,470.500,44.810
1222,1222,40.733,418.291,428.459,39.837,40.806,422,1,577,482,54.952,45.905,470.500,44.810
1223,1223,40.767,418.254,428.402,39.834,40.800,422,1,577,482,54.952,45.905,470.500,44.810
1224,1224,40.800,418.277,428.491,39.836,40.809,429,1,577,482,54.952,45.905,470.500,44.810
1225,1225,40.833,418.066,428.393,39.816,40.799,430,1,577,482,54.952,45.905,470.500,44.810
1226,1226,40.867,418.170,428.462,39.826,40.806,424,1,577,482,54.952,45.905,470.500,44.810
1227,1227,40.900,417.992,428.413,39.809,40.801,427,1,577,482,54.952,45.905,470.500,44.810
1228,1228,40.933,418.072,428.426,39.816,40.802,424,1,577,482,54.952,45.905,470.500,44.810
1229,1229,40.967,418.182,428.499,39.827,40.809,425,1,577,482,54.952,45.905,470.500,44.810
1230,1230,41.000,418.176,428.516,39.826,40.811,424,1,577,482,54.952,45.905,470.500,44.810
1231,1231,41.033,417.998,428.417,39.809,40.802,423,1,577,482,54.952,45.905,470.500,44.810
1232,1232,41.067,418.057,428.521,39.815,40.812,425,1,577,482,54.952,45.905,470.500,44.810
1233,1233,41.100,418.131,428.553,39.822,40.815,423,1,577,482,54.952,45.905,470.500,44.810
1234,1234,41.133,417.963,428.503,39.806,40.810,426,1,577,482,54.952,45.905,470.500,44.810
1235,1235,41.167,417.927,428.515,39.803,40.811,427,1,577,482,54.952,45.905,470.500,44.810
1236,1236,41.200,417.860,428.517,39.796,40.811,429,1,577,482,54.952,45.905,470.500,44.810
1237,1237,41.233,417.713,428.526,39.782,40.812,434,1,577,482,54.952,45.905,470.500,44.810
1238,1238,41.267,417.624,428.594,39.774,40.818,434,1,577,482,54.952,45.905,470.500,44.810
1239,1239,41.300,417.631,428.607,39.774,40.820,432,1,577,482,54.952,45.905,470.500,44.810
1240,1240,41.333,417.519,428.666,39.764,40.825,437,1,577,482,54.952,45.905,470.500,44.810
1241,1241,41.367,417.423,428.720,39.755,40.830,440,1,577,482,54.952,45.905,470.500,44.810
1242,1242,41.400,417.290,428.687,39.742,40.827,440,1,577,482,54.952,45.905,470.500,44.810
1243,1243,41.433,417.103,428.637,39.724,40.823,441,1,577,482,54.952,45.905,470.500,44.810
1244,1244,41.467,416.825,428.506,39.698,40.810,438,1,577,482,54.952,45.905,470.500,44.810
1245,1245,41.500,416.472,428.445,39.664,40.804,453,1,577,482,54.952,45.905,470.500,44.810
1246,1246,41.533,416.658,428.528,39.682,40.812,443,1,577,482,54.952,45.905,470.500,44.810
1247,1247,41.567,416.431,428.472,39.660,40.807,431,1,577,482,54.952,45.905,470.500,44.810
1248,1248,41.600,416.386,428.526,39.656,40.812,439,1,577,482,54.952,45.905,470.500,44.810
1249,1249,41.633,416.133,428.465,39.632,40.806,445,1,577,482,54.952,45.905,470.500,44.810
1250,1250,41.667,415.593,428.311,39.580,40.792,450,1,577,482,54.952,45.905,470.500,44.810
1251,1251,41.700,415.441,428.351,39.566,40.795,448,1,577,482,54.952,45.905,470.500,44.810
1252,1252,41.733,415.136,428.258,39.537,40.787,451,1,577,482,54.952,45.905,470.500,44.810
1253,1253,41.767,414.797,428.095,39.504,40.771,442,1,577,482,54.952,45.905,470.500,44.810
1254,1254,41.800,414.431,428.079,39.470,40.769,446,1,577,482,54.952,45.905,470.500,44.810
1255,1255,41.833,414.299,427.983,39.457,40.760,439,1,577,482,54.952,45.905,470.500,44.810
1256,1256,41.867,414.031,427.860,39.431,40.749,434,1,577,482,54.952,45.905,470.500,44.810
1257,1257,41.900,413.917,427.854,39.421,40.748,441,1,577,482,54.952,45.905,470.500,44.810
1258,1258,41.933,413.863,427.819,39.415,40.745,444,1,577,482,54.952,45.905,470.500,44.810
1259,1259,41.967,413.516,427.718,39.382,40.735,433,1,577,482,54.952,45.905,470.500,44.810
1260,1260,42.000,413.541,427.767,39.385,40.740,434,1,577,482,54.952,45.905,470.500,44.810
1261,1261,42.033,413.309,427.722,39.363,40.735,423,1,577,482,54.952,45.905,470.500,44.810
1262,1262,42.067,413.190,427.617,39.351,40.725,420,1,577,482,54.952,45.905,470.500,44.810
1263,1263,42.100,413.095,427.557,39.342,40.720,417,1,577,482,54.952,45.905,470.500,44.810
1264,1264,42.133,413.081,427.483,39.341,40.713,417,1,577,482,54.952,45.905,470.500,44.810
1265,1265,42.167,413.346,427.425,39.366,40.707,426,1,577,482,54.952,45.905,470.500,44.810
1266,1266,42.200,413.107,427.336,39.344,40.699,423,1,577,482,54.952,45.905,470.500,44.810
1267,1267,42.233,413.238,427.254,39.356,40.691,424,1,577,482,54.952,45.905,470.500,44.810
1268,1268,42.267,413.254,427.214,39.357,40.687,428,1,577,482,54.952,45.905,470.500,44.810
1269,1269,42.300,412.776,427.073,39.312,40.674,440,1,577,482,54.952,45.905,470.500,44.810
1270,1270,42.333,412.661,426.909,39.301,40.658,438,1,577,482,54.952,45.905,470.500,44.810
1271,1271,42.367,412.884,426.726,39.322,40.641,429,1,577,482,54.952,45.905,470.500,44.810
1272,1272,42.400,412.863,426.653,39.320,40.634,428,1,577,482,54.952,45.905,470.500,44.810
1273,1273,42.433,412.754,426.498,39.310,40.619,439,1,577,482,54.952,45.905,470.500,44.810
1274,1274,42.467,412.898,426.418,39.324,40.611,434,1,577,482,54.952,45.905,470.500,44.810
1275,1275,42.500,413.065,426.426,39.339,40.612,431,1,577,482,54.952,45.905,470.500,44.810
1276,1276,42.533,412.981,426.449,39.332,40.614,437,1,577,482,54.952,45.905,470.500,44.810
1277,1277,42.567,412.992,426.432,39.333,40.613,434,1,577,482,54.952,45.905,470.500,44.810
1278,1278,42.600,413.155,426.405,39.348,40.610,428,1,577,482,54.952,45.905,470.500,44.810
1279,1279,42.633,413.131,426.466,39.346,40.616,428,1,577,482,54.952,45.905,470.500,44.810
1280,1280,42.667,413.217,426.473,39.354,40.616,427,1,577,482,54.952,45.905,470.500,44.810
1281,1281,42.700,413.111,426.562,39.344,40.625,426,1,577,482,54.952,45.905,470.500,44.810
1282,1282,42.733,413.226,426.609,39.355,40.629,433,1,577,482,54.952,45.905,470.500,44.810
1283,1283,42.767,413.099,426.736,39.343,40.642,425,1,577,482,54.952,45.905,470.500,44.810
1284,1284,42.800,412.798,426.735,39.314,40.641,423,1,577,482,54.952,45.905,470.500,44.810
1285,1285,42.833,412.772,426.870,39.312,40.654,425,1,577,482,54.952,45.905,470.500,44.810
1286,1286,42.867,412.621,426.850,39.297,40.652,422,1,577,482,54.952,45.905,470.500,44.810
1287,1287,42.900,412.536,426.945,39.289,40.661,425,1,577,482,54.952,45.905,470.500,44.810
1288,1288,42.933,411.981,426.903,39.236,40.657,428,1,577,482,54.952,45.905,470.500,44.810
1289,1289,42.967,411.778,426.960,39.217,40.663,429,1,577,482,54.952,45.905,470.500,44.810
1290,1290,43.000,411.624,426.984,39.202,40.665,432,1,577,482,54.952,45.905,470.500,44.810
1291,1291,43.033,411.348,427.069,39.176,40.673,433,1,577,482,54.952,45.905,470.500,44.810
1292,1292,43.067,411.315,427.091,39.173,40.675,433,1,577,482,54.952,45.905,470.500,44.810
1293,1293,43.100,411.162,427.115,39.158,40.678,441,1,577,482,54.952,45.905,470.500,44.810
1294,1294,43.133,411.196,427.113,39.161,40.677,439,1,577,482,54.952,45.905,470.500,44.810
1295,1295,43.167,410.935,427.117,39.137,40.678,440,1,577,482,54.952,45.905,470.500,44.810
1296,1296,43.200,410.507,427.090,39.096,40.675,436,1,577,482,54.952,45.905,470.500,44.810
1297,1297,43.233,409.898,427.070,39.038,40.673,435,1,577,482,54.952,45.905,470.500,44.810
1298,1298,43.267,409.821,427.050,39.031,40.671,446,1,577,482,54.952,45.905,470.500,44.810
1299,1299,43.300,409.654,427.071,39.015,40.673,434,1,577,482,54.952,45.905,470.500,44.810
1300,1300,43.333,409.323,427.108,38.983,40.677,440,1,577,482,54.952,45.905,470.500,44.810
1301,1301,43.367,409.307,427.099,38.982,40.676,451,1,577,482,54.952,45.905,470.500,44.810
1302,1302,43.400,409.409,427.114,38.991,40.678,447,1,577,482,54.952,45.905,470.500,44.810
1303,1303,43.433,408.980,427.098,38.950,40.676,445,1,577,482,54.952,45.905,470.500,44.810
1304,1304,43.467,408.795,427.050,38.933,40.671,438,1,577,482,54.952,45.905,470.500,44.810
1305,1305,43.500,408.772,427.089,38.931,40.675,440,1,577,482,54.952,45.905,470.500,44.810
1306,1306,43.533,408.170,427.016,38.873,40.668,448,1,577,482,54.952,45.905,470.500,44.810
1307,1307,43.567,408.363,427.053,38.892,40.672,448,1,577,482,54.952,45.905,470.500,44.810
1308,1308,43.600,408.104,426.972,38.867,40.664,441,1,577,482,54.952,45.905,470.500,44.810
1309,1309,43.633,407.908,426.879,38.848,40.655,441,1,577,482,54.952,45.905,470.500,44.810
1310,1310,43.667,407.739,426.843,38.832,40.652,433,1,577,482,54.952,45.905,470.500,44.810
1311,1311,43.700,407.419,426.845,38.802,40.652,436,1,577,482,54.952,45.905,470.500,44.810
1312,1312,43.733,407.293,426.853,38.790,40.653,436,1,577,482,54.952,45.905,470.500,44.810
1313,1313,43.767,407.122,426.809,38.774,40.648,439,1,577,482,54.952,45.905,470.500,44.810
1314,1314,43.800,406.928,426.818,38.755,40.649,440,1,577,482,54.952,45.905,470.500,44.810
1315,1315,43.833,406.624,426.810,38.726,40.649,438,1,577,482,54.952,45.905,470.500,44.810
1316,1316,43.867,406.385,426.829,38.703,40.650,442,1,577,482,54.952,45.905,470.500,44.810
1317,1317,43.900,406.025,426.630,38.669,40.631,442,1,577,482,54.952,45.905,470.500,44.810
1318,1318,43.933,405.711,426.693,38.639,40.637,460,1,577,482,54.952,45.905,470.500,44.810
1319,1319,43.967,405.560,426.647,38.625,40.633,455,1,577,482,54.952,45.905,470.500,44.810
1320,1320,44.000,405.496,426.607,38.619,40.629,452,1,577,482,54.952,45.905,470.500,44.810
1321,1321,44.033,405.074,426.739,38.578,40.642,457,1,577,482,54.952,45.905,470.500,44.810
1322,1322,44.067,405.114,426.703,38.582,40.638,452,1,577,482,54.952,45.905,470.500,44.810
1323,1323,44.100,405.273,426.648,38.597,40.633,455,1,577,482,54.952,45.905,470.500,44.810
1324,1324,44.133,405.068,426.505,38.578,40.619,452,1,577,482,54.952,45.905,470.500,44.810
1325,1325,44.167,405.174,426.503,38.588,40.619,454,1,577,482,54.952,45.905,470.500,44.810
1326,1326,44.200,404.924,426.479,38.564,40.617,453,1,577,482,54.952,45.905,470.500,44.810
1327,1327,44.233,404.863,426.472,38.558,40.616,454,1,577,482,54.952,45.905,470.500,44.810
1328,1328,44.267,404.772,426.414,38.550,40.611,449,1,577,482,54.952,45.905,470.500,44.810
1329,1329,44.300,404.616,426.426,38.535,40.612,450,1,577,482,54.952,45.905,470.500,44.810
1330,1330,44.333,404.741,426.436,38.547,40.613,455,1,577,482,54.952,45.905,470.500,44.810
1331,1331,44.367,404.800,426.331,38.552,40.603,448,1,577,482,54.952,45.905,470.500,44.810
1332,1332,44.400,404.550,426.356,38.529,40.605,446,1,577,482,54.952,45.905,470.500,44.810
1333,1333,44.433,404.582,426.360,38.532,40.606,442,1,577,482,54.952,45.905,470.500,44.810
1334,1334,44.467,404.612,426.476,38.535,40.617,448,1,577,482,54.952,45.905,470.500,44.810
1335,1335,44.500,404.890,426.498,38.561,40.619,451,1,577,482,54.952,45.905,470.500,44.810
1336,1336,44.533,404.630,426.495,38.536,40.619,443,1,577,482,54.952,45.905,470.500,44.810
1337,1337,44.567,404.791,426.516,38.551,40.621,443,1,577,482,54.952,45.905,470.500,44.810
1338,1338,44.600,405.261,426.442,38.596,40.613,440,1,577,482,54.952,45.905,470.500,44.810
1339,1339,44.633,405.219,426.451,38.592,40.614,444,1,577,482,54.952,45.905,470.500,44.810
1340,1340,44.667,405.564,426.403,38.625,40.610,433,1,577,482,54.952,45.905,470.500,44.810
1341,1341,44.700,405.349,426.416,38.605,40.611,424,1,577,482,54.952,45.905,470.500,44.810
1342,1342,44.733,405.447,426.549,38.614,40.624,440,1,577,482,54.952,45.905,470.500,44.810
1343,1343,44.767,405.544,426.512,38.623,40.620,430,1,577,482,54.952,45.905,470.500,44.810
1344,1344,44.800,405.011,426.518,38.572,40.621,433,1,577,482,54.952,45.905,470.500,44.810
1345,1345,44.833,404.725,426.576,38.545,40.626,431,1,577,482,54.952,45.905,470.500,44.810
1346,1346,44.867,404.988,426.627,38.570,40.631,433,1,577,482,54.952,45.905,470.500,44.810
1347,1347,44.900,404.824,426.569,38.555,40.626,427,1,577,482,54.952,45.905,470.500,44.810
1348,1348,44.933,404.844,426.573,38.557,40.626,427,1,577,482,54.952,45.905,470.500,44.810
1349,1349,44.967,404.744,426.637,38.547,40.632,432,1,577,482,54.952,45.905,470.500,44.810
1350,1350,45.000,404.537,426.663,38.527,40.635,435,1,577,482,54.952,45.905,470.500,44.810
1351,1351,45.033,404.537,426.719,38.527,40.640,439,1,577,482,54.952,45.905,470.500,44.810
1352,1352,45.067,404.224,426.751,38.497,40.643,442,1,577,482,54.952,45.905,470.500,44.810
1353,1353,45.100,404.115,426.777,38.487,40.645,443,1,577,482,54.952,45.905,470.500,44.810
1354,1354,45.133,403.801,426.830,38.457,40.650,447,1,577,482,54.952,45.905,470.500,44.810
1355,1355,45.167,403.714,426.878,38.449,40.655,451,1,577,482,54.952,45.905,470.500,44.810
1356,1356,45.200,403.695,426.926,38.447,40.660,444,1,577,482,54.952,45.905,470.500,44.810
1357,1357,45.233,403.423,426.993,38.421,40.666,450,1,577,482,54.952,45.905,470.500,44.810
1358,1358,45.267,403.287,427.030,38.408,40.670,451,1,577,482,54.952,45.905,470.500,44.810
1359,1359,45.300,403.384,427.002,38.418,40.667,444,1,577,482,54.952,45.905,470.500,44.810
1360,1360,45.333,403.103,427.011,38.391,40.668,448,1,577,482,54.952,45.905,470.500,44.810
1361,1361,45.367,403.392,427.022,38.418,40.669,454,1,577,482,54.952,45.905,470.500,44.810
1362,1362,45.400,403.064,427.048,38.387,40.671,453,1,577,482,54.952,45.905,470.500,44.810
1363,1363,45.433,402.828,427.092,38.365,40.675,447,1,577,482,54.952,45.905,470.500,44.810
1364,1364,45.467,402.838,427.122,38.366,40.678,455,1,577,482,54.952,45.905,470.500,44.810
1365,1365,45.500,402.668,427.142,38.349,40.680,453,1,577,482,54.952,45.905,470.500,44.810
1366,1366,45.533,402.498,427.171,38.333,40.683,458,1,577,482,54.952,45.905,470.500,44.810
1367,1367,45.567,402.432,427.144,38.327,40.680,456,1,577,482,54.952,45.905,470.500,44.810
1368,1368,45.600,402.275,427.165,38.312,40.682,460,1,577,482,54.952,45.905,470.500,44.810
1369,1369,45.633,402.257,427.170,38.310,40.683,460,1,577,482,54.952,45.905,470.500,44.810
1370,1370,45.667,402.115,427.169,38.297,40.683,465,1,577,482,54.952,45.905,470.500,44.810
1371,1371,45.700,402.000,427.195,38.286,40.685,464,1,577,482,54.952,45.905,470.500,44.810
1372,1372,45.733,401.865,427.220,38.273,40.688,468,1,577,482,54.952,45.905,470.500,44.810
1373,1373,45.767,401.956,427.196,38.282,40.685,465,1,577,482,54.952,45.905,470.500,44.810
1374,1374,45.800,401.651,427.280,38.253,40.693,467,1,577,482,54.952,45.905,470.500,44.810
1375,1375,45.833,401.683,427.228,38.256,40.688,468,1,577,482,54.952,45.905,470.500,44.810
1376,1376,45.867,401.516,427.251,38.240,40.691,459,1,577,482,54.952,45.905,470.500,44.810
1377,1377,45.900,401.414,427.236,38.230,40.689,456,1,577,482,54.952,45.905,470.500,44.810
1378,1378,45.933,401.375,427.221,38.226,40.688,461,1,577,482,54.952,45.905,470.500,44.810
1379,1379,45.967,401.159,427.258,38.206,40.691,461,1,577,482,54.952,45.905,470.500,44.810
1380,1380,46.000,400.901,427.295,38.181,40.695,460,1,577,482,54.952,45.905,470.500,44.810
1381,1381,46.033,400.338,427.487,38.127,40.713,466,1,577,482,54.952,45.905,470.500,44.810
1382,1382,46.067,400.073,427.496,38.102,40.714,464,1,577,482,54.952,45.905,470.500,44.810
1383,1383,46.100,400.030,427.519,38.098,40.716,458,1,577,482,54.952,45.905,470.500,44.810
1384,1384,46.133,399.631,427.572,38.060,40.721,456,1,577,482,54.952,45.905,470.500,44.810
1385,1385,46.167,399.366,427.662,38.035,40.730,455,1,577,482,54.952,45.905,470.500,44.810
1386,1386,46.200,399.149,427.689,38.014,40.732,453,1,577,482,54.952,45.905,470.500,44.810
1387,1387,46.233,398.759,427.752,37.977,40.738,455,1,577,482,54.952,45.905,470.500,44.810
1388,1388,46.267,398.548,427.889,37.957,40.751,453,1,577,482,54.952,45.905,470.500,44.810
1389,1389,46.300,398.304,427.921,37.934,40.754,449,1,577,482,54.952,45.905,470.500,44.810
1390,1390,46.333,397.974,427.947,37.902,40.757,450,1,577,482,54.952,45.905,470.500,44.810
1391,1391,46.367,398.132,427.872,37.917,40.750,455,1,577,482,54.952,45.905,470.500,44.810
1392,1392,46.400,397.662,427.908,37.873,40.753,448,1,577,482,54.952,45.905,470.500,44.810
1393,1393,46.433,397.511,427.861,37.858,40.749,446,1,577,482,54.952,45.905,470.500,44.810
1394,1394,46.467,397.579,427.785,37.865,40.741,451,1,577,482,54.952,45.905,470.500,44.810
1395,1395,46.500,397.301,427.848,37.838,40.747,444,1,577,482,54.952,45.905,470.500,44.810
1396,1396,46.533,396.929,427.798,37.803,40.743,441,1,577,482,54.952,45.905,470.500,44.810
1397,1397,46.567,396.982,427.782,37.808,40.741,441,1,577,482,54.952,45.905,470.500,44.810
1398,1398,46.600,396.934,427.793,37.803,40.742,431,1,577,482,54.952,45.905,470.500,44.810
1399,1399,46.633,396.820,427.816,37.792,40.744,429,1,577,482,54.952,45.905,470.500,44.810
1400,1400,46.667,396.777,427.812,37.788,40.744,431,1,577,482,54.952,45.905,470.500,44.810
1401,1401,46.700,396.819,427.766,37.792,40.740,430,1,577,482,54.952,45.905,470.500,44.810
1402,1402,46.733,396.641,427.811,37.775,40.744,431,1,577,482,54.952,45.905,470.500,44.810
1403,1403,46.767,396.988,427.741,37.808,40.737,440,1,577,482,54.952,45.905,470.500,44.810
1404,1404,46.800,396.832,427.872,37.793,40.750,432,1,577,482,54.952,45.905,470.500,44.810
1405,1405,46.833,396.992,427.797,37.809,40.743,441,1,577,482,54.952,45.905,470.500,44.810
1406,1406,46.867,396.793,427.805,37.790,40.743,436,1,577,482,54.952,45.905,470.500,44.810
1407,1407,46.900,396.743,427.809,37.785,40.744,437,1,577,482,54.952,45.905,470.500,44.810
1408,1408,46.933,396.701,427.764,37.781,40.739,431,1,577,482,54.952,45.905,470.500,44.810
1409,1409,46.967,397.005,427.734,37.810,40.737,426,1,577,482,54.952,45.905,470.500,44.810
1410,1410,47.000,396.721,427.776,37.783,40.741,428,1,577,482,54.952,45.905,470.500,44.810
1411,1411,47.033,396.395,427.846,37.752,40.747,430,1,577,482,54.952,45.905,470.500,44.810
1412,1412,47.067,396.288,427.889,37.742,40.751,433,1,577,482,54.952,45.905,470.500,44.810
1413,1413,47.100,396.123,427.978,37.726,40.760,433,1,577,482,54.952,45.905,470.500,44.810
1414,1414,47.133,395.645,428.072,37.681,40.769,430,1,577,482,54.952,45.905,470.500,44.810
1415,1415,47.167,395.179,428.269,37.636,40.788,438,1,577,482,54.952,45.905,470.500,44.810
1416,1416,47.200,394.936,428.307,37.613,40.791,437,1,577,482,54.952,45.905,470.500,44.810
1417,1417,47.233,394.628,428.313,37.584,40.792,444,1,577,482,54.952,45.905,470.500,44.810
1418,1418,47.267,393.793,428.552,37.504,40.814,460,1,577,482,54.952,45.905,470.500,44.810
1419,1419,47.300,393.473,428.676,37.474,40.826,463,1,577,482,54.952,45.905,470.500,44.810
1420,1420,47.333,393.083,428.712,37.437,40.830,458,1,577,482,54.952,45.905,470.500,44.810
1421,1421,47.367,392.578,428.866,37.388,40.844,466,1,577,482,54.952,45.905,470.500,44.810
1422,1422,47.400,392.251,428.879,37.357,40.846,454,1,577,482,54.952,45.905,470.500,44.810
1423,1423,47.433,391.424,429.139,37.278,40.870,452,1,577,482,54.952,45.905,470.500,44.810
1424,1424,47.467,391.312,429.222,37.268,40.878,457,1,577,482,54.952,45.905,470.500,44.810
1425,1425,47.500,390.558,429.401,37.196,40.895,453,1,577,482,54.952,45.905,470.500,44.810
1426,1426,47.533,390.310,429.458,37.172,40.901,466,1,577,482,54.952,45.905,470.500,44.810
1427,1427,47.567,389.851,429.560,37.129,40.910,455,1,577,482,54.952,45.905,470.500,44.810
1428,1428,47.600,389.552,429.620,37.100,40.916,453,1,577,482,54.952,45.905,470.500,44.810
1429,1429,47.633,388.927,429.860,37.041,40.939,466,1,577,482,54.952,45.905,470.500,44.810
1430,1430,47.667,388.622,429.844,37.012,40.938,465,1,577,482,54.952,45.905,470.500,44.810
1431,1431,47.700,388.494,429.949,36.999,40.948,460,1,577,482,54.952,45.905,470.500,44.810
1432,1432,47.733,388.258,429.960,36.977,40.949,461,1,577,482,54.952,45.905,470.500,44.810
1433,1433,47.767,388.146,429.900,36.966,40.943,457,1,577,482,54.952,45.905,470.500,44.810
1434,1434,47.800,387.993,429.924,36.952,40.945,460,1,577,482,54.952,45.905,470.500,44.810
1435,1435,47.833,388.064,429.830,36.958,40.936,454,1,577,482,54.952,45.905,470.500,44.810
1436,1436,47.867,388.045,429.752,36.957,40.929,446,1,577,482,54.952,45.905,470.500,44.810
1437,1437,47.900,387.898,429.785,36.943,40.932,451,1,577,482,54.952,45.905,470.500,44.810
1438,1438,47.933,387.800,429.806,36.933,40.934,451,1,577,482,54.952,45.905,470.500,44.810
1439,1439,47.967,387.843,429.787,36.937,40.932,453,1,577,482,54.952,45.905,470.500,44.810
1440,1440,48.000,387.529,429.845,36.908,40.938,447,1,577,482,54.952,45.905,470.500,44.810
1441,1441,48.033,387.778,429.759,36.931,40.929,446,1,577,482,54.952,45.905,470.500,44.810
1442,1442,48.067,387.939,429.775,36.947,40.931,442,1,577,482,54.952,45.905,470.500,44.810
1443,1443,48.100,387.701,429.818,36.924,40.935,441,1,577,482,54.952,45.905,470.500,44.810
1444,1444,48.133,387.974,429.791,36.950,40.933,441,1,577,482,54.952,45.905,470.500,44.810
1445,1445,48.167,387.817,429.767,36.935,40.930,445,1,577,482,54.952,45.905,470.500,44.810
1446,1446,48.200,387.841,429.785,36.937,40.932,447,1,577,482,54.952,45.905,470.500,44.810
1447,1447,48.233,387.792,429.839,36.933,40.937,448,1,577,482,54.952,45.905,470.500,44.810
1448,1448,48.267,387.784,429.805,36.932,40.934,447,1,577,482,54.952,45.905,470.500,44.810
1449,1449,48.300,387.757,429.814,36.929,40.935,446,1,577,482,54.952,45.905,470.500,44.810
1450,1450,48.333,387.597,429.884,36.914,40.941,444,1,577,482,54.952,45.905,470.500,44.810
1451,1451,48.367,387.510,429.940,36.906,40.947,442,1,577,482,54.952,45.905,470.500,44.810
1452,1452,48.400,387.379,430.021,36.893,40.954,438,1,577,482,54.952,45.905,470.500,44.810
1453,1453,48.433,386.890,430.142,36.847,40.966,436,1,577,482,54.952,45.905,470.500,44.810
1454,1454,48.467,386.905,430.144,36.848,40.966,439,1,577,482,54.952,45.905,470.500,44.810
1455,1455,48.500,386.832,430.216,36.841,40.973,438,1,577,482,54.952,45.905,470.500,44.810
1456,1456,48.533,386.661,430.217,36.825,40.973,440,1,577,482,54.952,45.905,470.500,44.810
1457,1457,48.567,386.586,430.219,36.818,40.973,443,1,577,482,54.952,45.905,470.500,44.810
1458,1458,48.600,386.188,430.334,36.780,40.984,451,1,577,482,54.952,45.905,470.500,44.810
1459,1459,48.633,386.389,430.221,36.799,40.973,447,1,577,482,54.952,45.905,470.500,44.810
1460,1460,48.667,386.009,430.269,36.763,40.978,451,1,577,482,54.952,45.905,470.500,44.810
1461,1461,48.700,385.925,430.278,36.755,40.979,453,1,577,482,54.952,45.905,470.500,44.810
1462,1462,48.733,385.778,430.226,36.741,40.974,452,1,577,482,54.952,45.905,470.500,44.810
1463,1463,48.767,385.788,430.244,36.742,40.976,452,1,577,482,54.952,45.905,470.500,44.810
1464,1464,48.800,385.339,430.400,36.699,40.991,459,1,577,482,54.952,45.905,470.500,44.810
1465,1465,48.833,385.276,430.424,36.693,40.993,461,1,577,482,54.952,45.905,470.500,44.810
1466,1466,48.867,385.400,430.454,36.705,40.996,460,1,577,482,54.952,45.905,470.500,44.810
1467,1467,48.900,385.520,430.500,36.716,41.000,460,1,577,482,54.952,45.905,470.500,44.810
1468,1468,48.933,385.391,430.512,36.704,41.001,459,1,577,482,54.952,45.905,470.500,44.810
1469,1469,48.967,385.705,430.449,36.734,40.995,457,1,577,482,54.952,45.905,470.500,44.810
1470,1470,49.000,385.526,430.504,36.717,41.000,456,1,577,482,54.952,45.905,470.500,44.810
1471,1471,49.033,385.428,430.559,36.707,41.006,462,1,577,482,54.952,45.905,470.500,44.810
1472,1472,49.067,385.511,430.553,36.715,41.005,457,1,577,482,54.952,45.905,470.500,44.810
1473,1473,49.100,385.705,430.515,36.734,41.001,463,1,577,482,54.952,45.905,470.500,44.810
1474,1474,49.133,385.676,430.575,36.731,41.007,465,1,577,482,54.952,45.905,470.500,44.810
1475,1475,49.167,385.632,430.531,36.727,41.003,463,1,577,482,54.952,45.905,470.500,44.810
1476,1476,49.200,385.730,430.522,36.736,41.002,459,1,577,482,54.952,45.905,470.500,44.810
1477,1477,49.233,385.525,430.541,36.717,41.004,459,1,577,482,54.952,45.905,470.500,44.810
1478,1478,49.267,385.647,430.489,36.728,40.999,455,1,577,482,54.952,45.905,470.500,44.810
1479,1479,49.300,385.499,430.500,36.714,41.000,459,1,577,482,54.952,45.905,470.500,44.810
1480,1480,49.333,385.391,430.583,36.704,41.008,455,1,577,482,54.952,45.905,470.500,44.810
1481,1481,49.367,385.391,430.593,36.704,41.009,453,1,577,482,54.952,45.905,470.500,44.810
1482,1482,49.400,385.309,430.564,36.696,41.006,446,1,577,482,54.952,45.905,470.500,44.810
1483,1483,49.433,385.731,430.482,36.736,40.998,456,1,577,482,54.952,45.905,470.500,44.810
1484,1484,49.467,385.638,430.494,36.727,40.999,456,1,577,482,54.952,45.905,470.500,44.810
1485,1485,49.500,385.308,430.635,36.696,41.013,456,1,577,482,54.952,45.905,470.500,44.810
1486,1486,49.533,385.495,430.655,36.714,41.015,461,1,577,482,54.952,45.905,470.500,44.810
1487,1487,49.567,385.371,430.682,36.702,41.017,464,1,577,482,54.952,45.905,470.500,44.810
1488,1488,49.600,385.473,430.609,36.712,41.010,453,1,577,482,54.952,45.905,470.500,44.810
1489,1489,49.633,385.426,430.634,36.707,41.013,449,1,577,482,54.952,45.905,470.500,44.810
1490,1490,49.667,385.440,430.724,36.709,41.021,451,1,577,482,54.952,45.905,470.500,44.810
1491,1491,49.700,385.616,430.681,36.725,41.017,458,1,577,482,54.952,45.905,470.500,44.810
1492,1492,49.733,385.589,430.676,36.723,41.017,456,1,577,482,54.952,45.905,470.500,44.810
1493,1493,49.767,385.596,430.670,36.723,41.016,456,1,577,482,54.952,45.905,470.500,44.810
1494,1494,49.800,385.652,430.639,36.729,41.013,456,1,577,482,54.952,45.905,470.500,44.810
1495,1495,49.833,385.573,430.666,36.721,41.016,457,1,577,482,54.952,45.905,470.500,44.810
1496,1496,49.867,385.577,430.650,36.722,41.014,456,1,577,482,54.952,45.905,470.500,44.810
1497,1497,49.900,385.749,430.618,36.738,41.011,459,1,577,482,54.952,45.905,470.500,44.810
1498,1498,49.933,385.688,430.619,36.732,41.011,453,1,577,482,54.952,45.905,470.500,44.810
1499,1499,49.967,385.870,430.577,36.750,41.007,453,1,577,482,54.952,45.905,470.500,44.810
1500,1500,50.000,386.073,430.477,36.769,40.998,446,1,577,482,54.952,45.905,470.500,44.810
1501,1501,50.033,385.958,430.453,36.758,40.996,443,1,577,482,54.952,45.905,470.500,44.810
1502,1502,50.067,385.911,430.414,36.753,40.992,444,1,577,482,54.952,45.905,470.500,44.810
1503,1503,50.100,386.108,430.331,36.772,40.984,440,1,577,482,54.952,45.905,470.500,44.810
1504,1504,50.133,386.103,430.303,36.772,40.981,438,1,577,482,54.952,45.905,470.500,44.810
1505,1505,50.167,386.235,430.326,36.784,40.983,436,1,577,482,54.952,45.905,470.500,44.810
1506,1506,50.200,386.311,430.283,36.792,40.979,437,1,577,482,54.952,45.905,470.500,44.810
1507,1507,50.233,386.201,430.288,36.781,40.980,439,1,577,482,54.952,45.905,470.500,44.810
1508,1508,50.267,386.181,430.314,36.779,40.982,441,1,577,482,54.952,45.905,470.500,44.810
1509,1509,50.300,386.201,430.310,36.781,40.982,443,1,577,482,54.952,45.905,470.500,44.810
1510,1510,50.333,386.139,430.350,36.775,40.986,437,1,577,482,54.952,45.905,470.500,44.810
1511,1511,50.367,386.083,430.320,36.770,40.983,439,1,577,482,54.952,45.905,470.500,44.810
1512,1512,50.400,385.911,430.371,36.753,40.988,441,1,577,482,54.952,45.905,470.500,44.810
1513,1513,50.433,385.876,430.351,36.750,40.986,445,1,577,482,54.952,45.905,470.500,44.810
1514,1514,50.467,385.997,430.287,36.762,40.980,438,1,577,482,54.952,45.905,470.500,44.810
1515,1515,50.500,385.969,430.307,36.759,40.982,441,1,577,482,54.952,45.905,470.500,44.810
1516,1516,50.533,385.910,430.280,36.753,40.979,442,1,577,482,54.952,45.905,470.500,44.810
1517,1517,50.567,385.868,430.293,36.749,40.980,444,1,577,482,54.952,45.905,470.500,44.810
1518,1518,50.600,385.603,430.317,36.724,40.983,451,1,577,482,54.952,45.905,470.500,44.810
1519,1519,50.633,385.524,430.296,36.717,40.981,449,1,577,482,54.952,45.905,470.500,44.810
1520,1520,50.667,385.651,430.217,36.729,40.973,447,1,577,482,54.952,45.905,470.500,44.810
1521,1521,50.700,385.352,430.294,36.700,40.980,451,1,577,482,54.952,45.905,470.500,44.810
1522,1522,50.733,385.086,430.297,36.675,40.981,455,1,577,482,54.952,45.905,470.500,44.810
1523,1523,50.767,385.008,430.294,36.667,40.980,458,1,577,482,54.952,45.905,470.500,44.810
1524,1524,50.800,384.910,430.366,36.658,40.987,466,1,577,482,54.952,45.905,470.500,44.810
1525,1525,50.833,384.964,430.312,36.663,40.982,465,1,577,482,54.952,45.905,470.500,44.810
1526,1526,50.867,384.721,430.395,36.640,40.990,468,1,577,482,54.952,45.905,470.500,44.810
1527,1527,50.900,384.629,430.319,36.631,40.983,459,1,577,482,54.952,45.905,470.500,44.810
1528,1528,50.933,384.601,430.330,36.629,40.984,463,1,577,482,54.952,45.905,470.500,44.810
1529,1529,50.967,384.596,430.348,36.628,40.985,463,1,577,482,54.952,45.905,470.500,44.810
1530,1530,51.000,384.416,430.423,36.611,40.993,468,1,577,482,54.952,45.905,470.500,44.810
1531,1531,51.033,384.468,430.414,36.616,40.992,466,1,577,482,54.952,45.905,470.500,44.810
1532,1532,51.067,384.259,430.312,36.596,40.982,465,1,577,482,54.952,45.905,470.500,44.810
1533,1533,51.100,384.126,430.328,36.583,40.984,470,1,577,482,54.952,45.905,470.500,44.810
1534,1534,51.133,383.843,430.379,36.556,40.988,477,1,577,482,54.952,45.905,470.500,44.810
1535,1535,51.167,383.707,430.422,36.544,40.993,470,1,577,482,54.952,45.905,470.500,44.810
1536,1536,51.200,383.545,430.444,36.528,40.995,471,1,577,482,54.952,45.905,470.500,44.810
1537,1537,51.233,383.413,430.492,36.516,40.999,475,1,577,482,54.952,45.905,470.500,44.810
1538,1538,51.267,383.398,430.519,36.514,41.002,472,1,577,482,54.952,45.905,470.500,44.810
1539,1539,51.300,383.298,430.690,36.505,41.018,467,1,577,482,54.952,45.905,470.500,44.810
1540,1540,51.333,383.183,430.731,36.494,41.022,464,1,577,482,54.952,45.905,470.500,44.810
1541,1541,51.367,383.144,430.759,36.490,41.025,467,1,577,482,54.952,45.905,470.500,44.810
1542,1542,51.400,383.198,430.731,36.495,41.022,463,1,577,482,54.952,45.905,470.500,44.810
1543,1543,51.433,383.137,430.727,36.489,41.022,468,1,577,482,54.952,45.905,470.500,44.810
1544,1544,51.467,383.052,430.732,36.481,41.022,469,1,577,482,54.952,45.905,470.500,44.810
1545,1545,51.500,382.776,430.752,36.455,41.024,465,1,577,482,54.952,45.905,470.500,44.810
1546,1546,51.533,382.353,430.770,36.415,41.026,476,1,577,482,54.952,45.905,470.500,44.810
1547,1547,51.567,382.225,430.812,36.402,41.030,471,1,577,482,54.952,45.905,470.500,44.810
1548,1548,51.600,382.060,430.869,36.387,41.035,472,1,577,482,54.952,45.905,470.500,44.810
1549,1549,51.633,381.821,430.882,36.364,41.036,472,1,577,482,54.952,45.905,470.500,44.810
1550,1550,51.667,381.667,430.898,36.349,41.038,462,1,577,482,54.952,45.905,470.500,44.810
1551,1551,51.700,381.535,430.900,36.337,41.038,461,1,577,482,54.952,45.905,470.500,44.810
1552,1552,51.733,381.167,430.947,36.302,41.043,458,1,577,482,54.952,45.905,470.500,44.810
1553,1553,51.767,380.749,431.003,36.262,41.048,457,1,577,482,54.952,45.905,470.500,44.810
1554,1554,51.800,380.569,431.004,36.245,41.048,452,1,577,482,54.952,45.905,470.500,44.810
1555,1555,51.833,380.393,431.012,36.228,41.049,448,1,577,482,54.952,45.905,470.500,44.810
1556,1556,51.867,379.931,431.003,36.184,41.048,445,1,577,482,54.952,45.905,470.500,44.810
1557,1557,51.900,379.818,431.074,36.173,41.055,448,1,577,482,54.952,45.905,470.500,44.810
1558,1558,51.933,379.605,431.076,36.153,41.055,438,1,577,482,54.952,45.905,470.500,44.810
1559,1559,51.967,379.377,431.111,36.131,41.058,443,1,577,482,54.952,45.905,470.500,44.810
1560,1560,52.000,379.404,430.994,36.134,41.047,437,1,577,482,54.952,45.905,470.500,44.810
1561,1561,52.033,379.458,431.161,36.139,41.063,432,1,577,482,54.952,45.905,470.500,44.810
1562,1562,52.067,379.418,431.193,36.135,41.066,432,1,577,482,54.952,45.905,470.500,44.810
1563,1563,52.100,379.578,431.179,36.150,41.065,442,1,577,482,54.952,45.905,470.500,44.810
1564,1564,52.133,379.379,431.316,36.131,41.078,441,1,577,482,54.952,45.905,470.500,44.810
1565,1565,52.167,379.317,431.396,36.125,41.085,440,1,577,482,54.952,45.905,470.500,44.810
1566,1566,52.200,379.414,431.404,36.135,41.086,438,1,577,482,54.952,45.905,470.500,44.810
1567,1567,52.233,379.339,431.500,36.128,41.095,432,1,577,482,54.952,45.905,470.500,44.810
1568,1568,52.267,379.414,431.501,36.135,41.095,434,1,577,482,54.952,45.905,470.500,44.810
1569,1569,52.300,379.526,431.554,36.145,41.100,431,1,577,482,54.952,45.905,470.500,44.810
1570,1570,52.333,379.571,431.558,36.150,41.101,434,1,577,482,54.952,45.905,470.500,44.810
1571,1571,52.367,379.426,431.578,36.136,41.103,434,1,577,482,54.952,45.905,470.500,44.810
1572,1572,52.400,379.314,431.619,36.125,41.107,433,1,577,482,54.952,45.905,470.500,44.810
1573,1573,52.433,379.261,431.598,36.120,41.105,427,1,577,482,54.952,45.905,470.500,44.810
1574,1574,52.467,379.399,431.504,36.133,41.096,438,1,577,482,54.952,45.905,470.500,44.810
1575,1575,52.500,379.100,431.562,36.105,41.101,437,1,577,482,54.952,45.905,470.500,44.810
1576,1576,52.533,378.864,431.601,36.082,41.105,439,1,577,482,54.952,45.905,470.500,44.810
1577,1577,52.567,378.655,431.601,36.062,41.105,439,1,577,482,54.952,45.905,470.500,44.810
1578,1578,52.600,378.341,431.559,36.032,41.101,452,1,577,482,54.952,45.905,470.500,44.810
1579,1579,52.633,377.905,431.612,35.991,41.106,440,1,577,482,54.952,45.905,470.500,44.810
1580,1580,52.667,377.544,431.674,35.957,41.112,444,1,577,482,54.952,45.905,470.500,44.810
1581,1581,52.700,377.214,431.685,35.925,41.113,447,1,577,482,54.952,45.905,470.500,44.810
1582,1582,52.733,377.123,431.683,35.916,41.113,448,1,577,482,54.952,45.905,470.500,44.810
1583,1583,52.767,377.096,431.671,35.914,41.111,451,1,577,482,54.952,45.905,470.500,44.810
1584,1584,52.800,376.720,431.738,35.878,41.118,446,1,577,482,54.952,45.905,470.500,44.810
1585,1585,52.833,376.501,431.730,35.857,41.117,440,1,577,482,54.952,45.905,470.500,44.810
1586,1586,52.867,376.273,431.810,35.836,41.125,450,1,577,482,54.952,45.905,470.500,44.810
1587,1587,52.900,375.958,431.842,35.806,41.128,454,1,577,482,54.952,45.905,470.500,44.810
1588,1588,52.933,375.662,431.827,35.777,41.126,465,1,577,482,54.952,45.905,470.500,44.810
1589,1589,52.967,375.390,431.920,35.751,41.135,469,1,577,482,54.952,45.905,470.500,44.810
1590,1590,53.000,374.883,432.060,35.703,41.149,473,1,577,482,54.952,45.905,470.500,44.810
1591,1591,53.033,374.637,431.947,35.680,41.138,473,1,577,482,54.952,45.905,470.500,44.810
1592,1592,53.067,374.195,432.008,35.638,41.144,472,1,577,482,54.952,45.905,470.500,44.810
1593,1593,53.100,374.040,432.049,35.623,41.147,471,1,577,482,54.952,45.905,470.500,44.810
1594,1594,53.133,373.729,432.070,35.593,41.150,477,1,577,482,54.952,45.905,470.500,44.810
1595,1595,53.167,373.349,432.116,35.557,41.154,474,1,577,482,54.952,45.905,470.500,44.810
1596,1596,53.200,373.029,432.142,35.527,41.156,468,1,577,482,54.952,45.905,470.500,44.810
1597,1597,53.233,372.867,432.163,35.511,41.158,465,1,577,482,54.952,45.905,470.500,44.810
1598,1598,53.267,372.595,432.216,35.485,41.163,460,1,577,482,54.952,45.905,470.500,44.810
1599,1599,53.300,372.386,432.332,35.465,41.174,451,1,577,482,54.952,45.905,470.500,44.810
1600,1600,53.333,371.813,432.510,35.411,41.191,463,1,577,482,54.952,45.905,470.500,44.810
1601,1601,53.367,371.334,432.635,35.365,41.203,456,1,577,482,54.952,45.905,470.500,44.810
1602,1602,53.400,371.164,432.655,35.349,41.205,449,1,577,482,54.952,45.905,470.500,44.810
1603,1603,53.433,370.671,432.806,35.302,41.220,453,1,577,482,54.952,45.905,470.500,44.810
1604,1604,53.467,370.288,432.850,35.265,41.224,453,1,577,482,54.952,45.905,470.500,44.810
1605,1605,53.500,370.291,432.897,35.266,41.228,453,1,577,482,54.952,45.905,470.500,44.810
1606,1606,53.533,369.929,432.957,35.231,41.234,452,1,577,482,54.952,45.905,470.500,44.810
1607,1607,53.567,369.990,432.935,35.237,41.232,448,1,577,482,54.952,45.905,470.500,44.810
1608,1608,53.600,369.784,433.019,35.217,41.240,448,1,577,482,54.952,45.905,470.500,44.810
1609,1609,53.633,369.791,433.055,35.218,41.243,451,1,577,482,54.952,45.905,470.500,44.810
1610,1610,53.667,369.656,433.063,35.205,41.244,456,1,577,482,54.952,45.905,470.500,44.810
1611,1611,53.700,369.869,433.061,35.226,41.244,452,1,577,482,54.952,45.905,470.500,44.810
1612,1612,53.733,369.935,433.057,35.232,41.243,452,1,577,482,54.952,45.905,470.500,44.810
1613,1613,53.767,369.778,433.065,35.217,41.244,454,1,577,482,54.952,45.905,470.500,44.810
1614,1614,53.800,369.970,433.044,35.235,41.242,449,1,577,482,54.952,45.905,470.500,44.810
1615,1615,53.833,369.756,433.081,35.215,41.246,455,1,577,482,54.952,45.905,470.500,44.810
1616,1616,53.867,369.811,432.985,35.220,41.237,446,1,577,482,54.952,45.905,470.500,44.810
1617,1617,53.900,369.796,432.982,35.219,41.236,445,1,577,482,54.952,45.905,470.500,44.810
1618,1618,53.933,369.864,432.895,35.225,41.228,447,1,577,482,54.952,45.905,470.500,44.810
1619,1619,53.967,369.602,433.061,35.200,41.244,456,1,577,482,54.952,45.905,470.500,44.810
1620,1620,54.000,369.725,433.044,35.212,41.242,452,1,577,482,54.952,45.905,470.500,44.810
1621,1621,54.033,369.810,432.981,35.220,41.236,440,1,577,482,54.952,45.905,470.500,44.810
1622,1622,54.067,369.990,432.863,35.237,41.225,436,1,577,482,54.952,45.905,470.500,44.810
1623,1623,54.100,369.546,432.983,35.195,41.236,442,1,577,482,54.952,45.905,470.500,44.810
1624,1624,54.133,369.565,433.001,35.197,41.238,441,1,577,482,54.952,45.905,470.500,44.810
1625,1625,54.167,369.254,433.002,35.167,41.238,439,1,577,482,54.952,45.905,470.500,44.810
1626,1626,54.200,369.059,433.040,35.148,41.242,442,1,577,482,54.952,45.905,470.500,44.810
1627,1627,54.233,368.945,433.063,35.138,41.244,441,1,577,482,54.952,45.905,470.500,44.810
1628,1628,54.267,369.016,433.074,35.144,41.245,438,1,577,482,54.952,45.905,470.500,44.810
1629,1629,54.300,369.014,433.081,35.144,41.246,439,1,577,482,54.952,45.905,470.500,44.810
1630,1630,54.333,368.789,433.127,35.123,41.250,444,1,577,482,54.952,45.905,470.500,44.810
1631,1631,54.367,368.731,433.149,35.117,41.252,438,1,577,482,54.952,45.905,470.500,44.810
1632,1632,54.400,368.559,433.188,35.101,41.256,443,1,577,482,54.952,45.905,470.500,44.810
1633,1633,54.433,368.050,433.296,35.052,41.266,452,1,577,482,54.952,45.905,470.500,44.810
1634,1634,54.467,367.886,433.353,35.037,41.272,454,1,577,482,54.952,45.905,470.500,44.810
1635,1635,54.500,367.728,433.378,35.022,41.274,458,1,577,482,54.952,45.905,470.500,44.810
1636,1636,54.533,367.764,433.372,35.025,41.274,454,1,577,482,54.952,45.905,470.500,44.810
1637,1637,54.567,367.767,433.395,35.025,41.276,451,1,577,482,54.952,45.905,470.500,44.810
1638,1638,54.600,367.437,433.501,34.994,41.286,455,1,577,482,54.952,45.905,470.500,44.810
1639,1639,54.633,367.205,433.492,34.972,41.285,457,1,577,482,54.952,45.905,470.500,44.810
1640,1640,54.667,366.942,433.517,34.947,41.287,461,1,577,482,54.952,45.905,470.500,44.810
1641,1641,54.700,366.912,433.508,34.944,41.287,461,1,577,482,54.952,45.905,470.500,44.810
1642,1642,54.733,366.761,433.516,34.930,41.287,465,1,577,482,54.952,45.905,470.500,44.810
1643,1643,54.767,366.692,433.497,34.923,41.285,468,1,577,482,54.952,45.905,470.500,44.810
1644,1644,54.800,366.403,433.530,34.896,41.289,474,1,577,482,54.952,45.905,470.500,44.810
1645,1645,54.833,366.230,433.547,34.879,41.290,469,1,577,482,54.952,45.905,470.500,44.810
1646,1646,54.867,366.111,433.532,34.868,41.289,472,1,577,482,54.952,45.905,470.500,44.810
1647,1647,54.900,366.102,433.555,34.867,41.291,470,1,577,482,54.952,45.905,470.500,44.810
1648,1648,54.933,366.171,433.536,34.873,41.289,463,1,577,482,54.952,45.905,470.500,44.810
1649,1649,54.967,365.788,433.540,34.837,41.290,461,1,577,482,54.952,45.905,470.500,44.810
1650,1650,55.000,365.669,433.559,34.826,41.291,462,1,577,482,54.952,45.905,470.500,44.810
1651,1651,55.033,365.581,433.585,34.817,41.294,465,1,577,482,54.952,45.905,470.500,44.810
1652,1652,55.067,365.222,433.635,34.783,41.299,466,1,577,482,54.952,45.905,470.500,44.810
1653,1653,55.100,365.213,433.631,34.782,41.298,465,1,577,482,54.952,45.905,470.500,44.810
1654,1654,55.133,365.028,433.628,34.765,41.298,465,1,577,482,54.952,45.905,470.500,44.810
1655,1655,55.167,364.689,433.696,34.732,41.304,471,1,577,482,54.952,45.905,470.500,44.810
1656,1656,55.200,364.524,433.613,34.717,41.296,456,1,577,482,54.952,45.905,470.500,44.810
1657,1657,55.233,363.965,433.665,34.663,41.301,474,1,577,482,54.952,45.905,470.500,44.810
1658,1658,55.267,363.774,433.676,34.645,41.302,469,1,577,482,54.952,45.905,470.500,44.810
1659,1659,55.300,363.656,433.739,34.634,41.308,468,1,577,482,54.952,45.905,470.500,44.810
1660,1660,55.333,363.508,433.738,34.620,41.308,456,1,577,482,54.952,45.905,470.500,44.810
1661,1661,55.367,363.232,433.770,34.594,41.311,449,1,577,482,54.952,45.905,470.500,44.810
1662,1662,55.400,362.805,433.846,34.553,41.319,445,1,577,482,54.952,45.905,470.500,44.810
1663,1663,55.433,362.227,433.896,34.498,41.323,452,1,577,482,54.952,45.905,470.500,44.810
1664,1664,55.467,361.880,433.953,34.465,41.329,446,1,577,482,54.952,45.905,470.500,44.810
1665,1665,55.500,361.586,433.964,34.437,41.330,454,1,577,482,54.952,45.905,470.500,44.810
1666,1666,55.533,361.332,433.963,34.413,41.330,447,1,577,482,54.952,45.905,470.500,44.810
1667,1667,55.567,360.829,434.035,34.365,41.337,451,1,577,482,54.952,45.905,470.500,44.810
1668,1668,55.600,360.671,433.924,34.350,41.326,443,1,577,482,54.952,45.905,470.500,44.810
1669,1669,55.633,360.338,433.992,34.318,41.333,441,1,577,482,54.952,45.905,470.500,44.810
1670,1670,55.667,360.605,433.945,34.343,41.328,436,1,577,482,54.952,45.905,470.500,44.810
1671,1671,55.700,360.545,433.877,34.338,41.322,435,1,577,482,54.952,45.905,470.500,44.810
1672,1672,55.733,360.269,433.892,34.311,41.323,448,1,577,482,54.952,45.905,470.500,44.810
1673,1673,55.767,360.198,433.903,34.305,41.324,445,1,577,482,54.952,45.905,470.500,44.810
1674,1674,55.800,360.064,433.902,34.292,41.324,442,1,577,482,54.952,45.905,470.500,44.810
1675,1675,55.833,360.056,433.923,34.291,41.326,446,1,577,482,54.952,45.905,470.500,44.810
1676,1676,55.867,360.093,433.943,34.295,41.328,444,1,577,482,54.952,45.905,470.500,44.810
1677,1677,55.900,359.989,433.923,34.285,41.326,442,1,577,482,54.952,45.905,470.500,44.810
1678,1678,55.933,360.028,434.043,34.288,41.337,446,1,577,482,54.952,45.905,470.500,44.810
1679,1679,55.967,359.826,434.161,34.269,41.349,448,1,577,482,54.952,45.905,470.500,44.810
1680,1680,56.000,360.092,434.224,34.294,41.355,443,1,577,482,54.952,45.905,470.500,44.810
1681,1681,56.033,360.685,434.300,34.351,41.362,442,1,577,482,54.952,45.905,470.500,44.810
1682,1682,56.067,360.801,434.274,34.362,41.359,444,1,577,482,54.952,45.905,470.500,44.810
1683,1683,56.100,360.786,434.271,34.361,41.359,444,1,577,482,54.952,45.905,470.500,44.810
1684,1684,56.133,360.525,434.305,34.336,41.362,443,1,577,482,54.952,45.905,470.500,44.810
1685,1685,56.167,360.339,434.311,34.318,41.363,441,1,577,482,54.952,45.905,470.500,44.810
1686,1686,56.200,360.310,434.272,34.315,41.359,442,1,577,482,54.952,45.905,470.500,44.810
1687,1687,56.233,360.219,434.283,34.307,41.360,440,1,577,482,54.952,45.905,470.500,44.810
1688,1688,56.267,360.066,434.327,34.292,41.364,443,1,577,482,54.952,45.905,470.500,44.810
1689,1689,56.300,359.882,434.308,34.274,41.363,447,1,577,482,54.952,45.905,470.500,44.810
1690,1690,56.333,359.157,434.433,34.205,41.375,440,1,577,482,54.952,45.905,470.500,44.810
1691,1691,56.367,358.970,434.469,34.188,41.378,444,1,577,482,54.952,45.905,470.500,44.810
1692,1692,56.400,358.913,434.478,34.182,41.379,444,1,577,482,54.952,45.905,470.500,44.810
1693,1693,56.433,358.659,434.492,34.158,41.380,444,1,577,482,54.952,45.905,470.500,44.810
1694,1694,56.467,358.186,434.488,34.113,41.380,446,1,577,482,54.952,45.905,470.500,44.810
1695,1695,56.500,358.200,434.494,34.114,41.380,446,1,577,482,54.952,45.905,470.500,44.810
1696,1696,56.533,357.499,434.598,34.047,41.390,456,1,577,482,54.952,45.905,470.500,44.810
1697,1697,56.567,357.310,434.608,34.030,41.391,450,1,577,482,54.952,45.905,470.500,44.810
1698,1698,56.600,356.989,434.617,33.999,41.392,455,1,577,482,54.952,45.905,470.500,44.810
1699,1699,56.633,356.895,434.627,33.990,41.393,455,1,577,482,54.952,45.905,470.500,44.810
1700,1700,56.667,356.755,434.629,33.977,41.393,457,1,577,482,54.952,45.905,470.500,44.810
1701,1701,56.700,356.555,434.652,33.958,41.395,461,1,577,482,54.952,45.905,470.500,44.810
1702,1702,56.733,356.431,434.617,33.946,41.392,467,1,577,482,54.952,45.905,470.500,44.810
1703,1703,56.767,356.296,434.635,33.933,41.394,467,1,577,482,54.952,45.905,470.500,44.810
1704,1704,56.800,355.853,434.673,33.891,41.397,462,1,577,482,54.952,45.905,470.500,44.810
1705,1705,56.833,355.810,434.681,33.887,41.398,462,1,577,482,54.952,45.905,470.500,44.810
1706,1706,56.867,355.494,434.716,33.857,41.401,460,1,577,482,54.952,45.905,470.500,44.810
1707,1707,56.900,354.946,434.797,33.804,41.409,463,1,577,482,54.952,45.905,470.500,44.810
1708,1708,56.933,354.690,434.792,33.780,41.409,462,1,577,482,54.952,45.905,470.500,44.810
1709,1709,56.967,354.409,434.833,33.753,41.413,459,1,577,482,54.952,45.905,470.500,44.810
1710,1710,57.000,353.902,434.879,33.705,41.417,454,1,577,482,54.952,45.905,470.500,44.810
1711,1711,57.033,353.303,434.905,33.648,41.420,460,1,577,482,54.952,45.905,470.500,44.810
1712,1712,57.067,353.066,434.922,33.625,41.421,453,1,577,482,54.952,45.905,470.500,44.810
1713,1713,57.100,352.528,434.971,33.574,41.426,454,1,577,482,54.952,45.905,470.500,44.810
1714,1714,57.133,351.735,435.100,33.499,41.438,459,1,577,482,54.952,45.905,470.500,44.810
1715,1715,57.167,351.625,435.098,33.488,41.438,451,1,577,482,54.952,45.905,470.500,44.810
1716,1716,57.200,351.131,435.121,33.441,41.440,445,1,577,482,54.952,45.905,470.500,44.810
1717,1717,57.233,350.729,435.198,33.403,41.447,452,1,577,482,54.952,45.905,470.500,44.810
1718,1718,57.267,350.375,435.230,33.369,41.450,451,1,577,482,54.952,45.905,470.500,44.810
1719,1719,57.300,350.011,435.234,33.334,41.451,455,1,577,482,54.952,45.905,470.500,44.810
1720,1720,57.333,349.890,435.242,33.323,41.452,458,1,577,482,54.952,45.905,470.500,44.810
1721,1721,57.367,349.892,435.257,33.323,41.453,457,1,577,482,54.952,45.905,470.500,44.810
1722,1722,57.400,349.362,435.324,33.273,41.459,456,1,577,482,54.952,45.905,470.500,44.810
1723,1723,57.433,349.250,435.340,33.262,41.461,455,1,577,482,54.952,45.905,470.500,44.810
1724,1724,57.467,349.259,435.332,33.263,41.460,453,1,577,482,54.952,45.905,470.500,44.810
1725,1725,57.500,349.510,435.394,33.287,41.466,458,1,577,482,54.952,45.905,470.500,44.810
1726,1726,57.533,349.245,435.443,33.261,41.471,457,1,577,482,54.952,45.905,470.500,44.810
1727,1727,57.567,349.314,435.438,33.268,41.470,461,1,577,482,54.952,45.905,470.500,44.810
1728,1728,57.600,349.283,435.463,33.265,41.473,460,1,577,482,54.952,45.905,470.500,44.810
1729,1729,57.633,349.279,435.449,33.265,41.471,458,1,577,482,54.952,45.905,470.500,44.810
1730,1730,57.667,349.354,435.478,33.272,41.474,451,1,577,482,54.952,45.905,470.500,44.810
1731,1731,57.700,349.474,435.477,33.283,41.474,454,1,577,482,54.952,45.905,470.500,44.810
1732,1732,57.733,349.354,435.514,33.272,41.477,449,1,577,482,54.952,45.905,470.500,44.810
1733,1733,57.767,349.500,435.525,33.286,41.479,445,1,577,482,54.952,45.905,470.500,44.810
1734,1734,57.800,349.731,435.552,33.308,41.481,439,1,577,482,54.952,45.905,470.500,44.810
1735,1735,57.833,349.619,435.545,33.297,41.480,441,1,577,482,54.952,45.905,470.500,44.810
1736,1736,57.867,349.671,435.531,33.302,41.479,436,1,577,482,54.952,45.905,470.500,44.810
1737,1737,57.900,349.373,435.542,33.274,41.480,444,1,577,482,54.952,45.905,470.500,44.810
1738,1738,57.933,349.404,435.587,33.277,41.484,442,1,577,482,54.952,45.905,470.500,44.810
1739,1739,57.967,349.342,435.609,33.271,41.487,442,1,577,482,54.952,45.905,470.500,44.810
1740,1740,58.000,349.658,435.582,33.301,41.484,429,1,577,482,54.952,45.905,470.500,44.810
1741,1741,58.033,349.054,435.656,33.243,41.491,440,1,577,482,54.952,45.905,470.500,44.810
1742,1742,58.067,349.030,435.600,33.241,41.486,442,1,577,482,54.952,45.905,470.500,44.810
1743,1743,58.100,348.657,435.605,33.205,41.486,443,1,577,482,54.952,45.905,470.500,44.810
1744,1744,58.133,348.458,435.653,33.186,41.491,441,1,577,482,54.952,45.905,470.500,44.810
1745,1745,58.167,348.232,435.663,33.165,41.492,445,1,577,482,54.952,45.905,470.500,44.810
1746,1746,58.200,348.214,435.720,33.163,41.497,453,1,577,482,54.952,45.905,470.500,44.810
1747,1747,58.233,348.006,435.719,33.143,41.497,452,1,577,482,54.952,45.905,470.500,44.810
1748,1748,58.267,347.497,435.728,33.095,41.498,459,1,577,482,54.952,45.905,470.500,44.810
1749,1749,58.300,347.282,435.759,33.074,41.501,460,1,577,482,54.952,45.905,470.500,44.810
1750,1750,58.333,346.977,435.776,33.045,41.502,458,1,577,482,54.952,45.905,470.500,44.810
1751,1751,58.367,346.485,435.772,32.999,41.502,452,1,577,482,54.952,45.905,470.500,44.810
1752,1752,58.400,346.338,435.829,32.985,41.508,457,1,577,482,54.952,45.905,470.500,44.810
1753,1753,58.433,346.058,435.818,32.958,41.507,459,1,577,482,54.952,45.905,470.500,44.810
1754,1754,58.467,345.592,435.797,32.914,41.504,456,1,577,482,54.952,45.905,470.500,44.810
1755,1755,58.500,345.520,435.738,32.907,41.499,457,1,577,482,54.952,45.905,470.500,44.810
1756,1756,58.533,345.636,435.787,32.918,41.503,471,1,577,482,54.952,45.905,470.500,44.810
1757,1757,58.567,345.125,435.769,32.869,41.502,463,1,577,482,54.952,45.905,470.500,44.810
1758,1758,58.600,345.098,435.708,32.866,41.496,463,1,577,482,54.952,45.905,470.500,44.810
1759,1759,58.633,344.965,435.755,32.854,41.500,457,1,577,482,54.952,45.905,470.500,44.810
1760,1760,58.667,344.934,435.741,32.851,41.499,459,1,577,482,54.952,45.905,470.500,44.810
1761,1761,58.700,344.785,435.699,32.837,41.495,457,1,577,482,54.952,45.905,470.500,44.810
1762,1762,58.733,344.296,435.666,32.790,41.492,458,1,577,482,54.952,45.905,470.500,44.810
1763,1763,58.767,344.196,435.712,32.781,41.496,459,1,577,482,54.952,45.905,470.500,44.810
1764,1764,58.800,343.897,435.747,32.752,41.500,455,1,577,482,54.952,45.905,470.500,44.810
1765,1765,58.833,343.543,435.734,32.718,41.498,453,1,577,482,54.952,45.905,470.500,44.810
1766,1766,58.867,343.210,435.764,32.687,41.501,447,1,577,482,54.952,45.905,470.500,44.810
1767,1767,58.900,342.900,435.714,32.657,41.497,443,1,577,482,54.952,45.905,470.500,44.810
1768,1768,58.933,342.585,435.705,32.627,41.496,439,1,577,482,54.952,45.905,470.500,44.810
1769,1769,58.967,342.473,435.694,32.616,41.495,437,1,577,482,54.952,45.905,470.500,44.810
1770,1770,59.000,342.127,435.695,32.584,41.495,443,1,577,482,54.952,45.905,470.500,44.810
1771,1771,59.033,342.020,435.690,32.573,41.494,441,1,577,482,54.952,45.905,470.500,44.810
1772,1772,59.067,341.738,435.727,32.546,41.498,432,1,577,482,54.952,45.905,470.500,44.810
1773,1773,59.100,341.520,435.834,32.526,41.508,438,1,577,482,54.952,45.905,470.500,44.810
1774,1774,59.133,341.054,435.845,32.481,41.509,449,1,577,482,54.952,45.905,470.500,44.810
1775,1775,59.167,340.268,435.839,32.407,41.508,454,1,577,482,54.952,45.905,470.500,44.810
1776,1776,59.200,340.049,435.892,32.386,41.514,458,1,577,482,54.952,45.905,470.500,44.810
1777,1777,59.233,339.906,435.932,32.372,41.517,460,1,577,482,54.952,45.905,470.500,44.810
1778,1778,59.267,339.659,435.949,32.348,41.519,461,1,577,482,54.952,45.905,470.500,44.810
1779,1779,59.300,339.987,435.965,32.380,41.520,459,1,577,482,54.952,45.905,470.500,44.810
1780,1780,59.333,339.550,435.974,32.338,41.521,458,1,577,482,54.952,45.905,470.500,44.810
1781,1781,59.367,339.599,435.990,32.343,41.523,457,1,577,482,54.952,45.905,470.500,44.810
1782,1782,59.400,339.516,436.001,32.335,41.524,455,1,577,482,54.952,45.905,470.500,44.810
1783,1783,59.433,339.496,436.033,32.333,41.527,453,1,577,482,54.952,45.905,470.500,44.810
1784,1784,59.467,339.511,436.042,32.334,41.528,454,1,577,482,54.952,45.905,470.500,44.810
1785,1785,59.500,339.503,436.051,32.334,41.529,455,1,577,482,54.952,45.905,470.500,44.810
1786,1786,59.533,339.592,436.036,32.342,41.527,455,1,577,482,54.952,45.905,470.500,44.810
1787,1787,59.567,339.768,436.107,32.359,41.534,450,1,577,482,54.952,45.905,470.500,44.810
1788,1788,59.600,340.056,436.165,32.386,41.539,449,1,577,482,54.952,45.905,470.500,44.810
1789,1789,59.633,340.200,436.280,32.400,41.550,443,1,577,482,54.952,45.905,470.500,44.810
1790,1790,59.667,340.309,436.254,32.410,41.548,446,1,577,482,54.952,45.905,470.500,44.810
1791,1791,59.700,340.289,436.343,32.409,41.557,433,1,577,482,54.952,45.905,470.500,44.810
1792,1792,59.733,340.235,436.216,32.403,41.544,443,1,577,482,54.952,45.905,470.500,44.810
1793,1793,59.767,340.199,436.268,32.400,41.549,433,1,577,482,54.952,45.905,470.500,44.810
1794,1794,59.800,340.544,436.291,32.433,41.552,441,1,577,482,54.952,45.905,470.500,44.810
1795,1795,59.833,340.439,436.287,32.423,41.551,439,1,577,482,54.952,45.905,470.500,44.810
1796,1796,59.867,340.198,436.255,32.400,41.548,438,1,577,482,54.952,45.905,470.500,44.810
1797,1797,59.900,339.995,436.255,32.380,41.548,440,1,577,482,54.952,45.905,470.500,44.810
1798,1798,59.933,339.875,436.211,32.369,41.544,437,1,577,482,54.952,45.905,470.500,44.810
1799,1799,59.967,339.535,436.226,32.337,41.545,428,1,577,482,54.952,45.905,470.500,44.810
1800,1800,60.000,339.522,436.234,32.335,41.546,429,1,577,482,54.952,45.905,470.500,44.810
1801,1801,60.033,339.677,436.281,32.350,41.551,446,1,577,482,54.952,45.905,470.500,44.810
1802,1802,60.067,339.208,436.224,32.305,41.545,444,1,577,482,54.952,45.905,470.500,44.810
1803,1803,60.100,339.145,436.233,32.300,41.546,441,1,577,482,54.952,45.905,470.500,44.810
1804,1804,60.133,338.787,436.214,32.265,41.544,439,1,577,482,54.952,45.905,470.500,44.810
1805,1805,60.167,338.780,436.215,32.265,41.544,439,1,577,482,54.952,45.905,470.500,44.810
1806,1806,60.200,338.733,436.215,32.260,41.544,440,1,577,482,54.952,45.905,470.500,44.810
1807,1807,60.233,338.561,436.195,32.244,41.542,445,1,577,482,54.952,45.905,470.500,44.810
1808,1808,60.267,338.538,436.198,32.242,41.543,446,1,577,482,54.952,45.905,470.500,44.810
1809,1809,60.300,338.467,436.187,32.235,41.542,446,1,577,482,54.952,45.905,470.500,44.810
1810,1810,60.333,338.405,436.252,32.229,41.548,448,1,577,482,54.952,45.905,470.500,44.810
1811,1811,60.367,338.186,436.271,32.208,41.550,451,1,577,482,54.952,45.905,470.500,44.810
1812,1812,60.400,338.099,436.311,32.200,41.553,450,1,577,482,54.952,45.905,470.500,44.810
1813,1813,60.433,337.975,436.333,32.188,41.556,453,1,577,482,54.952,45.905,470.500,44.810
1814,1814,60.467,337.677,436.388,32.160,41.561,460,1,577,482,54.952,45.905,470.500,44.810
1815,1815,60.500,337.435,436.404,32.137,41.562,469,1,577,482,54.952,45.905,470.500,44.810
1816,1816,60.533,337.451,436.415,32.138,41.563,469,1,577,482,54.952,45.905,470.500,44.810
1817,1817,60.567,337.329,436.407,32.127,41.563,463,1,577,482,54.952,45.905,470.500,44.810
1818,1818,60.600,337.258,436.406,32.120,41.562,462,1,577,482,54.952,45.905,470.500,44.810
1819,1819,60.633,337.005,436.468,32.096,41.568,468,1,577,482,54.952,45.905,470.500,44.810
1820,1820,60.667,337.062,436.446,32.101,41.566,468,1,577,482,54.952,45.905,470.500,44.810
1821,1821,60.700,337.060,436.476,32.101,41.569,470,1,577,482,54.952,45.905,470.500,44.810
1822,1822,60.733,336.922,436.453,32.088,41.567,467,1,577,482,54.952,45.905,470.500,44.810
1823,1823,60.767,337.014,436.511,32.097,41.573,467,1,577,482,54.952,45.905,470.500,44.810
1824,1824,60.800,336.923,436.474,32.088,41.569,463,1,577,482,54.952,45.905,470.500,44.810
1825,1825,60.833,336.765,436.498,32.073,41.571,466,1,577,482,54.952,45.905,470.500,44.810
1826,1826,60.867,336.785,436.463,32.075,41.568,463,1,577,482,54.952,45.905,470.500,44.810
1827,1827,60.900,336.903,436.466,32.086,41.568,460,1,577,482,54.952,45.905,470.500,44.810
1828,1828,60.933,336.934,436.417,32.089,41.564,460,1,577,482,54.952,45.905,470.500,44.810
1829,1829,60.967,336.961,436.424,32.091,41.564,458,1,577,482,54.952,45.905,470.500,44.810
1830,1830,61.000,337.104,436.456,32.105,41.567,462,1,577,482,54.952,45.905,470.500,44.810
1831,1831,61.033,337.021,436.474,32.097,41.569,464,1,577,482,54.952,45.905,470.500,44.810
1832,1832,61.067,336.889,436.487,32.085,41.570,461,1,577,482,54.952,45.905,470.500,44.810
1833,1833,61.100,336.926,436.473,32.088,41.569,463,1,577,482,54.952,45.905,470.500,44.810
1834,1834,61.133,336.754,436.489,32.072,41.570,467,1,577,482,54.952,45.905,470.500,44.810
1835,1835,61.167,336.606,436.543,32.058,41.576,461,1,577,482,54.952,45.905,470.500,44.810
1836,1836,61.200,336.604,436.554,32.057,41.577,461,1,577,482,54.952,45.905,470.500,44.810
1837,1837,61.233,336.767,436.556,32.073,41.577,458,1,577,482,54.952,45.905,470.500,44.810
1838,1838,61.267,336.754,436.560,32.072,41.577,458,1,577,482,54.952,45.905,470.500,44.810
1839,1839,61.300,336.705,436.555,32.067,41.577,459,1,577,482,54.952,45.905,470.500,44.810
1840,1840,61.333,336.523,436.567,32.050,41.578,456,1,577,482,54.952,45.905,470.500,44.810
1841,1841,61.367,336.132,436.621,32.013,41.583,458,1,577,482,54.952,45.905,470.500,44.810
1842,1842,61.400,336.130,436.603,32.012,41.581,451,1,577,482,54.952,45.905,470.500,44.810
1843,1843,61.433,335.745,436.656,31.976,41.586,457,1,577,482,54.952,45.905,470.500,44.810
1844,1844,61.467,335.722,436.715,31.974,41.592,462,1,577,482,54.952,45.905,470.500,44.810
1845,1845,61.500,335.802,436.706,31.981,41.591,459,1,577,482,54.952,45.905,470.500,44.810
1846,1846,61.533,335.569,436.760,31.959,41.596,453,1,577,482,54.952,45.905,470.500,44.810
1847,1847,61.567,335.153,436.850,31.919,41.605,451,1,577,482,54.952,45.905,470.500,44.810
1848,1848,61.600,334.788,436.874,31.885,41.607,448,1,577,482,54.952,45.905,470.500,44.810
1849,1849,61.633,334.424,436.943,31.850,41.614,447,1,577,482,54.952,45.905,470.500,44.810
1850,1850,61.667,334.141,437.019,31.823,41.621,449,1,577,482,54.952,45.905,470.500,44.810
1851,1851,61.700,333.671,437.056,31.778,41.624,442,1,577,482,54.952,45.905,470.500,44.810
1852,1852,61.733,333.113,437.311,31.725,41.649,442,1,577,482,54.952,45.905,470.500,44.810
1853,1853,61.767,332.849,437.411,31.700,41.658,436,1,577,482,54.952,45.905,470.500,44.810
1854,1854,61.800,332.712,437.452,31.687,41.662,434,1,577,482,54.952,45.905,470.500,44.810
1855,1855,61.833,332.511,437.574,31.668,41.674,442,1,577,482,54.952,45.905,470.500,44.810
1856,1856,61.867,332.522,437.650,31.669,41.681,451,1,577,482,54.952,45.905,470.500,44.810
1857,1857,61.900,332.504,437.690,31.667,41.685,450,1,577,482,54.952,45.905,470.500,44.810
1858,1858,61.933,332.298,437.712,31.647,41.687,454,1,577,482,54.952,45.905,470.500,44.810
1859,1859,61.967,332.240,437.762,31.642,41.692,451,1,577,482,54.952,45.905,470.500,44.810
1860,1860,62.000,332.422,437.787,31.659,41.694,456,1,577,482,54.952,45.905,470.500,44.810
1861,1861,62.033,331.664,437.923,31.587,41.707,438,1,577,482,54.952,45.905,470.500,44.810
1862,1862,62.067,331.607,437.862,31.582,41.701,451,1,577,482,54.952,45.905,470.500,44.810
1863,1863,62.100,331.750,437.812,31.595,41.696,451,1,577,482,54.952,45.905,470.500,44.810
1864,1864,62.133,331.671,437.888,31.588,41.704,448,1,577,482,54.952,45.905,470.500,44.810
1865,1865,62.167,331.430,437.802,31.565,41.695,456,1,577,482,54.952,45.905,470.500,44.810
1866,1866,62.200,331.518,437.738,31.573,41.689,454,1,577,482,54.952,45.905,470.500,44.810
1867,1867,62.233,331.513,437.685,31.573,41.684,450,1,577,482,54.952,45.905,470.500,44.810
1868,1868,62.267,331.440,437.488,31.566,41.666,445,1,577,482,54.952,45.905,470.500,44.810
1869,1869,62.300,331.620,437.431,31.583,41.660,450,1,577,482,54.952,45.905,470.500,44.810
1870,1870,62.333,331.565,437.296,31.578,41.647,450,1,577,482,54.952,45.905,470.500,44.810
1871,1871,62.367,331.813,437.290,31.601,41.647,457,1,577,482,54.952,45.905,470.500,44.810
1872,1872,62.400,331.545,437.221,31.576,41.640,444,1,577,482,54.952,45.905,470.500,44.810
1873,1873,62.433,331.375,437.263,31.560,41.644,445,1,577,482,54.952,45.905,470.500,44.810
1874,1874,62.467,331.531,437.204,31.574,41.638,446,1,577,482,54.952,45.905,470.500,44.810
1875,1875,62.500,331.563,437.161,31.577,41.634,447,1,577,482,54.952,45.905,470.500,44.810
1876,1876,62.533,331.519,437.254,31.573,41.643,449,1,577,482,54.952,45.905,470.500,44.810
1877,1877,62.567,331.494,437.215,31.571,41.640,448,1,577,482,54.952,45.905,470.500,44.810
1878,1878,62.600,331.479,437.246,31.569,41.643,447,1,577,482,54.952,45.905,470.500,44.810
1879,1879,62.633,331.348,437.292,31.557,41.647,450,1,577,482,54.952,45.905,470.500,44.810
1880,1880,62.667,331.329,437.323,31.555,41.650,450,1,577,482,54.952,45.905,470.500,44.810
1881,1881,62.700,331.212,437.419,31.544,41.659,449,1,577,482,54.952,45.905,470.500,44.810
1882,1882,62.733,331.149,437.479,31.538,41.665,441,1,577,482,54.952,45.905,470.500,44.810
1883,1883,62.767,331.114,437.486,31.535,41.665,442,1,577,482,54.952,45.905,470.500,44.810
1884,1884,62.800,330.799,437.661,31.505,41.682,448,1,577,482,54.952,45.905,470.500,44.810
1885,1885,62.833,330.681,437.709,31.493,41.687,451,1,577,482,54.952,45.905,470.500,44.810
1886,1886,62.867,330.647,437.764,31.490,41.692,447,1,577,482,54.952,45.905,470.500,44.810
1887,1887,62.900,330.508,437.854,31.477,41.700,443,1,577,482,54.952,45.905,470.500,44.810
1888,1888,62.933,330.394,437.868,31.466,41.702,444,1,577,482,54.952,45.905,470.500,44.810
1889,1889,62.967,330.468,437.890,31.473,41.704,439,1,577,482,54.952,45.905,470.500,44.810
1890,1890,63.000,330.097,437.947,31.438,41.709,450,1,577,482,54.952,45.905,470.500,44.810
1891,1891,63.033,329.854,437.925,31.415,41.707,448,1,577,482,54.952,45.905,470.500,44.810
1892,1892,63.067,329.742,437.932,31.404,41.708,450,1,577,482,54.952,45.905,470.500,44.810
1893,1893,63.100,329.596,437.951,31.390,41.710,456,1,577,482,54.952,45.905,470.500,44.810
1894,1894,63.133,329.628,437.959,31.393,41.710,457,1,577,482,54.952,45.905,470.500,44.810
1895,1895,63.167,329.474,437.992,31.379,41.714,456,1,577,482,54.952,45.905,470.500,44.810
1896,1896,63.200,329.245,438.050,31.357,41.719,453,1,577,482,54.952,45.905,470.500,44.810
1897,1897,63.233,329.160,438.097,31.349,41.724,461,1,577,482,54.952,45.905,470.500,44.810
1898,1898,63.267,329.075,438.087,31.341,41.723,465,1,577,482,54.952,45.905,470.500,44.810
1899,1899,63.300,329.039,438.109,31.337,41.725,467,1,577,482,54.952,45.905,470.500,44.810
1900,1900,63.333,328.993,438.109,31.333,41.725,467,1,577,482,54.952,45.905,470.500,44.810
1901,1901,63.367,328.877,438.073,31.322,41.721,470,1,577,482,54.952,45.905,470.500,44.810
1902,1902,63.400,328.491,438.114,31.285,41.725,469,1,577,482,54.952,45.905,470.500,44.810
1903,1903,63.433,328.456,438.150,31.282,41.729,472,1,577,482,54.952,45.905,470.500,44.810
1904,1904,63.467,328.247,438.168,31.262,41.730,473,1,577,482,54.952,45.905,470.500,44.810
1905,1905,63.500,328.063,438.204,31.244,41.734,467,1,577,482,54.952,45.905,470.500,44.810
1906,1906,63.533,328.025,438.215,31.241,41.735,467,1,577,482,54.952,45.905,470.500,44.810
1907,1907,63.567,327.927,438.255,31.231,41.739,466,1,577,482,54.952,45.905,470.500,44.810
1908,1908,63.600,327.735,438.228,31.213,41.736,474,1,577,482,54.952,45.905,470.500,44.810
1909,1909,63.633,327.559,438.261,31.196,41.739,481,1,577,482,54.952,45.905,470.500,44.810
1910,1910,63.667,327.597,438.257,31.200,41.739,477,1,577,482,54.952,45.905,470.500,44.810
1911,1911,63.700,327.483,438.279,31.189,41.741,482,1,577,482,54.952,45.905,470.500,44.810
1912,1912,63.733,327.382,438.294,31.179,41.742,474,1,577,482,54.952,45.905,470.500,44.810
1913,1913,63.767,326.938,438.333,31.137,41.746,467,1,577,482,54.952,45.905,470.500,44.810
1914,1914,63.800,326.608,438.364,31.106,41.749,467,1,577,482,54.952,45.905,470.500,44.810
1915,1915,63.833,326.584,438.366,31.103,41.749,465,1,577,482,54.952,45.905,470.500,44.810
1916,1916,63.867,326.355,438.447,31.081,41.757,465,1,577,482,54.952,45.905,470.500,44.810
1917,1917,63.900,326.045,438.499,31.052,41.762,462,1,577,482,54.952,45.905,470.500,44.810
1918,1918,63.933,325.491,438.649,30.999,41.776,460,1,577,482,54.952,45.905,470.500,44.810
1919,1919,63.967,325.543,438.626,31.004,41.774,454,1,577,482,54.952,45.905,470.500,44.810
1920,1920,64.000,324.952,438.813,30.948,41.792,454,1,577,482,54.952,45.905,470.500,44.810
1921,1921,64.033,324.714,438.834,30.925,41.794,460,1,577,482,54.952,45.905,470.500,44.810
1922,1922,64.067,324.170,438.909,30.873,41.801,460,1,577,482,54.952,45.905,470.500,44.810
1923,1923,64.100,323.614,438.976,30.820,41.807,448,1,577,482,54.952,45.905,470.500,44.810
1924,1924,64.133,322.948,439.109,30.757,41.820,467,1,577,482,54.952,45.905,470.500,44.810
1925,1925,64.167,322.782,439.125,30.741,41.821,468,1,577,482,54.952,45.905,470.500,44.810
1926,1926,64.200,322.708,439.134,30.734,41.822,466,1,577,482,54.952,45.905,470.500,44.810
1927,1927,64.233,322.619,439.026,30.726,41.812,462,1,577,482,54.952,45.905,470.500,44.810
1928,1928,64.267,322.865,438.945,30.749,41.804,449,1,577,482,54.952,45.905,470.500,44.810
1929,1929,64.300,322.595,439.010,30.723,41.810,459,1,577,482,54.952,45.905,470.500,44.810
1930,1930,64.333,322.522,438.990,30.716,41.809,455,1,577,482,54.952,45.905,470.500,44.810
1931,1931,64.367,322.351,439.041,30.700,41.813,460,1,577,482,54.952,45.905,470.500,44.810
1932,1932,64.400,322.342,439.071,30.699,41.816,461,1,577,482,54.952,45.905,470.500,44.810
1933,1933,64.433,322.226,439.085,30.688,41.818,464,1,577,482,54.952,45.905,470.500,44.810
1934,1934,64.467,322.179,439.072,30.684,41.816,461,1,577,482,54.952,45.905,470.500,44.810
1935,1935,64.500,322.218,439.130,30.687,41.822,462,1,577,482,54.952,45.905,470.500,44.810
1936,1936,64.533,322.018,439.106,30.668,41.820,463,1,577,482,54.952,45.905,470.500,44.810
1937,1937,64.567,321.933,439.134,30.660,41.822,468,1,577,482,54.952,45.905,470.500,44.810
1938,1938,64.600,322.211,439.049,30.687,41.814,460,1,577,482,54.952,45.905,470.500,44.810
1939,1939,64.633,322.183,439.065,30.684,41.816,460,1,577,482,54.952,45.905,470.500,44.810
1940,1940,64.667,322.257,439.045,30.691,41.814,456,1,577,482,54.952,45.905,470.500,44.810
1941,1941,64.700,322.258,438.999,30.691,41.809,457,1,577,482,54.952,45.905,470.500,44.810
1942,1942,64.733,322.620,438.913,30.726,41.801,445,1,577,482,54.952,45.905,470.500,44.810
1943,1943,64.767,322.700,438.834,30.733,41.794,442,1,577,482,54.952,45.905,470.500,44.810
1944,1944,64.800,322.683,438.869,30.732,41.797,439,1,577,482,54.952,45.905,470.500,44.810
1945,1945,64.833,322.646,438.902,30.728,41.800,450,1,577,482,54.952,45.905,470.500,44.810
1946,1946,64.867,322.421,438.967,30.707,41.806,448,1,577,482,54.952,45.905,470.500,44.810
1947,1947,64.900,322.409,438.948,30.706,41.805,450,1,577,482,54.952,45.905,470.500,44.810
1948,1948,64.933,322.549,438.955,30.719,41.805,444,1,577,482,54.952,45.905,470.500,44.810
1949,1949,64.967,322.392,438.994,30.704,41.809,442,1,577,482,54.952,45.905,470.500,44.810
1950,1950,65.000,321.927,439.116,30.660,41.821,442,1,577,482,54.952,45.905,470.500,44.810
1951,1951,65.033,321.848,439.201,30.652,41.829,435,1,577,482,54.952,45.905,470.500,44.810
1952,1952,65.067,321.760,439.211,30.644,41.830,437,1,577,482,54.952,45.905,470.500,44.810
1953,1953,65.100,321.490,439.304,30.618,41.839,438,1,577,482,54.952,45.905,470.500,44.810
1954,1954,65.133,321.613,439.325,30.630,41.840,444,1,577,482,54.952,45.905,470.500,44.810
1955,1955,65.167,321.406,439.357,30.610,41.844,445,1,577,482,54.952,45.905,470.500,44.810
1956,1956,65.200,321.129,439.428,30.584,41.850,451,1,577,482,54.952,45.905,470.500,44.810
1957,1957,65.233,321.273,439.410,30.597,41.849,445,1,577,482,54.952,45.905,470.500,44.810
1958,1958,65.267,321.135,439.450,30.584,41.852,450,1,577,482,54.952,45.905,470.500,44.810
1959,1959,65.300,321.026,439.487,30.574,41.856,448,1,577,482,54.952,45.905,470.500,44.810
1960,1960,65.333,320.924,439.558,30.564,41.863,455,1,577,482,54.952,45.905,470.500,44.810
1961,1961,65.367,320.739,439.583,30.547,41.865,454,1,577,482,54.952,45.905,470.500,44.810
1962,1962,65.400,320.485,439.585,30.522,41.865,451,1,577,482,54.952,45.905,470.500,44.810
1963,1963,65.433,320.364,439.573,30.511,41.864,455,1,577,482,54.952,45.905,470.500,44.810
1964,1964,65.467,319.921,439.592,30.469,41.866,463,1,577,482,54.952,45.905,470.500,44.810
1965,1965,65.500,320.021,439.558,30.478,41.863,461,1,577,482,54.952,45.905,470.500,44.810
1966,1966,65.533,319.792,439.581,30.456,41.865,463,1,577,482,54.952,45.905,470.500,44.810
1967,1967,65.567,319.368,439.596,30.416,41.866,467,1,577,482,54.952,45.905,470.500,44.810
1968,1968,65.600,318.826,439.699,30.364,41.876,480,1,577,482,54.952,45.905,470.500,44.810
1969,1969,65.633,318.564,439.710,30.339,41.877,487,1,577,482,54.952,45.905,470.500,44.810
1970,1970,65.667,318.444,439.784,30.328,41.884,486,1,577,482,54.952,45.905,470.500,44.810
1971,1971,65.700,318.366,439.653,30.321,41.872,491,1,577,482,54.952,45.905,470.500,44.810
1972,1972,65.733,318.341,439.642,30.318,41.871,491,1,577,482,54.952,45.905,470.500,44.810
1973,1973,65.767,317.987,439.702,30.285,41.876,494,1,577,482,54.952,45.905,470.500,44.810
1974,1974,65.800,317.871,439.709,30.273,41.877,497,1,577,482,54.952,45.905,470.500,44.810
1975,1975,65.833,317.790,439.682,30.266,41.874,497,1,577,482,54.952,45.905,470.500,44.810
1976,1976,65.867,317.659,439.788,30.253,41.885,500,1,577,482,54.952,45.905,470.500,44.810
1977,1977,65.900,317.895,439.750,30.276,41.881,492,1,577,482,54.952,45.905,470.500,44.810
1978,1978,65.933,317.910,439.724,30.277,41.879,495,1,577,482,54.952,45.905,470.500,44.810
1979,1979,65.967,317.719,439.767,30.259,41.883,488,1,577,482,54.952,45.905,470.500,44.810
1980,1980,66.000,317.494,439.746,30.238,41.881,493,1,577,482,54.952,45.905,470.500,44.810
1981,1981,66.033,317.777,439.631,30.264,41.870,501,1,577,482,54.952,45.905,470.500,44.810
1982,1982,66.067,317.518,439.680,30.240,41.874,494,1,577,482,54.952,45.905,470.500,44.810
1983,1983,66.100,317.611,439.780,30.249,41.884,501,1,577,482,54.952,45.905,470.500,44.810
1984,1984,66.133,317.596,439.750,30.247,41.881,501,1,577,482,54.952,45.905,470.500,44.810
1985,1985,66.167,317.642,439.771,30.252,41.883,500,1,577,482,54.952,45.905,470.500,44.810
1986,1986,66.200,317.593,439.771,30.247,41.883,500,1,577,482,54.952,45.905,470.500,44.810
1987,1987,66.233,317.840,439.816,30.270,41.887,497,1,577,482,54.952,45.905,470.500,44.810
1988,1988,66.267,317.861,439.806,30.272,41.886,498,1,577,482,54.952,45.905,470.500,44.810
1989,1989,66.300,317.886,439.773,30.275,41.883,493,1,577,482,54.952,45.905,470.500,44.810
1990,1990,66.333,317.758,439.794,30.263,41.885,492,1,577,482,54.952,45.905,470.500,44.810
1991,1991,66.367,317.749,439.826,30.262,41.888,493,1,577,482,54.952,45.905,470.500,44.810
1992,1992,66.400,317.770,439.811,30.264,41.887,494,1,577,482,54.952,45.905,470.500,44.810
1993,1993,66.433,317.742,439.789,30.261,41.885,494,1,577,482,54.952,45.905,470.500,44.810
1994,1994,66.467,317.647,439.800,30.252,41.886,497,1,577,482,54.952,45.905,470.500,44.810
1995,1995,66.500,317.643,439.748,30.252,41.881,492,1,577,482,54.952,45.905,470.500,44.810
1996,1996,66.533,317.626,439.736,30.250,41.880,491,1,577,482,54.952,45.905,470.500,44.810
1997,1997,66.567,317.475,439.786,30.236,41.884,491,1,577,482,54.952,45.905,470.500,44.810
1998,1998,66.600,317.298,439.768,30.219,41.883,488,1,577,482,54.952,45.905,470.500,44.810
1999,1999,66.633,317.250,439.788,30.214,41.885,486,1,577,482,54.952,45.905,470.500,44.810
2000,2000,66.667,316.930,439.807,30.184,41.886,483,1,577,482,54.952,45.905,470.500,44.810
2001,2001,66.700,316.765,439.794,30.168,41.885,476,1,577,482,54.952,45.905,470.500,44.810
2002,2002,66.733,316.553,439.844,30.148,41.890,474,1,577,482,54.952,45.905,470.500,44.810
2003,2003,66.767,316.290,439.857,30.123,41.891,468,1,577,482,54.952,45.905,470.500,44.810
2004,2004,66.800,315.888,439.930,30.085,41.898,462,1,577,482,54.952,45.905,470.500,44.810
2005,2005,66.833,315.742,439.944,30.071,41.899,459,1,577,482,54.952,45.905,470.500,44.810
2006,2006,66.867,315.414,439.954,30.039,41.900,454,1,577,482,54.952,45.905,470.500,44.810
2007,2007,66.900,315.136,439.994,30.013,41.904,451,1,577,482,54.952,45.905,470.500,44.810
2008,2008,66.933,314.724,440.086,29.974,41.913,454,1,577,482,54.952,45.905,470.500,44.810
2009,2009,66.967,313.978,440.168,29.903,41.921,455,1,577,482,54.952,45.905,470.500,44.810
2010,2010,67.000,313.714,440.192,29.878,41.923,456,1,577,482,54.952,45.905,470.500,44.810
2011,2011,67.033,313.852,440.236,29.891,41.927,453,1,577,482,54.952,45.905,470.500,44.810
2012,2012,67.067,313.800,440.237,29.886,41.927,450,1,577,482,54.952,45.905,470.500,44.810
2013,2013,67.100,313.321,440.254,29.840,41.929,454,1,577,482,54.952,45.905,470.500,44.810
2014,2014,67.133,313.313,440.267,29.839,41.930,454,1,577,482,54.952,45.905,470.500,44.810
2015,2015,67.167,313.535,440.267,29.861,41.930,447,1,577,482,54.952,45.905,470.500,44.810
2016,2016,67.200,313.430,440.297,29.850,41.933,445,1,577,482,54.952,45.905,470.500,44.810
2017,2017,67.233,313.494,440.337,29.857,41.937,449,1,577,482,54.952,45.905,470.500,44.810
2018,2018,67.267,313.476,440.337,29.855,41.937,449,1,577,482,54.952,45.905,470.500,44.810
2019,2019,67.300,313.481,440.422,29.855,41.945,448,1,577,482,54.952,45.905,470.500,44.810
2020,2020,67.333,313.412,440.489,29.849,41.951,440,1,577,482,54.952,45.905,470.500,44.810
2021,2021,67.367,313.453,440.562,29.853,41.958,442,1,577,482,54.952,45.905,470.500,44.810
2022,2022,67.400,313.485,440.586,29.856,41.961,442,1,577,482,54.952,45.905,470.500,44.810
2023,2023,67.433,313.603,440.663,29.867,41.968,440,1,577,482,54.952,45.905,470.500,44.810
2024,2024,67.467,313.654,440.644,29.872,41.966,443,1,577,482,54.952,45.905,470.500,44.810
2025,2025,67.500,313.605,440.670,29.867,41.969,441,1,577,482,54.952,45.905,470.500,44.810
2026,2026,67.533,313.458,440.620,29.853,41.964,449,1,577,482,54.952,45.905,470.500,44.810
2027,2027,67.567,313.481,440.619,29.855,41.964,447,1,577,482,54.952,45.905,470.500,44.810
2028,2028,67.600,313.171,440.629,29.826,41.965,452,1,577,482,54.952,45.905,470.500,44.810
2029,2029,67.633,313.158,440.614,29.825,41.963,453,1,577,482,54.952,45.905,470.500,44.810
2030,2030,67.667,313.014,440.676,29.811,41.969,456,1,577,482,54.952,45.905,470.500,44.810
2031,2031,67.700,312.921,440.606,29.802,41.962,450,1,577,482,54.952,45.905,470.500,44.810
2032,2032,67.733,312.777,440.567,29.788,41.959,456,1,577,482,54.952,45.905,470.500,44.810
2033,2033,67.767,312.543,440.660,29.766,41.968,459,1,577,482,54.952,45.905,470.500,44.810
2034,2034,67.800,312.313,440.677,29.744,41.969,458,1,577,482,54.952,45.905,470.500,44.810
2035,2035,67.833,311.934,440.725,29.708,41.974,457,1,577,482,54.952,45.905,470.500,44.810
2036,2036,67.867,312.000,440.716,29.714,41.973,463,1,577,482,54.952,45.905,470.500,44.810
2037,2037,67.900,311.771,440.682,29.692,41.970,464,1,577,482,54.952,45.905,470.500,44.810
2038,2038,67.933,311.380,440.723,29.655,41.974,470,1,577,482,54.952,45.905,470.500,44.810
2039,2039,67.967,311.307,440.750,29.648,41.976,464,1,577,482,54.952,45.905,470.500,44.810
2040,2040,68.000,311.102,440.744,29.629,41.976,461,1,577,482,54.952,45.905,470.500,44.810
2041,2041,68.033,310.718,440.816,29.592,41.982,473,1,577,482,54.952,45.905,470.500,44.810
2042,2042,68.067,310.325,440.841,29.555,41.985,478,1,577,482,54.952,45.905,470.500,44.810
2043,2043,68.100,310.030,440.791,29.527,41.980,478,1,577,482,54.952,45.905,470.500,44.810
2044,2044,68.133,309.791,440.783,29.504,41.979,485,1,577,482,54.952,45.905,470.500,44.810
2045,2045,68.167,309.855,440.751,29.510,41.976,483,1,577,482,54.952,45.905,470.500,44.810
2046,2046,68.200,309.721,440.785,29.497,41.979,488,1,577,482,54.952,45.905,470.500,44.810
2047,2047,68.233,309.636,440.737,29.489,41.975,492,1,577,482,54.952,45.905,470.500,44.810
2048,2048,68.267,309.394,440.755,29.466,41.977,493,1,577,482,54.952,45.905,470.500,44.810
2049,2049,68.300,309.213,440.792,29.449,41.980,488,1,577,482,54.952,45.905,470.500,44.810
2050,2050,68.333,309.209,440.791,29.448,41.980,488,1,577,482,54.952,45.905,470.500,44.810
2051,2051,68.367,309.019,440.792,29.430,41.980,491,1,577,482,54.952,45.905,470.500,44.810
2052,2052,68.400,308.946,440.788,29.423,41.980,493,1,577,482,54.952,45.905,470.500,44.810
2053,2053,68.433,308.820,440.789,29.411,41.980,495,1,577,482,54.952,45.905,470.500,44.810
2054,2054,68.467,308.635,440.769,29.394,41.978,486,1,577,482,54.952,45.905,470.500,44.810
2055,2055,68.500,308.131,440.853,29.346,41.986,480,1,577,482,54.952,45.905,470.500,44.810
2056,2056,68.533,307.854,440.901,29.319,41.991,476,1,577,482,54.952,45.905,470.500,44.810
2057,2057,68.567,307.700,440.917,29.305,41.992,476,1,577,482,54.952,45.905,470.500,44.810
2058,2058,68.600,307.151,440.963,29.252,41.997,472,1,577,482,54.952,45.905,470.500,44.810
2059,2059,68.633,307.032,440.970,29.241,41.997,468,1,577,482,54.952,45.905,470.500,44.810
2060,2060,68.667,306.797,441.008,29.219,42.001,468,1,577,482,54.952,45.905,470.500,44.810
2061,2061,68.700,306.345,441.037,29.176,42.003,458,1,577,482,54.952,45.905,470.500,44.810
2062,2062,68.733,306.406,441.026,29.182,42.002,458,1,577,482,54.952,45.905,470.500,44.810
2063,2063,68.767,306.087,441.079,29.151,42.008,456,1,577,482,54.952,45.905,470.500,44.810
2064,2064,68.800,305.837,441.099,29.127,42.009,457,1,577,482,54.952,45.905,470.500,44.810
2065,2065,68.833,305.635,441.150,29.108,42.014,454,1,577,482,54.952,45.905,470.500,44.810
2066,2066,68.867,305.490,441.160,29.094,42.015,457,1,577,482,54.952,45.905,470.500,44.810
2067,2067,68.900,305.135,441.242,29.060,42.023,451,1,577,482,54.952,45.905,470.500,44.810
2068,2068,68.933,304.910,441.296,29.039,42.028,453,1,577,482,54.952,45.905,470.500,44.810
2069,2069,68.967,304.771,441.287,29.026,42.027,458,1,577,482,54.952,45.905,470.500,44.810
2070,2070,69.000,304.733,441.338,29.022,42.032,458,1,577,482,54.952,45.905,470.500,44.810
2071,2071,69.033,305.132,441.311,29.060,42.030,456,1,577,482,54.952,45.905,470.500,44.810
2072,2072,69.067,304.616,441.386,29.011,42.037,452,1,577,482,54.952,45.905,470.500,44.810
2073,2073,69.100,304.619,441.457,29.011,42.044,450,1,577,482,54.952,45.905,470.500,44.810
2074,2074,69.133,304.353,441.480,28.986,42.046,450,1,577,482,54.952,45.905,470.500,44.810
2075,2075,69.167,304.426,441.474,28.993,42.045,453,1,577,482,54.952,45.905,470.500,44.810
2076,2076,69.200,304.511,441.452,29.001,42.043,453,1,577,482,54.952,45.905,470.500,44.810
2077,2077,69.233,304.601,441.433,29.010,42.041,448,1,577,482,54.952,45.905,470.500,44.810
2078,2078,69.267,304.604,441.436,29.010,42.042,451,1,577,482,54.952,45.905,470.500,44.810
2079,2079,69.300,304.602,441.486,29.010,42.046,450,1,577,482,54.952,45.905,470.500,44.810
2080,2080,69.333,304.738,441.465,29.023,42.044,448,1,577,482,54.952,45.905,470.500,44.810
2081,2081,69.367,304.717,441.520,29.021,42.050,436,1,577,482,54.952,45.905,470.500,44.810
2082,2082,69.400,304.480,441.580,28.998,42.055,442,1,577,482,54.952,45.905,470.500,44.810
2083,2083,69.433,304.608,441.564,29.010,42.054,443,1,577,482,54.952,45.905,470.500,44.810
2084,2084,69.467,304.568,441.551,29.006,42.052,442,1,577,482,54.952,45.905,470.500,44.810
2085,2085,69.500,304.500,441.520,29.000,42.049,445,1,577,482,54.952,45.905,470.500,44.810
2086,2086,69.533,304.718,441.492,29.021,42.047,435,1,577,482,54.952,45.905,470.500,44.810
2087,2087,69.567,304.320,441.401,28.983,42.038,446,1,577,482,54.952,45.905,470.500,44.810
2088,2088,69.600,304.010,441.468,28.953,42.045,450,1,577,482,54.952,45.905,470.500,44.810
2089,2089,69.633,303.998,441.442,28.952,42.042,451,1,577,482,54.952,45.905,470.500,44.810
2090,2090,69.667,304.036,441.422,28.956,42.040,452,1,577,482,54.952,45.905,470.500,44.810
2091,2091,69.700,303.776,441.441,28.931,42.042,454,1,577,482,54.952,45.905,470.500,44.810
2092,2092,69.733,303.403,441.450,28.896,42.043,463,1,577,482,54.952,45.905,470.500,44.810
2093,2093,69.767,303.085,441.499,28.865,42.048,453,1,577,482,54.952,45.905,470.500,44.810
2094,2094,69.800,303.194,441.475,28.876,42.045,454,1,577,482,54.952,45.905,470.500,44.810
2095,2095,69.833,303.089,441.497,28.866,42.047,450,1,577,482,54.952,45.905,470.500,44.810
2096,2096,69.867,302.758,441.505,28.834,42.048,448,1,577,482,54.952,45.905,470.500,44.810
2097,2097,69.900,302.650,441.496,28.824,42.047,451,1,577,482,54.952,45.905,470.500,44.810
2098,2098,69.933,302.710,441.509,28.830,42.048,459,1,577,482,54.952,45.905,470.500,44.810
2099,2099,69.967,302.534,441.498,28.813,42.047,460,1,577,482,54.952,45.905,470.500,44.810
2100,2100,70.000,302.640,441.481,28.823,42.046,453,1,577,482,54.952,45.905,470.500,44.810
2101,2101,70.033,302.004,441.563,28.762,42.054,476,1,577,482,54.952,45.905,470.500,44.810
2102,2102,70.067,301.739,441.468,28.737,42.045,474,1,577,482,54.952,45.905,470.500,44.810
2103,2103,70.100,301.705,441.466,28.734,42.044,476,1,577,482,54.952,45.905,470.500,44.810
2104,2104,70.133,301.584,441.472,28.722,42.045,477,1,577,482,54.952,45.905,470.500,44.810
2105,2105,70.167,301.496,441.434,28.714,42.041,481,1,577,482,54.952,45.905,470.500,44.810
2106,2106,70.200,301.779,441.403,28.741,42.038,491,1,577,482,54.952,45.905,470.500,44.810
2107,2107,70.233,301.774,441.385,28.740,42.037,491,1,577,482,54.952,45.905,470.500,44.810
2108,2108,70.267,301.444,441.436,28.709,42.042,480,1,577,482,54.952,45.905,470.500,44.810
2109,2109,70.300,301.411,441.412,28.706,42.039,479,1,577,482,54.952,45.905,470.500,44.810
2110,2110,70.333,301.211,441.362,28.687,42.034,483,1,577,482,54.952,45.905,470.500,44.810
2111,2111,70.367,301.359,441.341,28.701,42.033,479,1,577,482,54.952,45.905,470.500,44.810
2112,2112,70.400,301.200,441.346,28.686,42.033,478,1,577,482,54.952,45.905,470.500,44.810
2113,2113,70.433,301.199,441.349,28.686,42.033,484,1,577,482,54.952,45.905,470.500,44.810
2114,2114,70.467,301.169,441.310,28.683,42.030,491,1,577,482,54.952,45.905,470.500,44.810
2115,2115,70.500,301.120,441.263,28.678,42.025,486,1,577,482,54.952,45.905,470.500,44.810
2116,2116,70.533,301.251,441.222,28.691,42.021,487,1,577,482,54.952,45.905,470.500,44.810
2117,2117,70.567,301.279,441.212,28.693,42.020,489,1,577,482,54.952,45.905,470.500,44.810
2118,2118,70.600,301.233,441.242,28.689,42.023,487,1,577,482,54.952,45.905,470.500,44.810
2119,2119,70.633,301.214,441.234,28.687,42.022,486,1,577,482,54.952,45.905,470.500,44.810
2120,2120,70.667,300.908,441.228,28.658,42.022,494,1,577,482,54.952,45.905,470.500,44.810
2121,2121,70.700,301.150,441.195,28.681,42.019,485,1,577,482,54.952,45.905,470.500,44.810
2122,2122,70.733,300.793,441.192,28.647,42.018,491,1,577,482,54.952,45.905,470.500,44.810
2123,2123,70.767,300.592,441.168,28.628,42.016,498,1,577,482,54.952,45.905,470.500,44.810
2124,2124,70.800,300.681,441.193,28.636,42.018,502,1,577,482,54.952,45.905,470.500,44.810
2125,2125,70.833,300.189,441.234,28.589,42.022,493,1,577,482,54.952,45.905,470.500,44.810
2126,2126,70.867,300.258,441.216,28.596,42.021,501,1,577,482,54.952,45.905,470.500,44.810
2127,2127,70.900,300.287,441.215,28.599,42.020,504,1,577,482,54.952,45.905,470.500,44.810
2128,2128,70.933,300.301,441.248,28.600,42.024,501,1,577,482,54.952,45.905,470.500,44.810
2129,2129,70.967,300.106,441.281,28.581,42.027,502,1,577,482,54.952,45.905,470.500,44.810
2130,2130,71.000,300.135,441.349,28.584,42.033,506,1,577,482,54.952,45.905,470.500,44.810
2131,2131,71.033,299.980,441.358,28.570,42.034,504,1,577,482,54.952,45.905,470.500,44.810
2132,2132,71.067,299.942,441.360,28.566,42.034,506,1,577,482,54.952,45.905,470.500,44.810
2133,2133,71.100,300.337,441.311,28.603,42.030,505,1,577,482,54.952,45.905,470.500,44.810
2134,2134,71.133,300.270,441.326,28.597,42.031,507,1,577,482,54.952,45.905,470.500,44.810
2135,2135,71.167,300.330,441.360,28.603,42.034,512,1,577,482,54.952,45.905,470.500,44.810
2136,2136,71.200,300.333,441.399,28.603,42.038,507,1,577,482,54.952,45.905,470.500,44.810
2137,2137,71.233,300.116,441.406,28.582,42.039,510,1,577,482,54.952,45.905,470.500,44.810
2138,2138,71.267,300.104,441.413,28.581,42.039,513,1,577,482,54.952,45.905,470.500,44.810
2139,2139,71.300,299.804,441.489,28.553,42.047,504,1,577,482,54.952,45.905,470.500,44.810
2140,2140,71.333,299.636,441.494,28.537,42.047,513,1,577,482,54.952,45.905,470.500,44.810
2141,2141,71.367,299.636,441.459,28.537,42.044,514,1,577,482,54.952,45.905,470.500,44.810
2142,2142,71.400,299.353,441.561,28.510,42.053,507,1,577,482,54.952,45.905,470.500,44.810
2143,2143,71.433,299.728,441.510,28.545,42.049,522,1,577,482,54.952,45.905,470.500,44.810
2144,2144,71.467,299.384,441.550,28.513,42.052,513,1,577,482,54.952,45.905,470.500,44.810
2145,2145,71.500,299.424,441.570,28.517,42.054,513,1,577,482,54.952,45.905,470.500,44.810
2146,2146,71.533,299.290,441.575,28.504,42.055,519,1,577,482,54.952,45.905,470.500,44.810
2147,2147,71.567,299.178,441.607,28.493,42.058,522,1,577,482,54.952,45.905,470.500,44.810
2148,2148,71.600,299.255,441.590,28.500,42.056,517,1,577,482,54.952,45.905,470.500,44.810
2149,2149,71.633,299.381,441.518,28.512,42.049,521,1,577,482,54.952,45.905,470.500,44.810
2150,2150,71.667,299.335,441.549,28.508,42.052,523,1,577,482,54.952,45.905,470.500,44.810
2151,2151,71.700,299.368,441.549,28.511,42.052,516,1,577,482,54.952,45.905,470.500,44.810
2152,2152,71.733,299.455,441.541,28.520,42.051,522,1,577,482,54.952,45.905,470.500,44.810
2153,2153,71.767,299.375,441.572,28.512,42.054,525,1,577,482,54.952,45.905,470.500,44.810
2154,2154,71.800,299.273,441.596,28.502,42.057,522,1,577,482,54.952,45.905,470.500,44.810
2155,2155,71.833,299.510,441.600,28.525,42.057,517,1,577,482,54.952,45.905,470.500,44.810
2156,2156,71.867,299.517,441.607,28.525,42.058,520,1,577,482,54.952,45.905,470.500,44.810
2157,2157,71.900,299.319,441.620,28.507,42.059,516,1,577,482,54.952,45.905,470.500,44.810
2158,2158,71.933,299.305,441.671,28.505,42.064,520,1,577,482,54.952,45.905,470.500,44.810
2159,2159,71.967,299.194,441.693,28.495,42.066,518,1,577,482,54.952,45.905,470.500,44.810
2160,2160,72.000,299.083,441.745,28.484,42.071,518,1,577,482,54.952,45.905,470.500,44.810
2161,2161,72.033,298.839,441.665,28.461,42.063,513,1,577,482,54.952,45.905,470.500,44.810
2162,2162,72.067,298.637,441.749,28.442,42.071,515,1,577,482,54.952,45.905,470.500,44.810
2163,2163,72.100,298.525,441.718,28.431,42.068,507,1,577,482,54.952,45.905,470.500,44.810
2164,2164,72.133,298.422,441.724,28.421,42.069,505,1,577,482,54.952,45.905,470.500,44.810
2165,2165,72.167,298.200,441.770,28.400,42.073,500,1,577,482,54.952,45.905,470.500,44.810
2166,2166,72.200,297.736,441.870,28.356,42.083,492,1,577,482,54.952,45.905,470.500,44.810
2167,2167,72.233,297.613,441.892,28.344,42.085,494,1,577,482,54.952,45.905,470.500,44.810
2168,2168,72.267,297.205,441.961,28.305,42.092,481,1,577,482,54.952,45.905,470.500,44.810
2169,2169,72.300,297.118,442.088,28.297,42.104,477,1,577,482,54.952,45.905,470.500,44.810
2170,2170,72.333,296.939,442.072,28.280,42.102,473,1,577,482,54.952,45.905,470.500,44.810
2171,2171,72.367,296.445,442.165,28.233,42.111,463,1,577,482,54.952,45.905,470.500,44.810
2172,2172,72.400,296.125,442.346,28.202,42.128,478,1,577,482,54.952,45.905,470.500,44.810
2173,2173,72.433,295.809,442.453,28.172,42.138,473,1,577,482,54.952,45.905,470.500,44.810
2174,2174,72.467,295.709,442.527,28.163,42.145,471,1,577,482,54.952,45.905,470.500,44.810
2175,2175,72.500,295.622,442.511,28.155,42.144,468,1,577,482,54.952,45.905,470.500,44.810
2176,2176,72.533,295.620,442.586,28.154,42.151,469,1,577,482,54.952,45.905,470.500,44.810
2177,2177,72.567,295.583,442.556,28.151,42.148,469,1,577,482,54.952,45.905,470.500,44.810
2178,2178,72.600,295.523,442.543,28.145,42.147,472,1,577,482,54.952,45.905,470.500,44.810
2179,2179,72.633,295.552,442.658,28.148,42.158,462,1,577,482,54.952,45.905,470.500,44.810
2180,2180,72.667,295.592,442.627,28.152,42.155,460,1,577,482,54.952,45.905,470.500,44.810
2181,2181,72.700,295.638,442.617,28.156,42.154,458,1,577,482,54.952,45.905,470.500,44.810
2182,2182,72.733,295.598,442.557,28.152,42.148,465,1,577,482,54.952,45.905,470.500,44.810
2183,2183,72.767,295.742,442.566,28.166,42.149,456,1,577,482,54.952,45.905,470.500,44.810
2184,2184,72.800,295.675,442.523,28.160,42.145,449,1,577,482,54.952,45.905,470.500,44.810
2185,2185,72.833,295.652,442.463,28.157,42.139,449,1,577,482,54.952,45.905,470.500,44.810
2186,2186,72.867,295.618,442.393,28.154,42.133,454,1,577,482,54.952,45.905,470.500,44.810
2187,2187,72.900,295.702,442.447,28.162,42.138,448,1,577,482,54.952,45.905,470.500,44.810
2188,2188,72.933,295.508,442.463,28.144,42.139,454,1,577,482,54.952,45.905,470.500,44.810
2189,2189,72.967,295.649,442.434,28.157,42.137,451,1,577,482,54.952,45.905,470.500,44.810
2190,2190,73.000,296.035,442.448,28.194,42.138,445,1,577,482,54.952,45.905,470.500,44.810
2191,2191,73.033,295.986,442.301,28.189,42.124,444,1,577,482,54.952,45.905,470.500,44.810
2192,2192,73.067,295.919,442.262,28.183,42.120,450,1,577,482,54.952,45.905,470.500,44.810
2193,2193,73.100,295.610,442.446,28.153,42.138,453,1,577,482,54.952,45.905,470.500,44.810
2194,2194,73.133,295.697,442.430,28.162,42.136,448,1,577,482,54.952,45.905,470.500,44.810
2195,2195,73.167,295.108,442.468,28.105,42.140,453,1,577,482,54.952,45.905,470.500,44.810
2196,2196,73.200,295.227,442.438,28.117,42.137,458,1,577,482,54.952,45.905,470.500,44.810
2197,2197,73.233,295.219,442.483,28.116,42.141,456,1,577,482,54.952,45.905,470.500,44.810
2198,2198,73.267,294.966,442.479,28.092,42.141,456,1,577,482,54.952,45.905,470.500,44.810
2199,2199,73.300,294.944,442.476,28.090,42.141,459,1,577,482,54.952,45.905,470.500,44.810
2200,2200,73.333,294.579,442.635,28.055,42.156,475,1,577,482,54.952,45.905,470.500,44.810
2201,2201,73.367,294.358,442.660,28.034,42.158,470,1,577,482,54.952,45.905,470.500,44.810
2202,2202,73.400,294.208,442.689,28.020,42.161,470,1,577,482,54.952,45.905,470.500,44.810
2203,2203,73.433,294.084,442.657,28.008,42.158,477,1,577,482,54.952,45.905,470.500,44.810
2204,2204,73.467,293.918,442.702,27.992,42.162,476,1,577,482,54.952,45.905,470.500,44.810
2205,2205,73.500,293.597,442.835,27.962,42.175,478,1,577,482,54.952,45.905,470.500,44.810
2206,2206,73.533,293.275,443.019,27.931,42.192,470,1,577,482,54.952,45.905,470.500,44.810
2207,2207,73.567,293.023,443.057,27.907,42.196,475,1,577,482,54.952,45.905,470.500,44.810
2208,2208,73.600,293.160,443.074,27.920,42.198,474,1,577,482,54.952,45.905,470.500,44.810
2209,2209,73.633,292.647,443.314,27.871,42.220,483,1,577,482,54.952,45.905,470.500,44.810
2210,2210,73.667,292.292,443.435,27.837,42.232,486,1,577,482,54.952,45.905,470.500,44.810
2211,2211,73.700,292.146,443.471,27.823,42.235,493,1,577,482,54.952,45.905,470.500,44.810
2212,2212,73.733,292.118,443.502,27.821,42.238,493,1,577,482,54.952,45.905,470.500,44.810
2213,2213,73.767,291.993,443.538,27.809,42.242,495,1,577,482,54.952,45.905,470.500,44.810
2214,2214,73.800,291.650,443.640,27.776,42.251,491,1,577,482,54.952,45.905,470.500,44.810
2215,2215,73.833,291.532,443.591,27.765,42.247,490,1,577,482,54.952,45.905,470.500,44.810
2216,2216,73.867,291.424,443.636,27.755,42.251,493,1,577,482,54.952,45.905,470.500,44.810
2217,2217,73.900,291.209,443.716,27.734,42.259,498,1,577,482,54.952,45.905,470.500,44.810
2218,2218,73.933,291.117,443.776,27.725,42.264,504,1,577,482,54.952,45.905,470.500,44.810
2219,2219,73.967,290.969,443.830,27.711,42.270,507,1,577,482,54.952,45.905,470.500,44.810
2220,2220,74.000,290.848,443.885,27.700,42.275,506,1,577,482,54.952,45.905,470.500,44.810
2221,2221,74.033,290.609,443.952,27.677,42.281,500,1,577,482,54.952,45.905,470.500,44.810
2222,2222,74.067,290.348,443.949,27.652,42.281,502,1,577,482,54.952,45.905,470.500,44.810
2223,2223,74.100,290.349,444.006,27.652,42.286,500,1,577,482,54.952,45.905,470.500,44.810
2224,2224,74.133,290.053,444.062,27.624,42.292,493,1,577,482,54.952,45.905,470.500,44.810
2225,2225,74.167,289.884,444.160,27.608,42.301,491,1,577,482,54.952,45.905,470.500,44.810
2226,2226,74.200,289.453,444.295,27.567,42.314,488,1,577,482,54.952,45.905,470.500,44.810
2227,2227,74.233,289.048,444.400,27.528,42.324,480,1,577,482,54.952,45.905,470.500,44.810
2228,2228,74.267,288.688,444.460,27.494,42.330,473,1,577,482,54.952,45.905,470.500,44.810
2229,2229,74.300,288.611,444.458,27.487,42.329,468,1,577,482,54.952,45.905,470.500,44.810
2230,2230,74.333,288.298,444.612,27.457,42.344,465,1,577,482,54.952,45.905,470.500,44.810
2231,2231,74.367,288.188,444.624,27.446,42.345,465,1,577,482,54.952,45.905,470.500,44.810
2232,2232,74.400,287.884,444.640,27.418,42.347,461,1,577,482,54.952,45.905,470.500,44.810
2233,2233,74.433,287.779,444.703,27.408,42.353,466,1,577,482,54.952,45.905,470.500,44.810
2234,2234,74.467,287.471,444.680,27.378,42.350,467,1,577,482,54.952,45.905,470.500,44.810
2235,2235,74.500,287.502,444.637,27.381,42.346,461,1,577,482,54.952,45.905,470.500,44.810
2236,2236,74.533,287.378,444.615,27.369,42.344,460,1,577,482,54.952,45.905,470.500,44.810
2237,2237,74.567,287.273,444.674,27.359,42.350,470,1,577,482,54.952,45.905,470.500,44.810
2238,2238,74.600,287.156,444.642,27.348,42.347,466,1,577,482,54.952,45.905,470.500,44.810
2239,2239,74.633,287.099,444.593,27.343,42.342,467,1,577,482,54.952,45.905,470.500,44.810
2240,2240,74.667,287.002,444.540,27.334,42.337,468,1,577,482,54.952,45.905,470.500,44.810
2241,2241,74.700,286.880,444.460,27.322,42.330,468,1,577,482,54.952,45.905,470.500,44.810
2242,2242,74.733,286.827,444.367,27.317,42.321,460,1,577,482,54.952,45.905,470.500,44.810
2243,2243,74.767,286.645,444.191,27.300,42.304,474,1,577,482,54.952,45.905,470.500,44.810
2244,2244,74.800,286.720,444.063,27.307,42.292,466,1,577,482,54.952,45.905,470.500,44.810
2245,2245,74.833,286.866,443.973,27.321,42.283,466,1,577,482,54.952,45.905,470.500,44.810
2246,2246,74.867,286.900,443.922,27.324,42.278,464,1,577,482,54.952,45.905,470.500,44.810
2247,2247,74.900,286.935,443.866,27.327,42.273,463,1,577,482,54.952,45.905,470.500,44.810
2248,2248,74.933,286.682,443.915,27.303,42.278,464,1,577,482,54.952,45.905,470.500,44.810
2249,2249,74.967,286.693,443.887,27.304,42.275,460,1,577,482,54.952,45.905,470.500,44.810
2250,2250,75.000,286.777,443.869,27.312,42.273,461,1,577,482,54.952,45.905,470.500,44.810
2251,2251,75.033,286.469,443.873,27.283,42.274,457,1,577,482,54.952,45.905,470.500,44.810
2252,2252,75.067,286.471,443.870,27.283,42.273,461,1,577,482,54.952,45.905,470.500,44.810
2253,2253,75.100,286.348,443.989,27.271,42.285,462,1,577,482,54.952,45.905,470.500,44.810
2254,2254,75.133,286.293,444.035,27.266,42.289,461,1,577,482,54.952,45.905,470.500,44.810
2255,2255,75.167,286.293,444.057,27.266,42.291,459,1,577,482,54.952,45.905,470.500,44.810
2256,2256,75.200,285.798,444.207,27.219,42.305,461,1,577,482,54.952,45.905,470.500,44.810
2257,2257,75.233,285.848,444.239,27.224,42.309,461,1,577,482,54.952,45.905,470.500,44.810
2258,2258,75.267,285.776,444.355,27.217,42.320,464,1,577,482,54.952,45.905,470.500,44.810
2259,2259,75.300,285.708,444.491,27.210,42.332,462,1,577,482,54.952,45.905,470.500,44.810
2260,2260,75.333,285.498,444.543,27.190,42.337,465,1,577,482,54.952,45.905,470.500,44.810
2261,2261,75.367,285.129,444.630,27.155,42.346,463,1,577,482,54.952,45.905,470.500,44.810
2262,2262,75.400,284.926,444.695,27.136,42.352,467,1,577,482,54.952,45.905,470.500,44.810
2263,2263,75.433,284.973,444.644,27.140,42.347,464,1,577,482,54.952,45.905,470.500,44.810
2264,2264,75.467,284.816,444.708,27.125,42.353,470,1,577,482,54.952,45.905,470.500,44.810
2265,2265,75.500,284.558,444.842,27.101,42.366,476,1,577,482,54.952,45.905,470.500,44.810
2266,2266,75.533,284.534,444.814,27.098,42.363,474,1,577,482,54.952,45.905,470.500,44.810
2267,2267,75.567,284.439,444.832,27.089,42.365,476,1,577,482,54.952,45.905,470.500,44.810
2268,2268,75.600,284.433,444.863,27.089,42.368,474,1,577,482,54.952,45.905,470.500,44.810
2269,2269,75.633,284.083,444.942,27.055,42.375,472,1,577,482,54.952,45.905,470.500,44.810
2270,2270,75.667,283.918,444.938,27.040,42.375,473,1,577,482,54.952,45.905,470.500,44.810
2271,2271,75.700,283.811,444.960,27.030,42.377,473,1,577,482,54.952,45.905,470.500,44.810
2272,2272,75.733,283.521,445.067,27.002,42.387,477,1,577,482,54.952,45.905,470.500,44.810
2273,2273,75.767,283.636,445.033,27.013,42.384,474,1,577,482,54.952,45.905,470.500,44.810
2274,2274,75.800,283.112,445.107,26.963,42.391,474,1,577,482,54.952,45.905,470.500,44.810
2275,2275,75.833,283.176,445.063,26.969,42.387,473,1,577,482,54.952,45.905,470.500,44.810
2276,2276,75.867,282.826,445.195,26.936,42.400,484,1,577,482,54.952,45.905,470.500,44.810
2277,2277,75.900,282.566,445.251,26.911,42.405,482,1,577,482,54.952,45.905,470.500,44.810
2278,2278,75.933,282.548,445.231,26.909,42.403,481,1,577,482,54.952,45.905,470.500,44.810
2279,2279,75.967,282.529,445.211,26.907,42.401,481,1,577,482,54.952,45.905,470.500,44.810
2280,2280,76.000,282.355,445.268,26.891,42.406,480,1,577,482,54.952,45.905,470.500,44.810
2281,2281,76.033,282.675,445.190,26.921,42.399,481,1,577,482,54.952,45.905,470.500,44.810
2282,2282,76.067,282.418,445.241,26.897,42.404,482,1,577,482,54.952,45.905,470.500,44.810
2283,2283,76.100,282.363,445.213,26.892,42.401,479,1,577,482,54.952,45.905,470.500,44.810
2284,2284,76.133,282.108,445.272,26.867,42.407,483,1,577,482,54.952,45.905,470.500,44.810
2285,2285,76.167,281.975,445.291,26.855,42.409,478,1,577,482,54.952,45.905,470.500,44.810
2286,2286,76.200,281.857,445.306,26.844,42.410,479,1,577,482,54.952,45.905,470.500,44.810
2287,2287,76.233,281.546,445.411,26.814,42.420,476,1,577,482,54.952,45.905,470.500,44.810
2288,2288,76.267,281.276,445.430,26.788,42.422,466,1,577,482,54.952,45.905,470.500,44.810
2289,2289,76.300,280.691,445.615,26.732,42.440,455,1,577,482,54.952,45.905,470.500,44.810
2290,2290,76.333,280.237,445.739,26.689,42.451,465,1,577,482,54.952,45.905,470.500,44.810
2291,2291,76.367,280.057,445.790,26.672,42.456,454,1,577,482,54.952,45.905,470.500,44.810
2292,2292,76.400,279.525,445.884,26.621,42.465,440,1,577,482,54.952,45.905,470.500,44.810
2293,2293,76.433,279.161,445.989,26.587,42.475,452,1,577,482,54.952,45.905,470.500,44.810
2294,2294,76.467,279.126,445.993,26.583,42.475,451,1,577,482,54.952,45.905,470.500,44.810
2295,2295,76.500,278.753,445.986,26.548,42.475,443,1,577,482,54.952,45.905,470.500,44.810
2296,2296,76.533,278.422,446.114,26.516,42.487,445,1,577,482,54.952,45.905,470.500,44.810
2297,2297,76.567,278.417,446.090,26.516,42.485,452,1,577,482,54.952,45.905,470.500,44.810
2298,2298,76.600,278.230,446.039,26.498,42.480,446,1,577,482,54.952,45.905,470.500,44.810
2299,2299,76.633,278.079,445.989,26.484,42.475,449,1,577,482,54.952,45.905,470.500,44.810
2300,2300,76.667,277.790,446.064,26.456,42.482,443,1,577,482,54.952,45.905,470.500,44.810
2301,2301,76.700,277.612,446.056,26.439,42.482,441,1,577,482,54.952,45.905,470.500,44.810
2302,2302,76.733,277.663,446.010,26.444,42.477,440,1,577,482,54.952,45.905,470.500,44.810
2303,2303,76.767,277.542,446.021,26.433,42.478,445,1,577,482,54.952,45.905,470.500,44.810
2304,2304,76.800,277.504,446.014,26.429,42.478,442,1,577,482,54.952,45.905,470.500,44.810
2305,2305,76.833,277.428,446.027,26.422,42.479,439,1,577,482,54.952,45.905,470.500,44.810
2306,2306,76.867,277.555,445.933,26.434,42.470,439,1,577,482,54.952,45.905,470.500,44.810
2307,2307,76.900,277.492,445.970,26.428,42.473,436,1,577,482,54.952,45.905,470.500,44.810
2308,2308,76.933,277.758,445.921,26.453,42.469,439,1,577,482,54.952,45.905,470.500,44.810
2309,2309,76.967,277.789,445.971,26.456,42.473,439,1,577,482,54.952,45.905,470.500,44.810
2310,2310,77.000,277.949,445.919,26.471,42.468,432,1,577,482,54.952,45.905,470.500,44.810
2311,2311,77.033,277.715,445.998,26.449,42.476,440,1,577,482,54.952,45.905,470.500,44.810
2312,2312,77.067,277.715,446.029,26.449,42.479,430,1,577,482,54.952,45.905,470.500,44.810
2313,2313,77.100,277.771,445.942,26.454,42.471,417,1,577,482,54.952,45.905,470.500,44.810
2314,2314,77.133,277.677,445.954,26.445,42.472,418,1,577,482,54.952,45.905,470.500,44.810
2315,2315,77.167,277.624,445.943,26.440,42.471,421,1,577,482,54.952,45.905,470.500,44.810
2316,2316,77.200,277.601,445.936,26.438,42.470,419,1,577,482,54.952,45.905,470.500,44.810
2317,2317,77.233,277.176,446.045,26.398,42.480,419,1,577,482,54.952,45.905,470.500,44.810
2318,2318,77.267,277.258,446.062,26.406,42.482,431,1,577,482,54.952,45.905,470.500,44.810
2319,2319,77.300,276.929,446.150,26.374,42.490,424,1,577,482,54.952,45.905,470.500,44.810
2320,2320,77.333,276.957,446.191,26.377,42.494,428,1,577,482,54.952,45.905,470.500,44.810
2321,2321,77.367,276.876,446.212,26.369,42.496,428,1,577,482,54.952,45.905,470.500,44.810
2322,2322,77.400,276.774,446.323,26.359,42.507,431,1,577,482,54.952,45.905,470.500,44.810
2323,2323,77.433,276.712,446.320,26.354,42.507,432,1,577,482,54.952,45.905,470.500,44.810
2324,2324,77.467,276.222,446.437,26.307,42.518,439,1,577,482,54.952,45.905,470.500,44.810
2325,2325,77.500,276.283,446.527,26.313,42.526,447,1,577,482,54.952,45.905,470.500,44.810
2326,2326,77.533,275.771,446.683,26.264,42.541,456,1,577,482,54.952,45.905,470.500,44.810
2327,2327,77.567,275.697,446.640,26.257,42.537,458,1,577,482,54.952,45.905,470.500,44.810
2328,2328,77.600,275.696,446.673,26.257,42.540,460,1,577,482,54.952,45.905,470.500,44.810
2329,2329,77.633,275.396,446.794,26.228,42.552,461,1,577,482,54.952,45.905,470.500,44.810
2330,2330,77.667,275.062,446.942,26.196,42.566,466,1,577,482,54.952,45.905,470.500,44.810
2331,2331,77.700,274.926,446.989,26.183,42.570,462,1,577,482,54.952,45.905,470.500,44.810
2332,2332,77.733,274.674,447.033,26.159,42.575,469,1,577,482,54.952,45.905,470.500,44.810
2333,2333,77.767,274.197,447.251,26.114,42.595,475,1,577,482,54.952,45.905,470.500,44.810
2334,2334,77.800,273.854,447.347,26.081,42.604,480,1,577,482,54.952,45.905,470.500,44.810
2335,2335,77.833,273.719,447.392,26.069,42.609,483,1,577,482,54.952,45.905,470.500,44.810
2336,2336,77.867,273.122,447.584,26.012,42.627,488,1,577,482,54.952,45.905,470.500,44.810
2337,2337,77.900,273.049,447.606,26.005,42.629,490,1,577,482,54.952,45.905,470.500,44.810
2338,2338,77.933,272.885,447.693,25.989,42.637,489,1,577,482,54.952,45.905,470.500,44.810
2339,2339,77.967,272.274,447.915,25.931,42.659,500,1,577,482,54.952,45.905,470.500,44.810
2340,2340,78.000,272.206,447.980,25.924,42.665,495,1,577,482,54.952,45.905,470.500,44.810
2341,2341,78.033,271.634,448.226,25.870,42.688,488,1,577,482,54.952,45.905,470.500,44.810
2342,2342,78.067,271.165,448.397,25.825,42.704,497,1,577,482,54.952,45.905,470.500,44.810
2343,2343,78.100,270.843,448.559,25.795,42.720,488,1,577,482,54.952,45.905,470.500,44.810
2344,2344,78.133,270.678,448.610,25.779,42.725,486,1,577,482,54.952,45.905,470.500,44.810
2345,2345,78.167,270.430,448.720,25.755,42.735,486,1,577,482,54.952,45.905,470.500,44.810
2346,2346,78.200,270.294,448.788,25.742,42.742,487,1,577,482,54.952,45.905,470.500,44.810
2347,2347,78.233,269.721,449.006,25.688,42.762,475,1,577,482,54.952,45.905,470.500,44.810
2348,2348,78.267,269.502,449.086,25.667,42.770,475,1,577,482,54.952,45.905,470.500,44.810
2349,2349,78.300,268.998,449.193,25.619,42.780,484,1,577,482,54.952,45.905,470.500,44.810
2350,2350,78.333,268.876,449.208,25.607,42.782,487,1,577,482,54.952,45.905,470.500,44.810
2351,2351,78.367,268.628,449.181,25.584,42.779,486,1,577,482,54.952,45.905,470.500,44.810
2352,2352,78.400,268.496,449.118,25.571,42.773,478,1,577,482,54.952,45.905,470.500,44.810
2353,2353,78.433,268.518,449.146,25.573,42.776,476,1,577,482,54.952,45.905,470.500,44.810
2354,2354,78.467,268.443,449.089,25.566,42.770,486,1,577,482,54.952,45.905,470.500,44.810
2355,2355,78.500,268.352,449.063,25.557,42.768,482,1,577,482,54.952,45.905,470.500,44.810
2356,2356,78.533,268.370,449.085,25.559,42.770,478,1,577,482,54.952,45.905,470.500,44.810
2357,2357,78.567,268.318,449.041,25.554,42.766,479,1,577,482,54.952,45.905,470.500,44.810
2358,2358,78.600,268.120,449.113,25.535,42.773,485,1,577,482,54.952,45.905,470.500,44.810
2359,2359,78.633,268.332,448.906,25.555,42.753,484,1,577,482,54.952,45.905,470.500,44.810
2360,2360,78.667,268.319,448.952,25.554,42.757,480,1,577,482,54.952,45.905,470.500,44.810
2361,2361,78.700,268.313,448.938,25.554,42.756,479,1,577,482,54.952,45.905,470.500,44.810
2362,2362,78.733,268.384,448.780,25.560,42.741,474,1,577,482,54.952,45.905,470.500,44.810
2363,2363,78.767,268.505,448.817,25.572,42.744,477,1,577,482,54.952,45.905,470.500,44.810
2364,2364,78.800,268.364,448.730,25.558,42.736,474,1,577,482,54.952,45.905,470.500,44.810
2365,2365,78.833,268.337,448.737,25.556,42.737,469,1,577,482,54.952,45.905,470.500,44.810
2366,2366,78.867,268.175,448.796,25.540,42.742,469,1,577,482,54.952,45.905,470.500,44.810
2367,2367,78.900,268.239,448.785,25.547,42.741,468,1,577,482,54.952,45.905,470.500,44.810
2368,2368,78.933,268.202,448.803,25.543,42.743,469,1,577,482,54.952,45.905,470.500,44.810
2369,2369,78.967,268.008,448.895,25.525,42.752,466,1,577,482,54.952,45.905,470.500,44.810
2370,2370,79.000,268.091,448.859,25.532,42.748,466,1,577,482,54.952,45.905,470.500,44.810
2371,2371,79.033,267.941,448.871,25.518,42.750,463,1,577,482,54.952,45.905,470.500,44.810
2372,2372,79.067,267.757,449.006,25.501,42.762,472,1,577,482,54.952,45.905,470.500,44.810
2373,2373,79.100,267.564,449.089,25.482,42.770,468,1,577,482,54.952,45.905,470.500,44.810
2374,2374,79.133,267.415,449.165,25.468,42.778,476,1,577,482,54.952,45.905,470.500,44.810
2375,2375,79.167,267.422,449.255,25.469,42.786,469,1,577,482,54.952,45.905,470.500,44.810
2376,2376,79.200,266.953,449.473,25.424,42.807,471,1,577,482,54.952,45.905,470.500,44.810
2377,2377,79.233,266.521,449.612,25.383,42.820,485,1,577,482,54.952,45.905,470.500,44.810
2378,2378,79.267,266.277,449.678,25.360,42.826,476,1,577,482,54.952,45.905,470.500,44.810
2379,2379,79.300,265.981,449.825,25.332,42.840,485,1,577,482,54.952,45.905,470.500,44.810
2380,2380,79.333,265.592,449.861,25.294,42.844,481,1,577,482,54.952,45.905,470.500,44.810
2381,2381,79.367,265.840,449.692,25.318,42.828,472,1,577,482,54.952,45.905,470.500,44.810
2382,2382,79.400,265.566,449.773,25.292,42.836,477,1,577,482,54.952,45.905,470.500,44.810
2383,2383,79.433,265.053,449.895,25.243,42.847,492,1,577,482,54.952,45.905,470.500,44.810
2384,2384,79.467,264.674,450.006,25.207,42.858,495,1,577,482,54.952,45.905,470.500,44.810
2385,2385,79.500,264.443,450.017,25.185,42.859,504,1,577,482,54.952,45.905,470.500,44.810
2386,2386,79.533,264.212,450.079,25.163,42.865,509,1,577,482,54.952,45.905,470.500,44.810
2387,2387,79.567,264.027,450.162,25.145,42.873,512,1,577,482,54.952,45.905,470.500,44.810
2388,2388,79.600,263.831,450.195,25.127,42.876,508,1,577,482,54.952,45.905,470.500,44.810
2389,2389,79.633,263.635,450.251,25.108,42.881,515,1,577,482,54.952,45.905,470.500,44.810
2390,2390,79.667,263.466,450.295,25.092,42.885,518,1,577,482,54.952,45.905,470.500,44.810
2391,2391,79.700,263.477,450.314,25.093,42.887,525,1,577,482,54.952,45.905,470.500,44.810
2392,2392,79.733,262.994,450.428,25.047,42.898,530,1,577,482,54.952,45.905,470.500,44.810
2393,2393,79.767,262.814,450.469,25.030,42.902,531,1,577,482,54.952,45.905,470.500,44.810
2394,2394,79.800,262.773,450.527,25.026,42.907,532,1,577,482,54.952,45.905,470.500,44.810
2395,2395,79.833,262.768,450.503,25.026,42.905,530,1,577,482,54.952,45.905,470.500,44.810
2396,2396,79.867,262.724,450.535,25.021,42.908,533,1,577,482,54.952,45.905,470.500,44.810
2397,2397,79.900,262.739,450.449,25.023,42.900,536,1,577,482,54.952,45.905,470.500,44.810
2398,2398,79.933,263.171,450.346,25.064,42.890,526,1,577,482,54.952,45.905,470.500,44.810
2399,2399,79.967,263.072,450.427,25.054,42.898,521,1,577,482,54.952,45.905,470.500,44.810
2400,2400,80.000,263.029,450.408,25.050,42.896,520,1,577,482,54.952,45.905,470.500,44.810
2401,2401,80.033,262.686,450.446,25.018,42.900,525,1,577,482,54.952,45.905,470.500,44.810
2402,2402,80.067,262.477,450.502,24.998,42.905,532,1,577,482,54.952,45.905,470.500,44.810
2403,2403,80.100,262.760,450.465,25.025,42.901,525,1,577,482,54.952,45.905,470.500,44.810
2404,2404,80.133,262.762,450.470,25.025,42.902,525,1,577,482,54.952,45.905,470.500,44.810
2405,2405,80.167,262.729,450.429,25.022,42.898,521,1,577,482,54.952,45.905,470.500,44.810
2406,2406,80.200,262.729,450.429,25.022,42.898,521,1,577,482,54.952,45.905,470.500,44.810
2407,2407,80.233,262.610,450.458,25.010,42.901,526,1,577,482,54.952,45.905,470.500,44.810
2408,2408,80.267,262.475,450.434,24.998,42.898,520,1,577,482,54.952,45.905,470.500,44.810
2409,2409,80.300,262.285,450.474,24.980,42.902,518,1,577,482,54.952,45.905,470.500,44.810
2410,2410,80.333,262.285,450.480,24.980,42.903,518,1,577,482,54.952,45.905,470.500,44.810
2411,2411,80.367,262.350,450.461,24.986,42.901,516,1,577,482,54.952,45.905,470.500,44.810
2412,2412,80.400,262.626,450.371,25.012,42.893,507,1,577,482,54.952,45.905,470.500,44.810
2413,2413,80.433,262.415,450.433,24.992,42.898,506,1,577,482,54.952,45.905,470.500,44.810
2414,2414,80.467,262.315,450.528,24.982,42.907,502,1,577,482,54.952,45.905,470.500,44.810
2415,2415,80.500,262.256,450.542,24.977,42.909,498,1,577,482,54.952,45.905,470.500,44.810
2416,2416,80.533,262.160,450.572,24.968,42.912,495,1,577,482,54.952,45.905,470.500,44.810
2417,2417,80.567,262.009,450.660,24.953,42.920,489,1,577,482,54.952,45.905,470.500,44.810
2418,2418,80.600,261.972,450.661,24.950,42.920,488,1,577,482,54.952,45.905,470.500,44.810
2419,2419,80.633,261.859,450.651,24.939,42.919,488,1,577,482,54.952,45.905,470.500,44.810
2420,2420,80.667,261.791,450.693,24.932,42.923,492,1,577,482,54.952,45.905,470.500,44.810
2421,2421,80.700,261.666,450.772,24.921,42.931,487,1,577,482,54.952,45.905,470.500,44.810
2422,2422,80.733,261.421,450.824,24.897,42.936,478,1,577,482,54.952,45.905,470.500,44.810
2423,2423,80.767,261.349,450.854,24.890,42.938,481,1,577,482,54.952,45.905,470.500,44.810
2424,2424,80.800,261.077,450.927,24.864,42.945,484,1,577,482,54.952,45.905,470.500,44.810
2425,2425,80.833,260.678,451.004,24.826,42.953,490,1,577,482,54.952,45.905,470.500,44.810
2426,2426,80.867,260.674,451.004,24.826,42.953,492,1,577,482,54.952,45.905,470.500,44.810
2427,2427,80.900,260.613,451.011,24.820,42.953,487,1,577,482,54.952,45.905,470.500,44.810
2428,2428,80.933,260.711,450.988,24.830,42.951,486,1,577,482,54.952,45.905,470.500,44.810
2429,2429,80.967,260.520,451.033,24.811,42.956,480,1,577,482,54.952,45.905,470.500,44.810
2430,2430,81.000,260.147,451.092,24.776,42.961,480,1,577,482,54.952,45.905,470.500,44.810
2431,2431,81.033,260.147,451.116,24.776,42.963,479,1,577,482,54.952,45.905,470.500,44.810
2432,2432,81.067,260.200,451.121,24.781,42.964,485,1,577,482,54.952,45.905,470.500,44.810
2433,2433,81.100,260.290,451.149,24.789,42.967,482,1,577,482,54.952,45.905,470.500,44.810
2434,2434,81.133,260.178,451.166,24.779,42.968,479,1,577,482,54.952,45.905,470.500,44.810
2435,2435,81.167,260.165,451.177,24.778,42.969,477,1,577,482,54.952,45.905,470.500,44.810
2436,2436,81.200,260.169,451.207,24.778,42.972,472,1,577,482,54.952,45.905,470.500,44.810
2437,2437,81.233,260.080,451.267,24.770,42.978,477,1,577,482,54.952,45.905,470.500,44.810
2438,2438,81.267,260.040,451.238,24.766,42.975,479,1,577,482,54.952,45.905,470.500,44.810
2439,2439,81.300,260.289,451.176,24.789,42.969,482,1,577,482,54.952,45.905,470.500,44.810
2440,2440,81.333,260.435,451.130,24.803,42.965,479,1,577,482,54.952,45.905,470.500,44.810
2441,2441,81.367,260.714,451.072,24.830,42.959,476,1,577,482,54.952,45.905,470.500,44.810
2442,2442,81.400,260.676,451.144,24.826,42.966,482,1,577,482,54.952,45.905,470.500,44.810
2443,2443,81.433,260.582,451.140,24.817,42.966,476,1,577,482,54.952,45.905,470.500,44.810
2444,2444,81.467,260.617,451.101,24.821,42.962,478,1,577,482,54.952,45.905,470.500,44.810
2445,2445,81.500,260.447,451.161,24.804,42.968,484,1,577,482,54.952,45.905,470.500,44.810
2446,2446,81.533,260.708,451.107,24.829,42.963,478,1,577,482,54.952,45.905,470.500,44.810
2447,2447,81.567,260.823,451.117,24.840,42.964,471,1,577,482,54.952,45.905,470.500,44.810
2448,2448,81.600,260.929,451.046,24.850,42.957,476,1,577,482,54.952,45.905,470.500,44.810
2449,2449,81.633,260.728,451.175,24.831,42.969,474,1,577,482,54.952,45.905,470.500,44.810
2450,2450,81.667,260.510,451.277,24.810,42.979,482,1,577,482,54.952,45.905,470.500,44.810
2451,2451,81.700,260.611,451.260,24.820,42.977,477,1,577,482,54.952,45.905,470.500,44.810
2452,2452,81.733,260.500,451.301,24.810,42.981,474,1,577,482,54.952,45.905,470.500,44.810
2453,2453,81.767,260.386,451.253,24.799,42.976,469,1,577,482,54.952,45.905,470.500,44.810
2454,2454,81.800,260.200,451.360,24.781,42.987,478,1,577,482,54.952,45.905,470.500,44.810
2455,2455,81.833,260.203,451.365,24.781,42.987,483,1,577,482,54.952,45.905,470.500,44.810
2456,2456,81.867,260.110,451.432,24.772,42.994,478,1,577,482,54.952,45.905,470.500,44.810
2457,2457,81.900,260.223,451.376,24.783,42.988,481,1,577,482,54.952,45.905,470.500,44.810
2458,2458,81.933,260.304,451.501,24.791,43.000,480,1,577,482,54.952,45.905,470.500,44.810
2459,2459,81.967,260.056,451.592,24.767,43.009,469,1,577,482,54.952,45.905,470.500,44.810
2460,2460,82.000,260.508,451.517,24.810,43.002,470,1,577,482,54.952,45.905,470.500,44.810
2461,2461,82.033,260.567,451.582,24.816,43.008,478,1,577,482,54.952,45.905,470.500,44.810
2462,2462,82.067,260.621,451.710,24.821,43.020,470,1,577,482,54.952,45.905,470.500,44.810
2463,2463,82.100,260.737,451.686,24.832,43.018,468,1,577,482,54.952,45.905,470.500,44.810
2464,2464,82.133,260.734,451.687,24.832,43.018,470,1,577,482,54.952,45.905,470.500,44.810
2465,2465,82.167,260.298,451.937,24.790,43.042,477,1,577,482,54.952,45.905,470.500,44.810
2466,2466,82.200,260.380,451.949,24.798,43.043,481,1,577,482,54.952,45.905,470.500,44.810
2467,2467,82.233,260.348,451.982,24.795,43.046,484,1,577,482,54.952,45.905,470.500,44.810
2468,2468,82.267,260.013,452.171,24.763,43.064,488,1,577,482,54.952,45.905,470.500,44.810
2469,2469,82.300,259.994,452.182,24.761,43.065,487,1,577,482,54.952,45.905,470.500,44.810
2470,2470,82.333,259.982,452.188,24.760,43.066,488,1,577,482,54.952,45.905,470.500,44.810
2471,2471,82.367,260.033,452.188,24.765,43.066,486,1,577,482,54.952,45.905,470.500,44.810
2472,2472,82.400,260.127,452.202,24.774,43.067,489,1,577,482,54.952,45.905,470.500,44.810
2473,2473,82.433,260.125,452.202,24.774,43.067,489,1,577,482,54.952,45.905,470.500,44.810
2474,2474,82.467,259.886,452.271,24.751,43.073,494,1,577,482,54.952,45.905,470.500,44.810
2475,2475,82.500,259.793,452.341,24.742,43.080,497,1,577,482,54.952,45.905,470.500,44.810
2476,2476,82.533,259.829,452.335,24.746,43.080,496,1,577,482,54.952,45.905,470.500,44.810
2477,2477,82.567,259.858,452.346,24.748,43.081,495,1,577,482,54.952,45.905,470.500,44.810
2478,2478,82.600,259.835,452.367,24.746,43.083,486,1,577,482,54.952,45.905,470.500,44.810
2479,2479,82.633,259.830,452.405,24.746,43.086,487,1,577,482,54.952,45.905,470.500,44.810
2480,2480,82.667,259.796,452.422,24.742,43.088,487,1,577,482,54.952,45.905,470.500,44.810
2481,2481,82.700,259.700,452.367,24.733,43.083,483,1,577,482,54.952,45.905,470.500,44.810
2482,2482,82.733,259.726,452.430,24.736,43.089,478,1,577,482,54.952,45.905,470.500,44.810
2483,2483,82.767,259.760,452.460,24.739,43.091,485,1,577,482,54.952,45.905,470.500,44.810
2484,2484,82.800,259.917,452.463,24.754,43.092,489,1,577,482,54.952,45.905,470.500,44.810
2485,2485,82.833,259.699,452.564,24.733,43.101,489,1,577,482,54.952,45.905,470.500,44.810
2486,2486,82.867,259.885,452.494,24.751,43.095,484,1,577,482,54.952,45.905,470.500,44.810
2487,2487,82.900,259.738,452.621,24.737,43.107,486,1,577,482,54.952,45.905,470.500,44.810
2488,2488,82.933,259.763,452.595,24.739,43.104,486,1,577,482,54.952,45.905,470.500,44.810
2489,2489,82.967,259.834,452.564,24.746,43.101,486,1,577,482,54.952,45.905,470.500,44.810
2490,2490,83.000,259.783,452.599,24.741,43.105,485,1,577,482,54.952,45.905,470.500,44.810
2491,2491,83.033,259.746,452.567,24.738,43.102,485,1,577,482,54.952,45.905,470.500,44.810
2492,2492,83.067,259.631,452.689,24.727,43.113,488,1,577,482,54.952,45.905,470.500,44.810
2493,2493,83.100,259.569,452.689,24.721,43.113,480,1,577,482,54.952,45.905,470.500,44.810
2494,2494,83.133,259.638,452.669,24.727,43.111,479,1,577,482,54.952,45.905,470.500,44.810
2495,2495,83.167,259.517,452.694,24.716,43.114,482,1,577,482,54.952,45.905,470.500,44.810
2496,2496,83.200,259.657,452.616,24.729,43.106,491,1,577,482,54.952,45.905,470.500,44.810
2497,2497,83.233,259.637,452.627,24.727,43.107,492,1,577,482,54.952,45.905,470.500,44.810
2498,2498,83.267,259.478,452.731,24.712,43.117,483,1,577,482,54.952,45.905,470.500,44.810
2499,2499,83.300,259.314,452.922,24.697,43.135,494,1,577,482,54.952,45.905,470.500,44.810
2500,2500,83.333,259.495,452.765,24.714,43.120,493,1,577,482,54.952,45.905,470.500,44.810
2501,2501,83.367,259.314,452.904,24.697,43.134,493,1,577,482,54.952,45.905,470.500,44.810
2502,2502,83.400,259.225,452.890,24.688,43.132,492,1,577,482,54.952,45.905,470.500,44.810
2503,2503,83.433,259.328,452.837,24.698,43.127,489,1,577,482,54.952,45.905,470.500,44.810
2504,2504,83.467,259.302,452.924,24.695,43.136,492,1,577,482,54.952,45.905,470.500,44.810
2505,2505,83.500,259.248,452.949,24.690,43.138,493,1,577,482,54.952,45.905,470.500,44.810
2506,2506,83.533,259.343,452.886,24.699,43.132,488,1,577,482,54.952,45.905,470.500,44.810
2507,2507,83.567,259.352,452.863,24.700,43.130,489,1,577,482,54.952,45.905,470.500,44.810
2508,2508,83.600,259.249,452.852,24.690,43.129,497,1,577,482,54.952,45.905,470.500,44.810
2509,2509,83.633,259.307,452.819,24.696,43.126,492,1,577,482,54.952,45.905,470.500,44.810
2510,2510,83.667,259.258,452.830,24.691,43.127,497,1,577,482,54.952,45.905,470.500,44.810
2511,2511,83.700,259.386,452.781,24.703,43.122,490,1,577,482,54.952,45.905,470.500,44.810
2512,2512,83.733,259.247,452.901,24.690,43.133,500,1,577,482,54.952,45.905,470.500,44.810
2513,2513,83.767,259.357,452.848,24.701,43.128,498,1,577,482,54.952,45.905,470.500,44.810
2514,2514,83.800,259.433,452.811,24.708,43.125,490,1,577,482,54.952,45.905,470.500,44.810
2515,2515,83.833,259.364,452.789,24.701,43.123,482,1,577,482,54.952,45.905,470.500,44.810
2516,2516,83.867,259.114,452.986,24.678,43.142,492,1,577,482,54.952,45.905,470.500,44.810
2517,2517,83.900,259.196,452.910,24.685,43.134,491,1,577,482,54.952,45.905,470.500,44.810
2518,2518,83.933,259.238,452.907,24.689,43.134,488,1,577,482,54.952,45.905,470.500,44.810
2519,2519,83.967,259.212,452.923,24.687,43.136,488,1,577,482,54.952,45.905,470.500,44.810
2520,2520,84.000,259.632,452.685,24.727,43.113,491,1,577,482,54.952,45.905,470.500,44.810
2521,2521,84.033,259.369,452.926,24.702,43.136,489,1,577,482,54.952,45.905,470.500,44.810
2522,2522,84.067,259.355,452.804,24.700,43.124,487,1,577,482,54.952,45.905,470.500,44.810
2523,2523,84.100,259.437,452.593,24.708,43.104,477,1,577,482,54.952,45.905,470.500,44.810
2524,2524,84.133,259.429,452.594,24.708,43.104,477,1,577,482,54.952,45.905,470.500,44.810
2525,2525,84.167,259.433,452.590,24.708,43.104,477,1,577,482,54.952,45.905,470.500,44.810
2526,2526,84.200,259.358,452.622,24.701,43.107,480,1,577,482,54.952,45.905,470.500,44.810
2527,2527,84.233,259.371,452.545,24.702,43.099,478,1,577,482,54.952,45.905,470.500,44.810
2528,2528,84.267,259.405,452.511,24.705,43.096,477,1,577,482,54.952,45.905,470.500,44.810
2529,2529,84.300,259.290,452.514,24.694,43.097,478,1,577,482,54.952,45.905,470.500,44.810
2530,2530,84.333,259.341,452.497,24.699,43.095,479,1,577,482,54.952,45.905,470.500,44.810
2531,2531,84.367,259.360,452.457,24.701,43.091,480,1,577,482,54.952,45.905,470.500,44.810
2532,2532,84.400,259.440,452.344,24.709,43.080,475,1,577,482,54.952,45.905,470.500,44.810
2533,2533,84.433,259.478,452.283,24.712,43.075,475,1,577,482,54.952,45.905,470.500,44.810
2534,2534,84.467,259.816,452.058,24.744,43.053,475,1,577,482,54.952,45.905,470.500,44.810
2535,2535,84.500,260.111,451.943,24.773,43.042,466,1,577,482,54.952,45.905,470.500,44.810
2536,2536,84.533,260.027,451.950,24.765,43.043,468,1,577,482,54.952,45.905,470.500,44.810
2537,2537,84.567,260.026,451.965,24.764,43.044,471,1,577,482,54.952,45.905,470.500,44.810
2538,2538,84.600,260.156,451.903,24.777,43.038,470,1,577,482,54.952,45.905,470.500,44.810
2539,2539,84.633,260.218,451.849,24.783,43.033,468,1,577,482,54.952,45.905,470.500,44.810
2540,2540,84.667,260.298,451.844,24.790,43.033,468,1,577,482,54.952,45.905,470.500,44.810
2541,2541,84.700,260.373,451.784,24.797,43.027,470,1,577,482,54.952,45.905,470.500,44.810
2542,2542,84.733,260.352,451.827,24.795,43.031,468,1,577,482,54.952,45.905,470.500,44.810
2543,2543,84.767,260.477,451.733,24.807,43.022,464,1,577,482,54.952,45.905,470.500,44.810
2544,2544,84.800,260.674,451.601,24.826,43.010,469,1,577,482,54.952,45.905,470.500,44.810
2545,2545,84.833,260.605,451.601,24.819,43.010,465,1,577,482,54.952,45.905,470.500,44.810
2546,2546,84.867,260.534,451.575,24.813,43.007,465,1,577,482,54.952,45.905,470.500,44.810
2547,2547,84.900,260.602,451.544,24.819,43.004,463,1,577,482,54.952,45.905,470.500,44.810
2548,2548,84.933,260.805,451.472,24.839,42.997,452,1,577,482,54.952,45.905,470.500,44.810
2549,2549,84.967,260.987,451.416,24.856,42.992,454,1,577,482,54.952,45.905,470.500,44.810
2550,2550,85.000,260.687,451.430,24.827,42.993,460,1,577,482,54.952,45.905,470.500,44.810
2551,2551,85.033,260.611,451.456,24.820,42.996,461,1,577,482,54.952,45.905,470.500,44.810
2552,2552,85.067,260.456,451.425,24.805,42.993,461,1,577,482,54.952,45.905,470.500,44.810
2553,2553,85.100,260.425,451.343,24.802,42.985,472,1,577,482,54.952,45.905,470.500,44.810
2554,2554,85.133,260.303,451.379,24.791,42.988,467,1,577,482,54.952,45.905,470.500,44.810
2555,2555,85.167,260.221,451.428,24.783,42.993,468,1,577,482,54.952,45.905,470.500,44.810
2556,2556,85.200,259.972,451.444,24.759,42.995,474,1,577,482,54.952,45.905,470.500,44.810
2557,2557,85.233,259.944,451.449,24.757,42.995,472,1,577,482,54.952,45.905,470.500,44.810
2558,2558,85.267,259.973,451.430,24.759,42.993,471,1,577,482,54.952,45.905,470.500,44.810
2559,2559,85.300,259.990,451.433,24.761,42.994,470,1,577,482,54.952,45.905,470.500,44.810
2560,2560,85.333,259.938,451.354,24.756,42.986,473,1,577,482,54.952,45.905,470.500,44.810
2561,2561,85.367,259.915,451.382,24.754,42.989,469,1,577,482,54.952,45.905,470.500,44.810
2562,2562,85.400,260.321,451.318,24.792,42.983,458,1,577,482,54.952,45.905,470.500,44.810
2563,2563,85.433,260.391,451.285,24.799,42.980,464,1,577,482,54.952,45.905,470.500,44.810
2564,2564,85.467,259.948,451.374,24.757,42.988,468,1,577,482,54.952,45.905,470.500,44.810
2565,2565,85.500,259.904,451.367,24.753,42.987,469,1,577,482,54.952,45.905,470.500,44.810
2566,2566,85.533,259.845,451.379,24.747,42.988,471,1,577,482,54.952,45.905,470.500,44.810
2567,2567,85.567,259.721,451.383,24.735,42.989,476,1,577,482,54.952,45.905,470.500,44.810
2568,2568,85.600,259.769,451.384,24.740,42.989,473,1,577,482,54.952,45.905,470.500,44.810
2569,2569,85.633,259.806,451.362,24.743,42.987,473,1,577,482,54.952,45.905,470.500,44.810
2570,2570,85.667,259.721,451.381,24.735,42.989,470,1,577,482,54.952,45.905,470.500,44.810
2571,2571,85.700,259.831,451.339,24.746,42.985,473,1,577,482,54.952,45.905,470.500,44.810
2572,2572,85.733,259.618,451.294,24.726,42.980,479,1,577,482,54.952,45.905,470.500,44.810
2573,2573,85.767,259.636,451.345,24.727,42.985,480,1,577,482,54.952,45.905,470.500,44.810
2574,2574,85.800,259.557,451.385,24.720,42.989,482,1,577,482,54.952,45.905,470.500,44.810
2575,2575,85.833,259.509,451.385,24.715,42.989,481,1,577,482,54.952,45.905,470.500,44.810
2576,2576,85.867,259.522,451.428,24.716,42.993,484,1,577,482,54.952,45.905,470.500,44.810
2577,2577,85.900,259.540,451.401,24.718,42.991,486,1,577,482,54.952,45.905,470.500,44.810
2578,2578,85.933,259.381,451.481,24.703,42.998,489,1,577,482,54.952,45.905,470.500,44.810
2579,2579,85.967,259.380,451.422,24.703,42.993,480,1,577,482,54.952,45.905,470.500,44.810
2580,2580,86.000,259.196,451.427,24.685,42.993,485,1,577,482,54.952,45.905,470.500,44.810
2581,2581,86.033,259.426,451.369,24.707,42.988,478,1,577,482,54.952,45.905,470.500,44.810
2582,2582,86.067,259.309,451.411,24.696,42.992,476,1,577,482,54.952,45.905,470.500,44.810
2583,2583,86.100,259.231,451.458,24.689,42.996,476,1,577,482,54.952,45.905,470.500,44.810
2584,2584,86.133,259.275,451.455,24.693,42.996,474,1,577,482,54.952,45.905,470.500,44.810
2585,2585,86.167,259.181,451.475,24.684,42.998,476,1,577,482,54.952,45.905,470.500,44.810
2586,2586,86.200,259.181,451.475,24.684,42.998,476,1,577,482,54.952,45.905,470.500,44.810
2587,2587,86.233,259.118,451.493,24.678,42.999,474,1,577,482,54.952,45.905,470.500,44.810
2588,2588,86.267,258.971,451.505,24.664,43.001,473,1,577,482,54.952,45.905,470.500,44.810
2589,2589,86.300,258.916,451.519,24.659,43.002,475,1,577,482,54.952,45.905,470.500,44.810
2590,2590,86.333,258.828,451.532,24.650,43.003,479,1,577,482,54.952,45.905,470.500,44.810
2591,2591,86.367,258.736,451.551,24.642,43.005,481,1,577,482,54.952,45.905,470.500,44.810
2592,2592,86.400,258.893,451.559,24.656,43.006,484,1,577,482,54.952,45.905,470.500,44.810
2593,2593,86.433,258.674,451.580,24.636,43.008,481,1,577,482,54.952,45.905,470.500,44.810
2594,2594,86.467,258.625,451.558,24.631,43.006,479,1,577,482,54.952,45.905,470.500,44.810
2595,2595,86.500,258.485,451.556,24.618,43.005,476,1,577,482,54.952,45.905,470.500,44.810
2596,2596,86.533,258.129,451.610,24.584,43.010,486,1,577,482,54.952,45.905,470.500,44.810
2597,2597,86.567,258.122,451.653,24.583,43.015,489,1,577,482,54.952,45.905,470.500,44.810
2598,2598,86.600,257.771,451.702,24.550,43.019,490,1,577,482,54.952,45.905,470.500,44.810
2599,2599,86.633,257.534,451.826,24.527,43.031,499,1,577,482,54.952,45.905,470.500,44.810
2600,2600,86.667,257.563,451.807,24.530,43.029,486,1,577,482,54.952,45.905,470.500,44.810
2601,2601,86.700,257.476,451.893,24.522,43.037,493,1,577,482,54.952,45.905,470.500,44.810
2602,2602,86.733,257.171,451.851,24.492,43.033,498,1,577,482,54.952,45.905,470.500,44.810
2603,2603,86.767,257.362,451.825,24.511,43.031,480,1,577,482,54.952,45.905,470.500,44.810
2604,2604,86.800,256.646,451.928,24.443,43.041,494,1,577,482,54.952,45.905,470.500,44.810
2605,2605,86.833,256.486,452.009,24.427,43.048,488,1,577,482,54.952,45.905,470.500,44.810
2606,2606,86.867,256.223,452.031,24.402,43.051,485,1,577,482,54.952,45.905,470.500,44.810
2607,2607,86.900,255.830,452.120,24.365,43.059,480,1,577,482,54.952,45.905,470.500,44.810
2608,2608,86.933,255.430,452.212,24.327,43.068,475,1,577,482,54.952,45.905,470.500,44.810
2609,2609,86.967,255.120,452.235,24.297,43.070,479,1,577,482,54.952,45.905,470.500,44.810
2610,2610,87.000,254.378,452.270,24.227,43.073,470,1,577,482,54.952,45.905,470.500,44.810
2611,2611,87.033,254.279,452.298,24.217,43.076,474,1,577,482,54.952,45.905,470.500,44.810
2612,2612,87.067,254.155,452.317,24.205,43.078,470,1,577,482,54.952,45.905,470.500,44.810
2613,2613,87.100,253.657,452.458,24.158,43.091,472,1,577,482,54.952,45.905,470.500,44.810
2614,2614,87.133,253.615,452.442,24.154,43.090,471,1,577,482,54.952,45.905,470.500,44.810
2615,2615,87.167,253.389,452.456,24.132,43.091,475,1,577,482,54.952,45.905,470.500,44.810
2616,2616,87.200,253.261,452.470,24.120,43.092,483,1,577,482,54.952,45.905,470.500,44.810
2617,2617,87.233,253.259,452.461,24.120,43.091,477,1,577,482,54.952,45.905,470.500,44.810
2618,2618,87.267,253.084,452.572,24.103,43.102,479,1,577,482,54.952,45.905,470.500,44.810
2619,2619,87.300,253.299,452.598,24.124,43.105,471,1,577,482,54.952,45.905,470.500,44.810
2620,2620,87.333,253.577,452.655,24.150,43.110,475,1,577,482,54.952,45.905,470.500,44.810
2621,2621,87.367,253.664,452.758,24.159,43.120,471,1,577,482,54.952,45.905,470.500,44.810
2622,2622,87.400,253.891,452.818,24.180,43.126,464,1,577,482,54.952,45.905,470.500,44.810
2623,2623,87.433,253.727,452.927,24.165,43.136,460,1,577,482,54.952,45.905,470.500,44.810
2624,2624,87.467,253.801,452.935,24.172,43.137,465,1,577,482,54.952,45.905,470.500,44.810
2625,2625,87.500,253.852,452.987,24.176,43.142,465,1,577,482,54.952,45.905,470.500,44.810
2626,2626,87.533,253.778,453.116,24.169,43.154,460,1,577,482,54.952,45.905,470.500,44.810
2627,2627,87.567,253.851,453.118,24.176,43.154,458,1,577,482,54.952,45.905,470.500,44.810
2628,2628,87.600,253.641,453.167,24.156,43.159,462,1,577,482,54.952,45.905,470.500,44.810
2629,2629,87.633,253.560,453.140,24.149,43.156,467,1,577,482,54.952,45.905,470.500,44.810
2630,2630,87.667,253.494,453.148,24.142,43.157,466,1,577,482,54.952,45.905,470.500,44.810
2631,2631,87.700,253.300,453.179,24.124,43.160,458,1,577,482,54.952,45.905,470.500,44.810
2632,2632,87.733,253.063,453.148,24.101,43.157,456,1,577,482,54.952,45.905,470.500,44.810
2633,2633,87.767,253.213,453.167,24.116,43.159,456,1,577,482,54.952,45.905,470.500,44.810
2634,2634,87.800,253.039,453.043,24.099,43.147,466,1,577,482,54.952,45.905,470.500,44.810
2635,2635,87.833,252.821,453.088,24.078,43.151,464,1,577,482,54.952,45.905,470.500,44.810
2636,2636,87.867,252.659,453.152,24.063,43.157,466,1,577,482,54.952,45.905,470.500,44.810
2637,2637,87.900,252.270,453.190,24.026,43.161,476,1,577,482,54.952,45.905,470.500,44.810
2638,2638,87.933,252.139,453.173,24.013,43.159,478,1,577,482,54.952,45.905,470.500,44.810
2639,2639,87.967,251.776,453.259,23.979,43.168,483,1,577,482,54.952,45.905,470.500,44.810
2640,2640,88.000,251.635,453.259,23.965,43.168,487,1,577,482,54.952,45.905,470.500,44.810
2641,2641,88.033,251.615,453.244,23.963,43.166,491,1,577,482,54.952,45.905,470.500,44.810
2642,2642,88.067,251.059,453.293,23.910,43.171,482,1,577,482,54.952,45.905,470.500,44.810
2643,2643,88.100,250.932,453.306,23.898,43.172,484,1,577,482,54.952,45.905,470.500,44.810
2644,2644,88.133,250.633,453.318,23.870,43.173,486,1,577,482,54.952,45.905,470.500,44.810
2645,2645,88.167,250.609,453.312,23.867,43.173,484,1,577,482,54.952,45.905,470.500,44.810
2646,2646,88.200,250.386,453.324,23.846,43.174,487,1,577,482,54.952,45.905,470.500,44.810
2647,2647,88.233,250.325,453.246,23.840,43.166,494,1,577,482,54.952,45.905,470.500,44.810
2648,2648,88.267,250.093,453.295,23.818,43.171,497,1,577,482,54.952,45.905,470.500,44.810
2649,2649,88.300,249.680,453.370,23.779,43.178,494,1,577,482,54.952,45.905,470.500,44.810
2650,2650,88.333,249.549,453.412,23.767,43.182,490,1,577,482,54.952,45.905,470.500,44.810
2651,2651,88.367,249.339,453.439,23.747,43.185,490,1,577,482,54.952,45.905,470.500,44.810
2652,2652,88.400,249.254,453.467,23.738,43.187,491,1,577,482,54.952,45.905,470.500,44.810
2653,2653,88.433,249.240,453.454,23.737,43.186,491,1,577,482,54.952,45.905,470.500,44.810
2654,2654,88.467,248.860,453.510,23.701,43.191,494,1,577,482,54.952,45.905,470.500,44.810
2655,2655,88.500,248.374,453.597,23.655,43.200,499,1,577,482,54.952,45.905,470.500,44.810
2656,2656,88.533,248.132,453.630,23.632,43.203,500,1,577,482,54.952,45.905,470.500,44.810
2657,2657,88.567,247.992,453.648,23.618,43.205,494,1,577,482,54.952,45.905,470.500,44.810
2658,2658,88.600,247.814,453.686,23.601,43.208,503,1,577,482,54.952,45.905,470.500,44.810
2659,2659,88.633,248.153,453.664,23.634,43.206,493,1,577,482,54.952,45.905,470.500,44.810
2660,2660,88.667,247.887,453.630,23.608,43.203,494,1,577,482,54.952,45.905,470.500,44.810
2661,2661,88.700,247.896,453.679,23.609,43.208,495,1,577,482,54.952,45.905,470.500,44.810
2662,2662,88.733,247.641,453.735,23.585,43.213,489,1,577,482,54.952,45.905,470.500,44.810
2663,2663,88.767,247.386,453.788,23.561,43.218,487,1,577,482,54.952,45.905,470.500,44.810
2664,2664,88.800,247.261,453.820,23.549,43.221,484,1,577,482,54.952,45.905,470.500,44.810
2665,2665,88.833,246.709,453.932,23.496,43.232,488,1,577,482,54.952,45.905,470.500,44.810
2666,2666,88.867,246.089,454.060,23.437,43.244,487,1,577,482,54.952,45.905,470.500,44.810
2667,2667,88.900,246.238,454.129,23.451,43.250,473,1,577,482,54.952,45.905,470.500,44.810
2668,2668,88.933,245.938,454.121,23.423,43.250,467,1,577,482,54.952,45.905,470.500,44.810
2669,2669,88.967,245.690,454.188,23.399,43.256,458,1,577,482,54.952,45.905,470.500,44.810
2670,2670,89.000,245.531,454.288,23.384,43.266,452,1,577,482,54.952,45.905,470.500,44.810
2671,2671,89.033,245.915,454.227,23.421,43.260,444,1,577,482,54.952,45.905,470.500,44.810
2672,2672,89.067,246.133,454.245,23.441,43.261,439,1,577,482,54.952,45.905,470.500,44.810
2673,2673,89.100,246.473,454.220,23.474,43.259,431,1,577,482,54.952,45.905,470.500,44.810
2674,2674,89.133,246.887,454.201,23.513,43.257,424,1,577,482,54.952,45.905,470.500,44.810
2675,2675,89.167,247.208,454.166,23.544,43.254,422,1,577,482,54.952,45.905,470.500,44.810
2676,2676,89.200,247.808,454.139,23.601,43.251,422,1,577,482,54.952,45.905,470.500,44.810
2677,2677,89.233,247.991,454.154,23.618,43.253,426,1,577,482,54.952,45.905,470.500,44.810
2678,2678,89.267,248.155,454.102,23.634,43.248,424,1,577,482,54.952,45.905,470.500,44.810
2679,2679,89.300,248.611,454.064,23.677,43.244,418,1,577,482,54.952,45.905,470.500,44.810
2680,2680,89.333,248.827,453.989,23.698,43.237,421,1,577,482,54.952,45.905,470.500,44.810
2681,2681,89.367,248.945,453.969,23.709,43.235,419,1,577,482,54.952,45.905,470.500,44.810
2682,2682,89.400,249.119,453.978,23.726,43.236,415,1,577,482,54.952,45.905,470.500,44.810
2683,2683,89.433,249.132,453.989,23.727,43.237,415,1,577,482,54.952,45.905,470.500,44.810
2684,2684,89.467,249.318,453.987,23.745,43.237,412,1,577,482,54.952,45.905,470.500,44.810
2685,2685,89.500,249.449,453.985,23.757,43.237,410,1,577,482,54.952,45.905,470.500,44.810
2686,2686,89.533,249.336,453.997,23.746,43.238,416,1,577,482,54.952,45.905,470.500,44.810
2687,2687,89.567,249.466,454.036,23.759,43.242,413,1,577,482,54.952,45.905,470.500,44.810
2688,2688,89.600,249.634,454.071,23.775,43.245,414,1,577,482,54.952,45.905,470.500,44.810
2689,2689,89.633,249.627,454.069,23.774,43.245,413,1,577,482,54.952,45.905,470.500,44.810
2690,2690,89.667,249.829,454.027,23.793,43.241,419,1,577,482,54.952,45.905,470.500,44.810
2691,2691,89.700,249.855,454.046,23.796,43.243,418,1,577,482,54.952,45.905,470.500,44.810
2692,2692,89.733,249.884,454.037,23.799,43.242,417,1,577,482,54.952,45.905,470.500,44.810
2693,2693,89.767,249.963,453.999,23.806,43.238,422,1,577,482,54.952,45.905,470.500,44.810
2694,2694,89.800,249.847,453.891,23.795,43.228,418,1,577,482,54.952,45.905,470.500,44.810
2695,2695,89.833,249.683,453.935,23.779,43.232,417,1,577,482,54.952,45.905,470.500,44.810
2696,2696,89.867,249.660,453.786,23.777,43.218,429,1,577,482,54.952,45.905,470.500,44.810
2697,2697,89.900,249.419,453.672,23.754,43.207,433,1,577,482,54.952,45.905,470.500,44.810
2698,2698,89.933,249.344,453.614,23.747,43.201,436,1,577,482,54.952,45.905,470.500,44.810
2699,2699,89.967,249.111,453.642,23.725,43.204,440,1,577,482,54.952,45.905,470.500,44.810
2700,2700,90.000,249.115,453.650,23.725,43.205,440,1,577,482,54.952,45.905,470.500,44.810
2701,2701,90.033,248.817,453.713,23.697,43.211,441,1,577,482,54.952,45.905,470.500,44.810
2702,2702,90.067,248.829,453.683,23.698,43.208,440,1,577,482,54.952,45.905,470.500,44.810
2703,2703,90.100,248.542,453.649,23.671,43.205,441,1,577,482,54.952,45.905,470.500,44.810
2704,2704,90.133,248.435,453.650,23.661,43.205,444,1,577,482,54.952,45.905,470.500,44.810
2705,2705,90.167,248.224,453.627,23.640,43.203,448,1,577,482,54.952,45.905,470.500,44.810
2706,2706,90.200,248.224,453.628,23.640,43.203,448,1,577,482,54.952,45.905,470.500,44.810
2707,2707,90.233,248.220,453.610,23.640,43.201,448,1,577,482,54.952,45.905,470.500,44.810
2708,2708,90.267,248.178,453.620,23.636,43.202,446,1,577,482,54.952,45.905,470.500,44.810
2709,2709,90.300,248.072,453.667,23.626,43.206,447,1,577,482,54.952,45.905,470.500,44.810
2710,2710,90.333,247.992,453.658,23.618,43.206,450,1,577,482,54.952,45.905,470.500,44.810
2711,2711,90.367,247.902,453.630,23.610,43.203,444,1,577,482,54.952,45.905,470.500,44.810
2712,2712,90.400,247.727,453.618,23.593,43.202,437,1,577,482,54.952,45.905,470.500,44.810
2713,2713,90.433,247.547,453.647,23.576,43.204,437,1,577,482,54.952,45.905,470.500,44.810
2714,2714,90.467,247.464,453.646,23.568,43.204,436,1,577,482,54.952,45.905,470.500,44.810
2715,2715,90.500,247.443,453.642,23.566,43.204,436,1,577,482,54.952,45.905,470.500,44.810
2716,2716,90.533,247.122,453.566,23.535,43.197,449,1,577,482,54.952,45.905,470.500,44.810
2717,2717,90.567,246.926,453.537,23.517,43.194,451,1,577,482,54.952,45.905,470.500,44.810
2718,2718,90.600,246.794,453.496,23.504,43.190,456,1,577,482,54.952,45.905,470.500,44.810
2719,2719,90.633,246.777,453.448,23.503,43.186,464,1,577,482,54.952,45.905,470.500,44.810
2720,2720,90.667,246.726,453.451,23.498,43.186,456,1,577,482,54.952,45.905,470.500,44.810
2721,2721,90.700,246.641,453.425,23.490,43.183,461,1,577,482,54.952,45.905,470.500,44.810
2722,2722,90.733,246.710,453.482,23.496,43.189,450,1,577,482,54.952,45.905,470.500,44.810
2723,2723,90.767,246.592,453.489,23.485,43.189,451,1,577,482,54.952,45.905,470.500,44.810
2724,2724,90.800,246.589,453.489,23.485,43.189,451,1,577,482,54.952,45.905,470.500,44.810
2725,2725,90.833,246.160,453.542,23.444,43.194,454,1,577,482,54.952,45.905,470.500,44.810
2726,2726,90.867,246.094,453.550,23.438,43.195,453,1,577,482,54.952,45.905,470.500,44.810
2727,2727,90.900,246.090,453.600,23.437,43.200,450,1,577,482,54.952,45.905,470.500,44.810
2728,2728,90.933,245.925,453.762,23.421,43.215,452,1,577,482,54.952,45.905,470.500,44.810
2729,2729,90.967,245.982,453.617,23.427,43.202,449,1,577,482,54.952,45.905,470.500,44.810
2730,2730,91.000,245.964,453.497,23.425,43.190,450,1,577,482,54.952,45.905,470.500,44.810
2731,2731,91.033,245.906,453.472,23.420,43.188,448,1,577,482,54.952,45.905,470.500,44.810
2732,2732,91.067,245.802,453.450,23.410,43.186,447,1,577,482,54.952,45.905,470.500,44.810
2733,2733,91.100,245.499,453.432,23.381,43.184,442,1,577,482,54.952,45.905,470.500,44.810
2734,2734,91.133,245.553,453.466,23.386,43.187,444,1,577,482,54.952,45.905,470.500,44.810
2735,2735,91.167,245.496,453.436,23.381,43.184,447,1,577,482,54.952,45.905,470.500,44.810
2736,2736,91.200,245.421,453.431,23.373,43.184,447,1,577,482,54.952,45.905,470.500,44.810
2737,2737,91.233,245.507,453.387,23.382,43.180,447,1,577,482,54.952,45.905,470.500,44.810
2738,2738,91.267,245.342,453.388,23.366,43.180,452,1,577,482,54.952,45.905,470.500,44.810
2739,2739,91.300,245.171,453.147,23.350,43.157,445,1,577,482,54.952,45.905,470.500,44.810
2740,2740,91.333,245.002,453.158,23.334,43.158,441,1,577,482,54.952,45.905,470.500,44.810
2741,2741,91.367,244.838,453.090,23.318,43.151,449,1,577,482,54.952,45.905,470.500,44.810
2742,2742,91.400,244.859,453.064,23.320,43.149,446,1,577,482,54.952,45.905,470.500,44.810
2743,2743,91.433,244.845,453.093,23.319,43.152,446,1,577,482,54.952,45.905,470.500,44.810
2744,2744,91.467,244.920,453.112,23.326,43.153,446,1,577,482,54.952,45.905,470.500,44.810
2745,2745,91.500,244.774,453.200,23.312,43.162,441,1,577,482,54.952,45.905,470.500,44.810
2746,2746,91.533,244.836,453.175,23.318,43.160,443,1,577,482,54.952,45.905,470.500,44.810
2747,2747,91.567,244.807,453.188,23.315,43.161,440,1,577,482,54.952,45.905,470.500,44.810
2748,2748,91.600,244.949,453.217,23.328,43.164,437,1,577,482,54.952,45.905,470.500,44.810
2749,2749,91.633,244.787,453.244,23.313,43.166,444,1,577,482,54.952,45.905,470.500,44.810
2750,2750,91.667,244.952,453.274,23.329,43.169,446,1,577,482,54.952,45.905,470.500,44.810
2751,2751,91.700,244.424,453.294,23.279,43.171,455,1,577,482,54.952,45.905,470.500,44.810
2752,2752,91.733,244.205,453.319,23.258,43.173,459,1,577,482,54.952,45.905,470.500,44.810
2753,2753,91.767,244.157,453.289,23.253,43.170,459,1,577,482,54.952,45.905,470.500,44.810
2754,2754,91.800,243.906,453.352,23.229,43.176,461,1,577,482,54.952,45.905,470.500,44.810
2755,2755,91.833,243.498,453.452,23.190,43.186,450,1,577,482,54.952,45.905,470.500,44.810
2756,2756,91.867,243.109,453.502,23.153,43.191,453,1,577,482,54.952,45.905,470.500,44.810
2757,2757,91.900,242.806,453.509,23.124,43.191,455,1,577,482,54.952,45.905,470.500,44.810
2758,2758,91.933,242.661,453.552,23.111,43.195,452,1,577,482,54.952,45.905,470.500,44.810
2759,2759,91.967,242.459,453.612,23.091,43.201,454,1,577,482,54.952,45.905,470.500,44.810
2760,2760,92.000,242.204,453.673,23.067,43.207,458,1,577,482,54.952,45.905,470.500,44.810
2761,2761,92.033,241.883,453.763,23.036,43.215,470,1,577,482,54.952,45.905,470.500,44.810
2762,2762,92.067,241.856,453.744,23.034,43.214,472,1,577,482,54.952,45.905,470.500,44.810
2763,2763,92.100,241.769,453.789,23.026,43.218,469,1,577,482,54.952,45.905,470.500,44.810
2764,2764,92.133,241.771,453.842,23.026,43.223,468,1,577,482,54.952,45.905,470.500,44.810
2765,2765,92.167,241.729,453.894,23.022,43.228,471,1,577,482,54.952,45.905,470.500,44.810
2766,2766,92.200,241.686,453.984,23.018,43.237,466,1,577,482,54.952,45.905,470.500,44.810
2767,2767,92.233,241.484,454.094,22.998,43.247,479,1,577,482,54.952,45.905,470.500,44.810
2768,2768,92.267,241.590,454.148,23.009,43.252,479,1,577,482,54.952,45.905,470.500,44.810
2769,2769,92.300,241.642,454.124,23.013,43.250,479,1,577,482,54.952,45.905,470.500,44.810
2770,2770,92.333,241.460,454.125,22.996,43.250,480,1,577,482,54.952,45.905,470.500,44.810
2771,2771,92.367,241.384,454.057,22.989,43.244,480,1,577,482,54.952,45.905,470.500,44.810
2772,2772,92.400,241.442,454.070,22.995,43.245,477,1,577,482,54.952,45.905,470.500,44.810
2773,2773,92.433,241.442,454.011,22.994,43.239,474,1,577,482,54.952,45.905,470.500,44.810
2774,2774,92.467,241.392,453.985,22.990,43.237,477,1,577,482,54.952,45.905,470.500,44.810
2775,2775,92.500,241.205,453.790,22.972,43.218,473,1,577,482,54.952,45.905,470.500,44.810
2776,2776,92.533,241.204,453.771,22.972,43.216,475,1,577,482,54.952,45.905,470.500,44.810
2777,2777,92.567,241.049,453.767,22.957,43.216,470,1,577,482,54.952,45.905,470.500,44.810
2778,2778,92.600,240.994,453.758,22.952,43.215,471,1,577,482,54.952,45.905,470.500,44.810
2779,2779,92.633,240.903,453.756,22.943,43.215,468,1,577,482,54.952,45.905,470.500,44.810
2780,2780,92.667,240.809,453.666,22.934,43.206,475,1,577,482,54.952,45.905,470.500,44.810
2781,2781,92.700,240.749,453.610,22.928,43.201,474,1,577,482,54.952,45.905,470.500,44.810
2782,2782,92.733,240.780,453.336,22.931,43.175,480,1,577,482,54.952,45.905,470.500,44.810
2783,2783,92.767,240.679,453.312,22.922,43.173,478,1,577,482,54.952,45.905,470.500,44.810
2784,2784,92.800,240.680,453.301,22.922,43.172,477,1,577,482,54.952,45.905,470.500,44.810
2785,2785,92.833,240.533,453.149,22.908,43.157,478,1,577,482,54.952,45.905,470.500,44.810
2786,2786,92.867,240.244,453.097,22.880,43.152,480,1,577,482,54.952,45.905,470.500,44.810
2787,2787,92.900,240.603,453.064,22.915,43.149,469,1,577,482,54.952,45.905,470.500,44.810
2788,2788,92.933,239.952,452.920,22.853,43.135,477,1,577,482,54.952,45.905,470.500,44.810
2789,2789,92.967,239.734,452.918,22.832,43.135,481,1,577,482,54.952,45.905,470.500,44.810
2790,2790,93.000,239.393,452.912,22.799,43.134,481,1,577,482,54.952,45.905,470.500,44.810
2791,2791,93.033,239.376,452.907,22.798,43.134,481,1,577,482,54.952,45.905,470.500,44.810
2792,2792,93.067,238.930,452.940,22.755,43.137,480,1,577,482,54.952,45.905,470.500,44.810
2793,2793,93.100,238.719,452.920,22.735,43.135,480,1,577,482,54.952,45.905,470.500,44.810
2794,2794,93.133,238.272,452.836,22.693,43.127,481,1,577,482,54.952,45.905,470.500,44.810
2795,2795,93.167,238.298,452.838,22.695,43.127,484,1,577,482,54.952,45.905,470.500,44.810
2796,2796,93.200,238.215,452.777,22.687,43.122,484,1,577,482,54.952,45.905,470.500,44.810
2797,2797,93.233,238.222,452.767,22.688,43.121,482,1,577,482,54.952,45.905,470.500,44.810
2798,2798,93.267,237.775,452.757,22.645,43.120,481,1,577,482,54.952,45.905,470.500,44.810
2799,2799,93.300,237.839,452.779,22.651,43.122,483,1,577,482,54.952,45.905,470.500,44.810
2800,2800,93.333,237.803,452.779,22.648,43.122,483,1,577,482,54.952,45.905,470.500,44.810
2801,2801,93.367,237.688,452.795,22.637,43.123,487,1,577,482,54.952,45.905,470.500,44.810
2802,2802,93.400,237.634,452.862,22.632,43.130,472,1,577,482,54.952,45.905,470.500,44.810
2803,2803,93.433,237.713,452.885,22.639,43.132,471,1,577,482,54.952,45.905,470.500,44.810
2804,2804,93.467,237.757,452.902,22.644,43.133,468,1,577,482,54.952,45.905,470.500,44.810
2805,2805,93.500,237.797,452.921,22.647,43.135,463,1,577,482,54.952,45.905,470.500,44.810
2806,2806,93.533,237.808,452.935,22.648,43.137,464,1,577,482,54.952,45.905,470.500,44.810
2807,2807,93.567,237.805,452.935,22.648,43.137,464,1,577,482,54.952,45.905,470.500,44.810
2808,2808,93.600,237.540,452.881,22.623,43.132,458,1,577,482,54.952,45.905,470.500,44.810
2809,2809,93.633,237.970,452.955,22.664,43.139,460,1,577,482,54.952,45.905,470.500,44.810
2810,2810,93.667,237.978,452.988,22.665,43.142,461,1,577,482,54.952,45.905,470.500,44.810
2811,2811,93.700,238.212,452.995,22.687,43.142,462,1,577,482,54.952,45.905,470.500,44.810
2812,2812,93.733,238.094,453.000,22.676,43.143,464,1,577,482,54.952,45.905,470.500,44.810
2813,2813,93.767,238.300,453.058,22.695,43.148,465,1,577,482,54.952,45.905,470.500,44.810
2814,2814,93.800,238.355,453.145,22.700,43.157,462,1,577,482,54.952,45.905,470.500,44.810
2815,2815,93.833,238.649,453.179,22.728,43.160,461,1,577,482,54.952,45.905,470.500,44.810
2816,2816,93.867,238.745,453.241,22.738,43.166,462,1,577,482,54.952,45.905,470.500,44.810
2817,2817,93.900,239.396,453.260,22.800,43.168,457,1,577,482,54.952,45.905,470.500,44.810
2818,2818,93.933,239.403,453.276,22.800,43.169,458,1,577,482,54.952,45.905,470.500,44.810
2819,2819,93.967,239.240,453.313,22.785,43.173,455,1,577,482,54.952,45.905,470.500,44.810
2820,2820,94.000,239.428,453.385,22.803,43.180,455,1,577,482,54.952,45.905,470.500,44.810
2821,2821,94.033,240.137,453.514,22.870,43.192,444,1,577,482,54.952,45.905,470.500,44.810
2822,2822,94.067,240.269,453.520,22.883,43.192,441,1,577,482,54.952,45.905,470.500,44.810
2823,2823,94.100,240.376,453.588,22.893,43.199,437,1,577,482,54.952,45.905,470.500,44.810
2824,2824,94.133,240.254,453.669,22.881,43.207,442,1,577,482,54.952,45.905,470.500,44.810
2825,2825,94.167,240.633,453.694,22.917,43.209,443,1,577,482,54.952,45.905,470.500,44.810
2826,2826,94.200,240.593,453.773,22.914,43.217,445,1,577,482,54.952,45.905,470.500,44.810
2827,2827,94.233,241.006,453.788,22.953,43.218,437,1,577,482,54.952,45.905,470.500,44.810
2828,2828,94.267,240.985,453.821,22.951,43.221,438,1,577,482,54.952,45.905,470.500,44.810
2829,2829,94.300,241.052,453.881,22.957,43.227,438,1,577,482,54.952,45.905,470.500,44.810
2830,2830,94.333,241.016,453.902,22.954,43.229,441,1,577,482,54.952,45.905,470.500,44.810
2831,2831,94.367,241.270,453.909,22.978,43.229,437,1,577,482,54.952,45.905,470.500,44.810
2832,2832,94.400,241.401,453.938,22.991,43.232,437,1,577,482,54.952,45.905,470.500,44.810
2833,2833,94.433,241.584,453.978,23.008,43.236,438,1,577,482,54.952,45.905,470.500,44.810
2834,2834,94.467,241.493,454.047,22.999,43.243,442,1,577,482,54.952,45.905,470.500,44.810
2835,2835,94.500,240.957,454.128,22.948,43.250,450,1,577,482,54.952,45.905,470.500,44.810
2836,2836,94.533,240.999,454.157,22.952,43.253,443,1,577,482,54.952,45.905,470.500,44.810
2837,2837,94.567,240.955,454.206,22.948,43.258,449,1,577,482,54.952,45.905,470.500,44.810
2838,2838,94.600,241.017,454.309,22.954,43.268,442,1,577,482,54.952,45.905,470.500,44.810
2839,2839,94.633,241.072,454.395,22.959,43.276,440,1,577,482,54.952,45.905,470.500,44.810
2840,2840,94.667,241.050,454.446,22.957,43.281,444,1,577,482,54.952,45.905,470.500,44.810
2841,2841,94.700,241.205,454.524,22.972,43.288,449,1,577,482,54.952,45.905,470.500,44.810
2842,2842,94.733,241.389,454.518,22.989,43.287,443,1,577,482,54.952,45.905,470.500,44.810
2843,2843,94.767,241.349,454.569,22.986,43.292,446,1,577,482,54.952,45.905,470.500,44.810
2844,2844,94.800,241.395,454.548,22.990,43.290,444,1,577,482,54.952,45.905,470.500,44.810
2845,2845,94.833,241.353,454.590,22.986,43.294,448,1,577,482,54.952,45.905,470.500,44.810
2846,2846,94.867,241.393,454.619,22.990,43.297,448,1,577,482,54.952,45.905,470.500,44.810
2847,2847,94.900,241.305,454.699,22.981,43.305,453,1,577,482,54.952,45.905,470.500,44.810
2848,2848,94.933,241.281,454.705,22.979,43.305,451,1,577,482,54.952,45.905,470.500,44.810
2849,2849,94.967,241.456,454.721,22.996,43.307,449,1,577,482,54.952,45.905,470.500,44.810
2850,2850,95.000,241.420,454.952,22.992,43.329,450,1,577,482,54.952,45.905,470.500,44.810
2851,2851,95.033,241.397,454.971,22.990,43.331,451,1,577,482,54.952,45.905,470.500,44.810
2852,2852,95.067,241.222,455.038,22.974,43.337,454,1,577,482,54.952,45.905,470.500,44.810
2853,2853,95.100,241.165,455.064,22.968,43.339,455,1,577,482,54.952,45.905,470.500,44.810
2854,2854,95.133,241.166,455.137,22.968,43.346,456,1,577,482,54.952,45.905,470.500,44.810
2855,2855,95.167,241.236,455.158,22.975,43.348,453,1,577,482,54.952,45.905,470.500,44.810
2856,2856,95.200,241.266,455.224,22.978,43.355,454,1,577,482,54.952,45.905,470.500,44.810
2857,2857,95.233,241.116,455.386,22.963,43.370,461,1,577,482,54.952,45.905,470.500,44.810
2858,2858,95.267,241.127,455.386,22.964,43.370,461,1,577,482,54.952,45.905,470.500,44.810
2859,2859,95.300,241.141,455.468,22.966,43.378,467,1,577,482,54.952,45.905,470.500,44.810
2860,2860,95.333,241.260,455.470,22.977,43.378,466,1,577,482,54.952,45.905,470.500,44.810
2861,2861,95.367,241.249,455.413,22.976,43.373,462,1,577,482,54.952,45.905,470.500,44.810
2862,2862,95.400,241.220,455.482,22.973,43.379,465,1,577,482,54.952,45.905,470.500,44.810
2863,2863,95.433,241.255,455.466,22.977,43.378,459,1,577,482,54.952,45.905,470.500,44.810
2864,2864,95.467,241.264,455.538,22.977,43.385,460,1,577,482,54.952,45.905,470.500,44.810
2865,2865,95.500,241.550,455.485,23.005,43.379,462,1,577,482,54.952,45.905,470.500,44.810
2866,2866,95.533,241.533,455.453,23.003,43.376,460,1,577,482,54.952,45.905,470.500,44.810
2867,2867,95.567,241.559,455.566,23.006,43.387,468,1,577,482,54.952,45.905,470.500,44.810
2868,2868,95.600,241.745,455.423,23.023,43.374,458,1,577,482,54.952,45.905,470.500,44.810
2869,2869,95.633,241.694,455.519,23.018,43.383,464,1,577,482,54.952,45.905,470.500,44.810
2870,2870,95.667,241.811,455.468,23.030,43.378,455,1,577,482,54.952,45.905,470.500,44.810
2871,2871,95.700,241.774,455.521,23.026,43.383,452,1,577,482,54.952,45.905,470.500,44.810
2872,2872,95.733,241.680,455.598,23.017,43.390,456,1,577,482,54.952,45.905,470.500,44.810
2873,2873,95.767,241.571,455.693,23.007,43.399,449,1,577,482,54.952,45.905,470.500,44.810
2874,2874,95.800,241.842,455.685,23.033,43.399,456,1,577,482,54.952,45.905,470.500,44.810
2875,2875,95.833,241.796,455.723,23.028,43.402,457,1,577,482,54.952,45.905,470.500,44.810
2876,2876,95.867,241.894,455.869,23.038,43.416,454,1,577,482,54.952,45.905,470.500,44.810
2877,2877,95.900,241.738,455.969,23.023,43.426,457,1,577,482,54.952,45.905,470.500,44.810
2878,2878,95.933,241.712,456.003,23.020,43.429,458,1,577,482,54.952,45.905,470.500,44.810
2879,2879,95.967,241.611,456.092,23.011,43.437,462,1,577,482,54.952,45.905,470.500,44.810
2880,2880,96.000,241.488,456.118,22.999,43.440,448,1,577,482,54.952,45.905,470.500,44.810
2881,2881,96.033,241.604,456.322,23.010,43.459,459,1,577,482,54.952,45.905,470.500,44.810
2882,2882,96.067,241.454,456.343,22.996,43.461,454,1,577,482,54.952,45.905,470.500,44.810
2883,2883,96.100,241.358,456.432,22.986,43.470,460,1,577,482,54.952,45.905,470.500,44.810
2884,2884,96.133,241.206,456.552,22.972,43.481,466,1,577,482,54.952,45.905,470.500,44.810
2885,2885,96.167,241.179,456.705,22.969,43.496,468,1,577,482,54.952,45.905,470.500,44.810
2886,2886,96.200,240.971,456.806,22.950,43.505,467,1,577,482,54.952,45.905,470.500,44.810
2887,2887,96.233,240.949,456.832,22.947,43.508,467,1,577,482,54.952,45.905,470.500,44.810
2888,2888,96.267,240.995,456.929,22.952,43.517,469,1,577,482,54.952,45.905,470.500,44.810
2889,2889,96.300,240.878,457.039,22.941,43.528,472,1,577,482,54.952,45.905,470.500,44.810
2890,2890,96.333,240.633,457.232,22.917,43.546,479,1,577,482,54.952,45.905,470.500,44.810
2891,2891,96.367,240.405,457.262,22.896,43.549,486,1,577,482,54.952,45.905,470.500,44.810
2892,2892,96.400,240.022,457.573,22.859,43.578,486,1,577,482,54.952,45.905,470.500,44.810
2893,2893,96.433,239.809,457.694,22.839,43.590,490,1,577,482,54.952,45.905,470.500,44.810
2894,2894,96.467,239.613,457.984,22.820,43.618,486,1,577,482,54.952,45.905,470.500,44.810
2895,2895,96.500,239.563,457.994,22.816,43.619,478,1,577,482,54.952,45.905,470.500,44.810
2896,2896,96.533,239.445,457.896,22.804,43.609,475,1,577,482,54.952,45.905,470.500,44.810
2897,2897,96.567,239.219,458.048,22.783,43.624,481,1,577,482,54.952,45.905,470.500,44.810
2898,2898,96.600,239.125,458.102,22.774,43.629,477,1,577,482,54.952,45.905,470.500,44.810
2899,2899,96.633,239.067,458.057,22.768,43.624,477,1,577,482,54.952,45.905,470.500,44.810
2900,2900,96.667,238.670,458.305,22.730,43.648,480,1,577,482,54.952,45.905,470.500,44.810
2901,2901,96.700,238.544,458.277,22.719,43.645,481,1,577,482,54.952,45.905,470.500,44.810
2902,2902,96.733,238.261,458.494,22.692,43.666,481,1,577,482,54.952,45.905,470.500,44.810
2903,2903,96.767,238.327,458.483,22.698,43.665,479,1,577,482,54.952,45.905,470.500,44.810
2904,2904,96.800,238.174,458.546,22.683,43.671,471,1,577,482,54.952,45.905,470.500,44.810
2905,2905,96.833,238.087,458.635,22.675,43.680,468,1,577,482,54.952,45.905,470.500,44.810
2906,2906,96.867,237.819,458.874,22.649,43.702,481,1,577,482,54.952,45.905,470.500,44.810
2907,2907,96.900,237.569,458.893,22.626,43.704,477,1,577,482,54.952,45.905,470.500,44.810
2908,2908,96.933,237.544,458.768,22.623,43.692,469,1,577,482,54.952,45.905,470.500,44.810
2909,2909,96.967,237.378,458.747,22.607,43.690,479,1,577,482,54.952,45.905,470.500,44.810
2910,2910,97.000,237.173,458.841,22.588,43.699,476,1,577,482,54.952,45.905,470.500,44.810
2911,2911,97.033,237.166,458.846,22.587,43.700,479,1,577,482,54.952,45.905,470.500,44.810
2912,2912,97.067,237.130,458.743,22.584,43.690,473,1,577,482,54.952,45.905,470.500,44.810
2913,2913,97.100,236.982,458.800,22.570,43.695,487,1,577,482,54.952,45.905,470.500,44.810
2914,2914,97.133,237.055,458.643,22.577,43.680,487,1,577,482,54.952,45.905,470.500,44.810
2915,2915,97.167,236.937,458.663,22.565,43.682,488,1,577,482,54.952,45.905,470.500,44.810
2916,2916,97.200,236.972,458.543,22.569,43.671,481,1,577,482,54.952,45.905,470.500,44.810
2917,2917,97.233,236.992,458.462,22.571,43.663,475,1,577,482,54.952,45.905,470.500,44.810
2918,2918,97.267,236.914,458.520,22.563,43.669,478,1,577,482,54.952,45.905,470.500,44.810
2919,2919,97.300,236.868,458.587,22.559,43.675,479,1,577,482,54.952,45.905,470.500,44.810
2920,2920,97.333,236.755,458.695,22.548,43.685,475,1,577,482,54.952,45.905,470.500,44.810
2921,2921,97.367,236.908,458.722,22.563,43.688,486,1,577,482,54.952,45.905,470.500,44.810
2922,2922,97.400,236.812,458.705,22.554,43.686,486,1,577,482,54.952,45.905,470.500,44.810
2923,2923,97.433,236.740,458.776,22.547,43.693,477,1,577,482,54.952,45.905,470.500,44.810
2924,2924,97.467,236.948,458.761,22.567,43.691,482,1,577,482,54.952,45.905,470.500,44.810
2925,2925,97.500,237.130,458.694,22.584,43.685,471,1,577,482,54.952,45.905,470.500,44.810
2926,2926,97.533,237.086,458.741,22.580,43.690,472,1,577,482,54.952,45.905,470.500,44.810
2927,2927,97.567,237.219,458.700,22.592,43.686,469,1,577,482,54.952,45.905,470.500,44.810
2928,2928,97.600,237.102,458.870,22.581,43.702,467,1,577,482,54.952,45.905,470.500,44.810
2929,2929,97.633,237.160,458.980,22.587,43.712,473,1,577,482,54.952,45.905,470.500,44.810
2930,2930,97.667,237.086,459.064,22.580,43.720,471,1,577,482,54.952,45.905,470.500,44.810
2931,2931,97.700,237.119,459.077,22.583,43.722,474,1,577,482,54.952,45.905,470.500,44.810
2932,2932,97.733,237.005,459.240,22.572,43.737,475,1,577,482,54.952,45.905,470.500,44.810
2933,2933,97.767,236.841,459.301,22.556,43.743,483,1,577,482,54.952,45.905,470.500,44.810
2934,2934,97.800,236.797,459.361,22.552,43.749,481,1,577,482,54.952,45.905,470.500,44.810
2935,2935,97.833,236.507,459.536,22.524,43.765,483,1,577,482,54.952,45.905,470.500,44.810
2936,2936,97.867,236.526,459.478,22.526,43.760,477,1,577,482,54.952,45.905,470.500,44.810
2937,2937,97.900,236.533,459.466,22.527,43.759,476,1,577,482,54.952,45.905,470.500,44.810
2938,2938,97.933,236.610,459.414,22.534,43.754,472,1,577,482,54.952,45.905,470.500,44.810
2939,2939,97.967,236.521,459.374,22.526,43.750,473,1,577,482,54.952,45.905,470.500,44.810
2940,2940,98.000,236.397,459.475,22.514,43.760,478,1,577,482,54.952,45.905,470.500,44.810
2941,2941,98.033,236.382,459.630,22.513,43.774,479,1,577,482,54.952,45.905,470.500,44.810
2942,2942,98.067,236.319,459.564,22.507,43.768,479,1,577,482,54.952,45.905,470.500,44.810
2943,2943,98.100,236.398,459.591,22.514,43.771,483,1,577,482,54.952,45.905,470.500,44.810
2944,2944,98.133,236.232,459.627,22.498,43.774,485,1,577,482,54.952,45.905,470.500,44.810
2945,2945,98.167,236.063,459.757,22.482,43.786,489,1,577,482,54.952,45.905,470.500,44.810
2946,2946,98.200,235.992,459.788,22.475,43.789,492,1,577,482,54.952,45.905,470.500,44.810
2947,2947,98.233,235.888,459.879,22.466,43.798,492,1,577,482,54.952,45.905,470.500,44.810
2948,2948,98.267,235.859,459.892,22.463,43.799,491,1,577,482,54.952,45.905,470.500,44.810
2949,2949,98.300,235.658,459.988,22.444,43.808,492,1,577,482,54.952,45.905,470.500,44.810
2950,2950,98.333,235.574,460.037,22.436,43.813,495,1,577,482,54.952,45.905,470.500,44.810
2951,2951,98.367,235.574,460.037,22.436,43.813,495,1,577,482,54.952,45.905,470.500,44.810
2952,2952,98.400,235.430,460.122,22.422,43.821,492,1,577,482,54.952,45.905,470.500,44.810
2953,2953,98.433,235.215,460.267,22.401,43.835,503,1,577,482,54.952,45.905,470.500,44.810
2954,2954,98.467,235.172,460.257,22.397,43.834,505,1,577,482,54.952,45.905,470.500,44.810
2955,2955,98.500,235.062,460.320,22.387,43.840,511,1,577,482,54.952,45.905,470.500,44.810
2956,2956,98.533,234.777,460.533,22.360,43.860,516,1,577,482,54.952,45.905,470.500,44.810
2957,2957,98.567,234.781,460.513,22.360,43.858,509,1,577,482,54.952,45.905,470.500,44.810
2958,2958,98.600,234.834,460.480,22.365,43.855,508,1,577,482,54.952,45.905,470.500,44.810
2959,2959,98.633,234.675,460.563,22.350,43.863,505,1,577,482,54.952,45.905,470.500,44.810
2960,2960,98.667,234.660,460.548,22.349,43.862,503,1,577,482,54.952,45.905,470.500,44.810
2961,2961,98.700,234.544,460.659,22.338,43.872,507,1,577,482,54.952,45.905,470.500,44.810
2962,2962,98.733,234.533,460.659,22.336,43.872,508,1,577,482,54.952,45.905,470.500,44.810
2963,2963,98.767,234.533,460.657,22.336,43.872,508,1,577,482,54.952,45.905,470.500,44.810
2964,2964,98.800,234.441,460.747,22.328,43.881,513,1,577,482,54.952,45.905,470.500,44.810
2965,2965,98.833,234.350,460.766,22.319,43.883,507,1,577,482,54.952,45.905,470.500,44.810
2966,2966,98.867,234.321,460.781,22.316,43.884,508,1,577,482,54.952,45.905,470.500,44.810
2967,2967,98.900,234.172,460.868,22.302,43.892,509,1,577,482,54.952,45.905,470.500,44.810
2968,2968,98.933,234.030,460.988,22.289,43.904,512,1,577,482,54.952,45.905,470.500,44.810
2969,2969,98.967,233.861,461.013,22.272,43.906,513,1,577,482,54.952,45.905,470.500,44.810
2970,2970,99.000,233.709,461.104,22.258,43.915,520,1,577,482,54.952,45.905,470.500,44.810
2971,2971,99.033,233.442,461.232,22.233,43.927,527,1,577,482,54.952,45.905,470.500,44.810
2972,2972,99.067,233.254,461.330,22.215,43.936,526,1,577,482,54.952,45.905,470.500,44.810
2973,2973,99.100,233.061,461.485,22.196,43.951,521,1,577,482,54.952,45.905,470.500,44.810
2974,2974,99.133,233.028,461.513,22.193,43.954,521,1,577,482,54.952,45.905,470.500,44.810
2975,2975,99.167,233.005,461.543,22.191,43.956,518,1,577,482,54.952,45.905,470.500,44.810
2976,2976,99.200,232.934,461.568,22.184,43.959,499,1,577,482,54.952,45.905,470.500,44.810
2977,2977,99.233,232.866,461.634,22.178,43.965,491,1,577,482,54.952,45.905,470.500,44.810
2978,2978,99.267,232.853,461.640,22.176,43.966,494,1,577,482,54.952,45.905,470.500,44.810
2979,2979,99.300,232.632,461.764,22.155,43.977,501,1,577,482,54.952,45.905,470.500,44.810
2980,2980,99.333,232.618,461.938,22.154,43.994,491,1,577,482,54.952,45.905,470.500,44.810
2981,2981,99.367,232.566,461.920,22.149,43.992,489,1,577,482,54.952,45.905,470.500,44.810
2982,2982,99.400,232.687,461.733,22.161,43.975,497,1,577,482,54.952,45.905,470.500,44.810
2983,2983,99.433,232.662,461.715,22.158,43.973,500,1,577,482,54.952,45.905,470.500,44.810
2984,2984,99.467,232.895,461.553,22.180,43.957,496,1,577,482,54.952,45.905,470.500,44.810
2985,2985,99.500,232.986,461.408,22.189,43.944,506,1,577,482,54.952,45.905,470.500,44.810
2986,2986,99.533,233.008,461.263,22.191,43.930,507,1,577,482,54.952,45.905,470.500,44.810
2987,2987,99.567,233.311,461.112,22.220,43.915,496,1,577,482,54.952,45.905,470.500,44.810
2988,2988,99.600,233.348,461.036,22.224,43.908,494,1,577,482,54.952,45.905,470.500,44.810
2989,2989,99.633,233.686,460.821,22.256,43.888,488,1,577,482,54.952,45.905,470.500,44.810
2990,2990,99.667,233.840,460.741,22.270,43.880,489,1,577,482,54.952,45.905,470.500,44.810
2991,2991,99.700,234.510,460.279,22.334,43.836,487,1,577,482,54.952,45.905,470.500,44.810
2992,2992,99.733,234.715,460.110,22.354,43.820,491,1,577,482,54.952,45.905,470.500,44.810
2993,2993,99.767,235.647,459.637,22.443,43.775,487,1,577,482,54.952,45.905,470.500,44.810
2994,2994,99.800,236.032,459.407,22.479,43.753,482,1,577,482,54.952,45.905,470.500,44.810
2995,2995,99.833,236.457,459.135,22.520,43.727,480,1,577,482,54.952,45.905,470.500,44.810
2996,2996,99.867,237.193,458.514,22.590,43.668,475,1,577,482,54.952,45.905,470.500,44.810
2997,2997,99.900,237.422,458.297,22.612,43.647,466,1,577,482,54.952,45.905,470.500,44.810
2998,2998,99.933,237.755,458.026,22.643,43.622,465,1,577,482,54.952,45.905,470.500,44.810
2999,2999,99.967,237.921,457.816,22.659,43.602,463,1,577,482,54.952,45.905,470.500,44.810
3000,3000,100.000,238.133,457.631,22.679,43.584,462,1,577,482,54.952,45.905,470.500,44.810
3001,3001,100.033,238.348,457.474,22.700,43.569,462,1,577,482,54.952,45.905,470.500,44.810
3002,3002,100.067,238.404,457.396,22.705,43.561,457,1,577,482,54.952,45.905,470.500,44.810
3003,3003,100.100,238.583,457.251,22.722,43.548,457,1,577,482,54.952,45.905,470.500,44.810
3004,3004,100.133,238.614,457.130,22.725,43.536,463,1,577,482,54.952,45.905,470.500,44.810
3005,3005,100.167,238.511,457.147,22.715,43.538,461,1,577,482,54.952,45.905,470.500,44.810
3006,3006,100.200,238.457,457.210,22.710,43.544,455,1,577,482,54.952,45.905,470.500,44.810
3007,3007,100.233,238.295,457.143,22.695,43.537,459,1,577,482,54.952,45.905,470.500,44.810
3008,3008,100.267,238.311,457.080,22.696,43.531,465,1,577,482,54.952,45.905,470.500,44.810
3009,3009,100.300,238.355,456.999,22.701,43.524,468,1,577,482,54.952,45.905,470.500,44.810
3010,3010,100.333,238.236,457.035,22.689,43.527,469,1,577,482,54.952,45.905,470.500,44.810
3011,3011,100.367,238.084,457.066,22.675,43.530,472,1,577,482,54.952,45.905,470.500,44.810
3012,3012,100.400,237.968,457.056,22.664,43.529,472,1,577,482,54.952,45.905,470.500,44.810
3013,3013,100.433,237.606,457.256,22.629,43.548,472,1,577,482,54.952,45.905,470.500,44.810
3014,3014,100.467,237.663,457.215,22.635,43.544,475,1,577,482,54.952,45.905,470.500,44.810
3015,3015,100.500,237.779,457.171,22.646,43.540,471,1,577,482,54.952,45.905,470.500,44.810
3016,3016,100.533,237.657,457.273,22.634,43.550,477,1,577,482,54.952,45.905,470.500,44.810
3017,3017,100.567,237.747,457.252,22.643,43.548,475,1,577,482,54.952,45.905,470.500,44.810
3018,3018,100.600,237.701,457.186,22.638,43.542,479,1,577,482,54.952,45.905,470.500,44.810
3019,3019,100.633,237.736,457.157,22.642,43.539,477,1,577,482,54.952,45.905,470.500,44.810
3020,3020,100.667,237.677,457.185,22.636,43.541,479,1,577,482,54.952,45.905,470.500,44.810
3021,3021,100.700,237.816,457.129,22.649,43.536,481,1,577,482,54.952,45.905,470.500,44.810
3022,3022,100.733,237.731,457.213,22.641,43.544,485,1,577,482,54.952,45.905,470.500,44.810
3023,3023,100.767,237.679,457.271,22.636,43.550,488,1,577,482,54.952,45.905,470.500,44.810
3024,3024,100.800,238.168,456.940,22.683,43.518,474,1,577,482,54.952,45.905,470.500,44.810
3025,3025,100.833,238.057,456.855,22.672,43.510,475,1,577,482,54.952,45.905,470.500,44.810
3026,3026,100.867,238.298,456.784,22.695,43.503,479,1,577,482,54.952,45.905,470.500,44.810
3027,3027,100.900,238.437,456.724,22.708,43.498,483,1,577,482,54.952,45.905,470.500,44.810
3028,3028,100.933,238.656,456.565,22.729,43.482,478,1,577,482,54.952,45.905,470.500,44.810
3029,3029,100.967,239.040,456.421,22.766,43.469,478,1,577,482,54.952,45.905,470.500,44.810
3030,3030,101.000,239.391,456.190,22.799,43.447,476,1,577,482,54.952,45.905,470.500,44.810
3031,3031,101.033,239.672,456.057,22.826,43.434,486,1,577,482,54.952,45.905,470.500,44.810
3032,3032,101.067,239.846,456.060,22.843,43.434,475,1,577,482,54.952,45.905,470.500,44.810
3033,3033,101.100,240.051,456.070,22.862,43.435,474,1,577,482,54.952,45.905,470.500,44.810
3034,3034,101.133,240.259,456.009,22.882,43.429,476,1,577,482,54.952,45.905,470.500,44.810
3035,3035,101.167,240.519,456.021,22.907,43.431,468,1,577,482,54.952,45.905,470.500,44.810
3036,3036,101.200,240.985,455.956,22.951,43.424,468,1,577,482,54.952,45.905,470.500,44.810
3037,3037,101.233,241.326,455.908,22.983,43.420,479,1,577,482,54.952,45.905,470.500,44.810
3038,3038,101.267,241.501,455.854,23.000,43.415,478,1,577,482,54.952,45.905,470.500,44.810
3039,3039,101.300,241.805,455.680,23.029,43.398,479,1,577,482,54.952,45.905,470.500,44.810
3040,3040,101.333,242.056,455.497,23.053,43.381,476,1,577,482,54.952,45.905,470.500,44.810
3041,3041,101.367,242.141,455.466,23.061,43.378,477,1,577,482,54.952,45.905,470.500,44.810
3042,3042,101.400,242.788,455.154,23.123,43.348,474,1,577,482,54.952,45.905,470.500,44.810
3043,3043,101.433,243.098,455.058,23.152,43.339,466,1,577,482,54.952,45.905,470.500,44.810
3044,3044,101.467,243.609,454.867,23.201,43.321,470,1,577,482,54.952,45.905,470.500,44.810
3045,3045,101.500,243.872,454.770,23.226,43.311,470,1,577,482,54.952,45.905,470.500,44.810
3046,3046,101.533,244.128,454.673,23.250,43.302,468,1,577,482,54.952,45.905,470.500,44.810
3047,3047,101.567,244.316,454.605,23.268,43.296,465,1,577,482,54.952,45.905,470.500,44.810
3048,3048,101.600,244.724,454.358,23.307,43.272,465,1,577,482,54.952,45.905,470.500,44.810
3049,3049,101.633,245.063,454.259,23.339,43.263,457,1,577,482,54.952,45.905,470.500,44.810
3050,3050,101.667,245.194,454.224,23.352,43.259,453,1,577,482,54.952,45.905,470.500,44.810
3051,3051,101.700,245.554,454.093,23.386,43.247,446,1,577,482,54.952,45.905,470.500,44.810
3052,3052,101.733,245.795,454.095,23.409,43.247,449,1,577,482,54.952,45.905,470.500,44.810
3053,3053,101.767,246.240,453.984,23.451,43.237,447,1,577,482,54.952,45.905,470.500,44.810
3054,3054,101.800,246.038,454.112,23.432,43.249,452,1,577,482,54.952,45.905,470.500,44.810
3055,3055,101.833,246.202,454.046,23.448,43.242,448,1,577,482,54.952,45.905,470.500,44.810
3056,3056,101.867,246.281,454.053,23.455,43.243,452,1,577,482,54.952,45.905,470.500,44.810
3057,3057,101.900,246.307,454.056,23.458,43.243,454,1,577,482,54.952,45.905,470.500,44.810
3058,3058,101.933,246.463,454.058,23.473,43.244,446,1,577,482,54.952,45.905,470.500,44.810
3059,3059,101.967,246.503,454.104,23.476,43.248,449,1,577,482,54.952,45.905,470.500,44.810
3060,3060,102.000,246.444,454.160,23.471,43.253,452,1,577,482,54.952,45.905,470.500,44.810
3061,3061,102.033,246.426,454.358,23.469,43.272,459,1,577,482,54.952,45.905,470.500,44.810
3062,3062,102.067,246.463,454.286,23.473,43.265,456,1,577,482,54.952,45.905,470.500,44.810
3063,3063,102.100,246.476,454.338,23.474,43.270,459,1,577,482,54.952,45.905,470.500,44.810
3064,3064,102.133,246.371,454.430,23.464,43.279,461,1,577,482,54.952,45.905,470.500,44.810
3065,3065,102.167,246.524,454.377,23.478,43.274,460,1,577,482,54.952,45.905,470.500,44.810
3066,3066,102.200,246.617,454.328,23.487,43.269,463,1,577,482,54.952,45.905,470.500,44.810
3067,3067,102.233,246.615,454.363,23.487,43.273,465,1,577,482,54.952,45.905,470.500,44.810
3068,3068,102.267,246.614,454.403,23.487,43.277,467,1,577,482,54.952,45.905,470.500,44.810
3069,3069,102.300,246.678,454.307,23.493,43.267,458,1,577,482,54.952,45.905,470.500,44.810
3070,3070,102.333,246.745,454.348,23.500,43.271,456,1,577,482,54.952,45.905,470.500,44.810
3071,3071,102.367,246.741,454.395,23.499,43.276,456,1,577,482,54.952,45.905,470.500,44.810
3072,3072,102.400,246.892,454.378,23.514,43.274,459,1,577,482,54.952,45.905,470.500,44.810
3073,3073,102.433,246.997,454.323,23.524,43.269,457,1,577,482,54.952,45.905,470.500,44.810
3074,3074,102.467,246.932,454.362,23.517,43.273,455,1,577,482,54.952,45.905,470.500,44.810
3075,3075,102.500,246.917,454.407,23.516,43.277,452,1,577,482,54.952,45.905,470.500,44.810
3076,3076,102.533,246.897,454.497,23.514,43.285,456,1,577,482,54.952,45.905,470.500,44.810
3077,3077,102.567,246.962,454.452,23.520,43.281,456,1,577,482,54.952,45.905,470.500,44.810
3078,3078,102.600,246.896,454.545,23.514,43.290,451,1,577,482,54.952,45.905,470.500,44.810
3079,3079,102.633,246.878,454.559,23.512,43.291,453,1,577,482,54.952,45.905,470.500,44.810
3080,3080,102.667,246.919,454.509,23.516,43.287,454,1,577,482,54.952,45.905,470.500,44.810
3081,3081,102.700,246.861,454.668,23.511,43.302,451,1,577,482,54.952,45.905,470.500,44.810
3082,3082,102.733,246.859,454.715,23.510,43.306,456,1,577,482,54.952,45.905,470.500,44.810
3083,3083,102.767,246.812,454.726,23.506,43.307,456,1,577,482,54.952,45.905,470.500,44.810
3084,3084,102.800,246.782,454.776,23.503,43.312,456,1,577,482,54.952,45.905,470.500,44.810
3085,3085,102.833,246.809,454.826,23.506,43.317,456,1,577,482,54.952,45.905,470.500,44.810
3086,3086,102.867,246.876,454.851,23.512,43.319,460,1,577,482,54.952,45.905,470.500,44.810
3087,3087,102.900,247.022,454.783,23.526,43.313,453,1,577,482,54.952,45.905,470.500,44.810
3088,3088,102.933,247.071,454.777,23.531,43.312,454,1,577,482,54.952,45.905,470.500,44.810
3089,3089,102.967,247.065,454.840,23.530,43.318,455,1,577,482,54.952,45.905,470.500,44.810
3090,3090,103.000,246.962,454.921,23.520,43.326,456,1,577,482,54.952,45.905,470.500,44.810
3091,3091,103.033,246.816,455.032,23.506,43.336,460,1,577,482,54.952,45.905,470.500,44.810
3092,3092,103.067,246.660,454.987,23.491,43.332,460,1,577,482,54.952,45.905,470.500,44.810
3093,3093,103.100,246.873,454.943,23.512,43.328,474,1,577,482,54.952,45.905,470.500,44.810
3094,3094,103.133,246.889,454.864,23.513,43.320,473,1,577,482,54.952,45.905,470.500,44.810
3095,3095,103.167,246.927,454.846,23.517,43.319,469,1,577,482,54.952,45.905,470.500,44.810
3096,3096,103.200,246.931,454.754,23.517,43.310,463,1,577,482,54.952,45.905,470.500,44.810
3097,3097,103.233,246.827,454.853,23.507,43.319,471,1,577,482,54.952,45.905,470.500,44.810
3098,3098,103.267,246.936,454.796,23.518,43.314,473,1,577,482,54.952,45.905,470.500,44.810
3099,3099,103.300,246.929,454.769,23.517,43.311,472,1,577,482,54.952,45.905,470.500,44.810
3100,3100,103.333,246.899,454.829,23.514,43.317,475,1,577,482,54.952,45.905,470.500,44.810
3101,3101,103.367,246.933,454.842,23.517,43.318,467,1,577,482,54.952,45.905,470.500,44.810
3102,3102,103.400,246.929,454.875,23.517,43.321,468,1,577,482,54.952,45.905,470.500,44.810
3103,3103,103.433,247.053,454.870,23.529,43.321,468,1,577,482,54.952,45.905,470.500,44.810
3104,3104,103.467,247.123,454.819,23.536,43.316,469,1,577,482,54.952,45.905,470.500,44.810
3105,3105,103.500,247.070,454.811,23.530,43.315,472,1,577,482,54.952,45.905,470.500,44.810
3106,3106,103.533,247.072,454.842,23.531,43.318,472,1,577,482,54.952,45.905,470.500,44.810
3107,3107,103.567,247.112,454.816,23.534,43.316,472,1,577,482,54.952,45.905,470.500,44.810
3108,3108,103.600,247.119,454.856,23.535,43.320,475,1,577,482,54.952,45.905,470.500,44.810
3109,3109,103.633,247.119,454.910,23.535,43.325,476,1,577,482,54.952,45.905,470.500,44.810
3110,3110,103.667,247.123,454.883,23.535,43.322,479,1,577,482,54.952,45.905,470.500,44.810
3111,3111,103.700,247.065,454.850,23.530,43.319,474,1,577,482,54.952,45.905,470.500,44.810
3112,3112,103.733,247.018,455.003,23.526,43.334,461,1,577,482,54.952,45.905,470.500,44.810
3113,3113,103.767,247.124,454.917,23.536,43.325,470,1,577,482,54.952,45.905,470.500,44.810
3114,3114,103.800,247.180,454.844,23.541,43.318,475,1,577,482,54.952,45.905,470.500,44.810
3115,3115,103.833,247.304,454.851,23.553,43.319,477,1,577,482,54.952,45.905,470.500,44.810
3116,3116,103.867,247.278,454.880,23.550,43.322,475,1,577,482,54.952,45.905,470.500,44.810
3117,3117,103.900,247.116,455.022,23.535,43.335,465,1,577,482,54.952,45.905,470.500,44.810
3118,3118,103.933,247.385,454.816,23.560,43.316,476,1,577,482,54.952,45.905,470.500,44.810
3119,3119,103.967,247.377,454.883,23.560,43.322,477,1,577,482,54.952,45.905,470.500,44.810
3120,3120,104.000,247.450,454.910,23.567,43.325,475,1,577,482,54.952,45.905,470.500,44.810
3121,3121,104.033,247.591,454.765,23.580,43.311,458,1,577,482,54.952,45.905,470.500,44.810
3122,3122,104.067,247.518,455.033,23.573,43.336,461,1,577,482,54.952,45.905,470.500,44.810
3123,3123,104.100,247.632,455.082,23.584,43.341,470,1,577,482,54.952,45.905,470.500,44.810
3124,3124,104.133,247.635,455.065,23.584,43.340,467,1,577,482,54.952,45.905,470.500,44.810
3125,3125,104.167,247.627,455.125,23.584,43.345,464,1,577,482,54.952,45.905,470.500,44.810
3126,3126,104.200,247.633,455.091,23.584,43.342,461,1,577,482,54.952,45.905,470.500,44.810
3127,3127,104.233,247.641,454.937,23.585,43.327,460,1,577,482,54.952,45.905,470.500,44.810
3128,3128,104.267,247.471,454.939,23.569,43.328,466,1,577,482,54.952,45.905,470.500,44.810
3129,3129,104.300,247.481,454.755,23.570,43.310,461,1,577,482,54.952,45.905,470.500,44.810
3130,3130,104.333,247.441,454.769,23.566,43.311,458,1,577,482,54.952,45.905,470.500,44.810
3131,3131,104.367,247.439,454.758,23.566,43.310,458,1,577,482,54.952,45.905,470.500,44.810
3132,3132,104.400,247.375,454.712,23.559,43.306,458,1,577,482,54.952,45.905,470.500,44.810
3133,3133,104.433,247.422,454.598,23.564,43.295,453,1,577,482,54.952,45.905,470.500,44.810
3134,3134,104.467,247.484,454.442,23.570,43.280,449,1,577,482,54.952,45.905,470.500,44.810
3135,3135,104.500,247.465,454.314,23.568,43.268,454,1,577,482,54.952,45.905,470.500,44.810
3136,3136,104.533,247.554,454.210,23.577,43.258,455,1,577,482,54.952,45.905,470.500,44.810
3137,3137,104.567,247.472,454.148,23.569,43.252,454,1,577,482,54.952,45.905,470.500,44.810
3138,3138,104.600,247.664,453.951,23.587,43.233,446,1,577,482,54.952,45.905,470.500,44.810
3139,3139,104.633,247.687,453.993,23.589,43.237,449,1,577,482,54.952,45.905,470.500,44.810
3140,3140,104.667,247.582,453.933,23.579,43.232,448,1,577,482,54.952,45.905,470.500,44.810
3141,3141,104.700,247.665,453.752,23.587,43.214,445,1,577,482,54.952,45.905,470.500,44.810
3142,3142,104.733,247.645,453.831,23.585,43.222,448,1,577,482,54.952,45.905,470.500,44.810
3143,3143,104.767,247.769,453.654,23.597,43.205,444,1,577,482,54.952,45.905,470.500,44.810
3144,3144,104.800,247.628,453.656,23.584,43.205,451,1,577,482,54.952,45.905,470.500,44.810
3145,3145,104.833,247.418,453.569,23.564,43.197,445,1,577,482,54.952,45.905,470.500,44.810
3146,3146,104.867,247.174,453.480,23.540,43.189,443,1,577,482,54.952,45.905,470.500,44.810
3147,3147,104.900,247.591,453.329,23.580,43.174,448,1,577,482,54.952,45.905,470.500,44.810
3148,3148,104.933,247.522,453.302,23.574,43.172,448,1,577,482,54.952,45.905,470.500,44.810
3149,3149,104.967,247.623,453.273,23.583,43.169,448,1,577,482,54.952,45.905,470.500,44.810
3150,3150,105.000,247.379,453.264,23.560,43.168,457,1,577,482,54.952,45.905,470.500,44.810
3151,3151,105.033,247.314,453.314,23.554,43.173,463,1,577,482,54.952,45.905,470.500,44.810
3152,3152,105.067,247.164,453.351,23.539,43.176,463,1,577,482,54.952,45.905,470.500,44.810
3153,3153,105.100,247.301,453.255,23.552,43.167,454,1,577,482,54.952,45.905,470.500,44.810
3154,3154,105.133,247.232,453.257,23.546,43.167,461,1,577,482,54.952,45.905,470.500,44.810
3155,3155,105.167,247.205,453.246,23.543,43.166,460,1,577,482,54.952,45.905,470.500,44.810
3156,3156,105.200,247.199,453.192,23.543,43.161,463,1,577,482,54.952,45.905,470.500,44.810
3157,3157,105.233,247.295,453.168,23.552,43.159,461,1,577,482,54.952,45.905,470.500,44.810
3158,3158,105.267,247.285,453.125,23.551,43.155,458,1,577,482,54.952,45.905,470.500,44.810
3159,3159,105.300,247.330,453.109,23.555,43.153,458,1,577,482,54.952,45.905,470.500,44.810
3160,3160,105.333,247.436,453.082,23.565,43.151,458,1,577,482,54.952,45.905,470.500,44.810
3161,3161,105.367,247.562,452.968,23.577,43.140,458,1,577,482,54.952,45.905,470.500,44.810
3162,3162,105.400,247.578,452.916,23.579,43.135,457,1,577,482,54.952,45.905,470.500,44.810
3163,3163,105.433,247.645,452.877,23.585,43.131,460,1,577,482,54.952,45.905,470.500,44.810
3164,3164,105.467,247.497,452.863,23.571,43.130,456,1,577,482,54.952,45.905,470.500,44.810
3165,3165,105.500,247.501,452.824,23.572,43.126,455,1,577,482,54.952,45.905,470.500,44.810
3166,3166,105.533,247.269,452.831,23.549,43.127,452,1,577,482,54.952,45.905,470.500,44.810
3167,3167,105.567,247.395,452.832,23.561,43.127,458,1,577,482,54.952,45.905,470.500,44.810
3168,3168,105.600,247.644,452.724,23.585,43.117,452,1,577,482,54.952,45.905,470.500,44.810
3169,3169,105.633,247.383,452.726,23.560,43.117,451,1,577,482,54.952,45.905,470.500,44.810
3170,3170,105.667,247.458,452.779,23.567,43.122,459,1,577,482,54.952,45.905,470.500,44.810
3171,3171,105.700,247.163,452.761,23.539,43.120,466,1,577,482,54.952,45.905,470.500,44.810
3172,3172,105.733,247.316,452.738,23.554,43.118,458,1,577,482,54.952,45.905,470.500,44.810
3173,3173,105.767,247.074,452.889,23.531,43.132,467,1,577,482,54.952,45.905,470.500,44.810
3174,3174,105.800,247.075,452.803,23.531,43.124,465,1,577,482,54.952,45.905,470.500,44.810
3175,3175,105.833,247.000,452.739,23.524,43.118,458,1,577,482,54.952,45.905,470.500,44.810
3176,3176,105.867,247.081,452.627,23.531,43.107,462,1,577,482,54.952,45.905,470.500,44.810
3177,3177,105.900,247.016,452.571,23.525,43.102,456,1,577,482,54.952,45.905,470.500,44.810
3178,3178,105.933,247.120,452.591,23.535,43.104,462,1,577,482,54.952,45.905,470.500,44.810
3179,3179,105.967,247.254,452.541,23.548,43.099,465,1,577,482,54.952,45.905,470.500,44.810
3180,3180,106.000,246.847,452.553,23.509,43.100,459,1,577,482,54.952,45.905,470.500,44.810
3181,3181,106.033,246.953,452.472,23.519,43.093,464,1,577,482,54.952,45.905,470.500,44.810
3182,3182,106.067,247.049,452.433,23.528,43.089,466,1,577,482,54.952,45.905,470.500,44.810
3183,3183,106.100,246.950,452.424,23.519,43.088,470,1,577,482,54.952,45.905,470.500,44.810
3184,3184,106.133,246.945,452.414,23.519,43.087,467,1,577,482,54.952,45.905,470.500,44.810
3185,3185,106.167,246.890,452.355,23.513,43.081,473,1,577,482,54.952,45.905,470.500,44.810
3186,3186,106.200,246.791,452.362,23.504,43.082,468,1,577,482,54.952,45.905,470.500,44.810
3187,3187,106.233,246.847,452.298,23.509,43.076,465,1,577,482,54.952,45.905,470.500,44.810
3188,3188,106.267,246.960,452.268,23.520,43.073,462,1,577,482,54.952,45.905,470.500,44.810
3189,3189,106.300,246.812,452.273,23.506,43.074,467,1,577,482,54.952,45.905,470.500,44.810
3190,3190,106.333,246.796,452.267,23.504,43.073,468,1,577,482,54.952,45.905,470.500,44.810
3191,3191,106.367,246.907,452.210,23.515,43.068,467,1,577,482,54.952,45.905,470.500,44.810
3192,3192,106.400,246.939,452.183,23.518,43.065,465,1,577,482,54.952,45.905,470.500,44.810
3193,3193,106.433,246.811,452.135,23.506,43.060,469,1,577,482,54.952,45.905,470.500,44.810
3194,3194,106.467,246.744,452.114,23.499,43.059,469,1,577,482,54.952,45.905,470.500,44.810
3195,3195,106.500,246.783,452.109,23.503,43.058,473,1,577,482,54.952,45.905,470.500,44.810
3196,3196,106.533,246.740,452.096,23.499,43.057,474,1,577,482,54.952,45.905,470.500,44.810
3197,3197,106.567,246.754,452.019,23.500,43.049,470,1,577,482,54.952,45.905,470.500,44.810
3198,3198,106.600,246.765,452.110,23.501,43.058,471,1,577,482,54.952,45.905,470.500,44.810
3199,3199,106.633,246.699,452.089,23.495,43.056,470,1,577,482,54.952,45.905,470.500,44.810
3200,3200,106.667,246.626,451.995,23.488,43.047,478,1,577,482,54.952,45.905,470.500,44.810
3201,3201,106.700,246.872,451.980,23.512,43.046,471,1,577,482,54.952,45.905,470.500,44.810
3202,3202,106.733,246.741,451.961,23.499,43.044,470,1,577,482,54.952,45.905,470.500,44.810
3203,3203,106.767,246.746,451.927,23.500,43.041,471,1,577,482,54.952,45.905,470.500,44.810
3204,3204,106.800,246.888,451.965,23.513,43.044,462,1,577,482,54.952,45.905,470.500,44.810
3205,3205,106.833,246.901,451.944,23.514,43.042,463,1,577,482,54.952,45.905,470.500,44.810
3206,3206,106.867,246.821,451.903,23.507,43.038,462,1,577,482,54.952,45.905,470.500,44.810
3207,3207,106.900,246.807,451.892,23.505,43.037,459,1,577,482,54.952,45.905,470.500,44.810
3208,3208,106.933,247.023,451.854,23.526,43.034,457,1,577,482,54.952,45.905,470.500,44.810
3209,3209,106.967,246.732,451.823,23.498,43.031,463,1,577,482,54.952,45.905,470.500,44.810
3210,3210,107.000,246.690,451.803,23.494,43.029,465,1,577,482,54.952,45.905,470.500,44.810
3211,3211,107.033,246.862,451.791,23.511,43.028,463,1,577,482,54.952,45.905,470.500,44.810
3212,3212,107.067,246.954,451.815,23.519,43.030,464,1,577,482,54.952,45.905,470.500,44.810
3213,3213,107.100,246.914,451.880,23.516,43.036,457,1,577,482,54.952,45.905,470.500,44.810
3214,3214,107.133,246.684,451.681,23.494,43.017,482,1,577,482,54.952,45.905,470.500,44.810
3215,3215,107.167,246.771,451.710,23.502,43.020,477,1,577,482,54.952,45.905,470.500,44.810
3216,3216,107.200,246.773,451.711,23.502,43.020,484,1,577,482,54.952,45.905,470.500,44.810
3217,3217,107.233,246.702,451.673,23.495,43.016,482,1,577,482,54.952,45.905,470.500,44.810
3218,3218,107.267,246.569,451.626,23.483,43.012,483,1,577,482,54.952,45.905,470.500,44.810
3219,3219,107.300,246.493,451.643,23.475,43.014,480,1,577,482,54.952,45.905,470.500,44.810
3220,3220,107.333,246.811,451.583,23.506,43.008,477,1,577,482,54.952,45.905,470.500,44.810
3221,3221,107.367,246.912,451.632,23.515,43.013,472,1,577,482,54.952,45.905,470.500,44.810
3222,3222,107.400,246.919,451.628,23.516,43.012,473,1,577,482,54.952,45.905,470.500,44.810
3223,3223,107.433,246.856,451.597,23.510,43.009,479,1,577,482,54.952,45.905,470.500,44.810
3224,3224,107.467,246.795,451.596,23.504,43.009,472,1,577,482,54.952,45.905,470.500,44.810
3225,3225,107.500,246.727,451.621,23.498,43.011,466,1,577,482,54.952,45.905,470.500,44.810
3226,3226,107.533,246.654,451.615,23.491,43.011,464,1,577,482,54.952,45.905,470.500,44.810
3227,3227,107.567,246.597,451.571,23.485,43.007,470,1,577,482,54.952,45.905,470.500,44.810
3228,3228,107.600,246.606,451.430,23.486,42.993,475,1,577,482,54.952,45.905,470.500,44.810
3229,3229,107.633,246.698,451.393,23.495,42.990,475,1,577,482,54.952,45.905,470.500,44.810
3230,3230,107.667,246.807,451.503,23.505,43.000,474,1,577,482,54.952,45.905,470.500,44.810
3231,3231,107.700,246.822,451.326,23.507,42.983,479,1,577,482,54.952,45.905,470.500,44.810
3232,3232,107.733,246.810,451.364,23.506,42.987,472,1,577,482,54.952,45.905,470.500,44.810
3233,3233,107.767,246.843,451.287,23.509,42.980,475,1,577,482,54.952,45.905,470.500,44.810
3234,3234,107.800,246.858,451.367,23.510,42.987,470,1,577,482,54.952,45.905,470.500,44.810
3235,3235,107.833,246.712,451.404,23.496,42.991,477,1,577,482,54.952,45.905,470.500,44.810
3236,3236,107.867,246.836,451.335,23.508,42.984,478,1,577,482,54.952,45.905,470.500,44.810
3237,3237,107.900,246.943,451.314,23.518,42.982,472,1,577,482,54.952,45.905,470.500,44.810
3238,3238,107.933,246.986,451.317,23.522,42.983,475,1,577,482,54.952,45.905,470.500,44.810
3239,3239,107.967,246.817,451.368,23.506,42.987,473,1,577,482,54.952,45.905,470.500,44.810
3240,3240,108.000,246.763,451.437,23.501,42.994,476,1,577,482,54.952,45.905,470.500,44.810
3241,3241,108.033,246.568,451.416,23.483,42.992,465,1,577,482,54.952,45.905,470.500,44.810
3242,3242,108.067,246.707,451.451,23.496,42.995,465,1,577,482,54.952,45.905,470.500,44.810
3243,3243,108.100,246.690,451.351,23.494,42.986,468,1,577,482,54.952,45.905,470.500,44.810
3244,3244,108.133,246.729,451.377,23.498,42.988,470,1,577,482,54.952,45.905,470.500,44.810
3245,3245,108.167,246.765,451.396,23.501,42.990,469,1,577,482,54.952,45.905,470.500,44.810
3246,3246,108.200,246.767,451.405,23.502,42.991,468,1,577,482,54.952,45.905,470.500,44.810
3247,3247,108.233,246.701,451.359,23.495,42.987,471,1,577,482,54.952,45.905,470.500,44.810
3248,3248,108.267,246.704,451.345,23.496,42.985,474,1,577,482,54.952,45.905,470.500,44.810
3249,3249,108.300,246.704,451.303,23.496,42.981,473,1,577,482,54.952,45.905,470.500,44.810
3250,3250,108.333,246.756,451.323,23.501,42.983,467,1,577,482,54.952,45.905,470.500,44.810
3251,3251,108.367,246.747,451.213,23.500,42.973,472,1,577,482,54.952,45.905,470.500,44.810
3252,3252,108.400,246.700,451.235,23.495,42.975,471,1,577,482,54.952,45.905,470.500,44.810
3253,3253,108.433,246.642,451.163,23.490,42.968,473,1,577,482,54.952,45.905,470.500,44.810
3254,3254,108.467,246.550,451.090,23.481,42.961,476,1,577,482,54.952,45.905,470.500,44.810
3255,3255,108.500,246.503,450.894,23.477,42.942,477,1,577,482,54.952,45.905,470.500,44.810
3256,3256,108.533,246.574,450.898,23.483,42.943,476,1,577,482,54.952,45.905,470.500,44.810
3257,3257,108.567,246.444,450.764,23.471,42.930,483,1,577,482,54.952,45.905,470.500,44.810
3258,3258,108.600,246.400,450.721,23.467,42.926,485,1,577,482,54.952,45.905,470.500,44.810
3259,3259,108.633,246.401,450.695,23.467,42.923,486,1,577,482,54.952,45.905,470.500,44.810
3260,3260,108.667,246.196,450.562,23.447,42.911,486,1,577,482,54.952,45.905,470.500,44.810
3261,3261,108.700,246.120,450.493,23.440,42.904,486,1,577,482,54.952,45.905,470.500,44.810
3262,3262,108.733,246.016,450.433,23.430,42.898,489,1,577,482,54.952,45.905,470.500,44.810
3263,3263,108.767,246.072,450.299,23.435,42.886,486,1,577,482,54.952,45.905,470.500,44.810
3264,3264,108.800,245.923,450.307,23.421,42.886,483,1,577,482,54.952,45.905,470.500,44.810
3265,3265,108.833,246.033,450.375,23.432,42.893,486,1,577,482,54.952,45.905,470.500,44.810
3266,3266,108.867,245.938,450.301,23.423,42.886,488,1,577,482,54.952,45.905,470.500,44.810
3267,3267,108.900,246.107,450.517,23.439,42.906,488,1,577,482,54.952,45.905,470.500,44.810
3268,3268,108.933,246.060,450.468,23.434,42.902,488,1,577,482,54.952,45.905,470.500,44.810
3269,3269,108.967,245.960,450.399,23.425,42.895,475,1,577,482,54.952,45.905,470.500,44.810
3270,3270,109.000,245.840,450.424,23.413,42.898,466,1,577,482,54.952,45.905,470.500,44.810
3271,3271,109.033,245.909,450.465,23.420,42.901,469,1,577,482,54.952,45.905,470.500,44.810
3272,3272,109.067,245.915,450.526,23.420,42.907,480,1,577,482,54.952,45.905,470.500,44.810
3273,3273,109.100,245.956,450.481,23.424,42.903,477,1,577,482,54.952,45.905,470.500,44.810
3274,3274,109.133,245.977,450.513,23.426,42.906,481,1,577,482,54.952,45.905,470.500,44.810
3275,3275,109.167,245.917,450.551,23.421,42.910,481,1,577,482,54.952,45.905,470.500,44.810
3276,3276,109.200,246.081,450.550,23.436,42.910,477,1,577,482,54.952,45.905,470.500,44.810
3277,3277,109.233,246.018,450.583,23.430,42.913,474,1,577,482,54.952,45.905,470.500,44.810
3278,3278,109.267,246.011,450.592,23.430,42.914,473,1,577,482,54.952,45.905,470.500,44.810
3279,3279,109.300,246.001,450.521,23.429,42.907,476,1,577,482,54.952,45.905,470.500,44.810
3280,3280,109.333,246.198,450.506,23.447,42.905,466,1,577,482,54.952,45.905,470.500,44.810
3281,3281,109.367,246.068,450.532,23.435,42.908,463,1,577,482,54.952,45.905,470.500,44.810
3282,3282,109.400,245.942,450.467,23.423,42.902,470,1,577,482,54.952,45.905,470.500,44.810
3283,3283,109.433,245.887,450.473,23.418,42.902,470,1,577,482,54.952,45.905,470.500,44.810
3284,3284,109.467,245.877,450.454,23.417,42.900,467,1,577,482,54.952,45.905,470.500,44.810
3285,3285,109.500,245.821,450.294,23.411,42.885,462,1,577,482,54.952,45.905,470.500,44.810
3286,3286,109.533,245.689,450.106,23.399,42.867,472,1,577,482,54.952,45.905,470.500,44.810
3287,3287,109.567,245.617,450.019,23.392,42.859,475,1,577,482,54.952,45.905,470.500,44.810
3288,3288,109.600,245.489,449.966,23.380,42.854,475,1,577,482,54.952,45.905,470.500,44.810
3289,3289,109.633,245.209,449.722,23.353,42.831,484,1,577,482,54.952,45.905,470.500,44.810
3290,3290,109.667,245.211,449.583,23.353,42.817,476,1,577,482,54.952,45.905,470.500,44.810
3291,3291,109.700,244.988,449.453,23.332,42.805,476,1,577,482,54.952,45.905,470.500,44.810
3292,3292,109.733,244.795,449.470,23.314,42.807,473,1,577,482,54.952,45.905,470.500,44.810
3293,3293,109.767,244.847,449.274,23.319,42.788,480,1,577,482,54.952,45.905,470.500,44.810
3294,3294,109.800,244.920,449.121,23.326,42.773,484,1,577,482,54.952,45.905,470.500,44.810
3295,3295,109.833,244.835,449.163,23.318,42.777,482,1,577,482,54.952,45.905,470.500,44.810
3296,3296,109.867,244.720,449.099,23.307,42.771,485,1,577,482,54.952,45.905,470.500,44.810
3297,3297,109.900,244.531,448.884,23.289,42.751,484,1,577,482,54.952,45.905,470.500,44.810
3298,3298,109.933,244.231,448.818,23.260,42.745,485,1,577,482,54.952,45.905,470.500,44.810
3299,3299,109.967,244.185,448.707,23.256,42.734,488,1,577,482,54.952,45.905,470.500,44.810
3300,3300,110.000,244.039,448.539,23.242,42.718,496,1,577,482,54.952,45.905,470.500,44.810
3301,3301,110.033,243.918,448.445,23.230,42.709,498,1,577,482,54.952,45.905,470.500,44.810
3302,3302,110.067,243.677,448.322,23.207,42.697,497,1,577,482,54.952,45.905,470.500,44.810
3303,3303,110.100,243.654,448.355,23.205,42.700,493,1,577,482,54.952,45.905,470.500,44.810
3304,3304,110.133,243.667,448.376,23.206,42.702,494,1,577,482,54.952,45.905,470.500,44.810
3305,3305,110.167,243.680,448.339,23.208,42.699,491,1,577,482,54.952,45.905,470.500,44.810
3306,3306,110.200,243.504,448.223,23.191,42.688,495,1,577,482,54.952,45.905,470.500,44.810
3307,3307,110.233,243.512,448.144,23.192,42.680,496,1,577,482,54.952,45.905,470.500,44.810
3308,3308,110.267,243.364,448.032,23.177,42.670,498,1,577,482,54.952,45.905,470.500,44.810
3309,3309,110.300,243.255,447.916,23.167,42.659,497,1,577,482,54.952,45.905,470.500,44.810
3310,3310,110.333,243.192,447.909,23.161,42.658,495,1,577,482,54.952,45.905,470.500,44.810
3311,3311,110.367,243.126,447.866,23.155,42.654,498,1,577,482,54.952,45.905,470.500,44.810
3312,3312,110.400,243.107,447.889,23.153,42.656,496,1,577,482,54.952,45.905,470.500,44.810
3313,3313,110.433,243.057,447.892,23.148,42.656,497,1,577,482,54.952,45.905,470.500,44.810
3314,3314,110.467,243.095,447.913,23.152,42.658,494,1,577,482,54.952,45.905,470.500,44.810
3315,3315,110.500,243.008,448.008,23.144,42.667,499,1,577,482,54.952,45.905,470.500,44.810
3316,3316,110.533,242.934,447.952,23.137,42.662,495,1,577,482,54.952,45.905,470.500,44.810
3317,3317,110.567,242.756,447.783,23.120,42.646,489,1,577,482,54.952,45.905,470.500,44.810
3318,3318,110.600,242.772,447.795,23.121,42.647,491,1,577,482,54.952,45.905,470.500,44.810
3319,3319,110.633,242.756,447.893,23.120,42.656,485,1,577,482,54.952,45.905,470.500,44.810
3320,3320,110.667,242.885,447.912,23.132,42.658,490,1,577,482,54.952,45.905,470.500,44.810
3321,3321,110.700,242.748,447.897,23.119,42.657,485,1,577,482,54.952,45.905,470.500,44.810
3322,3322,110.733,242.647,447.873,23.109,42.655,478,1,577,482,54.952,45.905,470.500,44.810
3323,3323,110.767,242.444,447.868,23.090,42.654,476,1,577,482,54.952,45.905,470.500,44.810
3324,3324,110.800,242.225,447.822,23.069,42.650,465,1,577,482,54.952,45.905,470.500,44.810
3325,3325,110.833,242.131,447.853,23.060,42.653,460,1,577,482,54.952,45.905,470.500,44.810
3326,3326,110.867,241.959,447.830,23.044,42.650,461,1,577,482,54.952,45.905,470.500,44.810
3327,3327,110.900,241.989,447.826,23.047,42.650,460,1,577,482,54.952,45.905,470.500,44.810
3328,3328,110.933,242.014,447.885,23.049,42.656,458,1,577,482,54.952,45.905,470.500,44.810
3329,3329,110.967,241.834,447.784,23.032,42.646,458,1,577,482,54.952,45.905,470.500,44.810
3330,3330,111.000,241.814,447.843,23.030,42.652,451,1,577,482,54.952,45.905,470.500,44.810
3331,3331,111.033,241.876,448.271,23.036,42.692,460,1,577,482,54.952,45.905,470.500,44.810
3332,3332,111.067,241.836,448.255,23.032,42.691,462,1,577,482,54.952,45.905,470.500,44.810
3333,3333,111.100,241.757,448.494,23.024,42.714,463,1,577,482,54.952,45.905,470.500,44.810
3334,3334,111.133,241.522,448.361,23.002,42.701,467,1,577,482,54.952,45.905,470.500,44.810
3335,3335,111.167,241.324,448.381,22.983,42.703,463,1,577,482,54.952,45.905,470.500,44.810
3336,3336,111.200,241.145,448.432,22.966,42.708,451,1,577,482,54.952,45.905,470.500,44.810
3337,3337,111.233,241.170,448.427,22.969,42.707,452,1,577,482,54.952,45.905,470.500,44.810
3338,3338,111.267,241.113,448.447,22.963,42.709,448,1,577,482,54.952,45.905,470.500,44.810
3339,3339,111.300,241.132,448.470,22.965,42.711,446,1,577,482,54.952,45.905,470.500,44.810
3340,3340,111.333,241.062,448.474,22.958,42.712,452,1,577,482,54.952,45.905,470.500,44.810
3341,3341,111.367,241.183,448.553,22.970,42.719,449,1,577,482,54.952,45.905,470.500,44.810
3342,3342,111.400,241.193,448.651,22.971,42.729,452,1,577,482,54.952,45.905,470.500,44.810
3343,3343,111.433,241.238,448.638,22.975,42.727,455,1,577,482,54.952,45.905,470.500,44.810
3344,3344,111.467,241.109,448.569,22.963,42.721,453,1,577,482,54.952,45.905,470.500,44.810
3345,3345,111.500,241.220,448.490,22.973,42.713,445,1,577,482,54.952,45.905,470.500,44.810
3346,3346,111.533,241.134,448.511,22.965,42.715,445,1,577,482,54.952,45.905,470.500,44.810
3347,3347,111.567,241.269,448.545,22.978,42.719,446,1,577,482,54.952,45.905,470.500,44.810
3348,3348,111.600,241.220,448.639,22.973,42.727,442,1,577,482,54.952,45.905,470.500,44.810
3349,3349,111.633,241.184,448.485,22.970,42.713,446,1,577,482,54.952,45.905,470.500,44.810
3350,3350,111.667,241.187,448.387,22.970,42.704,441,1,577,482,54.952,45.905,470.500,44.810
3351,3351,111.700,241.241,448.359,22.975,42.701,440,1,577,482,54.952,45.905,470.500,44.810
3352,3352,111.733,241.255,448.275,22.977,42.693,448,1,577,482,54.952,45.905,470.500,44.810
3353,3353,111.767,241.125,448.067,22.964,42.673,451,1,577,482,54.952,45.905,470.500,44.810
3354,3354,111.800,241.096,447.969,22.961,42.664,455,1,577,482,54.952,45.905,470.500,44.810
3355,3355,111.833,241.054,447.953,22.958,42.662,458,1,577,482,54.952,45.905,470.500,44.810
3356,3356,111.867,240.911,447.800,22.944,42.648,456,1,577,482,54.952,45.905,470.500,44.810
3357,3357,111.900,240.936,447.814,22.946,42.649,453,1,577,482,54.952,45.905,470.500,44.810
3358,3358,111.933,240.902,447.746,22.943,42.643,455,1,577,482,54.952,45.905,470.500,44.810
3359,3359,111.967,240.825,447.597,22.936,42.628,462,1,577,482,54.952,45.905,470.500,44.810
3360,3360,112.000,240.826,447.581,22.936,42.627,459,1,577,482,54.952,45.905,470.500,44.810
3361,3361,112.033,240.613,447.318,22.915,42.602,460,1,577,482,54.952,45.905,470.500,44.810
3362,3362,112.067,240.511,447.096,22.906,42.581,470,1,577,482,54.952,45.905,470.500,44.810
3363,3363,112.100,240.453,447.143,22.900,42.585,460,1,577,482,54.952,45.905,470.500,44.810
3364,3364,112.133,240.460,447.067,22.901,42.578,459,1,577,482,54.952,45.905,470.500,44.810
3365,3365,112.167,240.506,446.922,22.905,42.564,462,1,577,482,54.952,45.905,470.500,44.810
3366,3366,112.200,240.344,446.808,22.890,42.553,461,1,577,482,54.952,45.905,470.500,44.810
3367,3367,112.233,240.355,446.798,22.891,42.552,463,1,577,482,54.952,45.905,470.500,44.810
3368,3368,112.267,240.359,446.799,22.891,42.552,463,1,577,482,54.952,45.905,470.500,44.810
3369,3369,112.300,240.311,446.637,22.887,42.537,471,1,577,482,54.952,45.905,470.500,44.810
3370,3370,112.333,240.186,446.594,22.875,42.533,467,1,577,482,54.952,45.905,470.500,44.810
3371,3371,112.367,240.373,446.700,22.893,42.543,474,1,577,482,54.952,45.905,470.500,44.810
3372,3372,112.400,240.172,446.536,22.873,42.527,470,1,577,482,54.952,45.905,470.500,44.810
3373,3373,112.433,239.782,446.187,22.836,42.494,464,1,577,482,54.952,45.905,470.500,44.810
3374,3374,112.467,239.636,446.081,22.822,42.484,464,1,577,482,54.952,45.905,470.500,44.810
3375,3375,112.500,239.335,445.880,22.794,42.465,466,1,577,482,54.952,45.905,470.500,44.810
3376,3376,112.533,239.324,445.852,22.793,42.462,469,1,577,482,54.952,45.905,470.500,44.810
3377,3377,112.567,239.439,445.978,22.804,42.474,474,1,577,482,54.952,45.905,470.500,44.810
3378,3378,112.600,239.436,445.976,22.803,42.474,474,1,577,482,54.952,45.905,470.500,44.810
3379,3379,112.633,238.982,445.673,22.760,42.445,476,1,577,482,54.952,45.905,470.500,44.810
3380,3380,112.667,238.821,445.570,22.745,42.435,471,1,577,482,54.952,45.905,470.500,44.810
3381,3381,112.700,238.829,445.523,22.746,42.431,469,1,577,482,54.952,45.905,470.500,44.810
3382,3382,112.733,238.629,445.389,22.727,42.418,470,1,577,482,54.952,45.905,470.500,44.810
3383,3383,112.767,238.267,445.025,22.692,42.383,464,1,577,482,54.952,45.905,470.500,44.810
3384,3384,112.800,237.890,444.538,22.656,42.337,460,1,577,482,54.952,45.905,470.500,44.810
3385,3385,112.833,237.685,444.444,22.637,42.328,470,1,577,482,54.952,45.905,470.500,44.810
3386,3386,112.867,237.576,444.346,22.626,42.319,469,1,577,482,54.952,45.905,470.500,44.810
3387,3387,112.900,237.438,444.252,22.613,42.310,467,1,577,482,54.952,45.905,470.500,44.810
3388,3388,112.933,237.317,444.023,22.602,42.288,472,1,577,482,54.952,45.905,470.500,44.810
3389,3389,112.967,237.037,443.745,22.575,42.261,478,1,577,482,54.952,45.905,470.500,44.810
3390,3390,113.000,236.902,443.813,22.562,42.268,484,1,577,482,54.952,45.905,470.500,44.810
3391,3391,113.033,236.667,443.570,22.540,42.245,479,1,577,482,54.952,45.905,470.500,44.810
3392,3392,113.067,236.479,443.537,22.522,42.242,481,1,577,482,54.952,45.905,470.500,44.810
3393,3393,113.100,236.473,443.654,22.521,42.253,489,1,577,482,54.952,45.905,470.500,44.810
3394,3394,113.133,236.396,443.975,22.514,42.283,476,1,577,482,54.952,45.905,470.500,44.810
3395,3395,113.167,236.240,443.832,22.499,42.270,480,1,577,482,54.952,45.905,470.500,44.810
3396,3396,113.200,235.944,443.536,22.471,42.242,474,1,577,482,54.952,45.905,470.500,44.810
3397,3397,113.233,236.078,443.661,22.484,42.253,475,1,577,482,54.952,45.905,470.500,44.810
3398,3398,113.267,236.147,443.709,22.490,42.258,472,1,577,482,54.952,45.905,470.500,44.810
3399,3399,113.300,236.018,443.574,22.478,42.245,475,1,577,482,54.952,45.905,470.500,44.810
3400,3400,113.333,236.020,443.478,22.478,42.236,473,1,577,482,54.952,45.905,470.500,44.810
3401,3401,113.367,236.235,443.786,22.499,42.265,467,1,577,482,54.952,45.905,470.500,44.810
3402,3402,113.400,235.967,443.442,22.473,42.233,466,1,577,482,54.952,45.905,470.500,44.810
3403,3403,113.433,235.987,443.637,22.475,42.251,464,1,577,482,54.952,45.905,470.500,44.810
3404,3404,113.467,236.310,444.101,22.506,42.295,444,1,577,482,54.952,45.905,470.500,44.810
3405,3405,113.500,236.498,444.245,22.524,42.309,439,1,577,482,54.952,45.905,470.500,44.810
3406,3406,113.533,236.425,444.096,22.517,42.295,439,1,577,482,54.952,45.905,470.500,44.810
3407,3407,113.567,236.351,444.018,22.510,42.287,442,1,577,482,54.952,45.905,470.500,44.810
3408,3408,113.600,236.362,444.022,22.511,42.288,443,1,577,482,54.952,45.905,470.500,44.810
3409,3409,113.633,236.403,443.749,22.515,42.262,445,1,577,482,54.952,45.905,470.500,44.810
3410,3410,113.667,236.363,443.740,22.511,42.261,444,1,577,482,54.952,45.905,470.500,44.810
3411,3411,113.700,236.176,443.602,22.493,42.248,442,1,577,482,54.952,45.905,470.500,44.810
3412,3412,113.733,236.172,443.642,22.493,42.252,440,1,577,482,54.952,45.905,470.500,44.810
3413,3413,113.767,236.193,443.654,22.495,42.253,439,1,577,482,54.952,45.905,470.500,44.810
3414,3414,113.800,236.118,443.448,22.487,42.233,444,1,577,482,54.952,45.905,470.500,44.810
3415,3415,113.833,236.016,443.193,22.478,42.209,447,1,577,482,54.952,45.905,470.500,44.810
3416,3416,113.867,235.949,442.917,22.471,42.183,446,1,577,482,54.952,45.905,470.500,44.810
3417,3417,113.900,236.059,442.952,22.482,42.186,453,1,577,482,54.952,45.905,470.500,44.810
3418,3418,113.933,235.877,442.777,22.464,42.169,455,1,577,482,54.952,45.905,470.500,44.810
3419,3419,113.967,235.641,442.427,22.442,42.136,462,1,577,482,54.952,45.905,470.500,44.810
3420,3420,114.000,235.607,442.340,22.439,42.128,462,1,577,482,54.952,45.905,470.500,44.810
3421,3421,114.033,235.203,441.985,22.400,42.094,460,1,577,482,54.952,45.905,470.500,44.810
3422,3422,114.067,235.136,441.661,22.394,42.063,474,1,577,482,54.952,45.905,470.500,44.810
3423,3423,114.100,235.109,441.629,22.391,42.060,472,1,577,482,54.952,45.905,470.500,44.810
3424,3424,114.133,235.002,441.637,22.381,42.061,468,1,577,482,54.952,45.905,470.500,44.810
3425,3425,114.167,234.894,441.496,22.371,42.047,462,1,577,482,54.952,45.905,470.500,44.810
3426,3426,114.200,234.824,441.421,22.364,42.040,465,1,577,482,54.952,45.905,470.500,44.810
3427,3427,114.233,234.624,441.218,22.345,42.021,475,1,577,482,54.952,45.905,470.500,44.810
3428,3428,114.267,234.593,441.182,22.342,42.017,474,1,577,482,54.952,45.905,470.500,44.810
3429,3429,114.300,234.413,440.953,22.325,41.996,483,1,577,482,54.952,45.905,470.500,44.810
3430,3430,114.333,234.245,440.760,22.309,41.977,480,1,577,482,54.952,45.905,470.500,44.810
3431,3431,114.367,234.116,440.561,22.297,41.958,479,1,577,482,54.952,45.905,470.500,44.810
3432,3432,114.400,233.941,440.315,22.280,41.935,475,1,577,482,54.952,45.905,470.500,44.810
3433,3433,114.433,233.721,440.128,22.259,41.917,470,1,577,482,54.952,45.905,470.500,44.810
3434,3434,114.467,233.440,439.785,22.232,41.884,468,1,577,482,54.952,45.905,470.500,44.810
3435,3435,114.500,233.451,439.947,22.233,41.900,458,1,577,482,54.952,45.905,470.500,44.810
3436,3436,114.533,233.087,439.615,22.199,41.868,463,1,577,482,54.952,45.905,470.500,44.810
3437,3437,114.567,232.886,439.318,22.180,41.840,457,1,577,482,54.952,45.905,470.500,44.810
3438,3438,114.600,232.451,438.852,22.138,41.795,459,1,577,482,54.952,45.905,470.500,44.810
3439,3439,114.633,231.983,438.269,22.094,41.740,459,1,577,482,54.952,45.905,470.500,44.810
3440,3440,114.667,231.824,438.123,22.078,41.726,466,1,577,482,54.952,45.905,470.500,44.810
3441,3441,114.700,231.704,438.139,22.067,41.728,469,1,577,482,54.952,45.905,470.500,44.810
3442,3442,114.733,231.509,437.841,22.048,41.699,470,1,577,482,54.952,45.905,470.500,44.810
3443,3443,114.767,231.459,437.804,22.044,41.696,471,1,577,482,54.952,45.905,470.500,44.810
3444,3444,114.800,231.372,437.903,22.035,41.705,468,1,577,482,54.952,45.905,470.500,44.810
3445,3445,114.833,231.304,437.897,22.029,41.704,463,1,577,482,54.952,45.905,470.500,44.810
3446,3446,114.867,231.218,437.769,22.021,41.692,461,1,577,482,54.952,45.905,470.500,44.810
3447,3447,114.900,231.237,437.859,22.023,41.701,460,1,577,482,54.952,45.905,470.500,44.810
3448,3448,114.933,231.093,437.728,22.009,41.688,465,1,577,482,54.952,45.905,470.500,44.810
3449,3449,114.967,231.229,437.812,22.022,41.696,459,1,577,482,54.952,45.905,470.500,44.810
3450,3450,115.000,231.173,437.636,22.016,41.680,452,1,577,482,54.952,45.905,470.500,44.810
3451,3451,115.033,231.096,437.360,22.009,41.653,453,1,577,482,54.952,45.905,470.500,44.810
3452,3452,115.067,231.182,437.527,22.017,41.669,449,1,577,482,54.952,45.905,470.500,44.810
3453,3453,115.100,231.181,437.510,22.017,41.668,450,1,577,482,54.952,45.905,470.500,44.810
3454,3454,115.133,231.411,437.610,22.039,41.677,447,1,577,482,54.952,45.905,470.500,44.810
3455,3455,115.167,231.557,437.805,22.053,41.696,441,1,577,482,54.952,45.905,470.500,44.810
3456,3456,115.200,231.559,437.848,22.053,41.700,436,1,577,482,54.952,45.905,470.500,44.810
3457,3457,115.233,231.605,437.931,22.058,41.708,429,1,577,482,54.952,45.905,470.500,44.810
3458,3458,115.267,231.582,437.779,22.055,41.693,423,1,577,482,54.952,45.905,470.500,44.810
3459,3459,115.300,231.625,437.901,22.060,41.705,420,1,577,482,54.952,45.905,470.500,44.810
3460,3460,115.333,231.609,437.878,22.058,41.703,414,1,577,482,54.952,45.905,470.500,44.810
3461,3461,115.367,231.397,437.571,22.038,41.673,408,1,577,482,54.952,45.905,470.500,44.810
3462,3462,115.400,231.526,437.653,22.050,41.681,393,1,577,482,54.952,45.905,470.500,44.810
3463,3463,115.433,231.515,437.543,22.049,41.671,396,1,577,482,54.952,45.905,470.500,44.810
3464,3464,115.467,231.316,437.446,22.030,41.662,403,1,577,482,54.952,45.905,470.500,44.810
3465,3465,115.500,231.324,437.532,22.031,41.670,406,1,577,482,54.952,45.905,470.500,44.810
3466,3466,115.533,231.166,437.385,22.016,41.656,401,1,577,482,54.952,45.905,470.500,44.810
3467,3467,115.567,230.987,437.149,21.999,41.633,406,1,577,482,54.952,45.905,470.500,44.810
3468,3468,115.600,230.755,436.736,21.977,41.594,406,1,577,482,54.952,45.905,470.500,44.810
3469,3469,115.633,230.608,436.500,21.963,41.571,411,1,577,482,54.952,45.905,470.500,44.810
3470,3470,115.667,230.513,436.282,21.954,41.551,416,1,577,482,54.952,45.905,470.500,44.810
3471,3471,115.700,230.314,436.027,21.935,41.526,414,1,577,482,54.952,45.905,470.500,44.810
3472,3472,115.733,230.191,435.755,21.923,41.500,410,1,577,482,54.952,45.905,470.500,44.810
3473,3473,115.767,230.016,435.466,21.906,41.473,415,1,577,482,54.952,45.905,470.500,44.810
3474,3474,115.800,229.992,435.361,21.904,41.463,411,1,577,482,54.952,45.905,470.500,44.810
3475,3475,115.833,229.778,435.062,21.884,41.434,409,1,577,482,54.952,45.905,470.500,44.810
3476,3476,115.867,229.636,434.826,21.870,41.412,411,1,577,482,54.952,45.905,470.500,44.810
3477,3477,115.900,229.493,434.654,21.856,41.396,412,1,577,482,54.952,45.905,470.500,44.810
3478,3478,115.933,229.412,434.531,21.849,41.384,413,1,577,482,54.952,45.905,470.500,44.810
3479,3479,115.967,229.187,434.289,21.827,41.361,421,1,577,482,54.952,45.905,470.500,44.810
3480,3480,116.000,228.942,433.910,21.804,41.325,415,1,577,482,54.952,45.905,470.500,44.810
3481,3481,116.033,228.617,433.836,21.773,41.318,418,1,577,482,54.952,45.905,470.500,44.810
3482,3482,116.067,228.368,433.401,21.749,41.276,420,1,577,482,54.952,45.905,470.500,44.810
3483,3483,116.100,228.330,433.332,21.746,41.270,417,1,577,482,54.952,45.905,470.500,44.810
3484,3484,116.133,228.234,433.110,21.737,41.249,418,1,577,482,54.952,45.905,470.500,44.810
3485,3485,116.167,228.014,432.873,21.716,41.226,412,1,577,482,54.952,45.905,470.500,44.810
3486,3486,116.200,227.758,432.563,21.691,41.196,409,1,577,482,54.952,45.905,470.500,44.810
3487,3487,116.233,227.639,432.457,21.680,41.186,409,1,577,482,54.952,45.905,470.500,44.810
3488,3488,116.267,227.526,432.287,21.669,41.170,400,1,577,482,54.952,45.905,470.500,44.810
3489,3489,116.300,227.454,432.133,21.662,41.156,403,1,577,482,54.952,45.905,470.500,44.810
3490,3490,116.333,227.498,432.071,21.666,41.150,399,1,577,482,54.952,45.905,470.500,44.810
3491,3491,116.367,227.344,431.748,21.652,41.119,403,1,577,482,54.952,45.905,470.500,44.810
3492,3492,116.400,227.112,431.287,21.630,41.075,402,1,577,482,54.952,45.905,470.500,44.810
3493,3493,116.433,227.044,431.215,21.623,41.068,400,1,577,482,54.952,45.905,470.500,44.810
3494,3494,116.467,226.805,430.781,21.600,41.027,404,1,577,482,54.952,45.905,470.500,44.810
3495,3495,116.500,226.769,430.706,21.597,41.020,408,1,577,482,54.952,45.905,470.500,44.810
3496,3496,116.533,226.504,430.397,21.572,40.990,402,1,577,482,54.952,45.905,470.500,44.810
3497,3497,116.567,226.520,430.378,21.573,40.988,402,1,577,482,54.952,45.905,470.500,44.810
3498,3498,116.600,226.497,430.291,21.571,40.980,403,1,577,482,54.952,45.905,470.500,44.810
3499,3499,116.633,226.479,430.310,21.569,40.982,402,1,577,482,54.952,45.905,470.500,44.810
3500,3500,116.667,226.664,430.287,21.587,40.980,392,1,577,482,54.952,45.905,470.500,44.810
3501,3501,116.700,226.635,430.088,21.584,40.961,387,1,577,482,54.952,45.905,470.500,44.810
3502,3502,116.733,226.717,430.050,21.592,40.957,390,1,577,482,54.952,45.905,470.500,44.810
3503,3503,116.767,226.709,429.892,21.591,40.942,389,1,577,482,54.952,45.905,470.500,44.810
3504,3504,116.800,226.831,430.045,21.603,40.957,382,1,577,482,54.952,45.905,470.500,44.810
3505,3505,116.833,227.019,430.147,21.621,40.966,382,1,577,482,54.952,45.905,470.500,44.810
3506,3506,116.867,227.195,430.364,21.638,40.987,378,1,577,482,54.952,45.905,470.500,44.810
3507,3507,116.900,227.357,430.687,21.653,41.018,369,1,577,482,54.952,45.905,470.500,44.810
3508,3508,116.933,227.316,430.534,21.649,41.003,367,1,577,482,54.952,45.905,470.500,44.810
3509,3509,116.967,227.322,430.518,21.650,41.002,372,1,577,482,54.952,45.905,470.500,44.810
3510,3510,117.000,227.248,430.382,21.643,40.989,368,1,577,482,54.952,45.905,470.500,44.810
3511,3511,117.033,227.212,430.199,21.639,40.971,370,1,577,482,54.952,45.905,470.500,44.810
3512,3512,117.067,227.178,430.215,21.636,40.973,369,1,577,482,54.952,45.905,470.500,44.810
3513,3513,117.100,226.810,429.877,21.601,40.941,373,1,577,482,54.952,45.905,470.500,44.810
3514,3514,117.133,226.705,429.719,21.591,40.926,377,1,577,482,54.952,45.905,470.500,44.810
3515,3515,117.167,226.511,429.404,21.572,40.896,375,1,577,482,54.952,45.905,470.500,44.810
3516,3516,117.200,226.525,429.402,21.574,40.895,379,1,577,482,54.952,45.905,470.500,44.810
3517,3517,117.233,226.337,429.263,21.556,40.882,382,1,577,482,54.952,45.905,470.500,44.810
3518,3518,117.267,226.263,429.124,21.549,40.869,381,1,577,482,54.952,45.905,470.500,44.810
3519,3519,117.300,226.202,429.020,21.543,40.859,382,1,577,482,54.952,45.905,470.500,44.810
3520,3520,117.333,226.078,428.855,21.531,40.843,380,1,577,482,54.952,45.905,470.500,44.810
3521,3521,117.367,225.903,428.607,21.515,40.820,386,1,577,482,54.952,45.905,470.500,44.810
3522,3522,117.400,225.583,428.132,21.484,40.774,378,1,577,482,54.952,45.905,470.500,44.810
3523,3523,117.433,225.341,427.737,21.461,40.737,383,1,577,482,54.952,45.905,470.500,44.810
3524,3524,117.467,225.264,427.605,21.454,40.724,379,1,577,482,54.952,45.905,470.500,44.810
3525,3525,117.500,225.218,427.509,21.449,40.715,384,1,577,482,54.952,45.905,470.500,44.810
3526,3526,117.533,225.049,427.129,21.433,40.679,391,1,577,482,54.952,45.905,470.500,44.810
3527,3527,117.567,224.824,426.875,21.412,40.655,379,1,577,482,54.952,45.905,470.500,44.810
3528,3528,117.600,224.494,426.528,21.380,40.622,382,1,577,482,54.952,45.905,470.500,44.810
3529,3529,117.633,224.249,426.245,21.357,40.595,386,1,577,482,54.952,45.905,470.500,44.810
3530,3530,117.667,224.248,426.504,21.357,40.619,400,1,577,482,54.952,45.905,470.500,44.810
3531,3531,117.700,224.123,426.336,21.345,40.603,401,1,577,482,54.952,45.905,470.500,44.810
3532,3532,117.733,224.017,426.155,21.335,40.586,399,1,577,482,54.952,45.905,470.500,44.810
3533,3533,117.767,223.809,425.812,21.315,40.553,413,1,577,482,54.952,45.905,470.500,44.810
3534,3534,117.800,223.687,425.651,21.304,40.538,408,1,577,482,54.952,45.905,470.500,44.810
3535,3535,117.833,223.198,424.975,21.257,40.474,415,1,577,482,54.952,45.905,470.500,44.810
3536,3536,117.867,223.036,424.740,21.242,40.451,416,1,577,482,54.952,45.905,470.500,44.810
3537,3537,117.900,222.846,424.463,21.223,40.425,415,1,577,482,54.952,45.905,470.500,44.810
3538,3538,117.933,222.736,424.289,21.213,40.408,415,1,577,482,54.952,45.905,470.500,44.810
3539,3539,117.967,222.486,424.096,21.189,40.390,410,1,577,482,54.952,45.905,470.500,44.810
3540,3540,118.000,222.437,424.018,21.184,40.383,410,1,577,482,54.952,45.905,470.500,44.810
3541,3541,118.033,222.263,424.027,21.168,40.384,414,1,577,482,54.952,45.905,470.500,44.810
3542,3542,118.067,221.944,423.543,21.138,40.337,415,1,577,482,54.952,45.905,470.500,44.810
3543,3543,118.100,221.910,423.306,21.134,40.315,424,1,577,482,54.952,45.905,470.500,44.810
3544,3544,118.133,221.633,422.795,21.108,40.266,427,1,577,482,54.952,45.905,470.500,44.810
3545,3545,118.167,221.499,422.506,21.095,40.239,427,1,577,482,54.952,45.905,470.500,44.810
3546,3546,118.200,221.420,422.325,21.088,40.221,423,1,577,482,54.952,45.905,470.500,44.810
3547,3547,118.233,221.264,422.088,21.073,40.199,427,1,577,482,54.952,45.905,470.500,44.810
3548,3548,118.267,221.298,422.001,21.076,40.191,420,1,577,482,54.952,45.905,470.500,44.810
3549,3549,118.300,221.197,421.894,21.066,40.180,417,1,577,482,54.952,45.905,470.500,44.810
3550,3550,118.333,221.229,421.836,21.069,40.175,412,1,577,482,54.952,45.905,470.500,44.810
3551,3551,118.367,221.168,421.548,21.064,40.147,420,1,577,482,54.952,45.905,470.500,44.810
3552,3552,118.400,221.393,421.577,21.085,40.150,416,1,577,482,54.952,45.905,470.500,44.810
3553,3553,118.433,221.393,421.407,21.085,40.134,423,1,577,482,54.952,45.905,470.500,44.810
3554,3554,118.467,221.728,421.703,21.117,40.162,401,1,577,482,54.952,45.905,470.500,44.810
3555,3555,118.500,221.946,421.824,21.138,40.174,396,1,577,482,54.952,45.905,470.500,44.810
3556,3556,118.533,221.999,421.795,21.143,40.171,398,1,577,482,54.952,45.905,470.500,44.810
3557,3557,118.567,221.996,421.587,21.142,40.151,389,1,577,482,54.952,45.905,470.500,44.810
3558,3558,118.600,222.110,421.578,21.153,40.150,386,1,577,482,54.952,45.905,470.500,44.810
3559,3559,118.633,222.079,421.533,21.150,40.146,386,1,577,482,54.952,45.905,470.500,44.810
3560,3560,118.667,222.079,421.536,21.150,40.146,386,1,577,482,54.952,45.905,470.500,44.810
3561,3561,118.700,222.030,421.405,21.146,40.134,385,1,577,482,54.952,45.905,470.500,44.810
3562,3562,118.733,222.107,421.564,21.153,40.149,385,1,577,482,54.952,45.905,470.500,44.810
3563,3563,118.767,221.971,421.468,21.140,40.140,384,1,577,482,54.952,45.905,470.500,44.810
3564,3564,118.800,221.982,421.414,21.141,40.135,383,1,577,482,54.952,45.905,470.500,44.810
3565,3565,118.833,221.595,421.035,21.104,40.099,380,1,577,482,54.952,45.905,470.500,44.810
3566,3566,118.867,221.593,421.164,21.104,40.111,379,1,577,482,54.952,45.905,470.500,44.810
3567,3567,118.900,221.183,420.615,21.065,40.059,394,1,577,482,54.952,45.905,470.500,44.810
3568,3568,118.933,221.092,420.557,21.056,40.053,394,1,577,482,54.952,45.905,470.500,44.810
3569,3569,118.967,221.061,420.500,21.053,40.048,392,1,577,482,54.952,45.905,470.500,44.810
3570,3570,119.000,220.798,420.257,21.028,40.024,388,1,577,482,54.952,45.905,470.500,44.810
3571,3571,119.033,220.623,420.001,21.012,40.000,388,1,577,482,54.952,45.905,470.500,44.810
3572,3572,119.067,220.598,419.979,21.009,39.998,389,1,577,482,54.952,45.905,470.500,44.810
3573,3573,119.100,220.508,419.883,21.001,39.989,392,1,577,482,54.952,45.905,470.500,44.810
3574,3574,119.133,220.337,419.625,20.984,39.964,390,1,577,482,54.952,45.905,470.500,44.810
3575,3575,119.167,219.966,419.064,20.949,39.911,391,1,577,482,54.952,45.905,470.500,44.810
3576,3576,119.200,219.895,419.024,20.942,39.907,396,1,577,482,54.952,45.905,470.500,44.810
3577,3577,119.233,219.839,418.948,20.937,39.900,395,1,577,482,54.952,45.905,470.500,44.810
3578,3578,119.267,219.502,418.661,20.905,39.872,396,1,577,482,54.952,45.905,470.500,44.810
3579,3579,119.300,219.472,418.694,20.902,39.876,399,1,577,482,54.952,45.905,470.500,44.810
3580,3580,119.333,219.215,418.240,20.878,39.832,396,1,577,482,54.952,45.905,470.500,44.810
3581,3581,119.367,219.121,418.178,20.869,39.826,402,1,577,482,54.952,45.905,470.500,44.810
3582,3582,119.400,219.203,418.261,20.876,39.834,410,1,577,482,54.952,45.905,470.500,44.810
3583,3583,119.433,219.107,418.161,20.867,39.825,405,1,577,482,54.952,45.905,470.500,44.810
3584,3584,119.467,218.861,417.640,20.844,39.775,407,1,577,482,54.952,45.905,470.500,44.810
3585,3585,119.500,218.907,417.699,20.848,39.781,408,1,577,482,54.952,45.905,470.500,44.810
3586,3586,119.533,218.709,417.455,20.829,39.758,411,1,577,482,54.952,45.905,470.500,44.810
3587,3587,119.567,218.715,417.424,20.830,39.755,412,1,577,482,54.952,45.905,470.500,44.810
3588,3588,119.600,218.263,416.797,20.787,39.695,420,1,577,482,54.952,45.905,470.500,44.810
3589,3589,119.633,218.060,416.612,20.768,39.677,417,1,577,482,54.952,45.905,470.500,44.810
3590,3590,119.667,218.091,416.673,20.771,39.683,414,1,577,482,54.952,45.905,470.500,44.810
3591,3591,119.700,217.768,416.212,20.740,39.639,407,1,577,482,54.952,45.905,470.500,44.810
3592,3592,119.733,217.629,416.095,20.727,39.628,416,1,577,482,54.952,45.905,470.500,44.810
3593,3593,119.767,217.550,415.812,20.719,39.601,418,1,577,482,54.952,45.905,470.500,44.810
3594,3594,119.800,217.260,415.323,20.691,39.555,422,1,577,482,54.952,45.905,470.500,44.810
3595,3595,119.833,217.140,415.103,20.680,39.534,423,1,577,482,54.952,45.905,470.500,44.810
3596,3596,119.867,216.921,414.750,20.659,39.500,428,1,577,482,54.952,45.905,470.500,44.810
3597,3597,119.900,216.657,414.335,20.634,39.460,422,1,577,482,54.952,45.905,470.500,44.810
3598,3598,119.933,216.380,413.813,20.608,39.411,418,1,577,482,54.952,45.905,470.500,44.810
3599,3599,119.967,216.285,413.660,20.599,39.396,416,1,577,482,54.952,45.905,470.500,44.810
3600,3600,120.000,216.241,413.487,20.594,39.380,412,1,577,482,54.952,45.905,470.500,44.810
3601,3601,120.033,216.140,413.312,20.585,39.363,406,1,577,482,54.952,45.905,470.500,44.810
3602,3602,120.067,215.899,412.784,20.562,39.313,412,1,577,482,54.952,45.905,470.500,44.810
3603,3603,120.100,215.963,412.885,20.568,39.322,406,1,577,482,54.952,45.905,470.500,44.810
3604,3604,120.133,215.881,412.615,20.560,39.297,403,1,577,482,54.952,45.905,470.500,44.810
3605,3605,120.167,216.023,412.838,20.574,39.318,400,1,577,482,54.952,45.905,470.500,44.810
3606,3606,120.200,216.175,412.719,20.588,39.307,398,1,577,482,54.952,45.905,470.500,44.810
3607,3607,120.233,216.191,412.725,20.590,39.307,396,1,577,482,54.952,45.905,470.500,44.810
3608,3608,120.267,216.339,412.950,20.604,39.329,401,1,577,482,54.952,45.905,470.500,44.810
3609,3609,120.300,216.426,412.806,20.612,39.315,396,1,577,482,54.952,45.905,470.500,44.810
3610,3610,120.333,216.519,412.779,20.621,39.312,397,1,577,482,54.952,45.905,470.500,44.810
3611,3611,120.367,216.577,412.725,20.626,39.307,385,1,577,482,54.952,45.905,470.500,44.810
3612,3612,120.400,216.599,412.640,20.629,39.299,386,1,577,482,54.952,45.905,470.500,44.810
3613,3613,120.433,216.726,412.765,20.641,39.311,391,1,577,482,54.952,45.905,470.500,44.810
3614,3614,120.467,216.831,412.732,20.651,39.308,396,1,577,482,54.952,45.905,470.500,44.810
3615,3615,120.500,216.751,412.584,20.643,39.294,384,1,577,482,54.952,45.905,470.500,44.810
3616,3616,120.533,216.677,412.372,20.636,39.274,389,1,577,482,54.952,45.905,470.500,44.810
3617,3617,120.567,216.924,412.559,20.659,39.291,383,1,577,482,54.952,45.905,470.500,44.810
3618,3618,120.600,216.845,412.497,20.652,39.285,389,1,577,482,54.952,45.905,470.500,44.810
3619,3619,120.633,216.735,412.449,20.641,39.281,389,1,577,482,54.952,45.905,470.500,44.810
3620,3620,120.667,216.654,412.406,20.634,39.277,388,1,577,482,54.952,45.905,470.500,44.810
3621,3621,120.700,216.589,412.228,20.628,39.260,386,1,577,482,54.952,45.905,470.500,44.810
3622,3622,120.733,216.287,411.823,20.599,39.221,391,1,577,482,54.952,45.905,470.500,44.810
3623,3623,120.767,216.202,411.835,20.591,39.222,394,1,577,482,54.952,45.905,470.500,44.810
3624,3624,120.800,215.924,411.512,20.564,39.192,403,1,577,482,54.952,45.905,470.500,44.810
3625,3625,120.833,215.810,411.538,20.553,39.194,397,1,577,482,54.952,45.905,470.500,44.810
3626,3626,120.867,215.384,410.954,20.513,39.138,405,1,577,482,54.952,45.905,470.500,44.810
3627,3627,120.900,215.430,411.046,20.517,39.147,401,1,577,482,54.952,45.905,470.500,44.810
3628,3628,120.933,215.323,410.894,20.507,39.133,398,1,577,482,54.952,45.905,470.500,44.810
3629,3629,120.967,215.025,410.426,20.479,39.088,405,1,577,482,54.952,45.905,470.500,44.810
3630,3630,121.000,214.740,410.094,20.451,39.057,397,1,577,482,54.952,45.905,470.500,44.810
3631,3631,121.033,214.735,410.154,20.451,39.062,399,1,577,482,54.952,45.905,470.500,44.810
3632,3632,121.067,214.675,410.121,20.445,39.059,400,1,577,482,54.952,45.905,470.500,44.810
3633,3633,121.100,214.476,409.727,20.426,39.022,411,1,577,482,54.952,45.905,470.500,44.810
3634,3634,121.133,214.133,409.387,20.394,38.989,413,1,577,482,54.952,45.905,470.500,44.810
3635,3635,121.167,214.147,409.450,20.395,38.995,410,1,577,482,54.952,45.905,470.500,44.810
3636,3636,121.200,213.823,408.934,20.364,38.946,413,1,577,482,54.952,45.905,470.500,44.810
3637,3637,121.233,213.664,408.715,20.349,38.925,403,1,577,482,54.952,45.905,470.500,44.810
3638,3638,121.267,213.616,408.714,20.344,38.925,397,1,577,482,54.952,45.905,470.500,44.810
3639,3639,121.300,213.284,408.132,20.313,38.870,400,1,577,482,54.952,45.905,470.500,44.810
3640,3640,121.333,213.046,407.709,20.290,38.829,398,1,577,482,54.952,45.905,470.500,44.810
3641,3641,121.367,212.852,407.545,20.272,38.814,393,1,577,482,54.952,45.905,470.500,44.810
3642,3642,121.400,212.769,407.333,20.264,38.794,395,1,577,482,54.952,45.905,470.500,44.810
3643,3643,121.433,212.583,407.021,20.246,38.764,389,1,577,482,54.952,45.905,470.500,44.810
3644,3644,121.467,212.497,406.765,20.238,38.740,384,1,577,482,54.952,45.905,470.500,44.810
3645,3645,121.500,212.312,406.518,20.220,38.716,384,1,577,482,54.952,45.905,470.500,44.810
3646,3646,121.533,212.228,406.306,20.212,38.696,375,1,577,482,54.952,45.905,470.500,44.810
3647,3647,121.567,211.855,405.954,20.177,38.662,370,1,577,482,54.952,45.905,470.500,44.810
3648,3648,121.600,211.909,405.814,20.182,38.649,365,1,577,482,54.952,45.905,470.500,44.810
3649,3649,121.633,212.019,405.936,20.192,38.661,357,1,577,482,54.952,45.905,470.500,44.810
3650,3650,121.667,211.825,405.396,20.174,38.609,366,1,577,482,54.952,45.905,470.500,44.810
3651,3651,121.700,211.711,405.225,20.163,38.593,359,1,577,482,54.952,45.905,470.500,44.810
3652,3652,121.733,211.622,404.958,20.154,38.567,356,1,577,482,54.952,45.905,470.500,44.810
3653,3653,121.767,211.616,404.738,20.154,38.547,374,1,577,482,54.952,45.905,470.500,44.810
3654,3654,121.800,211.610,404.703,20.153,38.543,365,1,577,482,54.952,45.905,470.500,44.810
3655,3655,121.833,211.876,404.955,20.179,38.567,361,1,577,482,54.952,45.905,470.500,44.810
3656,3656,121.867,211.910,405.019,20.182,38.573,361,1,577,482,54.952,45.905,470.500,44.810
3657,3657,121.900,212.012,405.056,20.192,38.577,355,1,577,482,54.952,45.905,470.500,44.810
3658,3658,121.933,212.302,405.289,20.219,38.599,357,1,577,482,54.952,45.905,470.500,44.810
3659,3659,121.967,212.276,405.318,20.217,38.602,364,1,577,482,54.952,45.905,470.500,44.810
3660,3660,122.000,212.202,405.242,20.210,38.594,357,1,577,482,54.952,45.905,470.500,44.810
3661,3661,122.033,212.396,405.601,20.228,38.629,342,1,577,482,54.952,45.905,470.500,44.810
3662,3662,122.067,212.453,405.541,20.234,38.623,338,1,577,482,54.952,45.905,470.500,44.810
3663,3663,122.100,212.533,405.655,20.241,38.634,343,1,577,482,54.952,45.905,470.500,44.810
3664,3664,122.133,212.254,405.257,20.215,38.596,349,1,577,482,54.952,45.905,470.500,44.810
3665,3665,122.167,212.274,405.168,20.217,38.587,350,1,577,482,54.952,45.905,470.500,44.810
3666,3666,122.200,212.210,405.079,20.210,38.579,351,1,577,482,54.952,45.905,470.500,44.810
3667,3667,122.233,212.045,404.858,20.195,38.558,354,1,577,482,54.952,45.905,470.500,44.810
3668,3668,122.267,211.767,404.561,20.168,38.530,360,1,577,482,54.952,45.905,470.500,44.810
3669,3669,122.300,211.541,404.265,20.147,38.501,355,1,577,482,54.952,45.905,470.500,44.810
3670,3670,122.333,211.136,403.688,20.108,38.446,368,1,577,482,54.952,45.905,470.500,44.810
3671,3671,122.367,211.138,403.672,20.108,38.445,367,1,577,482,54.952,45.905,470.500,44.810
3672,3672,122.400,210.949,403.357,20.090,38.415,369,1,577,482,54.952,45.905,470.500,44.810
3673,3673,122.433,210.562,403.034,20.054,38.384,382,1,577,482,54.952,45.905,470.500,44.810
3674,3674,122.467,210.376,402.625,20.036,38.345,383,1,577,482,54.952,45.905,470.500,44.810
3675,3675,122.500,210.305,402.548,20.029,38.338,385,1,577,482,54.952,45.905,470.500,44.810
3676,3676,122.533,210.179,402.332,20.017,38.317,382,1,577,482,54.952,45.905,470.500,44.810
3677,3677,122.567,209.740,401.685,19.975,38.256,388,1,577,482,54.952,45.905,470.500,44.810
3678,3678,122.600,209.750,401.716,19.976,38.259,387,1,577,482,54.952,45.905,470.500,44.810
3679,3679,122.633,209.553,401.422,19.957,38.231,379,1,577,482,54.952,45.905,470.500,44.810
3680,3680,122.667,209.558,401.476,19.958,38.236,382,1,577,482,54.952,45.905,470.500,44.810
3681,3681,122.700,209.367,401.321,19.940,38.221,387,1,577,482,54.952,45.905,470.500,44.810
3682,3682,122.733,209.175,400.976,19.921,38.188,389,1,577,482,54.952,45.905,470.500,44.810
3683,3683,122.767,209.045,400.791,19.909,38.171,389,1,577,482,54.952,45.905,470.500,44.810
3684,3684,122.800,208.824,400.537,19.888,38.146,394,1,577,482,54.952,45.905,470.500,44.810
3685,3685,122.833,208.807,400.498,19.886,38.143,391,1,577,482,54.952,45.905,470.500,44.810
3686,3686,122.867,208.521,399.971,19.859,38.092,386,1,577,482,54.952,45.905,470.500,44.810
3687,3687,122.900,208.323,399.830,19.840,38.079,394,1,577,482,54.952,45.905,470.500,44.810
3688,3688,122.933,208.136,399.418,19.822,38.040,394,1,577,482,54.952,45.905,470.500,44.810
3689,3689,122.967,207.698,398.761,19.781,37.977,387,1,577,482,54.952,45.905,470.500,44.810
3690,3690,123.000,207.480,398.444,19.760,37.947,382,1,577,482,54.952,45.905,470.500,44.810
3691,3691,123.033,207.171,397.900,19.731,37.895,393,1,577,482,54.952,45.905,470.500,44.810
3692,3692,123.067,207.155,397.651,19.729,37.872,396,1,577,482,54.952,45.905,470.500,44.810
3693,3693,123.100,206.791,397.044,19.694,37.814,395,1,577,482,54.952,45.905,470.500,44.810
3694,3694,123.133,206.519,396.720,19.669,37.783,394,1,577,482,54.952,45.905,470.500,44.810
3695,3695,123.167,206.492,396.564,19.666,37.768,400,1,577,482,54.952,45.905,470.500,44.810
3696,3696,123.200,206.264,396.199,19.644,37.733,395,1,577,482,54.952,45.905,470.500,44.810
3697,3697,123.233,206.300,396.127,19.648,37.726,394,1,577,482,54.952,45.905,470.500,44.810
3698,3698,123.267,206.177,395.849,19.636,37.700,393,1,577,482,54.952,45.905,470.500,44.810
3699,3699,123.300,206.166,395.853,19.635,37.700,393,1,577,482,54.952,45.905,470.500,44.810
3700,3700,123.333,206.226,395.809,19.641,37.696,395,1,577,482,54.952,45.905,470.500,44.810
3701,3701,123.367,206.230,395.754,19.641,37.691,396,1,577,482,54.952,45.905,470.500,44.810
3702,3702,123.400,206.376,395.894,19.655,37.704,395,1,577,482,54.952,45.905,470.500,44.810
3703,3703,123.433,206.399,395.791,19.657,37.694,395,1,577,482,54.952,45.905,470.500,44.810
3704,3704,123.467,206.504,395.825,19.667,37.698,391,1,577,482,54.952,45.905,470.500,44.810
3705,3705,123.500,206.484,395.828,19.665,37.698,394,1,577,482,54.952,45.905,470.500,44.810
3706,3706,123.533,206.642,395.998,19.680,37.714,381,1,577,482,54.952,45.905,470.500,44.810
3707,3707,123.567,206.743,396.253,19.690,37.738,375,1,577,482,54.952,45.905,470.500,44.810
3708,3708,123.600,206.701,396.124,19.686,37.726,385,1,577,482,54.952,45.905,470.500,44.810
3709,3709,123.633,206.775,396.294,19.693,37.742,381,1,577,482,54.952,45.905,470.500,44.810
3710,3710,123.667,206.861,396.315,19.701,37.744,375,1,577,482,54.952,45.905,470.500,44.810
3711,3711,123.700,207.094,396.661,19.723,37.777,367,1,577,482,54.952,45.905,470.500,44.810
3712,3712,123.733,207.137,396.708,19.727,37.782,364,1,577,482,54.952,45.905,470.500,44.810
3713,3713,123.767,206.978,396.559,19.712,37.768,369,1,577,482,54.952,45.905,470.500,44.810
3714,3714,123.800,206.806,396.239,19.696,37.737,364,1,577,482,54.952,45.905,470.500,44.810
3715,3715,123.833,206.942,396.488,19.709,37.761,362,1,577,482,54.952,45.905,470.500,44.810
3716,3716,123.867,206.916,396.586,19.706,37.770,365,1,577,482,54.952,45.905,470.500,44.810
3717,3717,123.900,206.869,396.486,19.702,37.761,363,1,577,482,54.952,45.905,470.500,44.810
3718,3718,123.933,206.848,396.393,19.700,37.752,367,1,577,482,54.952,45.905,470.500,44.810
3719,3719,123.967,206.842,396.332,19.699,37.746,367,1,577,482,54.952,45.905,470.500,44.810
3720,3720,124.000,206.832,396.339,19.698,37.747,365,1,577,482,54.952,45.905,470.500,44.810
3721,3721,124.033,206.687,396.032,19.684,37.717,362,1,577,482,54.952,45.905,470.500,44.810
3722,3722,124.067,206.668,395.972,19.683,37.712,359,1,577,482,54.952,45.905,470.500,44.810
3723,3723,124.100,206.674,395.983,19.683,37.713,362,1,577,482,54.952,45.905,470.500,44.810
3724,3724,124.133,206.769,395.995,19.692,37.714,359,1,577,482,54.952,45.905,470.500,44.810
3725,3725,124.167,206.669,395.899,19.683,37.705,363,1,577,482,54.952,45.905,470.500,44.810
3726,3726,124.200,206.559,395.762,19.672,37.692,366,1,577,482,54.952,45.905,470.500,44.810
3727,3727,124.233,206.541,395.759,19.671,37.691,366,1,577,482,54.952,45.905,470.500,44.810
3728,3728,124.267,206.552,395.758,19.672,37.691,362,1,577,482,54.952,45.905,470.500,44.810
3729,3729,124.300,206.552,395.758,19.672,37.691,362,1,577,482,54.952,45.905,470.500,44.810
3730,3730,124.333,206.539,395.770,19.670,37.692,362,1,577,482,54.952,45.905,470.500,44.810
3731,3731,124.367,206.410,395.652,19.658,37.681,361,1,577,482,54.952,45.905,470.500,44.810
3732,3732,124.400,206.244,395.492,19.642,37.666,360,1,577,482,54.952,45.905,470.500,44.810
3733,3733,124.433,206.232,395.516,19.641,37.668,361,1,577,482,54.952,45.905,470.500,44.810
3734,3734,124.467,206.183,395.628,19.636,37.679,367,1,577,482,54.952,45.905,470.500,44.810
3735,3735,124.500,206.047,395.487,19.624,37.665,370,1,577,482,54.952,45.905,470.500,44.810
3736,3736,124.533,205.945,395.487,19.614,37.665,370,1,577,482,54.952,45.905,470.500,44.810
3737,3737,124.567,205.532,395.276,19.574,37.645,373,1,577,482,54.952,45.905,470.500,44.810
3738,3738,124.600,205.438,395.141,19.566,37.632,374,1,577,482,54.952,45.905,470.500,44.810
3739,3739,124.633,205.516,395.199,19.573,37.638,379,1,577,482,54.952,45.905,470.500,44.810
3740,3740,124.667,205.469,395.222,19.568,37.640,384,1,577,482,54.952,45.905,470.500,44.810
3741,3741,124.700,205.182,395.028,19.541,37.622,395,1,577,482,54.952,45.905,470.500,44.810
3742,3742,124.733,205.067,395.055,19.530,37.624,402,1,577,482,54.952,45.905,470.500,44.810
3743,3743,124.767,204.764,394.811,19.501,37.601,408,1,577,482,54.952,45.905,470.500,44.810
3744,3744,124.800,204.543,394.593,19.480,37.580,412,1,577,482,54.952,45.905,470.500,44.810
3745,3745,124.833,204.189,394.299,19.447,37.552,417,1,577,482,54.952,45.905,470.500,44.810
3746,3746,124.867,204.091,394.230,19.437,37.546,421,1,577,482,54.952,45.905,470.500,44.810
3747,3747,124.900,203.756,393.923,19.405,37.517,423,1,577,482,54.952,45.905,470.500,44.810
3748,3748,124.933,203.649,393.902,19.395,37.515,428,1,577,482,54.952,45.905,470.500,44.810
3749,3749,124.967,203.683,393.937,19.398,37.518,423,1,577,482,54.952,45.905,470.500,44.810
3750,3750,125.000,203.551,393.812,19.386,37.506,424,1,577,482,54.952,45.905,470.500,44.810
3751,3751,125.033,203.221,393.479,19.354,37.474,437,1,577,482,54.952,45.905,470.500,44.810
3752,3752,125.067,203.140,393.498,19.347,37.476,430,1,577,482,54.952,45.905,470.500,44.810
3753,3753,125.100,202.926,393.266,19.326,37.454,431,1,577,482,54.952,45.905,470.500,44.810
3754,3754,125.133,202.940,393.182,19.328,37.446,440,1,577,482,54.952,45.905,470.500,44.810
3755,3755,125.167,202.869,393.034,19.321,37.432,424,1,577,482,54.952,45.905,470.500,44.810
3756,3756,125.200,203.047,393.166,19.338,37.444,419,1,577,482,54.952,45.905,470.500,44.810
3757,3757,125.233,203.030,393.123,19.336,37.440,418,1,577,482,54.952,45.905,470.500,44.810
3758,3758,125.267,203.041,393.076,19.337,37.436,416,1,577,482,54.952,45.905,470.500,44.810
3759,3759,125.300,203.171,393.193,19.350,37.447,411,1,577,482,54.952,45.905,470.500,44.810
3760,3760,125.333,203.093,393.100,19.342,37.438,417,1,577,482,54.952,45.905,470.500,44.810
3761,3761,125.367,203.253,393.288,19.357,37.456,413,1,577,482,54.952,45.905,470.500,44.810
3762,3762,125.400,203.351,393.322,19.367,37.459,419,1,577,482,54.952,45.905,470.500,44.810
3763,3763,125.433,203.136,393.191,19.346,37.447,422,1,577,482,54.952,45.905,470.500,44.810
3764,3764,125.467,203.254,393.393,19.358,37.466,409,1,577,482,54.952,45.905,470.500,44.810
3765,3765,125.500,203.264,393.377,19.359,37.464,412,1,577,482,54.952,45.905,470.500,44.810
3766,3766,125.533,203.207,393.332,19.353,37.460,412,1,577,482,54.952,45.905,470.500,44.810
3767,3767,125.567,202.824,392.883,19.317,37.417,406,1,577,482,54.952,45.905,470.500,44.810
3768,3768,125.600,202.484,392.632,19.284,37.393,404,1,577,482,54.952,45.905,470.500,44.810
3769,3769,125.633,202.468,392.577,19.283,37.388,401,1,577,482,54.952,45.905,470.500,44.810
3770,3770,125.667,202.364,392.472,19.273,37.378,398,1,577,482,54.952,45.905,470.500,44.810
3771,3771,125.700,201.940,392.055,19.232,37.339,392,1,577,482,54.952,45.905,470.500,44.810
3772,3772,125.733,201.858,392.055,19.225,37.339,386,1,577,482,54.952,45.905,470.500,44.810
3773,3773,125.767,201.873,392.144,19.226,37.347,384,1,577,482,54.952,45.905,470.500,44.810
3774,3774,125.800,201.512,391.791,19.192,37.313,383,1,577,482,54.952,45.905,470.500,44.810
3775,3775,125.833,201.226,391.456,19.164,37.281,374,1,577,482,54.952,45.905,470.500,44.810
3776,3776,125.867,201.309,391.556,19.172,37.291,384,1,577,482,54.952,45.905,470.500,44.810
3777,3777,125.900,201.201,391.452,19.162,37.281,386,1,577,482,54.952,45.905,470.500,44.810
3778,3778,125.933,201.111,391.364,19.153,37.273,388,1,577,482,54.952,45.905,470.500,44.810
3779,3779,125.967,201.066,391.128,19.149,37.250,385,1,577,482,54.952,45.905,470.500,44.810
3780,3780,126.000,201.041,390.964,19.147,37.235,394,1,577,482,54.952,45.905,470.500,44.810
3781,3781,126.033,201.649,391.285,19.205,37.265,391,1,577,482,54.952,45.905,470.500,44.810
3782,3782,126.067,201.721,391.207,19.212,37.258,391,1,577,482,54.952,45.905,470.500,44.810
3783,3783,126.100,201.693,390.972,19.209,37.235,395,1,577,482,54.952,45.905,470.500,44.810
3784,3784,126.133,201.537,390.704,19.194,37.210,400,1,577,482,54.952,45.905,470.500,44.810
3785,3785,126.167,201.591,390.642,19.199,37.204,393,1,577,482,54.952,45.905,470.500,44.810
3786,3786,126.200,201.695,390.543,19.209,37.195,396,1,577,482,54.952,45.905,470.500,44.810
3787,3787,126.233,201.789,390.556,19.218,37.196,397,1,577,482,54.952,45.905,470.500,44.810
3788,3788,126.267,202.068,390.649,19.245,37.205,393,1,577,482,54.952,45.905,470.500,44.810
3789,3789,126.300,201.877,390.563,19.226,37.196,390,1,577,482,54.952,45.905,470.500,44.810
3790,3790,126.333,201.802,390.597,19.219,37.200,397,1,577,482,54.952,45.905,470.500,44.810
3791,3791,126.367,201.770,390.615,19.216,37.201,393,1,577,482,54.952,45.905,470.500,44.810
3792,3792,126.400,201.830,390.715,19.222,37.211,389,1,577,482,54.952,45.905,470.500,44.810
3793,3793,126.433,201.557,390.790,19.196,37.218,393,1,577,482,54.952,45.905,470.500,44.810
3794,3794,126.467,201.293,390.743,19.171,37.214,392,1,577,482,54.952,45.905,470.500,44.810
3795,3795,126.500,201.109,390.705,19.153,37.210,392,1,577,482,54.952,45.905,470.500,44.810
3796,3796,126.533,200.573,390.435,19.102,37.184,404,1,577,482,54.952,45.905,470.500,44.810
3797,3797,126.567,200.521,390.548,19.097,37.195,402,1,577,482,54.952,45.905,470.500,44.810
3798,3798,126.600,199.975,390.205,19.045,37.162,413,1,577,482,54.952,45.905,470.500,44.810
3799,3799,126.633,199.627,390.118,19.012,37.154,407,1,577,482,54.952,45.905,470.500,44.810
3800,3800,126.667,199.113,389.741,18.963,37.118,411,1,577,482,54.952,45.905,470.500,44.810
3801,3801,126.700,198.837,389.521,18.937,37.097,405,1,577,482,54.952,45.905,470.500,44.810
3802,3802,126.733,198.559,389.519,18.910,37.097,407,1,577,482,54.952,45.905,470.500,44.810
3803,3803,126.767,198.163,389.240,18.873,37.070,397,1,577,482,54.952,45.905,470.500,44.810
3804,3804,126.800,197.825,389.149,18.840,37.062,408,1,577,482,54.952,45.905,470.500,44.810
3805,3805,126.833,197.695,389.039,18.828,37.051,403,1,577,482,54.952,45.905,470.500,44.810
3806,3806,126.867,197.024,388.759,18.764,37.025,405,1,577,482,54.952,45.905,470.500,44.810
3807,3807,126.900,196.443,388.451,18.709,36.995,409,1,577,482,54.952,45.905,470.500,44.810
3808,3808,126.933,196.379,388.414,18.703,36.992,412,1,577,482,54.952,45.905,470.500,44.810
3809,3809,126.967,195.985,388.107,18.665,36.963,408,1,577,482,54.952,45.905,470.500,44.810
3810,3810,127.000,195.581,387.889,18.627,36.942,408,1,577,482,54.952,45.905,470.500,44.810
3811,3811,127.033,195.361,387.760,18.606,36.929,404,1,577,482,54.952,45.905,470.500,44.810
3812,3812,127.067,195.186,387.726,18.589,36.926,394,1,577,482,54.952,45.905,470.500,44.810
3813,3813,127.100,194.968,387.675,18.568,36.921,401,1,577,482,54.952,45.905,470.500,44.810
3814,3814,127.133,194.538,387.390,18.527,36.894,405,1,577,482,54.952,45.905,470.500,44.810
3815,3815,127.167,194.256,387.152,18.501,36.872,405,1,577,482,54.952,45.905,470.500,44.810
3816,3816,127.200,194.015,386.957,18.478,36.853,396,1,577,482,54.952,45.905,470.500,44.810
3817,3817,127.233,193.610,386.667,18.439,36.825,401,1,577,482,54.952,45.905,470.500,44.810
3818,3818,127.267,193.505,386.515,18.429,36.811,402,1,577,482,54.952,45.905,470.500,44.810
3819,3819,127.300,193.475,386.321,18.426,36.792,398,1,577,482,54.952,45.905,470.500,44.810
3820,3820,127.333,193.756,386.298,18.453,36.790,399,1,577,482,54.952,45.905,470.500,44.810
3821,3821,127.367,193.806,386.202,18.458,36.781,388,1,577,482,54.952,45.905,470.500,44.810
3822,3822,127.400,193.711,386.077,18.449,36.769,398,1,577,482,54.952,45.905,470.500,44.810
3823,3823,127.433,193.918,386.070,18.468,36.769,394,1,577,482,54.952,45.905,470.500,44.810
3824,3824,127.467,193.553,385.595,18.434,36.723,396,1,577,482,54.952,45.905,470.500,44.810
3825,3825,127.500,193.472,385.481,18.426,36.712,394,1,577,482,54.952,45.905,470.500,44.810
3826,3826,127.533,193.615,385.425,18.439,36.707,392,1,577,482,54.952,45.905,470.500,44.810
3827,3827,127.567,193.637,385.355,18.442,36.701,388,1,577,482,54.952,45.905,470.500,44.810
3828,3828,127.600,193.741,385.317,18.452,36.697,387,1,577,482,54.952,45.905,470.500,44.810
3829,3829,127.633,193.676,385.223,18.445,36.688,392,1,577,482,54.952,45.905,470.500,44.810
3830,3830,127.667,193.626,385.192,18.441,36.685,384,1,577,482,54.952,45.905,470.500,44.810
3831,3831,127.700,193.690,385.228,18.447,36.688,383,1,577,482,54.952,45.905,470.500,44.810
3832,3832,127.733,193.590,385.200,18.437,36.686,385,1,577,482,54.952,45.905,470.500,44.810
3833,3833,127.767,193.432,385.238,18.422,36.689,388,1,577,482,54.952,45.905,470.500,44.810
3834,3834,127.800,193.414,385.285,18.420,36.694,388,1,577,482,54.952,45.905,470.500,44.810
3835,3835,127.833,193.142,385.296,18.395,36.695,393,1,577,482,54.952,45.905,470.500,44.810
3836,3836,127.867,192.962,385.271,18.377,36.692,395,1,577,482,54.952,45.905,470.500,44.810
3837,3837,127.900,192.631,385.308,18.346,36.696,392,1,577,482,54.952,45.905,470.500,44.810
3838,3838,127.933,192.618,385.331,18.345,36.698,382,1,577,482,54.952,45.905,470.500,44.810
3839,3839,127.967,192.139,385.197,18.299,36.685,391,1,577,482,54.952,45.905,470.500,44.810
3840,3840,128.000,191.810,385.007,18.268,36.667,384,1,577,482,54.952,45.905,470.500,44.810
3841,3841,128.033,190.978,384.737,18.188,36.642,394,1,577,482,54.952,45.905,470.500,44.810
3842,3842,128.067,190.546,384.613,18.147,36.630,403,1,577,482,54.952,45.905,470.500,44.810
3843,3843,128.100,190.041,384.415,18.099,36.611,410,1,577,482,54.952,45.905,470.500,44.810
3844,3844,128.133,190.011,384.366,18.096,36.606,404,1,577,482,54.952,45.905,470.500,44.810
3845,3845,128.167,189.561,384.174,18.053,36.588,405,1,577,482,54.952,45.905,470.500,44.810
3846,3846,128.200,189.422,384.139,18.040,36.585,404,1,577,482,54.952,45.905,470.500,44.810
3847,3847,128.233,188.907,383.940,17.991,36.566,407,1,577,482,54.952,45.905,470.500,44.810
3848,3848,128.267,187.958,383.458,17.901,36.520,410,1,577,482,54.952,45.905,470.500,44.810
3849,3849,128.300,187.537,383.240,17.861,36.499,409,1,577,482,54.952,45.905,470.500,44.810
3850,3850,128.333,187.236,383.061,17.832,36.482,413,1,577,482,54.952,45.905,470.500,44.810
3851,3851,128.367,186.477,382.689,17.760,36.447,420,1,577,482,54.952,45.905,470.500,44.810
3852,3852,128.400,186.061,382.618,17.720,36.440,422,1,577,482,54.952,45.905,470.500,44.810
3853,3853,128.433,185.731,382.391,17.689,36.418,416,1,577,482,54.952,45.905,470.500,44.810
3854,3854,128.467,185.750,382.410,17.690,36.420,415,1,577,482,54.952,45.905,470.500,44.810
3855,3855,128.500,185.422,382.262,17.659,36.406,413,1,577,482,54.952,45.905,470.500,44.810
3856,3856,128.533,185.264,382.080,17.644,36.389,417,1,577,482,54.952,45.905,470.500,44.810
3857,3857,128.567,185.222,382.022,17.640,36.383,418,1,577,482,54.952,45.905,470.500,44.810
3858,3858,128.600,184.830,381.736,17.603,36.356,410,1,577,482,54.952,45.905,470.500,44.810
3859,3859,128.633,184.796,381.675,17.600,36.350,411,1,577,482,54.952,45.905,470.500,44.810
3860,3860,128.667,185.128,381.787,17.631,36.361,420,1,577,482,54.952,45.905,470.500,44.810
3861,3861,128.700,184.902,381.555,17.610,36.339,409,1,577,482,54.952,45.905,470.500,44.810
3862,3862,128.733,184.884,381.420,17.608,36.326,420,1,577,482,54.952,45.905,470.500,44.810
3863,3863,128.767,184.638,381.257,17.585,36.310,427,1,577,482,54.952,45.905,470.500,44.810
3864,3864,128.800,184.555,381.196,17.577,36.304,420,1,577,482,54.952,45.905,470.500,44.810
3865,3865,128.833,184.629,381.175,17.584,36.302,409,1,577,482,54.952,45.905,470.500,44.810
3866,3866,128.867,185.000,381.337,17.619,36.318,413,1,577,482,54.952,45.905,470.500,44.810
3867,3867,128.900,185.063,381.284,17.625,36.313,401,1,577,482,54.952,45.905,470.500,44.810
3868,3868,128.933,185.114,381.303,17.630,36.315,395,1,577,482,54.952,45.905,470.500,44.810
3869,3869,128.967,185.120,381.250,17.630,36.310,397,1,577,482,54.952,45.905,470.500,44.810
3870,3870,129.000,185.216,381.250,17.640,36.310,398,1,577,482,54.952,45.905,470.500,44.810
3871,3871,129.033,185.238,381.249,17.642,36.309,398,1,577,482,54.952,45.905,470.500,44.810
3872,3872,129.067,185.059,381.136,17.625,36.299,397,1,577,482,54.952,45.905,470.500,44.810
3873,3873,129.100,185.533,381.302,17.670,36.314,383,1,577,482,54.952,45.905,470.500,44.810
3874,3874,129.133,184.979,381.082,17.617,36.294,386,1,577,482,54.952,45.905,470.500,44.810
3875,3875,129.167,185.028,381.087,17.622,36.294,390,1,577,482,54.952,45.905,470.500,44.810
3876,3876,129.200,185.019,381.140,17.621,36.299,390,1,577,482,54.952,45.905,470.500,44.810
3877,3877,129.233,184.887,381.197,17.608,36.304,384,1,577,482,54.952,45.905,470.500,44.810
3878,3878,129.267,184.678,381.169,17.588,36.302,385,1,577,482,54.952,45.905,470.500,44.810
3879,3879,129.300,184.484,381.193,17.570,36.304,390,1,577,482,54.952,45.905,470.500,44.810
3880,3880,129.333,184.340,381.181,17.556,36.303,391,1,577,482,54.952,45.905,470.500,44.810
3881,3881,129.367,184.134,381.091,17.537,36.294,398,1,577,482,54.952,45.905,470.500,44.810
3882,3882,129.400,183.596,380.880,17.485,36.274,398,1,577,482,54.952,45.905,470.500,44.810
3883,3883,129.433,183.337,380.777,17.461,36.264,404,1,577,482,54.952,45.905,470.500,44.810
3884,3884,129.467,183.146,380.657,17.442,36.253,409,1,577,482,54.952,45.905,470.500,44.810
3885,3885,129.500,182.432,380.414,17.374,36.230,415,1,577,482,54.952,45.905,470.500,44.810
3886,3886,129.533,182.126,380.293,17.345,36.218,418,1,577,482,54.952,45.905,470.500,44.810
3887,3887,129.567,181.782,380.302,17.313,36.219,417,1,577,482,54.952,45.905,470.500,44.810
3888,3888,129.600,181.396,380.238,17.276,36.213,427,1,577,482,54.952,45.905,470.500,44.810
3889,3889,129.633,180.991,380.056,17.237,36.196,421,1,577,482,54.952,45.905,470.500,44.810
3890,3890,129.667,180.457,379.844,17.186,36.176,418,1,577,482,54.952,45.905,470.500,44.810
3891,3891,129.700,180.310,379.867,17.172,36.178,418,1,577,482,54.952,45.905,470.500,44.810
3892,3892,129.733,179.894,379.676,17.133,36.160,411,1,577,482,54.952,45.905,470.500,44.810
3893,3893,129.767,179.323,379.526,17.078,36.145,402,1,577,482,54.952,45.905,470.500,44.810
3894,3894,129.800,179.095,379.423,17.057,36.136,404,1,577,482,54.952,45.905,470.500,44.810
3895,3895,129.833,178.788,379.179,17.027,36.112,397,1,577,482,54.952,45.905,470.500,44.810
3896,3896,129.867,178.338,378.971,16.985,36.092,402,1,577,482,54.952,45.905,470.500,44.810
3897,3897,129.900,177.908,378.838,16.944,36.080,404,1,577,482,54.952,45.905,470.500,44.810
3898,3898,129.933,177.605,378.726,16.915,36.069,405,1,577,482,54.952,45.905,470.500,44.810
3899,3899,129.967,177.568,378.775,16.911,36.074,405,1,577,482,54.952,45.905,470.500,44.810
3900,3900,130.000,177.543,378.653,16.909,36.062,406,1,577,482,54.952,45.905,470.500,44.810
3901,3901,130.033,177.369,378.472,16.892,36.045,406,1,577,482,54.952,45.905,470.500,44.810
3902,3902,130.067,177.278,378.373,16.884,36.036,408,1,577,482,54.952,45.905,470.500,44.810
3903,3903,130.100,177.260,378.341,16.882,36.032,402,1,577,482,54.952,45.905,470.500,44.810
3904,3904,130.133,177.274,378.265,16.883,36.025,402,1,577,482,54.952,45.905,470.500,44.810
3905,3905,130.167,177.192,378.228,16.875,36.022,406,1,577,482,54.952,45.905,470.500,44.810
3906,3906,130.200,177.184,378.255,16.875,36.024,400,1,577,482,54.952,45.905,470.500,44.810
3907,3907,130.233,177.258,378.228,16.882,36.022,401,1,577,482,54.952,45.905,470.500,44.810
3908,3908,130.267,177.398,378.196,16.895,36.019,397,1,577,482,54.952,45.905,470.500,44.810
3909,3909,130.300,177.388,378.076,16.894,36.007,399,1,577,482,54.952,45.905,470.500,44.810
3910,3910,130.333,177.527,378.142,16.907,36.014,390,1,577,482,54.952,45.905,470.500,44.810
3911,3911,130.367,177.653,378.165,16.919,36.016,386,1,577,482,54.952,45.905,470.500,44.810
3912,3912,130.400,177.377,378.020,16.893,36.002,387,1,577,482,54.952,45.905,470.500,44.810
3913,3913,130.433,177.134,377.938,16.870,35.994,394,1,577,482,54.952,45.905,470.500,44.810
3914,3914,130.467,176.903,377.843,16.848,35.985,395,1,577,482,54.952,45.905,470.500,44.810
3915,3915,130.500,176.652,377.882,16.824,35.989,399,1,577,482,54.952,45.905,470.500,44.810
3916,3916,130.533,176.439,377.926,16.804,35.993,402,1,577,482,54.952,45.905,470.500,44.810
3917,3917,130.567,175.876,377.738,16.750,35.975,406,1,577,482,54.952,45.905,470.500,44.810
3918,3918,130.600,175.720,377.733,16.735,35.975,408,1,577,482,54.952,45.905,470.500,44.810
3919,3919,130.633,175.379,377.645,16.703,35.966,409,1,577,482,54.952,45.905,470.500,44.810
3920,3920,130.667,175.006,377.562,16.667,35.958,404,1,577,482,54.952,45.905,470.500,44.810
3921,3921,130.700,174.843,377.528,16.652,35.955,406,1,577,482,54.952,45.905,470.500,44.810
3922,3922,130.733,174.344,377.343,16.604,35.937,408,1,577,482,54.952,45.905,470.500,44.810
3923,3923,130.767,174.038,377.260,16.575,35.930,413,1,577,482,54.952,45.905,470.500,44.810
3924,3924,130.800,173.596,377.123,16.533,35.916,410,1,577,482,54.952,45.905,470.500,44.810
3925,3925,130.833,173.221,377.052,16.497,35.910,413,1,577,482,54.952,45.905,470.500,44.810
3926,3926,130.867,172.844,376.980,16.461,35.903,413,1,577,482,54.952,45.905,470.500,44.810
3927,3927,130.900,172.174,376.840,16.398,35.889,431,1,577,482,54.952,45.905,470.500,44.810
3928,3928,130.933,171.672,376.658,16.350,35.872,421,1,577,482,54.952,45.905,470.500,44.810
3929,3929,130.967,171.277,376.510,16.312,35.858,420,1,577,482,54.952,45.905,470.500,44.810
3930,3930,131.000,170.742,376.286,16.261,35.837,412,1,577,482,54.952,45.905,470.500,44.810
3931,3931,131.033,170.108,376.124,16.201,35.821,417,1,577,482,54.952,45.905,470.500,44.810
3932,3932,131.067,169.733,376.004,16.165,35.810,410,1,577,482,54.952,45.905,470.500,44.810
3933,3933,131.100,169.312,375.760,16.125,35.787,407,1,577,482,54.952,45.905,470.500,44.810
3934,3934,131.133,168.675,375.552,16.064,35.767,401,1,577,482,54.952,45.905,470.500,44.810
3935,3935,131.167,168.371,375.511,16.035,35.763,403,1,577,482,54.952,45.905,470.500,44.810
3936,3936,131.200,167.920,375.254,15.992,35.739,396,1,577,482,54.952,45.905,470.500,44.810
3937,3937,131.233,168.258,375.360,16.025,35.749,395,1,577,482,54.952,45.905,470.500,44.810
3938,3938,131.267,168.196,375.277,16.019,35.741,395,1,577,482,54.952,45.905,470.500,44.810
3939,3939,131.300,168.189,375.244,16.018,35.738,394,1,577,482,54.952,45.905,470.500,44.810
3940,3940,131.333,167.971,375.031,15.997,35.717,399,1,577,482,54.952,45.905,470.500,44.810
3941,3941,131.367,167.993,374.928,15.999,35.707,404,1,577,482,54.952,45.905,470.500,44.810
3942,3942,131.400,168.010,374.908,16.001,35.706,402,1,577,482,54.952,45.905,470.500,44.810
3943,3943,131.433,167.909,374.804,15.991,35.696,397,1,577,482,54.952,45.905,470.500,44.810
3944,3944,131.467,168.049,374.870,16.005,35.702,400,1,577,482,54.952,45.905,470.500,44.810
3945,3945,131.500,168.226,374.879,16.022,35.703,394,1,577,482,54.952,45.905,470.500,44.810
3946,3946,131.533,168.134,374.761,16.013,35.692,389,1,577,482,54.952,45.905,470.500,44.810
3947,3947,131.567,168.107,374.671,16.010,35.683,392,1,577,482,54.952,45.905,470.500,44.810
3948,3948,131.600,168.206,374.709,16.020,35.687,397,1,577,482,54.952,45.905,470.500,44.810
3949,3949,131.633,168.195,374.703,16.019,35.686,397,1,577,482,54.952,45.905,470.500,44.810
3950,3950,131.667,168.321,374.780,16.031,35.693,389,1,577,482,54.952,45.905,470.500,44.810
3951,3951,131.700,167.950,374.691,15.995,35.685,394,1,577,482,54.952,45.905,470.500,44.810
3952,3952,131.733,167.666,374.675,15.968,35.683,392,1,577,482,54.952,45.905,470.500,44.810
3953,3953,131.767,167.482,374.618,15.951,35.678,390,1,577,482,54.952,45.905,470.500,44.810
3954,3954,131.800,167.345,374.558,15.938,35.672,397,1,577,482,54.952,45.905,470.500,44.810
3955,3955,131.833,166.979,374.594,15.903,35.676,396,1,577,482,54.952,45.905,470.500,44.810
3956,3956,131.867,166.522,374.396,15.859,35.657,391,1,577,482,54.952,45.905,470.500,44.810
3957,3957,131.900,165.877,374.272,15.798,35.645,402,1,577,482,54.952,45.905,470.500,44.810
3958,3958,131.933,165.418,374.186,15.754,35.637,402,1,577,482,54.952,45.905,470.500,44.810
3959,3959,131.967,165.230,374.108,15.736,35.629,399,1,577,482,54.952,45.905,470.500,44.810
3960,3960,132.000,164.975,373.999,15.712,35.619,398,1,577,482,54.952,45.905,470.500,44.810
3961,3961,132.033,164.552,373.888,15.672,35.608,400,1,577,482,54.952,45.905,470.500,44.810
3962,3962,132.067,164.016,373.698,15.621,35.590,404,1,577,482,54.952,45.905,470.500,44.810
3963,3963,132.100,163.471,373.586,15.569,35.580,407,1,577,482,54.952,45.905,470.500,44.810
3964,3964,132.133,163.140,373.228,15.537,35.546,408,1,577,482,54.952,45.905,470.500,44.810
3965,3965,132.167,162.843,373.128,15.509,35.536,405,1,577,482,54.952,45.905,470.500,44.810
3966,3966,132.200,162.437,372.927,15.470,35.517,404,1,577,482,54.952,45.905,470.500,44.810
3967,3967,132.233,161.838,372.776,15.413,35.502,403,1,577,482,54.952,45.905,470.500,44.810
3968,3968,132.267,160.767,372.336,15.311,35.461,417,1,577,482,54.952,45.905,470.500,44.810
3969,3969,132.300,159.880,372.006,15.227,35.429,415,1,577,482,54.952,45.905,470.500,44.810
3970,3970,132.333,159.016,371.784,15.144,35.408,412,1,577,482,54.952,45.905,470.500,44.810
3971,3971,132.367,158.702,371.591,15.114,35.390,413,1,577,482,54.952,45.905,470.500,44.810
3972,3972,132.400,158.337,371.513,15.080,35.382,416,1,577,482,54.952,45.905,470.500,44.810
3973,3973,132.433,157.989,371.388,15.047,35.370,410,1,577,482,54.952,45.905,470.500,44.810
3974,3974,132.467,157.819,371.297,15.030,35.362,414,1,577,482,54.952,45.905,470.500,44.810
3975,3975,132.500,157.443,371.135,14.995,35.346,426,1,577,482,54.952,45.905,470.500,44.810
3976,3976,132.533,157.533,371.153,15.003,35.348,425,1,577,482,54.952,45.905,470.500,44.810
3977,3977,132.567,157.457,370.991,14.996,35.332,416,1,577,482,54.952,45.905,470.500,44.810
3978,3978,132.600,157.669,371.001,15.016,35.333,415,1,577,482,54.952,45.905,470.500,44.810
3979,3979,132.633,157.974,371.113,15.045,35.344,413,1,577,482,54.952,45.905,470.500,44.810
3980,3980,132.667,157.985,371.152,15.046,35.348,415,1,577,482,54.952,45.905,470.500,44.810
3981,3981,132.700,158.173,371.227,15.064,35.355,406,1,577,482,54.952,45.905,470.500,44.810
3982,3982,132.733,158.245,371.169,15.071,35.349,408,1,577,482,54.952,45.905,470.500,44.810
3983,3983,132.767,158.170,371.157,15.064,35.348,412,1,577,482,54.952,45.905,470.500,44.810
3984,3984,132.800,158.352,371.174,15.081,35.350,405,1,577,482,54.952,45.905,470.500,44.810
3985,3985,132.833,158.395,371.089,15.085,35.342,406,1,577,482,54.952,45.905,470.500,44.810
3986,3986,132.867,158.484,371.167,15.094,35.349,408,1,577,482,54.952,45.905,470.500,44.810
3987,3987,132.900,158.149,370.956,15.062,35.329,405,1,577,482,54.952,45.905,470.500,44.810
3988,3988,132.933,158.369,371.111,15.083,35.344,398,1,577,482,54.952,45.905,470.500,44.810
3989,3989,132.967,158.265,371.061,15.073,35.339,402,1,577,482,54.952,45.905,470.500,44.810
3990,3990,133.000,158.063,370.950,15.054,35.329,407,1,577,482,54.952,45.905,470.500,44.810
3991,3991,133.033,157.817,370.895,15.030,35.323,410,1,577,482,54.952,45.905,470.500,44.810
3992,3992,133.067,157.497,370.753,15.000,35.310,414,1,577,482,54.952,45.905,470.500,44.810
3993,3993,133.100,157.290,370.633,14.980,35.298,410,1,577,482,54.952,45.905,470.500,44.810
3994,3994,133.133,156.858,370.574,14.939,35.293,418,1,577,482,54.952,45.905,470.500,44.810
3995,3995,133.167,156.401,370.449,14.895,35.281,427,1,577,482,54.952,45.905,470.500,44.810
3996,3996,133.200,156.178,370.356,14.874,35.272,421,1,577,482,54.952,45.905,470.500,44.810
3997,3997,133.233,155.621,370.200,14.821,35.257,433,1,577,482,54.952,45.905,470.500,44.810
3998,3998,133.267,155.056,369.951,14.767,35.233,430,1,577,482,54.952,45.905,470.500,44.810
3999,3999,133.300,154.751,369.893,14.738,35.228,433,1,577,482,54.952,45.905,470.500,44.810
4000,4000,133.333,153.883,369.583,14.656,35.198,440,1,577,482,54.952,45.905,470.500,44.810
4001,4001,133.367,153.721,369.612,14.640,35.201,440,1,577,482,54.952,45.905,470.500,44.810
4002,4002,133.400,153.406,369.508,14.610,35.191,447,1,577,482,54.952,45.905,470.500,44.810
4003,4003,133.433,153.047,369.512,14.576,35.192,441,1,577,482,54.952,45.905,470.500,44.810
4004,4004,133.467,152.230,369.244,14.498,35.166,432,1,577,482,54.952,45.905,470.500,44.810
4005,4005,133.500,151.809,369.150,14.458,35.157,429,1,577,482,54.952,45.905,470.500,44.810
4006,4006,133.533,151.307,369.004,14.410,35.143,427,1,577,482,54.952,45.905,470.500,44.810
4007,4007,133.567,151.102,368.944,14.391,35.138,427,1,577,482,54.952,45.905,470.500,44.810
4008,4008,133.600,150.503,368.702,14.334,35.114,419,1,577,482,54.952,45.905,470.500,44.810
4009,4009,133.633,150.356,368.722,14.320,35.116,418,1,577,482,54.952,45.905,470.500,44.810
4010,4010,133.667,149.911,368.733,14.277,35.117,416,1,577,482,54.952,45.905,470.500,44.810
4011,4011,133.700,149.647,368.618,14.252,35.106,419,1,577,482,54.952,45.905,470.500,44.810
4012,4012,133.733,149.210,368.407,14.211,35.086,417,1,577,482,54.952,45.905,470.500,44.810
4013,4013,133.767,148.953,368.230,14.186,35.069,422,1,577,482,54.952,45.905,470.500,44.810
4014,4014,133.800,148.849,368.168,14.176,35.064,419,1,577,482,54.952,45.905,470.500,44.810
4015,4015,133.833,148.540,368.049,14.147,35.052,425,1,577,482,54.952,45.905,470.500,44.810
4016,4016,133.867,148.629,368.100,14.155,35.057,424,1,577,482,54.952,45.905,470.500,44.810
4017,4017,133.900,148.708,368.055,14.163,35.053,421,1,577,482,54.952,45.905,470.500,44.810
4018,4018,133.933,148.466,367.998,14.140,35.047,425,1,577,482,54.952,45.905,470.500,44.810
4019,4019,133.967,148.481,367.886,14.141,35.037,418,1,577,482,54.952,45.905,470.500,44.810
4020,4020,134.000,148.568,367.892,14.149,35.037,410,1,577,482,54.952,45.905,470.500,44.810
4021,4021,134.033,149.042,368.039,14.195,35.051,405,1,577,482,54.952,45.905,470.500,44.810
4022,4022,134.067,149.173,367.900,14.207,35.038,408,1,577,482,54.952,45.905,470.500,44.810
4023,4023,134.100,149.094,367.880,14.199,35.036,412,1,577,482,54.952,45.905,470.500,44.810
4024,4024,134.133,149.132,367.833,14.203,35.032,412,1,577,482,54.952,45.905,470.500,44.810
4025,4025,134.167,149.031,367.808,14.193,35.029,414,1,577,482,54.952,45.905,470.500,44.810
4026,4026,134.200,148.951,367.787,14.186,35.027,412,1,577,482,54.952,45.905,470.500,44.810
4027,4027,134.233,148.882,367.727,14.179,35.022,406,1,577,482,54.952,45.905,470.500,44.810
4028,4028,134.267,148.713,367.663,14.163,35.016,409,1,577,482,54.952,45.905,470.500,44.810
4029,4029,134.300,148.434,367.603,14.137,35.010,403,1,577,482,54.952,45.905,470.500,44.810
4030,4030,134.333,148.443,367.642,14.137,35.014,402,1,577,482,54.952,45.905,470.500,44.810
4031,4031,134.367,148.192,367.702,14.114,35.019,406,1,577,482,54.952,45.905,470.500,44.810
4032,4032,134.400,147.801,367.560,14.076,35.006,415,1,577,482,54.952,45.905,470.500,44.810
4033,4033,134.433,147.548,367.430,14.052,34.993,406,1,577,482,54.952,45.905,470.500,44.810
4034,4034,134.467,147.374,367.465,14.036,34.997,410,1,577,482,54.952,45.905,470.500,44.810
4035,4035,134.500,147.394,367.461,14.037,34.996,410,1,577,482,54.952,45.905,470.500,44.810
4036,4036,134.533,147.125,367.348,14.012,34.986,408,1,577,482,54.952,45.905,470.500,44.810
4037,4037,134.567,147.153,367.385,14.015,34.989,404,1,577,482,54.952,45.905,470.500,44.810
4038,4038,134.600,147.155,367.336,14.015,34.984,408,1,577,482,54.952,45.905,470.500,44.810
4039,4039,134.633,146.952,367.235,13.995,34.975,410,1,577,482,54.952,45.905,470.500,44.810
4040,4040,134.667,147.069,367.318,14.007,34.983,408,1,577,482,54.952,45.905,470.500,44.810
4041,4041,134.700,146.856,367.246,13.986,34.976,412,1,577,482,54.952,45.905,470.500,44.810
4042,4042,134.733,146.715,367.211,13.973,34.972,406,1,577,482,54.952,45.905,470.500,44.810
4043,4043,134.767,146.730,367.237,13.974,34.975,408,1,577,482,54.952,45.905,470.500,44.810
4044,4044,134.800,146.416,367.085,13.944,34.960,411,1,577,482,54.952,45.905,470.500,44.810
4045,4045,134.833,146.534,367.079,13.956,34.960,407,1,577,482,54.952,45.905,470.500,44.810
4046,4046,134.867,146.300,366.909,13.933,34.944,412,1,577,482,54.952,45.905,470.500,44.810
4047,4047,134.900,146.375,366.907,13.940,34.944,414,1,577,482,54.952,45.905,470.500,44.810
4048,4048,134.933,146.387,366.919,13.942,34.945,415,1,577,482,54.952,45.905,470.500,44.810
4049,4049,134.967,146.468,366.884,13.949,34.941,402,1,577,482,54.952,45.905,470.500,44.810
4050,4050,135.000,146.414,366.781,13.944,34.931,409,1,577,482,54.952,45.905,470.500,44.810
4051,4051,135.033,146.371,366.854,13.940,34.938,399,1,577,482,54.952,45.905,470.500,44.810
4052,4052,135.067,146.338,366.777,13.937,34.931,404,1,577,482,54.952,45.905,470.500,44.810
4053,4053,135.100,146.184,366.611,13.922,34.915,403,1,577,482,54.952,45.905,470.500,44.810
4054,4054,135.133,145.896,366.554,13.895,34.910,406,1,577,482,54.952,45.905,470.500,44.810
4055,4055,135.167,145.574,366.337,13.864,34.889,413,1,577,482,54.952,45.905,470.500,44.810
4056,4056,135.200,145.405,366.250,13.848,34.881,413,1,577,482,54.952,45.905,470.500,44.810
4057,4057,135.233,145.255,366.236,13.834,34.880,411,1,577,482,54.952,45.905,470.500,44.810
4058,4058,135.267,144.964,366.011,13.806,34.858,411,1,577,482,54.952,45.905,470.500,44.810
4059,4059,135.300,144.733,365.914,13.784,34.849,408,1,577,482,54.952,45.905,470.500,44.810
4060,4060,135.333,144.568,365.716,13.768,34.830,402,1,577,482,54.952,45.905,470.500,44.810
4061,4061,135.367,144.321,365.426,13.745,34.802,401,1,577,482,54.952,45.905,470.500,44.810
4062,4062,135.400,143.871,365.168,13.702,34.778,398,1,577,482,54.952,45.905,470.500,44.810
4063,4063,135.433,143.755,365.131,13.691,34.774,391,1,577,482,54.952,45.905,470.500,44.810
4064,4064,135.467,143.366,364.973,13.654,34.759,383,1,577,482,54.952,45.905,470.500,44.810
4065,4065,135.500,143.363,364.949,13.654,34.757,379,1,577,482,54.952,45.905,470.500,44.810
4066,4066,135.533,143.082,364.773,13.627,34.740,372,1,577,482,54.952,45.905,470.500,44.810
4067,4067,135.567,142.877,364.636,13.607,34.727,372,1,577,482,54.952,45.905,470.500,44.810
4068,4068,135.600,142.890,364.567,13.609,34.721,373,1,577,482,54.952,45.905,470.500,44.810
4069,4069,135.633,142.786,364.515,13.599,34.716,368,1,577,482,54.952,45.905,470.500,44.810
4070,4070,135.667,142.541,364.378,13.575,34.703,372,1,577,482,54.952,45.905,470.500,44.810
4071,4071,135.700,142.398,364.348,13.562,34.700,370,1,577,482,54.952,45.905,470.500,44.810
4072,4072,135.733,142.440,364.433,13.566,34.708,375,1,577,482,54.952,45.905,470.500,44.810
4073,4073,135.767,142.317,364.426,13.554,34.707,372,1,577,482,54.952,45.905,470.500,44.810
4074,4074,135.800,142.433,364.640,13.565,34.728,376,1,577,482,54.952,45.905,470.500,44.810
4075,4075,135.833,142.159,364.599,13.539,34.724,371,1,577,482,54.952,45.905,470.500,44.810
4076,4076,135.867,142.195,364.842,13.542,34.747,376,1,577,482,54.952,45.905,470.500,44.810
4077,4077,135.900,142.072,364.980,13.531,34.760,371,1,577,482,54.952,45.905,470.500,44.810
4078,4078,135.933,142.044,365.097,13.528,34.771,372,1,577,482,54.952,45.905,470.500,44.810
4079,4079,135.967,142.081,365.192,13.532,34.780,371,1,577,482,54.952,45.905,470.500,44.810
4080,4080,136.000,142.017,365.293,13.525,34.790,371,1,577,482,54.952,45.905,470.500,44.810
4081,4081,136.033,141.818,365.386,13.506,34.799,369,1,577,482,54.952,45.905,470.500,44.810
4082,4082,136.067,141.611,365.329,13.487,34.793,376,1,577,482,54.952,45.905,470.500,44.810
4083,4083,136.100,141.587,365.285,13.484,34.789,372,1,577,482,54.952,45.905,470.500,44.810
4084,4084,136.133,141.514,365.203,13.478,34.781,373,1,577,482,54.952,45.905,470.500,44.810
4085,4085,136.167,141.542,365.201,13.480,34.781,372,1,577,482,54.952,45.905,470.500,44.810
4086,4086,136.200,141.382,365.016,13.465,34.763,375,1,577,482,54.952,45.905,470.500,44.810
4087,4087,136.233,141.703,365.136,13.496,34.775,378,1,577,482,54.952,45.905,470.500,44.810
4088,4088,136.267,141.280,364.717,13.455,34.735,381,1,577,482,54.952,45.905,470.500,44.810
4089,4089,136.300,141.042,364.486,13.433,34.713,381,1,577,482,54.952,45.905,470.500,44.810
4090,4090,136.333,140.851,364.294,13.414,34.695,384,1,577,482,54.952,45.905,470.500,44.810
4091,4091,136.367,140.698,364.190,13.400,34.685,383,1,577,482,54.952,45.905,470.500,44.810
4092,4092,136.400,140.658,364.113,13.396,34.677,374,1,577,482,54.952,45.905,470.500,44.810
4093,4093,136.433,140.440,363.894,13.375,34.657,380,1,577,482,54.952,45.905,470.500,44.810
4094,4094,136.467,139.933,363.664,13.327,34.635,387,1,577,482,54.952,45.905,470.500,44.810
4095,4095,136.500,139.787,363.468,13.313,34.616,392,1,577,482,54.952,45.905,470.500,44.810
4096,4096,136.533,139.906,363.521,13.324,34.621,387,1,577,482,54.952,45.905,470.500,44.810
4097,4097,136.567,139.795,363.427,13.314,34.612,387,1,577,482,54.952,45.905,470.500,44.810
4098,4098,136.600,139.430,363.076,13.279,34.579,390,1,577,482,54.952,45.905,470.500,44.810
4099,4099,136.633,139.240,362.962,13.261,34.568,393,1,577,482,54.952,45.905,470.500,44.810
4100,4100,136.667,139.259,362.917,13.263,34.564,394,1,577,482,54.952,45.905,470.500,44.810
4101,4101,136.700,139.062,362.744,13.244,34.547,393,1,577,482,54.952,45.905,470.500,44.810
4102,4102,136.733,138.938,362.707,13.232,34.544,394,1,577,482,54.952,45.905,470.500,44.810
4103,4103,136.767,138.518,362.447,13.192,34.519,388,1,577,482,54.952,45.905,470.500,44.810
4104,4104,136.800,138.412,362.391,13.182,34.513,385,1,577,482,54.952,45.905,470.500,44.810
4105,4105,136.833,137.883,362.126,13.132,34.488,383,1,577,482,54.952,45.905,470.500,44.810
4106,4106,136.867,137.879,361.931,13.131,34.470,384,1,577,482,54.952,45.905,470.500,44.810
4107,4107,136.900,137.720,361.764,13.116,34.454,369,1,577,482,54.952,45.905,470.500,44.810
4108,4108,136.933,137.394,361.487,13.085,34.427,362,1,577,482,54.952,45.905,470.500,44.810
4109,4109,136.967,137.118,361.286,13.059,34.408,359,1,577,482,54.952,45.905,470.500,44.810
4110,4110,137.000,136.882,361.150,13.036,34.395,352,1,577,482,54.952,45.905,470.500,44.810
4111,4111,137.033,136.658,361.158,13.015,34.396,347,1,577,482,54.952,45.905,470.500,44.810
4112,4112,137.067,136.571,361.001,13.007,34.381,340,1,577,482,54.952,45.905,470.500,44.810
4113,4113,137.100,136.382,360.867,12.989,34.368,333,1,577,482,54.952,45.905,470.500,44.810
4114,4114,137.133,136.151,360.821,12.967,34.364,334,1,577,482,54.952,45.905,470.500,44.810
4115,4115,137.167,136.012,360.759,12.954,34.358,324,1,577,482,54.952,45.905,470.500,44.810
4116,4116,137.200,135.985,360.730,12.951,34.355,327,1,577,482,54.952,45.905,470.500,44.810
4117,4117,137.233,136.041,361.020,12.956,34.383,327,1,577,482,54.952,45.905,470.500,44.810
4118,4118,137.267,135.923,361.140,12.945,34.394,327,1,577,482,54.952,45.905,470.500,44.810
4119,4119,137.300,135.783,361.325,12.932,34.412,326,1,577,482,54.952,45.905,470.500,44.810
4120,4120,137.333,135.914,361.405,12.944,34.420,321,1,577,482,54.952,45.905,470.500,44.810
4121,4121,137.367,135.995,361.595,12.952,34.438,322,1,577,482,54.952,45.905,470.500,44.810
4122,4122,137.400,135.828,361.521,12.936,34.431,326,1,577,482,54.952,45.905,470.500,44.810
4123,4123,137.433,135.878,361.578,12.941,34.436,321,1,577,482,54.952,45.905,470.500,44.810
4124,4124,137.467,135.502,361.547,12.905,34.433,321,1,577,482,54.952,45.905,470.500,44.810
4125,4125,137.500,135.614,361.743,12.916,34.452,323,1,577,482,54.952,45.905,470.500,44.810
4126,4126,137.533,135.588,361.817,12.913,34.459,325,1,577,482,54.952,45.905,470.500,44.810
4127,4127,137.567,135.578,361.969,12.912,34.473,322,1,577,482,54.952,45.905,470.500,44.810
4128,4128,137.600,135.747,362.139,12.928,34.489,318,1,577,482,54.952,45.905,470.500,44.810
4129,4129,137.633,135.681,362.070,12.922,34.483,319,1,577,482,54.952,45.905,470.500,44.810
4130,4130,137.667,135.358,361.832,12.891,34.460,315,1,577,482,54.952,45.905,470.500,44.810
4131,4131,137.700,135.363,361.711,12.892,34.449,317,1,577,482,54.952,45.905,470.500,44.810
4132,4132,137.733,135.186,361.481,12.875,34.427,316,1,577,482,54.952,45.905,470.500,44.810
4133,4133,137.767,135.010,361.293,12.858,34.409,316,1,577,482,54.952,45.905,470.500,44.810
4134,4134,137.800,134.972,361.124,12.854,34.393,316,1,577,482,54.952,45.905,470.500,44.810
4135,4135,137.833,134.811,360.893,12.839,34.371,314,1,577,482,54.952,45.905,470.500,44.810
4136,4136,137.867,134.871,360.797,12.845,34.362,314,1,577,482,54.952,45.905,470.500,44.810
4137,4137,137.900,134.905,360.778,12.848,34.360,313,1,577,482,54.952,45.905,470.500,44.810
4138,4138,137.933,134.639,360.498,12.823,34.333,309,1,577,482,54.952,45.905,470.500,44.810
4139,4139,137.967,134.608,360.403,12.820,34.324,307,1,577,482,54.952,45.905,470.500,44.810
4140,4140,138.000,134.521,360.314,12.811,34.316,301,1,577,482,54.952,45.905,470.500,44.810
4141,4141,138.033,134.388,360.073,12.799,34.293,293,1,577,482,54.952,45.905,470.500,44.810
4142,4142,138.067,134.472,360.082,12.807,34.293,297,1,577,482,54.952,45.905,470.500,44.810
4143,4143,138.100,134.529,360.098,12.812,34.295,298,1,577,482,54.952,45.905,470.500,44.810
4144,4144,138.133,134.382,359.951,12.798,34.281,293,1,577,482,54.952,45.905,470.500,44.810
4145,4145,138.167,134.308,359.965,12.791,34.282,297,1,577,482,54.952,45.905,470.500,44.810
4146,4146,138.200,134.305,359.966,12.791,34.282,297,1,577,482,54.952,45.905,470.500,44.810
4147,4147,138.233,134.264,359.910,12.787,34.277,295,1,577,482,54.952,45.905,470.500,44.810
4148,4148,138.267,134.360,359.853,12.796,34.272,296,1,577,482,54.952,45.905,470.500,44.810
4149,4149,138.300,134.360,359.853,12.796,34.272,296,1,577,482,54.952,45.905,470.500,44.810
4150,4150,138.333,134.261,359.841,12.787,34.271,293,1,577,482,54.952,45.905,470.500,44.810
4151,4151,138.367,134.382,359.890,12.798,34.275,297,1,577,482,54.952,45.905,470.500,44.810
4152,4152,138.400,134.400,359.920,12.800,34.278,296,1,577,482,54.952,45.905,470.500,44.810
4153,4153,138.433,134.375,359.900,12.798,34.276,295,1,577,482,54.952,45.905,470.500,44.810
4154,4154,138.467,134.375,359.900,12.798,34.276,295,1,577,482,54.952,45.905,470.500,44.810
4155,4155,138.500,134.376,360.003,12.798,34.286,295,1,577,482,54.952,45.905,470.500,44.810
4156,4156,138.533,134.380,360.004,12.798,34.286,295,1,577,482,54.952,45.905,470.500,44.810
4157,4157,138.567,134.317,359.937,12.792,34.280,293,1,577,482,54.952,45.905,470.500,44.810
4158,4158,138.600,134.381,359.901,12.798,34.276,294,1,577,482,54.952,45.905,470.500,44.810
4159,4159,138.633,134.374,359.873,12.798,34.274,295,1,577,482,54.952,45.905,470.500,44.810
4160,4160,138.667,134.479,360.090,12.808,34.294,298,1,577,482,54.952,45.905,470.500,44.810
4161,4161,138.700,134.501,360.059,12.810,34.291,294,1,577,482,54.952,45.905,470.500,44.810
4162,4162,138.733,134.467,359.968,12.806,34.283,296,1,577,482,54.952,45.905,470.500,44.810
4163,4163,138.767,134.435,359.979,12.803,34.284,295,1,577,482,54.952,45.905,470.500,44.810
4164,4164,138.800,134.543,360.057,12.814,34.291,302,1,577,482,54.952,45.905,470.500,44.810
4165,4165,138.833,134.482,360.039,12.808,34.289,300,1,577,482,54.952,45.905,470.500,44.810
4166,4166,138.867,134.485,360.039,12.808,34.289,300,1,577,482,54.952,45.905,470.500,44.810
4167,4167,138.900,134.499,359.989,12.809,34.285,303,1,577,482,54.952,45.905,470.500,44.810
4168,4168,138.933,134.515,360.018,12.811,34.287,302,1,577,482,54.952,45.905,470.500,44.810
4169,4169,138.967,134.265,359.887,12.787,34.275,295,1,577,482,54.952,45.905,470.500,44.810
4170,4170,139.000,134.249,359.860,12.786,34.272,292,1,577,482,54.952,45.905,470.500,44.810
4171,4171,139.033,134.258,359.821,12.786,34.269,292,1,577,482,54.952,45.905,470.500,44.810
4172,4172,139.067,134.175,359.853,12.779,34.272,287,1,577,482,54.952,45.905,470.500,44.810
4173,4173,139.100,134.249,359.892,12.786,34.275,293,1,577,482,54.952,45.905,470.500,44.810
4174,4174,139.133,134.101,359.808,12.771,34.267,293,1,577,482,54.952,45.905,470.500,44.810
4175,4175,139.167,133.695,359.494,12.733,34.238,289,1,577,482,54.952,45.905,470.500,44.810
4176,4176,139.200,133.674,359.505,12.731,34.239,285,1,577,482,54.952,45.905,470.500,44.810
4177,4177,139.233,133.465,359.377,12.711,34.226,283,1,577,482,54.952,45.905,470.500,44.810
4178,4178,139.267,133.388,359.271,12.704,34.216,279,1,577,482,54.952,45.905,470.500,44.810
4179,4179,139.300,133.218,359.055,12.687,34.196,278,1,577,482,54.952,45.905,470.500,44.810
4180,4180,139.333,133.053,358.963,12.672,34.187,271,1,577,482,54.952,45.905,470.500,44.810
4181,4181,139.367,133.038,358.937,12.670,34.184,266,1,577,482,54.952,45.905,470.500,44.810
4182,4182,139.400,132.870,359.014,12.654,34.192,269,1,577,482,54.952,45.905,470.500,44.810
4183,4183,139.433,132.728,358.941,12.641,34.185,261,1,577,482,54.952,45.905,470.500,44.810
4184,4184,139.467,132.572,358.968,12.626,34.187,254,1,577,482,54.952,45.905,470.500,44.810
4185,4185,139.500,132.468,358.982,12.616,34.189,253,1,577,482,54.952,45.905,470.500,44.810
4186,4186,139.533,132.538,359.199,12.623,34.209,253,1,577,482,54.952,45.905,470.500,44.810
4187,4187,139.567,132.361,359.171,12.606,34.207,247,1,577,482,54.952,45.905,470.500,44.810
4188,4188,139.600,132.262,359.178,12.596,34.207,246,1,577,482,54.952,45.905,470.500,44.810
4189,4189,139.633,132.088,359.233,12.580,34.213,234,1,577,482,54.952,45.905,470.500,44.810
4190,4190,139.667,132.085,359.341,12.580,34.223,236,1,577,482,54.952,45.905,470.500,44.810
4191,4191,139.700,132.212,359.518,12.592,34.240,244,1,577,482,54.952,45.905,470.500,44.810
4192,4192,139.733,132.309,359.676,12.601,34.255,244,1,577,482,54.952,45.905,470.500,44.810
4193,4193,139.767,132.295,359.654,12.600,34.253,245,1,577,482,54.952,45.905,470.500,44.810
4194,4194,139.800,132.289,359.654,12.599,34.253,245,1,577,482,54.952,45.905,470.500,44.810
4195,4195,139.833,132.276,359.667,12.598,34.254,244,1,577,482,54.952,45.905,470.500,44.810
4196,4196,139.867,132.062,359.475,12.577,34.236,231,1,577,482,54.952,45.905,470.500,44.810
4197,4197,139.900,132.046,359.334,12.576,34.222,236,1,577,482,54.952,45.905,470.500,44.810
4198,4198,139.933,132.075,359.320,12.579,34.221,237,1,577,482,54.952,45.905,470.500,44.810
4199,4199,139.967,132.083,359.394,12.579,34.228,236,1,577,482,54.952,45.905,470.500,44.810
4200,4200,140.000,132.086,359.311,12.580,34.220,240,1,577,482,54.952,45.905,470.500,44.810
4201,4201,140.033,131.890,359.264,12.561,34.216,238,1,577,482,54.952,45.905,470.500,44.810
4202,4202,140.067,131.805,359.146,12.553,34.204,241,1,577,482,54.952,45.905,470.500,44.810
4203,4203,140.100,131.778,359.089,12.550,34.199,241,1,577,482,54.952,45.905,470.500,44.810
4204,4204,140.133,131.872,359.166,12.559,34.206,245,1,577,482,54.952,45.905,470.500,44.810
4205,4205,140.167,132.017,359.130,12.573,34.203,248,1,577,482,54.952,45.905,470.500,44.810
4206,4206,140.200,131.898,359.141,12.562,34.204,245,1,577,482,54.952,45.905,470.500,44.810
4207,4207,140.233,131.918,359.181,12.564,34.208,244,1,577,482,54.952,45.905,470.500,44.810
4208,4208,140.267,131.905,359.142,12.562,34.204,243,1,577,482,54.952,45.905,470.500,44.810
4209,4209,140.300,131.887,359.214,12.561,34.211,242,1,577,482,54.952,45.905,470.500,44.810
4210,4210,140.333,131.872,359.256,12.559,34.215,242,1,577,482,54.952,45.905,470.500,44.810
4211,4211,140.367,131.888,359.324,12.561,34.221,242,1,577,482,54.952,45.905,470.500,44.810
4212,4212,140.400,131.819,359.438,12.554,34.232,240,1,577,482,54.952,45.905,470.500,44.810
4213,4213,140.433,131.878,359.412,12.560,34.230,237,1,577,482,54.952,45.905,470.500,44.810
4214,4214,140.467,131.813,359.412,12.554,34.230,239,1,577,482,54.952,45.905,470.500,44.810
4215,4215,140.500,131.835,359.484,12.556,34.237,237,1,577,482,54.952,45.905,470.500,44.810
4216,4216,140.533,131.875,359.570,12.559,34.245,236,1,577,482,54.952,45.905,470.500,44.810
4217,4217,140.567,131.851,359.525,12.557,34.240,236,1,577,482,54.952,45.905,470.500,44.810
4218,4218,140.600,131.842,359.557,12.556,34.244,236,1,577,482,54.952,45.905,470.500,44.810
4219,4219,140.633,131.722,359.470,12.545,34.235,236,1,577,482,54.952,45.905,470.500,44.810
4220,4220,140.667,131.898,359.460,12.562,34.234,236,1,577,482,54.952,45.905,470.500,44.810
4221,4221,140.700,131.728,359.317,12.545,34.221,235,1,577,482,54.952,45.905,470.500,44.810
4222,4222,140.733,131.773,359.343,12.550,34.223,233,1,577,482,54.952,45.905,470.500,44.810
4223,4223,140.767,131.790,359.300,12.551,34.219,233,1,577,482,54.952,45.905,470.500,44.810
4224,4224,140.800,131.813,359.299,12.554,34.219,234,1,577,482,54.952,45.905,470.500,44.810
4225,4225,140.833,131.840,359.350,12.556,34.224,235,1,577,482,54.952,45.905,470.500,44.810
4226,4226,140.867,131.800,359.309,12.552,34.220,233,1,577,482,54.952,45.905,470.500,44.810
4227,4227,140.900,131.799,359.306,12.552,34.220,233,1,577,482,54.952,45.905,470.500,44.810
4228,4228,140.933,131.761,359.204,12.549,34.210,233,1,577,482,54.952,45.905,470.500,44.810
4229,4229,140.967,131.828,359.251,12.555,34.214,231,1,577,482,54.952,45.905,470.500,44.810
4230,4230,141.000,131.841,359.288,12.556,34.218,230,1,577,482,54.952,45.905,470.500,44.810
4231,4231,141.033,131.715,359.040,12.544,34.194,227,1,577,482,54.952,45.905,470.500,44.810
4232,4232,141.067,131.720,359.055,12.545,34.196,227,1,577,482,54.952,45.905,470.500,44.810
4233,4233,141.100,131.773,359.054,12.550,34.196,228,1,577,482,54.952,45.905,470.500,44.810
4234,4234,141.133,131.750,358.994,12.548,34.190,224,1,577,482,54.952,45.905,470.500,44.810
4235,4235,141.167,131.814,358.883,12.554,34.179,227,1,577,482,54.952,45.905,470.500,44.810
4236,4236,141.200,131.798,358.905,12.552,34.181,227,1,577,482,54.952,45.905,470.500,44.810
4237,4237,141.233,131.703,358.961,12.543,34.187,225,1,577,482,54.952,45.905,470.500,44.810
4238,4238,141.267,131.679,358.965,12.541,34.187,226,1,577,482,54.952,45.905,470.500,44.810
4239,4239,141.300,131.622,358.946,12.535,34.185,226,1,577,482,54.952,45.905,470.500,44.810
4240,4240,141.333,131.602,358.924,12.534,34.183,226,1,577,482,54.952,45.905,470.500,44.810
4241,4241,141.367,131.590,358.889,12.532,34.180,226,1,577,482,54.952,45.905,470.500,44.810
4242,4242,141.400,131.702,358.990,12.543,34.190,231,1,577,482,54.952,45.905,470.500,44.810
4243,4243,141.433,131.569,358.880,12.530,34.179,225,1,577,482,54.952,45.905,470.500,44.810
4244,4244,141.467,131.527,358.818,12.526,34.173,224,1,577,482,54.952,45.905,470.500,44.810
4245,4245,141.500,131.454,358.839,12.519,34.175,221,1,577,482,54.952,45.905,470.500,44.810
4246,4246,141.533,131.507,358.829,12.524,34.174,220,1,577,482,54.952,45.905,470.500,44.810
4247,4247,141.567,131.481,358.851,12.522,34.176,221,1,577,482,54.952,45.905,470.500,44.810
4248,4248,141.600,131.680,358.925,12.541,34.183,227,1,577,482,54.952,45.905,470.500,44.810
4249,4249,141.633,131.413,358.825,12.516,34.174,219,1,577,482,54.952,45.905,470.500,44.810
4250,4250,141.667,131.411,358.847,12.515,34.176,216,1,577,482,54.952,45.905,470.500,44.810
4251,4251,141.700,131.543,358.905,12.528,34.181,218,1,577,482,54.952,45.905,470.500,44.810
4252,4252,141.733,131.541,358.903,12.528,34.181,218,1,577,482,54.952,45.905,470.500,44.810
4253,4253,141.767,131.454,358.943,12.519,34.185,213,1,577,482,54.952,45.905,470.500,44.810
4254,4254,141.800,131.551,358.877,12.529,34.179,219,1,577,482,54.952,45.905,470.500,44.810
4255,4255,141.833,131.445,358.896,12.519,34.181,215,1,577,482,54.952,45.905,470.500,44.810
4256,4256,141.867,131.437,358.855,12.518,34.177,219,1,577,482,54.952,45.905,470.500,44.810
4257,4257,141.900,131.475,358.885,12.521,34.180,220,1,577,482,54.952,45.905,470.500,44.810
4258,4258,141.933,131.474,358.880,12.521,34.179,220,1,577,482,54.952,45.905,470.500,44.810
4259,4259,141.967,131.462,358.883,12.520,34.179,219,1,577,482,54.952,45.905,470.500,44.810
4260,4260,142.000,131.474,358.903,12.521,34.181,219,1,577,482,54.952,45.905,470.500,44.810
4261,4261,142.033,131.445,359.010,12.519,34.191,218,1,577,482,54.952,45.905,470.500,44.810
4262,4262,142.067,131.492,359.026,12.523,34.193,218,1,577,482,54.952,45.905,470.500,44.810
4263,4263,142.100,131.356,358.852,12.510,34.176,213,1,577,482,54.952,45.905,470.500,44.810
4264,4264,142.133,131.391,358.834,12.513,34.175,212,1,577,482,54.952,45.905,470.500,44.810
4265,4265,142.167,131.368,358.793,12.511,34.171,213,1,577,482,54.952,45.905,470.500,44.810
4266,4266,142.200,131.169,358.610,12.492,34.153,205,1,577,482,54.952,45.905,470.500,44.810
4267,4267,142.233,131.008,358.543,12.477,34.147,202,1,577,482,54.952,45.905,470.500,44.810
4268,4268,142.267,131.039,358.509,12.480,34.144,200,1,577,482,54.952,45.905,470.500,44.810
4269,4269,142.300,130.948,358.352,12.471,34.129,197,1,577,482,54.952,45.905,470.500,44.810
4270,4270,142.333,130.732,358.165,12.451,34.111,191,1,577,482,54.952,45.905,470.500,44.810
4271,4271,142.367,130.651,357.951,12.443,34.091,184,1,577,482,54.952,45.905,470.500,44.810
4272,4272,142.400,130.612,357.829,12.439,34.079,182,1,577,482,54.952,45.905,470.500,44.810
4273,4273,142.433,130.470,357.522,12.426,34.050,180,1,577,482,54.952,45.905,470.500,44.810
4274,4274,142.467,130.348,357.341,12.414,34.032,177,1,577,482,54.952,45.905,470.500,44.810
4275,4275,142.500,130.343,357.127,12.414,34.012,174,1,577,482,54.952,45.905,470.500,44.810
4276,4276,142.533,130.248,357.089,12.405,34.008,174,1,577,482,54.952,45.905,470.500,44.810
4277,4277,142.567,130.223,357.007,12.402,34.001,176,1,577,482,54.952,45.905,470.500,44.810
4278,4278,142.600,130.244,357.055,12.404,34.005,175,1,577,482,54.952,45.905,470.500,44.810
4279,4279,142.633,130.138,356.942,12.394,33.995,171,1,577,482,54.952,45.905,470.500,44.810
4280,4280,142.667,129.949,356.808,12.376,33.982,163,1,577,482,54.952,45.905,470.500,44.810
4281,4281,142.700,130.243,357.126,12.404,34.012,173,1,577,482,54.952,45.905,470.500,44.810
4282,4282,142.733,130.255,357.199,12.405,34.019,167,1,577,482,54.952,45.905,470.500,44.810
4283,4283,142.767,130.149,357.300,12.395,34.029,171,1,577,482,54.952,45.905,470.500,44.810
4284,4284,142.800,130.127,357.385,12.393,34.037,170,1,577,482,54.952,45.905,470.500,44.810
4285,4285,142.833,130.073,357.497,12.388,34.047,170,1,577,482,54.952,45.905,470.500,44.810
4286,4286,142.867,130.059,357.237,12.387,34.023,167,1,577,482,54.952,45.905,470.500,44.810
4287,4287,142.900,130.023,357.343,12.383,34.033,169,1,577,482,54.952,45.905,470.500,44.810
4288,4288,142.933,130.026,357.569,12.383,34.054,171,1,577,482,54.952,45.905,470.500,44.810
4289,4289,142.967,130.025,357.572,12.383,34.055,171,1,577,482,54.952,45.905,470.500,44.810
4290,4290,143.000,129.910,357.607,12.372,34.058,169,1,577,482,54.952,45.905,470.500,44.810
4291,4291,143.033,129.870,357.711,12.369,34.068,170,1,577,482,54.952,45.905,470.500,44.810
4292,4292,143.067,129.898,357.799,12.371,34.076,168,1,577,482,54.952,45.905,470.500,44.810
4293,4293,143.100,129.870,357.839,12.369,34.080,167,1,577,482,54.952,45.905,470.500,44.810
4294,4294,143.133,129.647,357.687,12.347,34.065,159,1,577,482,54.952,45.905,470.500,44.810
4295,4295,143.167,129.616,357.524,12.344,34.050,158,1,577,482,54.952,45.905,470.500,44.810
4296,4296,143.200,129.631,357.427,12.346,34.041,160,1,577,482,54.952,45.905,470.500,44.810
4297,4297,143.233,129.643,357.331,12.347,34.031,159,1,577,482,54.952,45.905,470.500,44.810
4298,4298,143.267,129.649,357.360,12.348,34.034,158,1,577,482,54.952,45.905,470.500,44.810
4299,4299,143.300,129.606,357.247,12.343,34.024,157,1,577,482,54.952,45.905,470.500,44.810
4300,4300,143.333,129.593,357.238,12.342,34.023,157,1,577,482,54.952,45.905,470.500,44.810
4301,4301,143.367,129.586,357.063,12.342,34.006,159,1,577,482,54.952,45.905,470.500,44.810
4302,4302,143.400,129.589,357.047,12.342,34.004,158,1,577,482,54.952,45.905,470.500,44.810
4303,4303,143.433,129.666,357.009,12.349,34.001,158,1,577,482,54.952,45.905,470.500,44.810
4304,4304,143.467,129.622,356.892,12.345,33.990,157,1,577,482,54.952,45.905,470.500,44.810
4305,4305,143.500,129.617,356.761,12.344,33.977,155,1,577,482,54.952,45.905,470.500,44.810
4306,4306,143.533,129.610,356.750,12.344,33.976,153,1,577,482,54.952,45.905,470.500,44.810
4307,4307,143.567,129.464,356.670,12.330,33.969,150,1,577,482,54.952,45.905,470.500,44.810
4308,4308,143.600,129.656,356.682,12.348,33.970,150,1,577,482,54.952,45.905,470.500,44.810
4309,4309,143.633,129.655,356.678,12.348,33.969,150,1,577,482,54.952,45.905,470.500,44.810
4310,4310,143.667,129.606,356.702,12.343,33.972,148,1,577,482,54.952,45.905,470.500,44.810
4311,4311,143.700,129.608,356.703,12.344,33.972,148,1,577,482,54.952,45.905,470.500,44.810
4312,4312,143.733,129.718,356.683,12.354,33.970,151,1,577,482,54.952,45.905,470.500,44.810
4313,4313,143.767,129.672,356.697,12.350,33.971,149,1,577,482,54.952,45.905,470.500,44.810
4314,4314,143.800,129.754,356.636,12.358,33.965,149,1,577,482,54.952,45.905,470.500,44.810
4315,4315,143.833,129.712,356.605,12.354,33.962,149,1,577,482,54.952,45.905,470.500,44.810
4316,4316,143.867,129.546,356.594,12.338,33.961,148,1,577,482,54.952,45.905,470.500,44.810
4317,4317,143.900,129.590,356.526,12.342,33.955,146,1,577,482,54.952,45.905,470.500,44.810
4318,4318,143.933,129.559,356.489,12.339,33.951,146,1,577,482,54.952,45.905,470.500,44.810
4319,4319,143.967,129.590,356.480,12.342,33.950,146,1,577,482,54.952,45.905,470.500,44.810
4320,4320,144.000,129.801,356.534,12.362,33.956,152,1,577,482,54.952,45.905,470.500,44.810
4321,4321,144.033,129.478,356.662,12.331,33.968,145,1,577,482,54.952,45.905,470.500,44.810
4322,4322,144.067,129.531,356.559,12.336,33.958,140,1,577,482,54.952,45.905,470.500,44.810
4323,4323,144.100,129.728,356.699,12.355,33.971,148,1,577,482,54.952,45.905,470.500,44.810
4324,4324,144.133,129.702,356.733,12.353,33.975,149,1,577,482,54.952,45.905,470.500,44.810
4325,4325,144.167,129.690,356.783,12.351,33.979,147,1,577,482,54.952,45.905,470.500,44.810
4326,4326,144.200,129.552,356.761,12.338,33.977,144,1,577,482,54.952,45.905,470.500,44.810
4327,4327,144.233,129.582,356.781,12.341,33.979,144,1,577,482,54.952,45.905,470.500,44.810
4328,4328,144.267,129.582,356.781,12.341,33.979,144,1,577,482,54.952,45.905,470.500,44.810
4329,4329,144.300,129.582,356.781,12.341,33.979,144,1,577,482,54.952,45.905,470.500,44.810
4330,4330,144.333,129.718,356.739,12.354,33.975,146,1,577,482,54.952,45.905,470.500,44.810
4331,4331,144.367,129.718,356.739,12.354,33.975,146,1,577,482,54.952,45.905,470.500,44.810
4332,4332,144.400,129.714,356.733,12.354,33.975,146,1,577,482,54.952,45.905,470.500,44.810
4333,4333,144.433,129.545,356.743,12.338,33.976,143,1,577,482,54.952,45.905,470.500,44.810
4334,4334,144.467,129.532,356.592,12.336,33.961,139,1,577,482,54.952,45.905,470.500,44.810
4335,4335,144.500,NaN,NaN,NaN,NaN,NaN,0,577,482,54.952,45.905,470.500,44.810
4336,4336,144.533,NaN,NaN,NaN,NaN,NaN,0,577,482,54.952,45.905,470.500,44.810
4337,4337,144.567,NaN,NaN,NaN,NaN,NaN,0,577,482,54.952,45.905,470.500,44.810
4338,4338,144.600,NaN,NaN,NaN,NaN,NaN,0,577,482,54.952,45.905,470.500,44.810
4339,4339,144.633,NaN,NaN,NaN,NaN,NaN,0,577,482,54.952,45.905,470.500,44.810
4340,4340,144.667,NaN,NaN,NaN,NaN,NaN,0,577,482,54.952,45.905,470.500,44.810
4341,4341,144.700,NaN,NaN,NaN,NaN,NaN,0,577,482,54.952,45.905,470.500,44.810
4342,4342,144.733,NaN,NaN,NaN,NaN,NaN,0,577,482,54.952,45.905,470.500,44.810
4343,4343,144.767,NaN,NaN,NaN,NaN,NaN,0,577,482,54.952,45.905,470.500,44.810
4344,4344,144.800,NaN,NaN,NaN,NaN,NaN,0,577,482,54.952,45.905,470.500,44.810
4345,4345,144.833,NaN,NaN,NaN,NaN,NaN,0,577,482,54.952,45.905,470.500,44.810
4346,4346,144.867,NaN,NaN,NaN,NaN,NaN,0,577,482,54.952,45.905,470.500,44.810
4347,4347,144.900,NaN,NaN,NaN,NaN,NaN,0,577,482,54.952,45.905,470.500,44.810
4348,4348,144.933,NaN,NaN,NaN,NaN,NaN,0,577,482,54.952,45.905,470.500,44.810
4349,4349,144.967,NaN,NaN,NaN,NaN,NaN,0,577,482,54.952,45.905,470.500,44.810
4350,4350,145.000,NaN,NaN,NaN,NaN,NaN,0,577,482,54.952,45.905,470.500,44.810
4351,4351,145.033,NaN,NaN,NaN,NaN,NaN,0,577,482,54.952,45.905,470.500,44.810
4352,4352,145.067,NaN,NaN,NaN,NaN,NaN,0,577,482,54.952,45.905,470.500,44.810
4353,4353,145.100,NaN,NaN,NaN,NaN,NaN,0,577,482,54.952,45.905,470.500,44.810
4354,4354,145.133,NaN,NaN,NaN,NaN,NaN,0,577,482,54.952,45.905,470.500,44.810
4355,4355,145.167,NaN,NaN,NaN,NaN,NaN,0,577,482,54.952,45.905,470.500,44.810
4356,4356,145.200,NaN,NaN,NaN,NaN,NaN,0,577,482,54.952,45.905,470.500,44.810
4357,4357,145.233,NaN,NaN,NaN,NaN,NaN,0,577,482,54.952,45.905,470.500,44.810
4358,4358,145.267,NaN,NaN,NaN,NaN,NaN,0,577,482,54.952,45.905,470.500,44.810
4359,4359,145.300,NaN,NaN,NaN,NaN,NaN,0,577,482,54.952,45.905,470.500,44.810
4360,4360,145.333,NaN,NaN,NaN,NaN,NaN,0,577,482,54.952,45.905,470.500,44.810
4361,4361,145.367,NaN,NaN,NaN,NaN,NaN,0,577,482,54.952,45.905,470.500,44.810
4362,4362,145.400,NaN,NaN,NaN,NaN,NaN,0,577,482,54.952,45.905,470.500,44.810
4363,4363,145.433,NaN,NaN,NaN,NaN,NaN,0,577,482,54.952,45.905,470.500,44.810
4364,4364,145.467,NaN,NaN,NaN,NaN,NaN,0,577,482,54.952,45.905,470.500,44.810
4365,4365,145.500,NaN,NaN,NaN,NaN,NaN,0,577,482,54.952,45.905,470.500,44.810
4366,4366,145.533,NaN,NaN,NaN,NaN,NaN,0,577,482,54.952,45.905,470.500,44.810
4367,4367,145.567,NaN,NaN,NaN,NaN,NaN,0,577,482,54.952,45.905,470.500,44.810
4368,4368,145.600,NaN,NaN,NaN,NaN,NaN,0,577,482,54.952,45.905,470.500,44.810
4369,4369,145.633,NaN,NaN,NaN,NaN,NaN,0,577,482,54.952,45.905,470.500,44.810
4370,4370,145.667,NaN,NaN,NaN,NaN,NaN,0,577,482,54.952,45.905,470.500,44.810
4371,4371,145.700,NaN,NaN,NaN,NaN,NaN,0,577,482,54.952,45.905,470.500,44.810
4372,4372,145.733,NaN,NaN,NaN,NaN,NaN,0,577,482,54.952,45.905,470.500,44.810
4373,4373,145.767,NaN,NaN,NaN,NaN,NaN,0,577,482,54.952,45.905,470.500,44.810
4374,4374,145.800,NaN,NaN,NaN,NaN,NaN,0,577,482,54.952,45.905,470.500,44.810
4375,4375,145.833,NaN,NaN,NaN,NaN,NaN,0,577,482,54.952,45.905,470.500,44.810
4376,4376,145.867,NaN,NaN,NaN,NaN,NaN,0,577,482,54.952,45.905,470.500,44.810
4377,4377,145.900,NaN,NaN,NaN,NaN,NaN,0,577,482,54.952,45.905,470.500,44.810
4378,4378,145.933,NaN,NaN,NaN,NaN,NaN,0,577,482,54.952,45.905,470.500,44.810
4379,4379,145.967,NaN,NaN,NaN,NaN,NaN,0,577,482,54.952,45.905,470.500,44.810
4380,4380,146.000,NaN,NaN,NaN,NaN,NaN,0,577,482,54.952,45.905,470.500,44.810
4381,4381,146.033,NaN,NaN,NaN,NaN,NaN,0,577,482,54.952,45.905,470.500,44.810
4382,4382,146.067,NaN,NaN,NaN,NaN,NaN,0,577,482,54.952,45.905,470.500,44.810
4383,4383,146.100,NaN,NaN,NaN,NaN,NaN,0,577,482,54.952,45.905,470.500,44.810
4384,4384,146.133,NaN,NaN,NaN,NaN,NaN,0,577,482,54.952,45.905,470.500,44.810
4385,4385,146.167,NaN,NaN,NaN,NaN,NaN,0,577,482,54.952,45.905,470.500,44.810
4386,4386,146.200,NaN,NaN,NaN,NaN,NaN,0,577,482,54.952,45.905,470.500,44.810
4387,4387,146.233,NaN,NaN,NaN,NaN,NaN,0,577,482,54.952,45.905,470.500,44.810
4388,4388,146.267,NaN,NaN,NaN,NaN,NaN,0,577,482,54.952,45.905,470.500,44.810
4389,4389,146.300,NaN,NaN,NaN,NaN,NaN,0,577,482,54.952,45.905,470.500,44.810
4390,4390,146.333,NaN,NaN,NaN,NaN,NaN,0,577,482,54.952,45.905,470.500,44.810
4391,4391,146.367,NaN,NaN,NaN,NaN,NaN,0,577,482,54.952,45.905,470.500,44.810
4392,4392,146.400,NaN,NaN,NaN,NaN,NaN,0,577,482,54.952,45.905,470.500,44.810
4393,4393,146.433,NaN,NaN,NaN,NaN,NaN,0,577,482,54.952,45.905,470.500,44.810
4394,4394,146.467,NaN,NaN,NaN,NaN,NaN,0,577,482,54.952,45.905,470.500,44.810
4395,4395,146.500,NaN,NaN,NaN,NaN,NaN,0,577,482,54.952,45.905,470.500,44.810
4396,4396,146.533,NaN,NaN,NaN,NaN,NaN,0,577,482,54.952,45.905,470.500,44.810
4397,4397,146.567,NaN,NaN,NaN,NaN,NaN,0,577,482,54.952,45.905,470.500,44.810
4398,4398,146.600,NaN,NaN,NaN,NaN,NaN,0,577,482,54.952,45.905,470.500,44.810
4399,4399,146.633,NaN,NaN,NaN,NaN,NaN,0,577,482,54.952,45.905,470.500,44.810
4400,4400,146.667,NaN,NaN,NaN,NaN,NaN,0,577,482,54.952,45.905,470.500,44.810
4401,4401,146.700,NaN,NaN,NaN,NaN,NaN,0,577,482,54.952,45.905,470.500,44.810
4402,4402,146.733,NaN,NaN,NaN,NaN,NaN,0,577,482,54.952,45.905,470.500,44.810
4403,4403,146.767,NaN,NaN,NaN,NaN,NaN,0,577,482,54.952,45.905,470.500,44.810
4404,4404,146.800,NaN,NaN,NaN,NaN,NaN,0,577,482,54.952,45.905,470.500,44.810
4405,4405,146.833,NaN,NaN,NaN,NaN,NaN,0,577,482,54.952,45.905,470.500,44.810
4406,4406,146.867,NaN,NaN,NaN,NaN,NaN,0,577,482,54.952,45.905,470.500,44.810
4407,4407,146.900,NaN,NaN,NaN,NaN,NaN,0,577,482,54.952,45.905,470.500,44.810
4408,4408,146.933,NaN,NaN,NaN,NaN,NaN,0,577,482,54.952,45.905,470.500,44.810
4409,4409,146.967,NaN,NaN,NaN,NaN,NaN,0,577,482,54.952,45.905,470.500,44.810
4410,4410,147.000,NaN,NaN,NaN,NaN,NaN,0,577,482,54.952,45.905,470.500,44.810
4411,4411,147.033,NaN,NaN,NaN,NaN,NaN,0,577,482,54.952,45.905,470.500,44.810
4412,4412,147.067,NaN,NaN,NaN,NaN,NaN,0,577,482,54.952,45.905,470.500,44.810
4413,4413,147.100,NaN,NaN,NaN,NaN,NaN,0,577,482,54.952,45.905,470.500,44.810
4414,4414,147.133,NaN,NaN,NaN,NaN,NaN,0,577,482,54.952,45.905,470.500,44.810
4415,4415,147.167,NaN,NaN,NaN,NaN,NaN,0,577,482,54.952,45.905,470.500,44.810
4416,4416,147.200,NaN,NaN,NaN,NaN,NaN,0,577,482,54.952,45.905,470.500,44.810
4417,4417,147.233,NaN,NaN,NaN,NaN,NaN,0,577,482,54.952,45.905,470.500,44.810
4418,4418,147.267,NaN,NaN,NaN,NaN,NaN,0,577,482,54.952,45.905,470.500,44.810
4419,4419,147.300,NaN,NaN,NaN,NaN,NaN,0,577,482,54.952,45.905,470.500,44.810
4420,4420,147.333,NaN,NaN,NaN,NaN,NaN,0,577,482,54.952,45.905,470.500,44.810
4421,4421,147.367,NaN,NaN,NaN,NaN,NaN,0,577,482,54.952,45.905,470.500,44.810
4422,4422,147.400,NaN,NaN,NaN,NaN,NaN,0,577,482,54.952,45.905,470.500,44.810
4423,4423,147.433,NaN,NaN,NaN,NaN,NaN,0,577,482,54.952,45.905,470.500,44.810
4424,4424,147.467,NaN,NaN,NaN,NaN,NaN,0,577,482,54.952,45.905,470.500,44.810
4425,4425,147.500,NaN,NaN,NaN,NaN,NaN,0,577,482,54.952,45.905,470.500,44.810
4426,4426,147.533,NaN,NaN,NaN,NaN,NaN,0,577,482,54.952,45.905,470.500,44.810
4427,4427,147.567,NaN,NaN,NaN,NaN,NaN,0,577,482,54.952,45.905,470.500,44.810
4428,4428,147.600,NaN,NaN,NaN,NaN,NaN,0,577,482,54.952,45.905,470.500,44.810
4429,4429,147.633,NaN,NaN,NaN,NaN,NaN,0,577,482,54.952,45.905,470.500,44.810
4430,4430,147.667,NaN,NaN,NaN,NaN,NaN,0,577,482,54.952,45.905,470.500,44.810
4431,4431,147.700,NaN,NaN,NaN,NaN,NaN,0,577,482,54.952,45.905,470.500,44.810
4432,4432,147.733,NaN,NaN,NaN,NaN,NaN,0,577,482,54.952,45.905,470.500,44.810
4433,4433,147.767,NaN,NaN,NaN,NaN,NaN,0,577,482,54.952,45.905,470.500,44.810
4434,4434,147.800,NaN,NaN,NaN,NaN,NaN,0,577,482,54.952,45.905,470.500,44.810
4435,4435,147.833,NaN,NaN,NaN,NaN,NaN,0,577,482,54.952,45.905,470.500,44.810
4436,4436,147.867,NaN,NaN,NaN,NaN,NaN,0,577,482,54.952,45.905,470.500,44.810
4437,4437,147.900,NaN,NaN,NaN,NaN,NaN,0,577,482,54.952,45.905,470.500,44.810
4438,4438,147.933,NaN,NaN,NaN,NaN,NaN,0,577,482,54.952,45.905,470.500,44.810
4439,4439,147.967,NaN,NaN,NaN,NaN,NaN,0,577,482,54.952,45.905,470.500,44.810
4440,4440,148.000,NaN,NaN,NaN,NaN,NaN,0,577,482,54.952,45.905,470.500,44.810
4441,4441,148.033,NaN,NaN,NaN,NaN,NaN,0,577,482,54.952,45.905,470.500,44.810
4442,4442,148.067,NaN,NaN,NaN,NaN,NaN,0,577,482,54.952,45.905,470.500,44.810
4443,4443,148.100,NaN,NaN,NaN,NaN,NaN,0,577,482,54.952,45.905,470.500,44.810
4444,4444,148.133,NaN,NaN,NaN,NaN,NaN,0,577,482,54.952,45.905,470.500,44.810
4445,4445,148.167,NaN,NaN,NaN,NaN,NaN,0,577,482,54.952,45.905,470.500,44.810
4446,4446,148.200,NaN,NaN,NaN,NaN,NaN,0,577,482,54.952,45.905,470.500,44.810
4447,4447,148.233,NaN,NaN,NaN,NaN,NaN,0,577,482,54.952,45.905,470.500,44.810
4448,4448,148.267,NaN,NaN,NaN,NaN,NaN,0,577,482,54.952,45.905,470.500,44.810
4449,4449,148.300,NaN,NaN,NaN,NaN,NaN,0,577,482,54.952,45.905,470.500,44.810
4450,4450,148.333,NaN,NaN,NaN,NaN,NaN,0,577,482,54.952,45.905,470.500,44.810
4451,4451,148.367,NaN,NaN,NaN,NaN,NaN,0,577,482,54.952,45.905,470.500,44.810
4452,4452,148.400,NaN,NaN,NaN,NaN,NaN,0,577,482,54.952,45.905,470.500,44.810
4453,4453,148.433,NaN,NaN,NaN,NaN,NaN,0,577,482,54.952,45.905,470.500,44.810
4454,4454,148.467,NaN,NaN,NaN,NaN,NaN,0,577,482,54.952,45.905,470.500,44.810
4455,4455,148.500,NaN,NaN,NaN,NaN,NaN,0,577,482,54.952,45.905,470.500,44.810
4456,4456,148.533,NaN,NaN,NaN,NaN,NaN,0,577,482,54.952,45.905,470.500,44.810
4457,4457,148.567,NaN,NaN,NaN,NaN,NaN,0,577,482,54.952,45.905,470.500,44.810
4458,4458,148.600,NaN,NaN,NaN,NaN,NaN,0,577,482,54.952,45.905,470.500,44.810
4459,4459,148.633,NaN,NaN,NaN,NaN,NaN,0,577,482,54.952,45.905,470.500,44.810
4460,4460,148.667,NaN,NaN,NaN,NaN,NaN,0,577,482,54.952,45.905,470.500,44.810
4461,4461,148.700,NaN,NaN,NaN,NaN,NaN,0,577,482,54.952,45.905,470.500,44.810
4462,4462,148.733,NaN,NaN,NaN,NaN,NaN,0,577,482,54.952,45.905,470.500,44.810
4463,4463,148.767,NaN,NaN,NaN,NaN,NaN,0,577,482,54.952,45.905,470.500,44.810
4464,4464,148.800,NaN,NaN,NaN,NaN,NaN,0,577,482,54.952,45.905,470.500,44.810
4465,4465,148.833,NaN,NaN,NaN,NaN,NaN,0,577,482,54.952,45.905,470.500,44.810
4466,4466,148.867,NaN,NaN,NaN,NaN,NaN,0,577,482,54.952,45.905,470.500,44.810
4467,4467,148.900,NaN,NaN,NaN,NaN,NaN,0,577,482,54.952,45.905,470.500,44.810
4468,4468,148.933,NaN,NaN,NaN,NaN,NaN,0,577,482,54.952,45.905,470.500,44.810
4469,4469,148.967,NaN,NaN,NaN,NaN,NaN,0,577,482,54.952,45.905,470.500,44.810
4470,4470,149.000,NaN,NaN,NaN,NaN,NaN,0,577,482,54.952,45.905,470.500,44.810
4471,4471,149.033,NaN,NaN,NaN,NaN,NaN,0,577,482,54.952,45.905,470.500,44.810
4472,4472,149.067,NaN,NaN,NaN,NaN,NaN,0,577,482,54.952,45.905,470.500,44.810
4473,4473,149.100,NaN,NaN,NaN,NaN,NaN,0,577,482,54.952,45.905,470.500,44.810
4474,4474,149.133,NaN,NaN,NaN,NaN,NaN,0,577,482,54.952,45.905,470.500,44.810
4475,4475,149.167,NaN,NaN,NaN,NaN,NaN,0,577,482,54.952,45.905,470.500,44.810
4476,4476,149.200,NaN,NaN,NaN,NaN,NaN,0,577,482,54.952,45.905,470.500,44.810
4477,4477,149.233,NaN,NaN,NaN,NaN,NaN,0,577,482,54.952,45.905,470.500,44.810
4478,4478,149.267,NaN,NaN,NaN,NaN,NaN,0,577,482,54.952,45.905,470.500,44.810
4479,4479,149.300,NaN,NaN,NaN,NaN,NaN,0,577,482,54.952,45.905,470.500,44.810
4480,4480,149.333,NaN,NaN,NaN,NaN,NaN,0,577,482,54.952,45.905,470.500,44.810
4481,4481,149.367,NaN,NaN,NaN,NaN,NaN,0,577,482,54.952,45.905,470.500,44.810
4482,4482,149.400,NaN,NaN,NaN,NaN,NaN,0,577,482,54.952,45.905,470.500,44.810
4483,4483,149.433,NaN,NaN,NaN,NaN,NaN,0,577,482,54.952,45.905,470.500,44.810
4484,4484,149.467,NaN,NaN,NaN,NaN,NaN,0,577,482,54.952,45.905,470.500,44.810
4485,4485,149.500,NaN,NaN,NaN,NaN,NaN,0,577,482,54.952,45.905,470.500,44.810
4486,4486,149.533,NaN,NaN,NaN,NaN,NaN,0,577,482,54.952,45.905,470.500,44.810
4487,4487,149.567,NaN,NaN,NaN,NaN,NaN,0,577,482,54.952,45.905,470.500,44.810
4488,4488,149.600,NaN,NaN,NaN,NaN,NaN,0,577,482,54.952,45.905,470.500,44.810
4489,4489,149.633,NaN,NaN,NaN,NaN,NaN,0,577,482,54.952,45.905,470.500,44.810
4490,4490,149.667,NaN,NaN,NaN,NaN,NaN,0,577,482,54.952,45.905,470.500,44.810
4491,4491,149.700,NaN,NaN,NaN,NaN,NaN,0,577,482,54.952,45.905,470.500,44.810
4492,4492,149.733,NaN,NaN,NaN,NaN,NaN,0,577,482,54.952,45.905,470.500,44.810
4493,4493,149.767,NaN,NaN,NaN,NaN,NaN,0,577,482,54.952,45.905,470.500,44.810
4494,4494,149.800,NaN,NaN,NaN,NaN,NaN,0,577,482,54.952,45.905,470.500,44.810
4495,4495,149.833,NaN,NaN,NaN,NaN,NaN,0,577,482,54.952,45.905,470.500,44.810
4496,4496,149.867,NaN,NaN,NaN,NaN,NaN,0,577,482,54.952,45.905,470.500,44.810
4497,4497,149.900,NaN,NaN,NaN,NaN,NaN,0,577,482,54.952,45.905,470.500,44.810
4498,4498,149.933,NaN,NaN,NaN,NaN,NaN,0,577,482,54.952,45.905,470.500,44.810
4499,4499,149.967,NaN,NaN,NaN,NaN,NaN,0,577,482,54.952,45.905,470.500,44.810
4500,4500,150.000,NaN,NaN,NaN,NaN,NaN,0,577,482,54.952,45.905,470.500,44.810
4501,4501,150.033,NaN,NaN,NaN,NaN,NaN,0,577,482,54.952,45.905,470.500,44.810
4502,4502,150.067,NaN,NaN,NaN,NaN,NaN,0,577,482,54.952,45.905,470.500,44.810
4503,4503,150.100,NaN,NaN,NaN,NaN,NaN,0,577,482,54.952,45.905,470.500,44.810
4504,4504,150.133,NaN,NaN,NaN,NaN,NaN,0,577,482,54.952,45.905,470.500,44.810
4505,4505,150.167,NaN,NaN,NaN,NaN,NaN,0,577,482,54.952,45.905,470.500,44.810
4506,4506,150.200,NaN,NaN,NaN,NaN,NaN,0,577,482,54.952,45.905,470.500,44.810
4507,4507,150.233,NaN,NaN,NaN,NaN,NaN,0,577,482,54.952,45.905,470.500,44.810
4508,4508,150.267,NaN,NaN,NaN,NaN,NaN,0,577,482,54.952,45.905,470.500,44.810
4509,4509,150.300,NaN,NaN,NaN,NaN,NaN,0,577,482,54.952,45.905,470.500,44.810
4510,4510,150.333,NaN,NaN,NaN,NaN,NaN,0,577,482,54.952,45.905,470.500,44.810
4511,4511,150.367,NaN,NaN,NaN,NaN,NaN,0,577,482,54.952,45.905,470.500,44.810
4512,4512,150.400,NaN,NaN,NaN,NaN,NaN,0,577,482,54.952,45.905,470.500,44.810
4513,4513,150.433,NaN,NaN,NaN,NaN,NaN,0,577,482,54.952,45.905,470.500,44.810
4514,4514,150.467,NaN,NaN,NaN,NaN,NaN,0,577,482,54.952,45.905,470.500,44.810
4515,4515,150.500,NaN,NaN,NaN,NaN,NaN,0,577,482,54.952,45.905,470.500,44.810
4516,4516,150.533,NaN,NaN,NaN,NaN,NaN,0,577,482,54.952,45.905,470.500,44.810
4517,4517,150.567,NaN,NaN,NaN,NaN,NaN,0,577,482,54.952,45.905,470.500,44.810
4518,4518,150.600,NaN,NaN,NaN,NaN,NaN,0,577,482,54.952,45.905,470.500,44.810
4519,4519,150.633,NaN,NaN,NaN,NaN,NaN,0,577,482,54.952,45.905,470.500,44.810
4520,4520,150.667,NaN,NaN,NaN,NaN,NaN,0,577,482,54.952,45.905,470.500,44.810
4521,4521,150.700,NaN,NaN,NaN,NaN,NaN,0,577,482,54.952,45.905,470.500,44.810
4522,4522,150.733,NaN,NaN,NaN,NaN,NaN,0,577,482,54.952,45.905,470.500,44.810
4523,4523,150.767,NaN,NaN,NaN,NaN,NaN,0,577,482,54.952,45.905,470.500,44.810
4524,4524,150.800,NaN,NaN,NaN,NaN,NaN,0,577,482,54.952,45.905,470.500,44.810
4525,4525,150.833,NaN,NaN,NaN,NaN,NaN,0,577,482,54.952,45.905,470.500,44.810
4526,4526,150.867,NaN,NaN,NaN,NaN,NaN,0,577,482,54.952,45.905,470.500,44.810
4527,4527,150.900,NaN,NaN,NaN,NaN,NaN,0,577,482,54.952,45.905,470.500,44.810
4528,4528,150.933,NaN,NaN,NaN,NaN,NaN,0,577,482,54.952,45.905,470.500,44.810
4529,4529,150.967,NaN,NaN,NaN,NaN,NaN,0,577,482,54.952,45.905,470.500,44.810
4530,4530,151.000,NaN,NaN,NaN,NaN,NaN,0,577,482,54.952,45.905,470.500,44.810
4531,4531,151.033,NaN,NaN,NaN,NaN,NaN,0,577,482,54.952,45.905,470.500,44.810
4532,4532,151.067,NaN,NaN,NaN,NaN,NaN,0,577,482,54.952,45.905,470.500,44.810
4533,4533,151.100,NaN,NaN,NaN,NaN,NaN,0,577,482,54.952,45.905,470.500,44.810
4534,4534,151.133,NaN,NaN,NaN,NaN,NaN,0,577,482,54.952,45.905,470.500,44.810
4535,4535,151.167,NaN,NaN,NaN,NaN,NaN,0,577,482,54.952,45.905,470.500,44.810
4536,4536,151.200,NaN,NaN,NaN,NaN,NaN,0,577,482,54.952,45.905,470.500,44.810
4537,4537,151.233,NaN,NaN,NaN,NaN,NaN,0,577,482,54.952,45.905,470.500,44.810
4538,4538,151.267,NaN,NaN,NaN,NaN,NaN,0,577,482,54.952,45.905,470.500,44.810
4539,4539,151.300,NaN,NaN,NaN,NaN,NaN,0,577,482,54.952,45.905,470.500,44.810
4540,4540,151.333,NaN,NaN,NaN,NaN,NaN,0,577,482,54.952,45.905,470.500,44.810
4541,4541,151.367,NaN,NaN,NaN,NaN,NaN,0,577,482,54.952,45.905,470.500,44.810
4542,4542,151.400,NaN,NaN,NaN,NaN,NaN,0,577,482,54.952,45.905,470.500,44.810
4543,4543,151.433,NaN,NaN,NaN,NaN,NaN,0,577,482,54.952,45.905,470.500,44.810
4544,4544,151.467,NaN,NaN,NaN,NaN,NaN,0,577,482,54.952,45.905,470.500,44.810
4545,4545,151.500,NaN,NaN,NaN,NaN,NaN,0,577,482,54.952,45.905,470.500,44.810
4546,4546,151.533,NaN,NaN,NaN,NaN,NaN,0,577,482,54.952,45.905,470.500,44.810
4547,4547,151.567,NaN,NaN,NaN,NaN,NaN,0,577,482,54.952,45.905,470.500,44.810
4548,4548,151.600,NaN,NaN,NaN,NaN,NaN,0,577,482,54.952,45.905,470.500,44.810
4549,4549,151.633,NaN,NaN,NaN,NaN,NaN,0,577,482,54.952,45.905,470.500,44.810
4550,4550,151.667,NaN,NaN,NaN,NaN,NaN,0,577,482,54.952,45.905,470.500,44.810
4551,4551,151.700,NaN,NaN,NaN,NaN,NaN,0,577,482,54.952,45.905,470.500,44.810
4552,4552,151.733,NaN,NaN,NaN,NaN,NaN,0,577,482,54.952,45.905,470.500,44.810
4553,4553,151.767,NaN,NaN,NaN,NaN,NaN,0,577,482,54.952,45.905,470.500,44.810
4554,4554,151.800,NaN,NaN,NaN,NaN,NaN,0,577,482,54.952,45.905,470.500,44.810
4555,4555,151.833,NaN,NaN,NaN,NaN,NaN,0,577,482,54.952,45.905,470.500,44.810
4556,4556,151.867,NaN,NaN,NaN,NaN,NaN,0,577,482,54.952,45.905,470.500,44.810
4557,4557,151.900,NaN,NaN,NaN,NaN,NaN,0,577,482,54.952,45.905,470.500,44.810
4558,4558,151.933,NaN,NaN,NaN,NaN,NaN,0,577,482,54.952,45.905,470.500,44.810
4559,4559,151.967,NaN,NaN,NaN,NaN,NaN,0,577,482,54.952,45.905,470.500,44.810
4560,4560,152.000,NaN,NaN,NaN,NaN,NaN,0,577,482,54.952,45.905,470.500,44.810
4561,4561,152.033,NaN,NaN,NaN,NaN,NaN,0,577,482,54.952,45.905,470.500,44.810
4562,4562,152.067,NaN,NaN,NaN,NaN,NaN,0,577,482,54.952,45.905,470.500,44.810
4563,4563,152.100,NaN,NaN,NaN,NaN,NaN,0,577,482,54.952,45.905,470.500,44.810
4564,4564,152.133,NaN,NaN,NaN,NaN,NaN,0,577,482,54.952,45.905,470.500,44.810
4565,4565,152.167,NaN,NaN,NaN,NaN,NaN,0,577,482,54.952,45.905,470.500,44.810
4566,4566,152.200,NaN,NaN,NaN,NaN,NaN,0,577,482,54.952,45.905,470.500,44.810
4567,4567,152.233,NaN,NaN,NaN,NaN,NaN,0,577,482,54.952,45.905,470.500,44.810
4568,4568,152.267,NaN,NaN,NaN,NaN,NaN,0,577,482,54.952,45.905,470.500,44.810
4569,4569,152.300,NaN,NaN,NaN,NaN,NaN,0,577,482,54.952,45.905,470.500,44.810
4570,4570,152.333,NaN,NaN,NaN,NaN,NaN,0,577,482,54.952,45.905,470.500,44.810
4571,4571,152.367,NaN,NaN,NaN,NaN,NaN,0,577,482,54.952,45.905,470.500,44.810
4572,4572,152.400,NaN,NaN,NaN,NaN,NaN,0,577,482,54.952,45.905,470.500,44.810
4573,4573,152.433,NaN,NaN,NaN,NaN,NaN,0,577,482,54.952,45.905,470.500,44.810
4574,4574,152.467,NaN,NaN,NaN,NaN,NaN,0,577,482,54.952,45.905,470.500,44.810
4575,4575,152.500,NaN,NaN,NaN,NaN,NaN,0,577,482,54.952,45.905,470.500,44.810
4576,4576,152.533,NaN,NaN,NaN,NaN,NaN,0,577,482,54.952,45.905,470.500,44.810
4577,4577,152.567,NaN,NaN,NaN,NaN,NaN,0,577,482,54.952,45.905,470.500,44.810
4578,4578,152.600,NaN,NaN,NaN,NaN,NaN,0,577,482,54.952,45.905,470.500,44.810
4579,4579,152.633,NaN,NaN,NaN,NaN,NaN,0,577,482,54.952,45.905,470.500,44.810
4580,4580,152.667,NaN,NaN,NaN,NaN,NaN,0,577,482,54.952,45.905,470.500,44.810
4581,4581,152.700,NaN,NaN,NaN,NaN,NaN,0,577,482,54.952,45.905,470.500,44.810
4582,4582,152.733,NaN,NaN,NaN,NaN,NaN,0,577,482,54.952,45.905,470.500,44.810
4583,4583,152.767,NaN,NaN,NaN,NaN,NaN,0,577,482,54.952,45.905,470.500,44.810
4584,4584,152.800,NaN,NaN,NaN,NaN,NaN,0,577,482,54.952,45.905,470.500,44.810
4585,4585,152.833,NaN,NaN,NaN,NaN,NaN,0,577,482,54.952,45.905,470.500,44.810
4586,4586,152.867,NaN,NaN,NaN,NaN,NaN,0,577,482,54.952,45.905,470.500,44.810
4587,4587,152.900,NaN,NaN,NaN,NaN,NaN,0,577,482,54.952,45.905,470.500,44.810
4588,4588,152.933,NaN,NaN,NaN,NaN,NaN,0,577,482,54.952,45.905,470.500,44.810
4589,4589,152.967,NaN,NaN,NaN,NaN,NaN,0,577,482,54.952,45.905,470.500,44.810
4590,4590,153.000,NaN,NaN,NaN,NaN,NaN,0,577,482,54.952,45.905,470.500,44.810
4591,4591,153.033,NaN,NaN,NaN,NaN,NaN,0,577,482,54.952,45.905,470.500,44.810
4592,4592,153.067,NaN,NaN,NaN,NaN,NaN,0,577,482,54.952,45.905,470.500,44.810
4593,4593,153.100,NaN,NaN,NaN,NaN,NaN,0,577,482,54.952,45.905,470.500,44.810
4594,4594,153.133,NaN,NaN,NaN,NaN,NaN,0,577,482,54.952,45.905,470.500,44.810
4595,4595,153.167,NaN,NaN,NaN,NaN,NaN,0,577,482,54.952,45.905,470.500,44.810
4596,4596,153.200,NaN,NaN,NaN,NaN,NaN,0,577,482,54.952,45.905,470.500,44.810
4597,4597,153.233,NaN,NaN,NaN,NaN,NaN,0,577,482,54.952,45.905,470.500,44.810
4598,4598,153.267,NaN,NaN,NaN,NaN,NaN,0,577,482,54.952,45.905,470.500,44.810
4599,4599,153.300,NaN,NaN,NaN,NaN,NaN,0,577,482,54.952,45.905,470.500,44.810
4600,4600,153.333,NaN,NaN,NaN,NaN,NaN,0,577,482,54.952,45.905,470.500,44.810
4601,4601,153.367,NaN,NaN,NaN,NaN,NaN,0,577,482,54.952,45.905,470.500,44.810
4602,4602,153.400,NaN,NaN,NaN,NaN,NaN,0,577,482,54.952,45.905,470.500,44.810
4603,4603,153.433,NaN,NaN,NaN,NaN,NaN,0,577,482,54.952,45.905,470.500,44.810
4604,4604,153.467,NaN,NaN,NaN,NaN,NaN,0,577,482,54.952,45.905,470.500,44.810
4605,4605,153.500,NaN,NaN,NaN,NaN,NaN,0,577,482,54.952,45.905,470.500,44.810
4606,4606,153.533,NaN,NaN,NaN,NaN,NaN,0,577,482,54.952,45.905,470.500,44.810
4607,4607,153.567,NaN,NaN,NaN,NaN,NaN,0,577,482,54.952,45.905,470.500,44.810
4608,4608,153.600,NaN,NaN,NaN,NaN,NaN,0,577,482,54.952,45.905,470.500,44.810
4609,4609,153.633,NaN,NaN,NaN,NaN,NaN,0,577,482,54.952,45.905,470.500,44.810
4610,4610,153.667,NaN,NaN,NaN,NaN,NaN,0,577,482,54.952,45.905,470.500,44.810
4611,4611,153.700,NaN,NaN,NaN,NaN,NaN,0,577,482,54.952,45.905,470.500,44.810
4612,4612,153.733,NaN,NaN,NaN,NaN,NaN,0,577,482,54.952,45.905,470.500,44.810
4613,4613,153.767,NaN,NaN,NaN,NaN,NaN,0,577,482,54.952,45.905,470.500,44.810
4614,4614,153.800,NaN,NaN,NaN,NaN,NaN,0,577,482,54.952,45.905,470.500,44.810
4615,4615,153.833,NaN,NaN,NaN,NaN,NaN,0,577,482,54.952,45.905,470.500,44.810
4616,4616,153.867,NaN,NaN,NaN,NaN,NaN,0,577,482,54.952,45.905,470.500,44.810
4617,4617,153.900,NaN,NaN,NaN,NaN,NaN,0,577,482,54.952,45.905,470.500,44.810
4618,4618,153.933,NaN,NaN,NaN,NaN,NaN,0,577,482,54.952,45.905,470.500,44.810
4619,4619,153.967,NaN,NaN,NaN,NaN,NaN,0,577,482,54.952,45.905,470.500,44.810
4620,4620,154.000,NaN,NaN,NaN,NaN,NaN,0,577,482,54.952,45.905,470.500,44.810
4621,4621,154.033,NaN,NaN,NaN,NaN,NaN,0,577,482,54.952,45.905,470.500,44.810
4622,4622,154.067,NaN,NaN,NaN,NaN,NaN,0,577,482,54.952,45.905,470.500,44.810
4623,4623,154.100,NaN,NaN,NaN,NaN,NaN,0,577,482,54.952,45.905,470.500,44.810
4624,4624,154.133,NaN,NaN,NaN,NaN,NaN,0,577,482,54.952,45.905,470.500,44.810
4625,4625,154.167,NaN,NaN,NaN,NaN,NaN,0,577,482,54.952,45.905,470.500,44.810
4626,4626,154.200,NaN,NaN,NaN,NaN,NaN,0,577,482,54.952,45.905,470.500,44.810
4627,4627,154.233,NaN,NaN,NaN,NaN,NaN,0,577,482,54.952,45.905,470.500,44.810
4628,4628,154.267,NaN,NaN,NaN,NaN,NaN,0,577,482,54.952,45.905,470.500,44.810
4629,4629,154.300,NaN,NaN,NaN,NaN,NaN,0,577,482,54.952,45.905,470.500,44.810
4630,4630,154.333,NaN,NaN,NaN,NaN,NaN,0,577,482,54.952,45.905,470.500,44.810
4631,4631,154.367,NaN,NaN,NaN,NaN,NaN,0,577,482,54.952,45.905,470.500,44.810
4632,4632,154.400,NaN,NaN,NaN,NaN,NaN,0,577,482,54.952,45.905,470.500,44.810
4633,4633,154.433,NaN,NaN,NaN,NaN,NaN,0,577,482,54.952,45.905,470.500,44.810
4634,4634,154.467,NaN,NaN,NaN,NaN,NaN,0,577,482,54.952,45.905,470.500,44.810
4635,4635,154.500,NaN,NaN,NaN,NaN,NaN,0,577,482,54.952,45.905,470.500,44.810
4636,4636,154.533,NaN,NaN,NaN,NaN,NaN,0,577,482,54.952,45.905,470.500,44.810
4637,4637,154.567,NaN,NaN,NaN,NaN,NaN,0,577,482,54.952,45.905,470.500,44.810
4638,4638,154.600,NaN,NaN,NaN,NaN,NaN,0,577,482,54.952,45.905,470.500,44.810
4639,4639,154.633,NaN,NaN,NaN,NaN,NaN,0,577,482,54.952,45.905,470.500,44.810
4640,4640,154.667,NaN,NaN,NaN,NaN,NaN,0,577,482,54.952,45.905,470.500,44.810
4641,4641,154.700,NaN,NaN,NaN,NaN,NaN,0,577,482,54.952,45.905,470.500,44.810
4642,4642,154.733,NaN,NaN,NaN,NaN,NaN,0,577,482,54.952,45.905,470.500,44.810
4643,4643,154.767,NaN,NaN,NaN,NaN,NaN,0,577,482,54.952,45.905,470.500,44.810
4644,4644,154.800,NaN,NaN,NaN,NaN,NaN,0,577,482,54.952,45.905,470.500,44.810
4645,4645,154.833,NaN,NaN,NaN,NaN,NaN,0,577,482,54.952,45.905,470.500,44.810
4646,4646,154.867,NaN,NaN,NaN,NaN,NaN,0,577,482,54.952,45.905,470.500,44.810
4647,4647,154.900,NaN,NaN,NaN,NaN,NaN,0,577,482,54.952,45.905,470.500,44.810
4648,4648,154.933,NaN,NaN,NaN,NaN,NaN,0,577,482,54.952,45.905,470.500,44.810
4649,4649,154.967,NaN,NaN,NaN,NaN,NaN,0,577,482,54.952,45.905,470.500,44.810
4650,4650,155.000,NaN,NaN,NaN,NaN,NaN,0,577,482,54.952,45.905,470.500,44.810
4651,4651,155.033,NaN,NaN,NaN,NaN,NaN,0,577,482,54.952,45.905,470.500,44.810
4652,4652,155.067,NaN,NaN,NaN,NaN,NaN,0,577,482,54.952,45.905,470.500,44.810
4653,4653,155.100,NaN,NaN,NaN,NaN,NaN,0,577,482,54.952,45.905,470.500,44.810
4654,4654,155.133,NaN,NaN,NaN,NaN,NaN,0,577,482,54.952,45.905,470.500,44.810
4655,4655,155.167,NaN,NaN,NaN,NaN,NaN,0,577,482,54.952,45.905,470.500,44.810
4656,4656,155.200,NaN,NaN,NaN,NaN,NaN,0,577,482,54.952,45.905,470.500,44.810
4657,4657,155.233,NaN,NaN,NaN,NaN,NaN,0,577,482,54.952,45.905,470.500,44.810
4658,4658,155.267,NaN,NaN,NaN,NaN,NaN,0,577,482,54.952,45.905,470.500,44.810
4659,4659,155.300,NaN,NaN,NaN,NaN,NaN,0,577,482,54.952,45.905,470.500,44.810
4660,4660,155.333,NaN,NaN,NaN,NaN,NaN,0,577,482,54.952,45.905,470.500,44.810
4661,4661,155.367,NaN,NaN,NaN,NaN,NaN,0,577,482,54.952,45.905,470.500,44.810
4662,4662,155.400,NaN,NaN,NaN,NaN,NaN,0,577,482,54.952,45.905,470.500,44.810
4663,4663,155.433,NaN,NaN,NaN,NaN,NaN,0,577,482,54.952,45.905,470.500,44.810
4664,4664,155.467,NaN,NaN,NaN,NaN,NaN,0,577,482,54.952,45.905,470.500,44.810
4665,4665,155.500,NaN,NaN,NaN,NaN,NaN,0,577,482,54.952,45.905,470.500,44.810
4666,4666,155.533,NaN,NaN,NaN,NaN,NaN,0,577,482,54.952,45.905,470.500,44.810
4667,4667,155.567,NaN,NaN,NaN,NaN,NaN,0,577,482,54.952,45.905,470.500,44.810
4668,4668,155.600,NaN,NaN,NaN,NaN,NaN,0,577,482,54.952,45.905,470.500,44.810
4669,4669,155.633,NaN,NaN,NaN,NaN,NaN,0,577,482,54.952,45.905,470.500,44.810
4670,4670,155.667,NaN,NaN,NaN,NaN,NaN,0,577,482,54.952,45.905,470.500,44.810
4671,4671,155.700,NaN,NaN,NaN,NaN,NaN,0,577,482,54.952,45.905,470.500,44.810
4672,4672,155.733,NaN,NaN,NaN,NaN,NaN,0,577,482,54.952,45.905,470.500,44.810
4673,4673,155.767,NaN,NaN,NaN,NaN,NaN,0,577,482,54.952,45.905,470.500,44.810
4674,4674,155.800,NaN,NaN,NaN,NaN,NaN,0,577,482,54.952,45.905,470.500,44.810
4675,4675,155.833,NaN,NaN,NaN,NaN,NaN,0,577,482,54.952,45.905,470.500,44.810
4676,4676,155.867,NaN,NaN,NaN,NaN,NaN,0,577,482,54.952,45.905,470.500,44.810
4677,4677,155.900,NaN,NaN,NaN,NaN,NaN,0,577,482,54.952,45.905,470.500,44.810
4678,4678,155.933,NaN,NaN,NaN,NaN,NaN,0,577,482,54.952,45.905,470.500,44.810
4679,4679,155.967,NaN,NaN,NaN,NaN,NaN,0,577,482,54.952,45.905,470.500,44.810
4680,4680,156.000,NaN,NaN,NaN,NaN,NaN,0,577,482,54.952,45.905,470.500,44.810
4681,4681,156.033,NaN,NaN,NaN,NaN,NaN,0,577,482,54.952,45.905,470.500,44.810
4682,4682,156.067,NaN,NaN,NaN,NaN,NaN,0,577,482,54.952,45.905,470.500,44.810
4683,4683,156.100,NaN,NaN,NaN,NaN,NaN,0,577,482,54.952,45.905,470.500,44.810
4684,4684,156.133,NaN,NaN,NaN,NaN,NaN,0,577,482,54.952,45.905,470.500,44.810
4685,4685,156.167,NaN,NaN,NaN,NaN,NaN,0,577,482,54.952,45.905,470.500,44.810
4686,4686,156.200,NaN,NaN,NaN,NaN,NaN,0,577,482,54.952,45.905,470.500,44.810
4687,4687,156.233,NaN,NaN,NaN,NaN,NaN,0,577,482,54.952,45.905,470.500,44.810
4688,4688,156.267,NaN,NaN,NaN,NaN,NaN,0,577,482,54.952,45.905,470.500,44.810
4689,4689,156.300,NaN,NaN,NaN,NaN,NaN,0,577,482,54.952,45.905,470.500,44.810
4690,4690,156.333,NaN,NaN,NaN,NaN,NaN,0,577,482,54.952,45.905,470.500,44.810
4691,4691,156.367,NaN,NaN,NaN,NaN,NaN,0,577,482,54.952,45.905,470.500,44.810
4692,4692,156.400,NaN,NaN,NaN,NaN,NaN,0,577,482,54.952,45.905,470.500,44.810
4693,4693,156.433,NaN,NaN,NaN,NaN,NaN,0,577,482,54.952,45.905,470.500,44.810
4694,4694,156.467,NaN,NaN,NaN,NaN,NaN,0,577,482,54.952,45.905,470.500,44.810
4695,4695,156.500,NaN,NaN,NaN,NaN,NaN,0,577,482,54.952,45.905,470.500,44.810
4696,4696,156.533,NaN,NaN,NaN,NaN,NaN,0,577,482,54.952,45.905,470.500,44.810
4697,4697,156.567,NaN,NaN,NaN,NaN,NaN,0,577,482,54.952,45.905,470.500,44.810
4698,4698,156.600,NaN,NaN,NaN,NaN,NaN,0,577,482,54.952,45.905,470.500,44.810
4699,4699,156.633,NaN,NaN,NaN,NaN,NaN,0,577,482,54.952,45.905,470.500,44.810
4700,4700,156.667,NaN,NaN,NaN,NaN,NaN,0,577,482,54.952,45.905,470.500,44.810
4701,4701,156.700,NaN,NaN,NaN,NaN,NaN,0,577,482,54.952,45.905,470.500,44.810
4702,4702,156.733,NaN,NaN,NaN,NaN,NaN,0,577,482,54.952,45.905,470.500,44.810
4703,4703,156.767,NaN,NaN,NaN,NaN,NaN,0,577,482,54.952,45.905,470.500,44.810
4704,4704,156.800,NaN,NaN,NaN,NaN,NaN,0,577,482,54.952,45.905,470.500,44.810
4705,4705,156.833,NaN,NaN,NaN,NaN,NaN,0,577,482,54.952,45.905,470.500,44.810
4706,4706,156.867,NaN,NaN,NaN,NaN,NaN,0,577,482,54.952,45.905,470.500,44.810
4707,4707,156.900,NaN,NaN,NaN,NaN,NaN,0,577,482,54.952,45.905,470.500,44.810
4708,4708,156.933,NaN,NaN,NaN,NaN,NaN,0,577,482,54.952,45.905,470.500,44.810
4709,4709,156.967,NaN,NaN,NaN,NaN,NaN,0,577,482,54.952,45.905,470.500,44.810
4710,4710,157.000,NaN,NaN,NaN,NaN,NaN,0,577,482,54.952,45.905,470.500,44.810
4711,4711,157.033,NaN,NaN,NaN,NaN,NaN,0,577,482,54.952,45.905,470.500,44.810
4712,4712,157.067,NaN,NaN,NaN,NaN,NaN,0,577,482,54.952,45.905,470.500,44.810
4713,4713,157.100,NaN,NaN,NaN,NaN,NaN,0,577,482,54.952,45.905,470.500,44.810
4714,4714,157.133,NaN,NaN,NaN,NaN,NaN,0,577,482,54.952,45.905,470.500,44.810
4715,4715,157.167,NaN,NaN,NaN,NaN,NaN,0,577,482,54.952,45.905,470.500,44.810
4716,4716,157.200,NaN,NaN,NaN,NaN,NaN,0,577,482,54.952,45.905,470.500,44.810
4717,4717,157.233,NaN,NaN,NaN,NaN,NaN,0,577,482,54.952,45.905,470.500,44.810
4718,4718,157.267,NaN,NaN,NaN,NaN,NaN,0,577,482,54.952,45.905,470.500,44.810
4719,4719,157.300,NaN,NaN,NaN,NaN,NaN,0,577,482,54.952,45.905,470.500,44.810
4720,4720,157.333,NaN,NaN,NaN,NaN,NaN,0,577,482,54.952,45.905,470.500,44.810
4721,4721,157.367,NaN,NaN,NaN,NaN,NaN,0,577,482,54.952,45.905,470.500,44.810
4722,4722,157.400,NaN,NaN,NaN,NaN,NaN,0,577,482,54.952,45.905,470.500,44.810
4723,4723,157.433,NaN,NaN,NaN,NaN,NaN,0,577,482,54.952,45.905,470.500,44.810
4724,4724,157.467,NaN,NaN,NaN,NaN,NaN,0,577,482,54.952,45.905,470.500,44.810
4725,4725,157.500,NaN,NaN,NaN,NaN,NaN,0,577,482,54.952,45.905,470.500,44.810
4726,4726,157.533,NaN,NaN,NaN,NaN,NaN,0,577,482,54.952,45.905,470.500,44.810
4727,4727,157.567,NaN,NaN,NaN,NaN,NaN,0,577,482,54.952,45.905,470.500,44.810
4728,4728,157.600,NaN,NaN,NaN,NaN,NaN,0,577,482,54.952,45.905,470.500,44.810
4729,4729,157.633,NaN,NaN,NaN,NaN,NaN,0,577,482,54.952,45.905,470.500,44.810
4730,4730,157.667,NaN,NaN,NaN,NaN,NaN,0,577,482,54.952,45.905,470.500,44.810
4731,4731,157.700,NaN,NaN,NaN,NaN,NaN,0,577,482,54.952,45.905,470.500,44.810
4732,4732,157.733,NaN,NaN,NaN,NaN,NaN,0,577,482,54.952,45.905,470.500,44.810
4733,4733,157.767,NaN,NaN,NaN,NaN,NaN,0,577,482,54.952,45.905,470.500,44.810
4734,4734,157.800,NaN,NaN,NaN,NaN,NaN,0,577,482,54.952,45.905,470.500,44.810
4735,4735,157.833,NaN,NaN,NaN,NaN,NaN,0,577,482,54.952,45.905,470.500,44.810
4736,4736,157.867,NaN,NaN,NaN,NaN,NaN,0,577,482,54.952,45.905,470.500,44.810
4737,4737,157.900,NaN,NaN,NaN,NaN,NaN,0,577,482,54.952,45.905,470.500,44.810
4738,4738,157.933,NaN,NaN,NaN,NaN,NaN,0,577,482,54.952,45.905,470.500,44.810
4739,4739,157.967,NaN,NaN,NaN,NaN,NaN,0,577,482,54.952,45.905,470.500,44.810
4740,4740,158.000,NaN,NaN,NaN,NaN,NaN,0,577,482,54.952,45.905,470.500,44.810
4741,4741,158.033,NaN,NaN,NaN,NaN,NaN,0,577,482,54.952,45.905,470.500,44.810
4742,4742,158.067,NaN,NaN,NaN,NaN,NaN,0,577,482,54.952,45.905,470.500,44.810
4743,4743,158.100,NaN,NaN,NaN,NaN,NaN,0,577,482,54.952,45.905,470.500,44.810
4744,4744,158.133,NaN,NaN,NaN,NaN,NaN,0,577,482,54.952,45.905,470.500,44.810
4745,4745,158.167,NaN,NaN,NaN,NaN,NaN,0,577,482,54.952,45.905,470.500,44.810
4746,4746,158.200,NaN,NaN,NaN,NaN,NaN,0,577,482,54.952,45.905,470.500,44.810
4747,4747,158.233,NaN,NaN,NaN,NaN,NaN,0,577,482,54.952,45.905,470.500,44.810
4748,4748,158.267,NaN,NaN,NaN,NaN,NaN,0,577,482,54.952,45.905,470.500,44.810
4749,4749,158.300,NaN,NaN,NaN,NaN,NaN,0,577,482,54.952,45.905,470.500,44.810
4750,4750,158.333,NaN,NaN,NaN,NaN,NaN,0,577,482,54.952,45.905,470.500,44.810
4751,4751,158.367,NaN,NaN,NaN,NaN,NaN,0,577,482,54.952,45.905,470.500,44.810
4752,4752,158.400,NaN,NaN,NaN,NaN,NaN,0,577,482,54.952,45.905,470.500,44.810
4753,4753,158.433,NaN,NaN,NaN,NaN,NaN,0,577,482,54.952,45.905,470.500,44.810
4754,4754,158.467,NaN,NaN,NaN,NaN,NaN,0,577,482,54.952,45.905,470.500,44.810
4755,4755,158.500,NaN,NaN,NaN,NaN,NaN,0,577,482,54.952,45.905,470.500,44.810
4756,4756,158.533,NaN,NaN,NaN,NaN,NaN,0,577,482,54.952,45.905,470.500,44.810
4757,4757,158.567,NaN,NaN,NaN,NaN,NaN,0,577,482,54.952,45.905,470.500,44.810
4758,4758,158.600,NaN,NaN,NaN,NaN,NaN,0,577,482,54.952,45.905,470.500,44.810
4759,4759,158.633,NaN,NaN,NaN,NaN,NaN,0,577,482,54.952,45.905,470.500,44.810
4760,4760,158.667,NaN,NaN,NaN,NaN,NaN,0,577,482,54.952,45.905,470.500,44.810
4761,4761,158.700,NaN,NaN,NaN,NaN,NaN,0,577,482,54.952,45.905,470.500,44.810
4762,4762,158.733,NaN,NaN,NaN,NaN,NaN,0,577,482,54.952,45.905,470.500,44.810
4763,4763,158.767,NaN,NaN,NaN,NaN,NaN,0,577,482,54.952,45.905,470.500,44.810
4764,4764,158.800,NaN,NaN,NaN,NaN,NaN,0,577,482,54.952,45.905,470.500,44.810
4765,4765,158.833,NaN,NaN,NaN,NaN,NaN,0,577,482,54.952,45.905,470.500,44.810
4766,4766,158.867,NaN,NaN,NaN,NaN,NaN,0,577,482,54.952,45.905,470.500,44.810
4767,4767,158.900,NaN,NaN,NaN,NaN,NaN,0,577,482,54.952,45.905,470.500,44.810
4768,4768,158.933,NaN,NaN,NaN,NaN,NaN,0,577,482,54.952,45.905,470.500,44.810
4769,4769,158.967,NaN,NaN,NaN,NaN,NaN,0,577,482,54.952,45.905,470.500,44.810
4770,4770,159.000,NaN,NaN,NaN,NaN,NaN,0,577,482,54.952,45.905,470.500,44.810
4771,4771,159.033,NaN,NaN,NaN,NaN,NaN,0,577,482,54.952,45.905,470.500,44.810
4772,4772,159.067,NaN,NaN,NaN,NaN,NaN,0,577,482,54.952,45.905,470.500,44.810
4773,4773,159.100,NaN,NaN,NaN,NaN,NaN,0,577,482,54.952,45.905,470.500,44.810
4774,4774,159.133,NaN,NaN,NaN,NaN,NaN,0,577,482,54.952,45.905,470.500,44.810
4775,4775,159.167,NaN,NaN,NaN,NaN,NaN,0,577,482,54.952,45.905,470.500,44.810
4776,4776,159.200,NaN,NaN,NaN,NaN,NaN,0,577,482,54.952,45.905,470.500,44.810
4777,4777,159.233,NaN,NaN,NaN,NaN,NaN,0,577,482,54.952,45.905,470.500,44.810
4778,4778,159.267,NaN,NaN,NaN,NaN,NaN,0,577,482,54.952,45.905,470.500,44.810
4779,4779,159.300,NaN,NaN,NaN,NaN,NaN,0,577,482,54.952,45.905,470.500,44.810
4780,4780,159.333,NaN,NaN,NaN,NaN,NaN,0,577,482,54.952,45.905,470.500,44.810
4781,4781,159.367,NaN,NaN,NaN,NaN,NaN,0,577,482,54.952,45.905,470.500,44.810
4782,4782,159.400,NaN,NaN,NaN,NaN,NaN,0,577,482,54.952,45.905,470.500,44.810
4783,4783,159.433,NaN,NaN,NaN,NaN,NaN,0,577,482,54.952,45.905,470.500,44.810
4784,4784,159.467,NaN,NaN,NaN,NaN,NaN,0,577,482,54.952,45.905,470.500,44.810
4785,4785,159.500,NaN,NaN,NaN,NaN,NaN,0,577,482,54.952,45.905,470.500,44.810
4786,4786,159.533,NaN,NaN,NaN,NaN,NaN,0,577,482,54.952,45.905,470.500,44.810
4787,4787,159.567,NaN,NaN,NaN,NaN,NaN,0,577,482,54.952,45.905,470.500,44.810
4788,4788,159.600,NaN,NaN,NaN,NaN,NaN,0,577,482,54.952,45.905,470.500,44.810
4789,4789,159.633,NaN,NaN,NaN,NaN,NaN,0,577,482,54.952,45.905,470.500,44.810
4790,4790,159.667,NaN,NaN,NaN,NaN,NaN,0,577,482,54.952,45.905,470.500,44.810
4791,4791,159.700,NaN,NaN,NaN,NaN,NaN,0,577,482,54.952,45.905,470.500,44.810
4792,4792,159.733,NaN,NaN,NaN,NaN,NaN,0,577,482,54.952,45.905,470.500,44.810
4793,4793,159.767,NaN,NaN,NaN,NaN,NaN,0,577,482,54.952,45.905,470.500,44.810
4794,4794,159.800,NaN,NaN,NaN,NaN,NaN,0,577,482,54.952,45.905,470.500,44.810
4795,4795,159.833,NaN,NaN,NaN,NaN,NaN,0,577,482,54.952,45.905,470.500,44.810
4796,4796,159.867,NaN,NaN,NaN,NaN,NaN,0,577,482,54.952,45.905,470.500,44.810
4797,4797,159.900,NaN,NaN,NaN,NaN,NaN,0,577,482,54.952,45.905,470.500,44.810
4798,4798,159.933,NaN,NaN,NaN,NaN,NaN,0,577,482,54.952,45.905,470.500,44.810
4799,4799,159.967,NaN,NaN,NaN,NaN,NaN,0,577,482,54.952,45.905,470.500,44.810
4800,4800,160.000,NaN,NaN,NaN,NaN,NaN,0,577,482,54.952,45.905,470.500,44.810
4801,4801,160.033,NaN,NaN,NaN,NaN,NaN,0,577,482,54.952,45.905,470.500,44.810
4802,4802,160.067,NaN,NaN,NaN,NaN,NaN,0,577,482,54.952,45.905,470.500,44.810
4803,4803,160.100,NaN,NaN,NaN,NaN,NaN,0,577,482,54.952,45.905,470.500,44.810
4804,4804,160.133,NaN,NaN,NaN,NaN,NaN,0,577,482,54.952,45.905,470.500,44.810
4805,4805,160.167,NaN,NaN,NaN,NaN,NaN,0,577,482,54.952,45.905,470.500,44.810
4806,4806,160.200,NaN,NaN,NaN,NaN,NaN,0,577,482,54.952,45.905,470.500,44.810
4807,4807,160.233,NaN,NaN,NaN,NaN,NaN,0,577,482,54.952,45.905,470.500,44.810
4808,4808,160.267,NaN,NaN,NaN,NaN,NaN,0,577,482,54.952,45.905,470.500,44.810
4809,4809,160.300,NaN,NaN,NaN,NaN,NaN,0,577,482,54.952,45.905,470.500,44.810
4810,4810,160.333,NaN,NaN,NaN,NaN,NaN,0,577,482,54.952,45.905,470.500,44.810
4811,4811,160.367,NaN,NaN,NaN,NaN,NaN,0,577,482,54.952,45.905,470.500,44.810
4812,4812,160.400,NaN,NaN,NaN,NaN,NaN,0,577,482,54.952,45.905,470.500,44.810
4813,4813,160.433,NaN,NaN,NaN,NaN,NaN,0,577,482,54.952,45.905,470.500,44.810
4814,4814,160.467,NaN,NaN,NaN,NaN,NaN,0,577,482,54.952,45.905,470.500,44.810
4815,4815,160.500,NaN,NaN,NaN,NaN,NaN,0,577,482,54.952,45.905,470.500,44.810
4816,4816,160.533,NaN,NaN,NaN,NaN,NaN,0,577,482,54.952,45.905,470.500,44.810
4817,4817,160.567,NaN,NaN,NaN,NaN,NaN,0,577,482,54.952,45.905,470.500,44.810
4818,4818,160.600,NaN,NaN,NaN,NaN,NaN,0,577,482,54.952,45.905,470.500,44.810
4819,4819,160.633,NaN,NaN,NaN,NaN,NaN,0,577,482,54.952,45.905,470.500,44.810
4820,4820,160.667,NaN,NaN,NaN,NaN,NaN,0,577,482,54.952,45.905,470.500,44.810
4821,4821,160.700,NaN,NaN,NaN,NaN,NaN,0,577,482,54.952,45.905,470.500,44.810
4822,4822,160.733,NaN,NaN,NaN,NaN,NaN,0,577,482,54.952,45.905,470.500,44.810
4823,4823,160.767,NaN,NaN,NaN,NaN,NaN,0,577,482,54.952,45.905,470.500,44.810
4824,4824,160.800,NaN,NaN,NaN,NaN,NaN,0,577,482,54.952,45.905,470.500,44.810
4825,4825,160.833,NaN,NaN,NaN,NaN,NaN,0,577,482,54.952,45.905,470.500,44.810
4826,4826,160.867,NaN,NaN,NaN,NaN,NaN,0,577,482,54.952,45.905,470.500,44.810
4827,4827,160.900,NaN,NaN,NaN,NaN,NaN,0,577,482,54.952,45.905,470.500,44.810
4828,4828,160.933,NaN,NaN,NaN,NaN,NaN,0,577,482,54.952,45.905,470.500,44.810
4829,4829,160.967,NaN,NaN,NaN,NaN,NaN,0,577,482,54.952,45.905,470.500,44.810
4830,4830,161.000,NaN,NaN,NaN,NaN,NaN,0,577,482,54.952,45.905,470.500,44.810
4831,4831,161.033,NaN,NaN,NaN,NaN,NaN,0,577,482,54.952,45.905,470.500,44.810
4832,4832,161.067,NaN,NaN,NaN,NaN,NaN,0,577,482,54.952,45.905,470.500,44.810
4833,4833,161.100,NaN,NaN,NaN,NaN,NaN,0,577,482,54.952,45.905,470.500,44.810
4834,4834,161.133,NaN,NaN,NaN,NaN,NaN,0,577,482,54.952,45.905,470.500,44.810
4835,4835,161.167,NaN,NaN,NaN,NaN,NaN,0,577,482,54.952,45.905,470.500,44.810
4836,4836,161.200,NaN,NaN,NaN,NaN,NaN,0,577,482,54.952,45.905,470.500,44.810
4837,4837,161.233,NaN,NaN,NaN,NaN,NaN,0,577,482,54.952,45.905,470.500,44.810
4838,4838,161.267,NaN,NaN,NaN,NaN,NaN,0,577,482,54.952,45.905,470.500,44.810
4839,4839,161.300,NaN,NaN,NaN,NaN,NaN,0,577,482,54.952,45.905,470.500,44.810
4840,4840,161.333,NaN,NaN,NaN,NaN,NaN,0,577,482,54.952,45.905,470.500,44.810
4841,4841,161.367,NaN,NaN,NaN,NaN,NaN,0,577,482,54.952,45.905,470.500,44.810
4842,4842,161.400,NaN,NaN,NaN,NaN,NaN,0,577,482,54.952,45.905,470.500,44.810
4843,4843,161.433,NaN,NaN,NaN,NaN,NaN,0,577,482,54.952,45.905,470.500,44.810
4844,4844,161.467,NaN,NaN,NaN,NaN,NaN,0,577,482,54.952,45.905,470.500,44.810
4845,4845,161.500,NaN,NaN,NaN,NaN,NaN,0,577,482,54.952,45.905,470.500,44.810
4846,4846,161.533,NaN,NaN,NaN,NaN,NaN,0,577,482,54.952,45.905,470.500,44.810
4847,4847,161.567,NaN,NaN,NaN,NaN,NaN,0,577,482,54.952,45.905,470.500,44.810
4848,4848,161.600,NaN,NaN,NaN,NaN,NaN,0,577,482,54.952,45.905,470.500,44.810
4849,4849,161.633,NaN,NaN,NaN,NaN,NaN,0,577,482,54.952,45.905,470.500,44.810
4850,4850,161.667,NaN,NaN,NaN,NaN,NaN,0,577,482,54.952,45.905,470.500,44.810
4851,4851,161.700,NaN,NaN,NaN,NaN,NaN,0,577,482,54.952,45.905,470.500,44.810
4852,4852,161.733,NaN,NaN,NaN,NaN,NaN,0,577,482,54.952,45.905,470.500,44.810
4853,4853,161.767,NaN,NaN,NaN,NaN,NaN,0,577,482,54.952,45.905,470.500,44.810
4854,4854,161.800,NaN,NaN,NaN,NaN,NaN,0,577,482,54.952,45.905,470.500,44.810
4855,4855,161.833,NaN,NaN,NaN,NaN,NaN,0,577,482,54.952,45.905,470.500,44.810
4856,4856,161.867,NaN,NaN,NaN,NaN,NaN,0,577,482,54.952,45.905,470.500,44.810
4857,4857,161.900,NaN,NaN,NaN,NaN,NaN,0,577,482,54.952,45.905,470.500,44.810
4858,4858,161.933,NaN,NaN,NaN,NaN,NaN,0,577,482,54.952,45.905,470.500,44.810
4859,4859,161.967,NaN,NaN,NaN,NaN,NaN,0,577,482,54.952,45.905,470.500,44.810
4860,4860,162.000,NaN,NaN,NaN,NaN,NaN,0,577,482,54.952,45.905,470.500,44.810
4861,4861,162.033,NaN,NaN,NaN,NaN,NaN,0,577,482,54.952,45.905,470.500,44.810
4862,4862,162.067,NaN,NaN,NaN,NaN,NaN,0,577,482,54.952,45.905,470.500,44.810
4863,4863,162.100,NaN,NaN,NaN,NaN,NaN,0,577,482,54.952,45.905,470.500,44.810
4864,4864,162.133,NaN,NaN,NaN,NaN,NaN,0,577,482,54.952,45.905,470.500,44.810
4865,4865,162.167,NaN,NaN,NaN,NaN,NaN,0,577,482,54.952,45.905,470.500,44.810
4866,4866,162.200,NaN,NaN,NaN,NaN,NaN,0,577,482,54.952,45.905,470.500,44.810
4867,4867,162.233,NaN,NaN,NaN,NaN,NaN,0,577,482,54.952,45.905,470.500,44.810
4868,4868,162.267,NaN,NaN,NaN,NaN,NaN,0,577,482,54.952,45.905,470.500,44.810
4869,4869,162.300,NaN,NaN,NaN,NaN,NaN,0,577,482,54.952,45.905,470.500,44.810
4870,4870,162.333,NaN,NaN,NaN,NaN,NaN,0,577,482,54.952,45.905,470.500,44.810
4871,4871,162.367,NaN,NaN,NaN,NaN,NaN,0,577,482,54.952,45.905,470.500,44.810
4872,4872,162.400,NaN,NaN,NaN,NaN,NaN,0,577,482,54.952,45.905,470.500,44.810
4873,4873,162.433,NaN,NaN,NaN,NaN,NaN,0,577,482,54.952,45.905,470.500,44.810
4874,4874,162.467,NaN,NaN,NaN,NaN,NaN,0,577,482,54.952,45.905,470.500,44.810
4875,4875,162.500,NaN,NaN,NaN,NaN,NaN,0,577,482,54.952,45.905,470.500,44.810
4876,4876,162.533,NaN,NaN,NaN,NaN,NaN,0,577,482,54.952,45.905,470.500,44.810
4877,4877,162.567,NaN,NaN,NaN,NaN,NaN,0,577,482,54.952,45.905,470.500,44.810
4878,4878,162.600,NaN,NaN,NaN,NaN,NaN,0,577,482,54.952,45.905,470.500,44.810
4879,4879,162.633,NaN,NaN,NaN,NaN,NaN,0,577,482,54.952,45.905,470.500,44.810
4880,4880,162.667,NaN,NaN,NaN,NaN,NaN,0,577,482,54.952,45.905,470.500,44.810
4881,4881,162.700,NaN,NaN,NaN,NaN,NaN,0,577,482,54.952,45.905,470.500,44.810
4882,4882,162.733,NaN,NaN,NaN,NaN,NaN,0,577,482,54.952,45.905,470.500,44.810
4883,4883,162.767,NaN,NaN,NaN,NaN,NaN,0,577,482,54.952,45.905,470.500,44.810
4884,4884,162.800,NaN,NaN,NaN,NaN,NaN,0,577,482,54.952,45.905,470.500,44.810
4885,4885,162.833,NaN,NaN,NaN,NaN,NaN,0,577,482,54.952,45.905,470.500,44.810
4886,4886,162.867,NaN,NaN,NaN,NaN,NaN,0,577,482,54.952,45.905,470.500,44.810
4887,4887,162.900,NaN,NaN,NaN,NaN,NaN,0,577,482,54.952,45.905,470.500,44.810
4888,4888,162.933,NaN,NaN,NaN,NaN,NaN,0,577,482,54.952,45.905,470.500,44.810
4889,4889,162.967,NaN,NaN,NaN,NaN,NaN,0,577,482,54.952,45.905,470.500,44.810
4890,4890,163.000,NaN,NaN,NaN,NaN,NaN,0,577,482,54.952,45.905,470.500,44.810
4891,4891,163.033,NaN,NaN,NaN,NaN,NaN,0,577,482,54.952,45.905,470.500,44.810
4892,4892,163.067,NaN,NaN,NaN,NaN,NaN,0,577,482,54.952,45.905,470.500,44.810
4893,4893,163.100,NaN,NaN,NaN,NaN,NaN,0,577,482,54.952,45.905,470.500,44.810
4894,4894,163.133,NaN,NaN,NaN,NaN,NaN,0,577,482,54.952,45.905,470.500,44.810
4895,4895,163.167,NaN,NaN,NaN,NaN,NaN,0,577,482,54.952,45.905,470.500,44.810
4896,4896,163.200,NaN,NaN,NaN,NaN,NaN,0,577,482,54.952,45.905,470.500,44.810
4897,4897,163.233,NaN,NaN,NaN,NaN,NaN,0,577,482,54.952,45.905,470.500,44.810
4898,4898,163.267,NaN,NaN,NaN,NaN,NaN,0,577,482,54.952,45.905,470.500,44.810
4899,4899,163.300,NaN,NaN,NaN,NaN,NaN,0,577,482,54.952,45.905,470.500,44.810
4900,4900,163.333,NaN,NaN,NaN,NaN,NaN,0,577,482,54.952,45.905,470.500,44.810
4901,4901,163.367,NaN,NaN,NaN,NaN,NaN,0,577,482,54.952,45.905,470.500,44.810
4902,4902,163.400,NaN,NaN,NaN,NaN,NaN,0,577,482,54.952,45.905,470.500,44.810
4903,4903,163.433,NaN,NaN,NaN,NaN,NaN,0,577,482,54.952,45.905,470.500,44.810
4904,4904,163.467,NaN,NaN,NaN,NaN,NaN,0,577,482,54.952,45.905,470.500,44.810
4905,4905,163.500,NaN,NaN,NaN,NaN,NaN,0,577,482,54.952,45.905,470.500,44.810
4906,4906,163.533,NaN,NaN,NaN,NaN,NaN,0,577,482,54.952,45.905,470.500,44.810
4907,4907,163.567,NaN,NaN,NaN,NaN,NaN,0,577,482,54.952,45.905,470.500,44.810
4908,4908,163.600,NaN,NaN,NaN,NaN,NaN,0,577,482,54.952,45.905,470.500,44.810
4909,4909,163.633,NaN,NaN,NaN,NaN,NaN,0,577,482,54.952,45.905,470.500,44.810
4910,4910,163.667,NaN,NaN,NaN,NaN,NaN,0,577,482,54.952,45.905,470.500,44.810
4911,4911,163.700,NaN,NaN,NaN,NaN,NaN,0,577,482,54.952,45.905,470.500,44.810
4912,4912,163.733,NaN,NaN,NaN,NaN,NaN,0,577,482,54.952,45.905,470.500,44.810
4913,4913,163.767,NaN,NaN,NaN,NaN,NaN,0,577,482,54.952,45.905,470.500,44.810
4914,4914,163.800,NaN,NaN,NaN,NaN,NaN,0,577,482,54.952,45.905,470.500,44.810
4915,4915,163.833,NaN,NaN,NaN,NaN,NaN,0,577,482,54.952,45.905,470.500,44.810
4916,4916,163.867,NaN,NaN,NaN,NaN,NaN,0,577,482,54.952,45.905,470.500,44.810
4917,4917,163.900,NaN,NaN,NaN,NaN,NaN,0,577,482,54.952,45.905,470.500,44.810
4918,4918,163.933,NaN,NaN,NaN,NaN,NaN,0,577,482,54.952,45.905,470.500,44.810
4919,4919,163.967,NaN,NaN,NaN,NaN,NaN,0,577,482,54.952,45.905,470.500,44.810
4920,4920,164.000,NaN,NaN,NaN,NaN,NaN,0,577,482,54.952,45.905,470.500,44.810
4921,4921,164.033,NaN,NaN,NaN,NaN,NaN,0,577,482,54.952,45.905,470.500,44.810
4922,4922,164.067,NaN,NaN,NaN,NaN,NaN,0,577,482,54.952,45.905,470.500,44.810
4923,4923,164.100,NaN,NaN,NaN,NaN,NaN,0,577,482,54.952,45.905,470.500,44.810
4924,4924,164.133,NaN,NaN,NaN,NaN,NaN,0,577,482,54.952,45.905,470.500,44.810
4925,4925,164.167,NaN,NaN,NaN,NaN,NaN,0,577,482,54.952,45.905,470.500,44.810
4926,4926,164.200,NaN,NaN,NaN,NaN,NaN,0,577,482,54.952,45.905,470.500,44.810
4927,4927,164.233,NaN,NaN,NaN,NaN,NaN,0,577,482,54.952,45.905,470.500,44.810
4928,4928,164.267,NaN,NaN,NaN,NaN,NaN,0,577,482,54.952,45.905,470.500,44.810
4929,4929,164.300,NaN,NaN,NaN,NaN,NaN,0,577,482,54.952,45.905,470.500,44.810
4930,4930,164.333,NaN,NaN,NaN,NaN,NaN,0,577,482,54.952,45.905,470.500,44.810
4931,4931,164.367,NaN,NaN,NaN,NaN,NaN,0,577,482,54.952,45.905,470.500,44.810
4932,4932,164.400,NaN,NaN,NaN,NaN,NaN,0,577,482,54.952,45.905,470.500,44.810
4933,4933,164.433,NaN,NaN,NaN,NaN,NaN,0,577,482,54.952,45.905,470.500,44.810
4934,4934,164.467,NaN,NaN,NaN,NaN,NaN,0,577,482,54.952,45.905,470.500,44.810
4935,4935,164.500,NaN,NaN,NaN,NaN,NaN,0,577,482,54.952,45.905,470.500,44.810
4936,4936,164.533,NaN,NaN,NaN,NaN,NaN,0,577,482,54.952,45.905,470.500,44.810
4937,4937,164.567,NaN,NaN,NaN,NaN,NaN,0,577,482,54.952,45.905,470.500,44.810
4938,4938,164.600,NaN,NaN,NaN,NaN,NaN,0,577,482,54.952,45.905,470.500,44.810
4939,4939,164.633,NaN,NaN,NaN,NaN,NaN,0,577,482,54.952,45.905,470.500,44.810
4940,4940,164.667,NaN,NaN,NaN,NaN,NaN,0,577,482,54.952,45.905,470.500,44.810
4941,4941,164.700,NaN,NaN,NaN,NaN,NaN,0,577,482,54.952,45.905,470.500,44.810
4942,4942,164.733,NaN,NaN,NaN,NaN,NaN,0,577,482,54.952,45.905,470.500,44.810
4943,4943,164.767,NaN,NaN,NaN,NaN,NaN,0,577,482,54.952,45.905,470.500,44.810
4944,4944,164.800,NaN,NaN,NaN,NaN,NaN,0,577,482,54.952,45.905,470.500,44.810
4945,4945,164.833,NaN,NaN,NaN,NaN,NaN,0,577,482,54.952,45.905,470.500,44.810
4946,4946,164.867,NaN,NaN,NaN,NaN,NaN,0,577,482,54.952,45.905,470.500,44.810
4947,4947,164.900,NaN,NaN,NaN,NaN,NaN,0,577,482,54.952,45.905,470.500,44.810
4948,4948,164.933,NaN,NaN,NaN,NaN,NaN,0,577,482,54.952,45.905,470.500,44.810
4949,4949,164.967,NaN,NaN,NaN,NaN,NaN,0,577,482,54.952,45.905,470.500,44.810
4950,4950,165.000,NaN,NaN,NaN,NaN,NaN,0,577,482,54.952,45.905,470.500,44.810
4951,4951,165.033,NaN,NaN,NaN,NaN,NaN,0,577,482,54.952,45.905,470.500,44.810
4952,4952,165.067,NaN,NaN,NaN,NaN,NaN,0,577,482,54.952,45.905,470.500,44.810
4953,4953,165.100,NaN,NaN,NaN,NaN,NaN,0,577,482,54.952,45.905,470.500,44.810
4954,4954,165.133,NaN,NaN,NaN,NaN,NaN,0,577,482,54.952,45.905,470.500,44.810
4955,4955,165.167,NaN,NaN,NaN,NaN,NaN,0,577,482,54.952,45.905,470.500,44.810
4956,4956,165.200,NaN,NaN,NaN,NaN,NaN,0,577,482,54.952,45.905,470.500,44.810
4957,4957,165.233,NaN,NaN,NaN,NaN,NaN,0,577,482,54.952,45.905,470.500,44.810
4958,4958,165.267,NaN,NaN,NaN,NaN,NaN,0,577,482,54.952,45.905,470.500,44.810
4959,4959,165.300,NaN,NaN,NaN,NaN,NaN,0,577,482,54.952,45.905,470.500,44.810
4960,4960,165.333,NaN,NaN,NaN,NaN,NaN,0,577,482,54.952,45.905,470.500,44.810
4961,4961,165.367,NaN,NaN,NaN,NaN,NaN,0,577,482,54.952,45.905,470.500,44.810
4962,4962,165.400,NaN,NaN,NaN,NaN,NaN,0,577,482,54.952,45.905,470.500,44.810
4963,4963,165.433,NaN,NaN,NaN,NaN,NaN,0,577,482,54.952,45.905,470.500,44.810
4964,4964,165.467,NaN,NaN,NaN,NaN,NaN,0,577,482,54.952,45.905,470.500,44.810
4965,4965,165.500,NaN,NaN,NaN,NaN,NaN,0,577,482,54.952,45.905,470.500,44.810
4966,4966,165.533,NaN,NaN,NaN,NaN,NaN,0,577,482,54.952,45.905,470.500,44.810
4967,4967,165.567,NaN,NaN,NaN,NaN,NaN,0,577,482,54.952,45.905,470.500,44.810
4968,4968,165.600,NaN,NaN,NaN,NaN,NaN,0,577,482,54.952,45.905,470.500,44.810
4969,4969,165.633,NaN,NaN,NaN,NaN,NaN,0,577,482,54.952,45.905,470.500,44.810
4970,4970,165.667,NaN,NaN,NaN,NaN,NaN,0,577,482,54.952,45.905,470.500,44.810
4971,4971,165.700,NaN,NaN,NaN,NaN,NaN,0,577,482,54.952,45.905,470.500,44.810
4972,4972,165.733,NaN,NaN,NaN,NaN,NaN,0,577,482,54.952,45.905,470.500,44.810
4973,4973,165.767,NaN,NaN,NaN,NaN,NaN,0,577,482,54.952,45.905,470.500,44.810
4974,4974,165.800,NaN,NaN,NaN,NaN,NaN,0,577,482,54.952,45.905,470.500,44.810
4975,4975,165.833,NaN,NaN,NaN,NaN,NaN,0,577,482,54.952,45.905,470.500,44.810
4976,4976,165.867,NaN,NaN,NaN,NaN,NaN,0,577,482,54.952,45.905,470.500,44.810
4977,4977,165.900,NaN,NaN,NaN,NaN,NaN,0,577,482,54.952,45.905,470.500,44.810
4978,4978,165.933,NaN,NaN,NaN,NaN,NaN,0,577,482,54.952,45.905,470.500,44.810
4979,4979,165.967,NaN,NaN,NaN,NaN,NaN,0,577,482,54.952,45.905,470.500,44.810
4980,4980,166.000,NaN,NaN,NaN,NaN,NaN,0,577,482,54.952,45.905,470.500,44.810
4981,4981,166.033,NaN,NaN,NaN,NaN,NaN,0,577,482,54.952,45.905,470.500,44.810
4982,4982,166.067,NaN,NaN,NaN,NaN,NaN,0,577,482,54.952,45.905,470.500,44.810
4983,4983,166.100,NaN,NaN,NaN,NaN,NaN,0,577,482,54.952,45.905,470.500,44.810
4984,4984,166.133,NaN,NaN,NaN,NaN,NaN,0,577,482,54.952,45.905,470.500,44.810
4985,4985,166.167,NaN,NaN,NaN,NaN,NaN,0,577,482,54.952,45.905,470.500,44.810
4986,4986,166.200,NaN,NaN,NaN,NaN,NaN,0,577,482,54.952,45.905,470.500,44.810
4987,4987,166.233,NaN,NaN,NaN,NaN,NaN,0,577,482,54.952,45.905,470.500,44.810
4988,4988,166.267,NaN,NaN,NaN,NaN,NaN,0,577,482,54.952,45.905,470.500,44.810
4989,4989,166.300,NaN,NaN,NaN,NaN,NaN,0,577,482,54.952,45.905,470.500,44.810
4990,4990,166.333,NaN,NaN,NaN,NaN,NaN,0,577,482,54.952,45.905,470.500,44.810
4991,4991,166.367,NaN,NaN,NaN,NaN,NaN,0,577,482,54.952,45.905,470.500,44.810
4992,4992,166.400,NaN,NaN,NaN,NaN,NaN,0,577,482,54.952,45.905,470.500,44.810
4993,4993,166.433,NaN,NaN,NaN,NaN,NaN,0,577,482,54.952,45.905,470.500,44.810
4994,4994,166.467,NaN,NaN,NaN,NaN,NaN,0,577,482,54.952,45.905,470.500,44.810
4995,4995,166.500,NaN,NaN,NaN,NaN,NaN,0,577,482,54.952,45.905,470.500,44.810
4996,4996,166.533,NaN,NaN,NaN,NaN,NaN,0,577,482,54.952,45.905,470.500,44.810
4997,4997,166.567,NaN,NaN,NaN,NaN,NaN,0,577,482,54.952,45.905,470.500,44.810
4998,4998,166.600,NaN,NaN,NaN,NaN,NaN,0,577,482,54.952,45.905,470.500,44.810
4999,4999,166.633,NaN,NaN,NaN,NaN,NaN,0,577,482,54.952,45.905,470.500,44.810
5000,5000,166.667,NaN,NaN,NaN,NaN,NaN,0,577,482,54.952,45.905,470.500,44.810
5001,5001,166.700,NaN,NaN,NaN,NaN,NaN,0,577,482,54.952,45.905,470.500,44.810
5002,5002,166.733,NaN,NaN,NaN,NaN,NaN,0,577,482,54.952,45.905,470.500,44.810
5003,5003,166.767,NaN,NaN,NaN,NaN,NaN,0,577,482,54.952,45.905,470.500,44.810
5004,5004,166.800,NaN,NaN,NaN,NaN,NaN,0,577,482,54.952,45.905,470.500,44.810
5005,5005,166.833,NaN,NaN,NaN,NaN,NaN,0,577,482,54.952,45.905,470.500,44.810
5006,5006,166.867,NaN,NaN,NaN,NaN,NaN,0,577,482,54.952,45.905,470.500,44.810
5007,5007,166.900,NaN,NaN,NaN,NaN,NaN,0,577,482,54.952,45.905,470.500,44.810
5008,5008,166.933,NaN,NaN,NaN,NaN,NaN,0,577,482,54.952,45.905,470.500,44.810
5009,5009,166.967,NaN,NaN,NaN,NaN,NaN,0,577,482,54.952,45.905,470.500,44.810
5010,5010,167.000,NaN,NaN,NaN,NaN,NaN,0,577,482,54.952,45.905,470.500,44.810
5011,5011,167.033,NaN,NaN,NaN,NaN,NaN,0,577,482,54.952,45.905,470.500,44.810
5012,5012,167.067,NaN,NaN,NaN,NaN,NaN,0,577,482,54.952,45.905,470.500,44.810
5013,5013,167.100,NaN,NaN,NaN,NaN,NaN,0,577,482,54.952,45.905,470.500,44.810
5014,5014,167.133,NaN,NaN,NaN,NaN,NaN,0,577,482,54.952,45.905,470.500,44.810
5015,5015,167.167,NaN,NaN,NaN,NaN,NaN,0,577,482,54.952,45.905,470.500,44.810
5016,5016,167.200,NaN,NaN,NaN,NaN,NaN,0,577,482,54.952,45.905,470.500,44.810
5017,5017,167.233,NaN,NaN,NaN,NaN,NaN,0,577,482,54.952,45.905,470.500,44.810
5018,5018,167.267,NaN,NaN,NaN,NaN,NaN,0,577,482,54.952,45.905,470.500,44.810
5019,5019,167.300,NaN,NaN,NaN,NaN,NaN,0,577,482,54.952,45.905,470.500,44.810
5020,5020,167.333,NaN,NaN,NaN,NaN,NaN,0,577,482,54.952,45.905,470.500,44.810
5021,5021,167.367,NaN,NaN,NaN,NaN,NaN,0,577,482,54.952,45.905,470.500,44.810
5022,5022,167.400,NaN,NaN,NaN,NaN,NaN,0,577,482,54.952,45.905,470.500,44.810
5023,5023,167.433,NaN,NaN,NaN,NaN,NaN,0,577,482,54.952,45.905,470.500,44.810
5024,5024,167.467,NaN,NaN,NaN,NaN,NaN,0,577,482,54.952,45.905,470.500,44.810
5025,5025,167.500,NaN,NaN,NaN,NaN,NaN,0,577,482,54.952,45.905,470.500,44.810
5026,5026,167.533,NaN,NaN,NaN,NaN,NaN,0,577,482,54.952,45.905,470.500,44.810
5027,5027,167.567,NaN,NaN,NaN,NaN,NaN,0,577,482,54.952,45.905,470.500,44.810
5028,5028,167.600,NaN,NaN,NaN,NaN,NaN,0,577,482,54.952,45.905,470.500,44.810
5029,5029,167.633,NaN,NaN,NaN,NaN,NaN,0,577,482,54.952,45.905,470.500,44.810
5030,5030,167.667,NaN,NaN,NaN,NaN,NaN,0,577,482,54.952,45.905,470.500,44.810
5031,5031,167.700,NaN,NaN,NaN,NaN,NaN,0,577,482,54.952,45.905,470.500,44.810
5032,5032,167.733,NaN,NaN,NaN,NaN,NaN,0,577,482,54.952,45.905,470.500,44.810
5033,5033,167.767,NaN,NaN,NaN,NaN,NaN,0,577,482,54.952,45.905,470.500,44.810
5034,5034,167.800,NaN,NaN,NaN,NaN,NaN,0,577,482,54.952,45.905,470.500,44.810
5035,5035,167.833,NaN,NaN,NaN,NaN,NaN,0,577,482,54.952,45.905,470.500,44.810
5036,5036,167.867,NaN,NaN,NaN,NaN,NaN,0,577,482,54.952,45.905,470.500,44.810
5037,5037,167.900,NaN,NaN,NaN,NaN,NaN,0,577,482,54.952,45.905,470.500,44.810
5038,5038,167.933,NaN,NaN,NaN,NaN,NaN,0,577,482,54.952,45.905,470.500,44.810
5039,5039,167.967,NaN,NaN,NaN,NaN,NaN,0,577,482,54.952,45.905,470.500,44.810
5040,5040,168.000,NaN,NaN,NaN,NaN,NaN,0,577,482,54.952,45.905,470.500,44.810
5041,5041,168.033,NaN,NaN,NaN,NaN,NaN,0,577,482,54.952,45.905,470.500,44.810
5042,5042,168.067,NaN,NaN,NaN,NaN,NaN,0,577,482,54.952,45.905,470.500,44.810
5043,5043,168.100,NaN,NaN,NaN,NaN,NaN,0,577,482,54.952,45.905,470.500,44.810
5044,5044,168.133,NaN,NaN,NaN,NaN,NaN,0,577,482,54.952,45.905,470.500,44.810
5045,5045,168.167,NaN,NaN,NaN,NaN,NaN,0,577,482,54.952,45.905,470.500,44.810
5046,5046,168.200,NaN,NaN,NaN,NaN,NaN,0,577,482,54.952,45.905,470.500,44.810
5047,5047,168.233,NaN,NaN,NaN,NaN,NaN,0,577,482,54.952,45.905,470.500,44.810
5048,5048,168.267,NaN,NaN,NaN,NaN,NaN,0,577,482,54.952,45.905,470.500,44.810
5049,5049,168.300,NaN,NaN,NaN,NaN,NaN,0,577,482,54.952,45.905,470.500,44.810
5050,5050,168.333,NaN,NaN,NaN,NaN,NaN,0,577,482,54.952,45.905,470.500,44.810
5051,5051,168.367,NaN,NaN,NaN,NaN,NaN,0,577,482,54.952,45.905,470.500,44.810
5052,5052,168.400,NaN,NaN,NaN,NaN,NaN,0,577,482,54.952,45.905,470.500,44.810
5053,5053,168.433,NaN,NaN,NaN,NaN,NaN,0,577,482,54.952,45.905,470.500,44.810
5054,5054,168.467,NaN,NaN,NaN,NaN,NaN,0,577,482,54.952,45.905,470.500,44.810
5055,5055,168.500,NaN,NaN,NaN,NaN,NaN,0,577,482,54.952,45.905,470.500,44.810
5056,5056,168.533,NaN,NaN,NaN,NaN,NaN,0,577,482,54.952,45.905,470.500,44.810
5057,5057,168.567,NaN,NaN,NaN,NaN,NaN,0,577,482,54.952,45.905,470.500,44.810
5058,5058,168.600,NaN,NaN,NaN,NaN,NaN,0,577,482,54.952,45.905,470.500,44.810
5059,5059,168.633,NaN,NaN,NaN,NaN,NaN,0,577,482,54.952,45.905,470.500,44.810
5060,5060,168.667,NaN,NaN,NaN,NaN,NaN,0,577,482,54.952,45.905,470.500,44.810
5061,5061,168.700,NaN,NaN,NaN,NaN,NaN,0,577,482,54.952,45.905,470.500,44.810
5062,5062,168.733,NaN,NaN,NaN,NaN,NaN,0,577,482,54.952,45.905,470.500,44.810
5063,5063,168.767,NaN,NaN,NaN,NaN,NaN,0,577,482,54.952,45.905,470.500,44.810
5064,5064,168.800,NaN,NaN,NaN,NaN,NaN,0,577,482,54.952,45.905,470.500,44.810
5065,5065,168.833,NaN,NaN,NaN,NaN,NaN,0,577,482,54.952,45.905,470.500,44.810
5066,5066,168.867,NaN,NaN,NaN,NaN,NaN,0,577,482,54.952,45.905,470.500,44.810
5067,5067,168.900,NaN,NaN,NaN,NaN,NaN,0,577,482,54.952,45.905,470.500,44.810
5068,5068,168.933,NaN,NaN,NaN,NaN,NaN,0,577,482,54.952,45.905,470.500,44.810
5069,5069,168.967,NaN,NaN,NaN,NaN,NaN,0,577,482,54.952,45.905,470.500,44.810
5070,5070,169.000,NaN,NaN,NaN,NaN,NaN,0,577,482,54.952,45.905,470.500,44.810
5071,5071,169.033,NaN,NaN,NaN,NaN,NaN,0,577,482,54.952,45.905,470.500,44.810
5072,5072,169.067,NaN,NaN,NaN,NaN,NaN,0,577,482,54.952,45.905,470.500,44.810
5073,5073,169.100,NaN,NaN,NaN,NaN,NaN,0,577,482,54.952,45.905,470.500,44.810
5074,5074,169.133,NaN,NaN,NaN,NaN,NaN,0,577,482,54.952,45.905,470.500,44.810
5075,5075,169.167,NaN,NaN,NaN,NaN,NaN,0,577,482,54.952,45.905,470.500,44.810
5076,5076,169.200,NaN,NaN,NaN,NaN,NaN,0,577,482,54.952,45.905,470.500,44.810
5077,5077,169.233,NaN,NaN,NaN,NaN,NaN,0,577,482,54.952,45.905,470.500,44.810
5078,5078,169.267,NaN,NaN,NaN,NaN,NaN,0,577,482,54.952,45.905,470.500,44.810
5079,5079,169.300,NaN,NaN,NaN,NaN,NaN,0,577,482,54.952,45.905,470.500,44.810
5080,5080,169.333,NaN,NaN,NaN,NaN,NaN,0,577,482,54.952,45.905,470.500,44.810
5081,5081,169.367,NaN,NaN,NaN,NaN,NaN,0,577,482,54.952,45.905,470.500,44.810
5082,5082,169.400,NaN,NaN,NaN,NaN,NaN,0,577,482,54.952,45.905,470.500,44.810
5083,5083,169.433,NaN,NaN,NaN,NaN,NaN,0,577,482,54.952,45.905,470.500,44.810
5084,5084,169.467,NaN,NaN,NaN,NaN,NaN,0,577,482,54.952,45.905,470.500,44.810
5085,5085,169.500,NaN,NaN,NaN,NaN,NaN,0,577,482,54.952,45.905,470.500,44.810
5086,5086,169.533,NaN,NaN,NaN,NaN,NaN,0,577,482,54.952,45.905,470.500,44.810
5087,5087,169.567,NaN,NaN,NaN,NaN,NaN,0,577,482,54.952,45.905,470.500,44.810
5088,5088,169.600,NaN,NaN,NaN,NaN,NaN,0,577,482,54.952,45.905,470.500,44.810
5089,5089,169.633,NaN,NaN,NaN,NaN,NaN,0,577,482,54.952,45.905,470.500,44.810
5090,5090,169.667,NaN,NaN,NaN,NaN,NaN,0,577,482,54.952,45.905,470.500,44.810
5091,5091,169.700,NaN,NaN,NaN,NaN,NaN,0,577,482,54.952,45.905,470.500,44.810
5092,5092,169.733,NaN,NaN,NaN,NaN,NaN,0,577,482,54.952,45.905,470.500,44.810
5093,5093,169.767,NaN,NaN,NaN,NaN,NaN,0,577,482,54.952,45.905,470.500,44.810
5094,5094,169.800,NaN,NaN,NaN,NaN,NaN,0,577,482,54.952,45.905,470.500,44.810
5095,5095,169.833,NaN,NaN,NaN,NaN,NaN,0,577,482,54.952,45.905,470.500,44.810
5096,5096,169.867,NaN,NaN,NaN,NaN,NaN,0,577,482,54.952,45.905,470.500,44.810
5097,5097,169.900,NaN,NaN,NaN,NaN,NaN,0,577,482,54.952,45.905,470.500,44.810
5098,5098,169.933,NaN,NaN,NaN,NaN,NaN,0,577,482,54.952,45.905,470.500,44.810
5099,5099,169.967,NaN,NaN,NaN,NaN,NaN,0,577,482,54.952,45.905,470.500,44.810
5100,5100,170.000,NaN,NaN,NaN,NaN,NaN,0,577,482,54.952,45.905,470.500,44.810
5101,5101,170.033,NaN,NaN,NaN,NaN,NaN,0,577,482,54.952,45.905,470.500,44.810
5102,5102,170.067,NaN,NaN,NaN,NaN,NaN,0,577,482,54.952,45.905,470.500,44.810
5103,5103,170.100,NaN,NaN,NaN,NaN,NaN,0,577,482,54.952,45.905,470.500,44.810
5104,5104,170.133,NaN,NaN,NaN,NaN,NaN,0,577,482,54.952,45.905,470.500,44.810
5105,5105,170.167,NaN,NaN,NaN,NaN,NaN,0,577,482,54.952,45.905,470.500,44.810
5106,5106,170.200,NaN,NaN,NaN,NaN,NaN,0,577,482,54.952,45.905,470.500,44.810
5107,5107,170.233,NaN,NaN,NaN,NaN,NaN,0,577,482,54.952,45.905,470.500,44.810
5108,5108,170.267,NaN,NaN,NaN,NaN,NaN,0,577,482,54.952,45.905,470.500,44.810
5109,5109,170.300,NaN,NaN,NaN,NaN,NaN,0,577,482,54.952,45.905,470.500,44.810
5110,5110,170.333,NaN,NaN,NaN,NaN,NaN,0,577,482,54.952,45.905,470.500,44.810
5111,5111,170.367,NaN,NaN,NaN,NaN,NaN,0,577,482,54.952,45.905,470.500,44.810
5112,5112,170.400,NaN,NaN,NaN,NaN,NaN,0,577,482,54.952,45.905,470.500,44.810
5113,5113,170.433,NaN,NaN,NaN,NaN,NaN,0,577,482,54.952,45.905,470.500,44.810
5114,5114,170.467,NaN,NaN,NaN,NaN,NaN,0,577,482,54.952,45.905,470.500,44.810
5115,5115,170.500,NaN,NaN,NaN,NaN,NaN,0,577,482,54.952,45.905,470.500,44.810
5116,5116,170.533,NaN,NaN,NaN,NaN,NaN,0,577,482,54.952,45.905,470.500,44.810
5117,5117,170.567,NaN,NaN,NaN,NaN,NaN,0,577,482,54.952,45.905,470.500,44.810
5118,5118,170.600,NaN,NaN,NaN,NaN,NaN,0,577,482,54.952,45.905,470.500,44.810
5119,5119,170.633,NaN,NaN,NaN,NaN,NaN,0,577,482,54.952,45.905,470.500,44.810
5120,5120,170.667,NaN,NaN,NaN,NaN,NaN,0,577,482,54.952,45.905,470.500,44.810
5121,5121,170.700,NaN,NaN,NaN,NaN,NaN,0,577,482,54.952,45.905,470.500,44.810
5122,5122,170.733,NaN,NaN,NaN,NaN,NaN,0,577,482,54.952,45.905,470.500,44.810
5123,5123,170.767,NaN,NaN,NaN,NaN,NaN,0,577,482,54.952,45.905,470.500,44.810
5124,5124,170.800,NaN,NaN,NaN,NaN,NaN,0,577,482,54.952,45.905,470.500,44.810
5125,5125,170.833,NaN,NaN,NaN,NaN,NaN,0,577,482,54.952,45.905,470.500,44.810
5126,5126,170.867,NaN,NaN,NaN,NaN,NaN,0,577,482,54.952,45.905,470.500,44.810
5127,5127,170.900,NaN,NaN,NaN,NaN,NaN,0,577,482,54.952,45.905,470.500,44.810
5128,5128,170.933,NaN,NaN,NaN,NaN,NaN,0,577,482,54.952,45.905,470.500,44.810
5129,5129,170.967,NaN,NaN,NaN,NaN,NaN,0,577,482,54.952,45.905,470.500,44.810
5130,5130,171.000,NaN,NaN,NaN,NaN,NaN,0,577,482,54.952,45.905,470.500,44.810
5131,5131,171.033,NaN,NaN,NaN,NaN,NaN,0,577,482,54.952,45.905,470.500,44.810
5132,5132,171.067,NaN,NaN,NaN,NaN,NaN,0,577,482,54.952,45.905,470.500,44.810
5133,5133,171.100,NaN,NaN,NaN,NaN,NaN,0,577,482,54.952,45.905,470.500,44.810
5134,5134,171.133,NaN,NaN,NaN,NaN,NaN,0,577,482,54.952,45.905,470.500,44.810
5135,5135,171.167,NaN,NaN,NaN,NaN,NaN,0,577,482,54.952,45.905,470.500,44.810
5136,5136,171.200,NaN,NaN,NaN,NaN,NaN,0,577,482,54.952,45.905,470.500,44.810
5137,5137,171.233,NaN,NaN,NaN,NaN,NaN,0,577,482,54.952,45.905,470.500,44.810
5138,5138,171.267,NaN,NaN,NaN,NaN,NaN,0,577,482,54.952,45.905,470.500,44.810
5139,5139,171.300,NaN,NaN,NaN,NaN,NaN,0,577,482,54.952,45.905,470.500,44.810
5140,5140,171.333,NaN,NaN,NaN,NaN,NaN,0,577,482,54.952,45.905,470.500,44.810
5141,5141,171.367,NaN,NaN,NaN,NaN,NaN,0,577,482,54.952,45.905,470.500,44.810
5142,5142,171.400,NaN,NaN,NaN,NaN,NaN,0,577,482,54.952,45.905,470.500,44.810
5143,5143,171.433,NaN,NaN,NaN,NaN,NaN,0,577,482,54.952,45.905,470.500,44.810
5144,5144,171.467,NaN,NaN,NaN,NaN,NaN,0,577,482,54.952,45.905,470.500,44.810
5145,5145,171.500,NaN,NaN,NaN,NaN,NaN,0,577,482,54.952,45.905,470.500,44.810
5146,5146,171.533,NaN,NaN,NaN,NaN,NaN,0,577,482,54.952,45.905,470.500,44.810
5147,5147,171.567,NaN,NaN,NaN,NaN,NaN,0,577,482,54.952,45.905,470.500,44.810
5148,5148,171.600,NaN,NaN,NaN,NaN,NaN,0,577,482,54.952,45.905,470.500,44.810
5149,5149,171.633,NaN,NaN,NaN,NaN,NaN,0,577,482,54.952,45.905,470.500,44.810
5150,5150,171.667,NaN,NaN,NaN,NaN,NaN,0,577,482,54.952,45.905,470.500,44.810
5151,5151,171.700,NaN,NaN,NaN,NaN,NaN,0,577,482,54.952,45.905,470.500,44.810
5152,5152,171.733,NaN,NaN,NaN,NaN,NaN,0,577,482,54.952,45.905,470.500,44.810
5153,5153,171.767,NaN,NaN,NaN,NaN,NaN,0,577,482,54.952,45.905,470.500,44.810
5154,5154,171.800,NaN,NaN,NaN,NaN,NaN,0,577,482,54.952,45.905,470.500,44.810
5155,5155,171.833,NaN,NaN,NaN,NaN,NaN,0,577,482,54.952,45.905,470.500,44.810
5156,5156,171.867,NaN,NaN,NaN,NaN,NaN,0,577,482,54.952,45.905,470.500,44.810
5157,5157,171.900,NaN,NaN,NaN,NaN,NaN,0,577,482,54.952,45.905,470.500,44.810
5158,5158,171.933,NaN,NaN,NaN,NaN,NaN,0,577,482,54.952,45.905,470.500,44.810
5159,5159,171.967,NaN,NaN,NaN,NaN,NaN,0,577,482,54.952,45.905,470.500,44.810
5160,5160,172.000,NaN,NaN,NaN,NaN,NaN,0,577,482,54.952,45.905,470.500,44.810
5161,5161,172.033,NaN,NaN,NaN,NaN,NaN,0,577,482,54.952,45.905,470.500,44.810
5162,5162,172.067,NaN,NaN,NaN,NaN,NaN,0,577,482,54.952,45.905,470.500,44.810
5163,5163,172.100,NaN,NaN,NaN,NaN,NaN,0,577,482,54.952,45.905,470.500,44.810
5164,5164,172.133,NaN,NaN,NaN,NaN,NaN,0,577,482,54.952,45.905,470.500,44.810
5165,5165,172.167,NaN,NaN,NaN,NaN,NaN,0,577,482,54.952,45.905,470.500,44.810
5166,5166,172.200,NaN,NaN,NaN,NaN,NaN,0,577,482,54.952,45.905,470.500,44.810
5167,5167,172.233,NaN,NaN,NaN,NaN,NaN,0,577,482,54.952,45.905,470.500,44.810
5168,5168,172.267,NaN,NaN,NaN,NaN,NaN,0,577,482,54.952,45.905,470.500,44.810
5169,5169,172.300,NaN,NaN,NaN,NaN,NaN,0,577,482,54.952,45.905,470.500,44.810
5170,5170,172.333,NaN,NaN,NaN,NaN,NaN,0,577,482,54.952,45.905,470.500,44.810
5171,5171,172.367,NaN,NaN,NaN,NaN,NaN,0,577,482,54.952,45.905,470.500,44.810
5172,5172,172.400,NaN,NaN,NaN,NaN,NaN,0,577,482,54.952,45.905,470.500,44.810
5173,5173,172.433,NaN,NaN,NaN,NaN,NaN,0,577,482,54.952,45.905,470.500,44.810
5174,5174,172.467,NaN,NaN,NaN,NaN,NaN,0,577,482,54.952,45.905,470.500,44.810
5175,5175,172.500,NaN,NaN,NaN,NaN,NaN,0,577,482,54.952,45.905,470.500,44.810
5176,5176,172.533,NaN,NaN,NaN,NaN,NaN,0,577,482,54.952,45.905,470.500,44.810
5177,5177,172.567,NaN,NaN,NaN,NaN,NaN,0,577,482,54.952,45.905,470.500,44.810
5178,5178,172.600,NaN,NaN,NaN,NaN,NaN,0,577,482,54.952,45.905,470.500,44.810
5179,5179,172.633,NaN,NaN,NaN,NaN,NaN,0,577,482,54.952,45.905,470.500,44.810
5180,5180,172.667,NaN,NaN,NaN,NaN,NaN,0,577,482,54.952,45.905,470.500,44.810
5181,5181,172.700,NaN,NaN,NaN,NaN,NaN,0,577,482,54.952,45.905,470.500,44.810
5182,5182,172.733,NaN,NaN,NaN,NaN,NaN,0,577,482,54.952,45.905,470.500,44.810
5183,5183,172.767,NaN,NaN,NaN,NaN,NaN,0,577,482,54.952,45.905,470.500,44.810
5184,5184,172.800,NaN,NaN,NaN,NaN,NaN,0,577,482,54.952,45.905,470.500,44.810
5185,5185,172.833,NaN,NaN,NaN,NaN,NaN,0,577,482,54.952,45.905,470.500,44.810
5186,5186,172.867,NaN,NaN,NaN,NaN,NaN,0,577,482,54.952,45.905,470.500,44.810
5187,5187,172.900,NaN,NaN,NaN,NaN,NaN,0,577,482,54.952,45.905,470.500,44.810
5188,5188,172.933,NaN,NaN,NaN,NaN,NaN,0,577,482,54.952,45.905,470.500,44.810
5189,5189,172.967,NaN,NaN,NaN,NaN,NaN,0,577,482,54.952,45.905,470.500,44.810
5190,5190,173.000,NaN,NaN,NaN,NaN,NaN,0,577,482,54.952,45.905,470.500,44.810
5191,5191,173.033,NaN,NaN,NaN,NaN,NaN,0,577,482,54.952,45.905,470.500,44.810
5192,5192,173.067,NaN,NaN,NaN,NaN,NaN,0,577,482,54.952,45.905,470.500,44.810
5193,5193,173.100,NaN,NaN,NaN,NaN,NaN,0,577,482,54.952,45.905,470.500,44.810
5194,5194,173.133,NaN,NaN,NaN,NaN,NaN,0,577,482,54.952,45.905,470.500,44.810
5195,5195,173.167,NaN,NaN,NaN,NaN,NaN,0,577,482,54.952,45.905,470.500,44.810
5196,5196,173.200,NaN,NaN,NaN,NaN,NaN,0,577,482,54.952,45.905,470.500,44.810
5197,5197,173.233,NaN,NaN,NaN,NaN,NaN,0,577,482,54.952,45.905,470.500,44.810
5198,5198,173.267,NaN,NaN,NaN,NaN,NaN,0,577,482,54.952,45.905,470.500,44.810
5199,5199,173.300,NaN,NaN,NaN,NaN,NaN,0,577,482,54.952,45.905,470.500,44.810
5200,5200,173.333,NaN,NaN,NaN,NaN,NaN,0,577,482,54.952,45.905,470.500,44.810
5201,5201,173.367,NaN,NaN,NaN,NaN,NaN,0,577,482,54.952,45.905,470.500,44.810
5202,5202,173.400,NaN,NaN,NaN,NaN,NaN,0,577,482,54.952,45.905,470.500,44.810
5203,5203,173.433,NaN,NaN,NaN,NaN,NaN,0,577,482,54.952,45.905,470.500,44.810
5204,5204,173.467,NaN,NaN,NaN,NaN,NaN,0,577,482,54.952,45.905,470.500,44.810
5205,5205,173.500,NaN,NaN,NaN,NaN,NaN,0,577,482,54.952,45.905,470.500,44.810
5206,5206,173.533,NaN,NaN,NaN,NaN,NaN,0,577,482,54.952,45.905,470.500,44.810
5207,5207,173.567,NaN,NaN,NaN,NaN,NaN,0,577,482,54.952,45.905,470.500,44.810
5208,5208,173.600,NaN,NaN,NaN,NaN,NaN,0,577,482,54.952,45.905,470.500,44.810
5209,5209,173.633,NaN,NaN,NaN,NaN,NaN,0,577,482,54.952,45.905,470.500,44.810
5210,5210,173.667,NaN,NaN,NaN,NaN,NaN,0,577,482,54.952,45.905,470.500,44.810
5211,5211,173.700,NaN,NaN,NaN,NaN,NaN,0,577,482,54.952,45.905,470.500,44.810
5212,5212,173.733,NaN,NaN,NaN,NaN,NaN,0,577,482,54.952,45.905,470.500,44.810
5213,5213,173.767,NaN,NaN,NaN,NaN,NaN,0,577,482,54.952,45.905,470.500,44.810
5214,5214,173.800,NaN,NaN,NaN,NaN,NaN,0,577,482,54.952,45.905,470.500,44.810
5215,5215,173.833,NaN,NaN,NaN,NaN,NaN,0,577,482,54.952,45.905,470.500,44.810
5216,5216,173.867,NaN,NaN,NaN,NaN,NaN,0,577,482,54.952,45.905,470.500,44.810
5217,5217,173.900,NaN,NaN,NaN,NaN,NaN,0,577,482,54.952,45.905,470.500,44.810
5218,5218,173.933,NaN,NaN,NaN,NaN,NaN,0,577,482,54.952,45.905,470.500,44.810
5219,5219,173.967,NaN,NaN,NaN,NaN,NaN,0,577,482,54.952,45.905,470.500,44.810
5220,5220,174.000,NaN,NaN,NaN,NaN,NaN,0,577,482,54.952,45.905,470.500,44.810
5221,5221,174.033,NaN,NaN,NaN,NaN,NaN,0,577,482,54.952,45.905,470.500,44.810
5222,5222,174.067,NaN,NaN,NaN,NaN,NaN,0,577,482,54.952,45.905,470.500,44.810
5223,5223,174.100,NaN,NaN,NaN,NaN,NaN,0,577,482,54.952,45.905,470.500,44.810
5224,5224,174.133,NaN,NaN,NaN,NaN,NaN,0,577,482,54.952,45.905,470.500,44.810
5225,5225,174.167,NaN,NaN,NaN,NaN,NaN,0,577,482,54.952,45.905,470.500,44.810
5226,5226,174.200,NaN,NaN,NaN,NaN,NaN,0,577,482,54.952,45.905,470.500,44.810
5227,5227,174.233,NaN,NaN,NaN,NaN,NaN,0,577,482,54.952,45.905,470.500,44.810
5228,5228,174.267,NaN,NaN,NaN,NaN,NaN,0,577,482,54.952,45.905,470.500,44.810
5229,5229,174.300,NaN,NaN,NaN,NaN,NaN,0,577,482,54.952,45.905,470.500,44.810
5230,5230,174.333,NaN,NaN,NaN,NaN,NaN,0,577,482,54.952,45.905,470.500,44.810
5231,5231,174.367,NaN,NaN,NaN,NaN,NaN,0,577,482,54.952,45.905,470.500,44.810
5232,5232,174.400,NaN,NaN,NaN,NaN,NaN,0,577,482,54.952,45.905,470.500,44.810
5233,5233,174.433,NaN,NaN,NaN,NaN,NaN,0,577,482,54.952,45.905,470.500,44.810
5234,5234,174.467,NaN,NaN,NaN,NaN,NaN,0,577,482,54.952,45.905,470.500,44.810
5235,5235,174.500,NaN,NaN,NaN,NaN,NaN,0,577,482,54.952,45.905,470.500,44.810
5236,5236,174.533,NaN,NaN,NaN,NaN,NaN,0,577,482,54.952,45.905,470.500,44.810
5237,5237,174.567,NaN,NaN,NaN,NaN,NaN,0,577,482,54.952,45.905,470.500,44.810
5238,5238,174.600,NaN,NaN,NaN,NaN,NaN,0,577,482,54.952,45.905,470.500,44.810
5239,5239,174.633,NaN,NaN,NaN,NaN,NaN,0,577,482,54.952,45.905,470.500,44.810
5240,5240,174.667,NaN,NaN,NaN,NaN,NaN,0,577,482,54.952,45.905,470.500,44.810
5241,5241,174.700,NaN,NaN,NaN,NaN,NaN,0,577,482,54.952,45.905,470.500,44.810
5242,5242,174.733,NaN,NaN,NaN,NaN,NaN,0,577,482,54.952,45.905,470.500,44.810
5243,5243,174.767,NaN,NaN,NaN,NaN,NaN,0,577,482,54.952,45.905,470.500,44.810
5244,5244,174.800,NaN,NaN,NaN,NaN,NaN,0,577,482,54.952,45.905,470.500,44.810
5245,5245,174.833,NaN,NaN,NaN,NaN,NaN,0,577,482,54.952,45.905,470.500,44.810
5246,5246,174.867,NaN,NaN,NaN,NaN,NaN,0,577,482,54.952,45.905,470.500,44.810
5247,5247,174.900,NaN,NaN,NaN,NaN,NaN,0,577,482,54.952,45.905,470.500,44.810
5248,5248,174.933,NaN,NaN,NaN,NaN,NaN,0,577,482,54.952,45.905,470.500,44.810
5249,5249,174.967,NaN,NaN,NaN,NaN,NaN,0,577,482,54.952,45.905,470.500,44.810
5250,5250,175.000,NaN,NaN,NaN,NaN,NaN,0,577,482,54.952,45.905,470.500,44.810
5251,5251,175.033,NaN,NaN,NaN,NaN,NaN,0,577,482,54.952,45.905,470.500,44.810
5252,5252,175.067,NaN,NaN,NaN,NaN,NaN,0,577,482,54.952,45.905,470.500,44.810
5253,5253,175.100,NaN,NaN,NaN,NaN,NaN,0,577,482,54.952,45.905,470.500,44.810
5254,5254,175.133,NaN,NaN,NaN,NaN,NaN,0,577,482,54.952,45.905,470.500,44.810
5255,5255,175.167,NaN,NaN,NaN,NaN,NaN,0,577,482,54.952,45.905,470.500,44.810
5256,5256,175.200,NaN,NaN,NaN,NaN,NaN,0,577,482,54.952,45.905,470.500,44.810
5257,5257,175.233,NaN,NaN,NaN,NaN,NaN,0,577,482,54.952,45.905,470.500,44.810
5258,5258,175.267,NaN,NaN,NaN,NaN,NaN,0,577,482,54.952,45.905,470.500,44.810
5259,5259,175.300,NaN,NaN,NaN,NaN,NaN,0,577,482,54.952,45.905,470.500,44.810
5260,5260,175.333,NaN,NaN,NaN,NaN,NaN,0,577,482,54.952,45.905,470.500,44.810
5261,5261,175.367,NaN,NaN,NaN,NaN,NaN,0,577,482,54.952,45.905,470.500,44.810
5262,5262,175.400,NaN,NaN,NaN,NaN,NaN,0,577,482,54.952,45.905,470.500,44.810
5263,5263,175.433,NaN,NaN,NaN,NaN,NaN,0,577,482,54.952,45.905,470.500,44.810
5264,5264,175.467,NaN,NaN,NaN,NaN,NaN,0,577,482,54.952,45.905,470.500,44.810
5265,5265,175.500,NaN,NaN,NaN,NaN,NaN,0,577,482,54.952,45.905,470.500,44.810
5266,5266,175.533,NaN,NaN,NaN,NaN,NaN,0,577,482,54.952,45.905,470.500,44.810
5267,5267,175.567,NaN,NaN,NaN,NaN,NaN,0,577,482,54.952,45.905,470.500,44.810
5268,5268,175.600,NaN,NaN,NaN,NaN,NaN,0,577,482,54.952,45.905,470.500,44.810
5269,5269,175.633,NaN,NaN,NaN,NaN,NaN,0,577,482,54.952,45.905,470.500,44.810
5270,5270,175.667,NaN,NaN,NaN,NaN,NaN,0,577,482,54.952,45.905,470.500,44.810
5271,5271,175.700,NaN,NaN,NaN,NaN,NaN,0,577,482,54.952,45.905,470.500,44.810
5272,5272,175.733,NaN,NaN,NaN,NaN,NaN,0,577,482,54.952,45.905,470.500,44.810
5273,5273,175.767,NaN,NaN,NaN,NaN,NaN,0,577,482,54.952,45.905,470.500,44.810
5274,5274,175.800,NaN,NaN,NaN,NaN,NaN,0,577,482,54.952,45.905,470.500,44.810
5275,5275,175.833,NaN,NaN,NaN,NaN,NaN,0,577,482,54.952,45.905,470.500,44.810
5276,5276,175.867,NaN,NaN,NaN,NaN,NaN,0,577,482,54.952,45.905,470.500,44.810
5277,5277,175.900,NaN,NaN,NaN,NaN,NaN,0,577,482,54.952,45.905,470.500,44.810
5278,5278,175.933,NaN,NaN,NaN,NaN,NaN,0,577,482,54.952,45.905,470.500,44.810
5279,5279,175.967,NaN,NaN,NaN,NaN,NaN,0,577,482,54.952,45.905,470.500,44.810
5280,5280,176.000,NaN,NaN,NaN,NaN,NaN,0,577,482,54.952,45.905,470.500,44.810
5281,5281,176.033,NaN,NaN,NaN,NaN,NaN,0,577,482,54.952,45.905,470.500,44.810
5282,5282,176.067,NaN,NaN,NaN,NaN,NaN,0,577,482,54.952,45.905,470.500,44.810
5283,5283,176.100,NaN,NaN,NaN,NaN,NaN,0,577,482,54.952,45.905,470.500,44.810
5284,5284,176.133,NaN,NaN,NaN,NaN,NaN,0,577,482,54.952,45.905,470.500,44.810
5285,5285,176.167,NaN,NaN,NaN,NaN,NaN,0,577,482,54.952,45.905,470.500,44.810
5286,5286,176.200,NaN,NaN,NaN,NaN,NaN,0,577,482,54.952,45.905,470.500,44.810
5287,5287,176.233,NaN,NaN,NaN,NaN,NaN,0,577,482,54.952,45.905,470.500,44.810
5288,5288,176.267,NaN,NaN,NaN,NaN,NaN,0,577,482,54.952,45.905,470.500,44.810
5289,5289,176.300,NaN,NaN,NaN,NaN,NaN,0,577,482,54.952,45.905,470.500,44.810
5290,5290,176.333,NaN,NaN,NaN,NaN,NaN,0,577,482,54.952,45.905,470.500,44.810
5291,5291,176.367,NaN,NaN,NaN,NaN,NaN,0,577,482,54.952,45.905,470.500,44.810
5292,5292,176.400,NaN,NaN,NaN,NaN,NaN,0,577,482,54.952,45.905,470.500,44.810
5293,5293,176.433,NaN,NaN,NaN,NaN,NaN,0,577,482,54.952,45.905,470.500,44.810
5294,5294,176.467,NaN,NaN,NaN,NaN,NaN,0,577,482,54.952,45.905,470.500,44.810
5295,5295,176.500,NaN,NaN,NaN,NaN,NaN,0,577,482,54.952,45.905,470.500,44.810
5296,5296,176.533,NaN,NaN,NaN,NaN,NaN,0,577,482,54.952,45.905,470.500,44.810
5297,5297,176.567,NaN,NaN,NaN,NaN,NaN,0,577,482,54.952,45.905,470.500,44.810
5298,5298,176.600,NaN,NaN,NaN,NaN,NaN,0,577,482,54.952,45.905,470.500,44.810
5299,5299,176.633,NaN,NaN,NaN,NaN,NaN,0,577,482,54.952,45.905,470.500,44.810
5300,5300,176.667,NaN,NaN,NaN,NaN,NaN,0,577,482,54.952,45.905,470.500,44.810
5301,5301,176.700,NaN,NaN,NaN,NaN,NaN,0,577,482,54.952,45.905,470.500,44.810
5302,5302,176.733,NaN,NaN,NaN,NaN,NaN,0,577,482,54.952,45.905,470.500,44.810
5303,5303,176.767,NaN,NaN,NaN,NaN,NaN,0,577,482,54.952,45.905,470.500,44.810
5304,5304,176.800,NaN,NaN,NaN,NaN,NaN,0,577,482,54.952,45.905,470.500,44.810
5305,5305,176.833,NaN,NaN,NaN,NaN,NaN,0,577,482,54.952,45.905,470.500,44.810
5306,5306,176.867,NaN,NaN,NaN,NaN,NaN,0,577,482,54.952,45.905,470.500,44.810
5307,5307,176.900,NaN,NaN,NaN,NaN,NaN,0,577,482,54.952,45.905,470.500,44.810
5308,5308,176.933,NaN,NaN,NaN,NaN,NaN,0,577,482,54.952,45.905,470.500,44.810
5309,5309,176.967,NaN,NaN,NaN,NaN,NaN,0,577,482,54.952,45.905,470.500,44.810
5310,5310,177.000,NaN,NaN,NaN,NaN,NaN,0,577,482,54.952,45.905,470.500,44.810
5311,5311,177.033,NaN,NaN,NaN,NaN,NaN,0,577,482,54.952,45.905,470.500,44.810
5312,5312,177.067,NaN,NaN,NaN,NaN,NaN,0,577,482,54.952,45.905,470.500,44.810
5313,5313,177.100,NaN,NaN,NaN,NaN,NaN,0,577,482,54.952,45.905,470.500,44.810
5314,5314,177.133,NaN,NaN,NaN,NaN,NaN,0,577,482,54.952,45.905,470.500,44.810
5315,5315,177.167,NaN,NaN,NaN,NaN,NaN,0,577,482,54.952,45.905,470.500,44.810
5316,5316,177.200,NaN,NaN,NaN,NaN,NaN,0,577,482,54.952,45.905,470.500,44.810
5317,5317,177.233,NaN,NaN,NaN,NaN,NaN,0,577,482,54.952,45.905,470.500,44.810
5318,5318,177.267,NaN,NaN,NaN,NaN,NaN,0,577,482,54.952,45.905,470.500,44.810
5319,5319,177.300,NaN,NaN,NaN,NaN,NaN,0,577,482,54.952,45.905,470.500,44.810
5320,5320,177.333,NaN,NaN,NaN,NaN,NaN,0,577,482,54.952,45.905,470.500,44.810
5321,5321,177.367,NaN,NaN,NaN,NaN,NaN,0,577,482,54.952,45.905,470.500,44.810
5322,5322,177.400,NaN,NaN,NaN,NaN,NaN,0,577,482,54.952,45.905,470.500,44.810
5323,5323,177.433,NaN,NaN,NaN,NaN,NaN,0,577,482,54.952,45.905,470.500,44.810
5324,5324,177.467,NaN,NaN,NaN,NaN,NaN,0,577,482,54.952,45.905,470.500,44.810
5325,5325,177.500,NaN,NaN,NaN,NaN,NaN,0,577,482,54.952,45.905,470.500,44.810
5326,5326,177.533,NaN,NaN,NaN,NaN,NaN,0,577,482,54.952,45.905,470.500,44.810
5327,5327,177.567,NaN,NaN,NaN,NaN,NaN,0,577,482,54.952,45.905,470.500,44.810
5328,5328,177.600,NaN,NaN,NaN,NaN,NaN,0,577,482,54.952,45.905,470.500,44.810
5329,5329,177.633,NaN,NaN,NaN,NaN,NaN,0,577,482,54.952,45.905,470.500,44.810
5330,5330,177.667,NaN,NaN,NaN,NaN,NaN,0,577,482,54.952,45.905,470.500,44.810
5331,5331,177.700,NaN,NaN,NaN,NaN,NaN,0,577,482,54.952,45.905,470.500,44.810
5332,5332,177.733,NaN,NaN,NaN,NaN,NaN,0,577,482,54.952,45.905,470.500,44.810
5333,5333,177.767,NaN,NaN,NaN,NaN,NaN,0,577,482,54.952,45.905,470.500,44.810
5334,5334,177.800,NaN,NaN,NaN,NaN,NaN,0,577,482,54.952,45.905,470.500,44.810
5335,5335,177.833,NaN,NaN,NaN,NaN,NaN,0,577,482,54.952,45.905,470.500,44.810
5336,5336,177.867,NaN,NaN,NaN,NaN,NaN,0,577,482,54.952,45.905,470.500,44.810
5337,5337,177.900,NaN,NaN,NaN,NaN,NaN,0,577,482,54.952,45.905,470.500,44.810
5338,5338,177.933,NaN,NaN,NaN,NaN,NaN,0,577,482,54.952,45.905,470.500,44.810
5339,5339,177.967,NaN,NaN,NaN,NaN,NaN,0,577,482,54.952,45.905,470.500,44.810
5340,5340,178.000,NaN,NaN,NaN,NaN,NaN,0,577,482,54.952,45.905,470.500,44.810
5341,5341,178.033,NaN,NaN,NaN,NaN,NaN,0,577,482,54.952,45.905,470.500,44.810
5342,5342,178.067,NaN,NaN,NaN,NaN,NaN,0,577,482,54.952,45.905,470.500,44.810
5343,5343,178.100,NaN,NaN,NaN,NaN,NaN,0,577,482,54.952,45.905,470.500,44.810
5344,5344,178.133,NaN,NaN,NaN,NaN,NaN,0,577,482,54.952,45.905,470.500,44.810
5345,5345,178.167,NaN,NaN,NaN,NaN,NaN,0,577,482,54.952,45.905,470.500,44.810
5346,5346,178.200,NaN,NaN,NaN,NaN,NaN,0,577,482,54.952,45.905,470.500,44.810
5347,5347,178.233,NaN,NaN,NaN,NaN,NaN,0,577,482,54.952,45.905,470.500,44.810
5348,5348,178.267,NaN,NaN,NaN,NaN,NaN,0,577,482,54.952,45.905,470.500,44.810
5349,5349,178.300,NaN,NaN,NaN,NaN,NaN,0,577,482,54.952,45.905,470.500,44.810
5350,5350,178.333,NaN,NaN,NaN,NaN,NaN,0,577,482,54.952,45.905,470.500,44.810
5351,5351,178.367,NaN,NaN,NaN,NaN,NaN,0,577,482,54.952,45.905,470.500,44.810
5352,5352,178.400,NaN,NaN,NaN,NaN,NaN,0,577,482,54.952,45.905,470.500,44.810
5353,5353,178.433,NaN,NaN,NaN,NaN,NaN,0,577,482,54.952,45.905,470.500,44.810
5354,5354,178.467,NaN,NaN,NaN,NaN,NaN,0,577,482,54.952,45.905,470.500,44.810
5355,5355,178.500,NaN,NaN,NaN,NaN,NaN,0,577,482,54.952,45.905,470.500,44.810
5356,5356,178.533,NaN,NaN,NaN,NaN,NaN,0,577,482,54.952,45.905,470.500,44.810
5357,5357,178.567,NaN,NaN,NaN,NaN,NaN,0,577,482,54.952,45.905,470.500,44.810
5358,5358,178.600,NaN,NaN,NaN,NaN,NaN,0,577,482,54.952,45.905,470.500,44.810
5359,5359,178.633,NaN,NaN,NaN,NaN,NaN,0,577,482,54.952,45.905,470.500,44.810
5360,5360,178.667,NaN,NaN,NaN,NaN,NaN,0,577,482,54.952,45.905,470.500,44.810
5361,5361,178.700,NaN,NaN,NaN,NaN,NaN,0,577,482,54.952,45.905,470.500,44.810
5362,5362,178.733,NaN,NaN,NaN,NaN,NaN,0,577,482,54.952,45.905,470.500,44.810
5363,5363,178.767,NaN,NaN,NaN,NaN,NaN,0,577,482,54.952,45.905,470.500,44.810
5364,5364,178.800,NaN,NaN,NaN,NaN,NaN,0,577,482,54.952,45.905,470.500,44.810
5365,5365,178.833,NaN,NaN,NaN,NaN,NaN,0,577,482,54.952,45.905,470.500,44.810
5366,5366,178.867,NaN,NaN,NaN,NaN,NaN,0,577,482,54.952,45.905,470.500,44.810
5367,5367,178.900,NaN,NaN,NaN,NaN,NaN,0,577,482,54.952,45.905,470.500,44.810
5368,5368,178.933,NaN,NaN,NaN,NaN,NaN,0,577,482,54.952,45.905,470.500,44.810
5369,5369,178.967,NaN,NaN,NaN,NaN,NaN,0,577,482,54.952,45.905,470.500,44.810
5370,5370,179.000,NaN,NaN,NaN,NaN,NaN,0,577,482,54.952,45.905,470.500,44.810
5371,5371,179.033,NaN,NaN,NaN,NaN,NaN,0,577,482,54.952,45.905,470.500,44.810
5372,5372,179.067,NaN,NaN,NaN,NaN,NaN,0,577,482,54.952,45.905,470.500,44.810
5373,5373,179.100,NaN,NaN,NaN,NaN,NaN,0,577,482,54.952,45.905,470.500,44.810
5374,5374,179.133,NaN,NaN,NaN,NaN,NaN,0,577,482,54.952,45.905,470.500,44.810
5375,5375,179.167,NaN,NaN,NaN,NaN,NaN,0,577,482,54.952,45.905,470.500,44.810
5376,5376,179.200,NaN,NaN,NaN,NaN,NaN,0,577,482,54.952,45.905,470.500,44.810
5377,5377,179.233,NaN,NaN,NaN,NaN,NaN,0,577,482,54.952,45.905,470.500,44.810
5378,5378,179.267,NaN,NaN,NaN,NaN,NaN,0,577,482,54.952,45.905,470.500,44.810
5379,5379,179.300,NaN,NaN,NaN,NaN,NaN,0,577,482,54.952,45.905,470.500,44.810
5380,5380,179.333,NaN,NaN,NaN,NaN,NaN,0,577,482,54.952,45.905,470.500,44.810
5381,5381,179.367,NaN,NaN,NaN,NaN,NaN,0,577,482,54.952,45.905,470.500,44.810
5382,5382,179.400,NaN,NaN,NaN,NaN,NaN,0,577,482,54.952,45.905,470.500,44.810
5383,5383,179.433,NaN,NaN,NaN,NaN,NaN,0,577,482,54.952,45.905,470.500,44.810
5384,5384,179.467,NaN,NaN,NaN,NaN,NaN,0,577,482,54.952,45.905,470.500,44.810
5385,5385,179.500,NaN,NaN,NaN,NaN,NaN,0,577,482,54.952,45.905,470.500,44.810
5386,5386,179.533,NaN,NaN,NaN,NaN,NaN,0,577,482,54.952,45.905,470.500,44.810
5387,5387,179.567,NaN,NaN,NaN,NaN,NaN,0,577,482,54.952,45.905,470.500,44.810
5388,5388,179.600,NaN,NaN,NaN,NaN,NaN,0,577,482,54.952,45.905,470.500,44.810
5389,5389,179.633,NaN,NaN,NaN,NaN,NaN,0,577,482,54.952,45.905,470.500,44.810
5390,5390,179.667,NaN,NaN,NaN,NaN,NaN,0,577,482,54.952,45.905,470.500,44.810
5391,5391,179.700,NaN,NaN,NaN,NaN,NaN,0,577,482,54.952,45.905,470.500,44.810
5392,5392,179.733,NaN,NaN,NaN,NaN,NaN,0,577,482,54.952,45.905,470.500,44.810
5393,5393,179.767,NaN,NaN,NaN,NaN,NaN,0,577,482,54.952,45.905,470.500,44.810
5394,5394,179.800,NaN,NaN,NaN,NaN,NaN,0,577,482,54.952,45.905,470.500,44.810
5395,5395,179.833,NaN,NaN,NaN,NaN,NaN,0,577,482,54.952,45.905,470.500,44.810
5396,5396,179.867,NaN,NaN,NaN,NaN,NaN,0,577,482,54.952,45.905,470.500,44.810
5397,5397,179.900,NaN,NaN,NaN,NaN,NaN,0,577,482,54.952,45.905,470.500,44.810
5398,5398,179.933,NaN,NaN,NaN,NaN,NaN,0,577,482,54.952,45.905,470.500,44.810
5399,5399,179.967,NaN,NaN,NaN,NaN,NaN,0,577,482,54.952,45.905,470.500,44.810
5400,5400,180.000,NaN,NaN,NaN,NaN,NaN,0,577,482,54.952,45.905,470.500,44.810
5401,5401,180.033,NaN,NaN,NaN,NaN,NaN,0,577,482,54.952,45.905,470.500,44.810
5402,5402,180.067,NaN,NaN,NaN,NaN,NaN,0,577,482,54.952,45.905,470.500,44.810
5403,5403,180.100,NaN,NaN,NaN,NaN,NaN,0,577,482,54.952,45.905,470.500,44.810
