 ,Frame,Time_s,X_px,Y_px,X_mm,Y_mm,Area_px,Detected,Arena_center_X_px,Arena_center_Y_px,Arena_center_X_mm,Arena_center_Y_mm,Arena_radius_px,Arena_radius_mm
1,1,0.033,NaN,NaN,NaN,NaN,NaN,0,586,500,55.283,47.170,475,44.811
2,2,0.067,NaN,NaN,NaN,NaN,NaN,0,586,500,55.283,47.170,475,44.811
3,3,0.100,NaN,NaN,NaN,NaN,NaN,0,586,500,55.283,47.170,475,44.811
4,4,0.133,NaN,NaN,NaN,NaN,NaN,0,586,500,55.283,47.170,475,44.811
5,5,0.167,NaN,NaN,NaN,NaN,NaN,0,586,500,55.283,47.170,475,44.811
6,6,0.200,NaN,NaN,NaN,NaN,NaN,0,586,500,55.283,47.170,475,44.811
7,7,0.233,NaN,NaN,NaN,NaN,NaN,0,586,500,55.283,47.170,475,44.811
8,8,0.267,NaN,NaN,NaN,NaN,NaN,0,586,500,55.283,47.170,475,44.811
9,9,0.300,NaN,NaN,NaN,NaN,NaN,0,586,500,55.283,47.170,475,44.811
10,10,0.333,NaN,NaN,NaN,NaN,NaN,0,586,500,55.283,47.170,475,44.811
11,11,0.367,NaN,NaN,NaN,NaN,NaN,0,586,500,55.283,47.170,475,44.811
12,12,0.400,NaN,NaN,NaN,NaN,NaN,0,586,500,55.283,47.170,475,44.811
13,13,0.433,NaN,NaN,NaN,NaN,NaN,0,586,500,55.283,47.170,475,44.811
14,14,0.467,NaN,NaN,NaN,NaN,NaN,0,586,500,55.283,47.170,475,44.811
15,15,0.500,NaN,NaN,NaN,NaN,NaN,0,586,500,55.283,47.170,475,44.811
16,16,0.533,NaN,NaN,NaN,NaN,NaN,0,586,500,55.283,47.170,475,44.811
17,17,0.567,NaN,NaN,NaN,NaN,NaN,0,586,500,55.283,47.170,475,44.811
18,18,0.600,600.868,520.232,56.686,49.078,235,1,586,500,55.283,47.170,475,44.811
19,19,0.633,600.897,520.345,56.688,49.089,237,1,586,500,55.283,47.170,475,44.811
20,20,0.667,600.882,520.275,56.687,49.083,236,1,586,500,55.283,47.170,475,44.811
21,21,0.700,600.882,520.275,56.687,49.083,236,1,586,500,55.283,47.170,475,44.811
22,22,0.733,600.897,520.302,56.688,49.085,237,1,586,500,55.283,47.170,475,44.811
23,23,0.767,601.024,519.859,56.700,49.043,253,1,586,500,55.283,47.170,475,44.811
24,24,0.800,601.030,519.884,56.701,49.046,253,1,586,500,55.283,47.170,475,44.811
25,25,0.833,601.021,519.830,56.700,49.041,253,1,586,500,55.283,47.170,475,44.811
26,26,0.867,600.973,519.962,56.696,49.053,252,1,586,500,55.283,47.170,475,44.811
27,27,0.900,600.913,520.115,56.690,49.067,248,1,586,500,55.283,47.170,475,44.811
28,28,0.933,600.914,520.069,56.690,49.063,250,1,586,500,55.283,47.170,475,44.811
29,29,0.967,600.892,520.117,56.688,49.068,248,1,586,500,55.283,47.170,475,44.811
30,30,1.000,600.926,520.054,56.691,49.062,250,1,586,500,55.283,47.170,475,44.811
31,31,1.033,600.886,520.016,56.687,49.058,249,1,586,500,55.283,47.170,475,44.811
32,32,1.067,600.886,520.015,56.687,49.058,249,1,586,500,55.283,47.170,475,44.811
33,33,1.100,600.918,520.107,56.690,49.067,247,1,586,500,55.283,47.170,475,44.811
34,34,1.133,600.810,520.147,56.680,49.070,246,1,586,500,55.283,47.170,475,44.811
35,35,1.167,600.814,520.147,56.681,49.070,246,1,586,500,55.283,47.170,475,44.811
36,36,1.200,600.825,520.262,56.682,49.081,243,1,586,500,55.283,47.170,475,44.811
37,37,1.233,600.913,519.748,56.690,49.033,256,1,586,500,55.283,47.170,475,44.811
38,38,1.267,600.960,519.805,56.694,49.038,254,1,586,500,55.283,47.170,475,44.811
39,39,1.300,601.013,519.799,56.699,49.038,253,1,586,500,55.283,47.170,475,44.811
40,40,1.333,600.993,519.565,56.697,49.016,261,1,586,500,55.283,47.170,475,44.811
41,41,1.367,600.978,519.607,56.696,49.020,260,1,586,500,55.283,47.170,475,44.811
42,42,1.400,600.929,519.715,56.691,49.030,255,1,586,500,55.283,47.170,475,44.811
43,43,1.433,600.967,519.687,56.695,49.027,259,1,586,500,55.283,47.170,475,44.811
44,44,1.467,600.964,519.685,56.695,49.027,259,1,586,500,55.283,47.170,475,44.811
45,45,1.500,601.019,519.732,56.700,49.031,254,1,586,500,55.283,47.170,475,44.811
46,46,1.533,600.986,519.735,56.697,49.032,255,1,586,500,55.283,47.170,475,44.811
47,47,1.567,600.958,519.707,56.694,49.029,256,1,586,500,55.283,47.170,475,44.811
48,48,1.600,600.999,519.758,56.698,49.034,254,1,586,500,55.283,47.170,475,44.811
49,49,1.633,600.970,519.866,56.695,49.044,260,1,586,500,55.283,47.170,475,44.811
50,50,1.667,600.983,519.746,56.696,49.033,257,1,586,500,55.283,47.170,475,44.811
51,51,1.700,600.960,519.707,56.694,49.029,256,1,586,500,55.283,47.170,475,44.811
52,52,1.733,600.968,519.633,56.695,49.022,258,1,586,500,55.283,47.170,475,44.811
53,53,1.767,600.968,519.632,56.695,49.022,258,1,586,500,55.283,47.170,475,44.811
54,54,1.800,600.979,519.684,56.696,49.027,258,1,586,500,55.283,47.170,475,44.811
55,55,1.833,600.895,519.856,56.688,49.043,263,1,586,500,55.283,47.170,475,44.811
56,56,1.867,600.902,519.788,56.689,49.037,261,1,586,500,55.283,47.170,475,44.811
57,57,1.900,600.976,519.746,56.696,49.033,257,1,586,500,55.283,47.170,475,44.811
58,58,1.933,600.971,519.725,56.695,49.031,262,1,586,500,55.283,47.170,475,44.811
59,59,1.967,600.950,519.741,56.693,49.032,261,1,586,500,55.283,47.170,475,44.811
60,60,2.000,600.974,519.610,56.696,49.020,258,1,586,500,55.283,47.170,475,44.811
61,61,2.033,600.822,520.560,56.681,49.109,244,1,586,500,55.283,47.170,475,44.811
62,62,2.067,600.804,520.310,56.680,49.086,242,1,586,500,55.283,47.170,475,44.811
63,63,2.100,600.764,520.500,56.676,49.104,238,1,586,500,55.283,47.170,475,44.811
64,64,2.133,600.763,520.341,56.676,49.089,242,1,586,500,55.283,47.170,475,44.811
65,65,2.167,600.751,520.384,56.675,49.093,241,1,586,500,55.283,47.170,475,44.811
66,66,2.200,600.895,520.411,56.688,49.095,235,1,586,500,55.283,47.170,475,44.811
67,67,2.233,600.788,520.368,56.678,49.091,241,1,586,500,55.283,47.170,475,44.811
68,68,2.267,600.766,520.220,56.676,49.077,243,1,586,500,55.283,47.170,475,44.811
69,69,2.300,600.859,520.421,56.685,49.096,235,1,586,500,55.283,47.170,475,44.811
70,70,2.333,600.859,520.420,56.685,49.096,235,1,586,500,55.283,47.170,475,44.811
71,71,2.367,600.859,520.420,56.685,49.096,235,1,586,500,55.283,47.170,475,44.811
72,72,2.400,600.859,520.479,56.685,49.102,236,1,586,500,55.283,47.170,475,44.811
73,73,2.433,600.843,520.504,56.683,49.104,237,1,586,500,55.283,47.170,475,44.811
74,74,2.467,600.843,520.490,56.683,49.103,237,1,586,500,55.283,47.170,475,44.811
75,75,2.500,600.861,520.464,56.685,49.100,236,1,586,500,55.283,47.170,475,44.811
76,76,2.533,600.845,520.488,56.683,49.103,237,1,586,500,55.283,47.170,475,44.811
77,77,2.567,600.858,520.395,56.685,49.094,239,1,586,500,55.283,47.170,475,44.811
78,78,2.600,600.861,520.351,56.685,49.090,246,1,586,500,55.283,47.170,475,44.811
79,79,2.633,600.801,520.483,56.679,49.102,249,1,586,500,55.283,47.170,475,44.811
80,80,2.667,600.799,520.277,56.679,49.083,247,1,586,500,55.283,47.170,475,44.811
81,81,2.700,600.908,519.975,56.689,49.054,255,1,586,500,55.283,47.170,475,44.811
82,82,2.733,600.893,520.074,56.688,49.064,255,1,586,500,55.283,47.170,475,44.811
83,83,2.767,600.895,520.074,56.688,49.064,255,1,586,500,55.283,47.170,475,44.811
84,84,2.800,600.946,520.029,56.693,49.059,252,1,586,500,55.283,47.170,475,44.811
85,85,2.833,600.907,520.014,56.689,49.058,256,1,586,500,55.283,47.170,475,44.811
86,86,2.867,600.948,520.090,56.693,49.065,261,1,586,500,55.283,47.170,475,44.811
87,87,2.900,600.930,520.128,56.692,49.069,260,1,586,500,55.283,47.170,475,44.811
88,88,2.933,600.930,520.128,56.692,49.069,260,1,586,500,55.283,47.170,475,44.811
89,89,2.967,600.952,520.041,56.694,49.060,262,1,586,500,55.283,47.170,475,44.811
90,90,3.000,600.950,520.067,56.693,49.063,259,1,586,500,55.283,47.170,475,44.811
91,91,3.033,600.913,520.004,56.690,49.057,259,1,586,500,55.283,47.170,475,44.811
92,92,3.067,600.913,520.004,56.690,49.057,259,1,586,500,55.283,47.170,475,44.811
93,93,3.100,600.932,520.014,56.692,49.058,258,1,586,500,55.283,47.170,475,44.811
94,94,3.133,600.963,520.020,56.695,49.058,260,1,586,500,55.283,47.170,475,44.811
95,95,3.167,600.946,520.011,56.693,49.058,261,1,586,500,55.283,47.170,475,44.811
96,96,3.200,600.946,520.039,56.693,49.060,259,1,586,500,55.283,47.170,475,44.811
97,97,3.233,600.926,520.057,56.691,49.062,258,1,586,500,55.283,47.170,475,44.811
98,98,3.267,600.925,520.029,56.691,49.059,260,1,586,500,55.283,47.170,475,44.811
99,99,3.300,600.925,520.075,56.691,49.064,258,1,586,500,55.283,47.170,475,44.811
100,100,3.333,600.896,520.088,56.688,49.065,256,1,586,500,55.283,47.170,475,44.811
101,101,3.367,600.896,520.042,56.688,49.061,258,1,586,500,55.283,47.170,475,44.811
102,102,3.400,600.926,520.011,56.691,49.058,258,1,586,500,55.283,47.170,475,44.811
103,103,3.433,600.953,520.021,56.694,49.059,262,1,586,500,55.283,47.170,475,44.811
104,104,3.467,600.978,519.697,56.696,49.028,269,1,586,500,55.283,47.170,475,44.811
105,105,3.500,600.945,520.002,56.693,49.057,262,1,586,500,55.283,47.170,475,44.811
106,106,3.533,601.095,519.789,56.707,49.037,266,1,586,500,55.283,47.170,475,44.811
107,107,3.567,601.056,519.651,56.703,49.024,270,1,586,500,55.283,47.170,475,44.811
108,108,3.600,601.079,519.688,56.706,49.027,268,1,586,500,55.283,47.170,475,44.811
109,109,3.633,601.067,519.740,56.704,49.032,267,1,586,500,55.283,47.170,475,44.811
110,110,3.667,601.036,519.727,56.702,49.031,268,1,586,500,55.283,47.170,475,44.811
111,111,3.700,601.020,519.721,56.700,49.030,264,1,586,500,55.283,47.170,475,44.811
112,112,3.733,601.020,519.719,56.700,49.030,264,1,586,500,55.283,47.170,475,44.811
113,113,3.767,601.064,519.682,56.704,49.027,269,1,586,500,55.283,47.170,475,44.811
114,114,3.800,601.000,519.791,56.698,49.037,261,1,586,500,55.283,47.170,475,44.811
115,115,3.833,601.001,519.808,56.698,49.038,265,1,586,500,55.283,47.170,475,44.811
116,116,3.867,601.049,519.771,56.703,49.035,267,1,586,500,55.283,47.170,475,44.811
117,117,3.900,601.048,519.769,56.703,49.035,267,1,586,500,55.283,47.170,475,44.811
118,118,3.933,601.042,519.844,56.702,49.042,265,1,586,500,55.283,47.170,475,44.811
119,119,3.967,601.018,519.796,56.700,49.037,268,1,586,500,55.283,47.170,475,44.811
120,120,4.000,601.043,519.713,56.702,49.030,264,1,586,500,55.283,47.170,475,44.811
121,121,4.033,600.789,520.433,56.678,49.097,243,1,586,500,55.283,47.170,475,44.811
122,122,4.067,600.904,520.123,56.689,49.068,250,1,586,500,55.283,47.170,475,44.811
123,123,4.100,600.907,520.124,56.689,49.068,258,1,586,500,55.283,47.170,475,44.811
124,124,4.133,600.907,520.124,56.689,49.068,258,1,586,500,55.283,47.170,475,44.811
125,125,4.167,600.914,520.182,56.690,49.074,261,1,586,500,55.283,47.170,475,44.811
126,126,4.200,600.961,520.102,56.694,49.066,263,1,586,500,55.283,47.170,475,44.811
127,127,4.233,600.961,520.102,56.694,49.066,263,1,586,500,55.283,47.170,475,44.811
128,128,4.267,600.961,520.102,56.694,49.066,263,1,586,500,55.283,47.170,475,44.811
129,129,4.300,600.961,520.102,56.694,49.066,263,1,586,500,55.283,47.170,475,44.811
130,130,4.333,600.961,520.102,56.694,49.066,263,1,586,500,55.283,47.170,475,44.811
131,131,4.367,600.974,520.017,56.696,49.058,265,1,586,500,55.283,47.170,475,44.811
132,132,4.400,600.975,520.016,56.696,49.058,265,1,586,500,55.283,47.170,475,44.811
133,133,4.433,600.920,520.238,56.691,49.079,258,1,586,500,55.283,47.170,475,44.811
134,134,4.467,600.934,520.156,56.692,49.071,260,1,586,500,55.283,47.170,475,44.811
135,135,4.500,600.903,520.136,56.689,49.069,256,1,586,500,55.283,47.170,475,44.811
136,136,4.533,600.887,520.155,56.687,49.071,255,1,586,500,55.283,47.170,475,44.811
137,137,4.567,600.884,520.277,56.687,49.083,258,1,586,500,55.283,47.170,475,44.811
138,138,4.600,600.867,520.226,56.686,49.078,257,1,586,500,55.283,47.170,475,44.811
139,139,4.633,600.894,520.226,56.688,49.078,257,1,586,500,55.283,47.170,475,44.811
140,140,4.667,600.888,520.114,56.688,49.067,261,1,586,500,55.283,47.170,475,44.811
141,141,4.700,600.879,520.057,56.687,49.062,260,1,586,500,55.283,47.170,475,44.811
142,142,4.733,600.913,520.152,56.690,49.071,255,1,586,500,55.283,47.170,475,44.811
143,143,4.767,600.848,520.041,56.684,49.061,258,1,586,500,55.283,47.170,475,44.811
144,144,4.800,600.838,520.079,56.683,49.064,257,1,586,500,55.283,47.170,475,44.811
145,145,4.833,600.764,520.188,56.676,49.074,250,1,586,500,55.283,47.170,475,44.811
146,146,4.867,600.808,520.070,56.680,49.063,262,1,586,500,55.283,47.170,475,44.811
147,147,4.900,600.831,519.980,56.682,49.055,260,1,586,500,55.283,47.170,475,44.811
148,148,4.933,600.878,519.944,56.687,49.051,258,1,586,500,55.283,47.170,475,44.811
149,149,4.967,600.829,519.925,56.682,49.050,259,1,586,500,55.283,47.170,475,44.811
150,150,5.000,600.824,519.733,56.682,49.031,253,1,586,500,55.283,47.170,475,44.811
151,151,5.033,600.841,519.694,56.683,49.028,254,1,586,500,55.283,47.170,475,44.811
152,152,5.067,601.107,519.204,56.708,48.981,264,1,586,500,55.283,47.170,475,44.811
153,153,5.100,601.066,519.204,56.704,48.981,261,1,586,500,55.283,47.170,475,44.811
154,154,5.133,601.141,519.158,56.711,48.977,256,1,586,500,55.283,47.170,475,44.811
155,155,5.167,601.422,518.404,56.738,48.906,269,1,586,500,55.283,47.170,475,44.811
156,156,5.200,601.407,518.442,56.736,48.910,264,1,586,500,55.283,47.170,475,44.811
157,157,5.233,601.491,518.357,56.744,48.902,253,1,586,500,55.283,47.170,475,44.811
158,158,5.267,601.585,517.645,56.753,48.834,266,1,586,500,55.283,47.170,475,44.811
159,159,5.300,601.800,517.239,56.774,48.796,263,1,586,500,55.283,47.170,475,44.811
160,160,5.333,601.724,517.405,56.766,48.812,241,1,586,500,55.283,47.170,475,44.811
161,161,5.367,601.781,516.950,56.772,48.769,247,1,586,500,55.283,47.170,475,44.811
162,162,5.400,601.934,516.509,56.786,48.727,250,1,586,500,55.283,47.170,475,44.811
163,163,5.433,601.925,516.455,56.785,48.722,249,1,586,500,55.283,47.170,475,44.811
164,164,5.467,602.120,515.588,56.804,48.640,279,1,586,500,55.283,47.170,475,44.811
165,165,5.500,602.068,515.705,56.799,48.651,275,1,586,500,55.283,47.170,475,44.811
166,166,5.533,602.071,515.615,56.799,48.643,265,1,586,500,55.283,47.170,475,44.811
167,167,5.567,602.302,514.882,56.821,48.574,276,1,586,500,55.283,47.170,475,44.811
168,168,5.600,602.228,515.190,56.814,48.603,277,1,586,500,55.283,47.170,475,44.811
169,169,5.633,602.261,515.119,56.817,48.596,273,1,586,500,55.283,47.170,475,44.811
170,170,5.667,602.268,515.347,56.818,48.618,285,1,586,500,55.283,47.170,475,44.811
171,171,5.700,602.218,515.445,56.813,48.627,283,1,586,500,55.283,47.170,475,44.811
172,172,5.733,602.127,515.626,56.804,48.644,263,1,586,500,55.283,47.170,475,44.811
173,173,5.767,602.023,515.878,56.795,48.668,280,1,586,500,55.283,47.170,475,44.811
174,174,5.800,601.887,516.122,56.782,48.691,279,1,586,500,55.283,47.170,475,44.811
175,175,5.833,601.634,516.874,56.758,48.762,271,1,586,500,55.283,47.170,475,44.811
176,176,5.867,601.498,517.239,56.745,48.796,279,1,586,500,55.283,47.170,475,44.811
177,177,5.900,601.261,517.625,56.723,48.833,283,1,586,500,55.283,47.170,475,44.811
178,178,5.933,600.911,519.077,56.690,48.970,264,1,586,500,55.283,47.170,475,44.811
179,179,5.967,600.868,519.456,56.686,49.005,278,1,586,500,55.283,47.170,475,44.811
180,180,6.000,600.781,519.895,56.677,49.047,279,1,586,500,55.283,47.170,475,44.811
181,181,6.033,600.429,521.608,56.644,49.208,256,1,586,500,55.283,47.170,475,44.811
182,182,6.067,600.670,521.419,56.667,49.190,278,1,586,500,55.283,47.170,475,44.811
183,183,6.100,600.808,521.551,56.680,49.203,281,1,586,500,55.283,47.170,475,44.811
184,184,6.133,601.054,522.247,56.703,49.269,262,1,586,500,55.283,47.170,475,44.811
185,185,6.167,601.163,522.282,56.714,49.272,265,1,586,500,55.283,47.170,475,44.811
186,186,6.200,601.380,522.172,56.734,49.261,271,1,586,500,55.283,47.170,475,44.811
187,187,6.233,601.749,522.064,56.769,49.251,268,1,586,500,55.283,47.170,475,44.811
188,188,6.267,601.990,522.028,56.791,49.248,267,1,586,500,55.283,47.170,475,44.811
189,189,6.300,602.310,521.898,56.822,49.236,279,1,586,500,55.283,47.170,475,44.811
190,190,6.333,602.678,521.661,56.856,49.213,271,1,586,500,55.283,47.170,475,44.811
191,191,6.367,602.698,521.351,56.858,49.184,274,1,586,500,55.283,47.170,475,44.811
192,192,6.400,602.825,521.287,56.870,49.178,272,1,586,500,55.283,47.170,475,44.811
193,193,6.433,603.208,520.911,56.906,49.143,266,1,586,500,55.283,47.170,475,44.811
194,194,6.467,603.367,520.637,56.921,49.117,270,1,586,500,55.283,47.170,475,44.811
195,195,6.500,603.547,520.326,56.938,49.087,265,1,586,500,55.283,47.170,475,44.811
196,196,6.533,603.822,520.121,56.964,49.068,260,1,586,500,55.283,47.170,475,44.811
197,197,6.567,604.050,519.879,56.986,49.045,268,1,586,500,55.283,47.170,475,44.811
198,198,6.600,604.126,519.716,56.993,49.030,266,1,586,500,55.283,47.170,475,44.811
199,199,6.633,604.347,519.435,57.014,49.003,261,1,586,500,55.283,47.170,475,44.811
200,200,6.667,604.662,519.041,57.044,48.966,269,1,586,500,55.283,47.170,475,44.811
201,201,6.700,604.686,518.671,57.046,48.931,268,1,586,500,55.283,47.170,475,44.811
202,202,6.733,604.980,518.648,57.074,48.929,256,1,586,500,55.283,47.170,475,44.811
203,203,6.767,605.086,518.298,57.084,48.896,265,1,586,500,55.283,47.170,475,44.811
204,204,6.800,605.035,518.137,57.079,48.881,265,1,586,500,55.283,47.170,475,44.811
205,205,6.833,605.142,518.245,57.089,48.891,263,1,586,500,55.283,47.170,475,44.811
206,206,6.867,605.124,518.032,57.087,48.871,272,1,586,500,55.283,47.170,475,44.811
207,207,6.900,605.288,518.046,57.103,48.872,272,1,586,500,55.283,47.170,475,44.811
208,208,6.933,605.283,517.750,57.102,48.844,255,1,586,500,55.283,47.170,475,44.811
209,209,6.967,605.243,517.734,57.098,48.843,264,1,586,500,55.283,47.170,475,44.811
210,210,7.000,605.357,517.807,57.109,48.850,267,1,586,500,55.283,47.170,475,44.811
211,211,7.033,605.314,517.574,57.105,48.828,255,1,586,500,55.283,47.170,475,44.811
212,212,7.067,605.197,517.509,57.094,48.822,255,1,586,500,55.283,47.170,475,44.811
213,213,7.100,604.993,517.398,57.075,48.811,252,1,586,500,55.283,47.170,475,44.811
214,214,7.133,604.964,517.406,57.072,48.812,236,1,586,500,55.283,47.170,475,44.811
215,215,7.167,604.965,517.416,57.072,48.813,238,1,586,500,55.283,47.170,475,44.811
216,216,7.200,604.960,517.405,57.072,48.812,233,1,586,500,55.283,47.170,475,44.811
217,217,7.233,NaN,NaN,NaN,NaN,NaN,0,586,500,55.283,47.170,475,44.811
218,218,7.267,NaN,NaN,NaN,NaN,NaN,0,586,500,55.283,47.170,475,44.811
219,219,7.300,NaN,NaN,NaN,NaN,NaN,0,586,500,55.283,47.170,475,44.811
220,220,7.333,NaN,NaN,NaN,NaN,NaN,0,586,500,55.283,47.170,475,44.811
221,221,7.367,NaN,NaN,NaN,NaN,NaN,0,586,500,55.283,47.170,475,44.811
222,222,7.400,NaN,NaN,NaN,NaN,NaN,0,586,500,55.283,47.170,475,44.811
223,223,7.433,NaN,NaN,NaN,NaN,NaN,0,586,500,55.283,47.170,475,44.811
224,224,7.467,NaN,NaN,NaN,NaN,NaN,0,586,500,55.283,47.170,475,44.811
225,225,7.500,603.354,514.947,56.920,48.580,248,1,586,500,55.283,47.170,475,44.811
226,226,7.533,603.236,515.306,56.909,48.614,243,1,586,500,55.283,47.170,475,44.811
227,227,7.567,603.137,516.559,56.900,48.732,249,1,586,500,55.283,47.170,475,44.811
228,228,7.600,602.924,517.819,56.880,48.851,261,1,586,500,55.283,47.170,475,44.811
229,229,7.633,NaN,NaN,NaN,NaN,NaN,0,586,500,55.283,47.170,475,44.811
230,230,7.667,602.641,520.701,56.853,49.123,237,1,586,500,55.283,47.170,475,44.811
231,231,7.700,602.596,520.950,56.849,49.146,257,1,586,500,55.283,47.170,475,44.811
232,232,7.733,602.650,521.380,56.854,49.187,248,1,586,500,55.283,47.170,475,44.811
233,233,7.767,602.730,521.487,56.861,49.197,259,1,586,500,55.283,47.170,475,44.811
234,234,7.800,602.767,521.457,56.865,49.194,255,1,586,500,55.283,47.170,475,44.811
235,235,7.833,602.893,521.180,56.877,49.168,253,1,586,500,55.283,47.170,475,44.811
236,236,7.867,603.256,521.385,56.911,49.187,260,1,586,500,55.283,47.170,475,44.811
237,237,7.900,603.458,521.267,56.930,49.176,271,1,586,500,55.283,47.170,475,44.811
238,238,7.933,603.523,520.859,56.936,49.138,258,1,586,500,55.283,47.170,475,44.811
239,239,7.967,603.624,520.885,56.946,49.140,261,1,586,500,55.283,47.170,475,44.811
240,240,8.000,603.678,520.706,56.951,49.123,266,1,586,500,55.283,47.170,475,44.811
241,241,8.033,603.855,521.189,56.967,49.169,250,1,586,500,55.283,47.170,475,44.811
242,242,8.067,603.645,521.142,56.948,49.164,246,1,586,500,55.283,47.170,475,44.811
243,243,8.100,603.694,521.055,56.952,49.156,252,1,586,500,55.283,47.170,475,44.811
244,244,8.133,603.682,520.885,56.951,49.140,252,1,586,500,55.283,47.170,475,44.811
245,245,8.167,603.688,520.847,56.952,49.136,253,1,586,500,55.283,47.170,475,44.811
246,246,8.200,603.693,520.733,56.952,49.126,255,1,586,500,55.283,47.170,475,44.811
247,247,8.233,603.675,520.474,56.950,49.101,251,1,586,500,55.283,47.170,475,44.811
248,248,8.267,603.672,520.397,56.950,49.094,249,1,586,500,55.283,47.170,475,44.811
249,249,8.300,603.795,520.409,56.962,49.095,254,1,586,500,55.283,47.170,475,44.811
250,250,8.333,603.788,520.323,56.961,49.087,253,1,586,500,55.283,47.170,475,44.811
251,251,8.367,604.024,520.119,56.983,49.068,251,1,586,500,55.283,47.170,475,44.811
252,252,8.400,604.005,519.998,56.982,49.056,257,1,586,500,55.283,47.170,475,44.811
253,253,8.433,604.071,520.037,56.988,49.060,249,1,586,500,55.283,47.170,475,44.811
254,254,8.467,604.176,520.045,56.998,49.061,247,1,586,500,55.283,47.170,475,44.811
255,255,8.500,604.260,519.853,57.006,49.043,252,1,586,500,55.283,47.170,475,44.811
256,256,8.533,604.386,519.822,57.018,49.040,249,1,586,500,55.283,47.170,475,44.811
257,257,8.567,604.762,519.957,57.053,49.053,244,1,586,500,55.283,47.170,475,44.811
258,258,8.600,604.831,519.692,57.060,49.028,249,1,586,500,55.283,47.170,475,44.811
259,259,8.633,605.064,519.510,57.081,49.010,244,1,586,500,55.283,47.170,475,44.811
260,260,8.667,605.161,519.632,57.091,49.022,239,1,586,500,55.283,47.170,475,44.811
261,261,8.700,605.370,519.219,57.110,48.983,247,1,586,500,55.283,47.170,475,44.811
262,262,8.733,605.414,519.123,57.115,48.974,243,1,586,500,55.283,47.170,475,44.811
263,263,8.767,605.448,518.903,57.118,48.953,238,1,586,500,55.283,47.170,475,44.811
264,264,8.800,605.377,518.721,57.111,48.936,241,1,586,500,55.283,47.170,475,44.811
265,265,8.833,605.367,518.596,57.110,48.924,236,1,586,500,55.283,47.170,475,44.811
266,266,8.867,605.430,518.641,57.116,48.928,233,1,586,500,55.283,47.170,475,44.811
267,267,8.900,605.444,518.360,57.117,48.902,246,1,586,500,55.283,47.170,475,44.811
268,268,8.933,NaN,NaN,NaN,NaN,NaN,0,586,500,55.283,47.170,475,44.811
269,269,8.967,605.518,518.116,57.124,48.879,233,1,586,500,55.283,47.170,475,44.811
270,270,9.000,605.513,517.485,57.124,48.819,245,1,586,500,55.283,47.170,475,44.811
271,271,9.033,605.433,517.495,57.116,48.820,243,1,586,500,55.283,47.170,475,44.811
272,272,9.067,NaN,NaN,NaN,NaN,NaN,0,586,500,55.283,47.170,475,44.811
273,273,9.100,605.846,516.060,57.155,48.685,253,1,586,500,55.283,47.170,475,44.811
274,274,9.133,605.749,515.789,57.146,48.659,252,1,586,500,55.283,47.170,475,44.811
275,275,9.167,605.668,515.544,57.138,48.636,255,1,586,500,55.283,47.170,475,44.811
276,276,9.200,605.887,515.048,57.159,48.589,265,1,586,500,55.283,47.170,475,44.811
277,277,9.233,605.683,514.887,57.140,48.574,260,1,586,500,55.283,47.170,475,44.811
278,278,9.267,605.467,514.847,57.120,48.570,256,1,586,500,55.283,47.170,475,44.811
279,279,9.300,605.633,514.604,57.135,48.548,274,1,586,500,55.283,47.170,475,44.811
280,280,9.333,605.569,514.504,57.129,48.538,267,1,586,500,55.283,47.170,475,44.811
281,281,9.367,605.506,514.631,57.123,48.550,253,1,586,500,55.283,47.170,475,44.811
282,282,9.400,605.803,514.055,57.151,48.496,270,1,586,500,55.283,47.170,475,44.811
283,283,9.433,605.729,513.859,57.144,48.477,260,1,586,500,55.283,47.170,475,44.811
284,284,9.467,605.535,514.114,57.126,48.501,246,1,586,500,55.283,47.170,475,44.811
285,285,9.500,605.700,513.791,57.141,48.471,259,1,586,500,55.283,47.170,475,44.811
286,286,9.533,605.686,513.692,57.140,48.461,258,1,586,500,55.283,47.170,475,44.811
287,287,9.567,605.580,514.029,57.130,48.493,241,1,586,500,55.283,47.170,475,44.811
288,288,9.600,605.733,513.633,57.145,48.456,257,1,586,500,55.283,47.170,475,44.811
289,289,9.633,605.725,513.661,57.144,48.459,255,1,586,500,55.283,47.170,475,44.811
290,290,9.667,605.721,513.792,57.144,48.471,241,1,586,500,55.283,47.170,475,44.811
291,291,9.700,605.858,513.939,57.156,48.485,256,1,586,500,55.283,47.170,475,44.811
292,292,9.733,605.917,513.859,57.162,48.477,258,1,586,500,55.283,47.170,475,44.811
293,293,9.767,NaN,NaN,NaN,NaN,NaN,0,586,500,55.283,47.170,475,44.811
294,294,9.800,605.698,513.989,57.141,48.490,239,1,586,500,55.283,47.170,475,44.811
295,295,9.833,605.774,513.913,57.148,48.482,236,1,586,500,55.283,47.170,475,44.811
296,296,9.867,NaN,NaN,NaN,NaN,NaN,0,586,500,55.283,47.170,475,44.811
297,297,9.900,606.344,512.702,57.202,48.368,252,1,586,500,55.283,47.170,475,44.811
298,298,9.933,607.061,511.533,57.270,48.258,263,1,586,500,55.283,47.170,475,44.811
299,299,9.967,607.092,511.711,57.273,48.275,247,1,586,500,55.283,47.170,475,44.811
300,300,10.000,607.740,511.002,57.334,48.208,274,1,586,500,55.283,47.170,475,44.811
301,301,10.033,608.739,508.967,57.428,48.016,284,1,586,500,55.283,47.170,475,44.811
302,302,10.067,608.911,508.845,57.444,48.004,268,1,586,500,55.283,47.170,475,44.811
303,303,10.100,609.089,508.350,57.461,47.958,289,1,586,500,55.283,47.170,475,44.811
304,304,10.133,609.220,507.974,57.474,47.922,285,1,586,500,55.283,47.170,475,44.811
305,305,10.167,609.449,507.350,57.495,47.863,266,1,586,500,55.283,47.170,475,44.811
306,306,10.200,609.532,507.312,57.503,47.860,270,1,586,500,55.283,47.170,475,44.811
307,307,10.233,610.010,506.529,57.548,47.786,260,1,586,500,55.283,47.170,475,44.811
308,308,10.267,610.200,505.915,57.566,47.728,248,1,586,500,55.283,47.170,475,44.811
309,309,10.300,610.369,505.860,57.582,47.723,255,1,586,500,55.283,47.170,475,44.811
310,310,10.333,610.390,505.689,57.584,47.706,255,1,586,500,55.283,47.170,475,44.811
311,311,10.367,610.509,505.495,57.595,47.688,248,1,586,500,55.283,47.170,475,44.811
312,312,10.400,610.631,505.494,57.607,47.688,254,1,586,500,55.283,47.170,475,44.811
313,313,10.433,610.646,505.521,57.608,47.691,252,1,586,500,55.283,47.170,475,44.811
314,314,10.467,610.529,505.525,57.597,47.691,245,1,586,500,55.283,47.170,475,44.811
315,315,10.500,610.423,505.370,57.587,47.676,263,1,586,500,55.283,47.170,475,44.811
316,316,10.533,610.366,505.224,57.582,47.663,259,1,586,500,55.283,47.170,475,44.811
317,317,10.567,610.151,505.487,57.561,47.687,248,1,586,500,55.283,47.170,475,44.811
318,318,10.600,610.610,505.297,57.605,47.670,264,1,586,500,55.283,47.170,475,44.811
319,319,10.633,611.042,504.870,57.645,47.629,272,1,586,500,55.283,47.170,475,44.811
320,320,10.667,611.769,504.287,57.714,47.574,271,1,586,500,55.283,47.170,475,44.811
321,321,10.700,612.786,503.523,57.810,47.502,293,1,586,500,55.283,47.170,475,44.811
322,322,10.733,613.890,502.824,57.914,47.436,300,1,586,500,55.283,47.170,475,44.811
323,323,10.767,614.457,502.312,57.968,47.388,287,1,586,500,55.283,47.170,475,44.811
324,324,10.800,614.893,502.055,58.009,47.364,301,1,586,500,55.283,47.170,475,44.811
325,325,10.833,615.735,501.302,58.088,47.293,313,1,586,500,55.283,47.170,475,44.811
326,326,10.867,616.269,500.897,58.139,47.254,302,1,586,500,55.283,47.170,475,44.811
327,327,10.900,616.520,500.670,58.162,47.233,310,1,586,500,55.283,47.170,475,44.811
328,328,10.933,617.124,500.211,58.219,47.190,310,1,586,500,55.283,47.170,475,44.811
329,329,10.967,617.600,499.756,58.264,47.147,295,1,586,500,55.283,47.170,475,44.811
330,330,11.000,617.716,499.535,58.275,47.126,306,1,586,500,55.283,47.170,475,44.811
331,331,11.033,618.051,499.052,58.307,47.080,306,1,586,500,55.283,47.170,475,44.811
332,332,11.067,618.307,498.720,58.331,47.049,282,1,586,500,55.283,47.170,475,44.811
333,333,11.100,618.589,498.535,58.357,47.032,297,1,586,500,55.283,47.170,475,44.811
334,334,11.133,618.679,498.459,58.366,47.024,302,1,586,500,55.283,47.170,475,44.811
335,335,11.167,618.881,498.265,58.385,47.006,286,1,586,500,55.283,47.170,475,44.811
336,336,11.200,618.663,498.448,58.364,47.023,291,1,586,500,55.283,47.170,475,44.811
337,337,11.233,618.442,498.587,58.344,47.037,302,1,586,500,55.283,47.170,475,44.811
338,338,11.267,618.501,498.619,58.349,47.040,283,1,586,500,55.283,47.170,475,44.811
339,339,11.300,618.247,498.807,58.325,47.057,296,1,586,500,55.283,47.170,475,44.811
340,340,11.333,618.249,498.823,58.325,47.059,297,1,586,500,55.283,47.170,475,44.811
341,341,11.367,618.554,498.660,58.354,47.043,285,1,586,500,55.283,47.170,475,44.811
342,342,11.400,618.506,498.819,58.350,47.058,297,1,586,500,55.283,47.170,475,44.811
343,343,11.433,618.903,498.604,58.387,47.038,305,1,586,500,55.283,47.170,475,44.811
344,344,11.467,619.159,498.300,58.411,47.009,294,1,586,500,55.283,47.170,475,44.811
345,345,11.500,619.436,498.046,58.437,46.985,304,1,586,500,55.283,47.170,475,44.811
346,346,11.533,619.757,497.884,58.468,46.970,323,1,586,500,55.283,47.170,475,44.811
347,347,11.567,619.619,497.809,58.455,46.963,310,1,586,500,55.283,47.170,475,44.811
348,348,11.600,620.069,497.478,58.497,46.932,319,1,586,500,55.283,47.170,475,44.811
349,349,11.633,620.677,497.264,58.554,46.912,333,1,586,500,55.283,47.170,475,44.811
350,350,11.667,620.815,497.081,58.567,46.894,326,1,586,500,55.283,47.170,475,44.811
351,351,11.700,621.063,497.065,58.591,46.893,330,1,586,500,55.283,47.170,475,44.811
352,352,11.733,621.715,496.958,58.652,46.883,349,1,586,500,55.283,47.170,475,44.811
353,353,11.767,622.197,496.679,58.698,46.856,340,1,586,500,55.283,47.170,475,44.811
354,354,11.800,622.477,496.708,58.724,46.859,350,1,586,500,55.283,47.170,475,44.811
355,355,11.833,622.801,496.646,58.755,46.853,360,1,586,500,55.283,47.170,475,44.811
356,356,11.867,622.931,496.603,58.767,46.849,354,1,586,500,55.283,47.170,475,44.811
357,357,11.900,623.145,496.561,58.787,46.845,360,1,586,500,55.283,47.170,475,44.811
358,358,11.933,623.293,496.517,58.801,46.841,370,1,586,500,55.283,47.170,475,44.811
359,359,11.967,623.158,496.491,58.788,46.839,365,1,586,500,55.283,47.170,475,44.811
360,360,12.000,623.221,496.469,58.794,46.837,366,1,586,500,55.283,47.170,475,44.811
361,361,12.033,624.082,496.067,58.876,46.799,359,1,586,500,55.283,47.170,475,44.811
362,362,12.067,624.458,495.838,58.911,46.777,345,1,586,500,55.283,47.170,475,44.811
363,363,12.100,624.398,495.895,58.905,46.783,346,1,586,500,55.283,47.170,475,44.811
364,364,12.133,624.257,495.897,58.892,46.783,350,1,586,500,55.283,47.170,475,44.811
365,365,12.167,624.257,495.897,58.892,46.783,350,1,586,500,55.283,47.170,475,44.811
366,366,12.200,624.257,495.897,58.892,46.783,350,1,586,500,55.283,47.170,475,44.811
367,367,12.233,624.309,495.908,58.897,46.784,352,1,586,500,55.283,47.170,475,44.811
368,368,12.267,624.316,495.909,58.898,46.784,352,1,586,500,55.283,47.170,475,44.811
369,369,12.300,624.385,495.903,58.904,46.783,354,1,586,500,55.283,47.170,475,44.811
370,370,12.333,624.352,495.899,58.901,46.783,353,1,586,500,55.283,47.170,475,44.811
371,371,12.367,625.044,495.555,58.966,46.750,345,1,586,500,55.283,47.170,475,44.811
372,372,12.400,624.887,495.672,58.952,46.762,351,1,586,500,55.283,47.170,475,44.811
373,373,12.433,625.163,495.609,58.978,46.756,360,1,586,500,55.283,47.170,475,44.811
374,374,12.467,625.297,495.469,58.990,46.742,359,1,586,500,55.283,47.170,475,44.811
375,375,12.500,625.406,495.359,59.001,46.732,349,1,586,500,55.283,47.170,475,44.811
376,376,12.533,625.535,495.316,59.013,46.728,358,1,586,500,55.283,47.170,475,44.811
377,377,12.567,625.827,495.169,59.040,46.714,354,1,586,500,55.283,47.170,475,44.811
378,378,12.600,625.841,495.136,59.042,46.711,342,1,586,500,55.283,47.170,475,44.811
379,379,12.633,625.908,495.060,59.048,46.704,343,1,586,500,55.283,47.170,475,44.811
380,380,12.667,626.134,495.049,59.069,46.703,336,1,586,500,55.283,47.170,475,44.811
381,381,12.700,625.995,495.058,59.056,46.704,333,1,586,500,55.283,47.170,475,44.811
382,382,12.733,625.959,495.114,59.053,46.709,342,1,586,500,55.283,47.170,475,44.811
383,383,12.767,626.078,495.016,59.064,46.700,336,1,586,500,55.283,47.170,475,44.811
384,384,12.800,625.786,495.176,59.036,46.715,340,1,586,500,55.283,47.170,475,44.811
385,385,12.833,625.753,495.268,59.033,46.723,346,1,586,500,55.283,47.170,475,44.811
386,386,12.867,625.489,495.387,59.008,46.735,342,1,586,500,55.283,47.170,475,44.811
387,387,12.900,625.291,495.480,58.990,46.743,337,1,586,500,55.283,47.170,475,44.811
388,388,12.933,625.301,495.494,58.991,46.745,340,1,586,500,55.283,47.170,475,44.811
389,389,12.967,625.200,495.501,58.981,46.745,341,1,586,500,55.283,47.170,475,44.811
390,390,13.000,625.199,495.556,58.981,46.751,341,1,586,500,55.283,47.170,475,44.811
391,391,13.033,625.425,495.561,59.002,46.751,350,1,586,500,55.283,47.170,475,44.811
392,392,13.067,625.519,495.421,59.011,46.738,342,1,586,500,55.283,47.170,475,44.811
393,393,13.100,625.899,495.280,59.047,46.725,338,1,586,500,55.283,47.170,475,44.811
394,394,13.133,626.204,495.196,59.076,46.717,354,1,586,500,55.283,47.170,475,44.811
395,395,13.167,626.229,495.192,59.078,46.716,354,1,586,500,55.283,47.170,475,44.811
396,396,13.200,626.346,495.175,59.089,46.715,351,1,586,500,55.283,47.170,475,44.811
397,397,13.233,626.496,495.168,59.103,46.714,371,1,586,500,55.283,47.170,475,44.811
398,398,13.267,626.763,495.077,59.129,46.705,371,1,586,500,55.283,47.170,475,44.811
399,399,13.300,626.762,495.078,59.128,46.706,371,1,586,500,55.283,47.170,475,44.811
400,400,13.333,626.914,495.098,59.143,46.707,375,1,586,500,55.283,47.170,475,44.811
401,401,13.367,627.182,494.955,59.168,46.694,374,1,586,500,55.283,47.170,475,44.811
402,402,13.400,627.087,494.997,59.159,46.698,372,1,586,500,55.283,47.170,475,44.811
403,403,13.433,627.446,494.869,59.193,46.686,386,1,586,500,55.283,47.170,475,44.811
404,404,13.467,627.544,494.831,59.202,46.682,385,1,586,500,55.283,47.170,475,44.811
405,405,13.500,627.739,494.753,59.221,46.675,385,1,586,500,55.283,47.170,475,44.811
406,406,13.533,627.798,494.716,59.226,46.671,393,1,586,500,55.283,47.170,475,44.811
407,407,13.567,627.906,494.635,59.236,46.664,388,1,586,500,55.283,47.170,475,44.811
408,408,13.600,628.295,494.393,59.273,46.641,379,1,586,500,55.283,47.170,475,44.811
409,409,13.633,628.575,494.331,59.299,46.635,394,1,586,500,55.283,47.170,475,44.811
410,410,13.667,628.615,494.323,59.303,46.634,397,1,586,500,55.283,47.170,475,44.811
411,411,13.700,628.768,494.223,59.318,46.625,392,1,586,500,55.283,47.170,475,44.811
412,412,13.733,629.008,494.050,59.340,46.608,402,1,586,500,55.283,47.170,475,44.811
413,413,13.767,629.254,493.914,59.364,46.596,391,1,586,500,55.283,47.170,475,44.811
414,414,13.800,629.498,493.711,59.387,46.576,381,1,586,500,55.283,47.170,475,44.811
415,415,13.833,629.524,493.563,59.389,46.563,399,1,586,500,55.283,47.170,475,44.811
416,416,13.867,630.102,493.311,59.444,46.539,384,1,586,500,55.283,47.170,475,44.811
417,417,13.900,630.459,493.074,59.477,46.516,369,1,586,500,55.283,47.170,475,44.811
418,418,13.933,630.743,492.953,59.504,46.505,380,1,586,500,55.283,47.170,475,44.811
419,419,13.967,630.979,492.862,59.526,46.496,374,1,586,500,55.283,47.170,475,44.811
420,420,14.000,631.297,492.720,59.556,46.483,360,1,586,500,55.283,47.170,475,44.811
421,421,14.033,631.928,492.497,59.616,46.462,378,1,586,500,55.283,47.170,475,44.811
422,422,14.067,631.983,492.535,59.621,46.466,370,1,586,500,55.283,47.170,475,44.811
423,423,14.100,631.813,492.692,59.605,46.480,359,1,586,500,55.283,47.170,475,44.811
424,424,14.133,631.767,492.626,59.601,46.474,368,1,586,500,55.283,47.170,475,44.811
425,425,14.167,631.834,492.670,59.607,46.478,374,1,586,500,55.283,47.170,475,44.811
426,426,14.200,631.807,492.586,59.604,46.470,364,1,586,500,55.283,47.170,475,44.811
427,427,14.233,631.574,492.655,59.582,46.477,368,1,586,500,55.283,47.170,475,44.811
428,428,14.267,631.595,492.740,59.584,46.485,365,1,586,500,55.283,47.170,475,44.811
429,429,14.300,631.574,492.711,59.582,46.482,348,1,586,500,55.283,47.170,475,44.811
430,430,14.333,631.848,492.558,59.608,46.468,355,1,586,500,55.283,47.170,475,44.811
431,431,14.367,631.825,492.523,59.606,46.464,357,1,586,500,55.283,47.170,475,44.811
432,432,14.400,632.408,492.319,59.661,46.445,357,1,586,500,55.283,47.170,475,44.811
433,433,14.433,632.440,492.233,59.664,46.437,361,1,586,500,55.283,47.170,475,44.811
434,434,14.467,632.568,492.139,59.676,46.428,366,1,586,500,55.283,47.170,475,44.811
435,435,14.500,632.729,492.057,59.691,46.420,361,1,586,500,55.283,47.170,475,44.811
436,436,14.533,633.111,491.779,59.727,46.394,373,1,586,500,55.283,47.170,475,44.811
437,437,14.567,633.372,491.599,59.752,46.377,380,1,586,500,55.283,47.170,475,44.811
438,438,14.600,633.574,491.440,59.771,46.362,374,1,586,500,55.283,47.170,475,44.811
439,439,14.633,633.561,491.338,59.770,46.353,386,1,586,500,55.283,47.170,475,44.811
440,440,14.667,633.690,491.167,59.782,46.337,394,1,586,500,55.283,47.170,475,44.811
441,441,14.700,633.755,491.229,59.788,46.342,380,1,586,500,55.283,47.170,475,44.811
442,442,14.733,633.753,491.106,59.788,46.331,389,1,586,500,55.283,47.170,475,44.811
443,443,14.767,633.836,491.005,59.796,46.321,391,1,586,500,55.283,47.170,475,44.811
444,444,14.800,634.158,490.837,59.826,46.305,385,1,586,500,55.283,47.170,475,44.811
445,445,14.833,634.168,490.823,59.827,46.304,389,1,586,500,55.283,47.170,475,44.811
446,446,14.867,634.069,490.884,59.818,46.310,398,1,586,500,55.283,47.170,475,44.811
447,447,14.900,634.286,490.791,59.838,46.301,388,1,586,500,55.283,47.170,475,44.811
448,448,14.933,634.466,490.630,59.855,46.286,396,1,586,500,55.283,47.170,475,44.811
449,449,14.967,634.457,490.624,59.854,46.285,398,1,586,500,55.283,47.170,475,44.811
450,450,15.000,634.602,490.449,59.868,46.269,404,1,586,500,55.283,47.170,475,44.811
451,451,15.033,634.608,490.461,59.869,46.270,403,1,586,500,55.283,47.170,475,44.811
452,452,15.067,634.946,490.168,59.901,46.242,409,1,586,500,55.283,47.170,475,44.811
453,453,15.100,635.001,490.129,59.906,46.239,398,1,586,500,55.283,47.170,475,44.811
454,454,15.133,634.932,490.207,59.899,46.246,401,1,586,500,55.283,47.170,475,44.811
455,455,15.167,634.864,490.189,59.893,46.244,404,1,586,500,55.283,47.170,475,44.811
456,456,15.200,634.909,490.122,59.897,46.238,402,1,586,500,55.283,47.170,475,44.811
457,457,15.233,634.937,490.132,59.900,46.239,404,1,586,500,55.283,47.170,475,44.811
458,458,15.267,635.075,489.974,59.913,46.224,410,1,586,500,55.283,47.170,475,44.811
459,459,15.300,634.939,490.092,59.900,46.235,407,1,586,500,55.283,47.170,475,44.811
460,460,15.333,634.916,490.126,59.898,46.238,405,1,586,500,55.283,47.170,475,44.811
461,461,15.367,634.877,490.096,59.894,46.235,410,1,586,500,55.283,47.170,475,44.811
462,462,15.400,634.981,490.040,59.904,46.230,407,1,586,500,55.283,47.170,475,44.811
463,463,15.433,634.716,490.172,59.879,46.243,410,1,586,500,55.283,47.170,475,44.811
464,464,15.467,634.540,490.294,59.862,46.254,415,1,586,500,55.283,47.170,475,44.811
465,465,15.500,634.507,490.319,59.859,46.257,415,1,586,500,55.283,47.170,475,44.811
466,466,15.533,634.475,490.341,59.856,46.259,416,1,586,500,55.283,47.170,475,44.811
467,467,15.567,634.617,490.168,59.870,46.242,424,1,586,500,55.283,47.170,475,44.811
468,468,15.600,634.583,490.222,59.866,46.247,418,1,586,500,55.283,47.170,475,44.811
469,469,15.633,634.598,490.217,59.868,46.247,421,1,586,500,55.283,47.170,475,44.811
470,470,15.667,634.569,490.258,59.865,46.251,419,1,586,500,55.283,47.170,475,44.811
471,471,15.700,634.593,490.246,59.867,46.250,412,1,586,500,55.283,47.170,475,44.811
472,472,15.733,634.667,490.188,59.874,46.244,414,1,586,500,55.283,47.170,475,44.811
473,473,15.767,634.672,490.220,59.875,46.247,416,1,586,500,55.283,47.170,475,44.811
474,474,15.800,634.669,490.201,59.874,46.245,415,1,586,500,55.283,47.170,475,44.811
475,475,15.833,634.660,490.188,59.874,46.244,416,1,586,500,55.283,47.170,475,44.811
476,476,15.867,634.651,490.155,59.873,46.241,421,1,586,500,55.283,47.170,475,44.811
477,477,15.900,634.717,490.155,59.879,46.241,416,1,586,500,55.283,47.170,475,44.811
478,478,15.933,634.890,490.073,59.895,46.233,413,1,586,500,55.283,47.170,475,44.811
479,479,15.967,634.812,490.067,59.888,46.233,420,1,586,500,55.283,47.170,475,44.811
480,480,16.000,635.137,489.920,59.919,46.219,412,1,586,500,55.283,47.170,475,44.811
481,481,16.033,635.906,489.445,59.991,46.174,398,1,586,500,55.283,47.170,475,44.811
482,482,16.067,636.505,488.978,60.048,46.130,399,1,586,500,55.283,47.170,475,44.811
483,483,16.100,636.936,488.742,60.088,46.108,375,1,586,500,55.283,47.170,475,44.811
484,484,16.133,637.317,488.582,60.124,46.093,377,1,586,500,55.283,47.170,475,44.811
485,485,16.167,637.398,488.524,60.132,46.087,377,1,586,500,55.283,47.170,475,44.811
486,486,16.200,637.975,488.114,60.186,46.048,364,1,586,500,55.283,47.170,475,44.811
487,487,16.233,638.179,488.019,60.206,46.040,364,1,586,500,55.283,47.170,475,44.811
488,488,16.267,638.283,487.947,60.215,46.033,365,1,586,500,55.283,47.170,475,44.811
489,489,16.300,638.340,487.976,60.221,46.035,357,1,586,500,55.283,47.170,475,44.811
490,490,16.333,638.365,487.904,60.223,46.029,361,1,586,500,55.283,47.170,475,44.811
491,491,16.367,638.340,488.081,60.221,46.045,361,1,586,500,55.283,47.170,475,44.811
492,492,16.400,638.318,488.119,60.219,46.049,360,1,586,500,55.283,47.170,475,44.811
493,493,16.433,638.018,488.370,60.190,46.073,362,1,586,500,55.283,47.170,475,44.811
494,494,16.467,638.308,488.145,60.218,46.051,370,1,586,500,55.283,47.170,475,44.811
495,495,16.500,638.042,488.353,60.193,46.071,361,1,586,500,55.283,47.170,475,44.811
496,496,16.533,638.194,488.198,60.207,46.056,365,1,586,500,55.283,47.170,475,44.811
497,497,16.567,638.575,487.719,60.243,46.011,382,1,586,500,55.283,47.170,475,44.811
498,498,16.600,638.650,487.692,60.250,46.009,379,1,586,500,55.283,47.170,475,44.811
499,499,16.633,638.956,487.415,60.279,45.983,385,1,586,500,55.283,47.170,475,44.811
500,500,16.667,639.639,486.858,60.343,45.930,398,1,586,500,55.283,47.170,475,44.811
501,501,16.700,639.705,486.699,60.350,45.915,398,1,586,500,55.283,47.170,475,44.811
502,502,16.733,640.043,486.445,60.381,45.891,401,1,586,500,55.283,47.170,475,44.811
503,503,16.767,640.555,486.066,60.430,45.855,418,1,586,500,55.283,47.170,475,44.811
504,504,16.800,640.932,485.665,60.465,45.817,409,1,586,500,55.283,47.170,475,44.811
505,505,16.833,641.441,485.129,60.513,45.767,425,1,586,500,55.283,47.170,475,44.811
506,506,16.867,641.538,485.028,60.522,45.757,429,1,586,500,55.283,47.170,475,44.811
507,507,16.900,641.801,484.851,60.547,45.741,422,1,586,500,55.283,47.170,475,44.811
508,508,16.933,642.130,484.574,60.578,45.715,428,1,586,500,55.283,47.170,475,44.811
509,509,16.967,642.593,484.110,60.622,45.671,431,1,586,500,55.283,47.170,475,44.811
510,510,17.000,643.031,483.776,60.663,45.639,420,1,586,500,55.283,47.170,475,44.811
511,511,17.033,643.403,483.526,60.698,45.616,408,1,586,500,55.283,47.170,475,44.811
512,512,17.067,644.255,482.892,60.779,45.556,414,1,586,500,55.283,47.170,475,44.811
513,513,17.100,644.640,482.645,60.815,45.533,403,1,586,500,55.283,47.170,475,44.811
514,514,17.133,645.116,482.222,60.860,45.493,384,1,586,500,55.283,47.170,475,44.811
515,515,17.167,645.597,481.820,60.905,45.455,385,1,586,500,55.283,47.170,475,44.811
516,516,17.200,645.852,481.592,60.929,45.433,373,1,586,500,55.283,47.170,475,44.811
517,517,17.233,646.228,481.354,60.965,45.411,373,1,586,500,55.283,47.170,475,44.811
518,518,17.267,646.255,481.315,60.967,45.407,386,1,586,500,55.283,47.170,475,44.811
519,519,17.300,646.495,481.166,60.990,45.393,374,1,586,500,55.283,47.170,475,44.811
520,520,17.333,646.205,481.515,60.963,45.426,367,1,586,500,55.283,47.170,475,44.811
521,521,17.367,646.015,481.649,60.945,45.439,379,1,586,500,55.283,47.170,475,44.811
522,522,17.400,645.882,481.745,60.932,45.448,371,1,586,500,55.283,47.170,475,44.811
523,523,17.433,645.862,481.845,60.930,45.457,370,1,586,500,55.283,47.170,475,44.811
524,524,17.467,646.239,481.553,60.966,45.430,368,1,586,500,55.283,47.170,475,44.811
525,525,17.500,646.186,481.568,60.961,45.431,366,1,586,500,55.283,47.170,475,44.811
526,526,17.533,646.395,481.387,60.981,45.414,360,1,586,500,55.283,47.170,475,44.811
527,527,17.567,646.428,481.108,60.984,45.388,377,1,586,500,55.283,47.170,475,44.811
528,528,17.600,646.581,481.054,60.998,45.382,371,1,586,500,55.283,47.170,475,44.811
529,529,17.633,646.464,481.236,60.987,45.400,367,1,586,500,55.283,47.170,475,44.811
530,530,17.667,646.457,481.193,60.987,45.396,386,1,586,500,55.283,47.170,475,44.811
531,531,17.700,646.629,481.116,61.003,45.388,380,1,586,500,55.283,47.170,475,44.811
532,532,17.733,646.766,480.947,61.016,45.372,381,1,586,500,55.283,47.170,475,44.811
533,533,17.767,646.938,480.776,61.032,45.356,394,1,586,500,55.283,47.170,475,44.811
534,534,17.800,647.030,480.765,61.041,45.355,391,1,586,500,55.283,47.170,475,44.811
535,535,17.833,646.978,480.840,61.036,45.362,389,1,586,500,55.283,47.170,475,44.811
536,536,17.867,647.017,480.758,61.039,45.355,397,1,586,500,55.283,47.170,475,44.811
537,537,17.900,647.086,480.727,61.046,45.352,395,1,586,500,55.283,47.170,475,44.811
538,538,17.933,647.086,480.722,61.046,45.351,395,1,586,500,55.283,47.170,475,44.811
539,539,17.967,647.145,480.571,61.051,45.337,403,1,586,500,55.283,47.170,475,44.811
540,540,18.000,647.324,480.430,61.068,45.324,402,1,586,500,55.283,47.170,475,44.811
541,541,18.033,647.332,480.689,61.069,45.348,391,1,586,500,55.283,47.170,475,44.811
542,542,18.067,647.525,480.332,61.087,45.314,413,1,586,500,55.283,47.170,475,44.811
543,543,18.100,647.501,480.274,61.085,45.309,410,1,586,500,55.283,47.170,475,44.811
544,544,18.133,647.682,480.011,61.102,45.284,408,1,586,500,55.283,47.170,475,44.811
545,545,18.167,647.848,479.712,61.118,45.256,415,1,586,500,55.283,47.170,475,44.811
546,546,18.200,647.830,479.734,61.116,45.258,415,1,586,500,55.283,47.170,475,44.811
547,547,18.233,647.928,479.597,61.125,45.245,396,1,586,500,55.283,47.170,475,44.811
548,548,18.267,648.121,479.293,61.143,45.216,410,1,586,500,55.283,47.170,475,44.811
549,549,18.300,648.258,479.072,61.156,45.195,405,1,586,500,55.283,47.170,475,44.811
550,550,18.333,648.755,478.387,61.203,45.131,409,1,586,500,55.283,47.170,475,44.811
551,551,18.367,649.183,477.832,61.244,45.079,415,1,586,500,55.283,47.170,475,44.811
552,552,18.400,649.609,477.341,61.284,45.032,411,1,586,500,55.283,47.170,475,44.811
553,553,18.433,650.448,476.590,61.363,44.961,407,1,586,500,55.283,47.170,475,44.811
554,554,18.467,650.925,475.874,61.408,44.894,403,1,586,500,55.283,47.170,475,44.811
555,555,18.500,651.296,475.456,61.443,44.854,388,1,586,500,55.283,47.170,475,44.811
556,556,18.533,651.630,474.886,61.475,44.801,364,1,586,500,55.283,47.170,475,44.811
557,557,18.567,651.874,474.694,61.498,44.782,364,1,586,500,55.283,47.170,475,44.811
558,558,18.600,652.215,474.462,61.530,44.761,364,1,586,500,55.283,47.170,475,44.811
559,559,18.633,652.399,474.550,61.547,44.769,349,1,586,500,55.283,47.170,475,44.811
560,560,18.667,652.391,474.853,61.546,44.797,363,1,586,500,55.283,47.170,475,44.811
561,561,18.700,652.371,474.998,61.544,44.811,360,1,586,500,55.283,47.170,475,44.811
562,562,18.733,652.305,475.194,61.538,44.830,351,1,586,500,55.283,47.170,475,44.811
563,563,18.767,652.258,475.281,61.534,44.838,356,1,586,500,55.283,47.170,475,44.811
564,564,18.800,652.353,475.130,61.543,44.824,360,1,586,500,55.283,47.170,475,44.811
565,565,18.833,652.272,475.288,61.535,44.838,351,1,586,500,55.283,47.170,475,44.811
566,566,18.867,652.338,475.144,61.541,44.825,367,1,586,500,55.283,47.170,475,44.811
567,567,18.900,652.622,474.633,61.568,44.777,373,1,586,500,55.283,47.170,475,44.811
568,568,18.933,652.825,474.421,61.587,44.757,372,1,586,500,55.283,47.170,475,44.811
569,569,18.967,653.087,473.895,61.612,44.707,382,1,586,500,55.283,47.170,475,44.811
570,570,19.000,653.479,473.356,61.649,44.656,399,1,586,500,55.283,47.170,475,44.811
571,571,19.033,653.668,473.057,61.667,44.628,398,1,586,500,55.283,47.170,475,44.811
572,572,19.067,653.794,472.841,61.679,44.608,413,1,586,500,55.283,47.170,475,44.811
573,573,19.100,654.059,472.248,61.704,44.552,416,1,586,500,55.283,47.170,475,44.811
574,574,19.133,654.449,471.611,61.740,44.492,413,1,586,500,55.283,47.170,475,44.811
575,575,19.167,654.652,471.262,61.760,44.459,418,1,586,500,55.283,47.170,475,44.811
576,576,19.200,655.290,470.043,61.820,44.344,428,1,586,500,55.283,47.170,475,44.811
577,577,19.233,655.750,469.414,61.863,44.284,412,1,586,500,55.283,47.170,475,44.811
578,578,19.267,656.116,468.864,61.898,44.232,412,1,586,500,55.283,47.170,475,44.811
579,579,19.300,656.578,468.124,61.941,44.163,411,1,586,500,55.283,47.170,475,44.811
580,580,19.333,657.109,467.425,61.991,44.097,386,1,586,500,55.283,47.170,475,44.811
581,581,19.367,657.548,466.728,62.033,44.031,387,1,586,500,55.283,47.170,475,44.811
582,582,19.400,657.808,466.292,62.057,43.990,385,1,586,500,55.283,47.170,475,44.811
583,583,19.433,658.012,465.993,62.077,43.962,366,1,586,500,55.283,47.170,475,44.811
584,584,19.467,658.203,465.723,62.095,43.936,370,1,586,500,55.283,47.170,475,44.811
585,585,19.500,658.212,465.810,62.095,43.944,369,1,586,500,55.283,47.170,475,44.811
586,586,19.533,658.320,465.763,62.106,43.940,358,1,586,500,55.283,47.170,475,44.811
587,587,19.567,658.190,465.947,62.093,43.957,364,1,586,500,55.283,47.170,475,44.811
588,588,19.600,658.135,465.894,62.088,43.952,369,1,586,500,55.283,47.170,475,44.811
589,589,19.633,658.122,465.998,62.087,43.962,361,1,586,500,55.283,47.170,475,44.811
590,590,19.667,658.050,466.131,62.080,43.975,359,1,586,500,55.283,47.170,475,44.811
591,591,19.700,658.057,466.028,62.081,43.965,366,1,586,500,55.283,47.170,475,44.811
592,592,19.733,658.126,466.099,62.087,43.972,356,1,586,500,55.283,47.170,475,44.811
593,593,19.767,658.270,465.809,62.101,43.944,362,1,586,500,55.283,47.170,475,44.811
594,594,19.800,658.323,465.443,62.106,43.910,382,1,586,500,55.283,47.170,475,44.811
595,595,19.833,658.486,465.324,62.121,43.898,370,1,586,500,55.283,47.170,475,44.811
596,596,19.867,658.425,465.204,62.116,43.887,382,1,586,500,55.283,47.170,475,44.811
597,597,19.900,658.581,464.843,62.130,43.853,397,1,586,500,55.283,47.170,475,44.811
598,598,19.933,658.865,464.386,62.157,43.810,390,1,586,500,55.283,47.170,475,44.811
599,599,19.967,658.909,464.207,62.161,43.793,400,1,586,500,55.283,47.170,475,44.811
600,600,20.000,659.140,463.726,62.183,43.748,414,1,586,500,55.283,47.170,475,44.811
601,601,20.033,659.499,463.204,62.217,43.699,408,1,586,500,55.283,47.170,475,44.811
602,602,20.067,659.524,463.029,62.219,43.682,416,1,586,500,55.283,47.170,475,44.811
603,603,20.100,659.654,462.794,62.231,43.660,428,1,586,500,55.283,47.170,475,44.811
604,604,20.133,659.741,462.712,62.240,43.652,421,1,586,500,55.283,47.170,475,44.811
605,605,20.167,659.742,462.679,62.240,43.649,425,1,586,500,55.283,47.170,475,44.811
606,606,20.200,659.919,462.362,62.257,43.619,429,1,586,500,55.283,47.170,475,44.811
607,607,20.233,659.954,462.272,62.260,43.611,429,1,586,500,55.283,47.170,475,44.811
608,608,20.267,660.012,462.163,62.265,43.600,430,1,586,500,55.283,47.170,475,44.811
609,609,20.300,660.445,461.211,62.306,43.510,439,1,586,500,55.283,47.170,475,44.811
610,610,20.333,660.693,460.713,62.330,43.463,421,1,586,500,55.283,47.170,475,44.811
611,611,20.367,660.729,460.608,62.333,43.454,424,1,586,500,55.283,47.170,475,44.811
612,612,20.400,660.767,460.516,62.336,43.445,425,1,586,500,55.283,47.170,475,44.811
613,613,20.433,660.932,460.199,62.352,43.415,417,1,586,500,55.283,47.170,475,44.811
614,614,20.467,661.058,460.126,62.364,43.408,415,1,586,500,55.283,47.170,475,44.811
615,615,20.500,661.383,459.377,62.395,43.337,414,1,586,500,55.283,47.170,475,44.811
616,616,20.533,661.705,458.738,62.425,43.277,396,1,586,500,55.283,47.170,475,44.811
617,617,20.567,661.815,458.592,62.435,43.263,387,1,586,500,55.283,47.170,475,44.811
618,618,20.600,662.204,457.779,62.472,43.187,399,1,586,500,55.283,47.170,475,44.811
619,619,20.633,662.457,457.403,62.496,43.151,384,1,586,500,55.283,47.170,475,44.811
620,620,20.667,662.585,457.149,62.508,43.127,371,1,586,500,55.283,47.170,475,44.811
621,621,20.700,662.543,457.352,62.504,43.146,382,1,586,500,55.283,47.170,475,44.811
622,622,20.733,662.599,457.331,62.509,43.144,366,1,586,500,55.283,47.170,475,44.811
623,623,20.767,662.591,457.302,62.509,43.142,367,1,586,500,55.283,47.170,475,44.811
624,624,20.800,662.445,457.451,62.495,43.156,378,1,586,500,55.283,47.170,475,44.811
625,625,20.833,662.312,457.657,62.482,43.175,369,1,586,500,55.283,47.170,475,44.811
626,626,20.867,662.347,457.697,62.486,43.179,366,1,586,500,55.283,47.170,475,44.811
627,627,20.900,662.484,457.277,62.499,43.139,386,1,586,500,55.283,47.170,475,44.811
628,628,20.933,662.676,457.058,62.517,43.119,376,1,586,500,55.283,47.170,475,44.811
629,629,20.967,662.939,456.465,62.541,43.063,385,1,586,500,55.283,47.170,475,44.811
630,630,21.000,663.388,455.490,62.584,42.971,404,1,586,500,55.283,47.170,475,44.811
631,631,21.033,663.530,455.207,62.597,42.944,402,1,586,500,55.283,47.170,475,44.811
632,632,21.067,663.762,454.557,62.619,42.883,405,1,586,500,55.283,47.170,475,44.811
633,633,21.100,664.333,453.643,62.673,42.797,421,1,586,500,55.283,47.170,475,44.811
634,634,21.133,664.536,453.190,62.692,42.754,412,1,586,500,55.283,47.170,475,44.811
635,635,21.167,664.915,452.375,62.728,42.677,416,1,586,500,55.283,47.170,475,44.811
636,636,21.200,665.240,451.741,62.758,42.617,430,1,586,500,55.283,47.170,475,44.811
637,637,21.233,665.533,451.180,62.786,42.564,426,1,586,500,55.283,47.170,475,44.811
638,638,21.267,665.738,450.661,62.805,42.515,415,1,586,500,55.283,47.170,475,44.811
639,639,21.300,666.162,449.705,62.845,42.425,424,1,586,500,55.283,47.170,475,44.811
640,640,21.333,666.556,448.940,62.883,42.353,401,1,586,500,55.283,47.170,475,44.811
641,641,21.367,666.783,448.446,62.904,42.306,385,1,586,500,55.283,47.170,475,44.811
642,642,21.400,667.043,447.926,62.929,42.257,387,1,586,500,55.283,47.170,475,44.811
643,643,21.433,667.176,447.415,62.941,42.209,377,1,586,500,55.283,47.170,475,44.811
644,644,21.467,667.219,447.350,62.945,42.203,369,1,586,500,55.283,47.170,475,44.811
645,645,21.500,667.238,447.312,62.947,42.199,372,1,586,500,55.283,47.170,475,44.811
646,646,21.533,667.308,447.147,62.954,42.184,370,1,586,500,55.283,47.170,475,44.811
647,647,21.567,667.284,447.503,62.951,42.217,364,1,586,500,55.283,47.170,475,44.811
648,648,21.600,667.220,447.608,62.945,42.227,374,1,586,500,55.283,47.170,475,44.811
649,649,21.633,667.235,447.416,62.947,42.209,371,1,586,500,55.283,47.170,475,44.811
650,650,21.667,667.255,447.334,62.949,42.201,369,1,586,500,55.283,47.170,475,44.811
651,651,21.700,667.470,446.934,62.969,42.164,379,1,586,500,55.283,47.170,475,44.811
652,652,21.733,667.569,446.846,62.978,42.155,381,1,586,500,55.283,47.170,475,44.811
653,653,21.767,667.637,446.784,62.985,42.149,383,1,586,500,55.283,47.170,475,44.811
654,654,21.800,667.732,446.437,62.994,42.117,395,1,586,500,55.283,47.170,475,44.811
655,655,21.833,667.747,446.409,62.995,42.114,395,1,586,500,55.283,47.170,475,44.811
656,656,21.867,667.715,446.473,62.992,42.120,384,1,586,500,55.283,47.170,475,44.811
657,657,21.900,667.853,446.084,63.005,42.083,398,1,586,500,55.283,47.170,475,44.811
658,658,21.933,667.952,445.966,63.014,42.072,400,1,586,500,55.283,47.170,475,44.811
659,659,21.967,668.113,445.583,63.030,42.036,400,1,586,500,55.283,47.170,475,44.811
660,660,22.000,668.237,445.210,63.041,42.001,413,1,586,500,55.283,47.170,475,44.811
661,661,22.033,668.372,444.789,63.054,41.961,410,1,586,500,55.283,47.170,475,44.811
662,662,22.067,668.450,444.792,63.061,41.962,404,1,586,500,55.283,47.170,475,44.811
663,663,22.100,668.718,444.380,63.087,41.923,421,1,586,500,55.283,47.170,475,44.811
664,664,22.133,668.682,444.355,63.083,41.920,421,1,586,500,55.283,47.170,475,44.811
665,665,22.167,668.594,444.427,63.075,41.927,417,1,586,500,55.283,47.170,475,44.811
666,666,22.200,668.836,444.122,63.098,41.898,430,1,586,500,55.283,47.170,475,44.811
667,667,22.233,668.856,444.116,63.100,41.898,430,1,586,500,55.283,47.170,475,44.811
668,668,22.267,669.060,443.825,63.119,41.870,427,1,586,500,55.283,47.170,475,44.811
669,669,22.300,669.293,443.618,63.141,41.851,429,1,586,500,55.283,47.170,475,44.811
670,670,22.333,669.748,443.053,63.184,41.797,430,1,586,500,55.283,47.170,475,44.811
671,671,22.367,670.077,442.580,63.215,41.753,417,1,586,500,55.283,47.170,475,44.811
672,672,22.400,670.368,442.402,63.242,41.736,426,1,586,500,55.283,47.170,475,44.811
673,673,22.433,671.039,441.510,63.306,41.652,426,1,586,500,55.283,47.170,475,44.811
674,674,22.467,671.386,440.862,63.338,41.591,411,1,586,500,55.283,47.170,475,44.811
675,675,22.500,671.757,440.248,63.373,41.533,411,1,586,500,55.283,47.170,475,44.811
676,676,22.533,672.014,439.763,63.398,41.487,398,1,586,500,55.283,47.170,475,44.811
677,677,22.567,671.951,439.517,63.392,41.464,373,1,586,500,55.283,47.170,475,44.811
678,678,22.600,671.983,439.452,63.395,41.458,380,1,586,500,55.283,47.170,475,44.811
679,679,22.633,672.033,439.274,63.399,41.441,375,1,586,500,55.283,47.170,475,44.811
680,680,22.667,672.140,438.970,63.409,41.412,376,1,586,500,55.283,47.170,475,44.811
681,681,22.700,671.911,438.975,63.388,41.413,380,1,586,500,55.283,47.170,475,44.811
682,682,22.733,671.807,438.979,63.378,41.413,376,1,586,500,55.283,47.170,475,44.811
683,683,22.767,671.588,439.233,63.357,41.437,364,1,586,500,55.283,47.170,475,44.811
684,684,22.800,671.598,439.081,63.358,41.423,376,1,586,500,55.283,47.170,475,44.811
685,685,22.833,671.563,439.110,63.355,41.426,378,1,586,500,55.283,47.170,475,44.811
686,686,22.867,671.686,438.965,63.367,41.412,371,1,586,500,55.283,47.170,475,44.811
687,687,22.900,671.730,439.054,63.371,41.420,385,1,586,500,55.283,47.170,475,44.811
688,688,22.933,671.920,438.796,63.389,41.396,391,1,586,500,55.283,47.170,475,44.811
689,689,22.967,672.202,438.459,63.415,41.364,384,1,586,500,55.283,47.170,475,44.811
690,690,23.000,672.502,438.250,63.444,41.344,397,1,586,500,55.283,47.170,475,44.811
691,691,23.033,672.800,437.907,63.472,41.312,405,1,586,500,55.283,47.170,475,44.811
692,692,23.067,672.926,437.661,63.484,41.289,402,1,586,500,55.283,47.170,475,44.811
693,693,23.100,673.100,437.503,63.500,41.274,405,1,586,500,55.283,47.170,475,44.811
694,694,23.133,673.405,437.019,63.529,41.228,419,1,586,500,55.283,47.170,475,44.811
695,695,23.167,673.534,436.874,63.541,41.214,419,1,586,500,55.283,47.170,475,44.811
696,696,23.200,673.886,436.486,63.574,41.178,431,1,586,500,55.283,47.170,475,44.811
697,697,23.233,674.431,435.856,63.626,41.119,431,1,586,500,55.283,47.170,475,44.811
698,698,23.267,674.965,435.374,63.676,41.073,421,1,586,500,55.283,47.170,475,44.811
699,699,23.300,675.214,435.163,63.699,41.053,432,1,586,500,55.283,47.170,475,44.811
700,700,23.333,675.763,434.689,63.751,41.008,422,1,586,500,55.283,47.170,475,44.811
701,701,23.367,676.138,434.219,63.787,40.964,408,1,586,500,55.283,47.170,475,44.811
702,702,23.400,676.610,433.831,63.831,40.927,410,1,586,500,55.283,47.170,475,44.811
703,703,23.433,677.215,432.998,63.888,40.849,405,1,586,500,55.283,47.170,475,44.811
704,704,23.467,677.735,432.370,63.937,40.790,401,1,586,500,55.283,47.170,475,44.811
705,705,23.500,677.960,432.170,63.959,40.771,400,1,586,500,55.283,47.170,475,44.811
706,706,23.533,678.117,431.978,63.973,40.753,399,1,586,500,55.283,47.170,475,44.811
707,707,23.567,678.064,431.757,63.968,40.732,377,1,586,500,55.283,47.170,475,44.811
708,708,23.600,678.137,431.575,63.975,40.715,387,1,586,500,55.283,47.170,475,44.811
709,709,23.633,678.019,431.631,63.964,40.720,386,1,586,500,55.283,47.170,475,44.811
710,710,23.667,677.889,431.736,63.952,40.730,376,1,586,500,55.283,47.170,475,44.811
711,711,23.700,677.907,431.754,63.954,40.731,385,1,586,500,55.283,47.170,475,44.811
712,712,23.733,677.969,431.768,63.959,40.733,392,1,586,500,55.283,47.170,475,44.811
713,713,23.767,677.957,431.775,63.958,40.733,382,1,586,500,55.283,47.170,475,44.811
714,714,23.800,678.258,431.617,63.987,40.719,394,1,586,500,55.283,47.170,475,44.811
715,715,23.833,678.644,431.365,64.023,40.695,396,1,586,500,55.283,47.170,475,44.811
716,716,23.867,678.751,431.242,64.033,40.683,396,1,586,500,55.283,47.170,475,44.811
717,717,23.900,679.148,430.919,64.071,40.653,411,1,586,500,55.283,47.170,475,44.811
718,718,23.933,679.410,430.719,64.095,40.634,423,1,586,500,55.283,47.170,475,44.811
719,719,23.967,679.585,430.483,64.112,40.612,419,1,586,500,55.283,47.170,475,44.811
720,720,24.000,680.069,430.033,64.157,40.569,425,1,586,500,55.283,47.170,475,44.811
721,721,24.033,680.896,429.250,64.235,40.495,436,1,586,500,55.283,47.170,475,44.811
722,722,24.067,681.400,428.816,64.283,40.454,428,1,586,500,55.283,47.170,475,44.811
723,723,24.100,681.718,428.554,64.313,40.430,429,1,586,500,55.283,47.170,475,44.811
724,724,24.133,682.292,428.107,64.367,40.387,436,1,586,500,55.283,47.170,475,44.811
725,725,24.167,682.825,427.636,64.417,40.343,417,1,586,500,55.283,47.170,475,44.811
726,726,24.200,683.076,427.417,64.441,40.322,422,1,586,500,55.283,47.170,475,44.811
727,727,24.233,683.623,427.012,64.493,40.284,419,1,586,500,55.283,47.170,475,44.811
728,728,24.267,684.196,426.379,64.547,40.224,395,1,586,500,55.283,47.170,475,44.811
729,729,24.300,684.361,426.235,64.562,40.211,390,1,586,500,55.283,47.170,475,44.811
730,730,24.333,684.754,425.800,64.599,40.170,388,1,586,500,55.283,47.170,475,44.811
731,731,24.367,685.165,425.513,64.638,40.143,391,1,586,500,55.283,47.170,475,44.811
732,732,24.400,685.096,425.474,64.632,40.139,383,1,586,500,55.283,47.170,475,44.811
733,733,24.433,685.265,425.353,64.648,40.128,389,1,586,500,55.283,47.170,475,44.811
734,734,24.467,685.220,425.272,64.643,40.120,376,1,586,500,55.283,47.170,475,44.811
735,735,24.500,685.023,425.437,64.625,40.136,379,1,586,500,55.283,47.170,475,44.811
736,736,24.533,685.214,425.286,64.643,40.121,381,1,586,500,55.283,47.170,475,44.811
737,737,24.567,685.119,425.314,64.634,40.124,379,1,586,500,55.283,47.170,475,44.811
738,738,24.600,684.790,425.405,64.603,40.133,370,1,586,500,55.283,47.170,475,44.811
739,739,24.633,685.112,425.142,64.633,40.108,381,1,586,500,55.283,47.170,475,44.811
740,740,24.667,685.138,425.042,64.636,40.098,380,1,586,500,55.283,47.170,475,44.811
741,741,24.700,685.215,424.935,64.643,40.088,383,1,586,500,55.283,47.170,475,44.811
742,742,24.733,685.758,424.496,64.694,40.047,400,1,586,500,55.283,47.170,475,44.811
743,743,24.767,685.770,424.446,64.695,40.042,396,1,586,500,55.283,47.170,475,44.811
744,744,24.800,685.959,424.335,64.713,40.032,396,1,586,500,55.283,47.170,475,44.811
745,745,24.833,686.465,423.865,64.761,39.987,414,1,586,500,55.283,47.170,475,44.811
746,746,24.867,686.710,423.663,64.784,39.968,415,1,586,500,55.283,47.170,475,44.811
747,747,24.900,686.929,423.428,64.805,39.946,419,1,586,500,55.283,47.170,475,44.811
748,748,24.933,687.218,423.104,64.832,39.915,432,1,586,500,55.283,47.170,475,44.811
749,749,24.967,687.695,422.741,64.877,39.881,426,1,586,500,55.283,47.170,475,44.811
750,750,25.000,687.783,422.704,64.885,39.878,428,1,586,500,55.283,47.170,475,44.811
751,751,25.033,688.596,422.127,64.962,39.823,448,1,586,500,55.283,47.170,475,44.811
752,752,25.067,688.835,421.907,64.984,39.803,434,1,586,500,55.283,47.170,475,44.811
753,753,25.100,688.866,421.904,64.987,39.802,439,1,586,500,55.283,47.170,475,44.811
754,754,25.133,689.204,421.723,65.019,39.785,450,1,586,500,55.283,47.170,475,44.811
755,755,25.167,689.492,421.378,65.046,39.753,445,1,586,500,55.283,47.170,475,44.811
756,756,25.200,689.748,421.251,65.071,39.741,450,1,586,500,55.283,47.170,475,44.811
757,757,25.233,690.466,420.785,65.138,39.697,466,1,586,500,55.283,47.170,475,44.811
758,758,25.267,690.882,420.368,65.178,39.657,462,1,586,500,55.283,47.170,475,44.811
759,759,25.300,691.098,420.287,65.198,39.650,461,1,586,500,55.283,47.170,475,44.811
760,760,25.333,691.390,420.100,65.226,39.632,470,1,586,500,55.283,47.170,475,44.811
761,761,25.367,691.831,419.646,65.267,39.589,455,1,586,500,55.283,47.170,475,44.811
762,762,25.400,692.088,419.503,65.291,39.576,440,1,586,500,55.283,47.170,475,44.811
763,763,25.433,692.216,419.357,65.303,39.562,440,1,586,500,55.283,47.170,475,44.811
764,764,25.467,692.419,419.167,65.323,39.544,435,1,586,500,55.283,47.170,475,44.811
765,765,25.500,692.754,418.926,65.354,39.521,426,1,586,500,55.283,47.170,475,44.811
766,766,25.533,692.963,418.829,65.374,39.512,432,1,586,500,55.283,47.170,475,44.811
767,767,25.567,693.031,418.763,65.380,39.506,421,1,586,500,55.283,47.170,475,44.811
768,768,25.600,692.990,418.869,65.376,39.516,404,1,586,500,55.283,47.170,475,44.811
769,769,25.633,693.277,418.697,65.404,39.500,408,1,586,500,55.283,47.170,475,44.811
770,770,25.667,692.985,418.947,65.376,39.523,391,1,586,500,55.283,47.170,475,44.811
771,771,25.700,692.929,418.964,65.371,39.525,389,1,586,500,55.283,47.170,475,44.811
772,772,25.733,692.701,419.155,65.349,39.543,401,1,586,500,55.283,47.170,475,44.811
773,773,25.767,692.652,419.127,65.345,39.540,395,1,586,500,55.283,47.170,475,44.811
774,774,25.800,692.684,419.135,65.348,39.541,382,1,586,500,55.283,47.170,475,44.811
775,775,25.833,692.523,419.241,65.332,39.551,394,1,586,500,55.283,47.170,475,44.811
776,776,25.867,692.858,418.945,65.364,39.523,393,1,586,500,55.283,47.170,475,44.811
777,777,25.900,692.929,418.941,65.371,39.523,392,1,586,500,55.283,47.170,475,44.811
778,778,25.933,693.293,418.714,65.405,39.501,410,1,586,500,55.283,47.170,475,44.811
779,779,25.967,693.639,418.263,65.438,39.459,413,1,586,500,55.283,47.170,475,44.811
780,780,26.000,693.683,418.213,65.442,39.454,415,1,586,500,55.283,47.170,475,44.811
781,781,26.033,694.129,417.812,65.484,39.416,436,1,586,500,55.283,47.170,475,44.811
782,782,26.067,694.389,417.507,65.508,39.387,428,1,586,500,55.283,47.170,475,44.811
783,783,26.100,694.363,417.540,65.506,39.391,427,1,586,500,55.283,47.170,475,44.811
784,784,26.133,694.724,417.330,65.540,39.371,442,1,586,500,55.283,47.170,475,44.811
785,785,26.167,694.856,417.240,65.552,39.362,439,1,586,500,55.283,47.170,475,44.811
786,786,26.200,694.774,417.257,65.545,39.364,436,1,586,500,55.283,47.170,475,44.811
787,787,26.233,695.059,417.007,65.572,39.340,444,1,586,500,55.283,47.170,475,44.811
788,788,26.267,695.060,417.006,65.572,39.340,444,1,586,500,55.283,47.170,475,44.811
789,789,26.300,695.180,416.908,65.583,39.331,443,1,586,500,55.283,47.170,475,44.811
790,790,26.333,695.234,416.901,65.588,39.330,448,1,586,500,55.283,47.170,475,44.811
791,791,26.367,695.466,416.790,65.610,39.320,456,1,586,500,55.283,47.170,475,44.811
792,792,26.400,695.626,416.629,65.625,39.305,451,1,586,500,55.283,47.170,475,44.811
793,793,26.433,695.744,416.593,65.636,39.301,463,1,586,500,55.283,47.170,475,44.811
794,794,26.467,695.829,416.503,65.644,39.293,465,1,586,500,55.283,47.170,475,44.811
795,795,26.500,695.874,416.453,65.648,39.288,456,1,586,500,55.283,47.170,475,44.811
796,796,26.533,695.993,416.390,65.660,39.282,468,1,586,500,55.283,47.170,475,44.811
797,797,26.567,696.033,416.354,65.663,39.279,465,1,586,500,55.283,47.170,475,44.811
798,798,26.600,696.328,416.185,65.691,39.263,471,1,586,500,55.283,47.170,475,44.811
799,799,26.633,696.335,416.263,65.692,39.270,477,1,586,500,55.283,47.170,475,44.811
800,800,26.667,696.510,416.129,65.709,39.257,477,1,586,500,55.283,47.170,475,44.811
801,801,26.700,696.440,416.199,65.702,39.264,467,1,586,500,55.283,47.170,475,44.811
802,802,26.733,696.635,416.048,65.720,39.250,478,1,586,500,55.283,47.170,475,44.811
803,803,26.767,696.745,415.972,65.731,39.243,480,1,586,500,55.283,47.170,475,44.811
804,804,26.800,696.730,415.986,65.729,39.244,476,1,586,500,55.283,47.170,475,44.811
805,805,26.833,696.661,416.135,65.723,39.258,485,1,586,500,55.283,47.170,475,44.811
806,806,26.867,696.668,416.175,65.723,39.262,480,1,586,500,55.283,47.170,475,44.811
807,807,26.900,696.642,416.220,65.721,39.266,475,1,586,500,55.283,47.170,475,44.811
808,808,26.933,696.708,416.187,65.727,39.263,480,1,586,500,55.283,47.170,475,44.811
809,809,26.967,696.665,416.117,65.723,39.256,479,1,586,500,55.283,47.170,475,44.811
810,810,27.000,696.735,416.094,65.730,39.254,480,1,586,500,55.283,47.170,475,44.811
811,811,27.033,696.718,416.113,65.728,39.256,486,1,586,500,55.283,47.170,475,44.811
812,812,27.067,696.450,416.266,65.703,39.270,476,1,586,500,55.283,47.170,475,44.811
813,813,27.100,696.069,416.508,65.667,39.293,465,1,586,500,55.283,47.170,475,44.811
814,814,27.133,695.953,416.559,65.656,39.298,465,1,586,500,55.283,47.170,475,44.811
815,815,27.167,696.033,416.477,65.664,39.290,469,1,586,500,55.283,47.170,475,44.811
816,816,27.200,695.727,416.575,65.635,39.300,455,1,586,500,55.283,47.170,475,44.811
817,817,27.233,695.700,416.550,65.632,39.297,458,1,586,500,55.283,47.170,475,44.811
818,818,27.267,695.226,416.901,65.587,39.330,447,1,586,500,55.283,47.170,475,44.811
819,819,27.300,694.557,417.540,65.524,39.391,425,1,586,500,55.283,47.170,475,44.811
820,820,27.333,694.285,417.896,65.499,39.424,426,1,586,500,55.283,47.170,475,44.811
821,821,27.367,694.157,418.081,65.487,39.442,417,1,586,500,55.283,47.170,475,44.811
822,822,27.400,694.146,418.099,65.485,39.443,411,1,586,500,55.283,47.170,475,44.811
823,823,27.433,694.048,418.123,65.476,39.446,413,1,586,500,55.283,47.170,475,44.811
824,824,27.467,693.816,418.207,65.454,39.454,409,1,586,500,55.283,47.170,475,44.811
825,825,27.500,693.644,418.487,65.438,39.480,401,1,586,500,55.283,47.170,475,44.811
826,826,27.533,693.743,418.445,65.447,39.476,410,1,586,500,55.283,47.170,475,44.811
827,827,27.567,693.575,418.609,65.432,39.491,403,1,586,500,55.283,47.170,475,44.811
828,828,27.600,693.415,418.714,65.417,39.501,395,1,586,500,55.283,47.170,475,44.811
829,829,27.633,693.409,418.745,65.416,39.504,404,1,586,500,55.283,47.170,475,44.811
830,830,27.667,693.294,418.756,65.405,39.505,403,1,586,500,55.283,47.170,475,44.811
831,831,27.700,693.249,418.829,65.401,39.512,401,1,586,500,55.283,47.170,475,44.811
832,832,27.733,693.318,418.622,65.407,39.493,407,1,586,500,55.283,47.170,475,44.811
833,833,27.767,693.308,418.506,65.406,39.482,407,1,586,500,55.283,47.170,475,44.811
834,834,27.800,693.220,418.533,65.398,39.484,407,1,586,500,55.283,47.170,475,44.811
835,835,27.833,693.148,418.514,65.391,39.482,408,1,586,500,55.283,47.170,475,44.811
836,836,27.867,693.155,418.374,65.392,39.469,414,1,586,500,55.283,47.170,475,44.811
837,837,27.900,693.183,418.282,65.395,39.461,411,1,586,500,55.283,47.170,475,44.811
838,838,27.933,693.200,418.207,65.396,39.453,415,1,586,500,55.283,47.170,475,44.811
839,839,27.967,693.041,418.192,65.381,39.452,416,1,586,500,55.283,47.170,475,44.811
840,840,28.000,693.010,418.187,65.378,39.452,403,1,586,500,55.283,47.170,475,44.811
841,841,28.033,692.895,418.176,65.367,39.451,411,1,586,500,55.283,47.170,475,44.811
842,842,28.067,692.853,418.096,65.363,39.443,411,1,586,500,55.283,47.170,475,44.811
843,843,28.100,692.783,418.286,65.357,39.461,405,1,586,500,55.283,47.170,475,44.811
844,844,28.133,692.794,418.256,65.358,39.458,406,1,586,500,55.283,47.170,475,44.811
845,845,28.167,692.844,418.133,65.363,39.446,411,1,586,500,55.283,47.170,475,44.811
846,846,28.200,692.826,418.161,65.361,39.449,410,1,586,500,55.283,47.170,475,44.811
847,847,28.233,692.743,418.181,65.353,39.451,408,1,586,500,55.283,47.170,475,44.811
848,848,28.267,692.813,418.021,65.360,39.436,413,1,586,500,55.283,47.170,475,44.811
849,849,28.300,692.655,418.191,65.345,39.452,403,1,586,500,55.283,47.170,475,44.811
850,850,28.333,692.692,418.140,65.348,39.447,410,1,586,500,55.283,47.170,475,44.811
851,851,28.367,692.650,418.066,65.344,39.440,415,1,586,500,55.283,47.170,475,44.811
852,852,28.400,692.537,417.900,65.334,39.424,404,1,586,500,55.283,47.170,475,44.811
853,853,28.433,692.629,417.698,65.342,39.406,413,1,586,500,55.283,47.170,475,44.811
854,854,28.467,692.644,417.402,65.344,39.378,417,1,586,500,55.283,47.170,475,44.811
855,855,28.500,692.953,416.864,65.373,39.327,426,1,586,500,55.283,47.170,475,44.811
856,856,28.533,692.937,416.525,65.371,39.295,436,1,586,500,55.283,47.170,475,44.811
857,857,28.567,692.885,416.329,65.367,39.276,436,1,586,500,55.283,47.170,475,44.811
858,858,28.600,693.188,415.876,65.395,39.234,434,1,586,500,55.283,47.170,475,44.811
859,859,28.633,693.222,415.425,65.398,39.191,441,1,586,500,55.283,47.170,475,44.811
860,860,28.667,693.362,414.949,65.412,39.146,441,1,586,500,55.283,47.170,475,44.811
861,861,28.700,693.773,414.412,65.450,39.095,428,1,586,500,55.283,47.170,475,44.811
862,862,28.733,693.882,414.133,65.461,39.069,423,1,586,500,55.283,47.170,475,44.811
863,863,28.767,694.309,413.445,65.501,39.004,420,1,586,500,55.283,47.170,475,44.811
864,864,28.800,694.509,413.262,65.520,38.987,407,1,586,500,55.283,47.170,475,44.811
865,865,28.833,694.821,412.903,65.549,38.953,388,1,586,500,55.283,47.170,475,44.811
866,866,28.867,695.048,412.589,65.571,38.924,400,1,586,500,55.283,47.170,475,44.811
867,867,28.900,695.422,412.311,65.606,38.897,379,1,586,500,55.283,47.170,475,44.811
868,868,28.933,695.673,412.293,65.630,38.896,373,1,586,500,55.283,47.170,475,44.811
869,869,28.967,695.836,412.110,65.645,38.878,380,1,586,500,55.283,47.170,475,44.811
870,870,29.000,695.717,412.278,65.634,38.894,370,1,586,500,55.283,47.170,475,44.811
871,871,29.033,695.638,412.600,65.626,38.925,371,1,586,500,55.283,47.170,475,44.811
872,872,29.067,695.567,412.294,65.619,38.896,383,1,586,500,55.283,47.170,475,44.811
873,873,29.100,695.539,412.152,65.617,38.882,364,1,586,500,55.283,47.170,475,44.811
874,874,29.133,695.336,412.159,65.598,38.883,369,1,586,500,55.283,47.170,475,44.811
875,875,29.167,695.244,411.995,65.589,38.867,376,1,586,500,55.283,47.170,475,44.811
876,876,29.200,695.271,411.755,65.592,38.845,373,1,586,500,55.283,47.170,475,44.811
877,877,29.233,695.247,411.431,65.589,38.814,385,1,586,500,55.283,47.170,475,44.811
878,878,29.267,695.230,410.666,65.588,38.742,409,1,586,500,55.283,47.170,475,44.811
879,879,29.300,695.274,410.597,65.592,38.736,403,1,586,500,55.283,47.170,475,44.811
880,880,29.333,695.295,410.219,65.594,38.700,410,1,586,500,55.283,47.170,475,44.811
881,881,29.367,695.353,409.613,65.599,38.643,427,1,586,500,55.283,47.170,475,44.811
882,882,29.400,695.521,409.142,65.615,38.598,423,1,586,500,55.283,47.170,475,44.811
883,883,29.433,695.628,408.383,65.625,38.527,431,1,586,500,55.283,47.170,475,44.811
884,884,29.467,695.682,407.701,65.630,38.462,445,1,586,500,55.283,47.170,475,44.811
885,885,29.500,695.795,407.248,65.641,38.420,442,1,586,500,55.283,47.170,475,44.811
886,886,29.533,695.868,406.730,65.648,38.371,444,1,586,500,55.283,47.170,475,44.811
887,887,29.567,695.971,406.268,65.658,38.327,450,1,586,500,55.283,47.170,475,44.811
888,888,29.600,696.177,405.789,65.677,38.282,445,1,586,500,55.283,47.170,475,44.811
889,889,29.633,696.297,405.343,65.688,38.240,439,1,586,500,55.283,47.170,475,44.811
890,890,29.667,696.411,404.744,65.699,38.183,430,1,586,500,55.283,47.170,475,44.811
891,891,29.700,696.733,403.707,65.730,38.086,402,1,586,500,55.283,47.170,475,44.811
892,892,29.733,696.767,403.520,65.733,38.068,386,1,586,500,55.283,47.170,475,44.811
893,893,29.767,696.764,403.392,65.732,38.056,397,1,586,500,55.283,47.170,475,44.811
894,894,29.800,696.913,403.270,65.747,38.044,391,1,586,500,55.283,47.170,475,44.811
895,895,29.833,697.160,403.343,65.770,38.051,372,1,586,500,55.283,47.170,475,44.811
896,896,29.867,697.196,403.460,65.773,38.062,382,1,586,500,55.283,47.170,475,44.811
897,897,29.900,697.353,403.356,65.788,38.052,377,1,586,500,55.283,47.170,475,44.811
898,898,29.933,697.372,403.567,65.790,38.072,374,1,586,500,55.283,47.170,475,44.811
899,899,29.967,697.453,403.271,65.797,38.044,385,1,586,500,55.283,47.170,475,44.811
900,900,30.000,697.490,403.410,65.801,38.058,375,1,586,500,55.283,47.170,475,44.811
901,901,30.033,697.441,403.868,65.796,38.101,371,1,586,500,55.283,47.170,475,44.811
902,902,30.067,697.551,403.401,65.807,38.057,377,1,586,500,55.283,47.170,475,44.811
903,903,30.100,697.547,403.055,65.806,38.024,379,1,586,500,55.283,47.170,475,44.811
904,904,30.133,697.530,403.001,65.805,38.019,381,1,586,500,55.283,47.170,475,44.811
905,905,30.167,697.527,402.962,65.804,38.015,382,1,586,500,55.283,47.170,475,44.811
906,906,30.200,697.583,402.565,65.810,37.978,392,1,586,500,55.283,47.170,475,44.811
907,907,30.233,697.555,402.700,65.807,37.991,390,1,586,500,55.283,47.170,475,44.811
908,908,30.267,697.483,402.333,65.800,37.956,405,1,586,500,55.283,47.170,475,44.811
909,909,30.300,697.554,401.778,65.807,37.904,410,1,586,500,55.283,47.170,475,44.811
910,910,30.333,697.551,401.765,65.807,37.902,411,1,586,500,55.283,47.170,475,44.811
911,911,30.367,697.481,401.583,65.800,37.885,420,1,586,500,55.283,47.170,475,44.811
912,912,30.400,697.487,401.494,65.801,37.877,418,1,586,500,55.283,47.170,475,44.811
913,913,30.433,697.469,401.371,65.799,37.865,408,1,586,500,55.283,47.170,475,44.811
914,914,30.467,697.351,400.954,65.788,37.826,426,1,586,500,55.283,47.170,475,44.811
915,915,30.500,697.332,400.411,65.786,37.775,439,1,586,500,55.283,47.170,475,44.811
916,916,30.533,697.345,400.334,65.787,37.767,433,1,586,500,55.283,47.170,475,44.811
917,917,30.567,697.230,400.283,65.776,37.763,444,1,586,500,55.283,47.170,475,44.811
918,918,30.600,697.224,400.249,65.776,37.759,445,1,586,500,55.283,47.170,475,44.811
919,919,30.633,697.303,400.195,65.783,37.754,435,1,586,500,55.283,47.170,475,44.811
920,920,30.667,697.233,400.042,65.777,37.740,445,1,586,500,55.283,47.170,475,44.811
921,921,30.700,697.246,399.836,65.778,37.720,449,1,586,500,55.283,47.170,475,44.811
922,922,30.733,697.317,399.988,65.785,37.735,439,1,586,500,55.283,47.170,475,44.811
923,923,30.767,697.313,400.099,65.784,37.745,448,1,586,500,55.283,47.170,475,44.811
924,924,30.800,697.312,400.480,65.784,37.781,436,1,586,500,55.283,47.170,475,44.811
925,925,30.833,697.287,401.221,65.782,37.851,415,1,586,500,55.283,47.170,475,44.811
926,926,30.867,697.239,401.478,65.777,37.875,419,1,586,500,55.283,47.170,475,44.811
927,927,30.900,697.230,401.852,65.776,37.911,410,1,586,500,55.283,47.170,475,44.811
928,928,30.933,697.188,402.165,65.772,37.940,400,1,586,500,55.283,47.170,475,44.811
929,929,30.967,697.215,402.076,65.775,37.932,408,1,586,500,55.283,47.170,475,44.811
930,930,31.000,697.219,402.172,65.775,37.941,406,1,586,500,55.283,47.170,475,44.811
931,931,31.033,697.147,402.345,65.769,37.957,401,1,586,500,55.283,47.170,475,44.811
932,932,31.067,697.114,402.359,65.765,37.958,409,1,586,500,55.283,47.170,475,44.811
933,933,31.100,697.173,402.250,65.771,37.948,415,1,586,500,55.283,47.170,475,44.811
934,934,31.133,697.272,402.246,65.780,37.948,410,1,586,500,55.283,47.170,475,44.811
935,935,31.167,697.288,402.065,65.782,37.931,418,1,586,500,55.283,47.170,475,44.811
936,936,31.200,697.426,401.870,65.795,37.912,420,1,586,500,55.283,47.170,475,44.811
937,937,31.233,697.494,401.711,65.801,37.897,414,1,586,500,55.283,47.170,475,44.811
938,938,31.267,697.554,401.556,65.807,37.883,424,1,586,500,55.283,47.170,475,44.811
939,939,31.300,697.709,401.102,65.822,37.840,418,1,586,500,55.283,47.170,475,44.811
940,940,31.333,697.929,400.689,65.842,37.801,420,1,586,500,55.283,47.170,475,44.811
941,941,31.367,698.209,399.833,65.869,37.720,433,1,586,500,55.283,47.170,475,44.811
942,942,31.400,698.335,399.519,65.881,37.690,438,1,586,500,55.283,47.170,475,44.811
943,943,31.433,698.635,398.933,65.909,37.635,429,1,586,500,55.283,47.170,475,44.811
944,944,31.467,698.736,398.630,65.919,37.607,445,1,586,500,55.283,47.170,475,44.811
945,945,31.500,698.873,398.265,65.931,37.572,432,1,586,500,55.283,47.170,475,44.811
946,946,31.533,698.903,397.993,65.934,37.547,406,1,586,500,55.283,47.170,475,44.811
947,947,31.567,698.975,397.582,65.941,37.508,404,1,586,500,55.283,47.170,475,44.811
948,948,31.600,699.151,396.988,65.958,37.452,390,1,586,500,55.283,47.170,475,44.811
949,949,31.633,699.293,396.625,65.971,37.417,369,1,586,500,55.283,47.170,475,44.811
950,950,31.667,699.318,396.302,65.973,37.387,371,1,586,500,55.283,47.170,475,44.811
951,951,31.700,699.358,395.862,65.977,37.345,371,1,586,500,55.283,47.170,475,44.811
952,952,31.733,699.278,395.751,65.970,37.335,362,1,586,500,55.283,47.170,475,44.811
953,953,31.767,699.114,395.932,65.954,37.352,364,1,586,500,55.283,47.170,475,44.811
954,954,31.800,699.042,395.829,65.947,37.342,369,1,586,500,55.283,47.170,475,44.811
955,955,31.833,699.030,395.945,65.946,37.353,360,1,586,500,55.283,47.170,475,44.811
956,956,31.867,699.020,396.040,65.945,37.362,369,1,586,500,55.283,47.170,475,44.811
957,957,31.900,699.140,395.802,65.957,37.340,372,1,586,500,55.283,47.170,475,44.811
958,958,31.933,699.172,396.019,65.960,37.360,360,1,586,500,55.283,47.170,475,44.811
959,959,31.967,699.520,395.378,65.992,37.300,374,1,586,500,55.283,47.170,475,44.811
960,960,32.000,699.788,394.911,66.018,37.256,383,1,586,500,55.283,47.170,475,44.811
961,961,32.033,699.880,394.846,66.026,37.250,384,1,586,500,55.283,47.170,475,44.811
962,962,32.067,700.141,394.304,66.051,37.198,401,1,586,500,55.283,47.170,475,44.811
963,963,32.100,700.218,394.083,66.058,37.178,410,1,586,500,55.283,47.170,475,44.811
964,964,32.133,700.282,393.846,66.064,37.155,402,1,586,500,55.283,47.170,475,44.811
965,965,32.167,700.265,394.019,66.063,37.172,406,1,586,500,55.283,47.170,475,44.811
966,966,32.200,700.250,393.791,66.061,37.150,409,1,586,500,55.283,47.170,475,44.811
967,967,32.233,700.166,393.997,66.053,37.170,404,1,586,500,55.283,47.170,475,44.811
968,968,32.267,700.162,394.042,66.053,37.174,405,1,586,500,55.283,47.170,475,44.811
969,969,32.300,700.057,394.390,66.043,37.207,409,1,586,500,55.283,47.170,475,44.811
970,970,32.333,699.944,394.480,66.032,37.215,399,1,586,500,55.283,47.170,475,44.811
971,971,32.367,699.889,394.702,66.027,37.236,402,1,586,500,55.283,47.170,475,44.811
972,972,32.400,699.865,394.801,66.025,37.245,402,1,586,500,55.283,47.170,475,44.811
973,973,32.433,699.864,394.915,66.025,37.256,398,1,586,500,55.283,47.170,475,44.811
974,974,32.467,699.998,394.723,66.038,37.238,405,1,586,500,55.283,47.170,475,44.811
975,975,32.500,700.072,394.353,66.045,37.203,413,1,586,500,55.283,47.170,475,44.811
976,976,32.533,700.095,394.222,66.047,37.191,407,1,586,500,55.283,47.170,475,44.811
977,977,32.567,700.102,394.420,66.047,37.209,413,1,586,500,55.283,47.170,475,44.811
978,978,32.600,700.105,394.362,66.048,37.204,416,1,586,500,55.283,47.170,475,44.811
979,979,32.633,700.120,394.346,66.049,37.202,414,1,586,500,55.283,47.170,475,44.811
980,980,32.667,700.286,394.084,66.065,37.178,421,1,586,500,55.283,47.170,475,44.811
981,981,32.700,700.434,393.812,66.079,37.152,430,1,586,500,55.283,47.170,475,44.811
982,982,32.733,700.452,393.769,66.080,37.148,421,1,586,500,55.283,47.170,475,44.811
983,983,32.767,700.524,393.512,66.087,37.124,422,1,586,500,55.283,47.170,475,44.811
984,984,32.800,700.846,392.852,66.118,37.061,437,1,586,500,55.283,47.170,475,44.811
985,985,32.833,700.837,392.756,66.117,37.052,431,1,586,500,55.283,47.170,475,44.811
986,986,32.867,700.957,392.590,66.128,37.037,434,1,586,500,55.283,47.170,475,44.811
987,987,32.900,701.237,392.242,66.154,37.004,453,1,586,500,55.283,47.170,475,44.811
988,988,32.933,701.401,391.733,66.170,36.956,450,1,586,500,55.283,47.170,475,44.811
989,989,32.967,701.416,391.690,66.171,36.952,450,1,586,500,55.283,47.170,475,44.811
990,990,33.000,701.552,391.433,66.184,36.928,457,1,586,500,55.283,47.170,475,44.811
991,991,33.033,701.716,390.997,66.200,36.887,441,1,586,500,55.283,47.170,475,44.811
992,992,33.067,702.058,390.239,66.232,36.815,449,1,586,500,55.283,47.170,475,44.811
993,993,33.100,702.151,390.074,66.241,36.799,454,1,586,500,55.283,47.170,475,44.811
994,994,33.133,702.261,389.851,66.251,36.778,449,1,586,500,55.283,47.170,475,44.811
995,995,33.167,702.335,389.762,66.258,36.770,450,1,586,500,55.283,47.170,475,44.811
996,996,33.200,702.594,389.342,66.282,36.730,457,1,586,500,55.283,47.170,475,44.811
997,997,33.233,702.849,388.744,66.306,36.674,442,1,586,500,55.283,47.170,475,44.811
998,998,33.267,703.248,387.833,66.344,36.588,436,1,586,500,55.283,47.170,475,44.811
999,999,33.300,703.384,387.545,66.357,36.561,434,1,586,500,55.283,47.170,475,44.811
1000,1000,33.333,703.611,386.986,66.378,36.508,416,1,586,500,55.283,47.170,475,44.811
1001,1001,33.367,703.660,386.596,66.383,36.471,401,1,586,500,55.283,47.170,475,44.811
1002,1002,33.400,703.716,386.401,66.388,36.453,402,1,586,500,55.283,47.170,475,44.811
1003,1003,33.433,703.892,386.069,66.405,36.422,389,1,586,500,55.283,47.170,475,44.811
1004,1004,33.467,703.652,386.263,66.382,36.440,380,1,586,500,55.283,47.170,475,44.811
1005,1005,33.500,703.608,386.171,66.378,36.431,392,1,586,500,55.283,47.170,475,44.811
1006,1006,33.533,703.598,386.167,66.377,36.431,385,1,586,500,55.283,47.170,475,44.811
1007,1007,33.567,703.595,386.253,66.377,36.439,380,1,586,500,55.283,47.170,475,44.811
1008,1008,33.600,703.574,386.425,66.375,36.455,393,1,586,500,55.283,47.170,475,44.811
1009,1009,33.633,703.591,386.337,66.376,36.447,387,1,586,500,55.283,47.170,475,44.811
1010,1010,33.667,703.611,386.344,66.378,36.448,384,1,586,500,55.283,47.170,475,44.811
1011,1011,33.700,703.835,386.223,66.400,36.436,401,1,586,500,55.283,47.170,475,44.811
1012,1012,33.733,704.052,385.813,66.420,36.397,401,1,586,500,55.283,47.170,475,44.811
1013,1013,33.767,704.131,385.755,66.427,36.392,401,1,586,500,55.283,47.170,475,44.811
1014,1014,33.800,704.422,385.265,66.455,36.346,423,1,586,500,55.283,47.170,475,44.811
1015,1015,33.833,704.616,384.898,66.473,36.311,419,1,586,500,55.283,47.170,475,44.811
1016,1016,33.867,704.768,384.706,66.488,36.293,423,1,586,500,55.283,47.170,475,44.811
1017,1017,33.900,705.290,383.846,66.537,36.212,436,1,586,500,55.283,47.170,475,44.811
1018,1018,33.933,705.586,383.320,66.565,36.162,436,1,586,500,55.283,47.170,475,44.811
1019,1019,33.967,705.968,382.844,66.601,36.117,436,1,586,500,55.283,47.170,475,44.811
1020,1020,34.000,706.166,382.390,66.619,36.075,447,1,586,500,55.283,47.170,475,44.811
1021,1021,34.033,706.904,381.288,66.689,35.971,439,1,586,500,55.283,47.170,475,44.811
1022,1022,34.067,707.128,380.866,66.710,35.931,433,1,586,500,55.283,47.170,475,44.811
1023,1023,34.100,707.411,380.535,66.737,35.899,439,1,586,500,55.283,47.170,475,44.811
1024,1024,34.133,707.590,380.090,66.754,35.858,428,1,586,500,55.283,47.170,475,44.811
1025,1025,34.167,707.967,379.510,66.789,35.803,403,1,586,500,55.283,47.170,475,44.811
1026,1026,34.200,708.121,379.182,66.804,35.772,394,1,586,500,55.283,47.170,475,44.811
1027,1027,34.233,708.265,378.896,66.817,35.745,387,1,586,500,55.283,47.170,475,44.811
1028,1028,34.267,708.788,378.158,66.867,35.675,369,1,586,500,55.283,47.170,475,44.811
1029,1029,34.300,708.665,378.256,66.855,35.684,384,1,586,500,55.283,47.170,475,44.811
1030,1030,34.333,708.874,377.814,66.875,35.643,375,1,586,500,55.283,47.170,475,44.811
1031,1031,34.367,708.805,377.873,66.868,35.648,367,1,586,500,55.283,47.170,475,44.811
1032,1032,34.400,708.705,378.043,66.859,35.664,374,1,586,500,55.283,47.170,475,44.811
1033,1033,34.433,708.625,378.045,66.851,35.665,374,1,586,500,55.283,47.170,475,44.811
1034,1034,34.467,708.567,378.111,66.846,35.671,371,1,586,500,55.283,47.170,475,44.811
1035,1035,34.500,708.714,377.684,66.860,35.631,389,1,586,500,55.283,47.170,475,44.811
1036,1036,34.533,708.916,377.418,66.879,35.605,391,1,586,500,55.283,47.170,475,44.811
1037,1037,34.567,708.882,377.445,66.876,35.608,388,1,586,500,55.283,47.170,475,44.811
1038,1038,34.600,709.118,377.062,66.898,35.572,400,1,586,500,55.283,47.170,475,44.811
1039,1039,34.633,709.192,376.810,66.905,35.548,411,1,586,500,55.283,47.170,475,44.811
1040,1040,34.667,709.498,376.330,66.934,35.503,414,1,586,500,55.283,47.170,475,44.811
1041,1041,34.700,709.721,375.987,66.955,35.471,430,1,586,500,55.283,47.170,475,44.811
1042,1042,34.733,709.979,375.646,66.979,35.438,436,1,586,500,55.283,47.170,475,44.811
1043,1043,34.767,710.109,375.460,66.991,35.421,435,1,586,500,55.283,47.170,475,44.811
1044,1044,34.800,710.276,375.158,67.007,35.392,447,1,586,500,55.283,47.170,475,44.811
1045,1045,34.833,710.616,374.629,67.039,35.342,450,1,586,500,55.283,47.170,475,44.811
1046,1046,34.867,711.040,374.031,67.079,35.286,456,1,586,500,55.283,47.170,475,44.811
1047,1047,34.900,711.240,373.759,67.098,35.260,465,1,586,500,55.283,47.170,475,44.811
1048,1048,34.933,711.398,373.564,67.113,35.242,465,1,586,500,55.283,47.170,475,44.811
1049,1049,34.967,711.597,373.284,67.132,35.215,464,1,586,500,55.283,47.170,475,44.811
1050,1050,35.000,711.845,372.901,67.155,35.179,471,1,586,500,55.283,47.170,475,44.811
1051,1051,35.033,712.191,372.495,67.188,35.141,469,1,586,500,55.283,47.170,475,44.811
1052,1052,35.067,712.665,371.916,67.233,35.086,456,1,586,500,55.283,47.170,475,44.811
1053,1053,35.100,713.015,371.508,67.266,35.048,446,1,586,500,55.283,47.170,475,44.811
1054,1054,35.133,713.437,371.026,67.305,35.002,452,1,586,500,55.283,47.170,475,44.811
1055,1055,35.167,713.790,370.444,67.339,34.948,428,1,586,500,55.283,47.170,475,44.811
1056,1056,35.200,714.110,369.985,67.369,34.904,423,1,586,500,55.283,47.170,475,44.811
1057,1057,35.233,714.463,369.473,67.402,34.856,413,1,586,500,55.283,47.170,475,44.811
1058,1058,35.267,714.435,369.438,67.400,34.853,400,1,586,500,55.283,47.170,475,44.811
1059,1059,35.300,714.576,369.171,67.413,34.827,407,1,586,500,55.283,47.170,475,44.811
1060,1060,35.333,714.778,368.882,67.432,34.800,411,1,586,500,55.283,47.170,475,44.811
1061,1061,35.367,714.763,368.914,67.431,34.803,395,1,586,500,55.283,47.170,475,44.811
1062,1062,35.400,714.734,368.848,67.428,34.797,402,1,586,500,55.283,47.170,475,44.811
1063,1063,35.433,714.795,368.703,67.434,34.783,410,1,586,500,55.283,47.170,475,44.811
1064,1064,35.467,714.627,368.894,67.418,34.801,398,1,586,500,55.283,47.170,475,44.811
1065,1065,35.500,714.712,368.939,67.426,34.806,397,1,586,500,55.283,47.170,475,44.811
1066,1066,35.533,714.842,368.630,67.438,34.776,412,1,586,500,55.283,47.170,475,44.811
1067,1067,35.567,714.912,368.675,67.445,34.781,405,1,586,500,55.283,47.170,475,44.811
1068,1068,35.600,715.052,368.492,67.458,34.763,411,1,586,500,55.283,47.170,475,44.811
1069,1069,35.633,715.348,368.058,67.486,34.722,435,1,586,500,55.283,47.170,475,44.811
1070,1070,35.667,715.577,367.827,67.507,34.701,434,1,586,500,55.283,47.170,475,44.811
1071,1071,35.700,715.940,367.364,67.541,34.657,445,1,586,500,55.283,47.170,475,44.811
1072,1072,35.733,716.330,366.899,67.578,34.613,463,1,586,500,55.283,47.170,475,44.811
1073,1073,35.767,716.429,366.747,67.588,34.599,458,1,586,500,55.283,47.170,475,44.811
1074,1074,35.800,716.757,366.218,67.619,34.549,469,1,586,500,55.283,47.170,475,44.811
1075,1075,35.833,717.143,365.701,67.655,34.500,472,1,586,500,55.283,47.170,475,44.811
1076,1076,35.867,717.497,365.189,67.688,34.452,467,1,586,500,55.283,47.170,475,44.811
1077,1077,35.900,717.743,364.905,67.712,34.425,464,1,586,500,55.283,47.170,475,44.811
1078,1078,35.933,718.403,364.092,67.774,34.348,473,1,586,500,55.283,47.170,475,44.811
1079,1079,35.967,718.959,363.443,67.826,34.287,449,1,586,500,55.283,47.170,475,44.811
1080,1080,36.000,719.384,362.872,67.866,34.233,437,1,586,500,55.283,47.170,475,44.811
1081,1081,36.033,720.274,361.831,67.950,34.135,444,1,586,500,55.283,47.170,475,44.811
1082,1082,36.067,720.708,361.182,67.991,34.074,422,1,586,500,55.283,47.170,475,44.811
1083,1083,36.100,721.277,360.461,68.045,34.006,419,1,586,500,55.283,47.170,475,44.811
1084,1084,36.133,721.500,360.202,68.066,33.981,420,1,586,500,55.283,47.170,475,44.811
1085,1085,36.167,721.581,360.191,68.074,33.980,416,1,586,500,55.283,47.170,475,44.811
1086,1086,36.200,721.535,360.191,68.069,33.980,413,1,586,500,55.283,47.170,475,44.811
1087,1087,36.233,721.491,360.199,68.065,33.981,412,1,586,500,55.283,47.170,475,44.811
1088,1088,36.267,721.432,360.209,68.060,33.982,406,1,586,500,55.283,47.170,475,44.811
1089,1089,36.300,721.393,360.222,68.056,33.983,404,1,586,500,55.283,47.170,475,44.811
1090,1090,36.333,721.363,360.182,68.053,33.979,411,1,586,500,55.283,47.170,475,44.811
1091,1091,36.367,721.259,360.344,68.043,33.995,403,1,586,500,55.283,47.170,475,44.811
1092,1092,36.400,721.309,360.273,68.048,33.988,405,1,586,500,55.283,47.170,475,44.811
1093,1093,36.433,721.364,360.033,68.053,33.965,417,1,586,500,55.283,47.170,475,44.811
1094,1094,36.467,721.554,359.817,68.071,33.945,414,1,586,500,55.283,47.170,475,44.811
1095,1095,36.500,721.728,359.612,68.088,33.926,420,1,586,500,55.283,47.170,475,44.811
1096,1096,36.533,722.039,359.168,68.117,33.884,433,1,586,500,55.283,47.170,475,44.811
1097,1097,36.567,722.118,359.066,68.124,33.874,435,1,586,500,55.283,47.170,475,44.811
1098,1098,36.600,722.279,358.843,68.139,33.853,440,1,586,500,55.283,47.170,475,44.811
1099,1099,36.633,722.808,358.040,68.189,33.777,454,1,586,500,55.283,47.170,475,44.811
1100,1100,36.667,723.063,357.727,68.213,33.748,461,1,586,500,55.283,47.170,475,44.811
1101,1101,36.700,723.117,357.633,68.219,33.739,463,1,586,500,55.283,47.170,475,44.811
1102,1102,36.733,723.648,357.024,68.269,33.682,479,1,586,500,55.283,47.170,475,44.811
1103,1103,36.767,723.959,356.508,68.298,33.633,470,1,586,500,55.283,47.170,475,44.811
1104,1104,36.800,724.020,356.446,68.304,33.627,468,1,586,500,55.283,47.170,475,44.811
1105,1105,36.833,724.366,355.974,68.336,33.582,468,1,586,500,55.283,47.170,475,44.811
1106,1106,36.867,724.677,355.544,68.366,33.542,469,1,586,500,55.283,47.170,475,44.811
1107,1107,36.900,724.970,355.195,68.393,33.509,463,1,586,500,55.283,47.170,475,44.811
1108,1108,36.933,725.262,354.693,68.421,33.462,463,1,586,500,55.283,47.170,475,44.811
1109,1109,36.967,725.924,353.763,68.483,33.374,460,1,586,500,55.283,47.170,475,44.811
1110,1110,37.000,726.372,353.135,68.526,33.315,447,1,586,500,55.283,47.170,475,44.811
1111,1111,37.033,727.041,352.296,68.589,33.235,438,1,586,500,55.283,47.170,475,44.811
1112,1112,37.067,727.416,351.803,68.624,33.189,423,1,586,500,55.283,47.170,475,44.811
1113,1113,37.100,727.592,351.665,68.641,33.176,405,1,586,500,55.283,47.170,475,44.811
1114,1114,37.133,727.681,351.570,68.649,33.167,409,1,586,500,55.283,47.170,475,44.811
1115,1115,37.167,727.799,351.360,68.660,33.147,399,1,586,500,55.283,47.170,475,44.811
1116,1116,37.200,727.549,351.800,68.637,33.189,385,1,586,500,55.283,47.170,475,44.811
1117,1117,37.233,727.755,351.581,68.656,33.168,397,1,586,500,55.283,47.170,475,44.811
1118,1118,37.267,727.645,351.722,68.646,33.181,387,1,586,500,55.283,47.170,475,44.811
1119,1119,37.300,727.505,351.935,68.633,33.201,375,1,586,500,55.283,47.170,475,44.811
1120,1120,37.333,727.711,351.673,68.652,33.177,391,1,586,500,55.283,47.170,475,44.811
1121,1121,37.367,727.819,351.274,68.662,33.139,398,1,586,500,55.283,47.170,475,44.811
1122,1122,37.400,727.897,351.341,68.670,33.145,383,1,586,500,55.283,47.170,475,44.811
1123,1123,37.433,728.165,350.752,68.695,33.090,396,1,586,500,55.283,47.170,475,44.811
1124,1124,37.467,728.298,350.489,68.707,33.065,395,1,586,500,55.283,47.170,475,44.811
1125,1125,37.500,728.396,350.372,68.717,33.054,396,1,586,500,55.283,47.170,475,44.811
1126,1126,37.533,728.699,349.939,68.745,33.013,417,1,586,500,55.283,47.170,475,44.811
1127,1127,37.567,728.813,349.721,68.756,32.993,419,1,586,500,55.283,47.170,475,44.811
1128,1128,37.600,728.826,349.703,68.757,32.991,419,1,586,500,55.283,47.170,475,44.811
1129,1129,37.633,729.287,348.954,68.801,32.920,435,1,586,500,55.283,47.170,475,44.811
1130,1130,37.667,729.549,348.643,68.825,32.891,437,1,586,500,55.283,47.170,475,44.811
1131,1131,37.700,729.781,348.265,68.847,32.855,428,1,586,500,55.283,47.170,475,44.811
1132,1132,37.733,730.382,347.443,68.904,32.778,442,1,586,500,55.283,47.170,475,44.811
1133,1133,37.767,731.006,346.613,68.963,32.699,450,1,586,500,55.283,47.170,475,44.811
1134,1134,37.800,731.302,346.260,68.991,32.666,441,1,586,500,55.283,47.170,475,44.811
1135,1135,37.833,731.969,345.240,69.054,32.570,457,1,586,500,55.283,47.170,475,44.811
1136,1136,37.867,732.587,344.264,69.112,32.478,468,1,586,500,55.283,47.170,475,44.811
1137,1137,37.900,733.153,343.467,69.165,32.403,453,1,586,500,55.283,47.170,475,44.811
1138,1138,37.933,733.534,343.020,69.201,32.360,444,1,586,500,55.283,47.170,475,44.811
1139,1139,37.967,733.930,342.407,69.239,32.303,429,1,586,500,55.283,47.170,475,44.811
1140,1140,38.000,733.988,342.446,69.244,32.306,412,1,586,500,55.283,47.170,475,44.811
1141,1141,38.033,734.112,342.454,69.256,32.307,398,1,586,500,55.283,47.170,475,44.811
1142,1142,38.067,734.151,342.452,69.259,32.307,395,1,586,500,55.283,47.170,475,44.811
1143,1143,38.100,734.048,342.725,69.250,32.333,391,1,586,500,55.283,47.170,475,44.811
1144,1144,38.133,734.066,342.827,69.252,32.342,393,1,586,500,55.283,47.170,475,44.811
1145,1145,38.167,734.136,342.582,69.258,32.319,400,1,586,500,55.283,47.170,475,44.811
1146,1146,38.200,734.052,342.847,69.250,32.344,392,1,586,500,55.283,47.170,475,44.811
1147,1147,38.233,734.005,342.851,69.246,32.344,392,1,586,500,55.283,47.170,475,44.811
1148,1148,38.267,734.022,342.670,69.247,32.327,400,1,586,500,55.283,47.170,475,44.811
1149,1149,38.300,733.975,342.677,69.243,32.328,400,1,586,500,55.283,47.170,475,44.811
1150,1150,38.333,734.178,342.323,69.262,32.295,410,1,586,500,55.283,47.170,475,44.811
1151,1151,38.367,734.302,342.042,69.274,32.268,420,1,586,500,55.283,47.170,475,44.811
1152,1152,38.400,734.162,342.188,69.261,32.282,409,1,586,500,55.283,47.170,475,44.811
1153,1153,38.433,734.423,341.822,69.285,32.247,420,1,586,500,55.283,47.170,475,44.811
1154,1154,38.467,734.811,341.300,69.322,32.198,440,1,586,500,55.283,47.170,475,44.811
1155,1155,38.500,734.817,341.286,69.322,32.197,433,1,586,500,55.283,47.170,475,44.811
1156,1156,38.533,735.179,340.637,69.357,32.136,450,1,586,500,55.283,47.170,475,44.811
1157,1157,38.567,735.525,340.121,69.389,32.087,468,1,586,500,55.283,47.170,475,44.811
1158,1158,38.600,735.604,339.935,69.397,32.069,463,1,586,500,55.283,47.170,475,44.811
1159,1159,38.633,735.762,339.773,69.412,32.054,467,1,586,500,55.283,47.170,475,44.811
1160,1160,38.667,736.000,339.436,69.434,32.022,466,1,586,500,55.283,47.170,475,44.811
1161,1161,38.700,736.189,339.012,69.452,31.982,453,1,586,500,55.283,47.170,475,44.811
1162,1162,38.733,736.267,339.015,69.459,31.983,451,1,586,500,55.283,47.170,475,44.811
1163,1163,38.767,736.544,338.816,69.485,31.964,467,1,586,500,55.283,47.170,475,44.811
1164,1164,38.800,736.625,338.608,69.493,31.944,446,1,586,500,55.283,47.170,475,44.811
1165,1165,38.833,736.679,338.608,69.498,31.944,449,1,586,500,55.283,47.170,475,44.811
1166,1166,38.867,737.103,337.953,69.538,31.882,459,1,586,500,55.283,47.170,475,44.811
1167,1167,38.900,737.418,337.404,69.568,31.831,446,1,586,500,55.283,47.170,475,44.811
1168,1168,38.933,737.471,337.356,69.573,31.826,445,1,586,500,55.283,47.170,475,44.811
1169,1169,38.967,737.801,336.964,69.604,31.789,449,1,586,500,55.283,47.170,475,44.811
1170,1170,39.000,738.041,336.666,69.627,31.761,441,1,586,500,55.283,47.170,475,44.811
1171,1171,39.033,738.262,336.536,69.647,31.749,445,1,586,500,55.283,47.170,475,44.811
1172,1172,39.067,738.389,336.184,69.659,31.715,438,1,586,500,55.283,47.170,475,44.811
1173,1173,39.100,738.718,335.862,69.690,31.685,423,1,586,500,55.283,47.170,475,44.811
1174,1174,39.133,738.913,335.611,69.709,31.661,419,1,586,500,55.283,47.170,475,44.811
1175,1175,39.167,739.291,335.027,69.744,31.606,416,1,586,500,55.283,47.170,475,44.811
1176,1176,39.200,739.725,334.483,69.785,31.555,400,1,586,500,55.283,47.170,475,44.811
1177,1177,39.233,739.811,334.296,69.794,31.537,399,1,586,500,55.283,47.170,475,44.811
1178,1178,39.267,739.848,334.189,69.797,31.527,398,1,586,500,55.283,47.170,475,44.811
1179,1179,39.300,739.832,334.175,69.795,31.526,390,1,586,500,55.283,47.170,475,44.811
1180,1180,39.333,739.708,334.230,69.784,31.531,388,1,586,500,55.283,47.170,475,44.811
1181,1181,39.367,739.524,334.279,69.766,31.536,393,1,586,500,55.283,47.170,475,44.811
1182,1182,39.400,739.476,334.282,69.762,31.536,383,1,586,500,55.283,47.170,475,44.811
1183,1183,39.433,739.521,334.204,69.766,31.529,381,1,586,500,55.283,47.170,475,44.811
1184,1184,39.467,739.403,334.328,69.755,31.540,396,1,586,500,55.283,47.170,475,44.811
1185,1185,39.500,739.600,334.108,69.774,31.520,391,1,586,500,55.283,47.170,475,44.811
1186,1186,39.533,739.620,334.148,69.776,31.523,389,1,586,500,55.283,47.170,475,44.811
1187,1187,39.567,739.950,333.547,69.807,31.467,406,1,586,500,55.283,47.170,475,44.811
1188,1188,39.600,740.173,333.356,69.828,31.449,406,1,586,500,55.283,47.170,475,44.811
1189,1189,39.633,740.244,333.220,69.834,31.436,409,1,586,500,55.283,47.170,475,44.811
1190,1190,39.667,740.438,332.820,69.853,31.398,425,1,586,500,55.283,47.170,475,44.811
1191,1191,39.700,740.541,332.663,69.862,31.383,426,1,586,500,55.283,47.170,475,44.811
1192,1192,39.733,740.850,332.337,69.891,31.353,426,1,586,500,55.283,47.170,475,44.811
1193,1193,39.767,741.005,332.009,69.906,31.322,443,1,586,500,55.283,47.170,475,44.811
1194,1194,39.800,741.062,331.899,69.912,31.311,447,1,586,500,55.283,47.170,475,44.811
1195,1195,39.833,741.267,331.659,69.931,31.289,439,1,586,500,55.283,47.170,475,44.811
1196,1196,39.867,741.425,331.304,69.946,31.255,450,1,586,500,55.283,47.170,475,44.811
1197,1197,39.900,741.773,330.832,69.979,31.211,464,1,586,500,55.283,47.170,475,44.811
1198,1198,39.933,741.833,330.685,69.984,31.197,460,1,586,500,55.283,47.170,475,44.811
1199,1199,39.967,742.122,330.245,70.012,31.155,469,1,586,500,55.283,47.170,475,44.811
1200,1200,40.000,742.358,329.913,70.034,31.124,463,1,586,500,55.283,47.170,475,44.811
1201,1201,40.033,742.509,329.932,70.048,31.126,452,1,586,500,55.283,47.170,475,44.811
1202,1202,40.067,742.785,329.472,70.074,31.082,463,1,586,500,55.283,47.170,475,44.811
1203,1203,40.100,743.155,328.944,70.109,31.032,458,1,586,500,55.283,47.170,475,44.811
1204,1204,40.133,743.485,328.533,70.140,30.994,449,1,586,500,55.283,47.170,475,44.811
1205,1205,40.167,743.806,327.958,70.170,30.939,445,1,586,500,55.283,47.170,475,44.811
1206,1206,40.200,744.024,327.655,70.191,30.911,437,1,586,500,55.283,47.170,475,44.811
1207,1207,40.233,744.448,326.964,70.231,30.846,421,1,586,500,55.283,47.170,475,44.811
1208,1208,40.267,744.738,326.555,70.258,30.807,413,1,586,500,55.283,47.170,475,44.811
1209,1209,40.300,744.930,326.169,70.276,30.771,396,1,586,500,55.283,47.170,475,44.811
1210,1210,40.333,745.047,325.966,70.287,30.751,391,1,586,500,55.283,47.170,475,44.811
1211,1211,40.367,745.221,325.773,70.304,30.733,396,1,586,500,55.283,47.170,475,44.811
1212,1212,40.400,745.161,325.821,70.298,30.738,390,1,586,500,55.283,47.170,475,44.811
1213,1213,40.433,745.281,325.645,70.309,30.721,386,1,586,500,55.283,47.170,475,44.811
1214,1214,40.467,745.278,325.772,70.309,30.733,390,1,586,500,55.283,47.170,475,44.811
1215,1215,40.500,745.215,325.784,70.303,30.734,392,1,586,500,55.283,47.170,475,44.811
1216,1216,40.533,745.156,325.918,70.298,30.747,395,1,586,500,55.283,47.170,475,44.811
1217,1217,40.567,745.197,325.843,70.302,30.740,402,1,586,500,55.283,47.170,475,44.811
1218,1218,40.600,745.259,325.722,70.307,30.729,399,1,586,500,55.283,47.170,475,44.811
1219,1219,40.633,745.189,325.822,70.301,30.738,400,1,586,500,55.283,47.170,475,44.811
1220,1220,40.667,745.243,325.688,70.306,30.725,407,1,586,500,55.283,47.170,475,44.811
1221,1221,40.700,745.281,325.463,70.310,30.704,413,1,586,500,55.283,47.170,475,44.811
1222,1222,40.733,745.418,325.316,70.322,30.690,407,1,586,500,55.283,47.170,475,44.811
1223,1223,40.767,745.746,324.810,70.353,30.642,425,1,586,500,55.283,47.170,475,44.811
1224,1224,40.800,745.943,324.391,70.372,30.603,440,1,586,500,55.283,47.170,475,44.811
1225,1225,40.833,746.150,324.116,70.392,30.577,441,1,586,500,55.283,47.170,475,44.811
1226,1226,40.867,746.449,323.664,70.420,30.534,452,1,586,500,55.283,47.170,475,44.811
1227,1227,40.900,746.691,323.178,70.443,30.489,464,1,586,500,55.283,47.170,475,44.811
1228,1228,40.933,746.856,322.859,70.458,30.458,459,1,586,500,55.283,47.170,475,44.811
1229,1229,40.967,747.192,322.338,70.490,30.409,471,1,586,500,55.283,47.170,475,44.811
1230,1230,41.000,747.714,321.466,70.539,30.327,491,1,586,500,55.283,47.170,475,44.811
1231,1231,41.033,747.828,321.284,70.550,30.310,475,1,586,500,55.283,47.170,475,44.811
1232,1232,41.067,747.799,321.334,70.547,30.315,486,1,586,500,55.283,47.170,475,44.811
1233,1233,41.100,747.839,321.262,70.551,30.308,487,1,586,500,55.283,47.170,475,44.811
1234,1234,41.133,747.832,321.231,70.550,30.305,470,1,586,500,55.283,47.170,475,44.811
1235,1235,41.167,747.871,321.231,70.554,30.305,479,1,586,500,55.283,47.170,475,44.811
1236,1236,41.200,748.183,320.675,70.583,30.252,481,1,586,500,55.283,47.170,475,44.811
1237,1237,41.233,748.252,320.711,70.590,30.256,469,1,586,500,55.283,47.170,475,44.811
1238,1238,41.267,748.329,320.498,70.597,30.236,472,1,586,500,55.283,47.170,475,44.811
1239,1239,41.300,748.599,320.110,70.623,30.199,471,1,586,500,55.283,47.170,475,44.811
1240,1240,41.333,748.881,319.701,70.649,30.160,456,1,586,500,55.283,47.170,475,44.811
1241,1241,41.367,749.058,319.506,70.666,30.142,450,1,586,500,55.283,47.170,475,44.811
1242,1242,41.400,749.966,318.014,70.751,30.001,451,1,586,500,55.283,47.170,475,44.811
1243,1243,41.433,750.328,317.425,70.786,29.946,422,1,586,500,55.283,47.170,475,44.811
1244,1244,41.467,750.562,317.121,70.808,29.917,412,1,586,500,55.283,47.170,475,44.811
1245,1245,41.500,750.973,316.585,70.846,29.867,406,1,586,500,55.283,47.170,475,44.811
1246,1246,41.533,751.063,316.722,70.855,29.879,393,1,586,500,55.283,47.170,475,44.811
1247,1247,41.567,751.016,316.765,70.851,29.883,391,1,586,500,55.283,47.170,475,44.811
1248,1248,41.600,751.129,316.634,70.861,29.871,398,1,586,500,55.283,47.170,475,44.811
1249,1249,41.633,751.053,316.767,70.854,29.884,386,1,586,500,55.283,47.170,475,44.811
1250,1250,41.667,750.983,316.876,70.847,29.894,388,1,586,500,55.283,47.170,475,44.811
1251,1251,41.700,751.001,316.768,70.849,29.884,395,1,586,500,55.283,47.170,475,44.811
1252,1252,41.733,750.888,316.983,70.839,29.904,382,1,586,500,55.283,47.170,475,44.811
1253,1253,41.767,751.077,316.659,70.856,29.874,394,1,586,500,55.283,47.170,475,44.811
1254,1254,41.800,751.178,316.459,70.866,29.855,399,1,586,500,55.283,47.170,475,44.811
1255,1255,41.833,751.274,316.332,70.875,29.843,392,1,586,500,55.283,47.170,475,44.811
1256,1256,41.867,751.368,316.000,70.884,29.811,403,1,586,500,55.283,47.170,475,44.811
1257,1257,41.900,751.674,315.469,70.913,29.761,424,1,586,500,55.283,47.170,475,44.811
1258,1258,41.933,751.806,315.408,70.925,29.756,416,1,586,500,55.283,47.170,475,44.811
1259,1259,41.967,751.917,315.150,70.936,29.731,423,1,586,500,55.283,47.170,475,44.811
1260,1260,42.000,752.191,314.651,70.961,29.684,445,1,586,500,55.283,47.170,475,44.811
1261,1261,42.033,752.238,314.765,70.966,29.695,430,1,586,500,55.283,47.170,475,44.811
1262,1262,42.067,752.332,314.442,70.975,29.664,431,1,586,500,55.283,47.170,475,44.811
1263,1263,42.100,752.492,314.104,70.990,29.632,449,1,586,500,55.283,47.170,475,44.811
1264,1264,42.133,752.582,313.987,70.998,29.621,440,1,586,500,55.283,47.170,475,44.811
1265,1265,42.167,752.582,313.987,70.998,29.621,440,1,586,500,55.283,47.170,475,44.811
1266,1266,42.200,752.674,313.726,71.007,29.597,449,1,586,500,55.283,47.170,475,44.811
1267,1267,42.233,752.670,313.759,71.007,29.600,450,1,586,500,55.283,47.170,475,44.811
1268,1268,42.267,752.590,313.891,70.999,29.612,445,1,586,500,55.283,47.170,475,44.811
1269,1269,42.300,752.872,313.248,71.026,29.552,459,1,586,500,55.283,47.170,475,44.811
1270,1270,42.333,752.889,313.328,71.027,29.559,452,1,586,500,55.283,47.170,475,44.811
1271,1271,42.367,752.914,313.279,71.030,29.555,452,1,586,500,55.283,47.170,475,44.811
1272,1272,42.400,752.982,312.883,71.036,29.517,461,1,586,500,55.283,47.170,475,44.811
1273,1273,42.433,753.244,312.414,71.061,29.473,446,1,586,500,55.283,47.170,475,44.811
1274,1274,42.467,753.387,312.064,71.074,29.440,442,1,586,500,55.283,47.170,475,44.811
1275,1275,42.500,753.622,311.415,71.096,29.379,438,1,586,500,55.283,47.170,475,44.811
1276,1276,42.533,754.034,310.408,71.135,29.284,423,1,586,500,55.283,47.170,475,44.811
1277,1277,42.567,754.151,310.131,71.146,29.258,411,1,586,500,55.283,47.170,475,44.811
1278,1278,42.600,754.723,308.770,71.200,29.129,418,1,586,500,55.283,47.170,475,44.811
1279,1279,42.633,755.020,308.266,71.228,29.082,400,1,586,500,55.283,47.170,475,44.811
1280,1280,42.667,755.350,307.732,71.259,29.031,395,1,586,500,55.283,47.170,475,44.811
1281,1281,42.700,755.610,307.243,71.284,28.985,392,1,586,500,55.283,47.170,475,44.811
1282,1282,42.733,755.744,307.285,71.297,28.989,388,1,586,500,55.283,47.170,475,44.811
1283,1283,42.767,755.725,307.536,71.295,29.013,378,1,586,500,55.283,47.170,475,44.811
1284,1284,42.800,755.715,307.764,71.294,29.034,393,1,586,500,55.283,47.170,475,44.811
1285,1285,42.833,755.860,307.544,71.308,29.014,382,1,586,500,55.283,47.170,475,44.811
1286,1286,42.867,755.770,307.829,71.299,29.041,377,1,586,500,55.283,47.170,475,44.811
1287,1287,42.900,755.873,307.504,71.309,29.010,394,1,586,500,55.283,47.170,475,44.811
1288,1288,42.933,755.839,307.528,71.306,29.012,402,1,586,500,55.283,47.170,475,44.811
1289,1289,42.967,755.654,307.736,71.288,29.032,392,1,586,500,55.283,47.170,475,44.811
1290,1290,43.000,755.857,307.088,71.307,28.971,408,1,586,500,55.283,47.170,475,44.811
1291,1291,43.033,755.877,307.025,71.309,28.965,408,1,586,500,55.283,47.170,475,44.811
1292,1292,43.067,756.041,306.638,71.325,28.928,402,1,586,500,55.283,47.170,475,44.811
1293,1293,43.100,756.068,306.364,71.327,28.902,416,1,586,500,55.283,47.170,475,44.811
1294,1294,43.133,756.170,306.158,71.337,28.883,421,1,586,500,55.283,47.170,475,44.811
1295,1295,43.167,756.375,305.598,71.356,28.830,426,1,586,500,55.283,47.170,475,44.811
1296,1296,43.200,756.652,304.954,71.382,28.769,444,1,586,500,55.283,47.170,475,44.811
1297,1297,43.233,756.797,304.537,71.396,28.730,451,1,586,500,55.283,47.170,475,44.811
1298,1298,43.267,756.900,304.332,71.406,28.711,447,1,586,500,55.283,47.170,475,44.811
1299,1299,43.300,757.115,303.615,71.426,28.643,465,1,586,500,55.283,47.170,475,44.811
1300,1300,43.333,757.190,303.478,71.433,28.630,455,1,586,500,55.283,47.170,475,44.811
1301,1301,43.367,757.206,303.248,71.435,28.608,453,1,586,500,55.283,47.170,475,44.811
1302,1302,43.400,757.282,302.920,71.442,28.577,468,1,586,500,55.283,47.170,475,44.811
1303,1303,43.433,757.424,302.481,71.455,28.536,473,1,586,500,55.283,47.170,475,44.811
1304,1304,43.467,757.545,302.125,71.467,28.502,473,1,586,500,55.283,47.170,475,44.811
1305,1305,43.500,757.731,301.409,71.484,28.435,489,1,586,500,55.283,47.170,475,44.811
1306,1306,43.533,758.015,300.801,71.511,28.377,486,1,586,500,55.283,47.170,475,44.811
1307,1307,43.567,758.160,300.562,71.525,28.355,474,1,586,500,55.283,47.170,475,44.811
1308,1308,43.600,758.225,300.105,71.531,28.312,480,1,586,500,55.283,47.170,475,44.811
1309,1309,43.633,758.406,299.776,71.548,28.281,467,1,586,500,55.283,47.170,475,44.811
1310,1310,43.667,758.590,299.159,71.565,28.223,447,1,586,500,55.283,47.170,475,44.811
1311,1311,43.700,758.740,298.689,71.579,28.178,439,1,586,500,55.283,47.170,475,44.811
1312,1312,43.733,758.903,298.284,71.595,28.140,433,1,586,500,55.283,47.170,475,44.811
1313,1313,43.767,758.987,298.057,71.603,28.119,418,1,586,500,55.283,47.170,475,44.811
1314,1314,43.800,759.053,297.823,71.609,28.097,418,1,586,500,55.283,47.170,475,44.811
1315,1315,43.833,759.064,297.747,71.610,28.089,422,1,586,500,55.283,47.170,475,44.811
1316,1316,43.867,759.133,297.935,71.616,28.107,407,1,586,500,55.283,47.170,475,44.811
1317,1317,43.900,759.156,297.955,71.618,28.109,410,1,586,500,55.283,47.170,475,44.811
1318,1318,43.933,759.154,297.798,71.618,28.094,408,1,586,500,55.283,47.170,475,44.811
1319,1319,43.967,759.193,297.859,71.622,28.100,407,1,586,500,55.283,47.170,475,44.811
1320,1320,44.000,759.123,297.962,71.615,28.110,418,1,586,500,55.283,47.170,475,44.811
1321,1321,44.033,759.296,297.625,71.632,28.078,413,1,586,500,55.283,47.170,475,44.811
1322,1322,44.067,759.295,297.500,71.632,28.066,408,1,586,500,55.283,47.170,475,44.811
1323,1323,44.100,759.338,297.057,71.636,28.024,421,1,586,500,55.283,47.170,475,44.811
1324,1324,44.133,759.446,296.374,71.646,27.960,436,1,586,500,55.283,47.170,475,44.811
1325,1325,44.167,759.437,296.158,71.645,27.939,440,1,586,500,55.283,47.170,475,44.811
1326,1326,44.200,759.466,295.527,71.648,27.880,453,1,586,500,55.283,47.170,475,44.811
1327,1327,44.233,759.532,295.085,71.654,27.838,458,1,586,500,55.283,47.170,475,44.811
1328,1328,44.267,759.621,294.759,71.662,27.807,456,1,586,500,55.283,47.170,475,44.811
1329,1329,44.300,759.644,294.182,71.665,27.753,468,1,586,500,55.283,47.170,475,44.811
1330,1330,44.333,759.768,293.028,71.676,27.644,489,1,586,500,55.283,47.170,475,44.811
1331,1331,44.367,759.825,292.887,71.682,27.631,484,1,586,500,55.283,47.170,475,44.811
1332,1332,44.400,759.869,292.486,71.686,27.593,493,1,586,500,55.283,47.170,475,44.811
1333,1333,44.433,759.945,292.011,71.693,27.548,498,1,586,500,55.283,47.170,475,44.811
1334,1334,44.467,759.993,291.904,71.697,27.538,495,1,586,500,55.283,47.170,475,44.811
1335,1335,44.500,760.021,291.937,71.700,27.541,500,1,586,500,55.283,47.170,475,44.811
1336,1336,44.533,760.034,291.915,71.701,27.539,498,1,586,500,55.283,47.170,475,44.811
1337,1337,44.567,760.012,291.667,71.699,27.516,488,1,586,500,55.283,47.170,475,44.811
1338,1338,44.600,760.141,291.363,71.711,27.487,478,1,586,500,55.283,47.170,475,44.811
1339,1339,44.633,760.180,290.815,71.715,27.435,494,1,586,500,55.283,47.170,475,44.811
1340,1340,44.667,760.268,290.590,71.723,27.414,471,1,586,500,55.283,47.170,475,44.811
1341,1341,44.700,760.320,290.427,71.728,27.399,471,1,586,500,55.283,47.170,475,44.811
1342,1342,44.733,760.441,289.775,71.740,27.337,470,1,586,500,55.283,47.170,475,44.811
1343,1343,44.767,760.504,289.297,71.746,27.292,450,1,586,500,55.283,47.170,475,44.811
1344,1344,44.800,760.707,288.605,71.765,27.227,444,1,586,500,55.283,47.170,475,44.811
1345,1345,44.833,760.833,287.512,71.777,27.124,435,1,586,500,55.283,47.170,475,44.811
1346,1346,44.867,760.947,287.129,71.787,27.088,423,1,586,500,55.283,47.170,475,44.811
1347,1347,44.900,761.066,287.193,71.799,27.094,416,1,586,500,55.283,47.170,475,44.811
1348,1348,44.933,761.158,287.058,71.807,27.081,421,1,586,500,55.283,47.170,475,44.811
1349,1349,44.967,761.457,286.875,71.836,27.064,416,1,586,500,55.283,47.170,475,44.811
1350,1350,45.000,761.574,287.350,71.847,27.109,411,1,586,500,55.283,47.170,475,44.811
1351,1351,45.033,761.581,287.100,71.847,27.085,421,1,586,500,55.283,47.170,475,44.811
1352,1352,45.067,761.628,287.095,71.852,27.084,409,1,586,500,55.283,47.170,475,44.811
1353,1353,45.100,761.516,287.142,71.841,27.089,405,1,586,500,55.283,47.170,475,44.811
1354,1354,45.133,761.548,286.786,71.844,27.055,418,1,586,500,55.283,47.170,475,44.811
1355,1355,45.167,761.518,286.577,71.841,27.036,409,1,586,500,55.283,47.170,475,44.811
1356,1356,45.200,761.498,286.354,71.839,27.014,415,1,586,500,55.283,47.170,475,44.811
1357,1357,45.233,761.448,285.793,71.835,26.962,434,1,586,500,55.283,47.170,475,44.811
1358,1358,45.267,761.480,285.306,71.838,26.916,436,1,586,500,55.283,47.170,475,44.811
1359,1359,45.300,761.522,284.733,71.842,26.862,441,1,586,500,55.283,47.170,475,44.811
1360,1360,45.333,761.560,283.673,71.845,26.762,458,1,586,500,55.283,47.170,475,44.811
1361,1361,45.367,761.625,283.309,71.851,26.727,459,1,586,500,55.283,47.170,475,44.811
1362,1362,45.400,761.750,282.566,71.863,26.657,460,1,586,500,55.283,47.170,475,44.811
1363,1363,45.433,761.800,281.588,71.868,26.565,474,1,586,500,55.283,47.170,475,44.811
1364,1364,45.467,761.865,281.079,71.874,26.517,470,1,586,500,55.283,47.170,475,44.811
1365,1365,45.500,761.916,280.650,71.879,26.476,468,1,586,500,55.283,47.170,475,44.811
1366,1366,45.533,761.854,280.006,71.873,26.416,482,1,586,500,55.283,47.170,475,44.811
1367,1367,45.567,761.887,279.483,71.876,26.366,467,1,586,500,55.283,47.170,475,44.811
1368,1368,45.600,761.980,278.584,71.885,26.282,439,1,586,500,55.283,47.170,475,44.811
1369,1369,45.633,762.010,277.704,71.888,26.198,437,1,586,500,55.283,47.170,475,44.811
1370,1370,45.667,762.183,277.092,71.904,26.141,427,1,586,500,55.283,47.170,475,44.811
1371,1371,45.700,762.245,276.239,71.910,26.060,416,1,586,500,55.283,47.170,475,44.811
1372,1372,45.733,762.305,276.099,71.916,26.047,419,1,586,500,55.283,47.170,475,44.811
1373,1373,45.767,762.366,276.004,71.921,26.038,421,1,586,500,55.283,47.170,475,44.811
1374,1374,45.800,762.499,276.097,71.934,26.047,423,1,586,500,55.283,47.170,475,44.811
1375,1375,45.833,762.678,275.821,71.951,26.021,415,1,586,500,55.283,47.170,475,44.811
1376,1376,45.867,762.760,276.008,71.959,26.038,412,1,586,500,55.283,47.170,475,44.811
1377,1377,45.900,762.833,276.000,71.965,26.038,408,1,586,500,55.283,47.170,475,44.811
1378,1378,45.933,762.746,275.958,71.957,26.034,414,1,586,500,55.283,47.170,475,44.811
1379,1379,45.967,762.726,276.048,71.955,26.042,415,1,586,500,55.283,47.170,475,44.811
1380,1380,46.000,762.769,276.052,71.959,26.043,406,1,586,500,55.283,47.170,475,44.811
1381,1381,46.033,762.691,275.873,71.952,26.026,421,1,586,500,55.283,47.170,475,44.811
1382,1382,46.067,762.751,275.196,71.958,25.962,427,1,586,500,55.283,47.170,475,44.811
1383,1383,46.100,762.720,274.927,71.955,25.936,433,1,586,500,55.283,47.170,475,44.811
1384,1384,46.133,762.678,274.300,71.951,25.877,445,1,586,500,55.283,47.170,475,44.811
1385,1385,46.167,762.631,273.924,71.946,25.842,453,1,586,500,55.283,47.170,475,44.811
1386,1386,46.200,762.618,273.510,71.945,25.803,451,1,586,500,55.283,47.170,475,44.811
1387,1387,46.233,762.556,272.936,71.939,25.749,466,1,586,500,55.283,47.170,475,44.811
1388,1388,46.267,762.548,271.879,71.939,25.649,472,1,586,500,55.283,47.170,475,44.811
1389,1389,46.300,762.459,271.253,71.930,25.590,474,1,586,500,55.283,47.170,475,44.811
1390,1390,46.333,762.340,270.441,71.919,25.513,478,1,586,500,55.283,47.170,475,44.811
1391,1391,46.367,762.322,269.692,71.917,25.443,483,1,586,500,55.283,47.170,475,44.811
1392,1392,46.400,762.366,269.172,71.921,25.394,476,1,586,500,55.283,47.170,475,44.811
1393,1393,46.433,762.330,268.680,71.918,25.347,476,1,586,500,55.283,47.170,475,44.811
1394,1394,46.467,762.284,267.769,71.914,25.261,481,1,586,500,55.283,47.170,475,44.811
1395,1395,46.500,762.210,267.103,71.907,25.198,462,1,586,500,55.283,47.170,475,44.811
1396,1396,46.533,762.162,266.725,71.902,25.163,458,1,586,500,55.283,47.170,475,44.811
1397,1397,46.567,762.051,265.985,71.892,25.093,445,1,586,500,55.283,47.170,475,44.811
1398,1398,46.600,762.075,265.706,71.894,25.067,435,1,586,500,55.283,47.170,475,44.811
1399,1399,46.633,762.092,265.424,71.895,25.040,438,1,586,500,55.283,47.170,475,44.811
1400,1400,46.667,762.174,264.981,71.903,24.998,444,1,586,500,55.283,47.170,475,44.811
1401,1401,46.700,762.279,264.916,71.913,24.992,421,1,586,500,55.283,47.170,475,44.811
1402,1402,46.733,762.520,264.758,71.936,24.977,425,1,586,500,55.283,47.170,475,44.811
1403,1403,46.767,762.446,264.677,71.929,24.969,414,1,586,500,55.283,47.170,475,44.811
1404,1404,46.800,762.543,265.075,71.938,25.007,399,1,586,500,55.283,47.170,475,44.811
1405,1405,46.833,762.525,264.917,71.936,24.992,408,1,586,500,55.283,47.170,475,44.811
1406,1406,46.867,762.501,264.853,71.934,24.986,411,1,586,500,55.283,47.170,475,44.811
1407,1407,46.900,762.637,265.268,71.947,25.025,408,1,586,500,55.283,47.170,475,44.811
1408,1408,46.933,762.501,264.872,71.934,24.988,425,1,586,500,55.283,47.170,475,44.811
1409,1409,46.967,762.448,264.161,71.929,24.921,438,1,586,500,55.283,47.170,475,44.811
1410,1410,47.000,762.519,264.037,71.936,24.909,434,1,586,500,55.283,47.170,475,44.811
1411,1411,47.033,762.512,263.564,71.935,24.865,449,1,586,500,55.283,47.170,475,44.811
1412,1412,47.067,762.490,263.118,71.933,24.822,454,1,586,500,55.283,47.170,475,44.811
1413,1413,47.100,762.480,262.928,71.932,24.805,448,1,586,500,55.283,47.170,475,44.811
1414,1414,47.133,762.457,262.705,71.930,24.784,455,1,586,500,55.283,47.170,475,44.811
1415,1415,47.167,762.327,262.194,71.918,24.735,471,1,586,500,55.283,47.170,475,44.811
1416,1416,47.200,762.406,262.078,71.925,24.724,454,1,586,500,55.283,47.170,475,44.811
1417,1417,47.233,762.312,261.972,71.916,24.714,467,1,586,500,55.283,47.170,475,44.811
1418,1418,47.267,762.170,261.496,71.903,24.669,477,1,586,500,55.283,47.170,475,44.811
1419,1419,47.300,762.206,261.576,71.906,24.677,476,1,586,500,55.283,47.170,475,44.811
1420,1420,47.333,762.204,261.453,71.906,24.665,481,1,586,500,55.283,47.170,475,44.811
1421,1421,47.367,762.189,261.027,71.905,24.625,492,1,586,500,55.283,47.170,475,44.811
1422,1422,47.400,762.199,260.526,71.906,24.578,485,1,586,500,55.283,47.170,475,44.811
1423,1423,47.433,762.228,260.110,71.908,24.539,485,1,586,500,55.283,47.170,475,44.811
1424,1424,47.467,762.212,259.223,71.907,24.455,486,1,586,500,55.283,47.170,475,44.811
1425,1425,47.500,762.186,259.357,71.904,24.468,474,1,586,500,55.283,47.170,475,44.811
1426,1426,47.533,762.202,259.539,71.906,24.485,470,1,586,500,55.283,47.170,475,44.811
1427,1427,47.567,762.208,259.227,71.906,24.455,473,1,586,500,55.283,47.170,475,44.811
1428,1428,47.600,762.208,259.207,71.906,24.453,470,1,586,500,55.283,47.170,475,44.811
1429,1429,47.633,762.237,258.944,71.909,24.429,471,1,586,500,55.283,47.170,475,44.811
1430,1430,47.667,762.265,258.617,71.912,24.398,477,1,586,500,55.283,47.170,475,44.811
1431,1431,47.700,762.298,258.539,71.915,24.390,474,1,586,500,55.283,47.170,475,44.811
1432,1432,47.733,762.284,258.472,71.914,24.384,471,1,586,500,55.283,47.170,475,44.811
1433,1433,47.767,762.269,257.976,71.912,24.337,472,1,586,500,55.283,47.170,475,44.811
1434,1434,47.800,762.279,257.777,71.913,24.319,457,1,586,500,55.283,47.170,475,44.811
1435,1435,47.833,762.308,257.755,71.916,24.316,460,1,586,500,55.283,47.170,475,44.811
1436,1436,47.867,762.291,256.901,71.914,24.236,466,1,586,500,55.283,47.170,475,44.811
1437,1437,47.900,762.333,256.767,71.918,24.223,445,1,586,500,55.283,47.170,475,44.811
1438,1438,47.933,762.393,256.662,71.924,24.213,450,1,586,500,55.283,47.170,475,44.811
1439,1439,47.967,762.417,255.823,71.926,24.134,456,1,586,500,55.283,47.170,475,44.811
1440,1440,48.000,762.425,255.485,71.927,24.102,437,1,586,500,55.283,47.170,475,44.811
1441,1441,48.033,762.442,255.640,71.929,24.117,432,1,586,500,55.283,47.170,475,44.811
1442,1442,48.067,762.533,255.369,71.937,24.091,432,1,586,500,55.283,47.170,475,44.811
1443,1443,48.100,762.637,255.475,71.947,24.101,411,1,586,500,55.283,47.170,475,44.811
1444,1444,48.133,762.620,255.506,71.945,24.104,410,1,586,500,55.283,47.170,475,44.811
1445,1445,48.167,762.441,255.359,71.928,24.090,410,1,586,500,55.283,47.170,475,44.811
1446,1446,48.200,762.449,255.670,71.929,24.120,404,1,586,500,55.283,47.170,475,44.811
1447,1447,48.233,762.486,255.785,71.933,24.131,404,1,586,500,55.283,47.170,475,44.811
1448,1448,48.267,762.476,255.280,71.932,24.083,408,1,586,500,55.283,47.170,475,44.811
1449,1449,48.300,762.596,255.301,71.943,24.085,404,1,586,500,55.283,47.170,475,44.811
1450,1450,48.333,762.618,255.088,71.945,24.065,410,1,586,500,55.283,47.170,475,44.811
1451,1451,48.367,762.664,254.550,71.949,24.014,420,1,586,500,55.283,47.170,475,44.811
1452,1452,48.400,762.688,254.304,71.952,23.991,426,1,586,500,55.283,47.170,475,44.811
1453,1453,48.433,762.731,254.009,71.956,23.963,431,1,586,500,55.283,47.170,475,44.811
1454,1454,48.467,762.596,253.298,71.943,23.896,457,1,586,500,55.283,47.170,475,44.811
1455,1455,48.500,762.588,252.419,71.942,23.813,475,1,586,500,55.283,47.170,475,44.811
1456,1456,48.533,762.579,252.120,71.941,23.785,479,1,586,500,55.283,47.170,475,44.811
1457,1457,48.567,762.549,250.980,71.939,23.677,492,1,586,500,55.283,47.170,475,44.811
1458,1458,48.600,762.587,250.783,71.942,23.659,491,1,586,500,55.283,47.170,475,44.811
1459,1459,48.633,762.594,250.689,71.943,23.650,491,1,586,500,55.283,47.170,475,44.811
1460,1460,48.667,762.658,249.987,71.949,23.584,509,1,586,500,55.283,47.170,475,44.811
1461,1461,48.700,762.710,249.810,71.954,23.567,502,1,586,500,55.283,47.170,475,44.811
1462,1462,48.733,762.764,249.715,71.959,23.558,494,1,586,500,55.283,47.170,475,44.811
1463,1463,48.767,762.788,249.433,71.961,23.531,511,1,586,500,55.283,47.170,475,44.811
1464,1464,48.800,762.810,249.321,71.963,23.521,507,1,586,500,55.283,47.170,475,44.811
1465,1465,48.833,762.816,249.215,71.964,23.511,502,1,586,500,55.283,47.170,475,44.811
1466,1466,48.867,762.798,249.041,71.962,23.494,509,1,586,500,55.283,47.170,475,44.811
1467,1467,48.900,762.782,249.001,71.961,23.491,508,1,586,500,55.283,47.170,475,44.811
1468,1468,48.933,762.821,249.028,71.964,23.493,504,1,586,500,55.283,47.170,475,44.811
1469,1469,48.967,762.826,248.485,71.965,23.442,504,1,586,500,55.283,47.170,475,44.811
1470,1470,49.000,762.817,248.360,71.964,23.430,497,1,586,500,55.283,47.170,475,44.811
1471,1471,49.033,762.783,247.987,71.961,23.395,488,1,586,500,55.283,47.170,475,44.811
1472,1472,49.067,762.882,247.234,71.970,23.324,488,1,586,500,55.283,47.170,475,44.811
1473,1473,49.100,762.947,246.685,71.976,23.272,465,1,586,500,55.283,47.170,475,44.811
1474,1474,49.133,763.021,246.180,71.983,23.224,449,1,586,500,55.283,47.170,475,44.811
1475,1475,49.167,763.049,245.507,71.986,23.161,437,1,586,500,55.283,47.170,475,44.811
1476,1476,49.200,763.124,244.746,71.993,23.089,430,1,586,500,55.283,47.170,475,44.811
1477,1477,49.233,763.120,244.652,71.992,23.080,421,1,586,500,55.283,47.170,475,44.811
1478,1478,49.267,763.042,244.565,71.985,23.072,425,1,586,500,55.283,47.170,475,44.811
1479,1479,49.300,763.035,244.326,71.984,23.050,417,1,586,500,55.283,47.170,475,44.811
1480,1480,49.333,762.976,244.441,71.979,23.061,409,1,586,500,55.283,47.170,475,44.811
1481,1481,49.367,762.959,244.599,71.977,23.075,410,1,586,500,55.283,47.170,475,44.811
1482,1482,49.400,763.005,244.551,71.982,23.071,416,1,586,500,55.283,47.170,475,44.811
1483,1483,49.433,763.037,244.507,71.985,23.067,407,1,586,500,55.283,47.170,475,44.811
1484,1484,49.467,763.161,244.061,71.996,23.025,429,1,586,500,55.283,47.170,475,44.811
1485,1485,49.500,763.204,243.723,72.000,22.993,433,1,586,500,55.283,47.170,475,44.811
1486,1486,49.533,763.254,243.629,72.005,22.984,435,1,586,500,55.283,47.170,475,44.811
1487,1487,49.567,763.230,242.893,72.003,22.914,452,1,586,500,55.283,47.170,475,44.811
1488,1488,49.600,763.317,242.090,72.011,22.839,470,1,586,500,55.283,47.170,475,44.811
1489,1489,49.633,763.291,241.451,72.009,22.778,459,1,586,500,55.283,47.170,475,44.811
1490,1490,49.667,763.363,240.424,72.015,22.682,472,1,586,500,55.283,47.170,475,44.811
1491,1491,49.700,763.438,239.745,72.022,22.617,476,1,586,500,55.283,47.170,475,44.811
1492,1492,49.733,763.477,239.062,72.026,22.553,471,1,586,500,55.283,47.170,475,44.811
1493,1493,49.767,763.579,238.189,72.036,22.471,482,1,586,500,55.283,47.170,475,44.811
1494,1494,49.800,763.586,237.697,72.036,22.424,482,1,586,500,55.283,47.170,475,44.811
1495,1495,49.833,763.606,237.188,72.038,22.376,472,1,586,500,55.283,47.170,475,44.811
1496,1496,49.867,763.663,236.672,72.044,22.328,477,1,586,500,55.283,47.170,475,44.811
1497,1497,49.900,763.761,235.803,72.053,22.246,470,1,586,500,55.283,47.170,475,44.811
1498,1498,49.933,763.874,235.046,72.064,22.174,455,1,586,500,55.283,47.170,475,44.811
1499,1499,49.967,764.010,234.441,72.076,22.117,440,1,586,500,55.283,47.170,475,44.811
1500,1500,50.000,764.003,234.052,72.076,22.080,436,1,586,500,55.283,47.170,475,44.811
1501,1501,50.033,764.087,233.244,72.084,22.004,420,1,586,500,55.283,47.170,475,44.811
1502,1502,50.067,764.066,233.017,72.082,21.983,425,1,586,500,55.283,47.170,475,44.811
1503,1503,50.100,764.083,233.165,72.083,21.997,421,1,586,500,55.283,47.170,475,44.811
1504,1504,50.133,764.114,233.418,72.086,22.021,409,1,586,500,55.283,47.170,475,44.811
1505,1505,50.167,764.151,233.199,72.090,22.000,413,1,586,500,55.283,47.170,475,44.811
1506,1506,50.200,764.148,233.200,72.089,22.000,413,1,586,500,55.283,47.170,475,44.811
1507,1507,50.233,764.101,233.191,72.085,21.999,407,1,586,500,55.283,47.170,475,44.811
1508,1508,50.267,764.000,233.201,72.075,22.000,417,1,586,500,55.283,47.170,475,44.811
1509,1509,50.300,764.055,232.932,72.081,21.975,423,1,586,500,55.283,47.170,475,44.811
1510,1510,50.333,764.099,232.728,72.085,21.955,408,1,586,500,55.283,47.170,475,44.811
1511,1511,50.367,764.047,232.553,72.080,21.939,424,1,586,500,55.283,47.170,475,44.811
1512,1512,50.400,764.127,231.832,72.087,21.871,439,1,586,500,55.283,47.170,475,44.811
1513,1513,50.433,764.093,231.648,72.084,21.854,438,1,586,500,55.283,47.170,475,44.811
1514,1514,50.467,764.144,230.661,72.089,21.760,457,1,586,500,55.283,47.170,475,44.811
1515,1515,50.500,764.146,230.269,72.089,21.723,464,1,586,500,55.283,47.170,475,44.811
1516,1516,50.533,764.230,229.664,72.097,21.666,458,1,586,500,55.283,47.170,475,44.811
1517,1517,50.567,764.309,228.977,72.105,21.602,470,1,586,500,55.283,47.170,475,44.811
1518,1518,50.600,764.371,228.091,72.110,21.518,490,1,586,500,55.283,47.170,475,44.811
1519,1519,50.633,764.485,227.420,72.121,21.455,479,1,586,500,55.283,47.170,475,44.811
1520,1520,50.667,764.516,227.000,72.124,21.415,485,1,586,500,55.283,47.170,475,44.811
1521,1521,50.700,764.468,226.753,72.120,21.392,492,1,586,500,55.283,47.170,475,44.811
1522,1522,50.733,764.585,226.371,72.131,21.356,480,1,586,500,55.283,47.170,475,44.811
1523,1523,50.767,764.614,225.890,72.133,21.310,475,1,586,500,55.283,47.170,475,44.811
1524,1524,50.800,764.675,225.214,72.139,21.247,473,1,586,500,55.283,47.170,475,44.811
1525,1525,50.833,764.751,224.525,72.146,21.182,452,1,586,500,55.283,47.170,475,44.811
1526,1526,50.867,764.805,223.756,72.151,21.109,450,1,586,500,55.283,47.170,475,44.811
1527,1527,50.900,764.859,222.974,72.157,21.035,450,1,586,500,55.283,47.170,475,44.811
1528,1528,50.933,764.944,222.279,72.165,20.970,430,1,586,500,55.283,47.170,475,44.811
1529,1529,50.967,764.981,221.775,72.168,20.922,429,1,586,500,55.283,47.170,475,44.811
1530,1530,51.000,765.096,221.225,72.179,20.870,437,1,586,500,55.283,47.170,475,44.811
1531,1531,51.033,765.073,221.533,72.177,20.899,422,1,586,500,55.283,47.170,475,44.811
1532,1532,51.067,765.065,221.913,72.176,20.935,415,1,586,500,55.283,47.170,475,44.811
1533,1533,51.100,765.133,221.909,72.182,20.935,418,1,586,500,55.283,47.170,475,44.811
1534,1534,51.133,765.214,221.899,72.190,20.934,413,1,586,500,55.283,47.170,475,44.811
1535,1535,51.167,765.205,221.870,72.189,20.931,416,1,586,500,55.283,47.170,475,44.811
1536,1536,51.200,765.215,221.718,72.190,20.917,426,1,586,500,55.283,47.170,475,44.811
1537,1537,51.233,765.237,221.634,72.192,20.909,419,1,586,500,55.283,47.170,475,44.811
1538,1538,51.267,765.218,221.398,72.190,20.887,417,1,586,500,55.283,47.170,475,44.811
1539,1539,51.300,765.188,220.585,72.188,20.810,435,1,586,500,55.283,47.170,475,44.811
1540,1540,51.333,765.186,220.424,72.187,20.795,437,1,586,500,55.283,47.170,475,44.811
1541,1541,51.367,765.237,219.857,72.192,20.741,451,1,586,500,55.283,47.170,475,44.811
1542,1542,51.400,765.256,218.887,72.194,20.650,468,1,586,500,55.283,47.170,475,44.811
1543,1543,51.433,765.332,218.535,72.201,20.617,463,1,586,500,55.283,47.170,475,44.811
1544,1544,51.467,765.361,217.978,72.204,20.564,467,1,586,500,55.283,47.170,475,44.811
1545,1545,51.500,765.468,217.348,72.214,20.504,484,1,586,500,55.283,47.170,475,44.811
1546,1546,51.533,765.536,216.646,72.220,20.438,475,1,586,500,55.283,47.170,475,44.811
1547,1547,51.567,765.570,216.278,72.224,20.404,471,1,586,500,55.283,47.170,475,44.811
1548,1548,51.600,765.763,215.444,72.242,20.325,480,1,586,500,55.283,47.170,475,44.811
1549,1549,51.633,765.867,215.334,72.252,20.315,469,1,586,500,55.283,47.170,475,44.811
1550,1550,51.667,765.884,214.956,72.253,20.279,471,1,586,500,55.283,47.170,475,44.811
1551,1551,51.700,766.021,214.211,72.266,20.209,464,1,586,500,55.283,47.170,475,44.811
1552,1552,51.733,766.160,213.404,72.279,20.132,449,1,586,500,55.283,47.170,475,44.811
1553,1553,51.767,766.143,212.945,72.278,20.089,433,1,586,500,55.283,47.170,475,44.811
1554,1554,51.800,766.251,212.273,72.288,20.026,425,1,586,500,55.283,47.170,475,44.811
1555,1555,51.833,766.350,211.770,72.297,19.978,419,1,586,500,55.283,47.170,475,44.811
1556,1556,51.867,766.471,211.554,72.309,19.958,422,1,586,500,55.283,47.170,475,44.811
1557,1557,51.900,766.506,210.945,72.312,19.900,419,1,586,500,55.283,47.170,475,44.811
1558,1558,51.933,766.587,210.751,72.320,19.882,411,1,586,500,55.283,47.170,475,44.811
1559,1559,51.967,766.472,210.794,72.309,19.886,404,1,586,500,55.283,47.170,475,44.811
1560,1560,52.000,766.450,210.755,72.307,19.883,409,1,586,500,55.283,47.170,475,44.811
1561,1561,52.033,766.170,211.227,72.280,19.927,395,1,586,500,55.283,47.170,475,44.811
1562,1562,52.067,766.125,211.056,72.276,19.911,405,1,586,500,55.283,47.170,475,44.811
1563,1563,52.100,766.159,210.935,72.279,19.900,414,1,586,500,55.283,47.170,475,44.811
1564,1564,52.133,766.181,210.960,72.281,19.902,415,1,586,500,55.283,47.170,475,44.811
1565,1565,52.167,766.182,210.901,72.281,19.896,414,1,586,500,55.283,47.170,475,44.811
1566,1566,52.200,766.328,210.464,72.295,19.855,420,1,586,500,55.283,47.170,475,44.811
1567,1567,52.233,766.349,210.289,72.297,19.839,426,1,586,500,55.283,47.170,475,44.811
1568,1568,52.267,766.408,209.778,72.303,19.790,428,1,586,500,55.283,47.170,475,44.811
1569,1569,52.300,766.431,209.493,72.305,19.763,435,1,586,500,55.283,47.170,475,44.811
1570,1570,52.333,766.509,208.966,72.312,19.714,447,1,586,500,55.283,47.170,475,44.811
1571,1571,52.367,766.519,208.555,72.313,19.675,446,1,586,500,55.283,47.170,475,44.811
1572,1572,52.400,766.602,207.644,72.321,19.589,466,1,586,500,55.283,47.170,475,44.811
1573,1573,52.433,766.640,207.331,72.325,19.560,462,1,586,500,55.283,47.170,475,44.811
1574,1574,52.467,766.710,206.926,72.331,19.521,460,1,586,500,55.283,47.170,475,44.811
1575,1575,52.500,766.748,206.344,72.335,19.466,471,1,586,500,55.283,47.170,475,44.811
1576,1576,52.533,766.926,205.861,72.352,19.421,479,1,586,500,55.283,47.170,475,44.811
1577,1577,52.567,767.017,205.628,72.360,19.399,475,1,586,500,55.283,47.170,475,44.811
1578,1578,52.600,767.119,204.935,72.370,19.334,480,1,586,500,55.283,47.170,475,44.811
1579,1579,52.633,767.228,204.604,72.380,19.302,484,1,586,500,55.283,47.170,475,44.811
1580,1580,52.667,767.429,203.861,72.399,19.232,473,1,586,500,55.283,47.170,475,44.811
1581,1581,52.700,767.609,203.023,72.416,19.153,488,1,586,500,55.283,47.170,475,44.811
1582,1582,52.733,767.658,202.515,72.421,19.105,487,1,586,500,55.283,47.170,475,44.811
1583,1583,52.767,767.785,202.114,72.433,19.067,476,1,586,500,55.283,47.170,475,44.811
1584,1584,52.800,767.838,201.723,72.438,19.030,482,1,586,500,55.283,47.170,475,44.811
1585,1585,52.833,767.852,201.410,72.439,19.001,464,1,586,500,55.283,47.170,475,44.811
1586,1586,52.867,767.985,201.099,72.451,18.972,444,1,586,500,55.283,47.170,475,44.811
1587,1587,52.900,768.042,200.603,72.457,18.925,443,1,586,500,55.283,47.170,475,44.811
1588,1588,52.933,768.038,200.464,72.456,18.912,435,1,586,500,55.283,47.170,475,44.811
1589,1589,52.967,768.070,200.416,72.459,18.907,424,1,586,500,55.283,47.170,475,44.811
1590,1590,53.000,768.070,200.254,72.459,18.892,427,1,586,500,55.283,47.170,475,44.811
1591,1591,53.033,768.050,200.228,72.458,18.889,427,1,586,500,55.283,47.170,475,44.811
1592,1592,53.067,768.097,200.164,72.462,18.883,416,1,586,500,55.283,47.170,475,44.811
1593,1593,53.100,767.970,200.360,72.450,18.902,430,1,586,500,55.283,47.170,475,44.811
1594,1594,53.133,767.843,200.757,72.438,18.939,423,1,586,500,55.283,47.170,475,44.811
1595,1595,53.167,767.870,200.758,72.441,18.939,416,1,586,500,55.283,47.170,475,44.811
1596,1596,53.200,767.890,200.481,72.442,18.913,425,1,586,500,55.283,47.170,475,44.811
1597,1597,53.233,767.880,200.344,72.442,18.900,428,1,586,500,55.283,47.170,475,44.811
1598,1598,53.267,767.841,200.088,72.438,18.876,425,1,586,500,55.283,47.170,475,44.811
1599,1599,53.300,767.893,199.798,72.443,18.849,431,1,586,500,55.283,47.170,475,44.811
1600,1600,53.333,767.866,199.464,72.440,18.817,442,1,586,500,55.283,47.170,475,44.811
1601,1601,53.367,767.880,199.302,72.442,18.802,441,1,586,500,55.283,47.170,475,44.811
1602,1602,53.400,767.995,198.618,72.452,18.738,457,1,586,500,55.283,47.170,475,44.811
1603,1603,53.433,768.048,198.058,72.457,18.685,473,1,586,500,55.283,47.170,475,44.811
1604,1604,53.467,768.149,197.994,72.467,18.679,464,1,586,500,55.283,47.170,475,44.811
1605,1605,53.500,768.260,197.513,72.477,18.633,471,1,586,500,55.283,47.170,475,44.811
1606,1606,53.533,768.260,197.025,72.477,18.587,474,1,586,500,55.283,47.170,475,44.811
1607,1607,53.567,768.350,196.546,72.486,18.542,475,1,586,500,55.283,47.170,475,44.811
1608,1608,53.600,768.448,195.919,72.495,18.483,479,1,586,500,55.283,47.170,475,44.811
1609,1609,53.633,768.551,195.400,72.505,18.434,486,1,586,500,55.283,47.170,475,44.811
1610,1610,53.667,768.556,195.245,72.505,18.419,479,1,586,500,55.283,47.170,475,44.811
1611,1611,53.700,768.660,194.630,72.515,18.361,489,1,586,500,55.283,47.170,475,44.811
1612,1612,53.733,768.711,194.141,72.520,18.315,485,1,586,500,55.283,47.170,475,44.811
1613,1613,53.767,768.885,193.327,72.536,18.238,461,1,586,500,55.283,47.170,475,44.811
1614,1614,53.800,768.889,192.692,72.537,18.178,459,1,586,500,55.283,47.170,475,44.811
1615,1615,53.833,768.998,191.955,72.547,18.109,446,1,586,500,55.283,47.170,475,44.811
1616,1616,53.867,769.114,191.420,72.558,18.059,430,1,586,500,55.283,47.170,475,44.811
1617,1617,53.900,769.207,190.718,72.567,17.992,424,1,586,500,55.283,47.170,475,44.811
1618,1618,53.933,769.236,189.889,72.569,17.914,426,1,586,500,55.283,47.170,475,44.811
1619,1619,53.967,769.254,189.831,72.571,17.909,412,1,586,500,55.283,47.170,475,44.811
1620,1620,54.000,769.242,189.933,72.570,17.918,416,1,586,500,55.283,47.170,475,44.811
1621,1621,54.033,769.428,189.805,72.588,17.906,428,1,586,500,55.283,47.170,475,44.811
1622,1622,54.067,769.504,189.822,72.595,17.908,410,1,586,500,55.283,47.170,475,44.811
1623,1623,54.100,769.577,189.832,72.602,17.909,415,1,586,500,55.283,47.170,475,44.811
1624,1624,54.133,769.669,189.903,72.610,17.915,419,1,586,500,55.283,47.170,475,44.811
1625,1625,54.167,769.683,189.773,72.612,17.903,418,1,586,500,55.283,47.170,475,44.811
1626,1626,54.200,769.665,189.753,72.610,17.901,419,1,586,500,55.283,47.170,475,44.811
1627,1627,54.233,769.655,189.514,72.609,17.879,422,1,586,500,55.283,47.170,475,44.811
1628,1628,54.267,769.605,189.631,72.604,17.890,414,1,586,500,55.283,47.170,475,44.811
1629,1629,54.300,769.629,189.371,72.607,17.865,425,1,586,500,55.283,47.170,475,44.811
1630,1630,54.333,769.605,189.036,72.604,17.834,430,1,586,500,55.283,47.170,475,44.811
1631,1631,54.367,769.706,188.312,72.614,17.765,429,1,586,500,55.283,47.170,475,44.811
1632,1632,54.400,769.805,187.727,72.623,17.710,442,1,586,500,55.283,47.170,475,44.811
1633,1633,54.433,769.776,187.423,72.620,17.681,456,1,586,500,55.283,47.170,475,44.811
1634,1634,54.467,769.766,187.140,72.619,17.655,456,1,586,500,55.283,47.170,475,44.811
1635,1635,54.500,769.868,186.094,72.629,17.556,473,1,586,500,55.283,47.170,475,44.811
1636,1636,54.533,769.847,185.933,72.627,17.541,476,1,586,500,55.283,47.170,475,44.811
1637,1637,54.567,769.963,185.352,72.638,17.486,480,1,586,500,55.283,47.170,475,44.811
1638,1638,54.600,769.988,184.881,72.640,17.442,489,1,586,500,55.283,47.170,475,44.811
1639,1639,54.633,770.058,184.116,72.647,17.369,500,1,586,500,55.283,47.170,475,44.811
1640,1640,54.667,770.101,183.628,72.651,17.323,500,1,586,500,55.283,47.170,475,44.811
1641,1641,54.700,770.122,182.879,72.653,17.253,509,1,586,500,55.283,47.170,475,44.811
1642,1642,54.733,770.177,182.579,72.658,17.224,520,1,586,500,55.283,47.170,475,44.811
1643,1643,54.767,770.273,181.868,72.667,17.157,507,1,586,500,55.283,47.170,475,44.811
1644,1644,54.800,770.245,181.861,72.665,17.157,506,1,586,500,55.283,47.170,475,44.811
1645,1645,54.833,770.258,181.825,72.666,17.153,511,1,586,500,55.283,47.170,475,44.811
1646,1646,54.867,770.283,182.043,72.668,17.174,496,1,586,500,55.283,47.170,475,44.811
1647,1647,54.900,770.283,182.005,72.668,17.170,495,1,586,500,55.283,47.170,475,44.811
1648,1648,54.933,770.325,181.635,72.672,17.135,502,1,586,500,55.283,47.170,475,44.811
1649,1649,54.967,770.432,181.090,72.682,17.084,490,1,586,500,55.283,47.170,475,44.811
1650,1650,55.000,770.511,180.540,72.690,17.032,481,1,586,500,55.283,47.170,475,44.811
1651,1651,55.033,770.595,179.992,72.698,16.980,464,1,586,500,55.283,47.170,475,44.811
1652,1652,55.067,770.747,179.126,72.712,16.899,447,1,586,500,55.283,47.170,475,44.811
1653,1653,55.100,770.792,179.014,72.716,16.888,432,1,586,500,55.283,47.170,475,44.811
1654,1654,55.133,770.856,178.572,72.722,16.846,427,1,586,500,55.283,47.170,475,44.811
1655,1655,55.167,770.929,178.567,72.729,16.846,420,1,586,500,55.283,47.170,475,44.811
1656,1656,55.200,770.970,178.576,72.733,16.847,416,1,586,500,55.283,47.170,475,44.811
1657,1657,55.233,770.999,178.435,72.736,16.834,425,1,586,500,55.283,47.170,475,44.811
1658,1658,55.267,771.013,178.787,72.737,16.867,423,1,586,500,55.283,47.170,475,44.811
1659,1659,55.300,771.009,178.874,72.737,16.875,421,1,586,500,55.283,47.170,475,44.811
1660,1660,55.333,770.950,178.936,72.731,16.881,433,1,586,500,55.283,47.170,475,44.811
1661,1661,55.367,771.000,178.739,72.736,16.862,427,1,586,500,55.283,47.170,475,44.811
1662,1662,55.400,771.048,178.309,72.740,16.822,431,1,586,500,55.283,47.170,475,44.811
1663,1663,55.433,771.000,178.235,72.736,16.815,436,1,586,500,55.283,47.170,475,44.811
1664,1664,55.467,771.028,177.828,72.738,16.776,436,1,586,500,55.283,47.170,475,44.811
1665,1665,55.500,771.020,177.464,72.738,16.742,442,1,586,500,55.283,47.170,475,44.811
1666,1666,55.533,771.109,176.761,72.746,16.676,460,1,586,500,55.283,47.170,475,44.811
1667,1667,55.567,771.163,175.979,72.751,16.602,460,1,586,500,55.283,47.170,475,44.811
1668,1668,55.600,771.160,175.389,72.751,16.546,461,1,586,500,55.283,47.170,475,44.811
1669,1669,55.633,771.206,174.693,72.755,16.480,473,1,586,500,55.283,47.170,475,44.811
1670,1670,55.667,771.379,173.453,72.772,16.363,475,1,586,500,55.283,47.170,475,44.811
1671,1671,55.700,771.452,172.848,72.779,16.306,469,1,586,500,55.283,47.170,475,44.811
1672,1672,55.733,771.551,171.858,72.788,16.213,474,1,586,500,55.283,47.170,475,44.811
1673,1673,55.767,771.597,171.003,72.792,16.132,466,1,586,500,55.283,47.170,475,44.811
1674,1674,55.800,771.672,170.582,72.799,16.093,452,1,586,500,55.283,47.170,475,44.811
1675,1675,55.833,771.744,169.824,72.806,16.021,452,1,586,500,55.283,47.170,475,44.811
1676,1676,55.867,771.823,168.773,72.814,15.922,436,1,586,500,55.283,47.170,475,44.811
1677,1677,55.900,771.871,168.082,72.818,15.857,426,1,586,500,55.283,47.170,475,44.811
1678,1678,55.933,771.958,167.748,72.826,15.825,431,1,586,500,55.283,47.170,475,44.811
1679,1679,55.967,772.022,167.580,72.832,15.809,422,1,586,500,55.283,47.170,475,44.811
1680,1680,56.000,772.042,167.618,72.834,15.813,415,1,586,500,55.283,47.170,475,44.811
1681,1681,56.033,772.077,167.581,72.837,15.810,421,1,586,500,55.283,47.170,475,44.811
1682,1682,56.067,772.088,167.671,72.839,15.818,421,1,586,500,55.283,47.170,475,44.811
1683,1683,56.100,772.068,167.920,72.837,15.842,415,1,586,500,55.283,47.170,475,44.811
1684,1684,56.133,772.066,167.658,72.836,15.817,423,1,586,500,55.283,47.170,475,44.811
1685,1685,56.167,772.106,167.625,72.840,15.814,416,1,586,500,55.283,47.170,475,44.811
1686,1686,56.200,772.113,167.280,72.841,15.781,412,1,586,500,55.283,47.170,475,44.811
1687,1687,56.233,772.164,167.080,72.846,15.762,422,1,586,500,55.283,47.170,475,44.811
1688,1688,56.267,772.156,166.735,72.845,15.730,429,1,586,500,55.283,47.170,475,44.811
1689,1689,56.300,772.095,166.245,72.839,15.683,433,1,586,500,55.283,47.170,475,44.811
1690,1690,56.333,772.212,165.588,72.850,15.621,455,1,586,500,55.283,47.170,475,44.811
1691,1691,56.367,772.205,165.284,72.850,15.593,460,1,586,500,55.283,47.170,475,44.811
1692,1692,56.400,772.202,164.764,72.849,15.544,469,1,586,500,55.283,47.170,475,44.811
1693,1693,56.433,772.247,164.389,72.854,15.508,478,1,586,500,55.283,47.170,475,44.811
1694,1694,56.467,772.317,163.543,72.860,15.429,478,1,586,500,55.283,47.170,475,44.811
1695,1695,56.500,772.234,162.931,72.852,15.371,476,1,586,500,55.283,47.170,475,44.811
1696,1696,56.533,772.323,162.531,72.861,15.333,488,1,586,500,55.283,47.170,475,44.811
1697,1697,56.567,772.406,161.599,72.868,15.245,493,1,586,500,55.283,47.170,475,44.811
1698,1698,56.600,772.448,160.985,72.872,15.187,473,1,586,500,55.283,47.170,475,44.811
1699,1699,56.633,772.534,160.368,72.881,15.129,480,1,586,500,55.283,47.170,475,44.811
1700,1700,56.667,772.630,159.697,72.890,15.066,478,1,586,500,55.283,47.170,475,44.811
1701,1701,56.700,772.662,158.785,72.893,14.980,469,1,586,500,55.283,47.170,475,44.811
1702,1702,56.733,772.733,158.137,72.899,14.919,478,1,586,500,55.283,47.170,475,44.811
1703,1703,56.767,772.820,157.435,72.908,14.852,466,1,586,500,55.283,47.170,475,44.811
1704,1704,56.800,772.899,157.001,72.915,14.811,444,1,586,500,55.283,47.170,475,44.811
1705,1705,56.833,772.877,156.557,72.913,14.770,438,1,586,500,55.283,47.170,475,44.811
1706,1706,56.867,772.932,156.374,72.918,14.752,433,1,586,500,55.283,47.170,475,44.811
1707,1707,56.900,772.966,156.558,72.921,14.770,419,1,586,500,55.283,47.170,475,44.811
1708,1708,56.933,772.968,156.637,72.921,14.777,424,1,586,500,55.283,47.170,475,44.811
1709,1709,56.967,772.996,156.724,72.924,14.785,424,1,586,500,55.283,47.170,475,44.811
1710,1710,57.000,773.099,157.247,72.934,14.835,426,1,586,500,55.283,47.170,475,44.811
1711,1711,57.033,773.037,156.910,72.928,14.803,424,1,586,500,55.283,47.170,475,44.811
1712,1712,57.067,773.028,156.747,72.927,14.787,427,1,586,500,55.283,47.170,475,44.811
1713,1713,57.100,772.987,157.076,72.923,14.818,416,1,586,500,55.283,47.170,475,44.811
1714,1714,57.133,773.059,156.748,72.930,14.788,424,1,586,500,55.283,47.170,475,44.811
1715,1715,57.167,773.037,156.588,72.928,14.772,424,1,586,500,55.283,47.170,475,44.811
1716,1716,57.200,773.015,156.352,72.926,14.750,419,1,586,500,55.283,47.170,475,44.811
1717,1717,57.233,773.022,155.944,72.927,14.712,432,1,586,500,55.283,47.170,475,44.811
1718,1718,57.267,773.017,155.130,72.926,14.635,449,1,586,500,55.283,47.170,475,44.811
1719,1719,57.300,773.027,154.615,72.927,14.586,455,1,586,500,55.283,47.170,475,44.811
1720,1720,57.333,773.027,153.682,72.927,14.498,468,1,586,500,55.283,47.170,475,44.811
1721,1721,57.367,773.045,152.496,72.929,14.386,483,1,586,500,55.283,47.170,475,44.811
1722,1722,57.400,773.026,152.291,72.927,14.367,477,1,586,500,55.283,47.170,475,44.811
1723,1723,57.433,773.000,151.621,72.924,14.304,487,1,586,500,55.283,47.170,475,44.811
1724,1724,57.467,773.029,150.767,72.927,14.223,493,1,586,500,55.283,47.170,475,44.811
1725,1725,57.500,773.059,150.452,72.930,14.194,488,1,586,500,55.283,47.170,475,44.811
1726,1726,57.533,773.090,150.268,72.933,14.176,486,1,586,500,55.283,47.170,475,44.811
1727,1727,57.567,773.007,149.659,72.925,14.119,491,1,586,500,55.283,47.170,475,44.811
1728,1728,57.600,773.014,149.159,72.926,14.072,479,1,586,500,55.283,47.170,475,44.811
1729,1729,57.633,772.951,148.912,72.920,14.048,465,1,586,500,55.283,47.170,475,44.811
1730,1730,57.667,772.928,147.935,72.918,13.956,465,1,586,500,55.283,47.170,475,44.811
1731,1731,57.700,772.913,147.273,72.916,13.894,448,1,586,500,55.283,47.170,475,44.811
1732,1732,57.733,772.902,146.674,72.915,13.837,444,1,586,500,55.283,47.170,475,44.811
1733,1733,57.767,773.012,146.350,72.926,13.807,433,1,586,500,55.283,47.170,475,44.811
1734,1734,57.800,773.046,145.877,72.929,13.762,423,1,586,500,55.283,47.170,475,44.811
1735,1735,57.833,773.100,145.734,72.934,13.748,423,1,586,500,55.283,47.170,475,44.811
1736,1736,57.867,773.161,145.863,72.940,13.761,423,1,586,500,55.283,47.170,475,44.811
1737,1737,57.900,773.309,145.842,72.954,13.759,409,1,586,500,55.283,47.170,475,44.811
1738,1738,57.933,773.416,145.892,72.964,13.763,406,1,586,500,55.283,47.170,475,44.811
1739,1739,57.967,773.517,145.633,72.973,13.739,419,1,586,500,55.283,47.170,475,44.811
1740,1740,58.000,773.500,145.713,72.972,13.747,414,1,586,500,55.283,47.170,475,44.811
1741,1741,58.033,773.605,145.742,72.982,13.749,420,1,586,500,55.283,47.170,475,44.811
1742,1742,58.067,773.465,145.321,72.968,13.710,426,1,586,500,55.283,47.170,475,44.811
1743,1743,58.100,773.326,144.869,72.955,13.667,428,1,586,500,55.283,47.170,475,44.811
1744,1744,58.133,773.304,144.595,72.953,13.641,434,1,586,500,55.283,47.170,475,44.811
1745,1745,58.167,773.290,144.221,72.952,13.606,441,1,586,500,55.283,47.170,475,44.811
1746,1746,58.200,773.257,143.890,72.949,13.575,441,1,586,500,55.283,47.170,475,44.811
1747,1747,58.233,773.245,143.528,72.948,13.540,447,1,586,500,55.283,47.170,475,44.811
1748,1748,58.267,773.227,142.910,72.946,13.482,464,1,586,500,55.283,47.170,475,44.811
1749,1749,58.300,773.180,142.107,72.942,13.406,471,1,586,500,55.283,47.170,475,44.811
1750,1750,58.333,773.163,141.514,72.940,13.350,479,1,586,500,55.283,47.170,475,44.811
1751,1751,58.367,773.116,140.960,72.936,13.298,488,1,586,500,55.283,47.170,475,44.811
1752,1752,58.400,773.155,140.489,72.939,13.254,481,1,586,500,55.283,47.170,475,44.811
1753,1753,58.433,773.114,139.981,72.935,13.206,485,1,586,500,55.283,47.170,475,44.811
1754,1754,58.467,773.111,139.665,72.935,13.176,491,1,586,500,55.283,47.170,475,44.811
1755,1755,58.500,773.079,139.439,72.932,13.155,486,1,586,500,55.283,47.170,475,44.811
1756,1756,58.533,773.086,139.076,72.933,13.120,481,1,586,500,55.283,47.170,475,44.811
1757,1757,58.567,773.033,138.131,72.928,13.031,482,1,586,500,55.283,47.170,475,44.811
1758,1758,58.600,773.028,137.679,72.927,12.989,463,1,586,500,55.283,47.170,475,44.811
1759,1759,58.633,772.982,136.952,72.923,12.920,457,1,586,500,55.283,47.170,475,44.811
1760,1760,58.667,772.977,136.138,72.922,12.843,455,1,586,500,55.283,47.170,475,44.811
1761,1761,58.700,772.930,135.625,72.918,12.795,446,1,586,500,55.283,47.170,475,44.811
1762,1762,58.733,772.926,135.287,72.918,12.763,434,1,586,500,55.283,47.170,475,44.811
1763,1763,58.767,772.931,134.895,72.918,12.726,432,1,586,500,55.283,47.170,475,44.811
1764,1764,58.800,773.014,134.793,72.926,12.716,424,1,586,500,55.283,47.170,475,44.811
1765,1765,58.833,773.045,134.741,72.929,12.711,420,1,586,500,55.283,47.170,475,44.811
1766,1766,58.867,773.106,134.838,72.935,12.721,420,1,586,500,55.283,47.170,475,44.811
1767,1767,58.900,773.162,134.854,72.940,12.722,411,1,586,500,55.283,47.170,475,44.811
1768,1768,58.933,773.173,134.954,72.941,12.732,411,1,586,500,55.283,47.170,475,44.811
1769,1769,58.967,773.107,134.816,72.935,12.719,418,1,586,500,55.283,47.170,475,44.811
1770,1770,59.000,773.195,134.917,72.943,12.728,413,1,586,500,55.283,47.170,475,44.811
1771,1771,59.033,773.250,134.868,72.948,12.723,406,1,586,500,55.283,47.170,475,44.811
1772,1772,59.067,773.103,134.280,72.934,12.668,434,1,586,500,55.283,47.170,475,44.811
1773,1773,59.100,773.155,134.197,72.939,12.660,438,1,586,500,55.283,47.170,475,44.811
1774,1774,59.133,773.173,133.579,72.941,12.602,437,1,586,500,55.283,47.170,475,44.811
1775,1775,59.167,773.150,132.761,72.939,12.525,454,1,586,500,55.283,47.170,475,44.811
1776,1776,59.200,773.110,132.206,72.935,12.472,459,1,586,500,55.283,47.170,475,44.811
1777,1777,59.233,773.059,131.915,72.930,12.445,456,1,586,500,55.283,47.170,475,44.811
1778,1778,59.267,773.023,131.316,72.927,12.388,470,1,586,500,55.283,47.170,475,44.811
1779,1779,59.300,772.988,130.611,72.923,12.322,471,1,586,500,55.283,47.170,475,44.811
1780,1780,59.333,772.985,130.414,72.923,12.303,465,1,586,500,55.283,47.170,475,44.811
1781,1781,59.367,772.972,129.557,72.922,12.222,481,1,586,500,55.283,47.170,475,44.811
1782,1782,59.400,772.950,129.273,72.920,12.196,475,1,586,500,55.283,47.170,475,44.811
1783,1783,59.433,772.942,129.315,72.919,12.200,473,1,586,500,55.283,47.170,475,44.811
1784,1784,59.467,772.913,128.624,72.916,12.134,477,1,586,500,55.283,47.170,475,44.811
1785,1785,59.500,772.909,128.530,72.916,12.125,467,1,586,500,55.283,47.170,475,44.811
1786,1786,59.533,772.955,127.877,72.920,12.064,460,1,586,500,55.283,47.170,475,44.811
1787,1787,59.567,772.961,127.093,72.921,11.990,471,1,586,500,55.283,47.170,475,44.811
1788,1788,59.600,772.975,126.542,72.922,11.938,466,1,586,500,55.283,47.170,475,44.811
1789,1789,59.633,772.928,125.409,72.918,11.831,455,1,586,500,55.283,47.170,475,44.811
1790,1790,59.667,772.847,124.644,72.910,11.759,456,1,586,500,55.283,47.170,475,44.811
1791,1791,59.700,772.816,124.129,72.907,11.710,445,1,586,500,55.283,47.170,475,44.811
1792,1792,59.733,772.801,124.070,72.906,11.705,423,1,586,500,55.283,47.170,475,44.811
1793,1793,59.767,772.850,123.888,72.910,11.688,429,1,586,500,55.283,47.170,475,44.811
1794,1794,59.800,772.876,123.702,72.913,11.670,417,1,586,500,55.283,47.170,475,44.811
1795,1795,59.833,772.897,123.961,72.915,11.694,406,1,586,500,55.283,47.170,475,44.811
1796,1796,59.867,772.877,123.991,72.913,11.697,417,1,586,500,55.283,47.170,475,44.811
1797,1797,59.900,772.919,123.972,72.917,11.696,417,1,586,500,55.283,47.170,475,44.811
1798,1798,59.933,772.895,124.259,72.915,11.723,406,1,586,500,55.283,47.170,475,44.811
1799,1799,59.967,772.846,124.220,72.910,11.719,413,1,586,500,55.283,47.170,475,44.811
1800,1800,60.000,772.836,123.947,72.909,11.693,418,1,586,500,55.283,47.170,475,44.811
1801,1801,60.033,772.825,123.776,72.908,11.677,405,1,586,500,55.283,47.170,475,44.811
1802,1802,60.067,772.833,123.367,72.909,11.638,419,1,586,500,55.283,47.170,475,44.811
1803,1803,60.100,772.818,122.598,72.907,11.566,434,1,586,500,55.283,47.170,475,44.811
1804,1804,60.133,772.941,122.340,72.919,11.542,433,1,586,500,55.283,47.170,475,44.811
1805,1805,60.167,772.836,121.657,72.909,11.477,452,1,586,500,55.283,47.170,475,44.811
1806,1806,60.200,772.819,121.501,72.907,11.462,457,1,586,500,55.283,47.170,475,44.811
1807,1807,60.233,772.738,120.811,72.900,11.397,452,1,586,500,55.283,47.170,475,44.811
1808,1808,60.267,772.695,120.047,72.896,11.325,473,1,586,500,55.283,47.170,475,44.811
1809,1809,60.300,772.711,119.747,72.897,11.297,475,1,586,500,55.283,47.170,475,44.811
1810,1810,60.333,772.748,119.509,72.901,11.274,471,1,586,500,55.283,47.170,475,44.811
1811,1811,60.367,772.684,119.081,72.895,11.234,481,1,586,500,55.283,47.170,475,44.811
1812,1812,60.400,772.616,118.556,72.888,11.185,487,1,586,500,55.283,47.170,475,44.811
1813,1813,60.433,772.571,118.164,72.884,11.148,480,1,586,500,55.283,47.170,475,44.811
1814,1814,60.467,772.665,118.128,72.893,11.144,482,1,586,500,55.283,47.170,475,44.811
1815,1815,60.500,772.661,117.341,72.893,11.070,479,1,586,500,55.283,47.170,475,44.811
1816,1816,60.533,772.845,116.387,72.910,10.980,463,1,586,500,55.283,47.170,475,44.811
1817,1817,60.567,772.882,115.818,72.913,10.926,459,1,586,500,55.283,47.170,475,44.811
1818,1818,60.600,772.861,114.904,72.911,10.840,454,1,586,500,55.283,47.170,475,44.811
1819,1819,60.633,772.879,113.824,72.913,10.738,438,1,586,500,55.283,47.170,475,44.811
1820,1820,60.667,772.856,113.522,72.911,10.710,445,1,586,500,55.283,47.170,475,44.811
1821,1821,60.700,772.889,112.804,72.914,10.642,445,1,586,500,55.283,47.170,475,44.811
1822,1822,60.733,772.866,113.051,72.912,10.665,437,1,586,500,55.283,47.170,475,44.811
1823,1823,60.767,772.798,113.088,72.905,10.669,436,1,586,500,55.283,47.170,475,44.811
1824,1824,60.800,772.785,112.963,72.904,10.657,439,1,586,500,55.283,47.170,475,44.811
1825,1825,60.833,772.554,113.196,72.882,10.679,412,1,586,500,55.283,47.170,475,44.811
1826,1826,60.867,772.499,113.576,72.877,10.715,420,1,586,500,55.283,47.170,475,44.811
1827,1827,60.900,772.364,113.555,72.865,10.713,425,1,586,500,55.283,47.170,475,44.811
1828,1828,60.933,772.325,113.563,72.861,10.714,407,1,586,500,55.283,47.170,475,44.811
1829,1829,60.967,772.271,113.241,72.856,10.683,419,1,586,500,55.283,47.170,475,44.811
1830,1830,61.000,772.277,113.092,72.856,10.669,423,1,586,500,55.283,47.170,475,44.811
1831,1831,61.033,772.256,112.996,72.854,10.660,423,1,586,500,55.283,47.170,475,44.811
1832,1832,61.067,772.234,112.941,72.852,10.655,428,1,586,500,55.283,47.170,475,44.811
1833,1833,61.100,772.232,112.406,72.852,10.604,433,1,586,500,55.283,47.170,475,44.811
1834,1834,61.133,772.226,112.345,72.851,10.599,431,1,586,500,55.283,47.170,475,44.811
1835,1835,61.167,772.218,112.196,72.851,10.585,436,1,586,500,55.283,47.170,475,44.811
1836,1836,61.200,772.200,111.544,72.849,10.523,452,1,586,500,55.283,47.170,475,44.811
1837,1837,61.233,772.234,111.359,72.852,10.506,448,1,586,500,55.283,47.170,475,44.811
1838,1838,61.267,772.196,111.148,72.849,10.486,457,1,586,500,55.283,47.170,475,44.811
1839,1839,61.300,772.182,111.016,72.847,10.473,465,1,586,500,55.283,47.170,475,44.811
1840,1840,61.333,772.200,110.570,72.849,10.431,467,1,586,500,55.283,47.170,475,44.811
1841,1841,61.367,772.180,110.242,72.847,10.400,479,1,586,500,55.283,47.170,475,44.811
1842,1842,61.400,772.202,110.204,72.849,10.397,482,1,586,500,55.283,47.170,475,44.811
1843,1843,61.433,772.265,109.874,72.855,10.365,479,1,586,500,55.283,47.170,475,44.811
1844,1844,61.467,772.300,109.815,72.859,10.360,483,1,586,500,55.283,47.170,475,44.811
1845,1845,61.500,772.336,109.426,72.862,10.323,490,1,586,500,55.283,47.170,475,44.811
1846,1846,61.533,772.306,109.432,72.859,10.324,487,1,586,500,55.283,47.170,475,44.811
1847,1847,61.567,772.332,109.111,72.861,10.294,494,1,586,500,55.283,47.170,475,44.811
1848,1848,61.600,772.321,108.984,72.860,10.282,499,1,586,500,55.283,47.170,475,44.811
1849,1849,61.633,772.343,109.141,72.863,10.296,493,1,586,500,55.283,47.170,475,44.811
1850,1850,61.667,772.390,109.013,72.867,10.284,497,1,586,500,55.283,47.170,475,44.811
1851,1851,61.700,772.394,108.944,72.867,10.278,499,1,586,500,55.283,47.170,475,44.811
1852,1852,61.733,772.485,109.019,72.876,10.285,491,1,586,500,55.283,47.170,475,44.811
1853,1853,61.767,772.435,109.371,72.871,10.318,484,1,586,500,55.283,47.170,475,44.811
1854,1854,61.800,772.461,109.600,72.874,10.340,492,1,586,500,55.283,47.170,475,44.811
1855,1855,61.833,772.382,109.883,72.866,10.366,479,1,586,500,55.283,47.170,475,44.811
1856,1856,61.867,772.347,110.146,72.863,10.391,472,1,586,500,55.283,47.170,475,44.811
1857,1857,61.900,772.310,110.432,72.859,10.418,469,1,586,500,55.283,47.170,475,44.811
1858,1858,61.933,772.273,110.704,72.856,10.444,458,1,586,500,55.283,47.170,475,44.811
1859,1859,61.967,772.243,110.746,72.853,10.448,467,1,586,500,55.283,47.170,475,44.811
1860,1860,62.000,772.246,110.916,72.853,10.464,470,1,586,500,55.283,47.170,475,44.811
1861,1861,62.033,772.484,110.849,72.876,10.457,448,1,586,500,55.283,47.170,475,44.811
1862,1862,62.067,772.476,110.824,72.875,10.455,449,1,586,500,55.283,47.170,475,44.811
1863,1863,62.100,772.384,110.494,72.866,10.424,462,1,586,500,55.283,47.170,475,44.811
1864,1864,62.133,772.406,110.541,72.868,10.428,456,1,586,500,55.283,47.170,475,44.811
1865,1865,62.167,772.400,110.568,72.868,10.431,457,1,586,500,55.283,47.170,475,44.811
1866,1866,62.200,772.425,110.473,72.870,10.422,459,1,586,500,55.283,47.170,475,44.811
1867,1867,62.233,772.349,110.478,72.863,10.422,456,1,586,500,55.283,47.170,475,44.811
1868,1868,62.267,772.224,110.188,72.851,10.395,466,1,586,500,55.283,47.170,475,44.811
1869,1869,62.300,772.101,109.999,72.840,10.377,474,1,586,500,55.283,47.170,475,44.811
1870,1870,62.333,772.003,109.638,72.831,10.343,468,1,586,500,55.283,47.170,475,44.811
1871,1871,62.367,771.939,109.648,72.824,10.344,474,1,586,500,55.283,47.170,475,44.811
1872,1872,62.400,771.812,109.292,72.812,10.311,480,1,586,500,55.283,47.170,475,44.811
1873,1873,62.433,771.772,109.060,72.809,10.289,475,1,586,500,55.283,47.170,475,44.811
1874,1874,62.467,771.731,108.920,72.805,10.275,474,1,586,500,55.283,47.170,475,44.811
1875,1875,62.500,771.631,108.419,72.795,10.228,475,1,586,500,55.283,47.170,475,44.811
1876,1876,62.533,771.544,107.573,72.787,10.148,465,1,586,500,55.283,47.170,475,44.811
1877,1877,62.567,771.425,107.106,72.776,10.104,455,1,586,500,55.283,47.170,475,44.811
1878,1878,62.600,771.321,106.548,72.766,10.052,452,1,586,500,55.283,47.170,475,44.811
1879,1879,62.633,771.052,105.767,72.741,9.978,426,1,586,500,55.283,47.170,475,44.811
1880,1880,62.667,770.828,104.767,72.720,9.884,420,1,586,500,55.283,47.170,475,44.811
1881,1881,62.700,770.635,104.217,72.701,9.832,434,1,586,500,55.283,47.170,475,44.811
1882,1882,62.733,770.694,104.096,72.707,9.820,430,1,586,500,55.283,47.170,475,44.811
1883,1883,62.767,770.762,104.042,72.713,9.815,423,1,586,500,55.283,47.170,475,44.811
1884,1884,62.800,770.778,103.784,72.715,9.791,423,1,586,500,55.283,47.170,475,44.811
1885,1885,62.833,770.875,103.891,72.724,9.801,414,1,586,500,55.283,47.170,475,44.811
1886,1886,62.867,771.053,104.168,72.741,9.827,411,1,586,500,55.283,47.170,475,44.811
1887,1887,62.900,771.104,103.999,72.746,9.811,421,1,586,500,55.283,47.170,475,44.811
1888,1888,62.933,771.080,103.750,72.743,9.788,422,1,586,500,55.283,47.170,475,44.811
1889,1889,62.967,770.945,103.699,72.731,9.783,408,1,586,500,55.283,47.170,475,44.811
1890,1890,63.000,770.697,103.584,72.707,9.772,429,1,586,500,55.283,47.170,475,44.811
1891,1891,63.033,770.595,103.472,72.698,9.762,427,1,586,500,55.283,47.170,475,44.811
1892,1892,63.067,770.307,103.001,72.670,9.717,422,1,586,500,55.283,47.170,475,44.811
1893,1893,63.100,769.974,102.256,72.639,9.647,442,1,586,500,55.283,47.170,475,44.811
1894,1894,63.133,769.886,101.819,72.631,9.606,444,1,586,500,55.283,47.170,475,44.811
1895,1895,63.167,769.744,101.498,72.617,9.575,454,1,586,500,55.283,47.170,475,44.811
1896,1896,63.200,769.592,101.145,72.603,9.542,465,1,586,500,55.283,47.170,475,44.811
1897,1897,63.233,769.435,100.557,72.588,9.486,466,1,586,500,55.283,47.170,475,44.811
1898,1898,63.267,769.383,100.116,72.583,9.445,457,1,586,500,55.283,47.170,475,44.811
1899,1899,63.300,769.010,99.346,72.548,9.372,473,1,586,500,55.283,47.170,475,44.811
1900,1900,63.333,768.941,98.913,72.542,9.331,468,1,586,500,55.283,47.170,475,44.811
1901,1901,63.367,768.729,98.427,72.522,9.286,464,1,586,500,55.283,47.170,475,44.811
1902,1902,63.400,768.408,97.903,72.491,9.236,475,1,586,500,55.283,47.170,475,44.811
1903,1903,63.433,768.282,97.255,72.479,9.175,462,1,586,500,55.283,47.170,475,44.811
1904,1904,63.467,768.010,96.733,72.454,9.126,443,1,586,500,55.283,47.170,475,44.811
1905,1905,63.500,767.721,95.919,72.427,9.049,447,1,586,500,55.283,47.170,475,44.811
1906,1906,63.533,767.446,94.998,72.401,8.962,442,1,586,500,55.283,47.170,475,44.811
1907,1907,63.567,767.289,94.346,72.386,8.901,432,1,586,500,55.283,47.170,475,44.811
1908,1908,63.600,767.281,94.265,72.385,8.893,437,1,586,500,55.283,47.170,475,44.811
1909,1909,63.633,767.342,93.816,72.391,8.851,430,1,586,500,55.283,47.170,475,44.811
1910,1910,63.667,767.617,94.317,72.417,8.898,411,1,586,500,55.283,47.170,475,44.811
1911,1911,63.700,767.664,94.182,72.421,8.885,427,1,586,500,55.283,47.170,475,44.811
1912,1912,63.733,767.792,94.221,72.433,8.889,419,1,586,500,55.283,47.170,475,44.811
1913,1913,63.767,768.016,94.379,72.454,8.904,404,1,586,500,55.283,47.170,475,44.811
1914,1914,63.800,767.974,94.402,72.450,8.906,414,1,586,500,55.283,47.170,475,44.811
1915,1915,63.833,767.952,94.249,72.448,8.891,416,1,586,500,55.283,47.170,475,44.811
1916,1916,63.867,767.946,94.195,72.448,8.886,409,1,586,500,55.283,47.170,475,44.811
1917,1917,63.900,767.846,94.084,72.438,8.876,422,1,586,500,55.283,47.170,475,44.811
1918,1918,63.933,767.757,93.915,72.430,8.860,420,1,586,500,55.283,47.170,475,44.811
1919,1919,63.967,767.613,93.556,72.416,8.826,415,1,586,500,55.283,47.170,475,44.811
1920,1920,64.000,767.331,93.169,72.390,8.790,434,1,586,500,55.283,47.170,475,44.811
1921,1921,64.033,766.961,92.154,72.355,8.694,449,1,586,500,55.283,47.170,475,44.811
1922,1922,64.067,766.911,92.087,72.350,8.687,445,1,586,500,55.283,47.170,475,44.811
1923,1923,64.100,766.545,91.337,72.316,8.617,456,1,586,500,55.283,47.170,475,44.811
1924,1924,64.133,766.517,91.222,72.313,8.606,457,1,586,500,55.283,47.170,475,44.811
1925,1925,64.167,766.461,90.834,72.308,8.569,453,1,586,500,55.283,47.170,475,44.811
1926,1926,64.200,766.173,90.355,72.280,8.524,465,1,586,500,55.283,47.170,475,44.811
1927,1927,64.233,765.846,89.811,72.250,8.473,471,1,586,500,55.283,47.170,475,44.811
1928,1928,64.267,765.674,89.286,72.233,8.423,457,1,586,500,55.283,47.170,475,44.811
1929,1929,64.300,765.108,88.582,72.180,8.357,465,1,586,500,55.283,47.170,475,44.811
1930,1930,64.333,764.903,88.067,72.161,8.308,458,1,586,500,55.283,47.170,475,44.811
1931,1931,64.367,764.633,87.402,72.135,8.245,441,1,586,500,55.283,47.170,475,44.811
1932,1932,64.400,764.498,87.170,72.122,8.224,450,1,586,500,55.283,47.170,475,44.811
1933,1933,64.433,764.176,86.493,72.092,8.160,452,1,586,500,55.283,47.170,475,44.811
1934,1934,64.467,764.003,85.913,72.076,8.105,433,1,586,500,55.283,47.170,475,44.811
1935,1935,64.500,763.983,85.865,72.074,8.100,433,1,586,500,55.283,47.170,475,44.811
1936,1936,64.533,763.872,85.582,72.063,8.074,429,1,586,500,55.283,47.170,475,44.811
1937,1937,64.567,763.691,85.027,72.046,8.021,408,1,586,500,55.283,47.170,475,44.811
1938,1938,64.600,763.787,85.070,72.055,8.025,412,1,586,500,55.283,47.170,475,44.811
1939,1939,64.633,763.904,85.134,72.066,8.032,411,1,586,500,55.283,47.170,475,44.811
1940,1940,64.667,764.195,85.323,72.094,8.049,398,1,586,500,55.283,47.170,475,44.811
1941,1941,64.700,764.277,85.538,72.102,8.070,405,1,586,500,55.283,47.170,475,44.811
1942,1942,64.733,764.419,85.772,72.115,8.092,407,1,586,500,55.283,47.170,475,44.811
1943,1943,64.767,764.390,85.473,72.112,8.063,395,1,586,500,55.283,47.170,475,44.811
1944,1944,64.800,764.535,85.610,72.126,8.076,412,1,586,500,55.283,47.170,475,44.811
1945,1945,64.833,764.631,85.599,72.135,8.075,415,1,586,500,55.283,47.170,475,44.811
1946,1946,64.867,764.802,85.584,72.151,8.074,403,1,586,500,55.283,47.170,475,44.811
1947,1947,64.900,764.839,85.615,72.155,8.077,407,1,586,500,55.283,47.170,475,44.811
1948,1948,64.933,764.838,85.605,72.155,8.076,407,1,586,500,55.283,47.170,475,44.811
1949,1949,64.967,764.841,85.483,72.155,8.064,399,1,586,500,55.283,47.170,475,44.811
1950,1950,65.000,764.682,85.004,72.140,8.019,408,1,586,500,55.283,47.170,475,44.811
1951,1951,65.033,764.564,84.946,72.129,8.014,418,1,586,500,55.283,47.170,475,44.811
1952,1952,65.067,764.477,84.933,72.121,8.013,416,1,586,500,55.283,47.170,475,44.811
1953,1953,65.100,764.489,84.964,72.122,8.015,416,1,586,500,55.283,47.170,475,44.811
1954,1954,65.133,764.240,84.685,72.098,7.989,429,1,586,500,55.283,47.170,475,44.811
1955,1955,65.167,764.066,84.360,72.082,7.958,422,1,586,500,55.283,47.170,475,44.811
1956,1956,65.200,763.932,84.419,72.069,7.964,431,1,586,500,55.283,47.170,475,44.811
1957,1957,65.233,763.792,84.134,72.056,7.937,437,1,586,500,55.283,47.170,475,44.811
1958,1958,65.267,763.699,83.880,72.047,7.913,423,1,586,500,55.283,47.170,475,44.811
1959,1959,65.300,763.552,83.643,72.033,7.891,428,1,586,500,55.283,47.170,475,44.811
1960,1960,65.333,763.355,83.111,72.015,7.841,441,1,586,500,55.283,47.170,475,44.811
1961,1961,65.367,763.412,83.077,72.020,7.837,429,1,586,500,55.283,47.170,475,44.811
1962,1962,65.400,763.276,82.932,72.007,7.824,431,1,586,500,55.283,47.170,475,44.811
1963,1963,65.433,763.077,82.188,71.988,7.754,437,1,586,500,55.283,47.170,475,44.811
1964,1964,65.467,762.862,81.762,71.968,7.713,444,1,586,500,55.283,47.170,475,44.811
1965,1965,65.500,762.840,81.597,71.966,7.698,441,1,586,500,55.283,47.170,475,44.811
1966,1966,65.533,762.650,81.370,71.948,7.676,446,1,586,500,55.283,47.170,475,44.811
1967,1967,65.567,762.477,80.823,71.932,7.625,438,1,586,500,55.283,47.170,475,44.811
1968,1968,65.600,762.334,80.446,71.918,7.589,441,1,586,500,55.283,47.170,475,44.811
1969,1969,65.633,762.022,79.651,71.889,7.514,443,1,586,500,55.283,47.170,475,44.811
1970,1970,65.667,761.986,79.207,71.885,7.472,405,1,586,500,55.283,47.170,475,44.811
1971,1971,65.700,761.862,78.904,71.874,7.444,398,1,586,500,55.283,47.170,475,44.811
1972,1972,65.733,761.641,78.065,71.853,7.365,395,1,586,500,55.283,47.170,475,44.811
1973,1973,65.767,761.765,78.012,71.865,7.360,378,1,586,500,55.283,47.170,475,44.811
1974,1974,65.800,761.706,77.948,71.859,7.354,374,1,586,500,55.283,47.170,475,44.811
1975,1975,65.833,761.679,77.978,71.857,7.356,382,1,586,500,55.283,47.170,475,44.811
1976,1976,65.867,761.765,78.109,71.865,7.369,369,1,586,500,55.283,47.170,475,44.811
1977,1977,65.900,761.692,78.220,71.858,7.379,376,1,586,500,55.283,47.170,475,44.811
1978,1978,65.933,761.452,78.131,71.835,7.371,386,1,586,500,55.283,47.170,475,44.811
1979,1979,65.967,761.389,78.255,71.829,7.383,367,1,586,500,55.283,47.170,475,44.811
1980,1980,66.000,761.327,78.158,71.823,7.373,369,1,586,500,55.283,47.170,475,44.811
1981,1981,66.033,761.275,78.169,71.818,7.374,361,1,586,500,55.283,47.170,475,44.811
1982,1982,66.067,761.350,78.171,71.825,7.375,351,1,586,500,55.283,47.170,475,44.811
1983,1983,66.100,761.337,78.160,71.824,7.374,351,1,586,500,55.283,47.170,475,44.811
1984,1984,66.133,761.431,78.151,71.833,7.373,362,1,586,500,55.283,47.170,475,44.811
1985,1985,66.167,761.363,77.903,71.827,7.349,363,1,586,500,55.283,47.170,475,44.811
1986,1986,66.200,761.286,77.815,71.819,7.341,367,1,586,500,55.283,47.170,475,44.811
1987,1987,66.233,761.141,77.367,71.806,7.299,379,1,586,500,55.283,47.170,475,44.811
1988,1988,66.267,761.130,77.271,71.805,7.290,376,1,586,500,55.283,47.170,475,44.811
1989,1989,66.300,761.029,77.106,71.795,7.274,370,1,586,500,55.283,47.170,475,44.811
1990,1990,66.333,760.821,76.766,71.776,7.242,380,1,586,500,55.283,47.170,475,44.811
1991,1991,66.367,760.673,76.432,71.762,7.211,370,1,586,500,55.283,47.170,475,44.811
1992,1992,66.400,760.588,76.327,71.754,7.201,367,1,586,500,55.283,47.170,475,44.811
1993,1993,66.433,760.392,75.955,71.735,7.166,367,1,586,500,55.283,47.170,475,44.811
1994,1994,66.467,760.205,75.547,71.717,7.127,373,1,586,500,55.283,47.170,475,44.811
1995,1995,66.500,760.104,74.996,71.708,7.075,367,1,586,500,55.283,47.170,475,44.811
1996,1996,66.533,760.040,74.678,71.702,7.045,367,1,586,500,55.283,47.170,475,44.811
1997,1997,66.567,759.852,74.051,71.684,6.986,359,1,586,500,55.283,47.170,475,44.811
1998,1998,66.600,759.736,73.632,71.673,6.946,346,1,586,500,55.283,47.170,475,44.811
1999,1999,66.633,759.492,73.099,71.650,6.896,346,1,586,500,55.283,47.170,475,44.811
2000,2000,66.667,759.328,72.856,71.635,6.873,336,1,586,500,55.283,47.170,475,44.811
2001,2001,66.700,759.110,72.365,71.614,6.827,318,1,586,500,55.283,47.170,475,44.811
2002,2002,66.733,759.007,72.190,71.604,6.810,324,1,586,500,55.283,47.170,475,44.811
2003,2003,66.767,759.076,72.183,71.611,6.810,313,1,586,500,55.283,47.170,475,44.811
2004,2004,66.800,759.109,72.200,71.614,6.811,309,1,586,500,55.283,47.170,475,44.811
2005,2005,66.833,759.103,72.326,71.614,6.823,313,1,586,500,55.283,47.170,475,44.811
2006,2006,66.867,759.090,72.282,71.612,6.819,311,1,586,500,55.283,47.170,475,44.811
2007,2007,66.900,759.101,72.450,71.613,6.835,310,1,586,500,55.283,47.170,475,44.811
2008,2008,66.933,758.886,72.360,71.593,6.826,317,1,586,500,55.283,47.170,475,44.811
2009,2009,66.967,758.975,72.570,71.601,6.846,315,1,586,500,55.283,47.170,475,44.811
2010,2010,67.000,759.053,72.678,71.609,6.856,313,1,586,500,55.283,47.170,475,44.811
2011,2011,67.033,758.809,72.385,71.586,6.829,326,1,586,500,55.283,47.170,475,44.811
2012,2012,67.067,758.756,72.232,71.581,6.814,317,1,586,500,55.283,47.170,475,44.811
2013,2013,67.100,758.772,72.268,71.582,6.818,315,1,586,500,55.283,47.170,475,44.811
2014,2014,67.133,758.728,72.040,71.578,6.796,321,1,586,500,55.283,47.170,475,44.811
2015,2015,67.167,758.684,71.926,71.574,6.786,321,1,586,500,55.283,47.170,475,44.811
2016,2016,67.200,758.675,71.776,71.573,6.771,310,1,586,500,55.283,47.170,475,44.811
2017,2017,67.233,758.474,71.487,71.554,6.744,312,1,586,500,55.283,47.170,475,44.811
2018,2018,67.267,758.432,71.313,71.550,6.728,309,1,586,500,55.283,47.170,475,44.811
2019,2019,67.300,758.477,71.276,71.554,6.724,305,1,586,500,55.283,47.170,475,44.811
2020,2020,67.333,758.342,70.914,71.542,6.690,304,1,586,500,55.283,47.170,475,44.811
2021,2021,67.367,758.360,70.856,71.543,6.685,297,1,586,500,55.283,47.170,475,44.811
2022,2022,67.400,758.301,70.638,71.538,6.664,292,1,586,500,55.283,47.170,475,44.811
2023,2023,67.433,758.279,70.551,71.536,6.656,290,1,586,500,55.283,47.170,475,44.811
2024,2024,67.467,758.244,70.270,71.532,6.629,285,1,586,500,55.283,47.170,475,44.811
2025,2025,67.500,758.043,69.705,71.513,6.576,272,1,586,500,55.283,47.170,475,44.811
2026,2026,67.533,757.932,69.395,71.503,6.547,266,1,586,500,55.283,47.170,475,44.811
2027,2027,67.567,757.431,68.588,71.456,6.471,259,1,586,500,55.283,47.170,475,44.811
2028,2028,67.600,757.253,68.201,71.439,6.434,239,1,586,500,55.283,47.170,475,44.811
2029,2029,67.633,756.889,67.720,71.405,6.389,238,1,586,500,55.283,47.170,475,44.811
2030,2030,67.667,NaN,NaN,NaN,NaN,NaN,0,586,500,55.283,47.170,475,44.811
2031,2031,67.700,NaN,NaN,NaN,NaN,NaN,0,586,500,55.283,47.170,475,44.811
2032,2032,67.733,NaN,NaN,NaN,NaN,NaN,0,586,500,55.283,47.170,475,44.811
2033,2033,67.767,NaN,NaN,NaN,NaN,NaN,0,586,500,55.283,47.170,475,44.811
2034,2034,67.800,NaN,NaN,NaN,NaN,NaN,0,586,500,55.283,47.170,475,44.811
2035,2035,67.833,NaN,NaN,NaN,NaN,NaN,0,586,500,55.283,47.170,475,44.811
2036,2036,67.867,NaN,NaN,NaN,NaN,NaN,0,586,500,55.283,47.170,475,44.811
2037,2037,67.900,NaN,NaN,NaN,NaN,NaN,0,586,500,55.283,47.170,475,44.811
2038,2038,67.933,NaN,NaN,NaN,NaN,NaN,0,586,500,55.283,47.170,475,44.811
2039,2039,67.967,NaN,NaN,NaN,NaN,NaN,0,586,500,55.283,47.170,475,44.811
2040,2040,68.000,NaN,NaN,NaN,NaN,NaN,0,586,500,55.283,47.170,475,44.811
2041,2041,68.033,NaN,NaN,NaN,NaN,NaN,0,586,500,55.283,47.170,475,44.811
2042,2042,68.067,NaN,NaN,NaN,NaN,NaN,0,586,500,55.283,47.170,475,44.811
2043,2043,68.100,NaN,NaN,NaN,NaN,NaN,0,586,500,55.283,47.170,475,44.811
2044,2044,68.133,NaN,NaN,NaN,NaN,NaN,0,586,500,55.283,47.170,475,44.811
2045,2045,68.167,NaN,NaN,NaN,NaN,NaN,0,586,500,55.283,47.170,475,44.811
2046,2046,68.200,NaN,NaN,NaN,NaN,NaN,0,586,500,55.283,47.170,475,44.811
2047,2047,68.233,NaN,NaN,NaN,NaN,NaN,0,586,500,55.283,47.170,475,44.811
2048,2048,68.267,NaN,NaN,NaN,NaN,NaN,0,586,500,55.283,47.170,475,44.811
2049,2049,68.300,NaN,NaN,NaN,NaN,NaN,0,586,500,55.283,47.170,475,44.811
2050,2050,68.333,NaN,NaN,NaN,NaN,NaN,0,586,500,55.283,47.170,475,44.811
2051,2051,68.367,NaN,NaN,NaN,NaN,NaN,0,586,500,55.283,47.170,475,44.811
2052,2052,68.400,NaN,NaN,NaN,NaN,NaN,0,586,500,55.283,47.170,475,44.811
2053,2053,68.433,NaN,NaN,NaN,NaN,NaN,0,586,500,55.283,47.170,475,44.811
2054,2054,68.467,NaN,NaN,NaN,NaN,NaN,0,586,500,55.283,47.170,475,44.811
2055,2055,68.500,NaN,NaN,NaN,NaN,NaN,0,586,500,55.283,47.170,475,44.811
2056,2056,68.533,NaN,NaN,NaN,NaN,NaN,0,586,500,55.283,47.170,475,44.811
2057,2057,68.567,NaN,NaN,NaN,NaN,NaN,0,586,500,55.283,47.170,475,44.811
2058,2058,68.600,NaN,NaN,NaN,NaN,NaN,0,586,500,55.283,47.170,475,44.811
2059,2059,68.633,NaN,NaN,NaN,NaN,NaN,0,586,500,55.283,47.170,475,44.811
2060,2060,68.667,NaN,NaN,NaN,NaN,NaN,0,586,500,55.283,47.170,475,44.811
2061,2061,68.700,NaN,NaN,NaN,NaN,NaN,0,586,500,55.283,47.170,475,44.811
2062,2062,68.733,NaN,NaN,NaN,NaN,NaN,0,586,500,55.283,47.170,475,44.811
2063,2063,68.767,NaN,NaN,NaN,NaN,NaN,0,586,500,55.283,47.170,475,44.811
2064,2064,68.800,NaN,NaN,NaN,NaN,NaN,0,586,500,55.283,47.170,475,44.811
2065,2065,68.833,NaN,NaN,NaN,NaN,NaN,0,586,500,55.283,47.170,475,44.811
2066,2066,68.867,NaN,NaN,NaN,NaN,NaN,0,586,500,55.283,47.170,475,44.811
2067,2067,68.900,NaN,NaN,NaN,NaN,NaN,0,586,500,55.283,47.170,475,44.811
2068,2068,68.933,NaN,NaN,NaN,NaN,NaN,0,586,500,55.283,47.170,475,44.811
2069,2069,68.967,NaN,NaN,NaN,NaN,NaN,0,586,500,55.283,47.170,475,44.811
2070,2070,69.000,NaN,NaN,NaN,NaN,NaN,0,586,500,55.283,47.170,475,44.811
2071,2071,69.033,NaN,NaN,NaN,NaN,NaN,0,586,500,55.283,47.170,475,44.811
2072,2072,69.067,NaN,NaN,NaN,NaN,NaN,0,586,500,55.283,47.170,475,44.811
2073,2073,69.100,NaN,NaN,NaN,NaN,NaN,0,586,500,55.283,47.170,475,44.811
2074,2074,69.133,NaN,NaN,NaN,NaN,NaN,0,586,500,55.283,47.170,475,44.811
2075,2075,69.167,NaN,NaN,NaN,NaN,NaN,0,586,500,55.283,47.170,475,44.811
2076,2076,69.200,NaN,NaN,NaN,NaN,NaN,0,586,500,55.283,47.170,475,44.811
2077,2077,69.233,NaN,NaN,NaN,NaN,NaN,0,586,500,55.283,47.170,475,44.811
2078,2078,69.267,NaN,NaN,NaN,NaN,NaN,0,586,500,55.283,47.170,475,44.811
2079,2079,69.300,NaN,NaN,NaN,NaN,NaN,0,586,500,55.283,47.170,475,44.811
2080,2080,69.333,NaN,NaN,NaN,NaN,NaN,0,586,500,55.283,47.170,475,44.811
2081,2081,69.367,NaN,NaN,NaN,NaN,NaN,0,586,500,55.283,47.170,475,44.811
2082,2082,69.400,NaN,NaN,NaN,NaN,NaN,0,586,500,55.283,47.170,475,44.811
2083,2083,69.433,NaN,NaN,NaN,NaN,NaN,0,586,500,55.283,47.170,475,44.811
2084,2084,69.467,NaN,NaN,NaN,NaN,NaN,0,586,500,55.283,47.170,475,44.811
2085,2085,69.500,NaN,NaN,NaN,NaN,NaN,0,586,500,55.283,47.170,475,44.811
2086,2086,69.533,NaN,NaN,NaN,NaN,NaN,0,586,500,55.283,47.170,475,44.811
2087,2087,69.567,NaN,NaN,NaN,NaN,NaN,0,586,500,55.283,47.170,475,44.811
2088,2088,69.600,NaN,NaN,NaN,NaN,NaN,0,586,500,55.283,47.170,475,44.811
2089,2089,69.633,NaN,NaN,NaN,NaN,NaN,0,586,500,55.283,47.170,475,44.811
2090,2090,69.667,NaN,NaN,NaN,NaN,NaN,0,586,500,55.283,47.170,475,44.811
2091,2091,69.700,NaN,NaN,NaN,NaN,NaN,0,586,500,55.283,47.170,475,44.811
2092,2092,69.733,NaN,NaN,NaN,NaN,NaN,0,586,500,55.283,47.170,475,44.811
2093,2093,69.767,NaN,NaN,NaN,NaN,NaN,0,586,500,55.283,47.170,475,44.811
2094,2094,69.800,NaN,NaN,NaN,NaN,NaN,0,586,500,55.283,47.170,475,44.811
2095,2095,69.833,NaN,NaN,NaN,NaN,NaN,0,586,500,55.283,47.170,475,44.811
2096,2096,69.867,NaN,NaN,NaN,NaN,NaN,0,586,500,55.283,47.170,475,44.811
2097,2097,69.900,NaN,NaN,NaN,NaN,NaN,0,586,500,55.283,47.170,475,44.811
2098,2098,69.933,NaN,NaN,NaN,NaN,NaN,0,586,500,55.283,47.170,475,44.811
2099,2099,69.967,NaN,NaN,NaN,NaN,NaN,0,586,500,55.283,47.170,475,44.811
2100,2100,70.000,NaN,NaN,NaN,NaN,NaN,0,586,500,55.283,47.170,475,44.811
2101,2101,70.033,NaN,NaN,NaN,NaN,NaN,0,586,500,55.283,47.170,475,44.811
2102,2102,70.067,NaN,NaN,NaN,NaN,NaN,0,586,500,55.283,47.170,475,44.811
2103,2103,70.100,NaN,NaN,NaN,NaN,NaN,0,586,500,55.283,47.170,475,44.811
2104,2104,70.133,NaN,NaN,NaN,NaN,NaN,0,586,500,55.283,47.170,475,44.811
2105,2105,70.167,NaN,NaN,NaN,NaN,NaN,0,586,500,55.283,47.170,475,44.811
2106,2106,70.200,NaN,NaN,NaN,NaN,NaN,0,586,500,55.283,47.170,475,44.811
2107,2107,70.233,NaN,NaN,NaN,NaN,NaN,0,586,500,55.283,47.170,475,44.811
2108,2108,70.267,NaN,NaN,NaN,NaN,NaN,0,586,500,55.283,47.170,475,44.811
2109,2109,70.300,NaN,NaN,NaN,NaN,NaN,0,586,500,55.283,47.170,475,44.811
2110,2110,70.333,NaN,NaN,NaN,NaN,NaN,0,586,500,55.283,47.170,475,44.811
2111,2111,70.367,NaN,NaN,NaN,NaN,NaN,0,586,500,55.283,47.170,475,44.811
2112,2112,70.400,NaN,NaN,NaN,NaN,NaN,0,586,500,55.283,47.170,475,44.811
2113,2113,70.433,NaN,NaN,NaN,NaN,NaN,0,586,500,55.283,47.170,475,44.811
2114,2114,70.467,NaN,NaN,NaN,NaN,NaN,0,586,500,55.283,47.170,475,44.811
2115,2115,70.500,NaN,NaN,NaN,NaN,NaN,0,586,500,55.283,47.170,475,44.811
2116,2116,70.533,NaN,NaN,NaN,NaN,NaN,0,586,500,55.283,47.170,475,44.811
2117,2117,70.567,NaN,NaN,NaN,NaN,NaN,0,586,500,55.283,47.170,475,44.811
2118,2118,70.600,NaN,NaN,NaN,NaN,NaN,0,586,500,55.283,47.170,475,44.811
2119,2119,70.633,NaN,NaN,NaN,NaN,NaN,0,586,500,55.283,47.170,475,44.811
2120,2120,70.667,NaN,NaN,NaN,NaN,NaN,0,586,500,55.283,47.170,475,44.811
2121,2121,70.700,NaN,NaN,NaN,NaN,NaN,0,586,500,55.283,47.170,475,44.811
2122,2122,70.733,NaN,NaN,NaN,NaN,NaN,0,586,500,55.283,47.170,475,44.811
2123,2123,70.767,NaN,NaN,NaN,NaN,NaN,0,586,500,55.283,47.170,475,44.811
2124,2124,70.800,NaN,NaN,NaN,NaN,NaN,0,586,500,55.283,47.170,475,44.811
2125,2125,70.833,NaN,NaN,NaN,NaN,NaN,0,586,500,55.283,47.170,475,44.811
2126,2126,70.867,NaN,NaN,NaN,NaN,NaN,0,586,500,55.283,47.170,475,44.811
2127,2127,70.900,NaN,NaN,NaN,NaN,NaN,0,586,500,55.283,47.170,475,44.811
2128,2128,70.933,NaN,NaN,NaN,NaN,NaN,0,586,500,55.283,47.170,475,44.811
2129,2129,70.967,NaN,NaN,NaN,NaN,NaN,0,586,500,55.283,47.170,475,44.811
2130,2130,71.000,NaN,NaN,NaN,NaN,NaN,0,586,500,55.283,47.170,475,44.811
2131,2131,71.033,NaN,NaN,NaN,NaN,NaN,0,586,500,55.283,47.170,475,44.811
2132,2132,71.067,NaN,NaN,NaN,NaN,NaN,0,586,500,55.283,47.170,475,44.811
2133,2133,71.100,NaN,NaN,NaN,NaN,NaN,0,586,500,55.283,47.170,475,44.811
2134,2134,71.133,NaN,NaN,NaN,NaN,NaN,0,586,500,55.283,47.170,475,44.811
2135,2135,71.167,NaN,NaN,NaN,NaN,NaN,0,586,500,55.283,47.170,475,44.811
2136,2136,71.200,NaN,NaN,NaN,NaN,NaN,0,586,500,55.283,47.170,475,44.811
2137,2137,71.233,NaN,NaN,NaN,NaN,NaN,0,586,500,55.283,47.170,475,44.811
2138,2138,71.267,NaN,NaN,NaN,NaN,NaN,0,586,500,55.283,47.170,475,44.811
2139,2139,71.300,NaN,NaN,NaN,NaN,NaN,0,586,500,55.283,47.170,475,44.811
2140,2140,71.333,NaN,NaN,NaN,NaN,NaN,0,586,500,55.283,47.170,475,44.811
2141,2141,71.367,NaN,NaN,NaN,NaN,NaN,0,586,500,55.283,47.170,475,44.811
2142,2142,71.400,NaN,NaN,NaN,NaN,NaN,0,586,500,55.283,47.170,475,44.811
2143,2143,71.433,NaN,NaN,NaN,NaN,NaN,0,586,500,55.283,47.170,475,44.811
2144,2144,71.467,NaN,NaN,NaN,NaN,NaN,0,586,500,55.283,47.170,475,44.811
2145,2145,71.500,NaN,NaN,NaN,NaN,NaN,0,586,500,55.283,47.170,475,44.811
2146,2146,71.533,NaN,NaN,NaN,NaN,NaN,0,586,500,55.283,47.170,475,44.811
2147,2147,71.567,NaN,NaN,NaN,NaN,NaN,0,586,500,55.283,47.170,475,44.811
2148,2148,71.600,NaN,NaN,NaN,NaN,NaN,0,586,500,55.283,47.170,475,44.811
2149,2149,71.633,NaN,NaN,NaN,NaN,NaN,0,586,500,55.283,47.170,475,44.811
2150,2150,71.667,NaN,NaN,NaN,NaN,NaN,0,586,500,55.283,47.170,475,44.811
2151,2151,71.700,NaN,NaN,NaN,NaN,NaN,0,586,500,55.283,47.170,475,44.811
2152,2152,71.733,NaN,NaN,NaN,NaN,NaN,0,586,500,55.283,47.170,475,44.811
2153,2153,71.767,NaN,NaN,NaN,NaN,NaN,0,586,500,55.283,47.170,475,44.811
2154,2154,71.800,NaN,NaN,NaN,NaN,NaN,0,586,500,55.283,47.170,475,44.811
2155,2155,71.833,NaN,NaN,NaN,NaN,NaN,0,586,500,55.283,47.170,475,44.811
2156,2156,71.867,NaN,NaN,NaN,NaN,NaN,0,586,500,55.283,47.170,475,44.811
2157,2157,71.900,NaN,NaN,NaN,NaN,NaN,0,586,500,55.283,47.170,475,44.811
2158,2158,71.933,NaN,NaN,NaN,NaN,NaN,0,586,500,55.283,47.170,475,44.811
2159,2159,71.967,NaN,NaN,NaN,NaN,NaN,0,586,500,55.283,47.170,475,44.811
2160,2160,72.000,NaN,NaN,NaN,NaN,NaN,0,586,500,55.283,47.170,475,44.811
2161,2161,72.033,NaN,NaN,NaN,NaN,NaN,0,586,500,55.283,47.170,475,44.811
2162,2162,72.067,NaN,NaN,NaN,NaN,NaN,0,586,500,55.283,47.170,475,44.811
2163,2163,72.100,NaN,NaN,NaN,NaN,NaN,0,586,500,55.283,47.170,475,44.811
2164,2164,72.133,NaN,NaN,NaN,NaN,NaN,0,586,500,55.283,47.170,475,44.811
2165,2165,72.167,NaN,NaN,NaN,NaN,NaN,0,586,500,55.283,47.170,475,44.811
2166,2166,72.200,NaN,NaN,NaN,NaN,NaN,0,586,500,55.283,47.170,475,44.811
2167,2167,72.233,NaN,NaN,NaN,NaN,NaN,0,586,500,55.283,47.170,475,44.811
2168,2168,72.267,NaN,NaN,NaN,NaN,NaN,0,586,500,55.283,47.170,475,44.811
2169,2169,72.300,NaN,NaN,NaN,NaN,NaN,0,586,500,55.283,47.170,475,44.811
2170,2170,72.333,NaN,NaN,NaN,NaN,NaN,0,586,500,55.283,47.170,475,44.811
2171,2171,72.367,NaN,NaN,NaN,NaN,NaN,0,586,500,55.283,47.170,475,44.811
2172,2172,72.400,NaN,NaN,NaN,NaN,NaN,0,586,500,55.283,47.170,475,44.811
2173,2173,72.433,NaN,NaN,NaN,NaN,NaN,0,586,500,55.283,47.170,475,44.811
2174,2174,72.467,NaN,NaN,NaN,NaN,NaN,0,586,500,55.283,47.170,475,44.811
2175,2175,72.500,NaN,NaN,NaN,NaN,NaN,0,586,500,55.283,47.170,475,44.811
2176,2176,72.533,NaN,NaN,NaN,NaN,NaN,0,586,500,55.283,47.170,475,44.811
2177,2177,72.567,NaN,NaN,NaN,NaN,NaN,0,586,500,55.283,47.170,475,44.811
2178,2178,72.600,NaN,NaN,NaN,NaN,NaN,0,586,500,55.283,47.170,475,44.811
2179,2179,72.633,NaN,NaN,NaN,NaN,NaN,0,586,500,55.283,47.170,475,44.811
2180,2180,72.667,NaN,NaN,NaN,NaN,NaN,0,586,500,55.283,47.170,475,44.811
2181,2181,72.700,NaN,NaN,NaN,NaN,NaN,0,586,500,55.283,47.170,475,44.811
2182,2182,72.733,NaN,NaN,NaN,NaN,NaN,0,586,500,55.283,47.170,475,44.811
2183,2183,72.767,NaN,NaN,NaN,NaN,NaN,0,586,500,55.283,47.170,475,44.811
2184,2184,72.800,NaN,NaN,NaN,NaN,NaN,0,586,500,55.283,47.170,475,44.811
2185,2185,72.833,NaN,NaN,NaN,NaN,NaN,0,586,500,55.283,47.170,475,44.811
2186,2186,72.867,NaN,NaN,NaN,NaN,NaN,0,586,500,55.283,47.170,475,44.811
2187,2187,72.900,NaN,NaN,NaN,NaN,NaN,0,586,500,55.283,47.170,475,44.811
2188,2188,72.933,NaN,NaN,NaN,NaN,NaN,0,586,500,55.283,47.170,475,44.811
2189,2189,72.967,NaN,NaN,NaN,NaN,NaN,0,586,500,55.283,47.170,475,44.811
2190,2190,73.000,NaN,NaN,NaN,NaN,NaN,0,586,500,55.283,47.170,475,44.811
2191,2191,73.033,NaN,NaN,NaN,NaN,NaN,0,586,500,55.283,47.170,475,44.811
2192,2192,73.067,NaN,NaN,NaN,NaN,NaN,0,586,500,55.283,47.170,475,44.811
2193,2193,73.100,NaN,NaN,NaN,NaN,NaN,0,586,500,55.283,47.170,475,44.811
2194,2194,73.133,NaN,NaN,NaN,NaN,NaN,0,586,500,55.283,47.170,475,44.811
2195,2195,73.167,NaN,NaN,NaN,NaN,NaN,0,586,500,55.283,47.170,475,44.811
2196,2196,73.200,NaN,NaN,NaN,NaN,NaN,0,586,500,55.283,47.170,475,44.811
2197,2197,73.233,NaN,NaN,NaN,NaN,NaN,0,586,500,55.283,47.170,475,44.811
2198,2198,73.267,NaN,NaN,NaN,NaN,NaN,0,586,500,55.283,47.170,475,44.811
2199,2199,73.300,NaN,NaN,NaN,NaN,NaN,0,586,500,55.283,47.170,475,44.811
2200,2200,73.333,NaN,NaN,NaN,NaN,NaN,0,586,500,55.283,47.170,475,44.811
2201,2201,73.367,NaN,NaN,NaN,NaN,NaN,0,586,500,55.283,47.170,475,44.811
2202,2202,73.400,NaN,NaN,NaN,NaN,NaN,0,586,500,55.283,47.170,475,44.811
2203,2203,73.433,NaN,NaN,NaN,NaN,NaN,0,586,500,55.283,47.170,475,44.811
2204,2204,73.467,NaN,NaN,NaN,NaN,NaN,0,586,500,55.283,47.170,475,44.811
2205,2205,73.500,NaN,NaN,NaN,NaN,NaN,0,586,500,55.283,47.170,475,44.811
2206,2206,73.533,NaN,NaN,NaN,NaN,NaN,0,586,500,55.283,47.170,475,44.811
2207,2207,73.567,NaN,NaN,NaN,NaN,NaN,0,586,500,55.283,47.170,475,44.811
2208,2208,73.600,NaN,NaN,NaN,NaN,NaN,0,586,500,55.283,47.170,475,44.811
2209,2209,73.633,NaN,NaN,NaN,NaN,NaN,0,586,500,55.283,47.170,475,44.811
2210,2210,73.667,NaN,NaN,NaN,NaN,NaN,0,586,500,55.283,47.170,475,44.811
2211,2211,73.700,NaN,NaN,NaN,NaN,NaN,0,586,500,55.283,47.170,475,44.811
2212,2212,73.733,NaN,NaN,NaN,NaN,NaN,0,586,500,55.283,47.170,475,44.811
2213,2213,73.767,NaN,NaN,NaN,NaN,NaN,0,586,500,55.283,47.170,475,44.811
2214,2214,73.800,NaN,NaN,NaN,NaN,NaN,0,586,500,55.283,47.170,475,44.811
2215,2215,73.833,NaN,NaN,NaN,NaN,NaN,0,586,500,55.283,47.170,475,44.811
2216,2216,73.867,NaN,NaN,NaN,NaN,NaN,0,586,500,55.283,47.170,475,44.811
2217,2217,73.900,NaN,NaN,NaN,NaN,NaN,0,586,500,55.283,47.170,475,44.811
2218,2218,73.933,NaN,NaN,NaN,NaN,NaN,0,586,500,55.283,47.170,475,44.811
2219,2219,73.967,NaN,NaN,NaN,NaN,NaN,0,586,500,55.283,47.170,475,44.811
2220,2220,74.000,NaN,NaN,NaN,NaN,NaN,0,586,500,55.283,47.170,475,44.811
2221,2221,74.033,NaN,NaN,NaN,NaN,NaN,0,586,500,55.283,47.170,475,44.811
2222,2222,74.067,NaN,NaN,NaN,NaN,NaN,0,586,500,55.283,47.170,475,44.811
2223,2223,74.100,NaN,NaN,NaN,NaN,NaN,0,586,500,55.283,47.170,475,44.811
2224,2224,74.133,NaN,NaN,NaN,NaN,NaN,0,586,500,55.283,47.170,475,44.811
2225,2225,74.167,NaN,NaN,NaN,NaN,NaN,0,586,500,55.283,47.170,475,44.811
2226,2226,74.200,NaN,NaN,NaN,NaN,NaN,0,586,500,55.283,47.170,475,44.811
2227,2227,74.233,NaN,NaN,NaN,NaN,NaN,0,586,500,55.283,47.170,475,44.811
2228,2228,74.267,NaN,NaN,NaN,NaN,NaN,0,586,500,55.283,47.170,475,44.811
2229,2229,74.300,NaN,NaN,NaN,NaN,NaN,0,586,500,55.283,47.170,475,44.811
2230,2230,74.333,NaN,NaN,NaN,NaN,NaN,0,586,500,55.283,47.170,475,44.811
2231,2231,74.367,NaN,NaN,NaN,NaN,NaN,0,586,500,55.283,47.170,475,44.811
2232,2232,74.400,NaN,NaN,NaN,NaN,NaN,0,586,500,55.283,47.170,475,44.811
2233,2233,74.433,NaN,NaN,NaN,NaN,NaN,0,586,500,55.283,47.170,475,44.811
2234,2234,74.467,NaN,NaN,NaN,NaN,NaN,0,586,500,55.283,47.170,475,44.811
2235,2235,74.500,NaN,NaN,NaN,NaN,NaN,0,586,500,55.283,47.170,475,44.811
2236,2236,74.533,NaN,NaN,NaN,NaN,NaN,0,586,500,55.283,47.170,475,44.811
2237,2237,74.567,NaN,NaN,NaN,NaN,NaN,0,586,500,55.283,47.170,475,44.811
2238,2238,74.600,NaN,NaN,NaN,NaN,NaN,0,586,500,55.283,47.170,475,44.811
2239,2239,74.633,NaN,NaN,NaN,NaN,NaN,0,586,500,55.283,47.170,475,44.811
2240,2240,74.667,NaN,NaN,NaN,NaN,NaN,0,586,500,55.283,47.170,475,44.811
2241,2241,74.700,NaN,NaN,NaN,NaN,NaN,0,586,500,55.283,47.170,475,44.811
2242,2242,74.733,NaN,NaN,NaN,NaN,NaN,0,586,500,55.283,47.170,475,44.811
2243,2243,74.767,NaN,NaN,NaN,NaN,NaN,0,586,500,55.283,47.170,475,44.811
2244,2244,74.800,NaN,NaN,NaN,NaN,NaN,0,586,500,55.283,47.170,475,44.811
2245,2245,74.833,NaN,NaN,NaN,NaN,NaN,0,586,500,55.283,47.170,475,44.811
2246,2246,74.867,NaN,NaN,NaN,NaN,NaN,0,586,500,55.283,47.170,475,44.811
2247,2247,74.900,NaN,NaN,NaN,NaN,NaN,0,586,500,55.283,47.170,475,44.811
2248,2248,74.933,NaN,NaN,NaN,NaN,NaN,0,586,500,55.283,47.170,475,44.811
2249,2249,74.967,NaN,NaN,NaN,NaN,NaN,0,586,500,55.283,47.170,475,44.811
2250,2250,75.000,NaN,NaN,NaN,NaN,NaN,0,586,500,55.283,47.170,475,44.811
2251,2251,75.033,NaN,NaN,NaN,NaN,NaN,0,586,500,55.283,47.170,475,44.811
2252,2252,75.067,NaN,NaN,NaN,NaN,NaN,0,586,500,55.283,47.170,475,44.811
2253,2253,75.100,NaN,NaN,NaN,NaN,NaN,0,586,500,55.283,47.170,475,44.811
2254,2254,75.133,NaN,NaN,NaN,NaN,NaN,0,586,500,55.283,47.170,475,44.811
2255,2255,75.167,NaN,NaN,NaN,NaN,NaN,0,586,500,55.283,47.170,475,44.811
2256,2256,75.200,NaN,NaN,NaN,NaN,NaN,0,586,500,55.283,47.170,475,44.811
2257,2257,75.233,NaN,NaN,NaN,NaN,NaN,0,586,500,55.283,47.170,475,44.811
2258,2258,75.267,NaN,NaN,NaN,NaN,NaN,0,586,500,55.283,47.170,475,44.811
2259,2259,75.300,NaN,NaN,NaN,NaN,NaN,0,586,500,55.283,47.170,475,44.811
2260,2260,75.333,NaN,NaN,NaN,NaN,NaN,0,586,500,55.283,47.170,475,44.811
2261,2261,75.367,NaN,NaN,NaN,NaN,NaN,0,586,500,55.283,47.170,475,44.811
2262,2262,75.400,NaN,NaN,NaN,NaN,NaN,0,586,500,55.283,47.170,475,44.811
2263,2263,75.433,NaN,NaN,NaN,NaN,NaN,0,586,500,55.283,47.170,475,44.811
2264,2264,75.467,NaN,NaN,NaN,NaN,NaN,0,586,500,55.283,47.170,475,44.811
2265,2265,75.500,NaN,NaN,NaN,NaN,NaN,0,586,500,55.283,47.170,475,44.811
2266,2266,75.533,NaN,NaN,NaN,NaN,NaN,0,586,500,55.283,47.170,475,44.811
2267,2267,75.567,NaN,NaN,NaN,NaN,NaN,0,586,500,55.283,47.170,475,44.811
2268,2268,75.600,NaN,NaN,NaN,NaN,NaN,0,586,500,55.283,47.170,475,44.811
2269,2269,75.633,NaN,NaN,NaN,NaN,NaN,0,586,500,55.283,47.170,475,44.811
2270,2270,75.667,NaN,NaN,NaN,NaN,NaN,0,586,500,55.283,47.170,475,44.811
2271,2271,75.700,NaN,NaN,NaN,NaN,NaN,0,586,500,55.283,47.170,475,44.811
2272,2272,75.733,NaN,NaN,NaN,NaN,NaN,0,586,500,55.283,47.170,475,44.811
2273,2273,75.767,NaN,NaN,NaN,NaN,NaN,0,586,500,55.283,47.170,475,44.811
2274,2274,75.800,NaN,NaN,NaN,NaN,NaN,0,586,500,55.283,47.170,475,44.811
2275,2275,75.833,NaN,NaN,NaN,NaN,NaN,0,586,500,55.283,47.170,475,44.811
2276,2276,75.867,NaN,NaN,NaN,NaN,NaN,0,586,500,55.283,47.170,475,44.811
2277,2277,75.900,NaN,NaN,NaN,NaN,NaN,0,586,500,55.283,47.170,475,44.811
2278,2278,75.933,NaN,NaN,NaN,NaN,NaN,0,586,500,55.283,47.170,475,44.811
2279,2279,75.967,NaN,NaN,NaN,NaN,NaN,0,586,500,55.283,47.170,475,44.811
2280,2280,76.000,NaN,NaN,NaN,NaN,NaN,0,586,500,55.283,47.170,475,44.811
2281,2281,76.033,NaN,NaN,NaN,NaN,NaN,0,586,500,55.283,47.170,475,44.811
2282,2282,76.067,NaN,NaN,NaN,NaN,NaN,0,586,500,55.283,47.170,475,44.811
2283,2283,76.100,NaN,NaN,NaN,NaN,NaN,0,586,500,55.283,47.170,475,44.811
2284,2284,76.133,NaN,NaN,NaN,NaN,NaN,0,586,500,55.283,47.170,475,44.811
2285,2285,76.167,NaN,NaN,NaN,NaN,NaN,0,586,500,55.283,47.170,475,44.811
2286,2286,76.200,NaN,NaN,NaN,NaN,NaN,0,586,500,55.283,47.170,475,44.811
2287,2287,76.233,NaN,NaN,NaN,NaN,NaN,0,586,500,55.283,47.170,475,44.811
2288,2288,76.267,NaN,NaN,NaN,NaN,NaN,0,586,500,55.283,47.170,475,44.811
2289,2289,76.300,NaN,NaN,NaN,NaN,NaN,0,586,500,55.283,47.170,475,44.811
2290,2290,76.333,NaN,NaN,NaN,NaN,NaN,0,586,500,55.283,47.170,475,44.811
2291,2291,76.367,NaN,NaN,NaN,NaN,NaN,0,586,500,55.283,47.170,475,44.811
2292,2292,76.400,NaN,NaN,NaN,NaN,NaN,0,586,500,55.283,47.170,475,44.811
2293,2293,76.433,NaN,NaN,NaN,NaN,NaN,0,586,500,55.283,47.170,475,44.811
2294,2294,76.467,NaN,NaN,NaN,NaN,NaN,0,586,500,55.283,47.170,475,44.811
2295,2295,76.500,NaN,NaN,NaN,NaN,NaN,0,586,500,55.283,47.170,475,44.811
2296,2296,76.533,NaN,NaN,NaN,NaN,NaN,0,586,500,55.283,47.170,475,44.811
2297,2297,76.567,NaN,NaN,NaN,NaN,NaN,0,586,500,55.283,47.170,475,44.811
2298,2298,76.600,NaN,NaN,NaN,NaN,NaN,0,586,500,55.283,47.170,475,44.811
2299,2299,76.633,NaN,NaN,NaN,NaN,NaN,0,586,500,55.283,47.170,475,44.811
2300,2300,76.667,NaN,NaN,NaN,NaN,NaN,0,586,500,55.283,47.170,475,44.811
2301,2301,76.700,NaN,NaN,NaN,NaN,NaN,0,586,500,55.283,47.170,475,44.811
2302,2302,76.733,NaN,NaN,NaN,NaN,NaN,0,586,500,55.283,47.170,475,44.811
2303,2303,76.767,NaN,NaN,NaN,NaN,NaN,0,586,500,55.283,47.170,475,44.811
2304,2304,76.800,NaN,NaN,NaN,NaN,NaN,0,586,500,55.283,47.170,475,44.811
2305,2305,76.833,NaN,NaN,NaN,NaN,NaN,0,586,500,55.283,47.170,475,44.811
2306,2306,76.867,NaN,NaN,NaN,NaN,NaN,0,586,500,55.283,47.170,475,44.811
2307,2307,76.900,NaN,NaN,NaN,NaN,NaN,0,586,500,55.283,47.170,475,44.811
2308,2308,76.933,NaN,NaN,NaN,NaN,NaN,0,586,500,55.283,47.170,475,44.811
2309,2309,76.967,NaN,NaN,NaN,NaN,NaN,0,586,500,55.283,47.170,475,44.811
2310,2310,77.000,NaN,NaN,NaN,NaN,NaN,0,586,500,55.283,47.170,475,44.811
2311,2311,77.033,NaN,NaN,NaN,NaN,NaN,0,586,500,55.283,47.170,475,44.811
2312,2312,77.067,NaN,NaN,NaN,NaN,NaN,0,586,500,55.283,47.170,475,44.811
2313,2313,77.100,NaN,NaN,NaN,NaN,NaN,0,586,500,55.283,47.170,475,44.811
2314,2314,77.133,NaN,NaN,NaN,NaN,NaN,0,586,500,55.283,47.170,475,44.811
2315,2315,77.167,NaN,NaN,NaN,NaN,NaN,0,586,500,55.283,47.170,475,44.811
2316,2316,77.200,NaN,NaN,NaN,NaN,NaN,0,586,500,55.283,47.170,475,44.811
2317,2317,77.233,NaN,NaN,NaN,NaN,NaN,0,586,500,55.283,47.170,475,44.811
2318,2318,77.267,NaN,NaN,NaN,NaN,NaN,0,586,500,55.283,47.170,475,44.811
2319,2319,77.300,NaN,NaN,NaN,NaN,NaN,0,586,500,55.283,47.170,475,44.811
2320,2320,77.333,NaN,NaN,NaN,NaN,NaN,0,586,500,55.283,47.170,475,44.811
2321,2321,77.367,NaN,NaN,NaN,NaN,NaN,0,586,500,55.283,47.170,475,44.811
2322,2322,77.400,NaN,NaN,NaN,NaN,NaN,0,586,500,55.283,47.170,475,44.811
2323,2323,77.433,NaN,NaN,NaN,NaN,NaN,0,586,500,55.283,47.170,475,44.811
2324,2324,77.467,NaN,NaN,NaN,NaN,NaN,0,586,500,55.283,47.170,475,44.811
2325,2325,77.500,NaN,NaN,NaN,NaN,NaN,0,586,500,55.283,47.170,475,44.811
2326,2326,77.533,NaN,NaN,NaN,NaN,NaN,0,586,500,55.283,47.170,475,44.811
2327,2327,77.567,NaN,NaN,NaN,NaN,NaN,0,586,500,55.283,47.170,475,44.811
2328,2328,77.600,NaN,NaN,NaN,NaN,NaN,0,586,500,55.283,47.170,475,44.811
2329,2329,77.633,NaN,NaN,NaN,NaN,NaN,0,586,500,55.283,47.170,475,44.811
2330,2330,77.667,NaN,NaN,NaN,NaN,NaN,0,586,500,55.283,47.170,475,44.811
2331,2331,77.700,NaN,NaN,NaN,NaN,NaN,0,586,500,55.283,47.170,475,44.811
2332,2332,77.733,NaN,NaN,NaN,NaN,NaN,0,586,500,55.283,47.170,475,44.811
2333,2333,77.767,NaN,NaN,NaN,NaN,NaN,0,586,500,55.283,47.170,475,44.811
2334,2334,77.800,NaN,NaN,NaN,NaN,NaN,0,586,500,55.283,47.170,475,44.811
2335,2335,77.833,NaN,NaN,NaN,NaN,NaN,0,586,500,55.283,47.170,475,44.811
2336,2336,77.867,NaN,NaN,NaN,NaN,NaN,0,586,500,55.283,47.170,475,44.811
2337,2337,77.900,NaN,NaN,NaN,NaN,NaN,0,586,500,55.283,47.170,475,44.811
2338,2338,77.933,NaN,NaN,NaN,NaN,NaN,0,586,500,55.283,47.170,475,44.811
2339,2339,77.967,NaN,NaN,NaN,NaN,NaN,0,586,500,55.283,47.170,475,44.811
2340,2340,78.000,NaN,NaN,NaN,NaN,NaN,0,586,500,55.283,47.170,475,44.811
2341,2341,78.033,NaN,NaN,NaN,NaN,NaN,0,586,500,55.283,47.170,475,44.811
2342,2342,78.067,NaN,NaN,NaN,NaN,NaN,0,586,500,55.283,47.170,475,44.811
2343,2343,78.100,NaN,NaN,NaN,NaN,NaN,0,586,500,55.283,47.170,475,44.811
2344,2344,78.133,NaN,NaN,NaN,NaN,NaN,0,586,500,55.283,47.170,475,44.811
2345,2345,78.167,NaN,NaN,NaN,NaN,NaN,0,586,500,55.283,47.170,475,44.811
2346,2346,78.200,NaN,NaN,NaN,NaN,NaN,0,586,500,55.283,47.170,475,44.811
2347,2347,78.233,NaN,NaN,NaN,NaN,NaN,0,586,500,55.283,47.170,475,44.811
2348,2348,78.267,NaN,NaN,NaN,NaN,NaN,0,586,500,55.283,47.170,475,44.811
2349,2349,78.300,NaN,NaN,NaN,NaN,NaN,0,586,500,55.283,47.170,475,44.811
2350,2350,78.333,NaN,NaN,NaN,NaN,NaN,0,586,500,55.283,47.170,475,44.811
2351,2351,78.367,NaN,NaN,NaN,NaN,NaN,0,586,500,55.283,47.170,475,44.811
2352,2352,78.400,NaN,NaN,NaN,NaN,NaN,0,586,500,55.283,47.170,475,44.811
2353,2353,78.433,NaN,NaN,NaN,NaN,NaN,0,586,500,55.283,47.170,475,44.811
2354,2354,78.467,NaN,NaN,NaN,NaN,NaN,0,586,500,55.283,47.170,475,44.811
2355,2355,78.500,NaN,NaN,NaN,NaN,NaN,0,586,500,55.283,47.170,475,44.811
2356,2356,78.533,NaN,NaN,NaN,NaN,NaN,0,586,500,55.283,47.170,475,44.811
2357,2357,78.567,NaN,NaN,NaN,NaN,NaN,0,586,500,55.283,47.170,475,44.811
2358,2358,78.600,NaN,NaN,NaN,NaN,NaN,0,586,500,55.283,47.170,475,44.811
2359,2359,78.633,NaN,NaN,NaN,NaN,NaN,0,586,500,55.283,47.170,475,44.811
2360,2360,78.667,NaN,NaN,NaN,NaN,NaN,0,586,500,55.283,47.170,475,44.811
2361,2361,78.700,NaN,NaN,NaN,NaN,NaN,0,586,500,55.283,47.170,475,44.811
2362,2362,78.733,NaN,NaN,NaN,NaN,NaN,0,586,500,55.283,47.170,475,44.811
2363,2363,78.767,NaN,NaN,NaN,NaN,NaN,0,586,500,55.283,47.170,475,44.811
2364,2364,78.800,NaN,NaN,NaN,NaN,NaN,0,586,500,55.283,47.170,475,44.811
2365,2365,78.833,NaN,NaN,NaN,NaN,NaN,0,586,500,55.283,47.170,475,44.811
2366,2366,78.867,NaN,NaN,NaN,NaN,NaN,0,586,500,55.283,47.170,475,44.811
2367,2367,78.900,NaN,NaN,NaN,NaN,NaN,0,586,500,55.283,47.170,475,44.811
2368,2368,78.933,NaN,NaN,NaN,NaN,NaN,0,586,500,55.283,47.170,475,44.811
2369,2369,78.967,NaN,NaN,NaN,NaN,NaN,0,586,500,55.283,47.170,475,44.811
2370,2370,79.000,NaN,NaN,NaN,NaN,NaN,0,586,500,55.283,47.170,475,44.811
2371,2371,79.033,NaN,NaN,NaN,NaN,NaN,0,586,500,55.283,47.170,475,44.811
2372,2372,79.067,NaN,NaN,NaN,NaN,NaN,0,586,500,55.283,47.170,475,44.811
2373,2373,79.100,NaN,NaN,NaN,NaN,NaN,0,586,500,55.283,47.170,475,44.811
2374,2374,79.133,NaN,NaN,NaN,NaN,NaN,0,586,500,55.283,47.170,475,44.811
2375,2375,79.167,NaN,NaN,NaN,NaN,NaN,0,586,500,55.283,47.170,475,44.811
2376,2376,79.200,NaN,NaN,NaN,NaN,NaN,0,586,500,55.283,47.170,475,44.811
2377,2377,79.233,NaN,NaN,NaN,NaN,NaN,0,586,500,55.283,47.170,475,44.811
2378,2378,79.267,NaN,NaN,NaN,NaN,NaN,0,586,500,55.283,47.170,475,44.811
2379,2379,79.300,NaN,NaN,NaN,NaN,NaN,0,586,500,55.283,47.170,475,44.811
2380,2380,79.333,NaN,NaN,NaN,NaN,NaN,0,586,500,55.283,47.170,475,44.811
2381,2381,79.367,NaN,NaN,NaN,NaN,NaN,0,586,500,55.283,47.170,475,44.811
2382,2382,79.400,NaN,NaN,NaN,NaN,NaN,0,586,500,55.283,47.170,475,44.811
2383,2383,79.433,NaN,NaN,NaN,NaN,NaN,0,586,500,55.283,47.170,475,44.811
2384,2384,79.467,NaN,NaN,NaN,NaN,NaN,0,586,500,55.283,47.170,475,44.811
2385,2385,79.500,NaN,NaN,NaN,NaN,NaN,0,586,500,55.283,47.170,475,44.811
2386,2386,79.533,NaN,NaN,NaN,NaN,NaN,0,586,500,55.283,47.170,475,44.811
2387,2387,79.567,NaN,NaN,NaN,NaN,NaN,0,586,500,55.283,47.170,475,44.811
2388,2388,79.600,NaN,NaN,NaN,NaN,NaN,0,586,500,55.283,47.170,475,44.811
2389,2389,79.633,NaN,NaN,NaN,NaN,NaN,0,586,500,55.283,47.170,475,44.811
2390,2390,79.667,NaN,NaN,NaN,NaN,NaN,0,586,500,55.283,47.170,475,44.811
2391,2391,79.700,NaN,NaN,NaN,NaN,NaN,0,586,500,55.283,47.170,475,44.811
2392,2392,79.733,NaN,NaN,NaN,NaN,NaN,0,586,500,55.283,47.170,475,44.811
2393,2393,79.767,NaN,NaN,NaN,NaN,NaN,0,586,500,55.283,47.170,475,44.811
2394,2394,79.800,NaN,NaN,NaN,NaN,NaN,0,586,500,55.283,47.170,475,44.811
2395,2395,79.833,NaN,NaN,NaN,NaN,NaN,0,586,500,55.283,47.170,475,44.811
2396,2396,79.867,NaN,NaN,NaN,NaN,NaN,0,586,500,55.283,47.170,475,44.811
2397,2397,79.900,NaN,NaN,NaN,NaN,NaN,0,586,500,55.283,47.170,475,44.811
2398,2398,79.933,NaN,NaN,NaN,NaN,NaN,0,586,500,55.283,47.170,475,44.811
2399,2399,79.967,NaN,NaN,NaN,NaN,NaN,0,586,500,55.283,47.170,475,44.811
2400,2400,80.000,NaN,NaN,NaN,NaN,NaN,0,586,500,55.283,47.170,475,44.811
2401,2401,80.033,NaN,NaN,NaN,NaN,NaN,0,586,500,55.283,47.170,475,44.811
2402,2402,80.067,NaN,NaN,NaN,NaN,NaN,0,586,500,55.283,47.170,475,44.811
2403,2403,80.100,NaN,NaN,NaN,NaN,NaN,0,586,500,55.283,47.170,475,44.811
2404,2404,80.133,NaN,NaN,NaN,NaN,NaN,0,586,500,55.283,47.170,475,44.811
2405,2405,80.167,NaN,NaN,NaN,NaN,NaN,0,586,500,55.283,47.170,475,44.811
2406,2406,80.200,NaN,NaN,NaN,NaN,NaN,0,586,500,55.283,47.170,475,44.811
2407,2407,80.233,NaN,NaN,NaN,NaN,NaN,0,586,500,55.283,47.170,475,44.811
2408,2408,80.267,NaN,NaN,NaN,NaN,NaN,0,586,500,55.283,47.170,475,44.811
2409,2409,80.300,NaN,NaN,NaN,NaN,NaN,0,586,500,55.283,47.170,475,44.811
2410,2410,80.333,NaN,NaN,NaN,NaN,NaN,0,586,500,55.283,47.170,475,44.811
2411,2411,80.367,NaN,NaN,NaN,NaN,NaN,0,586,500,55.283,47.170,475,44.811
2412,2412,80.400,NaN,NaN,NaN,NaN,NaN,0,586,500,55.283,47.170,475,44.811
2413,2413,80.433,NaN,NaN,NaN,NaN,NaN,0,586,500,55.283,47.170,475,44.811
2414,2414,80.467,NaN,NaN,NaN,NaN,NaN,0,586,500,55.283,47.170,475,44.811
2415,2415,80.500,NaN,NaN,NaN,NaN,NaN,0,586,500,55.283,47.170,475,44.811
2416,2416,80.533,NaN,NaN,NaN,NaN,NaN,0,586,500,55.283,47.170,475,44.811
2417,2417,80.567,NaN,NaN,NaN,NaN,NaN,0,586,500,55.283,47.170,475,44.811
2418,2418,80.600,NaN,NaN,NaN,NaN,NaN,0,586,500,55.283,47.170,475,44.811
2419,2419,80.633,NaN,NaN,NaN,NaN,NaN,0,586,500,55.283,47.170,475,44.811
2420,2420,80.667,NaN,NaN,NaN,NaN,NaN,0,586,500,55.283,47.170,475,44.811
2421,2421,80.700,NaN,NaN,NaN,NaN,NaN,0,586,500,55.283,47.170,475,44.811
2422,2422,80.733,NaN,NaN,NaN,NaN,NaN,0,586,500,55.283,47.170,475,44.811
2423,2423,80.767,NaN,NaN,NaN,NaN,NaN,0,586,500,55.283,47.170,475,44.811
2424,2424,80.800,NaN,NaN,NaN,NaN,NaN,0,586,500,55.283,47.170,475,44.811
2425,2425,80.833,NaN,NaN,NaN,NaN,NaN,0,586,500,55.283,47.170,475,44.811
2426,2426,80.867,NaN,NaN,NaN,NaN,NaN,0,586,500,55.283,47.170,475,44.811
2427,2427,80.900,NaN,NaN,NaN,NaN,NaN,0,586,500,55.283,47.170,475,44.811
2428,2428,80.933,NaN,NaN,NaN,NaN,NaN,0,586,500,55.283,47.170,475,44.811
2429,2429,80.967,NaN,NaN,NaN,NaN,NaN,0,586,500,55.283,47.170,475,44.811
2430,2430,81.000,NaN,NaN,NaN,NaN,NaN,0,586,500,55.283,47.170,475,44.811
2431,2431,81.033,NaN,NaN,NaN,NaN,NaN,0,586,500,55.283,47.170,475,44.811
2432,2432,81.067,NaN,NaN,NaN,NaN,NaN,0,586,500,55.283,47.170,475,44.811
2433,2433,81.100,NaN,NaN,NaN,NaN,NaN,0,586,500,55.283,47.170,475,44.811
2434,2434,81.133,NaN,NaN,NaN,NaN,NaN,0,586,500,55.283,47.170,475,44.811
2435,2435,81.167,NaN,NaN,NaN,NaN,NaN,0,586,500,55.283,47.170,475,44.811
2436,2436,81.200,NaN,NaN,NaN,NaN,NaN,0,586,500,55.283,47.170,475,44.811
2437,2437,81.233,NaN,NaN,NaN,NaN,NaN,0,586,500,55.283,47.170,475,44.811
2438,2438,81.267,NaN,NaN,NaN,NaN,NaN,0,586,500,55.283,47.170,475,44.811
2439,2439,81.300,NaN,NaN,NaN,NaN,NaN,0,586,500,55.283,47.170,475,44.811
2440,2440,81.333,NaN,NaN,NaN,NaN,NaN,0,586,500,55.283,47.170,475,44.811
2441,2441,81.367,NaN,NaN,NaN,NaN,NaN,0,586,500,55.283,47.170,475,44.811
2442,2442,81.400,NaN,NaN,NaN,NaN,NaN,0,586,500,55.283,47.170,475,44.811
2443,2443,81.433,NaN,NaN,NaN,NaN,NaN,0,586,500,55.283,47.170,475,44.811
2444,2444,81.467,NaN,NaN,NaN,NaN,NaN,0,586,500,55.283,47.170,475,44.811
2445,2445,81.500,NaN,NaN,NaN,NaN,NaN,0,586,500,55.283,47.170,475,44.811
2446,2446,81.533,NaN,NaN,NaN,NaN,NaN,0,586,500,55.283,47.170,475,44.811
2447,2447,81.567,NaN,NaN,NaN,NaN,NaN,0,586,500,55.283,47.170,475,44.811
2448,2448,81.600,NaN,NaN,NaN,NaN,NaN,0,586,500,55.283,47.170,475,44.811
2449,2449,81.633,NaN,NaN,NaN,NaN,NaN,0,586,500,55.283,47.170,475,44.811
2450,2450,81.667,NaN,NaN,NaN,NaN,NaN,0,586,500,55.283,47.170,475,44.811
2451,2451,81.700,NaN,NaN,NaN,NaN,NaN,0,586,500,55.283,47.170,475,44.811
2452,2452,81.733,NaN,NaN,NaN,NaN,NaN,0,586,500,55.283,47.170,475,44.811
2453,2453,81.767,NaN,NaN,NaN,NaN,NaN,0,586,500,55.283,47.170,475,44.811
2454,2454,81.800,NaN,NaN,NaN,NaN,NaN,0,586,500,55.283,47.170,475,44.811
2455,2455,81.833,NaN,NaN,NaN,NaN,NaN,0,586,500,55.283,47.170,475,44.811
2456,2456,81.867,NaN,NaN,NaN,NaN,NaN,0,586,500,55.283,47.170,475,44.811
2457,2457,81.900,NaN,NaN,NaN,NaN,NaN,0,586,500,55.283,47.170,475,44.811
2458,2458,81.933,NaN,NaN,NaN,NaN,NaN,0,586,500,55.283,47.170,475,44.811
2459,2459,81.967,NaN,NaN,NaN,NaN,NaN,0,586,500,55.283,47.170,475,44.811
2460,2460,82.000,NaN,NaN,NaN,NaN,NaN,0,586,500,55.283,47.170,475,44.811
2461,2461,82.033,NaN,NaN,NaN,NaN,NaN,0,586,500,55.283,47.170,475,44.811
2462,2462,82.067,NaN,NaN,NaN,NaN,NaN,0,586,500,55.283,47.170,475,44.811
2463,2463,82.100,NaN,NaN,NaN,NaN,NaN,0,586,500,55.283,47.170,475,44.811
2464,2464,82.133,NaN,NaN,NaN,NaN,NaN,0,586,500,55.283,47.170,475,44.811
2465,2465,82.167,NaN,NaN,NaN,NaN,NaN,0,586,500,55.283,47.170,475,44.811
2466,2466,82.200,NaN,NaN,NaN,NaN,NaN,0,586,500,55.283,47.170,475,44.811
2467,2467,82.233,NaN,NaN,NaN,NaN,NaN,0,586,500,55.283,47.170,475,44.811
2468,2468,82.267,NaN,NaN,NaN,NaN,NaN,0,586,500,55.283,47.170,475,44.811
2469,2469,82.300,NaN,NaN,NaN,NaN,NaN,0,586,500,55.283,47.170,475,44.811
2470,2470,82.333,NaN,NaN,NaN,NaN,NaN,0,586,500,55.283,47.170,475,44.811
2471,2471,82.367,NaN,NaN,NaN,NaN,NaN,0,586,500,55.283,47.170,475,44.811
2472,2472,82.400,NaN,NaN,NaN,NaN,NaN,0,586,500,55.283,47.170,475,44.811
2473,2473,82.433,NaN,NaN,NaN,NaN,NaN,0,586,500,55.283,47.170,475,44.811
2474,2474,82.467,NaN,NaN,NaN,NaN,NaN,0,586,500,55.283,47.170,475,44.811
2475,2475,82.500,NaN,NaN,NaN,NaN,NaN,0,586,500,55.283,47.170,475,44.811
2476,2476,82.533,NaN,NaN,NaN,NaN,NaN,0,586,500,55.283,47.170,475,44.811
2477,2477,82.567,NaN,NaN,NaN,NaN,NaN,0,586,500,55.283,47.170,475,44.811
2478,2478,82.600,NaN,NaN,NaN,NaN,NaN,0,586,500,55.283,47.170,475,44.811
2479,2479,82.633,NaN,NaN,NaN,NaN,NaN,0,586,500,55.283,47.170,475,44.811
2480,2480,82.667,NaN,NaN,NaN,NaN,NaN,0,586,500,55.283,47.170,475,44.811
2481,2481,82.700,NaN,NaN,NaN,NaN,NaN,0,586,500,55.283,47.170,475,44.811
2482,2482,82.733,NaN,NaN,NaN,NaN,NaN,0,586,500,55.283,47.170,475,44.811
2483,2483,82.767,NaN,NaN,NaN,NaN,NaN,0,586,500,55.283,47.170,475,44.811
2484,2484,82.800,NaN,NaN,NaN,NaN,NaN,0,586,500,55.283,47.170,475,44.811
2485,2485,82.833,NaN,NaN,NaN,NaN,NaN,0,586,500,55.283,47.170,475,44.811
2486,2486,82.867,NaN,NaN,NaN,NaN,NaN,0,586,500,55.283,47.170,475,44.811
2487,2487,82.900,NaN,NaN,NaN,NaN,NaN,0,586,500,55.283,47.170,475,44.811
2488,2488,82.933,NaN,NaN,NaN,NaN,NaN,0,586,500,55.283,47.170,475,44.811
2489,2489,82.967,NaN,NaN,NaN,NaN,NaN,0,586,500,55.283,47.170,475,44.811
2490,2490,83.000,NaN,NaN,NaN,NaN,NaN,0,586,500,55.283,47.170,475,44.811
2491,2491,83.033,NaN,NaN,NaN,NaN,NaN,0,586,500,55.283,47.170,475,44.811
2492,2492,83.067,NaN,NaN,NaN,NaN,NaN,0,586,500,55.283,47.170,475,44.811
2493,2493,83.100,NaN,NaN,NaN,NaN,NaN,0,586,500,55.283,47.170,475,44.811
2494,2494,83.133,NaN,NaN,NaN,NaN,NaN,0,586,500,55.283,47.170,475,44.811
2495,2495,83.167,NaN,NaN,NaN,NaN,NaN,0,586,500,55.283,47.170,475,44.811
2496,2496,83.200,NaN,NaN,NaN,NaN,NaN,0,586,500,55.283,47.170,475,44.811
2497,2497,83.233,NaN,NaN,NaN,NaN,NaN,0,586,500,55.283,47.170,475,44.811
2498,2498,83.267,NaN,NaN,NaN,NaN,NaN,0,586,500,55.283,47.170,475,44.811
2499,2499,83.300,NaN,NaN,NaN,NaN,NaN,0,586,500,55.283,47.170,475,44.811
2500,2500,83.333,NaN,NaN,NaN,NaN,NaN,0,586,500,55.283,47.170,475,44.811
2501,2501,83.367,NaN,NaN,NaN,NaN,NaN,0,586,500,55.283,47.170,475,44.811
2502,2502,83.400,NaN,NaN,NaN,NaN,NaN,0,586,500,55.283,47.170,475,44.811
2503,2503,83.433,NaN,NaN,NaN,NaN,NaN,0,586,500,55.283,47.170,475,44.811
2504,2504,83.467,NaN,NaN,NaN,NaN,NaN,0,586,500,55.283,47.170,475,44.811
2505,2505,83.500,NaN,NaN,NaN,NaN,NaN,0,586,500,55.283,47.170,475,44.811
2506,2506,83.533,NaN,NaN,NaN,NaN,NaN,0,586,500,55.283,47.170,475,44.811
2507,2507,83.567,NaN,NaN,NaN,NaN,NaN,0,586,500,55.283,47.170,475,44.811
2508,2508,83.600,NaN,NaN,NaN,NaN,NaN,0,586,500,55.283,47.170,475,44.811
2509,2509,83.633,NaN,NaN,NaN,NaN,NaN,0,586,500,55.283,47.170,475,44.811
2510,2510,83.667,NaN,NaN,NaN,NaN,NaN,0,586,500,55.283,47.170,475,44.811
2511,2511,83.700,NaN,NaN,NaN,NaN,NaN,0,586,500,55.283,47.170,475,44.811
2512,2512,83.733,NaN,NaN,NaN,NaN,NaN,0,586,500,55.283,47.170,475,44.811
2513,2513,83.767,NaN,NaN,NaN,NaN,NaN,0,586,500,55.283,47.170,475,44.811
2514,2514,83.800,NaN,NaN,NaN,NaN,NaN,0,586,500,55.283,47.170,475,44.811
2515,2515,83.833,NaN,NaN,NaN,NaN,NaN,0,586,500,55.283,47.170,475,44.811
2516,2516,83.867,NaN,NaN,NaN,NaN,NaN,0,586,500,55.283,47.170,475,44.811
2517,2517,83.900,NaN,NaN,NaN,NaN,NaN,0,586,500,55.283,47.170,475,44.811
2518,2518,83.933,NaN,NaN,NaN,NaN,NaN,0,586,500,55.283,47.170,475,44.811
2519,2519,83.967,NaN,NaN,NaN,NaN,NaN,0,586,500,55.283,47.170,475,44.811
2520,2520,84.000,NaN,NaN,NaN,NaN,NaN,0,586,500,55.283,47.170,475,44.811
2521,2521,84.033,NaN,NaN,NaN,NaN,NaN,0,586,500,55.283,47.170,475,44.811
2522,2522,84.067,NaN,NaN,NaN,NaN,NaN,0,586,500,55.283,47.170,475,44.811
2523,2523,84.100,NaN,NaN,NaN,NaN,NaN,0,586,500,55.283,47.170,475,44.811
2524,2524,84.133,NaN,NaN,NaN,NaN,NaN,0,586,500,55.283,47.170,475,44.811
2525,2525,84.167,NaN,NaN,NaN,NaN,NaN,0,586,500,55.283,47.170,475,44.811
2526,2526,84.200,NaN,NaN,NaN,NaN,NaN,0,586,500,55.283,47.170,475,44.811
2527,2527,84.233,NaN,NaN,NaN,NaN,NaN,0,586,500,55.283,47.170,475,44.811
2528,2528,84.267,NaN,NaN,NaN,NaN,NaN,0,586,500,55.283,47.170,475,44.811
2529,2529,84.300,NaN,NaN,NaN,NaN,NaN,0,586,500,55.283,47.170,475,44.811
2530,2530,84.333,NaN,NaN,NaN,NaN,NaN,0,586,500,55.283,47.170,475,44.811
2531,2531,84.367,NaN,NaN,NaN,NaN,NaN,0,586,500,55.283,47.170,475,44.811
2532,2532,84.400,NaN,NaN,NaN,NaN,NaN,0,586,500,55.283,47.170,475,44.811
2533,2533,84.433,NaN,NaN,NaN,NaN,NaN,0,586,500,55.283,47.170,475,44.811
2534,2534,84.467,NaN,NaN,NaN,NaN,NaN,0,586,500,55.283,47.170,475,44.811
2535,2535,84.500,NaN,NaN,NaN,NaN,NaN,0,586,500,55.283,47.170,475,44.811
2536,2536,84.533,NaN,NaN,NaN,NaN,NaN,0,586,500,55.283,47.170,475,44.811
2537,2537,84.567,NaN,NaN,NaN,NaN,NaN,0,586,500,55.283,47.170,475,44.811
2538,2538,84.600,NaN,NaN,NaN,NaN,NaN,0,586,500,55.283,47.170,475,44.811
2539,2539,84.633,NaN,NaN,NaN,NaN,NaN,0,586,500,55.283,47.170,475,44.811
2540,2540,84.667,NaN,NaN,NaN,NaN,NaN,0,586,500,55.283,47.170,475,44.811
2541,2541,84.700,NaN,NaN,NaN,NaN,NaN,0,586,500,55.283,47.170,475,44.811
2542,2542,84.733,NaN,NaN,NaN,NaN,NaN,0,586,500,55.283,47.170,475,44.811
2543,2543,84.767,NaN,NaN,NaN,NaN,NaN,0,586,500,55.283,47.170,475,44.811
2544,2544,84.800,NaN,NaN,NaN,NaN,NaN,0,586,500,55.283,47.170,475,44.811
2545,2545,84.833,NaN,NaN,NaN,NaN,NaN,0,586,500,55.283,47.170,475,44.811
2546,2546,84.867,NaN,NaN,NaN,NaN,NaN,0,586,500,55.283,47.170,475,44.811
2547,2547,84.900,NaN,NaN,NaN,NaN,NaN,0,586,500,55.283,47.170,475,44.811
2548,2548,84.933,NaN,NaN,NaN,NaN,NaN,0,586,500,55.283,47.170,475,44.811
2549,2549,84.967,NaN,NaN,NaN,NaN,NaN,0,586,500,55.283,47.170,475,44.811
2550,2550,85.000,NaN,NaN,NaN,NaN,NaN,0,586,500,55.283,47.170,475,44.811
2551,2551,85.033,NaN,NaN,NaN,NaN,NaN,0,586,500,55.283,47.170,475,44.811
2552,2552,85.067,NaN,NaN,NaN,NaN,NaN,0,586,500,55.283,47.170,475,44.811
2553,2553,85.100,NaN,NaN,NaN,NaN,NaN,0,586,500,55.283,47.170,475,44.811
2554,2554,85.133,NaN,NaN,NaN,NaN,NaN,0,586,500,55.283,47.170,475,44.811
2555,2555,85.167,NaN,NaN,NaN,NaN,NaN,0,586,500,55.283,47.170,475,44.811
2556,2556,85.200,NaN,NaN,NaN,NaN,NaN,0,586,500,55.283,47.170,475,44.811
2557,2557,85.233,NaN,NaN,NaN,NaN,NaN,0,586,500,55.283,47.170,475,44.811
2558,2558,85.267,NaN,NaN,NaN,NaN,NaN,0,586,500,55.283,47.170,475,44.811
2559,2559,85.300,NaN,NaN,NaN,NaN,NaN,0,586,500,55.283,47.170,475,44.811
2560,2560,85.333,NaN,NaN,NaN,NaN,NaN,0,586,500,55.283,47.170,475,44.811
2561,2561,85.367,NaN,NaN,NaN,NaN,NaN,0,586,500,55.283,47.170,475,44.811
2562,2562,85.400,NaN,NaN,NaN,NaN,NaN,0,586,500,55.283,47.170,475,44.811
2563,2563,85.433,NaN,NaN,NaN,NaN,NaN,0,586,500,55.283,47.170,475,44.811
2564,2564,85.467,NaN,NaN,NaN,NaN,NaN,0,586,500,55.283,47.170,475,44.811
2565,2565,85.500,NaN,NaN,NaN,NaN,NaN,0,586,500,55.283,47.170,475,44.811
2566,2566,85.533,NaN,NaN,NaN,NaN,NaN,0,586,500,55.283,47.170,475,44.811
2567,2567,85.567,NaN,NaN,NaN,NaN,NaN,0,586,500,55.283,47.170,475,44.811
2568,2568,85.600,NaN,NaN,NaN,NaN,NaN,0,586,500,55.283,47.170,475,44.811
2569,2569,85.633,NaN,NaN,NaN,NaN,NaN,0,586,500,55.283,47.170,475,44.811
2570,2570,85.667,NaN,NaN,NaN,NaN,NaN,0,586,500,55.283,47.170,475,44.811
2571,2571,85.700,NaN,NaN,NaN,NaN,NaN,0,586,500,55.283,47.170,475,44.811
2572,2572,85.733,NaN,NaN,NaN,NaN,NaN,0,586,500,55.283,47.170,475,44.811
2573,2573,85.767,NaN,NaN,NaN,NaN,NaN,0,586,500,55.283,47.170,475,44.811
2574,2574,85.800,NaN,NaN,NaN,NaN,NaN,0,586,500,55.283,47.170,475,44.811
2575,2575,85.833,NaN,NaN,NaN,NaN,NaN,0,586,500,55.283,47.170,475,44.811
2576,2576,85.867,NaN,NaN,NaN,NaN,NaN,0,586,500,55.283,47.170,475,44.811
2577,2577,85.900,NaN,NaN,NaN,NaN,NaN,0,586,500,55.283,47.170,475,44.811
2578,2578,85.933,NaN,NaN,NaN,NaN,NaN,0,586,500,55.283,47.170,475,44.811
2579,2579,85.967,NaN,NaN,NaN,NaN,NaN,0,586,500,55.283,47.170,475,44.811
2580,2580,86.000,NaN,NaN,NaN,NaN,NaN,0,586,500,55.283,47.170,475,44.811
2581,2581,86.033,NaN,NaN,NaN,NaN,NaN,0,586,500,55.283,47.170,475,44.811
2582,2582,86.067,NaN,NaN,NaN,NaN,NaN,0,586,500,55.283,47.170,475,44.811
2583,2583,86.100,NaN,NaN,NaN,NaN,NaN,0,586,500,55.283,47.170,475,44.811
2584,2584,86.133,NaN,NaN,NaN,NaN,NaN,0,586,500,55.283,47.170,475,44.811
2585,2585,86.167,NaN,NaN,NaN,NaN,NaN,0,586,500,55.283,47.170,475,44.811
2586,2586,86.200,NaN,NaN,NaN,NaN,NaN,0,586,500,55.283,47.170,475,44.811
2587,2587,86.233,NaN,NaN,NaN,NaN,NaN,0,586,500,55.283,47.170,475,44.811
2588,2588,86.267,NaN,NaN,NaN,NaN,NaN,0,586,500,55.283,47.170,475,44.811
2589,2589,86.300,NaN,NaN,NaN,NaN,NaN,0,586,500,55.283,47.170,475,44.811
2590,2590,86.333,NaN,NaN,NaN,NaN,NaN,0,586,500,55.283,47.170,475,44.811
2591,2591,86.367,NaN,NaN,NaN,NaN,NaN,0,586,500,55.283,47.170,475,44.811
2592,2592,86.400,NaN,NaN,NaN,NaN,NaN,0,586,500,55.283,47.170,475,44.811
2593,2593,86.433,NaN,NaN,NaN,NaN,NaN,0,586,500,55.283,47.170,475,44.811
2594,2594,86.467,NaN,NaN,NaN,NaN,NaN,0,586,500,55.283,47.170,475,44.811
2595,2595,86.500,NaN,NaN,NaN,NaN,NaN,0,586,500,55.283,47.170,475,44.811
2596,2596,86.533,NaN,NaN,NaN,NaN,NaN,0,586,500,55.283,47.170,475,44.811
2597,2597,86.567,NaN,NaN,NaN,NaN,NaN,0,586,500,55.283,47.170,475,44.811
2598,2598,86.600,NaN,NaN,NaN,NaN,NaN,0,586,500,55.283,47.170,475,44.811
2599,2599,86.633,NaN,NaN,NaN,NaN,NaN,0,586,500,55.283,47.170,475,44.811
2600,2600,86.667,NaN,NaN,NaN,NaN,NaN,0,586,500,55.283,47.170,475,44.811
2601,2601,86.700,NaN,NaN,NaN,NaN,NaN,0,586,500,55.283,47.170,475,44.811
2602,2602,86.733,NaN,NaN,NaN,NaN,NaN,0,586,500,55.283,47.170,475,44.811
2603,2603,86.767,NaN,NaN,NaN,NaN,NaN,0,586,500,55.283,47.170,475,44.811
2604,2604,86.800,NaN,NaN,NaN,NaN,NaN,0,586,500,55.283,47.170,475,44.811
2605,2605,86.833,NaN,NaN,NaN,NaN,NaN,0,586,500,55.283,47.170,475,44.811
2606,2606,86.867,NaN,NaN,NaN,NaN,NaN,0,586,500,55.283,47.170,475,44.811
2607,2607,86.900,NaN,NaN,NaN,NaN,NaN,0,586,500,55.283,47.170,475,44.811
2608,2608,86.933,NaN,NaN,NaN,NaN,NaN,0,586,500,55.283,47.170,475,44.811
2609,2609,86.967,NaN,NaN,NaN,NaN,NaN,0,586,500,55.283,47.170,475,44.811
2610,2610,87.000,NaN,NaN,NaN,NaN,NaN,0,586,500,55.283,47.170,475,44.811
2611,2611,87.033,NaN,NaN,NaN,NaN,NaN,0,586,500,55.283,47.170,475,44.811
2612,2612,87.067,NaN,NaN,NaN,NaN,NaN,0,586,500,55.283,47.170,475,44.811
2613,2613,87.100,NaN,NaN,NaN,NaN,NaN,0,586,500,55.283,47.170,475,44.811
2614,2614,87.133,NaN,NaN,NaN,NaN,NaN,0,586,500,55.283,47.170,475,44.811
2615,2615,87.167,NaN,NaN,NaN,NaN,NaN,0,586,500,55.283,47.170,475,44.811
2616,2616,87.200,NaN,NaN,NaN,NaN,NaN,0,586,500,55.283,47.170,475,44.811
2617,2617,87.233,NaN,NaN,NaN,NaN,NaN,0,586,500,55.283,47.170,475,44.811
2618,2618,87.267,NaN,NaN,NaN,NaN,NaN,0,586,500,55.283,47.170,475,44.811
2619,2619,87.300,NaN,NaN,NaN,NaN,NaN,0,586,500,55.283,47.170,475,44.811
2620,2620,87.333,NaN,NaN,NaN,NaN,NaN,0,586,500,55.283,47.170,475,44.811
2621,2621,87.367,NaN,NaN,NaN,NaN,NaN,0,586,500,55.283,47.170,475,44.811
2622,2622,87.400,NaN,NaN,NaN,NaN,NaN,0,586,500,55.283,47.170,475,44.811
2623,2623,87.433,NaN,NaN,NaN,NaN,NaN,0,586,500,55.283,47.170,475,44.811
2624,2624,87.467,NaN,NaN,NaN,NaN,NaN,0,586,500,55.283,47.170,475,44.811
2625,2625,87.500,NaN,NaN,NaN,NaN,NaN,0,586,500,55.283,47.170,475,44.811
2626,2626,87.533,NaN,NaN,NaN,NaN,NaN,0,586,500,55.283,47.170,475,44.811
2627,2627,87.567,NaN,NaN,NaN,NaN,NaN,0,586,500,55.283,47.170,475,44.811
2628,2628,87.600,NaN,NaN,NaN,NaN,NaN,0,586,500,55.283,47.170,475,44.811
2629,2629,87.633,NaN,NaN,NaN,NaN,NaN,0,586,500,55.283,47.170,475,44.811
2630,2630,87.667,NaN,NaN,NaN,NaN,NaN,0,586,500,55.283,47.170,475,44.811
2631,2631,87.700,NaN,NaN,NaN,NaN,NaN,0,586,500,55.283,47.170,475,44.811
2632,2632,87.733,NaN,NaN,NaN,NaN,NaN,0,586,500,55.283,47.170,475,44.811
2633,2633,87.767,NaN,NaN,NaN,NaN,NaN,0,586,500,55.283,47.170,475,44.811
2634,2634,87.800,NaN,NaN,NaN,NaN,NaN,0,586,500,55.283,47.170,475,44.811
2635,2635,87.833,NaN,NaN,NaN,NaN,NaN,0,586,500,55.283,47.170,475,44.811
2636,2636,87.867,NaN,NaN,NaN,NaN,NaN,0,586,500,55.283,47.170,475,44.811
2637,2637,87.900,NaN,NaN,NaN,NaN,NaN,0,586,500,55.283,47.170,475,44.811
2638,2638,87.933,NaN,NaN,NaN,NaN,NaN,0,586,500,55.283,47.170,475,44.811
2639,2639,87.967,NaN,NaN,NaN,NaN,NaN,0,586,500,55.283,47.170,475,44.811
2640,2640,88.000,NaN,NaN,NaN,NaN,NaN,0,586,500,55.283,47.170,475,44.811
2641,2641,88.033,NaN,NaN,NaN,NaN,NaN,0,586,500,55.283,47.170,475,44.811
2642,2642,88.067,NaN,NaN,NaN,NaN,NaN,0,586,500,55.283,47.170,475,44.811
2643,2643,88.100,NaN,NaN,NaN,NaN,NaN,0,586,500,55.283,47.170,475,44.811
2644,2644,88.133,NaN,NaN,NaN,NaN,NaN,0,586,500,55.283,47.170,475,44.811
2645,2645,88.167,NaN,NaN,NaN,NaN,NaN,0,586,500,55.283,47.170,475,44.811
2646,2646,88.200,NaN,NaN,NaN,NaN,NaN,0,586,500,55.283,47.170,475,44.811
2647,2647,88.233,NaN,NaN,NaN,NaN,NaN,0,586,500,55.283,47.170,475,44.811
2648,2648,88.267,NaN,NaN,NaN,NaN,NaN,0,586,500,55.283,47.170,475,44.811
2649,2649,88.300,NaN,NaN,NaN,NaN,NaN,0,586,500,55.283,47.170,475,44.811
2650,2650,88.333,NaN,NaN,NaN,NaN,NaN,0,586,500,55.283,47.170,475,44.811
2651,2651,88.367,NaN,NaN,NaN,NaN,NaN,0,586,500,55.283,47.170,475,44.811
2652,2652,88.400,NaN,NaN,NaN,NaN,NaN,0,586,500,55.283,47.170,475,44.811
2653,2653,88.433,NaN,NaN,NaN,NaN,NaN,0,586,500,55.283,47.170,475,44.811
2654,2654,88.467,NaN,NaN,NaN,NaN,NaN,0,586,500,55.283,47.170,475,44.811
2655,2655,88.500,NaN,NaN,NaN,NaN,NaN,0,586,500,55.283,47.170,475,44.811
2656,2656,88.533,NaN,NaN,NaN,NaN,NaN,0,586,500,55.283,47.170,475,44.811
2657,2657,88.567,NaN,NaN,NaN,NaN,NaN,0,586,500,55.283,47.170,475,44.811
2658,2658,88.600,NaN,NaN,NaN,NaN,NaN,0,586,500,55.283,47.170,475,44.811
2659,2659,88.633,NaN,NaN,NaN,NaN,NaN,0,586,500,55.283,47.170,475,44.811
2660,2660,88.667,NaN,NaN,NaN,NaN,NaN,0,586,500,55.283,47.170,475,44.811
2661,2661,88.700,NaN,NaN,NaN,NaN,NaN,0,586,500,55.283,47.170,475,44.811
2662,2662,88.733,NaN,NaN,NaN,NaN,NaN,0,586,500,55.283,47.170,475,44.811
2663,2663,88.767,NaN,NaN,NaN,NaN,NaN,0,586,500,55.283,47.170,475,44.811
2664,2664,88.800,NaN,NaN,NaN,NaN,NaN,0,586,500,55.283,47.170,475,44.811
2665,2665,88.833,NaN,NaN,NaN,NaN,NaN,0,586,500,55.283,47.170,475,44.811
2666,2666,88.867,NaN,NaN,NaN,NaN,NaN,0,586,500,55.283,47.170,475,44.811
2667,2667,88.900,NaN,NaN,NaN,NaN,NaN,0,586,500,55.283,47.170,475,44.811
2668,2668,88.933,NaN,NaN,NaN,NaN,NaN,0,586,500,55.283,47.170,475,44.811
2669,2669,88.967,NaN,NaN,NaN,NaN,NaN,0,586,500,55.283,47.170,475,44.811
2670,2670,89.000,NaN,NaN,NaN,NaN,NaN,0,586,500,55.283,47.170,475,44.811
2671,2671,89.033,NaN,NaN,NaN,NaN,NaN,0,586,500,55.283,47.170,475,44.811
2672,2672,89.067,NaN,NaN,NaN,NaN,NaN,0,586,500,55.283,47.170,475,44.811
2673,2673,89.100,NaN,NaN,NaN,NaN,NaN,0,586,500,55.283,47.170,475,44.811
2674,2674,89.133,NaN,NaN,NaN,NaN,NaN,0,586,500,55.283,47.170,475,44.811
2675,2675,89.167,NaN,NaN,NaN,NaN,NaN,0,586,500,55.283,47.170,475,44.811
2676,2676,89.200,NaN,NaN,NaN,NaN,NaN,0,586,500,55.283,47.170,475,44.811
2677,2677,89.233,NaN,NaN,NaN,NaN,NaN,0,586,500,55.283,47.170,475,44.811
2678,2678,89.267,NaN,NaN,NaN,NaN,NaN,0,586,500,55.283,47.170,475,44.811
2679,2679,89.300,NaN,NaN,NaN,NaN,NaN,0,586,500,55.283,47.170,475,44.811
2680,2680,89.333,NaN,NaN,NaN,NaN,NaN,0,586,500,55.283,47.170,475,44.811
2681,2681,89.367,NaN,NaN,NaN,NaN,NaN,0,586,500,55.283,47.170,475,44.811
2682,2682,89.400,NaN,NaN,NaN,NaN,NaN,0,586,500,55.283,47.170,475,44.811
2683,2683,89.433,NaN,NaN,NaN,NaN,NaN,0,586,500,55.283,47.170,475,44.811
2684,2684,89.467,NaN,NaN,NaN,NaN,NaN,0,586,500,55.283,47.170,475,44.811
2685,2685,89.500,NaN,NaN,NaN,NaN,NaN,0,586,500,55.283,47.170,475,44.811
2686,2686,89.533,NaN,NaN,NaN,NaN,NaN,0,586,500,55.283,47.170,475,44.811
2687,2687,89.567,NaN,NaN,NaN,NaN,NaN,0,586,500,55.283,47.170,475,44.811
2688,2688,89.600,NaN,NaN,NaN,NaN,NaN,0,586,500,55.283,47.170,475,44.811
2689,2689,89.633,NaN,NaN,NaN,NaN,NaN,0,586,500,55.283,47.170,475,44.811
2690,2690,89.667,NaN,NaN,NaN,NaN,NaN,0,586,500,55.283,47.170,475,44.811
2691,2691,89.700,NaN,NaN,NaN,NaN,NaN,0,586,500,55.283,47.170,475,44.811
2692,2692,89.733,NaN,NaN,NaN,NaN,NaN,0,586,500,55.283,47.170,475,44.811
2693,2693,89.767,NaN,NaN,NaN,NaN,NaN,0,586,500,55.283,47.170,475,44.811
2694,2694,89.800,NaN,NaN,NaN,NaN,NaN,0,586,500,55.283,47.170,475,44.811
2695,2695,89.833,NaN,NaN,NaN,NaN,NaN,0,586,500,55.283,47.170,475,44.811
2696,2696,89.867,NaN,NaN,NaN,NaN,NaN,0,586,500,55.283,47.170,475,44.811
2697,2697,89.900,NaN,NaN,NaN,NaN,NaN,0,586,500,55.283,47.170,475,44.811
2698,2698,89.933,NaN,NaN,NaN,NaN,NaN,0,586,500,55.283,47.170,475,44.811
2699,2699,89.967,NaN,NaN,NaN,NaN,NaN,0,586,500,55.283,47.170,475,44.811
2700,2700,90.000,NaN,NaN,NaN,NaN,NaN,0,586,500,55.283,47.170,475,44.811
2701,2701,90.033,NaN,NaN,NaN,NaN,NaN,0,586,500,55.283,47.170,475,44.811
2702,2702,90.067,NaN,NaN,NaN,NaN,NaN,0,586,500,55.283,47.170,475,44.811
2703,2703,90.100,NaN,NaN,NaN,NaN,NaN,0,586,500,55.283,47.170,475,44.811
2704,2704,90.133,NaN,NaN,NaN,NaN,NaN,0,586,500,55.283,47.170,475,44.811
2705,2705,90.167,NaN,NaN,NaN,NaN,NaN,0,586,500,55.283,47.170,475,44.811
2706,2706,90.200,NaN,NaN,NaN,NaN,NaN,0,586,500,55.283,47.170,475,44.811
2707,2707,90.233,NaN,NaN,NaN,NaN,NaN,0,586,500,55.283,47.170,475,44.811
2708,2708,90.267,NaN,NaN,NaN,NaN,NaN,0,586,500,55.283,47.170,475,44.811
2709,2709,90.300,NaN,NaN,NaN,NaN,NaN,0,586,500,55.283,47.170,475,44.811
2710,2710,90.333,NaN,NaN,NaN,NaN,NaN,0,586,500,55.283,47.170,475,44.811
2711,2711,90.367,NaN,NaN,NaN,NaN,NaN,0,586,500,55.283,47.170,475,44.811
2712,2712,90.400,NaN,NaN,NaN,NaN,NaN,0,586,500,55.283,47.170,475,44.811
2713,2713,90.433,NaN,NaN,NaN,NaN,NaN,0,586,500,55.283,47.170,475,44.811
2714,2714,90.467,NaN,NaN,NaN,NaN,NaN,0,586,500,55.283,47.170,475,44.811
2715,2715,90.500,NaN,NaN,NaN,NaN,NaN,0,586,500,55.283,47.170,475,44.811
2716,2716,90.533,NaN,NaN,NaN,NaN,NaN,0,586,500,55.283,47.170,475,44.811
2717,2717,90.567,NaN,NaN,NaN,NaN,NaN,0,586,500,55.283,47.170,475,44.811
2718,2718,90.600,NaN,NaN,NaN,NaN,NaN,0,586,500,55.283,47.170,475,44.811
2719,2719,90.633,NaN,NaN,NaN,NaN,NaN,0,586,500,55.283,47.170,475,44.811
2720,2720,90.667,NaN,NaN,NaN,NaN,NaN,0,586,500,55.283,47.170,475,44.811
2721,2721,90.700,NaN,NaN,NaN,NaN,NaN,0,586,500,55.283,47.170,475,44.811
2722,2722,90.733,NaN,NaN,NaN,NaN,NaN,0,586,500,55.283,47.170,475,44.811
2723,2723,90.767,NaN,NaN,NaN,NaN,NaN,0,586,500,55.283,47.170,475,44.811
2724,2724,90.800,NaN,NaN,NaN,NaN,NaN,0,586,500,55.283,47.170,475,44.811
2725,2725,90.833,NaN,NaN,NaN,NaN,NaN,0,586,500,55.283,47.170,475,44.811
2726,2726,90.867,NaN,NaN,NaN,NaN,NaN,0,586,500,55.283,47.170,475,44.811
2727,2727,90.900,NaN,NaN,NaN,NaN,NaN,0,586,500,55.283,47.170,475,44.811
2728,2728,90.933,NaN,NaN,NaN,NaN,NaN,0,586,500,55.283,47.170,475,44.811
2729,2729,90.967,NaN,NaN,NaN,NaN,NaN,0,586,500,55.283,47.170,475,44.811
2730,2730,91.000,NaN,NaN,NaN,NaN,NaN,0,586,500,55.283,47.170,475,44.811
2731,2731,91.033,NaN,NaN,NaN,NaN,NaN,0,586,500,55.283,47.170,475,44.811
2732,2732,91.067,NaN,NaN,NaN,NaN,NaN,0,586,500,55.283,47.170,475,44.811
2733,2733,91.100,NaN,NaN,NaN,NaN,NaN,0,586,500,55.283,47.170,475,44.811
2734,2734,91.133,NaN,NaN,NaN,NaN,NaN,0,586,500,55.283,47.170,475,44.811
2735,2735,91.167,NaN,NaN,NaN,NaN,NaN,0,586,500,55.283,47.170,475,44.811
2736,2736,91.200,NaN,NaN,NaN,NaN,NaN,0,586,500,55.283,47.170,475,44.811
2737,2737,91.233,NaN,NaN,NaN,NaN,NaN,0,586,500,55.283,47.170,475,44.811
2738,2738,91.267,NaN,NaN,NaN,NaN,NaN,0,586,500,55.283,47.170,475,44.811
2739,2739,91.300,NaN,NaN,NaN,NaN,NaN,0,586,500,55.283,47.170,475,44.811
2740,2740,91.333,NaN,NaN,NaN,NaN,NaN,0,586,500,55.283,47.170,475,44.811
2741,2741,91.367,NaN,NaN,NaN,NaN,NaN,0,586,500,55.283,47.170,475,44.811
2742,2742,91.400,NaN,NaN,NaN,NaN,NaN,0,586,500,55.283,47.170,475,44.811
2743,2743,91.433,NaN,NaN,NaN,NaN,NaN,0,586,500,55.283,47.170,475,44.811
2744,2744,91.467,NaN,NaN,NaN,NaN,NaN,0,586,500,55.283,47.170,475,44.811
2745,2745,91.500,NaN,NaN,NaN,NaN,NaN,0,586,500,55.283,47.170,475,44.811
2746,2746,91.533,NaN,NaN,NaN,NaN,NaN,0,586,500,55.283,47.170,475,44.811
2747,2747,91.567,NaN,NaN,NaN,NaN,NaN,0,586,500,55.283,47.170,475,44.811
2748,2748,91.600,NaN,NaN,NaN,NaN,NaN,0,586,500,55.283,47.170,475,44.811
2749,2749,91.633,NaN,NaN,NaN,NaN,NaN,0,586,500,55.283,47.170,475,44.811
2750,2750,91.667,NaN,NaN,NaN,NaN,NaN,0,586,500,55.283,47.170,475,44.811
2751,2751,91.700,NaN,NaN,NaN,NaN,NaN,0,586,500,55.283,47.170,475,44.811
2752,2752,91.733,NaN,NaN,NaN,NaN,NaN,0,586,500,55.283,47.170,475,44.811
2753,2753,91.767,NaN,NaN,NaN,NaN,NaN,0,586,500,55.283,47.170,475,44.811
2754,2754,91.800,NaN,NaN,NaN,NaN,NaN,0,586,500,55.283,47.170,475,44.811
2755,2755,91.833,NaN,NaN,NaN,NaN,NaN,0,586,500,55.283,47.170,475,44.811
2756,2756,91.867,NaN,NaN,NaN,NaN,NaN,0,586,500,55.283,47.170,475,44.811
2757,2757,91.900,NaN,NaN,NaN,NaN,NaN,0,586,500,55.283,47.170,475,44.811
2758,2758,91.933,NaN,NaN,NaN,NaN,NaN,0,586,500,55.283,47.170,475,44.811
2759,2759,91.967,NaN,NaN,NaN,NaN,NaN,0,586,500,55.283,47.170,475,44.811
2760,2760,92.000,NaN,NaN,NaN,NaN,NaN,0,586,500,55.283,47.170,475,44.811
2761,2761,92.033,NaN,NaN,NaN,NaN,NaN,0,586,500,55.283,47.170,475,44.811
2762,2762,92.067,NaN,NaN,NaN,NaN,NaN,0,586,500,55.283,47.170,475,44.811
2763,2763,92.100,NaN,NaN,NaN,NaN,NaN,0,586,500,55.283,47.170,475,44.811
2764,2764,92.133,NaN,NaN,NaN,NaN,NaN,0,586,500,55.283,47.170,475,44.811
2765,2765,92.167,NaN,NaN,NaN,NaN,NaN,0,586,500,55.283,47.170,475,44.811
2766,2766,92.200,NaN,NaN,NaN,NaN,NaN,0,586,500,55.283,47.170,475,44.811
2767,2767,92.233,NaN,NaN,NaN,NaN,NaN,0,586,500,55.283,47.170,475,44.811
2768,2768,92.267,NaN,NaN,NaN,NaN,NaN,0,586,500,55.283,47.170,475,44.811
2769,2769,92.300,NaN,NaN,NaN,NaN,NaN,0,586,500,55.283,47.170,475,44.811
2770,2770,92.333,NaN,NaN,NaN,NaN,NaN,0,586,500,55.283,47.170,475,44.811
2771,2771,92.367,NaN,NaN,NaN,NaN,NaN,0,586,500,55.283,47.170,475,44.811
2772,2772,92.400,NaN,NaN,NaN,NaN,NaN,0,586,500,55.283,47.170,475,44.811
2773,2773,92.433,NaN,NaN,NaN,NaN,NaN,0,586,500,55.283,47.170,475,44.811
2774,2774,92.467,NaN,NaN,NaN,NaN,NaN,0,586,500,55.283,47.170,475,44.811
2775,2775,92.500,NaN,NaN,NaN,NaN,NaN,0,586,500,55.283,47.170,475,44.811
2776,2776,92.533,NaN,NaN,NaN,NaN,NaN,0,586,500,55.283,47.170,475,44.811
2777,2777,92.567,NaN,NaN,NaN,NaN,NaN,0,586,500,55.283,47.170,475,44.811
2778,2778,92.600,NaN,NaN,NaN,NaN,NaN,0,586,500,55.283,47.170,475,44.811
2779,2779,92.633,NaN,NaN,NaN,NaN,NaN,0,586,500,55.283,47.170,475,44.811
2780,2780,92.667,NaN,NaN,NaN,NaN,NaN,0,586,500,55.283,47.170,475,44.811
2781,2781,92.700,NaN,NaN,NaN,NaN,NaN,0,586,500,55.283,47.170,475,44.811
2782,2782,92.733,NaN,NaN,NaN,NaN,NaN,0,586,500,55.283,47.170,475,44.811
2783,2783,92.767,NaN,NaN,NaN,NaN,NaN,0,586,500,55.283,47.170,475,44.811
2784,2784,92.800,NaN,NaN,NaN,NaN,NaN,0,586,500,55.283,47.170,475,44.811
2785,2785,92.833,NaN,NaN,NaN,NaN,NaN,0,586,500,55.283,47.170,475,44.811
2786,2786,92.867,NaN,NaN,NaN,NaN,NaN,0,586,500,55.283,47.170,475,44.811
2787,2787,92.900,NaN,NaN,NaN,NaN,NaN,0,586,500,55.283,47.170,475,44.811
2788,2788,92.933,NaN,NaN,NaN,NaN,NaN,0,586,500,55.283,47.170,475,44.811
2789,2789,92.967,NaN,NaN,NaN,NaN,NaN,0,586,500,55.283,47.170,475,44.811
2790,2790,93.000,NaN,NaN,NaN,NaN,NaN,0,586,500,55.283,47.170,475,44.811
2791,2791,93.033,NaN,NaN,NaN,NaN,NaN,0,586,500,55.283,47.170,475,44.811
2792,2792,93.067,NaN,NaN,NaN,NaN,NaN,0,586,500,55.283,47.170,475,44.811
2793,2793,93.100,NaN,NaN,NaN,NaN,NaN,0,586,500,55.283,47.170,475,44.811
2794,2794,93.133,NaN,NaN,NaN,NaN,NaN,0,586,500,55.283,47.170,475,44.811
2795,2795,93.167,NaN,NaN,NaN,NaN,NaN,0,586,500,55.283,47.170,475,44.811
2796,2796,93.200,NaN,NaN,NaN,NaN,NaN,0,586,500,55.283,47.170,475,44.811
2797,2797,93.233,NaN,NaN,NaN,NaN,NaN,0,586,500,55.283,47.170,475,44.811
2798,2798,93.267,NaN,NaN,NaN,NaN,NaN,0,586,500,55.283,47.170,475,44.811
2799,2799,93.300,NaN,NaN,NaN,NaN,NaN,0,586,500,55.283,47.170,475,44.811
2800,2800,93.333,NaN,NaN,NaN,NaN,NaN,0,586,500,55.283,47.170,475,44.811
2801,2801,93.367,NaN,NaN,NaN,NaN,NaN,0,586,500,55.283,47.170,475,44.811
2802,2802,93.400,NaN,NaN,NaN,NaN,NaN,0,586,500,55.283,47.170,475,44.811
2803,2803,93.433,NaN,NaN,NaN,NaN,NaN,0,586,500,55.283,47.170,475,44.811
2804,2804,93.467,NaN,NaN,NaN,NaN,NaN,0,586,500,55.283,47.170,475,44.811
2805,2805,93.500,NaN,NaN,NaN,NaN,NaN,0,586,500,55.283,47.170,475,44.811
2806,2806,93.533,NaN,NaN,NaN,NaN,NaN,0,586,500,55.283,47.170,475,44.811
2807,2807,93.567,NaN,NaN,NaN,NaN,NaN,0,586,500,55.283,47.170,475,44.811
2808,2808,93.600,NaN,NaN,NaN,NaN,NaN,0,586,500,55.283,47.170,475,44.811
2809,2809,93.633,NaN,NaN,NaN,NaN,NaN,0,586,500,55.283,47.170,475,44.811
2810,2810,93.667,NaN,NaN,NaN,NaN,NaN,0,586,500,55.283,47.170,475,44.811
2811,2811,93.700,NaN,NaN,NaN,NaN,NaN,0,586,500,55.283,47.170,475,44.811
2812,2812,93.733,NaN,NaN,NaN,NaN,NaN,0,586,500,55.283,47.170,475,44.811
2813,2813,93.767,NaN,NaN,NaN,NaN,NaN,0,586,500,55.283,47.170,475,44.811
2814,2814,93.800,NaN,NaN,NaN,NaN,NaN,0,586,500,55.283,47.170,475,44.811
2815,2815,93.833,NaN,NaN,NaN,NaN,NaN,0,586,500,55.283,47.170,475,44.811
2816,2816,93.867,NaN,NaN,NaN,NaN,NaN,0,586,500,55.283,47.170,475,44.811
2817,2817,93.900,NaN,NaN,NaN,NaN,NaN,0,586,500,55.283,47.170,475,44.811
2818,2818,93.933,NaN,NaN,NaN,NaN,NaN,0,586,500,55.283,47.170,475,44.811
2819,2819,93.967,NaN,NaN,NaN,NaN,NaN,0,586,500,55.283,47.170,475,44.811
2820,2820,94.000,NaN,NaN,NaN,NaN,NaN,0,586,500,55.283,47.170,475,44.811
2821,2821,94.033,NaN,NaN,NaN,NaN,NaN,0,586,500,55.283,47.170,475,44.811
2822,2822,94.067,NaN,NaN,NaN,NaN,NaN,0,586,500,55.283,47.170,475,44.811
2823,2823,94.100,NaN,NaN,NaN,NaN,NaN,0,586,500,55.283,47.170,475,44.811
2824,2824,94.133,NaN,NaN,NaN,NaN,NaN,0,586,500,55.283,47.170,475,44.811
2825,2825,94.167,NaN,NaN,NaN,NaN,NaN,0,586,500,55.283,47.170,475,44.811
2826,2826,94.200,NaN,NaN,NaN,NaN,NaN,0,586,500,55.283,47.170,475,44.811
2827,2827,94.233,NaN,NaN,NaN,NaN,NaN,0,586,500,55.283,47.170,475,44.811
2828,2828,94.267,NaN,NaN,NaN,NaN,NaN,0,586,500,55.283,47.170,475,44.811
2829,2829,94.300,NaN,NaN,NaN,NaN,NaN,0,586,500,55.283,47.170,475,44.811
2830,2830,94.333,NaN,NaN,NaN,NaN,NaN,0,586,500,55.283,47.170,475,44.811
2831,2831,94.367,NaN,NaN,NaN,NaN,NaN,0,586,500,55.283,47.170,475,44.811
2832,2832,94.400,NaN,NaN,NaN,NaN,NaN,0,586,500,55.283,47.170,475,44.811
2833,2833,94.433,NaN,NaN,NaN,NaN,NaN,0,586,500,55.283,47.170,475,44.811
2834,2834,94.467,NaN,NaN,NaN,NaN,NaN,0,586,500,55.283,47.170,475,44.811
2835,2835,94.500,NaN,NaN,NaN,NaN,NaN,0,586,500,55.283,47.170,475,44.811
2836,2836,94.533,NaN,NaN,NaN,NaN,NaN,0,586,500,55.283,47.170,475,44.811
2837,2837,94.567,NaN,NaN,NaN,NaN,NaN,0,586,500,55.283,47.170,475,44.811
2838,2838,94.600,NaN,NaN,NaN,NaN,NaN,0,586,500,55.283,47.170,475,44.811
2839,2839,94.633,NaN,NaN,NaN,NaN,NaN,0,586,500,55.283,47.170,475,44.811
2840,2840,94.667,NaN,NaN,NaN,NaN,NaN,0,586,500,55.283,47.170,475,44.811
2841,2841,94.700,NaN,NaN,NaN,NaN,NaN,0,586,500,55.283,47.170,475,44.811
2842,2842,94.733,NaN,NaN,NaN,NaN,NaN,0,586,500,55.283,47.170,475,44.811
2843,2843,94.767,NaN,NaN,NaN,NaN,NaN,0,586,500,55.283,47.170,475,44.811
2844,2844,94.800,NaN,NaN,NaN,NaN,NaN,0,586,500,55.283,47.170,475,44.811
2845,2845,94.833,NaN,NaN,NaN,NaN,NaN,0,586,500,55.283,47.170,475,44.811
2846,2846,94.867,NaN,NaN,NaN,NaN,NaN,0,586,500,55.283,47.170,475,44.811
2847,2847,94.900,NaN,NaN,NaN,NaN,NaN,0,586,500,55.283,47.170,475,44.811
2848,2848,94.933,NaN,NaN,NaN,NaN,NaN,0,586,500,55.283,47.170,475,44.811
2849,2849,94.967,NaN,NaN,NaN,NaN,NaN,0,586,500,55.283,47.170,475,44.811
2850,2850,95.000,NaN,NaN,NaN,NaN,NaN,0,586,500,55.283,47.170,475,44.811
2851,2851,95.033,NaN,NaN,NaN,NaN,NaN,0,586,500,55.283,47.170,475,44.811
2852,2852,95.067,NaN,NaN,NaN,NaN,NaN,0,586,500,55.283,47.170,475,44.811
2853,2853,95.100,NaN,NaN,NaN,NaN,NaN,0,586,500,55.283,47.170,475,44.811
2854,2854,95.133,NaN,NaN,NaN,NaN,NaN,0,586,500,55.283,47.170,475,44.811
2855,2855,95.167,NaN,NaN,NaN,NaN,NaN,0,586,500,55.283,47.170,475,44.811
2856,2856,95.200,NaN,NaN,NaN,NaN,NaN,0,586,500,55.283,47.170,475,44.811
2857,2857,95.233,NaN,NaN,NaN,NaN,NaN,0,586,500,55.283,47.170,475,44.811
2858,2858,95.267,NaN,NaN,NaN,NaN,NaN,0,586,500,55.283,47.170,475,44.811
2859,2859,95.300,NaN,NaN,NaN,NaN,NaN,0,586,500,55.283,47.170,475,44.811
2860,2860,95.333,NaN,NaN,NaN,NaN,NaN,0,586,500,55.283,47.170,475,44.811
2861,2861,95.367,NaN,NaN,NaN,NaN,NaN,0,586,500,55.283,47.170,475,44.811
2862,2862,95.400,NaN,NaN,NaN,NaN,NaN,0,586,500,55.283,47.170,475,44.811
2863,2863,95.433,NaN,NaN,NaN,NaN,NaN,0,586,500,55.283,47.170,475,44.811
2864,2864,95.467,NaN,NaN,NaN,NaN,NaN,0,586,500,55.283,47.170,475,44.811
2865,2865,95.500,NaN,NaN,NaN,NaN,NaN,0,586,500,55.283,47.170,475,44.811
2866,2866,95.533,NaN,NaN,NaN,NaN,NaN,0,586,500,55.283,47.170,475,44.811
2867,2867,95.567,NaN,NaN,NaN,NaN,NaN,0,586,500,55.283,47.170,475,44.811
2868,2868,95.600,NaN,NaN,NaN,NaN,NaN,0,586,500,55.283,47.170,475,44.811
2869,2869,95.633,NaN,NaN,NaN,NaN,NaN,0,586,500,55.283,47.170,475,44.811
2870,2870,95.667,NaN,NaN,NaN,NaN,NaN,0,586,500,55.283,47.170,475,44.811
2871,2871,95.700,NaN,NaN,NaN,NaN,NaN,0,586,500,55.283,47.170,475,44.811
2872,2872,95.733,NaN,NaN,NaN,NaN,NaN,0,586,500,55.283,47.170,475,44.811
2873,2873,95.767,NaN,NaN,NaN,NaN,NaN,0,586,500,55.283,47.170,475,44.811
2874,2874,95.800,NaN,NaN,NaN,NaN,NaN,0,586,500,55.283,47.170,475,44.811
2875,2875,95.833,NaN,NaN,NaN,NaN,NaN,0,586,500,55.283,47.170,475,44.811
2876,2876,95.867,NaN,NaN,NaN,NaN,NaN,0,586,500,55.283,47.170,475,44.811
2877,2877,95.900,NaN,NaN,NaN,NaN,NaN,0,586,500,55.283,47.170,475,44.811
2878,2878,95.933,NaN,NaN,NaN,NaN,NaN,0,586,500,55.283,47.170,475,44.811
2879,2879,95.967,NaN,NaN,NaN,NaN,NaN,0,586,500,55.283,47.170,475,44.811
2880,2880,96.000,NaN,NaN,NaN,NaN,NaN,0,586,500,55.283,47.170,475,44.811
2881,2881,96.033,NaN,NaN,NaN,NaN,NaN,0,586,500,55.283,47.170,475,44.811
2882,2882,96.067,NaN,NaN,NaN,NaN,NaN,0,586,500,55.283,47.170,475,44.811
2883,2883,96.100,NaN,NaN,NaN,NaN,NaN,0,586,500,55.283,47.170,475,44.811
2884,2884,96.133,NaN,NaN,NaN,NaN,NaN,0,586,500,55.283,47.170,475,44.811
2885,2885,96.167,NaN,NaN,NaN,NaN,NaN,0,586,500,55.283,47.170,475,44.811
2886,2886,96.200,NaN,NaN,NaN,NaN,NaN,0,586,500,55.283,47.170,475,44.811
2887,2887,96.233,NaN,NaN,NaN,NaN,NaN,0,586,500,55.283,47.170,475,44.811
2888,2888,96.267,NaN,NaN,NaN,NaN,NaN,0,586,500,55.283,47.170,475,44.811
2889,2889,96.300,NaN,NaN,NaN,NaN,NaN,0,586,500,55.283,47.170,475,44.811
2890,2890,96.333,NaN,NaN,NaN,NaN,NaN,0,586,500,55.283,47.170,475,44.811
2891,2891,96.367,NaN,NaN,NaN,NaN,NaN,0,586,500,55.283,47.170,475,44.811
2892,2892,96.400,NaN,NaN,NaN,NaN,NaN,0,586,500,55.283,47.170,475,44.811
2893,2893,96.433,NaN,NaN,NaN,NaN,NaN,0,586,500,55.283,47.170,475,44.811
2894,2894,96.467,NaN,NaN,NaN,NaN,NaN,0,586,500,55.283,47.170,475,44.811
2895,2895,96.500,NaN,NaN,NaN,NaN,NaN,0,586,500,55.283,47.170,475,44.811
2896,2896,96.533,NaN,NaN,NaN,NaN,NaN,0,586,500,55.283,47.170,475,44.811
2897,2897,96.567,NaN,NaN,NaN,NaN,NaN,0,586,500,55.283,47.170,475,44.811
2898,2898,96.600,NaN,NaN,NaN,NaN,NaN,0,586,500,55.283,47.170,475,44.811
2899,2899,96.633,NaN,NaN,NaN,NaN,NaN,0,586,500,55.283,47.170,475,44.811
2900,2900,96.667,NaN,NaN,NaN,NaN,NaN,0,586,500,55.283,47.170,475,44.811
2901,2901,96.700,NaN,NaN,NaN,NaN,NaN,0,586,500,55.283,47.170,475,44.811
2902,2902,96.733,NaN,NaN,NaN,NaN,NaN,0,586,500,55.283,47.170,475,44.811
2903,2903,96.767,NaN,NaN,NaN,NaN,NaN,0,586,500,55.283,47.170,475,44.811
2904,2904,96.800,NaN,NaN,NaN,NaN,NaN,0,586,500,55.283,47.170,475,44.811
2905,2905,96.833,NaN,NaN,NaN,NaN,NaN,0,586,500,55.283,47.170,475,44.811
2906,2906,96.867,NaN,NaN,NaN,NaN,NaN,0,586,500,55.283,47.170,475,44.811
2907,2907,96.900,NaN,NaN,NaN,NaN,NaN,0,586,500,55.283,47.170,475,44.811
2908,2908,96.933,NaN,NaN,NaN,NaN,NaN,0,586,500,55.283,47.170,475,44.811
2909,2909,96.967,NaN,NaN,NaN,NaN,NaN,0,586,500,55.283,47.170,475,44.811
2910,2910,97.000,NaN,NaN,NaN,NaN,NaN,0,586,500,55.283,47.170,475,44.811
2911,2911,97.033,NaN,NaN,NaN,NaN,NaN,0,586,500,55.283,47.170,475,44.811
2912,2912,97.067,NaN,NaN,NaN,NaN,NaN,0,586,500,55.283,47.170,475,44.811
2913,2913,97.100,NaN,NaN,NaN,NaN,NaN,0,586,500,55.283,47.170,475,44.811
2914,2914,97.133,NaN,NaN,NaN,NaN,NaN,0,586,500,55.283,47.170,475,44.811
2915,2915,97.167,NaN,NaN,NaN,NaN,NaN,0,586,500,55.283,47.170,475,44.811
2916,2916,97.200,NaN,NaN,NaN,NaN,NaN,0,586,500,55.283,47.170,475,44.811
2917,2917,97.233,NaN,NaN,NaN,NaN,NaN,0,586,500,55.283,47.170,475,44.811
2918,2918,97.267,NaN,NaN,NaN,NaN,NaN,0,586,500,55.283,47.170,475,44.811
2919,2919,97.300,NaN,NaN,NaN,NaN,NaN,0,586,500,55.283,47.170,475,44.811
2920,2920,97.333,NaN,NaN,NaN,NaN,NaN,0,586,500,55.283,47.170,475,44.811
2921,2921,97.367,NaN,NaN,NaN,NaN,NaN,0,586,500,55.283,47.170,475,44.811
2922,2922,97.400,NaN,NaN,NaN,NaN,NaN,0,586,500,55.283,47.170,475,44.811
2923,2923,97.433,NaN,NaN,NaN,NaN,NaN,0,586,500,55.283,47.170,475,44.811
2924,2924,97.467,NaN,NaN,NaN,NaN,NaN,0,586,500,55.283,47.170,475,44.811
2925,2925,97.500,NaN,NaN,NaN,NaN,NaN,0,586,500,55.283,47.170,475,44.811
2926,2926,97.533,NaN,NaN,NaN,NaN,NaN,0,586,500,55.283,47.170,475,44.811
2927,2927,97.567,NaN,NaN,NaN,NaN,NaN,0,586,500,55.283,47.170,475,44.811
2928,2928,97.600,NaN,NaN,NaN,NaN,NaN,0,586,500,55.283,47.170,475,44.811
2929,2929,97.633,NaN,NaN,NaN,NaN,NaN,0,586,500,55.283,47.170,475,44.811
2930,2930,97.667,NaN,NaN,NaN,NaN,NaN,0,586,500,55.283,47.170,475,44.811
2931,2931,97.700,NaN,NaN,NaN,NaN,NaN,0,586,500,55.283,47.170,475,44.811
2932,2932,97.733,NaN,NaN,NaN,NaN,NaN,0,586,500,55.283,47.170,475,44.811
2933,2933,97.767,NaN,NaN,NaN,NaN,NaN,0,586,500,55.283,47.170,475,44.811
2934,2934,97.800,NaN,NaN,NaN,NaN,NaN,0,586,500,55.283,47.170,475,44.811
2935,2935,97.833,NaN,NaN,NaN,NaN,NaN,0,586,500,55.283,47.170,475,44.811
2936,2936,97.867,NaN,NaN,NaN,NaN,NaN,0,586,500,55.283,47.170,475,44.811
2937,2937,97.900,NaN,NaN,NaN,NaN,NaN,0,586,500,55.283,47.170,475,44.811
2938,2938,97.933,NaN,NaN,NaN,NaN,NaN,0,586,500,55.283,47.170,475,44.811
2939,2939,97.967,NaN,NaN,NaN,NaN,NaN,0,586,500,55.283,47.170,475,44.811
2940,2940,98.000,NaN,NaN,NaN,NaN,NaN,0,586,500,55.283,47.170,475,44.811
2941,2941,98.033,NaN,NaN,NaN,NaN,NaN,0,586,500,55.283,47.170,475,44.811
2942,2942,98.067,NaN,NaN,NaN,NaN,NaN,0,586,500,55.283,47.170,475,44.811
2943,2943,98.100,NaN,NaN,NaN,NaN,NaN,0,586,500,55.283,47.170,475,44.811
2944,2944,98.133,NaN,NaN,NaN,NaN,NaN,0,586,500,55.283,47.170,475,44.811
2945,2945,98.167,NaN,NaN,NaN,NaN,NaN,0,586,500,55.283,47.170,475,44.811
2946,2946,98.200,NaN,NaN,NaN,NaN,NaN,0,586,500,55.283,47.170,475,44.811
2947,2947,98.233,NaN,NaN,NaN,NaN,NaN,0,586,500,55.283,47.170,475,44.811
2948,2948,98.267,NaN,NaN,NaN,NaN,NaN,0,586,500,55.283,47.170,475,44.811
2949,2949,98.300,NaN,NaN,NaN,NaN,NaN,0,586,500,55.283,47.170,475,44.811
2950,2950,98.333,NaN,NaN,NaN,NaN,NaN,0,586,500,55.283,47.170,475,44.811
2951,2951,98.367,NaN,NaN,NaN,NaN,NaN,0,586,500,55.283,47.170,475,44.811
2952,2952,98.400,NaN,NaN,NaN,NaN,NaN,0,586,500,55.283,47.170,475,44.811
2953,2953,98.433,NaN,NaN,NaN,NaN,NaN,0,586,500,55.283,47.170,475,44.811
2954,2954,98.467,NaN,NaN,NaN,NaN,NaN,0,586,500,55.283,47.170,475,44.811
2955,2955,98.500,NaN,NaN,NaN,NaN,NaN,0,586,500,55.283,47.170,475,44.811
2956,2956,98.533,NaN,NaN,NaN,NaN,NaN,0,586,500,55.283,47.170,475,44.811
2957,2957,98.567,NaN,NaN,NaN,NaN,NaN,0,586,500,55.283,47.170,475,44.811
2958,2958,98.600,NaN,NaN,NaN,NaN,NaN,0,586,500,55.283,47.170,475,44.811
2959,2959,98.633,NaN,NaN,NaN,NaN,NaN,0,586,500,55.283,47.170,475,44.811
2960,2960,98.667,NaN,NaN,NaN,NaN,NaN,0,586,500,55.283,47.170,475,44.811
2961,2961,98.700,NaN,NaN,NaN,NaN,NaN,0,586,500,55.283,47.170,475,44.811
2962,2962,98.733,NaN,NaN,NaN,NaN,NaN,0,586,500,55.283,47.170,475,44.811
2963,2963,98.767,NaN,NaN,NaN,NaN,NaN,0,586,500,55.283,47.170,475,44.811
2964,2964,98.800,NaN,NaN,NaN,NaN,NaN,0,586,500,55.283,47.170,475,44.811
2965,2965,98.833,NaN,NaN,NaN,NaN,NaN,0,586,500,55.283,47.170,475,44.811
2966,2966,98.867,NaN,NaN,NaN,NaN,NaN,0,586,500,55.283,47.170,475,44.811
2967,2967,98.900,NaN,NaN,NaN,NaN,NaN,0,586,500,55.283,47.170,475,44.811
2968,2968,98.933,NaN,NaN,NaN,NaN,NaN,0,586,500,55.283,47.170,475,44.811
2969,2969,98.967,NaN,NaN,NaN,NaN,NaN,0,586,500,55.283,47.170,475,44.811
2970,2970,99.000,NaN,NaN,NaN,NaN,NaN,0,586,500,55.283,47.170,475,44.811
2971,2971,99.033,NaN,NaN,NaN,NaN,NaN,0,586,500,55.283,47.170,475,44.811
2972,2972,99.067,NaN,NaN,NaN,NaN,NaN,0,586,500,55.283,47.170,475,44.811
2973,2973,99.100,NaN,NaN,NaN,NaN,NaN,0,586,500,55.283,47.170,475,44.811
2974,2974,99.133,NaN,NaN,NaN,NaN,NaN,0,586,500,55.283,47.170,475,44.811
2975,2975,99.167,NaN,NaN,NaN,NaN,NaN,0,586,500,55.283,47.170,475,44.811
2976,2976,99.200,NaN,NaN,NaN,NaN,NaN,0,586,500,55.283,47.170,475,44.811
2977,2977,99.233,NaN,NaN,NaN,NaN,NaN,0,586,500,55.283,47.170,475,44.811
2978,2978,99.267,NaN,NaN,NaN,NaN,NaN,0,586,500,55.283,47.170,475,44.811
2979,2979,99.300,NaN,NaN,NaN,NaN,NaN,0,586,500,55.283,47.170,475,44.811
2980,2980,99.333,NaN,NaN,NaN,NaN,NaN,0,586,500,55.283,47.170,475,44.811
2981,2981,99.367,NaN,NaN,NaN,NaN,NaN,0,586,500,55.283,47.170,475,44.811
2982,2982,99.400,NaN,NaN,NaN,NaN,NaN,0,586,500,55.283,47.170,475,44.811
2983,2983,99.433,NaN,NaN,NaN,NaN,NaN,0,586,500,55.283,47.170,475,44.811
2984,2984,99.467,NaN,NaN,NaN,NaN,NaN,0,586,500,55.283,47.170,475,44.811
2985,2985,99.500,NaN,NaN,NaN,NaN,NaN,0,586,500,55.283,47.170,475,44.811
2986,2986,99.533,NaN,NaN,NaN,NaN,NaN,0,586,500,55.283,47.170,475,44.811
2987,2987,99.567,NaN,NaN,NaN,NaN,NaN,0,586,500,55.283,47.170,475,44.811
2988,2988,99.600,NaN,NaN,NaN,NaN,NaN,0,586,500,55.283,47.170,475,44.811
2989,2989,99.633,NaN,NaN,NaN,NaN,NaN,0,586,500,55.283,47.170,475,44.811
2990,2990,99.667,NaN,NaN,NaN,NaN,NaN,0,586,500,55.283,47.170,475,44.811
2991,2991,99.700,NaN,NaN,NaN,NaN,NaN,0,586,500,55.283,47.170,475,44.811
2992,2992,99.733,NaN,NaN,NaN,NaN,NaN,0,586,500,55.283,47.170,475,44.811
2993,2993,99.767,NaN,NaN,NaN,NaN,NaN,0,586,500,55.283,47.170,475,44.811
2994,2994,99.800,NaN,NaN,NaN,NaN,NaN,0,586,500,55.283,47.170,475,44.811
2995,2995,99.833,NaN,NaN,NaN,NaN,NaN,0,586,500,55.283,47.170,475,44.811
2996,2996,99.867,NaN,NaN,NaN,NaN,NaN,0,586,500,55.283,47.170,475,44.811
2997,2997,99.900,NaN,NaN,NaN,NaN,NaN,0,586,500,55.283,47.170,475,44.811
2998,2998,99.933,NaN,NaN,NaN,NaN,NaN,0,586,500,55.283,47.170,475,44.811
2999,2999,99.967,NaN,NaN,NaN,NaN,NaN,0,586,500,55.283,47.170,475,44.811
3000,3000,100.000,NaN,NaN,NaN,NaN,NaN,0,586,500,55.283,47.170,475,44.811
3001,3001,100.033,NaN,NaN,NaN,NaN,NaN,0,586,500,55.283,47.170,475,44.811
3002,3002,100.067,NaN,NaN,NaN,NaN,NaN,0,586,500,55.283,47.170,475,44.811
3003,3003,100.100,NaN,NaN,NaN,NaN,NaN,0,586,500,55.283,47.170,475,44.811
3004,3004,100.133,NaN,NaN,NaN,NaN,NaN,0,586,500,55.283,47.170,475,44.811
3005,3005,100.167,NaN,NaN,NaN,NaN,NaN,0,586,500,55.283,47.170,475,44.811
3006,3006,100.200,NaN,NaN,NaN,NaN,NaN,0,586,500,55.283,47.170,475,44.811
3007,3007,100.233,NaN,NaN,NaN,NaN,NaN,0,586,500,55.283,47.170,475,44.811
3008,3008,100.267,NaN,NaN,NaN,NaN,NaN,0,586,500,55.283,47.170,475,44.811
3009,3009,100.300,NaN,NaN,NaN,NaN,NaN,0,586,500,55.283,47.170,475,44.811
3010,3010,100.333,NaN,NaN,NaN,NaN,NaN,0,586,500,55.283,47.170,475,44.811
3011,3011,100.367,NaN,NaN,NaN,NaN,NaN,0,586,500,55.283,47.170,475,44.811
3012,3012,100.400,NaN,NaN,NaN,NaN,NaN,0,586,500,55.283,47.170,475,44.811
3013,3013,100.433,NaN,NaN,NaN,NaN,NaN,0,586,500,55.283,47.170,475,44.811
3014,3014,100.467,NaN,NaN,NaN,NaN,NaN,0,586,500,55.283,47.170,475,44.811
3015,3015,100.500,NaN,NaN,NaN,NaN,NaN,0,586,500,55.283,47.170,475,44.811
3016,3016,100.533,NaN,NaN,NaN,NaN,NaN,0,586,500,55.283,47.170,475,44.811
3017,3017,100.567,NaN,NaN,NaN,NaN,NaN,0,586,500,55.283,47.170,475,44.811
3018,3018,100.600,NaN,NaN,NaN,NaN,NaN,0,586,500,55.283,47.170,475,44.811
3019,3019,100.633,NaN,NaN,NaN,NaN,NaN,0,586,500,55.283,47.170,475,44.811
3020,3020,100.667,NaN,NaN,NaN,NaN,NaN,0,586,500,55.283,47.170,475,44.811
3021,3021,100.700,NaN,NaN,NaN,NaN,NaN,0,586,500,55.283,47.170,475,44.811
3022,3022,100.733,NaN,NaN,NaN,NaN,NaN,0,586,500,55.283,47.170,475,44.811
3023,3023,100.767,NaN,NaN,NaN,NaN,NaN,0,586,500,55.283,47.170,475,44.811
3024,3024,100.800,NaN,NaN,NaN,NaN,NaN,0,586,500,55.283,47.170,475,44.811
3025,3025,100.833,NaN,NaN,NaN,NaN,NaN,0,586,500,55.283,47.170,475,44.811
3026,3026,100.867,NaN,NaN,NaN,NaN,NaN,0,586,500,55.283,47.170,475,44.811
3027,3027,100.900,NaN,NaN,NaN,NaN,NaN,0,586,500,55.283,47.170,475,44.811
3028,3028,100.933,NaN,NaN,NaN,NaN,NaN,0,586,500,55.283,47.170,475,44.811
3029,3029,100.967,NaN,NaN,NaN,NaN,NaN,0,586,500,55.283,47.170,475,44.811
3030,3030,101.000,NaN,NaN,NaN,NaN,NaN,0,586,500,55.283,47.170,475,44.811
3031,3031,101.033,NaN,NaN,NaN,NaN,NaN,0,586,500,55.283,47.170,475,44.811
3032,3032,101.067,NaN,NaN,NaN,NaN,NaN,0,586,500,55.283,47.170,475,44.811
3033,3033,101.100,NaN,NaN,NaN,NaN,NaN,0,586,500,55.283,47.170,475,44.811
3034,3034,101.133,NaN,NaN,NaN,NaN,NaN,0,586,500,55.283,47.170,475,44.811
3035,3035,101.167,NaN,NaN,NaN,NaN,NaN,0,586,500,55.283,47.170,475,44.811
3036,3036,101.200,NaN,NaN,NaN,NaN,NaN,0,586,500,55.283,47.170,475,44.811
3037,3037,101.233,NaN,NaN,NaN,NaN,NaN,0,586,500,55.283,47.170,475,44.811
3038,3038,101.267,NaN,NaN,NaN,NaN,NaN,0,586,500,55.283,47.170,475,44.811
3039,3039,101.300,NaN,NaN,NaN,NaN,NaN,0,586,500,55.283,47.170,475,44.811
3040,3040,101.333,NaN,NaN,NaN,NaN,NaN,0,586,500,55.283,47.170,475,44.811
3041,3041,101.367,NaN,NaN,NaN,NaN,NaN,0,586,500,55.283,47.170,475,44.811
3042,3042,101.400,NaN,NaN,NaN,NaN,NaN,0,586,500,55.283,47.170,475,44.811
3043,3043,101.433,NaN,NaN,NaN,NaN,NaN,0,586,500,55.283,47.170,475,44.811
3044,3044,101.467,NaN,NaN,NaN,NaN,NaN,0,586,500,55.283,47.170,475,44.811
3045,3045,101.500,NaN,NaN,NaN,NaN,NaN,0,586,500,55.283,47.170,475,44.811
3046,3046,101.533,NaN,NaN,NaN,NaN,NaN,0,586,500,55.283,47.170,475,44.811
3047,3047,101.567,NaN,NaN,NaN,NaN,NaN,0,586,500,55.283,47.170,475,44.811
3048,3048,101.600,NaN,NaN,NaN,NaN,NaN,0,586,500,55.283,47.170,475,44.811
3049,3049,101.633,NaN,NaN,NaN,NaN,NaN,0,586,500,55.283,47.170,475,44.811
3050,3050,101.667,NaN,NaN,NaN,NaN,NaN,0,586,500,55.283,47.170,475,44.811
3051,3051,101.700,NaN,NaN,NaN,NaN,NaN,0,586,500,55.283,47.170,475,44.811
3052,3052,101.733,NaN,NaN,NaN,NaN,NaN,0,586,500,55.283,47.170,475,44.811
3053,3053,101.767,NaN,NaN,NaN,NaN,NaN,0,586,500,55.283,47.170,475,44.811
3054,3054,101.800,NaN,NaN,NaN,NaN,NaN,0,586,500,55.283,47.170,475,44.811
3055,3055,101.833,NaN,NaN,NaN,NaN,NaN,0,586,500,55.283,47.170,475,44.811
3056,3056,101.867,NaN,NaN,NaN,NaN,NaN,0,586,500,55.283,47.170,475,44.811
3057,3057,101.900,NaN,NaN,NaN,NaN,NaN,0,586,500,55.283,47.170,475,44.811
3058,3058,101.933,NaN,NaN,NaN,NaN,NaN,0,586,500,55.283,47.170,475,44.811
3059,3059,101.967,NaN,NaN,NaN,NaN,NaN,0,586,500,55.283,47.170,475,44.811
3060,3060,102.000,NaN,NaN,NaN,NaN,NaN,0,586,500,55.283,47.170,475,44.811
3061,3061,102.033,NaN,NaN,NaN,NaN,NaN,0,586,500,55.283,47.170,475,44.811
3062,3062,102.067,NaN,NaN,NaN,NaN,NaN,0,586,500,55.283,47.170,475,44.811
3063,3063,102.100,NaN,NaN,NaN,NaN,NaN,0,586,500,55.283,47.170,475,44.811
3064,3064,102.133,NaN,NaN,NaN,NaN,NaN,0,586,500,55.283,47.170,475,44.811
3065,3065,102.167,NaN,NaN,NaN,NaN,NaN,0,586,500,55.283,47.170,475,44.811
3066,3066,102.200,NaN,NaN,NaN,NaN,NaN,0,586,500,55.283,47.170,475,44.811
3067,3067,102.233,NaN,NaN,NaN,NaN,NaN,0,586,500,55.283,47.170,475,44.811
3068,3068,102.267,NaN,NaN,NaN,NaN,NaN,0,586,500,55.283,47.170,475,44.811
3069,3069,102.300,NaN,NaN,NaN,NaN,NaN,0,586,500,55.283,47.170,475,44.811
3070,3070,102.333,NaN,NaN,NaN,NaN,NaN,0,586,500,55.283,47.170,475,44.811
3071,3071,102.367,NaN,NaN,NaN,NaN,NaN,0,586,500,55.283,47.170,475,44.811
3072,3072,102.400,NaN,NaN,NaN,NaN,NaN,0,586,500,55.283,47.170,475,44.811
3073,3073,102.433,NaN,NaN,NaN,NaN,NaN,0,586,500,55.283,47.170,475,44.811
3074,3074,102.467,NaN,NaN,NaN,NaN,NaN,0,586,500,55.283,47.170,475,44.811
3075,3075,102.500,NaN,NaN,NaN,NaN,NaN,0,586,500,55.283,47.170,475,44.811
3076,3076,102.533,NaN,NaN,NaN,NaN,NaN,0,586,500,55.283,47.170,475,44.811
3077,3077,102.567,NaN,NaN,NaN,NaN,NaN,0,586,500,55.283,47.170,475,44.811
3078,3078,102.600,NaN,NaN,NaN,NaN,NaN,0,586,500,55.283,47.170,475,44.811
3079,3079,102.633,NaN,NaN,NaN,NaN,NaN,0,586,500,55.283,47.170,475,44.811
3080,3080,102.667,NaN,NaN,NaN,NaN,NaN,0,586,500,55.283,47.170,475,44.811
3081,3081,102.700,NaN,NaN,NaN,NaN,NaN,0,586,500,55.283,47.170,475,44.811
3082,3082,102.733,NaN,NaN,NaN,NaN,NaN,0,586,500,55.283,47.170,475,44.811
3083,3083,102.767,NaN,NaN,NaN,NaN,NaN,0,586,500,55.283,47.170,475,44.811
3084,3084,102.800,NaN,NaN,NaN,NaN,NaN,0,586,500,55.283,47.170,475,44.811
3085,3085,102.833,NaN,NaN,NaN,NaN,NaN,0,586,500,55.283,47.170,475,44.811
3086,3086,102.867,NaN,NaN,NaN,NaN,NaN,0,586,500,55.283,47.170,475,44.811
3087,3087,102.900,NaN,NaN,NaN,NaN,NaN,0,586,500,55.283,47.170,475,44.811
3088,3088,102.933,NaN,NaN,NaN,NaN,NaN,0,586,500,55.283,47.170,475,44.811
3089,3089,102.967,NaN,NaN,NaN,NaN,NaN,0,586,500,55.283,47.170,475,44.811
3090,3090,103.000,NaN,NaN,NaN,NaN,NaN,0,586,500,55.283,47.170,475,44.811
3091,3091,103.033,NaN,NaN,NaN,NaN,NaN,0,586,500,55.283,47.170,475,44.811
3092,3092,103.067,NaN,NaN,NaN,NaN,NaN,0,586,500,55.283,47.170,475,44.811
3093,3093,103.100,NaN,NaN,NaN,NaN,NaN,0,586,500,55.283,47.170,475,44.811
3094,3094,103.133,NaN,NaN,NaN,NaN,NaN,0,586,500,55.283,47.170,475,44.811
3095,3095,103.167,NaN,NaN,NaN,NaN,NaN,0,586,500,55.283,47.170,475,44.811
3096,3096,103.200,NaN,NaN,NaN,NaN,NaN,0,586,500,55.283,47.170,475,44.811
3097,3097,103.233,NaN,NaN,NaN,NaN,NaN,0,586,500,55.283,47.170,475,44.811
3098,3098,103.267,NaN,NaN,NaN,NaN,NaN,0,586,500,55.283,47.170,475,44.811
3099,3099,103.300,NaN,NaN,NaN,NaN,NaN,0,586,500,55.283,47.170,475,44.811
3100,3100,103.333,NaN,NaN,NaN,NaN,NaN,0,586,500,55.283,47.170,475,44.811
3101,3101,103.367,NaN,NaN,NaN,NaN,NaN,0,586,500,55.283,47.170,475,44.811
3102,3102,103.400,NaN,NaN,NaN,NaN,NaN,0,586,500,55.283,47.170,475,44.811
3103,3103,103.433,NaN,NaN,NaN,NaN,NaN,0,586,500,55.283,47.170,475,44.811
3104,3104,103.467,NaN,NaN,NaN,NaN,NaN,0,586,500,55.283,47.170,475,44.811
3105,3105,103.500,NaN,NaN,NaN,NaN,NaN,0,586,500,55.283,47.170,475,44.811
3106,3106,103.533,NaN,NaN,NaN,NaN,NaN,0,586,500,55.283,47.170,475,44.811
3107,3107,103.567,NaN,NaN,NaN,NaN,NaN,0,586,500,55.283,47.170,475,44.811
3108,3108,103.600,NaN,NaN,NaN,NaN,NaN,0,586,500,55.283,47.170,475,44.811
3109,3109,103.633,NaN,NaN,NaN,NaN,NaN,0,586,500,55.283,47.170,475,44.811
3110,3110,103.667,NaN,NaN,NaN,NaN,NaN,0,586,500,55.283,47.170,475,44.811
3111,3111,103.700,NaN,NaN,NaN,NaN,NaN,0,586,500,55.283,47.170,475,44.811
3112,3112,103.733,NaN,NaN,NaN,NaN,NaN,0,586,500,55.283,47.170,475,44.811
3113,3113,103.767,NaN,NaN,NaN,NaN,NaN,0,586,500,55.283,47.170,475,44.811
3114,3114,103.800,NaN,NaN,NaN,NaN,NaN,0,586,500,55.283,47.170,475,44.811
3115,3115,103.833,NaN,NaN,NaN,NaN,NaN,0,586,500,55.283,47.170,475,44.811
3116,3116,103.867,NaN,NaN,NaN,NaN,NaN,0,586,500,55.283,47.170,475,44.811
3117,3117,103.900,NaN,NaN,NaN,NaN,NaN,0,586,500,55.283,47.170,475,44.811
3118,3118,103.933,NaN,NaN,NaN,NaN,NaN,0,586,500,55.283,47.170,475,44.811
3119,3119,103.967,NaN,NaN,NaN,NaN,NaN,0,586,500,55.283,47.170,475,44.811
3120,3120,104.000,NaN,NaN,NaN,NaN,NaN,0,586,500,55.283,47.170,475,44.811
3121,3121,104.033,NaN,NaN,NaN,NaN,NaN,0,586,500,55.283,47.170,475,44.811
3122,3122,104.067,NaN,NaN,NaN,NaN,NaN,0,586,500,55.283,47.170,475,44.811
3123,3123,104.100,NaN,NaN,NaN,NaN,NaN,0,586,500,55.283,47.170,475,44.811
3124,3124,104.133,NaN,NaN,NaN,NaN,NaN,0,586,500,55.283,47.170,475,44.811
3125,3125,104.167,NaN,NaN,NaN,NaN,NaN,0,586,500,55.283,47.170,475,44.811
3126,3126,104.200,NaN,NaN,NaN,NaN,NaN,0,586,500,55.283,47.170,475,44.811
3127,3127,104.233,NaN,NaN,NaN,NaN,NaN,0,586,500,55.283,47.170,475,44.811
3128,3128,104.267,NaN,NaN,NaN,NaN,NaN,0,586,500,55.283,47.170,475,44.811
3129,3129,104.300,NaN,NaN,NaN,NaN,NaN,0,586,500,55.283,47.170,475,44.811
3130,3130,104.333,NaN,NaN,NaN,NaN,NaN,0,586,500,55.283,47.170,475,44.811
3131,3131,104.367,NaN,NaN,NaN,NaN,NaN,0,586,500,55.283,47.170,475,44.811
3132,3132,104.400,NaN,NaN,NaN,NaN,NaN,0,586,500,55.283,47.170,475,44.811
3133,3133,104.433,NaN,NaN,NaN,NaN,NaN,0,586,500,55.283,47.170,475,44.811
3134,3134,104.467,NaN,NaN,NaN,NaN,NaN,0,586,500,55.283,47.170,475,44.811
3135,3135,104.500,NaN,NaN,NaN,NaN,NaN,0,586,500,55.283,47.170,475,44.811
3136,3136,104.533,NaN,NaN,NaN,NaN,NaN,0,586,500,55.283,47.170,475,44.811
3137,3137,104.567,NaN,NaN,NaN,NaN,NaN,0,586,500,55.283,47.170,475,44.811
3138,3138,104.600,NaN,NaN,NaN,NaN,NaN,0,586,500,55.283,47.170,475,44.811
3139,3139,104.633,NaN,NaN,NaN,NaN,NaN,0,586,500,55.283,47.170,475,44.811
3140,3140,104.667,NaN,NaN,NaN,NaN,NaN,0,586,500,55.283,47.170,475,44.811
3141,3141,104.700,NaN,NaN,NaN,NaN,NaN,0,586,500,55.283,47.170,475,44.811
3142,3142,104.733,NaN,NaN,NaN,NaN,NaN,0,586,500,55.283,47.170,475,44.811
3143,3143,104.767,NaN,NaN,NaN,NaN,NaN,0,586,500,55.283,47.170,475,44.811
3144,3144,104.800,NaN,NaN,NaN,NaN,NaN,0,586,500,55.283,47.170,475,44.811
3145,3145,104.833,NaN,NaN,NaN,NaN,NaN,0,586,500,55.283,47.170,475,44.811
3146,3146,104.867,NaN,NaN,NaN,NaN,NaN,0,586,500,55.283,47.170,475,44.811
3147,3147,104.900,NaN,NaN,NaN,NaN,NaN,0,586,500,55.283,47.170,475,44.811
3148,3148,104.933,NaN,NaN,NaN,NaN,NaN,0,586,500,55.283,47.170,475,44.811
3149,3149,104.967,NaN,NaN,NaN,NaN,NaN,0,586,500,55.283,47.170,475,44.811
3150,3150,105.000,NaN,NaN,NaN,NaN,NaN,0,586,500,55.283,47.170,475,44.811
3151,3151,105.033,NaN,NaN,NaN,NaN,NaN,0,586,500,55.283,47.170,475,44.811
3152,3152,105.067,NaN,NaN,NaN,NaN,NaN,0,586,500,55.283,47.170,475,44.811
3153,3153,105.100,NaN,NaN,NaN,NaN,NaN,0,586,500,55.283,47.170,475,44.811
3154,3154,105.133,NaN,NaN,NaN,NaN,NaN,0,586,500,55.283,47.170,475,44.811
3155,3155,105.167,NaN,NaN,NaN,NaN,NaN,0,586,500,55.283,47.170,475,44.811
3156,3156,105.200,NaN,NaN,NaN,NaN,NaN,0,586,500,55.283,47.170,475,44.811
3157,3157,105.233,NaN,NaN,NaN,NaN,NaN,0,586,500,55.283,47.170,475,44.811
3158,3158,105.267,NaN,NaN,NaN,NaN,NaN,0,586,500,55.283,47.170,475,44.811
3159,3159,105.300,NaN,NaN,NaN,NaN,NaN,0,586,500,55.283,47.170,475,44.811
3160,3160,105.333,NaN,NaN,NaN,NaN,NaN,0,586,500,55.283,47.170,475,44.811
3161,3161,105.367,NaN,NaN,NaN,NaN,NaN,0,586,500,55.283,47.170,475,44.811
3162,3162,105.400,NaN,NaN,NaN,NaN,NaN,0,586,500,55.283,47.170,475,44.811
3163,3163,105.433,NaN,NaN,NaN,NaN,NaN,0,586,500,55.283,47.170,475,44.811
3164,3164,105.467,NaN,NaN,NaN,NaN,NaN,0,586,500,55.283,47.170,475,44.811
3165,3165,105.500,NaN,NaN,NaN,NaN,NaN,0,586,500,55.283,47.170,475,44.811
3166,3166,105.533,NaN,NaN,NaN,NaN,NaN,0,586,500,55.283,47.170,475,44.811
3167,3167,105.567,NaN,NaN,NaN,NaN,NaN,0,586,500,55.283,47.170,475,44.811
3168,3168,105.600,NaN,NaN,NaN,NaN,NaN,0,586,500,55.283,47.170,475,44.811
3169,3169,105.633,NaN,NaN,NaN,NaN,NaN,0,586,500,55.283,47.170,475,44.811
3170,3170,105.667,NaN,NaN,NaN,NaN,NaN,0,586,500,55.283,47.170,475,44.811
3171,3171,105.700,NaN,NaN,NaN,NaN,NaN,0,586,500,55.283,47.170,475,44.811
3172,3172,105.733,NaN,NaN,NaN,NaN,NaN,0,586,500,55.283,47.170,475,44.811
3173,3173,105.767,NaN,NaN,NaN,NaN,NaN,0,586,500,55.283,47.170,475,44.811
3174,3174,105.800,NaN,NaN,NaN,NaN,NaN,0,586,500,55.283,47.170,475,44.811
3175,3175,105.833,NaN,NaN,NaN,NaN,NaN,0,586,500,55.283,47.170,475,44.811
3176,3176,105.867,NaN,NaN,NaN,NaN,NaN,0,586,500,55.283,47.170,475,44.811
3177,3177,105.900,NaN,NaN,NaN,NaN,NaN,0,586,500,55.283,47.170,475,44.811
3178,3178,105.933,NaN,NaN,NaN,NaN,NaN,0,586,500,55.283,47.170,475,44.811
3179,3179,105.967,NaN,NaN,NaN,NaN,NaN,0,586,500,55.283,47.170,475,44.811
3180,3180,106.000,NaN,NaN,NaN,NaN,NaN,0,586,500,55.283,47.170,475,44.811
3181,3181,106.033,NaN,NaN,NaN,NaN,NaN,0,586,500,55.283,47.170,475,44.811
3182,3182,106.067,NaN,NaN,NaN,NaN,NaN,0,586,500,55.283,47.170,475,44.811
3183,3183,106.100,NaN,NaN,NaN,NaN,NaN,0,586,500,55.283,47.170,475,44.811
3184,3184,106.133,NaN,NaN,NaN,NaN,NaN,0,586,500,55.283,47.170,475,44.811
3185,3185,106.167,NaN,NaN,NaN,NaN,NaN,0,586,500,55.283,47.170,475,44.811
3186,3186,106.200,NaN,NaN,NaN,NaN,NaN,0,586,500,55.283,47.170,475,44.811
3187,3187,106.233,NaN,NaN,NaN,NaN,NaN,0,586,500,55.283,47.170,475,44.811
3188,3188,106.267,NaN,NaN,NaN,NaN,NaN,0,586,500,55.283,47.170,475,44.811
3189,3189,106.300,NaN,NaN,NaN,NaN,NaN,0,586,500,55.283,47.170,475,44.811
3190,3190,106.333,NaN,NaN,NaN,NaN,NaN,0,586,500,55.283,47.170,475,44.811
3191,3191,106.367,NaN,NaN,NaN,NaN,NaN,0,586,500,55.283,47.170,475,44.811
3192,3192,106.400,NaN,NaN,NaN,NaN,NaN,0,586,500,55.283,47.170,475,44.811
3193,3193,106.433,NaN,NaN,NaN,NaN,NaN,0,586,500,55.283,47.170,475,44.811
3194,3194,106.467,NaN,NaN,NaN,NaN,NaN,0,586,500,55.283,47.170,475,44.811
3195,3195,106.500,NaN,NaN,NaN,NaN,NaN,0,586,500,55.283,47.170,475,44.811
3196,3196,106.533,NaN,NaN,NaN,NaN,NaN,0,586,500,55.283,47.170,475,44.811
3197,3197,106.567,NaN,NaN,NaN,NaN,NaN,0,586,500,55.283,47.170,475,44.811
3198,3198,106.600,NaN,NaN,NaN,NaN,NaN,0,586,500,55.283,47.170,475,44.811
3199,3199,106.633,NaN,NaN,NaN,NaN,NaN,0,586,500,55.283,47.170,475,44.811
3200,3200,106.667,NaN,NaN,NaN,NaN,NaN,0,586,500,55.283,47.170,475,44.811
3201,3201,106.700,NaN,NaN,NaN,NaN,NaN,0,586,500,55.283,47.170,475,44.811
3202,3202,106.733,NaN,NaN,NaN,NaN,NaN,0,586,500,55.283,47.170,475,44.811
3203,3203,106.767,NaN,NaN,NaN,NaN,NaN,0,586,500,55.283,47.170,475,44.811
3204,3204,106.800,NaN,NaN,NaN,NaN,NaN,0,586,500,55.283,47.170,475,44.811
3205,3205,106.833,NaN,NaN,NaN,NaN,NaN,0,586,500,55.283,47.170,475,44.811
3206,3206,106.867,NaN,NaN,NaN,NaN,NaN,0,586,500,55.283,47.170,475,44.811
3207,3207,106.900,NaN,NaN,NaN,NaN,NaN,0,586,500,55.283,47.170,475,44.811
3208,3208,106.933,NaN,NaN,NaN,NaN,NaN,0,586,500,55.283,47.170,475,44.811
3209,3209,106.967,NaN,NaN,NaN,NaN,NaN,0,586,500,55.283,47.170,475,44.811
3210,3210,107.000,NaN,NaN,NaN,NaN,NaN,0,586,500,55.283,47.170,475,44.811
3211,3211,107.033,NaN,NaN,NaN,NaN,NaN,0,586,500,55.283,47.170,475,44.811
3212,3212,107.067,NaN,NaN,NaN,NaN,NaN,0,586,500,55.283,47.170,475,44.811
3213,3213,107.100,NaN,NaN,NaN,NaN,NaN,0,586,500,55.283,47.170,475,44.811
3214,3214,107.133,NaN,NaN,NaN,NaN,NaN,0,586,500,55.283,47.170,475,44.811
3215,3215,107.167,NaN,NaN,NaN,NaN,NaN,0,586,500,55.283,47.170,475,44.811
3216,3216,107.200,NaN,NaN,NaN,NaN,NaN,0,586,500,55.283,47.170,475,44.811
3217,3217,107.233,NaN,NaN,NaN,NaN,NaN,0,586,500,55.283,47.170,475,44.811
3218,3218,107.267,NaN,NaN,NaN,NaN,NaN,0,586,500,55.283,47.170,475,44.811
3219,3219,107.300,NaN,NaN,NaN,NaN,NaN,0,586,500,55.283,47.170,475,44.811
3220,3220,107.333,NaN,NaN,NaN,NaN,NaN,0,586,500,55.283,47.170,475,44.811
3221,3221,107.367,NaN,NaN,NaN,NaN,NaN,0,586,500,55.283,47.170,475,44.811
3222,3222,107.400,NaN,NaN,NaN,NaN,NaN,0,586,500,55.283,47.170,475,44.811
3223,3223,107.433,NaN,NaN,NaN,NaN,NaN,0,586,500,55.283,47.170,475,44.811
3224,3224,107.467,NaN,NaN,NaN,NaN,NaN,0,586,500,55.283,47.170,475,44.811
3225,3225,107.500,NaN,NaN,NaN,NaN,NaN,0,586,500,55.283,47.170,475,44.811
3226,3226,107.533,NaN,NaN,NaN,NaN,NaN,0,586,500,55.283,47.170,475,44.811
3227,3227,107.567,NaN,NaN,NaN,NaN,NaN,0,586,500,55.283,47.170,475,44.811
3228,3228,107.600,NaN,NaN,NaN,NaN,NaN,0,586,500,55.283,47.170,475,44.811
3229,3229,107.633,NaN,NaN,NaN,NaN,NaN,0,586,500,55.283,47.170,475,44.811
3230,3230,107.667,NaN,NaN,NaN,NaN,NaN,0,586,500,55.283,47.170,475,44.811
3231,3231,107.700,NaN,NaN,NaN,NaN,NaN,0,586,500,55.283,47.170,475,44.811
3232,3232,107.733,NaN,NaN,NaN,NaN,NaN,0,586,500,55.283,47.170,475,44.811
3233,3233,107.767,NaN,NaN,NaN,NaN,NaN,0,586,500,55.283,47.170,475,44.811
3234,3234,107.800,NaN,NaN,NaN,NaN,NaN,0,586,500,55.283,47.170,475,44.811
3235,3235,107.833,NaN,NaN,NaN,NaN,NaN,0,586,500,55.283,47.170,475,44.811
3236,3236,107.867,NaN,NaN,NaN,NaN,NaN,0,586,500,55.283,47.170,475,44.811
3237,3237,107.900,NaN,NaN,NaN,NaN,NaN,0,586,500,55.283,47.170,475,44.811
3238,3238,107.933,NaN,NaN,NaN,NaN,NaN,0,586,500,55.283,47.170,475,44.811
3239,3239,107.967,NaN,NaN,NaN,NaN,NaN,0,586,500,55.283,47.170,475,44.811
3240,3240,108.000,NaN,NaN,NaN,NaN,NaN,0,586,500,55.283,47.170,475,44.811
3241,3241,108.033,NaN,NaN,NaN,NaN,NaN,0,586,500,55.283,47.170,475,44.811
3242,3242,108.067,NaN,NaN,NaN,NaN,NaN,0,586,500,55.283,47.170,475,44.811
3243,3243,108.100,NaN,NaN,NaN,NaN,NaN,0,586,500,55.283,47.170,475,44.811
3244,3244,108.133,NaN,NaN,NaN,NaN,NaN,0,586,500,55.283,47.170,475,44.811
3245,3245,108.167,NaN,NaN,NaN,NaN,NaN,0,586,500,55.283,47.170,475,44.811
3246,3246,108.200,NaN,NaN,NaN,NaN,NaN,0,586,500,55.283,47.170,475,44.811
3247,3247,108.233,NaN,NaN,NaN,NaN,NaN,0,586,500,55.283,47.170,475,44.811
3248,3248,108.267,NaN,NaN,NaN,NaN,NaN,0,586,500,55.283,47.170,475,44.811
3249,3249,108.300,NaN,NaN,NaN,NaN,NaN,0,586,500,55.283,47.170,475,44.811
3250,3250,108.333,NaN,NaN,NaN,NaN,NaN,0,586,500,55.283,47.170,475,44.811
3251,3251,108.367,NaN,NaN,NaN,NaN,NaN,0,586,500,55.283,47.170,475,44.811
3252,3252,108.400,NaN,NaN,NaN,NaN,NaN,0,586,500,55.283,47.170,475,44.811
3253,3253,108.433,NaN,NaN,NaN,NaN,NaN,0,586,500,55.283,47.170,475,44.811
3254,3254,108.467,NaN,NaN,NaN,NaN,NaN,0,586,500,55.283,47.170,475,44.811
3255,3255,108.500,NaN,NaN,NaN,NaN,NaN,0,586,500,55.283,47.170,475,44.811
3256,3256,108.533,NaN,NaN,NaN,NaN,NaN,0,586,500,55.283,47.170,475,44.811
3257,3257,108.567,NaN,NaN,NaN,NaN,NaN,0,586,500,55.283,47.170,475,44.811
3258,3258,108.600,NaN,NaN,NaN,NaN,NaN,0,586,500,55.283,47.170,475,44.811
3259,3259,108.633,NaN,NaN,NaN,NaN,NaN,0,586,500,55.283,47.170,475,44.811
3260,3260,108.667,NaN,NaN,NaN,NaN,NaN,0,586,500,55.283,47.170,475,44.811
3261,3261,108.700,NaN,NaN,NaN,NaN,NaN,0,586,500,55.283,47.170,475,44.811
3262,3262,108.733,NaN,NaN,NaN,NaN,NaN,0,586,500,55.283,47.170,475,44.811
3263,3263,108.767,NaN,NaN,NaN,NaN,NaN,0,586,500,55.283,47.170,475,44.811
3264,3264,108.800,NaN,NaN,NaN,NaN,NaN,0,586,500,55.283,47.170,475,44.811
3265,3265,108.833,NaN,NaN,NaN,NaN,NaN,0,586,500,55.283,47.170,475,44.811
3266,3266,108.867,NaN,NaN,NaN,NaN,NaN,0,586,500,55.283,47.170,475,44.811
3267,3267,108.900,NaN,NaN,NaN,NaN,NaN,0,586,500,55.283,47.170,475,44.811
3268,3268,108.933,NaN,NaN,NaN,NaN,NaN,0,586,500,55.283,47.170,475,44.811
3269,3269,108.967,NaN,NaN,NaN,NaN,NaN,0,586,500,55.283,47.170,475,44.811
3270,3270,109.000,NaN,NaN,NaN,NaN,NaN,0,586,500,55.283,47.170,475,44.811
3271,3271,109.033,NaN,NaN,NaN,NaN,NaN,0,586,500,55.283,47.170,475,44.811
3272,3272,109.067,NaN,NaN,NaN,NaN,NaN,0,586,500,55.283,47.170,475,44.811
3273,3273,109.100,NaN,NaN,NaN,NaN,NaN,0,586,500,55.283,47.170,475,44.811
3274,3274,109.133,NaN,NaN,NaN,NaN,NaN,0,586,500,55.283,47.170,475,44.811
3275,3275,109.167,NaN,NaN,NaN,NaN,NaN,0,586,500,55.283,47.170,475,44.811
3276,3276,109.200,NaN,NaN,NaN,NaN,NaN,0,586,500,55.283,47.170,475,44.811
3277,3277,109.233,NaN,NaN,NaN,NaN,NaN,0,586,500,55.283,47.170,475,44.811
3278,3278,109.267,NaN,NaN,NaN,NaN,NaN,0,586,500,55.283,47.170,475,44.811
3279,3279,109.300,NaN,NaN,NaN,NaN,NaN,0,586,500,55.283,47.170,475,44.811
3280,3280,109.333,NaN,NaN,NaN,NaN,NaN,0,586,500,55.283,47.170,475,44.811
3281,3281,109.367,NaN,NaN,NaN,NaN,NaN,0,586,500,55.283,47.170,475,44.811
3282,3282,109.400,NaN,NaN,NaN,NaN,NaN,0,586,500,55.283,47.170,475,44.811
3283,3283,109.433,NaN,NaN,NaN,NaN,NaN,0,586,500,55.283,47.170,475,44.811
3284,3284,109.467,NaN,NaN,NaN,NaN,NaN,0,586,500,55.283,47.170,475,44.811
3285,3285,109.500,NaN,NaN,NaN,NaN,NaN,0,586,500,55.283,47.170,475,44.811
3286,3286,109.533,NaN,NaN,NaN,NaN,NaN,0,586,500,55.283,47.170,475,44.811
3287,3287,109.567,NaN,NaN,NaN,NaN,NaN,0,586,500,55.283,47.170,475,44.811
3288,3288,109.600,NaN,NaN,NaN,NaN,NaN,0,586,500,55.283,47.170,475,44.811
3289,3289,109.633,NaN,NaN,NaN,NaN,NaN,0,586,500,55.283,47.170,475,44.811
3290,3290,109.667,NaN,NaN,NaN,NaN,NaN,0,586,500,55.283,47.170,475,44.811
3291,3291,109.700,NaN,NaN,NaN,NaN,NaN,0,586,500,55.283,47.170,475,44.811
3292,3292,109.733,NaN,NaN,NaN,NaN,NaN,0,586,500,55.283,47.170,475,44.811
3293,3293,109.767,NaN,NaN,NaN,NaN,NaN,0,586,500,55.283,47.170,475,44.811
3294,3294,109.800,NaN,NaN,NaN,NaN,NaN,0,586,500,55.283,47.170,475,44.811
3295,3295,109.833,NaN,NaN,NaN,NaN,NaN,0,586,500,55.283,47.170,475,44.811
3296,3296,109.867,NaN,NaN,NaN,NaN,NaN,0,586,500,55.283,47.170,475,44.811
3297,3297,109.900,NaN,NaN,NaN,NaN,NaN,0,586,500,55.283,47.170,475,44.811
3298,3298,109.933,NaN,NaN,NaN,NaN,NaN,0,586,500,55.283,47.170,475,44.811
3299,3299,109.967,NaN,NaN,NaN,NaN,NaN,0,586,500,55.283,47.170,475,44.811
3300,3300,110.000,NaN,NaN,NaN,NaN,NaN,0,586,500,55.283,47.170,475,44.811
3301,3301,110.033,NaN,NaN,NaN,NaN,NaN,0,586,500,55.283,47.170,475,44.811
3302,3302,110.067,NaN,NaN,NaN,NaN,NaN,0,586,500,55.283,47.170,475,44.811
3303,3303,110.100,NaN,NaN,NaN,NaN,NaN,0,586,500,55.283,47.170,475,44.811
3304,3304,110.133,NaN,NaN,NaN,NaN,NaN,0,586,500,55.283,47.170,475,44.811
3305,3305,110.167,NaN,NaN,NaN,NaN,NaN,0,586,500,55.283,47.170,475,44.811
3306,3306,110.200,NaN,NaN,NaN,NaN,NaN,0,586,500,55.283,47.170,475,44.811
3307,3307,110.233,NaN,NaN,NaN,NaN,NaN,0,586,500,55.283,47.170,475,44.811
3308,3308,110.267,NaN,NaN,NaN,NaN,NaN,0,586,500,55.283,47.170,475,44.811
3309,3309,110.300,NaN,NaN,NaN,NaN,NaN,0,586,500,55.283,47.170,475,44.811
3310,3310,110.333,NaN,NaN,NaN,NaN,NaN,0,586,500,55.283,47.170,475,44.811
3311,3311,110.367,NaN,NaN,NaN,NaN,NaN,0,586,500,55.283,47.170,475,44.811
3312,3312,110.400,NaN,NaN,NaN,NaN,NaN,0,586,500,55.283,47.170,475,44.811
3313,3313,110.433,NaN,NaN,NaN,NaN,NaN,0,586,500,55.283,47.170,475,44.811
3314,3314,110.467,NaN,NaN,NaN,NaN,NaN,0,586,500,55.283,47.170,475,44.811
3315,3315,110.500,NaN,NaN,NaN,NaN,NaN,0,586,500,55.283,47.170,475,44.811
3316,3316,110.533,NaN,NaN,NaN,NaN,NaN,0,586,500,55.283,47.170,475,44.811
3317,3317,110.567,NaN,NaN,NaN,NaN,NaN,0,586,500,55.283,47.170,475,44.811
3318,3318,110.600,NaN,NaN,NaN,NaN,NaN,0,586,500,55.283,47.170,475,44.811
3319,3319,110.633,NaN,NaN,NaN,NaN,NaN,0,586,500,55.283,47.170,475,44.811
3320,3320,110.667,NaN,NaN,NaN,NaN,NaN,0,586,500,55.283,47.170,475,44.811
3321,3321,110.700,NaN,NaN,NaN,NaN,NaN,0,586,500,55.283,47.170,475,44.811
3322,3322,110.733,NaN,NaN,NaN,NaN,NaN,0,586,500,55.283,47.170,475,44.811
3323,3323,110.767,NaN,NaN,NaN,NaN,NaN,0,586,500,55.283,47.170,475,44.811
3324,3324,110.800,NaN,NaN,NaN,NaN,NaN,0,586,500,55.283,47.170,475,44.811
3325,3325,110.833,NaN,NaN,NaN,NaN,NaN,0,586,500,55.283,47.170,475,44.811
3326,3326,110.867,NaN,NaN,NaN,NaN,NaN,0,586,500,55.283,47.170,475,44.811
3327,3327,110.900,NaN,NaN,NaN,NaN,NaN,0,586,500,55.283,47.170,475,44.811
3328,3328,110.933,NaN,NaN,NaN,NaN,NaN,0,586,500,55.283,47.170,475,44.811
3329,3329,110.967,NaN,NaN,NaN,NaN,NaN,0,586,500,55.283,47.170,475,44.811
3330,3330,111.000,NaN,NaN,NaN,NaN,NaN,0,586,500,55.283,47.170,475,44.811
3331,3331,111.033,NaN,NaN,NaN,NaN,NaN,0,586,500,55.283,47.170,475,44.811
3332,3332,111.067,NaN,NaN,NaN,NaN,NaN,0,586,500,55.283,47.170,475,44.811
3333,3333,111.100,NaN,NaN,NaN,NaN,NaN,0,586,500,55.283,47.170,475,44.811
3334,3334,111.133,NaN,NaN,NaN,NaN,NaN,0,586,500,55.283,47.170,475,44.811
3335,3335,111.167,NaN,NaN,NaN,NaN,NaN,0,586,500,55.283,47.170,475,44.811
3336,3336,111.200,NaN,NaN,NaN,NaN,NaN,0,586,500,55.283,47.170,475,44.811
3337,3337,111.233,NaN,NaN,NaN,NaN,NaN,0,586,500,55.283,47.170,475,44.811
3338,3338,111.267,NaN,NaN,NaN,NaN,NaN,0,586,500,55.283,47.170,475,44.811
3339,3339,111.300,NaN,NaN,NaN,NaN,NaN,0,586,500,55.283,47.170,475,44.811
3340,3340,111.333,NaN,NaN,NaN,NaN,NaN,0,586,500,55.283,47.170,475,44.811
3341,3341,111.367,NaN,NaN,NaN,NaN,NaN,0,586,500,55.283,47.170,475,44.811
3342,3342,111.400,NaN,NaN,NaN,NaN,NaN,0,586,500,55.283,47.170,475,44.811
3343,3343,111.433,NaN,NaN,NaN,NaN,NaN,0,586,500,55.283,47.170,475,44.811
3344,3344,111.467,NaN,NaN,NaN,NaN,NaN,0,586,500,55.283,47.170,475,44.811
3345,3345,111.500,NaN,NaN,NaN,NaN,NaN,0,586,500,55.283,47.170,475,44.811
3346,3346,111.533,NaN,NaN,NaN,NaN,NaN,0,586,500,55.283,47.170,475,44.811
3347,3347,111.567,NaN,NaN,NaN,NaN,NaN,0,586,500,55.283,47.170,475,44.811
3348,3348,111.600,NaN,NaN,NaN,NaN,NaN,0,586,500,55.283,47.170,475,44.811
3349,3349,111.633,NaN,NaN,NaN,NaN,NaN,0,586,500,55.283,47.170,475,44.811
3350,3350,111.667,NaN,NaN,NaN,NaN,NaN,0,586,500,55.283,47.170,475,44.811
3351,3351,111.700,NaN,NaN,NaN,NaN,NaN,0,586,500,55.283,47.170,475,44.811
3352,3352,111.733,NaN,NaN,NaN,NaN,NaN,0,586,500,55.283,47.170,475,44.811
3353,3353,111.767,NaN,NaN,NaN,NaN,NaN,0,586,500,55.283,47.170,475,44.811
3354,3354,111.800,NaN,NaN,NaN,NaN,NaN,0,586,500,55.283,47.170,475,44.811
3355,3355,111.833,NaN,NaN,NaN,NaN,NaN,0,586,500,55.283,47.170,475,44.811
3356,3356,111.867,NaN,NaN,NaN,NaN,NaN,0,586,500,55.283,47.170,475,44.811
3357,3357,111.900,NaN,NaN,NaN,NaN,NaN,0,586,500,55.283,47.170,475,44.811
3358,3358,111.933,NaN,NaN,NaN,NaN,NaN,0,586,500,55.283,47.170,475,44.811
3359,3359,111.967,NaN,NaN,NaN,NaN,NaN,0,586,500,55.283,47.170,475,44.811
3360,3360,112.000,NaN,NaN,NaN,NaN,NaN,0,586,500,55.283,47.170,475,44.811
3361,3361,112.033,NaN,NaN,NaN,NaN,NaN,0,586,500,55.283,47.170,475,44.811
3362,3362,112.067,NaN,NaN,NaN,NaN,NaN,0,586,500,55.283,47.170,475,44.811
3363,3363,112.100,NaN,NaN,NaN,NaN,NaN,0,586,500,55.283,47.170,475,44.811
3364,3364,112.133,NaN,NaN,NaN,NaN,NaN,0,586,500,55.283,47.170,475,44.811
3365,3365,112.167,NaN,NaN,NaN,NaN,NaN,0,586,500,55.283,47.170,475,44.811
3366,3366,112.200,NaN,NaN,NaN,NaN,NaN,0,586,500,55.283,47.170,475,44.811
3367,3367,112.233,NaN,NaN,NaN,NaN,NaN,0,586,500,55.283,47.170,475,44.811
3368,3368,112.267,NaN,NaN,NaN,NaN,NaN,0,586,500,55.283,47.170,475,44.811
3369,3369,112.300,NaN,NaN,NaN,NaN,NaN,0,586,500,55.283,47.170,475,44.811
3370,3370,112.333,NaN,NaN,NaN,NaN,NaN,0,586,500,55.283,47.170,475,44.811
3371,3371,112.367,NaN,NaN,NaN,NaN,NaN,0,586,500,55.283,47.170,475,44.811
3372,3372,112.400,NaN,NaN,NaN,NaN,NaN,0,586,500,55.283,47.170,475,44.811
3373,3373,112.433,NaN,NaN,NaN,NaN,NaN,0,586,500,55.283,47.170,475,44.811
3374,3374,112.467,NaN,NaN,NaN,NaN,NaN,0,586,500,55.283,47.170,475,44.811
3375,3375,112.500,NaN,NaN,NaN,NaN,NaN,0,586,500,55.283,47.170,475,44.811
3376,3376,112.533,NaN,NaN,NaN,NaN,NaN,0,586,500,55.283,47.170,475,44.811
3377,3377,112.567,NaN,NaN,NaN,NaN,NaN,0,586,500,55.283,47.170,475,44.811
3378,3378,112.600,NaN,NaN,NaN,NaN,NaN,0,586,500,55.283,47.170,475,44.811
3379,3379,112.633,NaN,NaN,NaN,NaN,NaN,0,586,500,55.283,47.170,475,44.811
3380,3380,112.667,NaN,NaN,NaN,NaN,NaN,0,586,500,55.283,47.170,475,44.811
3381,3381,112.700,NaN,NaN,NaN,NaN,NaN,0,586,500,55.283,47.170,475,44.811
3382,3382,112.733,NaN,NaN,NaN,NaN,NaN,0,586,500,55.283,47.170,475,44.811
3383,3383,112.767,NaN,NaN,NaN,NaN,NaN,0,586,500,55.283,47.170,475,44.811
3384,3384,112.800,NaN,NaN,NaN,NaN,NaN,0,586,500,55.283,47.170,475,44.811
3385,3385,112.833,NaN,NaN,NaN,NaN,NaN,0,586,500,55.283,47.170,475,44.811
3386,3386,112.867,NaN,NaN,NaN,NaN,NaN,0,586,500,55.283,47.170,475,44.811
3387,3387,112.900,NaN,NaN,NaN,NaN,NaN,0,586,500,55.283,47.170,475,44.811
3388,3388,112.933,NaN,NaN,NaN,NaN,NaN,0,586,500,55.283,47.170,475,44.811
3389,3389,112.967,NaN,NaN,NaN,NaN,NaN,0,586,500,55.283,47.170,475,44.811
3390,3390,113.000,NaN,NaN,NaN,NaN,NaN,0,586,500,55.283,47.170,475,44.811
3391,3391,113.033,NaN,NaN,NaN,NaN,NaN,0,586,500,55.283,47.170,475,44.811
3392,3392,113.067,NaN,NaN,NaN,NaN,NaN,0,586,500,55.283,47.170,475,44.811
3393,3393,113.100,NaN,NaN,NaN,NaN,NaN,0,586,500,55.283,47.170,475,44.811
3394,3394,113.133,NaN,NaN,NaN,NaN,NaN,0,586,500,55.283,47.170,475,44.811
3395,3395,113.167,NaN,NaN,NaN,NaN,NaN,0,586,500,55.283,47.170,475,44.811
3396,3396,113.200,NaN,NaN,NaN,NaN,NaN,0,586,500,55.283,47.170,475,44.811
3397,3397,113.233,NaN,NaN,NaN,NaN,NaN,0,586,500,55.283,47.170,475,44.811
3398,3398,113.267,NaN,NaN,NaN,NaN,NaN,0,586,500,55.283,47.170,475,44.811
3399,3399,113.300,NaN,NaN,NaN,NaN,NaN,0,586,500,55.283,47.170,475,44.811
3400,3400,113.333,NaN,NaN,NaN,NaN,NaN,0,586,500,55.283,47.170,475,44.811
3401,3401,113.367,NaN,NaN,NaN,NaN,NaN,0,586,500,55.283,47.170,475,44.811
3402,3402,113.400,NaN,NaN,NaN,NaN,NaN,0,586,500,55.283,47.170,475,44.811
3403,3403,113.433,NaN,NaN,NaN,NaN,NaN,0,586,500,55.283,47.170,475,44.811
3404,3404,113.467,NaN,NaN,NaN,NaN,NaN,0,586,500,55.283,47.170,475,44.811
3405,3405,113.500,NaN,NaN,NaN,NaN,NaN,0,586,500,55.283,47.170,475,44.811
3406,3406,113.533,NaN,NaN,NaN,NaN,NaN,0,586,500,55.283,47.170,475,44.811
3407,3407,113.567,NaN,NaN,NaN,NaN,NaN,0,586,500,55.283,47.170,475,44.811
3408,3408,113.600,NaN,NaN,NaN,NaN,NaN,0,586,500,55.283,47.170,475,44.811
3409,3409,113.633,NaN,NaN,NaN,NaN,NaN,0,586,500,55.283,47.170,475,44.811
3410,3410,113.667,NaN,NaN,NaN,NaN,NaN,0,586,500,55.283,47.170,475,44.811
3411,3411,113.700,NaN,NaN,NaN,NaN,NaN,0,586,500,55.283,47.170,475,44.811
3412,3412,113.733,NaN,NaN,NaN,NaN,NaN,0,586,500,55.283,47.170,475,44.811
3413,3413,113.767,NaN,NaN,NaN,NaN,NaN,0,586,500,55.283,47.170,475,44.811
3414,3414,113.800,NaN,NaN,NaN,NaN,NaN,0,586,500,55.283,47.170,475,44.811
3415,3415,113.833,NaN,NaN,NaN,NaN,NaN,0,586,500,55.283,47.170,475,44.811
3416,3416,113.867,NaN,NaN,NaN,NaN,NaN,0,586,500,55.283,47.170,475,44.811
3417,3417,113.900,NaN,NaN,NaN,NaN,NaN,0,586,500,55.283,47.170,475,44.811
3418,3418,113.933,NaN,NaN,NaN,NaN,NaN,0,586,500,55.283,47.170,475,44.811
3419,3419,113.967,NaN,NaN,NaN,NaN,NaN,0,586,500,55.283,47.170,475,44.811
3420,3420,114.000,NaN,NaN,NaN,NaN,NaN,0,586,500,55.283,47.170,475,44.811
3421,3421,114.033,NaN,NaN,NaN,NaN,NaN,0,586,500,55.283,47.170,475,44.811
3422,3422,114.067,NaN,NaN,NaN,NaN,NaN,0,586,500,55.283,47.170,475,44.811
3423,3423,114.100,NaN,NaN,NaN,NaN,NaN,0,586,500,55.283,47.170,475,44.811
3424,3424,114.133,NaN,NaN,NaN,NaN,NaN,0,586,500,55.283,47.170,475,44.811
3425,3425,114.167,NaN,NaN,NaN,NaN,NaN,0,586,500,55.283,47.170,475,44.811
3426,3426,114.200,NaN,NaN,NaN,NaN,NaN,0,586,500,55.283,47.170,475,44.811
3427,3427,114.233,NaN,NaN,NaN,NaN,NaN,0,586,500,55.283,47.170,475,44.811
3428,3428,114.267,NaN,NaN,NaN,NaN,NaN,0,586,500,55.283,47.170,475,44.811
3429,3429,114.300,NaN,NaN,NaN,NaN,NaN,0,586,500,55.283,47.170,475,44.811
3430,3430,114.333,NaN,NaN,NaN,NaN,NaN,0,586,500,55.283,47.170,475,44.811
3431,3431,114.367,NaN,NaN,NaN,NaN,NaN,0,586,500,55.283,47.170,475,44.811
3432,3432,114.400,NaN,NaN,NaN,NaN,NaN,0,586,500,55.283,47.170,475,44.811
3433,3433,114.433,NaN,NaN,NaN,NaN,NaN,0,586,500,55.283,47.170,475,44.811
3434,3434,114.467,NaN,NaN,NaN,NaN,NaN,0,586,500,55.283,47.170,475,44.811
3435,3435,114.500,NaN,NaN,NaN,NaN,NaN,0,586,500,55.283,47.170,475,44.811
3436,3436,114.533,NaN,NaN,NaN,NaN,NaN,0,586,500,55.283,47.170,475,44.811
3437,3437,114.567,NaN,NaN,NaN,NaN,NaN,0,586,500,55.283,47.170,475,44.811
3438,3438,114.600,NaN,NaN,NaN,NaN,NaN,0,586,500,55.283,47.170,475,44.811
3439,3439,114.633,NaN,NaN,NaN,NaN,NaN,0,586,500,55.283,47.170,475,44.811
3440,3440,114.667,NaN,NaN,NaN,NaN,NaN,0,586,500,55.283,47.170,475,44.811
3441,3441,114.700,NaN,NaN,NaN,NaN,NaN,0,586,500,55.283,47.170,475,44.811
3442,3442,114.733,NaN,NaN,NaN,NaN,NaN,0,586,500,55.283,47.170,475,44.811
3443,3443,114.767,NaN,NaN,NaN,NaN,NaN,0,586,500,55.283,47.170,475,44.811
3444,3444,114.800,NaN,NaN,NaN,NaN,NaN,0,586,500,55.283,47.170,475,44.811
3445,3445,114.833,NaN,NaN,NaN,NaN,NaN,0,586,500,55.283,47.170,475,44.811
3446,3446,114.867,NaN,NaN,NaN,NaN,NaN,0,586,500,55.283,47.170,475,44.811
3447,3447,114.900,NaN,NaN,NaN,NaN,NaN,0,586,500,55.283,47.170,475,44.811
3448,3448,114.933,NaN,NaN,NaN,NaN,NaN,0,586,500,55.283,47.170,475,44.811
3449,3449,114.967,NaN,NaN,NaN,NaN,NaN,0,586,500,55.283,47.170,475,44.811
3450,3450,115.000,NaN,NaN,NaN,NaN,NaN,0,586,500,55.283,47.170,475,44.811
3451,3451,115.033,NaN,NaN,NaN,NaN,NaN,0,586,500,55.283,47.170,475,44.811
3452,3452,115.067,NaN,NaN,NaN,NaN,NaN,0,586,500,55.283,47.170,475,44.811
3453,3453,115.100,NaN,NaN,NaN,NaN,NaN,0,586,500,55.283,47.170,475,44.811
3454,3454,115.133,NaN,NaN,NaN,NaN,NaN,0,586,500,55.283,47.170,475,44.811
3455,3455,115.167,NaN,NaN,NaN,NaN,NaN,0,586,500,55.283,47.170,475,44.811
3456,3456,115.200,NaN,NaN,NaN,NaN,NaN,0,586,500,55.283,47.170,475,44.811
3457,3457,115.233,NaN,NaN,NaN,NaN,NaN,0,586,500,55.283,47.170,475,44.811
3458,3458,115.267,NaN,NaN,NaN,NaN,NaN,0,586,500,55.283,47.170,475,44.811
3459,3459,115.300,NaN,NaN,NaN,NaN,NaN,0,586,500,55.283,47.170,475,44.811
3460,3460,115.333,NaN,NaN,NaN,NaN,NaN,0,586,500,55.283,47.170,475,44.811
3461,3461,115.367,NaN,NaN,NaN,NaN,NaN,0,586,500,55.283,47.170,475,44.811
3462,3462,115.400,NaN,NaN,NaN,NaN,NaN,0,586,500,55.283,47.170,475,44.811
3463,3463,115.433,NaN,NaN,NaN,NaN,NaN,0,586,500,55.283,47.170,475,44.811
3464,3464,115.467,NaN,NaN,NaN,NaN,NaN,0,586,500,55.283,47.170,475,44.811
3465,3465,115.500,NaN,NaN,NaN,NaN,NaN,0,586,500,55.283,47.170,475,44.811
3466,3466,115.533,NaN,NaN,NaN,NaN,NaN,0,586,500,55.283,47.170,475,44.811
3467,3467,115.567,NaN,NaN,NaN,NaN,NaN,0,586,500,55.283,47.170,475,44.811
3468,3468,115.600,NaN,NaN,NaN,NaN,NaN,0,586,500,55.283,47.170,475,44.811
3469,3469,115.633,NaN,NaN,NaN,NaN,NaN,0,586,500,55.283,47.170,475,44.811
3470,3470,115.667,NaN,NaN,NaN,NaN,NaN,0,586,500,55.283,47.170,475,44.811
3471,3471,115.700,NaN,NaN,NaN,NaN,NaN,0,586,500,55.283,47.170,475,44.811
3472,3472,115.733,NaN,NaN,NaN,NaN,NaN,0,586,500,55.283,47.170,475,44.811
3473,3473,115.767,NaN,NaN,NaN,NaN,NaN,0,586,500,55.283,47.170,475,44.811
3474,3474,115.800,NaN,NaN,NaN,NaN,NaN,0,586,500,55.283,47.170,475,44.811
3475,3475,115.833,NaN,NaN,NaN,NaN,NaN,0,586,500,55.283,47.170,475,44.811
3476,3476,115.867,NaN,NaN,NaN,NaN,NaN,0,586,500,55.283,47.170,475,44.811
3477,3477,115.900,NaN,NaN,NaN,NaN,NaN,0,586,500,55.283,47.170,475,44.811
3478,3478,115.933,NaN,NaN,NaN,NaN,NaN,0,586,500,55.283,47.170,475,44.811
3479,3479,115.967,NaN,NaN,NaN,NaN,NaN,0,586,500,55.283,47.170,475,44.811
3480,3480,116.000,NaN,NaN,NaN,NaN,NaN,0,586,500,55.283,47.170,475,44.811
3481,3481,116.033,NaN,NaN,NaN,NaN,NaN,0,586,500,55.283,47.170,475,44.811
3482,3482,116.067,NaN,NaN,NaN,NaN,NaN,0,586,500,55.283,47.170,475,44.811
3483,3483,116.100,NaN,NaN,NaN,NaN,NaN,0,586,500,55.283,47.170,475,44.811
3484,3484,116.133,NaN,NaN,NaN,NaN,NaN,0,586,500,55.283,47.170,475,44.811
3485,3485,116.167,NaN,NaN,NaN,NaN,NaN,0,586,500,55.283,47.170,475,44.811
3486,3486,116.200,NaN,NaN,NaN,NaN,NaN,0,586,500,55.283,47.170,475,44.811
3487,3487,116.233,NaN,NaN,NaN,NaN,NaN,0,586,500,55.283,47.170,475,44.811
3488,3488,116.267,NaN,NaN,NaN,NaN,NaN,0,586,500,55.283,47.170,475,44.811
3489,3489,116.300,NaN,NaN,NaN,NaN,NaN,0,586,500,55.283,47.170,475,44.811
3490,3490,116.333,NaN,NaN,NaN,NaN,NaN,0,586,500,55.283,47.170,475,44.811
3491,3491,116.367,NaN,NaN,NaN,NaN,NaN,0,586,500,55.283,47.170,475,44.811
3492,3492,116.400,NaN,NaN,NaN,NaN,NaN,0,586,500,55.283,47.170,475,44.811
3493,3493,116.433,NaN,NaN,NaN,NaN,NaN,0,586,500,55.283,47.170,475,44.811
3494,3494,116.467,NaN,NaN,NaN,NaN,NaN,0,586,500,55.283,47.170,475,44.811
3495,3495,116.500,NaN,NaN,NaN,NaN,NaN,0,586,500,55.283,47.170,475,44.811
3496,3496,116.533,NaN,NaN,NaN,NaN,NaN,0,586,500,55.283,47.170,475,44.811
3497,3497,116.567,NaN,NaN,NaN,NaN,NaN,0,586,500,55.283,47.170,475,44.811
3498,3498,116.600,NaN,NaN,NaN,NaN,NaN,0,586,500,55.283,47.170,475,44.811
3499,3499,116.633,NaN,NaN,NaN,NaN,NaN,0,586,500,55.283,47.170,475,44.811
3500,3500,116.667,NaN,NaN,NaN,NaN,NaN,0,586,500,55.283,47.170,475,44.811
3501,3501,116.700,NaN,NaN,NaN,NaN,NaN,0,586,500,55.283,47.170,475,44.811
3502,3502,116.733,NaN,NaN,NaN,NaN,NaN,0,586,500,55.283,47.170,475,44.811
3503,3503,116.767,NaN,NaN,NaN,NaN,NaN,0,586,500,55.283,47.170,475,44.811
3504,3504,116.800,NaN,NaN,NaN,NaN,NaN,0,586,500,55.283,47.170,475,44.811
3505,3505,116.833,NaN,NaN,NaN,NaN,NaN,0,586,500,55.283,47.170,475,44.811
3506,3506,116.867,NaN,NaN,NaN,NaN,NaN,0,586,500,55.283,47.170,475,44.811
3507,3507,116.900,NaN,NaN,NaN,NaN,NaN,0,586,500,55.283,47.170,475,44.811
3508,3508,116.933,NaN,NaN,NaN,NaN,NaN,0,586,500,55.283,47.170,475,44.811
3509,3509,116.967,NaN,NaN,NaN,NaN,NaN,0,586,500,55.283,47.170,475,44.811
3510,3510,117.000,NaN,NaN,NaN,NaN,NaN,0,586,500,55.283,47.170,475,44.811
3511,3511,117.033,NaN,NaN,NaN,NaN,NaN,0,586,500,55.283,47.170,475,44.811
3512,3512,117.067,NaN,NaN,NaN,NaN,NaN,0,586,500,55.283,47.170,475,44.811
3513,3513,117.100,NaN,NaN,NaN,NaN,NaN,0,586,500,55.283,47.170,475,44.811
3514,3514,117.133,NaN,NaN,NaN,NaN,NaN,0,586,500,55.283,47.170,475,44.811
3515,3515,117.167,NaN,NaN,NaN,NaN,NaN,0,586,500,55.283,47.170,475,44.811
3516,3516,117.200,NaN,NaN,NaN,NaN,NaN,0,586,500,55.283,47.170,475,44.811
3517,3517,117.233,NaN,NaN,NaN,NaN,NaN,0,586,500,55.283,47.170,475,44.811
3518,3518,117.267,NaN,NaN,NaN,NaN,NaN,0,586,500,55.283,47.170,475,44.811
3519,3519,117.300,NaN,NaN,NaN,NaN,NaN,0,586,500,55.283,47.170,475,44.811
3520,3520,117.333,NaN,NaN,NaN,NaN,NaN,0,586,500,55.283,47.170,475,44.811
3521,3521,117.367,NaN,NaN,NaN,NaN,NaN,0,586,500,55.283,47.170,475,44.811
3522,3522,117.400,NaN,NaN,NaN,NaN,NaN,0,586,500,55.283,47.170,475,44.811
3523,3523,117.433,NaN,NaN,NaN,NaN,NaN,0,586,500,55.283,47.170,475,44.811
3524,3524,117.467,NaN,NaN,NaN,NaN,NaN,0,586,500,55.283,47.170,475,44.811
3525,3525,117.500,NaN,NaN,NaN,NaN,NaN,0,586,500,55.283,47.170,475,44.811
3526,3526,117.533,NaN,NaN,NaN,NaN,NaN,0,586,500,55.283,47.170,475,44.811
3527,3527,117.567,NaN,NaN,NaN,NaN,NaN,0,586,500,55.283,47.170,475,44.811
3528,3528,117.600,NaN,NaN,NaN,NaN,NaN,0,586,500,55.283,47.170,475,44.811
3529,3529,117.633,NaN,NaN,NaN,NaN,NaN,0,586,500,55.283,47.170,475,44.811
3530,3530,117.667,NaN,NaN,NaN,NaN,NaN,0,586,500,55.283,47.170,475,44.811
3531,3531,117.700,NaN,NaN,NaN,NaN,NaN,0,586,500,55.283,47.170,475,44.811
3532,3532,117.733,NaN,NaN,NaN,NaN,NaN,0,586,500,55.283,47.170,475,44.811
3533,3533,117.767,NaN,NaN,NaN,NaN,NaN,0,586,500,55.283,47.170,475,44.811
3534,3534,117.800,NaN,NaN,NaN,NaN,NaN,0,586,500,55.283,47.170,475,44.811
3535,3535,117.833,NaN,NaN,NaN,NaN,NaN,0,586,500,55.283,47.170,475,44.811
3536,3536,117.867,NaN,NaN,NaN,NaN,NaN,0,586,500,55.283,47.170,475,44.811
3537,3537,117.900,NaN,NaN,NaN,NaN,NaN,0,586,500,55.283,47.170,475,44.811
3538,3538,117.933,NaN,NaN,NaN,NaN,NaN,0,586,500,55.283,47.170,475,44.811
3539,3539,117.967,NaN,NaN,NaN,NaN,NaN,0,586,500,55.283,47.170,475,44.811
3540,3540,118.000,NaN,NaN,NaN,NaN,NaN,0,586,500,55.283,47.170,475,44.811
3541,3541,118.033,NaN,NaN,NaN,NaN,NaN,0,586,500,55.283,47.170,475,44.811
3542,3542,118.067,NaN,NaN,NaN,NaN,NaN,0,586,500,55.283,47.170,475,44.811
3543,3543,118.100,NaN,NaN,NaN,NaN,NaN,0,586,500,55.283,47.170,475,44.811
3544,3544,118.133,NaN,NaN,NaN,NaN,NaN,0,586,500,55.283,47.170,475,44.811
3545,3545,118.167,NaN,NaN,NaN,NaN,NaN,0,586,500,55.283,47.170,475,44.811
3546,3546,118.200,NaN,NaN,NaN,NaN,NaN,0,586,500,55.283,47.170,475,44.811
3547,3547,118.233,NaN,NaN,NaN,NaN,NaN,0,586,500,55.283,47.170,475,44.811
3548,3548,118.267,NaN,NaN,NaN,NaN,NaN,0,586,500,55.283,47.170,475,44.811
3549,3549,118.300,NaN,NaN,NaN,NaN,NaN,0,586,500,55.283,47.170,475,44.811
3550,3550,118.333,NaN,NaN,NaN,NaN,NaN,0,586,500,55.283,47.170,475,44.811
3551,3551,118.367,NaN,NaN,NaN,NaN,NaN,0,586,500,55.283,47.170,475,44.811
3552,3552,118.400,NaN,NaN,NaN,NaN,NaN,0,586,500,55.283,47.170,475,44.811
3553,3553,118.433,NaN,NaN,NaN,NaN,NaN,0,586,500,55.283,47.170,475,44.811
3554,3554,118.467,NaN,NaN,NaN,NaN,NaN,0,586,500,55.283,47.170,475,44.811
3555,3555,118.500,NaN,NaN,NaN,NaN,NaN,0,586,500,55.283,47.170,475,44.811
3556,3556,118.533,NaN,NaN,NaN,NaN,NaN,0,586,500,55.283,47.170,475,44.811
3557,3557,118.567,NaN,NaN,NaN,NaN,NaN,0,586,500,55.283,47.170,475,44.811
3558,3558,118.600,NaN,NaN,NaN,NaN,NaN,0,586,500,55.283,47.170,475,44.811
3559,3559,118.633,NaN,NaN,NaN,NaN,NaN,0,586,500,55.283,47.170,475,44.811
3560,3560,118.667,NaN,NaN,NaN,NaN,NaN,0,586,500,55.283,47.170,475,44.811
3561,3561,118.700,NaN,NaN,NaN,NaN,NaN,0,586,500,55.283,47.170,475,44.811
3562,3562,118.733,NaN,NaN,NaN,NaN,NaN,0,586,500,55.283,47.170,475,44.811
3563,3563,118.767,NaN,NaN,NaN,NaN,NaN,0,586,500,55.283,47.170,475,44.811
3564,3564,118.800,NaN,NaN,NaN,NaN,NaN,0,586,500,55.283,47.170,475,44.811
3565,3565,118.833,NaN,NaN,NaN,NaN,NaN,0,586,500,55.283,47.170,475,44.811
3566,3566,118.867,NaN,NaN,NaN,NaN,NaN,0,586,500,55.283,47.170,475,44.811
3567,3567,118.900,NaN,NaN,NaN,NaN,NaN,0,586,500,55.283,47.170,475,44.811
3568,3568,118.933,NaN,NaN,NaN,NaN,NaN,0,586,500,55.283,47.170,475,44.811
3569,3569,118.967,NaN,NaN,NaN,NaN,NaN,0,586,500,55.283,47.170,475,44.811
3570,3570,119.000,NaN,NaN,NaN,NaN,NaN,0,586,500,55.283,47.170,475,44.811
3571,3571,119.033,NaN,NaN,NaN,NaN,NaN,0,586,500,55.283,47.170,475,44.811
3572,3572,119.067,NaN,NaN,NaN,NaN,NaN,0,586,500,55.283,47.170,475,44.811
3573,3573,119.100,NaN,NaN,NaN,NaN,NaN,0,586,500,55.283,47.170,475,44.811
3574,3574,119.133,NaN,NaN,NaN,NaN,NaN,0,586,500,55.283,47.170,475,44.811
3575,3575,119.167,NaN,NaN,NaN,NaN,NaN,0,586,500,55.283,47.170,475,44.811
3576,3576,119.200,NaN,NaN,NaN,NaN,NaN,0,586,500,55.283,47.170,475,44.811
3577,3577,119.233,NaN,NaN,NaN,NaN,NaN,0,586,500,55.283,47.170,475,44.811
3578,3578,119.267,NaN,NaN,NaN,NaN,NaN,0,586,500,55.283,47.170,475,44.811
3579,3579,119.300,NaN,NaN,NaN,NaN,NaN,0,586,500,55.283,47.170,475,44.811
3580,3580,119.333,NaN,NaN,NaN,NaN,NaN,0,586,500,55.283,47.170,475,44.811
3581,3581,119.367,NaN,NaN,NaN,NaN,NaN,0,586,500,55.283,47.170,475,44.811
3582,3582,119.400,NaN,NaN,NaN,NaN,NaN,0,586,500,55.283,47.170,475,44.811
3583,3583,119.433,NaN,NaN,NaN,NaN,NaN,0,586,500,55.283,47.170,475,44.811
3584,3584,119.467,NaN,NaN,NaN,NaN,NaN,0,586,500,55.283,47.170,475,44.811
3585,3585,119.500,NaN,NaN,NaN,NaN,NaN,0,586,500,55.283,47.170,475,44.811
3586,3586,119.533,NaN,NaN,NaN,NaN,NaN,0,586,500,55.283,47.170,475,44.811
3587,3587,119.567,NaN,NaN,NaN,NaN,NaN,0,586,500,55.283,47.170,475,44.811
3588,3588,119.600,NaN,NaN,NaN,NaN,NaN,0,586,500,55.283,47.170,475,44.811
3589,3589,119.633,NaN,NaN,NaN,NaN,NaN,0,586,500,55.283,47.170,475,44.811
3590,3590,119.667,NaN,NaN,NaN,NaN,NaN,0,586,500,55.283,47.170,475,44.811
3591,3591,119.700,NaN,NaN,NaN,NaN,NaN,0,586,500,55.283,47.170,475,44.811
3592,3592,119.733,NaN,NaN,NaN,NaN,NaN,0,586,500,55.283,47.170,475,44.811
3593,3593,119.767,NaN,NaN,NaN,NaN,NaN,0,586,500,55.283,47.170,475,44.811
3594,3594,119.800,NaN,NaN,NaN,NaN,NaN,0,586,500,55.283,47.170,475,44.811
3595,3595,119.833,NaN,NaN,NaN,NaN,NaN,0,586,500,55.283,47.170,475,44.811
3596,3596,119.867,NaN,NaN,NaN,NaN,NaN,0,586,500,55.283,47.170,475,44.811
3597,3597,119.900,NaN,NaN,NaN,NaN,NaN,0,586,500,55.283,47.170,475,44.811
3598,3598,119.933,NaN,NaN,NaN,NaN,NaN,0,586,500,55.283,47.170,475,44.811
3599,3599,119.967,NaN,NaN,NaN,NaN,NaN,0,586,500,55.283,47.170,475,44.811
3600,3600,120.000,NaN,NaN,NaN,NaN,NaN,0,586,500,55.283,47.170,475,44.811
3601,3601,120.033,NaN,NaN,NaN,NaN,NaN,0,586,500,55.283,47.170,475,44.811
3602,3602,120.067,NaN,NaN,NaN,NaN,NaN,0,586,500,55.283,47.170,475,44.811
3603,3603,120.100,NaN,NaN,NaN,NaN,NaN,0,586,500,55.283,47.170,475,44.811
3604,3604,120.133,NaN,NaN,NaN,NaN,NaN,0,586,500,55.283,47.170,475,44.811
3605,3605,120.167,NaN,NaN,NaN,NaN,NaN,0,586,500,55.283,47.170,475,44.811
3606,3606,120.200,NaN,NaN,NaN,NaN,NaN,0,586,500,55.283,47.170,475,44.811
3607,3607,120.233,NaN,NaN,NaN,NaN,NaN,0,586,500,55.283,47.170,475,44.811
3608,3608,120.267,NaN,NaN,NaN,NaN,NaN,0,586,500,55.283,47.170,475,44.811
3609,3609,120.300,NaN,NaN,NaN,NaN,NaN,0,586,500,55.283,47.170,475,44.811
3610,3610,120.333,NaN,NaN,NaN,NaN,NaN,0,586,500,55.283,47.170,475,44.811
3611,3611,120.367,NaN,NaN,NaN,NaN,NaN,0,586,500,55.283,47.170,475,44.811
3612,3612,120.400,NaN,NaN,NaN,NaN,NaN,0,586,500,55.283,47.170,475,44.811
3613,3613,120.433,NaN,NaN,NaN,NaN,NaN,0,586,500,55.283,47.170,475,44.811
3614,3614,120.467,NaN,NaN,NaN,NaN,NaN,0,586,500,55.283,47.170,475,44.811
3615,3615,120.500,NaN,NaN,NaN,NaN,NaN,0,586,500,55.283,47.170,475,44.811
3616,3616,120.533,NaN,NaN,NaN,NaN,NaN,0,586,500,55.283,47.170,475,44.811
3617,3617,120.567,NaN,NaN,NaN,NaN,NaN,0,586,500,55.283,47.170,475,44.811
3618,3618,120.600,NaN,NaN,NaN,NaN,NaN,0,586,500,55.283,47.170,475,44.811
3619,3619,120.633,NaN,NaN,NaN,NaN,NaN,0,586,500,55.283,47.170,475,44.811
3620,3620,120.667,NaN,NaN,NaN,NaN,NaN,0,586,500,55.283,47.170,475,44.811
3621,3621,120.700,NaN,NaN,NaN,NaN,NaN,0,586,500,55.283,47.170,475,44.811
3622,3622,120.733,NaN,NaN,NaN,NaN,NaN,0,586,500,55.283,47.170,475,44.811
3623,3623,120.767,NaN,NaN,NaN,NaN,NaN,0,586,500,55.283,47.170,475,44.811
3624,3624,120.800,NaN,NaN,NaN,NaN,NaN,0,586,500,55.283,47.170,475,44.811
3625,3625,120.833,NaN,NaN,NaN,NaN,NaN,0,586,500,55.283,47.170,475,44.811
3626,3626,120.867,NaN,NaN,NaN,NaN,NaN,0,586,500,55.283,47.170,475,44.811
3627,3627,120.900,NaN,NaN,NaN,NaN,NaN,0,586,500,55.283,47.170,475,44.811
3628,3628,120.933,NaN,NaN,NaN,NaN,NaN,0,586,500,55.283,47.170,475,44.811
3629,3629,120.967,NaN,NaN,NaN,NaN,NaN,0,586,500,55.283,47.170,475,44.811
3630,3630,121.000,NaN,NaN,NaN,NaN,NaN,0,586,500,55.283,47.170,475,44.811
3631,3631,121.033,NaN,NaN,NaN,NaN,NaN,0,586,500,55.283,47.170,475,44.811
3632,3632,121.067,NaN,NaN,NaN,NaN,NaN,0,586,500,55.283,47.170,475,44.811
3633,3633,121.100,NaN,NaN,NaN,NaN,NaN,0,586,500,55.283,47.170,475,44.811
3634,3634,121.133,NaN,NaN,NaN,NaN,NaN,0,586,500,55.283,47.170,475,44.811
3635,3635,121.167,NaN,NaN,NaN,NaN,NaN,0,586,500,55.283,47.170,475,44.811
3636,3636,121.200,NaN,NaN,NaN,NaN,NaN,0,586,500,55.283,47.170,475,44.811
3637,3637,121.233,NaN,NaN,NaN,NaN,NaN,0,586,500,55.283,47.170,475,44.811
3638,3638,121.267,NaN,NaN,NaN,NaN,NaN,0,586,500,55.283,47.170,475,44.811
3639,3639,121.300,NaN,NaN,NaN,NaN,NaN,0,586,500,55.283,47.170,475,44.811
3640,3640,121.333,NaN,NaN,NaN,NaN,NaN,0,586,500,55.283,47.170,475,44.811
3641,3641,121.367,NaN,NaN,NaN,NaN,NaN,0,586,500,55.283,47.170,475,44.811
3642,3642,121.400,NaN,NaN,NaN,NaN,NaN,0,586,500,55.283,47.170,475,44.811
3643,3643,121.433,NaN,NaN,NaN,NaN,NaN,0,586,500,55.283,47.170,475,44.811
3644,3644,121.467,NaN,NaN,NaN,NaN,NaN,0,586,500,55.283,47.170,475,44.811
3645,3645,121.500,NaN,NaN,NaN,NaN,NaN,0,586,500,55.283,47.170,475,44.811
3646,3646,121.533,NaN,NaN,NaN,NaN,NaN,0,586,500,55.283,47.170,475,44.811
3647,3647,121.567,NaN,NaN,NaN,NaN,NaN,0,586,500,55.283,47.170,475,44.811
3648,3648,121.600,NaN,NaN,NaN,NaN,NaN,0,586,500,55.283,47.170,475,44.811
3649,3649,121.633,NaN,NaN,NaN,NaN,NaN,0,586,500,55.283,47.170,475,44.811
3650,3650,121.667,NaN,NaN,NaN,NaN,NaN,0,586,500,55.283,47.170,475,44.811
3651,3651,121.700,NaN,NaN,NaN,NaN,NaN,0,586,500,55.283,47.170,475,44.811
3652,3652,121.733,NaN,NaN,NaN,NaN,NaN,0,586,500,55.283,47.170,475,44.811
3653,3653,121.767,NaN,NaN,NaN,NaN,NaN,0,586,500,55.283,47.170,475,44.811
3654,3654,121.800,NaN,NaN,NaN,NaN,NaN,0,586,500,55.283,47.170,475,44.811
3655,3655,121.833,NaN,NaN,NaN,NaN,NaN,0,586,500,55.283,47.170,475,44.811
3656,3656,121.867,NaN,NaN,NaN,NaN,NaN,0,586,500,55.283,47.170,475,44.811
3657,3657,121.900,NaN,NaN,NaN,NaN,NaN,0,586,500,55.283,47.170,475,44.811
3658,3658,121.933,NaN,NaN,NaN,NaN,NaN,0,586,500,55.283,47.170,475,44.811
3659,3659,121.967,NaN,NaN,NaN,NaN,NaN,0,586,500,55.283,47.170,475,44.811
3660,3660,122.000,NaN,NaN,NaN,NaN,NaN,0,586,500,55.283,47.170,475,44.811
3661,3661,122.033,NaN,NaN,NaN,NaN,NaN,0,586,500,55.283,47.170,475,44.811
3662,3662,122.067,NaN,NaN,NaN,NaN,NaN,0,586,500,55.283,47.170,475,44.811
3663,3663,122.100,NaN,NaN,NaN,NaN,NaN,0,586,500,55.283,47.170,475,44.811
3664,3664,122.133,NaN,NaN,NaN,NaN,NaN,0,586,500,55.283,47.170,475,44.811
3665,3665,122.167,NaN,NaN,NaN,NaN,NaN,0,586,500,55.283,47.170,475,44.811
3666,3666,122.200,NaN,NaN,NaN,NaN,NaN,0,586,500,55.283,47.170,475,44.811
3667,3667,122.233,NaN,NaN,NaN,NaN,NaN,0,586,500,55.283,47.170,475,44.811
3668,3668,122.267,NaN,NaN,NaN,NaN,NaN,0,586,500,55.283,47.170,475,44.811
3669,3669,122.300,NaN,NaN,NaN,NaN,NaN,0,586,500,55.283,47.170,475,44.811
3670,3670,122.333,NaN,NaN,NaN,NaN,NaN,0,586,500,55.283,47.170,475,44.811
3671,3671,122.367,NaN,NaN,NaN,NaN,NaN,0,586,500,55.283,47.170,475,44.811
3672,3672,122.400,NaN,NaN,NaN,NaN,NaN,0,586,500,55.283,47.170,475,44.811
3673,3673,122.433,NaN,NaN,NaN,NaN,NaN,0,586,500,55.283,47.170,475,44.811
3674,3674,122.467,NaN,NaN,NaN,NaN,NaN,0,586,500,55.283,47.170,475,44.811
3675,3675,122.500,NaN,NaN,NaN,NaN,NaN,0,586,500,55.283,47.170,475,44.811
3676,3676,122.533,NaN,NaN,NaN,NaN,NaN,0,586,500,55.283,47.170,475,44.811
3677,3677,122.567,NaN,NaN,NaN,NaN,NaN,0,586,500,55.283,47.170,475,44.811
3678,3678,122.600,NaN,NaN,NaN,NaN,NaN,0,586,500,55.283,47.170,475,44.811
3679,3679,122.633,NaN,NaN,NaN,NaN,NaN,0,586,500,55.283,47.170,475,44.811
3680,3680,122.667,NaN,NaN,NaN,NaN,NaN,0,586,500,55.283,47.170,475,44.811
3681,3681,122.700,NaN,NaN,NaN,NaN,NaN,0,586,500,55.283,47.170,475,44.811
3682,3682,122.733,NaN,NaN,NaN,NaN,NaN,0,586,500,55.283,47.170,475,44.811
3683,3683,122.767,NaN,NaN,NaN,NaN,NaN,0,586,500,55.283,47.170,475,44.811
3684,3684,122.800,NaN,NaN,NaN,NaN,NaN,0,586,500,55.283,47.170,475,44.811
3685,3685,122.833,NaN,NaN,NaN,NaN,NaN,0,586,500,55.283,47.170,475,44.811
3686,3686,122.867,NaN,NaN,NaN,NaN,NaN,0,586,500,55.283,47.170,475,44.811
3687,3687,122.900,NaN,NaN,NaN,NaN,NaN,0,586,500,55.283,47.170,475,44.811
3688,3688,122.933,NaN,NaN,NaN,NaN,NaN,0,586,500,55.283,47.170,475,44.811
3689,3689,122.967,NaN,NaN,NaN,NaN,NaN,0,586,500,55.283,47.170,475,44.811
3690,3690,123.000,NaN,NaN,NaN,NaN,NaN,0,586,500,55.283,47.170,475,44.811
3691,3691,123.033,NaN,NaN,NaN,NaN,NaN,0,586,500,55.283,47.170,475,44.811
3692,3692,123.067,NaN,NaN,NaN,NaN,NaN,0,586,500,55.283,47.170,475,44.811
3693,3693,123.100,NaN,NaN,NaN,NaN,NaN,0,586,500,55.283,47.170,475,44.811
3694,3694,123.133,NaN,NaN,NaN,NaN,NaN,0,586,500,55.283,47.170,475,44.811
3695,3695,123.167,NaN,NaN,NaN,NaN,NaN,0,586,500,55.283,47.170,475,44.811
3696,3696,123.200,NaN,NaN,NaN,NaN,NaN,0,586,500,55.283,47.170,475,44.811
3697,3697,123.233,NaN,NaN,NaN,NaN,NaN,0,586,500,55.283,47.170,475,44.811
3698,3698,123.267,NaN,NaN,NaN,NaN,NaN,0,586,500,55.283,47.170,475,44.811
3699,3699,123.300,NaN,NaN,NaN,NaN,NaN,0,586,500,55.283,47.170,475,44.811
3700,3700,123.333,NaN,NaN,NaN,NaN,NaN,0,586,500,55.283,47.170,475,44.811
3701,3701,123.367,NaN,NaN,NaN,NaN,NaN,0,586,500,55.283,47.170,475,44.811
3702,3702,123.400,NaN,NaN,NaN,NaN,NaN,0,586,500,55.283,47.170,475,44.811
3703,3703,123.433,NaN,NaN,NaN,NaN,NaN,0,586,500,55.283,47.170,475,44.811
3704,3704,123.467,NaN,NaN,NaN,NaN,NaN,0,586,500,55.283,47.170,475,44.811
3705,3705,123.500,NaN,NaN,NaN,NaN,NaN,0,586,500,55.283,47.170,475,44.811
3706,3706,123.533,NaN,NaN,NaN,NaN,NaN,0,586,500,55.283,47.170,475,44.811
3707,3707,123.567,NaN,NaN,NaN,NaN,NaN,0,586,500,55.283,47.170,475,44.811
3708,3708,123.600,NaN,NaN,NaN,NaN,NaN,0,586,500,55.283,47.170,475,44.811
3709,3709,123.633,NaN,NaN,NaN,NaN,NaN,0,586,500,55.283,47.170,475,44.811
3710,3710,123.667,NaN,NaN,NaN,NaN,NaN,0,586,500,55.283,47.170,475,44.811
3711,3711,123.700,NaN,NaN,NaN,NaN,NaN,0,586,500,55.283,47.170,475,44.811
3712,3712,123.733,NaN,NaN,NaN,NaN,NaN,0,586,500,55.283,47.170,475,44.811
3713,3713,123.767,NaN,NaN,NaN,NaN,NaN,0,586,500,55.283,47.170,475,44.811
3714,3714,123.800,NaN,NaN,NaN,NaN,NaN,0,586,500,55.283,47.170,475,44.811
3715,3715,123.833,NaN,NaN,NaN,NaN,NaN,0,586,500,55.283,47.170,475,44.811
3716,3716,123.867,NaN,NaN,NaN,NaN,NaN,0,586,500,55.283,47.170,475,44.811
3717,3717,123.900,NaN,NaN,NaN,NaN,NaN,0,586,500,55.283,47.170,475,44.811
3718,3718,123.933,NaN,NaN,NaN,NaN,NaN,0,586,500,55.283,47.170,475,44.811
3719,3719,123.967,NaN,NaN,NaN,NaN,NaN,0,586,500,55.283,47.170,475,44.811
3720,3720,124.000,NaN,NaN,NaN,NaN,NaN,0,586,500,55.283,47.170,475,44.811
3721,3721,124.033,NaN,NaN,NaN,NaN,NaN,0,586,500,55.283,47.170,475,44.811
3722,3722,124.067,NaN,NaN,NaN,NaN,NaN,0,586,500,55.283,47.170,475,44.811
3723,3723,124.100,NaN,NaN,NaN,NaN,NaN,0,586,500,55.283,47.170,475,44.811
3724,3724,124.133,NaN,NaN,NaN,NaN,NaN,0,586,500,55.283,47.170,475,44.811
3725,3725,124.167,NaN,NaN,NaN,NaN,NaN,0,586,500,55.283,47.170,475,44.811
3726,3726,124.200,NaN,NaN,NaN,NaN,NaN,0,586,500,55.283,47.170,475,44.811
3727,3727,124.233,NaN,NaN,NaN,NaN,NaN,0,586,500,55.283,47.170,475,44.811
3728,3728,124.267,NaN,NaN,NaN,NaN,NaN,0,586,500,55.283,47.170,475,44.811
3729,3729,124.300,NaN,NaN,NaN,NaN,NaN,0,586,500,55.283,47.170,475,44.811
3730,3730,124.333,NaN,NaN,NaN,NaN,NaN,0,586,500,55.283,47.170,475,44.811
3731,3731,124.367,NaN,NaN,NaN,NaN,NaN,0,586,500,55.283,47.170,475,44.811
3732,3732,124.400,NaN,NaN,NaN,NaN,NaN,0,586,500,55.283,47.170,475,44.811
3733,3733,124.433,NaN,NaN,NaN,NaN,NaN,0,586,500,55.283,47.170,475,44.811
3734,3734,124.467,NaN,NaN,NaN,NaN,NaN,0,586,500,55.283,47.170,475,44.811
3735,3735,124.500,NaN,NaN,NaN,NaN,NaN,0,586,500,55.283,47.170,475,44.811
3736,3736,124.533,NaN,NaN,NaN,NaN,NaN,0,586,500,55.283,47.170,475,44.811
3737,3737,124.567,NaN,NaN,NaN,NaN,NaN,0,586,500,55.283,47.170,475,44.811
3738,3738,124.600,NaN,NaN,NaN,NaN,NaN,0,586,500,55.283,47.170,475,44.811
3739,3739,124.633,NaN,NaN,NaN,NaN,NaN,0,586,500,55.283,47.170,475,44.811
3740,3740,124.667,NaN,NaN,NaN,NaN,NaN,0,586,500,55.283,47.170,475,44.811
3741,3741,124.700,NaN,NaN,NaN,NaN,NaN,0,586,500,55.283,47.170,475,44.811
3742,3742,124.733,NaN,NaN,NaN,NaN,NaN,0,586,500,55.283,47.170,475,44.811
3743,3743,124.767,NaN,NaN,NaN,NaN,NaN,0,586,500,55.283,47.170,475,44.811
3744,3744,124.800,NaN,NaN,NaN,NaN,NaN,0,586,500,55.283,47.170,475,44.811
3745,3745,124.833,NaN,NaN,NaN,NaN,NaN,0,586,500,55.283,47.170,475,44.811
3746,3746,124.867,NaN,NaN,NaN,NaN,NaN,0,586,500,55.283,47.170,475,44.811
3747,3747,124.900,NaN,NaN,NaN,NaN,NaN,0,586,500,55.283,47.170,475,44.811
3748,3748,124.933,NaN,NaN,NaN,NaN,NaN,0,586,500,55.283,47.170,475,44.811
3749,3749,124.967,NaN,NaN,NaN,NaN,NaN,0,586,500,55.283,47.170,475,44.811
3750,3750,125.000,NaN,NaN,NaN,NaN,NaN,0,586,500,55.283,47.170,475,44.811
3751,3751,125.033,NaN,NaN,NaN,NaN,NaN,0,586,500,55.283,47.170,475,44.811
3752,3752,125.067,NaN,NaN,NaN,NaN,NaN,0,586,500,55.283,47.170,475,44.811
3753,3753,125.100,NaN,NaN,NaN,NaN,NaN,0,586,500,55.283,47.170,475,44.811
3754,3754,125.133,NaN,NaN,NaN,NaN,NaN,0,586,500,55.283,47.170,475,44.811
3755,3755,125.167,NaN,NaN,NaN,NaN,NaN,0,586,500,55.283,47.170,475,44.811
3756,3756,125.200,NaN,NaN,NaN,NaN,NaN,0,586,500,55.283,47.170,475,44.811
3757,3757,125.233,NaN,NaN,NaN,NaN,NaN,0,586,500,55.283,47.170,475,44.811
3758,3758,125.267,NaN,NaN,NaN,NaN,NaN,0,586,500,55.283,47.170,475,44.811
3759,3759,125.300,NaN,NaN,NaN,NaN,NaN,0,586,500,55.283,47.170,475,44.811
3760,3760,125.333,NaN,NaN,NaN,NaN,NaN,0,586,500,55.283,47.170,475,44.811
3761,3761,125.367,NaN,NaN,NaN,NaN,NaN,0,586,500,55.283,47.170,475,44.811
3762,3762,125.400,NaN,NaN,NaN,NaN,NaN,0,586,500,55.283,47.170,475,44.811
3763,3763,125.433,NaN,NaN,NaN,NaN,NaN,0,586,500,55.283,47.170,475,44.811
3764,3764,125.467,NaN,NaN,NaN,NaN,NaN,0,586,500,55.283,47.170,475,44.811
3765,3765,125.500,NaN,NaN,NaN,NaN,NaN,0,586,500,55.283,47.170,475,44.811
3766,3766,125.533,NaN,NaN,NaN,NaN,NaN,0,586,500,55.283,47.170,475,44.811
3767,3767,125.567,NaN,NaN,NaN,NaN,NaN,0,586,500,55.283,47.170,475,44.811
3768,3768,125.600,NaN,NaN,NaN,NaN,NaN,0,586,500,55.283,47.170,475,44.811
3769,3769,125.633,NaN,NaN,NaN,NaN,NaN,0,586,500,55.283,47.170,475,44.811
3770,3770,125.667,NaN,NaN,NaN,NaN,NaN,0,586,500,55.283,47.170,475,44.811
3771,3771,125.700,NaN,NaN,NaN,NaN,NaN,0,586,500,55.283,47.170,475,44.811
3772,3772,125.733,NaN,NaN,NaN,NaN,NaN,0,586,500,55.283,47.170,475,44.811
3773,3773,125.767,NaN,NaN,NaN,NaN,NaN,0,586,500,55.283,47.170,475,44.811
3774,3774,125.800,NaN,NaN,NaN,NaN,NaN,0,586,500,55.283,47.170,475,44.811
3775,3775,125.833,NaN,NaN,NaN,NaN,NaN,0,586,500,55.283,47.170,475,44.811
3776,3776,125.867,NaN,NaN,NaN,NaN,NaN,0,586,500,55.283,47.170,475,44.811
3777,3777,125.900,NaN,NaN,NaN,NaN,NaN,0,586,500,55.283,47.170,475,44.811
3778,3778,125.933,NaN,NaN,NaN,NaN,NaN,0,586,500,55.283,47.170,475,44.811
3779,3779,125.967,NaN,NaN,NaN,NaN,NaN,0,586,500,55.283,47.170,475,44.811
3780,3780,126.000,NaN,NaN,NaN,NaN,NaN,0,586,500,55.283,47.170,475,44.811
3781,3781,126.033,NaN,NaN,NaN,NaN,NaN,0,586,500,55.283,47.170,475,44.811
3782,3782,126.067,NaN,NaN,NaN,NaN,NaN,0,586,500,55.283,47.170,475,44.811
3783,3783,126.100,NaN,NaN,NaN,NaN,NaN,0,586,500,55.283,47.170,475,44.811
3784,3784,126.133,NaN,NaN,NaN,NaN,NaN,0,586,500,55.283,47.170,475,44.811
3785,3785,126.167,NaN,NaN,NaN,NaN,NaN,0,586,500,55.283,47.170,475,44.811
3786,3786,126.200,NaN,NaN,NaN,NaN,NaN,0,586,500,55.283,47.170,475,44.811
3787,3787,126.233,NaN,NaN,NaN,NaN,NaN,0,586,500,55.283,47.170,475,44.811
3788,3788,126.267,NaN,NaN,NaN,NaN,NaN,0,586,500,55.283,47.170,475,44.811
3789,3789,126.300,NaN,NaN,NaN,NaN,NaN,0,586,500,55.283,47.170,475,44.811
3790,3790,126.333,NaN,NaN,NaN,NaN,NaN,0,586,500,55.283,47.170,475,44.811
3791,3791,126.367,NaN,NaN,NaN,NaN,NaN,0,586,500,55.283,47.170,475,44.811
3792,3792,126.400,NaN,NaN,NaN,NaN,NaN,0,586,500,55.283,47.170,475,44.811
3793,3793,126.433,NaN,NaN,NaN,NaN,NaN,0,586,500,55.283,47.170,475,44.811
3794,3794,126.467,NaN,NaN,NaN,NaN,NaN,0,586,500,55.283,47.170,475,44.811
3795,3795,126.500,NaN,NaN,NaN,NaN,NaN,0,586,500,55.283,47.170,475,44.811
3796,3796,126.533,NaN,NaN,NaN,NaN,NaN,0,586,500,55.283,47.170,475,44.811
3797,3797,126.567,NaN,NaN,NaN,NaN,NaN,0,586,500,55.283,47.170,475,44.811
3798,3798,126.600,NaN,NaN,NaN,NaN,NaN,0,586,500,55.283,47.170,475,44.811
3799,3799,126.633,NaN,NaN,NaN,NaN,NaN,0,586,500,55.283,47.170,475,44.811
3800,3800,126.667,NaN,NaN,NaN,NaN,NaN,0,586,500,55.283,47.170,475,44.811
3801,3801,126.700,NaN,NaN,NaN,NaN,NaN,0,586,500,55.283,47.170,475,44.811
3802,3802,126.733,NaN,NaN,NaN,NaN,NaN,0,586,500,55.283,47.170,475,44.811
3803,3803,126.767,NaN,NaN,NaN,NaN,NaN,0,586,500,55.283,47.170,475,44.811
3804,3804,126.800,NaN,NaN,NaN,NaN,NaN,0,586,500,55.283,47.170,475,44.811
3805,3805,126.833,NaN,NaN,NaN,NaN,NaN,0,586,500,55.283,47.170,475,44.811
3806,3806,126.867,NaN,NaN,NaN,NaN,NaN,0,586,500,55.283,47.170,475,44.811
3807,3807,126.900,NaN,NaN,NaN,NaN,NaN,0,586,500,55.283,47.170,475,44.811
3808,3808,126.933,NaN,NaN,NaN,NaN,NaN,0,586,500,55.283,47.170,475,44.811
3809,3809,126.967,NaN,NaN,NaN,NaN,NaN,0,586,500,55.283,47.170,475,44.811
3810,3810,127.000,NaN,NaN,NaN,NaN,NaN,0,586,500,55.283,47.170,475,44.811
3811,3811,127.033,NaN,NaN,NaN,NaN,NaN,0,586,500,55.283,47.170,475,44.811
3812,3812,127.067,NaN,NaN,NaN,NaN,NaN,0,586,500,55.283,47.170,475,44.811
3813,3813,127.100,NaN,NaN,NaN,NaN,NaN,0,586,500,55.283,47.170,475,44.811
3814,3814,127.133,NaN,NaN,NaN,NaN,NaN,0,586,500,55.283,47.170,475,44.811
3815,3815,127.167,NaN,NaN,NaN,NaN,NaN,0,586,500,55.283,47.170,475,44.811
3816,3816,127.200,NaN,NaN,NaN,NaN,NaN,0,586,500,55.283,47.170,475,44.811
3817,3817,127.233,NaN,NaN,NaN,NaN,NaN,0,586,500,55.283,47.170,475,44.811
3818,3818,127.267,NaN,NaN,NaN,NaN,NaN,0,586,500,55.283,47.170,475,44.811
3819,3819,127.300,NaN,NaN,NaN,NaN,NaN,0,586,500,55.283,47.170,475,44.811
3820,3820,127.333,NaN,NaN,NaN,NaN,NaN,0,586,500,55.283,47.170,475,44.811
3821,3821,127.367,NaN,NaN,NaN,NaN,NaN,0,586,500,55.283,47.170,475,44.811
3822,3822,127.400,NaN,NaN,NaN,NaN,NaN,0,586,500,55.283,47.170,475,44.811
3823,3823,127.433,NaN,NaN,NaN,NaN,NaN,0,586,500,55.283,47.170,475,44.811
3824,3824,127.467,NaN,NaN,NaN,NaN,NaN,0,586,500,55.283,47.170,475,44.811
3825,3825,127.500,NaN,NaN,NaN,NaN,NaN,0,586,500,55.283,47.170,475,44.811
3826,3826,127.533,NaN,NaN,NaN,NaN,NaN,0,586,500,55.283,47.170,475,44.811
3827,3827,127.567,NaN,NaN,NaN,NaN,NaN,0,586,500,55.283,47.170,475,44.811
3828,3828,127.600,NaN,NaN,NaN,NaN,NaN,0,586,500,55.283,47.170,475,44.811
3829,3829,127.633,NaN,NaN,NaN,NaN,NaN,0,586,500,55.283,47.170,475,44.811
3830,3830,127.667,NaN,NaN,NaN,NaN,NaN,0,586,500,55.283,47.170,475,44.811
3831,3831,127.700,NaN,NaN,NaN,NaN,NaN,0,586,500,55.283,47.170,475,44.811
3832,3832,127.733,NaN,NaN,NaN,NaN,NaN,0,586,500,55.283,47.170,475,44.811
3833,3833,127.767,NaN,NaN,NaN,NaN,NaN,0,586,500,55.283,47.170,475,44.811
3834,3834,127.800,NaN,NaN,NaN,NaN,NaN,0,586,500,55.283,47.170,475,44.811
3835,3835,127.833,NaN,NaN,NaN,NaN,NaN,0,586,500,55.283,47.170,475,44.811
3836,3836,127.867,NaN,NaN,NaN,NaN,NaN,0,586,500,55.283,47.170,475,44.811
3837,3837,127.900,NaN,NaN,NaN,NaN,NaN,0,586,500,55.283,47.170,475,44.811
3838,3838,127.933,NaN,NaN,NaN,NaN,NaN,0,586,500,55.283,47.170,475,44.811
3839,3839,127.967,NaN,NaN,NaN,NaN,NaN,0,586,500,55.283,47.170,475,44.811
3840,3840,128.000,NaN,NaN,NaN,NaN,NaN,0,586,500,55.283,47.170,475,44.811
3841,3841,128.033,NaN,NaN,NaN,NaN,NaN,0,586,500,55.283,47.170,475,44.811
3842,3842,128.067,NaN,NaN,NaN,NaN,NaN,0,586,500,55.283,47.170,475,44.811
3843,3843,128.100,NaN,NaN,NaN,NaN,NaN,0,586,500,55.283,47.170,475,44.811
3844,3844,128.133,NaN,NaN,NaN,NaN,NaN,0,586,500,55.283,47.170,475,44.811
3845,3845,128.167,NaN,NaN,NaN,NaN,NaN,0,586,500,55.283,47.170,475,44.811
3846,3846,128.200,NaN,NaN,NaN,NaN,NaN,0,586,500,55.283,47.170,475,44.811
3847,3847,128.233,NaN,NaN,NaN,NaN,NaN,0,586,500,55.283,47.170,475,44.811
3848,3848,128.267,NaN,NaN,NaN,NaN,NaN,0,586,500,55.283,47.170,475,44.811
3849,3849,128.300,NaN,NaN,NaN,NaN,NaN,0,586,500,55.283,47.170,475,44.811
3850,3850,128.333,NaN,NaN,NaN,NaN,NaN,0,586,500,55.283,47.170,475,44.811
3851,3851,128.367,NaN,NaN,NaN,NaN,NaN,0,586,500,55.283,47.170,475,44.811
3852,3852,128.400,NaN,NaN,NaN,NaN,NaN,0,586,500,55.283,47.170,475,44.811
3853,3853,128.433,NaN,NaN,NaN,NaN,NaN,0,586,500,55.283,47.170,475,44.811
3854,3854,128.467,NaN,NaN,NaN,NaN,NaN,0,586,500,55.283,47.170,475,44.811
3855,3855,128.500,NaN,NaN,NaN,NaN,NaN,0,586,500,55.283,47.170,475,44.811
3856,3856,128.533,NaN,NaN,NaN,NaN,NaN,0,586,500,55.283,47.170,475,44.811
3857,3857,128.567,NaN,NaN,NaN,NaN,NaN,0,586,500,55.283,47.170,475,44.811
3858,3858,128.600,NaN,NaN,NaN,NaN,NaN,0,586,500,55.283,47.170,475,44.811
3859,3859,128.633,NaN,NaN,NaN,NaN,NaN,0,586,500,55.283,47.170,475,44.811
3860,3860,128.667,NaN,NaN,NaN,NaN,NaN,0,586,500,55.283,47.170,475,44.811
3861,3861,128.700,NaN,NaN,NaN,NaN,NaN,0,586,500,55.283,47.170,475,44.811
3862,3862,128.733,NaN,NaN,NaN,NaN,NaN,0,586,500,55.283,47.170,475,44.811
3863,3863,128.767,NaN,NaN,NaN,NaN,NaN,0,586,500,55.283,47.170,475,44.811
3864,3864,128.800,NaN,NaN,NaN,NaN,NaN,0,586,500,55.283,47.170,475,44.811
3865,3865,128.833,NaN,NaN,NaN,NaN,NaN,0,586,500,55.283,47.170,475,44.811
3866,3866,128.867,NaN,NaN,NaN,NaN,NaN,0,586,500,55.283,47.170,475,44.811
3867,3867,128.900,NaN,NaN,NaN,NaN,NaN,0,586,500,55.283,47.170,475,44.811
3868,3868,128.933,NaN,NaN,NaN,NaN,NaN,0,586,500,55.283,47.170,475,44.811
3869,3869,128.967,NaN,NaN,NaN,NaN,NaN,0,586,500,55.283,47.170,475,44.811
3870,3870,129.000,NaN,NaN,NaN,NaN,NaN,0,586,500,55.283,47.170,475,44.811
3871,3871,129.033,NaN,NaN,NaN,NaN,NaN,0,586,500,55.283,47.170,475,44.811
3872,3872,129.067,NaN,NaN,NaN,NaN,NaN,0,586,500,55.283,47.170,475,44.811
3873,3873,129.100,NaN,NaN,NaN,NaN,NaN,0,586,500,55.283,47.170,475,44.811
3874,3874,129.133,NaN,NaN,NaN,NaN,NaN,0,586,500,55.283,47.170,475,44.811
3875,3875,129.167,NaN,NaN,NaN,NaN,NaN,0,586,500,55.283,47.170,475,44.811
3876,3876,129.200,NaN,NaN,NaN,NaN,NaN,0,586,500,55.283,47.170,475,44.811
3877,3877,129.233,NaN,NaN,NaN,NaN,NaN,0,586,500,55.283,47.170,475,44.811
3878,3878,129.267,NaN,NaN,NaN,NaN,NaN,0,586,500,55.283,47.170,475,44.811
3879,3879,129.300,NaN,NaN,NaN,NaN,NaN,0,586,500,55.283,47.170,475,44.811
3880,3880,129.333,NaN,NaN,NaN,NaN,NaN,0,586,500,55.283,47.170,475,44.811
3881,3881,129.367,NaN,NaN,NaN,NaN,NaN,0,586,500,55.283,47.170,475,44.811
3882,3882,129.400,NaN,NaN,NaN,NaN,NaN,0,586,500,55.283,47.170,475,44.811
3883,3883,129.433,NaN,NaN,NaN,NaN,NaN,0,586,500,55.283,47.170,475,44.811
3884,3884,129.467,NaN,NaN,NaN,NaN,NaN,0,586,500,55.283,47.170,475,44.811
3885,3885,129.500,NaN,NaN,NaN,NaN,NaN,0,586,500,55.283,47.170,475,44.811
3886,3886,129.533,NaN,NaN,NaN,NaN,NaN,0,586,500,55.283,47.170,475,44.811
3887,3887,129.567,NaN,NaN,NaN,NaN,NaN,0,586,500,55.283,47.170,475,44.811
3888,3888,129.600,NaN,NaN,NaN,NaN,NaN,0,586,500,55.283,47.170,475,44.811
3889,3889,129.633,NaN,NaN,NaN,NaN,NaN,0,586,500,55.283,47.170,475,44.811
3890,3890,129.667,NaN,NaN,NaN,NaN,NaN,0,586,500,55.283,47.170,475,44.811
3891,3891,129.700,NaN,NaN,NaN,NaN,NaN,0,586,500,55.283,47.170,475,44.811
3892,3892,129.733,NaN,NaN,NaN,NaN,NaN,0,586,500,55.283,47.170,475,44.811
3893,3893,129.767,NaN,NaN,NaN,NaN,NaN,0,586,500,55.283,47.170,475,44.811
3894,3894,129.800,NaN,NaN,NaN,NaN,NaN,0,586,500,55.283,47.170,475,44.811
3895,3895,129.833,NaN,NaN,NaN,NaN,NaN,0,586,500,55.283,47.170,475,44.811
3896,3896,129.867,NaN,NaN,NaN,NaN,NaN,0,586,500,55.283,47.170,475,44.811
3897,3897,129.900,NaN,NaN,NaN,NaN,NaN,0,586,500,55.283,47.170,475,44.811
3898,3898,129.933,NaN,NaN,NaN,NaN,NaN,0,586,500,55.283,47.170,475,44.811
3899,3899,129.967,NaN,NaN,NaN,NaN,NaN,0,586,500,55.283,47.170,475,44.811
3900,3900,130.000,NaN,NaN,NaN,NaN,NaN,0,586,500,55.283,47.170,475,44.811
3901,3901,130.033,NaN,NaN,NaN,NaN,NaN,0,586,500,55.283,47.170,475,44.811
3902,3902,130.067,NaN,NaN,NaN,NaN,NaN,0,586,500,55.283,47.170,475,44.811
3903,3903,130.100,NaN,NaN,NaN,NaN,NaN,0,586,500,55.283,47.170,475,44.811
3904,3904,130.133,NaN,NaN,NaN,NaN,NaN,0,586,500,55.283,47.170,475,44.811
3905,3905,130.167,NaN,NaN,NaN,NaN,NaN,0,586,500,55.283,47.170,475,44.811
3906,3906,130.200,NaN,NaN,NaN,NaN,NaN,0,586,500,55.283,47.170,475,44.811
3907,3907,130.233,NaN,NaN,NaN,NaN,NaN,0,586,500,55.283,47.170,475,44.811
3908,3908,130.267,NaN,NaN,NaN,NaN,NaN,0,586,500,55.283,47.170,475,44.811
3909,3909,130.300,NaN,NaN,NaN,NaN,NaN,0,586,500,55.283,47.170,475,44.811
3910,3910,130.333,NaN,NaN,NaN,NaN,NaN,0,586,500,55.283,47.170,475,44.811
3911,3911,130.367,NaN,NaN,NaN,NaN,NaN,0,586,500,55.283,47.170,475,44.811
3912,3912,130.400,NaN,NaN,NaN,NaN,NaN,0,586,500,55.283,47.170,475,44.811
3913,3913,130.433,NaN,NaN,NaN,NaN,NaN,0,586,500,55.283,47.170,475,44.811
3914,3914,130.467,NaN,NaN,NaN,NaN,NaN,0,586,500,55.283,47.170,475,44.811
3915,3915,130.500,NaN,NaN,NaN,NaN,NaN,0,586,500,55.283,47.170,475,44.811
3916,3916,130.533,NaN,NaN,NaN,NaN,NaN,0,586,500,55.283,47.170,475,44.811
3917,3917,130.567,NaN,NaN,NaN,NaN,NaN,0,586,500,55.283,47.170,475,44.811
3918,3918,130.600,NaN,NaN,NaN,NaN,NaN,0,586,500,55.283,47.170,475,44.811
3919,3919,130.633,NaN,NaN,NaN,NaN,NaN,0,586,500,55.283,47.170,475,44.811
3920,3920,130.667,NaN,NaN,NaN,NaN,NaN,0,586,500,55.283,47.170,475,44.811
3921,3921,130.700,NaN,NaN,NaN,NaN,NaN,0,586,500,55.283,47.170,475,44.811
3922,3922,130.733,NaN,NaN,NaN,NaN,NaN,0,586,500,55.283,47.170,475,44.811
3923,3923,130.767,NaN,NaN,NaN,NaN,NaN,0,586,500,55.283,47.170,475,44.811
3924,3924,130.800,NaN,NaN,NaN,NaN,NaN,0,586,500,55.283,47.170,475,44.811
3925,3925,130.833,NaN,NaN,NaN,NaN,NaN,0,586,500,55.283,47.170,475,44.811
3926,3926,130.867,NaN,NaN,NaN,NaN,NaN,0,586,500,55.283,47.170,475,44.811
3927,3927,130.900,NaN,NaN,NaN,NaN,NaN,0,586,500,55.283,47.170,475,44.811
3928,3928,130.933,NaN,NaN,NaN,NaN,NaN,0,586,500,55.283,47.170,475,44.811
3929,3929,130.967,NaN,NaN,NaN,NaN,NaN,0,586,500,55.283,47.170,475,44.811
3930,3930,131.000,NaN,NaN,NaN,NaN,NaN,0,586,500,55.283,47.170,475,44.811
3931,3931,131.033,NaN,NaN,NaN,NaN,NaN,0,586,500,55.283,47.170,475,44.811
3932,3932,131.067,NaN,NaN,NaN,NaN,NaN,0,586,500,55.283,47.170,475,44.811
3933,3933,131.100,NaN,NaN,NaN,NaN,NaN,0,586,500,55.283,47.170,475,44.811
3934,3934,131.133,NaN,NaN,NaN,NaN,NaN,0,586,500,55.283,47.170,475,44.811
3935,3935,131.167,NaN,NaN,NaN,NaN,NaN,0,586,500,55.283,47.170,475,44.811
3936,3936,131.200,NaN,NaN,NaN,NaN,NaN,0,586,500,55.283,47.170,475,44.811
3937,3937,131.233,NaN,NaN,NaN,NaN,NaN,0,586,500,55.283,47.170,475,44.811
3938,3938,131.267,NaN,NaN,NaN,NaN,NaN,0,586,500,55.283,47.170,475,44.811
3939,3939,131.300,NaN,NaN,NaN,NaN,NaN,0,586,500,55.283,47.170,475,44.811
3940,3940,131.333,NaN,NaN,NaN,NaN,NaN,0,586,500,55.283,47.170,475,44.811
3941,3941,131.367,NaN,NaN,NaN,NaN,NaN,0,586,500,55.283,47.170,475,44.811
3942,3942,131.400,NaN,NaN,NaN,NaN,NaN,0,586,500,55.283,47.170,475,44.811
3943,3943,131.433,NaN,NaN,NaN,NaN,NaN,0,586,500,55.283,47.170,475,44.811
3944,3944,131.467,NaN,NaN,NaN,NaN,NaN,0,586,500,55.283,47.170,475,44.811
3945,3945,131.500,NaN,NaN,NaN,NaN,NaN,0,586,500,55.283,47.170,475,44.811
3946,3946,131.533,NaN,NaN,NaN,NaN,NaN,0,586,500,55.283,47.170,475,44.811
3947,3947,131.567,NaN,NaN,NaN,NaN,NaN,0,586,500,55.283,47.170,475,44.811
3948,3948,131.600,NaN,NaN,NaN,NaN,NaN,0,586,500,55.283,47.170,475,44.811
3949,3949,131.633,NaN,NaN,NaN,NaN,NaN,0,586,500,55.283,47.170,475,44.811
3950,3950,131.667,NaN,NaN,NaN,NaN,NaN,0,586,500,55.283,47.170,475,44.811
3951,3951,131.700,NaN,NaN,NaN,NaN,NaN,0,586,500,55.283,47.170,475,44.811
3952,3952,131.733,NaN,NaN,NaN,NaN,NaN,0,586,500,55.283,47.170,475,44.811
3953,3953,131.767,NaN,NaN,NaN,NaN,NaN,0,586,500,55.283,47.170,475,44.811
3954,3954,131.800,NaN,NaN,NaN,NaN,NaN,0,586,500,55.283,47.170,475,44.811
3955,3955,131.833,NaN,NaN,NaN,NaN,NaN,0,586,500,55.283,47.170,475,44.811
3956,3956,131.867,NaN,NaN,NaN,NaN,NaN,0,586,500,55.283,47.170,475,44.811
3957,3957,131.900,NaN,NaN,NaN,NaN,NaN,0,586,500,55.283,47.170,475,44.811
3958,3958,131.933,NaN,NaN,NaN,NaN,NaN,0,586,500,55.283,47.170,475,44.811
3959,3959,131.967,NaN,NaN,NaN,NaN,NaN,0,586,500,55.283,47.170,475,44.811
3960,3960,132.000,NaN,NaN,NaN,NaN,NaN,0,586,500,55.283,47.170,475,44.811
3961,3961,132.033,NaN,NaN,NaN,NaN,NaN,0,586,500,55.283,47.170,475,44.811
3962,3962,132.067,NaN,NaN,NaN,NaN,NaN,0,586,500,55.283,47.170,475,44.811
3963,3963,132.100,NaN,NaN,NaN,NaN,NaN,0,586,500,55.283,47.170,475,44.811
3964,3964,132.133,NaN,NaN,NaN,NaN,NaN,0,586,500,55.283,47.170,475,44.811
3965,3965,132.167,NaN,NaN,NaN,NaN,NaN,0,586,500,55.283,47.170,475,44.811
3966,3966,132.200,NaN,NaN,NaN,NaN,NaN,0,586,500,55.283,47.170,475,44.811
3967,3967,132.233,NaN,NaN,NaN,NaN,NaN,0,586,500,55.283,47.170,475,44.811
3968,3968,132.267,NaN,NaN,NaN,NaN,NaN,0,586,500,55.283,47.170,475,44.811
3969,3969,132.300,NaN,NaN,NaN,NaN,NaN,0,586,500,55.283,47.170,475,44.811
3970,3970,132.333,NaN,NaN,NaN,NaN,NaN,0,586,500,55.283,47.170,475,44.811
3971,3971,132.367,NaN,NaN,NaN,NaN,NaN,0,586,500,55.283,47.170,475,44.811
3972,3972,132.400,NaN,NaN,NaN,NaN,NaN,0,586,500,55.283,47.170,475,44.811
3973,3973,132.433,NaN,NaN,NaN,NaN,NaN,0,586,500,55.283,47.170,475,44.811
3974,3974,132.467,NaN,NaN,NaN,NaN,NaN,0,586,500,55.283,47.170,475,44.811
3975,3975,132.500,NaN,NaN,NaN,NaN,NaN,0,586,500,55.283,47.170,475,44.811
3976,3976,132.533,NaN,NaN,NaN,NaN,NaN,0,586,500,55.283,47.170,475,44.811
3977,3977,132.567,NaN,NaN,NaN,NaN,NaN,0,586,500,55.283,47.170,475,44.811
3978,3978,132.600,NaN,NaN,NaN,NaN,NaN,0,586,500,55.283,47.170,475,44.811
3979,3979,132.633,NaN,NaN,NaN,NaN,NaN,0,586,500,55.283,47.170,475,44.811
3980,3980,132.667,NaN,NaN,NaN,NaN,NaN,0,586,500,55.283,47.170,475,44.811
3981,3981,132.700,NaN,NaN,NaN,NaN,NaN,0,586,500,55.283,47.170,475,44.811
3982,3982,132.733,NaN,NaN,NaN,NaN,NaN,0,586,500,55.283,47.170,475,44.811
3983,3983,132.767,NaN,NaN,NaN,NaN,NaN,0,586,500,55.283,47.170,475,44.811
3984,3984,132.800,NaN,NaN,NaN,NaN,NaN,0,586,500,55.283,47.170,475,44.811
3985,3985,132.833,NaN,NaN,NaN,NaN,NaN,0,586,500,55.283,47.170,475,44.811
3986,3986,132.867,NaN,NaN,NaN,NaN,NaN,0,586,500,55.283,47.170,475,44.811
3987,3987,132.900,NaN,NaN,NaN,NaN,NaN,0,586,500,55.283,47.170,475,44.811
3988,3988,132.933,NaN,NaN,NaN,NaN,NaN,0,586,500,55.283,47.170,475,44.811
3989,3989,132.967,NaN,NaN,NaN,NaN,NaN,0,586,500,55.283,47.170,475,44.811
3990,3990,133.000,NaN,NaN,NaN,NaN,NaN,0,586,500,55.283,47.170,475,44.811
3991,3991,133.033,NaN,NaN,NaN,NaN,NaN,0,586,500,55.283,47.170,475,44.811
3992,3992,133.067,NaN,NaN,NaN,NaN,NaN,0,586,500,55.283,47.170,475,44.811
3993,3993,133.100,NaN,NaN,NaN,NaN,NaN,0,586,500,55.283,47.170,475,44.811
3994,3994,133.133,NaN,NaN,NaN,NaN,NaN,0,586,500,55.283,47.170,475,44.811
3995,3995,133.167,NaN,NaN,NaN,NaN,NaN,0,586,500,55.283,47.170,475,44.811
3996,3996,133.200,NaN,NaN,NaN,NaN,NaN,0,586,500,55.283,47.170,475,44.811
3997,3997,133.233,NaN,NaN,NaN,NaN,NaN,0,586,500,55.283,47.170,475,44.811
3998,3998,133.267,NaN,NaN,NaN,NaN,NaN,0,586,500,55.283,47.170,475,44.811
3999,3999,133.300,NaN,NaN,NaN,NaN,NaN,0,586,500,55.283,47.170,475,44.811
4000,4000,133.333,NaN,NaN,NaN,NaN,NaN,0,586,500,55.283,47.170,475,44.811
4001,4001,133.367,NaN,NaN,NaN,NaN,NaN,0,586,500,55.283,47.170,475,44.811
4002,4002,133.400,NaN,NaN,NaN,NaN,NaN,0,586,500,55.283,47.170,475,44.811
4003,4003,133.433,NaN,NaN,NaN,NaN,NaN,0,586,500,55.283,47.170,475,44.811
4004,4004,133.467,NaN,NaN,NaN,NaN,NaN,0,586,500,55.283,47.170,475,44.811
4005,4005,133.500,NaN,NaN,NaN,NaN,NaN,0,586,500,55.283,47.170,475,44.811
4006,4006,133.533,NaN,NaN,NaN,NaN,NaN,0,586,500,55.283,47.170,475,44.811
4007,4007,133.567,NaN,NaN,NaN,NaN,NaN,0,586,500,55.283,47.170,475,44.811
4008,4008,133.600,NaN,NaN,NaN,NaN,NaN,0,586,500,55.283,47.170,475,44.811
4009,4009,133.633,NaN,NaN,NaN,NaN,NaN,0,586,500,55.283,47.170,475,44.811
4010,4010,133.667,NaN,NaN,NaN,NaN,NaN,0,586,500,55.283,47.170,475,44.811
4011,4011,133.700,NaN,NaN,NaN,NaN,NaN,0,586,500,55.283,47.170,475,44.811
4012,4012,133.733,NaN,NaN,NaN,NaN,NaN,0,586,500,55.283,47.170,475,44.811
4013,4013,133.767,NaN,NaN,NaN,NaN,NaN,0,586,500,55.283,47.170,475,44.811
4014,4014,133.800,NaN,NaN,NaN,NaN,NaN,0,586,500,55.283,47.170,475,44.811
4015,4015,133.833,NaN,NaN,NaN,NaN,NaN,0,586,500,55.283,47.170,475,44.811
4016,4016,133.867,NaN,NaN,NaN,NaN,NaN,0,586,500,55.283,47.170,475,44.811
4017,4017,133.900,NaN,NaN,NaN,NaN,NaN,0,586,500,55.283,47.170,475,44.811
4018,4018,133.933,NaN,NaN,NaN,NaN,NaN,0,586,500,55.283,47.170,475,44.811
4019,4019,133.967,NaN,NaN,NaN,NaN,NaN,0,586,500,55.283,47.170,475,44.811
4020,4020,134.000,NaN,NaN,NaN,NaN,NaN,0,586,500,55.283,47.170,475,44.811
4021,4021,134.033,NaN,NaN,NaN,NaN,NaN,0,586,500,55.283,47.170,475,44.811
4022,4022,134.067,NaN,NaN,NaN,NaN,NaN,0,586,500,55.283,47.170,475,44.811
4023,4023,134.100,NaN,NaN,NaN,NaN,NaN,0,586,500,55.283,47.170,475,44.811
4024,4024,134.133,NaN,NaN,NaN,NaN,NaN,0,586,500,55.283,47.170,475,44.811
4025,4025,134.167,NaN,NaN,NaN,NaN,NaN,0,586,500,55.283,47.170,475,44.811
4026,4026,134.200,NaN,NaN,NaN,NaN,NaN,0,586,500,55.283,47.170,475,44.811
4027,4027,134.233,NaN,NaN,NaN,NaN,NaN,0,586,500,55.283,47.170,475,44.811
4028,4028,134.267,NaN,NaN,NaN,NaN,NaN,0,586,500,55.283,47.170,475,44.811
4029,4029,134.300,NaN,NaN,NaN,NaN,NaN,0,586,500,55.283,47.170,475,44.811
4030,4030,134.333,NaN,NaN,NaN,NaN,NaN,0,586,500,55.283,47.170,475,44.811
4031,4031,134.367,NaN,NaN,NaN,NaN,NaN,0,586,500,55.283,47.170,475,44.811
4032,4032,134.400,NaN,NaN,NaN,NaN,NaN,0,586,500,55.283,47.170,475,44.811
4033,4033,134.433,NaN,NaN,NaN,NaN,NaN,0,586,500,55.283,47.170,475,44.811
4034,4034,134.467,NaN,NaN,NaN,NaN,NaN,0,586,500,55.283,47.170,475,44.811
4035,4035,134.500,NaN,NaN,NaN,NaN,NaN,0,586,500,55.283,47.170,475,44.811
4036,4036,134.533,NaN,NaN,NaN,NaN,NaN,0,586,500,55.283,47.170,475,44.811
4037,4037,134.567,NaN,NaN,NaN,NaN,NaN,0,586,500,55.283,47.170,475,44.811
4038,4038,134.600,NaN,NaN,NaN,NaN,NaN,0,586,500,55.283,47.170,475,44.811
4039,4039,134.633,NaN,NaN,NaN,NaN,NaN,0,586,500,55.283,47.170,475,44.811
4040,4040,134.667,NaN,NaN,NaN,NaN,NaN,0,586,500,55.283,47.170,475,44.811
4041,4041,134.700,NaN,NaN,NaN,NaN,NaN,0,586,500,55.283,47.170,475,44.811
4042,4042,134.733,NaN,NaN,NaN,NaN,NaN,0,586,500,55.283,47.170,475,44.811
4043,4043,134.767,NaN,NaN,NaN,NaN,NaN,0,586,500,55.283,47.170,475,44.811
4044,4044,134.800,NaN,NaN,NaN,NaN,NaN,0,586,500,55.283,47.170,475,44.811
4045,4045,134.833,NaN,NaN,NaN,NaN,NaN,0,586,500,55.283,47.170,475,44.811
4046,4046,134.867,NaN,NaN,NaN,NaN,NaN,0,586,500,55.283,47.170,475,44.811
4047,4047,134.900,NaN,NaN,NaN,NaN,NaN,0,586,500,55.283,47.170,475,44.811
4048,4048,134.933,NaN,NaN,NaN,NaN,NaN,0,586,500,55.283,47.170,475,44.811
4049,4049,134.967,NaN,NaN,NaN,NaN,NaN,0,586,500,55.283,47.170,475,44.811
4050,4050,135.000,NaN,NaN,NaN,NaN,NaN,0,586,500,55.283,47.170,475,44.811
4051,4051,135.033,NaN,NaN,NaN,NaN,NaN,0,586,500,55.283,47.170,475,44.811
4052,4052,135.067,NaN,NaN,NaN,NaN,NaN,0,586,500,55.283,47.170,475,44.811
4053,4053,135.100,NaN,NaN,NaN,NaN,NaN,0,586,500,55.283,47.170,475,44.811
4054,4054,135.133,NaN,NaN,NaN,NaN,NaN,0,586,500,55.283,47.170,475,44.811
4055,4055,135.167,NaN,NaN,NaN,NaN,NaN,0,586,500,55.283,47.170,475,44.811
4056,4056,135.200,NaN,NaN,NaN,NaN,NaN,0,586,500,55.283,47.170,475,44.811
4057,4057,135.233,NaN,NaN,NaN,NaN,NaN,0,586,500,55.283,47.170,475,44.811
4058,4058,135.267,NaN,NaN,NaN,NaN,NaN,0,586,500,55.283,47.170,475,44.811
4059,4059,135.300,NaN,NaN,NaN,NaN,NaN,0,586,500,55.283,47.170,475,44.811
4060,4060,135.333,NaN,NaN,NaN,NaN,NaN,0,586,500,55.283,47.170,475,44.811
4061,4061,135.367,NaN,NaN,NaN,NaN,NaN,0,586,500,55.283,47.170,475,44.811
4062,4062,135.400,NaN,NaN,NaN,NaN,NaN,0,586,500,55.283,47.170,475,44.811
4063,4063,135.433,NaN,NaN,NaN,NaN,NaN,0,586,500,55.283,47.170,475,44.811
4064,4064,135.467,NaN,NaN,NaN,NaN,NaN,0,586,500,55.283,47.170,475,44.811
4065,4065,135.500,NaN,NaN,NaN,NaN,NaN,0,586,500,55.283,47.170,475,44.811
4066,4066,135.533,NaN,NaN,NaN,NaN,NaN,0,586,500,55.283,47.170,475,44.811
4067,4067,135.567,NaN,NaN,NaN,NaN,NaN,0,586,500,55.283,47.170,475,44.811
4068,4068,135.600,NaN,NaN,NaN,NaN,NaN,0,586,500,55.283,47.170,475,44.811
4069,4069,135.633,NaN,NaN,NaN,NaN,NaN,0,586,500,55.283,47.170,475,44.811
4070,4070,135.667,NaN,NaN,NaN,NaN,NaN,0,586,500,55.283,47.170,475,44.811
4071,4071,135.700,NaN,NaN,NaN,NaN,NaN,0,586,500,55.283,47.170,475,44.811
4072,4072,135.733,NaN,NaN,NaN,NaN,NaN,0,586,500,55.283,47.170,475,44.811
4073,4073,135.767,NaN,NaN,NaN,NaN,NaN,0,586,500,55.283,47.170,475,44.811
4074,4074,135.800,NaN,NaN,NaN,NaN,NaN,0,586,500,55.283,47.170,475,44.811
4075,4075,135.833,NaN,NaN,NaN,NaN,NaN,0,586,500,55.283,47.170,475,44.811
4076,4076,135.867,NaN,NaN,NaN,NaN,NaN,0,586,500,55.283,47.170,475,44.811
4077,4077,135.900,NaN,NaN,NaN,NaN,NaN,0,586,500,55.283,47.170,475,44.811
4078,4078,135.933,NaN,NaN,NaN,NaN,NaN,0,586,500,55.283,47.170,475,44.811
4079,4079,135.967,NaN,NaN,NaN,NaN,NaN,0,586,500,55.283,47.170,475,44.811
4080,4080,136.000,NaN,NaN,NaN,NaN,NaN,0,586,500,55.283,47.170,475,44.811
4081,4081,136.033,NaN,NaN,NaN,NaN,NaN,0,586,500,55.283,47.170,475,44.811
4082,4082,136.067,NaN,NaN,NaN,NaN,NaN,0,586,500,55.283,47.170,475,44.811
4083,4083,136.100,NaN,NaN,NaN,NaN,NaN,0,586,500,55.283,47.170,475,44.811
4084,4084,136.133,NaN,NaN,NaN,NaN,NaN,0,586,500,55.283,47.170,475,44.811
4085,4085,136.167,NaN,NaN,NaN,NaN,NaN,0,586,500,55.283,47.170,475,44.811
4086,4086,136.200,NaN,NaN,NaN,NaN,NaN,0,586,500,55.283,47.170,475,44.811
4087,4087,136.233,NaN,NaN,NaN,NaN,NaN,0,586,500,55.283,47.170,475,44.811
4088,4088,136.267,NaN,NaN,NaN,NaN,NaN,0,586,500,55.283,47.170,475,44.811
4089,4089,136.300,NaN,NaN,NaN,NaN,NaN,0,586,500,55.283,47.170,475,44.811
4090,4090,136.333,NaN,NaN,NaN,NaN,NaN,0,586,500,55.283,47.170,475,44.811
4091,4091,136.367,NaN,NaN,NaN,NaN,NaN,0,586,500,55.283,47.170,475,44.811
4092,4092,136.400,NaN,NaN,NaN,NaN,NaN,0,586,500,55.283,47.170,475,44.811
4093,4093,136.433,NaN,NaN,NaN,NaN,NaN,0,586,500,55.283,47.170,475,44.811
4094,4094,136.467,NaN,NaN,NaN,NaN,NaN,0,586,500,55.283,47.170,475,44.811
4095,4095,136.500,NaN,NaN,NaN,NaN,NaN,0,586,500,55.283,47.170,475,44.811
4096,4096,136.533,NaN,NaN,NaN,NaN,NaN,0,586,500,55.283,47.170,475,44.811
4097,4097,136.567,NaN,NaN,NaN,NaN,NaN,0,586,500,55.283,47.170,475,44.811
4098,4098,136.600,NaN,NaN,NaN,NaN,NaN,0,586,500,55.283,47.170,475,44.811
4099,4099,136.633,NaN,NaN,NaN,NaN,NaN,0,586,500,55.283,47.170,475,44.811
4100,4100,136.667,NaN,NaN,NaN,NaN,NaN,0,586,500,55.283,47.170,475,44.811
4101,4101,136.700,NaN,NaN,NaN,NaN,NaN,0,586,500,55.283,47.170,475,44.811
4102,4102,136.733,NaN,NaN,NaN,NaN,NaN,0,586,500,55.283,47.170,475,44.811
4103,4103,136.767,NaN,NaN,NaN,NaN,NaN,0,586,500,55.283,47.170,475,44.811
4104,4104,136.800,NaN,NaN,NaN,NaN,NaN,0,586,500,55.283,47.170,475,44.811
4105,4105,136.833,NaN,NaN,NaN,NaN,NaN,0,586,500,55.283,47.170,475,44.811
4106,4106,136.867,NaN,NaN,NaN,NaN,NaN,0,586,500,55.283,47.170,475,44.811
4107,4107,136.900,NaN,NaN,NaN,NaN,NaN,0,586,500,55.283,47.170,475,44.811
4108,4108,136.933,NaN,NaN,NaN,NaN,NaN,0,586,500,55.283,47.170,475,44.811
4109,4109,136.967,NaN,NaN,NaN,NaN,NaN,0,586,500,55.283,47.170,475,44.811
4110,4110,137.000,NaN,NaN,NaN,NaN,NaN,0,586,500,55.283,47.170,475,44.811
4111,4111,137.033,NaN,NaN,NaN,NaN,NaN,0,586,500,55.283,47.170,475,44.811
4112,4112,137.067,NaN,NaN,NaN,NaN,NaN,0,586,500,55.283,47.170,475,44.811
4113,4113,137.100,NaN,NaN,NaN,NaN,NaN,0,586,500,55.283,47.170,475,44.811
4114,4114,137.133,NaN,NaN,NaN,NaN,NaN,0,586,500,55.283,47.170,475,44.811
4115,4115,137.167,NaN,NaN,NaN,NaN,NaN,0,586,500,55.283,47.170,475,44.811
4116,4116,137.200,NaN,NaN,NaN,NaN,NaN,0,586,500,55.283,47.170,475,44.811
4117,4117,137.233,NaN,NaN,NaN,NaN,NaN,0,586,500,55.283,47.170,475,44.811
4118,4118,137.267,NaN,NaN,NaN,NaN,NaN,0,586,500,55.283,47.170,475,44.811
4119,4119,137.300,NaN,NaN,NaN,NaN,NaN,0,586,500,55.283,47.170,475,44.811
4120,4120,137.333,NaN,NaN,NaN,NaN,NaN,0,586,500,55.283,47.170,475,44.811
4121,4121,137.367,NaN,NaN,NaN,NaN,NaN,0,586,500,55.283,47.170,475,44.811
4122,4122,137.400,NaN,NaN,NaN,NaN,NaN,0,586,500,55.283,47.170,475,44.811
4123,4123,137.433,NaN,NaN,NaN,NaN,NaN,0,586,500,55.283,47.170,475,44.811
4124,4124,137.467,NaN,NaN,NaN,NaN,NaN,0,586,500,55.283,47.170,475,44.811
4125,4125,137.500,NaN,NaN,NaN,NaN,NaN,0,586,500,55.283,47.170,475,44.811
4126,4126,137.533,NaN,NaN,NaN,NaN,NaN,0,586,500,55.283,47.170,475,44.811
4127,4127,137.567,NaN,NaN,NaN,NaN,NaN,0,586,500,55.283,47.170,475,44.811
4128,4128,137.600,NaN,NaN,NaN,NaN,NaN,0,586,500,55.283,47.170,475,44.811
4129,4129,137.633,NaN,NaN,NaN,NaN,NaN,0,586,500,55.283,47.170,475,44.811
4130,4130,137.667,NaN,NaN,NaN,NaN,NaN,0,586,500,55.283,47.170,475,44.811
4131,4131,137.700,NaN,NaN,NaN,NaN,NaN,0,586,500,55.283,47.170,475,44.811
4132,4132,137.733,NaN,NaN,NaN,NaN,NaN,0,586,500,55.283,47.170,475,44.811
4133,4133,137.767,NaN,NaN,NaN,NaN,NaN,0,586,500,55.283,47.170,475,44.811
4134,4134,137.800,NaN,NaN,NaN,NaN,NaN,0,586,500,55.283,47.170,475,44.811
4135,4135,137.833,NaN,NaN,NaN,NaN,NaN,0,586,500,55.283,47.170,475,44.811
4136,4136,137.867,NaN,NaN,NaN,NaN,NaN,0,586,500,55.283,47.170,475,44.811
4137,4137,137.900,NaN,NaN,NaN,NaN,NaN,0,586,500,55.283,47.170,475,44.811
4138,4138,137.933,NaN,NaN,NaN,NaN,NaN,0,586,500,55.283,47.170,475,44.811
4139,4139,137.967,NaN,NaN,NaN,NaN,NaN,0,586,500,55.283,47.170,475,44.811
4140,4140,138.000,NaN,NaN,NaN,NaN,NaN,0,586,500,55.283,47.170,475,44.811
4141,4141,138.033,NaN,NaN,NaN,NaN,NaN,0,586,500,55.283,47.170,475,44.811
4142,4142,138.067,NaN,NaN,NaN,NaN,NaN,0,586,500,55.283,47.170,475,44.811
4143,4143,138.100,NaN,NaN,NaN,NaN,NaN,0,586,500,55.283,47.170,475,44.811
4144,4144,138.133,NaN,NaN,NaN,NaN,NaN,0,586,500,55.283,47.170,475,44.811
4145,4145,138.167,NaN,NaN,NaN,NaN,NaN,0,586,500,55.283,47.170,475,44.811
4146,4146,138.200,NaN,NaN,NaN,NaN,NaN,0,586,500,55.283,47.170,475,44.811
4147,4147,138.233,NaN,NaN,NaN,NaN,NaN,0,586,500,55.283,47.170,475,44.811
4148,4148,138.267,NaN,NaN,NaN,NaN,NaN,0,586,500,55.283,47.170,475,44.811
4149,4149,138.300,NaN,NaN,NaN,NaN,NaN,0,586,500,55.283,47.170,475,44.811
4150,4150,138.333,NaN,NaN,NaN,NaN,NaN,0,586,500,55.283,47.170,475,44.811
4151,4151,138.367,NaN,NaN,NaN,NaN,NaN,0,586,500,55.283,47.170,475,44.811
4152,4152,138.400,NaN,NaN,NaN,NaN,NaN,0,586,500,55.283,47.170,475,44.811
4153,4153,138.433,NaN,NaN,NaN,NaN,NaN,0,586,500,55.283,47.170,475,44.811
4154,4154,138.467,NaN,NaN,NaN,NaN,NaN,0,586,500,55.283,47.170,475,44.811
4155,4155,138.500,NaN,NaN,NaN,NaN,NaN,0,586,500,55.283,47.170,475,44.811
4156,4156,138.533,NaN,NaN,NaN,NaN,NaN,0,586,500,55.283,47.170,475,44.811
4157,4157,138.567,NaN,NaN,NaN,NaN,NaN,0,586,500,55.283,47.170,475,44.811
4158,4158,138.600,NaN,NaN,NaN,NaN,NaN,0,586,500,55.283,47.170,475,44.811
4159,4159,138.633,NaN,NaN,NaN,NaN,NaN,0,586,500,55.283,47.170,475,44.811
4160,4160,138.667,NaN,NaN,NaN,NaN,NaN,0,586,500,55.283,47.170,475,44.811
4161,4161,138.700,NaN,NaN,NaN,NaN,NaN,0,586,500,55.283,47.170,475,44.811
4162,4162,138.733,NaN,NaN,NaN,NaN,NaN,0,586,500,55.283,47.170,475,44.811
4163,4163,138.767,NaN,NaN,NaN,NaN,NaN,0,586,500,55.283,47.170,475,44.811
4164,4164,138.800,NaN,NaN,NaN,NaN,NaN,0,586,500,55.283,47.170,475,44.811
4165,4165,138.833,NaN,NaN,NaN,NaN,NaN,0,586,500,55.283,47.170,475,44.811
4166,4166,138.867,NaN,NaN,NaN,NaN,NaN,0,586,500,55.283,47.170,475,44.811
4167,4167,138.900,NaN,NaN,NaN,NaN,NaN,0,586,500,55.283,47.170,475,44.811
4168,4168,138.933,NaN,NaN,NaN,NaN,NaN,0,586,500,55.283,47.170,475,44.811
4169,4169,138.967,NaN,NaN,NaN,NaN,NaN,0,586,500,55.283,47.170,475,44.811
4170,4170,139.000,NaN,NaN,NaN,NaN,NaN,0,586,500,55.283,47.170,475,44.811
4171,4171,139.033,NaN,NaN,NaN,NaN,NaN,0,586,500,55.283,47.170,475,44.811
4172,4172,139.067,NaN,NaN,NaN,NaN,NaN,0,586,500,55.283,47.170,475,44.811
4173,4173,139.100,NaN,NaN,NaN,NaN,NaN,0,586,500,55.283,47.170,475,44.811
4174,4174,139.133,NaN,NaN,NaN,NaN,NaN,0,586,500,55.283,47.170,475,44.811
4175,4175,139.167,NaN,NaN,NaN,NaN,NaN,0,586,500,55.283,47.170,475,44.811
4176,4176,139.200,NaN,NaN,NaN,NaN,NaN,0,586,500,55.283,47.170,475,44.811
4177,4177,139.233,NaN,NaN,NaN,NaN,NaN,0,586,500,55.283,47.170,475,44.811
4178,4178,139.267,NaN,NaN,NaN,NaN,NaN,0,586,500,55.283,47.170,475,44.811
4179,4179,139.300,NaN,NaN,NaN,NaN,NaN,0,586,500,55.283,47.170,475,44.811
4180,4180,139.333,NaN,NaN,NaN,NaN,NaN,0,586,500,55.283,47.170,475,44.811
4181,4181,139.367,NaN,NaN,NaN,NaN,NaN,0,586,500,55.283,47.170,475,44.811
4182,4182,139.400,NaN,NaN,NaN,NaN,NaN,0,586,500,55.283,47.170,475,44.811
4183,4183,139.433,NaN,NaN,NaN,NaN,NaN,0,586,500,55.283,47.170,475,44.811
4184,4184,139.467,NaN,NaN,NaN,NaN,NaN,0,586,500,55.283,47.170,475,44.811
4185,4185,139.500,NaN,NaN,NaN,NaN,NaN,0,586,500,55.283,47.170,475,44.811
4186,4186,139.533,NaN,NaN,NaN,NaN,NaN,0,586,500,55.283,47.170,475,44.811
4187,4187,139.567,NaN,NaN,NaN,NaN,NaN,0,586,500,55.283,47.170,475,44.811
4188,4188,139.600,NaN,NaN,NaN,NaN,NaN,0,586,500,55.283,47.170,475,44.811
4189,4189,139.633,NaN,NaN,NaN,NaN,NaN,0,586,500,55.283,47.170,475,44.811
4190,4190,139.667,NaN,NaN,NaN,NaN,NaN,0,586,500,55.283,47.170,475,44.811
4191,4191,139.700,NaN,NaN,NaN,NaN,NaN,0,586,500,55.283,47.170,475,44.811
4192,4192,139.733,NaN,NaN,NaN,NaN,NaN,0,586,500,55.283,47.170,475,44.811
4193,4193,139.767,NaN,NaN,NaN,NaN,NaN,0,586,500,55.283,47.170,475,44.811
4194,4194,139.800,NaN,NaN,NaN,NaN,NaN,0,586,500,55.283,47.170,475,44.811
4195,4195,139.833,NaN,NaN,NaN,NaN,NaN,0,586,500,55.283,47.170,475,44.811
4196,4196,139.867,NaN,NaN,NaN,NaN,NaN,0,586,500,55.283,47.170,475,44.811
4197,4197,139.900,NaN,NaN,NaN,NaN,NaN,0,586,500,55.283,47.170,475,44.811
4198,4198,139.933,NaN,NaN,NaN,NaN,NaN,0,586,500,55.283,47.170,475,44.811
4199,4199,139.967,NaN,NaN,NaN,NaN,NaN,0,586,500,55.283,47.170,475,44.811
4200,4200,140.000,NaN,NaN,NaN,NaN,NaN,0,586,500,55.283,47.170,475,44.811
4201,4201,140.033,NaN,NaN,NaN,NaN,NaN,0,586,500,55.283,47.170,475,44.811
4202,4202,140.067,NaN,NaN,NaN,NaN,NaN,0,586,500,55.283,47.170,475,44.811
4203,4203,140.100,NaN,NaN,NaN,NaN,NaN,0,586,500,55.283,47.170,475,44.811
4204,4204,140.133,NaN,NaN,NaN,NaN,NaN,0,586,500,55.283,47.170,475,44.811
4205,4205,140.167,NaN,NaN,NaN,NaN,NaN,0,586,500,55.283,47.170,475,44.811
4206,4206,140.200,NaN,NaN,NaN,NaN,NaN,0,586,500,55.283,47.170,475,44.811
4207,4207,140.233,NaN,NaN,NaN,NaN,NaN,0,586,500,55.283,47.170,475,44.811
4208,4208,140.267,NaN,NaN,NaN,NaN,NaN,0,586,500,55.283,47.170,475,44.811
4209,4209,140.300,NaN,NaN,NaN,NaN,NaN,0,586,500,55.283,47.170,475,44.811
4210,4210,140.333,NaN,NaN,NaN,NaN,NaN,0,586,500,55.283,47.170,475,44.811
4211,4211,140.367,NaN,NaN,NaN,NaN,NaN,0,586,500,55.283,47.170,475,44.811
4212,4212,140.400,NaN,NaN,NaN,NaN,NaN,0,586,500,55.283,47.170,475,44.811
4213,4213,140.433,NaN,NaN,NaN,NaN,NaN,0,586,500,55.283,47.170,475,44.811
4214,4214,140.467,NaN,NaN,NaN,NaN,NaN,0,586,500,55.283,47.170,475,44.811
4215,4215,140.500,NaN,NaN,NaN,NaN,NaN,0,586,500,55.283,47.170,475,44.811
4216,4216,140.533,NaN,NaN,NaN,NaN,NaN,0,586,500,55.283,47.170,475,44.811
4217,4217,140.567,NaN,NaN,NaN,NaN,NaN,0,586,500,55.283,47.170,475,44.811
4218,4218,140.600,NaN,NaN,NaN,NaN,NaN,0,586,500,55.283,47.170,475,44.811
4219,4219,140.633,NaN,NaN,NaN,NaN,NaN,0,586,500,55.283,47.170,475,44.811
4220,4220,140.667,NaN,NaN,NaN,NaN,NaN,0,586,500,55.283,47.170,475,44.811
4221,4221,140.700,NaN,NaN,NaN,NaN,NaN,0,586,500,55.283,47.170,475,44.811
4222,4222,140.733,NaN,NaN,NaN,NaN,NaN,0,586,500,55.283,47.170,475,44.811
4223,4223,140.767,NaN,NaN,NaN,NaN,NaN,0,586,500,55.283,47.170,475,44.811
4224,4224,140.800,NaN,NaN,NaN,NaN,NaN,0,586,500,55.283,47.170,475,44.811
4225,4225,140.833,NaN,NaN,NaN,NaN,NaN,0,586,500,55.283,47.170,475,44.811
4226,4226,140.867,NaN,NaN,NaN,NaN,NaN,0,586,500,55.283,47.170,475,44.811
4227,4227,140.900,NaN,NaN,NaN,NaN,NaN,0,586,500,55.283,47.170,475,44.811
4228,4228,140.933,NaN,NaN,NaN,NaN,NaN,0,586,500,55.283,47.170,475,44.811
4229,4229,140.967,NaN,NaN,NaN,NaN,NaN,0,586,500,55.283,47.170,475,44.811
4230,4230,141.000,NaN,NaN,NaN,NaN,NaN,0,586,500,55.283,47.170,475,44.811
4231,4231,141.033,NaN,NaN,NaN,NaN,NaN,0,586,500,55.283,47.170,475,44.811
4232,4232,141.067,NaN,NaN,NaN,NaN,NaN,0,586,500,55.283,47.170,475,44.811
4233,4233,141.100,NaN,NaN,NaN,NaN,NaN,0,586,500,55.283,47.170,475,44.811
4234,4234,141.133,NaN,NaN,NaN,NaN,NaN,0,586,500,55.283,47.170,475,44.811
4235,4235,141.167,NaN,NaN,NaN,NaN,NaN,0,586,500,55.283,47.170,475,44.811
4236,4236,141.200,NaN,NaN,NaN,NaN,NaN,0,586,500,55.283,47.170,475,44.811
4237,4237,141.233,NaN,NaN,NaN,NaN,NaN,0,586,500,55.283,47.170,475,44.811
4238,4238,141.267,NaN,NaN,NaN,NaN,NaN,0,586,500,55.283,47.170,475,44.811
4239,4239,141.300,NaN,NaN,NaN,NaN,NaN,0,586,500,55.283,47.170,475,44.811
4240,4240,141.333,NaN,NaN,NaN,NaN,NaN,0,586,500,55.283,47.170,475,44.811
4241,4241,141.367,NaN,NaN,NaN,NaN,NaN,0,586,500,55.283,47.170,475,44.811
4242,4242,141.400,NaN,NaN,NaN,NaN,NaN,0,586,500,55.283,47.170,475,44.811
4243,4243,141.433,NaN,NaN,NaN,NaN,NaN,0,586,500,55.283,47.170,475,44.811
4244,4244,141.467,NaN,NaN,NaN,NaN,NaN,0,586,500,55.283,47.170,475,44.811
4245,4245,141.500,NaN,NaN,NaN,NaN,NaN,0,586,500,55.283,47.170,475,44.811
4246,4246,141.533,NaN,NaN,NaN,NaN,NaN,0,586,500,55.283,47.170,475,44.811
4247,4247,141.567,NaN,NaN,NaN,NaN,NaN,0,586,500,55.283,47.170,475,44.811
4248,4248,141.600,NaN,NaN,NaN,NaN,NaN,0,586,500,55.283,47.170,475,44.811
4249,4249,141.633,NaN,NaN,NaN,NaN,NaN,0,586,500,55.283,47.170,475,44.811
4250,4250,141.667,NaN,NaN,NaN,NaN,NaN,0,586,500,55.283,47.170,475,44.811
4251,4251,141.700,NaN,NaN,NaN,NaN,NaN,0,586,500,55.283,47.170,475,44.811
4252,4252,141.733,NaN,NaN,NaN,NaN,NaN,0,586,500,55.283,47.170,475,44.811
4253,4253,141.767,NaN,NaN,NaN,NaN,NaN,0,586,500,55.283,47.170,475,44.811
4254,4254,141.800,NaN,NaN,NaN,NaN,NaN,0,586,500,55.283,47.170,475,44.811
4255,4255,141.833,NaN,NaN,NaN,NaN,NaN,0,586,500,55.283,47.170,475,44.811
4256,4256,141.867,NaN,NaN,NaN,NaN,NaN,0,586,500,55.283,47.170,475,44.811
4257,4257,141.900,NaN,NaN,NaN,NaN,NaN,0,586,500,55.283,47.170,475,44.811
4258,4258,141.933,NaN,NaN,NaN,NaN,NaN,0,586,500,55.283,47.170,475,44.811
4259,4259,141.967,NaN,NaN,NaN,NaN,NaN,0,586,500,55.283,47.170,475,44.811
4260,4260,142.000,NaN,NaN,NaN,NaN,NaN,0,586,500,55.283,47.170,475,44.811
4261,4261,142.033,NaN,NaN,NaN,NaN,NaN,0,586,500,55.283,47.170,475,44.811
4262,4262,142.067,NaN,NaN,NaN,NaN,NaN,0,586,500,55.283,47.170,475,44.811
4263,4263,142.100,NaN,NaN,NaN,NaN,NaN,0,586,500,55.283,47.170,475,44.811
4264,4264,142.133,NaN,NaN,NaN,NaN,NaN,0,586,500,55.283,47.170,475,44.811
4265,4265,142.167,NaN,NaN,NaN,NaN,NaN,0,586,500,55.283,47.170,475,44.811
4266,4266,142.200,NaN,NaN,NaN,NaN,NaN,0,586,500,55.283,47.170,475,44.811
4267,4267,142.233,NaN,NaN,NaN,NaN,NaN,0,586,500,55.283,47.170,475,44.811
4268,4268,142.267,NaN,NaN,NaN,NaN,NaN,0,586,500,55.283,47.170,475,44.811
4269,4269,142.300,NaN,NaN,NaN,NaN,NaN,0,586,500,55.283,47.170,475,44.811
4270,4270,142.333,NaN,NaN,NaN,NaN,NaN,0,586,500,55.283,47.170,475,44.811
4271,4271,142.367,NaN,NaN,NaN,NaN,NaN,0,586,500,55.283,47.170,475,44.811
4272,4272,142.400,NaN,NaN,NaN,NaN,NaN,0,586,500,55.283,47.170,475,44.811
4273,4273,142.433,NaN,NaN,NaN,NaN,NaN,0,586,500,55.283,47.170,475,44.811
4274,4274,142.467,NaN,NaN,NaN,NaN,NaN,0,586,500,55.283,47.170,475,44.811
4275,4275,142.500,NaN,NaN,NaN,NaN,NaN,0,586,500,55.283,47.170,475,44.811
4276,4276,142.533,NaN,NaN,NaN,NaN,NaN,0,586,500,55.283,47.170,475,44.811
4277,4277,142.567,NaN,NaN,NaN,NaN,NaN,0,586,500,55.283,47.170,475,44.811
4278,4278,142.600,NaN,NaN,NaN,NaN,NaN,0,586,500,55.283,47.170,475,44.811
4279,4279,142.633,NaN,NaN,NaN,NaN,NaN,0,586,500,55.283,47.170,475,44.811
4280,4280,142.667,NaN,NaN,NaN,NaN,NaN,0,586,500,55.283,47.170,475,44.811
4281,4281,142.700,NaN,NaN,NaN,NaN,NaN,0,586,500,55.283,47.170,475,44.811
4282,4282,142.733,NaN,NaN,NaN,NaN,NaN,0,586,500,55.283,47.170,475,44.811
4283,4283,142.767,NaN,NaN,NaN,NaN,NaN,0,586,500,55.283,47.170,475,44.811
4284,4284,142.800,NaN,NaN,NaN,NaN,NaN,0,586,500,55.283,47.170,475,44.811
4285,4285,142.833,NaN,NaN,NaN,NaN,NaN,0,586,500,55.283,47.170,475,44.811
4286,4286,142.867,NaN,NaN,NaN,NaN,NaN,0,586,500,55.283,47.170,475,44.811
4287,4287,142.900,NaN,NaN,NaN,NaN,NaN,0,586,500,55.283,47.170,475,44.811
4288,4288,142.933,NaN,NaN,NaN,NaN,NaN,0,586,500,55.283,47.170,475,44.811
4289,4289,142.967,NaN,NaN,NaN,NaN,NaN,0,586,500,55.283,47.170,475,44.811
4290,4290,143.000,NaN,NaN,NaN,NaN,NaN,0,586,500,55.283,47.170,475,44.811
4291,4291,143.033,NaN,NaN,NaN,NaN,NaN,0,586,500,55.283,47.170,475,44.811
4292,4292,143.067,NaN,NaN,NaN,NaN,NaN,0,586,500,55.283,47.170,475,44.811
4293,4293,143.100,NaN,NaN,NaN,NaN,NaN,0,586,500,55.283,47.170,475,44.811
4294,4294,143.133,NaN,NaN,NaN,NaN,NaN,0,586,500,55.283,47.170,475,44.811
4295,4295,143.167,NaN,NaN,NaN,NaN,NaN,0,586,500,55.283,47.170,475,44.811
4296,4296,143.200,NaN,NaN,NaN,NaN,NaN,0,586,500,55.283,47.170,475,44.811
4297,4297,143.233,NaN,NaN,NaN,NaN,NaN,0,586,500,55.283,47.170,475,44.811
4298,4298,143.267,NaN,NaN,NaN,NaN,NaN,0,586,500,55.283,47.170,475,44.811
4299,4299,143.300,NaN,NaN,NaN,NaN,NaN,0,586,500,55.283,47.170,475,44.811
4300,4300,143.333,NaN,NaN,NaN,NaN,NaN,0,586,500,55.283,47.170,475,44.811
4301,4301,143.367,NaN,NaN,NaN,NaN,NaN,0,586,500,55.283,47.170,475,44.811
4302,4302,143.400,NaN,NaN,NaN,NaN,NaN,0,586,500,55.283,47.170,475,44.811
4303,4303,143.433,NaN,NaN,NaN,NaN,NaN,0,586,500,55.283,47.170,475,44.811
4304,4304,143.467,NaN,NaN,NaN,NaN,NaN,0,586,500,55.283,47.170,475,44.811
4305,4305,143.500,NaN,NaN,NaN,NaN,NaN,0,586,500,55.283,47.170,475,44.811
4306,4306,143.533,NaN,NaN,NaN,NaN,NaN,0,586,500,55.283,47.170,475,44.811
4307,4307,143.567,NaN,NaN,NaN,NaN,NaN,0,586,500,55.283,47.170,475,44.811
4308,4308,143.600,NaN,NaN,NaN,NaN,NaN,0,586,500,55.283,47.170,475,44.811
4309,4309,143.633,NaN,NaN,NaN,NaN,NaN,0,586,500,55.283,47.170,475,44.811
4310,4310,143.667,NaN,NaN,NaN,NaN,NaN,0,586,500,55.283,47.170,475,44.811
4311,4311,143.700,NaN,NaN,NaN,NaN,NaN,0,586,500,55.283,47.170,475,44.811
4312,4312,143.733,NaN,NaN,NaN,NaN,NaN,0,586,500,55.283,47.170,475,44.811
4313,4313,143.767,NaN,NaN,NaN,NaN,NaN,0,586,500,55.283,47.170,475,44.811
4314,4314,143.800,NaN,NaN,NaN,NaN,NaN,0,586,500,55.283,47.170,475,44.811
4315,4315,143.833,NaN,NaN,NaN,NaN,NaN,0,586,500,55.283,47.170,475,44.811
4316,4316,143.867,NaN,NaN,NaN,NaN,NaN,0,586,500,55.283,47.170,475,44.811
4317,4317,143.900,NaN,NaN,NaN,NaN,NaN,0,586,500,55.283,47.170,475,44.811
4318,4318,143.933,NaN,NaN,NaN,NaN,NaN,0,586,500,55.283,47.170,475,44.811
4319,4319,143.967,NaN,NaN,NaN,NaN,NaN,0,586,500,55.283,47.170,475,44.811
4320,4320,144.000,NaN,NaN,NaN,NaN,NaN,0,586,500,55.283,47.170,475,44.811
4321,4321,144.033,NaN,NaN,NaN,NaN,NaN,0,586,500,55.283,47.170,475,44.811
4322,4322,144.067,NaN,NaN,NaN,NaN,NaN,0,586,500,55.283,47.170,475,44.811
4323,4323,144.100,NaN,NaN,NaN,NaN,NaN,0,586,500,55.283,47.170,475,44.811
4324,4324,144.133,NaN,NaN,NaN,NaN,NaN,0,586,500,55.283,47.170,475,44.811
4325,4325,144.167,NaN,NaN,NaN,NaN,NaN,0,586,500,55.283,47.170,475,44.811
4326,4326,144.200,NaN,NaN,NaN,NaN,NaN,0,586,500,55.283,47.170,475,44.811
4327,4327,144.233,NaN,NaN,NaN,NaN,NaN,0,586,500,55.283,47.170,475,44.811
4328,4328,144.267,NaN,NaN,NaN,NaN,NaN,0,586,500,55.283,47.170,475,44.811
4329,4329,144.300,NaN,NaN,NaN,NaN,NaN,0,586,500,55.283,47.170,475,44.811
4330,4330,144.333,NaN,NaN,NaN,NaN,NaN,0,586,500,55.283,47.170,475,44.811
4331,4331,144.367,NaN,NaN,NaN,NaN,NaN,0,586,500,55.283,47.170,475,44.811
4332,4332,144.400,NaN,NaN,NaN,NaN,NaN,0,586,500,55.283,47.170,475,44.811
4333,4333,144.433,NaN,NaN,NaN,NaN,NaN,0,586,500,55.283,47.170,475,44.811
4334,4334,144.467,NaN,NaN,NaN,NaN,NaN,0,586,500,55.283,47.170,475,44.811
4335,4335,144.500,NaN,NaN,NaN,NaN,NaN,0,586,500,55.283,47.170,475,44.811
4336,4336,144.533,NaN,NaN,NaN,NaN,NaN,0,586,500,55.283,47.170,475,44.811
4337,4337,144.567,NaN,NaN,NaN,NaN,NaN,0,586,500,55.283,47.170,475,44.811
4338,4338,144.600,NaN,NaN,NaN,NaN,NaN,0,586,500,55.283,47.170,475,44.811
4339,4339,144.633,NaN,NaN,NaN,NaN,NaN,0,586,500,55.283,47.170,475,44.811
4340,4340,144.667,NaN,NaN,NaN,NaN,NaN,0,586,500,55.283,47.170,475,44.811
4341,4341,144.700,NaN,NaN,NaN,NaN,NaN,0,586,500,55.283,47.170,475,44.811
4342,4342,144.733,NaN,NaN,NaN,NaN,NaN,0,586,500,55.283,47.170,475,44.811
4343,4343,144.767,NaN,NaN,NaN,NaN,NaN,0,586,500,55.283,47.170,475,44.811
4344,4344,144.800,NaN,NaN,NaN,NaN,NaN,0,586,500,55.283,47.170,475,44.811
4345,4345,144.833,NaN,NaN,NaN,NaN,NaN,0,586,500,55.283,47.170,475,44.811
4346,4346,144.867,NaN,NaN,NaN,NaN,NaN,0,586,500,55.283,47.170,475,44.811
4347,4347,144.900,NaN,NaN,NaN,NaN,NaN,0,586,500,55.283,47.170,475,44.811
4348,4348,144.933,NaN,NaN,NaN,NaN,NaN,0,586,500,55.283,47.170,475,44.811
4349,4349,144.967,NaN,NaN,NaN,NaN,NaN,0,586,500,55.283,47.170,475,44.811
4350,4350,145.000,NaN,NaN,NaN,NaN,NaN,0,586,500,55.283,47.170,475,44.811
4351,4351,145.033,NaN,NaN,NaN,NaN,NaN,0,586,500,55.283,47.170,475,44.811
4352,4352,145.067,NaN,NaN,NaN,NaN,NaN,0,586,500,55.283,47.170,475,44.811
4353,4353,145.100,NaN,NaN,NaN,NaN,NaN,0,586,500,55.283,47.170,475,44.811
4354,4354,145.133,NaN,NaN,NaN,NaN,NaN,0,586,500,55.283,47.170,475,44.811
4355,4355,145.167,NaN,NaN,NaN,NaN,NaN,0,586,500,55.283,47.170,475,44.811
4356,4356,145.200,NaN,NaN,NaN,NaN,NaN,0,586,500,55.283,47.170,475,44.811
4357,4357,145.233,NaN,NaN,NaN,NaN,NaN,0,586,500,55.283,47.170,475,44.811
4358,4358,145.267,NaN,NaN,NaN,NaN,NaN,0,586,500,55.283,47.170,475,44.811
4359,4359,145.300,NaN,NaN,NaN,NaN,NaN,0,586,500,55.283,47.170,475,44.811
4360,4360,145.333,NaN,NaN,NaN,NaN,NaN,0,586,500,55.283,47.170,475,44.811
4361,4361,145.367,NaN,NaN,NaN,NaN,NaN,0,586,500,55.283,47.170,475,44.811
4362,4362,145.400,NaN,NaN,NaN,NaN,NaN,0,586,500,55.283,47.170,475,44.811
4363,4363,145.433,NaN,NaN,NaN,NaN,NaN,0,586,500,55.283,47.170,475,44.811
4364,4364,145.467,NaN,NaN,NaN,NaN,NaN,0,586,500,55.283,47.170,475,44.811
4365,4365,145.500,NaN,NaN,NaN,NaN,NaN,0,586,500,55.283,47.170,475,44.811
4366,4366,145.533,NaN,NaN,NaN,NaN,NaN,0,586,500,55.283,47.170,475,44.811
4367,4367,145.567,NaN,NaN,NaN,NaN,NaN,0,586,500,55.283,47.170,475,44.811
4368,4368,145.600,NaN,NaN,NaN,NaN,NaN,0,586,500,55.283,47.170,475,44.811
4369,4369,145.633,NaN,NaN,NaN,NaN,NaN,0,586,500,55.283,47.170,475,44.811
4370,4370,145.667,NaN,NaN,NaN,NaN,NaN,0,586,500,55.283,47.170,475,44.811
4371,4371,145.700,NaN,NaN,NaN,NaN,NaN,0,586,500,55.283,47.170,475,44.811
4372,4372,145.733,NaN,NaN,NaN,NaN,NaN,0,586,500,55.283,47.170,475,44.811
4373,4373,145.767,NaN,NaN,NaN,NaN,NaN,0,586,500,55.283,47.170,475,44.811
4374,4374,145.800,NaN,NaN,NaN,NaN,NaN,0,586,500,55.283,47.170,475,44.811
4375,4375,145.833,NaN,NaN,NaN,NaN,NaN,0,586,500,55.283,47.170,475,44.811
4376,4376,145.867,NaN,NaN,NaN,NaN,NaN,0,586,500,55.283,47.170,475,44.811
4377,4377,145.900,NaN,NaN,NaN,NaN,NaN,0,586,500,55.283,47.170,475,44.811
4378,4378,145.933,NaN,NaN,NaN,NaN,NaN,0,586,500,55.283,47.170,475,44.811
4379,4379,145.967,NaN,NaN,NaN,NaN,NaN,0,586,500,55.283,47.170,475,44.811
4380,4380,146.000,NaN,NaN,NaN,NaN,NaN,0,586,500,55.283,47.170,475,44.811
4381,4381,146.033,NaN,NaN,NaN,NaN,NaN,0,586,500,55.283,47.170,475,44.811
4382,4382,146.067,NaN,NaN,NaN,NaN,NaN,0,586,500,55.283,47.170,475,44.811
4383,4383,146.100,NaN,NaN,NaN,NaN,NaN,0,586,500,55.283,47.170,475,44.811
4384,4384,146.133,NaN,NaN,NaN,NaN,NaN,0,586,500,55.283,47.170,475,44.811
4385,4385,146.167,NaN,NaN,NaN,NaN,NaN,0,586,500,55.283,47.170,475,44.811
4386,4386,146.200,NaN,NaN,NaN,NaN,NaN,0,586,500,55.283,47.170,475,44.811
4387,4387,146.233,NaN,NaN,NaN,NaN,NaN,0,586,500,55.283,47.170,475,44.811
4388,4388,146.267,NaN,NaN,NaN,NaN,NaN,0,586,500,55.283,47.170,475,44.811
4389,4389,146.300,NaN,NaN,NaN,NaN,NaN,0,586,500,55.283,47.170,475,44.811
4390,4390,146.333,NaN,NaN,NaN,NaN,NaN,0,586,500,55.283,47.170,475,44.811
4391,4391,146.367,NaN,NaN,NaN,NaN,NaN,0,586,500,55.283,47.170,475,44.811
4392,4392,146.400,NaN,NaN,NaN,NaN,NaN,0,586,500,55.283,47.170,475,44.811
4393,4393,146.433,NaN,NaN,NaN,NaN,NaN,0,586,500,55.283,47.170,475,44.811
4394,4394,146.467,NaN,NaN,NaN,NaN,NaN,0,586,500,55.283,47.170,475,44.811
4395,4395,146.500,NaN,NaN,NaN,NaN,NaN,0,586,500,55.283,47.170,475,44.811
4396,4396,146.533,NaN,NaN,NaN,NaN,NaN,0,586,500,55.283,47.170,475,44.811
4397,4397,146.567,NaN,NaN,NaN,NaN,NaN,0,586,500,55.283,47.170,475,44.811
4398,4398,146.600,NaN,NaN,NaN,NaN,NaN,0,586,500,55.283,47.170,475,44.811
4399,4399,146.633,NaN,NaN,NaN,NaN,NaN,0,586,500,55.283,47.170,475,44.811
4400,4400,146.667,NaN,NaN,NaN,NaN,NaN,0,586,500,55.283,47.170,475,44.811
4401,4401,146.700,NaN,NaN,NaN,NaN,NaN,0,586,500,55.283,47.170,475,44.811
4402,4402,146.733,NaN,NaN,NaN,NaN,NaN,0,586,500,55.283,47.170,475,44.811
4403,4403,146.767,NaN,NaN,NaN,NaN,NaN,0,586,500,55.283,47.170,475,44.811
4404,4404,146.800,NaN,NaN,NaN,NaN,NaN,0,586,500,55.283,47.170,475,44.811
4405,4405,146.833,NaN,NaN,NaN,NaN,NaN,0,586,500,55.283,47.170,475,44.811
4406,4406,146.867,NaN,NaN,NaN,NaN,NaN,0,586,500,55.283,47.170,475,44.811
4407,4407,146.900,NaN,NaN,NaN,NaN,NaN,0,586,500,55.283,47.170,475,44.811
4408,4408,146.933,NaN,NaN,NaN,NaN,NaN,0,586,500,55.283,47.170,475,44.811
4409,4409,146.967,NaN,NaN,NaN,NaN,NaN,0,586,500,55.283,47.170,475,44.811
4410,4410,147.000,NaN,NaN,NaN,NaN,NaN,0,586,500,55.283,47.170,475,44.811
4411,4411,147.033,NaN,NaN,NaN,NaN,NaN,0,586,500,55.283,47.170,475,44.811
4412,4412,147.067,NaN,NaN,NaN,NaN,NaN,0,586,500,55.283,47.170,475,44.811
4413,4413,147.100,NaN,NaN,NaN,NaN,NaN,0,586,500,55.283,47.170,475,44.811
4414,4414,147.133,NaN,NaN,NaN,NaN,NaN,0,586,500,55.283,47.170,475,44.811
4415,4415,147.167,NaN,NaN,NaN,NaN,NaN,0,586,500,55.283,47.170,475,44.811
4416,4416,147.200,NaN,NaN,NaN,NaN,NaN,0,586,500,55.283,47.170,475,44.811
4417,4417,147.233,NaN,NaN,NaN,NaN,NaN,0,586,500,55.283,47.170,475,44.811
4418,4418,147.267,NaN,NaN,NaN,NaN,NaN,0,586,500,55.283,47.170,475,44.811
4419,4419,147.300,NaN,NaN,NaN,NaN,NaN,0,586,500,55.283,47.170,475,44.811
4420,4420,147.333,NaN,NaN,NaN,NaN,NaN,0,586,500,55.283,47.170,475,44.811
4421,4421,147.367,NaN,NaN,NaN,NaN,NaN,0,586,500,55.283,47.170,475,44.811
4422,4422,147.400,NaN,NaN,NaN,NaN,NaN,0,586,500,55.283,47.170,475,44.811
4423,4423,147.433,NaN,NaN,NaN,NaN,NaN,0,586,500,55.283,47.170,475,44.811
4424,4424,147.467,NaN,NaN,NaN,NaN,NaN,0,586,500,55.283,47.170,475,44.811
4425,4425,147.500,NaN,NaN,NaN,NaN,NaN,0,586,500,55.283,47.170,475,44.811
4426,4426,147.533,NaN,NaN,NaN,NaN,NaN,0,586,500,55.283,47.170,475,44.811
4427,4427,147.567,NaN,NaN,NaN,NaN,NaN,0,586,500,55.283,47.170,475,44.811
4428,4428,147.600,NaN,NaN,NaN,NaN,NaN,0,586,500,55.283,47.170,475,44.811
4429,4429,147.633,NaN,NaN,NaN,NaN,NaN,0,586,500,55.283,47.170,475,44.811
4430,4430,147.667,NaN,NaN,NaN,NaN,NaN,0,586,500,55.283,47.170,475,44.811
4431,4431,147.700,NaN,NaN,NaN,NaN,NaN,0,586,500,55.283,47.170,475,44.811
4432,4432,147.733,NaN,NaN,NaN,NaN,NaN,0,586,500,55.283,47.170,475,44.811
4433,4433,147.767,NaN,NaN,NaN,NaN,NaN,0,586,500,55.283,47.170,475,44.811
4434,4434,147.800,NaN,NaN,NaN,NaN,NaN,0,586,500,55.283,47.170,475,44.811
4435,4435,147.833,NaN,NaN,NaN,NaN,NaN,0,586,500,55.283,47.170,475,44.811
4436,4436,147.867,NaN,NaN,NaN,NaN,NaN,0,586,500,55.283,47.170,475,44.811
4437,4437,147.900,NaN,NaN,NaN,NaN,NaN,0,586,500,55.283,47.170,475,44.811
4438,4438,147.933,NaN,NaN,NaN,NaN,NaN,0,586,500,55.283,47.170,475,44.811
4439,4439,147.967,NaN,NaN,NaN,NaN,NaN,0,586,500,55.283,47.170,475,44.811
4440,4440,148.000,NaN,NaN,NaN,NaN,NaN,0,586,500,55.283,47.170,475,44.811
4441,4441,148.033,NaN,NaN,NaN,NaN,NaN,0,586,500,55.283,47.170,475,44.811
4442,4442,148.067,NaN,NaN,NaN,NaN,NaN,0,586,500,55.283,47.170,475,44.811
4443,4443,148.100,NaN,NaN,NaN,NaN,NaN,0,586,500,55.283,47.170,475,44.811
4444,4444,148.133,NaN,NaN,NaN,NaN,NaN,0,586,500,55.283,47.170,475,44.811
4445,4445,148.167,NaN,NaN,NaN,NaN,NaN,0,586,500,55.283,47.170,475,44.811
4446,4446,148.200,NaN,NaN,NaN,NaN,NaN,0,586,500,55.283,47.170,475,44.811
4447,4447,148.233,NaN,NaN,NaN,NaN,NaN,0,586,500,55.283,47.170,475,44.811
4448,4448,148.267,NaN,NaN,NaN,NaN,NaN,0,586,500,55.283,47.170,475,44.811
4449,4449,148.300,NaN,NaN,NaN,NaN,NaN,0,586,500,55.283,47.170,475,44.811
4450,4450,148.333,NaN,NaN,NaN,NaN,NaN,0,586,500,55.283,47.170,475,44.811
4451,4451,148.367,NaN,NaN,NaN,NaN,NaN,0,586,500,55.283,47.170,475,44.811
4452,4452,148.400,NaN,NaN,NaN,NaN,NaN,0,586,500,55.283,47.170,475,44.811
4453,4453,148.433,NaN,NaN,NaN,NaN,NaN,0,586,500,55.283,47.170,475,44.811
4454,4454,148.467,NaN,NaN,NaN,NaN,NaN,0,586,500,55.283,47.170,475,44.811
4455,4455,148.500,NaN,NaN,NaN,NaN,NaN,0,586,500,55.283,47.170,475,44.811
4456,4456,148.533,NaN,NaN,NaN,NaN,NaN,0,586,500,55.283,47.170,475,44.811
4457,4457,148.567,NaN,NaN,NaN,NaN,NaN,0,586,500,55.283,47.170,475,44.811
4458,4458,148.600,NaN,NaN,NaN,NaN,NaN,0,586,500,55.283,47.170,475,44.811
4459,4459,148.633,NaN,NaN,NaN,NaN,NaN,0,586,500,55.283,47.170,475,44.811
4460,4460,148.667,NaN,NaN,NaN,NaN,NaN,0,586,500,55.283,47.170,475,44.811
4461,4461,148.700,NaN,NaN,NaN,NaN,NaN,0,586,500,55.283,47.170,475,44.811
4462,4462,148.733,NaN,NaN,NaN,NaN,NaN,0,586,500,55.283,47.170,475,44.811
4463,4463,148.767,NaN,NaN,NaN,NaN,NaN,0,586,500,55.283,47.170,475,44.811
4464,4464,148.800,NaN,NaN,NaN,NaN,NaN,0,586,500,55.283,47.170,475,44.811
4465,4465,148.833,NaN,NaN,NaN,NaN,NaN,0,586,500,55.283,47.170,475,44.811
4466,4466,148.867,NaN,NaN,NaN,NaN,NaN,0,586,500,55.283,47.170,475,44.811
4467,4467,148.900,NaN,NaN,NaN,NaN,NaN,0,586,500,55.283,47.170,475,44.811
4468,4468,148.933,NaN,NaN,NaN,NaN,NaN,0,586,500,55.283,47.170,475,44.811
4469,4469,148.967,NaN,NaN,NaN,NaN,NaN,0,586,500,55.283,47.170,475,44.811
4470,4470,149.000,NaN,NaN,NaN,NaN,NaN,0,586,500,55.283,47.170,475,44.811
4471,4471,149.033,NaN,NaN,NaN,NaN,NaN,0,586,500,55.283,47.170,475,44.811
4472,4472,149.067,NaN,NaN,NaN,NaN,NaN,0,586,500,55.283,47.170,475,44.811
4473,4473,149.100,NaN,NaN,NaN,NaN,NaN,0,586,500,55.283,47.170,475,44.811
4474,4474,149.133,NaN,NaN,NaN,NaN,NaN,0,586,500,55.283,47.170,475,44.811
4475,4475,149.167,NaN,NaN,NaN,NaN,NaN,0,586,500,55.283,47.170,475,44.811
4476,4476,149.200,NaN,NaN,NaN,NaN,NaN,0,586,500,55.283,47.170,475,44.811
4477,4477,149.233,NaN,NaN,NaN,NaN,NaN,0,586,500,55.283,47.170,475,44.811
4478,4478,149.267,NaN,NaN,NaN,NaN,NaN,0,586,500,55.283,47.170,475,44.811
4479,4479,149.300,NaN,NaN,NaN,NaN,NaN,0,586,500,55.283,47.170,475,44.811
4480,4480,149.333,NaN,NaN,NaN,NaN,NaN,0,586,500,55.283,47.170,475,44.811
4481,4481,149.367,NaN,NaN,NaN,NaN,NaN,0,586,500,55.283,47.170,475,44.811
4482,4482,149.400,NaN,NaN,NaN,NaN,NaN,0,586,500,55.283,47.170,475,44.811
4483,4483,149.433,NaN,NaN,NaN,NaN,NaN,0,586,500,55.283,47.170,475,44.811
4484,4484,149.467,NaN,NaN,NaN,NaN,NaN,0,586,500,55.283,47.170,475,44.811
4485,4485,149.500,NaN,NaN,NaN,NaN,NaN,0,586,500,55.283,47.170,475,44.811
4486,4486,149.533,NaN,NaN,NaN,NaN,NaN,0,586,500,55.283,47.170,475,44.811
4487,4487,149.567,NaN,NaN,NaN,NaN,NaN,0,586,500,55.283,47.170,475,44.811
4488,4488,149.600,NaN,NaN,NaN,NaN,NaN,0,586,500,55.283,47.170,475,44.811
4489,4489,149.633,NaN,NaN,NaN,NaN,NaN,0,586,500,55.283,47.170,475,44.811
4490,4490,149.667,NaN,NaN,NaN,NaN,NaN,0,586,500,55.283,47.170,475,44.811
4491,4491,149.700,NaN,NaN,NaN,NaN,NaN,0,586,500,55.283,47.170,475,44.811
4492,4492,149.733,NaN,NaN,NaN,NaN,NaN,0,586,500,55.283,47.170,475,44.811
4493,4493,149.767,NaN,NaN,NaN,NaN,NaN,0,586,500,55.283,47.170,475,44.811
4494,4494,149.800,NaN,NaN,NaN,NaN,NaN,0,586,500,55.283,47.170,475,44.811
4495,4495,149.833,NaN,NaN,NaN,NaN,NaN,0,586,500,55.283,47.170,475,44.811
4496,4496,149.867,NaN,NaN,NaN,NaN,NaN,0,586,500,55.283,47.170,475,44.811
4497,4497,149.900,NaN,NaN,NaN,NaN,NaN,0,586,500,55.283,47.170,475,44.811
4498,4498,149.933,NaN,NaN,NaN,NaN,NaN,0,586,500,55.283,47.170,475,44.811
4499,4499,149.967,NaN,NaN,NaN,NaN,NaN,0,586,500,55.283,47.170,475,44.811
4500,4500,150.000,NaN,NaN,NaN,NaN,NaN,0,586,500,55.283,47.170,475,44.811
4501,4501,150.033,NaN,NaN,NaN,NaN,NaN,0,586,500,55.283,47.170,475,44.811
4502,4502,150.067,NaN,NaN,NaN,NaN,NaN,0,586,500,55.283,47.170,475,44.811
4503,4503,150.100,NaN,NaN,NaN,NaN,NaN,0,586,500,55.283,47.170,475,44.811
4504,4504,150.133,NaN,NaN,NaN,NaN,NaN,0,586,500,55.283,47.170,475,44.811
4505,4505,150.167,NaN,NaN,NaN,NaN,NaN,0,586,500,55.283,47.170,475,44.811
4506,4506,150.200,NaN,NaN,NaN,NaN,NaN,0,586,500,55.283,47.170,475,44.811
4507,4507,150.233,NaN,NaN,NaN,NaN,NaN,0,586,500,55.283,47.170,475,44.811
4508,4508,150.267,NaN,NaN,NaN,NaN,NaN,0,586,500,55.283,47.170,475,44.811
4509,4509,150.300,NaN,NaN,NaN,NaN,NaN,0,586,500,55.283,47.170,475,44.811
4510,4510,150.333,NaN,NaN,NaN,NaN,NaN,0,586,500,55.283,47.170,475,44.811
4511,4511,150.367,NaN,NaN,NaN,NaN,NaN,0,586,500,55.283,47.170,475,44.811
4512,4512,150.400,NaN,NaN,NaN,NaN,NaN,0,586,500,55.283,47.170,475,44.811
4513,4513,150.433,NaN,NaN,NaN,NaN,NaN,0,586,500,55.283,47.170,475,44.811
4514,4514,150.467,NaN,NaN,NaN,NaN,NaN,0,586,500,55.283,47.170,475,44.811
4515,4515,150.500,NaN,NaN,NaN,NaN,NaN,0,586,500,55.283,47.170,475,44.811
4516,4516,150.533,NaN,NaN,NaN,NaN,NaN,0,586,500,55.283,47.170,475,44.811
4517,4517,150.567,NaN,NaN,NaN,NaN,NaN,0,586,500,55.283,47.170,475,44.811
4518,4518,150.600,NaN,NaN,NaN,NaN,NaN,0,586,500,55.283,47.170,475,44.811
4519,4519,150.633,NaN,NaN,NaN,NaN,NaN,0,586,500,55.283,47.170,475,44.811
4520,4520,150.667,NaN,NaN,NaN,NaN,NaN,0,586,500,55.283,47.170,475,44.811
4521,4521,150.700,NaN,NaN,NaN,NaN,NaN,0,586,500,55.283,47.170,475,44.811
4522,4522,150.733,NaN,NaN,NaN,NaN,NaN,0,586,500,55.283,47.170,475,44.811
4523,4523,150.767,NaN,NaN,NaN,NaN,NaN,0,586,500,55.283,47.170,475,44.811
4524,4524,150.800,NaN,NaN,NaN,NaN,NaN,0,586,500,55.283,47.170,475,44.811
4525,4525,150.833,NaN,NaN,NaN,NaN,NaN,0,586,500,55.283,47.170,475,44.811
4526,4526,150.867,NaN,NaN,NaN,NaN,NaN,0,586,500,55.283,47.170,475,44.811
4527,4527,150.900,NaN,NaN,NaN,NaN,NaN,0,586,500,55.283,47.170,475,44.811
4528,4528,150.933,NaN,NaN,NaN,NaN,NaN,0,586,500,55.283,47.170,475,44.811
4529,4529,150.967,NaN,NaN,NaN,NaN,NaN,0,586,500,55.283,47.170,475,44.811
4530,4530,151.000,NaN,NaN,NaN,NaN,NaN,0,586,500,55.283,47.170,475,44.811
4531,4531,151.033,NaN,NaN,NaN,NaN,NaN,0,586,500,55.283,47.170,475,44.811
4532,4532,151.067,NaN,NaN,NaN,NaN,NaN,0,586,500,55.283,47.170,475,44.811
4533,4533,151.100,NaN,NaN,NaN,NaN,NaN,0,586,500,55.283,47.170,475,44.811
4534,4534,151.133,NaN,NaN,NaN,NaN,NaN,0,586,500,55.283,47.170,475,44.811
4535,4535,151.167,NaN,NaN,NaN,NaN,NaN,0,586,500,55.283,47.170,475,44.811
4536,4536,151.200,NaN,NaN,NaN,NaN,NaN,0,586,500,55.283,47.170,475,44.811
4537,4537,151.233,NaN,NaN,NaN,NaN,NaN,0,586,500,55.283,47.170,475,44.811
4538,4538,151.267,NaN,NaN,NaN,NaN,NaN,0,586,500,55.283,47.170,475,44.811
4539,4539,151.300,NaN,NaN,NaN,NaN,NaN,0,586,500,55.283,47.170,475,44.811
4540,4540,151.333,NaN,NaN,NaN,NaN,NaN,0,586,500,55.283,47.170,475,44.811
4541,4541,151.367,NaN,NaN,NaN,NaN,NaN,0,586,500,55.283,47.170,475,44.811
4542,4542,151.400,NaN,NaN,NaN,NaN,NaN,0,586,500,55.283,47.170,475,44.811
4543,4543,151.433,NaN,NaN,NaN,NaN,NaN,0,586,500,55.283,47.170,475,44.811
4544,4544,151.467,NaN,NaN,NaN,NaN,NaN,0,586,500,55.283,47.170,475,44.811
4545,4545,151.500,NaN,NaN,NaN,NaN,NaN,0,586,500,55.283,47.170,475,44.811
4546,4546,151.533,NaN,NaN,NaN,NaN,NaN,0,586,500,55.283,47.170,475,44.811
4547,4547,151.567,NaN,NaN,NaN,NaN,NaN,0,586,500,55.283,47.170,475,44.811
4548,4548,151.600,NaN,NaN,NaN,NaN,NaN,0,586,500,55.283,47.170,475,44.811
4549,4549,151.633,NaN,NaN,NaN,NaN,NaN,0,586,500,55.283,47.170,475,44.811
4550,4550,151.667,NaN,NaN,NaN,NaN,NaN,0,586,500,55.283,47.170,475,44.811
4551,4551,151.700,NaN,NaN,NaN,NaN,NaN,0,586,500,55.283,47.170,475,44.811
4552,4552,151.733,NaN,NaN,NaN,NaN,NaN,0,586,500,55.283,47.170,475,44.811
4553,4553,151.767,NaN,NaN,NaN,NaN,NaN,0,586,500,55.283,47.170,475,44.811
4554,4554,151.800,NaN,NaN,NaN,NaN,NaN,0,586,500,55.283,47.170,475,44.811
4555,4555,151.833,NaN,NaN,NaN,NaN,NaN,0,586,500,55.283,47.170,475,44.811
4556,4556,151.867,NaN,NaN,NaN,NaN,NaN,0,586,500,55.283,47.170,475,44.811
4557,4557,151.900,NaN,NaN,NaN,NaN,NaN,0,586,500,55.283,47.170,475,44.811
4558,4558,151.933,NaN,NaN,NaN,NaN,NaN,0,586,500,55.283,47.170,475,44.811
4559,4559,151.967,NaN,NaN,NaN,NaN,NaN,0,586,500,55.283,47.170,475,44.811
4560,4560,152.000,NaN,NaN,NaN,NaN,NaN,0,586,500,55.283,47.170,475,44.811
4561,4561,152.033,NaN,NaN,NaN,NaN,NaN,0,586,500,55.283,47.170,475,44.811
4562,4562,152.067,NaN,NaN,NaN,NaN,NaN,0,586,500,55.283,47.170,475,44.811
4563,4563,152.100,NaN,NaN,NaN,NaN,NaN,0,586,500,55.283,47.170,475,44.811
4564,4564,152.133,NaN,NaN,NaN,NaN,NaN,0,586,500,55.283,47.170,475,44.811
4565,4565,152.167,NaN,NaN,NaN,NaN,NaN,0,586,500,55.283,47.170,475,44.811
4566,4566,152.200,NaN,NaN,NaN,NaN,NaN,0,586,500,55.283,47.170,475,44.811
4567,4567,152.233,NaN,NaN,NaN,NaN,NaN,0,586,500,55.283,47.170,475,44.811
4568,4568,152.267,NaN,NaN,NaN,NaN,NaN,0,586,500,55.283,47.170,475,44.811
4569,4569,152.300,NaN,NaN,NaN,NaN,NaN,0,586,500,55.283,47.170,475,44.811
4570,4570,152.333,NaN,NaN,NaN,NaN,NaN,0,586,500,55.283,47.170,475,44.811
4571,4571,152.367,NaN,NaN,NaN,NaN,NaN,0,586,500,55.283,47.170,475,44.811
4572,4572,152.400,NaN,NaN,NaN,NaN,NaN,0,586,500,55.283,47.170,475,44.811
4573,4573,152.433,NaN,NaN,NaN,NaN,NaN,0,586,500,55.283,47.170,475,44.811
4574,4574,152.467,NaN,NaN,NaN,NaN,NaN,0,586,500,55.283,47.170,475,44.811
4575,4575,152.500,NaN,NaN,NaN,NaN,NaN,0,586,500,55.283,47.170,475,44.811
4576,4576,152.533,NaN,NaN,NaN,NaN,NaN,0,586,500,55.283,47.170,475,44.811
4577,4577,152.567,NaN,NaN,NaN,NaN,NaN,0,586,500,55.283,47.170,475,44.811
4578,4578,152.600,NaN,NaN,NaN,NaN,NaN,0,586,500,55.283,47.170,475,44.811
4579,4579,152.633,NaN,NaN,NaN,NaN,NaN,0,586,500,55.283,47.170,475,44.811
4580,4580,152.667,NaN,NaN,NaN,NaN,NaN,0,586,500,55.283,47.170,475,44.811
4581,4581,152.700,NaN,NaN,NaN,NaN,NaN,0,586,500,55.283,47.170,475,44.811
4582,4582,152.733,NaN,NaN,NaN,NaN,NaN,0,586,500,55.283,47.170,475,44.811
4583,4583,152.767,NaN,NaN,NaN,NaN,NaN,0,586,500,55.283,47.170,475,44.811
4584,4584,152.800,NaN,NaN,NaN,NaN,NaN,0,586,500,55.283,47.170,475,44.811
4585,4585,152.833,NaN,NaN,NaN,NaN,NaN,0,586,500,55.283,47.170,475,44.811
4586,4586,152.867,NaN,NaN,NaN,NaN,NaN,0,586,500,55.283,47.170,475,44.811
4587,4587,152.900,NaN,NaN,NaN,NaN,NaN,0,586,500,55.283,47.170,475,44.811
4588,4588,152.933,NaN,NaN,NaN,NaN,NaN,0,586,500,55.283,47.170,475,44.811
4589,4589,152.967,NaN,NaN,NaN,NaN,NaN,0,586,500,55.283,47.170,475,44.811
4590,4590,153.000,NaN,NaN,NaN,NaN,NaN,0,586,500,55.283,47.170,475,44.811
4591,4591,153.033,NaN,NaN,NaN,NaN,NaN,0,586,500,55.283,47.170,475,44.811
4592,4592,153.067,NaN,NaN,NaN,NaN,NaN,0,586,500,55.283,47.170,475,44.811
4593,4593,153.100,NaN,NaN,NaN,NaN,NaN,0,586,500,55.283,47.170,475,44.811
4594,4594,153.133,NaN,NaN,NaN,NaN,NaN,0,586,500,55.283,47.170,475,44.811
4595,4595,153.167,NaN,NaN,NaN,NaN,NaN,0,586,500,55.283,47.170,475,44.811
4596,4596,153.200,NaN,NaN,NaN,NaN,NaN,0,586,500,55.283,47.170,475,44.811
4597,4597,153.233,NaN,NaN,NaN,NaN,NaN,0,586,500,55.283,47.170,475,44.811
4598,4598,153.267,NaN,NaN,NaN,NaN,NaN,0,586,500,55.283,47.170,475,44.811
4599,4599,153.300,NaN,NaN,NaN,NaN,NaN,0,586,500,55.283,47.170,475,44.811
4600,4600,153.333,NaN,NaN,NaN,NaN,NaN,0,586,500,55.283,47.170,475,44.811
4601,4601,153.367,NaN,NaN,NaN,NaN,NaN,0,586,500,55.283,47.170,475,44.811
4602,4602,153.400,NaN,NaN,NaN,NaN,NaN,0,586,500,55.283,47.170,475,44.811
4603,4603,153.433,NaN,NaN,NaN,NaN,NaN,0,586,500,55.283,47.170,475,44.811
4604,4604,153.467,NaN,NaN,NaN,NaN,NaN,0,586,500,55.283,47.170,475,44.811
4605,4605,153.500,NaN,NaN,NaN,NaN,NaN,0,586,500,55.283,47.170,475,44.811
4606,4606,153.533,NaN,NaN,NaN,NaN,NaN,0,586,500,55.283,47.170,475,44.811
4607,4607,153.567,NaN,NaN,NaN,NaN,NaN,0,586,500,55.283,47.170,475,44.811
4608,4608,153.600,NaN,NaN,NaN,NaN,NaN,0,586,500,55.283,47.170,475,44.811
4609,4609,153.633,NaN,NaN,NaN,NaN,NaN,0,586,500,55.283,47.170,475,44.811
4610,4610,153.667,NaN,NaN,NaN,NaN,NaN,0,586,500,55.283,47.170,475,44.811
4611,4611,153.700,NaN,NaN,NaN,NaN,NaN,0,586,500,55.283,47.170,475,44.811
4612,4612,153.733,NaN,NaN,NaN,NaN,NaN,0,586,500,55.283,47.170,475,44.811
4613,4613,153.767,NaN,NaN,NaN,NaN,NaN,0,586,500,55.283,47.170,475,44.811
4614,4614,153.800,NaN,NaN,NaN,NaN,NaN,0,586,500,55.283,47.170,475,44.811
4615,4615,153.833,NaN,NaN,NaN,NaN,NaN,0,586,500,55.283,47.170,475,44.811
4616,4616,153.867,NaN,NaN,NaN,NaN,NaN,0,586,500,55.283,47.170,475,44.811
4617,4617,153.900,NaN,NaN,NaN,NaN,NaN,0,586,500,55.283,47.170,475,44.811
4618,4618,153.933,NaN,NaN,NaN,NaN,NaN,0,586,500,55.283,47.170,475,44.811
4619,4619,153.967,NaN,NaN,NaN,NaN,NaN,0,586,500,55.283,47.170,475,44.811
4620,4620,154.000,NaN,NaN,NaN,NaN,NaN,0,586,500,55.283,47.170,475,44.811
4621,4621,154.033,NaN,NaN,NaN,NaN,NaN,0,586,500,55.283,47.170,475,44.811
4622,4622,154.067,NaN,NaN,NaN,NaN,NaN,0,586,500,55.283,47.170,475,44.811
4623,4623,154.100,NaN,NaN,NaN,NaN,NaN,0,586,500,55.283,47.170,475,44.811
4624,4624,154.133,NaN,NaN,NaN,NaN,NaN,0,586,500,55.283,47.170,475,44.811
4625,4625,154.167,NaN,NaN,NaN,NaN,NaN,0,586,500,55.283,47.170,475,44.811
4626,4626,154.200,NaN,NaN,NaN,NaN,NaN,0,586,500,55.283,47.170,475,44.811
4627,4627,154.233,NaN,NaN,NaN,NaN,NaN,0,586,500,55.283,47.170,475,44.811
4628,4628,154.267,NaN,NaN,NaN,NaN,NaN,0,586,500,55.283,47.170,475,44.811
4629,4629,154.300,NaN,NaN,NaN,NaN,NaN,0,586,500,55.283,47.170,475,44.811
4630,4630,154.333,NaN,NaN,NaN,NaN,NaN,0,586,500,55.283,47.170,475,44.811
4631,4631,154.367,NaN,NaN,NaN,NaN,NaN,0,586,500,55.283,47.170,475,44.811
4632,4632,154.400,NaN,NaN,NaN,NaN,NaN,0,586,500,55.283,47.170,475,44.811
4633,4633,154.433,NaN,NaN,NaN,NaN,NaN,0,586,500,55.283,47.170,475,44.811
4634,4634,154.467,NaN,NaN,NaN,NaN,NaN,0,586,500,55.283,47.170,475,44.811
4635,4635,154.500,NaN,NaN,NaN,NaN,NaN,0,586,500,55.283,47.170,475,44.811
4636,4636,154.533,NaN,NaN,NaN,NaN,NaN,0,586,500,55.283,47.170,475,44.811
4637,4637,154.567,NaN,NaN,NaN,NaN,NaN,0,586,500,55.283,47.170,475,44.811
4638,4638,154.600,NaN,NaN,NaN,NaN,NaN,0,586,500,55.283,47.170,475,44.811
4639,4639,154.633,NaN,NaN,NaN,NaN,NaN,0,586,500,55.283,47.170,475,44.811
4640,4640,154.667,NaN,NaN,NaN,NaN,NaN,0,586,500,55.283,47.170,475,44.811
4641,4641,154.700,NaN,NaN,NaN,NaN,NaN,0,586,500,55.283,47.170,475,44.811
4642,4642,154.733,NaN,NaN,NaN,NaN,NaN,0,586,500,55.283,47.170,475,44.811
4643,4643,154.767,NaN,NaN,NaN,NaN,NaN,0,586,500,55.283,47.170,475,44.811
4644,4644,154.800,NaN,NaN,NaN,NaN,NaN,0,586,500,55.283,47.170,475,44.811
4645,4645,154.833,NaN,NaN,NaN,NaN,NaN,0,586,500,55.283,47.170,475,44.811
4646,4646,154.867,NaN,NaN,NaN,NaN,NaN,0,586,500,55.283,47.170,475,44.811
4647,4647,154.900,NaN,NaN,NaN,NaN,NaN,0,586,500,55.283,47.170,475,44.811
4648,4648,154.933,NaN,NaN,NaN,NaN,NaN,0,586,500,55.283,47.170,475,44.811
4649,4649,154.967,NaN,NaN,NaN,NaN,NaN,0,586,500,55.283,47.170,475,44.811
4650,4650,155.000,NaN,NaN,NaN,NaN,NaN,0,586,500,55.283,47.170,475,44.811
4651,4651,155.033,NaN,NaN,NaN,NaN,NaN,0,586,500,55.283,47.170,475,44.811
4652,4652,155.067,NaN,NaN,NaN,NaN,NaN,0,586,500,55.283,47.170,475,44.811
4653,4653,155.100,NaN,NaN,NaN,NaN,NaN,0,586,500,55.283,47.170,475,44.811
4654,4654,155.133,NaN,NaN,NaN,NaN,NaN,0,586,500,55.283,47.170,475,44.811
4655,4655,155.167,NaN,NaN,NaN,NaN,NaN,0,586,500,55.283,47.170,475,44.811
4656,4656,155.200,NaN,NaN,NaN,NaN,NaN,0,586,500,55.283,47.170,475,44.811
4657,4657,155.233,NaN,NaN,NaN,NaN,NaN,0,586,500,55.283,47.170,475,44.811
4658,4658,155.267,NaN,NaN,NaN,NaN,NaN,0,586,500,55.283,47.170,475,44.811
4659,4659,155.300,NaN,NaN,NaN,NaN,NaN,0,586,500,55.283,47.170,475,44.811
4660,4660,155.333,NaN,NaN,NaN,NaN,NaN,0,586,500,55.283,47.170,475,44.811
4661,4661,155.367,NaN,NaN,NaN,NaN,NaN,0,586,500,55.283,47.170,475,44.811
4662,4662,155.400,NaN,NaN,NaN,NaN,NaN,0,586,500,55.283,47.170,475,44.811
4663,4663,155.433,NaN,NaN,NaN,NaN,NaN,0,586,500,55.283,47.170,475,44.811
4664,4664,155.467,NaN,NaN,NaN,NaN,NaN,0,586,500,55.283,47.170,475,44.811
4665,4665,155.500,NaN,NaN,NaN,NaN,NaN,0,586,500,55.283,47.170,475,44.811
4666,4666,155.533,NaN,NaN,NaN,NaN,NaN,0,586,500,55.283,47.170,475,44.811
4667,4667,155.567,NaN,NaN,NaN,NaN,NaN,0,586,500,55.283,47.170,475,44.811
4668,4668,155.600,NaN,NaN,NaN,NaN,NaN,0,586,500,55.283,47.170,475,44.811
4669,4669,155.633,NaN,NaN,NaN,NaN,NaN,0,586,500,55.283,47.170,475,44.811
4670,4670,155.667,NaN,NaN,NaN,NaN,NaN,0,586,500,55.283,47.170,475,44.811
4671,4671,155.700,NaN,NaN,NaN,NaN,NaN,0,586,500,55.283,47.170,475,44.811
4672,4672,155.733,NaN,NaN,NaN,NaN,NaN,0,586,500,55.283,47.170,475,44.811
4673,4673,155.767,NaN,NaN,NaN,NaN,NaN,0,586,500,55.283,47.170,475,44.811
4674,4674,155.800,NaN,NaN,NaN,NaN,NaN,0,586,500,55.283,47.170,475,44.811
4675,4675,155.833,NaN,NaN,NaN,NaN,NaN,0,586,500,55.283,47.170,475,44.811
4676,4676,155.867,NaN,NaN,NaN,NaN,NaN,0,586,500,55.283,47.170,475,44.811
4677,4677,155.900,NaN,NaN,NaN,NaN,NaN,0,586,500,55.283,47.170,475,44.811
4678,4678,155.933,NaN,NaN,NaN,NaN,NaN,0,586,500,55.283,47.170,475,44.811
4679,4679,155.967,NaN,NaN,NaN,NaN,NaN,0,586,500,55.283,47.170,475,44.811
4680,4680,156.000,NaN,NaN,NaN,NaN,NaN,0,586,500,55.283,47.170,475,44.811
4681,4681,156.033,NaN,NaN,NaN,NaN,NaN,0,586,500,55.283,47.170,475,44.811
4682,4682,156.067,NaN,NaN,NaN,NaN,NaN,0,586,500,55.283,47.170,475,44.811
4683,4683,156.100,NaN,NaN,NaN,NaN,NaN,0,586,500,55.283,47.170,475,44.811
4684,4684,156.133,NaN,NaN,NaN,NaN,NaN,0,586,500,55.283,47.170,475,44.811
4685,4685,156.167,NaN,NaN,NaN,NaN,NaN,0,586,500,55.283,47.170,475,44.811
4686,4686,156.200,NaN,NaN,NaN,NaN,NaN,0,586,500,55.283,47.170,475,44.811
4687,4687,156.233,NaN,NaN,NaN,NaN,NaN,0,586,500,55.283,47.170,475,44.811
4688,4688,156.267,NaN,NaN,NaN,NaN,NaN,0,586,500,55.283,47.170,475,44.811
4689,4689,156.300,NaN,NaN,NaN,NaN,NaN,0,586,500,55.283,47.170,475,44.811
4690,4690,156.333,NaN,NaN,NaN,NaN,NaN,0,586,500,55.283,47.170,475,44.811
4691,4691,156.367,NaN,NaN,NaN,NaN,NaN,0,586,500,55.283,47.170,475,44.811
4692,4692,156.400,NaN,NaN,NaN,NaN,NaN,0,586,500,55.283,47.170,475,44.811
4693,4693,156.433,NaN,NaN,NaN,NaN,NaN,0,586,500,55.283,47.170,475,44.811
4694,4694,156.467,NaN,NaN,NaN,NaN,NaN,0,586,500,55.283,47.170,475,44.811
4695,4695,156.500,NaN,NaN,NaN,NaN,NaN,0,586,500,55.283,47.170,475,44.811
4696,4696,156.533,NaN,NaN,NaN,NaN,NaN,0,586,500,55.283,47.170,475,44.811
4697,4697,156.567,NaN,NaN,NaN,NaN,NaN,0,586,500,55.283,47.170,475,44.811
4698,4698,156.600,NaN,NaN,NaN,NaN,NaN,0,586,500,55.283,47.170,475,44.811
4699,4699,156.633,NaN,NaN,NaN,NaN,NaN,0,586,500,55.283,47.170,475,44.811
4700,4700,156.667,NaN,NaN,NaN,NaN,NaN,0,586,500,55.283,47.170,475,44.811
4701,4701,156.700,NaN,NaN,NaN,NaN,NaN,0,586,500,55.283,47.170,475,44.811
4702,4702,156.733,NaN,NaN,NaN,NaN,NaN,0,586,500,55.283,47.170,475,44.811
4703,4703,156.767,NaN,NaN,NaN,NaN,NaN,0,586,500,55.283,47.170,475,44.811
4704,4704,156.800,NaN,NaN,NaN,NaN,NaN,0,586,500,55.283,47.170,475,44.811
4705,4705,156.833,NaN,NaN,NaN,NaN,NaN,0,586,500,55.283,47.170,475,44.811
4706,4706,156.867,NaN,NaN,NaN,NaN,NaN,0,586,500,55.283,47.170,475,44.811
4707,4707,156.900,NaN,NaN,NaN,NaN,NaN,0,586,500,55.283,47.170,475,44.811
4708,4708,156.933,NaN,NaN,NaN,NaN,NaN,0,586,500,55.283,47.170,475,44.811
4709,4709,156.967,NaN,NaN,NaN,NaN,NaN,0,586,500,55.283,47.170,475,44.811
4710,4710,157.000,NaN,NaN,NaN,NaN,NaN,0,586,500,55.283,47.170,475,44.811
4711,4711,157.033,NaN,NaN,NaN,NaN,NaN,0,586,500,55.283,47.170,475,44.811
4712,4712,157.067,NaN,NaN,NaN,NaN,NaN,0,586,500,55.283,47.170,475,44.811
4713,4713,157.100,NaN,NaN,NaN,NaN,NaN,0,586,500,55.283,47.170,475,44.811
4714,4714,157.133,NaN,NaN,NaN,NaN,NaN,0,586,500,55.283,47.170,475,44.811
4715,4715,157.167,NaN,NaN,NaN,NaN,NaN,0,586,500,55.283,47.170,475,44.811
4716,4716,157.200,NaN,NaN,NaN,NaN,NaN,0,586,500,55.283,47.170,475,44.811
4717,4717,157.233,NaN,NaN,NaN,NaN,NaN,0,586,500,55.283,47.170,475,44.811
4718,4718,157.267,NaN,NaN,NaN,NaN,NaN,0,586,500,55.283,47.170,475,44.811
4719,4719,157.300,NaN,NaN,NaN,NaN,NaN,0,586,500,55.283,47.170,475,44.811
4720,4720,157.333,NaN,NaN,NaN,NaN,NaN,0,586,500,55.283,47.170,475,44.811
4721,4721,157.367,NaN,NaN,NaN,NaN,NaN,0,586,500,55.283,47.170,475,44.811
4722,4722,157.400,NaN,NaN,NaN,NaN,NaN,0,586,500,55.283,47.170,475,44.811
4723,4723,157.433,NaN,NaN,NaN,NaN,NaN,0,586,500,55.283,47.170,475,44.811
4724,4724,157.467,NaN,NaN,NaN,NaN,NaN,0,586,500,55.283,47.170,475,44.811
4725,4725,157.500,NaN,NaN,NaN,NaN,NaN,0,586,500,55.283,47.170,475,44.811
4726,4726,157.533,NaN,NaN,NaN,NaN,NaN,0,586,500,55.283,47.170,475,44.811
4727,4727,157.567,NaN,NaN,NaN,NaN,NaN,0,586,500,55.283,47.170,475,44.811
4728,4728,157.600,NaN,NaN,NaN,NaN,NaN,0,586,500,55.283,47.170,475,44.811
4729,4729,157.633,NaN,NaN,NaN,NaN,NaN,0,586,500,55.283,47.170,475,44.811
4730,4730,157.667,NaN,NaN,NaN,NaN,NaN,0,586,500,55.283,47.170,475,44.811
4731,4731,157.700,NaN,NaN,NaN,NaN,NaN,0,586,500,55.283,47.170,475,44.811
4732,4732,157.733,NaN,NaN,NaN,NaN,NaN,0,586,500,55.283,47.170,475,44.811
4733,4733,157.767,NaN,NaN,NaN,NaN,NaN,0,586,500,55.283,47.170,475,44.811
4734,4734,157.800,NaN,NaN,NaN,NaN,NaN,0,586,500,55.283,47.170,475,44.811
4735,4735,157.833,NaN,NaN,NaN,NaN,NaN,0,586,500,55.283,47.170,475,44.811
4736,4736,157.867,NaN,NaN,NaN,NaN,NaN,0,586,500,55.283,47.170,475,44.811
4737,4737,157.900,NaN,NaN,NaN,NaN,NaN,0,586,500,55.283,47.170,475,44.811
4738,4738,157.933,NaN,NaN,NaN,NaN,NaN,0,586,500,55.283,47.170,475,44.811
4739,4739,157.967,NaN,NaN,NaN,NaN,NaN,0,586,500,55.283,47.170,475,44.811
4740,4740,158.000,NaN,NaN,NaN,NaN,NaN,0,586,500,55.283,47.170,475,44.811
4741,4741,158.033,NaN,NaN,NaN,NaN,NaN,0,586,500,55.283,47.170,475,44.811
4742,4742,158.067,NaN,NaN,NaN,NaN,NaN,0,586,500,55.283,47.170,475,44.811
4743,4743,158.100,NaN,NaN,NaN,NaN,NaN,0,586,500,55.283,47.170,475,44.811
4744,4744,158.133,NaN,NaN,NaN,NaN,NaN,0,586,500,55.283,47.170,475,44.811
4745,4745,158.167,NaN,NaN,NaN,NaN,NaN,0,586,500,55.283,47.170,475,44.811
4746,4746,158.200,NaN,NaN,NaN,NaN,NaN,0,586,500,55.283,47.170,475,44.811
4747,4747,158.233,NaN,NaN,NaN,NaN,NaN,0,586,500,55.283,47.170,475,44.811
4748,4748,158.267,NaN,NaN,NaN,NaN,NaN,0,586,500,55.283,47.170,475,44.811
4749,4749,158.300,NaN,NaN,NaN,NaN,NaN,0,586,500,55.283,47.170,475,44.811
4750,4750,158.333,NaN,NaN,NaN,NaN,NaN,0,586,500,55.283,47.170,475,44.811
4751,4751,158.367,NaN,NaN,NaN,NaN,NaN,0,586,500,55.283,47.170,475,44.811
4752,4752,158.400,NaN,NaN,NaN,NaN,NaN,0,586,500,55.283,47.170,475,44.811
4753,4753,158.433,NaN,NaN,NaN,NaN,NaN,0,586,500,55.283,47.170,475,44.811
4754,4754,158.467,NaN,NaN,NaN,NaN,NaN,0,586,500,55.283,47.170,475,44.811
4755,4755,158.500,NaN,NaN,NaN,NaN,NaN,0,586,500,55.283,47.170,475,44.811
4756,4756,158.533,NaN,NaN,NaN,NaN,NaN,0,586,500,55.283,47.170,475,44.811
4757,4757,158.567,NaN,NaN,NaN,NaN,NaN,0,586,500,55.283,47.170,475,44.811
4758,4758,158.600,NaN,NaN,NaN,NaN,NaN,0,586,500,55.283,47.170,475,44.811
4759,4759,158.633,NaN,NaN,NaN,NaN,NaN,0,586,500,55.283,47.170,475,44.811
4760,4760,158.667,NaN,NaN,NaN,NaN,NaN,0,586,500,55.283,47.170,475,44.811
4761,4761,158.700,NaN,NaN,NaN,NaN,NaN,0,586,500,55.283,47.170,475,44.811
4762,4762,158.733,NaN,NaN,NaN,NaN,NaN,0,586,500,55.283,47.170,475,44.811
4763,4763,158.767,NaN,NaN,NaN,NaN,NaN,0,586,500,55.283,47.170,475,44.811
4764,4764,158.800,NaN,NaN,NaN,NaN,NaN,0,586,500,55.283,47.170,475,44.811
4765,4765,158.833,NaN,NaN,NaN,NaN,NaN,0,586,500,55.283,47.170,475,44.811
4766,4766,158.867,NaN,NaN,NaN,NaN,NaN,0,586,500,55.283,47.170,475,44.811
4767,4767,158.900,NaN,NaN,NaN,NaN,NaN,0,586,500,55.283,47.170,475,44.811
4768,4768,158.933,NaN,NaN,NaN,NaN,NaN,0,586,500,55.283,47.170,475,44.811
4769,4769,158.967,NaN,NaN,NaN,NaN,NaN,0,586,500,55.283,47.170,475,44.811
4770,4770,159.000,NaN,NaN,NaN,NaN,NaN,0,586,500,55.283,47.170,475,44.811
4771,4771,159.033,NaN,NaN,NaN,NaN,NaN,0,586,500,55.283,47.170,475,44.811
4772,4772,159.067,NaN,NaN,NaN,NaN,NaN,0,586,500,55.283,47.170,475,44.811
4773,4773,159.100,NaN,NaN,NaN,NaN,NaN,0,586,500,55.283,47.170,475,44.811
4774,4774,159.133,NaN,NaN,NaN,NaN,NaN,0,586,500,55.283,47.170,475,44.811
4775,4775,159.167,NaN,NaN,NaN,NaN,NaN,0,586,500,55.283,47.170,475,44.811
4776,4776,159.200,NaN,NaN,NaN,NaN,NaN,0,586,500,55.283,47.170,475,44.811
4777,4777,159.233,NaN,NaN,NaN,NaN,NaN,0,586,500,55.283,47.170,475,44.811
4778,4778,159.267,NaN,NaN,NaN,NaN,NaN,0,586,500,55.283,47.170,475,44.811
4779,4779,159.300,NaN,NaN,NaN,NaN,NaN,0,586,500,55.283,47.170,475,44.811
4780,4780,159.333,NaN,NaN,NaN,NaN,NaN,0,586,500,55.283,47.170,475,44.811
4781,4781,159.367,NaN,NaN,NaN,NaN,NaN,0,586,500,55.283,47.170,475,44.811
4782,4782,159.400,NaN,NaN,NaN,NaN,NaN,0,586,500,55.283,47.170,475,44.811
4783,4783,159.433,NaN,NaN,NaN,NaN,NaN,0,586,500,55.283,47.170,475,44.811
4784,4784,159.467,NaN,NaN,NaN,NaN,NaN,0,586,500,55.283,47.170,475,44.811
4785,4785,159.500,NaN,NaN,NaN,NaN,NaN,0,586,500,55.283,47.170,475,44.811
4786,4786,159.533,NaN,NaN,NaN,NaN,NaN,0,586,500,55.283,47.170,475,44.811
4787,4787,159.567,NaN,NaN,NaN,NaN,NaN,0,586,500,55.283,47.170,475,44.811
4788,4788,159.600,NaN,NaN,NaN,NaN,NaN,0,586,500,55.283,47.170,475,44.811
4789,4789,159.633,NaN,NaN,NaN,NaN,NaN,0,586,500,55.283,47.170,475,44.811
4790,4790,159.667,NaN,NaN,NaN,NaN,NaN,0,586,500,55.283,47.170,475,44.811
4791,4791,159.700,NaN,NaN,NaN,NaN,NaN,0,586,500,55.283,47.170,475,44.811
4792,4792,159.733,NaN,NaN,NaN,NaN,NaN,0,586,500,55.283,47.170,475,44.811
4793,4793,159.767,NaN,NaN,NaN,NaN,NaN,0,586,500,55.283,47.170,475,44.811
4794,4794,159.800,NaN,NaN,NaN,NaN,NaN,0,586,500,55.283,47.170,475,44.811
4795,4795,159.833,NaN,NaN,NaN,NaN,NaN,0,586,500,55.283,47.170,475,44.811
4796,4796,159.867,NaN,NaN,NaN,NaN,NaN,0,586,500,55.283,47.170,475,44.811
4797,4797,159.900,NaN,NaN,NaN,NaN,NaN,0,586,500,55.283,47.170,475,44.811
4798,4798,159.933,NaN,NaN,NaN,NaN,NaN,0,586,500,55.283,47.170,475,44.811
4799,4799,159.967,NaN,NaN,NaN,NaN,NaN,0,586,500,55.283,47.170,475,44.811
4800,4800,160.000,NaN,NaN,NaN,NaN,NaN,0,586,500,55.283,47.170,475,44.811
4801,4801,160.033,NaN,NaN,NaN,NaN,NaN,0,586,500,55.283,47.170,475,44.811
4802,4802,160.067,NaN,NaN,NaN,NaN,NaN,0,586,500,55.283,47.170,475,44.811
4803,4803,160.100,NaN,NaN,NaN,NaN,NaN,0,586,500,55.283,47.170,475,44.811
4804,4804,160.133,NaN,NaN,NaN,NaN,NaN,0,586,500,55.283,47.170,475,44.811
4805,4805,160.167,NaN,NaN,NaN,NaN,NaN,0,586,500,55.283,47.170,475,44.811
4806,4806,160.200,NaN,NaN,NaN,NaN,NaN,0,586,500,55.283,47.170,475,44.811
4807,4807,160.233,NaN,NaN,NaN,NaN,NaN,0,586,500,55.283,47.170,475,44.811
4808,4808,160.267,NaN,NaN,NaN,NaN,NaN,0,586,500,55.283,47.170,475,44.811
4809,4809,160.300,NaN,NaN,NaN,NaN,NaN,0,586,500,55.283,47.170,475,44.811
4810,4810,160.333,NaN,NaN,NaN,NaN,NaN,0,586,500,55.283,47.170,475,44.811
4811,4811,160.367,NaN,NaN,NaN,NaN,NaN,0,586,500,55.283,47.170,475,44.811
4812,4812,160.400,NaN,NaN,NaN,NaN,NaN,0,586,500,55.283,47.170,475,44.811
4813,4813,160.433,NaN,NaN,NaN,NaN,NaN,0,586,500,55.283,47.170,475,44.811
4814,4814,160.467,NaN,NaN,NaN,NaN,NaN,0,586,500,55.283,47.170,475,44.811
4815,4815,160.500,NaN,NaN,NaN,NaN,NaN,0,586,500,55.283,47.170,475,44.811
4816,4816,160.533,NaN,NaN,NaN,NaN,NaN,0,586,500,55.283,47.170,475,44.811
4817,4817,160.567,NaN,NaN,NaN,NaN,NaN,0,586,500,55.283,47.170,475,44.811
4818,4818,160.600,NaN,NaN,NaN,NaN,NaN,0,586,500,55.283,47.170,475,44.811
4819,4819,160.633,NaN,NaN,NaN,NaN,NaN,0,586,500,55.283,47.170,475,44.811
4820,4820,160.667,NaN,NaN,NaN,NaN,NaN,0,586,500,55.283,47.170,475,44.811
4821,4821,160.700,NaN,NaN,NaN,NaN,NaN,0,586,500,55.283,47.170,475,44.811
4822,4822,160.733,NaN,NaN,NaN,NaN,NaN,0,586,500,55.283,47.170,475,44.811
4823,4823,160.767,NaN,NaN,NaN,NaN,NaN,0,586,500,55.283,47.170,475,44.811
4824,4824,160.800,NaN,NaN,NaN,NaN,NaN,0,586,500,55.283,47.170,475,44.811
4825,4825,160.833,NaN,NaN,NaN,NaN,NaN,0,586,500,55.283,47.170,475,44.811
4826,4826,160.867,NaN,NaN,NaN,NaN,NaN,0,586,500,55.283,47.170,475,44.811
4827,4827,160.900,NaN,NaN,NaN,NaN,NaN,0,586,500,55.283,47.170,475,44.811
4828,4828,160.933,NaN,NaN,NaN,NaN,NaN,0,586,500,55.283,47.170,475,44.811
4829,4829,160.967,NaN,NaN,NaN,NaN,NaN,0,586,500,55.283,47.170,475,44.811
4830,4830,161.000,NaN,NaN,NaN,NaN,NaN,0,586,500,55.283,47.170,475,44.811
4831,4831,161.033,NaN,NaN,NaN,NaN,NaN,0,586,500,55.283,47.170,475,44.811
4832,4832,161.067,NaN,NaN,NaN,NaN,NaN,0,586,500,55.283,47.170,475,44.811
4833,4833,161.100,NaN,NaN,NaN,NaN,NaN,0,586,500,55.283,47.170,475,44.811
4834,4834,161.133,NaN,NaN,NaN,NaN,NaN,0,586,500,55.283,47.170,475,44.811
4835,4835,161.167,NaN,NaN,NaN,NaN,NaN,0,586,500,55.283,47.170,475,44.811
4836,4836,161.200,NaN,NaN,NaN,NaN,NaN,0,586,500,55.283,47.170,475,44.811
4837,4837,161.233,NaN,NaN,NaN,NaN,NaN,0,586,500,55.283,47.170,475,44.811
4838,4838,161.267,NaN,NaN,NaN,NaN,NaN,0,586,500,55.283,47.170,475,44.811
4839,4839,161.300,NaN,NaN,NaN,NaN,NaN,0,586,500,55.283,47.170,475,44.811
4840,4840,161.333,NaN,NaN,NaN,NaN,NaN,0,586,500,55.283,47.170,475,44.811
4841,4841,161.367,NaN,NaN,NaN,NaN,NaN,0,586,500,55.283,47.170,475,44.811
4842,4842,161.400,NaN,NaN,NaN,NaN,NaN,0,586,500,55.283,47.170,475,44.811
4843,4843,161.433,NaN,NaN,NaN,NaN,NaN,0,586,500,55.283,47.170,475,44.811
4844,4844,161.467,NaN,NaN,NaN,NaN,NaN,0,586,500,55.283,47.170,475,44.811
4845,4845,161.500,NaN,NaN,NaN,NaN,NaN,0,586,500,55.283,47.170,475,44.811
4846,4846,161.533,NaN,NaN,NaN,NaN,NaN,0,586,500,55.283,47.170,475,44.811
4847,4847,161.567,NaN,NaN,NaN,NaN,NaN,0,586,500,55.283,47.170,475,44.811
4848,4848,161.600,NaN,NaN,NaN,NaN,NaN,0,586,500,55.283,47.170,475,44.811
4849,4849,161.633,NaN,NaN,NaN,NaN,NaN,0,586,500,55.283,47.170,475,44.811
4850,4850,161.667,NaN,NaN,NaN,NaN,NaN,0,586,500,55.283,47.170,475,44.811
4851,4851,161.700,NaN,NaN,NaN,NaN,NaN,0,586,500,55.283,47.170,475,44.811
4852,4852,161.733,NaN,NaN,NaN,NaN,NaN,0,586,500,55.283,47.170,475,44.811
4853,4853,161.767,NaN,NaN,NaN,NaN,NaN,0,586,500,55.283,47.170,475,44.811
4854,4854,161.800,NaN,NaN,NaN,NaN,NaN,0,586,500,55.283,47.170,475,44.811
4855,4855,161.833,NaN,NaN,NaN,NaN,NaN,0,586,500,55.283,47.170,475,44.811
4856,4856,161.867,NaN,NaN,NaN,NaN,NaN,0,586,500,55.283,47.170,475,44.811
4857,4857,161.900,NaN,NaN,NaN,NaN,NaN,0,586,500,55.283,47.170,475,44.811
4858,4858,161.933,NaN,NaN,NaN,NaN,NaN,0,586,500,55.283,47.170,475,44.811
4859,4859,161.967,NaN,NaN,NaN,NaN,NaN,0,586,500,55.283,47.170,475,44.811
4860,4860,162.000,NaN,NaN,NaN,NaN,NaN,0,586,500,55.283,47.170,475,44.811
4861,4861,162.033,NaN,NaN,NaN,NaN,NaN,0,586,500,55.283,47.170,475,44.811
4862,4862,162.067,NaN,NaN,NaN,NaN,NaN,0,586,500,55.283,47.170,475,44.811
4863,4863,162.100,NaN,NaN,NaN,NaN,NaN,0,586,500,55.283,47.170,475,44.811
4864,4864,162.133,NaN,NaN,NaN,NaN,NaN,0,586,500,55.283,47.170,475,44.811
4865,4865,162.167,NaN,NaN,NaN,NaN,NaN,0,586,500,55.283,47.170,475,44.811
4866,4866,162.200,NaN,NaN,NaN,NaN,NaN,0,586,500,55.283,47.170,475,44.811
4867,4867,162.233,NaN,NaN,NaN,NaN,NaN,0,586,500,55.283,47.170,475,44.811
4868,4868,162.267,NaN,NaN,NaN,NaN,NaN,0,586,500,55.283,47.170,475,44.811
4869,4869,162.300,NaN,NaN,NaN,NaN,NaN,0,586,500,55.283,47.170,475,44.811
4870,4870,162.333,NaN,NaN,NaN,NaN,NaN,0,586,500,55.283,47.170,475,44.811
4871,4871,162.367,NaN,NaN,NaN,NaN,NaN,0,586,500,55.283,47.170,475,44.811
4872,4872,162.400,NaN,NaN,NaN,NaN,NaN,0,586,500,55.283,47.170,475,44.811
4873,4873,162.433,NaN,NaN,NaN,NaN,NaN,0,586,500,55.283,47.170,475,44.811
4874,4874,162.467,NaN,NaN,NaN,NaN,NaN,0,586,500,55.283,47.170,475,44.811
4875,4875,162.500,NaN,NaN,NaN,NaN,NaN,0,586,500,55.283,47.170,475,44.811
4876,4876,162.533,NaN,NaN,NaN,NaN,NaN,0,586,500,55.283,47.170,475,44.811
4877,4877,162.567,NaN,NaN,NaN,NaN,NaN,0,586,500,55.283,47.170,475,44.811
4878,4878,162.600,NaN,NaN,NaN,NaN,NaN,0,586,500,55.283,47.170,475,44.811
4879,4879,162.633,NaN,NaN,NaN,NaN,NaN,0,586,500,55.283,47.170,475,44.811
4880,4880,162.667,NaN,NaN,NaN,NaN,NaN,0,586,500,55.283,47.170,475,44.811
4881,4881,162.700,NaN,NaN,NaN,NaN,NaN,0,586,500,55.283,47.170,475,44.811
4882,4882,162.733,NaN,NaN,NaN,NaN,NaN,0,586,500,55.283,47.170,475,44.811
4883,4883,162.767,NaN,NaN,NaN,NaN,NaN,0,586,500,55.283,47.170,475,44.811
4884,4884,162.800,NaN,NaN,NaN,NaN,NaN,0,586,500,55.283,47.170,475,44.811
4885,4885,162.833,NaN,NaN,NaN,NaN,NaN,0,586,500,55.283,47.170,475,44.811
4886,4886,162.867,NaN,NaN,NaN,NaN,NaN,0,586,500,55.283,47.170,475,44.811
4887,4887,162.900,NaN,NaN,NaN,NaN,NaN,0,586,500,55.283,47.170,475,44.811
4888,4888,162.933,NaN,NaN,NaN,NaN,NaN,0,586,500,55.283,47.170,475,44.811
4889,4889,162.967,NaN,NaN,NaN,NaN,NaN,0,586,500,55.283,47.170,475,44.811
4890,4890,163.000,NaN,NaN,NaN,NaN,NaN,0,586,500,55.283,47.170,475,44.811
4891,4891,163.033,NaN,NaN,NaN,NaN,NaN,0,586,500,55.283,47.170,475,44.811
4892,4892,163.067,NaN,NaN,NaN,NaN,NaN,0,586,500,55.283,47.170,475,44.811
4893,4893,163.100,NaN,NaN,NaN,NaN,NaN,0,586,500,55.283,47.170,475,44.811
4894,4894,163.133,NaN,NaN,NaN,NaN,NaN,0,586,500,55.283,47.170,475,44.811
4895,4895,163.167,NaN,NaN,NaN,NaN,NaN,0,586,500,55.283,47.170,475,44.811
4896,4896,163.200,NaN,NaN,NaN,NaN,NaN,0,586,500,55.283,47.170,475,44.811
4897,4897,163.233,NaN,NaN,NaN,NaN,NaN,0,586,500,55.283,47.170,475,44.811
4898,4898,163.267,NaN,NaN,NaN,NaN,NaN,0,586,500,55.283,47.170,475,44.811
4899,4899,163.300,NaN,NaN,NaN,NaN,NaN,0,586,500,55.283,47.170,475,44.811
4900,4900,163.333,NaN,NaN,NaN,NaN,NaN,0,586,500,55.283,47.170,475,44.811
4901,4901,163.367,NaN,NaN,NaN,NaN,NaN,0,586,500,55.283,47.170,475,44.811
4902,4902,163.400,NaN,NaN,NaN,NaN,NaN,0,586,500,55.283,47.170,475,44.811
4903,4903,163.433,NaN,NaN,NaN,NaN,NaN,0,586,500,55.283,47.170,475,44.811
4904,4904,163.467,NaN,NaN,NaN,NaN,NaN,0,586,500,55.283,47.170,475,44.811
4905,4905,163.500,NaN,NaN,NaN,NaN,NaN,0,586,500,55.283,47.170,475,44.811
4906,4906,163.533,NaN,NaN,NaN,NaN,NaN,0,586,500,55.283,47.170,475,44.811
4907,4907,163.567,NaN,NaN,NaN,NaN,NaN,0,586,500,55.283,47.170,475,44.811
4908,4908,163.600,NaN,NaN,NaN,NaN,NaN,0,586,500,55.283,47.170,475,44.811
4909,4909,163.633,NaN,NaN,NaN,NaN,NaN,0,586,500,55.283,47.170,475,44.811
4910,4910,163.667,NaN,NaN,NaN,NaN,NaN,0,586,500,55.283,47.170,475,44.811
4911,4911,163.700,NaN,NaN,NaN,NaN,NaN,0,586,500,55.283,47.170,475,44.811
4912,4912,163.733,NaN,NaN,NaN,NaN,NaN,0,586,500,55.283,47.170,475,44.811
4913,4913,163.767,NaN,NaN,NaN,NaN,NaN,0,586,500,55.283,47.170,475,44.811
4914,4914,163.800,NaN,NaN,NaN,NaN,NaN,0,586,500,55.283,47.170,475,44.811
4915,4915,163.833,NaN,NaN,NaN,NaN,NaN,0,586,500,55.283,47.170,475,44.811
4916,4916,163.867,NaN,NaN,NaN,NaN,NaN,0,586,500,55.283,47.170,475,44.811
4917,4917,163.900,NaN,NaN,NaN,NaN,NaN,0,586,500,55.283,47.170,475,44.811
4918,4918,163.933,NaN,NaN,NaN,NaN,NaN,0,586,500,55.283,47.170,475,44.811
4919,4919,163.967,NaN,NaN,NaN,NaN,NaN,0,586,500,55.283,47.170,475,44.811
4920,4920,164.000,NaN,NaN,NaN,NaN,NaN,0,586,500,55.283,47.170,475,44.811
4921,4921,164.033,NaN,NaN,NaN,NaN,NaN,0,586,500,55.283,47.170,475,44.811
4922,4922,164.067,NaN,NaN,NaN,NaN,NaN,0,586,500,55.283,47.170,475,44.811
4923,4923,164.100,NaN,NaN,NaN,NaN,NaN,0,586,500,55.283,47.170,475,44.811
4924,4924,164.133,NaN,NaN,NaN,NaN,NaN,0,586,500,55.283,47.170,475,44.811
4925,4925,164.167,NaN,NaN,NaN,NaN,NaN,0,586,500,55.283,47.170,475,44.811
4926,4926,164.200,NaN,NaN,NaN,NaN,NaN,0,586,500,55.283,47.170,475,44.811
4927,4927,164.233,NaN,NaN,NaN,NaN,NaN,0,586,500,55.283,47.170,475,44.811
4928,4928,164.267,NaN,NaN,NaN,NaN,NaN,0,586,500,55.283,47.170,475,44.811
4929,4929,164.300,NaN,NaN,NaN,NaN,NaN,0,586,500,55.283,47.170,475,44.811
4930,4930,164.333,NaN,NaN,NaN,NaN,NaN,0,586,500,55.283,47.170,475,44.811
4931,4931,164.367,NaN,NaN,NaN,NaN,NaN,0,586,500,55.283,47.170,475,44.811
4932,4932,164.400,NaN,NaN,NaN,NaN,NaN,0,586,500,55.283,47.170,475,44.811
4933,4933,164.433,NaN,NaN,NaN,NaN,NaN,0,586,500,55.283,47.170,475,44.811
4934,4934,164.467,NaN,NaN,NaN,NaN,NaN,0,586,500,55.283,47.170,475,44.811
4935,4935,164.500,NaN,NaN,NaN,NaN,NaN,0,586,500,55.283,47.170,475,44.811
4936,4936,164.533,NaN,NaN,NaN,NaN,NaN,0,586,500,55.283,47.170,475,44.811
4937,4937,164.567,NaN,NaN,NaN,NaN,NaN,0,586,500,55.283,47.170,475,44.811
4938,4938,164.600,NaN,NaN,NaN,NaN,NaN,0,586,500,55.283,47.170,475,44.811
4939,4939,164.633,NaN,NaN,NaN,NaN,NaN,0,586,500,55.283,47.170,475,44.811
4940,4940,164.667,NaN,NaN,NaN,NaN,NaN,0,586,500,55.283,47.170,475,44.811
4941,4941,164.700,NaN,NaN,NaN,NaN,NaN,0,586,500,55.283,47.170,475,44.811
4942,4942,164.733,NaN,NaN,NaN,NaN,NaN,0,586,500,55.283,47.170,475,44.811
4943,4943,164.767,NaN,NaN,NaN,NaN,NaN,0,586,500,55.283,47.170,475,44.811
4944,4944,164.800,NaN,NaN,NaN,NaN,NaN,0,586,500,55.283,47.170,475,44.811
4945,4945,164.833,NaN,NaN,NaN,NaN,NaN,0,586,500,55.283,47.170,475,44.811
4946,4946,164.867,NaN,NaN,NaN,NaN,NaN,0,586,500,55.283,47.170,475,44.811
4947,4947,164.900,NaN,NaN,NaN,NaN,NaN,0,586,500,55.283,47.170,475,44.811
4948,4948,164.933,NaN,NaN,NaN,NaN,NaN,0,586,500,55.283,47.170,475,44.811
4949,4949,164.967,NaN,NaN,NaN,NaN,NaN,0,586,500,55.283,47.170,475,44.811
4950,4950,165.000,NaN,NaN,NaN,NaN,NaN,0,586,500,55.283,47.170,475,44.811
4951,4951,165.033,NaN,NaN,NaN,NaN,NaN,0,586,500,55.283,47.170,475,44.811
4952,4952,165.067,NaN,NaN,NaN,NaN,NaN,0,586,500,55.283,47.170,475,44.811
4953,4953,165.100,NaN,NaN,NaN,NaN,NaN,0,586,500,55.283,47.170,475,44.811
4954,4954,165.133,NaN,NaN,NaN,NaN,NaN,0,586,500,55.283,47.170,475,44.811
4955,4955,165.167,NaN,NaN,NaN,NaN,NaN,0,586,500,55.283,47.170,475,44.811
4956,4956,165.200,NaN,NaN,NaN,NaN,NaN,0,586,500,55.283,47.170,475,44.811
4957,4957,165.233,NaN,NaN,NaN,NaN,NaN,0,586,500,55.283,47.170,475,44.811
4958,4958,165.267,NaN,NaN,NaN,NaN,NaN,0,586,500,55.283,47.170,475,44.811
4959,4959,165.300,NaN,NaN,NaN,NaN,NaN,0,586,500,55.283,47.170,475,44.811
4960,4960,165.333,NaN,NaN,NaN,NaN,NaN,0,586,500,55.283,47.170,475,44.811
4961,4961,165.367,NaN,NaN,NaN,NaN,NaN,0,586,500,55.283,47.170,475,44.811
4962,4962,165.400,NaN,NaN,NaN,NaN,NaN,0,586,500,55.283,47.170,475,44.811
4963,4963,165.433,NaN,NaN,NaN,NaN,NaN,0,586,500,55.283,47.170,475,44.811
4964,4964,165.467,NaN,NaN,NaN,NaN,NaN,0,586,500,55.283,47.170,475,44.811
4965,4965,165.500,NaN,NaN,NaN,NaN,NaN,0,586,500,55.283,47.170,475,44.811
4966,4966,165.533,NaN,NaN,NaN,NaN,NaN,0,586,500,55.283,47.170,475,44.811
4967,4967,165.567,NaN,NaN,NaN,NaN,NaN,0,586,500,55.283,47.170,475,44.811
4968,4968,165.600,NaN,NaN,NaN,NaN,NaN,0,586,500,55.283,47.170,475,44.811
4969,4969,165.633,NaN,NaN,NaN,NaN,NaN,0,586,500,55.283,47.170,475,44.811
4970,4970,165.667,NaN,NaN,NaN,NaN,NaN,0,586,500,55.283,47.170,475,44.811
4971,4971,165.700,NaN,NaN,NaN,NaN,NaN,0,586,500,55.283,47.170,475,44.811
4972,4972,165.733,NaN,NaN,NaN,NaN,NaN,0,586,500,55.283,47.170,475,44.811
4973,4973,165.767,NaN,NaN,NaN,NaN,NaN,0,586,500,55.283,47.170,475,44.811
4974,4974,165.800,NaN,NaN,NaN,NaN,NaN,0,586,500,55.283,47.170,475,44.811
4975,4975,165.833,NaN,NaN,NaN,NaN,NaN,0,586,500,55.283,47.170,475,44.811
4976,4976,165.867,NaN,NaN,NaN,NaN,NaN,0,586,500,55.283,47.170,475,44.811
4977,4977,165.900,NaN,NaN,NaN,NaN,NaN,0,586,500,55.283,47.170,475,44.811
4978,4978,165.933,NaN,NaN,NaN,NaN,NaN,0,586,500,55.283,47.170,475,44.811
4979,4979,165.967,NaN,NaN,NaN,NaN,NaN,0,586,500,55.283,47.170,475,44.811
4980,4980,166.000,NaN,NaN,NaN,NaN,NaN,0,586,500,55.283,47.170,475,44.811
4981,4981,166.033,NaN,NaN,NaN,NaN,NaN,0,586,500,55.283,47.170,475,44.811
4982,4982,166.067,NaN,NaN,NaN,NaN,NaN,0,586,500,55.283,47.170,475,44.811
4983,4983,166.100,NaN,NaN,NaN,NaN,NaN,0,586,500,55.283,47.170,475,44.811
4984,4984,166.133,NaN,NaN,NaN,NaN,NaN,0,586,500,55.283,47.170,475,44.811
4985,4985,166.167,NaN,NaN,NaN,NaN,NaN,0,586,500,55.283,47.170,475,44.811
4986,4986,166.200,NaN,NaN,NaN,NaN,NaN,0,586,500,55.283,47.170,475,44.811
4987,4987,166.233,NaN,NaN,NaN,NaN,NaN,0,586,500,55.283,47.170,475,44.811
4988,4988,166.267,NaN,NaN,NaN,NaN,NaN,0,586,500,55.283,47.170,475,44.811
4989,4989,166.300,NaN,NaN,NaN,NaN,NaN,0,586,500,55.283,47.170,475,44.811
4990,4990,166.333,NaN,NaN,NaN,NaN,NaN,0,586,500,55.283,47.170,475,44.811
4991,4991,166.367,NaN,NaN,NaN,NaN,NaN,0,586,500,55.283,47.170,475,44.811
4992,4992,166.400,NaN,NaN,NaN,NaN,NaN,0,586,500,55.283,47.170,475,44.811
4993,4993,166.433,NaN,NaN,NaN,NaN,NaN,0,586,500,55.283,47.170,475,44.811
4994,4994,166.467,NaN,NaN,NaN,NaN,NaN,0,586,500,55.283,47.170,475,44.811
4995,4995,166.500,NaN,NaN,NaN,NaN,NaN,0,586,500,55.283,47.170,475,44.811
4996,4996,166.533,NaN,NaN,NaN,NaN,NaN,0,586,500,55.283,47.170,475,44.811
4997,4997,166.567,NaN,NaN,NaN,NaN,NaN,0,586,500,55.283,47.170,475,44.811
4998,4998,166.600,NaN,NaN,NaN,NaN,NaN,0,586,500,55.283,47.170,475,44.811
4999,4999,166.633,NaN,NaN,NaN,NaN,NaN,0,586,500,55.283,47.170,475,44.811
5000,5000,166.667,NaN,NaN,NaN,NaN,NaN,0,586,500,55.283,47.170,475,44.811
5001,5001,166.700,NaN,NaN,NaN,NaN,NaN,0,586,500,55.283,47.170,475,44.811
5002,5002,166.733,NaN,NaN,NaN,NaN,NaN,0,586,500,55.283,47.170,475,44.811
5003,5003,166.767,NaN,NaN,NaN,NaN,NaN,0,586,500,55.283,47.170,475,44.811
5004,5004,166.800,NaN,NaN,NaN,NaN,NaN,0,586,500,55.283,47.170,475,44.811
5005,5005,166.833,NaN,NaN,NaN,NaN,NaN,0,586,500,55.283,47.170,475,44.811
5006,5006,166.867,NaN,NaN,NaN,NaN,NaN,0,586,500,55.283,47.170,475,44.811
5007,5007,166.900,NaN,NaN,NaN,NaN,NaN,0,586,500,55.283,47.170,475,44.811
5008,5008,166.933,NaN,NaN,NaN,NaN,NaN,0,586,500,55.283,47.170,475,44.811
5009,5009,166.967,NaN,NaN,NaN,NaN,NaN,0,586,500,55.283,47.170,475,44.811
5010,5010,167.000,NaN,NaN,NaN,NaN,NaN,0,586,500,55.283,47.170,475,44.811
5011,5011,167.033,NaN,NaN,NaN,NaN,NaN,0,586,500,55.283,47.170,475,44.811
5012,5012,167.067,NaN,NaN,NaN,NaN,NaN,0,586,500,55.283,47.170,475,44.811
5013,5013,167.100,NaN,NaN,NaN,NaN,NaN,0,586,500,55.283,47.170,475,44.811
5014,5014,167.133,NaN,NaN,NaN,NaN,NaN,0,586,500,55.283,47.170,475,44.811
5015,5015,167.167,NaN,NaN,NaN,NaN,NaN,0,586,500,55.283,47.170,475,44.811
5016,5016,167.200,NaN,NaN,NaN,NaN,NaN,0,586,500,55.283,47.170,475,44.811
5017,5017,167.233,NaN,NaN,NaN,NaN,NaN,0,586,500,55.283,47.170,475,44.811
5018,5018,167.267,NaN,NaN,NaN,NaN,NaN,0,586,500,55.283,47.170,475,44.811
5019,5019,167.300,NaN,NaN,NaN,NaN,NaN,0,586,500,55.283,47.170,475,44.811
5020,5020,167.333,NaN,NaN,NaN,NaN,NaN,0,586,500,55.283,47.170,475,44.811
5021,5021,167.367,NaN,NaN,NaN,NaN,NaN,0,586,500,55.283,47.170,475,44.811
5022,5022,167.400,NaN,NaN,NaN,NaN,NaN,0,586,500,55.283,47.170,475,44.811
5023,5023,167.433,NaN,NaN,NaN,NaN,NaN,0,586,500,55.283,47.170,475,44.811
5024,5024,167.467,NaN,NaN,NaN,NaN,NaN,0,586,500,55.283,47.170,475,44.811
5025,5025,167.500,NaN,NaN,NaN,NaN,NaN,0,586,500,55.283,47.170,475,44.811
5026,5026,167.533,NaN,NaN,NaN,NaN,NaN,0,586,500,55.283,47.170,475,44.811
5027,5027,167.567,NaN,NaN,NaN,NaN,NaN,0,586,500,55.283,47.170,475,44.811
5028,5028,167.600,NaN,NaN,NaN,NaN,NaN,0,586,500,55.283,47.170,475,44.811
5029,5029,167.633,NaN,NaN,NaN,NaN,NaN,0,586,500,55.283,47.170,475,44.811
5030,5030,167.667,NaN,NaN,NaN,NaN,NaN,0,586,500,55.283,47.170,475,44.811
5031,5031,167.700,NaN,NaN,NaN,NaN,NaN,0,586,500,55.283,47.170,475,44.811
5032,5032,167.733,NaN,NaN,NaN,NaN,NaN,0,586,500,55.283,47.170,475,44.811
5033,5033,167.767,NaN,NaN,NaN,NaN,NaN,0,586,500,55.283,47.170,475,44.811
5034,5034,167.800,NaN,NaN,NaN,NaN,NaN,0,586,500,55.283,47.170,475,44.811
5035,5035,167.833,NaN,NaN,NaN,NaN,NaN,0,586,500,55.283,47.170,475,44.811
5036,5036,167.867,NaN,NaN,NaN,NaN,NaN,0,586,500,55.283,47.170,475,44.811
5037,5037,167.900,NaN,NaN,NaN,NaN,NaN,0,586,500,55.283,47.170,475,44.811
5038,5038,167.933,NaN,NaN,NaN,NaN,NaN,0,586,500,55.283,47.170,475,44.811
5039,5039,167.967,NaN,NaN,NaN,NaN,NaN,0,586,500,55.283,47.170,475,44.811
5040,5040,168.000,NaN,NaN,NaN,NaN,NaN,0,586,500,55.283,47.170,475,44.811
5041,5041,168.033,NaN,NaN,NaN,NaN,NaN,0,586,500,55.283,47.170,475,44.811
5042,5042,168.067,NaN,NaN,NaN,NaN,NaN,0,586,500,55.283,47.170,475,44.811
5043,5043,168.100,NaN,NaN,NaN,NaN,NaN,0,586,500,55.283,47.170,475,44.811
5044,5044,168.133,NaN,NaN,NaN,NaN,NaN,0,586,500,55.283,47.170,475,44.811
5045,5045,168.167,NaN,NaN,NaN,NaN,NaN,0,586,500,55.283,47.170,475,44.811
5046,5046,168.200,NaN,NaN,NaN,NaN,NaN,0,586,500,55.283,47.170,475,44.811
5047,5047,168.233,NaN,NaN,NaN,NaN,NaN,0,586,500,55.283,47.170,475,44.811
5048,5048,168.267,NaN,NaN,NaN,NaN,NaN,0,586,500,55.283,47.170,475,44.811
5049,5049,168.300,NaN,NaN,NaN,NaN,NaN,0,586,500,55.283,47.170,475,44.811
5050,5050,168.333,NaN,NaN,NaN,NaN,NaN,0,586,500,55.283,47.170,475,44.811
5051,5051,168.367,NaN,NaN,NaN,NaN,NaN,0,586,500,55.283,47.170,475,44.811
5052,5052,168.400,NaN,NaN,NaN,NaN,NaN,0,586,500,55.283,47.170,475,44.811
5053,5053,168.433,NaN,NaN,NaN,NaN,NaN,0,586,500,55.283,47.170,475,44.811
5054,5054,168.467,NaN,NaN,NaN,NaN,NaN,0,586,500,55.283,47.170,475,44.811
5055,5055,168.500,NaN,NaN,NaN,NaN,NaN,0,586,500,55.283,47.170,475,44.811
5056,5056,168.533,NaN,NaN,NaN,NaN,NaN,0,586,500,55.283,47.170,475,44.811
5057,5057,168.567,NaN,NaN,NaN,NaN,NaN,0,586,500,55.283,47.170,475,44.811
5058,5058,168.600,NaN,NaN,NaN,NaN,NaN,0,586,500,55.283,47.170,475,44.811
5059,5059,168.633,NaN,NaN,NaN,NaN,NaN,0,586,500,55.283,47.170,475,44.811
5060,5060,168.667,NaN,NaN,NaN,NaN,NaN,0,586,500,55.283,47.170,475,44.811
5061,5061,168.700,NaN,NaN,NaN,NaN,NaN,0,586,500,55.283,47.170,475,44.811
5062,5062,168.733,NaN,NaN,NaN,NaN,NaN,0,586,500,55.283,47.170,475,44.811
5063,5063,168.767,NaN,NaN,NaN,NaN,NaN,0,586,500,55.283,47.170,475,44.811
5064,5064,168.800,NaN,NaN,NaN,NaN,NaN,0,586,500,55.283,47.170,475,44.811
5065,5065,168.833,NaN,NaN,NaN,NaN,NaN,0,586,500,55.283,47.170,475,44.811
5066,5066,168.867,NaN,NaN,NaN,NaN,NaN,0,586,500,55.283,47.170,475,44.811
5067,5067,168.900,NaN,NaN,NaN,NaN,NaN,0,586,500,55.283,47.170,475,44.811
5068,5068,168.933,NaN,NaN,NaN,NaN,NaN,0,586,500,55.283,47.170,475,44.811
5069,5069,168.967,NaN,NaN,NaN,NaN,NaN,0,586,500,55.283,47.170,475,44.811
5070,5070,169.000,NaN,NaN,NaN,NaN,NaN,0,586,500,55.283,47.170,475,44.811
5071,5071,169.033,NaN,NaN,NaN,NaN,NaN,0,586,500,55.283,47.170,475,44.811
5072,5072,169.067,NaN,NaN,NaN,NaN,NaN,0,586,500,55.283,47.170,475,44.811
5073,5073,169.100,NaN,NaN,NaN,NaN,NaN,0,586,500,55.283,47.170,475,44.811
5074,5074,169.133,NaN,NaN,NaN,NaN,NaN,0,586,500,55.283,47.170,475,44.811
5075,5075,169.167,NaN,NaN,NaN,NaN,NaN,0,586,500,55.283,47.170,475,44.811
5076,5076,169.200,NaN,NaN,NaN,NaN,NaN,0,586,500,55.283,47.170,475,44.811
5077,5077,169.233,NaN,NaN,NaN,NaN,NaN,0,586,500,55.283,47.170,475,44.811
5078,5078,169.267,NaN,NaN,NaN,NaN,NaN,0,586,500,55.283,47.170,475,44.811
5079,5079,169.300,NaN,NaN,NaN,NaN,NaN,0,586,500,55.283,47.170,475,44.811
5080,5080,169.333,NaN,NaN,NaN,NaN,NaN,0,586,500,55.283,47.170,475,44.811
5081,5081,169.367,NaN,NaN,NaN,NaN,NaN,0,586,500,55.283,47.170,475,44.811
5082,5082,169.400,NaN,NaN,NaN,NaN,NaN,0,586,500,55.283,47.170,475,44.811
5083,5083,169.433,NaN,NaN,NaN,NaN,NaN,0,586,500,55.283,47.170,475,44.811
5084,5084,169.467,NaN,NaN,NaN,NaN,NaN,0,586,500,55.283,47.170,475,44.811
5085,5085,169.500,NaN,NaN,NaN,NaN,NaN,0,586,500,55.283,47.170,475,44.811
5086,5086,169.533,NaN,NaN,NaN,NaN,NaN,0,586,500,55.283,47.170,475,44.811
5087,5087,169.567,NaN,NaN,NaN,NaN,NaN,0,586,500,55.283,47.170,475,44.811
5088,5088,169.600,NaN,NaN,NaN,NaN,NaN,0,586,500,55.283,47.170,475,44.811
5089,5089,169.633,NaN,NaN,NaN,NaN,NaN,0,586,500,55.283,47.170,475,44.811
5090,5090,169.667,NaN,NaN,NaN,NaN,NaN,0,586,500,55.283,47.170,475,44.811
5091,5091,169.700,NaN,NaN,NaN,NaN,NaN,0,586,500,55.283,47.170,475,44.811
5092,5092,169.733,NaN,NaN,NaN,NaN,NaN,0,586,500,55.283,47.170,475,44.811
5093,5093,169.767,NaN,NaN,NaN,NaN,NaN,0,586,500,55.283,47.170,475,44.811
5094,5094,169.800,NaN,NaN,NaN,NaN,NaN,0,586,500,55.283,47.170,475,44.811
5095,5095,169.833,NaN,NaN,NaN,NaN,NaN,0,586,500,55.283,47.170,475,44.811
5096,5096,169.867,NaN,NaN,NaN,NaN,NaN,0,586,500,55.283,47.170,475,44.811
5097,5097,169.900,NaN,NaN,NaN,NaN,NaN,0,586,500,55.283,47.170,475,44.811
5098,5098,169.933,NaN,NaN,NaN,NaN,NaN,0,586,500,55.283,47.170,475,44.811
5099,5099,169.967,NaN,NaN,NaN,NaN,NaN,0,586,500,55.283,47.170,475,44.811
5100,5100,170.000,NaN,NaN,NaN,NaN,NaN,0,586,500,55.283,47.170,475,44.811
5101,5101,170.033,NaN,NaN,NaN,NaN,NaN,0,586,500,55.283,47.170,475,44.811
5102,5102,170.067,NaN,NaN,NaN,NaN,NaN,0,586,500,55.283,47.170,475,44.811
5103,5103,170.100,NaN,NaN,NaN,NaN,NaN,0,586,500,55.283,47.170,475,44.811
5104,5104,170.133,NaN,NaN,NaN,NaN,NaN,0,586,500,55.283,47.170,475,44.811
5105,5105,170.167,NaN,NaN,NaN,NaN,NaN,0,586,500,55.283,47.170,475,44.811
5106,5106,170.200,NaN,NaN,NaN,NaN,NaN,0,586,500,55.283,47.170,475,44.811
5107,5107,170.233,NaN,NaN,NaN,NaN,NaN,0,586,500,55.283,47.170,475,44.811
5108,5108,170.267,NaN,NaN,NaN,NaN,NaN,0,586,500,55.283,47.170,475,44.811
5109,5109,170.300,NaN,NaN,NaN,NaN,NaN,0,586,500,55.283,47.170,475,44.811
5110,5110,170.333,NaN,NaN,NaN,NaN,NaN,0,586,500,55.283,47.170,475,44.811
5111,5111,170.367,NaN,NaN,NaN,NaN,NaN,0,586,500,55.283,47.170,475,44.811
5112,5112,170.400,NaN,NaN,NaN,NaN,NaN,0,586,500,55.283,47.170,475,44.811
5113,5113,170.433,NaN,NaN,NaN,NaN,NaN,0,586,500,55.283,47.170,475,44.811
5114,5114,170.467,NaN,NaN,NaN,NaN,NaN,0,586,500,55.283,47.170,475,44.811
5115,5115,170.500,NaN,NaN,NaN,NaN,NaN,0,586,500,55.283,47.170,475,44.811
5116,5116,170.533,NaN,NaN,NaN,NaN,NaN,0,586,500,55.283,47.170,475,44.811
5117,5117,170.567,NaN,NaN,NaN,NaN,NaN,0,586,500,55.283,47.170,475,44.811
5118,5118,170.600,NaN,NaN,NaN,NaN,NaN,0,586,500,55.283,47.170,475,44.811
5119,5119,170.633,NaN,NaN,NaN,NaN,NaN,0,586,500,55.283,47.170,475,44.811
5120,5120,170.667,NaN,NaN,NaN,NaN,NaN,0,586,500,55.283,47.170,475,44.811
5121,5121,170.700,NaN,NaN,NaN,NaN,NaN,0,586,500,55.283,47.170,475,44.811
5122,5122,170.733,NaN,NaN,NaN,NaN,NaN,0,586,500,55.283,47.170,475,44.811
5123,5123,170.767,NaN,NaN,NaN,NaN,NaN,0,586,500,55.283,47.170,475,44.811
5124,5124,170.800,NaN,NaN,NaN,NaN,NaN,0,586,500,55.283,47.170,475,44.811
5125,5125,170.833,NaN,NaN,NaN,NaN,NaN,0,586,500,55.283,47.170,475,44.811
5126,5126,170.867,NaN,NaN,NaN,NaN,NaN,0,586,500,55.283,47.170,475,44.811
5127,5127,170.900,NaN,NaN,NaN,NaN,NaN,0,586,500,55.283,47.170,475,44.811
5128,5128,170.933,NaN,NaN,NaN,NaN,NaN,0,586,500,55.283,47.170,475,44.811
5129,5129,170.967,NaN,NaN,NaN,NaN,NaN,0,586,500,55.283,47.170,475,44.811
5130,5130,171.000,NaN,NaN,NaN,NaN,NaN,0,586,500,55.283,47.170,475,44.811
5131,5131,171.033,NaN,NaN,NaN,NaN,NaN,0,586,500,55.283,47.170,475,44.811
5132,5132,171.067,NaN,NaN,NaN,NaN,NaN,0,586,500,55.283,47.170,475,44.811
5133,5133,171.100,NaN,NaN,NaN,NaN,NaN,0,586,500,55.283,47.170,475,44.811
5134,5134,171.133,NaN,NaN,NaN,NaN,NaN,0,586,500,55.283,47.170,475,44.811
5135,5135,171.167,NaN,NaN,NaN,NaN,NaN,0,586,500,55.283,47.170,475,44.811
5136,5136,171.200,NaN,NaN,NaN,NaN,NaN,0,586,500,55.283,47.170,475,44.811
5137,5137,171.233,NaN,NaN,NaN,NaN,NaN,0,586,500,55.283,47.170,475,44.811
5138,5138,171.267,NaN,NaN,NaN,NaN,NaN,0,586,500,55.283,47.170,475,44.811
5139,5139,171.300,NaN,NaN,NaN,NaN,NaN,0,586,500,55.283,47.170,475,44.811
5140,5140,171.333,NaN,NaN,NaN,NaN,NaN,0,586,500,55.283,47.170,475,44.811
5141,5141,171.367,NaN,NaN,NaN,NaN,NaN,0,586,500,55.283,47.170,475,44.811
5142,5142,171.400,NaN,NaN,NaN,NaN,NaN,0,586,500,55.283,47.170,475,44.811
5143,5143,171.433,NaN,NaN,NaN,NaN,NaN,0,586,500,55.283,47.170,475,44.811
5144,5144,171.467,NaN,NaN,NaN,NaN,NaN,0,586,500,55.283,47.170,475,44.811
5145,5145,171.500,NaN,NaN,NaN,NaN,NaN,0,586,500,55.283,47.170,475,44.811
5146,5146,171.533,NaN,NaN,NaN,NaN,NaN,0,586,500,55.283,47.170,475,44.811
5147,5147,171.567,NaN,NaN,NaN,NaN,NaN,0,586,500,55.283,47.170,475,44.811
5148,5148,171.600,NaN,NaN,NaN,NaN,NaN,0,586,500,55.283,47.170,475,44.811
5149,5149,171.633,NaN,NaN,NaN,NaN,NaN,0,586,500,55.283,47.170,475,44.811
5150,5150,171.667,NaN,NaN,NaN,NaN,NaN,0,586,500,55.283,47.170,475,44.811
5151,5151,171.700,NaN,NaN,NaN,NaN,NaN,0,586,500,55.283,47.170,475,44.811
5152,5152,171.733,NaN,NaN,NaN,NaN,NaN,0,586,500,55.283,47.170,475,44.811
5153,5153,171.767,NaN,NaN,NaN,NaN,NaN,0,586,500,55.283,47.170,475,44.811
5154,5154,171.800,NaN,NaN,NaN,NaN,NaN,0,586,500,55.283,47.170,475,44.811
5155,5155,171.833,NaN,NaN,NaN,NaN,NaN,0,586,500,55.283,47.170,475,44.811
5156,5156,171.867,NaN,NaN,NaN,NaN,NaN,0,586,500,55.283,47.170,475,44.811
5157,5157,171.900,NaN,NaN,NaN,NaN,NaN,0,586,500,55.283,47.170,475,44.811
5158,5158,171.933,NaN,NaN,NaN,NaN,NaN,0,586,500,55.283,47.170,475,44.811
5159,5159,171.967,NaN,NaN,NaN,NaN,NaN,0,586,500,55.283,47.170,475,44.811
5160,5160,172.000,NaN,NaN,NaN,NaN,NaN,0,586,500,55.283,47.170,475,44.811
5161,5161,172.033,NaN,NaN,NaN,NaN,NaN,0,586,500,55.283,47.170,475,44.811
5162,5162,172.067,NaN,NaN,NaN,NaN,NaN,0,586,500,55.283,47.170,475,44.811
5163,5163,172.100,NaN,NaN,NaN,NaN,NaN,0,586,500,55.283,47.170,475,44.811
5164,5164,172.133,NaN,NaN,NaN,NaN,NaN,0,586,500,55.283,47.170,475,44.811
5165,5165,172.167,NaN,NaN,NaN,NaN,NaN,0,586,500,55.283,47.170,475,44.811
5166,5166,172.200,NaN,NaN,NaN,NaN,NaN,0,586,500,55.283,47.170,475,44.811
5167,5167,172.233,NaN,NaN,NaN,NaN,NaN,0,586,500,55.283,47.170,475,44.811
5168,5168,172.267,NaN,NaN,NaN,NaN,NaN,0,586,500,55.283,47.170,475,44.811
5169,5169,172.300,NaN,NaN,NaN,NaN,NaN,0,586,500,55.283,47.170,475,44.811
5170,5170,172.333,NaN,NaN,NaN,NaN,NaN,0,586,500,55.283,47.170,475,44.811
5171,5171,172.367,NaN,NaN,NaN,NaN,NaN,0,586,500,55.283,47.170,475,44.811
5172,5172,172.400,NaN,NaN,NaN,NaN,NaN,0,586,500,55.283,47.170,475,44.811
5173,5173,172.433,NaN,NaN,NaN,NaN,NaN,0,586,500,55.283,47.170,475,44.811
5174,5174,172.467,NaN,NaN,NaN,NaN,NaN,0,586,500,55.283,47.170,475,44.811
5175,5175,172.500,NaN,NaN,NaN,NaN,NaN,0,586,500,55.283,47.170,475,44.811
5176,5176,172.533,NaN,NaN,NaN,NaN,NaN,0,586,500,55.283,47.170,475,44.811
5177,5177,172.567,NaN,NaN,NaN,NaN,NaN,0,586,500,55.283,47.170,475,44.811
5178,5178,172.600,NaN,NaN,NaN,NaN,NaN,0,586,500,55.283,47.170,475,44.811
5179,5179,172.633,NaN,NaN,NaN,NaN,NaN,0,586,500,55.283,47.170,475,44.811
5180,5180,172.667,NaN,NaN,NaN,NaN,NaN,0,586,500,55.283,47.170,475,44.811
5181,5181,172.700,NaN,NaN,NaN,NaN,NaN,0,586,500,55.283,47.170,475,44.811
5182,5182,172.733,NaN,NaN,NaN,NaN,NaN,0,586,500,55.283,47.170,475,44.811
5183,5183,172.767,NaN,NaN,NaN,NaN,NaN,0,586,500,55.283,47.170,475,44.811
5184,5184,172.800,NaN,NaN,NaN,NaN,NaN,0,586,500,55.283,47.170,475,44.811
5185,5185,172.833,NaN,NaN,NaN,NaN,NaN,0,586,500,55.283,47.170,475,44.811
5186,5186,172.867,NaN,NaN,NaN,NaN,NaN,0,586,500,55.283,47.170,475,44.811
5187,5187,172.900,NaN,NaN,NaN,NaN,NaN,0,586,500,55.283,47.170,475,44.811
5188,5188,172.933,NaN,NaN,NaN,NaN,NaN,0,586,500,55.283,47.170,475,44.811
5189,5189,172.967,NaN,NaN,NaN,NaN,NaN,0,586,500,55.283,47.170,475,44.811
5190,5190,173.000,NaN,NaN,NaN,NaN,NaN,0,586,500,55.283,47.170,475,44.811
5191,5191,173.033,NaN,NaN,NaN,NaN,NaN,0,586,500,55.283,47.170,475,44.811
5192,5192,173.067,NaN,NaN,NaN,NaN,NaN,0,586,500,55.283,47.170,475,44.811
5193,5193,173.100,NaN,NaN,NaN,NaN,NaN,0,586,500,55.283,47.170,475,44.811
5194,5194,173.133,NaN,NaN,NaN,NaN,NaN,0,586,500,55.283,47.170,475,44.811
5195,5195,173.167,NaN,NaN,NaN,NaN,NaN,0,586,500,55.283,47.170,475,44.811
5196,5196,173.200,NaN,NaN,NaN,NaN,NaN,0,586,500,55.283,47.170,475,44.811
5197,5197,173.233,NaN,NaN,NaN,NaN,NaN,0,586,500,55.283,47.170,475,44.811
5198,5198,173.267,NaN,NaN,NaN,NaN,NaN,0,586,500,55.283,47.170,475,44.811
5199,5199,173.300,NaN,NaN,NaN,NaN,NaN,0,586,500,55.283,47.170,475,44.811
5200,5200,173.333,NaN,NaN,NaN,NaN,NaN,0,586,500,55.283,47.170,475,44.811
5201,5201,173.367,NaN,NaN,NaN,NaN,NaN,0,586,500,55.283,47.170,475,44.811
5202,5202,173.400,NaN,NaN,NaN,NaN,NaN,0,586,500,55.283,47.170,475,44.811
5203,5203,173.433,NaN,NaN,NaN,NaN,NaN,0,586,500,55.283,47.170,475,44.811
5204,5204,173.467,NaN,NaN,NaN,NaN,NaN,0,586,500,55.283,47.170,475,44.811
5205,5205,173.500,NaN,NaN,NaN,NaN,NaN,0,586,500,55.283,47.170,475,44.811
5206,5206,173.533,NaN,NaN,NaN,NaN,NaN,0,586,500,55.283,47.170,475,44.811
5207,5207,173.567,NaN,NaN,NaN,NaN,NaN,0,586,500,55.283,47.170,475,44.811
5208,5208,173.600,NaN,NaN,NaN,NaN,NaN,0,586,500,55.283,47.170,475,44.811
5209,5209,173.633,NaN,NaN,NaN,NaN,NaN,0,586,500,55.283,47.170,475,44.811
5210,5210,173.667,NaN,NaN,NaN,NaN,NaN,0,586,500,55.283,47.170,475,44.811
5211,5211,173.700,NaN,NaN,NaN,NaN,NaN,0,586,500,55.283,47.170,475,44.811
5212,5212,173.733,NaN,NaN,NaN,NaN,NaN,0,586,500,55.283,47.170,475,44.811
5213,5213,173.767,NaN,NaN,NaN,NaN,NaN,0,586,500,55.283,47.170,475,44.811
5214,5214,173.800,NaN,NaN,NaN,NaN,NaN,0,586,500,55.283,47.170,475,44.811
5215,5215,173.833,NaN,NaN,NaN,NaN,NaN,0,586,500,55.283,47.170,475,44.811
5216,5216,173.867,NaN,NaN,NaN,NaN,NaN,0,586,500,55.283,47.170,475,44.811
5217,5217,173.900,NaN,NaN,NaN,NaN,NaN,0,586,500,55.283,47.170,475,44.811
5218,5218,173.933,NaN,NaN,NaN,NaN,NaN,0,586,500,55.283,47.170,475,44.811
5219,5219,173.967,NaN,NaN,NaN,NaN,NaN,0,586,500,55.283,47.170,475,44.811
5220,5220,174.000,NaN,NaN,NaN,NaN,NaN,0,586,500,55.283,47.170,475,44.811
5221,5221,174.033,NaN,NaN,NaN,NaN,NaN,0,586,500,55.283,47.170,475,44.811
5222,5222,174.067,NaN,NaN,NaN,NaN,NaN,0,586,500,55.283,47.170,475,44.811
5223,5223,174.100,NaN,NaN,NaN,NaN,NaN,0,586,500,55.283,47.170,475,44.811
5224,5224,174.133,NaN,NaN,NaN,NaN,NaN,0,586,500,55.283,47.170,475,44.811
5225,5225,174.167,NaN,NaN,NaN,NaN,NaN,0,586,500,55.283,47.170,475,44.811
5226,5226,174.200,NaN,NaN,NaN,NaN,NaN,0,586,500,55.283,47.170,475,44.811
5227,5227,174.233,NaN,NaN,NaN,NaN,NaN,0,586,500,55.283,47.170,475,44.811
5228,5228,174.267,NaN,NaN,NaN,NaN,NaN,0,586,500,55.283,47.170,475,44.811
5229,5229,174.300,NaN,NaN,NaN,NaN,NaN,0,586,500,55.283,47.170,475,44.811
5230,5230,174.333,NaN,NaN,NaN,NaN,NaN,0,586,500,55.283,47.170,475,44.811
5231,5231,174.367,NaN,NaN,NaN,NaN,NaN,0,586,500,55.283,47.170,475,44.811
5232,5232,174.400,NaN,NaN,NaN,NaN,NaN,0,586,500,55.283,47.170,475,44.811
5233,5233,174.433,NaN,NaN,NaN,NaN,NaN,0,586,500,55.283,47.170,475,44.811
5234,5234,174.467,NaN,NaN,NaN,NaN,NaN,0,586,500,55.283,47.170,475,44.811
5235,5235,174.500,NaN,NaN,NaN,NaN,NaN,0,586,500,55.283,47.170,475,44.811
5236,5236,174.533,NaN,NaN,NaN,NaN,NaN,0,586,500,55.283,47.170,475,44.811
5237,5237,174.567,NaN,NaN,NaN,NaN,NaN,0,586,500,55.283,47.170,475,44.811
5238,5238,174.600,NaN,NaN,NaN,NaN,NaN,0,586,500,55.283,47.170,475,44.811
5239,5239,174.633,NaN,NaN,NaN,NaN,NaN,0,586,500,55.283,47.170,475,44.811
5240,5240,174.667,NaN,NaN,NaN,NaN,NaN,0,586,500,55.283,47.170,475,44.811
5241,5241,174.700,NaN,NaN,NaN,NaN,NaN,0,586,500,55.283,47.170,475,44.811
5242,5242,174.733,NaN,NaN,NaN,NaN,NaN,0,586,500,55.283,47.170,475,44.811
5243,5243,174.767,NaN,NaN,NaN,NaN,NaN,0,586,500,55.283,47.170,475,44.811
5244,5244,174.800,NaN,NaN,NaN,NaN,NaN,0,586,500,55.283,47.170,475,44.811
5245,5245,174.833,NaN,NaN,NaN,NaN,NaN,0,586,500,55.283,47.170,475,44.811
5246,5246,174.867,NaN,NaN,NaN,NaN,NaN,0,586,500,55.283,47.170,475,44.811
5247,5247,174.900,NaN,NaN,NaN,NaN,NaN,0,586,500,55.283,47.170,475,44.811
5248,5248,174.933,NaN,NaN,NaN,NaN,NaN,0,586,500,55.283,47.170,475,44.811
5249,5249,174.967,NaN,NaN,NaN,NaN,NaN,0,586,500,55.283,47.170,475,44.811
5250,5250,175.000,NaN,NaN,NaN,NaN,NaN,0,586,500,55.283,47.170,475,44.811
5251,5251,175.033,NaN,NaN,NaN,NaN,NaN,0,586,500,55.283,47.170,475,44.811
5252,5252,175.067,NaN,NaN,NaN,NaN,NaN,0,586,500,55.283,47.170,475,44.811
5253,5253,175.100,NaN,NaN,NaN,NaN,NaN,0,586,500,55.283,47.170,475,44.811
5254,5254,175.133,NaN,NaN,NaN,NaN,NaN,0,586,500,55.283,47.170,475,44.811
5255,5255,175.167,NaN,NaN,NaN,NaN,NaN,0,586,500,55.283,47.170,475,44.811
5256,5256,175.200,NaN,NaN,NaN,NaN,NaN,0,586,500,55.283,47.170,475,44.811
5257,5257,175.233,NaN,NaN,NaN,NaN,NaN,0,586,500,55.283,47.170,475,44.811
5258,5258,175.267,NaN,NaN,NaN,NaN,NaN,0,586,500,55.283,47.170,475,44.811
5259,5259,175.300,NaN,NaN,NaN,NaN,NaN,0,586,500,55.283,47.170,475,44.811
5260,5260,175.333,NaN,NaN,NaN,NaN,NaN,0,586,500,55.283,47.170,475,44.811
5261,5261,175.367,NaN,NaN,NaN,NaN,NaN,0,586,500,55.283,47.170,475,44.811
5262,5262,175.400,NaN,NaN,NaN,NaN,NaN,0,586,500,55.283,47.170,475,44.811
5263,5263,175.433,NaN,NaN,NaN,NaN,NaN,0,586,500,55.283,47.170,475,44.811
5264,5264,175.467,NaN,NaN,NaN,NaN,NaN,0,586,500,55.283,47.170,475,44.811
5265,5265,175.500,NaN,NaN,NaN,NaN,NaN,0,586,500,55.283,47.170,475,44.811
5266,5266,175.533,NaN,NaN,NaN,NaN,NaN,0,586,500,55.283,47.170,475,44.811
5267,5267,175.567,NaN,NaN,NaN,NaN,NaN,0,586,500,55.283,47.170,475,44.811
5268,5268,175.600,NaN,NaN,NaN,NaN,NaN,0,586,500,55.283,47.170,475,44.811
5269,5269,175.633,NaN,NaN,NaN,NaN,NaN,0,586,500,55.283,47.170,475,44.811
5270,5270,175.667,NaN,NaN,NaN,NaN,NaN,0,586,500,55.283,47.170,475,44.811
5271,5271,175.700,NaN,NaN,NaN,NaN,NaN,0,586,500,55.283,47.170,475,44.811
5272,5272,175.733,NaN,NaN,NaN,NaN,NaN,0,586,500,55.283,47.170,475,44.811
5273,5273,175.767,NaN,NaN,NaN,NaN,NaN,0,586,500,55.283,47.170,475,44.811
5274,5274,175.800,NaN,NaN,NaN,NaN,NaN,0,586,500,55.283,47.170,475,44.811
5275,5275,175.833,NaN,NaN,NaN,NaN,NaN,0,586,500,55.283,47.170,475,44.811
5276,5276,175.867,NaN,NaN,NaN,NaN,NaN,0,586,500,55.283,47.170,475,44.811
5277,5277,175.900,NaN,NaN,NaN,NaN,NaN,0,586,500,55.283,47.170,475,44.811
5278,5278,175.933,NaN,NaN,NaN,NaN,NaN,0,586,500,55.283,47.170,475,44.811
5279,5279,175.967,NaN,NaN,NaN,NaN,NaN,0,586,500,55.283,47.170,475,44.811
5280,5280,176.000,NaN,NaN,NaN,NaN,NaN,0,586,500,55.283,47.170,475,44.811
5281,5281,176.033,NaN,NaN,NaN,NaN,NaN,0,586,500,55.283,47.170,475,44.811
5282,5282,176.067,NaN,NaN,NaN,NaN,NaN,0,586,500,55.283,47.170,475,44.811
5283,5283,176.100,NaN,NaN,NaN,NaN,NaN,0,586,500,55.283,47.170,475,44.811
5284,5284,176.133,NaN,NaN,NaN,NaN,NaN,0,586,500,55.283,47.170,475,44.811
5285,5285,176.167,NaN,NaN,NaN,NaN,NaN,0,586,500,55.283,47.170,475,44.811
5286,5286,176.200,NaN,NaN,NaN,NaN,NaN,0,586,500,55.283,47.170,475,44.811
5287,5287,176.233,NaN,NaN,NaN,NaN,NaN,0,586,500,55.283,47.170,475,44.811
5288,5288,176.267,NaN,NaN,NaN,NaN,NaN,0,586,500,55.283,47.170,475,44.811
5289,5289,176.300,NaN,NaN,NaN,NaN,NaN,0,586,500,55.283,47.170,475,44.811
5290,5290,176.333,NaN,NaN,NaN,NaN,NaN,0,586,500,55.283,47.170,475,44.811
5291,5291,176.367,NaN,NaN,NaN,NaN,NaN,0,586,500,55.283,47.170,475,44.811
5292,5292,176.400,NaN,NaN,NaN,NaN,NaN,0,586,500,55.283,47.170,475,44.811
5293,5293,176.433,NaN,NaN,NaN,NaN,NaN,0,586,500,55.283,47.170,475,44.811
5294,5294,176.467,NaN,NaN,NaN,NaN,NaN,0,586,500,55.283,47.170,475,44.811
5295,5295,176.500,NaN,NaN,NaN,NaN,NaN,0,586,500,55.283,47.170,475,44.811
5296,5296,176.533,NaN,NaN,NaN,NaN,NaN,0,586,500,55.283,47.170,475,44.811
5297,5297,176.567,NaN,NaN,NaN,NaN,NaN,0,586,500,55.283,47.170,475,44.811
5298,5298,176.600,NaN,NaN,NaN,NaN,NaN,0,586,500,55.283,47.170,475,44.811
5299,5299,176.633,NaN,NaN,NaN,NaN,NaN,0,586,500,55.283,47.170,475,44.811
5300,5300,176.667,NaN,NaN,NaN,NaN,NaN,0,586,500,55.283,47.170,475,44.811
5301,5301,176.700,NaN,NaN,NaN,NaN,NaN,0,586,500,55.283,47.170,475,44.811
5302,5302,176.733,NaN,NaN,NaN,NaN,NaN,0,586,500,55.283,47.170,475,44.811
5303,5303,176.767,NaN,NaN,NaN,NaN,NaN,0,586,500,55.283,47.170,475,44.811
5304,5304,176.800,NaN,NaN,NaN,NaN,NaN,0,586,500,55.283,47.170,475,44.811
5305,5305,176.833,NaN,NaN,NaN,NaN,NaN,0,586,500,55.283,47.170,475,44.811
5306,5306,176.867,NaN,NaN,NaN,NaN,NaN,0,586,500,55.283,47.170,475,44.811
5307,5307,176.900,NaN,NaN,NaN,NaN,NaN,0,586,500,55.283,47.170,475,44.811
5308,5308,176.933,NaN,NaN,NaN,NaN,NaN,0,586,500,55.283,47.170,475,44.811
5309,5309,176.967,NaN,NaN,NaN,NaN,NaN,0,586,500,55.283,47.170,475,44.811
5310,5310,177.000,NaN,NaN,NaN,NaN,NaN,0,586,500,55.283,47.170,475,44.811
5311,5311,177.033,NaN,NaN,NaN,NaN,NaN,0,586,500,55.283,47.170,475,44.811
5312,5312,177.067,NaN,NaN,NaN,NaN,NaN,0,586,500,55.283,47.170,475,44.811
5313,5313,177.100,NaN,NaN,NaN,NaN,NaN,0,586,500,55.283,47.170,475,44.811
5314,5314,177.133,NaN,NaN,NaN,NaN,NaN,0,586,500,55.283,47.170,475,44.811
5315,5315,177.167,NaN,NaN,NaN,NaN,NaN,0,586,500,55.283,47.170,475,44.811
5316,5316,177.200,NaN,NaN,NaN,NaN,NaN,0,586,500,55.283,47.170,475,44.811
5317,5317,177.233,NaN,NaN,NaN,NaN,NaN,0,586,500,55.283,47.170,475,44.811
5318,5318,177.267,NaN,NaN,NaN,NaN,NaN,0,586,500,55.283,47.170,475,44.811
5319,5319,177.300,NaN,NaN,NaN,NaN,NaN,0,586,500,55.283,47.170,475,44.811
5320,5320,177.333,NaN,NaN,NaN,NaN,NaN,0,586,500,55.283,47.170,475,44.811
5321,5321,177.367,NaN,NaN,NaN,NaN,NaN,0,586,500,55.283,47.170,475,44.811
5322,5322,177.400,NaN,NaN,NaN,NaN,NaN,0,586,500,55.283,47.170,475,44.811
5323,5323,177.433,NaN,NaN,NaN,NaN,NaN,0,586,500,55.283,47.170,475,44.811
5324,5324,177.467,NaN,NaN,NaN,NaN,NaN,0,586,500,55.283,47.170,475,44.811
5325,5325,177.500,NaN,NaN,NaN,NaN,NaN,0,586,500,55.283,47.170,475,44.811
5326,5326,177.533,NaN,NaN,NaN,NaN,NaN,0,586,500,55.283,47.170,475,44.811
5327,5327,177.567,NaN,NaN,NaN,NaN,NaN,0,586,500,55.283,47.170,475,44.811
5328,5328,177.600,NaN,NaN,NaN,NaN,NaN,0,586,500,55.283,47.170,475,44.811
5329,5329,177.633,NaN,NaN,NaN,NaN,NaN,0,586,500,55.283,47.170,475,44.811
5330,5330,177.667,NaN,NaN,NaN,NaN,NaN,0,586,500,55.283,47.170,475,44.811
5331,5331,177.700,NaN,NaN,NaN,NaN,NaN,0,586,500,55.283,47.170,475,44.811
5332,5332,177.733,NaN,NaN,NaN,NaN,NaN,0,586,500,55.283,47.170,475,44.811
5333,5333,177.767,NaN,NaN,NaN,NaN,NaN,0,586,500,55.283,47.170,475,44.811
5334,5334,177.800,NaN,NaN,NaN,NaN,NaN,0,586,500,55.283,47.170,475,44.811
5335,5335,177.833,NaN,NaN,NaN,NaN,NaN,0,586,500,55.283,47.170,475,44.811
5336,5336,177.867,NaN,NaN,NaN,NaN,NaN,0,586,500,55.283,47.170,475,44.811
5337,5337,177.900,NaN,NaN,NaN,NaN,NaN,0,586,500,55.283,47.170,475,44.811
5338,5338,177.933,NaN,NaN,NaN,NaN,NaN,0,586,500,55.283,47.170,475,44.811
5339,5339,177.967,NaN,NaN,NaN,NaN,NaN,0,586,500,55.283,47.170,475,44.811
5340,5340,178.000,NaN,NaN,NaN,NaN,NaN,0,586,500,55.283,47.170,475,44.811
5341,5341,178.033,NaN,NaN,NaN,NaN,NaN,0,586,500,55.283,47.170,475,44.811
5342,5342,178.067,NaN,NaN,NaN,NaN,NaN,0,586,500,55.283,47.170,475,44.811
5343,5343,178.100,NaN,NaN,NaN,NaN,NaN,0,586,500,55.283,47.170,475,44.811
5344,5344,178.133,NaN,NaN,NaN,NaN,NaN,0,586,500,55.283,47.170,475,44.811
5345,5345,178.167,NaN,NaN,NaN,NaN,NaN,0,586,500,55.283,47.170,475,44.811
5346,5346,178.200,NaN,NaN,NaN,NaN,NaN,0,586,500,55.283,47.170,475,44.811
5347,5347,178.233,NaN,NaN,NaN,NaN,NaN,0,586,500,55.283,47.170,475,44.811
5348,5348,178.267,NaN,NaN,NaN,NaN,NaN,0,586,500,55.283,47.170,475,44.811
5349,5349,178.300,NaN,NaN,NaN,NaN,NaN,0,586,500,55.283,47.170,475,44.811
5350,5350,178.333,NaN,NaN,NaN,NaN,NaN,0,586,500,55.283,47.170,475,44.811
5351,5351,178.367,NaN,NaN,NaN,NaN,NaN,0,586,500,55.283,47.170,475,44.811
5352,5352,178.400,NaN,NaN,NaN,NaN,NaN,0,586,500,55.283,47.170,475,44.811
5353,5353,178.433,NaN,NaN,NaN,NaN,NaN,0,586,500,55.283,47.170,475,44.811
5354,5354,178.467,NaN,NaN,NaN,NaN,NaN,0,586,500,55.283,47.170,475,44.811
5355,5355,178.500,NaN,NaN,NaN,NaN,NaN,0,586,500,55.283,47.170,475,44.811
5356,5356,178.533,NaN,NaN,NaN,NaN,NaN,0,586,500,55.283,47.170,475,44.811
5357,5357,178.567,NaN,NaN,NaN,NaN,NaN,0,586,500,55.283,47.170,475,44.811
5358,5358,178.600,NaN,NaN,NaN,NaN,NaN,0,586,500,55.283,47.170,475,44.811
5359,5359,178.633,NaN,NaN,NaN,NaN,NaN,0,586,500,55.283,47.170,475,44.811
5360,5360,178.667,NaN,NaN,NaN,NaN,NaN,0,586,500,55.283,47.170,475,44.811
5361,5361,178.700,NaN,NaN,NaN,NaN,NaN,0,586,500,55.283,47.170,475,44.811
5362,5362,178.733,NaN,NaN,NaN,NaN,NaN,0,586,500,55.283,47.170,475,44.811
5363,5363,178.767,NaN,NaN,NaN,NaN,NaN,0,586,500,55.283,47.170,475,44.811
5364,5364,178.800,NaN,NaN,NaN,NaN,NaN,0,586,500,55.283,47.170,475,44.811
5365,5365,178.833,NaN,NaN,NaN,NaN,NaN,0,586,500,55.283,47.170,475,44.811
5366,5366,178.867,NaN,NaN,NaN,NaN,NaN,0,586,500,55.283,47.170,475,44.811
5367,5367,178.900,NaN,NaN,NaN,NaN,NaN,0,586,500,55.283,47.170,475,44.811
5368,5368,178.933,NaN,NaN,NaN,NaN,NaN,0,586,500,55.283,47.170,475,44.811
5369,5369,178.967,NaN,NaN,NaN,NaN,NaN,0,586,500,55.283,47.170,475,44.811
5370,5370,179.000,NaN,NaN,NaN,NaN,NaN,0,586,500,55.283,47.170,475,44.811
5371,5371,179.033,NaN,NaN,NaN,NaN,NaN,0,586,500,55.283,47.170,475,44.811
5372,5372,179.067,NaN,NaN,NaN,NaN,NaN,0,586,500,55.283,47.170,475,44.811
5373,5373,179.100,NaN,NaN,NaN,NaN,NaN,0,586,500,55.283,47.170,475,44.811
5374,5374,179.133,NaN,NaN,NaN,NaN,NaN,0,586,500,55.283,47.170,475,44.811
5375,5375,179.167,NaN,NaN,NaN,NaN,NaN,0,586,500,55.283,47.170,475,44.811
5376,5376,179.200,NaN,NaN,NaN,NaN,NaN,0,586,500,55.283,47.170,475,44.811
5377,5377,179.233,NaN,NaN,NaN,NaN,NaN,0,586,500,55.283,47.170,475,44.811
5378,5378,179.267,NaN,NaN,NaN,NaN,NaN,0,586,500,55.283,47.170,475,44.811
5379,5379,179.300,NaN,NaN,NaN,NaN,NaN,0,586,500,55.283,47.170,475,44.811
5380,5380,179.333,NaN,NaN,NaN,NaN,NaN,0,586,500,55.283,47.170,475,44.811
5381,5381,179.367,NaN,NaN,NaN,NaN,NaN,0,586,500,55.283,47.170,475,44.811
5382,5382,179.400,NaN,NaN,NaN,NaN,NaN,0,586,500,55.283,47.170,475,44.811
5383,5383,179.433,NaN,NaN,NaN,NaN,NaN,0,586,500,55.283,47.170,475,44.811
5384,5384,179.467,NaN,NaN,NaN,NaN,NaN,0,586,500,55.283,47.170,475,44.811
5385,5385,179.500,NaN,NaN,NaN,NaN,NaN,0,586,500,55.283,47.170,475,44.811
5386,5386,179.533,NaN,NaN,NaN,NaN,NaN,0,586,500,55.283,47.170,475,44.811
5387,5387,179.567,NaN,NaN,NaN,NaN,NaN,0,586,500,55.283,47.170,475,44.811
5388,5388,179.600,NaN,NaN,NaN,NaN,NaN,0,586,500,55.283,47.170,475,44.811
5389,5389,179.633,NaN,NaN,NaN,NaN,NaN,0,586,500,55.283,47.170,475,44.811
5390,5390,179.667,NaN,NaN,NaN,NaN,NaN,0,586,500,55.283,47.170,475,44.811
5391,5391,179.700,NaN,NaN,NaN,NaN,NaN,0,586,500,55.283,47.170,475,44.811
5392,5392,179.733,NaN,NaN,NaN,NaN,NaN,0,586,500,55.283,47.170,475,44.811
5393,5393,179.767,NaN,NaN,NaN,NaN,NaN,0,586,500,55.283,47.170,475,44.811
5394,5394,179.800,NaN,NaN,NaN,NaN,NaN,0,586,500,55.283,47.170,475,44.811
5395,5395,179.833,NaN,NaN,NaN,NaN,NaN,0,586,500,55.283,47.170,475,44.811
5396,5396,179.867,NaN,NaN,NaN,NaN,NaN,0,586,500,55.283,47.170,475,44.811
5397,5397,179.900,NaN,NaN,NaN,NaN,NaN,0,586,500,55.283,47.170,475,44.811
5398,5398,179.933,NaN,NaN,NaN,NaN,NaN,0,586,500,55.283,47.170,475,44.811
5399,5399,179.967,NaN,NaN,NaN,NaN,NaN,0,586,500,55.283,47.170,475,44.811
5400,5400,180.000,NaN,NaN,NaN,NaN,NaN,0,586,500,55.283,47.170,475,44.811
5401,5401,180.033,NaN,NaN,NaN,NaN,NaN,0,586,500,55.283,47.170,475,44.811
5402,5402,180.067,NaN,NaN,NaN,NaN,NaN,0,586,500,55.283,47.170,475,44.811
5403,5403,180.100,NaN,NaN,NaN,NaN,NaN,0,586,500,55.283,47.170,475,44.811
5404,5404,180.133,NaN,NaN,NaN,NaN,NaN,0,586,500,55.283,47.170,475,44.811
