 ,Frame,Time_s,X_px,Y_px,X_mm,Y_mm,Area_px,Detected,Arena_center_X_px,Arena_center_Y_px,Arena_center_X_mm,Arena_center_Y_mm,Arena_radius_px,Arena_radius_mm
1,1,0.033,645.580,494.984,60.904,46.697,337,1,613,489,57.830,46.132,464,43.774
2,2,0.067,645.580,494.984,60.904,46.697,337,1,613,489,57.830,46.132,464,43.774
3,3,0.100,645.775,495.007,60.922,46.699,339,1,613,489,57.830,46.132,464,43.774
4,4,0.133,645.775,495.007,60.922,46.699,339,1,613,489,57.830,46.132,464,43.774
5,5,0.167,645.718,494.987,60.917,46.697,336,1,613,489,57.830,46.132,464,43.774
6,6,0.200,645.562,495.125,60.902,46.710,333,1,613,489,57.830,46.132,464,43.774
7,7,0.233,645.515,495.120,60.898,46.709,334,1,613,489,57.830,46.132,464,43.774
8,8,0.267,645.364,494.890,60.883,46.688,327,1,613,489,57.830,46.132,464,43.774
9,9,0.300,645.764,495.027,60.921,46.701,334,1,613,489,57.830,46.132,464,43.774
10,10,0.333,646.090,495.571,60.952,46.752,347,1,613,489,57.830,46.132,464,43.774
11,11,0.367,646.538,495.608,60.994,46.755,333,1,613,489,57.830,46.132,464,43.774
12,12,0.400,646.661,495.689,61.006,46.763,334,1,613,489,57.830,46.132,464,43.774
13,13,0.433,646.929,495.609,61.031,46.756,340,1,613,489,57.830,46.132,464,43.774
14,14,0.467,646.903,495.616,61.029,46.756,338,1,613,489,57.830,46.132,464,43.774
15,15,0.500,646.778,495.363,61.017,46.732,328,1,613,489,57.830,46.132,464,43.774
16,16,0.533,646.828,495.176,61.021,46.715,344,1,613,489,57.830,46.132,464,43.774
17,17,0.567,646.711,495.211,61.010,46.718,340,1,613,489,57.830,46.132,464,43.774
18,18,0.600,646.794,495.291,61.018,46.726,336,1,613,489,57.830,46.132,464,43.774
19,19,0.633,646.942,495.518,61.032,46.747,360,1,613,489,57.830,46.132,464,43.774
20,20,0.667,646.678,495.551,61.007,46.750,346,1,613,489,57.830,46.132,464,43.774
21,21,0.700,646.377,495.357,60.979,46.732,345,1,613,489,57.830,46.132,464,43.774
22,22,0.733,646.717,495.695,61.011,46.764,367,1,613,489,57.830,46.132,464,43.774
23,23,0.767,646.356,495.824,60.977,46.776,345,1,613,489,57.830,46.132,464,43.774
24,24,0.800,646.527,495.843,60.993,46.778,351,1,613,489,57.830,46.132,464,43.774
25,25,0.833,646.205,495.738,60.963,46.768,368,1,613,489,57.830,46.132,464,43.774
26,26,0.867,646.304,495.809,60.972,46.774,364,1,613,489,57.830,46.132,464,43.774
27,27,0.900,646.368,495.827,60.978,46.776,359,1,613,489,57.830,46.132,464,43.774
28,28,0.933,646.702,495.862,61.010,46.779,365,1,613,489,57.830,46.132,464,43.774
29,29,0.967,646.691,495.688,61.009,46.763,363,1,613,489,57.830,46.132,464,43.774
30,30,1.000,646.727,495.432,61.012,46.739,363,1,613,489,57.830,46.132,464,43.774
31,31,1.033,646.876,495.647,61.026,46.759,376,1,613,489,57.830,46.132,464,43.774
32,32,1.067,647.026,495.568,61.040,46.752,373,1,613,489,57.830,46.132,464,43.774
33,33,1.100,647.178,495.570,61.054,46.752,363,1,613,489,57.830,46.132,464,43.774
34,34,1.133,647.249,495.490,61.061,46.744,375,1,613,489,57.830,46.132,464,43.774
35,35,1.167,647.332,495.043,61.069,46.702,367,1,613,489,57.830,46.132,464,43.774
36,36,1.200,647.545,494.931,61.089,46.692,355,1,613,489,57.830,46.132,464,43.774
37,37,1.233,647.841,495.384,61.117,46.734,369,1,613,489,57.830,46.132,464,43.774
38,38,1.267,648.090,495.506,61.141,46.746,359,1,613,489,57.830,46.132,464,43.774
39,39,1.300,648.286,495.775,61.159,46.771,352,1,613,489,57.830,46.132,464,43.774
40,40,1.333,648.647,496.430,61.193,46.833,371,1,613,489,57.830,46.132,464,43.774
41,41,1.367,648.903,496.761,61.217,46.864,371,1,613,489,57.830,46.132,464,43.774
42,42,1.400,649.276,497.389,61.252,46.924,367,1,613,489,57.830,46.132,464,43.774
43,43,1.433,649.578,497.690,61.281,46.952,389,1,613,489,57.830,46.132,464,43.774
44,44,1.467,650.039,498.128,61.324,46.993,376,1,613,489,57.830,46.132,464,43.774
45,45,1.500,650.802,499.209,61.396,47.095,383,1,613,489,57.830,46.132,464,43.774
46,46,1.533,651.227,499.480,61.437,47.121,406,1,613,489,57.830,46.132,464,43.774
47,47,1.567,651.404,499.650,61.453,47.137,397,1,613,489,57.830,46.132,464,43.774
48,48,1.600,651.873,500.090,61.497,47.178,384,1,613,489,57.830,46.132,464,43.774
49,49,1.633,652.280,500.582,61.536,47.225,398,1,613,489,57.830,46.132,464,43.774
50,50,1.667,652.362,500.831,61.544,47.248,382,1,613,489,57.830,46.132,464,43.774
51,51,1.700,652.465,500.926,61.553,47.257,380,1,613,489,57.830,46.132,464,43.774
52,52,1.733,652.654,501.297,61.571,47.292,386,1,613,489,57.830,46.132,464,43.774
53,53,1.767,652.511,501.282,61.558,47.291,374,1,613,489,57.830,46.132,464,43.774
54,54,1.800,652.585,501.516,61.565,47.313,373,1,613,489,57.830,46.132,464,43.774
55,55,1.833,652.478,501.511,61.555,47.312,394,1,613,489,57.830,46.132,464,43.774
56,56,1.867,652.454,501.552,61.552,47.316,376,1,613,489,57.830,46.132,464,43.774
57,57,1.900,652.640,501.713,61.570,47.331,369,1,613,489,57.830,46.132,464,43.774
58,58,1.933,652.838,501.798,61.589,47.339,386,1,613,489,57.830,46.132,464,43.774
59,59,1.967,652.732,501.508,61.578,47.312,384,1,613,489,57.830,46.132,464,43.774
60,60,2.000,653.113,501.841,61.614,47.344,374,1,613,489,57.830,46.132,464,43.774
61,61,2.033,653.840,502.385,61.683,47.395,386,1,613,489,57.830,46.132,464,43.774
62,62,2.067,654.136,502.582,61.711,47.413,374,1,613,489,57.830,46.132,464,43.774
63,63,2.100,654.345,502.795,61.731,47.434,369,1,613,489,57.830,46.132,464,43.774
64,64,2.133,654.733,503.000,61.767,47.453,384,1,613,489,57.830,46.132,464,43.774
65,65,2.167,655.127,503.225,61.804,47.474,385,1,613,489,57.830,46.132,464,43.774
66,66,2.200,655.971,503.824,61.884,47.531,368,1,613,489,57.830,46.132,464,43.774
67,67,2.233,656.804,504.432,61.963,47.588,385,1,613,489,57.830,46.132,464,43.774
68,68,2.267,657.399,505.066,62.019,47.648,373,1,613,489,57.830,46.132,464,43.774
69,69,2.300,658.109,505.737,62.086,47.711,371,1,613,489,57.830,46.132,464,43.774
70,70,2.333,658.997,506.352,62.170,47.769,390,1,613,489,57.830,46.132,464,43.774
71,71,2.367,659.474,506.775,62.215,47.809,371,1,613,489,57.830,46.132,464,43.774
72,72,2.400,660.292,507.340,62.292,47.862,380,1,613,489,57.830,46.132,464,43.774
73,73,2.433,661.012,507.930,62.360,47.918,394,1,613,489,57.830,46.132,464,43.774
74,74,2.467,660.927,507.847,62.352,47.910,391,1,613,489,57.830,46.132,464,43.774
75,75,2.500,661.248,508.090,62.382,47.933,386,1,613,489,57.830,46.132,464,43.774
76,76,2.533,661.026,508.098,62.361,47.934,401,1,613,489,57.830,46.132,464,43.774
77,77,2.567,661.242,508.256,62.381,47.949,393,1,613,489,57.830,46.132,464,43.774
78,78,2.600,661.361,508.430,62.393,47.965,382,1,613,489,57.830,46.132,464,43.774
79,79,2.633,661.406,508.185,62.397,47.942,395,1,613,489,57.830,46.132,464,43.774
80,80,2.667,661.635,508.150,62.418,47.939,388,1,613,489,57.830,46.132,464,43.774
81,81,2.700,661.765,508.205,62.431,47.944,378,1,613,489,57.830,46.132,464,43.774
82,82,2.733,661.933,508.287,62.447,47.952,398,1,613,489,57.830,46.132,464,43.774
83,83,2.767,662.030,508.270,62.456,47.950,393,1,613,489,57.830,46.132,464,43.774
84,84,2.800,662.643,508.574,62.513,47.979,373,1,613,489,57.830,46.132,464,43.774
85,85,2.833,662.943,508.818,62.542,48.002,400,1,613,489,57.830,46.132,464,43.774
86,86,2.867,663.259,508.820,62.572,48.002,384,1,613,489,57.830,46.132,464,43.774
87,87,2.900,664.069,509.354,62.648,48.052,375,1,613,489,57.830,46.132,464,43.774
88,88,2.933,664.597,509.746,62.698,48.089,403,1,613,489,57.830,46.132,464,43.774
89,89,2.967,665.505,510.054,62.784,48.118,382,1,613,489,57.830,46.132,464,43.774
90,90,3.000,667.026,511.152,62.927,48.222,395,1,613,489,57.830,46.132,464,43.774
91,91,3.033,667.930,511.844,63.012,48.287,412,1,613,489,57.830,46.132,464,43.774
92,92,3.067,668.743,512.261,63.089,48.326,400,1,613,489,57.830,46.132,464,43.774
93,93,3.100,669.683,513.017,63.178,48.398,401,1,613,489,57.830,46.132,464,43.774
94,94,3.133,669.994,513.178,63.207,48.413,408,1,613,489,57.830,46.132,464,43.774
95,95,3.167,670.318,513.344,63.238,48.429,392,1,613,489,57.830,46.132,464,43.774
96,96,3.200,670.772,513.586,63.280,48.452,382,1,613,489,57.830,46.132,464,43.774
97,97,3.233,671.195,513.918,63.320,48.483,405,1,613,489,57.830,46.132,464,43.774
98,98,3.267,671.489,514.092,63.348,48.499,387,1,613,489,57.830,46.132,464,43.774
99,99,3.300,671.542,514.098,63.353,48.500,385,1,613,489,57.830,46.132,464,43.774
100,100,3.333,671.877,514.257,63.385,48.515,393,1,613,489,57.830,46.132,464,43.774
101,101,3.367,671.957,514.213,63.392,48.511,382,1,613,489,57.830,46.132,464,43.774
102,102,3.400,671.982,514.286,63.395,48.518,380,1,613,489,57.830,46.132,464,43.774
103,103,3.433,672.170,514.520,63.412,48.540,400,1,613,489,57.830,46.132,464,43.774
104,104,3.467,672.092,514.384,63.405,48.527,397,1,613,489,57.830,46.132,464,43.774
105,105,3.500,672.431,514.546,63.437,48.542,385,1,613,489,57.830,46.132,464,43.774
106,106,3.533,673.010,514.844,63.492,48.570,408,1,613,489,57.830,46.132,464,43.774
107,107,3.567,673.235,514.866,63.513,48.572,397,1,613,489,57.830,46.132,464,43.774
108,108,3.600,674.120,515.364,63.596,48.619,394,1,613,489,57.830,46.132,464,43.774
109,109,3.633,675.048,515.806,63.684,48.661,392,1,613,489,57.830,46.132,464,43.774
110,110,3.667,675.988,516.421,63.772,48.719,384,1,613,489,57.830,46.132,464,43.774
111,111,3.700,676.858,516.937,63.855,48.768,370,1,613,489,57.830,46.132,464,43.774
112,112,3.733,677.904,517.673,63.953,48.837,392,1,613,489,57.830,46.132,464,43.774
113,113,3.767,678.617,518.060,64.020,48.874,387,1,613,489,57.830,46.132,464,43.774
114,114,3.800,680.271,519.143,64.177,48.976,395,1,613,489,57.830,46.132,464,43.774
115,115,3.833,680.809,519.504,64.227,49.010,414,1,613,489,57.830,46.132,464,43.774
116,116,3.867,681.522,519.845,64.295,49.042,397,1,613,489,57.830,46.132,464,43.774
117,117,3.900,681.782,520.014,64.319,49.058,393,1,613,489,57.830,46.132,464,43.774
118,118,3.933,682.158,520.241,64.355,49.079,398,1,613,489,57.830,46.132,464,43.774
119,119,3.967,682.306,520.324,64.369,49.087,394,1,613,489,57.830,46.132,464,43.774
120,120,4.000,682.572,520.473,64.394,49.101,384,1,613,489,57.830,46.132,464,43.774
121,121,4.033,682.256,519.920,64.364,49.049,395,1,613,489,57.830,46.132,464,43.774
122,122,4.067,682.098,519.860,64.349,49.043,398,1,613,489,57.830,46.132,464,43.774
123,123,4.100,682.345,519.978,64.372,49.055,388,1,613,489,57.830,46.132,464,43.774
124,124,4.133,682.262,519.924,64.364,49.049,397,1,613,489,57.830,46.132,464,43.774
125,125,4.167,682.388,520.006,64.376,49.057,394,1,613,489,57.830,46.132,464,43.774
126,126,4.200,682.790,520.332,64.414,49.088,393,1,613,489,57.830,46.132,464,43.774
127,127,4.233,682.995,520.438,64.433,49.098,398,1,613,489,57.830,46.132,464,43.774
128,128,4.267,683.398,520.647,64.471,49.118,386,1,613,489,57.830,46.132,464,43.774
129,129,4.300,683.590,520.856,64.490,49.137,391,1,613,489,57.830,46.132,464,43.774
130,130,4.333,684.611,521.628,64.586,49.210,393,1,613,489,57.830,46.132,464,43.774
131,131,4.367,685.493,522.132,64.669,49.258,377,1,613,489,57.830,46.132,464,43.774
132,132,4.400,686.543,522.882,64.768,49.328,388,1,613,489,57.830,46.132,464,43.774
133,133,4.433,687.408,523.405,64.850,49.378,393,1,613,489,57.830,46.132,464,43.774
134,134,4.467,688.004,523.752,64.906,49.411,379,1,613,489,57.830,46.132,464,43.774
135,135,4.500,689.028,524.370,65.003,49.469,385,1,613,489,57.830,46.132,464,43.774
136,136,4.533,689.937,524.958,65.088,49.524,400,1,613,489,57.830,46.132,464,43.774
137,137,4.567,691.246,525.703,65.212,49.595,401,1,613,489,57.830,46.132,464,43.774
138,138,4.600,692.090,526.223,65.292,49.644,397,1,613,489,57.830,46.132,464,43.774
139,139,4.633,692.026,526.066,65.285,49.629,407,1,613,489,57.830,46.132,464,43.774
140,140,4.667,692.449,526.163,65.325,49.638,391,1,613,489,57.830,46.132,464,43.774
141,141,4.700,692.488,526.238,65.329,49.645,387,1,613,489,57.830,46.132,464,43.774
142,142,4.733,692.561,526.352,65.336,49.656,394,1,613,489,57.830,46.132,464,43.774
143,143,4.767,692.502,526.329,65.330,49.654,390,1,613,489,57.830,46.132,464,43.774
144,144,4.800,692.728,526.581,65.352,49.677,388,1,613,489,57.830,46.132,464,43.774
145,145,4.833,692.842,526.631,65.362,49.682,405,1,613,489,57.830,46.132,464,43.774
146,146,4.867,692.747,526.628,65.354,49.682,397,1,613,489,57.830,46.132,464,43.774
147,147,4.900,693.013,526.828,65.379,49.701,388,1,613,489,57.830,46.132,464,43.774
148,148,4.933,693.376,527.099,65.413,49.726,414,1,613,489,57.830,46.132,464,43.774
149,149,4.967,693.592,527.276,65.433,49.743,391,1,613,489,57.830,46.132,464,43.774
150,150,5.000,694.065,527.557,65.478,49.769,390,1,613,489,57.830,46.132,464,43.774
151,151,5.033,694.695,528.036,65.537,49.815,404,1,613,489,57.830,46.132,464,43.774
152,152,5.067,695.175,528.292,65.583,49.839,396,1,613,489,57.830,46.132,464,43.774
153,153,5.100,696.547,529.103,65.712,49.915,387,1,613,489,57.830,46.132,464,43.774
154,154,5.133,697.333,529.426,65.786,49.946,408,1,613,489,57.830,46.132,464,43.774
155,155,5.167,697.735,529.672,65.824,49.969,397,1,613,489,57.830,46.132,464,43.774
156,156,5.200,699.119,530.358,65.955,50.034,403,1,613,489,57.830,46.132,464,43.774
157,157,5.233,700.126,530.984,66.050,50.093,425,1,613,489,57.830,46.132,464,43.774
158,158,5.267,700.558,531.129,66.090,50.107,403,1,613,489,57.830,46.132,464,43.774
159,159,5.300,701.644,531.688,66.193,50.159,395,1,613,489,57.830,46.132,464,43.774
160,160,5.333,701.584,531.574,66.187,50.149,401,1,613,489,57.830,46.132,464,43.774
161,161,5.367,701.582,531.646,66.187,50.155,397,1,613,489,57.830,46.132,464,43.774
162,162,5.400,701.888,531.837,66.216,50.173,384,1,613,489,57.830,46.132,464,43.774
163,163,5.433,701.980,531.937,66.224,50.183,394,1,613,489,57.830,46.132,464,43.774
164,164,5.467,701.843,531.814,66.212,50.171,379,1,613,489,57.830,46.132,464,43.774
165,165,5.500,701.806,531.809,66.208,50.171,380,1,613,489,57.830,46.132,464,43.774
166,166,5.533,701.637,531.773,66.192,50.167,401,1,613,489,57.830,46.132,464,43.774
167,167,5.567,701.536,531.680,66.183,50.158,390,1,613,489,57.830,46.132,464,43.774
168,168,5.600,701.741,531.806,66.202,50.170,393,1,613,489,57.830,46.132,464,43.774
169,169,5.633,702.024,531.880,66.229,50.177,405,1,613,489,57.830,46.132,464,43.774
170,170,5.667,701.988,531.876,66.225,50.177,393,1,613,489,57.830,46.132,464,43.774
171,171,5.700,702.274,532.004,66.252,50.189,383,1,613,489,57.830,46.132,464,43.774
172,172,5.733,702.616,532.416,66.285,50.228,405,1,613,489,57.830,46.132,464,43.774
173,173,5.767,702.721,532.570,66.294,50.242,400,1,613,489,57.830,46.132,464,43.774
174,174,5.800,703.165,532.919,66.336,50.275,391,1,613,489,57.830,46.132,464,43.774
175,175,5.833,703.495,533.308,66.367,50.312,415,1,613,489,57.830,46.132,464,43.774
176,176,5.867,703.457,533.346,66.364,50.316,411,1,613,489,57.830,46.132,464,43.774
177,177,5.900,703.708,533.514,66.388,50.332,407,1,613,489,57.830,46.132,464,43.774
178,178,5.933,703.522,533.448,66.370,50.325,419,1,613,489,57.830,46.132,464,43.774
179,179,5.967,703.644,533.517,66.381,50.332,413,1,613,489,57.830,46.132,464,43.774
180,180,6.000,703.868,533.676,66.403,50.347,411,1,613,489,57.830,46.132,464,43.774
181,181,6.033,704.632,534.200,66.475,50.396,425,1,613,489,57.830,46.132,464,43.774
182,182,6.067,704.635,534.237,66.475,50.400,413,1,613,489,57.830,46.132,464,43.774
183,183,6.100,704.880,534.448,66.498,50.420,410,1,613,489,57.830,46.132,464,43.774
184,184,6.133,704.948,534.597,66.505,50.434,419,1,613,489,57.830,46.132,464,43.774
185,185,6.167,705.116,534.756,66.520,50.449,416,1,613,489,57.830,46.132,464,43.774
186,186,6.200,705.447,535.137,66.552,50.485,413,1,613,489,57.830,46.132,464,43.774
187,187,6.233,705.741,535.329,66.579,50.503,420,1,613,489,57.830,46.132,464,43.774
188,188,6.267,706.311,535.703,66.633,50.538,398,1,613,489,57.830,46.132,464,43.774
189,189,6.300,706.468,535.828,66.648,50.550,397,1,613,489,57.830,46.132,464,43.774
190,190,6.333,706.598,535.993,66.660,50.565,411,1,613,489,57.830,46.132,464,43.774
191,191,6.367,706.684,536.068,66.668,50.572,410,1,613,489,57.830,46.132,464,43.774
192,192,6.400,707.061,536.287,66.704,50.593,412,1,613,489,57.830,46.132,464,43.774
193,193,6.433,707.308,536.467,66.727,50.610,423,1,613,489,57.830,46.132,464,43.774
194,194,6.467,707.576,536.598,66.752,50.622,417,1,613,489,57.830,46.132,464,43.774
195,195,6.500,707.872,536.734,66.780,50.635,409,1,613,489,57.830,46.132,464,43.774
196,196,6.533,708.132,536.931,66.805,50.654,403,1,613,489,57.830,46.132,464,43.774
197,197,6.567,708.268,536.934,66.818,50.654,399,1,613,489,57.830,46.132,464,43.774
198,198,6.600,708.614,537.121,66.850,50.672,393,1,613,489,57.830,46.132,464,43.774
199,199,6.633,708.768,537.127,66.865,50.672,401,1,613,489,57.830,46.132,464,43.774
200,200,6.667,708.890,537.068,66.876,50.667,395,1,613,489,57.830,46.132,464,43.774
201,201,6.700,709.037,537.163,66.890,50.676,388,1,613,489,57.830,46.132,464,43.774
202,202,6.733,708.755,536.945,66.864,50.655,398,1,613,489,57.830,46.132,464,43.774
203,203,6.767,708.794,536.989,66.867,50.659,392,1,613,489,57.830,46.132,464,43.774
204,204,6.800,708.912,536.945,66.879,50.655,386,1,613,489,57.830,46.132,464,43.774
205,205,6.833,709.053,537.154,66.892,50.675,398,1,613,489,57.830,46.132,464,43.774
206,206,6.867,709.199,537.151,66.906,50.675,391,1,613,489,57.830,46.132,464,43.774
207,207,6.900,709.314,537.314,66.916,50.690,395,1,613,489,57.830,46.132,464,43.774
208,208,6.933,709.443,537.368,66.929,50.695,399,1,613,489,57.830,46.132,464,43.774
209,209,6.967,710.179,537.814,66.998,50.737,399,1,613,489,57.830,46.132,464,43.774
210,210,7.000,710.391,538.054,67.018,50.760,402,1,613,489,57.830,46.132,464,43.774
211,211,7.033,711.369,538.972,67.110,50.846,413,1,613,489,57.830,46.132,464,43.774
212,212,7.067,711.595,539.083,67.132,50.857,413,1,613,489,57.830,46.132,464,43.774
213,213,7.100,711.791,539.266,67.150,50.874,422,1,613,489,57.830,46.132,464,43.774
214,214,7.133,712.209,539.596,67.189,50.905,436,1,613,489,57.830,46.132,464,43.774
215,215,7.167,712.845,540.062,67.250,50.949,450,1,613,489,57.830,46.132,464,43.774
216,216,7.200,713.833,540.719,67.343,51.011,442,1,613,489,57.830,46.132,464,43.774
217,217,7.233,714.711,541.312,67.426,51.067,448,1,613,489,57.830,46.132,464,43.774
218,218,7.267,715.082,541.558,67.461,51.090,424,1,613,489,57.830,46.132,464,43.774
219,219,7.300,715.755,541.958,67.524,51.128,405,1,613,489,57.830,46.132,464,43.774
220,220,7.333,716.137,542.221,67.560,51.153,418,1,613,489,57.830,46.132,464,43.774
221,221,7.367,716.690,542.539,67.612,51.183,401,1,613,489,57.830,46.132,464,43.774
222,222,7.400,717.053,542.691,67.646,51.197,390,1,613,489,57.830,46.132,464,43.774
223,223,7.433,717.362,542.982,67.676,51.225,395,1,613,489,57.830,46.132,464,43.774
224,224,7.467,717.486,543.072,67.687,51.233,388,1,613,489,57.830,46.132,464,43.774
225,225,7.500,717.502,543.102,67.689,51.236,378,1,613,489,57.830,46.132,464,43.774
226,226,7.533,717.374,542.908,67.677,51.218,393,1,613,489,57.830,46.132,464,43.774
227,227,7.567,717.297,542.964,67.669,51.223,388,1,613,489,57.830,46.132,464,43.774
228,228,7.600,717.402,542.990,67.679,51.226,384,1,613,489,57.830,46.132,464,43.774
229,229,7.633,717.420,543.232,67.681,51.248,395,1,613,489,57.830,46.132,464,43.774
230,230,7.667,717.438,543.251,67.683,51.250,393,1,613,489,57.830,46.132,464,43.774
231,231,7.700,717.610,543.375,67.699,51.262,388,1,613,489,57.830,46.132,464,43.774
232,232,7.733,717.970,543.865,67.733,51.308,401,1,613,489,57.830,46.132,464,43.774
233,233,7.767,718.065,543.928,67.742,51.314,400,1,613,489,57.830,46.132,464,43.774
234,234,7.800,718.418,544.289,67.775,51.348,406,1,613,489,57.830,46.132,464,43.774
235,235,7.833,719.408,545.103,67.869,51.425,416,1,613,489,57.830,46.132,464,43.774
236,236,7.867,719.974,545.531,67.922,51.465,406,1,613,489,57.830,46.132,464,43.774
237,237,7.900,720.405,545.930,67.963,51.503,400,1,613,489,57.830,46.132,464,43.774
238,238,7.933,721.475,546.870,68.064,51.591,419,1,613,489,57.830,46.132,464,43.774
239,239,7.967,721.499,547.013,68.066,51.605,406,1,613,489,57.830,46.132,464,43.774
240,240,8.000,722.076,547.687,68.120,51.669,404,1,613,489,57.830,46.132,464,43.774
241,241,8.033,722.336,548.184,68.145,51.715,434,1,613,489,57.830,46.132,464,43.774
242,242,8.067,722.853,548.536,68.194,51.749,406,1,613,489,57.830,46.132,464,43.774
243,243,8.100,723.127,548.660,68.220,51.760,409,1,613,489,57.830,46.132,464,43.774
244,244,8.133,723.475,549.007,68.252,51.793,413,1,613,489,57.830,46.132,464,43.774
245,245,8.167,723.496,548.989,68.254,51.791,407,1,613,489,57.830,46.132,464,43.774
246,246,8.200,723.818,549.245,68.285,51.816,393,1,613,489,57.830,46.132,464,43.774
247,247,8.233,723.843,549.251,68.287,51.816,392,1,613,489,57.830,46.132,464,43.774
248,248,8.267,724.044,549.408,68.306,51.831,386,1,613,489,57.830,46.132,464,43.774
249,249,8.300,724.379,549.499,68.338,51.840,375,1,613,489,57.830,46.132,464,43.774
250,250,8.333,724.348,549.529,68.335,51.842,391,1,613,489,57.830,46.132,464,43.774
251,251,8.367,724.493,549.611,68.348,51.850,387,1,613,489,57.830,46.132,464,43.774
252,252,8.400,724.439,549.457,68.343,51.836,381,1,613,489,57.830,46.132,464,43.774
253,253,8.433,724.428,549.393,68.342,51.830,387,1,613,489,57.830,46.132,464,43.774
254,254,8.467,724.428,549.367,68.342,51.827,385,1,613,489,57.830,46.132,464,43.774
255,255,8.500,724.469,549.342,68.346,51.825,383,1,613,489,57.830,46.132,464,43.774
256,256,8.533,724.596,549.423,68.358,51.832,390,1,613,489,57.830,46.132,464,43.774
257,257,8.567,724.657,549.473,68.364,51.837,385,1,613,489,57.830,46.132,464,43.774
258,258,8.600,724.782,549.681,68.376,51.857,387,1,613,489,57.830,46.132,464,43.774
259,259,8.633,724.949,549.971,68.391,51.884,400,1,613,489,57.830,46.132,464,43.774
260,260,8.667,725.094,550.154,68.405,51.901,399,1,613,489,57.830,46.132,464,43.774
261,261,8.700,725.294,550.592,68.424,51.943,383,1,613,489,57.830,46.132,464,43.774
262,262,8.733,725.660,551.306,68.458,52.010,407,1,613,489,57.830,46.132,464,43.774
263,263,8.767,725.967,551.916,68.487,52.068,402,1,613,489,57.830,46.132,464,43.774
264,264,8.800,726.095,552.283,68.500,52.102,395,1,613,489,57.830,46.132,464,43.774
265,265,8.833,726.912,553.310,68.577,52.199,413,1,613,489,57.830,46.132,464,43.774
266,266,8.867,727.287,553.769,68.612,52.242,406,1,613,489,57.830,46.132,464,43.774
267,267,8.900,727.830,554.427,68.663,52.304,419,1,613,489,57.830,46.132,464,43.774
268,268,8.933,728.082,554.854,68.687,52.345,420,1,613,489,57.830,46.132,464,43.774
269,269,8.967,728.419,555.177,68.719,52.375,415,1,613,489,57.830,46.132,464,43.774
270,270,9.000,728.801,555.362,68.755,52.393,405,1,613,489,57.830,46.132,464,43.774
271,271,9.033,729.052,555.721,68.779,52.426,412,1,613,489,57.830,46.132,464,43.774
272,272,9.067,729.432,556.100,68.814,52.462,392,1,613,489,57.830,46.132,464,43.774
273,273,9.100,729.697,556.370,68.839,52.488,385,1,613,489,57.830,46.132,464,43.774
274,274,9.133,729.875,556.561,68.856,52.506,389,1,613,489,57.830,46.132,464,43.774
275,275,9.167,729.845,556.585,68.853,52.508,382,1,613,489,57.830,46.132,464,43.774
276,276,9.200,729.839,556.753,68.853,52.524,381,1,613,489,57.830,46.132,464,43.774
277,277,9.233,729.915,556.794,68.860,52.528,387,1,613,489,57.830,46.132,464,43.774
278,278,9.267,730.038,556.546,68.872,52.504,374,1,613,489,57.830,46.132,464,43.774
279,279,9.300,730.221,556.651,68.889,52.514,380,1,613,489,57.830,46.132,464,43.774
280,280,9.333,730.371,556.848,68.903,52.533,392,1,613,489,57.830,46.132,464,43.774
281,281,9.367,730.656,556.975,68.930,52.545,390,1,613,489,57.830,46.132,464,43.774
282,282,9.400,730.732,557.038,68.937,52.551,391,1,613,489,57.830,46.132,464,43.774
283,283,9.433,730.945,557.195,68.957,52.566,399,1,613,489,57.830,46.132,464,43.774
284,284,9.467,731.094,557.383,68.971,52.583,394,1,613,489,57.830,46.132,464,43.774
285,285,9.500,731.104,557.425,68.972,52.587,391,1,613,489,57.830,46.132,464,43.774
286,286,9.533,731.347,557.711,68.995,52.614,406,1,613,489,57.830,46.132,464,43.774
287,287,9.567,731.332,557.648,68.994,52.608,400,1,613,489,57.830,46.132,464,43.774
288,288,9.600,731.919,558.416,69.049,52.681,401,1,613,489,57.830,46.132,464,43.774
289,289,9.633,732.107,558.838,69.067,52.721,413,1,613,489,57.830,46.132,464,43.774
290,290,9.667,732.445,559.282,69.099,52.762,400,1,613,489,57.830,46.132,464,43.774
291,291,9.700,732.894,560.090,69.141,52.839,414,1,613,489,57.830,46.132,464,43.774
292,292,9.733,733.378,560.792,69.187,52.905,418,1,613,489,57.830,46.132,464,43.774
293,293,9.767,733.690,561.357,69.216,52.958,412,1,613,489,57.830,46.132,464,43.774
294,294,9.800,734.349,562.470,69.278,53.063,408,1,613,489,57.830,46.132,464,43.774
295,295,9.833,734.786,563.053,69.319,53.118,419,1,613,489,57.830,46.132,464,43.774
296,296,9.867,735.008,563.570,69.340,53.167,399,1,613,489,57.830,46.132,464,43.774
297,297,9.900,735.549,564.246,69.391,53.231,400,1,613,489,57.830,46.132,464,43.774
298,298,9.933,735.950,564.820,69.429,53.285,415,1,613,489,57.830,46.132,464,43.774
299,299,9.967,736.115,565.017,69.445,53.303,406,1,613,489,57.830,46.132,464,43.774
300,300,10.000,736.361,565.269,69.468,53.327,395,1,613,489,57.830,46.132,464,43.774
301,301,10.033,736.357,565.170,69.468,53.318,429,1,613,489,57.830,46.132,464,43.774
302,302,10.067,736.512,565.112,69.482,53.312,406,1,613,489,57.830,46.132,464,43.774
303,303,10.100,736.819,565.356,69.511,53.335,405,1,613,489,57.830,46.132,464,43.774
304,304,10.133,736.669,565.210,69.497,53.322,414,1,613,489,57.830,46.132,464,43.774
305,305,10.167,736.690,565.199,69.499,53.321,413,1,613,489,57.830,46.132,464,43.774
306,306,10.200,736.685,565.188,69.499,53.320,413,1,613,489,57.830,46.132,464,43.774
307,307,10.233,736.794,565.565,69.509,53.355,424,1,613,489,57.830,46.132,464,43.774
308,308,10.267,736.796,565.412,69.509,53.341,417,1,613,489,57.830,46.132,464,43.774
309,309,10.300,736.962,565.760,69.525,53.374,412,1,613,489,57.830,46.132,464,43.774
310,310,10.333,737.214,566.468,69.548,53.440,436,1,613,489,57.830,46.132,464,43.774
311,311,10.367,737.424,566.683,69.568,53.461,423,1,613,489,57.830,46.132,464,43.774
312,312,10.400,737.707,567.158,69.595,53.505,416,1,613,489,57.830,46.132,464,43.774
313,313,10.433,737.959,567.844,69.619,53.570,428,1,613,489,57.830,46.132,464,43.774
314,314,10.467,738.208,568.135,69.642,53.598,415,1,613,489,57.830,46.132,464,43.774
315,315,10.500,738.862,569.188,69.704,53.697,421,1,613,489,57.830,46.132,464,43.774
316,316,10.533,739.627,570.465,69.776,53.817,427,1,613,489,57.830,46.132,464,43.774
317,317,10.567,739.924,570.993,69.804,53.867,411,1,613,489,57.830,46.132,464,43.774
318,318,10.600,740.350,571.974,69.844,53.960,420,1,613,489,57.830,46.132,464,43.774
319,319,10.633,740.703,572.437,69.878,54.004,417,1,613,489,57.830,46.132,464,43.774
320,320,10.667,740.925,572.753,69.899,54.033,398,1,613,489,57.830,46.132,464,43.774
321,321,10.700,741.102,573.213,69.915,54.077,395,1,613,489,57.830,46.132,464,43.774
322,322,10.733,741.397,573.511,69.943,54.105,407,1,613,489,57.830,46.132,464,43.774
323,323,10.767,741.682,573.763,69.970,54.129,400,1,613,489,57.830,46.132,464,43.774
324,324,10.800,741.726,573.903,69.974,54.142,396,1,613,489,57.830,46.132,464,43.774
325,325,10.833,741.870,574.171,69.988,54.167,403,1,613,489,57.830,46.132,464,43.774
326,326,10.867,741.862,574.073,69.987,54.158,390,1,613,489,57.830,46.132,464,43.774
327,327,10.900,741.893,574.115,69.990,54.162,391,1,613,489,57.830,46.132,464,43.774
328,328,10.933,742.037,574.332,70.003,54.182,399,1,613,489,57.830,46.132,464,43.774
329,329,10.967,742.087,574.165,70.008,54.167,386,1,613,489,57.830,46.132,464,43.774
330,330,11.000,742.226,574.488,70.021,54.197,388,1,613,489,57.830,46.132,464,43.774
331,331,11.033,742.254,574.664,70.024,54.214,404,1,613,489,57.830,46.132,464,43.774
332,332,11.067,742.384,574.858,70.036,54.232,399,1,613,489,57.830,46.132,464,43.774
333,333,11.100,742.481,575.037,70.045,54.249,396,1,613,489,57.830,46.132,464,43.774
334,334,11.133,742.608,575.310,70.057,54.275,407,1,613,489,57.830,46.132,464,43.774
335,335,11.167,742.529,575.338,70.050,54.277,404,1,613,489,57.830,46.132,464,43.774
336,336,11.200,742.729,575.701,70.069,54.311,405,1,613,489,57.830,46.132,464,43.774
337,337,11.233,743.033,576.446,70.097,54.382,405,1,613,489,57.830,46.132,464,43.774
338,338,11.267,743.357,576.936,70.128,54.428,392,1,613,489,57.830,46.132,464,43.774
339,339,11.300,743.837,577.825,70.173,54.512,406,1,613,489,57.830,46.132,464,43.774
340,340,11.333,744.390,578.614,70.225,54.586,429,1,613,489,57.830,46.132,464,43.774
341,341,11.367,744.931,579.483,70.277,54.668,419,1,613,489,57.830,46.132,464,43.774
342,342,11.400,745.324,580.176,70.314,54.734,421,1,613,489,57.830,46.132,464,43.774
343,343,11.433,745.939,581.221,70.372,54.832,418,1,613,489,57.830,46.132,464,43.774
344,344,11.467,746.286,581.707,70.404,54.878,402,1,613,489,57.830,46.132,464,43.774
345,345,11.500,746.583,582.270,70.432,54.931,396,1,613,489,57.830,46.132,464,43.774
346,346,11.533,746.848,582.405,70.457,54.944,400,1,613,489,57.830,46.132,464,43.774
347,347,11.567,747.212,582.908,70.492,54.991,380,1,613,489,57.830,46.132,464,43.774
348,348,11.600,747.255,583.045,70.496,55.004,386,1,613,489,57.830,46.132,464,43.774
349,349,11.633,747.357,583.279,70.505,55.026,400,1,613,489,57.830,46.132,464,43.774
350,350,11.667,747.322,582.929,70.502,54.993,379,1,613,489,57.830,46.132,464,43.774
351,351,11.700,747.466,583.099,70.516,55.009,380,1,613,489,57.830,46.132,464,43.774
352,352,11.733,747.222,583.063,70.493,55.006,398,1,613,489,57.830,46.132,464,43.774
353,353,11.767,747.199,582.915,70.490,54.992,384,1,613,489,57.830,46.132,464,43.774
354,354,11.800,747.315,583.207,70.501,55.019,390,1,613,489,57.830,46.132,464,43.774
355,355,11.833,747.214,583.381,70.492,55.036,396,1,613,489,57.830,46.132,464,43.774
356,356,11.867,747.243,583.218,70.495,55.021,390,1,613,489,57.830,46.132,464,43.774
357,357,11.900,747.617,583.997,70.530,55.094,411,1,613,489,57.830,46.132,464,43.774
358,358,11.933,747.671,584.165,70.535,55.110,406,1,613,489,57.830,46.132,464,43.774
359,359,11.967,747.695,584.304,70.537,55.123,399,1,613,489,57.830,46.132,464,43.774
360,360,12.000,748.082,584.977,70.574,55.187,399,1,613,489,57.830,46.132,464,43.774
361,361,12.033,748.467,585.695,70.610,55.254,409,1,613,489,57.830,46.132,464,43.774
362,362,12.067,748.923,586.586,70.653,55.338,395,1,613,489,57.830,46.132,464,43.774
363,363,12.100,749.223,587.244,70.681,55.400,399,1,613,489,57.830,46.132,464,43.774
364,364,12.133,749.645,588.076,70.721,55.479,404,1,613,489,57.830,46.132,464,43.774
365,365,12.167,749.788,588.366,70.735,55.506,398,1,613,489,57.830,46.132,464,43.774
366,366,12.200,750.561,589.661,70.808,55.628,402,1,613,489,57.830,46.132,464,43.774
367,367,12.233,750.803,589.897,70.830,55.651,404,1,613,489,57.830,46.132,464,43.774
368,368,12.267,751.159,590.269,70.864,55.686,387,1,613,489,57.830,46.132,464,43.774
369,369,12.300,751.686,590.995,70.914,55.754,389,1,613,489,57.830,46.132,464,43.774
370,370,12.333,752.110,591.607,70.954,55.812,406,1,613,489,57.830,46.132,464,43.774
371,371,12.367,752.467,592.055,70.987,55.854,387,1,613,489,57.830,46.132,464,43.774
372,372,12.400,752.559,592.425,70.996,55.889,395,1,613,489,57.830,46.132,464,43.774
373,373,12.433,752.724,592.561,71.012,55.902,401,1,613,489,57.830,46.132,464,43.774
374,374,12.467,752.720,592.540,71.011,55.900,397,1,613,489,57.830,46.132,464,43.774
375,375,12.500,752.712,592.595,71.011,55.905,396,1,613,489,57.830,46.132,464,43.774
376,376,12.533,752.373,592.230,70.979,55.871,404,1,613,489,57.830,46.132,464,43.774
377,377,12.567,752.130,592.040,70.956,55.853,376,1,613,489,57.830,46.132,464,43.774
378,378,12.600,752.090,592.161,70.952,55.864,381,1,613,489,57.830,46.132,464,43.774
379,379,12.633,751.909,591.913,70.935,55.841,399,1,613,489,57.830,46.132,464,43.774
380,380,12.667,751.929,591.786,70.937,55.829,390,1,613,489,57.830,46.132,464,43.774
381,381,12.700,751.901,591.874,70.934,55.837,395,1,613,489,57.830,46.132,464,43.774
382,382,12.733,752.019,592.321,70.945,55.879,414,1,613,489,57.830,46.132,464,43.774
383,383,12.767,752.100,592.361,70.953,55.883,398,1,613,489,57.830,46.132,464,43.774
384,384,12.800,752.523,593.101,70.993,55.953,412,1,613,489,57.830,46.132,464,43.774
385,385,12.833,752.593,593.283,70.999,55.970,413,1,613,489,57.830,46.132,464,43.774
386,386,12.867,752.680,593.452,71.008,55.986,414,1,613,489,57.830,46.132,464,43.774
387,387,12.900,752.805,593.772,71.019,56.016,422,1,613,489,57.830,46.132,464,43.774
388,388,12.933,753.025,594.238,71.040,56.060,443,1,613,489,57.830,46.132,464,43.774
389,389,12.967,753.328,594.675,71.069,56.101,421,1,613,489,57.830,46.132,464,43.774
390,390,13.000,753.548,594.807,71.089,56.114,427,1,613,489,57.830,46.132,464,43.774
391,391,13.033,753.791,594.841,71.112,56.117,438,1,613,489,57.830,46.132,464,43.774
392,392,13.067,754.293,595.487,71.160,56.178,427,1,613,489,57.830,46.132,464,43.774
393,393,13.100,754.809,596.079,71.208,56.234,446,1,613,489,57.830,46.132,464,43.774
394,394,13.133,754.940,596.156,71.221,56.241,454,1,613,489,57.830,46.132,464,43.774
395,395,13.167,754.963,596.186,71.223,56.244,445,1,613,489,57.830,46.132,464,43.774
396,396,13.200,755.101,596.422,71.236,56.266,452,1,613,489,57.830,46.132,464,43.774
397,397,13.233,755.354,596.799,71.260,56.302,463,1,613,489,57.830,46.132,464,43.774
398,398,13.267,755.339,596.807,71.258,56.303,455,1,613,489,57.830,46.132,464,43.774
399,399,13.300,755.321,596.780,71.257,56.300,453,1,613,489,57.830,46.132,464,43.774
400,400,13.333,755.333,596.733,71.258,56.296,466,1,613,489,57.830,46.132,464,43.774
401,401,13.367,755.578,597.051,71.281,56.326,460,1,613,489,57.830,46.132,464,43.774
402,402,13.400,755.516,597.110,71.275,56.331,445,1,613,489,57.830,46.132,464,43.774
403,403,13.433,756.026,597.766,71.323,56.393,451,1,613,489,57.830,46.132,464,43.774
404,404,13.467,756.076,597.854,71.328,56.401,433,1,613,489,57.830,46.132,464,43.774
405,405,13.500,756.554,598.391,71.373,56.452,429,1,613,489,57.830,46.132,464,43.774
406,406,13.533,756.633,598.620,71.380,56.474,438,1,613,489,57.830,46.132,464,43.774
407,407,13.567,756.935,599.047,71.409,56.514,407,1,613,489,57.830,46.132,464,43.774
408,408,13.600,757.174,599.407,71.432,56.548,405,1,613,489,57.830,46.132,464,43.774
409,409,13.633,757.292,599.564,71.443,56.563,410,1,613,489,57.830,46.132,464,43.774
410,410,13.667,757.478,599.815,71.460,56.586,399,1,613,489,57.830,46.132,464,43.774
411,411,13.700,757.577,599.840,71.470,56.589,398,1,613,489,57.830,46.132,464,43.774
412,412,13.733,757.528,599.914,71.465,56.596,416,1,613,489,57.830,46.132,464,43.774
413,413,13.767,757.618,600.109,71.473,56.614,393,1,613,489,57.830,46.132,464,43.774
414,414,13.800,757.636,600.282,71.475,56.630,392,1,613,489,57.830,46.132,464,43.774
415,415,13.833,757.653,600.462,71.477,56.647,412,1,613,489,57.830,46.132,464,43.774
416,416,13.867,757.668,600.542,71.478,56.655,398,1,613,489,57.830,46.132,464,43.774
417,417,13.900,757.954,600.889,71.505,56.688,398,1,613,489,57.830,46.132,464,43.774
418,418,13.933,757.897,600.720,71.500,56.672,409,1,613,489,57.830,46.132,464,43.774
419,419,13.967,758.006,600.998,71.510,56.698,393,1,613,489,57.830,46.132,464,43.774
420,420,14.000,758.052,601.050,71.514,56.703,400,1,613,489,57.830,46.132,464,43.774
421,421,14.033,758.391,601.298,71.546,56.726,427,1,613,489,57.830,46.132,464,43.774
422,422,14.067,758.265,601.078,71.534,56.705,390,1,613,489,57.830,46.132,464,43.774
423,423,14.100,758.488,601.414,71.555,56.737,395,1,613,489,57.830,46.132,464,43.774
424,424,14.133,758.512,601.533,71.558,56.748,409,1,613,489,57.830,46.132,464,43.774
425,425,14.167,758.648,601.732,71.571,56.767,402,1,613,489,57.830,46.132,464,43.774
426,426,14.200,758.911,601.917,71.595,56.785,401,1,613,489,57.830,46.132,464,43.774
427,427,14.233,759.367,602.378,71.638,56.828,420,1,613,489,57.830,46.132,464,43.774
428,428,14.267,759.826,602.899,71.682,56.877,420,1,613,489,57.830,46.132,464,43.774
429,429,14.300,760.489,603.936,71.744,56.975,443,1,613,489,57.830,46.132,464,43.774
430,430,14.333,760.870,604.609,71.780,57.039,460,1,613,489,57.830,46.132,464,43.774
431,431,14.367,761.390,605.256,71.829,57.100,443,1,613,489,57.830,46.132,464,43.774
432,432,14.400,761.749,605.662,71.863,57.138,448,1,613,489,57.830,46.132,464,43.774
433,433,14.433,762.018,606.041,71.889,57.174,450,1,613,489,57.830,46.132,464,43.774
434,434,14.467,762.331,606.311,71.918,57.199,431,1,613,489,57.830,46.132,464,43.774
435,435,14.500,762.478,606.554,71.932,57.222,427,1,613,489,57.830,46.132,464,43.774
436,436,14.533,762.398,606.463,71.924,57.213,429,1,613,489,57.830,46.132,464,43.774
437,437,14.567,762.824,606.971,71.965,57.261,408,1,613,489,57.830,46.132,464,43.774
438,438,14.600,763.013,607.203,71.982,57.283,404,1,613,489,57.830,46.132,464,43.774
439,439,14.633,763.176,607.714,71.998,57.332,411,1,613,489,57.830,46.132,464,43.774
440,440,14.667,763.259,607.786,72.006,57.338,396,1,613,489,57.830,46.132,464,43.774
441,441,14.700,763.339,607.996,72.013,57.358,403,1,613,489,57.830,46.132,464,43.774
442,442,14.733,763.348,608.007,72.014,57.359,408,1,613,489,57.830,46.132,464,43.774
443,443,14.767,763.267,608.040,72.006,57.362,396,1,613,489,57.830,46.132,464,43.774
444,444,14.800,763.440,608.259,72.023,57.383,404,1,613,489,57.830,46.132,464,43.774
445,445,14.833,763.462,608.362,72.025,57.393,408,1,613,489,57.830,46.132,464,43.774
446,446,14.867,763.567,608.433,72.035,57.399,397,1,613,489,57.830,46.132,464,43.774
447,447,14.900,763.795,608.616,72.056,57.417,398,1,613,489,57.830,46.132,464,43.774
448,448,14.933,763.774,608.637,72.054,57.419,404,1,613,489,57.830,46.132,464,43.774
449,449,14.967,763.801,608.580,72.057,57.413,397,1,613,489,57.830,46.132,464,43.774
450,450,15.000,763.865,608.938,72.063,57.447,405,1,613,489,57.830,46.132,464,43.774
451,451,15.033,763.952,609.001,72.071,57.453,414,1,613,489,57.830,46.132,464,43.774
452,452,15.067,763.934,608.999,72.069,57.453,400,1,613,489,57.830,46.132,464,43.774
453,453,15.100,764.097,609.351,72.085,57.486,407,1,613,489,57.830,46.132,464,43.774
454,454,15.133,764.432,610.067,72.116,57.553,415,1,613,489,57.830,46.132,464,43.774
455,455,15.167,764.709,610.513,72.142,57.596,408,1,613,489,57.830,46.132,464,43.774
456,456,15.200,764.886,611.223,72.159,57.663,421,1,613,489,57.830,46.132,464,43.774
457,457,15.233,765.388,612.170,72.206,57.752,430,1,613,489,57.830,46.132,464,43.774
458,458,15.267,765.782,612.888,72.244,57.820,409,1,613,489,57.830,46.132,464,43.774
459,459,15.300,766.498,614.143,72.311,57.938,430,1,613,489,57.830,46.132,464,43.774
460,460,15.333,767.011,615.198,72.360,58.038,445,1,613,489,57.830,46.132,464,43.774
461,461,15.367,767.371,615.804,72.394,58.095,436,1,613,489,57.830,46.132,464,43.774
462,462,15.400,767.933,616.702,72.446,58.179,445,1,613,489,57.830,46.132,464,43.774
463,463,15.433,768.221,617.252,72.474,58.231,441,1,613,489,57.830,46.132,464,43.774
464,464,15.467,768.259,617.096,72.477,58.217,410,1,613,489,57.830,46.132,464,43.774
465,465,15.500,768.609,617.781,72.510,58.281,408,1,613,489,57.830,46.132,464,43.774
466,466,15.533,768.619,617.711,72.511,58.275,414,1,613,489,57.830,46.132,464,43.774
467,467,15.567,768.918,617.936,72.539,58.296,399,1,613,489,57.830,46.132,464,43.774
468,468,15.600,768.943,617.969,72.542,58.299,400,1,613,489,57.830,46.132,464,43.774
469,469,15.633,768.942,617.924,72.542,58.295,403,1,613,489,57.830,46.132,464,43.774
470,470,15.667,769.142,618.053,72.561,58.307,389,1,613,489,57.830,46.132,464,43.774
471,471,15.700,769.231,618.170,72.569,58.318,403,1,613,489,57.830,46.132,464,43.774
472,472,15.733,769.263,618.317,72.572,58.332,414,1,613,489,57.830,46.132,464,43.774
473,473,15.767,769.153,618.113,72.562,58.313,397,1,613,489,57.830,46.132,464,43.774
474,474,15.800,769.122,618.254,72.559,58.326,398,1,613,489,57.830,46.132,464,43.774
475,475,15.833,769.309,618.766,72.576,58.374,410,1,613,489,57.830,46.132,464,43.774
476,476,15.867,769.361,618.910,72.581,58.388,393,1,613,489,57.830,46.132,464,43.774
477,477,15.900,769.316,619.073,72.577,58.403,405,1,613,489,57.830,46.132,464,43.774
478,478,15.933,769.451,619.611,72.590,58.454,413,1,613,489,57.830,46.132,464,43.774
479,479,15.967,769.639,620.019,72.607,58.492,399,1,613,489,57.830,46.132,464,43.774
480,480,16.000,769.887,620.834,72.631,58.569,408,1,613,489,57.830,46.132,464,43.774
481,481,16.033,770.070,621.650,72.648,58.646,412,1,613,489,57.830,46.132,464,43.774
482,482,16.067,770.606,622.770,72.699,58.752,402,1,613,489,57.830,46.132,464,43.774
483,483,16.100,770.554,623.010,72.694,58.775,418,1,613,489,57.830,46.132,464,43.774
484,484,16.133,770.826,623.689,72.719,58.839,425,1,613,489,57.830,46.132,464,43.774
485,485,16.167,770.973,624.190,72.733,58.886,417,1,613,489,57.830,46.132,464,43.774
486,486,16.200,771.555,625.483,72.788,59.008,436,1,613,489,57.830,46.132,464,43.774
487,487,16.233,771.925,626.126,72.823,59.068,425,1,613,489,57.830,46.132,464,43.774
488,488,16.267,772.201,626.634,72.849,59.116,411,1,613,489,57.830,46.132,464,43.774
489,489,16.300,772.566,627.377,72.884,59.187,405,1,613,489,57.830,46.132,464,43.774
490,490,16.333,772.669,627.520,72.893,59.200,408,1,613,489,57.830,46.132,464,43.774
491,491,16.367,772.849,627.745,72.910,59.221,390,1,613,489,57.830,46.132,464,43.774
492,492,16.400,772.899,627.671,72.915,59.214,393,1,613,489,57.830,46.132,464,43.774
493,493,16.433,772.955,627.560,72.920,59.204,394,1,613,489,57.830,46.132,464,43.774
494,494,16.467,773.326,628.146,72.955,59.259,389,1,613,489,57.830,46.132,464,43.774
495,495,16.500,773.464,628.244,72.968,59.268,400,1,613,489,57.830,46.132,464,43.774
496,496,16.533,773.497,628.319,72.971,59.275,407,1,613,489,57.830,46.132,464,43.774
497,497,16.567,773.482,628.166,72.970,59.261,393,1,613,489,57.830,46.132,464,43.774
498,498,16.600,773.511,628.318,72.973,59.275,403,1,613,489,57.830,46.132,464,43.774
499,499,16.633,773.513,628.332,72.973,59.277,404,1,613,489,57.830,46.132,464,43.774
500,500,16.667,773.637,628.500,72.985,59.292,388,1,613,489,57.830,46.132,464,43.774
501,501,16.700,773.704,628.977,72.991,59.337,397,1,613,489,57.830,46.132,464,43.774
502,502,16.733,773.658,628.889,72.987,59.329,402,1,613,489,57.830,46.132,464,43.774
503,503,16.767,774.098,629.710,73.028,59.407,388,1,613,489,57.830,46.132,464,43.774
504,504,16.800,774.243,630.335,73.042,59.466,398,1,613,489,57.830,46.132,464,43.774
505,505,16.833,774.550,631.133,73.071,59.541,408,1,613,489,57.830,46.132,464,43.774
506,506,16.867,774.832,631.642,73.097,59.589,385,1,613,489,57.830,46.132,464,43.774
507,507,16.900,775.137,632.513,73.126,59.671,401,1,613,489,57.830,46.132,464,43.774
508,508,16.933,775.435,633.304,73.154,59.746,408,1,613,489,57.830,46.132,464,43.774
509,509,16.967,775.904,634.657,73.198,59.873,393,1,613,489,57.830,46.132,464,43.774
510,510,17.000,776.243,635.416,73.231,59.945,402,1,613,489,57.830,46.132,464,43.774
511,511,17.033,776.539,636.237,73.258,60.022,403,1,613,489,57.830,46.132,464,43.774
512,512,17.067,776.757,636.928,73.279,60.088,385,1,613,489,57.830,46.132,464,43.774
513,513,17.100,776.904,637.193,73.293,60.113,391,1,613,489,57.830,46.132,464,43.774
514,514,17.133,777.092,637.480,73.311,60.140,396,1,613,489,57.830,46.132,464,43.774
515,515,17.167,777.290,638.066,73.329,60.195,396,1,613,489,57.830,46.132,464,43.774
516,516,17.200,777.290,638.066,73.329,60.195,396,1,613,489,57.830,46.132,464,43.774
517,517,17.233,777.287,637.803,73.329,60.170,405,1,613,489,57.830,46.132,464,43.774
518,518,17.267,777.327,637.796,73.333,60.169,392,1,613,489,57.830,46.132,464,43.774
519,519,17.300,777.263,637.911,73.327,60.180,402,1,613,489,57.830,46.132,464,43.774
520,520,17.333,777.295,637.862,73.330,60.176,411,1,613,489,57.830,46.132,464,43.774
521,521,17.367,777.283,637.903,73.329,60.180,405,1,613,489,57.830,46.132,464,43.774
522,522,17.400,777.333,638.137,73.333,60.202,403,1,613,489,57.830,46.132,464,43.774
523,523,17.433,777.438,638.373,73.343,60.224,407,1,613,489,57.830,46.132,464,43.774
524,524,17.467,777.475,638.503,73.347,60.236,394,1,613,489,57.830,46.132,464,43.774
525,525,17.500,777.550,638.997,73.354,60.283,399,1,613,489,57.830,46.132,464,43.774
526,526,17.533,777.641,639.653,73.362,60.345,401,1,613,489,57.830,46.132,464,43.774
527,527,17.567,777.878,640.502,73.385,60.425,389,1,613,489,57.830,46.132,464,43.774
528,528,17.600,777.982,641.476,73.395,60.517,401,1,613,489,57.830,46.132,464,43.774
529,529,17.633,778.324,642.645,73.427,60.627,416,1,613,489,57.830,46.132,464,43.774
530,530,17.667,778.646,643.361,73.457,60.694,402,1,613,489,57.830,46.132,464,43.774
531,531,17.700,778.831,644.345,73.475,60.787,414,1,613,489,57.830,46.132,464,43.774
532,532,17.733,779.076,645.141,73.498,60.862,418,1,613,489,57.830,46.132,464,43.774
533,533,17.767,779.435,645.990,73.532,60.942,407,1,613,489,57.830,46.132,464,43.774
534,534,17.800,779.715,647.141,73.558,61.051,410,1,613,489,57.830,46.132,464,43.774
535,535,17.833,779.843,647.407,73.570,61.076,403,1,613,489,57.830,46.132,464,43.774
536,536,17.867,779.943,647.683,73.580,61.102,393,1,613,489,57.830,46.132,464,43.774
537,537,17.900,780.074,647.784,73.592,61.112,395,1,613,489,57.830,46.132,464,43.774
538,538,17.933,780.201,647.933,73.604,61.126,401,1,613,489,57.830,46.132,464,43.774
539,539,17.967,780.328,648.042,73.616,61.136,390,1,613,489,57.830,46.132,464,43.774
540,540,18.000,780.336,648.114,73.617,61.143,392,1,613,489,57.830,46.132,464,43.774
541,541,18.033,780.338,647.885,73.617,61.121,408,1,613,489,57.830,46.132,464,43.774
542,542,18.067,780.270,647.856,73.610,61.118,386,1,613,489,57.830,46.132,464,43.774
543,543,18.100,780.306,648.308,73.614,61.161,400,1,613,489,57.830,46.132,464,43.774
544,544,18.133,780.420,648.433,73.625,61.173,405,1,613,489,57.830,46.132,464,43.774
545,545,18.167,780.441,648.528,73.627,61.182,402,1,613,489,57.830,46.132,464,43.774
546,546,18.200,780.454,648.608,73.628,61.189,400,1,613,489,57.830,46.132,464,43.774
547,547,18.233,780.469,648.907,73.629,61.218,408,1,613,489,57.830,46.132,464,43.774
548,548,18.267,780.503,649.132,73.632,61.239,394,1,613,489,57.830,46.132,464,43.774
549,549,18.300,780.585,649.488,73.640,61.272,402,1,613,489,57.830,46.132,464,43.774
550,550,18.333,780.813,650.483,73.662,61.366,409,1,613,489,57.830,46.132,464,43.774
551,551,18.367,781.027,650.930,73.682,61.408,392,1,613,489,57.830,46.132,464,43.774
552,552,18.400,781.370,652.045,73.714,61.514,418,1,613,489,57.830,46.132,464,43.774
553,553,18.433,781.530,652.627,73.729,61.569,421,1,613,489,57.830,46.132,464,43.774
554,554,18.467,781.788,653.503,73.754,61.651,407,1,613,489,57.830,46.132,464,43.774
555,555,18.500,782.118,654.616,73.785,61.756,423,1,613,489,57.830,46.132,464,43.774
556,556,18.533,782.327,655.302,73.804,61.821,434,1,613,489,57.830,46.132,464,43.774
557,557,18.567,782.676,656.302,73.837,61.915,407,1,613,489,57.830,46.132,464,43.774
558,558,18.600,782.766,656.651,73.846,61.948,413,1,613,489,57.830,46.132,464,43.774
559,559,18.633,783.006,657.327,73.868,62.012,413,1,613,489,57.830,46.132,464,43.774
560,560,18.667,783.206,657.729,73.887,62.050,388,1,613,489,57.830,46.132,464,43.774
561,561,18.700,783.299,657.995,73.896,62.075,404,1,613,489,57.830,46.132,464,43.774
562,562,18.733,783.177,657.529,73.885,62.031,414,1,613,489,57.830,46.132,464,43.774
563,563,18.767,783.236,657.542,73.890,62.032,400,1,613,489,57.830,46.132,464,43.774
564,564,18.800,783.335,657.992,73.900,62.075,413,1,613,489,57.830,46.132,464,43.774
565,565,18.833,783.295,658.157,73.896,62.090,416,1,613,489,57.830,46.132,464,43.774
566,566,18.867,783.358,657.832,73.902,62.060,386,1,613,489,57.830,46.132,464,43.774
567,567,18.900,783.363,657.875,73.902,62.064,393,1,613,489,57.830,46.132,464,43.774
568,568,18.933,783.342,658.204,73.900,62.095,407,1,613,489,57.830,46.132,464,43.774
569,569,18.967,783.459,658.468,73.911,62.120,401,1,613,489,57.830,46.132,464,43.774
570,570,19.000,783.448,658.722,73.910,62.144,406,1,613,489,57.830,46.132,464,43.774
571,571,19.033,783.507,658.953,73.916,62.165,411,1,613,489,57.830,46.132,464,43.774
572,572,19.067,783.589,659.427,73.923,62.210,393,1,613,489,57.830,46.132,464,43.774
573,573,19.100,783.624,659.790,73.927,62.244,403,1,613,489,57.830,46.132,464,43.774
574,574,19.133,783.890,660.391,73.952,62.301,409,1,613,489,57.830,46.132,464,43.774
575,575,19.167,784.139,661.077,73.975,62.366,402,1,613,489,57.830,46.132,464,43.774
576,576,19.200,784.225,661.535,73.984,62.409,408,1,613,489,57.830,46.132,464,43.774
577,577,19.233,784.335,662.039,73.994,62.457,426,1,613,489,57.830,46.132,464,43.774
578,578,19.267,784.386,662.529,73.999,62.503,412,1,613,489,57.830,46.132,464,43.774
579,579,19.300,784.587,663.982,74.018,62.640,433,1,613,489,57.830,46.132,464,43.774
580,580,19.333,784.704,664.551,74.029,62.693,436,1,613,489,57.830,46.132,464,43.774
581,581,19.367,785.045,665.513,74.061,62.784,418,1,613,489,57.830,46.132,464,43.774
582,582,19.400,785.161,665.938,74.072,62.824,417,1,613,489,57.830,46.132,464,43.774
583,583,19.433,785.255,666.362,74.081,62.864,418,1,613,489,57.830,46.132,464,43.774
584,584,19.467,785.493,666.975,74.103,62.922,399,1,613,489,57.830,46.132,464,43.774
585,585,19.500,785.424,666.993,74.097,62.924,405,1,613,489,57.830,46.132,464,43.774
586,586,19.533,785.423,667.193,74.096,62.943,408,1,613,489,57.830,46.132,464,43.774
587,587,19.567,785.590,667.255,74.112,62.949,386,1,613,489,57.830,46.132,464,43.774
588,588,19.600,785.571,667.408,74.110,62.963,395,1,613,489,57.830,46.132,464,43.774
589,589,19.633,785.520,667.076,74.106,62.932,407,1,613,489,57.830,46.132,464,43.774
590,590,19.667,785.557,666.933,74.109,62.918,393,1,613,489,57.830,46.132,464,43.774
591,591,19.700,785.654,667.034,74.118,62.928,395,1,613,489,57.830,46.132,464,43.774
592,592,19.733,785.697,666.809,74.122,62.906,395,1,613,489,57.830,46.132,464,43.774
593,593,19.767,785.717,666.747,74.124,62.901,392,1,613,489,57.830,46.132,464,43.774
594,594,19.800,785.760,667.030,74.128,62.927,399,1,613,489,57.830,46.132,464,43.774
595,595,19.833,785.751,666.985,74.127,62.923,406,1,613,489,57.830,46.132,464,43.774
596,596,19.867,785.886,667.247,74.140,62.948,387,1,613,489,57.830,46.132,464,43.774
597,597,19.900,785.900,667.690,74.142,62.990,400,1,613,489,57.830,46.132,464,43.774
598,598,19.933,785.924,668.111,74.144,63.029,411,1,613,489,57.830,46.132,464,43.774
599,599,19.967,785.965,668.236,74.148,63.041,404,1,613,489,57.830,46.132,464,43.774
600,600,20.000,786.027,668.870,74.153,63.101,422,1,613,489,57.830,46.132,464,43.774
601,601,20.033,786.002,669.734,74.151,63.182,415,1,613,489,57.830,46.132,464,43.774
602,602,20.067,786.062,669.990,74.157,63.207,399,1,613,489,57.830,46.132,464,43.774
603,603,20.100,786.047,670.044,74.155,63.212,417,1,613,489,57.830,46.132,464,43.774
604,604,20.133,786.064,670.219,74.157,63.228,421,1,613,489,57.830,46.132,464,43.774
605,605,20.167,786.132,670.595,74.163,63.264,422,1,613,489,57.830,46.132,464,43.774
606,606,20.200,786.065,670.543,74.157,63.259,424,1,613,489,57.830,46.132,464,43.774
607,607,20.233,785.987,670.782,74.150,63.281,439,1,613,489,57.830,46.132,464,43.774
608,608,20.267,786.035,670.917,74.154,63.294,435,1,613,489,57.830,46.132,464,43.774
609,609,20.300,786.039,670.813,74.155,63.284,439,1,613,489,57.830,46.132,464,43.774
610,610,20.333,785.932,671.102,74.145,63.312,455,1,613,489,57.830,46.132,464,43.774
611,611,20.367,786.092,671.350,74.160,63.335,439,1,613,489,57.830,46.132,464,43.774
612,612,20.400,786.180,671.728,74.168,63.371,447,1,613,489,57.830,46.132,464,43.774
613,613,20.433,786.291,671.759,74.178,63.373,453,1,613,489,57.830,46.132,464,43.774
614,614,20.467,786.243,671.653,74.174,63.363,447,1,613,489,57.830,46.132,464,43.774
615,615,20.500,786.300,671.682,74.179,63.366,450,1,613,489,57.830,46.132,464,43.774
616,616,20.533,786.272,671.422,74.177,63.342,442,1,613,489,57.830,46.132,464,43.774
617,617,20.567,786.346,671.306,74.184,63.331,436,1,613,489,57.830,46.132,464,43.774
618,618,20.600,786.338,671.428,74.183,63.342,444,1,613,489,57.830,46.132,464,43.774
619,619,20.633,786.323,671.323,74.181,63.332,453,1,613,489,57.830,46.132,464,43.774
620,620,20.667,786.356,671.386,74.185,63.338,449,1,613,489,57.830,46.132,464,43.774
621,621,20.700,786.382,671.424,74.187,63.342,451,1,613,489,57.830,46.132,464,43.774
622,622,20.733,786.351,671.254,74.184,63.326,457,1,613,489,57.830,46.132,464,43.774
623,623,20.767,786.421,671.297,74.191,63.330,450,1,613,489,57.830,46.132,464,43.774
624,624,20.800,786.463,671.424,74.195,63.342,453,1,613,489,57.830,46.132,464,43.774
625,625,20.833,786.395,671.403,74.188,63.340,459,1,613,489,57.830,46.132,464,43.774
626,626,20.867,786.428,671.441,74.191,63.344,454,1,613,489,57.830,46.132,464,43.774
627,627,20.900,786.381,671.414,74.187,63.341,458,1,613,489,57.830,46.132,464,43.774
628,628,20.933,786.397,671.219,74.188,63.323,461,1,613,489,57.830,46.132,464,43.774
629,629,20.967,786.422,671.236,74.191,63.324,458,1,613,489,57.830,46.132,464,43.774
630,630,21.000,786.423,671.289,74.191,63.329,462,1,613,489,57.830,46.132,464,43.774
631,631,21.033,786.375,671.126,74.186,63.314,467,1,613,489,57.830,46.132,464,43.774
632,632,21.067,786.428,671.097,74.191,63.311,459,1,613,489,57.830,46.132,464,43.774
633,633,21.100,786.413,671.231,74.190,63.324,469,1,613,489,57.830,46.132,464,43.774
634,634,21.133,786.416,671.235,74.190,63.324,471,1,613,489,57.830,46.132,464,43.774
635,635,21.167,786.458,671.309,74.194,63.331,457,1,613,489,57.830,46.132,464,43.774
636,636,21.200,786.485,671.576,74.197,63.356,473,1,613,489,57.830,46.132,464,43.774
637,637,21.233,786.495,671.435,74.198,63.343,474,1,613,489,57.830,46.132,464,43.774
638,638,21.267,786.501,671.465,74.198,63.346,467,1,613,489,57.830,46.132,464,43.774
639,639,21.300,786.546,671.640,74.202,63.362,465,1,613,489,57.830,46.132,464,43.774
640,640,21.333,786.554,671.682,74.203,63.366,468,1,613,489,57.830,46.132,464,43.774
641,641,21.367,786.771,672.135,74.224,63.409,446,1,613,489,57.830,46.132,464,43.774
642,642,21.400,786.923,672.647,74.238,63.457,457,1,613,489,57.830,46.132,464,43.774
643,643,21.433,786.953,672.937,74.241,63.485,443,1,613,489,57.830,46.132,464,43.774
644,644,21.467,787.087,673.329,74.254,63.522,434,1,613,489,57.830,46.132,464,43.774
645,645,21.500,787.293,673.953,74.273,63.580,440,1,613,489,57.830,46.132,464,43.774
646,646,21.533,787.473,674.470,74.290,63.629,441,1,613,489,57.830,46.132,464,43.774
647,647,21.567,787.671,674.919,74.309,63.672,421,1,613,489,57.830,46.132,464,43.774
648,648,21.600,787.755,674.921,74.316,63.672,427,1,613,489,57.830,46.132,464,43.774
649,649,21.633,787.766,674.975,74.318,63.677,427,1,613,489,57.830,46.132,464,43.774
650,650,21.667,787.920,675.162,74.332,63.695,413,1,613,489,57.830,46.132,464,43.774
651,651,21.700,787.931,675.230,74.333,63.701,421,1,613,489,57.830,46.132,464,43.774
652,652,21.733,788.018,675.366,74.341,63.714,423,1,613,489,57.830,46.132,464,43.774
653,653,21.767,787.980,675.486,74.338,63.725,409,1,613,489,57.830,46.132,464,43.774
654,654,21.800,787.776,675.391,74.319,63.716,413,1,613,489,57.830,46.132,464,43.774
655,655,21.833,787.728,675.243,74.314,63.702,414,1,613,489,57.830,46.132,464,43.774
656,656,21.867,787.714,675.192,74.313,63.697,400,1,613,489,57.830,46.132,464,43.774
657,657,21.900,787.697,675.312,74.311,63.709,406,1,613,489,57.830,46.132,464,43.774
658,658,21.933,787.548,675.372,74.297,63.714,423,1,613,489,57.830,46.132,464,43.774
659,659,21.967,787.566,675.315,74.299,63.709,404,1,613,489,57.830,46.132,464,43.774
660,660,22.000,787.671,675.398,74.309,63.717,405,1,613,489,57.830,46.132,464,43.774
661,661,22.033,787.612,675.740,74.303,63.749,421,1,613,489,57.830,46.132,464,43.774
662,662,22.067,787.607,675.621,74.303,63.738,405,1,613,489,57.830,46.132,464,43.774
663,663,22.100,787.644,675.652,74.306,63.741,418,1,613,489,57.830,46.132,464,43.774
664,664,22.133,787.785,675.999,74.319,63.773,431,1,613,489,57.830,46.132,464,43.774
665,665,22.167,787.605,675.695,74.302,63.745,415,1,613,489,57.830,46.132,464,43.774
666,666,22.200,787.598,675.713,74.302,63.746,415,1,613,489,57.830,46.132,464,43.774
667,667,22.233,787.581,675.553,74.300,63.731,417,1,613,489,57.830,46.132,464,43.774
668,668,22.267,787.484,675.905,74.291,63.765,421,1,613,489,57.830,46.132,464,43.774
669,669,22.300,787.429,676.217,74.286,63.794,429,1,613,489,57.830,46.132,464,43.774
670,670,22.333,787.344,676.122,74.278,63.785,436,1,613,489,57.830,46.132,464,43.774
671,671,22.367,787.193,676.509,74.263,63.822,432,1,613,489,57.830,46.132,464,43.774
672,672,22.400,787.081,676.466,74.253,63.818,438,1,613,489,57.830,46.132,464,43.774
673,673,22.433,787.046,676.658,74.250,63.836,444,1,613,489,57.830,46.132,464,43.774
674,674,22.467,787.002,676.683,74.245,63.838,434,1,613,489,57.830,46.132,464,43.774
675,675,22.500,786.981,676.939,74.243,63.862,441,1,613,489,57.830,46.132,464,43.774
676,676,22.533,786.940,676.673,74.240,63.837,453,1,613,489,57.830,46.132,464,43.774
677,677,22.567,786.863,676.727,74.232,63.842,441,1,613,489,57.830,46.132,464,43.774
678,678,22.600,786.836,676.754,74.230,63.845,443,1,613,489,57.830,46.132,464,43.774
679,679,22.633,786.798,676.902,74.226,63.859,448,1,613,489,57.830,46.132,464,43.774
680,680,22.667,786.855,676.743,74.232,63.844,430,1,613,489,57.830,46.132,464,43.774
681,681,22.700,786.723,677.024,74.219,63.870,443,1,613,489,57.830,46.132,464,43.774
682,682,22.733,786.719,677.186,74.219,63.885,448,1,613,489,57.830,46.132,464,43.774
683,683,22.767,786.727,677.138,74.219,63.881,444,1,613,489,57.830,46.132,464,43.774
684,684,22.800,786.693,677.351,74.216,63.901,452,1,613,489,57.830,46.132,464,43.774
685,685,22.833,786.774,677.331,74.224,63.899,466,1,613,489,57.830,46.132,464,43.774
686,686,22.867,786.708,677.551,74.218,63.920,455,1,613,489,57.830,46.132,464,43.774
687,687,22.900,786.681,677.627,74.215,63.927,460,1,613,489,57.830,46.132,464,43.774
688,688,22.933,786.650,677.693,74.212,63.933,468,1,613,489,57.830,46.132,464,43.774
689,689,22.967,786.717,677.513,74.219,63.916,456,1,613,489,57.830,46.132,464,43.774
690,690,23.000,786.663,677.672,74.214,63.931,462,1,613,489,57.830,46.132,464,43.774
691,691,23.033,786.571,677.682,74.205,63.932,471,1,613,489,57.830,46.132,464,43.774
692,692,23.067,786.636,677.736,74.211,63.937,458,1,613,489,57.830,46.132,464,43.774
693,693,23.100,786.610,677.855,74.208,63.949,462,1,613,489,57.830,46.132,464,43.774
694,694,23.133,786.419,677.643,74.190,63.929,479,1,613,489,57.830,46.132,464,43.774
695,695,23.167,786.527,678.055,74.201,63.967,475,1,613,489,57.830,46.132,464,43.774
696,696,23.200,786.498,677.982,74.198,63.961,472,1,613,489,57.830,46.132,464,43.774
697,697,23.233,786.434,678.211,74.192,63.982,476,1,613,489,57.830,46.132,464,43.774
698,698,23.267,786.456,678.259,74.194,63.987,470,1,613,489,57.830,46.132,464,43.774
699,699,23.300,786.391,678.293,74.188,63.990,469,1,613,489,57.830,46.132,464,43.774
700,700,23.333,786.382,678.209,74.187,63.982,473,1,613,489,57.830,46.132,464,43.774
701,701,23.367,786.321,678.073,74.181,63.969,451,1,613,489,57.830,46.132,464,43.774
702,702,23.400,786.311,678.096,74.180,63.971,453,1,613,489,57.830,46.132,464,43.774
703,703,23.433,786.304,678.055,74.180,63.967,459,1,613,489,57.830,46.132,464,43.774
704,704,23.467,786.289,678.004,74.178,63.963,453,1,613,489,57.830,46.132,464,43.774
705,705,23.500,786.218,678.213,74.172,63.982,457,1,613,489,57.830,46.132,464,43.774
706,706,23.533,786.244,678.322,74.174,63.993,459,1,613,489,57.830,46.132,464,43.774
707,707,23.567,786.268,678.161,74.176,63.977,453,1,613,489,57.830,46.132,464,43.774
708,708,23.600,786.175,678.218,74.167,63.983,449,1,613,489,57.830,46.132,464,43.774
709,709,23.633,786.048,678.280,74.155,63.989,465,1,613,489,57.830,46.132,464,43.774
710,710,23.667,786.118,678.329,74.162,63.993,453,1,613,489,57.830,46.132,464,43.774
711,711,23.700,786.117,678.332,74.162,63.994,453,1,613,489,57.830,46.132,464,43.774
712,712,23.733,786.048,678.278,74.155,63.988,460,1,613,489,57.830,46.132,464,43.774
713,713,23.767,786.105,678.183,74.161,63.979,451,1,613,489,57.830,46.132,464,43.774
714,714,23.800,786.071,678.339,74.158,63.994,452,1,613,489,57.830,46.132,464,43.774
715,715,23.833,785.873,678.057,74.139,63.968,455,1,613,489,57.830,46.132,464,43.774
716,716,23.867,785.887,677.681,74.140,63.932,436,1,613,489,57.830,46.132,464,43.774
717,717,23.900,785.819,677.377,74.134,63.903,427,1,613,489,57.830,46.132,464,43.774
718,718,23.933,785.862,677.299,74.138,63.896,424,1,613,489,57.830,46.132,464,43.774
719,719,23.967,785.997,676.615,74.151,63.832,401,1,613,489,57.830,46.132,464,43.774
720,720,24.000,786.107,676.412,74.161,63.812,396,1,613,489,57.830,46.132,464,43.774
721,721,24.033,786.354,675.667,74.184,63.742,408,1,613,489,57.830,46.132,464,43.774
722,722,24.067,786.496,675.064,74.198,63.685,380,1,613,489,57.830,46.132,464,43.774
723,723,24.100,786.676,675.343,74.215,63.712,390,1,613,489,57.830,46.132,464,43.774
724,724,24.133,786.691,674.670,74.216,63.648,382,1,613,489,57.830,46.132,464,43.774
725,725,24.167,786.842,674.623,74.230,63.644,376,1,613,489,57.830,46.132,464,43.774
726,726,24.200,786.925,674.754,74.238,63.656,380,1,613,489,57.830,46.132,464,43.774
727,727,24.233,786.822,674.799,74.228,63.660,394,1,613,489,57.830,46.132,464,43.774
728,728,24.267,786.865,674.586,74.233,63.640,389,1,613,489,57.830,46.132,464,43.774
729,729,24.300,786.954,674.711,74.241,63.652,387,1,613,489,57.830,46.132,464,43.774
730,730,24.333,787.292,675.047,74.273,63.684,408,1,613,489,57.830,46.132,464,43.774
731,731,24.367,787.300,674.739,74.274,63.655,397,1,613,489,57.830,46.132,464,43.774
732,732,24.400,787.545,675.019,74.297,63.681,403,1,613,489,57.830,46.132,464,43.774
733,733,24.433,787.731,675.087,74.314,63.687,410,1,613,489,57.830,46.132,464,43.774
734,734,24.467,787.945,674.999,74.334,63.679,405,1,613,489,57.830,46.132,464,43.774
735,735,24.500,788.192,675.176,74.358,63.696,407,1,613,489,57.830,46.132,464,43.774
736,736,24.533,788.368,675.077,74.374,63.687,419,1,613,489,57.830,46.132,464,43.774
737,737,24.567,788.459,675.264,74.383,63.704,413,1,613,489,57.830,46.132,464,43.774
738,738,24.600,788.717,675.355,74.407,63.713,413,1,613,489,57.830,46.132,464,43.774
739,739,24.633,789.123,675.720,74.446,63.747,439,1,613,489,57.830,46.132,464,43.774
740,740,24.667,789.531,675.965,74.484,63.770,428,1,613,489,57.830,46.132,464,43.774
741,741,24.700,789.842,676.148,74.513,63.788,436,1,613,489,57.830,46.132,464,43.774
742,742,24.733,790.047,676.326,74.533,63.804,444,1,613,489,57.830,46.132,464,43.774
743,743,24.767,790.184,676.561,74.546,63.827,437,1,613,489,57.830,46.132,464,43.774
744,744,24.800,790.311,676.748,74.558,63.844,438,1,613,489,57.830,46.132,464,43.774
745,745,24.833,790.519,676.885,74.577,63.857,445,1,613,489,57.830,46.132,464,43.774
746,746,24.867,790.727,677.036,74.597,63.871,434,1,613,489,57.830,46.132,464,43.774
747,747,24.900,790.994,677.495,74.622,63.915,429,1,613,489,57.830,46.132,464,43.774
748,748,24.933,791.462,677.840,74.666,63.947,426,1,613,489,57.830,46.132,464,43.774
749,749,24.967,791.537,677.924,74.673,63.955,421,1,613,489,57.830,46.132,464,43.774
750,750,25.000,791.741,678.196,74.693,63.981,422,1,613,489,57.830,46.132,464,43.774
751,751,25.033,791.881,678.350,74.706,63.995,426,1,613,489,57.830,46.132,464,43.774
752,752,25.067,791.864,678.558,74.704,64.015,420,1,613,489,57.830,46.132,464,43.774
753,753,25.100,791.887,678.703,74.706,64.029,423,1,613,489,57.830,46.132,464,43.774
754,754,25.133,791.832,678.834,74.701,64.041,434,1,613,489,57.830,46.132,464,43.774
755,755,25.167,791.717,678.948,74.690,64.052,420,1,613,489,57.830,46.132,464,43.774
756,756,25.200,791.797,679.061,74.698,64.062,416,1,613,489,57.830,46.132,464,43.774
757,757,25.233,791.677,679.052,74.687,64.061,436,1,613,489,57.830,46.132,464,43.774
758,758,25.267,791.630,678.970,74.682,64.054,424,1,613,489,57.830,46.132,464,43.774
759,759,25.300,791.765,678.968,74.695,64.054,418,1,613,489,57.830,46.132,464,43.774
760,760,25.333,791.727,678.944,74.691,64.051,438,1,613,489,57.830,46.132,464,43.774
761,761,25.367,791.915,678.881,74.709,64.045,416,1,613,489,57.830,46.132,464,43.774
762,762,25.400,791.981,678.911,74.715,64.048,409,1,613,489,57.830,46.132,464,43.774
763,763,25.433,792.114,678.851,74.728,64.043,416,1,613,489,57.830,46.132,464,43.774
764,764,25.467,792.396,678.945,74.754,64.051,407,1,613,489,57.830,46.132,464,43.774
765,765,25.500,792.487,679.052,74.763,64.062,407,1,613,489,57.830,46.132,464,43.774
766,766,25.533,792.886,679.294,74.801,64.084,419,1,613,489,57.830,46.132,464,43.774
767,767,25.567,793.342,679.481,74.844,64.102,400,1,613,489,57.830,46.132,464,43.774
768,768,25.600,793.658,679.871,74.873,64.139,401,1,613,489,57.830,46.132,464,43.774
769,769,25.633,794.250,680.349,74.929,64.184,415,1,613,489,57.830,46.132,464,43.774
770,770,25.667,794.861,680.988,74.987,64.244,418,1,613,489,57.830,46.132,464,43.774
771,771,25.700,795.580,681.480,75.055,64.291,412,1,613,489,57.830,46.132,464,43.774
772,772,25.733,796.108,682.023,75.105,64.342,429,1,613,489,57.830,46.132,464,43.774
773,773,25.767,796.969,682.827,75.186,64.418,426,1,613,489,57.830,46.132,464,43.774
774,774,25.800,797.740,683.465,75.258,64.478,438,1,613,489,57.830,46.132,464,43.774
775,775,25.833,798.207,683.887,75.303,64.518,447,1,613,489,57.830,46.132,464,43.774
776,776,25.867,798.971,684.522,75.375,64.578,447,1,613,489,57.830,46.132,464,43.774
777,777,25.900,799.359,684.799,75.411,64.604,435,1,613,489,57.830,46.132,464,43.774
778,778,25.933,799.712,685.092,75.445,64.631,436,1,613,489,57.830,46.132,464,43.774
779,779,25.967,799.933,685.328,75.465,64.654,423,1,613,489,57.830,46.132,464,43.774
780,780,26.000,800.093,685.628,75.480,64.682,417,1,613,489,57.830,46.132,464,43.774
781,781,26.033,799.688,685.508,75.442,64.671,424,1,613,489,57.830,46.132,464,43.774
782,782,26.067,799.487,685.372,75.423,64.658,404,1,613,489,57.830,46.132,464,43.774
783,783,26.100,799.520,685.454,75.426,64.665,400,1,613,489,57.830,46.132,464,43.774
784,784,26.133,799.412,685.588,75.416,64.678,407,1,613,489,57.830,46.132,464,43.774
785,785,26.167,799.365,685.668,75.412,64.686,407,1,613,489,57.830,46.132,464,43.774
786,786,26.200,799.422,685.816,75.417,64.700,404,1,613,489,57.830,46.132,464,43.774
787,787,26.233,799.492,685.931,75.424,64.710,405,1,613,489,57.830,46.132,464,43.774
788,788,26.267,799.463,685.841,75.421,64.702,402,1,613,489,57.830,46.132,464,43.774
789,789,26.300,799.324,685.786,75.408,64.697,398,1,613,489,57.830,46.132,464,43.774
790,790,26.333,799.388,685.863,75.414,64.704,396,1,613,489,57.830,46.132,464,43.774
791,791,26.367,799.712,686.126,75.445,64.729,404,1,613,489,57.830,46.132,464,43.774
792,792,26.400,799.924,686.317,75.465,64.747,398,1,613,489,57.830,46.132,464,43.774
793,793,26.433,800.211,686.591,75.492,64.773,408,1,613,489,57.830,46.132,464,43.774
794,794,26.467,800.815,686.889,75.549,64.801,405,1,613,489,57.830,46.132,464,43.774
795,795,26.500,801.026,687.143,75.569,64.825,401,1,613,489,57.830,46.132,464,43.774
796,796,26.533,802.189,687.943,75.678,64.900,422,1,613,489,57.830,46.132,464,43.774
797,797,26.567,802.820,688.423,75.738,64.946,420,1,613,489,57.830,46.132,464,43.774
798,798,26.600,803.419,688.868,75.794,64.988,413,1,613,489,57.830,46.132,464,43.774
799,799,26.633,803.904,689.268,75.840,65.025,424,1,613,489,57.830,46.132,464,43.774
800,800,26.667,804.293,689.581,75.877,65.055,413,1,613,489,57.830,46.132,464,43.774
801,801,26.700,805.115,690.254,75.954,65.118,409,1,613,489,57.830,46.132,464,43.774
802,802,26.733,805.731,690.753,76.012,65.165,418,1,613,489,57.830,46.132,464,43.774
803,803,26.767,806.052,690.949,76.043,65.184,410,1,613,489,57.830,46.132,464,43.774
804,804,26.800,806.705,691.358,76.104,65.222,413,1,613,489,57.830,46.132,464,43.774
805,805,26.833,807.218,691.859,76.153,65.270,440,1,613,489,57.830,46.132,464,43.774
806,806,26.867,807.186,691.851,76.150,65.269,433,1,613,489,57.830,46.132,464,43.774
807,807,26.900,807.305,692.028,76.161,65.286,423,1,613,489,57.830,46.132,464,43.774
808,808,26.933,807.349,692.228,76.165,65.304,442,1,613,489,57.830,46.132,464,43.774
809,809,26.967,807.544,692.289,76.183,65.310,417,1,613,489,57.830,46.132,464,43.774
810,810,27.000,807.634,692.320,76.192,65.313,419,1,613,489,57.830,46.132,464,43.774
811,811,27.033,807.411,692.324,76.171,65.314,429,1,613,489,57.830,46.132,464,43.774
812,812,27.067,807.380,692.280,76.168,65.309,427,1,613,489,57.830,46.132,464,43.774
813,813,27.100,807.419,692.212,76.172,65.303,423,1,613,489,57.830,46.132,464,43.774
814,814,27.133,807.464,692.246,76.176,65.306,430,1,613,489,57.830,46.132,464,43.774
815,815,27.167,807.524,692.152,76.182,65.297,420,1,613,489,57.830,46.132,464,43.774
816,816,27.200,807.497,692.148,76.179,65.297,419,1,613,489,57.830,46.132,464,43.774
817,817,27.233,807.617,692.356,76.190,65.317,426,1,613,489,57.830,46.132,464,43.774
818,818,27.267,807.559,692.321,76.185,65.313,424,1,613,489,57.830,46.132,464,43.774
819,819,27.300,808.002,692.679,76.227,65.347,421,1,613,489,57.830,46.132,464,43.774
820,820,27.333,808.578,693.188,76.281,65.395,428,1,613,489,57.830,46.132,464,43.774
821,821,27.367,808.696,693.338,76.292,65.409,425,1,613,489,57.830,46.132,464,43.774
822,822,27.400,809.441,693.669,76.362,65.440,426,1,613,489,57.830,46.132,464,43.774
823,823,27.433,809.573,693.908,76.375,65.463,442,1,613,489,57.830,46.132,464,43.774
824,824,27.467,809.879,694.135,76.404,65.484,431,1,613,489,57.830,46.132,464,43.774
825,825,27.500,810.414,694.563,76.454,65.525,441,1,613,489,57.830,46.132,464,43.774
826,826,27.533,810.288,694.725,76.442,65.540,462,1,613,489,57.830,46.132,464,43.774
827,827,27.567,810.315,694.803,76.445,65.547,460,1,613,489,57.830,46.132,464,43.774
828,828,27.600,810.525,694.990,76.465,65.565,465,1,613,489,57.830,46.132,464,43.774
829,829,27.633,810.629,695.088,76.474,65.574,471,1,613,489,57.830,46.132,464,43.774
830,830,27.667,810.827,695.230,76.493,65.588,478,1,613,489,57.830,46.132,464,43.774
831,831,27.700,811.043,695.286,76.513,65.593,467,1,613,489,57.830,46.132,464,43.774
832,832,27.733,811.334,695.519,76.541,65.615,479,1,613,489,57.830,46.132,464,43.774
833,833,27.767,811.352,695.522,76.543,65.615,480,1,613,489,57.830,46.132,464,43.774
834,834,27.800,811.437,695.641,76.551,65.626,476,1,613,489,57.830,46.132,464,43.774
835,835,27.833,811.563,695.689,76.563,65.631,484,1,613,489,57.830,46.132,464,43.774
836,836,27.867,811.629,695.714,76.569,65.633,481,1,613,489,57.830,46.132,464,43.774
837,837,27.900,811.669,695.752,76.573,65.637,472,1,613,489,57.830,46.132,464,43.774
838,838,27.933,811.740,695.713,76.579,65.633,486,1,613,489,57.830,46.132,464,43.774
839,839,27.967,811.787,695.754,76.584,65.637,487,1,613,489,57.830,46.132,464,43.774
840,840,28.000,811.592,695.618,76.565,65.624,479,1,613,489,57.830,46.132,464,43.774
841,841,28.033,811.781,695.661,76.583,65.628,485,1,613,489,57.830,46.132,464,43.774
842,842,28.067,811.734,695.651,76.579,65.627,485,1,613,489,57.830,46.132,464,43.774
843,843,28.100,812.049,695.941,76.608,65.655,469,1,613,489,57.830,46.132,464,43.774
844,844,28.133,811.913,695.796,76.596,65.641,472,1,613,489,57.830,46.132,464,43.774
845,845,28.167,811.883,695.796,76.593,65.641,471,1,613,489,57.830,46.132,464,43.774
846,846,28.200,811.787,695.764,76.584,65.638,468,1,613,489,57.830,46.132,464,43.774
847,847,28.233,811.491,695.682,76.556,65.630,473,1,613,489,57.830,46.132,464,43.774
848,848,28.267,810.847,695.231,76.495,65.588,460,1,613,489,57.830,46.132,464,43.774
849,849,28.300,810.634,695.126,76.475,65.578,451,1,613,489,57.830,46.132,464,43.774
850,850,28.333,810.275,694.751,76.441,65.543,454,1,613,489,57.830,46.132,464,43.774
851,851,28.367,810.151,694.692,76.429,65.537,449,1,613,489,57.830,46.132,464,43.774
852,852,28.400,809.833,694.441,76.399,65.513,436,1,613,489,57.830,46.132,464,43.774
853,853,28.433,809.788,694.429,76.395,65.512,442,1,613,489,57.830,46.132,464,43.774
854,854,28.467,809.646,694.360,76.382,65.506,445,1,613,489,57.830,46.132,464,43.774
855,855,28.500,809.813,694.529,76.397,65.522,442,1,613,489,57.830,46.132,464,43.774
856,856,28.533,809.915,694.744,76.407,65.542,453,1,613,489,57.830,46.132,464,43.774
857,857,28.567,809.780,694.709,76.394,65.539,449,1,613,489,57.830,46.132,464,43.774
858,858,28.600,809.475,694.656,76.366,65.534,441,1,613,489,57.830,46.132,464,43.774
859,859,28.633,809.224,694.683,76.342,65.536,457,1,613,489,57.830,46.132,464,43.774
860,860,28.667,808.493,694.126,76.273,65.484,441,1,613,489,57.830,46.132,464,43.774
861,861,28.700,808.264,694.024,76.251,65.474,432,1,613,489,57.830,46.132,464,43.774
862,862,28.733,808.375,694.141,76.262,65.485,441,1,613,489,57.830,46.132,464,43.774
863,863,28.767,808.257,694.059,76.251,65.477,439,1,613,489,57.830,46.132,464,43.774
864,864,28.800,808.251,694.078,76.250,65.479,435,1,613,489,57.830,46.132,464,43.774
865,865,28.833,807.951,693.952,76.222,65.467,427,1,613,489,57.830,46.132,464,43.774
866,866,28.867,807.932,693.917,76.220,65.464,426,1,613,489,57.830,46.132,464,43.774
867,867,28.900,807.832,693.809,76.211,65.454,421,1,613,489,57.830,46.132,464,43.774
868,868,28.933,807.598,693.904,76.188,65.463,444,1,613,489,57.830,46.132,464,43.774
869,869,28.967,807.578,693.897,76.187,65.462,443,1,613,489,57.830,46.132,464,43.774
870,870,29.000,807.636,694.101,76.192,65.481,431,1,613,489,57.830,46.132,464,43.774
871,871,29.033,807.586,693.933,76.187,65.465,437,1,613,489,57.830,46.132,464,43.774
872,872,29.067,807.522,693.910,76.181,65.463,434,1,613,489,57.830,46.132,464,43.774
873,873,29.100,807.603,694.003,76.189,65.472,425,1,613,489,57.830,46.132,464,43.774
874,874,29.133,807.599,694.256,76.189,65.496,442,1,613,489,57.830,46.132,464,43.774
875,875,29.167,807.589,694.254,76.188,65.496,440,1,613,489,57.830,46.132,464,43.774
876,876,29.200,807.580,694.318,76.187,65.502,427,1,613,489,57.830,46.132,464,43.774
877,877,29.233,807.483,694.451,76.178,65.514,441,1,613,489,57.830,46.132,464,43.774
878,878,29.267,807.420,694.531,76.172,65.522,437,1,613,489,57.830,46.132,464,43.774
879,879,29.300,807.338,694.350,76.164,65.505,430,1,613,489,57.830,46.132,464,43.774
880,880,29.333,807.372,694.645,76.167,65.533,438,1,613,489,57.830,46.132,464,43.774
881,881,29.367,807.312,694.638,76.162,65.532,441,1,613,489,57.830,46.132,464,43.774
882,882,29.400,807.416,694.705,76.171,65.538,437,1,613,489,57.830,46.132,464,43.774
883,883,29.433,807.384,694.770,76.168,65.544,445,1,613,489,57.830,46.132,464,43.774
884,884,29.467,807.163,694.631,76.147,65.531,442,1,613,489,57.830,46.132,464,43.774
885,885,29.500,807.087,694.695,76.140,65.537,430,1,613,489,57.830,46.132,464,43.774
886,886,29.533,806.853,694.737,76.118,65.541,447,1,613,489,57.830,46.132,464,43.774
887,887,29.567,806.869,694.545,76.120,65.523,446,1,613,489,57.830,46.132,464,43.774
888,888,29.600,807.007,694.704,76.133,65.538,434,1,613,489,57.830,46.132,464,43.774
889,889,29.633,807.177,694.947,76.149,65.561,447,1,613,489,57.830,46.132,464,43.774
890,890,29.667,807.189,694.963,76.150,65.563,446,1,613,489,57.830,46.132,464,43.774
891,891,29.700,807.248,695.053,76.155,65.571,440,1,613,489,57.830,46.132,464,43.774
892,892,29.733,807.166,695.141,76.148,65.579,454,1,613,489,57.830,46.132,464,43.774
893,893,29.767,807.029,695.056,76.135,65.571,457,1,613,489,57.830,46.132,464,43.774
894,894,29.800,807.062,695.126,76.138,65.578,445,1,613,489,57.830,46.132,464,43.774
895,895,29.833,806.869,695.289,76.120,65.593,460,1,613,489,57.830,46.132,464,43.774
896,896,29.867,806.919,695.413,76.124,65.605,461,1,613,489,57.830,46.132,464,43.774
897,897,29.900,807.057,695.509,76.137,65.614,446,1,613,489,57.830,46.132,464,43.774
898,898,29.933,806.905,695.554,76.123,65.618,465,1,613,489,57.830,46.132,464,43.774
899,899,29.967,806.783,695.393,76.112,65.603,461,1,613,489,57.830,46.132,464,43.774
900,900,30.000,806.773,695.525,76.111,65.616,450,1,613,489,57.830,46.132,464,43.774
901,901,30.033,806.724,695.637,76.106,65.626,449,1,613,489,57.830,46.132,464,43.774
902,902,30.067,806.775,695.743,76.111,65.636,449,1,613,489,57.830,46.132,464,43.774
903,903,30.100,806.720,695.590,76.106,65.622,439,1,613,489,57.830,46.132,464,43.774
904,904,30.133,806.831,695.688,76.116,65.631,445,1,613,489,57.830,46.132,464,43.774
905,905,30.167,806.831,695.688,76.116,65.631,445,1,613,489,57.830,46.132,464,43.774
906,906,30.200,806.911,695.773,76.124,65.639,441,1,613,489,57.830,46.132,464,43.774
907,907,30.233,806.774,695.686,76.111,65.631,450,1,613,489,57.830,46.132,464,43.774
908,908,30.267,806.818,695.643,76.115,65.627,448,1,613,489,57.830,46.132,464,43.774
909,909,30.300,806.756,695.618,76.109,65.624,446,1,613,489,57.830,46.132,464,43.774
910,910,30.333,806.870,695.750,76.120,65.637,451,1,613,489,57.830,46.132,464,43.774
911,911,30.367,806.893,695.690,76.122,65.631,453,1,613,489,57.830,46.132,464,43.774
912,912,30.400,806.915,695.787,76.124,65.640,451,1,613,489,57.830,46.132,464,43.774
913,913,30.433,806.957,696.044,76.128,65.665,456,1,613,489,57.830,46.132,464,43.774
914,914,30.467,806.944,696.012,76.127,65.661,456,1,613,489,57.830,46.132,464,43.774
915,915,30.500,806.901,695.975,76.123,65.658,456,1,613,489,57.830,46.132,464,43.774
916,916,30.533,806.836,695.921,76.117,65.653,462,1,613,489,57.830,46.132,464,43.774
917,917,30.567,806.811,695.888,76.114,65.650,464,1,613,489,57.830,46.132,464,43.774
918,918,30.600,806.856,695.920,76.118,65.653,456,1,613,489,57.830,46.132,464,43.774
919,919,30.633,806.858,696.009,76.119,65.661,461,1,613,489,57.830,46.132,464,43.774
920,920,30.667,806.854,695.993,76.118,65.660,462,1,613,489,57.830,46.132,464,43.774
921,921,30.700,806.856,695.997,76.118,65.660,455,1,613,489,57.830,46.132,464,43.774
922,922,30.733,806.930,696.119,76.125,65.672,462,1,613,489,57.830,46.132,464,43.774
923,923,30.767,806.894,696.104,76.122,65.670,464,1,613,489,57.830,46.132,464,43.774
924,924,30.800,806.860,696.055,76.119,65.666,457,1,613,489,57.830,46.132,464,43.774
925,925,30.833,806.780,695.990,76.111,65.659,456,1,613,489,57.830,46.132,464,43.774
926,926,30.867,806.694,696.040,76.103,65.664,453,1,613,489,57.830,46.132,464,43.774
927,927,30.900,806.575,695.920,76.092,65.653,421,1,613,489,57.830,46.132,464,43.774
928,928,30.933,806.244,695.726,76.061,65.635,440,1,613,489,57.830,46.132,464,43.774
929,929,30.967,806.148,695.462,76.052,65.610,427,1,613,489,57.830,46.132,464,43.774
930,930,31.000,806.163,695.240,76.053,65.589,411,1,613,489,57.830,46.132,464,43.774
931,931,31.033,806.256,695.371,76.062,65.601,422,1,613,489,57.830,46.132,464,43.774
932,932,31.067,806.357,695.462,76.071,65.610,434,1,613,489,57.830,46.132,464,43.774
933,933,31.100,806.368,695.481,76.072,65.611,423,1,613,489,57.830,46.132,464,43.774
934,934,31.133,806.325,695.695,76.068,65.632,443,1,613,489,57.830,46.132,464,43.774
935,935,31.167,806.393,695.824,76.075,65.644,450,1,613,489,57.830,46.132,464,43.774
936,936,31.200,806.842,696.456,76.117,65.703,431,1,613,489,57.830,46.132,464,43.774
937,937,31.233,806.733,696.425,76.107,65.700,443,1,613,489,57.830,46.132,464,43.774
938,938,31.267,806.564,696.547,76.091,65.712,447,1,613,489,57.830,46.132,464,43.774
939,939,31.300,806.417,696.233,76.077,65.682,421,1,613,489,57.830,46.132,464,43.774
940,940,31.333,806.247,696.075,76.061,65.667,429,1,613,489,57.830,46.132,464,43.774
941,941,31.367,805.847,695.370,76.023,65.601,423,1,613,489,57.830,46.132,464,43.774
942,942,31.400,805.378,694.593,75.979,65.528,395,1,613,489,57.830,46.132,464,43.774
943,943,31.433,805.379,694.363,75.979,65.506,401,1,613,489,57.830,46.132,464,43.774
944,944,31.467,805.176,693.864,75.960,65.459,389,1,613,489,57.830,46.132,464,43.774
945,945,31.500,804.894,693.180,75.933,65.394,366,1,613,489,57.830,46.132,464,43.774
946,946,31.533,805.282,693.252,75.970,65.401,385,1,613,489,57.830,46.132,464,43.774
947,947,31.567,805.265,692.809,75.968,65.359,382,1,613,489,57.830,46.132,464,43.774
948,948,31.600,805.064,692.468,75.949,65.327,369,1,613,489,57.830,46.132,464,43.774
949,949,31.633,805.103,692.383,75.953,65.319,385,1,613,489,57.830,46.132,464,43.774
950,950,31.667,805.279,692.232,75.970,65.305,390,1,613,489,57.830,46.132,464,43.774
951,951,31.700,805.475,692.274,75.988,65.309,378,1,613,489,57.830,46.132,464,43.774
952,952,31.733,805.629,692.321,76.003,65.313,386,1,613,489,57.830,46.132,464,43.774
953,953,31.767,805.788,692.282,76.018,65.310,384,1,613,489,57.830,46.132,464,43.774
954,954,31.800,805.877,692.235,76.026,65.305,385,1,613,489,57.830,46.132,464,43.774
955,955,31.833,806.145,692.167,76.051,65.299,394,1,613,489,57.830,46.132,464,43.774
956,956,31.867,806.325,691.985,76.068,65.282,401,1,613,489,57.830,46.132,464,43.774
957,957,31.900,806.585,691.759,76.093,65.260,390,1,613,489,57.830,46.132,464,43.774
958,958,31.933,806.709,691.576,76.105,65.243,408,1,613,489,57.830,46.132,464,43.774
959,959,31.967,806.699,691.190,76.104,65.207,418,1,613,489,57.830,46.132,464,43.774
960,960,32.000,806.687,691.049,76.103,65.193,391,1,613,489,57.830,46.132,464,43.774
961,961,32.033,806.888,690.940,76.122,65.183,411,1,613,489,57.830,46.132,464,43.774
962,962,32.067,807.209,690.739,76.152,65.164,428,1,613,489,57.830,46.132,464,43.774
963,963,32.100,807.289,690.574,76.159,65.148,419,1,613,489,57.830,46.132,464,43.774
964,964,32.133,807.388,690.513,76.169,65.143,421,1,613,489,57.830,46.132,464,43.774
965,965,32.167,807.588,690.474,76.188,65.139,427,1,613,489,57.830,46.132,464,43.774
966,966,32.200,807.424,690.302,76.172,65.123,415,1,613,489,57.830,46.132,464,43.774
967,967,32.233,807.756,690.330,76.203,65.125,424,1,613,489,57.830,46.132,464,43.774
968,968,32.267,807.806,690.357,76.208,65.128,429,1,613,489,57.830,46.132,464,43.774
969,969,32.300,807.792,690.259,76.207,65.119,422,1,613,489,57.830,46.132,464,43.774
970,970,32.333,807.872,690.293,76.214,65.122,424,1,613,489,57.830,46.132,464,43.774
971,971,32.367,808.249,690.404,76.250,65.132,423,1,613,489,57.830,46.132,464,43.774
972,972,32.400,808.462,690.375,76.270,65.130,414,1,613,489,57.830,46.132,464,43.774
973,973,32.433,808.777,690.336,76.300,65.126,426,1,613,489,57.830,46.132,464,43.774
974,974,32.467,808.784,690.210,76.300,65.114,427,1,613,489,57.830,46.132,464,43.774
975,975,32.500,808.914,690.170,76.313,65.110,411,1,613,489,57.830,46.132,464,43.774
976,976,32.533,809.240,690.186,76.343,65.112,429,1,613,489,57.830,46.132,464,43.774
977,977,32.567,809.454,690.205,76.364,65.114,438,1,613,489,57.830,46.132,464,43.774
978,978,32.600,809.486,690.190,76.367,65.112,416,1,613,489,57.830,46.132,464,43.774
979,979,32.633,809.922,690.273,76.408,65.120,427,1,613,489,57.830,46.132,464,43.774
980,980,32.667,809.927,690.429,76.408,65.135,439,1,613,489,57.830,46.132,464,43.774
981,981,32.700,809.952,690.300,76.411,65.123,432,1,613,489,57.830,46.132,464,43.774
982,982,32.733,809.924,690.263,76.408,65.119,432,1,613,489,57.830,46.132,464,43.774
983,983,32.767,809.802,690.302,76.396,65.123,429,1,613,489,57.830,46.132,464,43.774
984,984,32.800,809.815,690.344,76.398,65.127,423,1,613,489,57.830,46.132,464,43.774
985,985,32.833,809.939,690.374,76.409,65.130,431,1,613,489,57.830,46.132,464,43.774
986,986,32.867,809.831,690.252,76.399,65.118,438,1,613,489,57.830,46.132,464,43.774
987,987,32.900,809.735,690.317,76.390,65.124,423,1,613,489,57.830,46.132,464,43.774
988,988,32.933,809.811,690.264,76.397,65.119,434,1,613,489,57.830,46.132,464,43.774
989,989,32.967,809.802,690.269,76.396,65.120,437,1,613,489,57.830,46.132,464,43.774
990,990,33.000,810.275,690.379,76.441,65.130,435,1,613,489,57.830,46.132,464,43.774
991,991,33.033,810.319,690.445,76.445,65.136,431,1,613,489,57.830,46.132,464,43.774
992,992,33.067,810.003,690.362,76.415,65.129,441,1,613,489,57.830,46.132,464,43.774
993,993,33.100,809.939,690.423,76.409,65.134,431,1,613,489,57.830,46.132,464,43.774
994,994,33.133,809.625,690.376,76.380,65.130,427,1,613,489,57.830,46.132,464,43.774
995,995,33.167,808.852,690.262,76.307,65.119,420,1,613,489,57.830,46.132,464,43.774
996,996,33.200,808.426,690.251,76.267,65.118,398,1,613,489,57.830,46.132,464,43.774
997,997,33.233,808.103,690.277,76.236,65.120,396,1,613,489,57.830,46.132,464,43.774
998,998,33.267,807.657,690.302,76.194,65.123,392,1,613,489,57.830,46.132,464,43.774
999,999,33.300,807.068,690.318,76.139,65.124,379,1,613,489,57.830,46.132,464,43.774
1000,1000,33.333,806.677,690.262,76.102,65.119,382,1,613,489,57.830,46.132,464,43.774
1001,1001,33.367,806.483,690.466,76.083,65.138,384,1,613,489,57.830,46.132,464,43.774
1002,1002,33.400,806.052,690.507,76.043,65.142,375,1,613,489,57.830,46.132,464,43.774
1003,1003,33.433,805.821,690.631,76.021,65.154,383,1,613,489,57.830,46.132,464,43.774
1004,1004,33.467,805.584,690.608,75.998,65.152,374,1,613,489,57.830,46.132,464,43.774
1005,1005,33.500,805.364,690.571,75.978,65.148,369,1,613,489,57.830,46.132,464,43.774
1006,1006,33.533,805.473,690.954,75.988,65.184,377,1,613,489,57.830,46.132,464,43.774
1007,1007,33.567,805.404,691.170,75.981,65.205,383,1,613,489,57.830,46.132,464,43.774
1008,1008,33.600,805.438,691.490,75.985,65.235,375,1,613,489,57.830,46.132,464,43.774
1009,1009,33.633,805.548,692.221,75.995,65.304,395,1,613,489,57.830,46.132,464,43.774
1010,1010,33.667,805.425,692.735,75.983,65.352,407,1,613,489,57.830,46.132,464,43.774
1011,1011,33.700,805.356,692.999,75.977,65.377,401,1,613,489,57.830,46.132,464,43.774
1012,1012,33.733,805.403,693.155,75.981,65.392,416,1,613,489,57.830,46.132,464,43.774
1013,1013,33.767,805.485,693.275,75.989,65.403,429,1,613,489,57.830,46.132,464,43.774
1014,1014,33.800,805.495,693.046,75.990,65.382,412,1,613,489,57.830,46.132,464,43.774
1015,1015,33.833,805.517,693.154,75.992,65.392,413,1,613,489,57.830,46.132,464,43.774
1016,1016,33.867,805.433,693.089,75.984,65.386,417,1,613,489,57.830,46.132,464,43.774
1017,1017,33.900,805.484,693.338,75.989,65.409,426,1,613,489,57.830,46.132,464,43.774
1018,1018,33.933,805.206,693.294,75.963,65.405,428,1,613,489,57.830,46.132,464,43.774
1019,1019,33.967,805.012,693.353,75.945,65.411,425,1,613,489,57.830,46.132,464,43.774
1020,1020,34.000,804.715,693.320,75.916,65.408,416,1,613,489,57.830,46.132,464,43.774
1021,1021,34.033,804.665,694.008,75.912,65.472,420,1,613,489,57.830,46.132,464,43.774
1022,1022,34.067,804.622,694.112,75.908,65.482,425,1,613,489,57.830,46.132,464,43.774
1023,1023,34.100,804.574,694.181,75.903,65.489,414,1,613,489,57.830,46.132,464,43.774
1024,1024,34.133,804.452,694.471,75.892,65.516,420,1,613,489,57.830,46.132,464,43.774
1025,1025,34.167,804.392,694.483,75.886,65.517,428,1,613,489,57.830,46.132,464,43.774
1026,1026,34.200,804.421,694.816,75.889,65.549,418,1,613,489,57.830,46.132,464,43.774
1027,1027,34.233,804.493,695.360,75.896,65.600,428,1,613,489,57.830,46.132,464,43.774
1028,1028,34.267,804.471,695.635,75.893,65.626,438,1,613,489,57.830,46.132,464,43.774
1029,1029,34.300,804.405,695.785,75.887,65.640,434,1,613,489,57.830,46.132,464,43.774
1030,1030,34.333,804.423,696.247,75.889,65.684,446,1,613,489,57.830,46.132,464,43.774
1031,1031,34.367,804.500,696.867,75.896,65.742,460,1,613,489,57.830,46.132,464,43.774
1032,1032,34.400,804.572,696.963,75.903,65.751,443,1,613,489,57.830,46.132,464,43.774
1033,1033,34.433,804.652,697.244,75.911,65.778,439,1,613,489,57.830,46.132,464,43.774
1034,1034,34.467,804.782,697.589,75.923,65.810,438,1,613,489,57.830,46.132,464,43.774
1035,1035,34.500,804.826,697.826,75.927,65.833,428,1,613,489,57.830,46.132,464,43.774
1036,1036,34.533,804.765,697.874,75.921,65.837,444,1,613,489,57.830,46.132,464,43.774
1037,1037,34.567,805.010,697.938,75.944,65.843,436,1,613,489,57.830,46.132,464,43.774
1038,1038,34.600,805.200,697.911,75.962,65.841,408,1,613,489,57.830,46.132,464,43.774
1039,1039,34.633,805.079,697.775,75.951,65.828,421,1,613,489,57.830,46.132,464,43.774
1040,1040,34.667,805.033,697.656,75.947,65.817,427,1,613,489,57.830,46.132,464,43.774
1041,1041,34.700,804.985,697.744,75.942,65.825,412,1,613,489,57.830,46.132,464,43.774
1042,1042,34.733,804.921,697.944,75.936,65.844,419,1,613,489,57.830,46.132,464,43.774
1043,1043,34.767,804.860,697.841,75.930,65.834,424,1,613,489,57.830,46.132,464,43.774
1044,1044,34.800,804.964,697.913,75.940,65.841,409,1,613,489,57.830,46.132,464,43.774
1045,1045,34.833,804.844,697.913,75.929,65.841,406,1,613,489,57.830,46.132,464,43.774
1046,1046,34.867,804.852,698.109,75.929,65.859,412,1,613,489,57.830,46.132,464,43.774
1047,1047,34.900,804.616,698.010,75.907,65.850,418,1,613,489,57.830,46.132,464,43.774
1048,1048,34.933,804.640,698.133,75.909,65.862,416,1,613,489,57.830,46.132,464,43.774
1049,1049,34.967,804.501,698.288,75.896,65.876,422,1,613,489,57.830,46.132,464,43.774
1050,1050,35.000,804.597,698.498,75.905,65.896,405,1,613,489,57.830,46.132,464,43.774
1051,1051,35.033,804.595,698.661,75.905,65.911,409,1,613,489,57.830,46.132,464,43.774
1052,1052,35.067,804.449,698.901,75.891,65.934,424,1,613,489,57.830,46.132,464,43.774
1053,1053,35.100,804.572,699.025,75.903,65.946,406,1,613,489,57.830,46.132,464,43.774
1054,1054,35.133,804.497,699.499,75.896,65.990,419,1,613,489,57.830,46.132,464,43.774
1055,1055,35.167,804.417,700.099,75.888,66.047,433,1,613,489,57.830,46.132,464,43.774
1056,1056,35.200,804.449,700.439,75.891,66.079,422,1,613,489,57.830,46.132,464,43.774
1057,1057,35.233,804.428,700.954,75.889,66.128,434,1,613,489,57.830,46.132,464,43.774
1058,1058,35.267,804.375,701.401,75.884,66.170,440,1,613,489,57.830,46.132,464,43.774
1059,1059,35.300,804.513,701.579,75.897,66.187,433,1,613,489,57.830,46.132,464,43.774
1060,1060,35.333,804.505,701.788,75.897,66.206,436,1,613,489,57.830,46.132,464,43.774
1061,1061,35.367,804.621,701.977,75.908,66.224,443,1,613,489,57.830,46.132,464,43.774
1062,1062,35.400,804.746,702.487,75.919,66.272,426,1,613,489,57.830,46.132,464,43.774
1063,1063,35.433,804.794,702.880,75.924,66.309,430,1,613,489,57.830,46.132,464,43.774
1064,1064,35.467,804.839,702.962,75.928,66.317,436,1,613,489,57.830,46.132,464,43.774
1065,1065,35.500,804.934,703.560,75.937,66.374,422,1,613,489,57.830,46.132,464,43.774
1066,1066,35.533,805.029,704.267,75.946,66.440,421,1,613,489,57.830,46.132,464,43.774
1067,1067,35.567,805.058,704.071,75.949,66.422,431,1,613,489,57.830,46.132,464,43.774
1068,1068,35.600,805.130,704.214,75.956,66.435,419,1,613,489,57.830,46.132,464,43.774
1069,1069,35.633,805.154,704.048,75.958,66.420,414,1,613,489,57.830,46.132,464,43.774
1070,1070,35.667,805.288,704.084,75.971,66.423,422,1,613,489,57.830,46.132,464,43.774
1071,1071,35.700,805.300,704.125,75.972,66.427,414,1,613,489,57.830,46.132,464,43.774
1072,1072,35.733,805.332,704.144,75.975,66.429,411,1,613,489,57.830,46.132,464,43.774
1073,1073,35.767,805.360,704.313,75.977,66.445,417,1,613,489,57.830,46.132,464,43.774
1074,1074,35.800,805.340,703.881,75.975,66.404,394,1,613,489,57.830,46.132,464,43.774
1075,1075,35.833,805.276,704.218,75.969,66.436,404,1,613,489,57.830,46.132,464,43.774
1076,1076,35.867,805.296,704.523,75.971,66.464,402,1,613,489,57.830,46.132,464,43.774
1077,1077,35.900,805.273,704.532,75.969,66.465,399,1,613,489,57.830,46.132,464,43.774
1078,1078,35.933,805.243,704.619,75.966,66.473,398,1,613,489,57.830,46.132,464,43.774
1079,1079,35.967,805.182,704.904,75.961,66.500,415,1,613,489,57.830,46.132,464,43.774
1080,1080,36.000,805.211,704.953,75.963,66.505,397,1,613,489,57.830,46.132,464,43.774
1081,1081,36.033,805.199,705.980,75.962,66.602,398,1,613,489,57.830,46.132,464,43.774
1082,1082,36.067,805.100,706.282,75.953,66.630,405,1,613,489,57.830,46.132,464,43.774
1083,1083,36.100,804.923,706.631,75.936,66.663,386,1,613,489,57.830,46.132,464,43.774
1084,1084,36.133,804.956,707.197,75.939,66.717,394,1,613,489,57.830,46.132,464,43.774
1085,1085,36.167,804.844,707.899,75.929,66.783,407,1,613,489,57.830,46.132,464,43.774
1086,1086,36.200,804.814,708.483,75.926,66.838,402,1,613,489,57.830,46.132,464,43.774
1087,1087,36.233,804.860,709.591,75.930,66.943,410,1,613,489,57.830,46.132,464,43.774
1088,1088,36.267,804.822,710.126,75.927,66.993,407,1,613,489,57.830,46.132,464,43.774
1089,1089,36.300,804.808,710.860,75.925,67.062,401,1,613,489,57.830,46.132,464,43.774
1090,1090,36.333,804.707,712.306,75.916,67.199,418,1,613,489,57.830,46.132,464,43.774
1091,1091,36.367,804.678,713.228,75.913,67.286,426,1,613,489,57.830,46.132,464,43.774
1092,1092,36.400,804.800,713.771,75.925,67.337,406,1,613,489,57.830,46.132,464,43.774
1093,1093,36.433,804.803,714.581,75.925,67.413,411,1,613,489,57.830,46.132,464,43.774
1094,1094,36.467,804.864,714.577,75.931,67.413,424,1,613,489,57.830,46.132,464,43.774
1095,1095,36.500,804.981,714.398,75.942,67.396,397,1,613,489,57.830,46.132,464,43.774
1096,1096,36.533,804.967,714.439,75.940,67.400,394,1,613,489,57.830,46.132,464,43.774
1097,1097,36.567,805.035,714.231,75.947,67.380,408,1,613,489,57.830,46.132,464,43.774
1098,1098,36.600,805.085,714.021,75.951,67.360,395,1,613,489,57.830,46.132,464,43.774
1099,1099,36.633,805.098,713.975,75.953,67.356,395,1,613,489,57.830,46.132,464,43.774
1100,1100,36.667,805.043,714.132,75.947,67.371,411,1,613,489,57.830,46.132,464,43.774
1101,1101,36.700,804.946,714.167,75.938,67.374,400,1,613,489,57.830,46.132,464,43.774
1102,1102,36.733,804.927,714.251,75.937,67.382,401,1,613,489,57.830,46.132,464,43.774
1103,1103,36.767,804.886,714.220,75.933,67.379,407,1,613,489,57.830,46.132,464,43.774
1104,1104,36.800,804.726,714.220,75.918,67.379,399,1,613,489,57.830,46.132,464,43.774
1105,1105,36.833,804.662,714.484,75.912,67.404,405,1,613,489,57.830,46.132,464,43.774
1106,1106,36.867,804.558,714.606,75.902,67.416,414,1,613,489,57.830,46.132,464,43.774
1107,1107,36.900,804.570,714.512,75.903,67.407,412,1,613,489,57.830,46.132,464,43.774
1108,1108,36.933,804.554,714.900,75.901,67.443,416,1,613,489,57.830,46.132,464,43.774
1109,1109,36.967,804.454,715.584,75.892,67.508,420,1,613,489,57.830,46.132,464,43.774
1110,1110,37.000,804.476,715.996,75.894,67.547,407,1,613,489,57.830,46.132,464,43.774
1111,1111,37.033,804.388,716.516,75.886,67.596,419,1,613,489,57.830,46.132,464,43.774
1112,1112,37.067,804.362,716.860,75.883,67.628,438,1,613,489,57.830,46.132,464,43.774
1113,1113,37.100,804.347,717.299,75.882,67.670,432,1,613,489,57.830,46.132,464,43.774
1114,1114,37.133,804.335,717.672,75.881,67.705,428,1,613,489,57.830,46.132,464,43.774
1115,1115,37.167,804.293,717.847,75.877,67.721,439,1,613,489,57.830,46.132,464,43.774
1116,1116,37.200,804.257,718.010,75.873,67.737,429,1,613,489,57.830,46.132,464,43.774
1117,1117,37.233,804.253,718.537,75.873,67.786,433,1,613,489,57.830,46.132,464,43.774
1118,1118,37.267,804.209,718.593,75.869,67.792,443,1,613,489,57.830,46.132,464,43.774
1119,1119,37.300,804.192,719.177,75.867,67.847,438,1,613,489,57.830,46.132,464,43.774
1120,1120,37.333,804.133,719.643,75.862,67.891,448,1,613,489,57.830,46.132,464,43.774
1121,1121,37.367,803.974,720.107,75.847,67.935,466,1,613,489,57.830,46.132,464,43.774
1122,1122,37.400,803.996,720.108,75.849,67.935,459,1,613,489,57.830,46.132,464,43.774
1123,1123,37.433,803.938,720.134,75.843,67.937,461,1,613,489,57.830,46.132,464,43.774
1124,1124,37.467,803.924,720.120,75.842,67.936,469,1,613,489,57.830,46.132,464,43.774
1125,1125,37.500,803.943,719.929,75.844,67.918,465,1,613,489,57.830,46.132,464,43.774
1126,1126,37.533,803.944,719.931,75.844,67.918,465,1,613,489,57.830,46.132,464,43.774
1127,1127,37.567,803.977,719.847,75.847,67.910,468,1,613,489,57.830,46.132,464,43.774
1128,1128,37.600,803.976,719.933,75.847,67.918,458,1,613,489,57.830,46.132,464,43.774
1129,1129,37.633,804.012,719.872,75.850,67.912,455,1,613,489,57.830,46.132,464,43.774
1130,1130,37.667,803.976,719.822,75.847,67.908,465,1,613,489,57.830,46.132,464,43.774
1131,1131,37.700,803.982,719.855,75.847,67.911,465,1,613,489,57.830,46.132,464,43.774
1132,1132,37.733,803.921,719.990,75.842,67.924,468,1,613,489,57.830,46.132,464,43.774
1133,1133,37.767,803.922,719.750,75.842,67.901,469,1,613,489,57.830,46.132,464,43.774
1134,1134,37.800,803.951,719.606,75.844,67.887,462,1,613,489,57.830,46.132,464,43.774
1135,1135,37.833,803.896,719.923,75.839,67.917,470,1,613,489,57.830,46.132,464,43.774
1136,1136,37.867,803.870,719.961,75.837,67.921,474,1,613,489,57.830,46.132,464,43.774
1137,1137,37.900,803.831,719.875,75.833,67.913,470,1,613,489,57.830,46.132,464,43.774
1138,1138,37.933,803.816,719.884,75.832,67.914,467,1,613,489,57.830,46.132,464,43.774
1139,1139,37.967,803.656,719.706,75.817,67.897,477,1,613,489,57.830,46.132,464,43.774
1140,1140,38.000,803.743,719.340,75.825,67.862,463,1,613,489,57.830,46.132,464,43.774
1141,1141,38.033,803.753,719.207,75.826,67.850,453,1,613,489,57.830,46.132,464,43.774
1142,1142,38.067,803.725,719.164,75.823,67.846,469,1,613,489,57.830,46.132,464,43.774
1143,1143,38.100,803.849,718.869,75.835,67.818,456,1,613,489,57.830,46.132,464,43.774
1144,1144,38.133,803.880,719.074,75.838,67.837,460,1,613,489,57.830,46.132,464,43.774
1145,1145,38.167,803.861,719.128,75.836,67.842,470,1,613,489,57.830,46.132,464,43.774
1146,1146,38.200,803.912,718.911,75.841,67.822,463,1,613,489,57.830,46.132,464,43.774
1147,1147,38.233,804.110,718.973,75.859,67.828,470,1,613,489,57.830,46.132,464,43.774
1148,1148,38.267,804.193,719.424,75.867,67.870,481,1,613,489,57.830,46.132,464,43.774
1149,1149,38.300,804.273,719.087,75.875,67.838,468,1,613,489,57.830,46.132,464,43.774
1150,1150,38.333,804.429,718.889,75.890,67.820,462,1,613,489,57.830,46.132,464,43.774
1151,1151,38.367,804.617,718.648,75.907,67.797,461,1,613,489,57.830,46.132,464,43.774
1152,1152,38.400,804.803,718.363,75.925,67.770,454,1,613,489,57.830,46.132,464,43.774
1153,1153,38.433,804.947,718.469,75.938,67.780,449,1,613,489,57.830,46.132,464,43.774
1154,1154,38.467,805.187,717.951,75.961,67.731,442,1,613,489,57.830,46.132,464,43.774
1155,1155,38.500,805.438,717.318,75.985,67.672,418,1,613,489,57.830,46.132,464,43.774
1156,1156,38.533,805.621,717.360,76.002,67.675,427,1,613,489,57.830,46.132,464,43.774
1157,1157,38.567,805.872,717.051,76.026,67.646,432,1,613,489,57.830,46.132,464,43.774
1158,1158,38.600,806.160,716.536,76.053,67.598,419,1,613,489,57.830,46.132,464,43.774
1159,1159,38.633,806.227,716.445,76.059,67.589,418,1,613,489,57.830,46.132,464,43.774
1160,1160,38.667,806.259,716.339,76.062,67.579,417,1,613,489,57.830,46.132,464,43.774
1161,1161,38.700,806.326,716.139,76.068,67.560,408,1,613,489,57.830,46.132,464,43.774
1162,1162,38.733,806.610,716.151,76.095,67.561,416,1,613,489,57.830,46.132,464,43.774
1163,1163,38.767,806.789,716.030,76.112,67.550,433,1,613,489,57.830,46.132,464,43.774
1164,1164,38.800,806.842,715.708,76.117,67.520,434,1,613,489,57.830,46.132,464,43.774
1165,1165,38.833,806.866,715.795,76.119,67.528,428,1,613,489,57.830,46.132,464,43.774
1166,1166,38.867,806.884,715.824,76.121,67.531,429,1,613,489,57.830,46.132,464,43.774
1167,1167,38.900,806.887,715.733,76.121,67.522,425,1,613,489,57.830,46.132,464,43.774
1168,1168,38.933,806.914,715.519,76.124,67.502,423,1,613,489,57.830,46.132,464,43.774
1169,1169,38.967,806.941,715.424,76.126,67.493,431,1,613,489,57.830,46.132,464,43.774
1170,1170,39.000,806.915,715.242,76.124,67.476,421,1,613,489,57.830,46.132,464,43.774
1171,1171,39.033,807.022,715.113,76.134,67.463,406,1,613,489,57.830,46.132,464,43.774
1172,1172,39.067,807.006,714.988,76.133,67.452,414,1,613,489,57.830,46.132,464,43.774
1173,1173,39.100,806.992,714.700,76.131,67.425,403,1,613,489,57.830,46.132,464,43.774
1174,1174,39.133,807.023,714.575,76.134,67.413,397,1,613,489,57.830,46.132,464,43.774
1175,1175,39.167,807.240,714.241,76.155,67.381,409,1,613,489,57.830,46.132,464,43.774
1176,1176,39.200,807.346,713.812,76.165,67.341,388,1,613,489,57.830,46.132,464,43.774
1177,1177,39.233,807.412,713.487,76.171,67.310,381,1,613,489,57.830,46.132,464,43.774
1178,1178,39.267,807.355,713.065,76.166,67.270,393,1,613,489,57.830,46.132,464,43.774
1179,1179,39.300,807.261,712.667,76.157,67.233,385,1,613,489,57.830,46.132,464,43.774
1180,1180,39.333,807.003,712.651,76.132,67.231,373,1,613,489,57.830,46.132,464,43.774
1181,1181,39.367,806.837,712.770,76.117,67.242,395,1,613,489,57.830,46.132,464,43.774
1182,1182,39.400,806.609,712.421,76.095,67.210,392,1,613,489,57.830,46.132,464,43.774
1183,1183,39.433,806.338,712.148,76.070,67.184,382,1,613,489,57.830,46.132,464,43.774
1184,1184,39.467,805.938,712.166,76.032,67.185,390,1,613,489,57.830,46.132,464,43.774
1185,1185,39.500,805.618,711.845,76.002,67.155,375,1,613,489,57.830,46.132,464,43.774
1186,1186,39.533,805.142,712.109,75.957,67.180,376,1,613,489,57.830,46.132,464,43.774
1187,1187,39.567,804.943,712.225,75.938,67.191,387,1,613,489,57.830,46.132,464,43.774
1188,1188,39.600,804.957,711.832,75.939,67.154,378,1,613,489,57.830,46.132,464,43.774
1189,1189,39.633,804.939,711.912,75.938,67.162,375,1,613,489,57.830,46.132,464,43.774
1190,1190,39.667,804.805,711.955,75.925,67.166,397,1,613,489,57.830,46.132,464,43.774
1191,1191,39.700,804.721,711.906,75.917,67.161,394,1,613,489,57.830,46.132,464,43.774
1192,1192,39.733,804.598,712.018,75.905,67.172,380,1,613,489,57.830,46.132,464,43.774
1193,1193,39.767,804.100,712.085,75.858,67.178,397,1,613,489,57.830,46.132,464,43.774
1194,1194,39.800,804.133,711.984,75.862,67.168,395,1,613,489,57.830,46.132,464,43.774
1195,1195,39.833,803.932,712.156,75.843,67.185,388,1,613,489,57.830,46.132,464,43.774
1196,1196,39.867,803.572,712.309,75.809,67.199,403,1,613,489,57.830,46.132,464,43.774
1197,1197,39.900,803.597,712.245,75.811,67.193,398,1,613,489,57.830,46.132,464,43.774
1198,1198,39.933,803.524,712.325,75.804,67.200,384,1,613,489,57.830,46.132,464,43.774
1199,1199,39.967,803.271,712.255,75.780,67.194,399,1,613,489,57.830,46.132,464,43.774
1200,1200,40.000,803.176,712.216,75.771,67.190,400,1,613,489,57.830,46.132,464,43.774
1201,1201,40.033,802.859,712.242,75.741,67.193,383,1,613,489,57.830,46.132,464,43.774
1202,1202,40.067,802.489,712.155,75.707,67.184,404,1,613,489,57.830,46.132,464,43.774
1203,1203,40.100,802.318,712.039,75.690,67.173,398,1,613,489,57.830,46.132,464,43.774
1204,1204,40.133,802.271,712.186,75.686,67.187,394,1,613,489,57.830,46.132,464,43.774
1205,1205,40.167,801.950,712.222,75.656,67.191,407,1,613,489,57.830,46.132,464,43.774
1206,1206,40.200,801.960,712.281,75.657,67.196,407,1,613,489,57.830,46.132,464,43.774
1207,1207,40.233,802.018,712.436,75.662,67.211,404,1,613,489,57.830,46.132,464,43.774
1208,1208,40.267,801.860,712.296,75.647,67.198,418,1,613,489,57.830,46.132,464,43.774
1209,1209,40.300,801.938,712.169,75.655,67.186,414,1,613,489,57.830,46.132,464,43.774
1210,1210,40.333,802.002,712.079,75.661,67.177,399,1,613,489,57.830,46.132,464,43.774
1211,1211,40.367,801.954,712.162,75.656,67.185,407,1,613,489,57.830,46.132,464,43.774
1212,1212,40.400,801.890,712.138,75.650,67.183,406,1,613,489,57.830,46.132,464,43.774
1213,1213,40.433,801.887,712.177,75.650,67.187,403,1,613,489,57.830,46.132,464,43.774
1214,1214,40.467,801.749,712.138,75.637,67.183,416,1,613,489,57.830,46.132,464,43.774
1215,1215,40.500,801.753,712.091,75.637,67.178,410,1,613,489,57.830,46.132,464,43.774
1216,1216,40.533,801.487,712.114,75.612,67.181,415,1,613,489,57.830,46.132,464,43.774
1217,1217,40.567,801.381,712.082,75.602,67.178,422,1,613,489,57.830,46.132,464,43.774
1218,1218,40.600,801.464,711.931,75.610,67.163,414,1,613,489,57.830,46.132,464,43.774
1219,1219,40.633,801.427,711.905,75.606,67.161,406,1,613,489,57.830,46.132,464,43.774
1220,1220,40.667,801.335,711.657,75.598,67.137,414,1,613,489,57.830,46.132,464,43.774
1221,1221,40.700,801.467,711.454,75.610,67.118,410,1,613,489,57.830,46.132,464,43.774
1222,1222,40.733,801.573,711.326,75.620,67.106,396,1,613,489,57.830,46.132,464,43.774
1223,1223,40.767,801.626,711.387,75.625,67.112,405,1,613,489,57.830,46.132,464,43.774
1224,1224,40.800,801.534,711.475,75.616,67.120,405,1,613,489,57.830,46.132,464,43.774
1225,1225,40.833,801.485,711.583,75.612,67.130,400,1,613,489,57.830,46.132,464,43.774
1226,1226,40.867,801.267,711.782,75.591,67.149,422,1,613,489,57.830,46.132,464,43.774
1227,1227,40.900,801.072,711.766,75.573,67.148,420,1,613,489,57.830,46.132,464,43.774
1228,1228,40.933,800.932,712.005,75.560,67.170,410,1,613,489,57.830,46.132,464,43.774
1229,1229,40.967,800.323,712.460,75.502,67.213,440,1,613,489,57.830,46.132,464,43.774
1230,1230,41.000,800.392,712.409,75.509,67.208,440,1,613,489,57.830,46.132,464,43.774
1231,1231,41.033,800.339,712.343,75.504,67.202,409,1,613,489,57.830,46.132,464,43.774
1232,1232,41.067,800.214,712.508,75.492,67.218,421,1,613,489,57.830,46.132,464,43.774
1233,1233,41.100,800.187,712.539,75.489,67.221,416,1,613,489,57.830,46.132,464,43.774
1234,1234,41.133,800.176,712.496,75.488,67.217,404,1,613,489,57.830,46.132,464,43.774
1235,1235,41.167,800.012,712.529,75.473,67.220,417,1,613,489,57.830,46.132,464,43.774
1236,1236,41.200,800.056,712.454,75.477,67.213,408,1,613,489,57.830,46.132,464,43.774
1237,1237,41.233,800.042,712.572,75.476,67.224,402,1,613,489,57.830,46.132,464,43.774
1238,1238,41.267,799.813,712.555,75.454,67.222,417,1,613,489,57.830,46.132,464,43.774
1239,1239,41.300,799.896,712.516,75.462,67.218,415,1,613,489,57.830,46.132,464,43.774
1240,1240,41.333,800.003,712.658,75.472,67.232,410,1,613,489,57.830,46.132,464,43.774
1241,1241,41.367,799.988,712.724,75.471,67.238,428,1,613,489,57.830,46.132,464,43.774
1242,1242,41.400,800.053,712.662,75.477,67.232,422,1,613,489,57.830,46.132,464,43.774
1243,1243,41.433,800.098,712.352,75.481,67.203,400,1,613,489,57.830,46.132,464,43.774
1244,1244,41.467,799.957,712.532,75.468,67.220,419,1,613,489,57.830,46.132,464,43.774
1245,1245,41.500,799.821,712.489,75.455,67.216,410,1,613,489,57.830,46.132,464,43.774
1246,1246,41.533,800.171,712.151,75.488,67.184,389,1,613,489,57.830,46.132,464,43.774
1247,1247,41.567,800.321,712.107,75.502,67.180,402,1,613,489,57.830,46.132,464,43.774
1248,1248,41.600,800.867,711.866,75.553,67.157,381,1,613,489,57.830,46.132,464,43.774
1249,1249,41.633,801.132,711.609,75.579,67.133,371,1,613,489,57.830,46.132,464,43.774
1250,1250,41.667,800.917,711.523,75.558,67.125,385,1,613,489,57.830,46.132,464,43.774
1251,1251,41.700,800.816,711.418,75.549,67.115,387,1,613,489,57.830,46.132,464,43.774
1252,1252,41.733,800.716,711.312,75.539,67.105,373,1,613,489,57.830,46.132,464,43.774
1253,1253,41.767,800.412,711.351,75.511,67.109,396,1,613,489,57.830,46.132,464,43.774
1254,1254,41.800,800.574,711.166,75.526,67.091,392,1,613,489,57.830,46.132,464,43.774
1255,1255,41.833,800.509,711.059,75.520,67.081,393,1,613,489,57.830,46.132,464,43.774
1256,1256,41.867,800.625,711.090,75.531,67.084,406,1,613,489,57.830,46.132,464,43.774
1257,1257,41.900,800.722,711.027,75.540,67.078,406,1,613,489,57.830,46.132,464,43.774
1258,1258,41.933,801.141,710.996,75.579,67.075,384,1,613,489,57.830,46.132,464,43.774
1259,1259,41.967,801.375,710.903,75.601,67.066,380,1,613,489,57.830,46.132,464,43.774
1260,1260,42.000,801.856,710.937,75.647,67.070,368,1,613,489,57.830,46.132,464,43.774
1261,1261,42.033,802.341,710.866,75.693,67.063,349,1,613,489,57.830,46.132,464,43.774
1262,1262,42.067,802.685,711.097,75.725,67.085,368,1,613,489,57.830,46.132,464,43.774
1263,1263,42.100,802.867,711.361,75.742,67.109,373,1,613,489,57.830,46.132,464,43.774
1264,1264,42.133,802.916,711.670,75.747,67.139,376,1,613,489,57.830,46.132,464,43.774
1265,1265,42.167,802.857,712.028,75.741,67.172,395,1,613,489,57.830,46.132,464,43.774
1266,1266,42.200,802.880,712.404,75.743,67.208,403,1,613,489,57.830,46.132,464,43.774
1267,1267,42.233,803.451,712.247,75.797,67.193,390,1,613,489,57.830,46.132,464,43.774
1268,1268,42.267,803.622,712.262,75.813,67.195,394,1,613,489,57.830,46.132,464,43.774
1269,1269,42.300,803.991,712.002,75.848,67.170,389,1,613,489,57.830,46.132,464,43.774
1270,1270,42.333,804.227,711.602,75.870,67.132,373,1,613,489,57.830,46.132,464,43.774
1271,1271,42.367,804.240,711.692,75.872,67.141,382,1,613,489,57.830,46.132,464,43.774
1272,1272,42.400,804.302,711.568,75.878,67.129,379,1,613,489,57.830,46.132,464,43.774
1273,1273,42.433,804.212,711.724,75.869,67.144,376,1,613,489,57.830,46.132,464,43.774
1274,1274,42.467,804.285,711.427,75.876,67.116,369,1,613,489,57.830,46.132,464,43.774
1275,1275,42.500,804.202,711.531,75.868,67.126,371,1,613,489,57.830,46.132,464,43.774
1276,1276,42.533,804.246,711.657,75.872,67.137,372,1,613,489,57.830,46.132,464,43.774
1277,1277,42.567,804.407,711.503,75.887,67.123,381,1,613,489,57.830,46.132,464,43.774
1278,1278,42.600,804.474,711.550,75.894,67.127,388,1,613,489,57.830,46.132,464,43.774
1279,1279,42.633,804.545,711.394,75.900,67.113,362,1,613,489,57.830,46.132,464,43.774
1280,1280,42.667,804.616,711.880,75.907,67.159,386,1,613,489,57.830,46.132,464,43.774
1281,1281,42.700,804.880,712.057,75.932,67.175,393,1,613,489,57.830,46.132,464,43.774
1282,1282,42.733,804.972,712.077,75.941,67.177,391,1,613,489,57.830,46.132,464,43.774
1283,1283,42.767,804.806,712.047,75.925,67.174,396,1,613,489,57.830,46.132,464,43.774
1284,1284,42.800,804.858,712.043,75.930,67.174,400,1,613,489,57.830,46.132,464,43.774
1285,1285,42.833,804.677,711.904,75.913,67.161,387,1,613,489,57.830,46.132,464,43.774
1286,1286,42.867,804.733,712.004,75.918,67.170,402,1,613,489,57.830,46.132,464,43.774
1287,1287,42.900,804.772,711.916,75.922,67.162,400,1,613,489,57.830,46.132,464,43.774
1288,1288,42.933,804.865,711.744,75.931,67.146,393,1,613,489,57.830,46.132,464,43.774
1289,1289,42.967,804.942,711.633,75.938,67.135,404,1,613,489,57.830,46.132,464,43.774
1290,1290,43.000,805.000,711.486,75.943,67.121,407,1,613,489,57.830,46.132,464,43.774
1291,1291,43.033,805.220,711.697,75.964,67.141,390,1,613,489,57.830,46.132,464,43.774
1292,1292,43.067,805.386,711.705,75.980,67.142,400,1,613,489,57.830,46.132,464,43.774
1293,1293,43.100,805.500,711.522,75.991,67.125,398,1,613,489,57.830,46.132,464,43.774
1294,1294,43.133,805.607,711.511,76.001,67.124,377,1,613,489,57.830,46.132,464,43.774
1295,1295,43.167,805.943,711.553,76.032,67.128,394,1,613,489,57.830,46.132,464,43.774
1296,1296,43.200,806.123,711.529,76.049,67.125,390,1,613,489,57.830,46.132,464,43.774
1297,1297,43.233,806.301,711.668,76.066,67.139,388,1,613,489,57.830,46.132,464,43.774
1298,1298,43.267,806.393,711.850,76.075,67.156,402,1,613,489,57.830,46.132,464,43.774
1299,1299,43.300,806.520,711.953,76.087,67.165,408,1,613,489,57.830,46.132,464,43.774
1300,1300,43.333,806.633,712.031,76.097,67.173,395,1,613,489,57.830,46.132,464,43.774
1301,1301,43.367,806.845,712.257,76.117,67.194,412,1,613,489,57.830,46.132,464,43.774
1302,1302,43.400,807.203,712.515,76.151,67.218,426,1,613,489,57.830,46.132,464,43.774
1303,1303,43.433,807.882,712.714,76.215,67.237,410,1,613,489,57.830,46.132,464,43.774
1304,1304,43.467,808.293,713.103,76.254,67.274,438,1,613,489,57.830,46.132,464,43.774
1305,1305,43.500,808.524,713.141,76.276,67.277,444,1,613,489,57.830,46.132,464,43.774
1306,1306,43.533,808.652,713.369,76.288,67.299,433,1,613,489,57.830,46.132,464,43.774
1307,1307,43.567,808.955,713.560,76.316,67.317,440,1,613,489,57.830,46.132,464,43.774
1308,1308,43.600,809.148,713.715,76.335,67.332,443,1,613,489,57.830,46.132,464,43.774
1309,1309,43.633,809.339,713.780,76.353,67.338,427,1,613,489,57.830,46.132,464,43.774
1310,1310,43.667,809.307,713.949,76.350,67.354,431,1,613,489,57.830,46.132,464,43.774
1311,1311,43.700,809.209,713.938,76.341,67.353,435,1,613,489,57.830,46.132,464,43.774
1312,1312,43.733,809.026,713.738,76.323,67.334,403,1,613,489,57.830,46.132,464,43.774
1313,1313,43.767,808.949,713.606,76.316,67.321,411,1,613,489,57.830,46.132,464,43.774
1314,1314,43.800,809.042,713.652,76.325,67.326,416,1,613,489,57.830,46.132,464,43.774
1315,1315,43.833,809.104,713.679,76.331,67.328,399,1,613,489,57.830,46.132,464,43.774
1316,1316,43.867,809.141,713.640,76.334,67.325,407,1,613,489,57.830,46.132,464,43.774
1317,1317,43.900,809.134,713.375,76.333,67.300,407,1,613,489,57.830,46.132,464,43.774
1318,1318,43.933,809.372,713.608,76.356,67.322,407,1,613,489,57.830,46.132,464,43.774
1319,1319,43.967,809.305,713.522,76.350,67.313,406,1,613,489,57.830,46.132,464,43.774
1320,1320,44.000,809.466,713.672,76.365,67.328,414,1,613,489,57.830,46.132,464,43.774
1321,1321,44.033,809.393,713.601,76.358,67.321,397,1,613,489,57.830,46.132,464,43.774
1322,1322,44.067,809.637,713.768,76.381,67.337,408,1,613,489,57.830,46.132,464,43.774
1323,1323,44.100,809.756,713.845,76.392,67.344,411,1,613,489,57.830,46.132,464,43.774
1324,1324,44.133,809.931,714.011,76.409,67.360,414,1,613,489,57.830,46.132,464,43.774
1325,1325,44.167,809.963,714.019,76.412,67.360,414,1,613,489,57.830,46.132,464,43.774
1326,1326,44.200,810.007,714.034,76.416,67.362,415,1,613,489,57.830,46.132,464,43.774
1327,1327,44.233,810.063,714.103,76.421,67.368,409,1,613,489,57.830,46.132,464,43.774
1328,1328,44.267,810.580,714.448,76.470,67.401,423,1,613,489,57.830,46.132,464,43.774
1329,1329,44.300,810.810,714.371,76.492,67.393,425,1,613,489,57.830,46.132,464,43.774
1330,1330,44.333,811.208,714.638,76.529,67.419,415,1,613,489,57.830,46.132,464,43.774
1331,1331,44.367,811.608,714.982,76.567,67.451,429,1,613,489,57.830,46.132,464,43.774
1332,1332,44.400,812.450,715.515,76.646,67.501,452,1,613,489,57.830,46.132,464,43.774
1333,1333,44.433,812.743,715.723,76.674,67.521,441,1,613,489,57.830,46.132,464,43.774
1334,1334,44.467,813.142,716.068,76.712,67.554,441,1,613,489,57.830,46.132,464,43.774
1335,1335,44.500,813.453,716.366,76.741,67.582,440,1,613,489,57.830,46.132,464,43.774
1336,1336,44.533,813.715,716.626,76.766,67.606,425,1,613,489,57.830,46.132,464,43.774
1337,1337,44.567,813.997,716.905,76.792,67.633,426,1,613,489,57.830,46.132,464,43.774
1338,1338,44.600,813.984,716.928,76.791,67.635,429,1,613,489,57.830,46.132,464,43.774
1339,1339,44.633,814.234,717.113,76.815,67.652,416,1,613,489,57.830,46.132,464,43.774
1340,1340,44.667,814.443,717.366,76.834,67.676,421,1,613,489,57.830,46.132,464,43.774
1341,1341,44.700,814.764,717.534,76.865,67.692,426,1,613,489,57.830,46.132,464,43.774
1342,1342,44.733,814.609,717.452,76.850,67.684,410,1,613,489,57.830,46.132,464,43.774
1343,1343,44.767,814.697,717.715,76.858,67.709,412,1,613,489,57.830,46.132,464,43.774
1344,1344,44.800,814.497,717.727,76.839,67.710,415,1,613,489,57.830,46.132,464,43.774
1345,1345,44.833,814.764,717.855,76.865,67.722,392,1,613,489,57.830,46.132,464,43.774
1346,1346,44.867,814.660,717.937,76.855,67.730,398,1,613,489,57.830,46.132,464,43.774
1347,1347,44.900,814.516,717.939,76.841,67.730,410,1,613,489,57.830,46.132,464,43.774
1348,1348,44.933,814.674,717.941,76.856,67.730,402,1,613,489,57.830,46.132,464,43.774
1349,1349,44.967,814.696,717.911,76.858,67.727,409,1,613,489,57.830,46.132,464,43.774
1350,1350,45.000,814.764,717.942,76.865,67.730,409,1,613,489,57.830,46.132,464,43.774
1351,1351,45.033,814.929,718.087,76.880,67.744,402,1,613,489,57.830,46.132,464,43.774
1352,1352,45.067,815.021,718.120,76.889,67.747,405,1,613,489,57.830,46.132,464,43.774
1353,1353,45.100,814.931,718.029,76.880,67.739,410,1,613,489,57.830,46.132,464,43.774
1354,1354,45.133,815.500,718.376,76.934,67.771,397,1,613,489,57.830,46.132,464,43.774
1355,1355,45.167,815.992,718.567,76.980,67.789,409,1,613,489,57.830,46.132,464,43.774
1356,1356,45.200,816.428,718.815,77.022,67.813,409,1,613,489,57.830,46.132,464,43.774
1357,1357,45.233,816.714,718.814,77.049,67.813,397,1,613,489,57.830,46.132,464,43.774
1358,1358,45.267,817.242,719.062,77.098,67.836,408,1,613,489,57.830,46.132,464,43.774
1359,1359,45.300,817.672,719.273,77.139,67.856,409,1,613,489,57.830,46.132,464,43.774
1360,1360,45.333,818.562,719.657,77.223,67.892,399,1,613,489,57.830,46.132,464,43.774
1361,1361,45.367,819.338,719.955,77.296,67.920,416,1,613,489,57.830,46.132,464,43.774
1362,1362,45.400,820.064,720.254,77.365,67.949,438,1,613,489,57.830,46.132,464,43.774
1363,1363,45.433,821.058,720.554,77.458,67.977,404,1,613,489,57.830,46.132,464,43.774
1364,1364,45.467,821.590,720.748,77.508,67.995,409,1,613,489,57.830,46.132,464,43.774
1365,1365,45.500,821.867,720.780,77.535,67.998,414,1,613,489,57.830,46.132,464,43.774
1366,1366,45.533,822.650,721.067,77.608,68.025,399,1,613,489,57.830,46.132,464,43.774
1367,1367,45.567,822.796,721.086,77.622,68.027,403,1,613,489,57.830,46.132,464,43.774
1368,1368,45.600,822.930,721.170,77.635,68.035,410,1,613,489,57.830,46.132,464,43.774
1369,1369,45.633,822.645,721.043,77.608,68.023,392,1,613,489,57.830,46.132,464,43.774
1370,1370,45.667,822.706,721.088,77.614,68.027,397,1,613,489,57.830,46.132,464,43.774
1371,1371,45.700,822.482,721.140,77.593,68.032,409,1,613,489,57.830,46.132,464,43.774
1372,1372,45.733,822.427,721.115,77.587,68.030,394,1,613,489,57.830,46.132,464,43.774
1373,1373,45.767,822.608,721.171,77.605,68.035,399,1,613,489,57.830,46.132,464,43.774
1374,1374,45.800,822.531,721.181,77.597,68.036,407,1,613,489,57.830,46.132,464,43.774
1375,1375,45.833,822.718,721.376,77.615,68.054,396,1,613,489,57.830,46.132,464,43.774
1376,1376,45.867,823.124,721.559,77.653,68.072,417,1,613,489,57.830,46.132,464,43.774
1377,1377,45.900,823.100,721.539,77.651,68.070,418,1,613,489,57.830,46.132,464,43.774
1378,1378,45.933,823.420,721.647,77.681,68.080,408,1,613,489,57.830,46.132,464,43.774
1379,1379,45.967,823.605,721.702,77.699,68.085,416,1,613,489,57.830,46.132,464,43.774
1380,1380,46.000,823.784,721.815,77.715,68.096,421,1,613,489,57.830,46.132,464,43.774
1381,1381,46.033,824.546,722.029,77.787,68.116,396,1,613,489,57.830,46.132,464,43.774
1382,1382,46.067,824.988,722.220,77.829,68.134,404,1,613,489,57.830,46.132,464,43.774
1383,1383,46.100,825.274,722.245,77.856,68.136,418,1,613,489,57.830,46.132,464,43.774
1384,1384,46.133,826.069,722.414,77.931,68.152,414,1,613,489,57.830,46.132,464,43.774
1385,1385,46.167,826.368,722.466,77.959,68.157,418,1,613,489,57.830,46.132,464,43.774
1386,1386,46.200,826.929,722.646,78.012,68.174,416,1,613,489,57.830,46.132,464,43.774
1387,1387,46.233,827.865,722.936,78.101,68.202,414,1,613,489,57.830,46.132,464,43.774
1388,1388,46.267,828.376,723.095,78.149,68.217,425,1,613,489,57.830,46.132,464,43.774
1389,1389,46.300,829.292,723.347,78.235,68.240,437,1,613,489,57.830,46.132,464,43.774
1390,1390,46.333,830.322,723.548,78.332,68.259,433,1,613,489,57.830,46.132,464,43.774
1391,1391,46.367,830.436,723.688,78.343,68.272,430,1,613,489,57.830,46.132,464,43.774
1392,1392,46.400,831.442,723.925,78.438,68.295,442,1,613,489,57.830,46.132,464,43.774
1393,1393,46.433,831.789,723.944,78.471,68.297,424,1,613,489,57.830,46.132,464,43.774
1394,1394,46.467,831.627,723.898,78.455,68.292,419,1,613,489,57.830,46.132,464,43.774
1395,1395,46.500,831.882,724.096,78.479,68.311,418,1,613,489,57.830,46.132,464,43.774
1396,1396,46.533,832.022,724.256,78.493,68.326,407,1,613,489,57.830,46.132,464,43.774
1397,1397,46.567,832.131,724.340,78.503,68.334,404,1,613,489,57.830,46.132,464,43.774
1398,1398,46.600,832.108,724.369,78.501,68.337,407,1,613,489,57.830,46.132,464,43.774
1399,1399,46.633,832.099,724.487,78.500,68.348,391,1,613,489,57.830,46.132,464,43.774
1400,1400,46.667,832.382,724.648,78.527,68.363,404,1,613,489,57.830,46.132,464,43.774
1401,1401,46.700,832.143,724.545,78.504,68.353,410,1,613,489,57.830,46.132,464,43.774
1402,1402,46.733,832.479,724.690,78.536,68.367,401,1,613,489,57.830,46.132,464,43.774
1403,1403,46.767,832.440,724.721,78.532,68.370,408,1,613,489,57.830,46.132,464,43.774
1404,1404,46.800,832.493,724.645,78.537,68.363,419,1,613,489,57.830,46.132,464,43.774
1405,1405,46.833,832.616,724.588,78.549,68.357,415,1,613,489,57.830,46.132,464,43.774
1406,1406,46.867,832.641,724.606,78.551,68.359,418,1,613,489,57.830,46.132,464,43.774
1407,1407,46.900,832.934,724.637,78.579,68.362,427,1,613,489,57.830,46.132,464,43.774
1408,1408,46.933,833.586,724.793,78.640,68.377,411,1,613,489,57.830,46.132,464,43.774
1409,1409,46.967,833.968,724.881,78.676,68.385,418,1,613,489,57.830,46.132,464,43.774
1410,1410,47.000,834.633,724.893,78.739,68.386,426,1,613,489,57.830,46.132,464,43.774
1411,1411,47.033,835.003,724.997,78.774,68.396,420,1,613,489,57.830,46.132,464,43.774
1412,1412,47.067,835.804,725.289,78.849,68.423,426,1,613,489,57.830,46.132,464,43.774
1413,1413,47.100,836.602,725.457,78.925,68.439,446,1,613,489,57.830,46.132,464,43.774
1414,1414,47.133,837.811,725.737,79.039,68.466,436,1,613,489,57.830,46.132,464,43.774
1415,1415,47.167,838.447,725.829,79.099,68.474,454,1,613,489,57.830,46.132,464,43.774
1416,1416,47.200,839.415,726.043,79.190,68.495,467,1,613,489,57.830,46.132,464,43.774
1417,1417,47.233,840.457,726.285,79.288,68.517,438,1,613,489,57.830,46.132,464,43.774
1418,1418,47.267,840.722,726.368,79.313,68.525,441,1,613,489,57.830,46.132,464,43.774
1419,1419,47.300,841.153,726.412,79.354,68.529,442,1,613,489,57.830,46.132,464,43.774
1420,1420,47.333,841.242,726.362,79.362,68.525,424,1,613,489,57.830,46.132,464,43.774
1421,1421,47.367,841.500,726.407,79.387,68.529,421,1,613,489,57.830,46.132,464,43.774
1422,1422,47.400,841.588,726.410,79.395,68.529,423,1,613,489,57.830,46.132,464,43.774
1423,1423,47.433,841.687,726.419,79.404,68.530,416,1,613,489,57.830,46.132,464,43.774
1424,1424,47.467,841.406,726.409,79.378,68.529,411,1,613,489,57.830,46.132,464,43.774
1425,1425,47.500,841.503,726.664,79.387,68.553,426,1,613,489,57.830,46.132,464,43.774
1426,1426,47.533,841.628,726.694,79.399,68.556,406,1,613,489,57.830,46.132,464,43.774
1427,1427,47.567,841.682,726.776,79.404,68.564,409,1,613,489,57.830,46.132,464,43.774
1428,1428,47.600,841.859,726.986,79.421,68.584,433,1,613,489,57.830,46.132,464,43.774
1429,1429,47.633,841.723,727.016,79.408,68.586,415,1,613,489,57.830,46.132,464,43.774
1430,1430,47.667,841.714,727.013,79.407,68.586,416,1,613,489,57.830,46.132,464,43.774
1431,1431,47.700,841.917,727.155,79.426,68.600,424,1,613,489,57.830,46.132,464,43.774
1432,1432,47.733,841.835,727.063,79.418,68.591,420,1,613,489,57.830,46.132,464,43.774
1433,1433,47.767,841.930,727.162,79.427,68.600,425,1,613,489,57.830,46.132,464,43.774
1434,1434,47.800,841.949,727.189,79.429,68.603,430,1,613,489,57.830,46.132,464,43.774
1435,1435,47.833,842.105,727.236,79.444,68.607,424,1,613,489,57.830,46.132,464,43.774
1436,1436,47.867,842.247,727.296,79.457,68.613,424,1,613,489,57.830,46.132,464,43.774
1437,1437,47.900,842.756,727.447,79.505,68.627,447,1,613,489,57.830,46.132,464,43.774
1438,1438,47.933,843.341,727.523,79.560,68.634,437,1,613,489,57.830,46.132,464,43.774
1439,1439,47.967,843.734,727.567,79.598,68.638,443,1,613,489,57.830,46.132,464,43.774
1440,1440,48.000,844.601,727.777,79.679,68.658,454,1,613,489,57.830,46.132,464,43.774
1441,1441,48.033,845.599,727.788,79.774,68.659,434,1,613,489,57.830,46.132,464,43.774
1442,1442,48.067,846.604,727.990,79.868,68.678,443,1,613,489,57.830,46.132,464,43.774
1443,1443,48.100,847.424,728.106,79.946,68.689,447,1,613,489,57.830,46.132,464,43.774
1444,1444,48.133,847.642,728.133,79.966,68.692,441,1,613,489,57.830,46.132,464,43.774
1445,1445,48.167,847.741,728.138,79.976,68.692,444,1,613,489,57.830,46.132,464,43.774
1446,1446,48.200,848.527,728.305,80.050,68.708,446,1,613,489,57.830,46.132,464,43.774
1447,1447,48.233,848.882,728.391,80.083,68.716,435,1,613,489,57.830,46.132,464,43.774
1448,1448,48.267,849.178,728.446,80.111,68.721,439,1,613,489,57.830,46.132,464,43.774
1449,1449,48.300,849.758,728.476,80.166,68.724,436,1,613,489,57.830,46.132,464,43.774
1450,1450,48.333,849.977,728.484,80.186,68.725,430,1,613,489,57.830,46.132,464,43.774
1451,1451,48.367,850.510,728.584,80.237,68.734,423,1,613,489,57.830,46.132,464,43.774
1452,1452,48.400,850.627,728.587,80.248,68.735,424,1,613,489,57.830,46.132,464,43.774
1453,1453,48.433,850.809,728.656,80.265,68.741,418,1,613,489,57.830,46.132,464,43.774
1454,1454,48.467,850.901,728.708,80.274,68.746,416,1,613,489,57.830,46.132,464,43.774
1455,1455,48.500,851.021,728.898,80.285,68.764,417,1,613,489,57.830,46.132,464,43.774
1456,1456,48.533,850.910,728.928,80.275,68.767,413,1,613,489,57.830,46.132,464,43.774
1457,1457,48.567,851.004,728.997,80.283,68.773,410,1,613,489,57.830,46.132,464,43.774
1458,1458,48.600,851.015,729.090,80.284,68.782,416,1,613,489,57.830,46.132,464,43.774
1459,1459,48.633,850.810,729.114,80.265,68.784,408,1,613,489,57.830,46.132,464,43.774
1460,1460,48.667,850.736,729.107,80.258,68.784,409,1,613,489,57.830,46.132,464,43.774
1461,1461,48.700,850.988,729.148,80.282,68.788,419,1,613,489,57.830,46.132,464,43.774
1462,1462,48.733,851.013,729.125,80.284,68.785,412,1,613,489,57.830,46.132,464,43.774
1463,1463,48.767,851.059,729.090,80.289,68.782,410,1,613,489,57.830,46.132,464,43.774
1464,1464,48.800,851.216,729.101,80.303,68.783,422,1,613,489,57.830,46.132,464,43.774
1465,1465,48.833,851.297,729.142,80.311,68.787,415,1,613,489,57.830,46.132,464,43.774
1466,1466,48.867,851.590,729.403,80.339,68.812,421,1,613,489,57.830,46.132,464,43.774
1467,1467,48.900,851.581,729.464,80.338,68.817,432,1,613,489,57.830,46.132,464,43.774
1468,1468,48.933,851.928,729.540,80.371,68.825,424,1,613,489,57.830,46.132,464,43.774
1469,1469,48.967,852.265,729.599,80.402,68.830,431,1,613,489,57.830,46.132,464,43.774
1470,1470,49.000,852.983,729.752,80.470,68.844,437,1,613,489,57.830,46.132,464,43.774
1471,1471,49.033,853.576,729.839,80.526,68.853,439,1,613,489,57.830,46.132,464,43.774
1472,1472,49.067,853.981,729.897,80.564,68.858,440,1,613,489,57.830,46.132,464,43.774
1473,1473,49.100,854.153,729.931,80.580,68.861,454,1,613,489,57.830,46.132,464,43.774
1474,1474,49.133,854.803,730.057,80.642,68.873,453,1,613,489,57.830,46.132,464,43.774
1475,1475,49.167,855.560,730.180,80.713,68.885,458,1,613,489,57.830,46.132,464,43.774
1476,1476,49.200,856.199,730.283,80.773,68.895,473,1,613,489,57.830,46.132,464,43.774
1477,1477,49.233,857.012,730.448,80.850,68.910,472,1,613,489,57.830,46.132,464,43.774
1478,1478,49.267,857.674,730.665,80.913,68.931,475,1,613,489,57.830,46.132,464,43.774
1479,1479,49.300,858.479,730.842,80.989,68.947,490,1,613,489,57.830,46.132,464,43.774
1480,1480,49.333,858.592,730.792,80.999,68.943,469,1,613,489,57.830,46.132,464,43.774
1481,1481,49.367,858.961,730.939,81.034,68.957,450,1,613,489,57.830,46.132,464,43.774
1482,1482,49.400,859.036,731.010,81.041,68.963,463,1,613,489,57.830,46.132,464,43.774
1483,1483,49.433,859.433,730.931,81.079,68.956,439,1,613,489,57.830,46.132,464,43.774
1484,1484,49.467,859.634,730.918,81.098,68.955,428,1,613,489,57.830,46.132,464,43.774
1485,1485,49.500,859.852,730.929,81.118,68.956,433,1,613,489,57.830,46.132,464,43.774
1486,1486,49.533,860.078,730.978,81.139,68.960,421,1,613,489,57.830,46.132,464,43.774
1487,1487,49.567,859.917,730.928,81.124,68.955,412,1,613,489,57.830,46.132,464,43.774
1488,1488,49.600,860.436,731.029,81.173,68.965,424,1,613,489,57.830,46.132,464,43.774
1489,1489,49.633,860.413,731.054,81.171,68.967,417,1,613,489,57.830,46.132,464,43.774
1490,1490,49.667,860.670,731.189,81.195,68.980,406,1,613,489,57.830,46.132,464,43.774
1491,1491,49.700,860.710,731.130,81.199,68.975,408,1,613,489,57.830,46.132,464,43.774
1492,1492,49.733,860.788,731.259,81.206,68.987,409,1,613,489,57.830,46.132,464,43.774
1493,1493,49.767,860.592,731.227,81.188,68.984,409,1,613,489,57.830,46.132,464,43.774
1494,1494,49.800,860.166,731.198,81.148,68.981,422,1,613,489,57.830,46.132,464,43.774
1495,1495,49.833,860.166,731.193,81.148,68.981,421,1,613,489,57.830,46.132,464,43.774
1496,1496,49.867,860.373,731.262,81.167,68.987,420,1,613,489,57.830,46.132,464,43.774
1497,1497,49.900,860.535,731.277,81.183,68.988,425,1,613,489,57.830,46.132,464,43.774
1498,1498,49.933,860.503,731.275,81.180,68.988,425,1,613,489,57.830,46.132,464,43.774
1499,1499,49.967,860.814,731.350,81.209,68.995,411,1,613,489,57.830,46.132,464,43.774
1500,1500,50.000,861.231,731.429,81.248,69.003,424,1,613,489,57.830,46.132,464,43.774
1501,1501,50.033,861.192,731.470,81.245,69.007,423,1,613,489,57.830,46.132,464,43.774
1502,1502,50.067,861.663,731.664,81.289,69.025,429,1,613,489,57.830,46.132,464,43.774
1503,1503,50.100,861.648,731.676,81.288,69.026,438,1,613,489,57.830,46.132,464,43.774
1504,1504,50.133,862.093,731.803,81.330,69.038,443,1,613,489,57.830,46.132,464,43.774
1505,1505,50.167,862.548,731.912,81.372,69.048,432,1,613,489,57.830,46.132,464,43.774
1506,1506,50.200,863.212,732.070,81.435,69.063,451,1,613,489,57.830,46.132,464,43.774
1507,1507,50.233,863.567,732.143,81.469,69.070,446,1,613,489,57.830,46.132,464,43.774
1508,1508,50.267,864.061,732.172,81.515,69.073,438,1,613,489,57.830,46.132,464,43.774
1509,1509,50.300,865.054,732.367,81.609,69.091,459,1,613,489,57.830,46.132,464,43.774
1510,1510,50.333,865.570,732.439,81.658,69.098,461,1,613,489,57.830,46.132,464,43.774
1511,1511,50.367,866.309,732.615,81.727,69.115,456,1,613,489,57.830,46.132,464,43.774
1512,1512,50.400,866.978,732.732,81.790,69.126,469,1,613,489,57.830,46.132,464,43.774
1513,1513,50.433,867.821,732.763,81.870,69.129,459,1,613,489,57.830,46.132,464,43.774
1514,1514,50.467,868.622,732.897,81.945,69.141,437,1,613,489,57.830,46.132,464,43.774
1515,1515,50.500,869.024,732.962,81.983,69.147,445,1,613,489,57.830,46.132,464,43.774
1516,1516,50.533,869.773,733.008,82.054,69.152,431,1,613,489,57.830,46.132,464,43.774
1517,1517,50.567,869.846,732.981,82.061,69.149,425,1,613,489,57.830,46.132,464,43.774
1518,1518,50.600,870.087,732.964,82.084,69.148,438,1,613,489,57.830,46.132,464,43.774
1519,1519,50.633,870.301,732.986,82.104,69.150,434,1,613,489,57.830,46.132,464,43.774
1520,1520,50.667,870.329,732.994,82.107,69.150,428,1,613,489,57.830,46.132,464,43.774
1521,1521,50.700,870.416,733.082,82.115,69.159,437,1,613,489,57.830,46.132,464,43.774
1522,1522,50.733,870.453,733.105,82.118,69.161,432,1,613,489,57.830,46.132,464,43.774
1523,1523,50.767,870.524,733.083,82.125,69.159,416,1,613,489,57.830,46.132,464,43.774
1524,1524,50.800,870.586,733.173,82.131,69.167,429,1,613,489,57.830,46.132,464,43.774
1525,1525,50.833,870.570,733.206,82.129,69.170,425,1,613,489,57.830,46.132,464,43.774
1526,1526,50.867,870.588,733.292,82.131,69.178,413,1,613,489,57.830,46.132,464,43.774
1527,1527,50.900,870.724,733.332,82.144,69.182,432,1,613,489,57.830,46.132,464,43.774
1528,1528,50.933,870.949,733.405,82.165,69.189,425,1,613,489,57.830,46.132,464,43.774
1529,1529,50.967,871.094,733.403,82.179,69.189,410,1,613,489,57.830,46.132,464,43.774
1530,1530,51.000,870.950,733.395,82.165,69.188,421,1,613,489,57.830,46.132,464,43.774
1531,1531,51.033,870.959,733.393,82.166,69.188,419,1,613,489,57.830,46.132,464,43.774
1532,1532,51.067,871.236,733.460,82.192,69.194,414,1,613,489,57.830,46.132,464,43.774
1533,1533,51.100,871.627,733.687,82.229,69.216,435,1,613,489,57.830,46.132,464,43.774
1534,1534,51.133,872.323,733.736,82.295,69.220,435,1,613,489,57.830,46.132,464,43.774
1535,1535,51.167,873.171,733.888,82.375,69.235,416,1,613,489,57.830,46.132,464,43.774
1536,1536,51.200,873.835,734.004,82.437,69.246,443,1,613,489,57.830,46.132,464,43.774
1537,1537,51.233,874.544,734.147,82.504,69.259,441,1,613,489,57.830,46.132,464,43.774
1538,1538,51.267,875.266,734.247,82.572,69.269,441,1,613,489,57.830,46.132,464,43.774
1539,1539,51.300,876.348,734.456,82.674,69.288,464,1,613,489,57.830,46.132,464,43.774
1540,1540,51.333,877.327,734.512,82.767,69.294,452,1,613,489,57.830,46.132,464,43.774
1541,1541,51.367,878.672,734.732,82.894,69.314,450,1,613,489,57.830,46.132,464,43.774
1542,1542,51.400,879.613,734.852,82.982,69.326,454,1,613,489,57.830,46.132,464,43.774
1543,1543,51.433,879.883,734.877,83.008,69.328,445,1,613,489,57.830,46.132,464,43.774
1544,1544,51.467,880.385,734.970,83.055,69.337,432,1,613,489,57.830,46.132,464,43.774
1545,1545,51.500,880.525,734.989,83.068,69.339,436,1,613,489,57.830,46.132,464,43.774
1546,1546,51.533,880.891,735.026,83.103,69.342,432,1,613,489,57.830,46.132,464,43.774
1547,1547,51.567,880.919,734.997,83.106,69.339,423,1,613,489,57.830,46.132,464,43.774
1548,1548,51.600,880.897,734.894,83.104,69.330,427,1,613,489,57.830,46.132,464,43.774
1549,1549,51.633,880.901,734.982,83.104,69.338,425,1,613,489,57.830,46.132,464,43.774
1550,1550,51.667,880.964,734.980,83.110,69.338,416,1,613,489,57.830,46.132,464,43.774
1551,1551,51.700,880.889,735.026,83.103,69.342,427,1,613,489,57.830,46.132,464,43.774
1552,1552,51.733,880.831,735.099,83.097,69.349,424,1,613,489,57.830,46.132,464,43.774
1553,1553,51.767,880.700,735.194,83.085,69.358,425,1,613,489,57.830,46.132,464,43.774
1554,1554,51.800,880.949,735.274,83.108,69.365,437,1,613,489,57.830,46.132,464,43.774
1555,1555,51.833,880.953,735.328,83.109,69.371,437,1,613,489,57.830,46.132,464,43.774
1556,1556,51.867,881.268,735.407,83.138,69.378,431,1,613,489,57.830,46.132,464,43.774
1557,1557,51.900,881.384,735.469,83.149,69.384,441,1,613,489,57.830,46.132,464,43.774
1558,1558,51.933,881.448,735.479,83.155,69.385,444,1,613,489,57.830,46.132,464,43.774
1559,1559,51.967,881.826,735.580,83.191,69.394,431,1,613,489,57.830,46.132,464,43.774
1560,1560,52.000,881.854,735.573,83.194,69.394,451,1,613,489,57.830,46.132,464,43.774
1561,1561,52.033,882.316,735.583,83.237,69.395,437,1,613,489,57.830,46.132,464,43.774
1562,1562,52.067,882.624,735.498,83.266,69.387,426,1,613,489,57.830,46.132,464,43.774
1563,1563,52.100,882.974,735.583,83.299,69.395,442,1,613,489,57.830,46.132,464,43.774
1564,1564,52.133,883.533,735.532,83.352,69.390,445,1,613,489,57.830,46.132,464,43.774
1565,1565,52.167,883.992,735.612,83.395,69.397,440,1,613,489,57.830,46.132,464,43.774
1566,1566,52.200,884.911,735.718,83.482,69.407,453,1,613,489,57.830,46.132,464,43.774
1567,1567,52.233,885.714,735.802,83.558,69.415,455,1,613,489,57.830,46.132,464,43.774
1568,1568,52.267,886.409,735.881,83.624,69.423,454,1,613,489,57.830,46.132,464,43.774
1569,1569,52.300,887.667,736.029,83.742,69.437,466,1,613,489,57.830,46.132,464,43.774
1570,1570,52.333,888.533,736.081,83.824,69.442,465,1,613,489,57.830,46.132,464,43.774
1571,1571,52.367,889.623,736.139,83.927,69.447,449,1,613,489,57.830,46.132,464,43.774
1572,1572,52.400,890.063,736.170,83.968,69.450,443,1,613,489,57.830,46.132,464,43.774
1573,1573,52.433,890.501,736.181,84.009,69.451,439,1,613,489,57.830,46.132,464,43.774
1574,1574,52.467,890.800,736.197,84.038,69.453,423,1,613,489,57.830,46.132,464,43.774
1575,1575,52.500,891.080,736.213,84.064,69.454,429,1,613,489,57.830,46.132,464,43.774
1576,1576,52.533,891.262,736.276,84.081,69.460,430,1,613,489,57.830,46.132,464,43.774
1577,1577,52.567,891.137,736.310,84.070,69.463,416,1,613,489,57.830,46.132,464,43.774
1578,1578,52.600,890.988,736.351,84.055,69.467,420,1,613,489,57.830,46.132,464,43.774
1579,1579,52.633,891.194,736.429,84.075,69.474,423,1,613,489,57.830,46.132,464,43.774
1580,1580,52.667,891.210,736.516,84.076,69.483,413,1,613,489,57.830,46.132,464,43.774
1581,1581,52.700,890.691,736.465,84.027,69.478,429,1,613,489,57.830,46.132,464,43.774
1582,1582,52.733,890.747,736.574,84.033,69.488,434,1,613,489,57.830,46.132,464,43.774
1583,1583,52.767,891.024,736.672,84.059,69.497,423,1,613,489,57.830,46.132,464,43.774
1584,1584,52.800,891.180,736.709,84.074,69.501,433,1,613,489,57.830,46.132,464,43.774
1585,1585,52.833,891.430,736.734,84.097,69.503,433,1,613,489,57.830,46.132,464,43.774
1586,1586,52.867,891.474,736.784,84.101,69.508,423,1,613,489,57.830,46.132,464,43.774
1587,1587,52.900,891.894,736.841,84.141,69.513,433,1,613,489,57.830,46.132,464,43.774
1588,1588,52.933,892.025,736.842,84.153,69.513,437,1,613,489,57.830,46.132,464,43.774
1589,1589,52.967,892.396,736.856,84.188,69.515,427,1,613,489,57.830,46.132,464,43.774
1590,1590,53.000,892.966,736.992,84.242,69.528,426,1,613,489,57.830,46.132,464,43.774
1591,1591,53.033,893.630,736.982,84.305,69.527,438,1,613,489,57.830,46.132,464,43.774
1592,1592,53.067,894.558,737.122,84.392,69.540,423,1,613,489,57.830,46.132,464,43.774
1593,1593,53.100,895.348,737.243,84.467,69.551,441,1,613,489,57.830,46.132,464,43.774
1594,1594,53.133,896.091,737.275,84.537,69.554,446,1,613,489,57.830,46.132,464,43.774
1595,1595,53.167,897.129,737.456,84.635,69.571,445,1,613,489,57.830,46.132,464,43.774
1596,1596,53.200,898.054,737.649,84.722,69.590,460,1,613,489,57.830,46.132,464,43.774
1597,1597,53.233,898.967,737.724,84.808,69.597,471,1,613,489,57.830,46.132,464,43.774
1598,1598,53.267,899.408,737.746,84.850,69.599,441,1,613,489,57.830,46.132,464,43.774
1599,1599,53.300,899.837,737.758,84.890,69.600,441,1,613,489,57.830,46.132,464,43.774
1600,1600,53.333,900.600,737.834,84.962,69.607,449,1,613,489,57.830,46.132,464,43.774
1601,1601,53.367,900.604,737.853,84.963,69.609,426,1,613,489,57.830,46.132,464,43.774
1602,1602,53.400,900.908,737.793,84.991,69.603,442,1,613,489,57.830,46.132,464,43.774
1603,1603,53.433,901.248,737.825,85.023,69.606,446,1,613,489,57.830,46.132,464,43.774
1604,1604,53.467,901.286,737.892,85.027,69.612,425,1,613,489,57.830,46.132,464,43.774
1605,1605,53.500,900.977,737.881,84.998,69.611,423,1,613,489,57.830,46.132,464,43.774
1606,1606,53.533,901.371,737.846,85.035,69.608,430,1,613,489,57.830,46.132,464,43.774
1607,1607,53.567,901.323,737.857,85.030,69.609,415,1,613,489,57.830,46.132,464,43.774
1608,1608,53.600,901.175,737.841,85.017,69.608,424,1,613,489,57.830,46.132,464,43.774
1609,1609,53.633,901.472,737.892,85.045,69.612,437,1,613,489,57.830,46.132,464,43.774
1610,1610,53.667,901.386,737.923,85.036,69.615,430,1,613,489,57.830,46.132,464,43.774
1611,1611,53.700,901.481,738.015,85.045,69.624,435,1,613,489,57.830,46.132,464,43.774
1612,1612,53.733,901.908,738.003,85.086,69.623,444,1,613,489,57.830,46.132,464,43.774
1613,1613,53.767,902.017,738.142,85.096,69.636,430,1,613,489,57.830,46.132,464,43.774
1614,1614,53.800,902.072,738.141,85.101,69.636,433,1,613,489,57.830,46.132,464,43.774
1615,1615,53.833,902.970,738.358,85.186,69.656,443,1,613,489,57.830,46.132,464,43.774
1616,1616,53.867,903.494,738.452,85.235,69.665,442,1,613,489,57.830,46.132,464,43.774
1617,1617,53.900,904.387,738.598,85.320,69.679,454,1,613,489,57.830,46.132,464,43.774
1618,1618,53.933,904.874,738.731,85.365,69.692,462,1,613,489,57.830,46.132,464,43.774
1619,1619,53.967,905.467,738.769,85.421,69.695,450,1,613,489,57.830,46.132,464,43.774
1620,1620,54.000,906.231,738.905,85.493,69.708,449,1,613,489,57.830,46.132,464,43.774
1621,1621,54.033,907.873,739.199,85.648,69.736,469,1,613,489,57.830,46.132,464,43.774
1622,1622,54.067,908.715,739.322,85.728,69.747,445,1,613,489,57.830,46.132,464,43.774
1623,1623,54.100,909.445,739.337,85.797,69.749,449,1,613,489,57.830,46.132,464,43.774
1624,1624,54.133,909.780,739.351,85.828,69.750,454,1,613,489,57.830,46.132,464,43.774
1625,1625,54.167,910.187,739.367,85.867,69.752,447,1,613,489,57.830,46.132,464,43.774
1626,1626,54.200,910.357,739.389,85.883,69.754,443,1,613,489,57.830,46.132,464,43.774
1627,1627,54.233,911.106,739.507,85.953,69.765,450,1,613,489,57.830,46.132,464,43.774
1628,1628,54.267,911.238,739.448,85.966,69.759,437,1,613,489,57.830,46.132,464,43.774
1629,1629,54.300,911.288,739.460,85.971,69.760,436,1,613,489,57.830,46.132,464,43.774
1630,1630,54.333,911.350,739.436,85.976,69.758,440,1,613,489,57.830,46.132,464,43.774
1631,1631,54.367,911.659,739.486,86.006,69.763,434,1,613,489,57.830,46.132,464,43.774
1632,1632,54.400,911.651,739.525,86.005,69.766,438,1,613,489,57.830,46.132,464,43.774
1633,1633,54.433,911.587,739.542,85.999,69.768,434,1,613,489,57.830,46.132,464,43.774
1634,1634,54.467,911.609,739.619,86.001,69.775,425,1,613,489,57.830,46.132,464,43.774
1635,1635,54.500,911.780,739.584,86.017,69.772,426,1,613,489,57.830,46.132,464,43.774
1636,1636,54.533,911.668,739.548,86.006,69.769,424,1,613,489,57.830,46.132,464,43.774
1637,1637,54.567,911.862,739.542,86.025,69.768,415,1,613,489,57.830,46.132,464,43.774
1638,1638,54.600,911.882,739.520,86.027,69.766,416,1,613,489,57.830,46.132,464,43.774
1639,1639,54.633,912.089,739.591,86.046,69.773,427,1,613,489,57.830,46.132,464,43.774
1640,1640,54.667,912.252,739.638,86.061,69.777,425,1,613,489,57.830,46.132,464,43.774
1641,1641,54.700,912.325,739.667,86.068,69.780,427,1,613,489,57.830,46.132,464,43.774
1642,1642,54.733,912.565,739.712,86.091,69.784,438,1,613,489,57.830,46.132,464,43.774
1643,1643,54.767,912.670,739.838,86.101,69.796,430,1,613,489,57.830,46.132,464,43.774
1644,1644,54.800,912.679,739.991,86.102,69.810,442,1,613,489,57.830,46.132,464,43.774
1645,1645,54.833,913.385,740.106,86.168,69.821,446,1,613,489,57.830,46.132,464,43.774
1646,1646,54.867,913.592,740.156,86.188,69.826,437,1,613,489,57.830,46.132,464,43.774
1647,1647,54.900,914.251,740.333,86.250,69.843,438,1,613,489,57.830,46.132,464,43.774
1648,1648,54.933,915.131,740.473,86.333,69.856,453,1,613,489,57.830,46.132,464,43.774
1649,1649,54.967,915.562,740.534,86.374,69.862,437,1,613,489,57.830,46.132,464,43.774
1650,1650,55.000,916.090,740.655,86.424,69.873,442,1,613,489,57.830,46.132,464,43.774
1651,1651,55.033,917.295,740.912,86.537,69.897,468,1,613,489,57.830,46.132,464,43.774
1652,1652,55.067,917.783,740.972,86.583,69.903,451,1,613,489,57.830,46.132,464,43.774
1653,1653,55.100,918.447,741.121,86.646,69.917,459,1,613,489,57.830,46.132,464,43.774
1654,1654,55.133,919.393,741.303,86.735,69.934,469,1,613,489,57.830,46.132,464,43.774
1655,1655,55.167,919.901,741.320,86.783,69.936,457,1,613,489,57.830,46.132,464,43.774
1656,1656,55.200,920.287,741.364,86.819,69.940,454,1,613,489,57.830,46.132,464,43.774
1657,1657,55.233,920.695,741.464,86.858,69.949,456,1,613,489,57.830,46.132,464,43.774
1658,1658,55.267,921.048,741.578,86.891,69.960,428,1,613,489,57.830,46.132,464,43.774
1659,1659,55.300,921.197,741.559,86.905,69.958,423,1,613,489,57.830,46.132,464,43.774
1660,1660,55.333,921.364,741.455,86.921,69.949,441,1,613,489,57.830,46.132,464,43.774
1661,1661,55.367,921.415,741.398,86.926,69.943,435,1,613,489,57.830,46.132,464,43.774
1662,1662,55.400,921.374,741.409,86.922,69.944,430,1,613,489,57.830,46.132,464,43.774
1663,1663,55.433,921.478,741.439,86.932,69.947,440,1,613,489,57.830,46.132,464,43.774
1664,1664,55.467,921.618,741.446,86.945,69.948,423,1,613,489,57.830,46.132,464,43.774
1665,1665,55.500,921.554,741.463,86.939,69.949,427,1,613,489,57.830,46.132,464,43.774
1666,1666,55.533,921.649,741.436,86.948,69.947,431,1,613,489,57.830,46.132,464,43.774
1667,1667,55.567,921.438,741.374,86.928,69.941,417,1,613,489,57.830,46.132,464,43.774
1668,1668,55.600,921.419,741.375,86.926,69.941,417,1,613,489,57.830,46.132,464,43.774
1669,1669,55.633,921.642,741.586,86.947,69.961,443,1,613,489,57.830,46.132,464,43.774
1670,1670,55.667,921.705,741.595,86.953,69.962,426,1,613,489,57.830,46.132,464,43.774
1671,1671,55.700,921.871,741.726,86.969,69.974,422,1,613,489,57.830,46.132,464,43.774
1672,1672,55.733,921.936,741.808,86.975,69.982,440,1,613,489,57.830,46.132,464,43.774
1673,1673,55.767,922.244,741.903,87.004,69.991,427,1,613,489,57.830,46.132,464,43.774
1674,1674,55.800,922.333,741.959,87.013,69.996,433,1,613,489,57.830,46.132,464,43.774
1675,1675,55.833,922.938,742.194,87.070,70.018,449,1,613,489,57.830,46.132,464,43.774
1676,1676,55.867,923.288,742.286,87.103,70.027,437,1,613,489,57.830,46.132,464,43.774
1677,1677,55.900,923.775,742.424,87.149,70.040,439,1,613,489,57.830,46.132,464,43.774
1678,1678,55.933,924.329,742.511,87.201,70.048,447,1,613,489,57.830,46.132,464,43.774
1679,1679,55.967,924.983,742.610,87.263,70.058,433,1,613,489,57.830,46.132,464,43.774
1680,1680,56.000,925.669,742.712,87.327,70.067,438,1,613,489,57.830,46.132,464,43.774
1681,1681,56.033,926.661,742.983,87.421,70.093,463,1,613,489,57.830,46.132,464,43.774
1682,1682,56.067,927.687,743.136,87.518,70.107,447,1,613,489,57.830,46.132,464,43.774
1683,1683,56.100,928.339,743.227,87.579,70.116,460,1,613,489,57.830,46.132,464,43.774
1684,1684,56.133,928.974,743.385,87.639,70.131,469,1,613,489,57.830,46.132,464,43.774
1685,1685,56.167,929.273,743.431,87.667,70.135,463,1,613,489,57.830,46.132,464,43.774
1686,1686,56.200,929.539,743.463,87.692,70.138,458,1,613,489,57.830,46.132,464,43.774
1687,1687,56.233,929.833,743.452,87.720,70.137,452,1,613,489,57.830,46.132,464,43.774
1688,1688,56.267,930.492,743.587,87.782,70.150,436,1,613,489,57.830,46.132,464,43.774
1689,1689,56.300,930.802,743.565,87.812,70.148,433,1,613,489,57.830,46.132,464,43.774
1690,1690,56.333,930.823,743.567,87.813,70.148,443,1,613,489,57.830,46.132,464,43.774
1691,1691,56.367,931.068,743.570,87.837,70.148,428,1,613,489,57.830,46.132,464,43.774
1692,1692,56.400,931.075,743.560,87.837,70.147,428,1,613,489,57.830,46.132,464,43.774
1693,1693,56.433,931.284,743.629,87.857,70.154,430,1,613,489,57.830,46.132,464,43.774
1694,1694,56.467,931.337,743.644,87.862,70.155,424,1,613,489,57.830,46.132,464,43.774
1695,1695,56.500,931.334,743.654,87.862,70.156,415,1,613,489,57.830,46.132,464,43.774
1696,1696,56.533,931.505,743.711,87.878,70.161,420,1,613,489,57.830,46.132,464,43.774
1697,1697,56.567,931.462,743.824,87.874,70.172,417,1,613,489,57.830,46.132,464,43.774
1698,1698,56.600,931.367,743.733,87.865,70.163,416,1,613,489,57.830,46.132,464,43.774
1699,1699,56.633,931.584,743.965,87.885,70.185,426,1,613,489,57.830,46.132,464,43.774
1700,1700,56.667,931.750,744.151,87.901,70.203,412,1,613,489,57.830,46.132,464,43.774
1701,1701,56.700,931.915,744.207,87.916,70.208,409,1,613,489,57.830,46.132,464,43.774
1702,1702,56.733,931.835,744.273,87.909,70.214,436,1,613,489,57.830,46.132,464,43.774
1703,1703,56.767,932.049,744.301,87.929,70.217,418,1,613,489,57.830,46.132,464,43.774
1704,1704,56.800,932.288,744.412,87.952,70.228,417,1,613,489,57.830,46.132,464,43.774
1705,1705,56.833,932.489,744.502,87.971,70.236,431,1,613,489,57.830,46.132,464,43.774
1706,1706,56.867,932.916,744.540,88.011,70.240,420,1,613,489,57.830,46.132,464,43.774
1707,1707,56.900,933.605,744.732,88.076,70.258,428,1,613,489,57.830,46.132,464,43.774
1708,1708,56.933,934.250,744.867,88.137,70.271,441,1,613,489,57.830,46.132,464,43.774
1709,1709,56.967,935.129,745.033,88.220,70.286,431,1,613,489,57.830,46.132,464,43.774
1710,1710,57.000,935.872,745.125,88.290,70.295,429,1,613,489,57.830,46.132,464,43.774
1711,1711,57.033,936.451,745.312,88.344,70.312,437,1,613,489,57.830,46.132,464,43.774
1712,1712,57.067,937.300,745.394,88.425,70.320,423,1,613,489,57.830,46.132,464,43.774
1713,1713,57.100,937.918,745.591,88.483,70.339,427,1,613,489,57.830,46.132,464,43.774
1714,1714,57.133,938.225,745.657,88.512,70.345,443,1,613,489,57.830,46.132,464,43.774
1715,1715,57.167,938.661,745.778,88.553,70.356,435,1,613,489,57.830,46.132,464,43.774
1716,1716,57.200,939.245,745.835,88.608,70.362,424,1,613,489,57.830,46.132,464,43.774
1717,1717,57.233,939.846,746.031,88.665,70.380,434,1,613,489,57.830,46.132,464,43.774
1718,1718,57.267,940.429,746.243,88.720,70.400,427,1,613,489,57.830,46.132,464,43.774
1719,1719,57.300,940.814,746.323,88.756,70.408,414,1,613,489,57.830,46.132,464,43.774
1720,1720,57.333,940.900,746.337,88.764,70.409,415,1,613,489,57.830,46.132,464,43.774
1721,1721,57.367,940.856,746.345,88.760,70.410,412,1,613,489,57.830,46.132,464,43.774
1722,1722,57.400,940.953,746.368,88.769,70.412,410,1,613,489,57.830,46.132,464,43.774
1723,1723,57.433,941.315,746.562,88.803,70.430,412,1,613,489,57.830,46.132,464,43.774
1724,1724,57.467,941.384,746.565,88.810,70.431,411,1,613,489,57.830,46.132,464,43.774
1725,1725,57.500,941.430,746.584,88.814,70.432,408,1,613,489,57.830,46.132,464,43.774
1726,1726,57.533,941.267,746.591,88.799,70.433,418,1,613,489,57.830,46.132,464,43.774
1727,1727,57.567,941.273,746.517,88.799,70.426,416,1,613,489,57.830,46.132,464,43.774
1728,1728,57.600,941.299,746.531,88.802,70.427,400,1,613,489,57.830,46.132,464,43.774
1729,1729,57.633,941.428,746.590,88.814,70.433,421,1,613,489,57.830,46.132,464,43.774
1730,1730,57.667,941.593,746.559,88.830,70.430,405,1,613,489,57.830,46.132,464,43.774
1731,1731,57.700,941.542,746.608,88.825,70.435,407,1,613,489,57.830,46.132,464,43.774
1732,1732,57.733,941.758,746.717,88.845,70.445,419,1,613,489,57.830,46.132,464,43.774
1733,1733,57.767,941.814,746.888,88.850,70.461,403,1,613,489,57.830,46.132,464,43.774
1734,1734,57.800,941.826,747.019,88.852,70.474,403,1,613,489,57.830,46.132,464,43.774
1735,1735,57.833,942.271,747.280,88.893,70.498,420,1,613,489,57.830,46.132,464,43.774
1736,1736,57.867,942.625,747.415,88.927,70.511,403,1,613,489,57.830,46.132,464,43.774
1737,1737,57.900,943.366,747.734,88.997,70.541,406,1,613,489,57.830,46.132,464,43.774
1738,1738,57.933,943.898,748.018,89.047,70.568,423,1,613,489,57.830,46.132,464,43.774
1739,1739,57.967,944.263,748.159,89.081,70.581,417,1,613,489,57.830,46.132,464,43.774
1740,1740,58.000,944.908,748.432,89.142,70.607,418,1,613,489,57.830,46.132,464,43.774
1741,1741,58.033,946.636,749.073,89.305,70.667,430,1,613,489,57.830,46.132,464,43.774
1742,1742,58.067,946.872,749.185,89.328,70.678,425,1,613,489,57.830,46.132,464,43.774
1743,1743,58.100,947.484,749.457,89.385,70.704,427,1,613,489,57.830,46.132,464,43.774
1744,1744,58.133,948.469,749.797,89.478,70.736,445,1,613,489,57.830,46.132,464,43.774
1745,1745,58.167,949.385,750.237,89.565,70.777,446,1,613,489,57.830,46.132,464,43.774
1746,1746,58.200,949.933,750.350,89.616,70.788,431,1,613,489,57.830,46.132,464,43.774
1747,1747,58.233,950.237,750.309,89.645,70.784,430,1,613,489,57.830,46.132,464,43.774
1748,1748,58.267,950.662,750.450,89.685,70.797,420,1,613,489,57.830,46.132,464,43.774
1749,1749,58.300,951.041,750.565,89.721,70.808,409,1,613,489,57.830,46.132,464,43.774
1750,1750,58.333,951.465,750.808,89.761,70.831,422,1,613,489,57.830,46.132,464,43.774
1751,1751,58.367,951.466,750.808,89.761,70.831,416,1,613,489,57.830,46.132,464,43.774
1752,1752,58.400,951.432,750.841,89.758,70.834,414,1,613,489,57.830,46.132,464,43.774
1753,1753,58.433,951.348,750.735,89.750,70.824,424,1,613,489,57.830,46.132,464,43.774
1754,1754,58.467,951.368,750.694,89.752,70.820,417,1,613,489,57.830,46.132,464,43.774
1755,1755,58.500,951.386,750.694,89.753,70.820,414,1,613,489,57.830,46.132,464,43.774
1756,1756,58.533,951.811,750.916,89.794,70.841,413,1,613,489,57.830,46.132,464,43.774
1757,1757,58.567,951.808,750.926,89.793,70.842,413,1,613,489,57.830,46.132,464,43.774
1758,1758,58.600,952.123,751.023,89.823,70.851,411,1,613,489,57.830,46.132,464,43.774
1759,1759,58.633,952.160,751.185,89.826,70.866,422,1,613,489,57.830,46.132,464,43.774
1760,1760,58.667,951.899,751.055,89.802,70.854,406,1,613,489,57.830,46.132,464,43.774
1761,1761,58.700,952.101,751.332,89.821,70.880,400,1,613,489,57.830,46.132,464,43.774
1762,1762,58.733,952.291,751.554,89.839,70.901,421,1,613,489,57.830,46.132,464,43.774
1763,1763,58.767,952.183,751.621,89.829,70.908,411,1,613,489,57.830,46.132,464,43.774
1764,1764,58.800,952.707,751.972,89.878,70.941,418,1,613,489,57.830,46.132,464,43.774
1765,1765,58.833,953.390,752.410,89.942,70.982,440,1,613,489,57.830,46.132,464,43.774
1766,1766,58.867,953.710,752.587,89.973,70.999,426,1,613,489,57.830,46.132,464,43.774
1767,1767,58.900,954.300,752.979,90.028,71.036,433,1,613,489,57.830,46.132,464,43.774
1768,1768,58.933,955.227,753.502,90.116,71.085,446,1,613,489,57.830,46.132,464,43.774
1769,1769,58.967,955.686,753.693,90.159,71.103,443,1,613,489,57.830,46.132,464,43.774
1770,1770,59.000,956.396,754.139,90.226,71.145,431,1,613,489,57.830,46.132,464,43.774
1771,1771,59.033,956.914,754.469,90.275,71.176,442,1,613,489,57.830,46.132,464,43.774
1772,1772,59.067,957.495,754.747,90.330,71.203,437,1,613,489,57.830,46.132,464,43.774
1773,1773,59.100,958.541,755.354,90.428,71.260,437,1,613,489,57.830,46.132,464,43.774
1774,1774,59.133,958.802,755.399,90.453,71.264,445,1,613,489,57.830,46.132,464,43.774
1775,1775,59.167,959.275,755.582,90.498,71.281,430,1,613,489,57.830,46.132,464,43.774
1776,1776,59.200,959.866,755.851,90.553,71.307,427,1,613,489,57.830,46.132,464,43.774
1777,1777,59.233,960.016,755.850,90.568,71.307,429,1,613,489,57.830,46.132,464,43.774
1778,1778,59.267,960.476,756.084,90.611,71.329,415,1,613,489,57.830,46.132,464,43.774
1779,1779,59.300,960.673,756.248,90.630,71.344,408,1,613,489,57.830,46.132,464,43.774
1780,1780,59.333,960.588,756.171,90.622,71.337,421,1,613,489,57.830,46.132,464,43.774
1781,1781,59.367,960.861,756.302,90.647,71.349,419,1,613,489,57.830,46.132,464,43.774
1782,1782,59.400,960.886,756.248,90.650,71.344,401,1,613,489,57.830,46.132,464,43.774
1783,1783,59.433,960.719,756.143,90.634,71.334,412,1,613,489,57.830,46.132,464,43.774
1784,1784,59.467,960.777,756.155,90.639,71.335,410,1,613,489,57.830,46.132,464,43.774
1785,1785,59.500,960.840,756.176,90.645,71.337,410,1,613,489,57.830,46.132,464,43.774
1786,1786,59.533,961.126,756.368,90.672,71.355,416,1,613,489,57.830,46.132,464,43.774
1787,1787,59.567,961.341,756.546,90.693,71.372,411,1,613,489,57.830,46.132,464,43.774
1788,1788,59.600,961.352,756.641,90.694,71.381,402,1,613,489,57.830,46.132,464,43.774
1789,1789,59.633,961.392,756.834,90.697,71.399,413,1,613,489,57.830,46.132,464,43.774
1790,1790,59.667,961.556,756.954,90.713,71.411,415,1,613,489,57.830,46.132,464,43.774
1791,1791,59.700,961.794,757.188,90.735,71.433,411,1,613,489,57.830,46.132,464,43.774
1792,1792,59.733,961.944,757.345,90.749,71.448,429,1,613,489,57.830,46.132,464,43.774
1793,1793,59.767,962.113,757.448,90.765,71.457,425,1,613,489,57.830,46.132,464,43.774
1794,1794,59.800,962.757,757.876,90.826,71.498,420,1,613,489,57.830,46.132,464,43.774
1795,1795,59.833,963.295,758.248,90.877,71.533,447,1,613,489,57.830,46.132,464,43.774
1796,1796,59.867,963.961,758.629,90.940,71.569,441,1,613,489,57.830,46.132,464,43.774
1797,1797,59.900,964.505,758.858,90.991,71.590,434,1,613,489,57.830,46.132,464,43.774
1798,1798,59.933,964.862,759.190,91.025,71.622,449,1,613,489,57.830,46.132,464,43.774
1799,1799,59.967,965.798,759.685,91.113,71.668,432,1,613,489,57.830,46.132,464,43.774
1800,1800,60.000,965.960,759.805,91.128,71.680,422,1,613,489,57.830,46.132,464,43.774
1801,1801,60.033,966.570,760.190,91.186,71.716,433,1,613,489,57.830,46.132,464,43.774
1802,1802,60.067,966.922,760.286,91.219,71.725,405,1,613,489,57.830,46.132,464,43.774
1803,1803,60.100,967.330,760.477,91.258,71.743,394,1,613,489,57.830,46.132,464,43.774
1804,1804,60.133,967.432,760.550,91.267,71.750,393,1,613,489,57.830,46.132,464,43.774
1805,1805,60.167,967.755,760.627,91.298,71.757,391,1,613,489,57.830,46.132,464,43.774
1806,1806,60.200,967.770,760.655,91.299,71.760,390,1,613,489,57.830,46.132,464,43.774
1807,1807,60.233,967.920,760.716,91.313,71.766,384,1,613,489,57.830,46.132,464,43.774
1808,1808,60.267,968.001,760.730,91.321,71.767,382,1,613,489,57.830,46.132,464,43.774
1809,1809,60.300,968.171,760.847,91.337,71.778,376,1,613,489,57.830,46.132,464,43.774
1810,1810,60.333,968.060,760.831,91.326,71.777,380,1,613,489,57.830,46.132,464,43.774
1811,1811,60.367,968.060,760.831,91.326,71.777,380,1,613,489,57.830,46.132,464,43.774
1812,1812,60.400,968.179,760.978,91.338,71.790,369,1,613,489,57.830,46.132,464,43.774
1813,1813,60.433,968.084,761.101,91.329,71.802,382,1,613,489,57.830,46.132,464,43.774
1814,1814,60.467,967.947,761.019,91.316,71.794,378,1,613,489,57.830,46.132,464,43.774
1815,1815,60.500,968.031,761.126,91.324,71.804,371,1,613,489,57.830,46.132,464,43.774
1816,1816,60.533,968.137,761.371,91.334,71.827,376,1,613,489,57.830,46.132,464,43.774
1817,1817,60.567,968.159,761.430,91.336,71.833,375,1,613,489,57.830,46.132,464,43.774
1818,1818,60.600,968.266,761.618,91.346,71.851,367,1,613,489,57.830,46.132,464,43.774
1819,1819,60.633,968.313,761.727,91.350,71.861,379,1,613,489,57.830,46.132,464,43.774
1820,1820,60.667,968.452,761.842,91.363,71.872,379,1,613,489,57.830,46.132,464,43.774
1821,1821,60.700,968.931,762.128,91.409,71.899,365,1,613,489,57.830,46.132,464,43.774
1822,1822,60.733,968.999,762.203,91.415,71.906,372,1,613,489,57.830,46.132,464,43.774
1823,1823,60.767,969.138,762.328,91.428,71.918,371,1,613,489,57.830,46.132,464,43.774
1824,1824,60.800,969.507,762.511,91.463,71.935,344,1,613,489,57.830,46.132,464,43.774
1825,1825,60.833,969.555,762.609,91.467,71.944,357,1,613,489,57.830,46.132,464,43.774
1826,1826,60.867,969.939,762.825,91.504,71.965,337,1,613,489,57.830,46.132,464,43.774
1827,1827,60.900,970.589,763.221,91.565,72.002,318,1,613,489,57.830,46.132,464,43.774
1828,1828,60.933,970.574,763.123,91.564,71.993,333,1,613,489,57.830,46.132,464,43.774
1829,1829,60.967,970.910,763.343,91.595,72.014,322,1,613,489,57.830,46.132,464,43.774
1830,1830,61.000,971.461,763.560,91.647,72.034,302,1,613,489,57.830,46.132,464,43.774
1831,1831,61.033,971.612,763.574,91.662,72.035,306,1,613,489,57.830,46.132,464,43.774
1832,1832,61.067,971.830,763.769,91.682,72.054,298,1,613,489,57.830,46.132,464,43.774
1833,1833,61.100,971.987,763.959,91.697,72.072,287,1,613,489,57.830,46.132,464,43.774
1834,1834,61.133,972.046,763.973,91.702,72.073,293,1,613,489,57.830,46.132,464,43.774
1835,1835,61.167,972.341,764.159,91.730,72.090,285,1,613,489,57.830,46.132,464,43.774
1836,1836,61.200,972.245,764.064,91.721,72.081,271,1,613,489,57.830,46.132,464,43.774
1837,1837,61.233,972.274,764.079,91.724,72.083,276,1,613,489,57.830,46.132,464,43.774
1838,1838,61.267,972.238,764.055,91.721,72.081,271,1,613,489,57.830,46.132,464,43.774
1839,1839,61.300,972.206,763.999,91.718,72.075,269,1,613,489,57.830,46.132,464,43.774
1840,1840,61.333,971.982,764.070,91.696,72.082,275,1,613,489,57.830,46.132,464,43.774
1841,1841,61.367,972.106,764.022,91.708,72.078,271,1,613,489,57.830,46.132,464,43.774
1842,1842,61.400,972.245,764.191,91.721,72.093,268,1,613,489,57.830,46.132,464,43.774
1843,1843,61.433,972.184,764.211,91.715,72.095,275,1,613,489,57.830,46.132,464,43.774
1844,1844,61.467,972.318,764.347,91.728,72.108,270,1,613,489,57.830,46.132,464,43.774
1845,1845,61.500,972.468,764.395,91.742,72.113,260,1,613,489,57.830,46.132,464,43.774
1846,1846,61.533,972.525,764.427,91.748,72.116,265,1,613,489,57.830,46.132,464,43.774
1847,1847,61.567,972.681,764.563,91.762,72.129,263,1,613,489,57.830,46.132,464,43.774
1848,1848,61.600,972.925,764.700,91.785,72.142,252,1,613,489,57.830,46.132,464,43.774
1849,1849,61.633,973.036,764.864,91.796,72.157,252,1,613,489,57.830,46.132,464,43.774
1850,1850,61.667,973.233,764.969,91.814,72.167,248,1,613,489,57.830,46.132,464,43.774
1851,1851,61.700,973.560,765.168,91.845,72.186,235,1,613,489,57.830,46.132,464,43.774
1852,1852,61.733,973.794,765.346,91.867,72.202,234,1,613,489,57.830,46.132,464,43.774
1853,1853,61.767,974.176,765.678,91.903,72.234,218,1,613,489,57.830,46.132,464,43.774
1854,1854,61.800,NaN,NaN,NaN,NaN,NaN,0,613,489,57.830,46.132,464,43.774
1855,1855,61.833,NaN,NaN,NaN,NaN,NaN,0,613,489,57.830,46.132,464,43.774
1856,1856,61.867,NaN,NaN,NaN,NaN,NaN,0,613,489,57.830,46.132,464,43.774
1857,1857,61.900,NaN,NaN,NaN,NaN,NaN,0,613,489,57.830,46.132,464,43.774
1858,1858,61.933,NaN,NaN,NaN,NaN,NaN,0,613,489,57.830,46.132,464,43.774
1859,1859,61.967,NaN,NaN,NaN,NaN,NaN,0,613,489,57.830,46.132,464,43.774
1860,1860,62.000,NaN,NaN,NaN,NaN,NaN,0,613,489,57.830,46.132,464,43.774
1861,1861,62.033,NaN,NaN,NaN,NaN,NaN,0,613,489,57.830,46.132,464,43.774
1862,1862,62.067,NaN,NaN,NaN,NaN,NaN,0,613,489,57.830,46.132,464,43.774
1863,1863,62.100,NaN,NaN,NaN,NaN,NaN,0,613,489,57.830,46.132,464,43.774
1864,1864,62.133,NaN,NaN,NaN,NaN,NaN,0,613,489,57.830,46.132,464,43.774
1865,1865,62.167,NaN,NaN,NaN,NaN,NaN,0,613,489,57.830,46.132,464,43.774
1866,1866,62.200,NaN,NaN,NaN,NaN,NaN,0,613,489,57.830,46.132,464,43.774
1867,1867,62.233,NaN,NaN,NaN,NaN,NaN,0,613,489,57.830,46.132,464,43.774
1868,1868,62.267,NaN,NaN,NaN,NaN,NaN,0,613,489,57.830,46.132,464,43.774
1869,1869,62.300,NaN,NaN,NaN,NaN,NaN,0,613,489,57.830,46.132,464,43.774
1870,1870,62.333,NaN,NaN,NaN,NaN,NaN,0,613,489,57.830,46.132,464,43.774
1871,1871,62.367,NaN,NaN,NaN,NaN,NaN,0,613,489,57.830,46.132,464,43.774
1872,1872,62.400,NaN,NaN,NaN,NaN,NaN,0,613,489,57.830,46.132,464,43.774
1873,1873,62.433,NaN,NaN,NaN,NaN,NaN,0,613,489,57.830,46.132,464,43.774
1874,1874,62.467,NaN,NaN,NaN,NaN,NaN,0,613,489,57.830,46.132,464,43.774
1875,1875,62.500,NaN,NaN,NaN,NaN,NaN,0,613,489,57.830,46.132,464,43.774
1876,1876,62.533,NaN,NaN,NaN,NaN,NaN,0,613,489,57.830,46.132,464,43.774
1877,1877,62.567,NaN,NaN,NaN,NaN,NaN,0,613,489,57.830,46.132,464,43.774
1878,1878,62.600,NaN,NaN,NaN,NaN,NaN,0,613,489,57.830,46.132,464,43.774
1879,1879,62.633,NaN,NaN,NaN,NaN,NaN,0,613,489,57.830,46.132,464,43.774
1880,1880,62.667,NaN,NaN,NaN,NaN,NaN,0,613,489,57.830,46.132,464,43.774
1881,1881,62.700,NaN,NaN,NaN,NaN,NaN,0,613,489,57.830,46.132,464,43.774
1882,1882,62.733,NaN,NaN,NaN,NaN,NaN,0,613,489,57.830,46.132,464,43.774
1883,1883,62.767,NaN,NaN,NaN,NaN,NaN,0,613,489,57.830,46.132,464,43.774
1884,1884,62.800,NaN,NaN,NaN,NaN,NaN,0,613,489,57.830,46.132,464,43.774
1885,1885,62.833,NaN,NaN,NaN,NaN,NaN,0,613,489,57.830,46.132,464,43.774
1886,1886,62.867,NaN,NaN,NaN,NaN,NaN,0,613,489,57.830,46.132,464,43.774
1887,1887,62.900,NaN,NaN,NaN,NaN,NaN,0,613,489,57.830,46.132,464,43.774
1888,1888,62.933,NaN,NaN,NaN,NaN,NaN,0,613,489,57.830,46.132,464,43.774
1889,1889,62.967,NaN,NaN,NaN,NaN,NaN,0,613,489,57.830,46.132,464,43.774
1890,1890,63.000,NaN,NaN,NaN,NaN,NaN,0,613,489,57.830,46.132,464,43.774
1891,1891,63.033,NaN,NaN,NaN,NaN,NaN,0,613,489,57.830,46.132,464,43.774
1892,1892,63.067,NaN,NaN,NaN,NaN,NaN,0,613,489,57.830,46.132,464,43.774
1893,1893,63.100,NaN,NaN,NaN,NaN,NaN,0,613,489,57.830,46.132,464,43.774
1894,1894,63.133,NaN,NaN,NaN,NaN,NaN,0,613,489,57.830,46.132,464,43.774
1895,1895,63.167,NaN,NaN,NaN,NaN,NaN,0,613,489,57.830,46.132,464,43.774
1896,1896,63.200,NaN,NaN,NaN,NaN,NaN,0,613,489,57.830,46.132,464,43.774
1897,1897,63.233,NaN,NaN,NaN,NaN,NaN,0,613,489,57.830,46.132,464,43.774
1898,1898,63.267,NaN,NaN,NaN,NaN,NaN,0,613,489,57.830,46.132,464,43.774
1899,1899,63.300,NaN,NaN,NaN,NaN,NaN,0,613,489,57.830,46.132,464,43.774
1900,1900,63.333,NaN,NaN,NaN,NaN,NaN,0,613,489,57.830,46.132,464,43.774
1901,1901,63.367,NaN,NaN,NaN,NaN,NaN,0,613,489,57.830,46.132,464,43.774
1902,1902,63.400,NaN,NaN,NaN,NaN,NaN,0,613,489,57.830,46.132,464,43.774
1903,1903,63.433,NaN,NaN,NaN,NaN,NaN,0,613,489,57.830,46.132,464,43.774
1904,1904,63.467,NaN,NaN,NaN,NaN,NaN,0,613,489,57.830,46.132,464,43.774
1905,1905,63.500,NaN,NaN,NaN,NaN,NaN,0,613,489,57.830,46.132,464,43.774
1906,1906,63.533,NaN,NaN,NaN,NaN,NaN,0,613,489,57.830,46.132,464,43.774
1907,1907,63.567,NaN,NaN,NaN,NaN,NaN,0,613,489,57.830,46.132,464,43.774
1908,1908,63.600,NaN,NaN,NaN,NaN,NaN,0,613,489,57.830,46.132,464,43.774
1909,1909,63.633,NaN,NaN,NaN,NaN,NaN,0,613,489,57.830,46.132,464,43.774
1910,1910,63.667,NaN,NaN,NaN,NaN,NaN,0,613,489,57.830,46.132,464,43.774
1911,1911,63.700,NaN,NaN,NaN,NaN,NaN,0,613,489,57.830,46.132,464,43.774
1912,1912,63.733,NaN,NaN,NaN,NaN,NaN,0,613,489,57.830,46.132,464,43.774
1913,1913,63.767,NaN,NaN,NaN,NaN,NaN,0,613,489,57.830,46.132,464,43.774
1914,1914,63.800,NaN,NaN,NaN,NaN,NaN,0,613,489,57.830,46.132,464,43.774
1915,1915,63.833,NaN,NaN,NaN,NaN,NaN,0,613,489,57.830,46.132,464,43.774
1916,1916,63.867,NaN,NaN,NaN,NaN,NaN,0,613,489,57.830,46.132,464,43.774
1917,1917,63.900,NaN,NaN,NaN,NaN,NaN,0,613,489,57.830,46.132,464,43.774
1918,1918,63.933,NaN,NaN,NaN,NaN,NaN,0,613,489,57.830,46.132,464,43.774
1919,1919,63.967,NaN,NaN,NaN,NaN,NaN,0,613,489,57.830,46.132,464,43.774
1920,1920,64.000,NaN,NaN,NaN,NaN,NaN,0,613,489,57.830,46.132,464,43.774
1921,1921,64.033,NaN,NaN,NaN,NaN,NaN,0,613,489,57.830,46.132,464,43.774
1922,1922,64.067,NaN,NaN,NaN,NaN,NaN,0,613,489,57.830,46.132,464,43.774
1923,1923,64.100,NaN,NaN,NaN,NaN,NaN,0,613,489,57.830,46.132,464,43.774
1924,1924,64.133,NaN,NaN,NaN,NaN,NaN,0,613,489,57.830,46.132,464,43.774
1925,1925,64.167,NaN,NaN,NaN,NaN,NaN,0,613,489,57.830,46.132,464,43.774
1926,1926,64.200,NaN,NaN,NaN,NaN,NaN,0,613,489,57.830,46.132,464,43.774
1927,1927,64.233,NaN,NaN,NaN,NaN,NaN,0,613,489,57.830,46.132,464,43.774
1928,1928,64.267,NaN,NaN,NaN,NaN,NaN,0,613,489,57.830,46.132,464,43.774
1929,1929,64.300,NaN,NaN,NaN,NaN,NaN,0,613,489,57.830,46.132,464,43.774
1930,1930,64.333,NaN,NaN,NaN,NaN,NaN,0,613,489,57.830,46.132,464,43.774
1931,1931,64.367,NaN,NaN,NaN,NaN,NaN,0,613,489,57.830,46.132,464,43.774
1932,1932,64.400,NaN,NaN,NaN,NaN,NaN,0,613,489,57.830,46.132,464,43.774
1933,1933,64.433,NaN,NaN,NaN,NaN,NaN,0,613,489,57.830,46.132,464,43.774
1934,1934,64.467,NaN,NaN,NaN,NaN,NaN,0,613,489,57.830,46.132,464,43.774
1935,1935,64.500,NaN,NaN,NaN,NaN,NaN,0,613,489,57.830,46.132,464,43.774
1936,1936,64.533,NaN,NaN,NaN,NaN,NaN,0,613,489,57.830,46.132,464,43.774
1937,1937,64.567,NaN,NaN,NaN,NaN,NaN,0,613,489,57.830,46.132,464,43.774
1938,1938,64.600,NaN,NaN,NaN,NaN,NaN,0,613,489,57.830,46.132,464,43.774
1939,1939,64.633,NaN,NaN,NaN,NaN,NaN,0,613,489,57.830,46.132,464,43.774
1940,1940,64.667,NaN,NaN,NaN,NaN,NaN,0,613,489,57.830,46.132,464,43.774
1941,1941,64.700,NaN,NaN,NaN,NaN,NaN,0,613,489,57.830,46.132,464,43.774
1942,1942,64.733,NaN,NaN,NaN,NaN,NaN,0,613,489,57.830,46.132,464,43.774
1943,1943,64.767,NaN,NaN,NaN,NaN,NaN,0,613,489,57.830,46.132,464,43.774
1944,1944,64.800,NaN,NaN,NaN,NaN,NaN,0,613,489,57.830,46.132,464,43.774
1945,1945,64.833,NaN,NaN,NaN,NaN,NaN,0,613,489,57.830,46.132,464,43.774
1946,1946,64.867,NaN,NaN,NaN,NaN,NaN,0,613,489,57.830,46.132,464,43.774
1947,1947,64.900,NaN,NaN,NaN,NaN,NaN,0,613,489,57.830,46.132,464,43.774
1948,1948,64.933,NaN,NaN,NaN,NaN,NaN,0,613,489,57.830,46.132,464,43.774
1949,1949,64.967,NaN,NaN,NaN,NaN,NaN,0,613,489,57.830,46.132,464,43.774
1950,1950,65.000,NaN,NaN,NaN,NaN,NaN,0,613,489,57.830,46.132,464,43.774
1951,1951,65.033,NaN,NaN,NaN,NaN,NaN,0,613,489,57.830,46.132,464,43.774
1952,1952,65.067,NaN,NaN,NaN,NaN,NaN,0,613,489,57.830,46.132,464,43.774
1953,1953,65.100,NaN,NaN,NaN,NaN,NaN,0,613,489,57.830,46.132,464,43.774
1954,1954,65.133,NaN,NaN,NaN,NaN,NaN,0,613,489,57.830,46.132,464,43.774
1955,1955,65.167,NaN,NaN,NaN,NaN,NaN,0,613,489,57.830,46.132,464,43.774
1956,1956,65.200,NaN,NaN,NaN,NaN,NaN,0,613,489,57.830,46.132,464,43.774
1957,1957,65.233,NaN,NaN,NaN,NaN,NaN,0,613,489,57.830,46.132,464,43.774
1958,1958,65.267,NaN,NaN,NaN,NaN,NaN,0,613,489,57.830,46.132,464,43.774
1959,1959,65.300,NaN,NaN,NaN,NaN,NaN,0,613,489,57.830,46.132,464,43.774
1960,1960,65.333,NaN,NaN,NaN,NaN,NaN,0,613,489,57.830,46.132,464,43.774
1961,1961,65.367,NaN,NaN,NaN,NaN,NaN,0,613,489,57.830,46.132,464,43.774
1962,1962,65.400,NaN,NaN,NaN,NaN,NaN,0,613,489,57.830,46.132,464,43.774
1963,1963,65.433,NaN,NaN,NaN,NaN,NaN,0,613,489,57.830,46.132,464,43.774
1964,1964,65.467,NaN,NaN,NaN,NaN,NaN,0,613,489,57.830,46.132,464,43.774
1965,1965,65.500,NaN,NaN,NaN,NaN,NaN,0,613,489,57.830,46.132,464,43.774
1966,1966,65.533,NaN,NaN,NaN,NaN,NaN,0,613,489,57.830,46.132,464,43.774
1967,1967,65.567,NaN,NaN,NaN,NaN,NaN,0,613,489,57.830,46.132,464,43.774
1968,1968,65.600,NaN,NaN,NaN,NaN,NaN,0,613,489,57.830,46.132,464,43.774
1969,1969,65.633,NaN,NaN,NaN,NaN,NaN,0,613,489,57.830,46.132,464,43.774
1970,1970,65.667,NaN,NaN,NaN,NaN,NaN,0,613,489,57.830,46.132,464,43.774
1971,1971,65.700,NaN,NaN,NaN,NaN,NaN,0,613,489,57.830,46.132,464,43.774
1972,1972,65.733,NaN,NaN,NaN,NaN,NaN,0,613,489,57.830,46.132,464,43.774
1973,1973,65.767,NaN,NaN,NaN,NaN,NaN,0,613,489,57.830,46.132,464,43.774
1974,1974,65.800,NaN,NaN,NaN,NaN,NaN,0,613,489,57.830,46.132,464,43.774
1975,1975,65.833,NaN,NaN,NaN,NaN,NaN,0,613,489,57.830,46.132,464,43.774
1976,1976,65.867,NaN,NaN,NaN,NaN,NaN,0,613,489,57.830,46.132,464,43.774
1977,1977,65.900,NaN,NaN,NaN,NaN,NaN,0,613,489,57.830,46.132,464,43.774
1978,1978,65.933,NaN,NaN,NaN,NaN,NaN,0,613,489,57.830,46.132,464,43.774
1979,1979,65.967,NaN,NaN,NaN,NaN,NaN,0,613,489,57.830,46.132,464,43.774
1980,1980,66.000,NaN,NaN,NaN,NaN,NaN,0,613,489,57.830,46.132,464,43.774
1981,1981,66.033,NaN,NaN,NaN,NaN,NaN,0,613,489,57.830,46.132,464,43.774
1982,1982,66.067,NaN,NaN,NaN,NaN,NaN,0,613,489,57.830,46.132,464,43.774
1983,1983,66.100,NaN,NaN,NaN,NaN,NaN,0,613,489,57.830,46.132,464,43.774
1984,1984,66.133,NaN,NaN,NaN,NaN,NaN,0,613,489,57.830,46.132,464,43.774
1985,1985,66.167,NaN,NaN,NaN,NaN,NaN,0,613,489,57.830,46.132,464,43.774
1986,1986,66.200,NaN,NaN,NaN,NaN,NaN,0,613,489,57.830,46.132,464,43.774
1987,1987,66.233,NaN,NaN,NaN,NaN,NaN,0,613,489,57.830,46.132,464,43.774
1988,1988,66.267,NaN,NaN,NaN,NaN,NaN,0,613,489,57.830,46.132,464,43.774
1989,1989,66.300,NaN,NaN,NaN,NaN,NaN,0,613,489,57.830,46.132,464,43.774
1990,1990,66.333,NaN,NaN,NaN,NaN,NaN,0,613,489,57.830,46.132,464,43.774
1991,1991,66.367,NaN,NaN,NaN,NaN,NaN,0,613,489,57.830,46.132,464,43.774
1992,1992,66.400,NaN,NaN,NaN,NaN,NaN,0,613,489,57.830,46.132,464,43.774
1993,1993,66.433,NaN,NaN,NaN,NaN,NaN,0,613,489,57.830,46.132,464,43.774
1994,1994,66.467,NaN,NaN,NaN,NaN,NaN,0,613,489,57.830,46.132,464,43.774
1995,1995,66.500,NaN,NaN,NaN,NaN,NaN,0,613,489,57.830,46.132,464,43.774
1996,1996,66.533,NaN,NaN,NaN,NaN,NaN,0,613,489,57.830,46.132,464,43.774
1997,1997,66.567,NaN,NaN,NaN,NaN,NaN,0,613,489,57.830,46.132,464,43.774
1998,1998,66.600,NaN,NaN,NaN,NaN,NaN,0,613,489,57.830,46.132,464,43.774
1999,1999,66.633,NaN,NaN,NaN,NaN,NaN,0,613,489,57.830,46.132,464,43.774
2000,2000,66.667,NaN,NaN,NaN,NaN,NaN,0,613,489,57.830,46.132,464,43.774
2001,2001,66.700,NaN,NaN,NaN,NaN,NaN,0,613,489,57.830,46.132,464,43.774
2002,2002,66.733,NaN,NaN,NaN,NaN,NaN,0,613,489,57.830,46.132,464,43.774
2003,2003,66.767,NaN,NaN,NaN,NaN,NaN,0,613,489,57.830,46.132,464,43.774
2004,2004,66.800,NaN,NaN,NaN,NaN,NaN,0,613,489,57.830,46.132,464,43.774
2005,2005,66.833,NaN,NaN,NaN,NaN,NaN,0,613,489,57.830,46.132,464,43.774
2006,2006,66.867,NaN,NaN,NaN,NaN,NaN,0,613,489,57.830,46.132,464,43.774
2007,2007,66.900,NaN,NaN,NaN,NaN,NaN,0,613,489,57.830,46.132,464,43.774
2008,2008,66.933,NaN,NaN,NaN,NaN,NaN,0,613,489,57.830,46.132,464,43.774
2009,2009,66.967,NaN,NaN,NaN,NaN,NaN,0,613,489,57.830,46.132,464,43.774
2010,2010,67.000,NaN,NaN,NaN,NaN,NaN,0,613,489,57.830,46.132,464,43.774
2011,2011,67.033,NaN,NaN,NaN,NaN,NaN,0,613,489,57.830,46.132,464,43.774
2012,2012,67.067,NaN,NaN,NaN,NaN,NaN,0,613,489,57.830,46.132,464,43.774
2013,2013,67.100,NaN,NaN,NaN,NaN,NaN,0,613,489,57.830,46.132,464,43.774
2014,2014,67.133,NaN,NaN,NaN,NaN,NaN,0,613,489,57.830,46.132,464,43.774
2015,2015,67.167,NaN,NaN,NaN,NaN,NaN,0,613,489,57.830,46.132,464,43.774
2016,2016,67.200,NaN,NaN,NaN,NaN,NaN,0,613,489,57.830,46.132,464,43.774
2017,2017,67.233,NaN,NaN,NaN,NaN,NaN,0,613,489,57.830,46.132,464,43.774
2018,2018,67.267,NaN,NaN,NaN,NaN,NaN,0,613,489,57.830,46.132,464,43.774
2019,2019,67.300,NaN,NaN,NaN,NaN,NaN,0,613,489,57.830,46.132,464,43.774
2020,2020,67.333,NaN,NaN,NaN,NaN,NaN,0,613,489,57.830,46.132,464,43.774
2021,2021,67.367,NaN,NaN,NaN,NaN,NaN,0,613,489,57.830,46.132,464,43.774
2022,2022,67.400,NaN,NaN,NaN,NaN,NaN,0,613,489,57.830,46.132,464,43.774
2023,2023,67.433,NaN,NaN,NaN,NaN,NaN,0,613,489,57.830,46.132,464,43.774
2024,2024,67.467,NaN,NaN,NaN,NaN,NaN,0,613,489,57.830,46.132,464,43.774
2025,2025,67.500,NaN,NaN,NaN,NaN,NaN,0,613,489,57.830,46.132,464,43.774
2026,2026,67.533,NaN,NaN,NaN,NaN,NaN,0,613,489,57.830,46.132,464,43.774
2027,2027,67.567,NaN,NaN,NaN,NaN,NaN,0,613,489,57.830,46.132,464,43.774
2028,2028,67.600,NaN,NaN,NaN,NaN,NaN,0,613,489,57.830,46.132,464,43.774
2029,2029,67.633,NaN,NaN,NaN,NaN,NaN,0,613,489,57.830,46.132,464,43.774
2030,2030,67.667,NaN,NaN,NaN,NaN,NaN,0,613,489,57.830,46.132,464,43.774
2031,2031,67.700,NaN,NaN,NaN,NaN,NaN,0,613,489,57.830,46.132,464,43.774
2032,2032,67.733,NaN,NaN,NaN,NaN,NaN,0,613,489,57.830,46.132,464,43.774
2033,2033,67.767,NaN,NaN,NaN,NaN,NaN,0,613,489,57.830,46.132,464,43.774
2034,2034,67.800,NaN,NaN,NaN,NaN,NaN,0,613,489,57.830,46.132,464,43.774
2035,2035,67.833,NaN,NaN,NaN,NaN,NaN,0,613,489,57.830,46.132,464,43.774
2036,2036,67.867,NaN,NaN,NaN,NaN,NaN,0,613,489,57.830,46.132,464,43.774
2037,2037,67.900,NaN,NaN,NaN,NaN,NaN,0,613,489,57.830,46.132,464,43.774
2038,2038,67.933,NaN,NaN,NaN,NaN,NaN,0,613,489,57.830,46.132,464,43.774
2039,2039,67.967,NaN,NaN,NaN,NaN,NaN,0,613,489,57.830,46.132,464,43.774
2040,2040,68.000,NaN,NaN,NaN,NaN,NaN,0,613,489,57.830,46.132,464,43.774
2041,2041,68.033,NaN,NaN,NaN,NaN,NaN,0,613,489,57.830,46.132,464,43.774
2042,2042,68.067,NaN,NaN,NaN,NaN,NaN,0,613,489,57.830,46.132,464,43.774
2043,2043,68.100,NaN,NaN,NaN,NaN,NaN,0,613,489,57.830,46.132,464,43.774
2044,2044,68.133,NaN,NaN,NaN,NaN,NaN,0,613,489,57.830,46.132,464,43.774
2045,2045,68.167,NaN,NaN,NaN,NaN,NaN,0,613,489,57.830,46.132,464,43.774
2046,2046,68.200,NaN,NaN,NaN,NaN,NaN,0,613,489,57.830,46.132,464,43.774
2047,2047,68.233,NaN,NaN,NaN,NaN,NaN,0,613,489,57.830,46.132,464,43.774
2048,2048,68.267,NaN,NaN,NaN,NaN,NaN,0,613,489,57.830,46.132,464,43.774
2049,2049,68.300,NaN,NaN,NaN,NaN,NaN,0,613,489,57.830,46.132,464,43.774
2050,2050,68.333,NaN,NaN,NaN,NaN,NaN,0,613,489,57.830,46.132,464,43.774
2051,2051,68.367,NaN,NaN,NaN,NaN,NaN,0,613,489,57.830,46.132,464,43.774
2052,2052,68.400,NaN,NaN,NaN,NaN,NaN,0,613,489,57.830,46.132,464,43.774
2053,2053,68.433,NaN,NaN,NaN,NaN,NaN,0,613,489,57.830,46.132,464,43.774
2054,2054,68.467,NaN,NaN,NaN,NaN,NaN,0,613,489,57.830,46.132,464,43.774
2055,2055,68.500,NaN,NaN,NaN,NaN,NaN,0,613,489,57.830,46.132,464,43.774
2056,2056,68.533,NaN,NaN,NaN,NaN,NaN,0,613,489,57.830,46.132,464,43.774
2057,2057,68.567,NaN,NaN,NaN,NaN,NaN,0,613,489,57.830,46.132,464,43.774
2058,2058,68.600,NaN,NaN,NaN,NaN,NaN,0,613,489,57.830,46.132,464,43.774
2059,2059,68.633,NaN,NaN,NaN,NaN,NaN,0,613,489,57.830,46.132,464,43.774
2060,2060,68.667,NaN,NaN,NaN,NaN,NaN,0,613,489,57.830,46.132,464,43.774
2061,2061,68.700,NaN,NaN,NaN,NaN,NaN,0,613,489,57.830,46.132,464,43.774
2062,2062,68.733,NaN,NaN,NaN,NaN,NaN,0,613,489,57.830,46.132,464,43.774
2063,2063,68.767,NaN,NaN,NaN,NaN,NaN,0,613,489,57.830,46.132,464,43.774
2064,2064,68.800,NaN,NaN,NaN,NaN,NaN,0,613,489,57.830,46.132,464,43.774
2065,2065,68.833,NaN,NaN,NaN,NaN,NaN,0,613,489,57.830,46.132,464,43.774
2066,2066,68.867,NaN,NaN,NaN,NaN,NaN,0,613,489,57.830,46.132,464,43.774
2067,2067,68.900,NaN,NaN,NaN,NaN,NaN,0,613,489,57.830,46.132,464,43.774
2068,2068,68.933,NaN,NaN,NaN,NaN,NaN,0,613,489,57.830,46.132,464,43.774
2069,2069,68.967,NaN,NaN,NaN,NaN,NaN,0,613,489,57.830,46.132,464,43.774
2070,2070,69.000,NaN,NaN,NaN,NaN,NaN,0,613,489,57.830,46.132,464,43.774
2071,2071,69.033,NaN,NaN,NaN,NaN,NaN,0,613,489,57.830,46.132,464,43.774
2072,2072,69.067,NaN,NaN,NaN,NaN,NaN,0,613,489,57.830,46.132,464,43.774
2073,2073,69.100,NaN,NaN,NaN,NaN,NaN,0,613,489,57.830,46.132,464,43.774
2074,2074,69.133,NaN,NaN,NaN,NaN,NaN,0,613,489,57.830,46.132,464,43.774
2075,2075,69.167,NaN,NaN,NaN,NaN,NaN,0,613,489,57.830,46.132,464,43.774
2076,2076,69.200,NaN,NaN,NaN,NaN,NaN,0,613,489,57.830,46.132,464,43.774
2077,2077,69.233,NaN,NaN,NaN,NaN,NaN,0,613,489,57.830,46.132,464,43.774
2078,2078,69.267,NaN,NaN,NaN,NaN,NaN,0,613,489,57.830,46.132,464,43.774
2079,2079,69.300,NaN,NaN,NaN,NaN,NaN,0,613,489,57.830,46.132,464,43.774
2080,2080,69.333,NaN,NaN,NaN,NaN,NaN,0,613,489,57.830,46.132,464,43.774
2081,2081,69.367,NaN,NaN,NaN,NaN,NaN,0,613,489,57.830,46.132,464,43.774
2082,2082,69.400,NaN,NaN,NaN,NaN,NaN,0,613,489,57.830,46.132,464,43.774
2083,2083,69.433,NaN,NaN,NaN,NaN,NaN,0,613,489,57.830,46.132,464,43.774
2084,2084,69.467,NaN,NaN,NaN,NaN,NaN,0,613,489,57.830,46.132,464,43.774
2085,2085,69.500,NaN,NaN,NaN,NaN,NaN,0,613,489,57.830,46.132,464,43.774
2086,2086,69.533,NaN,NaN,NaN,NaN,NaN,0,613,489,57.830,46.132,464,43.774
2087,2087,69.567,NaN,NaN,NaN,NaN,NaN,0,613,489,57.830,46.132,464,43.774
2088,2088,69.600,NaN,NaN,NaN,NaN,NaN,0,613,489,57.830,46.132,464,43.774
2089,2089,69.633,NaN,NaN,NaN,NaN,NaN,0,613,489,57.830,46.132,464,43.774
2090,2090,69.667,NaN,NaN,NaN,NaN,NaN,0,613,489,57.830,46.132,464,43.774
2091,2091,69.700,NaN,NaN,NaN,NaN,NaN,0,613,489,57.830,46.132,464,43.774
2092,2092,69.733,NaN,NaN,NaN,NaN,NaN,0,613,489,57.830,46.132,464,43.774
2093,2093,69.767,NaN,NaN,NaN,NaN,NaN,0,613,489,57.830,46.132,464,43.774
2094,2094,69.800,NaN,NaN,NaN,NaN,NaN,0,613,489,57.830,46.132,464,43.774
2095,2095,69.833,NaN,NaN,NaN,NaN,NaN,0,613,489,57.830,46.132,464,43.774
2096,2096,69.867,NaN,NaN,NaN,NaN,NaN,0,613,489,57.830,46.132,464,43.774
2097,2097,69.900,NaN,NaN,NaN,NaN,NaN,0,613,489,57.830,46.132,464,43.774
2098,2098,69.933,NaN,NaN,NaN,NaN,NaN,0,613,489,57.830,46.132,464,43.774
2099,2099,69.967,NaN,NaN,NaN,NaN,NaN,0,613,489,57.830,46.132,464,43.774
2100,2100,70.000,NaN,NaN,NaN,NaN,NaN,0,613,489,57.830,46.132,464,43.774
2101,2101,70.033,NaN,NaN,NaN,NaN,NaN,0,613,489,57.830,46.132,464,43.774
2102,2102,70.067,NaN,NaN,NaN,NaN,NaN,0,613,489,57.830,46.132,464,43.774
2103,2103,70.100,NaN,NaN,NaN,NaN,NaN,0,613,489,57.830,46.132,464,43.774
2104,2104,70.133,NaN,NaN,NaN,NaN,NaN,0,613,489,57.830,46.132,464,43.774
2105,2105,70.167,NaN,NaN,NaN,NaN,NaN,0,613,489,57.830,46.132,464,43.774
2106,2106,70.200,NaN,NaN,NaN,NaN,NaN,0,613,489,57.830,46.132,464,43.774
2107,2107,70.233,NaN,NaN,NaN,NaN,NaN,0,613,489,57.830,46.132,464,43.774
2108,2108,70.267,NaN,NaN,NaN,NaN,NaN,0,613,489,57.830,46.132,464,43.774
2109,2109,70.300,NaN,NaN,NaN,NaN,NaN,0,613,489,57.830,46.132,464,43.774
2110,2110,70.333,NaN,NaN,NaN,NaN,NaN,0,613,489,57.830,46.132,464,43.774
2111,2111,70.367,NaN,NaN,NaN,NaN,NaN,0,613,489,57.830,46.132,464,43.774
2112,2112,70.400,NaN,NaN,NaN,NaN,NaN,0,613,489,57.830,46.132,464,43.774
2113,2113,70.433,NaN,NaN,NaN,NaN,NaN,0,613,489,57.830,46.132,464,43.774
2114,2114,70.467,NaN,NaN,NaN,NaN,NaN,0,613,489,57.830,46.132,464,43.774
2115,2115,70.500,NaN,NaN,NaN,NaN,NaN,0,613,489,57.830,46.132,464,43.774
2116,2116,70.533,NaN,NaN,NaN,NaN,NaN,0,613,489,57.830,46.132,464,43.774
2117,2117,70.567,NaN,NaN,NaN,NaN,NaN,0,613,489,57.830,46.132,464,43.774
2118,2118,70.600,NaN,NaN,NaN,NaN,NaN,0,613,489,57.830,46.132,464,43.774
2119,2119,70.633,NaN,NaN,NaN,NaN,NaN,0,613,489,57.830,46.132,464,43.774
2120,2120,70.667,NaN,NaN,NaN,NaN,NaN,0,613,489,57.830,46.132,464,43.774
2121,2121,70.700,NaN,NaN,NaN,NaN,NaN,0,613,489,57.830,46.132,464,43.774
2122,2122,70.733,NaN,NaN,NaN,NaN,NaN,0,613,489,57.830,46.132,464,43.774
2123,2123,70.767,NaN,NaN,NaN,NaN,NaN,0,613,489,57.830,46.132,464,43.774
2124,2124,70.800,NaN,NaN,NaN,NaN,NaN,0,613,489,57.830,46.132,464,43.774
2125,2125,70.833,NaN,NaN,NaN,NaN,NaN,0,613,489,57.830,46.132,464,43.774
2126,2126,70.867,NaN,NaN,NaN,NaN,NaN,0,613,489,57.830,46.132,464,43.774
2127,2127,70.900,NaN,NaN,NaN,NaN,NaN,0,613,489,57.830,46.132,464,43.774
2128,2128,70.933,NaN,NaN,NaN,NaN,NaN,0,613,489,57.830,46.132,464,43.774
2129,2129,70.967,NaN,NaN,NaN,NaN,NaN,0,613,489,57.830,46.132,464,43.774
2130,2130,71.000,NaN,NaN,NaN,NaN,NaN,0,613,489,57.830,46.132,464,43.774
2131,2131,71.033,NaN,NaN,NaN,NaN,NaN,0,613,489,57.830,46.132,464,43.774
2132,2132,71.067,NaN,NaN,NaN,NaN,NaN,0,613,489,57.830,46.132,464,43.774
2133,2133,71.100,NaN,NaN,NaN,NaN,NaN,0,613,489,57.830,46.132,464,43.774
2134,2134,71.133,NaN,NaN,NaN,NaN,NaN,0,613,489,57.830,46.132,464,43.774
2135,2135,71.167,NaN,NaN,NaN,NaN,NaN,0,613,489,57.830,46.132,464,43.774
2136,2136,71.200,NaN,NaN,NaN,NaN,NaN,0,613,489,57.830,46.132,464,43.774
2137,2137,71.233,NaN,NaN,NaN,NaN,NaN,0,613,489,57.830,46.132,464,43.774
2138,2138,71.267,NaN,NaN,NaN,NaN,NaN,0,613,489,57.830,46.132,464,43.774
2139,2139,71.300,NaN,NaN,NaN,NaN,NaN,0,613,489,57.830,46.132,464,43.774
2140,2140,71.333,NaN,NaN,NaN,NaN,NaN,0,613,489,57.830,46.132,464,43.774
2141,2141,71.367,NaN,NaN,NaN,NaN,NaN,0,613,489,57.830,46.132,464,43.774
2142,2142,71.400,NaN,NaN,NaN,NaN,NaN,0,613,489,57.830,46.132,464,43.774
2143,2143,71.433,NaN,NaN,NaN,NaN,NaN,0,613,489,57.830,46.132,464,43.774
2144,2144,71.467,NaN,NaN,NaN,NaN,NaN,0,613,489,57.830,46.132,464,43.774
2145,2145,71.500,NaN,NaN,NaN,NaN,NaN,0,613,489,57.830,46.132,464,43.774
2146,2146,71.533,NaN,NaN,NaN,NaN,NaN,0,613,489,57.830,46.132,464,43.774
2147,2147,71.567,NaN,NaN,NaN,NaN,NaN,0,613,489,57.830,46.132,464,43.774
2148,2148,71.600,NaN,NaN,NaN,NaN,NaN,0,613,489,57.830,46.132,464,43.774
2149,2149,71.633,NaN,NaN,NaN,NaN,NaN,0,613,489,57.830,46.132,464,43.774
2150,2150,71.667,NaN,NaN,NaN,NaN,NaN,0,613,489,57.830,46.132,464,43.774
2151,2151,71.700,NaN,NaN,NaN,NaN,NaN,0,613,489,57.830,46.132,464,43.774
2152,2152,71.733,NaN,NaN,NaN,NaN,NaN,0,613,489,57.830,46.132,464,43.774
2153,2153,71.767,NaN,NaN,NaN,NaN,NaN,0,613,489,57.830,46.132,464,43.774
2154,2154,71.800,NaN,NaN,NaN,NaN,NaN,0,613,489,57.830,46.132,464,43.774
2155,2155,71.833,NaN,NaN,NaN,NaN,NaN,0,613,489,57.830,46.132,464,43.774
2156,2156,71.867,NaN,NaN,NaN,NaN,NaN,0,613,489,57.830,46.132,464,43.774
2157,2157,71.900,NaN,NaN,NaN,NaN,NaN,0,613,489,57.830,46.132,464,43.774
2158,2158,71.933,NaN,NaN,NaN,NaN,NaN,0,613,489,57.830,46.132,464,43.774
2159,2159,71.967,NaN,NaN,NaN,NaN,NaN,0,613,489,57.830,46.132,464,43.774
2160,2160,72.000,NaN,NaN,NaN,NaN,NaN,0,613,489,57.830,46.132,464,43.774
2161,2161,72.033,NaN,NaN,NaN,NaN,NaN,0,613,489,57.830,46.132,464,43.774
2162,2162,72.067,NaN,NaN,NaN,NaN,NaN,0,613,489,57.830,46.132,464,43.774
2163,2163,72.100,NaN,NaN,NaN,NaN,NaN,0,613,489,57.830,46.132,464,43.774
2164,2164,72.133,NaN,NaN,NaN,NaN,NaN,0,613,489,57.830,46.132,464,43.774
2165,2165,72.167,NaN,NaN,NaN,NaN,NaN,0,613,489,57.830,46.132,464,43.774
2166,2166,72.200,NaN,NaN,NaN,NaN,NaN,0,613,489,57.830,46.132,464,43.774
2167,2167,72.233,NaN,NaN,NaN,NaN,NaN,0,613,489,57.830,46.132,464,43.774
2168,2168,72.267,NaN,NaN,NaN,NaN,NaN,0,613,489,57.830,46.132,464,43.774
2169,2169,72.300,NaN,NaN,NaN,NaN,NaN,0,613,489,57.830,46.132,464,43.774
2170,2170,72.333,NaN,NaN,NaN,NaN,NaN,0,613,489,57.830,46.132,464,43.774
2171,2171,72.367,NaN,NaN,NaN,NaN,NaN,0,613,489,57.830,46.132,464,43.774
2172,2172,72.400,NaN,NaN,NaN,NaN,NaN,0,613,489,57.830,46.132,464,43.774
2173,2173,72.433,NaN,NaN,NaN,NaN,NaN,0,613,489,57.830,46.132,464,43.774
2174,2174,72.467,NaN,NaN,NaN,NaN,NaN,0,613,489,57.830,46.132,464,43.774
2175,2175,72.500,NaN,NaN,NaN,NaN,NaN,0,613,489,57.830,46.132,464,43.774
2176,2176,72.533,NaN,NaN,NaN,NaN,NaN,0,613,489,57.830,46.132,464,43.774
2177,2177,72.567,NaN,NaN,NaN,NaN,NaN,0,613,489,57.830,46.132,464,43.774
2178,2178,72.600,NaN,NaN,NaN,NaN,NaN,0,613,489,57.830,46.132,464,43.774
2179,2179,72.633,NaN,NaN,NaN,NaN,NaN,0,613,489,57.830,46.132,464,43.774
2180,2180,72.667,NaN,NaN,NaN,NaN,NaN,0,613,489,57.830,46.132,464,43.774
2181,2181,72.700,NaN,NaN,NaN,NaN,NaN,0,613,489,57.830,46.132,464,43.774
2182,2182,72.733,NaN,NaN,NaN,NaN,NaN,0,613,489,57.830,46.132,464,43.774
2183,2183,72.767,NaN,NaN,NaN,NaN,NaN,0,613,489,57.830,46.132,464,43.774
2184,2184,72.800,NaN,NaN,NaN,NaN,NaN,0,613,489,57.830,46.132,464,43.774
2185,2185,72.833,NaN,NaN,NaN,NaN,NaN,0,613,489,57.830,46.132,464,43.774
2186,2186,72.867,NaN,NaN,NaN,NaN,NaN,0,613,489,57.830,46.132,464,43.774
2187,2187,72.900,NaN,NaN,NaN,NaN,NaN,0,613,489,57.830,46.132,464,43.774
2188,2188,72.933,NaN,NaN,NaN,NaN,NaN,0,613,489,57.830,46.132,464,43.774
2189,2189,72.967,NaN,NaN,NaN,NaN,NaN,0,613,489,57.830,46.132,464,43.774
2190,2190,73.000,NaN,NaN,NaN,NaN,NaN,0,613,489,57.830,46.132,464,43.774
2191,2191,73.033,NaN,NaN,NaN,NaN,NaN,0,613,489,57.830,46.132,464,43.774
2192,2192,73.067,NaN,NaN,NaN,NaN,NaN,0,613,489,57.830,46.132,464,43.774
2193,2193,73.100,NaN,NaN,NaN,NaN,NaN,0,613,489,57.830,46.132,464,43.774
2194,2194,73.133,NaN,NaN,NaN,NaN,NaN,0,613,489,57.830,46.132,464,43.774
2195,2195,73.167,NaN,NaN,NaN,NaN,NaN,0,613,489,57.830,46.132,464,43.774
2196,2196,73.200,NaN,NaN,NaN,NaN,NaN,0,613,489,57.830,46.132,464,43.774
2197,2197,73.233,NaN,NaN,NaN,NaN,NaN,0,613,489,57.830,46.132,464,43.774
2198,2198,73.267,NaN,NaN,NaN,NaN,NaN,0,613,489,57.830,46.132,464,43.774
2199,2199,73.300,NaN,NaN,NaN,NaN,NaN,0,613,489,57.830,46.132,464,43.774
2200,2200,73.333,NaN,NaN,NaN,NaN,NaN,0,613,489,57.830,46.132,464,43.774
2201,2201,73.367,NaN,NaN,NaN,NaN,NaN,0,613,489,57.830,46.132,464,43.774
2202,2202,73.400,NaN,NaN,NaN,NaN,NaN,0,613,489,57.830,46.132,464,43.774
2203,2203,73.433,NaN,NaN,NaN,NaN,NaN,0,613,489,57.830,46.132,464,43.774
2204,2204,73.467,NaN,NaN,NaN,NaN,NaN,0,613,489,57.830,46.132,464,43.774
2205,2205,73.500,NaN,NaN,NaN,NaN,NaN,0,613,489,57.830,46.132,464,43.774
2206,2206,73.533,NaN,NaN,NaN,NaN,NaN,0,613,489,57.830,46.132,464,43.774
2207,2207,73.567,NaN,NaN,NaN,NaN,NaN,0,613,489,57.830,46.132,464,43.774
2208,2208,73.600,NaN,NaN,NaN,NaN,NaN,0,613,489,57.830,46.132,464,43.774
2209,2209,73.633,NaN,NaN,NaN,NaN,NaN,0,613,489,57.830,46.132,464,43.774
2210,2210,73.667,NaN,NaN,NaN,NaN,NaN,0,613,489,57.830,46.132,464,43.774
2211,2211,73.700,NaN,NaN,NaN,NaN,NaN,0,613,489,57.830,46.132,464,43.774
2212,2212,73.733,NaN,NaN,NaN,NaN,NaN,0,613,489,57.830,46.132,464,43.774
2213,2213,73.767,NaN,NaN,NaN,NaN,NaN,0,613,489,57.830,46.132,464,43.774
2214,2214,73.800,NaN,NaN,NaN,NaN,NaN,0,613,489,57.830,46.132,464,43.774
2215,2215,73.833,NaN,NaN,NaN,NaN,NaN,0,613,489,57.830,46.132,464,43.774
2216,2216,73.867,NaN,NaN,NaN,NaN,NaN,0,613,489,57.830,46.132,464,43.774
2217,2217,73.900,NaN,NaN,NaN,NaN,NaN,0,613,489,57.830,46.132,464,43.774
2218,2218,73.933,NaN,NaN,NaN,NaN,NaN,0,613,489,57.830,46.132,464,43.774
2219,2219,73.967,NaN,NaN,NaN,NaN,NaN,0,613,489,57.830,46.132,464,43.774
2220,2220,74.000,NaN,NaN,NaN,NaN,NaN,0,613,489,57.830,46.132,464,43.774
2221,2221,74.033,NaN,NaN,NaN,NaN,NaN,0,613,489,57.830,46.132,464,43.774
2222,2222,74.067,NaN,NaN,NaN,NaN,NaN,0,613,489,57.830,46.132,464,43.774
2223,2223,74.100,NaN,NaN,NaN,NaN,NaN,0,613,489,57.830,46.132,464,43.774
2224,2224,74.133,NaN,NaN,NaN,NaN,NaN,0,613,489,57.830,46.132,464,43.774
2225,2225,74.167,NaN,NaN,NaN,NaN,NaN,0,613,489,57.830,46.132,464,43.774
2226,2226,74.200,NaN,NaN,NaN,NaN,NaN,0,613,489,57.830,46.132,464,43.774
2227,2227,74.233,NaN,NaN,NaN,NaN,NaN,0,613,489,57.830,46.132,464,43.774
2228,2228,74.267,NaN,NaN,NaN,NaN,NaN,0,613,489,57.830,46.132,464,43.774
2229,2229,74.300,NaN,NaN,NaN,NaN,NaN,0,613,489,57.830,46.132,464,43.774
2230,2230,74.333,NaN,NaN,NaN,NaN,NaN,0,613,489,57.830,46.132,464,43.774
2231,2231,74.367,NaN,NaN,NaN,NaN,NaN,0,613,489,57.830,46.132,464,43.774
2232,2232,74.400,NaN,NaN,NaN,NaN,NaN,0,613,489,57.830,46.132,464,43.774
2233,2233,74.433,NaN,NaN,NaN,NaN,NaN,0,613,489,57.830,46.132,464,43.774
2234,2234,74.467,NaN,NaN,NaN,NaN,NaN,0,613,489,57.830,46.132,464,43.774
2235,2235,74.500,NaN,NaN,NaN,NaN,NaN,0,613,489,57.830,46.132,464,43.774
2236,2236,74.533,NaN,NaN,NaN,NaN,NaN,0,613,489,57.830,46.132,464,43.774
2237,2237,74.567,NaN,NaN,NaN,NaN,NaN,0,613,489,57.830,46.132,464,43.774
2238,2238,74.600,NaN,NaN,NaN,NaN,NaN,0,613,489,57.830,46.132,464,43.774
2239,2239,74.633,NaN,NaN,NaN,NaN,NaN,0,613,489,57.830,46.132,464,43.774
2240,2240,74.667,NaN,NaN,NaN,NaN,NaN,0,613,489,57.830,46.132,464,43.774
2241,2241,74.700,NaN,NaN,NaN,NaN,NaN,0,613,489,57.830,46.132,464,43.774
2242,2242,74.733,NaN,NaN,NaN,NaN,NaN,0,613,489,57.830,46.132,464,43.774
2243,2243,74.767,NaN,NaN,NaN,NaN,NaN,0,613,489,57.830,46.132,464,43.774
2244,2244,74.800,NaN,NaN,NaN,NaN,NaN,0,613,489,57.830,46.132,464,43.774
2245,2245,74.833,NaN,NaN,NaN,NaN,NaN,0,613,489,57.830,46.132,464,43.774
2246,2246,74.867,NaN,NaN,NaN,NaN,NaN,0,613,489,57.830,46.132,464,43.774
2247,2247,74.900,NaN,NaN,NaN,NaN,NaN,0,613,489,57.830,46.132,464,43.774
2248,2248,74.933,NaN,NaN,NaN,NaN,NaN,0,613,489,57.830,46.132,464,43.774
2249,2249,74.967,NaN,NaN,NaN,NaN,NaN,0,613,489,57.830,46.132,464,43.774
2250,2250,75.000,NaN,NaN,NaN,NaN,NaN,0,613,489,57.830,46.132,464,43.774
2251,2251,75.033,NaN,NaN,NaN,NaN,NaN,0,613,489,57.830,46.132,464,43.774
2252,2252,75.067,NaN,NaN,NaN,NaN,NaN,0,613,489,57.830,46.132,464,43.774
2253,2253,75.100,NaN,NaN,NaN,NaN,NaN,0,613,489,57.830,46.132,464,43.774
2254,2254,75.133,NaN,NaN,NaN,NaN,NaN,0,613,489,57.830,46.132,464,43.774
2255,2255,75.167,NaN,NaN,NaN,NaN,NaN,0,613,489,57.830,46.132,464,43.774
2256,2256,75.200,NaN,NaN,NaN,NaN,NaN,0,613,489,57.830,46.132,464,43.774
2257,2257,75.233,NaN,NaN,NaN,NaN,NaN,0,613,489,57.830,46.132,464,43.774
2258,2258,75.267,NaN,NaN,NaN,NaN,NaN,0,613,489,57.830,46.132,464,43.774
2259,2259,75.300,NaN,NaN,NaN,NaN,NaN,0,613,489,57.830,46.132,464,43.774
2260,2260,75.333,NaN,NaN,NaN,NaN,NaN,0,613,489,57.830,46.132,464,43.774
2261,2261,75.367,NaN,NaN,NaN,NaN,NaN,0,613,489,57.830,46.132,464,43.774
2262,2262,75.400,NaN,NaN,NaN,NaN,NaN,0,613,489,57.830,46.132,464,43.774
2263,2263,75.433,NaN,NaN,NaN,NaN,NaN,0,613,489,57.830,46.132,464,43.774
2264,2264,75.467,NaN,NaN,NaN,NaN,NaN,0,613,489,57.830,46.132,464,43.774
2265,2265,75.500,NaN,NaN,NaN,NaN,NaN,0,613,489,57.830,46.132,464,43.774
2266,2266,75.533,NaN,NaN,NaN,NaN,NaN,0,613,489,57.830,46.132,464,43.774
2267,2267,75.567,NaN,NaN,NaN,NaN,NaN,0,613,489,57.830,46.132,464,43.774
2268,2268,75.600,NaN,NaN,NaN,NaN,NaN,0,613,489,57.830,46.132,464,43.774
2269,2269,75.633,NaN,NaN,NaN,NaN,NaN,0,613,489,57.830,46.132,464,43.774
2270,2270,75.667,NaN,NaN,NaN,NaN,NaN,0,613,489,57.830,46.132,464,43.774
2271,2271,75.700,NaN,NaN,NaN,NaN,NaN,0,613,489,57.830,46.132,464,43.774
2272,2272,75.733,NaN,NaN,NaN,NaN,NaN,0,613,489,57.830,46.132,464,43.774
2273,2273,75.767,NaN,NaN,NaN,NaN,NaN,0,613,489,57.830,46.132,464,43.774
2274,2274,75.800,NaN,NaN,NaN,NaN,NaN,0,613,489,57.830,46.132,464,43.774
2275,2275,75.833,NaN,NaN,NaN,NaN,NaN,0,613,489,57.830,46.132,464,43.774
2276,2276,75.867,NaN,NaN,NaN,NaN,NaN,0,613,489,57.830,46.132,464,43.774
2277,2277,75.900,NaN,NaN,NaN,NaN,NaN,0,613,489,57.830,46.132,464,43.774
2278,2278,75.933,NaN,NaN,NaN,NaN,NaN,0,613,489,57.830,46.132,464,43.774
2279,2279,75.967,NaN,NaN,NaN,NaN,NaN,0,613,489,57.830,46.132,464,43.774
2280,2280,76.000,NaN,NaN,NaN,NaN,NaN,0,613,489,57.830,46.132,464,43.774
2281,2281,76.033,NaN,NaN,NaN,NaN,NaN,0,613,489,57.830,46.132,464,43.774
2282,2282,76.067,NaN,NaN,NaN,NaN,NaN,0,613,489,57.830,46.132,464,43.774
2283,2283,76.100,NaN,NaN,NaN,NaN,NaN,0,613,489,57.830,46.132,464,43.774
2284,2284,76.133,NaN,NaN,NaN,NaN,NaN,0,613,489,57.830,46.132,464,43.774
2285,2285,76.167,NaN,NaN,NaN,NaN,NaN,0,613,489,57.830,46.132,464,43.774
2286,2286,76.200,NaN,NaN,NaN,NaN,NaN,0,613,489,57.830,46.132,464,43.774
2287,2287,76.233,NaN,NaN,NaN,NaN,NaN,0,613,489,57.830,46.132,464,43.774
2288,2288,76.267,NaN,NaN,NaN,NaN,NaN,0,613,489,57.830,46.132,464,43.774
2289,2289,76.300,NaN,NaN,NaN,NaN,NaN,0,613,489,57.830,46.132,464,43.774
2290,2290,76.333,NaN,NaN,NaN,NaN,NaN,0,613,489,57.830,46.132,464,43.774
2291,2291,76.367,NaN,NaN,NaN,NaN,NaN,0,613,489,57.830,46.132,464,43.774
2292,2292,76.400,NaN,NaN,NaN,NaN,NaN,0,613,489,57.830,46.132,464,43.774
2293,2293,76.433,NaN,NaN,NaN,NaN,NaN,0,613,489,57.830,46.132,464,43.774
2294,2294,76.467,NaN,NaN,NaN,NaN,NaN,0,613,489,57.830,46.132,464,43.774
2295,2295,76.500,NaN,NaN,NaN,NaN,NaN,0,613,489,57.830,46.132,464,43.774
2296,2296,76.533,NaN,NaN,NaN,NaN,NaN,0,613,489,57.830,46.132,464,43.774
2297,2297,76.567,NaN,NaN,NaN,NaN,NaN,0,613,489,57.830,46.132,464,43.774
2298,2298,76.600,NaN,NaN,NaN,NaN,NaN,0,613,489,57.830,46.132,464,43.774
2299,2299,76.633,NaN,NaN,NaN,NaN,NaN,0,613,489,57.830,46.132,464,43.774
2300,2300,76.667,NaN,NaN,NaN,NaN,NaN,0,613,489,57.830,46.132,464,43.774
2301,2301,76.700,NaN,NaN,NaN,NaN,NaN,0,613,489,57.830,46.132,464,43.774
2302,2302,76.733,NaN,NaN,NaN,NaN,NaN,0,613,489,57.830,46.132,464,43.774
2303,2303,76.767,NaN,NaN,NaN,NaN,NaN,0,613,489,57.830,46.132,464,43.774
2304,2304,76.800,NaN,NaN,NaN,NaN,NaN,0,613,489,57.830,46.132,464,43.774
2305,2305,76.833,NaN,NaN,NaN,NaN,NaN,0,613,489,57.830,46.132,464,43.774
2306,2306,76.867,NaN,NaN,NaN,NaN,NaN,0,613,489,57.830,46.132,464,43.774
2307,2307,76.900,NaN,NaN,NaN,NaN,NaN,0,613,489,57.830,46.132,464,43.774
2308,2308,76.933,NaN,NaN,NaN,NaN,NaN,0,613,489,57.830,46.132,464,43.774
2309,2309,76.967,NaN,NaN,NaN,NaN,NaN,0,613,489,57.830,46.132,464,43.774
2310,2310,77.000,NaN,NaN,NaN,NaN,NaN,0,613,489,57.830,46.132,464,43.774
2311,2311,77.033,NaN,NaN,NaN,NaN,NaN,0,613,489,57.830,46.132,464,43.774
2312,2312,77.067,NaN,NaN,NaN,NaN,NaN,0,613,489,57.830,46.132,464,43.774
2313,2313,77.100,NaN,NaN,NaN,NaN,NaN,0,613,489,57.830,46.132,464,43.774
2314,2314,77.133,NaN,NaN,NaN,NaN,NaN,0,613,489,57.830,46.132,464,43.774
2315,2315,77.167,NaN,NaN,NaN,NaN,NaN,0,613,489,57.830,46.132,464,43.774
2316,2316,77.200,NaN,NaN,NaN,NaN,NaN,0,613,489,57.830,46.132,464,43.774
2317,2317,77.233,NaN,NaN,NaN,NaN,NaN,0,613,489,57.830,46.132,464,43.774
2318,2318,77.267,NaN,NaN,NaN,NaN,NaN,0,613,489,57.830,46.132,464,43.774
2319,2319,77.300,NaN,NaN,NaN,NaN,NaN,0,613,489,57.830,46.132,464,43.774
2320,2320,77.333,NaN,NaN,NaN,NaN,NaN,0,613,489,57.830,46.132,464,43.774
2321,2321,77.367,NaN,NaN,NaN,NaN,NaN,0,613,489,57.830,46.132,464,43.774
2322,2322,77.400,NaN,NaN,NaN,NaN,NaN,0,613,489,57.830,46.132,464,43.774
2323,2323,77.433,NaN,NaN,NaN,NaN,NaN,0,613,489,57.830,46.132,464,43.774
2324,2324,77.467,NaN,NaN,NaN,NaN,NaN,0,613,489,57.830,46.132,464,43.774
2325,2325,77.500,NaN,NaN,NaN,NaN,NaN,0,613,489,57.830,46.132,464,43.774
2326,2326,77.533,NaN,NaN,NaN,NaN,NaN,0,613,489,57.830,46.132,464,43.774
2327,2327,77.567,NaN,NaN,NaN,NaN,NaN,0,613,489,57.830,46.132,464,43.774
2328,2328,77.600,NaN,NaN,NaN,NaN,NaN,0,613,489,57.830,46.132,464,43.774
2329,2329,77.633,NaN,NaN,NaN,NaN,NaN,0,613,489,57.830,46.132,464,43.774
2330,2330,77.667,NaN,NaN,NaN,NaN,NaN,0,613,489,57.830,46.132,464,43.774
2331,2331,77.700,NaN,NaN,NaN,NaN,NaN,0,613,489,57.830,46.132,464,43.774
2332,2332,77.733,NaN,NaN,NaN,NaN,NaN,0,613,489,57.830,46.132,464,43.774
2333,2333,77.767,NaN,NaN,NaN,NaN,NaN,0,613,489,57.830,46.132,464,43.774
2334,2334,77.800,NaN,NaN,NaN,NaN,NaN,0,613,489,57.830,46.132,464,43.774
2335,2335,77.833,NaN,NaN,NaN,NaN,NaN,0,613,489,57.830,46.132,464,43.774
2336,2336,77.867,NaN,NaN,NaN,NaN,NaN,0,613,489,57.830,46.132,464,43.774
2337,2337,77.900,NaN,NaN,NaN,NaN,NaN,0,613,489,57.830,46.132,464,43.774
2338,2338,77.933,NaN,NaN,NaN,NaN,NaN,0,613,489,57.830,46.132,464,43.774
2339,2339,77.967,NaN,NaN,NaN,NaN,NaN,0,613,489,57.830,46.132,464,43.774
2340,2340,78.000,NaN,NaN,NaN,NaN,NaN,0,613,489,57.830,46.132,464,43.774
2341,2341,78.033,NaN,NaN,NaN,NaN,NaN,0,613,489,57.830,46.132,464,43.774
2342,2342,78.067,NaN,NaN,NaN,NaN,NaN,0,613,489,57.830,46.132,464,43.774
2343,2343,78.100,NaN,NaN,NaN,NaN,NaN,0,613,489,57.830,46.132,464,43.774
2344,2344,78.133,NaN,NaN,NaN,NaN,NaN,0,613,489,57.830,46.132,464,43.774
2345,2345,78.167,NaN,NaN,NaN,NaN,NaN,0,613,489,57.830,46.132,464,43.774
2346,2346,78.200,NaN,NaN,NaN,NaN,NaN,0,613,489,57.830,46.132,464,43.774
2347,2347,78.233,NaN,NaN,NaN,NaN,NaN,0,613,489,57.830,46.132,464,43.774
2348,2348,78.267,NaN,NaN,NaN,NaN,NaN,0,613,489,57.830,46.132,464,43.774
2349,2349,78.300,NaN,NaN,NaN,NaN,NaN,0,613,489,57.830,46.132,464,43.774
2350,2350,78.333,NaN,NaN,NaN,NaN,NaN,0,613,489,57.830,46.132,464,43.774
2351,2351,78.367,NaN,NaN,NaN,NaN,NaN,0,613,489,57.830,46.132,464,43.774
2352,2352,78.400,NaN,NaN,NaN,NaN,NaN,0,613,489,57.830,46.132,464,43.774
2353,2353,78.433,NaN,NaN,NaN,NaN,NaN,0,613,489,57.830,46.132,464,43.774
2354,2354,78.467,NaN,NaN,NaN,NaN,NaN,0,613,489,57.830,46.132,464,43.774
2355,2355,78.500,NaN,NaN,NaN,NaN,NaN,0,613,489,57.830,46.132,464,43.774
2356,2356,78.533,NaN,NaN,NaN,NaN,NaN,0,613,489,57.830,46.132,464,43.774
2357,2357,78.567,NaN,NaN,NaN,NaN,NaN,0,613,489,57.830,46.132,464,43.774
2358,2358,78.600,NaN,NaN,NaN,NaN,NaN,0,613,489,57.830,46.132,464,43.774
2359,2359,78.633,NaN,NaN,NaN,NaN,NaN,0,613,489,57.830,46.132,464,43.774
2360,2360,78.667,NaN,NaN,NaN,NaN,NaN,0,613,489,57.830,46.132,464,43.774
2361,2361,78.700,NaN,NaN,NaN,NaN,NaN,0,613,489,57.830,46.132,464,43.774
2362,2362,78.733,NaN,NaN,NaN,NaN,NaN,0,613,489,57.830,46.132,464,43.774
2363,2363,78.767,NaN,NaN,NaN,NaN,NaN,0,613,489,57.830,46.132,464,43.774
2364,2364,78.800,NaN,NaN,NaN,NaN,NaN,0,613,489,57.830,46.132,464,43.774
2365,2365,78.833,NaN,NaN,NaN,NaN,NaN,0,613,489,57.830,46.132,464,43.774
2366,2366,78.867,NaN,NaN,NaN,NaN,NaN,0,613,489,57.830,46.132,464,43.774
2367,2367,78.900,NaN,NaN,NaN,NaN,NaN,0,613,489,57.830,46.132,464,43.774
2368,2368,78.933,NaN,NaN,NaN,NaN,NaN,0,613,489,57.830,46.132,464,43.774
2369,2369,78.967,NaN,NaN,NaN,NaN,NaN,0,613,489,57.830,46.132,464,43.774
2370,2370,79.000,NaN,NaN,NaN,NaN,NaN,0,613,489,57.830,46.132,464,43.774
2371,2371,79.033,NaN,NaN,NaN,NaN,NaN,0,613,489,57.830,46.132,464,43.774
2372,2372,79.067,NaN,NaN,NaN,NaN,NaN,0,613,489,57.830,46.132,464,43.774
2373,2373,79.100,NaN,NaN,NaN,NaN,NaN,0,613,489,57.830,46.132,464,43.774
2374,2374,79.133,NaN,NaN,NaN,NaN,NaN,0,613,489,57.830,46.132,464,43.774
2375,2375,79.167,NaN,NaN,NaN,NaN,NaN,0,613,489,57.830,46.132,464,43.774
2376,2376,79.200,NaN,NaN,NaN,NaN,NaN,0,613,489,57.830,46.132,464,43.774
2377,2377,79.233,NaN,NaN,NaN,NaN,NaN,0,613,489,57.830,46.132,464,43.774
2378,2378,79.267,NaN,NaN,NaN,NaN,NaN,0,613,489,57.830,46.132,464,43.774
2379,2379,79.300,NaN,NaN,NaN,NaN,NaN,0,613,489,57.830,46.132,464,43.774
2380,2380,79.333,NaN,NaN,NaN,NaN,NaN,0,613,489,57.830,46.132,464,43.774
2381,2381,79.367,NaN,NaN,NaN,NaN,NaN,0,613,489,57.830,46.132,464,43.774
2382,2382,79.400,NaN,NaN,NaN,NaN,NaN,0,613,489,57.830,46.132,464,43.774
2383,2383,79.433,NaN,NaN,NaN,NaN,NaN,0,613,489,57.830,46.132,464,43.774
2384,2384,79.467,NaN,NaN,NaN,NaN,NaN,0,613,489,57.830,46.132,464,43.774
2385,2385,79.500,NaN,NaN,NaN,NaN,NaN,0,613,489,57.830,46.132,464,43.774
2386,2386,79.533,NaN,NaN,NaN,NaN,NaN,0,613,489,57.830,46.132,464,43.774
2387,2387,79.567,NaN,NaN,NaN,NaN,NaN,0,613,489,57.830,46.132,464,43.774
2388,2388,79.600,NaN,NaN,NaN,NaN,NaN,0,613,489,57.830,46.132,464,43.774
2389,2389,79.633,NaN,NaN,NaN,NaN,NaN,0,613,489,57.830,46.132,464,43.774
2390,2390,79.667,NaN,NaN,NaN,NaN,NaN,0,613,489,57.830,46.132,464,43.774
2391,2391,79.700,NaN,NaN,NaN,NaN,NaN,0,613,489,57.830,46.132,464,43.774
2392,2392,79.733,NaN,NaN,NaN,NaN,NaN,0,613,489,57.830,46.132,464,43.774
2393,2393,79.767,NaN,NaN,NaN,NaN,NaN,0,613,489,57.830,46.132,464,43.774
2394,2394,79.800,NaN,NaN,NaN,NaN,NaN,0,613,489,57.830,46.132,464,43.774
2395,2395,79.833,NaN,NaN,NaN,NaN,NaN,0,613,489,57.830,46.132,464,43.774
2396,2396,79.867,NaN,NaN,NaN,NaN,NaN,0,613,489,57.830,46.132,464,43.774
2397,2397,79.900,NaN,NaN,NaN,NaN,NaN,0,613,489,57.830,46.132,464,43.774
2398,2398,79.933,NaN,NaN,NaN,NaN,NaN,0,613,489,57.830,46.132,464,43.774
2399,2399,79.967,NaN,NaN,NaN,NaN,NaN,0,613,489,57.830,46.132,464,43.774
2400,2400,80.000,NaN,NaN,NaN,NaN,NaN,0,613,489,57.830,46.132,464,43.774
2401,2401,80.033,NaN,NaN,NaN,NaN,NaN,0,613,489,57.830,46.132,464,43.774
2402,2402,80.067,NaN,NaN,NaN,NaN,NaN,0,613,489,57.830,46.132,464,43.774
2403,2403,80.100,NaN,NaN,NaN,NaN,NaN,0,613,489,57.830,46.132,464,43.774
2404,2404,80.133,NaN,NaN,NaN,NaN,NaN,0,613,489,57.830,46.132,464,43.774
2405,2405,80.167,NaN,NaN,NaN,NaN,NaN,0,613,489,57.830,46.132,464,43.774
2406,2406,80.200,NaN,NaN,NaN,NaN,NaN,0,613,489,57.830,46.132,464,43.774
2407,2407,80.233,NaN,NaN,NaN,NaN,NaN,0,613,489,57.830,46.132,464,43.774
2408,2408,80.267,NaN,NaN,NaN,NaN,NaN,0,613,489,57.830,46.132,464,43.774
2409,2409,80.300,NaN,NaN,NaN,NaN,NaN,0,613,489,57.830,46.132,464,43.774
2410,2410,80.333,NaN,NaN,NaN,NaN,NaN,0,613,489,57.830,46.132,464,43.774
2411,2411,80.367,NaN,NaN,NaN,NaN,NaN,0,613,489,57.830,46.132,464,43.774
2412,2412,80.400,NaN,NaN,NaN,NaN,NaN,0,613,489,57.830,46.132,464,43.774
2413,2413,80.433,NaN,NaN,NaN,NaN,NaN,0,613,489,57.830,46.132,464,43.774
2414,2414,80.467,NaN,NaN,NaN,NaN,NaN,0,613,489,57.830,46.132,464,43.774
2415,2415,80.500,NaN,NaN,NaN,NaN,NaN,0,613,489,57.830,46.132,464,43.774
2416,2416,80.533,NaN,NaN,NaN,NaN,NaN,0,613,489,57.830,46.132,464,43.774
2417,2417,80.567,NaN,NaN,NaN,NaN,NaN,0,613,489,57.830,46.132,464,43.774
2418,2418,80.600,NaN,NaN,NaN,NaN,NaN,0,613,489,57.830,46.132,464,43.774
2419,2419,80.633,NaN,NaN,NaN,NaN,NaN,0,613,489,57.830,46.132,464,43.774
2420,2420,80.667,NaN,NaN,NaN,NaN,NaN,0,613,489,57.830,46.132,464,43.774
2421,2421,80.700,NaN,NaN,NaN,NaN,NaN,0,613,489,57.830,46.132,464,43.774
2422,2422,80.733,NaN,NaN,NaN,NaN,NaN,0,613,489,57.830,46.132,464,43.774
2423,2423,80.767,NaN,NaN,NaN,NaN,NaN,0,613,489,57.830,46.132,464,43.774
2424,2424,80.800,NaN,NaN,NaN,NaN,NaN,0,613,489,57.830,46.132,464,43.774
2425,2425,80.833,NaN,NaN,NaN,NaN,NaN,0,613,489,57.830,46.132,464,43.774
2426,2426,80.867,NaN,NaN,NaN,NaN,NaN,0,613,489,57.830,46.132,464,43.774
2427,2427,80.900,NaN,NaN,NaN,NaN,NaN,0,613,489,57.830,46.132,464,43.774
2428,2428,80.933,NaN,NaN,NaN,NaN,NaN,0,613,489,57.830,46.132,464,43.774
2429,2429,80.967,NaN,NaN,NaN,NaN,NaN,0,613,489,57.830,46.132,464,43.774
2430,2430,81.000,NaN,NaN,NaN,NaN,NaN,0,613,489,57.830,46.132,464,43.774
2431,2431,81.033,NaN,NaN,NaN,NaN,NaN,0,613,489,57.830,46.132,464,43.774
2432,2432,81.067,NaN,NaN,NaN,NaN,NaN,0,613,489,57.830,46.132,464,43.774
2433,2433,81.100,NaN,NaN,NaN,NaN,NaN,0,613,489,57.830,46.132,464,43.774
2434,2434,81.133,NaN,NaN,NaN,NaN,NaN,0,613,489,57.830,46.132,464,43.774
2435,2435,81.167,NaN,NaN,NaN,NaN,NaN,0,613,489,57.830,46.132,464,43.774
2436,2436,81.200,NaN,NaN,NaN,NaN,NaN,0,613,489,57.830,46.132,464,43.774
2437,2437,81.233,NaN,NaN,NaN,NaN,NaN,0,613,489,57.830,46.132,464,43.774
2438,2438,81.267,NaN,NaN,NaN,NaN,NaN,0,613,489,57.830,46.132,464,43.774
2439,2439,81.300,NaN,NaN,NaN,NaN,NaN,0,613,489,57.830,46.132,464,43.774
2440,2440,81.333,NaN,NaN,NaN,NaN,NaN,0,613,489,57.830,46.132,464,43.774
2441,2441,81.367,NaN,NaN,NaN,NaN,NaN,0,613,489,57.830,46.132,464,43.774
2442,2442,81.400,NaN,NaN,NaN,NaN,NaN,0,613,489,57.830,46.132,464,43.774
2443,2443,81.433,NaN,NaN,NaN,NaN,NaN,0,613,489,57.830,46.132,464,43.774
2444,2444,81.467,NaN,NaN,NaN,NaN,NaN,0,613,489,57.830,46.132,464,43.774
2445,2445,81.500,NaN,NaN,NaN,NaN,NaN,0,613,489,57.830,46.132,464,43.774
2446,2446,81.533,NaN,NaN,NaN,NaN,NaN,0,613,489,57.830,46.132,464,43.774
2447,2447,81.567,NaN,NaN,NaN,NaN,NaN,0,613,489,57.830,46.132,464,43.774
2448,2448,81.600,NaN,NaN,NaN,NaN,NaN,0,613,489,57.830,46.132,464,43.774
2449,2449,81.633,NaN,NaN,NaN,NaN,NaN,0,613,489,57.830,46.132,464,43.774
2450,2450,81.667,NaN,NaN,NaN,NaN,NaN,0,613,489,57.830,46.132,464,43.774
2451,2451,81.700,NaN,NaN,NaN,NaN,NaN,0,613,489,57.830,46.132,464,43.774
2452,2452,81.733,NaN,NaN,NaN,NaN,NaN,0,613,489,57.830,46.132,464,43.774
2453,2453,81.767,NaN,NaN,NaN,NaN,NaN,0,613,489,57.830,46.132,464,43.774
2454,2454,81.800,NaN,NaN,NaN,NaN,NaN,0,613,489,57.830,46.132,464,43.774
2455,2455,81.833,NaN,NaN,NaN,NaN,NaN,0,613,489,57.830,46.132,464,43.774
2456,2456,81.867,NaN,NaN,NaN,NaN,NaN,0,613,489,57.830,46.132,464,43.774
2457,2457,81.900,NaN,NaN,NaN,NaN,NaN,0,613,489,57.830,46.132,464,43.774
2458,2458,81.933,NaN,NaN,NaN,NaN,NaN,0,613,489,57.830,46.132,464,43.774
2459,2459,81.967,NaN,NaN,NaN,NaN,NaN,0,613,489,57.830,46.132,464,43.774
2460,2460,82.000,NaN,NaN,NaN,NaN,NaN,0,613,489,57.830,46.132,464,43.774
2461,2461,82.033,NaN,NaN,NaN,NaN,NaN,0,613,489,57.830,46.132,464,43.774
2462,2462,82.067,NaN,NaN,NaN,NaN,NaN,0,613,489,57.830,46.132,464,43.774
2463,2463,82.100,NaN,NaN,NaN,NaN,NaN,0,613,489,57.830,46.132,464,43.774
2464,2464,82.133,NaN,NaN,NaN,NaN,NaN,0,613,489,57.830,46.132,464,43.774
2465,2465,82.167,NaN,NaN,NaN,NaN,NaN,0,613,489,57.830,46.132,464,43.774
2466,2466,82.200,NaN,NaN,NaN,NaN,NaN,0,613,489,57.830,46.132,464,43.774
2467,2467,82.233,NaN,NaN,NaN,NaN,NaN,0,613,489,57.830,46.132,464,43.774
2468,2468,82.267,NaN,NaN,NaN,NaN,NaN,0,613,489,57.830,46.132,464,43.774
2469,2469,82.300,NaN,NaN,NaN,NaN,NaN,0,613,489,57.830,46.132,464,43.774
2470,2470,82.333,NaN,NaN,NaN,NaN,NaN,0,613,489,57.830,46.132,464,43.774
2471,2471,82.367,NaN,NaN,NaN,NaN,NaN,0,613,489,57.830,46.132,464,43.774
2472,2472,82.400,NaN,NaN,NaN,NaN,NaN,0,613,489,57.830,46.132,464,43.774
2473,2473,82.433,NaN,NaN,NaN,NaN,NaN,0,613,489,57.830,46.132,464,43.774
2474,2474,82.467,NaN,NaN,NaN,NaN,NaN,0,613,489,57.830,46.132,464,43.774
2475,2475,82.500,NaN,NaN,NaN,NaN,NaN,0,613,489,57.830,46.132,464,43.774
2476,2476,82.533,NaN,NaN,NaN,NaN,NaN,0,613,489,57.830,46.132,464,43.774
2477,2477,82.567,NaN,NaN,NaN,NaN,NaN,0,613,489,57.830,46.132,464,43.774
2478,2478,82.600,NaN,NaN,NaN,NaN,NaN,0,613,489,57.830,46.132,464,43.774
2479,2479,82.633,NaN,NaN,NaN,NaN,NaN,0,613,489,57.830,46.132,464,43.774
2480,2480,82.667,NaN,NaN,NaN,NaN,NaN,0,613,489,57.830,46.132,464,43.774
2481,2481,82.700,NaN,NaN,NaN,NaN,NaN,0,613,489,57.830,46.132,464,43.774
2482,2482,82.733,NaN,NaN,NaN,NaN,NaN,0,613,489,57.830,46.132,464,43.774
2483,2483,82.767,NaN,NaN,NaN,NaN,NaN,0,613,489,57.830,46.132,464,43.774
2484,2484,82.800,NaN,NaN,NaN,NaN,NaN,0,613,489,57.830,46.132,464,43.774
2485,2485,82.833,NaN,NaN,NaN,NaN,NaN,0,613,489,57.830,46.132,464,43.774
2486,2486,82.867,NaN,NaN,NaN,NaN,NaN,0,613,489,57.830,46.132,464,43.774
2487,2487,82.900,NaN,NaN,NaN,NaN,NaN,0,613,489,57.830,46.132,464,43.774
2488,2488,82.933,NaN,NaN,NaN,NaN,NaN,0,613,489,57.830,46.132,464,43.774
2489,2489,82.967,NaN,NaN,NaN,NaN,NaN,0,613,489,57.830,46.132,464,43.774
2490,2490,83.000,NaN,NaN,NaN,NaN,NaN,0,613,489,57.830,46.132,464,43.774
2491,2491,83.033,NaN,NaN,NaN,NaN,NaN,0,613,489,57.830,46.132,464,43.774
2492,2492,83.067,NaN,NaN,NaN,NaN,NaN,0,613,489,57.830,46.132,464,43.774
2493,2493,83.100,NaN,NaN,NaN,NaN,NaN,0,613,489,57.830,46.132,464,43.774
2494,2494,83.133,NaN,NaN,NaN,NaN,NaN,0,613,489,57.830,46.132,464,43.774
2495,2495,83.167,NaN,NaN,NaN,NaN,NaN,0,613,489,57.830,46.132,464,43.774
2496,2496,83.200,NaN,NaN,NaN,NaN,NaN,0,613,489,57.830,46.132,464,43.774
2497,2497,83.233,NaN,NaN,NaN,NaN,NaN,0,613,489,57.830,46.132,464,43.774
2498,2498,83.267,NaN,NaN,NaN,NaN,NaN,0,613,489,57.830,46.132,464,43.774
2499,2499,83.300,NaN,NaN,NaN,NaN,NaN,0,613,489,57.830,46.132,464,43.774
2500,2500,83.333,NaN,NaN,NaN,NaN,NaN,0,613,489,57.830,46.132,464,43.774
2501,2501,83.367,NaN,NaN,NaN,NaN,NaN,0,613,489,57.830,46.132,464,43.774
2502,2502,83.400,NaN,NaN,NaN,NaN,NaN,0,613,489,57.830,46.132,464,43.774
2503,2503,83.433,NaN,NaN,NaN,NaN,NaN,0,613,489,57.830,46.132,464,43.774
2504,2504,83.467,NaN,NaN,NaN,NaN,NaN,0,613,489,57.830,46.132,464,43.774
2505,2505,83.500,NaN,NaN,NaN,NaN,NaN,0,613,489,57.830,46.132,464,43.774
2506,2506,83.533,NaN,NaN,NaN,NaN,NaN,0,613,489,57.830,46.132,464,43.774
2507,2507,83.567,NaN,NaN,NaN,NaN,NaN,0,613,489,57.830,46.132,464,43.774
2508,2508,83.600,NaN,NaN,NaN,NaN,NaN,0,613,489,57.830,46.132,464,43.774
2509,2509,83.633,NaN,NaN,NaN,NaN,NaN,0,613,489,57.830,46.132,464,43.774
2510,2510,83.667,NaN,NaN,NaN,NaN,NaN,0,613,489,57.830,46.132,464,43.774
2511,2511,83.700,NaN,NaN,NaN,NaN,NaN,0,613,489,57.830,46.132,464,43.774
2512,2512,83.733,NaN,NaN,NaN,NaN,NaN,0,613,489,57.830,46.132,464,43.774
2513,2513,83.767,NaN,NaN,NaN,NaN,NaN,0,613,489,57.830,46.132,464,43.774
2514,2514,83.800,NaN,NaN,NaN,NaN,NaN,0,613,489,57.830,46.132,464,43.774
2515,2515,83.833,NaN,NaN,NaN,NaN,NaN,0,613,489,57.830,46.132,464,43.774
2516,2516,83.867,NaN,NaN,NaN,NaN,NaN,0,613,489,57.830,46.132,464,43.774
2517,2517,83.900,NaN,NaN,NaN,NaN,NaN,0,613,489,57.830,46.132,464,43.774
2518,2518,83.933,NaN,NaN,NaN,NaN,NaN,0,613,489,57.830,46.132,464,43.774
2519,2519,83.967,NaN,NaN,NaN,NaN,NaN,0,613,489,57.830,46.132,464,43.774
2520,2520,84.000,NaN,NaN,NaN,NaN,NaN,0,613,489,57.830,46.132,464,43.774
2521,2521,84.033,NaN,NaN,NaN,NaN,NaN,0,613,489,57.830,46.132,464,43.774
2522,2522,84.067,NaN,NaN,NaN,NaN,NaN,0,613,489,57.830,46.132,464,43.774
2523,2523,84.100,NaN,NaN,NaN,NaN,NaN,0,613,489,57.830,46.132,464,43.774
2524,2524,84.133,NaN,NaN,NaN,NaN,NaN,0,613,489,57.830,46.132,464,43.774
2525,2525,84.167,NaN,NaN,NaN,NaN,NaN,0,613,489,57.830,46.132,464,43.774
2526,2526,84.200,NaN,NaN,NaN,NaN,NaN,0,613,489,57.830,46.132,464,43.774
2527,2527,84.233,NaN,NaN,NaN,NaN,NaN,0,613,489,57.830,46.132,464,43.774
2528,2528,84.267,NaN,NaN,NaN,NaN,NaN,0,613,489,57.830,46.132,464,43.774
2529,2529,84.300,NaN,NaN,NaN,NaN,NaN,0,613,489,57.830,46.132,464,43.774
2530,2530,84.333,NaN,NaN,NaN,NaN,NaN,0,613,489,57.830,46.132,464,43.774
2531,2531,84.367,NaN,NaN,NaN,NaN,NaN,0,613,489,57.830,46.132,464,43.774
2532,2532,84.400,NaN,NaN,NaN,NaN,NaN,0,613,489,57.830,46.132,464,43.774
2533,2533,84.433,NaN,NaN,NaN,NaN,NaN,0,613,489,57.830,46.132,464,43.774
2534,2534,84.467,NaN,NaN,NaN,NaN,NaN,0,613,489,57.830,46.132,464,43.774
2535,2535,84.500,NaN,NaN,NaN,NaN,NaN,0,613,489,57.830,46.132,464,43.774
2536,2536,84.533,NaN,NaN,NaN,NaN,NaN,0,613,489,57.830,46.132,464,43.774
2537,2537,84.567,NaN,NaN,NaN,NaN,NaN,0,613,489,57.830,46.132,464,43.774
2538,2538,84.600,NaN,NaN,NaN,NaN,NaN,0,613,489,57.830,46.132,464,43.774
2539,2539,84.633,NaN,NaN,NaN,NaN,NaN,0,613,489,57.830,46.132,464,43.774
2540,2540,84.667,NaN,NaN,NaN,NaN,NaN,0,613,489,57.830,46.132,464,43.774
2541,2541,84.700,NaN,NaN,NaN,NaN,NaN,0,613,489,57.830,46.132,464,43.774
2542,2542,84.733,NaN,NaN,NaN,NaN,NaN,0,613,489,57.830,46.132,464,43.774
2543,2543,84.767,NaN,NaN,NaN,NaN,NaN,0,613,489,57.830,46.132,464,43.774
2544,2544,84.800,NaN,NaN,NaN,NaN,NaN,0,613,489,57.830,46.132,464,43.774
2545,2545,84.833,NaN,NaN,NaN,NaN,NaN,0,613,489,57.830,46.132,464,43.774
2546,2546,84.867,NaN,NaN,NaN,NaN,NaN,0,613,489,57.830,46.132,464,43.774
2547,2547,84.900,NaN,NaN,NaN,NaN,NaN,0,613,489,57.830,46.132,464,43.774
2548,2548,84.933,NaN,NaN,NaN,NaN,NaN,0,613,489,57.830,46.132,464,43.774
2549,2549,84.967,NaN,NaN,NaN,NaN,NaN,0,613,489,57.830,46.132,464,43.774
2550,2550,85.000,NaN,NaN,NaN,NaN,NaN,0,613,489,57.830,46.132,464,43.774
2551,2551,85.033,NaN,NaN,NaN,NaN,NaN,0,613,489,57.830,46.132,464,43.774
2552,2552,85.067,NaN,NaN,NaN,NaN,NaN,0,613,489,57.830,46.132,464,43.774
2553,2553,85.100,NaN,NaN,NaN,NaN,NaN,0,613,489,57.830,46.132,464,43.774
2554,2554,85.133,NaN,NaN,NaN,NaN,NaN,0,613,489,57.830,46.132,464,43.774
2555,2555,85.167,NaN,NaN,NaN,NaN,NaN,0,613,489,57.830,46.132,464,43.774
2556,2556,85.200,NaN,NaN,NaN,NaN,NaN,0,613,489,57.830,46.132,464,43.774
2557,2557,85.233,NaN,NaN,NaN,NaN,NaN,0,613,489,57.830,46.132,464,43.774
2558,2558,85.267,NaN,NaN,NaN,NaN,NaN,0,613,489,57.830,46.132,464,43.774
2559,2559,85.300,NaN,NaN,NaN,NaN,NaN,0,613,489,57.830,46.132,464,43.774
2560,2560,85.333,NaN,NaN,NaN,NaN,NaN,0,613,489,57.830,46.132,464,43.774
2561,2561,85.367,NaN,NaN,NaN,NaN,NaN,0,613,489,57.830,46.132,464,43.774
2562,2562,85.400,NaN,NaN,NaN,NaN,NaN,0,613,489,57.830,46.132,464,43.774
2563,2563,85.433,NaN,NaN,NaN,NaN,NaN,0,613,489,57.830,46.132,464,43.774
2564,2564,85.467,NaN,NaN,NaN,NaN,NaN,0,613,489,57.830,46.132,464,43.774
2565,2565,85.500,NaN,NaN,NaN,NaN,NaN,0,613,489,57.830,46.132,464,43.774
2566,2566,85.533,NaN,NaN,NaN,NaN,NaN,0,613,489,57.830,46.132,464,43.774
2567,2567,85.567,NaN,NaN,NaN,NaN,NaN,0,613,489,57.830,46.132,464,43.774
2568,2568,85.600,NaN,NaN,NaN,NaN,NaN,0,613,489,57.830,46.132,464,43.774
2569,2569,85.633,NaN,NaN,NaN,NaN,NaN,0,613,489,57.830,46.132,464,43.774
2570,2570,85.667,NaN,NaN,NaN,NaN,NaN,0,613,489,57.830,46.132,464,43.774
2571,2571,85.700,NaN,NaN,NaN,NaN,NaN,0,613,489,57.830,46.132,464,43.774
2572,2572,85.733,NaN,NaN,NaN,NaN,NaN,0,613,489,57.830,46.132,464,43.774
2573,2573,85.767,NaN,NaN,NaN,NaN,NaN,0,613,489,57.830,46.132,464,43.774
2574,2574,85.800,NaN,NaN,NaN,NaN,NaN,0,613,489,57.830,46.132,464,43.774
2575,2575,85.833,NaN,NaN,NaN,NaN,NaN,0,613,489,57.830,46.132,464,43.774
2576,2576,85.867,NaN,NaN,NaN,NaN,NaN,0,613,489,57.830,46.132,464,43.774
2577,2577,85.900,NaN,NaN,NaN,NaN,NaN,0,613,489,57.830,46.132,464,43.774
2578,2578,85.933,NaN,NaN,NaN,NaN,NaN,0,613,489,57.830,46.132,464,43.774
2579,2579,85.967,NaN,NaN,NaN,NaN,NaN,0,613,489,57.830,46.132,464,43.774
2580,2580,86.000,NaN,NaN,NaN,NaN,NaN,0,613,489,57.830,46.132,464,43.774
2581,2581,86.033,NaN,NaN,NaN,NaN,NaN,0,613,489,57.830,46.132,464,43.774
2582,2582,86.067,NaN,NaN,NaN,NaN,NaN,0,613,489,57.830,46.132,464,43.774
2583,2583,86.100,NaN,NaN,NaN,NaN,NaN,0,613,489,57.830,46.132,464,43.774
2584,2584,86.133,NaN,NaN,NaN,NaN,NaN,0,613,489,57.830,46.132,464,43.774
2585,2585,86.167,NaN,NaN,NaN,NaN,NaN,0,613,489,57.830,46.132,464,43.774
2586,2586,86.200,NaN,NaN,NaN,NaN,NaN,0,613,489,57.830,46.132,464,43.774
2587,2587,86.233,NaN,NaN,NaN,NaN,NaN,0,613,489,57.830,46.132,464,43.774
2588,2588,86.267,NaN,NaN,NaN,NaN,NaN,0,613,489,57.830,46.132,464,43.774
2589,2589,86.300,NaN,NaN,NaN,NaN,NaN,0,613,489,57.830,46.132,464,43.774
2590,2590,86.333,NaN,NaN,NaN,NaN,NaN,0,613,489,57.830,46.132,464,43.774
2591,2591,86.367,NaN,NaN,NaN,NaN,NaN,0,613,489,57.830,46.132,464,43.774
2592,2592,86.400,NaN,NaN,NaN,NaN,NaN,0,613,489,57.830,46.132,464,43.774
2593,2593,86.433,NaN,NaN,NaN,NaN,NaN,0,613,489,57.830,46.132,464,43.774
2594,2594,86.467,NaN,NaN,NaN,NaN,NaN,0,613,489,57.830,46.132,464,43.774
2595,2595,86.500,NaN,NaN,NaN,NaN,NaN,0,613,489,57.830,46.132,464,43.774
2596,2596,86.533,NaN,NaN,NaN,NaN,NaN,0,613,489,57.830,46.132,464,43.774
2597,2597,86.567,NaN,NaN,NaN,NaN,NaN,0,613,489,57.830,46.132,464,43.774
2598,2598,86.600,NaN,NaN,NaN,NaN,NaN,0,613,489,57.830,46.132,464,43.774
2599,2599,86.633,NaN,NaN,NaN,NaN,NaN,0,613,489,57.830,46.132,464,43.774
2600,2600,86.667,NaN,NaN,NaN,NaN,NaN,0,613,489,57.830,46.132,464,43.774
2601,2601,86.700,NaN,NaN,NaN,NaN,NaN,0,613,489,57.830,46.132,464,43.774
2602,2602,86.733,NaN,NaN,NaN,NaN,NaN,0,613,489,57.830,46.132,464,43.774
2603,2603,86.767,NaN,NaN,NaN,NaN,NaN,0,613,489,57.830,46.132,464,43.774
2604,2604,86.800,NaN,NaN,NaN,NaN,NaN,0,613,489,57.830,46.132,464,43.774
2605,2605,86.833,NaN,NaN,NaN,NaN,NaN,0,613,489,57.830,46.132,464,43.774
2606,2606,86.867,NaN,NaN,NaN,NaN,NaN,0,613,489,57.830,46.132,464,43.774
2607,2607,86.900,NaN,NaN,NaN,NaN,NaN,0,613,489,57.830,46.132,464,43.774
2608,2608,86.933,NaN,NaN,NaN,NaN,NaN,0,613,489,57.830,46.132,464,43.774
2609,2609,86.967,NaN,NaN,NaN,NaN,NaN,0,613,489,57.830,46.132,464,43.774
2610,2610,87.000,NaN,NaN,NaN,NaN,NaN,0,613,489,57.830,46.132,464,43.774
2611,2611,87.033,NaN,NaN,NaN,NaN,NaN,0,613,489,57.830,46.132,464,43.774
2612,2612,87.067,NaN,NaN,NaN,NaN,NaN,0,613,489,57.830,46.132,464,43.774
2613,2613,87.100,NaN,NaN,NaN,NaN,NaN,0,613,489,57.830,46.132,464,43.774
2614,2614,87.133,NaN,NaN,NaN,NaN,NaN,0,613,489,57.830,46.132,464,43.774
2615,2615,87.167,NaN,NaN,NaN,NaN,NaN,0,613,489,57.830,46.132,464,43.774
2616,2616,87.200,NaN,NaN,NaN,NaN,NaN,0,613,489,57.830,46.132,464,43.774
2617,2617,87.233,NaN,NaN,NaN,NaN,NaN,0,613,489,57.830,46.132,464,43.774
2618,2618,87.267,NaN,NaN,NaN,NaN,NaN,0,613,489,57.830,46.132,464,43.774
2619,2619,87.300,NaN,NaN,NaN,NaN,NaN,0,613,489,57.830,46.132,464,43.774
2620,2620,87.333,NaN,NaN,NaN,NaN,NaN,0,613,489,57.830,46.132,464,43.774
2621,2621,87.367,NaN,NaN,NaN,NaN,NaN,0,613,489,57.830,46.132,464,43.774
2622,2622,87.400,NaN,NaN,NaN,NaN,NaN,0,613,489,57.830,46.132,464,43.774
2623,2623,87.433,NaN,NaN,NaN,NaN,NaN,0,613,489,57.830,46.132,464,43.774
2624,2624,87.467,NaN,NaN,NaN,NaN,NaN,0,613,489,57.830,46.132,464,43.774
2625,2625,87.500,NaN,NaN,NaN,NaN,NaN,0,613,489,57.830,46.132,464,43.774
2626,2626,87.533,NaN,NaN,NaN,NaN,NaN,0,613,489,57.830,46.132,464,43.774
2627,2627,87.567,NaN,NaN,NaN,NaN,NaN,0,613,489,57.830,46.132,464,43.774
2628,2628,87.600,NaN,NaN,NaN,NaN,NaN,0,613,489,57.830,46.132,464,43.774
2629,2629,87.633,NaN,NaN,NaN,NaN,NaN,0,613,489,57.830,46.132,464,43.774
2630,2630,87.667,NaN,NaN,NaN,NaN,NaN,0,613,489,57.830,46.132,464,43.774
2631,2631,87.700,NaN,NaN,NaN,NaN,NaN,0,613,489,57.830,46.132,464,43.774
2632,2632,87.733,NaN,NaN,NaN,NaN,NaN,0,613,489,57.830,46.132,464,43.774
2633,2633,87.767,NaN,NaN,NaN,NaN,NaN,0,613,489,57.830,46.132,464,43.774
2634,2634,87.800,NaN,NaN,NaN,NaN,NaN,0,613,489,57.830,46.132,464,43.774
2635,2635,87.833,NaN,NaN,NaN,NaN,NaN,0,613,489,57.830,46.132,464,43.774
2636,2636,87.867,NaN,NaN,NaN,NaN,NaN,0,613,489,57.830,46.132,464,43.774
2637,2637,87.900,NaN,NaN,NaN,NaN,NaN,0,613,489,57.830,46.132,464,43.774
2638,2638,87.933,NaN,NaN,NaN,NaN,NaN,0,613,489,57.830,46.132,464,43.774
2639,2639,87.967,NaN,NaN,NaN,NaN,NaN,0,613,489,57.830,46.132,464,43.774
2640,2640,88.000,NaN,NaN,NaN,NaN,NaN,0,613,489,57.830,46.132,464,43.774
2641,2641,88.033,NaN,NaN,NaN,NaN,NaN,0,613,489,57.830,46.132,464,43.774
2642,2642,88.067,NaN,NaN,NaN,NaN,NaN,0,613,489,57.830,46.132,464,43.774
2643,2643,88.100,NaN,NaN,NaN,NaN,NaN,0,613,489,57.830,46.132,464,43.774
2644,2644,88.133,NaN,NaN,NaN,NaN,NaN,0,613,489,57.830,46.132,464,43.774
2645,2645,88.167,NaN,NaN,NaN,NaN,NaN,0,613,489,57.830,46.132,464,43.774
2646,2646,88.200,NaN,NaN,NaN,NaN,NaN,0,613,489,57.830,46.132,464,43.774
2647,2647,88.233,NaN,NaN,NaN,NaN,NaN,0,613,489,57.830,46.132,464,43.774
2648,2648,88.267,NaN,NaN,NaN,NaN,NaN,0,613,489,57.830,46.132,464,43.774
2649,2649,88.300,NaN,NaN,NaN,NaN,NaN,0,613,489,57.830,46.132,464,43.774
2650,2650,88.333,NaN,NaN,NaN,NaN,NaN,0,613,489,57.830,46.132,464,43.774
2651,2651,88.367,NaN,NaN,NaN,NaN,NaN,0,613,489,57.830,46.132,464,43.774
2652,2652,88.400,NaN,NaN,NaN,NaN,NaN,0,613,489,57.830,46.132,464,43.774
2653,2653,88.433,NaN,NaN,NaN,NaN,NaN,0,613,489,57.830,46.132,464,43.774
2654,2654,88.467,NaN,NaN,NaN,NaN,NaN,0,613,489,57.830,46.132,464,43.774
2655,2655,88.500,NaN,NaN,NaN,NaN,NaN,0,613,489,57.830,46.132,464,43.774
2656,2656,88.533,NaN,NaN,NaN,NaN,NaN,0,613,489,57.830,46.132,464,43.774
2657,2657,88.567,NaN,NaN,NaN,NaN,NaN,0,613,489,57.830,46.132,464,43.774
2658,2658,88.600,NaN,NaN,NaN,NaN,NaN,0,613,489,57.830,46.132,464,43.774
2659,2659,88.633,NaN,NaN,NaN,NaN,NaN,0,613,489,57.830,46.132,464,43.774
2660,2660,88.667,NaN,NaN,NaN,NaN,NaN,0,613,489,57.830,46.132,464,43.774
2661,2661,88.700,NaN,NaN,NaN,NaN,NaN,0,613,489,57.830,46.132,464,43.774
2662,2662,88.733,NaN,NaN,NaN,NaN,NaN,0,613,489,57.830,46.132,464,43.774
2663,2663,88.767,NaN,NaN,NaN,NaN,NaN,0,613,489,57.830,46.132,464,43.774
2664,2664,88.800,NaN,NaN,NaN,NaN,NaN,0,613,489,57.830,46.132,464,43.774
2665,2665,88.833,NaN,NaN,NaN,NaN,NaN,0,613,489,57.830,46.132,464,43.774
2666,2666,88.867,NaN,NaN,NaN,NaN,NaN,0,613,489,57.830,46.132,464,43.774
2667,2667,88.900,NaN,NaN,NaN,NaN,NaN,0,613,489,57.830,46.132,464,43.774
2668,2668,88.933,NaN,NaN,NaN,NaN,NaN,0,613,489,57.830,46.132,464,43.774
2669,2669,88.967,NaN,NaN,NaN,NaN,NaN,0,613,489,57.830,46.132,464,43.774
2670,2670,89.000,NaN,NaN,NaN,NaN,NaN,0,613,489,57.830,46.132,464,43.774
2671,2671,89.033,NaN,NaN,NaN,NaN,NaN,0,613,489,57.830,46.132,464,43.774
2672,2672,89.067,NaN,NaN,NaN,NaN,NaN,0,613,489,57.830,46.132,464,43.774
2673,2673,89.100,NaN,NaN,NaN,NaN,NaN,0,613,489,57.830,46.132,464,43.774
2674,2674,89.133,NaN,NaN,NaN,NaN,NaN,0,613,489,57.830,46.132,464,43.774
2675,2675,89.167,NaN,NaN,NaN,NaN,NaN,0,613,489,57.830,46.132,464,43.774
2676,2676,89.200,NaN,NaN,NaN,NaN,NaN,0,613,489,57.830,46.132,464,43.774
2677,2677,89.233,NaN,NaN,NaN,NaN,NaN,0,613,489,57.830,46.132,464,43.774
2678,2678,89.267,NaN,NaN,NaN,NaN,NaN,0,613,489,57.830,46.132,464,43.774
2679,2679,89.300,NaN,NaN,NaN,NaN,NaN,0,613,489,57.830,46.132,464,43.774
2680,2680,89.333,NaN,NaN,NaN,NaN,NaN,0,613,489,57.830,46.132,464,43.774
2681,2681,89.367,NaN,NaN,NaN,NaN,NaN,0,613,489,57.830,46.132,464,43.774
2682,2682,89.400,NaN,NaN,NaN,NaN,NaN,0,613,489,57.830,46.132,464,43.774
2683,2683,89.433,NaN,NaN,NaN,NaN,NaN,0,613,489,57.830,46.132,464,43.774
2684,2684,89.467,NaN,NaN,NaN,NaN,NaN,0,613,489,57.830,46.132,464,43.774
2685,2685,89.500,NaN,NaN,NaN,NaN,NaN,0,613,489,57.830,46.132,464,43.774
2686,2686,89.533,NaN,NaN,NaN,NaN,NaN,0,613,489,57.830,46.132,464,43.774
2687,2687,89.567,NaN,NaN,NaN,NaN,NaN,0,613,489,57.830,46.132,464,43.774
2688,2688,89.600,NaN,NaN,NaN,NaN,NaN,0,613,489,57.830,46.132,464,43.774
2689,2689,89.633,NaN,NaN,NaN,NaN,NaN,0,613,489,57.830,46.132,464,43.774
2690,2690,89.667,NaN,NaN,NaN,NaN,NaN,0,613,489,57.830,46.132,464,43.774
2691,2691,89.700,NaN,NaN,NaN,NaN,NaN,0,613,489,57.830,46.132,464,43.774
2692,2692,89.733,NaN,NaN,NaN,NaN,NaN,0,613,489,57.830,46.132,464,43.774
2693,2693,89.767,NaN,NaN,NaN,NaN,NaN,0,613,489,57.830,46.132,464,43.774
2694,2694,89.800,NaN,NaN,NaN,NaN,NaN,0,613,489,57.830,46.132,464,43.774
2695,2695,89.833,NaN,NaN,NaN,NaN,NaN,0,613,489,57.830,46.132,464,43.774
2696,2696,89.867,NaN,NaN,NaN,NaN,NaN,0,613,489,57.830,46.132,464,43.774
2697,2697,89.900,NaN,NaN,NaN,NaN,NaN,0,613,489,57.830,46.132,464,43.774
2698,2698,89.933,NaN,NaN,NaN,NaN,NaN,0,613,489,57.830,46.132,464,43.774
2699,2699,89.967,NaN,NaN,NaN,NaN,NaN,0,613,489,57.830,46.132,464,43.774
2700,2700,90.000,NaN,NaN,NaN,NaN,NaN,0,613,489,57.830,46.132,464,43.774
2701,2701,90.033,NaN,NaN,NaN,NaN,NaN,0,613,489,57.830,46.132,464,43.774
2702,2702,90.067,NaN,NaN,NaN,NaN,NaN,0,613,489,57.830,46.132,464,43.774
2703,2703,90.100,NaN,NaN,NaN,NaN,NaN,0,613,489,57.830,46.132,464,43.774
2704,2704,90.133,NaN,NaN,NaN,NaN,NaN,0,613,489,57.830,46.132,464,43.774
2705,2705,90.167,NaN,NaN,NaN,NaN,NaN,0,613,489,57.830,46.132,464,43.774
2706,2706,90.200,NaN,NaN,NaN,NaN,NaN,0,613,489,57.830,46.132,464,43.774
2707,2707,90.233,NaN,NaN,NaN,NaN,NaN,0,613,489,57.830,46.132,464,43.774
2708,2708,90.267,NaN,NaN,NaN,NaN,NaN,0,613,489,57.830,46.132,464,43.774
2709,2709,90.300,NaN,NaN,NaN,NaN,NaN,0,613,489,57.830,46.132,464,43.774
2710,2710,90.333,NaN,NaN,NaN,NaN,NaN,0,613,489,57.830,46.132,464,43.774
2711,2711,90.367,NaN,NaN,NaN,NaN,NaN,0,613,489,57.830,46.132,464,43.774
2712,2712,90.400,NaN,NaN,NaN,NaN,NaN,0,613,489,57.830,46.132,464,43.774
2713,2713,90.433,NaN,NaN,NaN,NaN,NaN,0,613,489,57.830,46.132,464,43.774
2714,2714,90.467,NaN,NaN,NaN,NaN,NaN,0,613,489,57.830,46.132,464,43.774
2715,2715,90.500,NaN,NaN,NaN,NaN,NaN,0,613,489,57.830,46.132,464,43.774
2716,2716,90.533,NaN,NaN,NaN,NaN,NaN,0,613,489,57.830,46.132,464,43.774
2717,2717,90.567,NaN,NaN,NaN,NaN,NaN,0,613,489,57.830,46.132,464,43.774
2718,2718,90.600,NaN,NaN,NaN,NaN,NaN,0,613,489,57.830,46.132,464,43.774
2719,2719,90.633,NaN,NaN,NaN,NaN,NaN,0,613,489,57.830,46.132,464,43.774
2720,2720,90.667,NaN,NaN,NaN,NaN,NaN,0,613,489,57.830,46.132,464,43.774
2721,2721,90.700,NaN,NaN,NaN,NaN,NaN,0,613,489,57.830,46.132,464,43.774
2722,2722,90.733,NaN,NaN,NaN,NaN,NaN,0,613,489,57.830,46.132,464,43.774
2723,2723,90.767,NaN,NaN,NaN,NaN,NaN,0,613,489,57.830,46.132,464,43.774
2724,2724,90.800,NaN,NaN,NaN,NaN,NaN,0,613,489,57.830,46.132,464,43.774
2725,2725,90.833,NaN,NaN,NaN,NaN,NaN,0,613,489,57.830,46.132,464,43.774
2726,2726,90.867,NaN,NaN,NaN,NaN,NaN,0,613,489,57.830,46.132,464,43.774
2727,2727,90.900,NaN,NaN,NaN,NaN,NaN,0,613,489,57.830,46.132,464,43.774
2728,2728,90.933,NaN,NaN,NaN,NaN,NaN,0,613,489,57.830,46.132,464,43.774
2729,2729,90.967,NaN,NaN,NaN,NaN,NaN,0,613,489,57.830,46.132,464,43.774
2730,2730,91.000,NaN,NaN,NaN,NaN,NaN,0,613,489,57.830,46.132,464,43.774
2731,2731,91.033,NaN,NaN,NaN,NaN,NaN,0,613,489,57.830,46.132,464,43.774
2732,2732,91.067,NaN,NaN,NaN,NaN,NaN,0,613,489,57.830,46.132,464,43.774
2733,2733,91.100,NaN,NaN,NaN,NaN,NaN,0,613,489,57.830,46.132,464,43.774
2734,2734,91.133,NaN,NaN,NaN,NaN,NaN,0,613,489,57.830,46.132,464,43.774
2735,2735,91.167,NaN,NaN,NaN,NaN,NaN,0,613,489,57.830,46.132,464,43.774
2736,2736,91.200,NaN,NaN,NaN,NaN,NaN,0,613,489,57.830,46.132,464,43.774
2737,2737,91.233,NaN,NaN,NaN,NaN,NaN,0,613,489,57.830,46.132,464,43.774
2738,2738,91.267,NaN,NaN,NaN,NaN,NaN,0,613,489,57.830,46.132,464,43.774
2739,2739,91.300,NaN,NaN,NaN,NaN,NaN,0,613,489,57.830,46.132,464,43.774
2740,2740,91.333,NaN,NaN,NaN,NaN,NaN,0,613,489,57.830,46.132,464,43.774
2741,2741,91.367,NaN,NaN,NaN,NaN,NaN,0,613,489,57.830,46.132,464,43.774
2742,2742,91.400,NaN,NaN,NaN,NaN,NaN,0,613,489,57.830,46.132,464,43.774
2743,2743,91.433,NaN,NaN,NaN,NaN,NaN,0,613,489,57.830,46.132,464,43.774
2744,2744,91.467,NaN,NaN,NaN,NaN,NaN,0,613,489,57.830,46.132,464,43.774
2745,2745,91.500,NaN,NaN,NaN,NaN,NaN,0,613,489,57.830,46.132,464,43.774
2746,2746,91.533,NaN,NaN,NaN,NaN,NaN,0,613,489,57.830,46.132,464,43.774
2747,2747,91.567,NaN,NaN,NaN,NaN,NaN,0,613,489,57.830,46.132,464,43.774
2748,2748,91.600,NaN,NaN,NaN,NaN,NaN,0,613,489,57.830,46.132,464,43.774
2749,2749,91.633,NaN,NaN,NaN,NaN,NaN,0,613,489,57.830,46.132,464,43.774
2750,2750,91.667,NaN,NaN,NaN,NaN,NaN,0,613,489,57.830,46.132,464,43.774
2751,2751,91.700,NaN,NaN,NaN,NaN,NaN,0,613,489,57.830,46.132,464,43.774
2752,2752,91.733,NaN,NaN,NaN,NaN,NaN,0,613,489,57.830,46.132,464,43.774
2753,2753,91.767,NaN,NaN,NaN,NaN,NaN,0,613,489,57.830,46.132,464,43.774
2754,2754,91.800,NaN,NaN,NaN,NaN,NaN,0,613,489,57.830,46.132,464,43.774
2755,2755,91.833,NaN,NaN,NaN,NaN,NaN,0,613,489,57.830,46.132,464,43.774
2756,2756,91.867,NaN,NaN,NaN,NaN,NaN,0,613,489,57.830,46.132,464,43.774
2757,2757,91.900,NaN,NaN,NaN,NaN,NaN,0,613,489,57.830,46.132,464,43.774
2758,2758,91.933,NaN,NaN,NaN,NaN,NaN,0,613,489,57.830,46.132,464,43.774
2759,2759,91.967,NaN,NaN,NaN,NaN,NaN,0,613,489,57.830,46.132,464,43.774
2760,2760,92.000,NaN,NaN,NaN,NaN,NaN,0,613,489,57.830,46.132,464,43.774
2761,2761,92.033,NaN,NaN,NaN,NaN,NaN,0,613,489,57.830,46.132,464,43.774
2762,2762,92.067,NaN,NaN,NaN,NaN,NaN,0,613,489,57.830,46.132,464,43.774
2763,2763,92.100,NaN,NaN,NaN,NaN,NaN,0,613,489,57.830,46.132,464,43.774
2764,2764,92.133,NaN,NaN,NaN,NaN,NaN,0,613,489,57.830,46.132,464,43.774
2765,2765,92.167,NaN,NaN,NaN,NaN,NaN,0,613,489,57.830,46.132,464,43.774
2766,2766,92.200,NaN,NaN,NaN,NaN,NaN,0,613,489,57.830,46.132,464,43.774
2767,2767,92.233,NaN,NaN,NaN,NaN,NaN,0,613,489,57.830,46.132,464,43.774
2768,2768,92.267,NaN,NaN,NaN,NaN,NaN,0,613,489,57.830,46.132,464,43.774
2769,2769,92.300,NaN,NaN,NaN,NaN,NaN,0,613,489,57.830,46.132,464,43.774
2770,2770,92.333,NaN,NaN,NaN,NaN,NaN,0,613,489,57.830,46.132,464,43.774
2771,2771,92.367,NaN,NaN,NaN,NaN,NaN,0,613,489,57.830,46.132,464,43.774
2772,2772,92.400,NaN,NaN,NaN,NaN,NaN,0,613,489,57.830,46.132,464,43.774
2773,2773,92.433,NaN,NaN,NaN,NaN,NaN,0,613,489,57.830,46.132,464,43.774
2774,2774,92.467,NaN,NaN,NaN,NaN,NaN,0,613,489,57.830,46.132,464,43.774
2775,2775,92.500,NaN,NaN,NaN,NaN,NaN,0,613,489,57.830,46.132,464,43.774
2776,2776,92.533,NaN,NaN,NaN,NaN,NaN,0,613,489,57.830,46.132,464,43.774
2777,2777,92.567,NaN,NaN,NaN,NaN,NaN,0,613,489,57.830,46.132,464,43.774
2778,2778,92.600,NaN,NaN,NaN,NaN,NaN,0,613,489,57.830,46.132,464,43.774
2779,2779,92.633,NaN,NaN,NaN,NaN,NaN,0,613,489,57.830,46.132,464,43.774
2780,2780,92.667,NaN,NaN,NaN,NaN,NaN,0,613,489,57.830,46.132,464,43.774
2781,2781,92.700,NaN,NaN,NaN,NaN,NaN,0,613,489,57.830,46.132,464,43.774
2782,2782,92.733,NaN,NaN,NaN,NaN,NaN,0,613,489,57.830,46.132,464,43.774
2783,2783,92.767,NaN,NaN,NaN,NaN,NaN,0,613,489,57.830,46.132,464,43.774
2784,2784,92.800,NaN,NaN,NaN,NaN,NaN,0,613,489,57.830,46.132,464,43.774
2785,2785,92.833,NaN,NaN,NaN,NaN,NaN,0,613,489,57.830,46.132,464,43.774
2786,2786,92.867,NaN,NaN,NaN,NaN,NaN,0,613,489,57.830,46.132,464,43.774
2787,2787,92.900,NaN,NaN,NaN,NaN,NaN,0,613,489,57.830,46.132,464,43.774
2788,2788,92.933,NaN,NaN,NaN,NaN,NaN,0,613,489,57.830,46.132,464,43.774
2789,2789,92.967,NaN,NaN,NaN,NaN,NaN,0,613,489,57.830,46.132,464,43.774
2790,2790,93.000,NaN,NaN,NaN,NaN,NaN,0,613,489,57.830,46.132,464,43.774
2791,2791,93.033,NaN,NaN,NaN,NaN,NaN,0,613,489,57.830,46.132,464,43.774
2792,2792,93.067,NaN,NaN,NaN,NaN,NaN,0,613,489,57.830,46.132,464,43.774
2793,2793,93.100,NaN,NaN,NaN,NaN,NaN,0,613,489,57.830,46.132,464,43.774
2794,2794,93.133,NaN,NaN,NaN,NaN,NaN,0,613,489,57.830,46.132,464,43.774
2795,2795,93.167,NaN,NaN,NaN,NaN,NaN,0,613,489,57.830,46.132,464,43.774
2796,2796,93.200,NaN,NaN,NaN,NaN,NaN,0,613,489,57.830,46.132,464,43.774
2797,2797,93.233,NaN,NaN,NaN,NaN,NaN,0,613,489,57.830,46.132,464,43.774
2798,2798,93.267,NaN,NaN,NaN,NaN,NaN,0,613,489,57.830,46.132,464,43.774
2799,2799,93.300,NaN,NaN,NaN,NaN,NaN,0,613,489,57.830,46.132,464,43.774
2800,2800,93.333,NaN,NaN,NaN,NaN,NaN,0,613,489,57.830,46.132,464,43.774
2801,2801,93.367,NaN,NaN,NaN,NaN,NaN,0,613,489,57.830,46.132,464,43.774
2802,2802,93.400,NaN,NaN,NaN,NaN,NaN,0,613,489,57.830,46.132,464,43.774
2803,2803,93.433,NaN,NaN,NaN,NaN,NaN,0,613,489,57.830,46.132,464,43.774
2804,2804,93.467,NaN,NaN,NaN,NaN,NaN,0,613,489,57.830,46.132,464,43.774
2805,2805,93.500,NaN,NaN,NaN,NaN,NaN,0,613,489,57.830,46.132,464,43.774
2806,2806,93.533,NaN,NaN,NaN,NaN,NaN,0,613,489,57.830,46.132,464,43.774
2807,2807,93.567,NaN,NaN,NaN,NaN,NaN,0,613,489,57.830,46.132,464,43.774
2808,2808,93.600,NaN,NaN,NaN,NaN,NaN,0,613,489,57.830,46.132,464,43.774
2809,2809,93.633,NaN,NaN,NaN,NaN,NaN,0,613,489,57.830,46.132,464,43.774
2810,2810,93.667,NaN,NaN,NaN,NaN,NaN,0,613,489,57.830,46.132,464,43.774
2811,2811,93.700,NaN,NaN,NaN,NaN,NaN,0,613,489,57.830,46.132,464,43.774
2812,2812,93.733,NaN,NaN,NaN,NaN,NaN,0,613,489,57.830,46.132,464,43.774
2813,2813,93.767,NaN,NaN,NaN,NaN,NaN,0,613,489,57.830,46.132,464,43.774
2814,2814,93.800,NaN,NaN,NaN,NaN,NaN,0,613,489,57.830,46.132,464,43.774
2815,2815,93.833,NaN,NaN,NaN,NaN,NaN,0,613,489,57.830,46.132,464,43.774
2816,2816,93.867,NaN,NaN,NaN,NaN,NaN,0,613,489,57.830,46.132,464,43.774
2817,2817,93.900,NaN,NaN,NaN,NaN,NaN,0,613,489,57.830,46.132,464,43.774
2818,2818,93.933,NaN,NaN,NaN,NaN,NaN,0,613,489,57.830,46.132,464,43.774
2819,2819,93.967,NaN,NaN,NaN,NaN,NaN,0,613,489,57.830,46.132,464,43.774
2820,2820,94.000,NaN,NaN,NaN,NaN,NaN,0,613,489,57.830,46.132,464,43.774
2821,2821,94.033,NaN,NaN,NaN,NaN,NaN,0,613,489,57.830,46.132,464,43.774
2822,2822,94.067,NaN,NaN,NaN,NaN,NaN,0,613,489,57.830,46.132,464,43.774
2823,2823,94.100,NaN,NaN,NaN,NaN,NaN,0,613,489,57.830,46.132,464,43.774
2824,2824,94.133,NaN,NaN,NaN,NaN,NaN,0,613,489,57.830,46.132,464,43.774
2825,2825,94.167,NaN,NaN,NaN,NaN,NaN,0,613,489,57.830,46.132,464,43.774
2826,2826,94.200,NaN,NaN,NaN,NaN,NaN,0,613,489,57.830,46.132,464,43.774
2827,2827,94.233,NaN,NaN,NaN,NaN,NaN,0,613,489,57.830,46.132,464,43.774
2828,2828,94.267,NaN,NaN,NaN,NaN,NaN,0,613,489,57.830,46.132,464,43.774
2829,2829,94.300,NaN,NaN,NaN,NaN,NaN,0,613,489,57.830,46.132,464,43.774
2830,2830,94.333,NaN,NaN,NaN,NaN,NaN,0,613,489,57.830,46.132,464,43.774
2831,2831,94.367,NaN,NaN,NaN,NaN,NaN,0,613,489,57.830,46.132,464,43.774
2832,2832,94.400,NaN,NaN,NaN,NaN,NaN,0,613,489,57.830,46.132,464,43.774
2833,2833,94.433,NaN,NaN,NaN,NaN,NaN,0,613,489,57.830,46.132,464,43.774
2834,2834,94.467,NaN,NaN,NaN,NaN,NaN,0,613,489,57.830,46.132,464,43.774
2835,2835,94.500,NaN,NaN,NaN,NaN,NaN,0,613,489,57.830,46.132,464,43.774
2836,2836,94.533,NaN,NaN,NaN,NaN,NaN,0,613,489,57.830,46.132,464,43.774
2837,2837,94.567,NaN,NaN,NaN,NaN,NaN,0,613,489,57.830,46.132,464,43.774
2838,2838,94.600,NaN,NaN,NaN,NaN,NaN,0,613,489,57.830,46.132,464,43.774
2839,2839,94.633,NaN,NaN,NaN,NaN,NaN,0,613,489,57.830,46.132,464,43.774
2840,2840,94.667,NaN,NaN,NaN,NaN,NaN,0,613,489,57.830,46.132,464,43.774
2841,2841,94.700,NaN,NaN,NaN,NaN,NaN,0,613,489,57.830,46.132,464,43.774
2842,2842,94.733,NaN,NaN,NaN,NaN,NaN,0,613,489,57.830,46.132,464,43.774
2843,2843,94.767,NaN,NaN,NaN,NaN,NaN,0,613,489,57.830,46.132,464,43.774
2844,2844,94.800,NaN,NaN,NaN,NaN,NaN,0,613,489,57.830,46.132,464,43.774
2845,2845,94.833,NaN,NaN,NaN,NaN,NaN,0,613,489,57.830,46.132,464,43.774
2846,2846,94.867,NaN,NaN,NaN,NaN,NaN,0,613,489,57.830,46.132,464,43.774
2847,2847,94.900,NaN,NaN,NaN,NaN,NaN,0,613,489,57.830,46.132,464,43.774
2848,2848,94.933,NaN,NaN,NaN,NaN,NaN,0,613,489,57.830,46.132,464,43.774
2849,2849,94.967,NaN,NaN,NaN,NaN,NaN,0,613,489,57.830,46.132,464,43.774
2850,2850,95.000,NaN,NaN,NaN,NaN,NaN,0,613,489,57.830,46.132,464,43.774
2851,2851,95.033,NaN,NaN,NaN,NaN,NaN,0,613,489,57.830,46.132,464,43.774
2852,2852,95.067,NaN,NaN,NaN,NaN,NaN,0,613,489,57.830,46.132,464,43.774
2853,2853,95.100,NaN,NaN,NaN,NaN,NaN,0,613,489,57.830,46.132,464,43.774
2854,2854,95.133,NaN,NaN,NaN,NaN,NaN,0,613,489,57.830,46.132,464,43.774
2855,2855,95.167,NaN,NaN,NaN,NaN,NaN,0,613,489,57.830,46.132,464,43.774
2856,2856,95.200,NaN,NaN,NaN,NaN,NaN,0,613,489,57.830,46.132,464,43.774
2857,2857,95.233,NaN,NaN,NaN,NaN,NaN,0,613,489,57.830,46.132,464,43.774
2858,2858,95.267,NaN,NaN,NaN,NaN,NaN,0,613,489,57.830,46.132,464,43.774
2859,2859,95.300,NaN,NaN,NaN,NaN,NaN,0,613,489,57.830,46.132,464,43.774
2860,2860,95.333,NaN,NaN,NaN,NaN,NaN,0,613,489,57.830,46.132,464,43.774
2861,2861,95.367,NaN,NaN,NaN,NaN,NaN,0,613,489,57.830,46.132,464,43.774
2862,2862,95.400,NaN,NaN,NaN,NaN,NaN,0,613,489,57.830,46.132,464,43.774
2863,2863,95.433,NaN,NaN,NaN,NaN,NaN,0,613,489,57.830,46.132,464,43.774
2864,2864,95.467,NaN,NaN,NaN,NaN,NaN,0,613,489,57.830,46.132,464,43.774
2865,2865,95.500,NaN,NaN,NaN,NaN,NaN,0,613,489,57.830,46.132,464,43.774
2866,2866,95.533,NaN,NaN,NaN,NaN,NaN,0,613,489,57.830,46.132,464,43.774
2867,2867,95.567,NaN,NaN,NaN,NaN,NaN,0,613,489,57.830,46.132,464,43.774
2868,2868,95.600,NaN,NaN,NaN,NaN,NaN,0,613,489,57.830,46.132,464,43.774
2869,2869,95.633,NaN,NaN,NaN,NaN,NaN,0,613,489,57.830,46.132,464,43.774
2870,2870,95.667,NaN,NaN,NaN,NaN,NaN,0,613,489,57.830,46.132,464,43.774
2871,2871,95.700,NaN,NaN,NaN,NaN,NaN,0,613,489,57.830,46.132,464,43.774
2872,2872,95.733,NaN,NaN,NaN,NaN,NaN,0,613,489,57.830,46.132,464,43.774
2873,2873,95.767,NaN,NaN,NaN,NaN,NaN,0,613,489,57.830,46.132,464,43.774
2874,2874,95.800,NaN,NaN,NaN,NaN,NaN,0,613,489,57.830,46.132,464,43.774
2875,2875,95.833,NaN,NaN,NaN,NaN,NaN,0,613,489,57.830,46.132,464,43.774
2876,2876,95.867,NaN,NaN,NaN,NaN,NaN,0,613,489,57.830,46.132,464,43.774
2877,2877,95.900,NaN,NaN,NaN,NaN,NaN,0,613,489,57.830,46.132,464,43.774
2878,2878,95.933,NaN,NaN,NaN,NaN,NaN,0,613,489,57.830,46.132,464,43.774
2879,2879,95.967,NaN,NaN,NaN,NaN,NaN,0,613,489,57.830,46.132,464,43.774
2880,2880,96.000,NaN,NaN,NaN,NaN,NaN,0,613,489,57.830,46.132,464,43.774
2881,2881,96.033,NaN,NaN,NaN,NaN,NaN,0,613,489,57.830,46.132,464,43.774
2882,2882,96.067,NaN,NaN,NaN,NaN,NaN,0,613,489,57.830,46.132,464,43.774
2883,2883,96.100,NaN,NaN,NaN,NaN,NaN,0,613,489,57.830,46.132,464,43.774
2884,2884,96.133,NaN,NaN,NaN,NaN,NaN,0,613,489,57.830,46.132,464,43.774
2885,2885,96.167,NaN,NaN,NaN,NaN,NaN,0,613,489,57.830,46.132,464,43.774
2886,2886,96.200,NaN,NaN,NaN,NaN,NaN,0,613,489,57.830,46.132,464,43.774
2887,2887,96.233,NaN,NaN,NaN,NaN,NaN,0,613,489,57.830,46.132,464,43.774
2888,2888,96.267,NaN,NaN,NaN,NaN,NaN,0,613,489,57.830,46.132,464,43.774
2889,2889,96.300,NaN,NaN,NaN,NaN,NaN,0,613,489,57.830,46.132,464,43.774
2890,2890,96.333,NaN,NaN,NaN,NaN,NaN,0,613,489,57.830,46.132,464,43.774
2891,2891,96.367,NaN,NaN,NaN,NaN,NaN,0,613,489,57.830,46.132,464,43.774
2892,2892,96.400,NaN,NaN,NaN,NaN,NaN,0,613,489,57.830,46.132,464,43.774
2893,2893,96.433,NaN,NaN,NaN,NaN,NaN,0,613,489,57.830,46.132,464,43.774
2894,2894,96.467,NaN,NaN,NaN,NaN,NaN,0,613,489,57.830,46.132,464,43.774
2895,2895,96.500,NaN,NaN,NaN,NaN,NaN,0,613,489,57.830,46.132,464,43.774
2896,2896,96.533,NaN,NaN,NaN,NaN,NaN,0,613,489,57.830,46.132,464,43.774
2897,2897,96.567,NaN,NaN,NaN,NaN,NaN,0,613,489,57.830,46.132,464,43.774
2898,2898,96.600,NaN,NaN,NaN,NaN,NaN,0,613,489,57.830,46.132,464,43.774
2899,2899,96.633,NaN,NaN,NaN,NaN,NaN,0,613,489,57.830,46.132,464,43.774
2900,2900,96.667,NaN,NaN,NaN,NaN,NaN,0,613,489,57.830,46.132,464,43.774
2901,2901,96.700,NaN,NaN,NaN,NaN,NaN,0,613,489,57.830,46.132,464,43.774
2902,2902,96.733,NaN,NaN,NaN,NaN,NaN,0,613,489,57.830,46.132,464,43.774
2903,2903,96.767,NaN,NaN,NaN,NaN,NaN,0,613,489,57.830,46.132,464,43.774
2904,2904,96.800,NaN,NaN,NaN,NaN,NaN,0,613,489,57.830,46.132,464,43.774
2905,2905,96.833,NaN,NaN,NaN,NaN,NaN,0,613,489,57.830,46.132,464,43.774
2906,2906,96.867,NaN,NaN,NaN,NaN,NaN,0,613,489,57.830,46.132,464,43.774
2907,2907,96.900,NaN,NaN,NaN,NaN,NaN,0,613,489,57.830,46.132,464,43.774
2908,2908,96.933,NaN,NaN,NaN,NaN,NaN,0,613,489,57.830,46.132,464,43.774
2909,2909,96.967,NaN,NaN,NaN,NaN,NaN,0,613,489,57.830,46.132,464,43.774
2910,2910,97.000,NaN,NaN,NaN,NaN,NaN,0,613,489,57.830,46.132,464,43.774
2911,2911,97.033,NaN,NaN,NaN,NaN,NaN,0,613,489,57.830,46.132,464,43.774
2912,2912,97.067,NaN,NaN,NaN,NaN,NaN,0,613,489,57.830,46.132,464,43.774
2913,2913,97.100,NaN,NaN,NaN,NaN,NaN,0,613,489,57.830,46.132,464,43.774
2914,2914,97.133,NaN,NaN,NaN,NaN,NaN,0,613,489,57.830,46.132,464,43.774
2915,2915,97.167,NaN,NaN,NaN,NaN,NaN,0,613,489,57.830,46.132,464,43.774
2916,2916,97.200,NaN,NaN,NaN,NaN,NaN,0,613,489,57.830,46.132,464,43.774
2917,2917,97.233,NaN,NaN,NaN,NaN,NaN,0,613,489,57.830,46.132,464,43.774
2918,2918,97.267,NaN,NaN,NaN,NaN,NaN,0,613,489,57.830,46.132,464,43.774
2919,2919,97.300,NaN,NaN,NaN,NaN,NaN,0,613,489,57.830,46.132,464,43.774
2920,2920,97.333,NaN,NaN,NaN,NaN,NaN,0,613,489,57.830,46.132,464,43.774
2921,2921,97.367,NaN,NaN,NaN,NaN,NaN,0,613,489,57.830,46.132,464,43.774
2922,2922,97.400,NaN,NaN,NaN,NaN,NaN,0,613,489,57.830,46.132,464,43.774
2923,2923,97.433,NaN,NaN,NaN,NaN,NaN,0,613,489,57.830,46.132,464,43.774
2924,2924,97.467,NaN,NaN,NaN,NaN,NaN,0,613,489,57.830,46.132,464,43.774
2925,2925,97.500,NaN,NaN,NaN,NaN,NaN,0,613,489,57.830,46.132,464,43.774
2926,2926,97.533,NaN,NaN,NaN,NaN,NaN,0,613,489,57.830,46.132,464,43.774
2927,2927,97.567,NaN,NaN,NaN,NaN,NaN,0,613,489,57.830,46.132,464,43.774
2928,2928,97.600,NaN,NaN,NaN,NaN,NaN,0,613,489,57.830,46.132,464,43.774
2929,2929,97.633,NaN,NaN,NaN,NaN,NaN,0,613,489,57.830,46.132,464,43.774
2930,2930,97.667,NaN,NaN,NaN,NaN,NaN,0,613,489,57.830,46.132,464,43.774
2931,2931,97.700,NaN,NaN,NaN,NaN,NaN,0,613,489,57.830,46.132,464,43.774
2932,2932,97.733,NaN,NaN,NaN,NaN,NaN,0,613,489,57.830,46.132,464,43.774
2933,2933,97.767,NaN,NaN,NaN,NaN,NaN,0,613,489,57.830,46.132,464,43.774
2934,2934,97.800,NaN,NaN,NaN,NaN,NaN,0,613,489,57.830,46.132,464,43.774
2935,2935,97.833,NaN,NaN,NaN,NaN,NaN,0,613,489,57.830,46.132,464,43.774
2936,2936,97.867,NaN,NaN,NaN,NaN,NaN,0,613,489,57.830,46.132,464,43.774
2937,2937,97.900,NaN,NaN,NaN,NaN,NaN,0,613,489,57.830,46.132,464,43.774
2938,2938,97.933,NaN,NaN,NaN,NaN,NaN,0,613,489,57.830,46.132,464,43.774
2939,2939,97.967,NaN,NaN,NaN,NaN,NaN,0,613,489,57.830,46.132,464,43.774
2940,2940,98.000,NaN,NaN,NaN,NaN,NaN,0,613,489,57.830,46.132,464,43.774
2941,2941,98.033,NaN,NaN,NaN,NaN,NaN,0,613,489,57.830,46.132,464,43.774
2942,2942,98.067,NaN,NaN,NaN,NaN,NaN,0,613,489,57.830,46.132,464,43.774
2943,2943,98.100,NaN,NaN,NaN,NaN,NaN,0,613,489,57.830,46.132,464,43.774
2944,2944,98.133,NaN,NaN,NaN,NaN,NaN,0,613,489,57.830,46.132,464,43.774
2945,2945,98.167,NaN,NaN,NaN,NaN,NaN,0,613,489,57.830,46.132,464,43.774
2946,2946,98.200,NaN,NaN,NaN,NaN,NaN,0,613,489,57.830,46.132,464,43.774
2947,2947,98.233,NaN,NaN,NaN,NaN,NaN,0,613,489,57.830,46.132,464,43.774
2948,2948,98.267,NaN,NaN,NaN,NaN,NaN,0,613,489,57.830,46.132,464,43.774
2949,2949,98.300,NaN,NaN,NaN,NaN,NaN,0,613,489,57.830,46.132,464,43.774
2950,2950,98.333,NaN,NaN,NaN,NaN,NaN,0,613,489,57.830,46.132,464,43.774
2951,2951,98.367,NaN,NaN,NaN,NaN,NaN,0,613,489,57.830,46.132,464,43.774
2952,2952,98.400,NaN,NaN,NaN,NaN,NaN,0,613,489,57.830,46.132,464,43.774
2953,2953,98.433,NaN,NaN,NaN,NaN,NaN,0,613,489,57.830,46.132,464,43.774
2954,2954,98.467,NaN,NaN,NaN,NaN,NaN,0,613,489,57.830,46.132,464,43.774
2955,2955,98.500,NaN,NaN,NaN,NaN,NaN,0,613,489,57.830,46.132,464,43.774
2956,2956,98.533,NaN,NaN,NaN,NaN,NaN,0,613,489,57.830,46.132,464,43.774
2957,2957,98.567,NaN,NaN,NaN,NaN,NaN,0,613,489,57.830,46.132,464,43.774
2958,2958,98.600,NaN,NaN,NaN,NaN,NaN,0,613,489,57.830,46.132,464,43.774
2959,2959,98.633,NaN,NaN,NaN,NaN,NaN,0,613,489,57.830,46.132,464,43.774
2960,2960,98.667,NaN,NaN,NaN,NaN,NaN,0,613,489,57.830,46.132,464,43.774
2961,2961,98.700,NaN,NaN,NaN,NaN,NaN,0,613,489,57.830,46.132,464,43.774
2962,2962,98.733,NaN,NaN,NaN,NaN,NaN,0,613,489,57.830,46.132,464,43.774
2963,2963,98.767,NaN,NaN,NaN,NaN,NaN,0,613,489,57.830,46.132,464,43.774
2964,2964,98.800,NaN,NaN,NaN,NaN,NaN,0,613,489,57.830,46.132,464,43.774
2965,2965,98.833,NaN,NaN,NaN,NaN,NaN,0,613,489,57.830,46.132,464,43.774
2966,2966,98.867,NaN,NaN,NaN,NaN,NaN,0,613,489,57.830,46.132,464,43.774
2967,2967,98.900,NaN,NaN,NaN,NaN,NaN,0,613,489,57.830,46.132,464,43.774
2968,2968,98.933,NaN,NaN,NaN,NaN,NaN,0,613,489,57.830,46.132,464,43.774
2969,2969,98.967,NaN,NaN,NaN,NaN,NaN,0,613,489,57.830,46.132,464,43.774
2970,2970,99.000,NaN,NaN,NaN,NaN,NaN,0,613,489,57.830,46.132,464,43.774
2971,2971,99.033,NaN,NaN,NaN,NaN,NaN,0,613,489,57.830,46.132,464,43.774
2972,2972,99.067,NaN,NaN,NaN,NaN,NaN,0,613,489,57.830,46.132,464,43.774
2973,2973,99.100,NaN,NaN,NaN,NaN,NaN,0,613,489,57.830,46.132,464,43.774
2974,2974,99.133,NaN,NaN,NaN,NaN,NaN,0,613,489,57.830,46.132,464,43.774
2975,2975,99.167,NaN,NaN,NaN,NaN,NaN,0,613,489,57.830,46.132,464,43.774
2976,2976,99.200,NaN,NaN,NaN,NaN,NaN,0,613,489,57.830,46.132,464,43.774
2977,2977,99.233,NaN,NaN,NaN,NaN,NaN,0,613,489,57.830,46.132,464,43.774
2978,2978,99.267,NaN,NaN,NaN,NaN,NaN,0,613,489,57.830,46.132,464,43.774
2979,2979,99.300,NaN,NaN,NaN,NaN,NaN,0,613,489,57.830,46.132,464,43.774
2980,2980,99.333,NaN,NaN,NaN,NaN,NaN,0,613,489,57.830,46.132,464,43.774
2981,2981,99.367,NaN,NaN,NaN,NaN,NaN,0,613,489,57.830,46.132,464,43.774
2982,2982,99.400,NaN,NaN,NaN,NaN,NaN,0,613,489,57.830,46.132,464,43.774
2983,2983,99.433,NaN,NaN,NaN,NaN,NaN,0,613,489,57.830,46.132,464,43.774
2984,2984,99.467,NaN,NaN,NaN,NaN,NaN,0,613,489,57.830,46.132,464,43.774
2985,2985,99.500,NaN,NaN,NaN,NaN,NaN,0,613,489,57.830,46.132,464,43.774
2986,2986,99.533,NaN,NaN,NaN,NaN,NaN,0,613,489,57.830,46.132,464,43.774
2987,2987,99.567,NaN,NaN,NaN,NaN,NaN,0,613,489,57.830,46.132,464,43.774
2988,2988,99.600,NaN,NaN,NaN,NaN,NaN,0,613,489,57.830,46.132,464,43.774
2989,2989,99.633,NaN,NaN,NaN,NaN,NaN,0,613,489,57.830,46.132,464,43.774
2990,2990,99.667,NaN,NaN,NaN,NaN,NaN,0,613,489,57.830,46.132,464,43.774
2991,2991,99.700,NaN,NaN,NaN,NaN,NaN,0,613,489,57.830,46.132,464,43.774
2992,2992,99.733,NaN,NaN,NaN,NaN,NaN,0,613,489,57.830,46.132,464,43.774
2993,2993,99.767,NaN,NaN,NaN,NaN,NaN,0,613,489,57.830,46.132,464,43.774
2994,2994,99.800,NaN,NaN,NaN,NaN,NaN,0,613,489,57.830,46.132,464,43.774
2995,2995,99.833,NaN,NaN,NaN,NaN,NaN,0,613,489,57.830,46.132,464,43.774
2996,2996,99.867,NaN,NaN,NaN,NaN,NaN,0,613,489,57.830,46.132,464,43.774
2997,2997,99.900,NaN,NaN,NaN,NaN,NaN,0,613,489,57.830,46.132,464,43.774
2998,2998,99.933,NaN,NaN,NaN,NaN,NaN,0,613,489,57.830,46.132,464,43.774
2999,2999,99.967,NaN,NaN,NaN,NaN,NaN,0,613,489,57.830,46.132,464,43.774
3000,3000,100.000,NaN,NaN,NaN,NaN,NaN,0,613,489,57.830,46.132,464,43.774
3001,3001,100.033,NaN,NaN,NaN,NaN,NaN,0,613,489,57.830,46.132,464,43.774
3002,3002,100.067,NaN,NaN,NaN,NaN,NaN,0,613,489,57.830,46.132,464,43.774
3003,3003,100.100,NaN,NaN,NaN,NaN,NaN,0,613,489,57.830,46.132,464,43.774
3004,3004,100.133,NaN,NaN,NaN,NaN,NaN,0,613,489,57.830,46.132,464,43.774
3005,3005,100.167,NaN,NaN,NaN,NaN,NaN,0,613,489,57.830,46.132,464,43.774
3006,3006,100.200,NaN,NaN,NaN,NaN,NaN,0,613,489,57.830,46.132,464,43.774
3007,3007,100.233,NaN,NaN,NaN,NaN,NaN,0,613,489,57.830,46.132,464,43.774
3008,3008,100.267,NaN,NaN,NaN,NaN,NaN,0,613,489,57.830,46.132,464,43.774
3009,3009,100.300,NaN,NaN,NaN,NaN,NaN,0,613,489,57.830,46.132,464,43.774
3010,3010,100.333,NaN,NaN,NaN,NaN,NaN,0,613,489,57.830,46.132,464,43.774
3011,3011,100.367,NaN,NaN,NaN,NaN,NaN,0,613,489,57.830,46.132,464,43.774
3012,3012,100.400,NaN,NaN,NaN,NaN,NaN,0,613,489,57.830,46.132,464,43.774
3013,3013,100.433,NaN,NaN,NaN,NaN,NaN,0,613,489,57.830,46.132,464,43.774
3014,3014,100.467,NaN,NaN,NaN,NaN,NaN,0,613,489,57.830,46.132,464,43.774
3015,3015,100.500,NaN,NaN,NaN,NaN,NaN,0,613,489,57.830,46.132,464,43.774
3016,3016,100.533,NaN,NaN,NaN,NaN,NaN,0,613,489,57.830,46.132,464,43.774
3017,3017,100.567,NaN,NaN,NaN,NaN,NaN,0,613,489,57.830,46.132,464,43.774
3018,3018,100.600,NaN,NaN,NaN,NaN,NaN,0,613,489,57.830,46.132,464,43.774
3019,3019,100.633,NaN,NaN,NaN,NaN,NaN,0,613,489,57.830,46.132,464,43.774
3020,3020,100.667,NaN,NaN,NaN,NaN,NaN,0,613,489,57.830,46.132,464,43.774
3021,3021,100.700,NaN,NaN,NaN,NaN,NaN,0,613,489,57.830,46.132,464,43.774
3022,3022,100.733,NaN,NaN,NaN,NaN,NaN,0,613,489,57.830,46.132,464,43.774
3023,3023,100.767,NaN,NaN,NaN,NaN,NaN,0,613,489,57.830,46.132,464,43.774
3024,3024,100.800,NaN,NaN,NaN,NaN,NaN,0,613,489,57.830,46.132,464,43.774
3025,3025,100.833,NaN,NaN,NaN,NaN,NaN,0,613,489,57.830,46.132,464,43.774
3026,3026,100.867,NaN,NaN,NaN,NaN,NaN,0,613,489,57.830,46.132,464,43.774
3027,3027,100.900,NaN,NaN,NaN,NaN,NaN,0,613,489,57.830,46.132,464,43.774
3028,3028,100.933,NaN,NaN,NaN,NaN,NaN,0,613,489,57.830,46.132,464,43.774
3029,3029,100.967,NaN,NaN,NaN,NaN,NaN,0,613,489,57.830,46.132,464,43.774
3030,3030,101.000,NaN,NaN,NaN,NaN,NaN,0,613,489,57.830,46.132,464,43.774
3031,3031,101.033,NaN,NaN,NaN,NaN,NaN,0,613,489,57.830,46.132,464,43.774
3032,3032,101.067,NaN,NaN,NaN,NaN,NaN,0,613,489,57.830,46.132,464,43.774
3033,3033,101.100,NaN,NaN,NaN,NaN,NaN,0,613,489,57.830,46.132,464,43.774
3034,3034,101.133,NaN,NaN,NaN,NaN,NaN,0,613,489,57.830,46.132,464,43.774
3035,3035,101.167,NaN,NaN,NaN,NaN,NaN,0,613,489,57.830,46.132,464,43.774
3036,3036,101.200,NaN,NaN,NaN,NaN,NaN,0,613,489,57.830,46.132,464,43.774
3037,3037,101.233,NaN,NaN,NaN,NaN,NaN,0,613,489,57.830,46.132,464,43.774
3038,3038,101.267,NaN,NaN,NaN,NaN,NaN,0,613,489,57.830,46.132,464,43.774
3039,3039,101.300,NaN,NaN,NaN,NaN,NaN,0,613,489,57.830,46.132,464,43.774
3040,3040,101.333,NaN,NaN,NaN,NaN,NaN,0,613,489,57.830,46.132,464,43.774
3041,3041,101.367,NaN,NaN,NaN,NaN,NaN,0,613,489,57.830,46.132,464,43.774
3042,3042,101.400,NaN,NaN,NaN,NaN,NaN,0,613,489,57.830,46.132,464,43.774
3043,3043,101.433,NaN,NaN,NaN,NaN,NaN,0,613,489,57.830,46.132,464,43.774
3044,3044,101.467,NaN,NaN,NaN,NaN,NaN,0,613,489,57.830,46.132,464,43.774
3045,3045,101.500,NaN,NaN,NaN,NaN,NaN,0,613,489,57.830,46.132,464,43.774
3046,3046,101.533,NaN,NaN,NaN,NaN,NaN,0,613,489,57.830,46.132,464,43.774
3047,3047,101.567,NaN,NaN,NaN,NaN,NaN,0,613,489,57.830,46.132,464,43.774
3048,3048,101.600,NaN,NaN,NaN,NaN,NaN,0,613,489,57.830,46.132,464,43.774
3049,3049,101.633,NaN,NaN,NaN,NaN,NaN,0,613,489,57.830,46.132,464,43.774
3050,3050,101.667,NaN,NaN,NaN,NaN,NaN,0,613,489,57.830,46.132,464,43.774
3051,3051,101.700,NaN,NaN,NaN,NaN,NaN,0,613,489,57.830,46.132,464,43.774
3052,3052,101.733,NaN,NaN,NaN,NaN,NaN,0,613,489,57.830,46.132,464,43.774
3053,3053,101.767,NaN,NaN,NaN,NaN,NaN,0,613,489,57.830,46.132,464,43.774
3054,3054,101.800,NaN,NaN,NaN,NaN,NaN,0,613,489,57.830,46.132,464,43.774
3055,3055,101.833,NaN,NaN,NaN,NaN,NaN,0,613,489,57.830,46.132,464,43.774
3056,3056,101.867,NaN,NaN,NaN,NaN,NaN,0,613,489,57.830,46.132,464,43.774
3057,3057,101.900,NaN,NaN,NaN,NaN,NaN,0,613,489,57.830,46.132,464,43.774
3058,3058,101.933,NaN,NaN,NaN,NaN,NaN,0,613,489,57.830,46.132,464,43.774
3059,3059,101.967,NaN,NaN,NaN,NaN,NaN,0,613,489,57.830,46.132,464,43.774
3060,3060,102.000,NaN,NaN,NaN,NaN,NaN,0,613,489,57.830,46.132,464,43.774
3061,3061,102.033,NaN,NaN,NaN,NaN,NaN,0,613,489,57.830,46.132,464,43.774
3062,3062,102.067,NaN,NaN,NaN,NaN,NaN,0,613,489,57.830,46.132,464,43.774
3063,3063,102.100,NaN,NaN,NaN,NaN,NaN,0,613,489,57.830,46.132,464,43.774
3064,3064,102.133,NaN,NaN,NaN,NaN,NaN,0,613,489,57.830,46.132,464,43.774
3065,3065,102.167,NaN,NaN,NaN,NaN,NaN,0,613,489,57.830,46.132,464,43.774
3066,3066,102.200,NaN,NaN,NaN,NaN,NaN,0,613,489,57.830,46.132,464,43.774
3067,3067,102.233,NaN,NaN,NaN,NaN,NaN,0,613,489,57.830,46.132,464,43.774
3068,3068,102.267,NaN,NaN,NaN,NaN,NaN,0,613,489,57.830,46.132,464,43.774
3069,3069,102.300,NaN,NaN,NaN,NaN,NaN,0,613,489,57.830,46.132,464,43.774
3070,3070,102.333,NaN,NaN,NaN,NaN,NaN,0,613,489,57.830,46.132,464,43.774
3071,3071,102.367,NaN,NaN,NaN,NaN,NaN,0,613,489,57.830,46.132,464,43.774
3072,3072,102.400,NaN,NaN,NaN,NaN,NaN,0,613,489,57.830,46.132,464,43.774
3073,3073,102.433,NaN,NaN,NaN,NaN,NaN,0,613,489,57.830,46.132,464,43.774
3074,3074,102.467,NaN,NaN,NaN,NaN,NaN,0,613,489,57.830,46.132,464,43.774
3075,3075,102.500,NaN,NaN,NaN,NaN,NaN,0,613,489,57.830,46.132,464,43.774
3076,3076,102.533,NaN,NaN,NaN,NaN,NaN,0,613,489,57.830,46.132,464,43.774
3077,3077,102.567,NaN,NaN,NaN,NaN,NaN,0,613,489,57.830,46.132,464,43.774
3078,3078,102.600,NaN,NaN,NaN,NaN,NaN,0,613,489,57.830,46.132,464,43.774
3079,3079,102.633,NaN,NaN,NaN,NaN,NaN,0,613,489,57.830,46.132,464,43.774
3080,3080,102.667,NaN,NaN,NaN,NaN,NaN,0,613,489,57.830,46.132,464,43.774
3081,3081,102.700,NaN,NaN,NaN,NaN,NaN,0,613,489,57.830,46.132,464,43.774
3082,3082,102.733,NaN,NaN,NaN,NaN,NaN,0,613,489,57.830,46.132,464,43.774
3083,3083,102.767,NaN,NaN,NaN,NaN,NaN,0,613,489,57.830,46.132,464,43.774
3084,3084,102.800,NaN,NaN,NaN,NaN,NaN,0,613,489,57.830,46.132,464,43.774
3085,3085,102.833,NaN,NaN,NaN,NaN,NaN,0,613,489,57.830,46.132,464,43.774
3086,3086,102.867,NaN,NaN,NaN,NaN,NaN,0,613,489,57.830,46.132,464,43.774
3087,3087,102.900,NaN,NaN,NaN,NaN,NaN,0,613,489,57.830,46.132,464,43.774
3088,3088,102.933,NaN,NaN,NaN,NaN,NaN,0,613,489,57.830,46.132,464,43.774
3089,3089,102.967,NaN,NaN,NaN,NaN,NaN,0,613,489,57.830,46.132,464,43.774
3090,3090,103.000,NaN,NaN,NaN,NaN,NaN,0,613,489,57.830,46.132,464,43.774
3091,3091,103.033,NaN,NaN,NaN,NaN,NaN,0,613,489,57.830,46.132,464,43.774
3092,3092,103.067,NaN,NaN,NaN,NaN,NaN,0,613,489,57.830,46.132,464,43.774
3093,3093,103.100,NaN,NaN,NaN,NaN,NaN,0,613,489,57.830,46.132,464,43.774
3094,3094,103.133,NaN,NaN,NaN,NaN,NaN,0,613,489,57.830,46.132,464,43.774
3095,3095,103.167,NaN,NaN,NaN,NaN,NaN,0,613,489,57.830,46.132,464,43.774
3096,3096,103.200,NaN,NaN,NaN,NaN,NaN,0,613,489,57.830,46.132,464,43.774
3097,3097,103.233,NaN,NaN,NaN,NaN,NaN,0,613,489,57.830,46.132,464,43.774
3098,3098,103.267,NaN,NaN,NaN,NaN,NaN,0,613,489,57.830,46.132,464,43.774
3099,3099,103.300,NaN,NaN,NaN,NaN,NaN,0,613,489,57.830,46.132,464,43.774
3100,3100,103.333,NaN,NaN,NaN,NaN,NaN,0,613,489,57.830,46.132,464,43.774
3101,3101,103.367,NaN,NaN,NaN,NaN,NaN,0,613,489,57.830,46.132,464,43.774
3102,3102,103.400,NaN,NaN,NaN,NaN,NaN,0,613,489,57.830,46.132,464,43.774
3103,3103,103.433,NaN,NaN,NaN,NaN,NaN,0,613,489,57.830,46.132,464,43.774
3104,3104,103.467,NaN,NaN,NaN,NaN,NaN,0,613,489,57.830,46.132,464,43.774
3105,3105,103.500,NaN,NaN,NaN,NaN,NaN,0,613,489,57.830,46.132,464,43.774
3106,3106,103.533,NaN,NaN,NaN,NaN,NaN,0,613,489,57.830,46.132,464,43.774
3107,3107,103.567,NaN,NaN,NaN,NaN,NaN,0,613,489,57.830,46.132,464,43.774
3108,3108,103.600,NaN,NaN,NaN,NaN,NaN,0,613,489,57.830,46.132,464,43.774
3109,3109,103.633,NaN,NaN,NaN,NaN,NaN,0,613,489,57.830,46.132,464,43.774
3110,3110,103.667,NaN,NaN,NaN,NaN,NaN,0,613,489,57.830,46.132,464,43.774
3111,3111,103.700,NaN,NaN,NaN,NaN,NaN,0,613,489,57.830,46.132,464,43.774
3112,3112,103.733,NaN,NaN,NaN,NaN,NaN,0,613,489,57.830,46.132,464,43.774
3113,3113,103.767,NaN,NaN,NaN,NaN,NaN,0,613,489,57.830,46.132,464,43.774
3114,3114,103.800,NaN,NaN,NaN,NaN,NaN,0,613,489,57.830,46.132,464,43.774
3115,3115,103.833,NaN,NaN,NaN,NaN,NaN,0,613,489,57.830,46.132,464,43.774
3116,3116,103.867,NaN,NaN,NaN,NaN,NaN,0,613,489,57.830,46.132,464,43.774
3117,3117,103.900,NaN,NaN,NaN,NaN,NaN,0,613,489,57.830,46.132,464,43.774
3118,3118,103.933,NaN,NaN,NaN,NaN,NaN,0,613,489,57.830,46.132,464,43.774
3119,3119,103.967,NaN,NaN,NaN,NaN,NaN,0,613,489,57.830,46.132,464,43.774
3120,3120,104.000,NaN,NaN,NaN,NaN,NaN,0,613,489,57.830,46.132,464,43.774
3121,3121,104.033,NaN,NaN,NaN,NaN,NaN,0,613,489,57.830,46.132,464,43.774
3122,3122,104.067,NaN,NaN,NaN,NaN,NaN,0,613,489,57.830,46.132,464,43.774
3123,3123,104.100,NaN,NaN,NaN,NaN,NaN,0,613,489,57.830,46.132,464,43.774
3124,3124,104.133,NaN,NaN,NaN,NaN,NaN,0,613,489,57.830,46.132,464,43.774
3125,3125,104.167,NaN,NaN,NaN,NaN,NaN,0,613,489,57.830,46.132,464,43.774
3126,3126,104.200,NaN,NaN,NaN,NaN,NaN,0,613,489,57.830,46.132,464,43.774
3127,3127,104.233,NaN,NaN,NaN,NaN,NaN,0,613,489,57.830,46.132,464,43.774
3128,3128,104.267,NaN,NaN,NaN,NaN,NaN,0,613,489,57.830,46.132,464,43.774
3129,3129,104.300,NaN,NaN,NaN,NaN,NaN,0,613,489,57.830,46.132,464,43.774
3130,3130,104.333,NaN,NaN,NaN,NaN,NaN,0,613,489,57.830,46.132,464,43.774
3131,3131,104.367,NaN,NaN,NaN,NaN,NaN,0,613,489,57.830,46.132,464,43.774
3132,3132,104.400,NaN,NaN,NaN,NaN,NaN,0,613,489,57.830,46.132,464,43.774
3133,3133,104.433,NaN,NaN,NaN,NaN,NaN,0,613,489,57.830,46.132,464,43.774
3134,3134,104.467,NaN,NaN,NaN,NaN,NaN,0,613,489,57.830,46.132,464,43.774
3135,3135,104.500,NaN,NaN,NaN,NaN,NaN,0,613,489,57.830,46.132,464,43.774
3136,3136,104.533,NaN,NaN,NaN,NaN,NaN,0,613,489,57.830,46.132,464,43.774
3137,3137,104.567,NaN,NaN,NaN,NaN,NaN,0,613,489,57.830,46.132,464,43.774
3138,3138,104.600,NaN,NaN,NaN,NaN,NaN,0,613,489,57.830,46.132,464,43.774
3139,3139,104.633,NaN,NaN,NaN,NaN,NaN,0,613,489,57.830,46.132,464,43.774
3140,3140,104.667,NaN,NaN,NaN,NaN,NaN,0,613,489,57.830,46.132,464,43.774
3141,3141,104.700,NaN,NaN,NaN,NaN,NaN,0,613,489,57.830,46.132,464,43.774
3142,3142,104.733,NaN,NaN,NaN,NaN,NaN,0,613,489,57.830,46.132,464,43.774
3143,3143,104.767,NaN,NaN,NaN,NaN,NaN,0,613,489,57.830,46.132,464,43.774
3144,3144,104.800,NaN,NaN,NaN,NaN,NaN,0,613,489,57.830,46.132,464,43.774
3145,3145,104.833,NaN,NaN,NaN,NaN,NaN,0,613,489,57.830,46.132,464,43.774
3146,3146,104.867,NaN,NaN,NaN,NaN,NaN,0,613,489,57.830,46.132,464,43.774
3147,3147,104.900,NaN,NaN,NaN,NaN,NaN,0,613,489,57.830,46.132,464,43.774
3148,3148,104.933,NaN,NaN,NaN,NaN,NaN,0,613,489,57.830,46.132,464,43.774
3149,3149,104.967,NaN,NaN,NaN,NaN,NaN,0,613,489,57.830,46.132,464,43.774
3150,3150,105.000,NaN,NaN,NaN,NaN,NaN,0,613,489,57.830,46.132,464,43.774
3151,3151,105.033,NaN,NaN,NaN,NaN,NaN,0,613,489,57.830,46.132,464,43.774
3152,3152,105.067,NaN,NaN,NaN,NaN,NaN,0,613,489,57.830,46.132,464,43.774
3153,3153,105.100,NaN,NaN,NaN,NaN,NaN,0,613,489,57.830,46.132,464,43.774
3154,3154,105.133,NaN,NaN,NaN,NaN,NaN,0,613,489,57.830,46.132,464,43.774
3155,3155,105.167,NaN,NaN,NaN,NaN,NaN,0,613,489,57.830,46.132,464,43.774
3156,3156,105.200,NaN,NaN,NaN,NaN,NaN,0,613,489,57.830,46.132,464,43.774
3157,3157,105.233,NaN,NaN,NaN,NaN,NaN,0,613,489,57.830,46.132,464,43.774
3158,3158,105.267,NaN,NaN,NaN,NaN,NaN,0,613,489,57.830,46.132,464,43.774
3159,3159,105.300,NaN,NaN,NaN,NaN,NaN,0,613,489,57.830,46.132,464,43.774
3160,3160,105.333,NaN,NaN,NaN,NaN,NaN,0,613,489,57.830,46.132,464,43.774
3161,3161,105.367,NaN,NaN,NaN,NaN,NaN,0,613,489,57.830,46.132,464,43.774
3162,3162,105.400,NaN,NaN,NaN,NaN,NaN,0,613,489,57.830,46.132,464,43.774
3163,3163,105.433,NaN,NaN,NaN,NaN,NaN,0,613,489,57.830,46.132,464,43.774
3164,3164,105.467,NaN,NaN,NaN,NaN,NaN,0,613,489,57.830,46.132,464,43.774
3165,3165,105.500,NaN,NaN,NaN,NaN,NaN,0,613,489,57.830,46.132,464,43.774
3166,3166,105.533,NaN,NaN,NaN,NaN,NaN,0,613,489,57.830,46.132,464,43.774
3167,3167,105.567,NaN,NaN,NaN,NaN,NaN,0,613,489,57.830,46.132,464,43.774
3168,3168,105.600,NaN,NaN,NaN,NaN,NaN,0,613,489,57.830,46.132,464,43.774
3169,3169,105.633,NaN,NaN,NaN,NaN,NaN,0,613,489,57.830,46.132,464,43.774
3170,3170,105.667,NaN,NaN,NaN,NaN,NaN,0,613,489,57.830,46.132,464,43.774
3171,3171,105.700,NaN,NaN,NaN,NaN,NaN,0,613,489,57.830,46.132,464,43.774
3172,3172,105.733,NaN,NaN,NaN,NaN,NaN,0,613,489,57.830,46.132,464,43.774
3173,3173,105.767,NaN,NaN,NaN,NaN,NaN,0,613,489,57.830,46.132,464,43.774
3174,3174,105.800,NaN,NaN,NaN,NaN,NaN,0,613,489,57.830,46.132,464,43.774
3175,3175,105.833,NaN,NaN,NaN,NaN,NaN,0,613,489,57.830,46.132,464,43.774
3176,3176,105.867,NaN,NaN,NaN,NaN,NaN,0,613,489,57.830,46.132,464,43.774
3177,3177,105.900,NaN,NaN,NaN,NaN,NaN,0,613,489,57.830,46.132,464,43.774
3178,3178,105.933,NaN,NaN,NaN,NaN,NaN,0,613,489,57.830,46.132,464,43.774
3179,3179,105.967,NaN,NaN,NaN,NaN,NaN,0,613,489,57.830,46.132,464,43.774
3180,3180,106.000,NaN,NaN,NaN,NaN,NaN,0,613,489,57.830,46.132,464,43.774
3181,3181,106.033,NaN,NaN,NaN,NaN,NaN,0,613,489,57.830,46.132,464,43.774
3182,3182,106.067,NaN,NaN,NaN,NaN,NaN,0,613,489,57.830,46.132,464,43.774
3183,3183,106.100,NaN,NaN,NaN,NaN,NaN,0,613,489,57.830,46.132,464,43.774
3184,3184,106.133,NaN,NaN,NaN,NaN,NaN,0,613,489,57.830,46.132,464,43.774
3185,3185,106.167,NaN,NaN,NaN,NaN,NaN,0,613,489,57.830,46.132,464,43.774
3186,3186,106.200,NaN,NaN,NaN,NaN,NaN,0,613,489,57.830,46.132,464,43.774
3187,3187,106.233,NaN,NaN,NaN,NaN,NaN,0,613,489,57.830,46.132,464,43.774
3188,3188,106.267,NaN,NaN,NaN,NaN,NaN,0,613,489,57.830,46.132,464,43.774
3189,3189,106.300,NaN,NaN,NaN,NaN,NaN,0,613,489,57.830,46.132,464,43.774
3190,3190,106.333,NaN,NaN,NaN,NaN,NaN,0,613,489,57.830,46.132,464,43.774
3191,3191,106.367,NaN,NaN,NaN,NaN,NaN,0,613,489,57.830,46.132,464,43.774
3192,3192,106.400,NaN,NaN,NaN,NaN,NaN,0,613,489,57.830,46.132,464,43.774
3193,3193,106.433,NaN,NaN,NaN,NaN,NaN,0,613,489,57.830,46.132,464,43.774
3194,3194,106.467,NaN,NaN,NaN,NaN,NaN,0,613,489,57.830,46.132,464,43.774
3195,3195,106.500,NaN,NaN,NaN,NaN,NaN,0,613,489,57.830,46.132,464,43.774
3196,3196,106.533,NaN,NaN,NaN,NaN,NaN,0,613,489,57.830,46.132,464,43.774
3197,3197,106.567,NaN,NaN,NaN,NaN,NaN,0,613,489,57.830,46.132,464,43.774
3198,3198,106.600,NaN,NaN,NaN,NaN,NaN,0,613,489,57.830,46.132,464,43.774
3199,3199,106.633,NaN,NaN,NaN,NaN,NaN,0,613,489,57.830,46.132,464,43.774
3200,3200,106.667,NaN,NaN,NaN,NaN,NaN,0,613,489,57.830,46.132,464,43.774
3201,3201,106.700,NaN,NaN,NaN,NaN,NaN,0,613,489,57.830,46.132,464,43.774
3202,3202,106.733,NaN,NaN,NaN,NaN,NaN,0,613,489,57.830,46.132,464,43.774
3203,3203,106.767,NaN,NaN,NaN,NaN,NaN,0,613,489,57.830,46.132,464,43.774
3204,3204,106.800,NaN,NaN,NaN,NaN,NaN,0,613,489,57.830,46.132,464,43.774
3205,3205,106.833,NaN,NaN,NaN,NaN,NaN,0,613,489,57.830,46.132,464,43.774
3206,3206,106.867,NaN,NaN,NaN,NaN,NaN,0,613,489,57.830,46.132,464,43.774
3207,3207,106.900,NaN,NaN,NaN,NaN,NaN,0,613,489,57.830,46.132,464,43.774
3208,3208,106.933,NaN,NaN,NaN,NaN,NaN,0,613,489,57.830,46.132,464,43.774
3209,3209,106.967,NaN,NaN,NaN,NaN,NaN,0,613,489,57.830,46.132,464,43.774
3210,3210,107.000,NaN,NaN,NaN,NaN,NaN,0,613,489,57.830,46.132,464,43.774
3211,3211,107.033,NaN,NaN,NaN,NaN,NaN,0,613,489,57.830,46.132,464,43.774
3212,3212,107.067,NaN,NaN,NaN,NaN,NaN,0,613,489,57.830,46.132,464,43.774
3213,3213,107.100,NaN,NaN,NaN,NaN,NaN,0,613,489,57.830,46.132,464,43.774
3214,3214,107.133,NaN,NaN,NaN,NaN,NaN,0,613,489,57.830,46.132,464,43.774
3215,3215,107.167,NaN,NaN,NaN,NaN,NaN,0,613,489,57.830,46.132,464,43.774
3216,3216,107.200,NaN,NaN,NaN,NaN,NaN,0,613,489,57.830,46.132,464,43.774
3217,3217,107.233,NaN,NaN,NaN,NaN,NaN,0,613,489,57.830,46.132,464,43.774
3218,3218,107.267,NaN,NaN,NaN,NaN,NaN,0,613,489,57.830,46.132,464,43.774
3219,3219,107.300,NaN,NaN,NaN,NaN,NaN,0,613,489,57.830,46.132,464,43.774
3220,3220,107.333,NaN,NaN,NaN,NaN,NaN,0,613,489,57.830,46.132,464,43.774
3221,3221,107.367,NaN,NaN,NaN,NaN,NaN,0,613,489,57.830,46.132,464,43.774
3222,3222,107.400,NaN,NaN,NaN,NaN,NaN,0,613,489,57.830,46.132,464,43.774
3223,3223,107.433,NaN,NaN,NaN,NaN,NaN,0,613,489,57.830,46.132,464,43.774
3224,3224,107.467,NaN,NaN,NaN,NaN,NaN,0,613,489,57.830,46.132,464,43.774
3225,3225,107.500,NaN,NaN,NaN,NaN,NaN,0,613,489,57.830,46.132,464,43.774
3226,3226,107.533,NaN,NaN,NaN,NaN,NaN,0,613,489,57.830,46.132,464,43.774
3227,3227,107.567,NaN,NaN,NaN,NaN,NaN,0,613,489,57.830,46.132,464,43.774
3228,3228,107.600,NaN,NaN,NaN,NaN,NaN,0,613,489,57.830,46.132,464,43.774
3229,3229,107.633,NaN,NaN,NaN,NaN,NaN,0,613,489,57.830,46.132,464,43.774
3230,3230,107.667,NaN,NaN,NaN,NaN,NaN,0,613,489,57.830,46.132,464,43.774
3231,3231,107.700,NaN,NaN,NaN,NaN,NaN,0,613,489,57.830,46.132,464,43.774
3232,3232,107.733,NaN,NaN,NaN,NaN,NaN,0,613,489,57.830,46.132,464,43.774
3233,3233,107.767,NaN,NaN,NaN,NaN,NaN,0,613,489,57.830,46.132,464,43.774
3234,3234,107.800,NaN,NaN,NaN,NaN,NaN,0,613,489,57.830,46.132,464,43.774
3235,3235,107.833,NaN,NaN,NaN,NaN,NaN,0,613,489,57.830,46.132,464,43.774
3236,3236,107.867,NaN,NaN,NaN,NaN,NaN,0,613,489,57.830,46.132,464,43.774
3237,3237,107.900,NaN,NaN,NaN,NaN,NaN,0,613,489,57.830,46.132,464,43.774
3238,3238,107.933,NaN,NaN,NaN,NaN,NaN,0,613,489,57.830,46.132,464,43.774
3239,3239,107.967,NaN,NaN,NaN,NaN,NaN,0,613,489,57.830,46.132,464,43.774
3240,3240,108.000,NaN,NaN,NaN,NaN,NaN,0,613,489,57.830,46.132,464,43.774
3241,3241,108.033,NaN,NaN,NaN,NaN,NaN,0,613,489,57.830,46.132,464,43.774
3242,3242,108.067,NaN,NaN,NaN,NaN,NaN,0,613,489,57.830,46.132,464,43.774
3243,3243,108.100,NaN,NaN,NaN,NaN,NaN,0,613,489,57.830,46.132,464,43.774
3244,3244,108.133,NaN,NaN,NaN,NaN,NaN,0,613,489,57.830,46.132,464,43.774
3245,3245,108.167,NaN,NaN,NaN,NaN,NaN,0,613,489,57.830,46.132,464,43.774
3246,3246,108.200,NaN,NaN,NaN,NaN,NaN,0,613,489,57.830,46.132,464,43.774
3247,3247,108.233,NaN,NaN,NaN,NaN,NaN,0,613,489,57.830,46.132,464,43.774
3248,3248,108.267,NaN,NaN,NaN,NaN,NaN,0,613,489,57.830,46.132,464,43.774
3249,3249,108.300,NaN,NaN,NaN,NaN,NaN,0,613,489,57.830,46.132,464,43.774
3250,3250,108.333,NaN,NaN,NaN,NaN,NaN,0,613,489,57.830,46.132,464,43.774
3251,3251,108.367,NaN,NaN,NaN,NaN,NaN,0,613,489,57.830,46.132,464,43.774
3252,3252,108.400,NaN,NaN,NaN,NaN,NaN,0,613,489,57.830,46.132,464,43.774
3253,3253,108.433,NaN,NaN,NaN,NaN,NaN,0,613,489,57.830,46.132,464,43.774
3254,3254,108.467,NaN,NaN,NaN,NaN,NaN,0,613,489,57.830,46.132,464,43.774
3255,3255,108.500,NaN,NaN,NaN,NaN,NaN,0,613,489,57.830,46.132,464,43.774
3256,3256,108.533,NaN,NaN,NaN,NaN,NaN,0,613,489,57.830,46.132,464,43.774
3257,3257,108.567,NaN,NaN,NaN,NaN,NaN,0,613,489,57.830,46.132,464,43.774
3258,3258,108.600,NaN,NaN,NaN,NaN,NaN,0,613,489,57.830,46.132,464,43.774
3259,3259,108.633,NaN,NaN,NaN,NaN,NaN,0,613,489,57.830,46.132,464,43.774
3260,3260,108.667,NaN,NaN,NaN,NaN,NaN,0,613,489,57.830,46.132,464,43.774
3261,3261,108.700,NaN,NaN,NaN,NaN,NaN,0,613,489,57.830,46.132,464,43.774
3262,3262,108.733,NaN,NaN,NaN,NaN,NaN,0,613,489,57.830,46.132,464,43.774
3263,3263,108.767,NaN,NaN,NaN,NaN,NaN,0,613,489,57.830,46.132,464,43.774
3264,3264,108.800,NaN,NaN,NaN,NaN,NaN,0,613,489,57.830,46.132,464,43.774
3265,3265,108.833,NaN,NaN,NaN,NaN,NaN,0,613,489,57.830,46.132,464,43.774
3266,3266,108.867,NaN,NaN,NaN,NaN,NaN,0,613,489,57.830,46.132,464,43.774
3267,3267,108.900,NaN,NaN,NaN,NaN,NaN,0,613,489,57.830,46.132,464,43.774
3268,3268,108.933,NaN,NaN,NaN,NaN,NaN,0,613,489,57.830,46.132,464,43.774
3269,3269,108.967,NaN,NaN,NaN,NaN,NaN,0,613,489,57.830,46.132,464,43.774
3270,3270,109.000,NaN,NaN,NaN,NaN,NaN,0,613,489,57.830,46.132,464,43.774
3271,3271,109.033,NaN,NaN,NaN,NaN,NaN,0,613,489,57.830,46.132,464,43.774
3272,3272,109.067,NaN,NaN,NaN,NaN,NaN,0,613,489,57.830,46.132,464,43.774
3273,3273,109.100,NaN,NaN,NaN,NaN,NaN,0,613,489,57.830,46.132,464,43.774
3274,3274,109.133,NaN,NaN,NaN,NaN,NaN,0,613,489,57.830,46.132,464,43.774
3275,3275,109.167,NaN,NaN,NaN,NaN,NaN,0,613,489,57.830,46.132,464,43.774
3276,3276,109.200,NaN,NaN,NaN,NaN,NaN,0,613,489,57.830,46.132,464,43.774
3277,3277,109.233,NaN,NaN,NaN,NaN,NaN,0,613,489,57.830,46.132,464,43.774
3278,3278,109.267,NaN,NaN,NaN,NaN,NaN,0,613,489,57.830,46.132,464,43.774
3279,3279,109.300,NaN,NaN,NaN,NaN,NaN,0,613,489,57.830,46.132,464,43.774
3280,3280,109.333,NaN,NaN,NaN,NaN,NaN,0,613,489,57.830,46.132,464,43.774
3281,3281,109.367,NaN,NaN,NaN,NaN,NaN,0,613,489,57.830,46.132,464,43.774
3282,3282,109.400,NaN,NaN,NaN,NaN,NaN,0,613,489,57.830,46.132,464,43.774
3283,3283,109.433,NaN,NaN,NaN,NaN,NaN,0,613,489,57.830,46.132,464,43.774
3284,3284,109.467,NaN,NaN,NaN,NaN,NaN,0,613,489,57.830,46.132,464,43.774
3285,3285,109.500,NaN,NaN,NaN,NaN,NaN,0,613,489,57.830,46.132,464,43.774
3286,3286,109.533,NaN,NaN,NaN,NaN,NaN,0,613,489,57.830,46.132,464,43.774
3287,3287,109.567,NaN,NaN,NaN,NaN,NaN,0,613,489,57.830,46.132,464,43.774
3288,3288,109.600,NaN,NaN,NaN,NaN,NaN,0,613,489,57.830,46.132,464,43.774
3289,3289,109.633,NaN,NaN,NaN,NaN,NaN,0,613,489,57.830,46.132,464,43.774
3290,3290,109.667,NaN,NaN,NaN,NaN,NaN,0,613,489,57.830,46.132,464,43.774
3291,3291,109.700,NaN,NaN,NaN,NaN,NaN,0,613,489,57.830,46.132,464,43.774
3292,3292,109.733,NaN,NaN,NaN,NaN,NaN,0,613,489,57.830,46.132,464,43.774
3293,3293,109.767,NaN,NaN,NaN,NaN,NaN,0,613,489,57.830,46.132,464,43.774
3294,3294,109.800,NaN,NaN,NaN,NaN,NaN,0,613,489,57.830,46.132,464,43.774
3295,3295,109.833,NaN,NaN,NaN,NaN,NaN,0,613,489,57.830,46.132,464,43.774
3296,3296,109.867,NaN,NaN,NaN,NaN,NaN,0,613,489,57.830,46.132,464,43.774
3297,3297,109.900,NaN,NaN,NaN,NaN,NaN,0,613,489,57.830,46.132,464,43.774
3298,3298,109.933,NaN,NaN,NaN,NaN,NaN,0,613,489,57.830,46.132,464,43.774
3299,3299,109.967,NaN,NaN,NaN,NaN,NaN,0,613,489,57.830,46.132,464,43.774
3300,3300,110.000,NaN,NaN,NaN,NaN,NaN,0,613,489,57.830,46.132,464,43.774
3301,3301,110.033,NaN,NaN,NaN,NaN,NaN,0,613,489,57.830,46.132,464,43.774
3302,3302,110.067,NaN,NaN,NaN,NaN,NaN,0,613,489,57.830,46.132,464,43.774
3303,3303,110.100,NaN,NaN,NaN,NaN,NaN,0,613,489,57.830,46.132,464,43.774
3304,3304,110.133,NaN,NaN,NaN,NaN,NaN,0,613,489,57.830,46.132,464,43.774
3305,3305,110.167,NaN,NaN,NaN,NaN,NaN,0,613,489,57.830,46.132,464,43.774
3306,3306,110.200,NaN,NaN,NaN,NaN,NaN,0,613,489,57.830,46.132,464,43.774
3307,3307,110.233,NaN,NaN,NaN,NaN,NaN,0,613,489,57.830,46.132,464,43.774
3308,3308,110.267,NaN,NaN,NaN,NaN,NaN,0,613,489,57.830,46.132,464,43.774
3309,3309,110.300,NaN,NaN,NaN,NaN,NaN,0,613,489,57.830,46.132,464,43.774
3310,3310,110.333,NaN,NaN,NaN,NaN,NaN,0,613,489,57.830,46.132,464,43.774
3311,3311,110.367,NaN,NaN,NaN,NaN,NaN,0,613,489,57.830,46.132,464,43.774
3312,3312,110.400,NaN,NaN,NaN,NaN,NaN,0,613,489,57.830,46.132,464,43.774
3313,3313,110.433,NaN,NaN,NaN,NaN,NaN,0,613,489,57.830,46.132,464,43.774
3314,3314,110.467,NaN,NaN,NaN,NaN,NaN,0,613,489,57.830,46.132,464,43.774
3315,3315,110.500,NaN,NaN,NaN,NaN,NaN,0,613,489,57.830,46.132,464,43.774
3316,3316,110.533,NaN,NaN,NaN,NaN,NaN,0,613,489,57.830,46.132,464,43.774
3317,3317,110.567,NaN,NaN,NaN,NaN,NaN,0,613,489,57.830,46.132,464,43.774
3318,3318,110.600,NaN,NaN,NaN,NaN,NaN,0,613,489,57.830,46.132,464,43.774
3319,3319,110.633,NaN,NaN,NaN,NaN,NaN,0,613,489,57.830,46.132,464,43.774
3320,3320,110.667,NaN,NaN,NaN,NaN,NaN,0,613,489,57.830,46.132,464,43.774
3321,3321,110.700,NaN,NaN,NaN,NaN,NaN,0,613,489,57.830,46.132,464,43.774
3322,3322,110.733,NaN,NaN,NaN,NaN,NaN,0,613,489,57.830,46.132,464,43.774
3323,3323,110.767,NaN,NaN,NaN,NaN,NaN,0,613,489,57.830,46.132,464,43.774
3324,3324,110.800,NaN,NaN,NaN,NaN,NaN,0,613,489,57.830,46.132,464,43.774
3325,3325,110.833,NaN,NaN,NaN,NaN,NaN,0,613,489,57.830,46.132,464,43.774
3326,3326,110.867,NaN,NaN,NaN,NaN,NaN,0,613,489,57.830,46.132,464,43.774
3327,3327,110.900,NaN,NaN,NaN,NaN,NaN,0,613,489,57.830,46.132,464,43.774
3328,3328,110.933,NaN,NaN,NaN,NaN,NaN,0,613,489,57.830,46.132,464,43.774
3329,3329,110.967,NaN,NaN,NaN,NaN,NaN,0,613,489,57.830,46.132,464,43.774
3330,3330,111.000,NaN,NaN,NaN,NaN,NaN,0,613,489,57.830,46.132,464,43.774
3331,3331,111.033,NaN,NaN,NaN,NaN,NaN,0,613,489,57.830,46.132,464,43.774
3332,3332,111.067,NaN,NaN,NaN,NaN,NaN,0,613,489,57.830,46.132,464,43.774
3333,3333,111.100,NaN,NaN,NaN,NaN,NaN,0,613,489,57.830,46.132,464,43.774
3334,3334,111.133,NaN,NaN,NaN,NaN,NaN,0,613,489,57.830,46.132,464,43.774
3335,3335,111.167,NaN,NaN,NaN,NaN,NaN,0,613,489,57.830,46.132,464,43.774
3336,3336,111.200,NaN,NaN,NaN,NaN,NaN,0,613,489,57.830,46.132,464,43.774
3337,3337,111.233,NaN,NaN,NaN,NaN,NaN,0,613,489,57.830,46.132,464,43.774
3338,3338,111.267,NaN,NaN,NaN,NaN,NaN,0,613,489,57.830,46.132,464,43.774
3339,3339,111.300,NaN,NaN,NaN,NaN,NaN,0,613,489,57.830,46.132,464,43.774
3340,3340,111.333,NaN,NaN,NaN,NaN,NaN,0,613,489,57.830,46.132,464,43.774
3341,3341,111.367,NaN,NaN,NaN,NaN,NaN,0,613,489,57.830,46.132,464,43.774
3342,3342,111.400,NaN,NaN,NaN,NaN,NaN,0,613,489,57.830,46.132,464,43.774
3343,3343,111.433,NaN,NaN,NaN,NaN,NaN,0,613,489,57.830,46.132,464,43.774
3344,3344,111.467,NaN,NaN,NaN,NaN,NaN,0,613,489,57.830,46.132,464,43.774
3345,3345,111.500,NaN,NaN,NaN,NaN,NaN,0,613,489,57.830,46.132,464,43.774
3346,3346,111.533,NaN,NaN,NaN,NaN,NaN,0,613,489,57.830,46.132,464,43.774
3347,3347,111.567,NaN,NaN,NaN,NaN,NaN,0,613,489,57.830,46.132,464,43.774
3348,3348,111.600,NaN,NaN,NaN,NaN,NaN,0,613,489,57.830,46.132,464,43.774
3349,3349,111.633,NaN,NaN,NaN,NaN,NaN,0,613,489,57.830,46.132,464,43.774
3350,3350,111.667,NaN,NaN,NaN,NaN,NaN,0,613,489,57.830,46.132,464,43.774
3351,3351,111.700,NaN,NaN,NaN,NaN,NaN,0,613,489,57.830,46.132,464,43.774
3352,3352,111.733,NaN,NaN,NaN,NaN,NaN,0,613,489,57.830,46.132,464,43.774
3353,3353,111.767,NaN,NaN,NaN,NaN,NaN,0,613,489,57.830,46.132,464,43.774
3354,3354,111.800,NaN,NaN,NaN,NaN,NaN,0,613,489,57.830,46.132,464,43.774
3355,3355,111.833,NaN,NaN,NaN,NaN,NaN,0,613,489,57.830,46.132,464,43.774
3356,3356,111.867,NaN,NaN,NaN,NaN,NaN,0,613,489,57.830,46.132,464,43.774
3357,3357,111.900,NaN,NaN,NaN,NaN,NaN,0,613,489,57.830,46.132,464,43.774
3358,3358,111.933,NaN,NaN,NaN,NaN,NaN,0,613,489,57.830,46.132,464,43.774
3359,3359,111.967,NaN,NaN,NaN,NaN,NaN,0,613,489,57.830,46.132,464,43.774
3360,3360,112.000,NaN,NaN,NaN,NaN,NaN,0,613,489,57.830,46.132,464,43.774
3361,3361,112.033,NaN,NaN,NaN,NaN,NaN,0,613,489,57.830,46.132,464,43.774
3362,3362,112.067,NaN,NaN,NaN,NaN,NaN,0,613,489,57.830,46.132,464,43.774
3363,3363,112.100,NaN,NaN,NaN,NaN,NaN,0,613,489,57.830,46.132,464,43.774
3364,3364,112.133,NaN,NaN,NaN,NaN,NaN,0,613,489,57.830,46.132,464,43.774
3365,3365,112.167,NaN,NaN,NaN,NaN,NaN,0,613,489,57.830,46.132,464,43.774
3366,3366,112.200,NaN,NaN,NaN,NaN,NaN,0,613,489,57.830,46.132,464,43.774
3367,3367,112.233,NaN,NaN,NaN,NaN,NaN,0,613,489,57.830,46.132,464,43.774
3368,3368,112.267,NaN,NaN,NaN,NaN,NaN,0,613,489,57.830,46.132,464,43.774
3369,3369,112.300,NaN,NaN,NaN,NaN,NaN,0,613,489,57.830,46.132,464,43.774
3370,3370,112.333,NaN,NaN,NaN,NaN,NaN,0,613,489,57.830,46.132,464,43.774
3371,3371,112.367,NaN,NaN,NaN,NaN,NaN,0,613,489,57.830,46.132,464,43.774
3372,3372,112.400,NaN,NaN,NaN,NaN,NaN,0,613,489,57.830,46.132,464,43.774
3373,3373,112.433,NaN,NaN,NaN,NaN,NaN,0,613,489,57.830,46.132,464,43.774
3374,3374,112.467,NaN,NaN,NaN,NaN,NaN,0,613,489,57.830,46.132,464,43.774
3375,3375,112.500,NaN,NaN,NaN,NaN,NaN,0,613,489,57.830,46.132,464,43.774
3376,3376,112.533,NaN,NaN,NaN,NaN,NaN,0,613,489,57.830,46.132,464,43.774
3377,3377,112.567,NaN,NaN,NaN,NaN,NaN,0,613,489,57.830,46.132,464,43.774
3378,3378,112.600,NaN,NaN,NaN,NaN,NaN,0,613,489,57.830,46.132,464,43.774
3379,3379,112.633,NaN,NaN,NaN,NaN,NaN,0,613,489,57.830,46.132,464,43.774
3380,3380,112.667,NaN,NaN,NaN,NaN,NaN,0,613,489,57.830,46.132,464,43.774
3381,3381,112.700,NaN,NaN,NaN,NaN,NaN,0,613,489,57.830,46.132,464,43.774
3382,3382,112.733,NaN,NaN,NaN,NaN,NaN,0,613,489,57.830,46.132,464,43.774
3383,3383,112.767,NaN,NaN,NaN,NaN,NaN,0,613,489,57.830,46.132,464,43.774
3384,3384,112.800,NaN,NaN,NaN,NaN,NaN,0,613,489,57.830,46.132,464,43.774
3385,3385,112.833,NaN,NaN,NaN,NaN,NaN,0,613,489,57.830,46.132,464,43.774
3386,3386,112.867,NaN,NaN,NaN,NaN,NaN,0,613,489,57.830,46.132,464,43.774
3387,3387,112.900,NaN,NaN,NaN,NaN,NaN,0,613,489,57.830,46.132,464,43.774
3388,3388,112.933,NaN,NaN,NaN,NaN,NaN,0,613,489,57.830,46.132,464,43.774
3389,3389,112.967,NaN,NaN,NaN,NaN,NaN,0,613,489,57.830,46.132,464,43.774
3390,3390,113.000,NaN,NaN,NaN,NaN,NaN,0,613,489,57.830,46.132,464,43.774
3391,3391,113.033,NaN,NaN,NaN,NaN,NaN,0,613,489,57.830,46.132,464,43.774
3392,3392,113.067,NaN,NaN,NaN,NaN,NaN,0,613,489,57.830,46.132,464,43.774
3393,3393,113.100,NaN,NaN,NaN,NaN,NaN,0,613,489,57.830,46.132,464,43.774
3394,3394,113.133,NaN,NaN,NaN,NaN,NaN,0,613,489,57.830,46.132,464,43.774
3395,3395,113.167,NaN,NaN,NaN,NaN,NaN,0,613,489,57.830,46.132,464,43.774
3396,3396,113.200,NaN,NaN,NaN,NaN,NaN,0,613,489,57.830,46.132,464,43.774
3397,3397,113.233,NaN,NaN,NaN,NaN,NaN,0,613,489,57.830,46.132,464,43.774
3398,3398,113.267,NaN,NaN,NaN,NaN,NaN,0,613,489,57.830,46.132,464,43.774
3399,3399,113.300,NaN,NaN,NaN,NaN,NaN,0,613,489,57.830,46.132,464,43.774
3400,3400,113.333,NaN,NaN,NaN,NaN,NaN,0,613,489,57.830,46.132,464,43.774
3401,3401,113.367,NaN,NaN,NaN,NaN,NaN,0,613,489,57.830,46.132,464,43.774
3402,3402,113.400,NaN,NaN,NaN,NaN,NaN,0,613,489,57.830,46.132,464,43.774
3403,3403,113.433,NaN,NaN,NaN,NaN,NaN,0,613,489,57.830,46.132,464,43.774
3404,3404,113.467,NaN,NaN,NaN,NaN,NaN,0,613,489,57.830,46.132,464,43.774
3405,3405,113.500,NaN,NaN,NaN,NaN,NaN,0,613,489,57.830,46.132,464,43.774
3406,3406,113.533,NaN,NaN,NaN,NaN,NaN,0,613,489,57.830,46.132,464,43.774
3407,3407,113.567,NaN,NaN,NaN,NaN,NaN,0,613,489,57.830,46.132,464,43.774
3408,3408,113.600,NaN,NaN,NaN,NaN,NaN,0,613,489,57.830,46.132,464,43.774
3409,3409,113.633,NaN,NaN,NaN,NaN,NaN,0,613,489,57.830,46.132,464,43.774
3410,3410,113.667,NaN,NaN,NaN,NaN,NaN,0,613,489,57.830,46.132,464,43.774
3411,3411,113.700,NaN,NaN,NaN,NaN,NaN,0,613,489,57.830,46.132,464,43.774
3412,3412,113.733,NaN,NaN,NaN,NaN,NaN,0,613,489,57.830,46.132,464,43.774
3413,3413,113.767,NaN,NaN,NaN,NaN,NaN,0,613,489,57.830,46.132,464,43.774
3414,3414,113.800,NaN,NaN,NaN,NaN,NaN,0,613,489,57.830,46.132,464,43.774
3415,3415,113.833,NaN,NaN,NaN,NaN,NaN,0,613,489,57.830,46.132,464,43.774
3416,3416,113.867,NaN,NaN,NaN,NaN,NaN,0,613,489,57.830,46.132,464,43.774
3417,3417,113.900,NaN,NaN,NaN,NaN,NaN,0,613,489,57.830,46.132,464,43.774
3418,3418,113.933,NaN,NaN,NaN,NaN,NaN,0,613,489,57.830,46.132,464,43.774
3419,3419,113.967,NaN,NaN,NaN,NaN,NaN,0,613,489,57.830,46.132,464,43.774
3420,3420,114.000,NaN,NaN,NaN,NaN,NaN,0,613,489,57.830,46.132,464,43.774
3421,3421,114.033,NaN,NaN,NaN,NaN,NaN,0,613,489,57.830,46.132,464,43.774
3422,3422,114.067,NaN,NaN,NaN,NaN,NaN,0,613,489,57.830,46.132,464,43.774
3423,3423,114.100,NaN,NaN,NaN,NaN,NaN,0,613,489,57.830,46.132,464,43.774
3424,3424,114.133,NaN,NaN,NaN,NaN,NaN,0,613,489,57.830,46.132,464,43.774
3425,3425,114.167,NaN,NaN,NaN,NaN,NaN,0,613,489,57.830,46.132,464,43.774
3426,3426,114.200,NaN,NaN,NaN,NaN,NaN,0,613,489,57.830,46.132,464,43.774
3427,3427,114.233,NaN,NaN,NaN,NaN,NaN,0,613,489,57.830,46.132,464,43.774
3428,3428,114.267,NaN,NaN,NaN,NaN,NaN,0,613,489,57.830,46.132,464,43.774
3429,3429,114.300,NaN,NaN,NaN,NaN,NaN,0,613,489,57.830,46.132,464,43.774
3430,3430,114.333,NaN,NaN,NaN,NaN,NaN,0,613,489,57.830,46.132,464,43.774
3431,3431,114.367,NaN,NaN,NaN,NaN,NaN,0,613,489,57.830,46.132,464,43.774
3432,3432,114.400,NaN,NaN,NaN,NaN,NaN,0,613,489,57.830,46.132,464,43.774
3433,3433,114.433,NaN,NaN,NaN,NaN,NaN,0,613,489,57.830,46.132,464,43.774
3434,3434,114.467,NaN,NaN,NaN,NaN,NaN,0,613,489,57.830,46.132,464,43.774
3435,3435,114.500,NaN,NaN,NaN,NaN,NaN,0,613,489,57.830,46.132,464,43.774
3436,3436,114.533,NaN,NaN,NaN,NaN,NaN,0,613,489,57.830,46.132,464,43.774
3437,3437,114.567,NaN,NaN,NaN,NaN,NaN,0,613,489,57.830,46.132,464,43.774
3438,3438,114.600,NaN,NaN,NaN,NaN,NaN,0,613,489,57.830,46.132,464,43.774
3439,3439,114.633,NaN,NaN,NaN,NaN,NaN,0,613,489,57.830,46.132,464,43.774
3440,3440,114.667,NaN,NaN,NaN,NaN,NaN,0,613,489,57.830,46.132,464,43.774
3441,3441,114.700,NaN,NaN,NaN,NaN,NaN,0,613,489,57.830,46.132,464,43.774
3442,3442,114.733,NaN,NaN,NaN,NaN,NaN,0,613,489,57.830,46.132,464,43.774
3443,3443,114.767,NaN,NaN,NaN,NaN,NaN,0,613,489,57.830,46.132,464,43.774
3444,3444,114.800,NaN,NaN,NaN,NaN,NaN,0,613,489,57.830,46.132,464,43.774
3445,3445,114.833,NaN,NaN,NaN,NaN,NaN,0,613,489,57.830,46.132,464,43.774
3446,3446,114.867,NaN,NaN,NaN,NaN,NaN,0,613,489,57.830,46.132,464,43.774
3447,3447,114.900,NaN,NaN,NaN,NaN,NaN,0,613,489,57.830,46.132,464,43.774
3448,3448,114.933,NaN,NaN,NaN,NaN,NaN,0,613,489,57.830,46.132,464,43.774
3449,3449,114.967,NaN,NaN,NaN,NaN,NaN,0,613,489,57.830,46.132,464,43.774
3450,3450,115.000,NaN,NaN,NaN,NaN,NaN,0,613,489,57.830,46.132,464,43.774
3451,3451,115.033,NaN,NaN,NaN,NaN,NaN,0,613,489,57.830,46.132,464,43.774
3452,3452,115.067,NaN,NaN,NaN,NaN,NaN,0,613,489,57.830,46.132,464,43.774
3453,3453,115.100,NaN,NaN,NaN,NaN,NaN,0,613,489,57.830,46.132,464,43.774
3454,3454,115.133,NaN,NaN,NaN,NaN,NaN,0,613,489,57.830,46.132,464,43.774
3455,3455,115.167,NaN,NaN,NaN,NaN,NaN,0,613,489,57.830,46.132,464,43.774
3456,3456,115.200,NaN,NaN,NaN,NaN,NaN,0,613,489,57.830,46.132,464,43.774
3457,3457,115.233,NaN,NaN,NaN,NaN,NaN,0,613,489,57.830,46.132,464,43.774
3458,3458,115.267,NaN,NaN,NaN,NaN,NaN,0,613,489,57.830,46.132,464,43.774
3459,3459,115.300,NaN,NaN,NaN,NaN,NaN,0,613,489,57.830,46.132,464,43.774
3460,3460,115.333,NaN,NaN,NaN,NaN,NaN,0,613,489,57.830,46.132,464,43.774
3461,3461,115.367,NaN,NaN,NaN,NaN,NaN,0,613,489,57.830,46.132,464,43.774
3462,3462,115.400,NaN,NaN,NaN,NaN,NaN,0,613,489,57.830,46.132,464,43.774
3463,3463,115.433,NaN,NaN,NaN,NaN,NaN,0,613,489,57.830,46.132,464,43.774
3464,3464,115.467,NaN,NaN,NaN,NaN,NaN,0,613,489,57.830,46.132,464,43.774
3465,3465,115.500,NaN,NaN,NaN,NaN,NaN,0,613,489,57.830,46.132,464,43.774
3466,3466,115.533,NaN,NaN,NaN,NaN,NaN,0,613,489,57.830,46.132,464,43.774
3467,3467,115.567,NaN,NaN,NaN,NaN,NaN,0,613,489,57.830,46.132,464,43.774
3468,3468,115.600,NaN,NaN,NaN,NaN,NaN,0,613,489,57.830,46.132,464,43.774
3469,3469,115.633,NaN,NaN,NaN,NaN,NaN,0,613,489,57.830,46.132,464,43.774
3470,3470,115.667,NaN,NaN,NaN,NaN,NaN,0,613,489,57.830,46.132,464,43.774
3471,3471,115.700,NaN,NaN,NaN,NaN,NaN,0,613,489,57.830,46.132,464,43.774
3472,3472,115.733,NaN,NaN,NaN,NaN,NaN,0,613,489,57.830,46.132,464,43.774
3473,3473,115.767,NaN,NaN,NaN,NaN,NaN,0,613,489,57.830,46.132,464,43.774
3474,3474,115.800,NaN,NaN,NaN,NaN,NaN,0,613,489,57.830,46.132,464,43.774
3475,3475,115.833,NaN,NaN,NaN,NaN,NaN,0,613,489,57.830,46.132,464,43.774
3476,3476,115.867,NaN,NaN,NaN,NaN,NaN,0,613,489,57.830,46.132,464,43.774
3477,3477,115.900,NaN,NaN,NaN,NaN,NaN,0,613,489,57.830,46.132,464,43.774
3478,3478,115.933,NaN,NaN,NaN,NaN,NaN,0,613,489,57.830,46.132,464,43.774
3479,3479,115.967,NaN,NaN,NaN,NaN,NaN,0,613,489,57.830,46.132,464,43.774
3480,3480,116.000,NaN,NaN,NaN,NaN,NaN,0,613,489,57.830,46.132,464,43.774
3481,3481,116.033,NaN,NaN,NaN,NaN,NaN,0,613,489,57.830,46.132,464,43.774
3482,3482,116.067,NaN,NaN,NaN,NaN,NaN,0,613,489,57.830,46.132,464,43.774
3483,3483,116.100,NaN,NaN,NaN,NaN,NaN,0,613,489,57.830,46.132,464,43.774
3484,3484,116.133,NaN,NaN,NaN,NaN,NaN,0,613,489,57.830,46.132,464,43.774
3485,3485,116.167,NaN,NaN,NaN,NaN,NaN,0,613,489,57.830,46.132,464,43.774
3486,3486,116.200,NaN,NaN,NaN,NaN,NaN,0,613,489,57.830,46.132,464,43.774
3487,3487,116.233,NaN,NaN,NaN,NaN,NaN,0,613,489,57.830,46.132,464,43.774
3488,3488,116.267,NaN,NaN,NaN,NaN,NaN,0,613,489,57.830,46.132,464,43.774
3489,3489,116.300,NaN,NaN,NaN,NaN,NaN,0,613,489,57.830,46.132,464,43.774
3490,3490,116.333,NaN,NaN,NaN,NaN,NaN,0,613,489,57.830,46.132,464,43.774
3491,3491,116.367,NaN,NaN,NaN,NaN,NaN,0,613,489,57.830,46.132,464,43.774
3492,3492,116.400,NaN,NaN,NaN,NaN,NaN,0,613,489,57.830,46.132,464,43.774
3493,3493,116.433,NaN,NaN,NaN,NaN,NaN,0,613,489,57.830,46.132,464,43.774
3494,3494,116.467,NaN,NaN,NaN,NaN,NaN,0,613,489,57.830,46.132,464,43.774
3495,3495,116.500,NaN,NaN,NaN,NaN,NaN,0,613,489,57.830,46.132,464,43.774
3496,3496,116.533,NaN,NaN,NaN,NaN,NaN,0,613,489,57.830,46.132,464,43.774
3497,3497,116.567,NaN,NaN,NaN,NaN,NaN,0,613,489,57.830,46.132,464,43.774
3498,3498,116.600,NaN,NaN,NaN,NaN,NaN,0,613,489,57.830,46.132,464,43.774
3499,3499,116.633,NaN,NaN,NaN,NaN,NaN,0,613,489,57.830,46.132,464,43.774
3500,3500,116.667,NaN,NaN,NaN,NaN,NaN,0,613,489,57.830,46.132,464,43.774
3501,3501,116.700,NaN,NaN,NaN,NaN,NaN,0,613,489,57.830,46.132,464,43.774
3502,3502,116.733,NaN,NaN,NaN,NaN,NaN,0,613,489,57.830,46.132,464,43.774
3503,3503,116.767,NaN,NaN,NaN,NaN,NaN,0,613,489,57.830,46.132,464,43.774
3504,3504,116.800,NaN,NaN,NaN,NaN,NaN,0,613,489,57.830,46.132,464,43.774
3505,3505,116.833,NaN,NaN,NaN,NaN,NaN,0,613,489,57.830,46.132,464,43.774
3506,3506,116.867,NaN,NaN,NaN,NaN,NaN,0,613,489,57.830,46.132,464,43.774
3507,3507,116.900,NaN,NaN,NaN,NaN,NaN,0,613,489,57.830,46.132,464,43.774
3508,3508,116.933,NaN,NaN,NaN,NaN,NaN,0,613,489,57.830,46.132,464,43.774
3509,3509,116.967,NaN,NaN,NaN,NaN,NaN,0,613,489,57.830,46.132,464,43.774
3510,3510,117.000,NaN,NaN,NaN,NaN,NaN,0,613,489,57.830,46.132,464,43.774
3511,3511,117.033,NaN,NaN,NaN,NaN,NaN,0,613,489,57.830,46.132,464,43.774
3512,3512,117.067,NaN,NaN,NaN,NaN,NaN,0,613,489,57.830,46.132,464,43.774
3513,3513,117.100,NaN,NaN,NaN,NaN,NaN,0,613,489,57.830,46.132,464,43.774
3514,3514,117.133,NaN,NaN,NaN,NaN,NaN,0,613,489,57.830,46.132,464,43.774
3515,3515,117.167,NaN,NaN,NaN,NaN,NaN,0,613,489,57.830,46.132,464,43.774
3516,3516,117.200,NaN,NaN,NaN,NaN,NaN,0,613,489,57.830,46.132,464,43.774
3517,3517,117.233,NaN,NaN,NaN,NaN,NaN,0,613,489,57.830,46.132,464,43.774
3518,3518,117.267,NaN,NaN,NaN,NaN,NaN,0,613,489,57.830,46.132,464,43.774
3519,3519,117.300,NaN,NaN,NaN,NaN,NaN,0,613,489,57.830,46.132,464,43.774
3520,3520,117.333,NaN,NaN,NaN,NaN,NaN,0,613,489,57.830,46.132,464,43.774
3521,3521,117.367,NaN,NaN,NaN,NaN,NaN,0,613,489,57.830,46.132,464,43.774
3522,3522,117.400,NaN,NaN,NaN,NaN,NaN,0,613,489,57.830,46.132,464,43.774
3523,3523,117.433,NaN,NaN,NaN,NaN,NaN,0,613,489,57.830,46.132,464,43.774
3524,3524,117.467,NaN,NaN,NaN,NaN,NaN,0,613,489,57.830,46.132,464,43.774
3525,3525,117.500,NaN,NaN,NaN,NaN,NaN,0,613,489,57.830,46.132,464,43.774
3526,3526,117.533,NaN,NaN,NaN,NaN,NaN,0,613,489,57.830,46.132,464,43.774
3527,3527,117.567,NaN,NaN,NaN,NaN,NaN,0,613,489,57.830,46.132,464,43.774
3528,3528,117.600,NaN,NaN,NaN,NaN,NaN,0,613,489,57.830,46.132,464,43.774
3529,3529,117.633,NaN,NaN,NaN,NaN,NaN,0,613,489,57.830,46.132,464,43.774
3530,3530,117.667,NaN,NaN,NaN,NaN,NaN,0,613,489,57.830,46.132,464,43.774
3531,3531,117.700,NaN,NaN,NaN,NaN,NaN,0,613,489,57.830,46.132,464,43.774
3532,3532,117.733,NaN,NaN,NaN,NaN,NaN,0,613,489,57.830,46.132,464,43.774
3533,3533,117.767,NaN,NaN,NaN,NaN,NaN,0,613,489,57.830,46.132,464,43.774
3534,3534,117.800,NaN,NaN,NaN,NaN,NaN,0,613,489,57.830,46.132,464,43.774
3535,3535,117.833,NaN,NaN,NaN,NaN,NaN,0,613,489,57.830,46.132,464,43.774
3536,3536,117.867,NaN,NaN,NaN,NaN,NaN,0,613,489,57.830,46.132,464,43.774
3537,3537,117.900,NaN,NaN,NaN,NaN,NaN,0,613,489,57.830,46.132,464,43.774
3538,3538,117.933,NaN,NaN,NaN,NaN,NaN,0,613,489,57.830,46.132,464,43.774
3539,3539,117.967,NaN,NaN,NaN,NaN,NaN,0,613,489,57.830,46.132,464,43.774
3540,3540,118.000,NaN,NaN,NaN,NaN,NaN,0,613,489,57.830,46.132,464,43.774
3541,3541,118.033,NaN,NaN,NaN,NaN,NaN,0,613,489,57.830,46.132,464,43.774
3542,3542,118.067,NaN,NaN,NaN,NaN,NaN,0,613,489,57.830,46.132,464,43.774
3543,3543,118.100,NaN,NaN,NaN,NaN,NaN,0,613,489,57.830,46.132,464,43.774
3544,3544,118.133,NaN,NaN,NaN,NaN,NaN,0,613,489,57.830,46.132,464,43.774
3545,3545,118.167,NaN,NaN,NaN,NaN,NaN,0,613,489,57.830,46.132,464,43.774
3546,3546,118.200,NaN,NaN,NaN,NaN,NaN,0,613,489,57.830,46.132,464,43.774
3547,3547,118.233,NaN,NaN,NaN,NaN,NaN,0,613,489,57.830,46.132,464,43.774
3548,3548,118.267,NaN,NaN,NaN,NaN,NaN,0,613,489,57.830,46.132,464,43.774
3549,3549,118.300,NaN,NaN,NaN,NaN,NaN,0,613,489,57.830,46.132,464,43.774
3550,3550,118.333,NaN,NaN,NaN,NaN,NaN,0,613,489,57.830,46.132,464,43.774
3551,3551,118.367,NaN,NaN,NaN,NaN,NaN,0,613,489,57.830,46.132,464,43.774
3552,3552,118.400,NaN,NaN,NaN,NaN,NaN,0,613,489,57.830,46.132,464,43.774
3553,3553,118.433,NaN,NaN,NaN,NaN,NaN,0,613,489,57.830,46.132,464,43.774
3554,3554,118.467,NaN,NaN,NaN,NaN,NaN,0,613,489,57.830,46.132,464,43.774
3555,3555,118.500,NaN,NaN,NaN,NaN,NaN,0,613,489,57.830,46.132,464,43.774
3556,3556,118.533,NaN,NaN,NaN,NaN,NaN,0,613,489,57.830,46.132,464,43.774
3557,3557,118.567,NaN,NaN,NaN,NaN,NaN,0,613,489,57.830,46.132,464,43.774
3558,3558,118.600,NaN,NaN,NaN,NaN,NaN,0,613,489,57.830,46.132,464,43.774
3559,3559,118.633,NaN,NaN,NaN,NaN,NaN,0,613,489,57.830,46.132,464,43.774
3560,3560,118.667,NaN,NaN,NaN,NaN,NaN,0,613,489,57.830,46.132,464,43.774
3561,3561,118.700,NaN,NaN,NaN,NaN,NaN,0,613,489,57.830,46.132,464,43.774
3562,3562,118.733,NaN,NaN,NaN,NaN,NaN,0,613,489,57.830,46.132,464,43.774
3563,3563,118.767,NaN,NaN,NaN,NaN,NaN,0,613,489,57.830,46.132,464,43.774
3564,3564,118.800,NaN,NaN,NaN,NaN,NaN,0,613,489,57.830,46.132,464,43.774
3565,3565,118.833,NaN,NaN,NaN,NaN,NaN,0,613,489,57.830,46.132,464,43.774
3566,3566,118.867,NaN,NaN,NaN,NaN,NaN,0,613,489,57.830,46.132,464,43.774
3567,3567,118.900,NaN,NaN,NaN,NaN,NaN,0,613,489,57.830,46.132,464,43.774
3568,3568,118.933,NaN,NaN,NaN,NaN,NaN,0,613,489,57.830,46.132,464,43.774
3569,3569,118.967,NaN,NaN,NaN,NaN,NaN,0,613,489,57.830,46.132,464,43.774
3570,3570,119.000,NaN,NaN,NaN,NaN,NaN,0,613,489,57.830,46.132,464,43.774
3571,3571,119.033,NaN,NaN,NaN,NaN,NaN,0,613,489,57.830,46.132,464,43.774
3572,3572,119.067,NaN,NaN,NaN,NaN,NaN,0,613,489,57.830,46.132,464,43.774
3573,3573,119.100,NaN,NaN,NaN,NaN,NaN,0,613,489,57.830,46.132,464,43.774
3574,3574,119.133,NaN,NaN,NaN,NaN,NaN,0,613,489,57.830,46.132,464,43.774
3575,3575,119.167,NaN,NaN,NaN,NaN,NaN,0,613,489,57.830,46.132,464,43.774
3576,3576,119.200,NaN,NaN,NaN,NaN,NaN,0,613,489,57.830,46.132,464,43.774
3577,3577,119.233,NaN,NaN,NaN,NaN,NaN,0,613,489,57.830,46.132,464,43.774
3578,3578,119.267,NaN,NaN,NaN,NaN,NaN,0,613,489,57.830,46.132,464,43.774
3579,3579,119.300,NaN,NaN,NaN,NaN,NaN,0,613,489,57.830,46.132,464,43.774
3580,3580,119.333,NaN,NaN,NaN,NaN,NaN,0,613,489,57.830,46.132,464,43.774
3581,3581,119.367,NaN,NaN,NaN,NaN,NaN,0,613,489,57.830,46.132,464,43.774
3582,3582,119.400,NaN,NaN,NaN,NaN,NaN,0,613,489,57.830,46.132,464,43.774
3583,3583,119.433,NaN,NaN,NaN,NaN,NaN,0,613,489,57.830,46.132,464,43.774
3584,3584,119.467,NaN,NaN,NaN,NaN,NaN,0,613,489,57.830,46.132,464,43.774
3585,3585,119.500,NaN,NaN,NaN,NaN,NaN,0,613,489,57.830,46.132,464,43.774
3586,3586,119.533,NaN,NaN,NaN,NaN,NaN,0,613,489,57.830,46.132,464,43.774
3587,3587,119.567,NaN,NaN,NaN,NaN,NaN,0,613,489,57.830,46.132,464,43.774
3588,3588,119.600,NaN,NaN,NaN,NaN,NaN,0,613,489,57.830,46.132,464,43.774
3589,3589,119.633,NaN,NaN,NaN,NaN,NaN,0,613,489,57.830,46.132,464,43.774
3590,3590,119.667,NaN,NaN,NaN,NaN,NaN,0,613,489,57.830,46.132,464,43.774
3591,3591,119.700,NaN,NaN,NaN,NaN,NaN,0,613,489,57.830,46.132,464,43.774
3592,3592,119.733,NaN,NaN,NaN,NaN,NaN,0,613,489,57.830,46.132,464,43.774
3593,3593,119.767,NaN,NaN,NaN,NaN,NaN,0,613,489,57.830,46.132,464,43.774
3594,3594,119.800,NaN,NaN,NaN,NaN,NaN,0,613,489,57.830,46.132,464,43.774
3595,3595,119.833,NaN,NaN,NaN,NaN,NaN,0,613,489,57.830,46.132,464,43.774
3596,3596,119.867,NaN,NaN,NaN,NaN,NaN,0,613,489,57.830,46.132,464,43.774
3597,3597,119.900,NaN,NaN,NaN,NaN,NaN,0,613,489,57.830,46.132,464,43.774
3598,3598,119.933,NaN,NaN,NaN,NaN,NaN,0,613,489,57.830,46.132,464,43.774
3599,3599,119.967,NaN,NaN,NaN,NaN,NaN,0,613,489,57.830,46.132,464,43.774
3600,3600,120.000,NaN,NaN,NaN,NaN,NaN,0,613,489,57.830,46.132,464,43.774
3601,3601,120.033,NaN,NaN,NaN,NaN,NaN,0,613,489,57.830,46.132,464,43.774
3602,3602,120.067,NaN,NaN,NaN,NaN,NaN,0,613,489,57.830,46.132,464,43.774
3603,3603,120.100,NaN,NaN,NaN,NaN,NaN,0,613,489,57.830,46.132,464,43.774
3604,3604,120.133,NaN,NaN,NaN,NaN,NaN,0,613,489,57.830,46.132,464,43.774
3605,3605,120.167,NaN,NaN,NaN,NaN,NaN,0,613,489,57.830,46.132,464,43.774
3606,3606,120.200,NaN,NaN,NaN,NaN,NaN,0,613,489,57.830,46.132,464,43.774
3607,3607,120.233,NaN,NaN,NaN,NaN,NaN,0,613,489,57.830,46.132,464,43.774
3608,3608,120.267,NaN,NaN,NaN,NaN,NaN,0,613,489,57.830,46.132,464,43.774
3609,3609,120.300,NaN,NaN,NaN,NaN,NaN,0,613,489,57.830,46.132,464,43.774
3610,3610,120.333,NaN,NaN,NaN,NaN,NaN,0,613,489,57.830,46.132,464,43.774
3611,3611,120.367,NaN,NaN,NaN,NaN,NaN,0,613,489,57.830,46.132,464,43.774
3612,3612,120.400,NaN,NaN,NaN,NaN,NaN,0,613,489,57.830,46.132,464,43.774
3613,3613,120.433,NaN,NaN,NaN,NaN,NaN,0,613,489,57.830,46.132,464,43.774
3614,3614,120.467,NaN,NaN,NaN,NaN,NaN,0,613,489,57.830,46.132,464,43.774
3615,3615,120.500,NaN,NaN,NaN,NaN,NaN,0,613,489,57.830,46.132,464,43.774
3616,3616,120.533,NaN,NaN,NaN,NaN,NaN,0,613,489,57.830,46.132,464,43.774
3617,3617,120.567,NaN,NaN,NaN,NaN,NaN,0,613,489,57.830,46.132,464,43.774
3618,3618,120.600,NaN,NaN,NaN,NaN,NaN,0,613,489,57.830,46.132,464,43.774
3619,3619,120.633,NaN,NaN,NaN,NaN,NaN,0,613,489,57.830,46.132,464,43.774
3620,3620,120.667,NaN,NaN,NaN,NaN,NaN,0,613,489,57.830,46.132,464,43.774
3621,3621,120.700,NaN,NaN,NaN,NaN,NaN,0,613,489,57.830,46.132,464,43.774
3622,3622,120.733,NaN,NaN,NaN,NaN,NaN,0,613,489,57.830,46.132,464,43.774
3623,3623,120.767,NaN,NaN,NaN,NaN,NaN,0,613,489,57.830,46.132,464,43.774
3624,3624,120.800,NaN,NaN,NaN,NaN,NaN,0,613,489,57.830,46.132,464,43.774
3625,3625,120.833,NaN,NaN,NaN,NaN,NaN,0,613,489,57.830,46.132,464,43.774
3626,3626,120.867,NaN,NaN,NaN,NaN,NaN,0,613,489,57.830,46.132,464,43.774
3627,3627,120.900,NaN,NaN,NaN,NaN,NaN,0,613,489,57.830,46.132,464,43.774
3628,3628,120.933,NaN,NaN,NaN,NaN,NaN,0,613,489,57.830,46.132,464,43.774
3629,3629,120.967,NaN,NaN,NaN,NaN,NaN,0,613,489,57.830,46.132,464,43.774
3630,3630,121.000,NaN,NaN,NaN,NaN,NaN,0,613,489,57.830,46.132,464,43.774
3631,3631,121.033,NaN,NaN,NaN,NaN,NaN,0,613,489,57.830,46.132,464,43.774
3632,3632,121.067,NaN,NaN,NaN,NaN,NaN,0,613,489,57.830,46.132,464,43.774
3633,3633,121.100,NaN,NaN,NaN,NaN,NaN,0,613,489,57.830,46.132,464,43.774
3634,3634,121.133,NaN,NaN,NaN,NaN,NaN,0,613,489,57.830,46.132,464,43.774
3635,3635,121.167,NaN,NaN,NaN,NaN,NaN,0,613,489,57.830,46.132,464,43.774
3636,3636,121.200,NaN,NaN,NaN,NaN,NaN,0,613,489,57.830,46.132,464,43.774
3637,3637,121.233,NaN,NaN,NaN,NaN,NaN,0,613,489,57.830,46.132,464,43.774
3638,3638,121.267,NaN,NaN,NaN,NaN,NaN,0,613,489,57.830,46.132,464,43.774
3639,3639,121.300,NaN,NaN,NaN,NaN,NaN,0,613,489,57.830,46.132,464,43.774
3640,3640,121.333,NaN,NaN,NaN,NaN,NaN,0,613,489,57.830,46.132,464,43.774
3641,3641,121.367,NaN,NaN,NaN,NaN,NaN,0,613,489,57.830,46.132,464,43.774
3642,3642,121.400,NaN,NaN,NaN,NaN,NaN,0,613,489,57.830,46.132,464,43.774
3643,3643,121.433,NaN,NaN,NaN,NaN,NaN,0,613,489,57.830,46.132,464,43.774
3644,3644,121.467,NaN,NaN,NaN,NaN,NaN,0,613,489,57.830,46.132,464,43.774
3645,3645,121.500,NaN,NaN,NaN,NaN,NaN,0,613,489,57.830,46.132,464,43.774
3646,3646,121.533,NaN,NaN,NaN,NaN,NaN,0,613,489,57.830,46.132,464,43.774
3647,3647,121.567,NaN,NaN,NaN,NaN,NaN,0,613,489,57.830,46.132,464,43.774
3648,3648,121.600,NaN,NaN,NaN,NaN,NaN,0,613,489,57.830,46.132,464,43.774
3649,3649,121.633,NaN,NaN,NaN,NaN,NaN,0,613,489,57.830,46.132,464,43.774
3650,3650,121.667,NaN,NaN,NaN,NaN,NaN,0,613,489,57.830,46.132,464,43.774
3651,3651,121.700,NaN,NaN,NaN,NaN,NaN,0,613,489,57.830,46.132,464,43.774
3652,3652,121.733,NaN,NaN,NaN,NaN,NaN,0,613,489,57.830,46.132,464,43.774
3653,3653,121.767,NaN,NaN,NaN,NaN,NaN,0,613,489,57.830,46.132,464,43.774
3654,3654,121.800,NaN,NaN,NaN,NaN,NaN,0,613,489,57.830,46.132,464,43.774
3655,3655,121.833,NaN,NaN,NaN,NaN,NaN,0,613,489,57.830,46.132,464,43.774
3656,3656,121.867,NaN,NaN,NaN,NaN,NaN,0,613,489,57.830,46.132,464,43.774
3657,3657,121.900,NaN,NaN,NaN,NaN,NaN,0,613,489,57.830,46.132,464,43.774
3658,3658,121.933,NaN,NaN,NaN,NaN,NaN,0,613,489,57.830,46.132,464,43.774
3659,3659,121.967,NaN,NaN,NaN,NaN,NaN,0,613,489,57.830,46.132,464,43.774
3660,3660,122.000,NaN,NaN,NaN,NaN,NaN,0,613,489,57.830,46.132,464,43.774
3661,3661,122.033,NaN,NaN,NaN,NaN,NaN,0,613,489,57.830,46.132,464,43.774
3662,3662,122.067,NaN,NaN,NaN,NaN,NaN,0,613,489,57.830,46.132,464,43.774
3663,3663,122.100,NaN,NaN,NaN,NaN,NaN,0,613,489,57.830,46.132,464,43.774
3664,3664,122.133,NaN,NaN,NaN,NaN,NaN,0,613,489,57.830,46.132,464,43.774
3665,3665,122.167,NaN,NaN,NaN,NaN,NaN,0,613,489,57.830,46.132,464,43.774
3666,3666,122.200,NaN,NaN,NaN,NaN,NaN,0,613,489,57.830,46.132,464,43.774
3667,3667,122.233,NaN,NaN,NaN,NaN,NaN,0,613,489,57.830,46.132,464,43.774
3668,3668,122.267,NaN,NaN,NaN,NaN,NaN,0,613,489,57.830,46.132,464,43.774
3669,3669,122.300,NaN,NaN,NaN,NaN,NaN,0,613,489,57.830,46.132,464,43.774
3670,3670,122.333,NaN,NaN,NaN,NaN,NaN,0,613,489,57.830,46.132,464,43.774
3671,3671,122.367,NaN,NaN,NaN,NaN,NaN,0,613,489,57.830,46.132,464,43.774
3672,3672,122.400,NaN,NaN,NaN,NaN,NaN,0,613,489,57.830,46.132,464,43.774
3673,3673,122.433,NaN,NaN,NaN,NaN,NaN,0,613,489,57.830,46.132,464,43.774
3674,3674,122.467,NaN,NaN,NaN,NaN,NaN,0,613,489,57.830,46.132,464,43.774
3675,3675,122.500,NaN,NaN,NaN,NaN,NaN,0,613,489,57.830,46.132,464,43.774
3676,3676,122.533,NaN,NaN,NaN,NaN,NaN,0,613,489,57.830,46.132,464,43.774
3677,3677,122.567,NaN,NaN,NaN,NaN,NaN,0,613,489,57.830,46.132,464,43.774
3678,3678,122.600,NaN,NaN,NaN,NaN,NaN,0,613,489,57.830,46.132,464,43.774
3679,3679,122.633,NaN,NaN,NaN,NaN,NaN,0,613,489,57.830,46.132,464,43.774
3680,3680,122.667,NaN,NaN,NaN,NaN,NaN,0,613,489,57.830,46.132,464,43.774
3681,3681,122.700,NaN,NaN,NaN,NaN,NaN,0,613,489,57.830,46.132,464,43.774
3682,3682,122.733,NaN,NaN,NaN,NaN,NaN,0,613,489,57.830,46.132,464,43.774
3683,3683,122.767,NaN,NaN,NaN,NaN,NaN,0,613,489,57.830,46.132,464,43.774
3684,3684,122.800,NaN,NaN,NaN,NaN,NaN,0,613,489,57.830,46.132,464,43.774
3685,3685,122.833,NaN,NaN,NaN,NaN,NaN,0,613,489,57.830,46.132,464,43.774
3686,3686,122.867,NaN,NaN,NaN,NaN,NaN,0,613,489,57.830,46.132,464,43.774
3687,3687,122.900,NaN,NaN,NaN,NaN,NaN,0,613,489,57.830,46.132,464,43.774
3688,3688,122.933,NaN,NaN,NaN,NaN,NaN,0,613,489,57.830,46.132,464,43.774
3689,3689,122.967,NaN,NaN,NaN,NaN,NaN,0,613,489,57.830,46.132,464,43.774
3690,3690,123.000,NaN,NaN,NaN,NaN,NaN,0,613,489,57.830,46.132,464,43.774
3691,3691,123.033,NaN,NaN,NaN,NaN,NaN,0,613,489,57.830,46.132,464,43.774
3692,3692,123.067,NaN,NaN,NaN,NaN,NaN,0,613,489,57.830,46.132,464,43.774
3693,3693,123.100,NaN,NaN,NaN,NaN,NaN,0,613,489,57.830,46.132,464,43.774
3694,3694,123.133,NaN,NaN,NaN,NaN,NaN,0,613,489,57.830,46.132,464,43.774
3695,3695,123.167,NaN,NaN,NaN,NaN,NaN,0,613,489,57.830,46.132,464,43.774
3696,3696,123.200,NaN,NaN,NaN,NaN,NaN,0,613,489,57.830,46.132,464,43.774
3697,3697,123.233,NaN,NaN,NaN,NaN,NaN,0,613,489,57.830,46.132,464,43.774
3698,3698,123.267,NaN,NaN,NaN,NaN,NaN,0,613,489,57.830,46.132,464,43.774
3699,3699,123.300,NaN,NaN,NaN,NaN,NaN,0,613,489,57.830,46.132,464,43.774
3700,3700,123.333,NaN,NaN,NaN,NaN,NaN,0,613,489,57.830,46.132,464,43.774
3701,3701,123.367,NaN,NaN,NaN,NaN,NaN,0,613,489,57.830,46.132,464,43.774
3702,3702,123.400,NaN,NaN,NaN,NaN,NaN,0,613,489,57.830,46.132,464,43.774
3703,3703,123.433,NaN,NaN,NaN,NaN,NaN,0,613,489,57.830,46.132,464,43.774
3704,3704,123.467,NaN,NaN,NaN,NaN,NaN,0,613,489,57.830,46.132,464,43.774
3705,3705,123.500,NaN,NaN,NaN,NaN,NaN,0,613,489,57.830,46.132,464,43.774
3706,3706,123.533,NaN,NaN,NaN,NaN,NaN,0,613,489,57.830,46.132,464,43.774
3707,3707,123.567,NaN,NaN,NaN,NaN,NaN,0,613,489,57.830,46.132,464,43.774
3708,3708,123.600,NaN,NaN,NaN,NaN,NaN,0,613,489,57.830,46.132,464,43.774
3709,3709,123.633,NaN,NaN,NaN,NaN,NaN,0,613,489,57.830,46.132,464,43.774
3710,3710,123.667,NaN,NaN,NaN,NaN,NaN,0,613,489,57.830,46.132,464,43.774
3711,3711,123.700,NaN,NaN,NaN,NaN,NaN,0,613,489,57.830,46.132,464,43.774
3712,3712,123.733,NaN,NaN,NaN,NaN,NaN,0,613,489,57.830,46.132,464,43.774
3713,3713,123.767,NaN,NaN,NaN,NaN,NaN,0,613,489,57.830,46.132,464,43.774
3714,3714,123.800,NaN,NaN,NaN,NaN,NaN,0,613,489,57.830,46.132,464,43.774
3715,3715,123.833,NaN,NaN,NaN,NaN,NaN,0,613,489,57.830,46.132,464,43.774
3716,3716,123.867,NaN,NaN,NaN,NaN,NaN,0,613,489,57.830,46.132,464,43.774
3717,3717,123.900,NaN,NaN,NaN,NaN,NaN,0,613,489,57.830,46.132,464,43.774
3718,3718,123.933,NaN,NaN,NaN,NaN,NaN,0,613,489,57.830,46.132,464,43.774
3719,3719,123.967,NaN,NaN,NaN,NaN,NaN,0,613,489,57.830,46.132,464,43.774
3720,3720,124.000,NaN,NaN,NaN,NaN,NaN,0,613,489,57.830,46.132,464,43.774
3721,3721,124.033,NaN,NaN,NaN,NaN,NaN,0,613,489,57.830,46.132,464,43.774
3722,3722,124.067,NaN,NaN,NaN,NaN,NaN,0,613,489,57.830,46.132,464,43.774
3723,3723,124.100,NaN,NaN,NaN,NaN,NaN,0,613,489,57.830,46.132,464,43.774
3724,3724,124.133,NaN,NaN,NaN,NaN,NaN,0,613,489,57.830,46.132,464,43.774
3725,3725,124.167,NaN,NaN,NaN,NaN,NaN,0,613,489,57.830,46.132,464,43.774
3726,3726,124.200,NaN,NaN,NaN,NaN,NaN,0,613,489,57.830,46.132,464,43.774
3727,3727,124.233,NaN,NaN,NaN,NaN,NaN,0,613,489,57.830,46.132,464,43.774
3728,3728,124.267,NaN,NaN,NaN,NaN,NaN,0,613,489,57.830,46.132,464,43.774
3729,3729,124.300,NaN,NaN,NaN,NaN,NaN,0,613,489,57.830,46.132,464,43.774
3730,3730,124.333,NaN,NaN,NaN,NaN,NaN,0,613,489,57.830,46.132,464,43.774
3731,3731,124.367,NaN,NaN,NaN,NaN,NaN,0,613,489,57.830,46.132,464,43.774
3732,3732,124.400,NaN,NaN,NaN,NaN,NaN,0,613,489,57.830,46.132,464,43.774
3733,3733,124.433,NaN,NaN,NaN,NaN,NaN,0,613,489,57.830,46.132,464,43.774
3734,3734,124.467,NaN,NaN,NaN,NaN,NaN,0,613,489,57.830,46.132,464,43.774
3735,3735,124.500,NaN,NaN,NaN,NaN,NaN,0,613,489,57.830,46.132,464,43.774
3736,3736,124.533,NaN,NaN,NaN,NaN,NaN,0,613,489,57.830,46.132,464,43.774
3737,3737,124.567,NaN,NaN,NaN,NaN,NaN,0,613,489,57.830,46.132,464,43.774
3738,3738,124.600,NaN,NaN,NaN,NaN,NaN,0,613,489,57.830,46.132,464,43.774
3739,3739,124.633,NaN,NaN,NaN,NaN,NaN,0,613,489,57.830,46.132,464,43.774
3740,3740,124.667,NaN,NaN,NaN,NaN,NaN,0,613,489,57.830,46.132,464,43.774
3741,3741,124.700,NaN,NaN,NaN,NaN,NaN,0,613,489,57.830,46.132,464,43.774
3742,3742,124.733,NaN,NaN,NaN,NaN,NaN,0,613,489,57.830,46.132,464,43.774
3743,3743,124.767,NaN,NaN,NaN,NaN,NaN,0,613,489,57.830,46.132,464,43.774
3744,3744,124.800,NaN,NaN,NaN,NaN,NaN,0,613,489,57.830,46.132,464,43.774
3745,3745,124.833,NaN,NaN,NaN,NaN,NaN,0,613,489,57.830,46.132,464,43.774
3746,3746,124.867,NaN,NaN,NaN,NaN,NaN,0,613,489,57.830,46.132,464,43.774
3747,3747,124.900,NaN,NaN,NaN,NaN,NaN,0,613,489,57.830,46.132,464,43.774
3748,3748,124.933,NaN,NaN,NaN,NaN,NaN,0,613,489,57.830,46.132,464,43.774
3749,3749,124.967,NaN,NaN,NaN,NaN,NaN,0,613,489,57.830,46.132,464,43.774
3750,3750,125.000,NaN,NaN,NaN,NaN,NaN,0,613,489,57.830,46.132,464,43.774
3751,3751,125.033,NaN,NaN,NaN,NaN,NaN,0,613,489,57.830,46.132,464,43.774
3752,3752,125.067,NaN,NaN,NaN,NaN,NaN,0,613,489,57.830,46.132,464,43.774
3753,3753,125.100,NaN,NaN,NaN,NaN,NaN,0,613,489,57.830,46.132,464,43.774
3754,3754,125.133,NaN,NaN,NaN,NaN,NaN,0,613,489,57.830,46.132,464,43.774
3755,3755,125.167,NaN,NaN,NaN,NaN,NaN,0,613,489,57.830,46.132,464,43.774
3756,3756,125.200,NaN,NaN,NaN,NaN,NaN,0,613,489,57.830,46.132,464,43.774
3757,3757,125.233,NaN,NaN,NaN,NaN,NaN,0,613,489,57.830,46.132,464,43.774
3758,3758,125.267,NaN,NaN,NaN,NaN,NaN,0,613,489,57.830,46.132,464,43.774
3759,3759,125.300,NaN,NaN,NaN,NaN,NaN,0,613,489,57.830,46.132,464,43.774
3760,3760,125.333,NaN,NaN,NaN,NaN,NaN,0,613,489,57.830,46.132,464,43.774
3761,3761,125.367,NaN,NaN,NaN,NaN,NaN,0,613,489,57.830,46.132,464,43.774
3762,3762,125.400,NaN,NaN,NaN,NaN,NaN,0,613,489,57.830,46.132,464,43.774
3763,3763,125.433,NaN,NaN,NaN,NaN,NaN,0,613,489,57.830,46.132,464,43.774
3764,3764,125.467,NaN,NaN,NaN,NaN,NaN,0,613,489,57.830,46.132,464,43.774
3765,3765,125.500,NaN,NaN,NaN,NaN,NaN,0,613,489,57.830,46.132,464,43.774
3766,3766,125.533,NaN,NaN,NaN,NaN,NaN,0,613,489,57.830,46.132,464,43.774
3767,3767,125.567,NaN,NaN,NaN,NaN,NaN,0,613,489,57.830,46.132,464,43.774
3768,3768,125.600,NaN,NaN,NaN,NaN,NaN,0,613,489,57.830,46.132,464,43.774
3769,3769,125.633,NaN,NaN,NaN,NaN,NaN,0,613,489,57.830,46.132,464,43.774
3770,3770,125.667,NaN,NaN,NaN,NaN,NaN,0,613,489,57.830,46.132,464,43.774
3771,3771,125.700,NaN,NaN,NaN,NaN,NaN,0,613,489,57.830,46.132,464,43.774
3772,3772,125.733,NaN,NaN,NaN,NaN,NaN,0,613,489,57.830,46.132,464,43.774
3773,3773,125.767,NaN,NaN,NaN,NaN,NaN,0,613,489,57.830,46.132,464,43.774
3774,3774,125.800,NaN,NaN,NaN,NaN,NaN,0,613,489,57.830,46.132,464,43.774
3775,3775,125.833,NaN,NaN,NaN,NaN,NaN,0,613,489,57.830,46.132,464,43.774
3776,3776,125.867,NaN,NaN,NaN,NaN,NaN,0,613,489,57.830,46.132,464,43.774
3777,3777,125.900,NaN,NaN,NaN,NaN,NaN,0,613,489,57.830,46.132,464,43.774
3778,3778,125.933,NaN,NaN,NaN,NaN,NaN,0,613,489,57.830,46.132,464,43.774
3779,3779,125.967,NaN,NaN,NaN,NaN,NaN,0,613,489,57.830,46.132,464,43.774
3780,3780,126.000,NaN,NaN,NaN,NaN,NaN,0,613,489,57.830,46.132,464,43.774
3781,3781,126.033,NaN,NaN,NaN,NaN,NaN,0,613,489,57.830,46.132,464,43.774
3782,3782,126.067,NaN,NaN,NaN,NaN,NaN,0,613,489,57.830,46.132,464,43.774
3783,3783,126.100,NaN,NaN,NaN,NaN,NaN,0,613,489,57.830,46.132,464,43.774
3784,3784,126.133,NaN,NaN,NaN,NaN,NaN,0,613,489,57.830,46.132,464,43.774
3785,3785,126.167,NaN,NaN,NaN,NaN,NaN,0,613,489,57.830,46.132,464,43.774
3786,3786,126.200,NaN,NaN,NaN,NaN,NaN,0,613,489,57.830,46.132,464,43.774
3787,3787,126.233,NaN,NaN,NaN,NaN,NaN,0,613,489,57.830,46.132,464,43.774
3788,3788,126.267,NaN,NaN,NaN,NaN,NaN,0,613,489,57.830,46.132,464,43.774
3789,3789,126.300,NaN,NaN,NaN,NaN,NaN,0,613,489,57.830,46.132,464,43.774
3790,3790,126.333,NaN,NaN,NaN,NaN,NaN,0,613,489,57.830,46.132,464,43.774
3791,3791,126.367,NaN,NaN,NaN,NaN,NaN,0,613,489,57.830,46.132,464,43.774
3792,3792,126.400,NaN,NaN,NaN,NaN,NaN,0,613,489,57.830,46.132,464,43.774
3793,3793,126.433,NaN,NaN,NaN,NaN,NaN,0,613,489,57.830,46.132,464,43.774
3794,3794,126.467,NaN,NaN,NaN,NaN,NaN,0,613,489,57.830,46.132,464,43.774
3795,3795,126.500,NaN,NaN,NaN,NaN,NaN,0,613,489,57.830,46.132,464,43.774
3796,3796,126.533,NaN,NaN,NaN,NaN,NaN,0,613,489,57.830,46.132,464,43.774
3797,3797,126.567,NaN,NaN,NaN,NaN,NaN,0,613,489,57.830,46.132,464,43.774
3798,3798,126.600,NaN,NaN,NaN,NaN,NaN,0,613,489,57.830,46.132,464,43.774
3799,3799,126.633,NaN,NaN,NaN,NaN,NaN,0,613,489,57.830,46.132,464,43.774
3800,3800,126.667,NaN,NaN,NaN,NaN,NaN,0,613,489,57.830,46.132,464,43.774
3801,3801,126.700,NaN,NaN,NaN,NaN,NaN,0,613,489,57.830,46.132,464,43.774
3802,3802,126.733,NaN,NaN,NaN,NaN,NaN,0,613,489,57.830,46.132,464,43.774
3803,3803,126.767,NaN,NaN,NaN,NaN,NaN,0,613,489,57.830,46.132,464,43.774
3804,3804,126.800,NaN,NaN,NaN,NaN,NaN,0,613,489,57.830,46.132,464,43.774
3805,3805,126.833,NaN,NaN,NaN,NaN,NaN,0,613,489,57.830,46.132,464,43.774
3806,3806,126.867,NaN,NaN,NaN,NaN,NaN,0,613,489,57.830,46.132,464,43.774
3807,3807,126.900,NaN,NaN,NaN,NaN,NaN,0,613,489,57.830,46.132,464,43.774
3808,3808,126.933,NaN,NaN,NaN,NaN,NaN,0,613,489,57.830,46.132,464,43.774
3809,3809,126.967,NaN,NaN,NaN,NaN,NaN,0,613,489,57.830,46.132,464,43.774
3810,3810,127.000,NaN,NaN,NaN,NaN,NaN,0,613,489,57.830,46.132,464,43.774
3811,3811,127.033,NaN,NaN,NaN,NaN,NaN,0,613,489,57.830,46.132,464,43.774
3812,3812,127.067,NaN,NaN,NaN,NaN,NaN,0,613,489,57.830,46.132,464,43.774
3813,3813,127.100,NaN,NaN,NaN,NaN,NaN,0,613,489,57.830,46.132,464,43.774
3814,3814,127.133,NaN,NaN,NaN,NaN,NaN,0,613,489,57.830,46.132,464,43.774
3815,3815,127.167,NaN,NaN,NaN,NaN,NaN,0,613,489,57.830,46.132,464,43.774
3816,3816,127.200,NaN,NaN,NaN,NaN,NaN,0,613,489,57.830,46.132,464,43.774
3817,3817,127.233,NaN,NaN,NaN,NaN,NaN,0,613,489,57.830,46.132,464,43.774
3818,3818,127.267,NaN,NaN,NaN,NaN,NaN,0,613,489,57.830,46.132,464,43.774
3819,3819,127.300,NaN,NaN,NaN,NaN,NaN,0,613,489,57.830,46.132,464,43.774
3820,3820,127.333,NaN,NaN,NaN,NaN,NaN,0,613,489,57.830,46.132,464,43.774
3821,3821,127.367,NaN,NaN,NaN,NaN,NaN,0,613,489,57.830,46.132,464,43.774
3822,3822,127.400,NaN,NaN,NaN,NaN,NaN,0,613,489,57.830,46.132,464,43.774
3823,3823,127.433,NaN,NaN,NaN,NaN,NaN,0,613,489,57.830,46.132,464,43.774
3824,3824,127.467,NaN,NaN,NaN,NaN,NaN,0,613,489,57.830,46.132,464,43.774
3825,3825,127.500,NaN,NaN,NaN,NaN,NaN,0,613,489,57.830,46.132,464,43.774
3826,3826,127.533,NaN,NaN,NaN,NaN,NaN,0,613,489,57.830,46.132,464,43.774
3827,3827,127.567,NaN,NaN,NaN,NaN,NaN,0,613,489,57.830,46.132,464,43.774
3828,3828,127.600,NaN,NaN,NaN,NaN,NaN,0,613,489,57.830,46.132,464,43.774
3829,3829,127.633,NaN,NaN,NaN,NaN,NaN,0,613,489,57.830,46.132,464,43.774
3830,3830,127.667,NaN,NaN,NaN,NaN,NaN,0,613,489,57.830,46.132,464,43.774
3831,3831,127.700,NaN,NaN,NaN,NaN,NaN,0,613,489,57.830,46.132,464,43.774
3832,3832,127.733,NaN,NaN,NaN,NaN,NaN,0,613,489,57.830,46.132,464,43.774
3833,3833,127.767,NaN,NaN,NaN,NaN,NaN,0,613,489,57.830,46.132,464,43.774
3834,3834,127.800,NaN,NaN,NaN,NaN,NaN,0,613,489,57.830,46.132,464,43.774
3835,3835,127.833,NaN,NaN,NaN,NaN,NaN,0,613,489,57.830,46.132,464,43.774
3836,3836,127.867,NaN,NaN,NaN,NaN,NaN,0,613,489,57.830,46.132,464,43.774
3837,3837,127.900,NaN,NaN,NaN,NaN,NaN,0,613,489,57.830,46.132,464,43.774
3838,3838,127.933,NaN,NaN,NaN,NaN,NaN,0,613,489,57.830,46.132,464,43.774
3839,3839,127.967,NaN,NaN,NaN,NaN,NaN,0,613,489,57.830,46.132,464,43.774
3840,3840,128.000,NaN,NaN,NaN,NaN,NaN,0,613,489,57.830,46.132,464,43.774
3841,3841,128.033,NaN,NaN,NaN,NaN,NaN,0,613,489,57.830,46.132,464,43.774
3842,3842,128.067,NaN,NaN,NaN,NaN,NaN,0,613,489,57.830,46.132,464,43.774
3843,3843,128.100,NaN,NaN,NaN,NaN,NaN,0,613,489,57.830,46.132,464,43.774
3844,3844,128.133,NaN,NaN,NaN,NaN,NaN,0,613,489,57.830,46.132,464,43.774
3845,3845,128.167,NaN,NaN,NaN,NaN,NaN,0,613,489,57.830,46.132,464,43.774
3846,3846,128.200,NaN,NaN,NaN,NaN,NaN,0,613,489,57.830,46.132,464,43.774
3847,3847,128.233,NaN,NaN,NaN,NaN,NaN,0,613,489,57.830,46.132,464,43.774
3848,3848,128.267,NaN,NaN,NaN,NaN,NaN,0,613,489,57.830,46.132,464,43.774
3849,3849,128.300,NaN,NaN,NaN,NaN,NaN,0,613,489,57.830,46.132,464,43.774
3850,3850,128.333,NaN,NaN,NaN,NaN,NaN,0,613,489,57.830,46.132,464,43.774
3851,3851,128.367,NaN,NaN,NaN,NaN,NaN,0,613,489,57.830,46.132,464,43.774
3852,3852,128.400,NaN,NaN,NaN,NaN,NaN,0,613,489,57.830,46.132,464,43.774
3853,3853,128.433,NaN,NaN,NaN,NaN,NaN,0,613,489,57.830,46.132,464,43.774
3854,3854,128.467,NaN,NaN,NaN,NaN,NaN,0,613,489,57.830,46.132,464,43.774
3855,3855,128.500,NaN,NaN,NaN,NaN,NaN,0,613,489,57.830,46.132,464,43.774
3856,3856,128.533,NaN,NaN,NaN,NaN,NaN,0,613,489,57.830,46.132,464,43.774
3857,3857,128.567,NaN,NaN,NaN,NaN,NaN,0,613,489,57.830,46.132,464,43.774
3858,3858,128.600,NaN,NaN,NaN,NaN,NaN,0,613,489,57.830,46.132,464,43.774
3859,3859,128.633,NaN,NaN,NaN,NaN,NaN,0,613,489,57.830,46.132,464,43.774
3860,3860,128.667,NaN,NaN,NaN,NaN,NaN,0,613,489,57.830,46.132,464,43.774
3861,3861,128.700,NaN,NaN,NaN,NaN,NaN,0,613,489,57.830,46.132,464,43.774
3862,3862,128.733,NaN,NaN,NaN,NaN,NaN,0,613,489,57.830,46.132,464,43.774
3863,3863,128.767,NaN,NaN,NaN,NaN,NaN,0,613,489,57.830,46.132,464,43.774
3864,3864,128.800,NaN,NaN,NaN,NaN,NaN,0,613,489,57.830,46.132,464,43.774
3865,3865,128.833,NaN,NaN,NaN,NaN,NaN,0,613,489,57.830,46.132,464,43.774
3866,3866,128.867,NaN,NaN,NaN,NaN,NaN,0,613,489,57.830,46.132,464,43.774
3867,3867,128.900,NaN,NaN,NaN,NaN,NaN,0,613,489,57.830,46.132,464,43.774
3868,3868,128.933,NaN,NaN,NaN,NaN,NaN,0,613,489,57.830,46.132,464,43.774
3869,3869,128.967,NaN,NaN,NaN,NaN,NaN,0,613,489,57.830,46.132,464,43.774
3870,3870,129.000,NaN,NaN,NaN,NaN,NaN,0,613,489,57.830,46.132,464,43.774
3871,3871,129.033,NaN,NaN,NaN,NaN,NaN,0,613,489,57.830,46.132,464,43.774
3872,3872,129.067,NaN,NaN,NaN,NaN,NaN,0,613,489,57.830,46.132,464,43.774
3873,3873,129.100,NaN,NaN,NaN,NaN,NaN,0,613,489,57.830,46.132,464,43.774
3874,3874,129.133,NaN,NaN,NaN,NaN,NaN,0,613,489,57.830,46.132,464,43.774
3875,3875,129.167,NaN,NaN,NaN,NaN,NaN,0,613,489,57.830,46.132,464,43.774
3876,3876,129.200,NaN,NaN,NaN,NaN,NaN,0,613,489,57.830,46.132,464,43.774
3877,3877,129.233,NaN,NaN,NaN,NaN,NaN,0,613,489,57.830,46.132,464,43.774
3878,3878,129.267,NaN,NaN,NaN,NaN,NaN,0,613,489,57.830,46.132,464,43.774
3879,3879,129.300,NaN,NaN,NaN,NaN,NaN,0,613,489,57.830,46.132,464,43.774
3880,3880,129.333,NaN,NaN,NaN,NaN,NaN,0,613,489,57.830,46.132,464,43.774
3881,3881,129.367,NaN,NaN,NaN,NaN,NaN,0,613,489,57.830,46.132,464,43.774
3882,3882,129.400,NaN,NaN,NaN,NaN,NaN,0,613,489,57.830,46.132,464,43.774
3883,3883,129.433,NaN,NaN,NaN,NaN,NaN,0,613,489,57.830,46.132,464,43.774
3884,3884,129.467,NaN,NaN,NaN,NaN,NaN,0,613,489,57.830,46.132,464,43.774
3885,3885,129.500,NaN,NaN,NaN,NaN,NaN,0,613,489,57.830,46.132,464,43.774
3886,3886,129.533,NaN,NaN,NaN,NaN,NaN,0,613,489,57.830,46.132,464,43.774
3887,3887,129.567,NaN,NaN,NaN,NaN,NaN,0,613,489,57.830,46.132,464,43.774
3888,3888,129.600,NaN,NaN,NaN,NaN,NaN,0,613,489,57.830,46.132,464,43.774
3889,3889,129.633,NaN,NaN,NaN,NaN,NaN,0,613,489,57.830,46.132,464,43.774
3890,3890,129.667,NaN,NaN,NaN,NaN,NaN,0,613,489,57.830,46.132,464,43.774
3891,3891,129.700,NaN,NaN,NaN,NaN,NaN,0,613,489,57.830,46.132,464,43.774
3892,3892,129.733,NaN,NaN,NaN,NaN,NaN,0,613,489,57.830,46.132,464,43.774
3893,3893,129.767,NaN,NaN,NaN,NaN,NaN,0,613,489,57.830,46.132,464,43.774
3894,3894,129.800,NaN,NaN,NaN,NaN,NaN,0,613,489,57.830,46.132,464,43.774
3895,3895,129.833,NaN,NaN,NaN,NaN,NaN,0,613,489,57.830,46.132,464,43.774
3896,3896,129.867,NaN,NaN,NaN,NaN,NaN,0,613,489,57.830,46.132,464,43.774
3897,3897,129.900,NaN,NaN,NaN,NaN,NaN,0,613,489,57.830,46.132,464,43.774
3898,3898,129.933,NaN,NaN,NaN,NaN,NaN,0,613,489,57.830,46.132,464,43.774
3899,3899,129.967,NaN,NaN,NaN,NaN,NaN,0,613,489,57.830,46.132,464,43.774
3900,3900,130.000,NaN,NaN,NaN,NaN,NaN,0,613,489,57.830,46.132,464,43.774
3901,3901,130.033,NaN,NaN,NaN,NaN,NaN,0,613,489,57.830,46.132,464,43.774
3902,3902,130.067,NaN,NaN,NaN,NaN,NaN,0,613,489,57.830,46.132,464,43.774
3903,3903,130.100,NaN,NaN,NaN,NaN,NaN,0,613,489,57.830,46.132,464,43.774
3904,3904,130.133,NaN,NaN,NaN,NaN,NaN,0,613,489,57.830,46.132,464,43.774
3905,3905,130.167,NaN,NaN,NaN,NaN,NaN,0,613,489,57.830,46.132,464,43.774
3906,3906,130.200,NaN,NaN,NaN,NaN,NaN,0,613,489,57.830,46.132,464,43.774
3907,3907,130.233,NaN,NaN,NaN,NaN,NaN,0,613,489,57.830,46.132,464,43.774
3908,3908,130.267,NaN,NaN,NaN,NaN,NaN,0,613,489,57.830,46.132,464,43.774
3909,3909,130.300,NaN,NaN,NaN,NaN,NaN,0,613,489,57.830,46.132,464,43.774
3910,3910,130.333,NaN,NaN,NaN,NaN,NaN,0,613,489,57.830,46.132,464,43.774
3911,3911,130.367,NaN,NaN,NaN,NaN,NaN,0,613,489,57.830,46.132,464,43.774
3912,3912,130.400,NaN,NaN,NaN,NaN,NaN,0,613,489,57.830,46.132,464,43.774
3913,3913,130.433,NaN,NaN,NaN,NaN,NaN,0,613,489,57.830,46.132,464,43.774
3914,3914,130.467,NaN,NaN,NaN,NaN,NaN,0,613,489,57.830,46.132,464,43.774
3915,3915,130.500,NaN,NaN,NaN,NaN,NaN,0,613,489,57.830,46.132,464,43.774
3916,3916,130.533,NaN,NaN,NaN,NaN,NaN,0,613,489,57.830,46.132,464,43.774
3917,3917,130.567,NaN,NaN,NaN,NaN,NaN,0,613,489,57.830,46.132,464,43.774
3918,3918,130.600,NaN,NaN,NaN,NaN,NaN,0,613,489,57.830,46.132,464,43.774
3919,3919,130.633,NaN,NaN,NaN,NaN,NaN,0,613,489,57.830,46.132,464,43.774
3920,3920,130.667,NaN,NaN,NaN,NaN,NaN,0,613,489,57.830,46.132,464,43.774
3921,3921,130.700,NaN,NaN,NaN,NaN,NaN,0,613,489,57.830,46.132,464,43.774
3922,3922,130.733,NaN,NaN,NaN,NaN,NaN,0,613,489,57.830,46.132,464,43.774
3923,3923,130.767,NaN,NaN,NaN,NaN,NaN,0,613,489,57.830,46.132,464,43.774
3924,3924,130.800,NaN,NaN,NaN,NaN,NaN,0,613,489,57.830,46.132,464,43.774
3925,3925,130.833,NaN,NaN,NaN,NaN,NaN,0,613,489,57.830,46.132,464,43.774
3926,3926,130.867,NaN,NaN,NaN,NaN,NaN,0,613,489,57.830,46.132,464,43.774
3927,3927,130.900,NaN,NaN,NaN,NaN,NaN,0,613,489,57.830,46.132,464,43.774
3928,3928,130.933,NaN,NaN,NaN,NaN,NaN,0,613,489,57.830,46.132,464,43.774
3929,3929,130.967,NaN,NaN,NaN,NaN,NaN,0,613,489,57.830,46.132,464,43.774
3930,3930,131.000,NaN,NaN,NaN,NaN,NaN,0,613,489,57.830,46.132,464,43.774
3931,3931,131.033,NaN,NaN,NaN,NaN,NaN,0,613,489,57.830,46.132,464,43.774
3932,3932,131.067,NaN,NaN,NaN,NaN,NaN,0,613,489,57.830,46.132,464,43.774
3933,3933,131.100,NaN,NaN,NaN,NaN,NaN,0,613,489,57.830,46.132,464,43.774
3934,3934,131.133,NaN,NaN,NaN,NaN,NaN,0,613,489,57.830,46.132,464,43.774
3935,3935,131.167,NaN,NaN,NaN,NaN,NaN,0,613,489,57.830,46.132,464,43.774
3936,3936,131.200,NaN,NaN,NaN,NaN,NaN,0,613,489,57.830,46.132,464,43.774
3937,3937,131.233,NaN,NaN,NaN,NaN,NaN,0,613,489,57.830,46.132,464,43.774
3938,3938,131.267,NaN,NaN,NaN,NaN,NaN,0,613,489,57.830,46.132,464,43.774
3939,3939,131.300,NaN,NaN,NaN,NaN,NaN,0,613,489,57.830,46.132,464,43.774
3940,3940,131.333,NaN,NaN,NaN,NaN,NaN,0,613,489,57.830,46.132,464,43.774
3941,3941,131.367,NaN,NaN,NaN,NaN,NaN,0,613,489,57.830,46.132,464,43.774
3942,3942,131.400,NaN,NaN,NaN,NaN,NaN,0,613,489,57.830,46.132,464,43.774
3943,3943,131.433,NaN,NaN,NaN,NaN,NaN,0,613,489,57.830,46.132,464,43.774
3944,3944,131.467,NaN,NaN,NaN,NaN,NaN,0,613,489,57.830,46.132,464,43.774
3945,3945,131.500,NaN,NaN,NaN,NaN,NaN,0,613,489,57.830,46.132,464,43.774
3946,3946,131.533,NaN,NaN,NaN,NaN,NaN,0,613,489,57.830,46.132,464,43.774
3947,3947,131.567,NaN,NaN,NaN,NaN,NaN,0,613,489,57.830,46.132,464,43.774
3948,3948,131.600,NaN,NaN,NaN,NaN,NaN,0,613,489,57.830,46.132,464,43.774
3949,3949,131.633,NaN,NaN,NaN,NaN,NaN,0,613,489,57.830,46.132,464,43.774
3950,3950,131.667,NaN,NaN,NaN,NaN,NaN,0,613,489,57.830,46.132,464,43.774
3951,3951,131.700,NaN,NaN,NaN,NaN,NaN,0,613,489,57.830,46.132,464,43.774
3952,3952,131.733,NaN,NaN,NaN,NaN,NaN,0,613,489,57.830,46.132,464,43.774
3953,3953,131.767,NaN,NaN,NaN,NaN,NaN,0,613,489,57.830,46.132,464,43.774
3954,3954,131.800,NaN,NaN,NaN,NaN,NaN,0,613,489,57.830,46.132,464,43.774
3955,3955,131.833,NaN,NaN,NaN,NaN,NaN,0,613,489,57.830,46.132,464,43.774
3956,3956,131.867,NaN,NaN,NaN,NaN,NaN,0,613,489,57.830,46.132,464,43.774
3957,3957,131.900,NaN,NaN,NaN,NaN,NaN,0,613,489,57.830,46.132,464,43.774
3958,3958,131.933,NaN,NaN,NaN,NaN,NaN,0,613,489,57.830,46.132,464,43.774
3959,3959,131.967,NaN,NaN,NaN,NaN,NaN,0,613,489,57.830,46.132,464,43.774
3960,3960,132.000,NaN,NaN,NaN,NaN,NaN,0,613,489,57.830,46.132,464,43.774
3961,3961,132.033,NaN,NaN,NaN,NaN,NaN,0,613,489,57.830,46.132,464,43.774
3962,3962,132.067,NaN,NaN,NaN,NaN,NaN,0,613,489,57.830,46.132,464,43.774
3963,3963,132.100,NaN,NaN,NaN,NaN,NaN,0,613,489,57.830,46.132,464,43.774
3964,3964,132.133,NaN,NaN,NaN,NaN,NaN,0,613,489,57.830,46.132,464,43.774
3965,3965,132.167,NaN,NaN,NaN,NaN,NaN,0,613,489,57.830,46.132,464,43.774
3966,3966,132.200,NaN,NaN,NaN,NaN,NaN,0,613,489,57.830,46.132,464,43.774
3967,3967,132.233,NaN,NaN,NaN,NaN,NaN,0,613,489,57.830,46.132,464,43.774
3968,3968,132.267,NaN,NaN,NaN,NaN,NaN,0,613,489,57.830,46.132,464,43.774
3969,3969,132.300,NaN,NaN,NaN,NaN,NaN,0,613,489,57.830,46.132,464,43.774
3970,3970,132.333,NaN,NaN,NaN,NaN,NaN,0,613,489,57.830,46.132,464,43.774
3971,3971,132.367,NaN,NaN,NaN,NaN,NaN,0,613,489,57.830,46.132,464,43.774
3972,3972,132.400,NaN,NaN,NaN,NaN,NaN,0,613,489,57.830,46.132,464,43.774
3973,3973,132.433,NaN,NaN,NaN,NaN,NaN,0,613,489,57.830,46.132,464,43.774
3974,3974,132.467,NaN,NaN,NaN,NaN,NaN,0,613,489,57.830,46.132,464,43.774
3975,3975,132.500,NaN,NaN,NaN,NaN,NaN,0,613,489,57.830,46.132,464,43.774
3976,3976,132.533,NaN,NaN,NaN,NaN,NaN,0,613,489,57.830,46.132,464,43.774
3977,3977,132.567,NaN,NaN,NaN,NaN,NaN,0,613,489,57.830,46.132,464,43.774
3978,3978,132.600,NaN,NaN,NaN,NaN,NaN,0,613,489,57.830,46.132,464,43.774
3979,3979,132.633,NaN,NaN,NaN,NaN,NaN,0,613,489,57.830,46.132,464,43.774
3980,3980,132.667,NaN,NaN,NaN,NaN,NaN,0,613,489,57.830,46.132,464,43.774
3981,3981,132.700,NaN,NaN,NaN,NaN,NaN,0,613,489,57.830,46.132,464,43.774
3982,3982,132.733,NaN,NaN,NaN,NaN,NaN,0,613,489,57.830,46.132,464,43.774
3983,3983,132.767,NaN,NaN,NaN,NaN,NaN,0,613,489,57.830,46.132,464,43.774
3984,3984,132.800,NaN,NaN,NaN,NaN,NaN,0,613,489,57.830,46.132,464,43.774
3985,3985,132.833,NaN,NaN,NaN,NaN,NaN,0,613,489,57.830,46.132,464,43.774
3986,3986,132.867,NaN,NaN,NaN,NaN,NaN,0,613,489,57.830,46.132,464,43.774
3987,3987,132.900,NaN,NaN,NaN,NaN,NaN,0,613,489,57.830,46.132,464,43.774
3988,3988,132.933,NaN,NaN,NaN,NaN,NaN,0,613,489,57.830,46.132,464,43.774
3989,3989,132.967,NaN,NaN,NaN,NaN,NaN,0,613,489,57.830,46.132,464,43.774
3990,3990,133.000,NaN,NaN,NaN,NaN,NaN,0,613,489,57.830,46.132,464,43.774
3991,3991,133.033,NaN,NaN,NaN,NaN,NaN,0,613,489,57.830,46.132,464,43.774
3992,3992,133.067,NaN,NaN,NaN,NaN,NaN,0,613,489,57.830,46.132,464,43.774
3993,3993,133.100,NaN,NaN,NaN,NaN,NaN,0,613,489,57.830,46.132,464,43.774
3994,3994,133.133,NaN,NaN,NaN,NaN,NaN,0,613,489,57.830,46.132,464,43.774
3995,3995,133.167,NaN,NaN,NaN,NaN,NaN,0,613,489,57.830,46.132,464,43.774
3996,3996,133.200,NaN,NaN,NaN,NaN,NaN,0,613,489,57.830,46.132,464,43.774
3997,3997,133.233,NaN,NaN,NaN,NaN,NaN,0,613,489,57.830,46.132,464,43.774
3998,3998,133.267,NaN,NaN,NaN,NaN,NaN,0,613,489,57.830,46.132,464,43.774
3999,3999,133.300,NaN,NaN,NaN,NaN,NaN,0,613,489,57.830,46.132,464,43.774
4000,4000,133.333,NaN,NaN,NaN,NaN,NaN,0,613,489,57.830,46.132,464,43.774
4001,4001,133.367,NaN,NaN,NaN,NaN,NaN,0,613,489,57.830,46.132,464,43.774
4002,4002,133.400,NaN,NaN,NaN,NaN,NaN,0,613,489,57.830,46.132,464,43.774
4003,4003,133.433,NaN,NaN,NaN,NaN,NaN,0,613,489,57.830,46.132,464,43.774
4004,4004,133.467,NaN,NaN,NaN,NaN,NaN,0,613,489,57.830,46.132,464,43.774
4005,4005,133.500,NaN,NaN,NaN,NaN,NaN,0,613,489,57.830,46.132,464,43.774
4006,4006,133.533,NaN,NaN,NaN,NaN,NaN,0,613,489,57.830,46.132,464,43.774
4007,4007,133.567,NaN,NaN,NaN,NaN,NaN,0,613,489,57.830,46.132,464,43.774
4008,4008,133.600,NaN,NaN,NaN,NaN,NaN,0,613,489,57.830,46.132,464,43.774
4009,4009,133.633,NaN,NaN,NaN,NaN,NaN,0,613,489,57.830,46.132,464,43.774
4010,4010,133.667,NaN,NaN,NaN,NaN,NaN,0,613,489,57.830,46.132,464,43.774
4011,4011,133.700,NaN,NaN,NaN,NaN,NaN,0,613,489,57.830,46.132,464,43.774
4012,4012,133.733,NaN,NaN,NaN,NaN,NaN,0,613,489,57.830,46.132,464,43.774
4013,4013,133.767,NaN,NaN,NaN,NaN,NaN,0,613,489,57.830,46.132,464,43.774
4014,4014,133.800,NaN,NaN,NaN,NaN,NaN,0,613,489,57.830,46.132,464,43.774
4015,4015,133.833,NaN,NaN,NaN,NaN,NaN,0,613,489,57.830,46.132,464,43.774
4016,4016,133.867,NaN,NaN,NaN,NaN,NaN,0,613,489,57.830,46.132,464,43.774
4017,4017,133.900,NaN,NaN,NaN,NaN,NaN,0,613,489,57.830,46.132,464,43.774
4018,4018,133.933,NaN,NaN,NaN,NaN,NaN,0,613,489,57.830,46.132,464,43.774
4019,4019,133.967,NaN,NaN,NaN,NaN,NaN,0,613,489,57.830,46.132,464,43.774
4020,4020,134.000,NaN,NaN,NaN,NaN,NaN,0,613,489,57.830,46.132,464,43.774
4021,4021,134.033,NaN,NaN,NaN,NaN,NaN,0,613,489,57.830,46.132,464,43.774
4022,4022,134.067,NaN,NaN,NaN,NaN,NaN,0,613,489,57.830,46.132,464,43.774
4023,4023,134.100,NaN,NaN,NaN,NaN,NaN,0,613,489,57.830,46.132,464,43.774
4024,4024,134.133,NaN,NaN,NaN,NaN,NaN,0,613,489,57.830,46.132,464,43.774
4025,4025,134.167,NaN,NaN,NaN,NaN,NaN,0,613,489,57.830,46.132,464,43.774
4026,4026,134.200,NaN,NaN,NaN,NaN,NaN,0,613,489,57.830,46.132,464,43.774
4027,4027,134.233,NaN,NaN,NaN,NaN,NaN,0,613,489,57.830,46.132,464,43.774
4028,4028,134.267,NaN,NaN,NaN,NaN,NaN,0,613,489,57.830,46.132,464,43.774
4029,4029,134.300,NaN,NaN,NaN,NaN,NaN,0,613,489,57.830,46.132,464,43.774
4030,4030,134.333,NaN,NaN,NaN,NaN,NaN,0,613,489,57.830,46.132,464,43.774
4031,4031,134.367,NaN,NaN,NaN,NaN,NaN,0,613,489,57.830,46.132,464,43.774
4032,4032,134.400,NaN,NaN,NaN,NaN,NaN,0,613,489,57.830,46.132,464,43.774
4033,4033,134.433,NaN,NaN,NaN,NaN,NaN,0,613,489,57.830,46.132,464,43.774
4034,4034,134.467,NaN,NaN,NaN,NaN,NaN,0,613,489,57.830,46.132,464,43.774
4035,4035,134.500,NaN,NaN,NaN,NaN,NaN,0,613,489,57.830,46.132,464,43.774
4036,4036,134.533,NaN,NaN,NaN,NaN,NaN,0,613,489,57.830,46.132,464,43.774
4037,4037,134.567,NaN,NaN,NaN,NaN,NaN,0,613,489,57.830,46.132,464,43.774
4038,4038,134.600,NaN,NaN,NaN,NaN,NaN,0,613,489,57.830,46.132,464,43.774
4039,4039,134.633,NaN,NaN,NaN,NaN,NaN,0,613,489,57.830,46.132,464,43.774
4040,4040,134.667,NaN,NaN,NaN,NaN,NaN,0,613,489,57.830,46.132,464,43.774
4041,4041,134.700,NaN,NaN,NaN,NaN,NaN,0,613,489,57.830,46.132,464,43.774
4042,4042,134.733,NaN,NaN,NaN,NaN,NaN,0,613,489,57.830,46.132,464,43.774
4043,4043,134.767,NaN,NaN,NaN,NaN,NaN,0,613,489,57.830,46.132,464,43.774
4044,4044,134.800,NaN,NaN,NaN,NaN,NaN,0,613,489,57.830,46.132,464,43.774
4045,4045,134.833,NaN,NaN,NaN,NaN,NaN,0,613,489,57.830,46.132,464,43.774
4046,4046,134.867,NaN,NaN,NaN,NaN,NaN,0,613,489,57.830,46.132,464,43.774
4047,4047,134.900,NaN,NaN,NaN,NaN,NaN,0,613,489,57.830,46.132,464,43.774
4048,4048,134.933,NaN,NaN,NaN,NaN,NaN,0,613,489,57.830,46.132,464,43.774
4049,4049,134.967,NaN,NaN,NaN,NaN,NaN,0,613,489,57.830,46.132,464,43.774
4050,4050,135.000,NaN,NaN,NaN,NaN,NaN,0,613,489,57.830,46.132,464,43.774
4051,4051,135.033,NaN,NaN,NaN,NaN,NaN,0,613,489,57.830,46.132,464,43.774
4052,4052,135.067,NaN,NaN,NaN,NaN,NaN,0,613,489,57.830,46.132,464,43.774
4053,4053,135.100,NaN,NaN,NaN,NaN,NaN,0,613,489,57.830,46.132,464,43.774
4054,4054,135.133,NaN,NaN,NaN,NaN,NaN,0,613,489,57.830,46.132,464,43.774
4055,4055,135.167,NaN,NaN,NaN,NaN,NaN,0,613,489,57.830,46.132,464,43.774
4056,4056,135.200,NaN,NaN,NaN,NaN,NaN,0,613,489,57.830,46.132,464,43.774
4057,4057,135.233,NaN,NaN,NaN,NaN,NaN,0,613,489,57.830,46.132,464,43.774
4058,4058,135.267,NaN,NaN,NaN,NaN,NaN,0,613,489,57.830,46.132,464,43.774
4059,4059,135.300,NaN,NaN,NaN,NaN,NaN,0,613,489,57.830,46.132,464,43.774
4060,4060,135.333,NaN,NaN,NaN,NaN,NaN,0,613,489,57.830,46.132,464,43.774
4061,4061,135.367,NaN,NaN,NaN,NaN,NaN,0,613,489,57.830,46.132,464,43.774
4062,4062,135.400,NaN,NaN,NaN,NaN,NaN,0,613,489,57.830,46.132,464,43.774
4063,4063,135.433,NaN,NaN,NaN,NaN,NaN,0,613,489,57.830,46.132,464,43.774
4064,4064,135.467,NaN,NaN,NaN,NaN,NaN,0,613,489,57.830,46.132,464,43.774
4065,4065,135.500,NaN,NaN,NaN,NaN,NaN,0,613,489,57.830,46.132,464,43.774
4066,4066,135.533,NaN,NaN,NaN,NaN,NaN,0,613,489,57.830,46.132,464,43.774
4067,4067,135.567,NaN,NaN,NaN,NaN,NaN,0,613,489,57.830,46.132,464,43.774
4068,4068,135.600,NaN,NaN,NaN,NaN,NaN,0,613,489,57.830,46.132,464,43.774
4069,4069,135.633,NaN,NaN,NaN,NaN,NaN,0,613,489,57.830,46.132,464,43.774
4070,4070,135.667,NaN,NaN,NaN,NaN,NaN,0,613,489,57.830,46.132,464,43.774
4071,4071,135.700,NaN,NaN,NaN,NaN,NaN,0,613,489,57.830,46.132,464,43.774
4072,4072,135.733,NaN,NaN,NaN,NaN,NaN,0,613,489,57.830,46.132,464,43.774
4073,4073,135.767,NaN,NaN,NaN,NaN,NaN,0,613,489,57.830,46.132,464,43.774
4074,4074,135.800,NaN,NaN,NaN,NaN,NaN,0,613,489,57.830,46.132,464,43.774
4075,4075,135.833,NaN,NaN,NaN,NaN,NaN,0,613,489,57.830,46.132,464,43.774
4076,4076,135.867,NaN,NaN,NaN,NaN,NaN,0,613,489,57.830,46.132,464,43.774
4077,4077,135.900,NaN,NaN,NaN,NaN,NaN,0,613,489,57.830,46.132,464,43.774
4078,4078,135.933,NaN,NaN,NaN,NaN,NaN,0,613,489,57.830,46.132,464,43.774
4079,4079,135.967,NaN,NaN,NaN,NaN,NaN,0,613,489,57.830,46.132,464,43.774
4080,4080,136.000,NaN,NaN,NaN,NaN,NaN,0,613,489,57.830,46.132,464,43.774
4081,4081,136.033,NaN,NaN,NaN,NaN,NaN,0,613,489,57.830,46.132,464,43.774
4082,4082,136.067,NaN,NaN,NaN,NaN,NaN,0,613,489,57.830,46.132,464,43.774
4083,4083,136.100,NaN,NaN,NaN,NaN,NaN,0,613,489,57.830,46.132,464,43.774
4084,4084,136.133,NaN,NaN,NaN,NaN,NaN,0,613,489,57.830,46.132,464,43.774
4085,4085,136.167,NaN,NaN,NaN,NaN,NaN,0,613,489,57.830,46.132,464,43.774
4086,4086,136.200,NaN,NaN,NaN,NaN,NaN,0,613,489,57.830,46.132,464,43.774
4087,4087,136.233,NaN,NaN,NaN,NaN,NaN,0,613,489,57.830,46.132,464,43.774
4088,4088,136.267,NaN,NaN,NaN,NaN,NaN,0,613,489,57.830,46.132,464,43.774
4089,4089,136.300,NaN,NaN,NaN,NaN,NaN,0,613,489,57.830,46.132,464,43.774
4090,4090,136.333,NaN,NaN,NaN,NaN,NaN,0,613,489,57.830,46.132,464,43.774
4091,4091,136.367,NaN,NaN,NaN,NaN,NaN,0,613,489,57.830,46.132,464,43.774
4092,4092,136.400,NaN,NaN,NaN,NaN,NaN,0,613,489,57.830,46.132,464,43.774
4093,4093,136.433,NaN,NaN,NaN,NaN,NaN,0,613,489,57.830,46.132,464,43.774
4094,4094,136.467,NaN,NaN,NaN,NaN,NaN,0,613,489,57.830,46.132,464,43.774
4095,4095,136.500,NaN,NaN,NaN,NaN,NaN,0,613,489,57.830,46.132,464,43.774
4096,4096,136.533,NaN,NaN,NaN,NaN,NaN,0,613,489,57.830,46.132,464,43.774
4097,4097,136.567,NaN,NaN,NaN,NaN,NaN,0,613,489,57.830,46.132,464,43.774
4098,4098,136.600,NaN,NaN,NaN,NaN,NaN,0,613,489,57.830,46.132,464,43.774
4099,4099,136.633,NaN,NaN,NaN,NaN,NaN,0,613,489,57.830,46.132,464,43.774
4100,4100,136.667,NaN,NaN,NaN,NaN,NaN,0,613,489,57.830,46.132,464,43.774
4101,4101,136.700,NaN,NaN,NaN,NaN,NaN,0,613,489,57.830,46.132,464,43.774
4102,4102,136.733,NaN,NaN,NaN,NaN,NaN,0,613,489,57.830,46.132,464,43.774
4103,4103,136.767,NaN,NaN,NaN,NaN,NaN,0,613,489,57.830,46.132,464,43.774
4104,4104,136.800,NaN,NaN,NaN,NaN,NaN,0,613,489,57.830,46.132,464,43.774
4105,4105,136.833,NaN,NaN,NaN,NaN,NaN,0,613,489,57.830,46.132,464,43.774
4106,4106,136.867,NaN,NaN,NaN,NaN,NaN,0,613,489,57.830,46.132,464,43.774
4107,4107,136.900,NaN,NaN,NaN,NaN,NaN,0,613,489,57.830,46.132,464,43.774
4108,4108,136.933,NaN,NaN,NaN,NaN,NaN,0,613,489,57.830,46.132,464,43.774
4109,4109,136.967,NaN,NaN,NaN,NaN,NaN,0,613,489,57.830,46.132,464,43.774
4110,4110,137.000,NaN,NaN,NaN,NaN,NaN,0,613,489,57.830,46.132,464,43.774
4111,4111,137.033,NaN,NaN,NaN,NaN,NaN,0,613,489,57.830,46.132,464,43.774
4112,4112,137.067,NaN,NaN,NaN,NaN,NaN,0,613,489,57.830,46.132,464,43.774
4113,4113,137.100,NaN,NaN,NaN,NaN,NaN,0,613,489,57.830,46.132,464,43.774
4114,4114,137.133,NaN,NaN,NaN,NaN,NaN,0,613,489,57.830,46.132,464,43.774
4115,4115,137.167,NaN,NaN,NaN,NaN,NaN,0,613,489,57.830,46.132,464,43.774
4116,4116,137.200,NaN,NaN,NaN,NaN,NaN,0,613,489,57.830,46.132,464,43.774
4117,4117,137.233,NaN,NaN,NaN,NaN,NaN,0,613,489,57.830,46.132,464,43.774
4118,4118,137.267,NaN,NaN,NaN,NaN,NaN,0,613,489,57.830,46.132,464,43.774
4119,4119,137.300,NaN,NaN,NaN,NaN,NaN,0,613,489,57.830,46.132,464,43.774
4120,4120,137.333,NaN,NaN,NaN,NaN,NaN,0,613,489,57.830,46.132,464,43.774
4121,4121,137.367,NaN,NaN,NaN,NaN,NaN,0,613,489,57.830,46.132,464,43.774
4122,4122,137.400,NaN,NaN,NaN,NaN,NaN,0,613,489,57.830,46.132,464,43.774
4123,4123,137.433,NaN,NaN,NaN,NaN,NaN,0,613,489,57.830,46.132,464,43.774
4124,4124,137.467,NaN,NaN,NaN,NaN,NaN,0,613,489,57.830,46.132,464,43.774
4125,4125,137.500,NaN,NaN,NaN,NaN,NaN,0,613,489,57.830,46.132,464,43.774
4126,4126,137.533,NaN,NaN,NaN,NaN,NaN,0,613,489,57.830,46.132,464,43.774
4127,4127,137.567,NaN,NaN,NaN,NaN,NaN,0,613,489,57.830,46.132,464,43.774
4128,4128,137.600,NaN,NaN,NaN,NaN,NaN,0,613,489,57.830,46.132,464,43.774
4129,4129,137.633,NaN,NaN,NaN,NaN,NaN,0,613,489,57.830,46.132,464,43.774
4130,4130,137.667,NaN,NaN,NaN,NaN,NaN,0,613,489,57.830,46.132,464,43.774
4131,4131,137.700,NaN,NaN,NaN,NaN,NaN,0,613,489,57.830,46.132,464,43.774
4132,4132,137.733,NaN,NaN,NaN,NaN,NaN,0,613,489,57.830,46.132,464,43.774
4133,4133,137.767,NaN,NaN,NaN,NaN,NaN,0,613,489,57.830,46.132,464,43.774
4134,4134,137.800,NaN,NaN,NaN,NaN,NaN,0,613,489,57.830,46.132,464,43.774
4135,4135,137.833,NaN,NaN,NaN,NaN,NaN,0,613,489,57.830,46.132,464,43.774
4136,4136,137.867,NaN,NaN,NaN,NaN,NaN,0,613,489,57.830,46.132,464,43.774
4137,4137,137.900,NaN,NaN,NaN,NaN,NaN,0,613,489,57.830,46.132,464,43.774
4138,4138,137.933,NaN,NaN,NaN,NaN,NaN,0,613,489,57.830,46.132,464,43.774
4139,4139,137.967,NaN,NaN,NaN,NaN,NaN,0,613,489,57.830,46.132,464,43.774
4140,4140,138.000,NaN,NaN,NaN,NaN,NaN,0,613,489,57.830,46.132,464,43.774
4141,4141,138.033,NaN,NaN,NaN,NaN,NaN,0,613,489,57.830,46.132,464,43.774
4142,4142,138.067,NaN,NaN,NaN,NaN,NaN,0,613,489,57.830,46.132,464,43.774
4143,4143,138.100,NaN,NaN,NaN,NaN,NaN,0,613,489,57.830,46.132,464,43.774
4144,4144,138.133,NaN,NaN,NaN,NaN,NaN,0,613,489,57.830,46.132,464,43.774
4145,4145,138.167,NaN,NaN,NaN,NaN,NaN,0,613,489,57.830,46.132,464,43.774
4146,4146,138.200,NaN,NaN,NaN,NaN,NaN,0,613,489,57.830,46.132,464,43.774
4147,4147,138.233,NaN,NaN,NaN,NaN,NaN,0,613,489,57.830,46.132,464,43.774
4148,4148,138.267,NaN,NaN,NaN,NaN,NaN,0,613,489,57.830,46.132,464,43.774
4149,4149,138.300,NaN,NaN,NaN,NaN,NaN,0,613,489,57.830,46.132,464,43.774
4150,4150,138.333,NaN,NaN,NaN,NaN,NaN,0,613,489,57.830,46.132,464,43.774
4151,4151,138.367,NaN,NaN,NaN,NaN,NaN,0,613,489,57.830,46.132,464,43.774
4152,4152,138.400,NaN,NaN,NaN,NaN,NaN,0,613,489,57.830,46.132,464,43.774
4153,4153,138.433,NaN,NaN,NaN,NaN,NaN,0,613,489,57.830,46.132,464,43.774
4154,4154,138.467,NaN,NaN,NaN,NaN,NaN,0,613,489,57.830,46.132,464,43.774
4155,4155,138.500,NaN,NaN,NaN,NaN,NaN,0,613,489,57.830,46.132,464,43.774
4156,4156,138.533,NaN,NaN,NaN,NaN,NaN,0,613,489,57.830,46.132,464,43.774
4157,4157,138.567,NaN,NaN,NaN,NaN,NaN,0,613,489,57.830,46.132,464,43.774
4158,4158,138.600,NaN,NaN,NaN,NaN,NaN,0,613,489,57.830,46.132,464,43.774
4159,4159,138.633,NaN,NaN,NaN,NaN,NaN,0,613,489,57.830,46.132,464,43.774
4160,4160,138.667,NaN,NaN,NaN,NaN,NaN,0,613,489,57.830,46.132,464,43.774
4161,4161,138.700,NaN,NaN,NaN,NaN,NaN,0,613,489,57.830,46.132,464,43.774
4162,4162,138.733,NaN,NaN,NaN,NaN,NaN,0,613,489,57.830,46.132,464,43.774
4163,4163,138.767,NaN,NaN,NaN,NaN,NaN,0,613,489,57.830,46.132,464,43.774
4164,4164,138.800,NaN,NaN,NaN,NaN,NaN,0,613,489,57.830,46.132,464,43.774
4165,4165,138.833,NaN,NaN,NaN,NaN,NaN,0,613,489,57.830,46.132,464,43.774
4166,4166,138.867,NaN,NaN,NaN,NaN,NaN,0,613,489,57.830,46.132,464,43.774
4167,4167,138.900,NaN,NaN,NaN,NaN,NaN,0,613,489,57.830,46.132,464,43.774
4168,4168,138.933,NaN,NaN,NaN,NaN,NaN,0,613,489,57.830,46.132,464,43.774
4169,4169,138.967,NaN,NaN,NaN,NaN,NaN,0,613,489,57.830,46.132,464,43.774
4170,4170,139.000,NaN,NaN,NaN,NaN,NaN,0,613,489,57.830,46.132,464,43.774
4171,4171,139.033,NaN,NaN,NaN,NaN,NaN,0,613,489,57.830,46.132,464,43.774
4172,4172,139.067,NaN,NaN,NaN,NaN,NaN,0,613,489,57.830,46.132,464,43.774
4173,4173,139.100,NaN,NaN,NaN,NaN,NaN,0,613,489,57.830,46.132,464,43.774
4174,4174,139.133,NaN,NaN,NaN,NaN,NaN,0,613,489,57.830,46.132,464,43.774
4175,4175,139.167,NaN,NaN,NaN,NaN,NaN,0,613,489,57.830,46.132,464,43.774
4176,4176,139.200,NaN,NaN,NaN,NaN,NaN,0,613,489,57.830,46.132,464,43.774
4177,4177,139.233,NaN,NaN,NaN,NaN,NaN,0,613,489,57.830,46.132,464,43.774
4178,4178,139.267,NaN,NaN,NaN,NaN,NaN,0,613,489,57.830,46.132,464,43.774
4179,4179,139.300,NaN,NaN,NaN,NaN,NaN,0,613,489,57.830,46.132,464,43.774
4180,4180,139.333,NaN,NaN,NaN,NaN,NaN,0,613,489,57.830,46.132,464,43.774
4181,4181,139.367,NaN,NaN,NaN,NaN,NaN,0,613,489,57.830,46.132,464,43.774
4182,4182,139.400,NaN,NaN,NaN,NaN,NaN,0,613,489,57.830,46.132,464,43.774
4183,4183,139.433,NaN,NaN,NaN,NaN,NaN,0,613,489,57.830,46.132,464,43.774
4184,4184,139.467,NaN,NaN,NaN,NaN,NaN,0,613,489,57.830,46.132,464,43.774
4185,4185,139.500,NaN,NaN,NaN,NaN,NaN,0,613,489,57.830,46.132,464,43.774
4186,4186,139.533,NaN,NaN,NaN,NaN,NaN,0,613,489,57.830,46.132,464,43.774
4187,4187,139.567,NaN,NaN,NaN,NaN,NaN,0,613,489,57.830,46.132,464,43.774
4188,4188,139.600,NaN,NaN,NaN,NaN,NaN,0,613,489,57.830,46.132,464,43.774
4189,4189,139.633,NaN,NaN,NaN,NaN,NaN,0,613,489,57.830,46.132,464,43.774
4190,4190,139.667,NaN,NaN,NaN,NaN,NaN,0,613,489,57.830,46.132,464,43.774
4191,4191,139.700,NaN,NaN,NaN,NaN,NaN,0,613,489,57.830,46.132,464,43.774
4192,4192,139.733,NaN,NaN,NaN,NaN,NaN,0,613,489,57.830,46.132,464,43.774
4193,4193,139.767,NaN,NaN,NaN,NaN,NaN,0,613,489,57.830,46.132,464,43.774
4194,4194,139.800,NaN,NaN,NaN,NaN,NaN,0,613,489,57.830,46.132,464,43.774
4195,4195,139.833,NaN,NaN,NaN,NaN,NaN,0,613,489,57.830,46.132,464,43.774
4196,4196,139.867,NaN,NaN,NaN,NaN,NaN,0,613,489,57.830,46.132,464,43.774
4197,4197,139.900,NaN,NaN,NaN,NaN,NaN,0,613,489,57.830,46.132,464,43.774
4198,4198,139.933,NaN,NaN,NaN,NaN,NaN,0,613,489,57.830,46.132,464,43.774
4199,4199,139.967,NaN,NaN,NaN,NaN,NaN,0,613,489,57.830,46.132,464,43.774
4200,4200,140.000,NaN,NaN,NaN,NaN,NaN,0,613,489,57.830,46.132,464,43.774
4201,4201,140.033,NaN,NaN,NaN,NaN,NaN,0,613,489,57.830,46.132,464,43.774
4202,4202,140.067,NaN,NaN,NaN,NaN,NaN,0,613,489,57.830,46.132,464,43.774
4203,4203,140.100,NaN,NaN,NaN,NaN,NaN,0,613,489,57.830,46.132,464,43.774
4204,4204,140.133,NaN,NaN,NaN,NaN,NaN,0,613,489,57.830,46.132,464,43.774
4205,4205,140.167,NaN,NaN,NaN,NaN,NaN,0,613,489,57.830,46.132,464,43.774
4206,4206,140.200,NaN,NaN,NaN,NaN,NaN,0,613,489,57.830,46.132,464,43.774
4207,4207,140.233,NaN,NaN,NaN,NaN,NaN,0,613,489,57.830,46.132,464,43.774
4208,4208,140.267,NaN,NaN,NaN,NaN,NaN,0,613,489,57.830,46.132,464,43.774
4209,4209,140.300,NaN,NaN,NaN,NaN,NaN,0,613,489,57.830,46.132,464,43.774
4210,4210,140.333,NaN,NaN,NaN,NaN,NaN,0,613,489,57.830,46.132,464,43.774
4211,4211,140.367,NaN,NaN,NaN,NaN,NaN,0,613,489,57.830,46.132,464,43.774
4212,4212,140.400,NaN,NaN,NaN,NaN,NaN,0,613,489,57.830,46.132,464,43.774
4213,4213,140.433,NaN,NaN,NaN,NaN,NaN,0,613,489,57.830,46.132,464,43.774
4214,4214,140.467,NaN,NaN,NaN,NaN,NaN,0,613,489,57.830,46.132,464,43.774
4215,4215,140.500,NaN,NaN,NaN,NaN,NaN,0,613,489,57.830,46.132,464,43.774
4216,4216,140.533,NaN,NaN,NaN,NaN,NaN,0,613,489,57.830,46.132,464,43.774
4217,4217,140.567,NaN,NaN,NaN,NaN,NaN,0,613,489,57.830,46.132,464,43.774
4218,4218,140.600,NaN,NaN,NaN,NaN,NaN,0,613,489,57.830,46.132,464,43.774
4219,4219,140.633,NaN,NaN,NaN,NaN,NaN,0,613,489,57.830,46.132,464,43.774
4220,4220,140.667,NaN,NaN,NaN,NaN,NaN,0,613,489,57.830,46.132,464,43.774
4221,4221,140.700,NaN,NaN,NaN,NaN,NaN,0,613,489,57.830,46.132,464,43.774
4222,4222,140.733,NaN,NaN,NaN,NaN,NaN,0,613,489,57.830,46.132,464,43.774
4223,4223,140.767,NaN,NaN,NaN,NaN,NaN,0,613,489,57.830,46.132,464,43.774
4224,4224,140.800,NaN,NaN,NaN,NaN,NaN,0,613,489,57.830,46.132,464,43.774
4225,4225,140.833,NaN,NaN,NaN,NaN,NaN,0,613,489,57.830,46.132,464,43.774
4226,4226,140.867,NaN,NaN,NaN,NaN,NaN,0,613,489,57.830,46.132,464,43.774
4227,4227,140.900,NaN,NaN,NaN,NaN,NaN,0,613,489,57.830,46.132,464,43.774
4228,4228,140.933,NaN,NaN,NaN,NaN,NaN,0,613,489,57.830,46.132,464,43.774
4229,4229,140.967,NaN,NaN,NaN,NaN,NaN,0,613,489,57.830,46.132,464,43.774
4230,4230,141.000,NaN,NaN,NaN,NaN,NaN,0,613,489,57.830,46.132,464,43.774
4231,4231,141.033,NaN,NaN,NaN,NaN,NaN,0,613,489,57.830,46.132,464,43.774
4232,4232,141.067,NaN,NaN,NaN,NaN,NaN,0,613,489,57.830,46.132,464,43.774
4233,4233,141.100,NaN,NaN,NaN,NaN,NaN,0,613,489,57.830,46.132,464,43.774
4234,4234,141.133,NaN,NaN,NaN,NaN,NaN,0,613,489,57.830,46.132,464,43.774
4235,4235,141.167,NaN,NaN,NaN,NaN,NaN,0,613,489,57.830,46.132,464,43.774
4236,4236,141.200,NaN,NaN,NaN,NaN,NaN,0,613,489,57.830,46.132,464,43.774
4237,4237,141.233,NaN,NaN,NaN,NaN,NaN,0,613,489,57.830,46.132,464,43.774
4238,4238,141.267,NaN,NaN,NaN,NaN,NaN,0,613,489,57.830,46.132,464,43.774
4239,4239,141.300,NaN,NaN,NaN,NaN,NaN,0,613,489,57.830,46.132,464,43.774
4240,4240,141.333,NaN,NaN,NaN,NaN,NaN,0,613,489,57.830,46.132,464,43.774
4241,4241,141.367,NaN,NaN,NaN,NaN,NaN,0,613,489,57.830,46.132,464,43.774
4242,4242,141.400,NaN,NaN,NaN,NaN,NaN,0,613,489,57.830,46.132,464,43.774
4243,4243,141.433,NaN,NaN,NaN,NaN,NaN,0,613,489,57.830,46.132,464,43.774
4244,4244,141.467,NaN,NaN,NaN,NaN,NaN,0,613,489,57.830,46.132,464,43.774
4245,4245,141.500,NaN,NaN,NaN,NaN,NaN,0,613,489,57.830,46.132,464,43.774
4246,4246,141.533,NaN,NaN,NaN,NaN,NaN,0,613,489,57.830,46.132,464,43.774
4247,4247,141.567,NaN,NaN,NaN,NaN,NaN,0,613,489,57.830,46.132,464,43.774
4248,4248,141.600,NaN,NaN,NaN,NaN,NaN,0,613,489,57.830,46.132,464,43.774
4249,4249,141.633,NaN,NaN,NaN,NaN,NaN,0,613,489,57.830,46.132,464,43.774
4250,4250,141.667,NaN,NaN,NaN,NaN,NaN,0,613,489,57.830,46.132,464,43.774
4251,4251,141.700,NaN,NaN,NaN,NaN,NaN,0,613,489,57.830,46.132,464,43.774
4252,4252,141.733,NaN,NaN,NaN,NaN,NaN,0,613,489,57.830,46.132,464,43.774
4253,4253,141.767,NaN,NaN,NaN,NaN,NaN,0,613,489,57.830,46.132,464,43.774
4254,4254,141.800,NaN,NaN,NaN,NaN,NaN,0,613,489,57.830,46.132,464,43.774
4255,4255,141.833,NaN,NaN,NaN,NaN,NaN,0,613,489,57.830,46.132,464,43.774
4256,4256,141.867,NaN,NaN,NaN,NaN,NaN,0,613,489,57.830,46.132,464,43.774
4257,4257,141.900,NaN,NaN,NaN,NaN,NaN,0,613,489,57.830,46.132,464,43.774
4258,4258,141.933,NaN,NaN,NaN,NaN,NaN,0,613,489,57.830,46.132,464,43.774
4259,4259,141.967,NaN,NaN,NaN,NaN,NaN,0,613,489,57.830,46.132,464,43.774
4260,4260,142.000,NaN,NaN,NaN,NaN,NaN,0,613,489,57.830,46.132,464,43.774
4261,4261,142.033,NaN,NaN,NaN,NaN,NaN,0,613,489,57.830,46.132,464,43.774
4262,4262,142.067,NaN,NaN,NaN,NaN,NaN,0,613,489,57.830,46.132,464,43.774
4263,4263,142.100,NaN,NaN,NaN,NaN,NaN,0,613,489,57.830,46.132,464,43.774
4264,4264,142.133,NaN,NaN,NaN,NaN,NaN,0,613,489,57.830,46.132,464,43.774
4265,4265,142.167,NaN,NaN,NaN,NaN,NaN,0,613,489,57.830,46.132,464,43.774
4266,4266,142.200,NaN,NaN,NaN,NaN,NaN,0,613,489,57.830,46.132,464,43.774
4267,4267,142.233,NaN,NaN,NaN,NaN,NaN,0,613,489,57.830,46.132,464,43.774
4268,4268,142.267,NaN,NaN,NaN,NaN,NaN,0,613,489,57.830,46.132,464,43.774
4269,4269,142.300,NaN,NaN,NaN,NaN,NaN,0,613,489,57.830,46.132,464,43.774
4270,4270,142.333,NaN,NaN,NaN,NaN,NaN,0,613,489,57.830,46.132,464,43.774
4271,4271,142.367,NaN,NaN,NaN,NaN,NaN,0,613,489,57.830,46.132,464,43.774
4272,4272,142.400,NaN,NaN,NaN,NaN,NaN,0,613,489,57.830,46.132,464,43.774
4273,4273,142.433,NaN,NaN,NaN,NaN,NaN,0,613,489,57.830,46.132,464,43.774
4274,4274,142.467,NaN,NaN,NaN,NaN,NaN,0,613,489,57.830,46.132,464,43.774
4275,4275,142.500,NaN,NaN,NaN,NaN,NaN,0,613,489,57.830,46.132,464,43.774
4276,4276,142.533,NaN,NaN,NaN,NaN,NaN,0,613,489,57.830,46.132,464,43.774
4277,4277,142.567,NaN,NaN,NaN,NaN,NaN,0,613,489,57.830,46.132,464,43.774
4278,4278,142.600,NaN,NaN,NaN,NaN,NaN,0,613,489,57.830,46.132,464,43.774
4279,4279,142.633,NaN,NaN,NaN,NaN,NaN,0,613,489,57.830,46.132,464,43.774
4280,4280,142.667,NaN,NaN,NaN,NaN,NaN,0,613,489,57.830,46.132,464,43.774
4281,4281,142.700,NaN,NaN,NaN,NaN,NaN,0,613,489,57.830,46.132,464,43.774
4282,4282,142.733,NaN,NaN,NaN,NaN,NaN,0,613,489,57.830,46.132,464,43.774
4283,4283,142.767,NaN,NaN,NaN,NaN,NaN,0,613,489,57.830,46.132,464,43.774
4284,4284,142.800,NaN,NaN,NaN,NaN,NaN,0,613,489,57.830,46.132,464,43.774
4285,4285,142.833,NaN,NaN,NaN,NaN,NaN,0,613,489,57.830,46.132,464,43.774
4286,4286,142.867,NaN,NaN,NaN,NaN,NaN,0,613,489,57.830,46.132,464,43.774
4287,4287,142.900,NaN,NaN,NaN,NaN,NaN,0,613,489,57.830,46.132,464,43.774
4288,4288,142.933,NaN,NaN,NaN,NaN,NaN,0,613,489,57.830,46.132,464,43.774
4289,4289,142.967,NaN,NaN,NaN,NaN,NaN,0,613,489,57.830,46.132,464,43.774
4290,4290,143.000,NaN,NaN,NaN,NaN,NaN,0,613,489,57.830,46.132,464,43.774
4291,4291,143.033,NaN,NaN,NaN,NaN,NaN,0,613,489,57.830,46.132,464,43.774
4292,4292,143.067,NaN,NaN,NaN,NaN,NaN,0,613,489,57.830,46.132,464,43.774
4293,4293,143.100,NaN,NaN,NaN,NaN,NaN,0,613,489,57.830,46.132,464,43.774
4294,4294,143.133,NaN,NaN,NaN,NaN,NaN,0,613,489,57.830,46.132,464,43.774
4295,4295,143.167,NaN,NaN,NaN,NaN,NaN,0,613,489,57.830,46.132,464,43.774
4296,4296,143.200,NaN,NaN,NaN,NaN,NaN,0,613,489,57.830,46.132,464,43.774
4297,4297,143.233,NaN,NaN,NaN,NaN,NaN,0,613,489,57.830,46.132,464,43.774
4298,4298,143.267,NaN,NaN,NaN,NaN,NaN,0,613,489,57.830,46.132,464,43.774
4299,4299,143.300,NaN,NaN,NaN,NaN,NaN,0,613,489,57.830,46.132,464,43.774
4300,4300,143.333,NaN,NaN,NaN,NaN,NaN,0,613,489,57.830,46.132,464,43.774
4301,4301,143.367,NaN,NaN,NaN,NaN,NaN,0,613,489,57.830,46.132,464,43.774
4302,4302,143.400,NaN,NaN,NaN,NaN,NaN,0,613,489,57.830,46.132,464,43.774
4303,4303,143.433,NaN,NaN,NaN,NaN,NaN,0,613,489,57.830,46.132,464,43.774
4304,4304,143.467,NaN,NaN,NaN,NaN,NaN,0,613,489,57.830,46.132,464,43.774
4305,4305,143.500,NaN,NaN,NaN,NaN,NaN,0,613,489,57.830,46.132,464,43.774
4306,4306,143.533,NaN,NaN,NaN,NaN,NaN,0,613,489,57.830,46.132,464,43.774
4307,4307,143.567,NaN,NaN,NaN,NaN,NaN,0,613,489,57.830,46.132,464,43.774
4308,4308,143.600,NaN,NaN,NaN,NaN,NaN,0,613,489,57.830,46.132,464,43.774
4309,4309,143.633,NaN,NaN,NaN,NaN,NaN,0,613,489,57.830,46.132,464,43.774
4310,4310,143.667,NaN,NaN,NaN,NaN,NaN,0,613,489,57.830,46.132,464,43.774
4311,4311,143.700,NaN,NaN,NaN,NaN,NaN,0,613,489,57.830,46.132,464,43.774
4312,4312,143.733,NaN,NaN,NaN,NaN,NaN,0,613,489,57.830,46.132,464,43.774
4313,4313,143.767,NaN,NaN,NaN,NaN,NaN,0,613,489,57.830,46.132,464,43.774
4314,4314,143.800,NaN,NaN,NaN,NaN,NaN,0,613,489,57.830,46.132,464,43.774
4315,4315,143.833,NaN,NaN,NaN,NaN,NaN,0,613,489,57.830,46.132,464,43.774
4316,4316,143.867,NaN,NaN,NaN,NaN,NaN,0,613,489,57.830,46.132,464,43.774
4317,4317,143.900,NaN,NaN,NaN,NaN,NaN,0,613,489,57.830,46.132,464,43.774
4318,4318,143.933,NaN,NaN,NaN,NaN,NaN,0,613,489,57.830,46.132,464,43.774
4319,4319,143.967,NaN,NaN,NaN,NaN,NaN,0,613,489,57.830,46.132,464,43.774
4320,4320,144.000,NaN,NaN,NaN,NaN,NaN,0,613,489,57.830,46.132,464,43.774
4321,4321,144.033,NaN,NaN,NaN,NaN,NaN,0,613,489,57.830,46.132,464,43.774
4322,4322,144.067,NaN,NaN,NaN,NaN,NaN,0,613,489,57.830,46.132,464,43.774
4323,4323,144.100,NaN,NaN,NaN,NaN,NaN,0,613,489,57.830,46.132,464,43.774
4324,4324,144.133,NaN,NaN,NaN,NaN,NaN,0,613,489,57.830,46.132,464,43.774
4325,4325,144.167,NaN,NaN,NaN,NaN,NaN,0,613,489,57.830,46.132,464,43.774
4326,4326,144.200,NaN,NaN,NaN,NaN,NaN,0,613,489,57.830,46.132,464,43.774
4327,4327,144.233,NaN,NaN,NaN,NaN,NaN,0,613,489,57.830,46.132,464,43.774
4328,4328,144.267,NaN,NaN,NaN,NaN,NaN,0,613,489,57.830,46.132,464,43.774
4329,4329,144.300,NaN,NaN,NaN,NaN,NaN,0,613,489,57.830,46.132,464,43.774
4330,4330,144.333,NaN,NaN,NaN,NaN,NaN,0,613,489,57.830,46.132,464,43.774
4331,4331,144.367,NaN,NaN,NaN,NaN,NaN,0,613,489,57.830,46.132,464,43.774
4332,4332,144.400,NaN,NaN,NaN,NaN,NaN,0,613,489,57.830,46.132,464,43.774
4333,4333,144.433,NaN,NaN,NaN,NaN,NaN,0,613,489,57.830,46.132,464,43.774
4334,4334,144.467,NaN,NaN,NaN,NaN,NaN,0,613,489,57.830,46.132,464,43.774
4335,4335,144.500,NaN,NaN,NaN,NaN,NaN,0,613,489,57.830,46.132,464,43.774
4336,4336,144.533,NaN,NaN,NaN,NaN,NaN,0,613,489,57.830,46.132,464,43.774
4337,4337,144.567,NaN,NaN,NaN,NaN,NaN,0,613,489,57.830,46.132,464,43.774
4338,4338,144.600,NaN,NaN,NaN,NaN,NaN,0,613,489,57.830,46.132,464,43.774
4339,4339,144.633,NaN,NaN,NaN,NaN,NaN,0,613,489,57.830,46.132,464,43.774
4340,4340,144.667,NaN,NaN,NaN,NaN,NaN,0,613,489,57.830,46.132,464,43.774
4341,4341,144.700,NaN,NaN,NaN,NaN,NaN,0,613,489,57.830,46.132,464,43.774
4342,4342,144.733,NaN,NaN,NaN,NaN,NaN,0,613,489,57.830,46.132,464,43.774
4343,4343,144.767,NaN,NaN,NaN,NaN,NaN,0,613,489,57.830,46.132,464,43.774
4344,4344,144.800,NaN,NaN,NaN,NaN,NaN,0,613,489,57.830,46.132,464,43.774
4345,4345,144.833,NaN,NaN,NaN,NaN,NaN,0,613,489,57.830,46.132,464,43.774
4346,4346,144.867,NaN,NaN,NaN,NaN,NaN,0,613,489,57.830,46.132,464,43.774
4347,4347,144.900,NaN,NaN,NaN,NaN,NaN,0,613,489,57.830,46.132,464,43.774
4348,4348,144.933,NaN,NaN,NaN,NaN,NaN,0,613,489,57.830,46.132,464,43.774
4349,4349,144.967,NaN,NaN,NaN,NaN,NaN,0,613,489,57.830,46.132,464,43.774
4350,4350,145.000,NaN,NaN,NaN,NaN,NaN,0,613,489,57.830,46.132,464,43.774
4351,4351,145.033,NaN,NaN,NaN,NaN,NaN,0,613,489,57.830,46.132,464,43.774
4352,4352,145.067,NaN,NaN,NaN,NaN,NaN,0,613,489,57.830,46.132,464,43.774
4353,4353,145.100,NaN,NaN,NaN,NaN,NaN,0,613,489,57.830,46.132,464,43.774
4354,4354,145.133,NaN,NaN,NaN,NaN,NaN,0,613,489,57.830,46.132,464,43.774
4355,4355,145.167,NaN,NaN,NaN,NaN,NaN,0,613,489,57.830,46.132,464,43.774
4356,4356,145.200,NaN,NaN,NaN,NaN,NaN,0,613,489,57.830,46.132,464,43.774
4357,4357,145.233,NaN,NaN,NaN,NaN,NaN,0,613,489,57.830,46.132,464,43.774
4358,4358,145.267,NaN,NaN,NaN,NaN,NaN,0,613,489,57.830,46.132,464,43.774
4359,4359,145.300,NaN,NaN,NaN,NaN,NaN,0,613,489,57.830,46.132,464,43.774
4360,4360,145.333,NaN,NaN,NaN,NaN,NaN,0,613,489,57.830,46.132,464,43.774
4361,4361,145.367,NaN,NaN,NaN,NaN,NaN,0,613,489,57.830,46.132,464,43.774
4362,4362,145.400,NaN,NaN,NaN,NaN,NaN,0,613,489,57.830,46.132,464,43.774
4363,4363,145.433,NaN,NaN,NaN,NaN,NaN,0,613,489,57.830,46.132,464,43.774
4364,4364,145.467,NaN,NaN,NaN,NaN,NaN,0,613,489,57.830,46.132,464,43.774
4365,4365,145.500,NaN,NaN,NaN,NaN,NaN,0,613,489,57.830,46.132,464,43.774
4366,4366,145.533,NaN,NaN,NaN,NaN,NaN,0,613,489,57.830,46.132,464,43.774
4367,4367,145.567,NaN,NaN,NaN,NaN,NaN,0,613,489,57.830,46.132,464,43.774
4368,4368,145.600,NaN,NaN,NaN,NaN,NaN,0,613,489,57.830,46.132,464,43.774
4369,4369,145.633,NaN,NaN,NaN,NaN,NaN,0,613,489,57.830,46.132,464,43.774
4370,4370,145.667,NaN,NaN,NaN,NaN,NaN,0,613,489,57.830,46.132,464,43.774
4371,4371,145.700,NaN,NaN,NaN,NaN,NaN,0,613,489,57.830,46.132,464,43.774
4372,4372,145.733,NaN,NaN,NaN,NaN,NaN,0,613,489,57.830,46.132,464,43.774
4373,4373,145.767,NaN,NaN,NaN,NaN,NaN,0,613,489,57.830,46.132,464,43.774
4374,4374,145.800,NaN,NaN,NaN,NaN,NaN,0,613,489,57.830,46.132,464,43.774
4375,4375,145.833,NaN,NaN,NaN,NaN,NaN,0,613,489,57.830,46.132,464,43.774
4376,4376,145.867,NaN,NaN,NaN,NaN,NaN,0,613,489,57.830,46.132,464,43.774
4377,4377,145.900,NaN,NaN,NaN,NaN,NaN,0,613,489,57.830,46.132,464,43.774
4378,4378,145.933,NaN,NaN,NaN,NaN,NaN,0,613,489,57.830,46.132,464,43.774
4379,4379,145.967,NaN,NaN,NaN,NaN,NaN,0,613,489,57.830,46.132,464,43.774
4380,4380,146.000,NaN,NaN,NaN,NaN,NaN,0,613,489,57.830,46.132,464,43.774
4381,4381,146.033,NaN,NaN,NaN,NaN,NaN,0,613,489,57.830,46.132,464,43.774
4382,4382,146.067,NaN,NaN,NaN,NaN,NaN,0,613,489,57.830,46.132,464,43.774
4383,4383,146.100,NaN,NaN,NaN,NaN,NaN,0,613,489,57.830,46.132,464,43.774
4384,4384,146.133,NaN,NaN,NaN,NaN,NaN,0,613,489,57.830,46.132,464,43.774
4385,4385,146.167,NaN,NaN,NaN,NaN,NaN,0,613,489,57.830,46.132,464,43.774
4386,4386,146.200,NaN,NaN,NaN,NaN,NaN,0,613,489,57.830,46.132,464,43.774
4387,4387,146.233,NaN,NaN,NaN,NaN,NaN,0,613,489,57.830,46.132,464,43.774
4388,4388,146.267,NaN,NaN,NaN,NaN,NaN,0,613,489,57.830,46.132,464,43.774
4389,4389,146.300,NaN,NaN,NaN,NaN,NaN,0,613,489,57.830,46.132,464,43.774
4390,4390,146.333,NaN,NaN,NaN,NaN,NaN,0,613,489,57.830,46.132,464,43.774
4391,4391,146.367,NaN,NaN,NaN,NaN,NaN,0,613,489,57.830,46.132,464,43.774
4392,4392,146.400,NaN,NaN,NaN,NaN,NaN,0,613,489,57.830,46.132,464,43.774
4393,4393,146.433,NaN,NaN,NaN,NaN,NaN,0,613,489,57.830,46.132,464,43.774
4394,4394,146.467,NaN,NaN,NaN,NaN,NaN,0,613,489,57.830,46.132,464,43.774
4395,4395,146.500,NaN,NaN,NaN,NaN,NaN,0,613,489,57.830,46.132,464,43.774
4396,4396,146.533,NaN,NaN,NaN,NaN,NaN,0,613,489,57.830,46.132,464,43.774
4397,4397,146.567,NaN,NaN,NaN,NaN,NaN,0,613,489,57.830,46.132,464,43.774
4398,4398,146.600,NaN,NaN,NaN,NaN,NaN,0,613,489,57.830,46.132,464,43.774
4399,4399,146.633,NaN,NaN,NaN,NaN,NaN,0,613,489,57.830,46.132,464,43.774
4400,4400,146.667,NaN,NaN,NaN,NaN,NaN,0,613,489,57.830,46.132,464,43.774
4401,4401,146.700,NaN,NaN,NaN,NaN,NaN,0,613,489,57.830,46.132,464,43.774
4402,4402,146.733,NaN,NaN,NaN,NaN,NaN,0,613,489,57.830,46.132,464,43.774
4403,4403,146.767,NaN,NaN,NaN,NaN,NaN,0,613,489,57.830,46.132,464,43.774
4404,4404,146.800,NaN,NaN,NaN,NaN,NaN,0,613,489,57.830,46.132,464,43.774
4405,4405,146.833,NaN,NaN,NaN,NaN,NaN,0,613,489,57.830,46.132,464,43.774
4406,4406,146.867,NaN,NaN,NaN,NaN,NaN,0,613,489,57.830,46.132,464,43.774
4407,4407,146.900,NaN,NaN,NaN,NaN,NaN,0,613,489,57.830,46.132,464,43.774
4408,4408,146.933,NaN,NaN,NaN,NaN,NaN,0,613,489,57.830,46.132,464,43.774
4409,4409,146.967,NaN,NaN,NaN,NaN,NaN,0,613,489,57.830,46.132,464,43.774
4410,4410,147.000,NaN,NaN,NaN,NaN,NaN,0,613,489,57.830,46.132,464,43.774
4411,4411,147.033,NaN,NaN,NaN,NaN,NaN,0,613,489,57.830,46.132,464,43.774
4412,4412,147.067,NaN,NaN,NaN,NaN,NaN,0,613,489,57.830,46.132,464,43.774
4413,4413,147.100,NaN,NaN,NaN,NaN,NaN,0,613,489,57.830,46.132,464,43.774
4414,4414,147.133,NaN,NaN,NaN,NaN,NaN,0,613,489,57.830,46.132,464,43.774
4415,4415,147.167,NaN,NaN,NaN,NaN,NaN,0,613,489,57.830,46.132,464,43.774
4416,4416,147.200,NaN,NaN,NaN,NaN,NaN,0,613,489,57.830,46.132,464,43.774
4417,4417,147.233,NaN,NaN,NaN,NaN,NaN,0,613,489,57.830,46.132,464,43.774
4418,4418,147.267,NaN,NaN,NaN,NaN,NaN,0,613,489,57.830,46.132,464,43.774
4419,4419,147.300,NaN,NaN,NaN,NaN,NaN,0,613,489,57.830,46.132,464,43.774
4420,4420,147.333,NaN,NaN,NaN,NaN,NaN,0,613,489,57.830,46.132,464,43.774
4421,4421,147.367,NaN,NaN,NaN,NaN,NaN,0,613,489,57.830,46.132,464,43.774
4422,4422,147.400,NaN,NaN,NaN,NaN,NaN,0,613,489,57.830,46.132,464,43.774
4423,4423,147.433,NaN,NaN,NaN,NaN,NaN,0,613,489,57.830,46.132,464,43.774
4424,4424,147.467,NaN,NaN,NaN,NaN,NaN,0,613,489,57.830,46.132,464,43.774
4425,4425,147.500,NaN,NaN,NaN,NaN,NaN,0,613,489,57.830,46.132,464,43.774
4426,4426,147.533,NaN,NaN,NaN,NaN,NaN,0,613,489,57.830,46.132,464,43.774
4427,4427,147.567,NaN,NaN,NaN,NaN,NaN,0,613,489,57.830,46.132,464,43.774
4428,4428,147.600,NaN,NaN,NaN,NaN,NaN,0,613,489,57.830,46.132,464,43.774
4429,4429,147.633,NaN,NaN,NaN,NaN,NaN,0,613,489,57.830,46.132,464,43.774
4430,4430,147.667,NaN,NaN,NaN,NaN,NaN,0,613,489,57.830,46.132,464,43.774
4431,4431,147.700,NaN,NaN,NaN,NaN,NaN,0,613,489,57.830,46.132,464,43.774
4432,4432,147.733,NaN,NaN,NaN,NaN,NaN,0,613,489,57.830,46.132,464,43.774
4433,4433,147.767,NaN,NaN,NaN,NaN,NaN,0,613,489,57.830,46.132,464,43.774
4434,4434,147.800,NaN,NaN,NaN,NaN,NaN,0,613,489,57.830,46.132,464,43.774
4435,4435,147.833,NaN,NaN,NaN,NaN,NaN,0,613,489,57.830,46.132,464,43.774
4436,4436,147.867,NaN,NaN,NaN,NaN,NaN,0,613,489,57.830,46.132,464,43.774
4437,4437,147.900,NaN,NaN,NaN,NaN,NaN,0,613,489,57.830,46.132,464,43.774
4438,4438,147.933,NaN,NaN,NaN,NaN,NaN,0,613,489,57.830,46.132,464,43.774
4439,4439,147.967,NaN,NaN,NaN,NaN,NaN,0,613,489,57.830,46.132,464,43.774
4440,4440,148.000,NaN,NaN,NaN,NaN,NaN,0,613,489,57.830,46.132,464,43.774
4441,4441,148.033,NaN,NaN,NaN,NaN,NaN,0,613,489,57.830,46.132,464,43.774
4442,4442,148.067,NaN,NaN,NaN,NaN,NaN,0,613,489,57.830,46.132,464,43.774
4443,4443,148.100,NaN,NaN,NaN,NaN,NaN,0,613,489,57.830,46.132,464,43.774
4444,4444,148.133,NaN,NaN,NaN,NaN,NaN,0,613,489,57.830,46.132,464,43.774
4445,4445,148.167,NaN,NaN,NaN,NaN,NaN,0,613,489,57.830,46.132,464,43.774
4446,4446,148.200,NaN,NaN,NaN,NaN,NaN,0,613,489,57.830,46.132,464,43.774
4447,4447,148.233,NaN,NaN,NaN,NaN,NaN,0,613,489,57.830,46.132,464,43.774
4448,4448,148.267,NaN,NaN,NaN,NaN,NaN,0,613,489,57.830,46.132,464,43.774
4449,4449,148.300,NaN,NaN,NaN,NaN,NaN,0,613,489,57.830,46.132,464,43.774
4450,4450,148.333,NaN,NaN,NaN,NaN,NaN,0,613,489,57.830,46.132,464,43.774
4451,4451,148.367,NaN,NaN,NaN,NaN,NaN,0,613,489,57.830,46.132,464,43.774
4452,4452,148.400,NaN,NaN,NaN,NaN,NaN,0,613,489,57.830,46.132,464,43.774
4453,4453,148.433,NaN,NaN,NaN,NaN,NaN,0,613,489,57.830,46.132,464,43.774
4454,4454,148.467,NaN,NaN,NaN,NaN,NaN,0,613,489,57.830,46.132,464,43.774
4455,4455,148.500,NaN,NaN,NaN,NaN,NaN,0,613,489,57.830,46.132,464,43.774
4456,4456,148.533,NaN,NaN,NaN,NaN,NaN,0,613,489,57.830,46.132,464,43.774
4457,4457,148.567,NaN,NaN,NaN,NaN,NaN,0,613,489,57.830,46.132,464,43.774
4458,4458,148.600,NaN,NaN,NaN,NaN,NaN,0,613,489,57.830,46.132,464,43.774
4459,4459,148.633,NaN,NaN,NaN,NaN,NaN,0,613,489,57.830,46.132,464,43.774
4460,4460,148.667,NaN,NaN,NaN,NaN,NaN,0,613,489,57.830,46.132,464,43.774
4461,4461,148.700,NaN,NaN,NaN,NaN,NaN,0,613,489,57.830,46.132,464,43.774
4462,4462,148.733,NaN,NaN,NaN,NaN,NaN,0,613,489,57.830,46.132,464,43.774
4463,4463,148.767,NaN,NaN,NaN,NaN,NaN,0,613,489,57.830,46.132,464,43.774
4464,4464,148.800,NaN,NaN,NaN,NaN,NaN,0,613,489,57.830,46.132,464,43.774
4465,4465,148.833,NaN,NaN,NaN,NaN,NaN,0,613,489,57.830,46.132,464,43.774
4466,4466,148.867,NaN,NaN,NaN,NaN,NaN,0,613,489,57.830,46.132,464,43.774
4467,4467,148.900,NaN,NaN,NaN,NaN,NaN,0,613,489,57.830,46.132,464,43.774
4468,4468,148.933,NaN,NaN,NaN,NaN,NaN,0,613,489,57.830,46.132,464,43.774
4469,4469,148.967,NaN,NaN,NaN,NaN,NaN,0,613,489,57.830,46.132,464,43.774
4470,4470,149.000,NaN,NaN,NaN,NaN,NaN,0,613,489,57.830,46.132,464,43.774
4471,4471,149.033,NaN,NaN,NaN,NaN,NaN,0,613,489,57.830,46.132,464,43.774
4472,4472,149.067,NaN,NaN,NaN,NaN,NaN,0,613,489,57.830,46.132,464,43.774
4473,4473,149.100,NaN,NaN,NaN,NaN,NaN,0,613,489,57.830,46.132,464,43.774
4474,4474,149.133,NaN,NaN,NaN,NaN,NaN,0,613,489,57.830,46.132,464,43.774
4475,4475,149.167,NaN,NaN,NaN,NaN,NaN,0,613,489,57.830,46.132,464,43.774
4476,4476,149.200,NaN,NaN,NaN,NaN,NaN,0,613,489,57.830,46.132,464,43.774
4477,4477,149.233,NaN,NaN,NaN,NaN,NaN,0,613,489,57.830,46.132,464,43.774
4478,4478,149.267,NaN,NaN,NaN,NaN,NaN,0,613,489,57.830,46.132,464,43.774
4479,4479,149.300,NaN,NaN,NaN,NaN,NaN,0,613,489,57.830,46.132,464,43.774
4480,4480,149.333,NaN,NaN,NaN,NaN,NaN,0,613,489,57.830,46.132,464,43.774
4481,4481,149.367,NaN,NaN,NaN,NaN,NaN,0,613,489,57.830,46.132,464,43.774
4482,4482,149.400,NaN,NaN,NaN,NaN,NaN,0,613,489,57.830,46.132,464,43.774
4483,4483,149.433,NaN,NaN,NaN,NaN,NaN,0,613,489,57.830,46.132,464,43.774
4484,4484,149.467,NaN,NaN,NaN,NaN,NaN,0,613,489,57.830,46.132,464,43.774
4485,4485,149.500,NaN,NaN,NaN,NaN,NaN,0,613,489,57.830,46.132,464,43.774
4486,4486,149.533,NaN,NaN,NaN,NaN,NaN,0,613,489,57.830,46.132,464,43.774
4487,4487,149.567,NaN,NaN,NaN,NaN,NaN,0,613,489,57.830,46.132,464,43.774
4488,4488,149.600,NaN,NaN,NaN,NaN,NaN,0,613,489,57.830,46.132,464,43.774
4489,4489,149.633,NaN,NaN,NaN,NaN,NaN,0,613,489,57.830,46.132,464,43.774
4490,4490,149.667,NaN,NaN,NaN,NaN,NaN,0,613,489,57.830,46.132,464,43.774
4491,4491,149.700,NaN,NaN,NaN,NaN,NaN,0,613,489,57.830,46.132,464,43.774
4492,4492,149.733,NaN,NaN,NaN,NaN,NaN,0,613,489,57.830,46.132,464,43.774
4493,4493,149.767,NaN,NaN,NaN,NaN,NaN,0,613,489,57.830,46.132,464,43.774
4494,4494,149.800,NaN,NaN,NaN,NaN,NaN,0,613,489,57.830,46.132,464,43.774
4495,4495,149.833,NaN,NaN,NaN,NaN,NaN,0,613,489,57.830,46.132,464,43.774
4496,4496,149.867,NaN,NaN,NaN,NaN,NaN,0,613,489,57.830,46.132,464,43.774
4497,4497,149.900,NaN,NaN,NaN,NaN,NaN,0,613,489,57.830,46.132,464,43.774
4498,4498,149.933,NaN,NaN,NaN,NaN,NaN,0,613,489,57.830,46.132,464,43.774
4499,4499,149.967,NaN,NaN,NaN,NaN,NaN,0,613,489,57.830,46.132,464,43.774
4500,4500,150.000,NaN,NaN,NaN,NaN,NaN,0,613,489,57.830,46.132,464,43.774
4501,4501,150.033,NaN,NaN,NaN,NaN,NaN,0,613,489,57.830,46.132,464,43.774
4502,4502,150.067,NaN,NaN,NaN,NaN,NaN,0,613,489,57.830,46.132,464,43.774
4503,4503,150.100,NaN,NaN,NaN,NaN,NaN,0,613,489,57.830,46.132,464,43.774
4504,4504,150.133,NaN,NaN,NaN,NaN,NaN,0,613,489,57.830,46.132,464,43.774
4505,4505,150.167,NaN,NaN,NaN,NaN,NaN,0,613,489,57.830,46.132,464,43.774
4506,4506,150.200,NaN,NaN,NaN,NaN,NaN,0,613,489,57.830,46.132,464,43.774
4507,4507,150.233,NaN,NaN,NaN,NaN,NaN,0,613,489,57.830,46.132,464,43.774
4508,4508,150.267,NaN,NaN,NaN,NaN,NaN,0,613,489,57.830,46.132,464,43.774
4509,4509,150.300,NaN,NaN,NaN,NaN,NaN,0,613,489,57.830,46.132,464,43.774
4510,4510,150.333,NaN,NaN,NaN,NaN,NaN,0,613,489,57.830,46.132,464,43.774
4511,4511,150.367,NaN,NaN,NaN,NaN,NaN,0,613,489,57.830,46.132,464,43.774
4512,4512,150.400,NaN,NaN,NaN,NaN,NaN,0,613,489,57.830,46.132,464,43.774
4513,4513,150.433,NaN,NaN,NaN,NaN,NaN,0,613,489,57.830,46.132,464,43.774
4514,4514,150.467,NaN,NaN,NaN,NaN,NaN,0,613,489,57.830,46.132,464,43.774
4515,4515,150.500,NaN,NaN,NaN,NaN,NaN,0,613,489,57.830,46.132,464,43.774
4516,4516,150.533,NaN,NaN,NaN,NaN,NaN,0,613,489,57.830,46.132,464,43.774
4517,4517,150.567,NaN,NaN,NaN,NaN,NaN,0,613,489,57.830,46.132,464,43.774
4518,4518,150.600,NaN,NaN,NaN,NaN,NaN,0,613,489,57.830,46.132,464,43.774
4519,4519,150.633,NaN,NaN,NaN,NaN,NaN,0,613,489,57.830,46.132,464,43.774
4520,4520,150.667,NaN,NaN,NaN,NaN,NaN,0,613,489,57.830,46.132,464,43.774
4521,4521,150.700,NaN,NaN,NaN,NaN,NaN,0,613,489,57.830,46.132,464,43.774
4522,4522,150.733,NaN,NaN,NaN,NaN,NaN,0,613,489,57.830,46.132,464,43.774
4523,4523,150.767,NaN,NaN,NaN,NaN,NaN,0,613,489,57.830,46.132,464,43.774
4524,4524,150.800,NaN,NaN,NaN,NaN,NaN,0,613,489,57.830,46.132,464,43.774
4525,4525,150.833,NaN,NaN,NaN,NaN,NaN,0,613,489,57.830,46.132,464,43.774
4526,4526,150.867,NaN,NaN,NaN,NaN,NaN,0,613,489,57.830,46.132,464,43.774
4527,4527,150.900,NaN,NaN,NaN,NaN,NaN,0,613,489,57.830,46.132,464,43.774
4528,4528,150.933,NaN,NaN,NaN,NaN,NaN,0,613,489,57.830,46.132,464,43.774
4529,4529,150.967,NaN,NaN,NaN,NaN,NaN,0,613,489,57.830,46.132,464,43.774
4530,4530,151.000,NaN,NaN,NaN,NaN,NaN,0,613,489,57.830,46.132,464,43.774
4531,4531,151.033,NaN,NaN,NaN,NaN,NaN,0,613,489,57.830,46.132,464,43.774
4532,4532,151.067,NaN,NaN,NaN,NaN,NaN,0,613,489,57.830,46.132,464,43.774
4533,4533,151.100,NaN,NaN,NaN,NaN,NaN,0,613,489,57.830,46.132,464,43.774
4534,4534,151.133,NaN,NaN,NaN,NaN,NaN,0,613,489,57.830,46.132,464,43.774
4535,4535,151.167,NaN,NaN,NaN,NaN,NaN,0,613,489,57.830,46.132,464,43.774
4536,4536,151.200,NaN,NaN,NaN,NaN,NaN,0,613,489,57.830,46.132,464,43.774
4537,4537,151.233,NaN,NaN,NaN,NaN,NaN,0,613,489,57.830,46.132,464,43.774
4538,4538,151.267,NaN,NaN,NaN,NaN,NaN,0,613,489,57.830,46.132,464,43.774
4539,4539,151.300,NaN,NaN,NaN,NaN,NaN,0,613,489,57.830,46.132,464,43.774
4540,4540,151.333,NaN,NaN,NaN,NaN,NaN,0,613,489,57.830,46.132,464,43.774
4541,4541,151.367,NaN,NaN,NaN,NaN,NaN,0,613,489,57.830,46.132,464,43.774
4542,4542,151.400,NaN,NaN,NaN,NaN,NaN,0,613,489,57.830,46.132,464,43.774
4543,4543,151.433,NaN,NaN,NaN,NaN,NaN,0,613,489,57.830,46.132,464,43.774
4544,4544,151.467,NaN,NaN,NaN,NaN,NaN,0,613,489,57.830,46.132,464,43.774
4545,4545,151.500,NaN,NaN,NaN,NaN,NaN,0,613,489,57.830,46.132,464,43.774
4546,4546,151.533,NaN,NaN,NaN,NaN,NaN,0,613,489,57.830,46.132,464,43.774
4547,4547,151.567,NaN,NaN,NaN,NaN,NaN,0,613,489,57.830,46.132,464,43.774
4548,4548,151.600,NaN,NaN,NaN,NaN,NaN,0,613,489,57.830,46.132,464,43.774
4549,4549,151.633,NaN,NaN,NaN,NaN,NaN,0,613,489,57.830,46.132,464,43.774
4550,4550,151.667,NaN,NaN,NaN,NaN,NaN,0,613,489,57.830,46.132,464,43.774
4551,4551,151.700,NaN,NaN,NaN,NaN,NaN,0,613,489,57.830,46.132,464,43.774
4552,4552,151.733,NaN,NaN,NaN,NaN,NaN,0,613,489,57.830,46.132,464,43.774
4553,4553,151.767,NaN,NaN,NaN,NaN,NaN,0,613,489,57.830,46.132,464,43.774
4554,4554,151.800,NaN,NaN,NaN,NaN,NaN,0,613,489,57.830,46.132,464,43.774
4555,4555,151.833,NaN,NaN,NaN,NaN,NaN,0,613,489,57.830,46.132,464,43.774
4556,4556,151.867,NaN,NaN,NaN,NaN,NaN,0,613,489,57.830,46.132,464,43.774
4557,4557,151.900,NaN,NaN,NaN,NaN,NaN,0,613,489,57.830,46.132,464,43.774
4558,4558,151.933,NaN,NaN,NaN,NaN,NaN,0,613,489,57.830,46.132,464,43.774
4559,4559,151.967,NaN,NaN,NaN,NaN,NaN,0,613,489,57.830,46.132,464,43.774
4560,4560,152.000,NaN,NaN,NaN,NaN,NaN,0,613,489,57.830,46.132,464,43.774
4561,4561,152.033,NaN,NaN,NaN,NaN,NaN,0,613,489,57.830,46.132,464,43.774
4562,4562,152.067,NaN,NaN,NaN,NaN,NaN,0,613,489,57.830,46.132,464,43.774
4563,4563,152.100,NaN,NaN,NaN,NaN,NaN,0,613,489,57.830,46.132,464,43.774
4564,4564,152.133,NaN,NaN,NaN,NaN,NaN,0,613,489,57.830,46.132,464,43.774
4565,4565,152.167,NaN,NaN,NaN,NaN,NaN,0,613,489,57.830,46.132,464,43.774
4566,4566,152.200,NaN,NaN,NaN,NaN,NaN,0,613,489,57.830,46.132,464,43.774
4567,4567,152.233,NaN,NaN,NaN,NaN,NaN,0,613,489,57.830,46.132,464,43.774
4568,4568,152.267,NaN,NaN,NaN,NaN,NaN,0,613,489,57.830,46.132,464,43.774
4569,4569,152.300,NaN,NaN,NaN,NaN,NaN,0,613,489,57.830,46.132,464,43.774
4570,4570,152.333,NaN,NaN,NaN,NaN,NaN,0,613,489,57.830,46.132,464,43.774
4571,4571,152.367,NaN,NaN,NaN,NaN,NaN,0,613,489,57.830,46.132,464,43.774
4572,4572,152.400,NaN,NaN,NaN,NaN,NaN,0,613,489,57.830,46.132,464,43.774
4573,4573,152.433,NaN,NaN,NaN,NaN,NaN,0,613,489,57.830,46.132,464,43.774
4574,4574,152.467,NaN,NaN,NaN,NaN,NaN,0,613,489,57.830,46.132,464,43.774
4575,4575,152.500,NaN,NaN,NaN,NaN,NaN,0,613,489,57.830,46.132,464,43.774
4576,4576,152.533,NaN,NaN,NaN,NaN,NaN,0,613,489,57.830,46.132,464,43.774
4577,4577,152.567,NaN,NaN,NaN,NaN,NaN,0,613,489,57.830,46.132,464,43.774
4578,4578,152.600,NaN,NaN,NaN,NaN,NaN,0,613,489,57.830,46.132,464,43.774
4579,4579,152.633,NaN,NaN,NaN,NaN,NaN,0,613,489,57.830,46.132,464,43.774
4580,4580,152.667,NaN,NaN,NaN,NaN,NaN,0,613,489,57.830,46.132,464,43.774
4581,4581,152.700,NaN,NaN,NaN,NaN,NaN,0,613,489,57.830,46.132,464,43.774
4582,4582,152.733,NaN,NaN,NaN,NaN,NaN,0,613,489,57.830,46.132,464,43.774
4583,4583,152.767,NaN,NaN,NaN,NaN,NaN,0,613,489,57.830,46.132,464,43.774
4584,4584,152.800,NaN,NaN,NaN,NaN,NaN,0,613,489,57.830,46.132,464,43.774
4585,4585,152.833,NaN,NaN,NaN,NaN,NaN,0,613,489,57.830,46.132,464,43.774
4586,4586,152.867,NaN,NaN,NaN,NaN,NaN,0,613,489,57.830,46.132,464,43.774
4587,4587,152.900,NaN,NaN,NaN,NaN,NaN,0,613,489,57.830,46.132,464,43.774
4588,4588,152.933,NaN,NaN,NaN,NaN,NaN,0,613,489,57.830,46.132,464,43.774
4589,4589,152.967,NaN,NaN,NaN,NaN,NaN,0,613,489,57.830,46.132,464,43.774
4590,4590,153.000,NaN,NaN,NaN,NaN,NaN,0,613,489,57.830,46.132,464,43.774
4591,4591,153.033,NaN,NaN,NaN,NaN,NaN,0,613,489,57.830,46.132,464,43.774
4592,4592,153.067,NaN,NaN,NaN,NaN,NaN,0,613,489,57.830,46.132,464,43.774
4593,4593,153.100,NaN,NaN,NaN,NaN,NaN,0,613,489,57.830,46.132,464,43.774
4594,4594,153.133,NaN,NaN,NaN,NaN,NaN,0,613,489,57.830,46.132,464,43.774
4595,4595,153.167,NaN,NaN,NaN,NaN,NaN,0,613,489,57.830,46.132,464,43.774
4596,4596,153.200,NaN,NaN,NaN,NaN,NaN,0,613,489,57.830,46.132,464,43.774
4597,4597,153.233,NaN,NaN,NaN,NaN,NaN,0,613,489,57.830,46.132,464,43.774
4598,4598,153.267,NaN,NaN,NaN,NaN,NaN,0,613,489,57.830,46.132,464,43.774
4599,4599,153.300,NaN,NaN,NaN,NaN,NaN,0,613,489,57.830,46.132,464,43.774
4600,4600,153.333,NaN,NaN,NaN,NaN,NaN,0,613,489,57.830,46.132,464,43.774
4601,4601,153.367,NaN,NaN,NaN,NaN,NaN,0,613,489,57.830,46.132,464,43.774
4602,4602,153.400,NaN,NaN,NaN,NaN,NaN,0,613,489,57.830,46.132,464,43.774
4603,4603,153.433,NaN,NaN,NaN,NaN,NaN,0,613,489,57.830,46.132,464,43.774
4604,4604,153.467,NaN,NaN,NaN,NaN,NaN,0,613,489,57.830,46.132,464,43.774
4605,4605,153.500,NaN,NaN,NaN,NaN,NaN,0,613,489,57.830,46.132,464,43.774
4606,4606,153.533,NaN,NaN,NaN,NaN,NaN,0,613,489,57.830,46.132,464,43.774
4607,4607,153.567,NaN,NaN,NaN,NaN,NaN,0,613,489,57.830,46.132,464,43.774
4608,4608,153.600,NaN,NaN,NaN,NaN,NaN,0,613,489,57.830,46.132,464,43.774
4609,4609,153.633,NaN,NaN,NaN,NaN,NaN,0,613,489,57.830,46.132,464,43.774
4610,4610,153.667,NaN,NaN,NaN,NaN,NaN,0,613,489,57.830,46.132,464,43.774
4611,4611,153.700,NaN,NaN,NaN,NaN,NaN,0,613,489,57.830,46.132,464,43.774
4612,4612,153.733,NaN,NaN,NaN,NaN,NaN,0,613,489,57.830,46.132,464,43.774
4613,4613,153.767,NaN,NaN,NaN,NaN,NaN,0,613,489,57.830,46.132,464,43.774
4614,4614,153.800,NaN,NaN,NaN,NaN,NaN,0,613,489,57.830,46.132,464,43.774
4615,4615,153.833,NaN,NaN,NaN,NaN,NaN,0,613,489,57.830,46.132,464,43.774
4616,4616,153.867,NaN,NaN,NaN,NaN,NaN,0,613,489,57.830,46.132,464,43.774
4617,4617,153.900,NaN,NaN,NaN,NaN,NaN,0,613,489,57.830,46.132,464,43.774
4618,4618,153.933,NaN,NaN,NaN,NaN,NaN,0,613,489,57.830,46.132,464,43.774
4619,4619,153.967,NaN,NaN,NaN,NaN,NaN,0,613,489,57.830,46.132,464,43.774
4620,4620,154.000,NaN,NaN,NaN,NaN,NaN,0,613,489,57.830,46.132,464,43.774
4621,4621,154.033,NaN,NaN,NaN,NaN,NaN,0,613,489,57.830,46.132,464,43.774
4622,4622,154.067,NaN,NaN,NaN,NaN,NaN,0,613,489,57.830,46.132,464,43.774
4623,4623,154.100,NaN,NaN,NaN,NaN,NaN,0,613,489,57.830,46.132,464,43.774
4624,4624,154.133,NaN,NaN,NaN,NaN,NaN,0,613,489,57.830,46.132,464,43.774
4625,4625,154.167,NaN,NaN,NaN,NaN,NaN,0,613,489,57.830,46.132,464,43.774
4626,4626,154.200,NaN,NaN,NaN,NaN,NaN,0,613,489,57.830,46.132,464,43.774
4627,4627,154.233,NaN,NaN,NaN,NaN,NaN,0,613,489,57.830,46.132,464,43.774
4628,4628,154.267,NaN,NaN,NaN,NaN,NaN,0,613,489,57.830,46.132,464,43.774
4629,4629,154.300,NaN,NaN,NaN,NaN,NaN,0,613,489,57.830,46.132,464,43.774
4630,4630,154.333,NaN,NaN,NaN,NaN,NaN,0,613,489,57.830,46.132,464,43.774
4631,4631,154.367,NaN,NaN,NaN,NaN,NaN,0,613,489,57.830,46.132,464,43.774
4632,4632,154.400,NaN,NaN,NaN,NaN,NaN,0,613,489,57.830,46.132,464,43.774
4633,4633,154.433,NaN,NaN,NaN,NaN,NaN,0,613,489,57.830,46.132,464,43.774
4634,4634,154.467,NaN,NaN,NaN,NaN,NaN,0,613,489,57.830,46.132,464,43.774
4635,4635,154.500,NaN,NaN,NaN,NaN,NaN,0,613,489,57.830,46.132,464,43.774
4636,4636,154.533,NaN,NaN,NaN,NaN,NaN,0,613,489,57.830,46.132,464,43.774
4637,4637,154.567,NaN,NaN,NaN,NaN,NaN,0,613,489,57.830,46.132,464,43.774
4638,4638,154.600,NaN,NaN,NaN,NaN,NaN,0,613,489,57.830,46.132,464,43.774
4639,4639,154.633,NaN,NaN,NaN,NaN,NaN,0,613,489,57.830,46.132,464,43.774
4640,4640,154.667,NaN,NaN,NaN,NaN,NaN,0,613,489,57.830,46.132,464,43.774
4641,4641,154.700,NaN,NaN,NaN,NaN,NaN,0,613,489,57.830,46.132,464,43.774
4642,4642,154.733,NaN,NaN,NaN,NaN,NaN,0,613,489,57.830,46.132,464,43.774
4643,4643,154.767,NaN,NaN,NaN,NaN,NaN,0,613,489,57.830,46.132,464,43.774
4644,4644,154.800,NaN,NaN,NaN,NaN,NaN,0,613,489,57.830,46.132,464,43.774
4645,4645,154.833,NaN,NaN,NaN,NaN,NaN,0,613,489,57.830,46.132,464,43.774
4646,4646,154.867,NaN,NaN,NaN,NaN,NaN,0,613,489,57.830,46.132,464,43.774
4647,4647,154.900,NaN,NaN,NaN,NaN,NaN,0,613,489,57.830,46.132,464,43.774
4648,4648,154.933,NaN,NaN,NaN,NaN,NaN,0,613,489,57.830,46.132,464,43.774
4649,4649,154.967,NaN,NaN,NaN,NaN,NaN,0,613,489,57.830,46.132,464,43.774
4650,4650,155.000,NaN,NaN,NaN,NaN,NaN,0,613,489,57.830,46.132,464,43.774
4651,4651,155.033,NaN,NaN,NaN,NaN,NaN,0,613,489,57.830,46.132,464,43.774
4652,4652,155.067,NaN,NaN,NaN,NaN,NaN,0,613,489,57.830,46.132,464,43.774
4653,4653,155.100,NaN,NaN,NaN,NaN,NaN,0,613,489,57.830,46.132,464,43.774
4654,4654,155.133,NaN,NaN,NaN,NaN,NaN,0,613,489,57.830,46.132,464,43.774
4655,4655,155.167,NaN,NaN,NaN,NaN,NaN,0,613,489,57.830,46.132,464,43.774
4656,4656,155.200,NaN,NaN,NaN,NaN,NaN,0,613,489,57.830,46.132,464,43.774
4657,4657,155.233,NaN,NaN,NaN,NaN,NaN,0,613,489,57.830,46.132,464,43.774
4658,4658,155.267,NaN,NaN,NaN,NaN,NaN,0,613,489,57.830,46.132,464,43.774
4659,4659,155.300,NaN,NaN,NaN,NaN,NaN,0,613,489,57.830,46.132,464,43.774
4660,4660,155.333,NaN,NaN,NaN,NaN,NaN,0,613,489,57.830,46.132,464,43.774
4661,4661,155.367,NaN,NaN,NaN,NaN,NaN,0,613,489,57.830,46.132,464,43.774
4662,4662,155.400,NaN,NaN,NaN,NaN,NaN,0,613,489,57.830,46.132,464,43.774
4663,4663,155.433,NaN,NaN,NaN,NaN,NaN,0,613,489,57.830,46.132,464,43.774
4664,4664,155.467,NaN,NaN,NaN,NaN,NaN,0,613,489,57.830,46.132,464,43.774
4665,4665,155.500,NaN,NaN,NaN,NaN,NaN,0,613,489,57.830,46.132,464,43.774
4666,4666,155.533,NaN,NaN,NaN,NaN,NaN,0,613,489,57.830,46.132,464,43.774
4667,4667,155.567,NaN,NaN,NaN,NaN,NaN,0,613,489,57.830,46.132,464,43.774
4668,4668,155.600,NaN,NaN,NaN,NaN,NaN,0,613,489,57.830,46.132,464,43.774
4669,4669,155.633,NaN,NaN,NaN,NaN,NaN,0,613,489,57.830,46.132,464,43.774
4670,4670,155.667,NaN,NaN,NaN,NaN,NaN,0,613,489,57.830,46.132,464,43.774
4671,4671,155.700,NaN,NaN,NaN,NaN,NaN,0,613,489,57.830,46.132,464,43.774
4672,4672,155.733,NaN,NaN,NaN,NaN,NaN,0,613,489,57.830,46.132,464,43.774
4673,4673,155.767,NaN,NaN,NaN,NaN,NaN,0,613,489,57.830,46.132,464,43.774
4674,4674,155.800,NaN,NaN,NaN,NaN,NaN,0,613,489,57.830,46.132,464,43.774
4675,4675,155.833,NaN,NaN,NaN,NaN,NaN,0,613,489,57.830,46.132,464,43.774
4676,4676,155.867,NaN,NaN,NaN,NaN,NaN,0,613,489,57.830,46.132,464,43.774
4677,4677,155.900,NaN,NaN,NaN,NaN,NaN,0,613,489,57.830,46.132,464,43.774
4678,4678,155.933,NaN,NaN,NaN,NaN,NaN,0,613,489,57.830,46.132,464,43.774
4679,4679,155.967,NaN,NaN,NaN,NaN,NaN,0,613,489,57.830,46.132,464,43.774
4680,4680,156.000,NaN,NaN,NaN,NaN,NaN,0,613,489,57.830,46.132,464,43.774
4681,4681,156.033,NaN,NaN,NaN,NaN,NaN,0,613,489,57.830,46.132,464,43.774
4682,4682,156.067,NaN,NaN,NaN,NaN,NaN,0,613,489,57.830,46.132,464,43.774
4683,4683,156.100,NaN,NaN,NaN,NaN,NaN,0,613,489,57.830,46.132,464,43.774
4684,4684,156.133,NaN,NaN,NaN,NaN,NaN,0,613,489,57.830,46.132,464,43.774
4685,4685,156.167,NaN,NaN,NaN,NaN,NaN,0,613,489,57.830,46.132,464,43.774
4686,4686,156.200,NaN,NaN,NaN,NaN,NaN,0,613,489,57.830,46.132,464,43.774
4687,4687,156.233,NaN,NaN,NaN,NaN,NaN,0,613,489,57.830,46.132,464,43.774
4688,4688,156.267,NaN,NaN,NaN,NaN,NaN,0,613,489,57.830,46.132,464,43.774
4689,4689,156.300,NaN,NaN,NaN,NaN,NaN,0,613,489,57.830,46.132,464,43.774
4690,4690,156.333,NaN,NaN,NaN,NaN,NaN,0,613,489,57.830,46.132,464,43.774
4691,4691,156.367,NaN,NaN,NaN,NaN,NaN,0,613,489,57.830,46.132,464,43.774
4692,4692,156.400,NaN,NaN,NaN,NaN,NaN,0,613,489,57.830,46.132,464,43.774
4693,4693,156.433,NaN,NaN,NaN,NaN,NaN,0,613,489,57.830,46.132,464,43.774
4694,4694,156.467,NaN,NaN,NaN,NaN,NaN,0,613,489,57.830,46.132,464,43.774
4695,4695,156.500,NaN,NaN,NaN,NaN,NaN,0,613,489,57.830,46.132,464,43.774
4696,4696,156.533,NaN,NaN,NaN,NaN,NaN,0,613,489,57.830,46.132,464,43.774
4697,4697,156.567,NaN,NaN,NaN,NaN,NaN,0,613,489,57.830,46.132,464,43.774
4698,4698,156.600,NaN,NaN,NaN,NaN,NaN,0,613,489,57.830,46.132,464,43.774
4699,4699,156.633,NaN,NaN,NaN,NaN,NaN,0,613,489,57.830,46.132,464,43.774
4700,4700,156.667,NaN,NaN,NaN,NaN,NaN,0,613,489,57.830,46.132,464,43.774
4701,4701,156.700,NaN,NaN,NaN,NaN,NaN,0,613,489,57.830,46.132,464,43.774
4702,4702,156.733,NaN,NaN,NaN,NaN,NaN,0,613,489,57.830,46.132,464,43.774
4703,4703,156.767,NaN,NaN,NaN,NaN,NaN,0,613,489,57.830,46.132,464,43.774
4704,4704,156.800,NaN,NaN,NaN,NaN,NaN,0,613,489,57.830,46.132,464,43.774
4705,4705,156.833,NaN,NaN,NaN,NaN,NaN,0,613,489,57.830,46.132,464,43.774
4706,4706,156.867,NaN,NaN,NaN,NaN,NaN,0,613,489,57.830,46.132,464,43.774
4707,4707,156.900,NaN,NaN,NaN,NaN,NaN,0,613,489,57.830,46.132,464,43.774
4708,4708,156.933,NaN,NaN,NaN,NaN,NaN,0,613,489,57.830,46.132,464,43.774
4709,4709,156.967,NaN,NaN,NaN,NaN,NaN,0,613,489,57.830,46.132,464,43.774
4710,4710,157.000,NaN,NaN,NaN,NaN,NaN,0,613,489,57.830,46.132,464,43.774
4711,4711,157.033,NaN,NaN,NaN,NaN,NaN,0,613,489,57.830,46.132,464,43.774
4712,4712,157.067,NaN,NaN,NaN,NaN,NaN,0,613,489,57.830,46.132,464,43.774
4713,4713,157.100,NaN,NaN,NaN,NaN,NaN,0,613,489,57.830,46.132,464,43.774
4714,4714,157.133,NaN,NaN,NaN,NaN,NaN,0,613,489,57.830,46.132,464,43.774
4715,4715,157.167,NaN,NaN,NaN,NaN,NaN,0,613,489,57.830,46.132,464,43.774
4716,4716,157.200,NaN,NaN,NaN,NaN,NaN,0,613,489,57.830,46.132,464,43.774
4717,4717,157.233,NaN,NaN,NaN,NaN,NaN,0,613,489,57.830,46.132,464,43.774
4718,4718,157.267,NaN,NaN,NaN,NaN,NaN,0,613,489,57.830,46.132,464,43.774
4719,4719,157.300,NaN,NaN,NaN,NaN,NaN,0,613,489,57.830,46.132,464,43.774
4720,4720,157.333,NaN,NaN,NaN,NaN,NaN,0,613,489,57.830,46.132,464,43.774
4721,4721,157.367,NaN,NaN,NaN,NaN,NaN,0,613,489,57.830,46.132,464,43.774
4722,4722,157.400,NaN,NaN,NaN,NaN,NaN,0,613,489,57.830,46.132,464,43.774
4723,4723,157.433,NaN,NaN,NaN,NaN,NaN,0,613,489,57.830,46.132,464,43.774
4724,4724,157.467,NaN,NaN,NaN,NaN,NaN,0,613,489,57.830,46.132,464,43.774
4725,4725,157.500,NaN,NaN,NaN,NaN,NaN,0,613,489,57.830,46.132,464,43.774
4726,4726,157.533,NaN,NaN,NaN,NaN,NaN,0,613,489,57.830,46.132,464,43.774
4727,4727,157.567,NaN,NaN,NaN,NaN,NaN,0,613,489,57.830,46.132,464,43.774
4728,4728,157.600,NaN,NaN,NaN,NaN,NaN,0,613,489,57.830,46.132,464,43.774
4729,4729,157.633,NaN,NaN,NaN,NaN,NaN,0,613,489,57.830,46.132,464,43.774
4730,4730,157.667,NaN,NaN,NaN,NaN,NaN,0,613,489,57.830,46.132,464,43.774
4731,4731,157.700,NaN,NaN,NaN,NaN,NaN,0,613,489,57.830,46.132,464,43.774
4732,4732,157.733,NaN,NaN,NaN,NaN,NaN,0,613,489,57.830,46.132,464,43.774
4733,4733,157.767,NaN,NaN,NaN,NaN,NaN,0,613,489,57.830,46.132,464,43.774
4734,4734,157.800,NaN,NaN,NaN,NaN,NaN,0,613,489,57.830,46.132,464,43.774
4735,4735,157.833,NaN,NaN,NaN,NaN,NaN,0,613,489,57.830,46.132,464,43.774
4736,4736,157.867,NaN,NaN,NaN,NaN,NaN,0,613,489,57.830,46.132,464,43.774
4737,4737,157.900,NaN,NaN,NaN,NaN,NaN,0,613,489,57.830,46.132,464,43.774
4738,4738,157.933,NaN,NaN,NaN,NaN,NaN,0,613,489,57.830,46.132,464,43.774
4739,4739,157.967,NaN,NaN,NaN,NaN,NaN,0,613,489,57.830,46.132,464,43.774
4740,4740,158.000,NaN,NaN,NaN,NaN,NaN,0,613,489,57.830,46.132,464,43.774
4741,4741,158.033,NaN,NaN,NaN,NaN,NaN,0,613,489,57.830,46.132,464,43.774
4742,4742,158.067,NaN,NaN,NaN,NaN,NaN,0,613,489,57.830,46.132,464,43.774
4743,4743,158.100,NaN,NaN,NaN,NaN,NaN,0,613,489,57.830,46.132,464,43.774
4744,4744,158.133,NaN,NaN,NaN,NaN,NaN,0,613,489,57.830,46.132,464,43.774
4745,4745,158.167,NaN,NaN,NaN,NaN,NaN,0,613,489,57.830,46.132,464,43.774
4746,4746,158.200,NaN,NaN,NaN,NaN,NaN,0,613,489,57.830,46.132,464,43.774
4747,4747,158.233,NaN,NaN,NaN,NaN,NaN,0,613,489,57.830,46.132,464,43.774
4748,4748,158.267,NaN,NaN,NaN,NaN,NaN,0,613,489,57.830,46.132,464,43.774
4749,4749,158.300,NaN,NaN,NaN,NaN,NaN,0,613,489,57.830,46.132,464,43.774
4750,4750,158.333,NaN,NaN,NaN,NaN,NaN,0,613,489,57.830,46.132,464,43.774
4751,4751,158.367,NaN,NaN,NaN,NaN,NaN,0,613,489,57.830,46.132,464,43.774
4752,4752,158.400,NaN,NaN,NaN,NaN,NaN,0,613,489,57.830,46.132,464,43.774
4753,4753,158.433,NaN,NaN,NaN,NaN,NaN,0,613,489,57.830,46.132,464,43.774
4754,4754,158.467,NaN,NaN,NaN,NaN,NaN,0,613,489,57.830,46.132,464,43.774
4755,4755,158.500,NaN,NaN,NaN,NaN,NaN,0,613,489,57.830,46.132,464,43.774
4756,4756,158.533,NaN,NaN,NaN,NaN,NaN,0,613,489,57.830,46.132,464,43.774
4757,4757,158.567,NaN,NaN,NaN,NaN,NaN,0,613,489,57.830,46.132,464,43.774
4758,4758,158.600,NaN,NaN,NaN,NaN,NaN,0,613,489,57.830,46.132,464,43.774
4759,4759,158.633,NaN,NaN,NaN,NaN,NaN,0,613,489,57.830,46.132,464,43.774
4760,4760,158.667,NaN,NaN,NaN,NaN,NaN,0,613,489,57.830,46.132,464,43.774
4761,4761,158.700,NaN,NaN,NaN,NaN,NaN,0,613,489,57.830,46.132,464,43.774
4762,4762,158.733,NaN,NaN,NaN,NaN,NaN,0,613,489,57.830,46.132,464,43.774
4763,4763,158.767,NaN,NaN,NaN,NaN,NaN,0,613,489,57.830,46.132,464,43.774
4764,4764,158.800,NaN,NaN,NaN,NaN,NaN,0,613,489,57.830,46.132,464,43.774
4765,4765,158.833,NaN,NaN,NaN,NaN,NaN,0,613,489,57.830,46.132,464,43.774
4766,4766,158.867,NaN,NaN,NaN,NaN,NaN,0,613,489,57.830,46.132,464,43.774
4767,4767,158.900,NaN,NaN,NaN,NaN,NaN,0,613,489,57.830,46.132,464,43.774
4768,4768,158.933,NaN,NaN,NaN,NaN,NaN,0,613,489,57.830,46.132,464,43.774
4769,4769,158.967,NaN,NaN,NaN,NaN,NaN,0,613,489,57.830,46.132,464,43.774
4770,4770,159.000,NaN,NaN,NaN,NaN,NaN,0,613,489,57.830,46.132,464,43.774
4771,4771,159.033,NaN,NaN,NaN,NaN,NaN,0,613,489,57.830,46.132,464,43.774
4772,4772,159.067,NaN,NaN,NaN,NaN,NaN,0,613,489,57.830,46.132,464,43.774
4773,4773,159.100,NaN,NaN,NaN,NaN,NaN,0,613,489,57.830,46.132,464,43.774
4774,4774,159.133,NaN,NaN,NaN,NaN,NaN,0,613,489,57.830,46.132,464,43.774
4775,4775,159.167,NaN,NaN,NaN,NaN,NaN,0,613,489,57.830,46.132,464,43.774
4776,4776,159.200,NaN,NaN,NaN,NaN,NaN,0,613,489,57.830,46.132,464,43.774
4777,4777,159.233,NaN,NaN,NaN,NaN,NaN,0,613,489,57.830,46.132,464,43.774
4778,4778,159.267,NaN,NaN,NaN,NaN,NaN,0,613,489,57.830,46.132,464,43.774
4779,4779,159.300,NaN,NaN,NaN,NaN,NaN,0,613,489,57.830,46.132,464,43.774
4780,4780,159.333,NaN,NaN,NaN,NaN,NaN,0,613,489,57.830,46.132,464,43.774
4781,4781,159.367,NaN,NaN,NaN,NaN,NaN,0,613,489,57.830,46.132,464,43.774
4782,4782,159.400,NaN,NaN,NaN,NaN,NaN,0,613,489,57.830,46.132,464,43.774
4783,4783,159.433,NaN,NaN,NaN,NaN,NaN,0,613,489,57.830,46.132,464,43.774
4784,4784,159.467,NaN,NaN,NaN,NaN,NaN,0,613,489,57.830,46.132,464,43.774
4785,4785,159.500,NaN,NaN,NaN,NaN,NaN,0,613,489,57.830,46.132,464,43.774
4786,4786,159.533,NaN,NaN,NaN,NaN,NaN,0,613,489,57.830,46.132,464,43.774
4787,4787,159.567,NaN,NaN,NaN,NaN,NaN,0,613,489,57.830,46.132,464,43.774
4788,4788,159.600,NaN,NaN,NaN,NaN,NaN,0,613,489,57.830,46.132,464,43.774
4789,4789,159.633,NaN,NaN,NaN,NaN,NaN,0,613,489,57.830,46.132,464,43.774
4790,4790,159.667,NaN,NaN,NaN,NaN,NaN,0,613,489,57.830,46.132,464,43.774
4791,4791,159.700,NaN,NaN,NaN,NaN,NaN,0,613,489,57.830,46.132,464,43.774
4792,4792,159.733,NaN,NaN,NaN,NaN,NaN,0,613,489,57.830,46.132,464,43.774
4793,4793,159.767,NaN,NaN,NaN,NaN,NaN,0,613,489,57.830,46.132,464,43.774
4794,4794,159.800,NaN,NaN,NaN,NaN,NaN,0,613,489,57.830,46.132,464,43.774
4795,4795,159.833,NaN,NaN,NaN,NaN,NaN,0,613,489,57.830,46.132,464,43.774
4796,4796,159.867,NaN,NaN,NaN,NaN,NaN,0,613,489,57.830,46.132,464,43.774
4797,4797,159.900,NaN,NaN,NaN,NaN,NaN,0,613,489,57.830,46.132,464,43.774
4798,4798,159.933,NaN,NaN,NaN,NaN,NaN,0,613,489,57.830,46.132,464,43.774
4799,4799,159.967,NaN,NaN,NaN,NaN,NaN,0,613,489,57.830,46.132,464,43.774
4800,4800,160.000,NaN,NaN,NaN,NaN,NaN,0,613,489,57.830,46.132,464,43.774
4801,4801,160.033,NaN,NaN,NaN,NaN,NaN,0,613,489,57.830,46.132,464,43.774
4802,4802,160.067,NaN,NaN,NaN,NaN,NaN,0,613,489,57.830,46.132,464,43.774
4803,4803,160.100,NaN,NaN,NaN,NaN,NaN,0,613,489,57.830,46.132,464,43.774
4804,4804,160.133,NaN,NaN,NaN,NaN,NaN,0,613,489,57.830,46.132,464,43.774
4805,4805,160.167,NaN,NaN,NaN,NaN,NaN,0,613,489,57.830,46.132,464,43.774
4806,4806,160.200,NaN,NaN,NaN,NaN,NaN,0,613,489,57.830,46.132,464,43.774
4807,4807,160.233,NaN,NaN,NaN,NaN,NaN,0,613,489,57.830,46.132,464,43.774
4808,4808,160.267,NaN,NaN,NaN,NaN,NaN,0,613,489,57.830,46.132,464,43.774
4809,4809,160.300,NaN,NaN,NaN,NaN,NaN,0,613,489,57.830,46.132,464,43.774
4810,4810,160.333,NaN,NaN,NaN,NaN,NaN,0,613,489,57.830,46.132,464,43.774
4811,4811,160.367,NaN,NaN,NaN,NaN,NaN,0,613,489,57.830,46.132,464,43.774
4812,4812,160.400,NaN,NaN,NaN,NaN,NaN,0,613,489,57.830,46.132,464,43.774
4813,4813,160.433,NaN,NaN,NaN,NaN,NaN,0,613,489,57.830,46.132,464,43.774
4814,4814,160.467,NaN,NaN,NaN,NaN,NaN,0,613,489,57.830,46.132,464,43.774
4815,4815,160.500,NaN,NaN,NaN,NaN,NaN,0,613,489,57.830,46.132,464,43.774
4816,4816,160.533,NaN,NaN,NaN,NaN,NaN,0,613,489,57.830,46.132,464,43.774
4817,4817,160.567,NaN,NaN,NaN,NaN,NaN,0,613,489,57.830,46.132,464,43.774
4818,4818,160.600,NaN,NaN,NaN,NaN,NaN,0,613,489,57.830,46.132,464,43.774
4819,4819,160.633,NaN,NaN,NaN,NaN,NaN,0,613,489,57.830,46.132,464,43.774
4820,4820,160.667,NaN,NaN,NaN,NaN,NaN,0,613,489,57.830,46.132,464,43.774
4821,4821,160.700,NaN,NaN,NaN,NaN,NaN,0,613,489,57.830,46.132,464,43.774
4822,4822,160.733,NaN,NaN,NaN,NaN,NaN,0,613,489,57.830,46.132,464,43.774
4823,4823,160.767,NaN,NaN,NaN,NaN,NaN,0,613,489,57.830,46.132,464,43.774
4824,4824,160.800,NaN,NaN,NaN,NaN,NaN,0,613,489,57.830,46.132,464,43.774
4825,4825,160.833,NaN,NaN,NaN,NaN,NaN,0,613,489,57.830,46.132,464,43.774
4826,4826,160.867,NaN,NaN,NaN,NaN,NaN,0,613,489,57.830,46.132,464,43.774
4827,4827,160.900,NaN,NaN,NaN,NaN,NaN,0,613,489,57.830,46.132,464,43.774
4828,4828,160.933,NaN,NaN,NaN,NaN,NaN,0,613,489,57.830,46.132,464,43.774
4829,4829,160.967,NaN,NaN,NaN,NaN,NaN,0,613,489,57.830,46.132,464,43.774
4830,4830,161.000,NaN,NaN,NaN,NaN,NaN,0,613,489,57.830,46.132,464,43.774
4831,4831,161.033,NaN,NaN,NaN,NaN,NaN,0,613,489,57.830,46.132,464,43.774
4832,4832,161.067,NaN,NaN,NaN,NaN,NaN,0,613,489,57.830,46.132,464,43.774
4833,4833,161.100,NaN,NaN,NaN,NaN,NaN,0,613,489,57.830,46.132,464,43.774
4834,4834,161.133,NaN,NaN,NaN,NaN,NaN,0,613,489,57.830,46.132,464,43.774
4835,4835,161.167,NaN,NaN,NaN,NaN,NaN,0,613,489,57.830,46.132,464,43.774
4836,4836,161.200,NaN,NaN,NaN,NaN,NaN,0,613,489,57.830,46.132,464,43.774
4837,4837,161.233,NaN,NaN,NaN,NaN,NaN,0,613,489,57.830,46.132,464,43.774
4838,4838,161.267,NaN,NaN,NaN,NaN,NaN,0,613,489,57.830,46.132,464,43.774
4839,4839,161.300,NaN,NaN,NaN,NaN,NaN,0,613,489,57.830,46.132,464,43.774
4840,4840,161.333,NaN,NaN,NaN,NaN,NaN,0,613,489,57.830,46.132,464,43.774
4841,4841,161.367,NaN,NaN,NaN,NaN,NaN,0,613,489,57.830,46.132,464,43.774
4842,4842,161.400,NaN,NaN,NaN,NaN,NaN,0,613,489,57.830,46.132,464,43.774
4843,4843,161.433,NaN,NaN,NaN,NaN,NaN,0,613,489,57.830,46.132,464,43.774
4844,4844,161.467,NaN,NaN,NaN,NaN,NaN,0,613,489,57.830,46.132,464,43.774
4845,4845,161.500,NaN,NaN,NaN,NaN,NaN,0,613,489,57.830,46.132,464,43.774
4846,4846,161.533,NaN,NaN,NaN,NaN,NaN,0,613,489,57.830,46.132,464,43.774
4847,4847,161.567,NaN,NaN,NaN,NaN,NaN,0,613,489,57.830,46.132,464,43.774
4848,4848,161.600,NaN,NaN,NaN,NaN,NaN,0,613,489,57.830,46.132,464,43.774
4849,4849,161.633,NaN,NaN,NaN,NaN,NaN,0,613,489,57.830,46.132,464,43.774
4850,4850,161.667,NaN,NaN,NaN,NaN,NaN,0,613,489,57.830,46.132,464,43.774
4851,4851,161.700,NaN,NaN,NaN,NaN,NaN,0,613,489,57.830,46.132,464,43.774
4852,4852,161.733,NaN,NaN,NaN,NaN,NaN,0,613,489,57.830,46.132,464,43.774
4853,4853,161.767,NaN,NaN,NaN,NaN,NaN,0,613,489,57.830,46.132,464,43.774
4854,4854,161.800,NaN,NaN,NaN,NaN,NaN,0,613,489,57.830,46.132,464,43.774
4855,4855,161.833,NaN,NaN,NaN,NaN,NaN,0,613,489,57.830,46.132,464,43.774
4856,4856,161.867,NaN,NaN,NaN,NaN,NaN,0,613,489,57.830,46.132,464,43.774
4857,4857,161.900,NaN,NaN,NaN,NaN,NaN,0,613,489,57.830,46.132,464,43.774
4858,4858,161.933,NaN,NaN,NaN,NaN,NaN,0,613,489,57.830,46.132,464,43.774
4859,4859,161.967,NaN,NaN,NaN,NaN,NaN,0,613,489,57.830,46.132,464,43.774
4860,4860,162.000,NaN,NaN,NaN,NaN,NaN,0,613,489,57.830,46.132,464,43.774
4861,4861,162.033,NaN,NaN,NaN,NaN,NaN,0,613,489,57.830,46.132,464,43.774
4862,4862,162.067,NaN,NaN,NaN,NaN,NaN,0,613,489,57.830,46.132,464,43.774
4863,4863,162.100,NaN,NaN,NaN,NaN,NaN,0,613,489,57.830,46.132,464,43.774
4864,4864,162.133,NaN,NaN,NaN,NaN,NaN,0,613,489,57.830,46.132,464,43.774
4865,4865,162.167,NaN,NaN,NaN,NaN,NaN,0,613,489,57.830,46.132,464,43.774
4866,4866,162.200,NaN,NaN,NaN,NaN,NaN,0,613,489,57.830,46.132,464,43.774
4867,4867,162.233,NaN,NaN,NaN,NaN,NaN,0,613,489,57.830,46.132,464,43.774
4868,4868,162.267,NaN,NaN,NaN,NaN,NaN,0,613,489,57.830,46.132,464,43.774
4869,4869,162.300,NaN,NaN,NaN,NaN,NaN,0,613,489,57.830,46.132,464,43.774
4870,4870,162.333,NaN,NaN,NaN,NaN,NaN,0,613,489,57.830,46.132,464,43.774
4871,4871,162.367,NaN,NaN,NaN,NaN,NaN,0,613,489,57.830,46.132,464,43.774
4872,4872,162.400,NaN,NaN,NaN,NaN,NaN,0,613,489,57.830,46.132,464,43.774
4873,4873,162.433,NaN,NaN,NaN,NaN,NaN,0,613,489,57.830,46.132,464,43.774
4874,4874,162.467,NaN,NaN,NaN,NaN,NaN,0,613,489,57.830,46.132,464,43.774
4875,4875,162.500,NaN,NaN,NaN,NaN,NaN,0,613,489,57.830,46.132,464,43.774
4876,4876,162.533,NaN,NaN,NaN,NaN,NaN,0,613,489,57.830,46.132,464,43.774
4877,4877,162.567,NaN,NaN,NaN,NaN,NaN,0,613,489,57.830,46.132,464,43.774
4878,4878,162.600,NaN,NaN,NaN,NaN,NaN,0,613,489,57.830,46.132,464,43.774
4879,4879,162.633,NaN,NaN,NaN,NaN,NaN,0,613,489,57.830,46.132,464,43.774
4880,4880,162.667,NaN,NaN,NaN,NaN,NaN,0,613,489,57.830,46.132,464,43.774
4881,4881,162.700,NaN,NaN,NaN,NaN,NaN,0,613,489,57.830,46.132,464,43.774
4882,4882,162.733,NaN,NaN,NaN,NaN,NaN,0,613,489,57.830,46.132,464,43.774
4883,4883,162.767,NaN,NaN,NaN,NaN,NaN,0,613,489,57.830,46.132,464,43.774
4884,4884,162.800,NaN,NaN,NaN,NaN,NaN,0,613,489,57.830,46.132,464,43.774
4885,4885,162.833,NaN,NaN,NaN,NaN,NaN,0,613,489,57.830,46.132,464,43.774
4886,4886,162.867,NaN,NaN,NaN,NaN,NaN,0,613,489,57.830,46.132,464,43.774
4887,4887,162.900,NaN,NaN,NaN,NaN,NaN,0,613,489,57.830,46.132,464,43.774
4888,4888,162.933,NaN,NaN,NaN,NaN,NaN,0,613,489,57.830,46.132,464,43.774
4889,4889,162.967,NaN,NaN,NaN,NaN,NaN,0,613,489,57.830,46.132,464,43.774
4890,4890,163.000,NaN,NaN,NaN,NaN,NaN,0,613,489,57.830,46.132,464,43.774
4891,4891,163.033,NaN,NaN,NaN,NaN,NaN,0,613,489,57.830,46.132,464,43.774
4892,4892,163.067,NaN,NaN,NaN,NaN,NaN,0,613,489,57.830,46.132,464,43.774
4893,4893,163.100,NaN,NaN,NaN,NaN,NaN,0,613,489,57.830,46.132,464,43.774
4894,4894,163.133,NaN,NaN,NaN,NaN,NaN,0,613,489,57.830,46.132,464,43.774
4895,4895,163.167,NaN,NaN,NaN,NaN,NaN,0,613,489,57.830,46.132,464,43.774
4896,4896,163.200,NaN,NaN,NaN,NaN,NaN,0,613,489,57.830,46.132,464,43.774
4897,4897,163.233,NaN,NaN,NaN,NaN,NaN,0,613,489,57.830,46.132,464,43.774
4898,4898,163.267,NaN,NaN,NaN,NaN,NaN,0,613,489,57.830,46.132,464,43.774
4899,4899,163.300,NaN,NaN,NaN,NaN,NaN,0,613,489,57.830,46.132,464,43.774
4900,4900,163.333,NaN,NaN,NaN,NaN,NaN,0,613,489,57.830,46.132,464,43.774
4901,4901,163.367,NaN,NaN,NaN,NaN,NaN,0,613,489,57.830,46.132,464,43.774
4902,4902,163.400,NaN,NaN,NaN,NaN,NaN,0,613,489,57.830,46.132,464,43.774
4903,4903,163.433,NaN,NaN,NaN,NaN,NaN,0,613,489,57.830,46.132,464,43.774
4904,4904,163.467,NaN,NaN,NaN,NaN,NaN,0,613,489,57.830,46.132,464,43.774
4905,4905,163.500,NaN,NaN,NaN,NaN,NaN,0,613,489,57.830,46.132,464,43.774
4906,4906,163.533,NaN,NaN,NaN,NaN,NaN,0,613,489,57.830,46.132,464,43.774
4907,4907,163.567,NaN,NaN,NaN,NaN,NaN,0,613,489,57.830,46.132,464,43.774
4908,4908,163.600,NaN,NaN,NaN,NaN,NaN,0,613,489,57.830,46.132,464,43.774
4909,4909,163.633,NaN,NaN,NaN,NaN,NaN,0,613,489,57.830,46.132,464,43.774
4910,4910,163.667,NaN,NaN,NaN,NaN,NaN,0,613,489,57.830,46.132,464,43.774
4911,4911,163.700,NaN,NaN,NaN,NaN,NaN,0,613,489,57.830,46.132,464,43.774
4912,4912,163.733,NaN,NaN,NaN,NaN,NaN,0,613,489,57.830,46.132,464,43.774
4913,4913,163.767,NaN,NaN,NaN,NaN,NaN,0,613,489,57.830,46.132,464,43.774
4914,4914,163.800,NaN,NaN,NaN,NaN,NaN,0,613,489,57.830,46.132,464,43.774
4915,4915,163.833,NaN,NaN,NaN,NaN,NaN,0,613,489,57.830,46.132,464,43.774
4916,4916,163.867,NaN,NaN,NaN,NaN,NaN,0,613,489,57.830,46.132,464,43.774
4917,4917,163.900,NaN,NaN,NaN,NaN,NaN,0,613,489,57.830,46.132,464,43.774
4918,4918,163.933,NaN,NaN,NaN,NaN,NaN,0,613,489,57.830,46.132,464,43.774
4919,4919,163.967,NaN,NaN,NaN,NaN,NaN,0,613,489,57.830,46.132,464,43.774
4920,4920,164.000,NaN,NaN,NaN,NaN,NaN,0,613,489,57.830,46.132,464,43.774
4921,4921,164.033,NaN,NaN,NaN,NaN,NaN,0,613,489,57.830,46.132,464,43.774
4922,4922,164.067,NaN,NaN,NaN,NaN,NaN,0,613,489,57.830,46.132,464,43.774
4923,4923,164.100,NaN,NaN,NaN,NaN,NaN,0,613,489,57.830,46.132,464,43.774
4924,4924,164.133,NaN,NaN,NaN,NaN,NaN,0,613,489,57.830,46.132,464,43.774
4925,4925,164.167,NaN,NaN,NaN,NaN,NaN,0,613,489,57.830,46.132,464,43.774
4926,4926,164.200,NaN,NaN,NaN,NaN,NaN,0,613,489,57.830,46.132,464,43.774
4927,4927,164.233,NaN,NaN,NaN,NaN,NaN,0,613,489,57.830,46.132,464,43.774
4928,4928,164.267,NaN,NaN,NaN,NaN,NaN,0,613,489,57.830,46.132,464,43.774
4929,4929,164.300,NaN,NaN,NaN,NaN,NaN,0,613,489,57.830,46.132,464,43.774
4930,4930,164.333,NaN,NaN,NaN,NaN,NaN,0,613,489,57.830,46.132,464,43.774
4931,4931,164.367,NaN,NaN,NaN,NaN,NaN,0,613,489,57.830,46.132,464,43.774
4932,4932,164.400,NaN,NaN,NaN,NaN,NaN,0,613,489,57.830,46.132,464,43.774
4933,4933,164.433,NaN,NaN,NaN,NaN,NaN,0,613,489,57.830,46.132,464,43.774
4934,4934,164.467,NaN,NaN,NaN,NaN,NaN,0,613,489,57.830,46.132,464,43.774
4935,4935,164.500,NaN,NaN,NaN,NaN,NaN,0,613,489,57.830,46.132,464,43.774
4936,4936,164.533,NaN,NaN,NaN,NaN,NaN,0,613,489,57.830,46.132,464,43.774
4937,4937,164.567,NaN,NaN,NaN,NaN,NaN,0,613,489,57.830,46.132,464,43.774
4938,4938,164.600,NaN,NaN,NaN,NaN,NaN,0,613,489,57.830,46.132,464,43.774
4939,4939,164.633,NaN,NaN,NaN,NaN,NaN,0,613,489,57.830,46.132,464,43.774
4940,4940,164.667,NaN,NaN,NaN,NaN,NaN,0,613,489,57.830,46.132,464,43.774
4941,4941,164.700,NaN,NaN,NaN,NaN,NaN,0,613,489,57.830,46.132,464,43.774
4942,4942,164.733,NaN,NaN,NaN,NaN,NaN,0,613,489,57.830,46.132,464,43.774
4943,4943,164.767,NaN,NaN,NaN,NaN,NaN,0,613,489,57.830,46.132,464,43.774
4944,4944,164.800,NaN,NaN,NaN,NaN,NaN,0,613,489,57.830,46.132,464,43.774
4945,4945,164.833,NaN,NaN,NaN,NaN,NaN,0,613,489,57.830,46.132,464,43.774
4946,4946,164.867,NaN,NaN,NaN,NaN,NaN,0,613,489,57.830,46.132,464,43.774
4947,4947,164.900,NaN,NaN,NaN,NaN,NaN,0,613,489,57.830,46.132,464,43.774
4948,4948,164.933,NaN,NaN,NaN,NaN,NaN,0,613,489,57.830,46.132,464,43.774
4949,4949,164.967,NaN,NaN,NaN,NaN,NaN,0,613,489,57.830,46.132,464,43.774
4950,4950,165.000,NaN,NaN,NaN,NaN,NaN,0,613,489,57.830,46.132,464,43.774
4951,4951,165.033,NaN,NaN,NaN,NaN,NaN,0,613,489,57.830,46.132,464,43.774
4952,4952,165.067,NaN,NaN,NaN,NaN,NaN,0,613,489,57.830,46.132,464,43.774
4953,4953,165.100,NaN,NaN,NaN,NaN,NaN,0,613,489,57.830,46.132,464,43.774
4954,4954,165.133,NaN,NaN,NaN,NaN,NaN,0,613,489,57.830,46.132,464,43.774
4955,4955,165.167,NaN,NaN,NaN,NaN,NaN,0,613,489,57.830,46.132,464,43.774
4956,4956,165.200,NaN,NaN,NaN,NaN,NaN,0,613,489,57.830,46.132,464,43.774
4957,4957,165.233,NaN,NaN,NaN,NaN,NaN,0,613,489,57.830,46.132,464,43.774
4958,4958,165.267,NaN,NaN,NaN,NaN,NaN,0,613,489,57.830,46.132,464,43.774
4959,4959,165.300,NaN,NaN,NaN,NaN,NaN,0,613,489,57.830,46.132,464,43.774
4960,4960,165.333,NaN,NaN,NaN,NaN,NaN,0,613,489,57.830,46.132,464,43.774
4961,4961,165.367,NaN,NaN,NaN,NaN,NaN,0,613,489,57.830,46.132,464,43.774
4962,4962,165.400,NaN,NaN,NaN,NaN,NaN,0,613,489,57.830,46.132,464,43.774
4963,4963,165.433,NaN,NaN,NaN,NaN,NaN,0,613,489,57.830,46.132,464,43.774
4964,4964,165.467,NaN,NaN,NaN,NaN,NaN,0,613,489,57.830,46.132,464,43.774
4965,4965,165.500,NaN,NaN,NaN,NaN,NaN,0,613,489,57.830,46.132,464,43.774
4966,4966,165.533,NaN,NaN,NaN,NaN,NaN,0,613,489,57.830,46.132,464,43.774
4967,4967,165.567,NaN,NaN,NaN,NaN,NaN,0,613,489,57.830,46.132,464,43.774
4968,4968,165.600,NaN,NaN,NaN,NaN,NaN,0,613,489,57.830,46.132,464,43.774
4969,4969,165.633,NaN,NaN,NaN,NaN,NaN,0,613,489,57.830,46.132,464,43.774
4970,4970,165.667,NaN,NaN,NaN,NaN,NaN,0,613,489,57.830,46.132,464,43.774
4971,4971,165.700,NaN,NaN,NaN,NaN,NaN,0,613,489,57.830,46.132,464,43.774
4972,4972,165.733,NaN,NaN,NaN,NaN,NaN,0,613,489,57.830,46.132,464,43.774
4973,4973,165.767,NaN,NaN,NaN,NaN,NaN,0,613,489,57.830,46.132,464,43.774
4974,4974,165.800,NaN,NaN,NaN,NaN,NaN,0,613,489,57.830,46.132,464,43.774
4975,4975,165.833,NaN,NaN,NaN,NaN,NaN,0,613,489,57.830,46.132,464,43.774
4976,4976,165.867,NaN,NaN,NaN,NaN,NaN,0,613,489,57.830,46.132,464,43.774
4977,4977,165.900,NaN,NaN,NaN,NaN,NaN,0,613,489,57.830,46.132,464,43.774
4978,4978,165.933,NaN,NaN,NaN,NaN,NaN,0,613,489,57.830,46.132,464,43.774
4979,4979,165.967,NaN,NaN,NaN,NaN,NaN,0,613,489,57.830,46.132,464,43.774
4980,4980,166.000,NaN,NaN,NaN,NaN,NaN,0,613,489,57.830,46.132,464,43.774
4981,4981,166.033,NaN,NaN,NaN,NaN,NaN,0,613,489,57.830,46.132,464,43.774
4982,4982,166.067,NaN,NaN,NaN,NaN,NaN,0,613,489,57.830,46.132,464,43.774
4983,4983,166.100,NaN,NaN,NaN,NaN,NaN,0,613,489,57.830,46.132,464,43.774
4984,4984,166.133,NaN,NaN,NaN,NaN,NaN,0,613,489,57.830,46.132,464,43.774
4985,4985,166.167,NaN,NaN,NaN,NaN,NaN,0,613,489,57.830,46.132,464,43.774
4986,4986,166.200,NaN,NaN,NaN,NaN,NaN,0,613,489,57.830,46.132,464,43.774
4987,4987,166.233,NaN,NaN,NaN,NaN,NaN,0,613,489,57.830,46.132,464,43.774
4988,4988,166.267,NaN,NaN,NaN,NaN,NaN,0,613,489,57.830,46.132,464,43.774
4989,4989,166.300,NaN,NaN,NaN,NaN,NaN,0,613,489,57.830,46.132,464,43.774
4990,4990,166.333,NaN,NaN,NaN,NaN,NaN,0,613,489,57.830,46.132,464,43.774
4991,4991,166.367,NaN,NaN,NaN,NaN,NaN,0,613,489,57.830,46.132,464,43.774
4992,4992,166.400,NaN,NaN,NaN,NaN,NaN,0,613,489,57.830,46.132,464,43.774
4993,4993,166.433,NaN,NaN,NaN,NaN,NaN,0,613,489,57.830,46.132,464,43.774
4994,4994,166.467,NaN,NaN,NaN,NaN,NaN,0,613,489,57.830,46.132,464,43.774
4995,4995,166.500,NaN,NaN,NaN,NaN,NaN,0,613,489,57.830,46.132,464,43.774
4996,4996,166.533,NaN,NaN,NaN,NaN,NaN,0,613,489,57.830,46.132,464,43.774
4997,4997,166.567,NaN,NaN,NaN,NaN,NaN,0,613,489,57.830,46.132,464,43.774
4998,4998,166.600,NaN,NaN,NaN,NaN,NaN,0,613,489,57.830,46.132,464,43.774
4999,4999,166.633,NaN,NaN,NaN,NaN,NaN,0,613,489,57.830,46.132,464,43.774
5000,5000,166.667,NaN,NaN,NaN,NaN,NaN,0,613,489,57.830,46.132,464,43.774
5001,5001,166.700,NaN,NaN,NaN,NaN,NaN,0,613,489,57.830,46.132,464,43.774
5002,5002,166.733,NaN,NaN,NaN,NaN,NaN,0,613,489,57.830,46.132,464,43.774
5003,5003,166.767,NaN,NaN,NaN,NaN,NaN,0,613,489,57.830,46.132,464,43.774
5004,5004,166.800,NaN,NaN,NaN,NaN,NaN,0,613,489,57.830,46.132,464,43.774
5005,5005,166.833,NaN,NaN,NaN,NaN,NaN,0,613,489,57.830,46.132,464,43.774
5006,5006,166.867,NaN,NaN,NaN,NaN,NaN,0,613,489,57.830,46.132,464,43.774
5007,5007,166.900,NaN,NaN,NaN,NaN,NaN,0,613,489,57.830,46.132,464,43.774
5008,5008,166.933,NaN,NaN,NaN,NaN,NaN,0,613,489,57.830,46.132,464,43.774
5009,5009,166.967,NaN,NaN,NaN,NaN,NaN,0,613,489,57.830,46.132,464,43.774
5010,5010,167.000,NaN,NaN,NaN,NaN,NaN,0,613,489,57.830,46.132,464,43.774
5011,5011,167.033,NaN,NaN,NaN,NaN,NaN,0,613,489,57.830,46.132,464,43.774
5012,5012,167.067,NaN,NaN,NaN,NaN,NaN,0,613,489,57.830,46.132,464,43.774
5013,5013,167.100,NaN,NaN,NaN,NaN,NaN,0,613,489,57.830,46.132,464,43.774
5014,5014,167.133,NaN,NaN,NaN,NaN,NaN,0,613,489,57.830,46.132,464,43.774
5015,5015,167.167,NaN,NaN,NaN,NaN,NaN,0,613,489,57.830,46.132,464,43.774
5016,5016,167.200,NaN,NaN,NaN,NaN,NaN,0,613,489,57.830,46.132,464,43.774
5017,5017,167.233,NaN,NaN,NaN,NaN,NaN,0,613,489,57.830,46.132,464,43.774
5018,5018,167.267,NaN,NaN,NaN,NaN,NaN,0,613,489,57.830,46.132,464,43.774
5019,5019,167.300,NaN,NaN,NaN,NaN,NaN,0,613,489,57.830,46.132,464,43.774
5020,5020,167.333,NaN,NaN,NaN,NaN,NaN,0,613,489,57.830,46.132,464,43.774
5021,5021,167.367,NaN,NaN,NaN,NaN,NaN,0,613,489,57.830,46.132,464,43.774
5022,5022,167.400,NaN,NaN,NaN,NaN,NaN,0,613,489,57.830,46.132,464,43.774
5023,5023,167.433,NaN,NaN,NaN,NaN,NaN,0,613,489,57.830,46.132,464,43.774
5024,5024,167.467,NaN,NaN,NaN,NaN,NaN,0,613,489,57.830,46.132,464,43.774
5025,5025,167.500,NaN,NaN,NaN,NaN,NaN,0,613,489,57.830,46.132,464,43.774
5026,5026,167.533,NaN,NaN,NaN,NaN,NaN,0,613,489,57.830,46.132,464,43.774
5027,5027,167.567,NaN,NaN,NaN,NaN,NaN,0,613,489,57.830,46.132,464,43.774
5028,5028,167.600,NaN,NaN,NaN,NaN,NaN,0,613,489,57.830,46.132,464,43.774
5029,5029,167.633,NaN,NaN,NaN,NaN,NaN,0,613,489,57.830,46.132,464,43.774
5030,5030,167.667,NaN,NaN,NaN,NaN,NaN,0,613,489,57.830,46.132,464,43.774
5031,5031,167.700,NaN,NaN,NaN,NaN,NaN,0,613,489,57.830,46.132,464,43.774
5032,5032,167.733,NaN,NaN,NaN,NaN,NaN,0,613,489,57.830,46.132,464,43.774
5033,5033,167.767,NaN,NaN,NaN,NaN,NaN,0,613,489,57.830,46.132,464,43.774
5034,5034,167.800,NaN,NaN,NaN,NaN,NaN,0,613,489,57.830,46.132,464,43.774
5035,5035,167.833,NaN,NaN,NaN,NaN,NaN,0,613,489,57.830,46.132,464,43.774
5036,5036,167.867,NaN,NaN,NaN,NaN,NaN,0,613,489,57.830,46.132,464,43.774
5037,5037,167.900,NaN,NaN,NaN,NaN,NaN,0,613,489,57.830,46.132,464,43.774
5038,5038,167.933,NaN,NaN,NaN,NaN,NaN,0,613,489,57.830,46.132,464,43.774
5039,5039,167.967,NaN,NaN,NaN,NaN,NaN,0,613,489,57.830,46.132,464,43.774
5040,5040,168.000,NaN,NaN,NaN,NaN,NaN,0,613,489,57.830,46.132,464,43.774
5041,5041,168.033,NaN,NaN,NaN,NaN,NaN,0,613,489,57.830,46.132,464,43.774
5042,5042,168.067,NaN,NaN,NaN,NaN,NaN,0,613,489,57.830,46.132,464,43.774
5043,5043,168.100,NaN,NaN,NaN,NaN,NaN,0,613,489,57.830,46.132,464,43.774
5044,5044,168.133,NaN,NaN,NaN,NaN,NaN,0,613,489,57.830,46.132,464,43.774
5045,5045,168.167,NaN,NaN,NaN,NaN,NaN,0,613,489,57.830,46.132,464,43.774
5046,5046,168.200,NaN,NaN,NaN,NaN,NaN,0,613,489,57.830,46.132,464,43.774
5047,5047,168.233,NaN,NaN,NaN,NaN,NaN,0,613,489,57.830,46.132,464,43.774
5048,5048,168.267,NaN,NaN,NaN,NaN,NaN,0,613,489,57.830,46.132,464,43.774
5049,5049,168.300,NaN,NaN,NaN,NaN,NaN,0,613,489,57.830,46.132,464,43.774
5050,5050,168.333,NaN,NaN,NaN,NaN,NaN,0,613,489,57.830,46.132,464,43.774
5051,5051,168.367,NaN,NaN,NaN,NaN,NaN,0,613,489,57.830,46.132,464,43.774
5052,5052,168.400,NaN,NaN,NaN,NaN,NaN,0,613,489,57.830,46.132,464,43.774
5053,5053,168.433,NaN,NaN,NaN,NaN,NaN,0,613,489,57.830,46.132,464,43.774
5054,5054,168.467,NaN,NaN,NaN,NaN,NaN,0,613,489,57.830,46.132,464,43.774
5055,5055,168.500,NaN,NaN,NaN,NaN,NaN,0,613,489,57.830,46.132,464,43.774
5056,5056,168.533,NaN,NaN,NaN,NaN,NaN,0,613,489,57.830,46.132,464,43.774
5057,5057,168.567,NaN,NaN,NaN,NaN,NaN,0,613,489,57.830,46.132,464,43.774
5058,5058,168.600,NaN,NaN,NaN,NaN,NaN,0,613,489,57.830,46.132,464,43.774
5059,5059,168.633,NaN,NaN,NaN,NaN,NaN,0,613,489,57.830,46.132,464,43.774
5060,5060,168.667,NaN,NaN,NaN,NaN,NaN,0,613,489,57.830,46.132,464,43.774
5061,5061,168.700,NaN,NaN,NaN,NaN,NaN,0,613,489,57.830,46.132,464,43.774
5062,5062,168.733,NaN,NaN,NaN,NaN,NaN,0,613,489,57.830,46.132,464,43.774
5063,5063,168.767,NaN,NaN,NaN,NaN,NaN,0,613,489,57.830,46.132,464,43.774
5064,5064,168.800,NaN,NaN,NaN,NaN,NaN,0,613,489,57.830,46.132,464,43.774
5065,5065,168.833,NaN,NaN,NaN,NaN,NaN,0,613,489,57.830,46.132,464,43.774
5066,5066,168.867,NaN,NaN,NaN,NaN,NaN,0,613,489,57.830,46.132,464,43.774
5067,5067,168.900,NaN,NaN,NaN,NaN,NaN,0,613,489,57.830,46.132,464,43.774
5068,5068,168.933,NaN,NaN,NaN,NaN,NaN,0,613,489,57.830,46.132,464,43.774
5069,5069,168.967,NaN,NaN,NaN,NaN,NaN,0,613,489,57.830,46.132,464,43.774
5070,5070,169.000,NaN,NaN,NaN,NaN,NaN,0,613,489,57.830,46.132,464,43.774
5071,5071,169.033,NaN,NaN,NaN,NaN,NaN,0,613,489,57.830,46.132,464,43.774
5072,5072,169.067,NaN,NaN,NaN,NaN,NaN,0,613,489,57.830,46.132,464,43.774
5073,5073,169.100,NaN,NaN,NaN,NaN,NaN,0,613,489,57.830,46.132,464,43.774
5074,5074,169.133,NaN,NaN,NaN,NaN,NaN,0,613,489,57.830,46.132,464,43.774
5075,5075,169.167,NaN,NaN,NaN,NaN,NaN,0,613,489,57.830,46.132,464,43.774
5076,5076,169.200,NaN,NaN,NaN,NaN,NaN,0,613,489,57.830,46.132,464,43.774
5077,5077,169.233,NaN,NaN,NaN,NaN,NaN,0,613,489,57.830,46.132,464,43.774
5078,5078,169.267,NaN,NaN,NaN,NaN,NaN,0,613,489,57.830,46.132,464,43.774
5079,5079,169.300,NaN,NaN,NaN,NaN,NaN,0,613,489,57.830,46.132,464,43.774
5080,5080,169.333,NaN,NaN,NaN,NaN,NaN,0,613,489,57.830,46.132,464,43.774
5081,5081,169.367,NaN,NaN,NaN,NaN,NaN,0,613,489,57.830,46.132,464,43.774
5082,5082,169.400,NaN,NaN,NaN,NaN,NaN,0,613,489,57.830,46.132,464,43.774
5083,5083,169.433,NaN,NaN,NaN,NaN,NaN,0,613,489,57.830,46.132,464,43.774
5084,5084,169.467,NaN,NaN,NaN,NaN,NaN,0,613,489,57.830,46.132,464,43.774
5085,5085,169.500,NaN,NaN,NaN,NaN,NaN,0,613,489,57.830,46.132,464,43.774
5086,5086,169.533,NaN,NaN,NaN,NaN,NaN,0,613,489,57.830,46.132,464,43.774
5087,5087,169.567,NaN,NaN,NaN,NaN,NaN,0,613,489,57.830,46.132,464,43.774
5088,5088,169.600,NaN,NaN,NaN,NaN,NaN,0,613,489,57.830,46.132,464,43.774
5089,5089,169.633,NaN,NaN,NaN,NaN,NaN,0,613,489,57.830,46.132,464,43.774
5090,5090,169.667,NaN,NaN,NaN,NaN,NaN,0,613,489,57.830,46.132,464,43.774
5091,5091,169.700,NaN,NaN,NaN,NaN,NaN,0,613,489,57.830,46.132,464,43.774
5092,5092,169.733,NaN,NaN,NaN,NaN,NaN,0,613,489,57.830,46.132,464,43.774
5093,5093,169.767,NaN,NaN,NaN,NaN,NaN,0,613,489,57.830,46.132,464,43.774
5094,5094,169.800,NaN,NaN,NaN,NaN,NaN,0,613,489,57.830,46.132,464,43.774
5095,5095,169.833,NaN,NaN,NaN,NaN,NaN,0,613,489,57.830,46.132,464,43.774
5096,5096,169.867,NaN,NaN,NaN,NaN,NaN,0,613,489,57.830,46.132,464,43.774
5097,5097,169.900,NaN,NaN,NaN,NaN,NaN,0,613,489,57.830,46.132,464,43.774
5098,5098,169.933,NaN,NaN,NaN,NaN,NaN,0,613,489,57.830,46.132,464,43.774
5099,5099,169.967,NaN,NaN,NaN,NaN,NaN,0,613,489,57.830,46.132,464,43.774
5100,5100,170.000,NaN,NaN,NaN,NaN,NaN,0,613,489,57.830,46.132,464,43.774
5101,5101,170.033,NaN,NaN,NaN,NaN,NaN,0,613,489,57.830,46.132,464,43.774
5102,5102,170.067,NaN,NaN,NaN,NaN,NaN,0,613,489,57.830,46.132,464,43.774
5103,5103,170.100,NaN,NaN,NaN,NaN,NaN,0,613,489,57.830,46.132,464,43.774
5104,5104,170.133,NaN,NaN,NaN,NaN,NaN,0,613,489,57.830,46.132,464,43.774
5105,5105,170.167,NaN,NaN,NaN,NaN,NaN,0,613,489,57.830,46.132,464,43.774
5106,5106,170.200,NaN,NaN,NaN,NaN,NaN,0,613,489,57.830,46.132,464,43.774
5107,5107,170.233,NaN,NaN,NaN,NaN,NaN,0,613,489,57.830,46.132,464,43.774
5108,5108,170.267,NaN,NaN,NaN,NaN,NaN,0,613,489,57.830,46.132,464,43.774
5109,5109,170.300,NaN,NaN,NaN,NaN,NaN,0,613,489,57.830,46.132,464,43.774
5110,5110,170.333,NaN,NaN,NaN,NaN,NaN,0,613,489,57.830,46.132,464,43.774
5111,5111,170.367,NaN,NaN,NaN,NaN,NaN,0,613,489,57.830,46.132,464,43.774
5112,5112,170.400,NaN,NaN,NaN,NaN,NaN,0,613,489,57.830,46.132,464,43.774
5113,5113,170.433,NaN,NaN,NaN,NaN,NaN,0,613,489,57.830,46.132,464,43.774
5114,5114,170.467,NaN,NaN,NaN,NaN,NaN,0,613,489,57.830,46.132,464,43.774
5115,5115,170.500,NaN,NaN,NaN,NaN,NaN,0,613,489,57.830,46.132,464,43.774
5116,5116,170.533,NaN,NaN,NaN,NaN,NaN,0,613,489,57.830,46.132,464,43.774
5117,5117,170.567,NaN,NaN,NaN,NaN,NaN,0,613,489,57.830,46.132,464,43.774
5118,5118,170.600,NaN,NaN,NaN,NaN,NaN,0,613,489,57.830,46.132,464,43.774
5119,5119,170.633,NaN,NaN,NaN,NaN,NaN,0,613,489,57.830,46.132,464,43.774
5120,5120,170.667,NaN,NaN,NaN,NaN,NaN,0,613,489,57.830,46.132,464,43.774
5121,5121,170.700,NaN,NaN,NaN,NaN,NaN,0,613,489,57.830,46.132,464,43.774
5122,5122,170.733,NaN,NaN,NaN,NaN,NaN,0,613,489,57.830,46.132,464,43.774
5123,5123,170.767,NaN,NaN,NaN,NaN,NaN,0,613,489,57.830,46.132,464,43.774
5124,5124,170.800,NaN,NaN,NaN,NaN,NaN,0,613,489,57.830,46.132,464,43.774
5125,5125,170.833,NaN,NaN,NaN,NaN,NaN,0,613,489,57.830,46.132,464,43.774
5126,5126,170.867,NaN,NaN,NaN,NaN,NaN,0,613,489,57.830,46.132,464,43.774
5127,5127,170.900,NaN,NaN,NaN,NaN,NaN,0,613,489,57.830,46.132,464,43.774
5128,5128,170.933,NaN,NaN,NaN,NaN,NaN,0,613,489,57.830,46.132,464,43.774
5129,5129,170.967,NaN,NaN,NaN,NaN,NaN,0,613,489,57.830,46.132,464,43.774
5130,5130,171.000,NaN,NaN,NaN,NaN,NaN,0,613,489,57.830,46.132,464,43.774
5131,5131,171.033,NaN,NaN,NaN,NaN,NaN,0,613,489,57.830,46.132,464,43.774
5132,5132,171.067,NaN,NaN,NaN,NaN,NaN,0,613,489,57.830,46.132,464,43.774
5133,5133,171.100,NaN,NaN,NaN,NaN,NaN,0,613,489,57.830,46.132,464,43.774
5134,5134,171.133,NaN,NaN,NaN,NaN,NaN,0,613,489,57.830,46.132,464,43.774
5135,5135,171.167,NaN,NaN,NaN,NaN,NaN,0,613,489,57.830,46.132,464,43.774
5136,5136,171.200,NaN,NaN,NaN,NaN,NaN,0,613,489,57.830,46.132,464,43.774
5137,5137,171.233,NaN,NaN,NaN,NaN,NaN,0,613,489,57.830,46.132,464,43.774
5138,5138,171.267,NaN,NaN,NaN,NaN,NaN,0,613,489,57.830,46.132,464,43.774
5139,5139,171.300,NaN,NaN,NaN,NaN,NaN,0,613,489,57.830,46.132,464,43.774
5140,5140,171.333,NaN,NaN,NaN,NaN,NaN,0,613,489,57.830,46.132,464,43.774
5141,5141,171.367,NaN,NaN,NaN,NaN,NaN,0,613,489,57.830,46.132,464,43.774
5142,5142,171.400,NaN,NaN,NaN,NaN,NaN,0,613,489,57.830,46.132,464,43.774
5143,5143,171.433,NaN,NaN,NaN,NaN,NaN,0,613,489,57.830,46.132,464,43.774
5144,5144,171.467,NaN,NaN,NaN,NaN,NaN,0,613,489,57.830,46.132,464,43.774
5145,5145,171.500,NaN,NaN,NaN,NaN,NaN,0,613,489,57.830,46.132,464,43.774
5146,5146,171.533,NaN,NaN,NaN,NaN,NaN,0,613,489,57.830,46.132,464,43.774
5147,5147,171.567,NaN,NaN,NaN,NaN,NaN,0,613,489,57.830,46.132,464,43.774
5148,5148,171.600,NaN,NaN,NaN,NaN,NaN,0,613,489,57.830,46.132,464,43.774
5149,5149,171.633,NaN,NaN,NaN,NaN,NaN,0,613,489,57.830,46.132,464,43.774
5150,5150,171.667,NaN,NaN,NaN,NaN,NaN,0,613,489,57.830,46.132,464,43.774
5151,5151,171.700,NaN,NaN,NaN,NaN,NaN,0,613,489,57.830,46.132,464,43.774
5152,5152,171.733,NaN,NaN,NaN,NaN,NaN,0,613,489,57.830,46.132,464,43.774
5153,5153,171.767,NaN,NaN,NaN,NaN,NaN,0,613,489,57.830,46.132,464,43.774
5154,5154,171.800,NaN,NaN,NaN,NaN,NaN,0,613,489,57.830,46.132,464,43.774
5155,5155,171.833,NaN,NaN,NaN,NaN,NaN,0,613,489,57.830,46.132,464,43.774
5156,5156,171.867,NaN,NaN,NaN,NaN,NaN,0,613,489,57.830,46.132,464,43.774
5157,5157,171.900,NaN,NaN,NaN,NaN,NaN,0,613,489,57.830,46.132,464,43.774
5158,5158,171.933,NaN,NaN,NaN,NaN,NaN,0,613,489,57.830,46.132,464,43.774
5159,5159,171.967,NaN,NaN,NaN,NaN,NaN,0,613,489,57.830,46.132,464,43.774
5160,5160,172.000,NaN,NaN,NaN,NaN,NaN,0,613,489,57.830,46.132,464,43.774
5161,5161,172.033,NaN,NaN,NaN,NaN,NaN,0,613,489,57.830,46.132,464,43.774
5162,5162,172.067,NaN,NaN,NaN,NaN,NaN,0,613,489,57.830,46.132,464,43.774
5163,5163,172.100,NaN,NaN,NaN,NaN,NaN,0,613,489,57.830,46.132,464,43.774
5164,5164,172.133,NaN,NaN,NaN,NaN,NaN,0,613,489,57.830,46.132,464,43.774
5165,5165,172.167,NaN,NaN,NaN,NaN,NaN,0,613,489,57.830,46.132,464,43.774
5166,5166,172.200,NaN,NaN,NaN,NaN,NaN,0,613,489,57.830,46.132,464,43.774
5167,5167,172.233,NaN,NaN,NaN,NaN,NaN,0,613,489,57.830,46.132,464,43.774
5168,5168,172.267,NaN,NaN,NaN,NaN,NaN,0,613,489,57.830,46.132,464,43.774
5169,5169,172.300,NaN,NaN,NaN,NaN,NaN,0,613,489,57.830,46.132,464,43.774
5170,5170,172.333,NaN,NaN,NaN,NaN,NaN,0,613,489,57.830,46.132,464,43.774
5171,5171,172.367,NaN,NaN,NaN,NaN,NaN,0,613,489,57.830,46.132,464,43.774
5172,5172,172.400,NaN,NaN,NaN,NaN,NaN,0,613,489,57.830,46.132,464,43.774
5173,5173,172.433,NaN,NaN,NaN,NaN,NaN,0,613,489,57.830,46.132,464,43.774
5174,5174,172.467,NaN,NaN,NaN,NaN,NaN,0,613,489,57.830,46.132,464,43.774
5175,5175,172.500,NaN,NaN,NaN,NaN,NaN,0,613,489,57.830,46.132,464,43.774
5176,5176,172.533,NaN,NaN,NaN,NaN,NaN,0,613,489,57.830,46.132,464,43.774
5177,5177,172.567,NaN,NaN,NaN,NaN,NaN,0,613,489,57.830,46.132,464,43.774
5178,5178,172.600,NaN,NaN,NaN,NaN,NaN,0,613,489,57.830,46.132,464,43.774
5179,5179,172.633,NaN,NaN,NaN,NaN,NaN,0,613,489,57.830,46.132,464,43.774
5180,5180,172.667,NaN,NaN,NaN,NaN,NaN,0,613,489,57.830,46.132,464,43.774
5181,5181,172.700,NaN,NaN,NaN,NaN,NaN,0,613,489,57.830,46.132,464,43.774
5182,5182,172.733,NaN,NaN,NaN,NaN,NaN,0,613,489,57.830,46.132,464,43.774
5183,5183,172.767,NaN,NaN,NaN,NaN,NaN,0,613,489,57.830,46.132,464,43.774
5184,5184,172.800,NaN,NaN,NaN,NaN,NaN,0,613,489,57.830,46.132,464,43.774
5185,5185,172.833,NaN,NaN,NaN,NaN,NaN,0,613,489,57.830,46.132,464,43.774
5186,5186,172.867,NaN,NaN,NaN,NaN,NaN,0,613,489,57.830,46.132,464,43.774
5187,5187,172.900,NaN,NaN,NaN,NaN,NaN,0,613,489,57.830,46.132,464,43.774
5188,5188,172.933,NaN,NaN,NaN,NaN,NaN,0,613,489,57.830,46.132,464,43.774
5189,5189,172.967,NaN,NaN,NaN,NaN,NaN,0,613,489,57.830,46.132,464,43.774
5190,5190,173.000,NaN,NaN,NaN,NaN,NaN,0,613,489,57.830,46.132,464,43.774
5191,5191,173.033,NaN,NaN,NaN,NaN,NaN,0,613,489,57.830,46.132,464,43.774
5192,5192,173.067,NaN,NaN,NaN,NaN,NaN,0,613,489,57.830,46.132,464,43.774
5193,5193,173.100,NaN,NaN,NaN,NaN,NaN,0,613,489,57.830,46.132,464,43.774
5194,5194,173.133,NaN,NaN,NaN,NaN,NaN,0,613,489,57.830,46.132,464,43.774
5195,5195,173.167,NaN,NaN,NaN,NaN,NaN,0,613,489,57.830,46.132,464,43.774
5196,5196,173.200,NaN,NaN,NaN,NaN,NaN,0,613,489,57.830,46.132,464,43.774
5197,5197,173.233,NaN,NaN,NaN,NaN,NaN,0,613,489,57.830,46.132,464,43.774
5198,5198,173.267,NaN,NaN,NaN,NaN,NaN,0,613,489,57.830,46.132,464,43.774
5199,5199,173.300,NaN,NaN,NaN,NaN,NaN,0,613,489,57.830,46.132,464,43.774
5200,5200,173.333,NaN,NaN,NaN,NaN,NaN,0,613,489,57.830,46.132,464,43.774
5201,5201,173.367,NaN,NaN,NaN,NaN,NaN,0,613,489,57.830,46.132,464,43.774
5202,5202,173.400,NaN,NaN,NaN,NaN,NaN,0,613,489,57.830,46.132,464,43.774
5203,5203,173.433,NaN,NaN,NaN,NaN,NaN,0,613,489,57.830,46.132,464,43.774
5204,5204,173.467,NaN,NaN,NaN,NaN,NaN,0,613,489,57.830,46.132,464,43.774
5205,5205,173.500,NaN,NaN,NaN,NaN,NaN,0,613,489,57.830,46.132,464,43.774
5206,5206,173.533,NaN,NaN,NaN,NaN,NaN,0,613,489,57.830,46.132,464,43.774
5207,5207,173.567,NaN,NaN,NaN,NaN,NaN,0,613,489,57.830,46.132,464,43.774
5208,5208,173.600,NaN,NaN,NaN,NaN,NaN,0,613,489,57.830,46.132,464,43.774
5209,5209,173.633,NaN,NaN,NaN,NaN,NaN,0,613,489,57.830,46.132,464,43.774
5210,5210,173.667,NaN,NaN,NaN,NaN,NaN,0,613,489,57.830,46.132,464,43.774
5211,5211,173.700,NaN,NaN,NaN,NaN,NaN,0,613,489,57.830,46.132,464,43.774
5212,5212,173.733,NaN,NaN,NaN,NaN,NaN,0,613,489,57.830,46.132,464,43.774
5213,5213,173.767,NaN,NaN,NaN,NaN,NaN,0,613,489,57.830,46.132,464,43.774
5214,5214,173.800,NaN,NaN,NaN,NaN,NaN,0,613,489,57.830,46.132,464,43.774
5215,5215,173.833,NaN,NaN,NaN,NaN,NaN,0,613,489,57.830,46.132,464,43.774
5216,5216,173.867,NaN,NaN,NaN,NaN,NaN,0,613,489,57.830,46.132,464,43.774
5217,5217,173.900,NaN,NaN,NaN,NaN,NaN,0,613,489,57.830,46.132,464,43.774
5218,5218,173.933,NaN,NaN,NaN,NaN,NaN,0,613,489,57.830,46.132,464,43.774
5219,5219,173.967,NaN,NaN,NaN,NaN,NaN,0,613,489,57.830,46.132,464,43.774
5220,5220,174.000,NaN,NaN,NaN,NaN,NaN,0,613,489,57.830,46.132,464,43.774
5221,5221,174.033,NaN,NaN,NaN,NaN,NaN,0,613,489,57.830,46.132,464,43.774
5222,5222,174.067,NaN,NaN,NaN,NaN,NaN,0,613,489,57.830,46.132,464,43.774
5223,5223,174.100,NaN,NaN,NaN,NaN,NaN,0,613,489,57.830,46.132,464,43.774
5224,5224,174.133,NaN,NaN,NaN,NaN,NaN,0,613,489,57.830,46.132,464,43.774
5225,5225,174.167,NaN,NaN,NaN,NaN,NaN,0,613,489,57.830,46.132,464,43.774
5226,5226,174.200,NaN,NaN,NaN,NaN,NaN,0,613,489,57.830,46.132,464,43.774
5227,5227,174.233,NaN,NaN,NaN,NaN,NaN,0,613,489,57.830,46.132,464,43.774
5228,5228,174.267,NaN,NaN,NaN,NaN,NaN,0,613,489,57.830,46.132,464,43.774
5229,5229,174.300,NaN,NaN,NaN,NaN,NaN,0,613,489,57.830,46.132,464,43.774
5230,5230,174.333,NaN,NaN,NaN,NaN,NaN,0,613,489,57.830,46.132,464,43.774
5231,5231,174.367,NaN,NaN,NaN,NaN,NaN,0,613,489,57.830,46.132,464,43.774
5232,5232,174.400,NaN,NaN,NaN,NaN,NaN,0,613,489,57.830,46.132,464,43.774
5233,5233,174.433,NaN,NaN,NaN,NaN,NaN,0,613,489,57.830,46.132,464,43.774
5234,5234,174.467,NaN,NaN,NaN,NaN,NaN,0,613,489,57.830,46.132,464,43.774
5235,5235,174.500,NaN,NaN,NaN,NaN,NaN,0,613,489,57.830,46.132,464,43.774
5236,5236,174.533,NaN,NaN,NaN,NaN,NaN,0,613,489,57.830,46.132,464,43.774
5237,5237,174.567,NaN,NaN,NaN,NaN,NaN,0,613,489,57.830,46.132,464,43.774
5238,5238,174.600,NaN,NaN,NaN,NaN,NaN,0,613,489,57.830,46.132,464,43.774
5239,5239,174.633,NaN,NaN,NaN,NaN,NaN,0,613,489,57.830,46.132,464,43.774
5240,5240,174.667,NaN,NaN,NaN,NaN,NaN,0,613,489,57.830,46.132,464,43.774
5241,5241,174.700,NaN,NaN,NaN,NaN,NaN,0,613,489,57.830,46.132,464,43.774
5242,5242,174.733,NaN,NaN,NaN,NaN,NaN,0,613,489,57.830,46.132,464,43.774
5243,5243,174.767,NaN,NaN,NaN,NaN,NaN,0,613,489,57.830,46.132,464,43.774
5244,5244,174.800,NaN,NaN,NaN,NaN,NaN,0,613,489,57.830,46.132,464,43.774
5245,5245,174.833,NaN,NaN,NaN,NaN,NaN,0,613,489,57.830,46.132,464,43.774
5246,5246,174.867,NaN,NaN,NaN,NaN,NaN,0,613,489,57.830,46.132,464,43.774
5247,5247,174.900,NaN,NaN,NaN,NaN,NaN,0,613,489,57.830,46.132,464,43.774
5248,5248,174.933,NaN,NaN,NaN,NaN,NaN,0,613,489,57.830,46.132,464,43.774
5249,5249,174.967,NaN,NaN,NaN,NaN,NaN,0,613,489,57.830,46.132,464,43.774
5250,5250,175.000,NaN,NaN,NaN,NaN,NaN,0,613,489,57.830,46.132,464,43.774
5251,5251,175.033,NaN,NaN,NaN,NaN,NaN,0,613,489,57.830,46.132,464,43.774
5252,5252,175.067,NaN,NaN,NaN,NaN,NaN,0,613,489,57.830,46.132,464,43.774
5253,5253,175.100,NaN,NaN,NaN,NaN,NaN,0,613,489,57.830,46.132,464,43.774
5254,5254,175.133,NaN,NaN,NaN,NaN,NaN,0,613,489,57.830,46.132,464,43.774
5255,5255,175.167,NaN,NaN,NaN,NaN,NaN,0,613,489,57.830,46.132,464,43.774
5256,5256,175.200,NaN,NaN,NaN,NaN,NaN,0,613,489,57.830,46.132,464,43.774
5257,5257,175.233,NaN,NaN,NaN,NaN,NaN,0,613,489,57.830,46.132,464,43.774
5258,5258,175.267,NaN,NaN,NaN,NaN,NaN,0,613,489,57.830,46.132,464,43.774
5259,5259,175.300,NaN,NaN,NaN,NaN,NaN,0,613,489,57.830,46.132,464,43.774
5260,5260,175.333,NaN,NaN,NaN,NaN,NaN,0,613,489,57.830,46.132,464,43.774
5261,5261,175.367,NaN,NaN,NaN,NaN,NaN,0,613,489,57.830,46.132,464,43.774
5262,5262,175.400,NaN,NaN,NaN,NaN,NaN,0,613,489,57.830,46.132,464,43.774
5263,5263,175.433,NaN,NaN,NaN,NaN,NaN,0,613,489,57.830,46.132,464,43.774
5264,5264,175.467,NaN,NaN,NaN,NaN,NaN,0,613,489,57.830,46.132,464,43.774
5265,5265,175.500,NaN,NaN,NaN,NaN,NaN,0,613,489,57.830,46.132,464,43.774
5266,5266,175.533,NaN,NaN,NaN,NaN,NaN,0,613,489,57.830,46.132,464,43.774
5267,5267,175.567,NaN,NaN,NaN,NaN,NaN,0,613,489,57.830,46.132,464,43.774
5268,5268,175.600,NaN,NaN,NaN,NaN,NaN,0,613,489,57.830,46.132,464,43.774
5269,5269,175.633,NaN,NaN,NaN,NaN,NaN,0,613,489,57.830,46.132,464,43.774
5270,5270,175.667,NaN,NaN,NaN,NaN,NaN,0,613,489,57.830,46.132,464,43.774
5271,5271,175.700,NaN,NaN,NaN,NaN,NaN,0,613,489,57.830,46.132,464,43.774
5272,5272,175.733,NaN,NaN,NaN,NaN,NaN,0,613,489,57.830,46.132,464,43.774
5273,5273,175.767,NaN,NaN,NaN,NaN,NaN,0,613,489,57.830,46.132,464,43.774
5274,5274,175.800,NaN,NaN,NaN,NaN,NaN,0,613,489,57.830,46.132,464,43.774
5275,5275,175.833,NaN,NaN,NaN,NaN,NaN,0,613,489,57.830,46.132,464,43.774
5276,5276,175.867,NaN,NaN,NaN,NaN,NaN,0,613,489,57.830,46.132,464,43.774
5277,5277,175.900,NaN,NaN,NaN,NaN,NaN,0,613,489,57.830,46.132,464,43.774
5278,5278,175.933,NaN,NaN,NaN,NaN,NaN,0,613,489,57.830,46.132,464,43.774
5279,5279,175.967,NaN,NaN,NaN,NaN,NaN,0,613,489,57.830,46.132,464,43.774
5280,5280,176.000,NaN,NaN,NaN,NaN,NaN,0,613,489,57.830,46.132,464,43.774
5281,5281,176.033,NaN,NaN,NaN,NaN,NaN,0,613,489,57.830,46.132,464,43.774
5282,5282,176.067,NaN,NaN,NaN,NaN,NaN,0,613,489,57.830,46.132,464,43.774
5283,5283,176.100,NaN,NaN,NaN,NaN,NaN,0,613,489,57.830,46.132,464,43.774
5284,5284,176.133,NaN,NaN,NaN,NaN,NaN,0,613,489,57.830,46.132,464,43.774
5285,5285,176.167,NaN,NaN,NaN,NaN,NaN,0,613,489,57.830,46.132,464,43.774
5286,5286,176.200,NaN,NaN,NaN,NaN,NaN,0,613,489,57.830,46.132,464,43.774
5287,5287,176.233,NaN,NaN,NaN,NaN,NaN,0,613,489,57.830,46.132,464,43.774
5288,5288,176.267,NaN,NaN,NaN,NaN,NaN,0,613,489,57.830,46.132,464,43.774
5289,5289,176.300,NaN,NaN,NaN,NaN,NaN,0,613,489,57.830,46.132,464,43.774
5290,5290,176.333,NaN,NaN,NaN,NaN,NaN,0,613,489,57.830,46.132,464,43.774
5291,5291,176.367,NaN,NaN,NaN,NaN,NaN,0,613,489,57.830,46.132,464,43.774
5292,5292,176.400,NaN,NaN,NaN,NaN,NaN,0,613,489,57.830,46.132,464,43.774
5293,5293,176.433,NaN,NaN,NaN,NaN,NaN,0,613,489,57.830,46.132,464,43.774
5294,5294,176.467,NaN,NaN,NaN,NaN,NaN,0,613,489,57.830,46.132,464,43.774
5295,5295,176.500,NaN,NaN,NaN,NaN,NaN,0,613,489,57.830,46.132,464,43.774
5296,5296,176.533,NaN,NaN,NaN,NaN,NaN,0,613,489,57.830,46.132,464,43.774
5297,5297,176.567,NaN,NaN,NaN,NaN,NaN,0,613,489,57.830,46.132,464,43.774
5298,5298,176.600,NaN,NaN,NaN,NaN,NaN,0,613,489,57.830,46.132,464,43.774
5299,5299,176.633,NaN,NaN,NaN,NaN,NaN,0,613,489,57.830,46.132,464,43.774
5300,5300,176.667,NaN,NaN,NaN,NaN,NaN,0,613,489,57.830,46.132,464,43.774
5301,5301,176.700,NaN,NaN,NaN,NaN,NaN,0,613,489,57.830,46.132,464,43.774
5302,5302,176.733,NaN,NaN,NaN,NaN,NaN,0,613,489,57.830,46.132,464,43.774
5303,5303,176.767,NaN,NaN,NaN,NaN,NaN,0,613,489,57.830,46.132,464,43.774
5304,5304,176.800,NaN,NaN,NaN,NaN,NaN,0,613,489,57.830,46.132,464,43.774
5305,5305,176.833,NaN,NaN,NaN,NaN,NaN,0,613,489,57.830,46.132,464,43.774
5306,5306,176.867,NaN,NaN,NaN,NaN,NaN,0,613,489,57.830,46.132,464,43.774
5307,5307,176.900,NaN,NaN,NaN,NaN,NaN,0,613,489,57.830,46.132,464,43.774
5308,5308,176.933,NaN,NaN,NaN,NaN,NaN,0,613,489,57.830,46.132,464,43.774
5309,5309,176.967,NaN,NaN,NaN,NaN,NaN,0,613,489,57.830,46.132,464,43.774
5310,5310,177.000,NaN,NaN,NaN,NaN,NaN,0,613,489,57.830,46.132,464,43.774
5311,5311,177.033,NaN,NaN,NaN,NaN,NaN,0,613,489,57.830,46.132,464,43.774
5312,5312,177.067,NaN,NaN,NaN,NaN,NaN,0,613,489,57.830,46.132,464,43.774
5313,5313,177.100,NaN,NaN,NaN,NaN,NaN,0,613,489,57.830,46.132,464,43.774
5314,5314,177.133,NaN,NaN,NaN,NaN,NaN,0,613,489,57.830,46.132,464,43.774
5315,5315,177.167,NaN,NaN,NaN,NaN,NaN,0,613,489,57.830,46.132,464,43.774
5316,5316,177.200,NaN,NaN,NaN,NaN,NaN,0,613,489,57.830,46.132,464,43.774
5317,5317,177.233,NaN,NaN,NaN,NaN,NaN,0,613,489,57.830,46.132,464,43.774
5318,5318,177.267,NaN,NaN,NaN,NaN,NaN,0,613,489,57.830,46.132,464,43.774
5319,5319,177.300,NaN,NaN,NaN,NaN,NaN,0,613,489,57.830,46.132,464,43.774
5320,5320,177.333,NaN,NaN,NaN,NaN,NaN,0,613,489,57.830,46.132,464,43.774
5321,5321,177.367,NaN,NaN,NaN,NaN,NaN,0,613,489,57.830,46.132,464,43.774
5322,5322,177.400,NaN,NaN,NaN,NaN,NaN,0,613,489,57.830,46.132,464,43.774
5323,5323,177.433,NaN,NaN,NaN,NaN,NaN,0,613,489,57.830,46.132,464,43.774
5324,5324,177.467,NaN,NaN,NaN,NaN,NaN,0,613,489,57.830,46.132,464,43.774
5325,5325,177.500,NaN,NaN,NaN,NaN,NaN,0,613,489,57.830,46.132,464,43.774
5326,5326,177.533,NaN,NaN,NaN,NaN,NaN,0,613,489,57.830,46.132,464,43.774
5327,5327,177.567,NaN,NaN,NaN,NaN,NaN,0,613,489,57.830,46.132,464,43.774
5328,5328,177.600,NaN,NaN,NaN,NaN,NaN,0,613,489,57.830,46.132,464,43.774
5329,5329,177.633,NaN,NaN,NaN,NaN,NaN,0,613,489,57.830,46.132,464,43.774
5330,5330,177.667,NaN,NaN,NaN,NaN,NaN,0,613,489,57.830,46.132,464,43.774
5331,5331,177.700,NaN,NaN,NaN,NaN,NaN,0,613,489,57.830,46.132,464,43.774
5332,5332,177.733,NaN,NaN,NaN,NaN,NaN,0,613,489,57.830,46.132,464,43.774
5333,5333,177.767,NaN,NaN,NaN,NaN,NaN,0,613,489,57.830,46.132,464,43.774
5334,5334,177.800,NaN,NaN,NaN,NaN,NaN,0,613,489,57.830,46.132,464,43.774
5335,5335,177.833,NaN,NaN,NaN,NaN,NaN,0,613,489,57.830,46.132,464,43.774
5336,5336,177.867,NaN,NaN,NaN,NaN,NaN,0,613,489,57.830,46.132,464,43.774
5337,5337,177.900,NaN,NaN,NaN,NaN,NaN,0,613,489,57.830,46.132,464,43.774
5338,5338,177.933,NaN,NaN,NaN,NaN,NaN,0,613,489,57.830,46.132,464,43.774
5339,5339,177.967,NaN,NaN,NaN,NaN,NaN,0,613,489,57.830,46.132,464,43.774
5340,5340,178.000,NaN,NaN,NaN,NaN,NaN,0,613,489,57.830,46.132,464,43.774
5341,5341,178.033,NaN,NaN,NaN,NaN,NaN,0,613,489,57.830,46.132,464,43.774
5342,5342,178.067,NaN,NaN,NaN,NaN,NaN,0,613,489,57.830,46.132,464,43.774
5343,5343,178.100,NaN,NaN,NaN,NaN,NaN,0,613,489,57.830,46.132,464,43.774
5344,5344,178.133,NaN,NaN,NaN,NaN,NaN,0,613,489,57.830,46.132,464,43.774
5345,5345,178.167,NaN,NaN,NaN,NaN,NaN,0,613,489,57.830,46.132,464,43.774
5346,5346,178.200,NaN,NaN,NaN,NaN,NaN,0,613,489,57.830,46.132,464,43.774
5347,5347,178.233,NaN,NaN,NaN,NaN,NaN,0,613,489,57.830,46.132,464,43.774
5348,5348,178.267,NaN,NaN,NaN,NaN,NaN,0,613,489,57.830,46.132,464,43.774
5349,5349,178.300,NaN,NaN,NaN,NaN,NaN,0,613,489,57.830,46.132,464,43.774
5350,5350,178.333,NaN,NaN,NaN,NaN,NaN,0,613,489,57.830,46.132,464,43.774
5351,5351,178.367,NaN,NaN,NaN,NaN,NaN,0,613,489,57.830,46.132,464,43.774
5352,5352,178.400,NaN,NaN,NaN,NaN,NaN,0,613,489,57.830,46.132,464,43.774
5353,5353,178.433,NaN,NaN,NaN,NaN,NaN,0,613,489,57.830,46.132,464,43.774
5354,5354,178.467,NaN,NaN,NaN,NaN,NaN,0,613,489,57.830,46.132,464,43.774
5355,5355,178.500,NaN,NaN,NaN,NaN,NaN,0,613,489,57.830,46.132,464,43.774
5356,5356,178.533,NaN,NaN,NaN,NaN,NaN,0,613,489,57.830,46.132,464,43.774
5357,5357,178.567,NaN,NaN,NaN,NaN,NaN,0,613,489,57.830,46.132,464,43.774
5358,5358,178.600,NaN,NaN,NaN,NaN,NaN,0,613,489,57.830,46.132,464,43.774
5359,5359,178.633,NaN,NaN,NaN,NaN,NaN,0,613,489,57.830,46.132,464,43.774
5360,5360,178.667,NaN,NaN,NaN,NaN,NaN,0,613,489,57.830,46.132,464,43.774
5361,5361,178.700,NaN,NaN,NaN,NaN,NaN,0,613,489,57.830,46.132,464,43.774
5362,5362,178.733,NaN,NaN,NaN,NaN,NaN,0,613,489,57.830,46.132,464,43.774
5363,5363,178.767,NaN,NaN,NaN,NaN,NaN,0,613,489,57.830,46.132,464,43.774
5364,5364,178.800,NaN,NaN,NaN,NaN,NaN,0,613,489,57.830,46.132,464,43.774
5365,5365,178.833,NaN,NaN,NaN,NaN,NaN,0,613,489,57.830,46.132,464,43.774
5366,5366,178.867,NaN,NaN,NaN,NaN,NaN,0,613,489,57.830,46.132,464,43.774
5367,5367,178.900,NaN,NaN,NaN,NaN,NaN,0,613,489,57.830,46.132,464,43.774
5368,5368,178.933,NaN,NaN,NaN,NaN,NaN,0,613,489,57.830,46.132,464,43.774
5369,5369,178.967,NaN,NaN,NaN,NaN,NaN,0,613,489,57.830,46.132,464,43.774
5370,5370,179.000,NaN,NaN,NaN,NaN,NaN,0,613,489,57.830,46.132,464,43.774
5371,5371,179.033,NaN,NaN,NaN,NaN,NaN,0,613,489,57.830,46.132,464,43.774
5372,5372,179.067,NaN,NaN,NaN,NaN,NaN,0,613,489,57.830,46.132,464,43.774
5373,5373,179.100,NaN,NaN,NaN,NaN,NaN,0,613,489,57.830,46.132,464,43.774
5374,5374,179.133,NaN,NaN,NaN,NaN,NaN,0,613,489,57.830,46.132,464,43.774
5375,5375,179.167,NaN,NaN,NaN,NaN,NaN,0,613,489,57.830,46.132,464,43.774
5376,5376,179.200,NaN,NaN,NaN,NaN,NaN,0,613,489,57.830,46.132,464,43.774
5377,5377,179.233,NaN,NaN,NaN,NaN,NaN,0,613,489,57.830,46.132,464,43.774
5378,5378,179.267,NaN,NaN,NaN,NaN,NaN,0,613,489,57.830,46.132,464,43.774
5379,5379,179.300,NaN,NaN,NaN,NaN,NaN,0,613,489,57.830,46.132,464,43.774
5380,5380,179.333,NaN,NaN,NaN,NaN,NaN,0,613,489,57.830,46.132,464,43.774
5381,5381,179.367,NaN,NaN,NaN,NaN,NaN,0,613,489,57.830,46.132,464,43.774
5382,5382,179.400,NaN,NaN,NaN,NaN,NaN,0,613,489,57.830,46.132,464,43.774
5383,5383,179.433,NaN,NaN,NaN,NaN,NaN,0,613,489,57.830,46.132,464,43.774
5384,5384,179.467,NaN,NaN,NaN,NaN,NaN,0,613,489,57.830,46.132,464,43.774
5385,5385,179.500,NaN,NaN,NaN,NaN,NaN,0,613,489,57.830,46.132,464,43.774
5386,5386,179.533,NaN,NaN,NaN,NaN,NaN,0,613,489,57.830,46.132,464,43.774
5387,5387,179.567,NaN,NaN,NaN,NaN,NaN,0,613,489,57.830,46.132,464,43.774
5388,5388,179.600,NaN,NaN,NaN,NaN,NaN,0,613,489,57.830,46.132,464,43.774
5389,5389,179.633,NaN,NaN,NaN,NaN,NaN,0,613,489,57.830,46.132,464,43.774
5390,5390,179.667,NaN,NaN,NaN,NaN,NaN,0,613,489,57.830,46.132,464,43.774
5391,5391,179.700,NaN,NaN,NaN,NaN,NaN,0,613,489,57.830,46.132,464,43.774
5392,5392,179.733,NaN,NaN,NaN,NaN,NaN,0,613,489,57.830,46.132,464,43.774
5393,5393,179.767,NaN,NaN,NaN,NaN,NaN,0,613,489,57.830,46.132,464,43.774
5394,5394,179.800,NaN,NaN,NaN,NaN,NaN,0,613,489,57.830,46.132,464,43.774
5395,5395,179.833,NaN,NaN,NaN,NaN,NaN,0,613,489,57.830,46.132,464,43.774
5396,5396,179.867,NaN,NaN,NaN,NaN,NaN,0,613,489,57.830,46.132,464,43.774
5397,5397,179.900,NaN,NaN,NaN,NaN,NaN,0,613,489,57.830,46.132,464,43.774
5398,5398,179.933,NaN,NaN,NaN,NaN,NaN,0,613,489,57.830,46.132,464,43.774
5399,5399,179.967,NaN,NaN,NaN,NaN,NaN,0,613,489,57.830,46.132,464,43.774
5400,5400,180.000,NaN,NaN,NaN,NaN,NaN,0,613,489,57.830,46.132,464,43.774
5401,5401,180.033,NaN,NaN,NaN,NaN,NaN,0,613,489,57.830,46.132,464,43.774
5402,5402,180.067,NaN,NaN,NaN,NaN,NaN,0,613,489,57.830,46.132,464,43.774
