 ,Frame,Time_s,X_px,Y_px,X_mm,Y_mm,Area_px,Detected,Arena_center_X_px,Arena_center_Y_px,Arena_center_X_mm,Arena_center_Y_mm,Arena_radius_px,Arena_radius_mm
1,1,0.033,NaN,NaN,NaN,NaN,NaN,0,595,487,56.667,46.381,461,43.905
2,2,0.067,NaN,NaN,NaN,NaN,NaN,0,595,487,56.667,46.381,461,43.905
3,3,0.100,NaN,NaN,NaN,NaN,NaN,0,595,487,56.667,46.381,461,43.905
4,4,0.133,NaN,NaN,NaN,NaN,NaN,0,595,487,56.667,46.381,461,43.905
5,5,0.167,NaN,NaN,NaN,NaN,NaN,0,595,487,56.667,46.381,461,43.905
6,6,0.200,NaN,NaN,NaN,NaN,NaN,0,595,487,56.667,46.381,461,43.905
7,7,0.233,NaN,NaN,NaN,NaN,NaN,0,595,487,56.667,46.381,461,43.905
8,8,0.267,NaN,NaN,NaN,NaN,NaN,0,595,487,56.667,46.381,461,43.905
9,9,0.300,NaN,NaN,NaN,NaN,NaN,0,595,487,56.667,46.381,461,43.905
10,10,0.333,NaN,NaN,NaN,NaN,NaN,0,595,487,56.667,46.381,461,43.905
11,11,0.367,NaN,NaN,NaN,NaN,NaN,0,595,487,56.667,46.381,461,43.905
12,12,0.400,NaN,NaN,NaN,NaN,NaN,0,595,487,56.667,46.381,461,43.905
13,13,0.433,NaN,NaN,NaN,NaN,NaN,0,595,487,56.667,46.381,461,43.905
14,14,0.467,NaN,NaN,NaN,NaN,NaN,0,595,487,56.667,46.381,461,43.905
15,15,0.500,NaN,NaN,NaN,NaN,NaN,0,595,487,56.667,46.381,461,43.905
16,16,0.533,NaN,NaN,NaN,NaN,NaN,0,595,487,56.667,46.381,461,43.905
17,17,0.567,NaN,NaN,NaN,NaN,NaN,0,595,487,56.667,46.381,461,43.905
18,18,0.600,NaN,NaN,NaN,NaN,NaN,0,595,487,56.667,46.381,461,43.905
19,19,0.633,NaN,NaN,NaN,NaN,NaN,0,595,487,56.667,46.381,461,43.905
20,20,0.667,594.939,502.880,56.661,47.893,275,1,595,487,56.667,46.381,461,43.905
21,21,0.700,594.939,502.877,56.661,47.893,275,1,595,487,56.667,46.381,461,43.905
22,22,0.733,595.035,502.916,56.670,47.897,276,1,595,487,56.667,46.381,461,43.905
23,23,0.767,595.034,502.913,56.670,47.896,274,1,595,487,56.667,46.381,461,43.905
24,24,0.800,594.990,502.913,56.666,47.896,276,1,595,487,56.667,46.381,461,43.905
25,25,0.833,595.047,502.932,56.671,47.898,276,1,595,487,56.667,46.381,461,43.905
26,26,0.867,595.076,502.921,56.674,47.897,277,1,595,487,56.667,46.381,461,43.905
27,27,0.900,595.079,502.913,56.674,47.896,277,1,595,487,56.667,46.381,461,43.905
28,28,0.933,595.050,502.918,56.671,47.897,276,1,595,487,56.667,46.381,461,43.905
29,29,0.967,595.103,502.880,56.677,47.893,278,1,595,487,56.667,46.381,461,43.905
30,30,1.000,595.156,502.894,56.682,47.895,277,1,595,487,56.667,46.381,461,43.905
31,31,1.033,595.152,502.896,56.681,47.895,277,1,595,487,56.667,46.381,461,43.905
32,32,1.067,NaN,NaN,NaN,NaN,NaN,0,595,487,56.667,46.381,461,43.905
33,33,1.100,595.309,502.919,56.696,47.897,274,1,595,487,56.667,46.381,461,43.905
34,34,1.133,595.478,502.867,56.712,47.892,281,1,595,487,56.667,46.381,461,43.905
35,35,1.167,595.233,502.929,56.689,47.898,288,1,595,487,56.667,46.381,461,43.905
36,36,1.200,595.124,502.967,56.678,47.902,287,1,595,487,56.667,46.381,461,43.905
37,37,1.233,595.250,503.040,56.691,47.909,297,1,595,487,56.667,46.381,461,43.905
38,38,1.267,595.248,503.028,56.690,47.907,296,1,595,487,56.667,46.381,461,43.905
39,39,1.300,595.081,502.975,56.674,47.902,297,1,595,487,56.667,46.381,461,43.905
40,40,1.333,594.855,502.929,56.653,47.898,291,1,595,487,56.667,46.381,461,43.905
41,41,1.367,594.882,502.915,56.655,47.897,292,1,595,487,56.667,46.381,461,43.905
42,42,1.400,594.879,502.915,56.655,47.897,292,1,595,487,56.667,46.381,461,43.905
43,43,1.433,595.302,502.982,56.695,47.903,295,1,595,487,56.667,46.381,461,43.905
44,44,1.467,595.293,502.971,56.695,47.902,298,1,595,487,56.667,46.381,461,43.905
45,45,1.500,595.117,502.981,56.678,47.903,303,1,595,487,56.667,46.381,461,43.905
46,46,1.533,595.208,502.960,56.686,47.901,299,1,595,487,56.667,46.381,461,43.905
47,47,1.567,595.333,503.018,56.698,47.906,302,1,595,487,56.667,46.381,461,43.905
48,48,1.600,595.248,503.046,56.690,47.909,301,1,595,487,56.667,46.381,461,43.905
49,49,1.633,595.289,503.041,56.694,47.909,304,1,595,487,56.667,46.381,461,43.905
50,50,1.667,595.151,502.927,56.681,47.898,308,1,595,487,56.667,46.381,461,43.905
51,51,1.700,595.193,502.914,56.685,47.897,309,1,595,487,56.667,46.381,461,43.905
52,52,1.733,595.120,502.887,56.678,47.894,311,1,595,487,56.667,46.381,461,43.905
53,53,1.767,595.110,502.892,56.677,47.894,311,1,595,487,56.667,46.381,461,43.905
54,54,1.800,595.004,502.924,56.667,47.898,312,1,595,487,56.667,46.381,461,43.905
55,55,1.833,595.140,502.885,56.680,47.894,317,1,595,487,56.667,46.381,461,43.905
56,56,1.867,595.117,502.898,56.678,47.895,322,1,595,487,56.667,46.381,461,43.905
57,57,1.900,595.224,502.969,56.688,47.902,320,1,595,487,56.667,46.381,461,43.905
58,58,1.933,595.286,502.870,56.694,47.892,330,1,595,487,56.667,46.381,461,43.905
59,59,1.967,595.410,503.020,56.706,47.907,326,1,595,487,56.667,46.381,461,43.905
60,60,2.000,595.445,502.983,56.709,47.903,332,1,595,487,56.667,46.381,461,43.905
61,61,2.033,595.484,502.960,56.713,47.901,342,1,595,487,56.667,46.381,461,43.905
62,62,2.067,595.365,502.942,56.701,47.899,344,1,595,487,56.667,46.381,461,43.905
63,63,2.100,595.370,502.942,56.702,47.899,341,1,595,487,56.667,46.381,461,43.905
64,64,2.133,595.459,502.932,56.710,47.898,343,1,595,487,56.667,46.381,461,43.905
65,65,2.167,595.400,503.003,56.705,47.905,335,1,595,487,56.667,46.381,461,43.905
66,66,2.200,595.255,502.886,56.691,47.894,337,1,595,487,56.667,46.381,461,43.905
67,67,2.233,595.146,502.875,56.681,47.893,342,1,595,487,56.667,46.381,461,43.905
68,68,2.267,595.215,502.876,56.687,47.893,343,1,595,487,56.667,46.381,461,43.905
69,69,2.300,595.153,502.889,56.681,47.894,342,1,595,487,56.667,46.381,461,43.905
70,70,2.333,595.143,502.912,56.680,47.896,340,1,595,487,56.667,46.381,461,43.905
71,71,2.367,595.162,502.912,56.682,47.896,339,1,595,487,56.667,46.381,461,43.905
72,72,2.400,594.994,502.883,56.666,47.894,331,1,595,487,56.667,46.381,461,43.905
73,73,2.433,595.194,502.918,56.685,47.897,325,1,595,487,56.667,46.381,461,43.905
74,74,2.467,595.203,502.923,56.686,47.897,325,1,595,487,56.667,46.381,461,43.905
75,75,2.500,595.306,502.874,56.696,47.893,329,1,595,487,56.667,46.381,461,43.905
76,76,2.533,595.315,502.927,56.697,47.898,327,1,595,487,56.667,46.381,461,43.905
77,77,2.567,595.200,502.900,56.686,47.895,322,1,595,487,56.667,46.381,461,43.905
78,78,2.600,595.532,502.934,56.717,47.899,318,1,595,487,56.667,46.381,461,43.905
79,79,2.633,595.233,502.953,56.689,47.900,308,1,595,487,56.667,46.381,461,43.905
80,80,2.667,595.272,502.921,56.693,47.897,308,1,595,487,56.667,46.381,461,43.905
81,81,2.700,595.045,502.974,56.671,47.902,302,1,595,487,56.667,46.381,461,43.905
82,82,2.733,595.447,503.003,56.709,47.905,294,1,595,487,56.667,46.381,461,43.905
83,83,2.767,595.447,503.002,56.709,47.905,294,1,595,487,56.667,46.381,461,43.905
84,84,2.800,595.272,503.026,56.693,47.907,290,1,595,487,56.667,46.381,461,43.905
85,85,2.833,595.306,503.015,56.696,47.906,289,1,595,487,56.667,46.381,461,43.905
86,86,2.867,595.328,503.044,56.698,47.909,286,1,595,487,56.667,46.381,461,43.905
87,87,2.900,595.107,503.046,56.677,47.909,289,1,595,487,56.667,46.381,461,43.905
88,88,2.933,595.013,503.076,56.668,47.912,287,1,595,487,56.667,46.381,461,43.905
89,89,2.967,595.056,503.109,56.672,47.915,291,1,595,487,56.667,46.381,461,43.905
90,90,3.000,595.174,503.039,56.683,47.908,291,1,595,487,56.667,46.381,461,43.905
91,91,3.033,595.053,503.060,56.672,47.910,288,1,595,487,56.667,46.381,461,43.905
92,92,3.067,595.063,503.061,56.673,47.911,288,1,595,487,56.667,46.381,461,43.905
93,93,3.100,595.058,503.069,56.672,47.911,288,1,595,487,56.667,46.381,461,43.905
94,94,3.133,595.029,503.062,56.669,47.911,286,1,595,487,56.667,46.381,461,43.905
95,95,3.167,595.067,503.093,56.673,47.914,287,1,595,487,56.667,46.381,461,43.905
96,96,3.200,595.145,503.089,56.680,47.913,283,1,595,487,56.667,46.381,461,43.905
97,97,3.233,595.105,503.100,56.677,47.914,282,1,595,487,56.667,46.381,461,43.905
98,98,3.267,595.033,503.052,56.670,47.910,277,1,595,487,56.667,46.381,461,43.905
99,99,3.300,594.966,503.120,56.663,47.916,276,1,595,487,56.667,46.381,461,43.905
100,100,3.333,594.959,503.128,56.663,47.917,275,1,595,487,56.667,46.381,461,43.905
101,101,3.367,595.014,503.180,56.668,47.922,281,1,595,487,56.667,46.381,461,43.905
102,102,3.400,595.014,503.181,56.668,47.922,281,1,595,487,56.667,46.381,461,43.905
103,103,3.433,595.007,503.157,56.667,47.920,279,1,595,487,56.667,46.381,461,43.905
104,104,3.467,594.998,503.222,56.667,47.926,277,1,595,487,56.667,46.381,461,43.905
105,105,3.500,594.991,503.241,56.666,47.928,275,1,595,487,56.667,46.381,461,43.905
106,106,3.533,NaN,NaN,NaN,NaN,NaN,0,595,487,56.667,46.381,461,43.905
107,107,3.567,NaN,NaN,NaN,NaN,NaN,0,595,487,56.667,46.381,461,43.905
108,108,3.600,594.817,503.441,56.649,47.947,274,1,595,487,56.667,46.381,461,43.905
109,109,3.633,594.958,503.444,56.663,47.947,276,1,595,487,56.667,46.381,461,43.905
110,110,3.667,NaN,NaN,NaN,NaN,NaN,0,595,487,56.667,46.381,461,43.905
111,111,3.700,NaN,NaN,NaN,NaN,NaN,0,595,487,56.667,46.381,461,43.905
112,112,3.733,594.907,503.479,56.658,47.950,275,1,595,487,56.667,46.381,461,43.905
113,113,3.767,594.908,503.496,56.658,47.952,274,1,595,487,56.667,46.381,461,43.905
114,114,3.800,595.036,503.339,56.670,47.937,278,1,595,487,56.667,46.381,461,43.905
115,115,3.833,595.096,503.387,56.676,47.942,280,1,595,487,56.667,46.381,461,43.905
116,116,3.867,595.491,503.325,56.713,47.936,282,1,595,487,56.667,46.381,461,43.905
117,117,3.900,595.172,503.458,56.683,47.948,285,1,595,487,56.667,46.381,461,43.905
118,118,3.933,595.245,503.443,56.690,47.947,283,1,595,487,56.667,46.381,461,43.905
119,119,3.967,595.217,503.413,56.687,47.944,283,1,595,487,56.667,46.381,461,43.905
120,120,4.000,595.274,503.431,56.693,47.946,283,1,595,487,56.667,46.381,461,43.905
121,121,4.033,NaN,NaN,NaN,NaN,NaN,0,595,487,56.667,46.381,461,43.905
122,122,4.067,595.341,503.416,56.699,47.944,278,1,595,487,56.667,46.381,461,43.905
123,123,4.100,595.513,503.405,56.716,47.943,277,1,595,487,56.667,46.381,461,43.905
124,124,4.133,595.512,503.405,56.715,47.943,277,1,595,487,56.667,46.381,461,43.905
125,125,4.167,595.493,503.403,56.714,47.943,277,1,595,487,56.667,46.381,461,43.905
126,126,4.200,595.493,503.403,56.714,47.943,277,1,595,487,56.667,46.381,461,43.905
127,127,4.233,595.493,503.403,56.714,47.943,277,1,595,487,56.667,46.381,461,43.905
128,128,4.267,595.439,503.415,56.708,47.944,278,1,595,487,56.667,46.381,461,43.905
129,129,4.300,595.781,503.491,56.741,47.952,287,1,595,487,56.667,46.381,461,43.905
130,130,4.333,595.815,503.595,56.744,47.961,289,1,595,487,56.667,46.381,461,43.905
131,131,4.367,595.878,503.488,56.750,47.951,289,1,595,487,56.667,46.381,461,43.905
132,132,4.400,595.877,503.486,56.750,47.951,289,1,595,487,56.667,46.381,461,43.905
133,133,4.433,595.841,503.493,56.747,47.952,288,1,595,487,56.667,46.381,461,43.905
134,134,4.467,595.843,503.492,56.747,47.952,288,1,595,487,56.667,46.381,461,43.905
135,135,4.500,596.009,503.478,56.763,47.950,286,1,595,487,56.667,46.381,461,43.905
136,136,4.533,596.009,503.478,56.763,47.950,286,1,595,487,56.667,46.381,461,43.905
137,137,4.567,595.988,503.465,56.761,47.949,285,1,595,487,56.667,46.381,461,43.905
138,138,4.600,595.858,503.473,56.748,47.950,282,1,595,487,56.667,46.381,461,43.905
139,139,4.633,595.782,503.500,56.741,47.952,280,1,595,487,56.667,46.381,461,43.905
140,140,4.667,595.729,503.471,56.736,47.950,279,1,595,487,56.667,46.381,461,43.905
141,141,4.700,595.743,503.482,56.737,47.951,278,1,595,487,56.667,46.381,461,43.905
142,142,4.733,595.743,503.464,56.737,47.949,277,1,595,487,56.667,46.381,461,43.905
143,143,4.767,595.706,503.497,56.734,47.952,277,1,595,487,56.667,46.381,461,43.905
144,144,4.800,595.744,503.483,56.738,47.951,278,1,595,487,56.667,46.381,461,43.905
145,145,4.833,595.769,503.483,56.740,47.951,278,1,595,487,56.667,46.381,461,43.905
146,146,4.867,595.772,503.484,56.740,47.951,278,1,595,487,56.667,46.381,461,43.905
147,147,4.900,595.771,503.484,56.740,47.951,278,1,595,487,56.667,46.381,461,43.905
148,148,4.933,595.776,503.485,56.741,47.951,278,1,595,487,56.667,46.381,461,43.905
149,149,4.967,595.592,503.575,56.723,47.960,275,1,595,487,56.667,46.381,461,43.905
150,150,5.000,595.587,503.570,56.723,47.959,275,1,595,487,56.667,46.381,461,43.905
151,151,5.033,595.663,503.603,56.730,47.962,277,1,595,487,56.667,46.381,461,43.905
152,152,5.067,595.403,503.558,56.705,47.958,276,1,595,487,56.667,46.381,461,43.905
153,153,5.100,595.427,503.541,56.707,47.956,277,1,595,487,56.667,46.381,461,43.905
154,154,5.133,595.592,503.553,56.723,47.957,275,1,595,487,56.667,46.381,461,43.905
155,155,5.167,595.590,503.551,56.723,47.957,275,1,595,487,56.667,46.381,461,43.905
156,156,5.200,595.558,503.551,56.720,47.957,274,1,595,487,56.667,46.381,461,43.905
157,157,5.233,595.252,503.547,56.691,47.957,282,1,595,487,56.667,46.381,461,43.905
158,158,5.267,595.644,503.512,56.728,47.954,276,1,595,487,56.667,46.381,461,43.905
159,159,5.300,595.645,503.517,56.728,47.954,276,1,595,487,56.667,46.381,461,43.905
160,160,5.333,595.597,503.568,56.723,47.959,277,1,595,487,56.667,46.381,461,43.905
161,161,5.367,595.650,503.528,56.729,47.955,280,1,595,487,56.667,46.381,461,43.905
162,162,5.400,595.603,503.528,56.724,47.955,282,1,595,487,56.667,46.381,461,43.905
163,163,5.433,595.644,503.527,56.728,47.955,283,1,595,487,56.667,46.381,461,43.905
164,164,5.467,595.622,503.518,56.726,47.954,282,1,595,487,56.667,46.381,461,43.905
165,165,5.500,595.624,503.516,56.726,47.954,282,1,595,487,56.667,46.381,461,43.905
166,166,5.533,595.535,503.530,56.718,47.955,280,1,595,487,56.667,46.381,461,43.905
167,167,5.567,595.548,503.531,56.719,47.955,280,1,595,487,56.667,46.381,461,43.905
168,168,5.600,595.428,503.462,56.707,47.949,288,1,595,487,56.667,46.381,461,43.905
169,169,5.633,595.442,503.490,56.709,47.951,287,1,595,487,56.667,46.381,461,43.905
170,170,5.667,595.476,503.476,56.712,47.950,288,1,595,487,56.667,46.381,461,43.905
171,171,5.700,595.559,503.484,56.720,47.951,287,1,595,487,56.667,46.381,461,43.905
172,172,5.733,595.490,503.511,56.713,47.953,285,1,595,487,56.667,46.381,461,43.905
173,173,5.767,595.447,503.540,56.709,47.956,287,1,595,487,56.667,46.381,461,43.905
174,174,5.800,595.519,503.537,56.716,47.956,285,1,595,487,56.667,46.381,461,43.905
175,175,5.833,595.639,503.579,56.727,47.960,284,1,595,487,56.667,46.381,461,43.905
176,176,5.867,595.517,503.577,56.716,47.960,287,1,595,487,56.667,46.381,461,43.905
177,177,5.900,595.521,503.578,56.716,47.960,287,1,595,487,56.667,46.381,461,43.905
178,178,5.933,595.466,503.662,56.711,47.968,286,1,595,487,56.667,46.381,461,43.905
179,179,5.967,595.732,503.593,56.736,47.961,298,1,595,487,56.667,46.381,461,43.905
180,180,6.000,595.420,503.609,56.707,47.963,288,1,595,487,56.667,46.381,461,43.905
181,181,6.033,595.260,503.602,56.691,47.962,300,1,595,487,56.667,46.381,461,43.905
182,182,6.067,595.276,503.644,56.693,47.966,294,1,595,487,56.667,46.381,461,43.905
183,183,6.100,595.233,503.688,56.689,47.970,295,1,595,487,56.667,46.381,461,43.905
184,184,6.133,595.288,503.787,56.694,47.980,294,1,595,487,56.667,46.381,461,43.905
185,185,6.167,595.283,503.788,56.694,47.980,294,1,595,487,56.667,46.381,461,43.905
186,186,6.200,595.283,503.788,56.694,47.980,294,1,595,487,56.667,46.381,461,43.905
187,187,6.233,595.185,503.804,56.684,47.981,294,1,595,487,56.667,46.381,461,43.905
188,188,6.267,595.154,503.823,56.681,47.983,295,1,595,487,56.667,46.381,461,43.905
189,189,6.300,595.108,503.889,56.677,47.989,297,1,595,487,56.667,46.381,461,43.905
190,190,6.333,595.204,503.905,56.686,47.991,295,1,595,487,56.667,46.381,461,43.905
191,191,6.367,595.202,503.906,56.686,47.991,295,1,595,487,56.667,46.381,461,43.905
192,192,6.400,595.232,503.944,56.689,47.995,298,1,595,487,56.667,46.381,461,43.905
193,193,6.433,595.177,503.965,56.684,47.997,296,1,595,487,56.667,46.381,461,43.905
194,194,6.467,595.236,503.990,56.689,47.999,295,1,595,487,56.667,46.381,461,43.905
195,195,6.500,595.141,504.032,56.680,48.003,297,1,595,487,56.667,46.381,461,43.905
196,196,6.533,595.139,504.226,56.680,48.022,302,1,595,487,56.667,46.381,461,43.905
197,197,6.567,595.269,504.260,56.692,48.025,299,1,595,487,56.667,46.381,461,43.905
198,198,6.600,595.174,504.251,56.683,48.024,300,1,595,487,56.667,46.381,461,43.905
199,199,6.633,595.287,504.250,56.694,48.024,301,1,595,487,56.667,46.381,461,43.905
200,200,6.667,595.273,504.319,56.693,48.030,295,1,595,487,56.667,46.381,461,43.905
201,201,6.700,595.334,504.293,56.698,48.028,294,1,595,487,56.667,46.381,461,43.905
202,202,6.733,595.775,504.263,56.740,48.025,293,1,595,487,56.667,46.381,461,43.905
203,203,6.767,595.665,504.350,56.730,48.033,294,1,595,487,56.667,46.381,461,43.905
204,204,6.800,595.505,504.310,56.715,48.030,299,1,595,487,56.667,46.381,461,43.905
205,205,6.833,595.564,504.491,56.720,48.047,295,1,595,487,56.667,46.381,461,43.905
206,206,6.867,595.608,504.487,56.725,48.046,295,1,595,487,56.667,46.381,461,43.905
207,207,6.900,595.281,504.591,56.693,48.056,297,1,595,487,56.667,46.381,461,43.905
208,208,6.933,595.304,504.677,56.696,48.064,295,1,595,487,56.667,46.381,461,43.905
209,209,6.967,595.279,504.695,56.693,48.066,296,1,595,487,56.667,46.381,461,43.905
210,210,7.000,595.262,504.664,56.692,48.063,296,1,595,487,56.667,46.381,461,43.905
211,211,7.033,595.267,504.714,56.692,48.068,294,1,595,487,56.667,46.381,461,43.905
212,212,7.067,595.196,504.727,56.685,48.069,294,1,595,487,56.667,46.381,461,43.905
213,213,7.100,595.238,504.805,56.689,48.077,294,1,595,487,56.667,46.381,461,43.905
214,214,7.133,595.281,504.797,56.693,48.076,293,1,595,487,56.667,46.381,461,43.905
215,215,7.167,595.224,504.991,56.688,48.094,292,1,595,487,56.667,46.381,461,43.905
216,216,7.200,595.222,504.962,56.688,48.092,290,1,595,487,56.667,46.381,461,43.905
217,217,7.233,595.293,504.932,56.695,48.089,294,1,595,487,56.667,46.381,461,43.905
218,218,7.267,595.298,504.899,56.695,48.086,295,1,595,487,56.667,46.381,461,43.905
219,219,7.300,595.231,505.038,56.689,48.099,292,1,595,487,56.667,46.381,461,43.905
220,220,7.333,595.335,505.039,56.699,48.099,294,1,595,487,56.667,46.381,461,43.905
221,221,7.367,595.466,504.996,56.711,48.095,288,1,595,487,56.667,46.381,461,43.905
222,222,7.400,595.401,505.002,56.705,48.095,285,1,595,487,56.667,46.381,461,43.905
223,223,7.433,595.357,504.877,56.701,48.084,292,1,595,487,56.667,46.381,461,43.905
224,224,7.467,595.302,504.900,56.695,48.086,292,1,595,487,56.667,46.381,461,43.905
225,225,7.500,595.427,504.820,56.707,48.078,289,1,595,487,56.667,46.381,461,43.905
226,226,7.533,595.555,504.630,56.719,48.060,295,1,595,487,56.667,46.381,461,43.905
227,227,7.567,595.470,504.594,56.711,48.057,293,1,595,487,56.667,46.381,461,43.905
228,228,7.600,595.391,504.586,56.704,48.056,294,1,595,487,56.667,46.381,461,43.905
229,229,7.633,595.381,504.549,56.703,48.052,294,1,595,487,56.667,46.381,461,43.905
230,230,7.667,595.396,504.685,56.704,48.065,291,1,595,487,56.667,46.381,461,43.905
231,231,7.700,595.704,504.529,56.734,48.050,302,1,595,487,56.667,46.381,461,43.905
232,232,7.733,595.671,504.538,56.731,48.051,304,1,595,487,56.667,46.381,461,43.905
233,233,7.767,595.723,504.471,56.735,48.045,301,1,595,487,56.667,46.381,461,43.905
234,234,7.800,595.863,504.448,56.749,48.043,305,1,595,487,56.667,46.381,461,43.905
235,235,7.833,595.959,504.418,56.758,48.040,305,1,595,487,56.667,46.381,461,43.905
236,236,7.867,595.881,504.456,56.751,48.043,305,1,595,487,56.667,46.381,461,43.905
237,237,7.900,595.854,504.439,56.748,48.042,306,1,595,487,56.667,46.381,461,43.905
238,238,7.933,595.964,504.386,56.759,48.037,306,1,595,487,56.667,46.381,461,43.905
239,239,7.967,596.080,504.352,56.769,48.033,307,1,595,487,56.667,46.381,461,43.905
240,240,8.000,596.052,504.470,56.767,48.045,304,1,595,487,56.667,46.381,461,43.905
241,241,8.033,596.326,504.280,56.793,48.027,312,1,595,487,56.667,46.381,461,43.905
242,242,8.067,596.001,504.433,56.762,48.041,302,1,595,487,56.667,46.381,461,43.905
243,243,8.100,596.103,504.428,56.772,48.041,299,1,595,487,56.667,46.381,461,43.905
244,244,8.133,596.134,504.405,56.775,48.039,300,1,595,487,56.667,46.381,461,43.905
245,245,8.167,596.134,504.405,56.775,48.039,300,1,595,487,56.667,46.381,461,43.905
246,246,8.200,596.229,504.335,56.784,48.032,309,1,595,487,56.667,46.381,461,43.905
247,247,8.233,596.210,504.356,56.782,48.034,308,1,595,487,56.667,46.381,461,43.905
248,248,8.267,596.215,504.326,56.782,48.031,309,1,595,487,56.667,46.381,461,43.905
249,249,8.300,596.400,504.187,56.800,48.018,316,1,595,487,56.667,46.381,461,43.905
250,250,8.333,596.278,504.300,56.788,48.029,316,1,595,487,56.667,46.381,461,43.905
251,251,8.367,596.362,504.258,56.796,48.025,314,1,595,487,56.667,46.381,461,43.905
252,252,8.400,596.369,504.272,56.797,48.026,315,1,595,487,56.667,46.381,461,43.905
253,253,8.433,596.502,504.192,56.810,48.018,330,1,595,487,56.667,46.381,461,43.905
254,254,8.467,596.503,504.205,56.810,48.020,330,1,595,487,56.667,46.381,461,43.905
255,255,8.500,596.261,504.231,56.787,48.022,321,1,595,487,56.667,46.381,461,43.905
256,256,8.533,596.310,504.155,56.791,48.015,321,1,595,487,56.667,46.381,461,43.905
257,257,8.567,596.706,503.958,56.829,47.996,326,1,595,487,56.667,46.381,461,43.905
258,258,8.600,596.652,503.958,56.824,47.996,328,1,595,487,56.667,46.381,461,43.905
259,259,8.633,596.657,503.955,56.824,47.996,328,1,595,487,56.667,46.381,461,43.905
260,260,8.667,596.886,503.813,56.846,47.982,332,1,595,487,56.667,46.381,461,43.905
261,261,8.700,596.886,503.810,56.846,47.982,332,1,595,487,56.667,46.381,461,43.905
262,262,8.733,596.875,503.789,56.845,47.980,336,1,595,487,56.667,46.381,461,43.905
263,263,8.767,596.834,503.759,56.841,47.977,338,1,595,487,56.667,46.381,461,43.905
264,264,8.800,597.003,503.700,56.857,47.971,340,1,595,487,56.667,46.381,461,43.905
265,265,8.833,597.101,503.643,56.867,47.966,341,1,595,487,56.667,46.381,461,43.905
266,266,8.867,597.188,503.663,56.875,47.968,336,1,595,487,56.667,46.381,461,43.905
267,267,8.900,597.176,503.657,56.874,47.967,339,1,595,487,56.667,46.381,461,43.905
268,268,8.933,597.320,503.605,56.888,47.962,337,1,595,487,56.667,46.381,461,43.905
269,269,8.967,597.235,503.556,56.880,47.958,336,1,595,487,56.667,46.381,461,43.905
270,270,9.000,597.245,503.559,56.880,47.958,335,1,595,487,56.667,46.381,461,43.905
271,271,9.033,597.233,503.559,56.879,47.958,335,1,595,487,56.667,46.381,461,43.905
272,272,9.067,597.249,503.543,56.881,47.956,335,1,595,487,56.667,46.381,461,43.905
273,273,9.100,597.259,503.533,56.882,47.956,335,1,595,487,56.667,46.381,461,43.905
274,274,9.133,597.249,503.534,56.881,47.956,335,1,595,487,56.667,46.381,461,43.905
275,275,9.167,597.272,503.497,56.883,47.952,334,1,595,487,56.667,46.381,461,43.905
276,276,9.200,597.197,503.512,56.876,47.954,335,1,595,487,56.667,46.381,461,43.905
277,277,9.233,597.266,503.484,56.882,47.951,338,1,595,487,56.667,46.381,461,43.905
278,278,9.267,597.390,503.481,56.894,47.951,335,1,595,487,56.667,46.381,461,43.905
279,279,9.300,597.399,503.467,56.895,47.949,336,1,595,487,56.667,46.381,461,43.905
280,280,9.333,597.473,503.416,56.902,47.944,333,1,595,487,56.667,46.381,461,43.905
281,281,9.367,597.288,503.497,56.885,47.952,329,1,595,487,56.667,46.381,461,43.905
282,282,9.400,597.290,503.496,56.885,47.952,329,1,595,487,56.667,46.381,461,43.905
283,283,9.433,596.958,503.550,56.853,47.957,336,1,595,487,56.667,46.381,461,43.905
284,284,9.467,596.966,503.548,56.854,47.957,336,1,595,487,56.667,46.381,461,43.905
285,285,9.500,596.972,503.548,56.854,47.957,336,1,595,487,56.667,46.381,461,43.905
286,286,9.533,597.215,503.528,56.878,47.955,329,1,595,487,56.667,46.381,461,43.905
287,287,9.567,597.097,503.508,56.866,47.953,333,1,595,487,56.667,46.381,461,43.905
288,288,9.600,597.105,503.513,56.867,47.954,332,1,595,487,56.667,46.381,461,43.905
289,289,9.633,597.123,503.491,56.869,47.952,332,1,595,487,56.667,46.381,461,43.905
290,290,9.667,597.193,503.460,56.876,47.949,336,1,595,487,56.667,46.381,461,43.905
291,291,9.700,597.190,503.441,56.875,47.947,337,1,595,487,56.667,46.381,461,43.905
292,292,9.733,597.154,503.448,56.872,47.947,338,1,595,487,56.667,46.381,461,43.905
293,293,9.767,597.169,503.441,56.873,47.947,338,1,595,487,56.667,46.381,461,43.905
294,294,9.800,597.300,503.340,56.886,47.937,343,1,595,487,56.667,46.381,461,43.905
295,295,9.833,597.574,503.324,56.912,47.936,346,1,595,487,56.667,46.381,461,43.905
296,296,9.867,597.552,503.351,56.910,47.938,348,1,595,487,56.667,46.381,461,43.905
297,297,9.900,597.571,503.246,56.911,47.928,350,1,595,487,56.667,46.381,461,43.905
298,298,9.933,597.611,503.240,56.915,47.928,350,1,595,487,56.667,46.381,461,43.905
299,299,9.967,597.488,503.273,56.904,47.931,343,1,595,487,56.667,46.381,461,43.905
300,300,10.000,597.446,503.281,56.900,47.932,342,1,595,487,56.667,46.381,461,43.905
301,301,10.033,597.511,503.267,56.906,47.930,352,1,595,487,56.667,46.381,461,43.905
302,302,10.067,597.515,503.246,56.906,47.928,352,1,595,487,56.667,46.381,461,43.905
303,303,10.100,597.713,503.201,56.925,47.924,356,1,595,487,56.667,46.381,461,43.905
304,304,10.133,597.625,503.202,56.917,47.924,356,1,595,487,56.667,46.381,461,43.905
305,305,10.167,597.519,503.245,56.907,47.928,353,1,595,487,56.667,46.381,461,43.905
306,306,10.200,597.519,503.245,56.907,47.928,353,1,595,487,56.667,46.381,461,43.905
307,307,10.233,597.710,503.165,56.925,47.920,356,1,595,487,56.667,46.381,461,43.905
308,308,10.267,597.313,503.259,56.887,47.929,359,1,595,487,56.667,46.381,461,43.905
309,309,10.300,597.303,503.265,56.886,47.930,359,1,595,487,56.667,46.381,461,43.905
310,310,10.333,597.366,503.249,56.892,47.928,354,1,595,487,56.667,46.381,461,43.905
311,311,10.367,597.194,503.344,56.876,47.938,349,1,595,487,56.667,46.381,461,43.905
312,312,10.400,597.674,503.169,56.921,47.921,351,1,595,487,56.667,46.381,461,43.905
313,313,10.433,597.546,503.275,56.909,47.931,347,1,595,487,56.667,46.381,461,43.905
314,314,10.467,597.596,503.084,56.914,47.913,344,1,595,487,56.667,46.381,461,43.905
315,315,10.500,597.389,503.319,56.894,47.935,339,1,595,487,56.667,46.381,461,43.905
316,316,10.533,597.103,503.400,56.867,47.943,333,1,595,487,56.667,46.381,461,43.905
317,317,10.567,596.742,503.483,56.833,47.951,332,1,595,487,56.667,46.381,461,43.905
318,318,10.600,596.743,503.482,56.833,47.951,332,1,595,487,56.667,46.381,461,43.905
319,319,10.633,596.489,503.589,56.809,47.961,321,1,595,487,56.667,46.381,461,43.905
320,320,10.667,596.453,503.609,56.805,47.963,320,1,595,487,56.667,46.381,461,43.905
321,321,10.700,596.404,503.621,56.800,47.964,321,1,595,487,56.667,46.381,461,43.905
322,322,10.733,596.349,503.662,56.795,47.968,322,1,595,487,56.667,46.381,461,43.905
323,323,10.767,596.698,503.520,56.828,47.954,313,1,595,487,56.667,46.381,461,43.905
324,324,10.800,596.766,503.523,56.835,47.955,311,1,595,487,56.667,46.381,461,43.905
325,325,10.833,596.775,503.548,56.836,47.957,309,1,595,487,56.667,46.381,461,43.905
326,326,10.867,596.541,503.540,56.813,47.956,317,1,595,487,56.667,46.381,461,43.905
327,327,10.900,596.452,503.597,56.805,47.962,315,1,595,487,56.667,46.381,461,43.905
328,328,10.933,596.899,503.569,56.847,47.959,313,1,595,487,56.667,46.381,461,43.905
329,329,10.967,596.867,503.517,56.844,47.954,307,1,595,487,56.667,46.381,461,43.905
330,330,11.000,596.795,503.554,56.838,47.957,306,1,595,487,56.667,46.381,461,43.905
331,331,11.033,596.918,503.556,56.849,47.958,309,1,595,487,56.667,46.381,461,43.905
332,332,11.067,596.684,503.677,56.827,47.969,305,1,595,487,56.667,46.381,461,43.905
333,333,11.100,596.683,503.678,56.827,47.969,305,1,595,487,56.667,46.381,461,43.905
334,334,11.133,596.763,503.662,56.835,47.968,303,1,595,487,56.667,46.381,461,43.905
335,335,11.167,596.762,503.663,56.834,47.968,303,1,595,487,56.667,46.381,461,43.905
336,336,11.200,596.676,503.682,56.826,47.970,302,1,595,487,56.667,46.381,461,43.905
337,337,11.233,596.679,503.680,56.827,47.970,302,1,595,487,56.667,46.381,461,43.905
338,338,11.267,596.681,503.667,56.827,47.968,296,1,595,487,56.667,46.381,461,43.905
339,339,11.300,596.723,503.675,56.831,47.969,295,1,595,487,56.667,46.381,461,43.905
340,340,11.333,596.596,503.673,56.819,47.969,293,1,595,487,56.667,46.381,461,43.905
341,341,11.367,596.732,503.595,56.832,47.961,291,1,595,487,56.667,46.381,461,43.905
342,342,11.400,596.776,503.502,56.836,47.953,289,1,595,487,56.667,46.381,461,43.905
343,343,11.433,596.356,503.502,56.796,47.953,297,1,595,487,56.667,46.381,461,43.905
344,344,11.467,596.350,503.460,56.795,47.949,297,1,595,487,56.667,46.381,461,43.905
345,345,11.500,596.376,503.530,56.798,47.955,290,1,595,487,56.667,46.381,461,43.905
346,346,11.533,596.402,503.513,56.800,47.954,290,1,595,487,56.667,46.381,461,43.905
347,347,11.567,596.773,503.374,56.836,47.940,282,1,595,487,56.667,46.381,461,43.905
348,348,11.600,596.716,503.279,56.830,47.931,288,1,595,487,56.667,46.381,461,43.905
349,349,11.633,596.783,503.296,56.837,47.933,285,1,595,487,56.667,46.381,461,43.905
350,350,11.667,596.665,503.407,56.825,47.944,283,1,595,487,56.667,46.381,461,43.905
351,351,11.700,596.965,503.237,56.854,47.927,291,1,595,487,56.667,46.381,461,43.905
352,352,11.733,596.724,503.265,56.831,47.930,289,1,595,487,56.667,46.381,461,43.905
353,353,11.767,596.728,503.190,56.831,47.923,291,1,595,487,56.667,46.381,461,43.905
354,354,11.800,596.735,503.182,56.832,47.922,292,1,595,487,56.667,46.381,461,43.905
355,355,11.833,596.614,503.241,56.820,47.928,288,1,595,487,56.667,46.381,461,43.905
356,356,11.867,596.640,503.197,56.823,47.924,291,1,595,487,56.667,46.381,461,43.905
357,357,11.900,596.780,503.136,56.836,47.918,290,1,595,487,56.667,46.381,461,43.905
358,358,11.933,596.778,503.137,56.836,47.918,290,1,595,487,56.667,46.381,461,43.905
359,359,11.967,596.676,503.350,56.826,47.938,292,1,595,487,56.667,46.381,461,43.905
360,360,12.000,596.682,503.321,56.827,47.935,293,1,595,487,56.667,46.381,461,43.905
361,361,12.033,595.860,503.503,56.749,47.953,279,1,595,487,56.667,46.381,461,43.905
362,362,12.067,596.202,503.300,56.781,47.933,282,1,595,487,56.667,46.381,461,43.905
363,363,12.100,596.204,503.298,56.781,47.933,282,1,595,487,56.667,46.381,461,43.905
364,364,12.133,596.428,503.234,56.803,47.927,279,1,595,487,56.667,46.381,461,43.905
365,365,12.167,596.415,503.217,56.801,47.925,280,1,595,487,56.667,46.381,461,43.905
366,366,12.200,596.488,503.155,56.808,47.920,282,1,595,487,56.667,46.381,461,43.905
367,367,12.233,596.571,503.091,56.816,47.913,285,1,595,487,56.667,46.381,461,43.905
368,368,12.267,596.691,502.980,56.828,47.903,288,1,595,487,56.667,46.381,461,43.905
369,369,12.300,596.753,502.932,56.834,47.898,290,1,595,487,56.667,46.381,461,43.905
370,370,12.333,597.084,502.752,56.865,47.881,297,1,595,487,56.667,46.381,461,43.905
371,371,12.367,597.067,502.774,56.864,47.883,297,1,595,487,56.667,46.381,461,43.905
372,372,12.400,597.537,502.459,56.908,47.853,300,1,595,487,56.667,46.381,461,43.905
373,373,12.433,597.526,502.493,56.907,47.856,296,1,595,487,56.667,46.381,461,43.905
374,374,12.467,597.479,502.457,56.903,47.853,293,1,595,487,56.667,46.381,461,43.905
375,375,12.500,597.704,502.363,56.924,47.844,292,1,595,487,56.667,46.381,461,43.905
376,376,12.533,597.764,502.275,56.930,47.836,295,1,595,487,56.667,46.381,461,43.905
377,377,12.567,598.337,501.818,56.984,47.792,300,1,595,487,56.667,46.381,461,43.905
378,378,12.600,598.507,501.792,57.001,47.790,292,1,595,487,56.667,46.381,461,43.905
379,379,12.633,598.827,501.638,57.031,47.775,297,1,595,487,56.667,46.381,461,43.905
380,380,12.667,599.188,501.476,57.066,47.760,307,1,595,487,56.667,46.381,461,43.905
381,381,12.700,599.172,501.517,57.064,47.763,296,1,595,487,56.667,46.381,461,43.905
382,382,12.733,599.213,501.419,57.068,47.754,295,1,595,487,56.667,46.381,461,43.905
383,383,12.767,599.734,501.052,57.118,47.719,306,1,595,487,56.667,46.381,461,43.905
384,384,12.800,599.753,501.075,57.119,47.721,297,1,595,487,56.667,46.381,461,43.905
385,385,12.833,599.908,501.031,57.134,47.717,292,1,595,487,56.667,46.381,461,43.905
386,386,12.867,599.842,501.022,57.128,47.716,290,1,595,487,56.667,46.381,461,43.905
387,387,12.900,599.588,501.195,57.104,47.733,277,1,595,487,56.667,46.381,461,43.905
388,388,12.933,NaN,NaN,NaN,NaN,NaN,0,595,487,56.667,46.381,461,43.905
389,389,12.967,NaN,NaN,NaN,NaN,NaN,0,595,487,56.667,46.381,461,43.905
390,390,13.000,NaN,NaN,NaN,NaN,NaN,0,595,487,56.667,46.381,461,43.905
391,391,13.033,NaN,NaN,NaN,NaN,NaN,0,595,487,56.667,46.381,461,43.905
392,392,13.067,NaN,NaN,NaN,NaN,NaN,0,595,487,56.667,46.381,461,43.905
393,393,13.100,NaN,NaN,NaN,NaN,NaN,0,595,487,56.667,46.381,461,43.905
394,394,13.133,NaN,NaN,NaN,NaN,NaN,0,595,487,56.667,46.381,461,43.905
395,395,13.167,599.533,501.118,57.098,47.726,279,1,595,487,56.667,46.381,461,43.905
396,396,13.200,599.406,501.176,57.086,47.731,277,1,595,487,56.667,46.381,461,43.905
397,397,13.233,599.358,501.208,57.082,47.734,276,1,595,487,56.667,46.381,461,43.905
398,398,13.267,599.383,501.155,57.084,47.729,275,1,595,487,56.667,46.381,461,43.905
399,399,13.300,599.430,501.162,57.089,47.730,276,1,595,487,56.667,46.381,461,43.905
400,400,13.333,599.643,501.158,57.109,47.729,282,1,595,487,56.667,46.381,461,43.905
401,401,13.367,NaN,NaN,NaN,NaN,NaN,0,595,487,56.667,46.381,461,43.905
402,402,13.400,NaN,NaN,NaN,NaN,NaN,0,595,487,56.667,46.381,461,43.905
403,403,13.433,NaN,NaN,NaN,NaN,NaN,0,595,487,56.667,46.381,461,43.905
404,404,13.467,NaN,NaN,NaN,NaN,NaN,0,595,487,56.667,46.381,461,43.905
405,405,13.500,NaN,NaN,NaN,NaN,NaN,0,595,487,56.667,46.381,461,43.905
406,406,13.533,599.151,501.162,57.062,47.730,275,1,595,487,56.667,46.381,461,43.905
407,407,13.567,NaN,NaN,NaN,NaN,NaN,0,595,487,56.667,46.381,461,43.905
408,408,13.600,NaN,NaN,NaN,NaN,NaN,0,595,487,56.667,46.381,461,43.905
409,409,13.633,599.109,501.126,57.058,47.726,282,1,595,487,56.667,46.381,461,43.905
410,410,13.667,599.011,501.109,57.049,47.725,274,1,595,487,56.667,46.381,461,43.905
411,411,13.700,NaN,NaN,NaN,NaN,NaN,0,595,487,56.667,46.381,461,43.905
412,412,13.733,NaN,NaN,NaN,NaN,NaN,0,595,487,56.667,46.381,461,43.905
413,413,13.767,599.251,500.852,57.071,47.700,279,1,595,487,56.667,46.381,461,43.905
414,414,13.800,599.148,500.818,57.062,47.697,274,1,595,487,56.667,46.381,461,43.905
415,415,13.833,599.124,500.825,57.059,47.698,276,1,595,487,56.667,46.381,461,43.905
416,416,13.867,599.083,500.840,57.056,47.699,276,1,595,487,56.667,46.381,461,43.905
417,417,13.900,599.058,500.803,57.053,47.696,276,1,595,487,56.667,46.381,461,43.905
418,418,13.933,599.049,500.809,57.052,47.696,276,1,595,487,56.667,46.381,461,43.905
419,419,13.967,NaN,NaN,NaN,NaN,NaN,0,595,487,56.667,46.381,461,43.905
420,420,14.000,NaN,NaN,NaN,NaN,NaN,0,595,487,56.667,46.381,461,43.905
421,421,14.033,NaN,NaN,NaN,NaN,NaN,0,595,487,56.667,46.381,461,43.905
422,422,14.067,NaN,NaN,NaN,NaN,NaN,0,595,487,56.667,46.381,461,43.905
423,423,14.100,NaN,NaN,NaN,NaN,NaN,0,595,487,56.667,46.381,461,43.905
424,424,14.133,NaN,NaN,NaN,NaN,NaN,0,595,487,56.667,46.381,461,43.905
425,425,14.167,NaN,NaN,NaN,NaN,NaN,0,595,487,56.667,46.381,461,43.905
426,426,14.200,NaN,NaN,NaN,NaN,NaN,0,595,487,56.667,46.381,461,43.905
427,427,14.233,NaN,NaN,NaN,NaN,NaN,0,595,487,56.667,46.381,461,43.905
428,428,14.267,NaN,NaN,NaN,NaN,NaN,0,595,487,56.667,46.381,461,43.905
429,429,14.300,NaN,NaN,NaN,NaN,NaN,0,595,487,56.667,46.381,461,43.905
430,430,14.333,NaN,NaN,NaN,NaN,NaN,0,595,487,56.667,46.381,461,43.905
431,431,14.367,NaN,NaN,NaN,NaN,NaN,0,595,487,56.667,46.381,461,43.905
432,432,14.400,NaN,NaN,NaN,NaN,NaN,0,595,487,56.667,46.381,461,43.905
433,433,14.433,NaN,NaN,NaN,NaN,NaN,0,595,487,56.667,46.381,461,43.905
434,434,14.467,598.902,501.593,57.038,47.771,286,1,595,487,56.667,46.381,461,43.905
435,435,14.500,598.984,501.624,57.046,47.774,291,1,595,487,56.667,46.381,461,43.905
436,436,14.533,599.046,501.583,57.052,47.770,292,1,595,487,56.667,46.381,461,43.905
437,437,14.567,599.215,501.436,57.068,47.756,297,1,595,487,56.667,46.381,461,43.905
438,438,14.600,599.300,501.312,57.076,47.744,300,1,595,487,56.667,46.381,461,43.905
439,439,14.633,599.865,500.917,57.130,47.706,312,1,595,487,56.667,46.381,461,43.905
440,440,14.667,599.797,500.936,57.123,47.708,313,1,595,487,56.667,46.381,461,43.905
441,441,14.700,600.044,500.750,57.147,47.690,319,1,595,487,56.667,46.381,461,43.905
442,442,14.733,600.356,500.638,57.177,47.680,313,1,595,487,56.667,46.381,461,43.905
443,443,14.767,600.549,500.445,57.195,47.661,316,1,595,487,56.667,46.381,461,43.905
444,444,14.800,600.567,500.485,57.197,47.665,318,1,595,487,56.667,46.381,461,43.905
445,445,14.833,600.904,500.414,57.229,47.658,328,1,595,487,56.667,46.381,461,43.905
446,446,14.867,600.839,500.452,57.223,47.662,327,1,595,487,56.667,46.381,461,43.905
447,447,14.900,600.562,500.446,57.196,47.661,330,1,595,487,56.667,46.381,461,43.905
448,448,14.933,600.607,500.388,57.201,47.656,332,1,595,487,56.667,46.381,461,43.905
449,449,14.967,600.932,500.143,57.232,47.633,328,1,595,487,56.667,46.381,461,43.905
450,450,15.000,601.096,500.014,57.247,47.620,334,1,595,487,56.667,46.381,461,43.905
451,451,15.033,601.262,499.834,57.263,47.603,340,1,595,487,56.667,46.381,461,43.905
452,452,15.067,601.511,499.763,57.287,47.596,347,1,595,487,56.667,46.381,461,43.905
453,453,15.100,601.684,499.566,57.303,47.578,354,1,595,487,56.667,46.381,461,43.905
454,454,15.133,601.633,499.617,57.298,47.583,349,1,595,487,56.667,46.381,461,43.905
455,455,15.167,601.775,499.544,57.312,47.576,348,1,595,487,56.667,46.381,461,43.905
456,456,15.200,601.782,499.552,57.313,47.576,348,1,595,487,56.667,46.381,461,43.905
457,457,15.233,601.829,499.492,57.317,47.571,345,1,595,487,56.667,46.381,461,43.905
458,458,15.267,601.804,499.449,57.315,47.567,343,1,595,487,56.667,46.381,461,43.905
459,459,15.300,601.683,499.644,57.303,47.585,322,1,595,487,56.667,46.381,461,43.905
460,460,15.333,601.706,499.717,57.305,47.592,324,1,595,487,56.667,46.381,461,43.905
461,461,15.367,601.720,499.611,57.307,47.582,328,1,595,487,56.667,46.381,461,43.905
462,462,15.400,601.720,499.611,57.307,47.582,328,1,595,487,56.667,46.381,461,43.905
463,463,15.433,601.586,499.854,57.294,47.605,335,1,595,487,56.667,46.381,461,43.905
464,464,15.467,601.273,499.996,57.264,47.619,335,1,595,487,56.667,46.381,461,43.905
465,465,15.500,601.841,499.667,57.318,47.587,337,1,595,487,56.667,46.381,461,43.905
466,466,15.533,602.138,499.406,57.347,47.563,324,1,595,487,56.667,46.381,461,43.905
467,467,15.567,601.963,499.453,57.330,47.567,321,1,595,487,56.667,46.381,461,43.905
468,468,15.600,602.038,499.423,57.337,47.564,320,1,595,487,56.667,46.381,461,43.905
469,469,15.633,601.911,499.454,57.325,47.567,324,1,595,487,56.667,46.381,461,43.905
470,470,15.667,601.894,499.482,57.323,47.570,323,1,595,487,56.667,46.381,461,43.905
471,471,15.700,601.522,499.789,57.288,47.599,313,1,595,487,56.667,46.381,461,43.905
472,472,15.733,601.514,499.792,57.287,47.599,313,1,595,487,56.667,46.381,461,43.905
473,473,15.767,601.351,499.802,57.271,47.600,307,1,595,487,56.667,46.381,461,43.905
474,474,15.800,601.416,499.817,57.278,47.602,309,1,595,487,56.667,46.381,461,43.905
475,475,15.833,601.928,499.429,57.327,47.565,323,1,595,487,56.667,46.381,461,43.905
476,476,15.867,602.149,499.309,57.348,47.553,316,1,595,487,56.667,46.381,461,43.905
477,477,15.900,601.745,499.540,57.309,47.575,320,1,595,487,56.667,46.381,461,43.905
478,478,15.933,601.747,499.592,57.309,47.580,321,1,595,487,56.667,46.381,461,43.905
479,479,15.967,601.573,499.597,57.293,47.581,322,1,595,487,56.667,46.381,461,43.905
480,480,16.000,601.664,499.543,57.301,47.576,323,1,595,487,56.667,46.381,461,43.905
481,481,16.033,601.085,500.123,57.246,47.631,288,1,595,487,56.667,46.381,461,43.905
482,482,16.067,601.076,500.067,57.245,47.625,297,1,595,487,56.667,46.381,461,43.905
483,483,16.100,601.345,499.854,57.271,47.605,302,1,595,487,56.667,46.381,461,43.905
484,484,16.133,601.264,499.916,57.263,47.611,303,1,595,487,56.667,46.381,461,43.905
485,485,16.167,600.790,500.084,57.218,47.627,311,1,595,487,56.667,46.381,461,43.905
486,486,16.200,601.198,499.891,57.257,47.609,300,1,595,487,56.667,46.381,461,43.905
487,487,16.233,601.198,499.891,57.257,47.609,300,1,595,487,56.667,46.381,461,43.905
488,488,16.267,601.256,499.875,57.262,47.607,299,1,595,487,56.667,46.381,461,43.905
489,489,16.300,601.284,499.864,57.265,47.606,299,1,595,487,56.667,46.381,461,43.905
490,490,16.333,601.273,499.869,57.264,47.607,299,1,595,487,56.667,46.381,461,43.905
491,491,16.367,601.271,499.868,57.264,47.606,299,1,595,487,56.667,46.381,461,43.905
492,492,16.400,601.141,499.867,57.252,47.606,295,1,595,487,56.667,46.381,461,43.905
493,493,16.433,600.935,500.014,57.232,47.620,291,1,595,487,56.667,46.381,461,43.905
494,494,16.467,601.208,499.813,57.258,47.601,285,1,595,487,56.667,46.381,461,43.905
495,495,16.500,601.273,499.739,57.264,47.594,288,1,595,487,56.667,46.381,461,43.905
496,496,16.533,601.302,499.689,57.267,47.589,289,1,595,487,56.667,46.381,461,43.905
497,497,16.567,601.187,499.736,57.256,47.594,285,1,595,487,56.667,46.381,461,43.905
498,498,16.600,601.296,499.759,57.266,47.596,288,1,595,487,56.667,46.381,461,43.905
499,499,16.633,601.283,499.773,57.265,47.597,288,1,595,487,56.667,46.381,461,43.905
500,500,16.667,601.303,499.835,57.267,47.603,289,1,595,487,56.667,46.381,461,43.905
501,501,16.700,601.009,499.938,57.239,47.613,286,1,595,487,56.667,46.381,461,43.905
502,502,16.733,601.020,499.945,57.240,47.614,287,1,595,487,56.667,46.381,461,43.905
503,503,16.767,601.325,499.738,57.269,47.594,285,1,595,487,56.667,46.381,461,43.905
504,504,16.800,601.295,499.794,57.266,47.599,290,1,595,487,56.667,46.381,461,43.905
505,505,16.833,601.462,499.757,57.282,47.596,292,1,595,487,56.667,46.381,461,43.905
506,506,16.867,601.462,499.757,57.282,47.596,292,1,595,487,56.667,46.381,461,43.905
507,507,16.900,601.762,499.494,57.311,47.571,294,1,595,487,56.667,46.381,461,43.905
508,508,16.933,601.662,499.540,57.301,47.575,296,1,595,487,56.667,46.381,461,43.905
509,509,16.967,601.614,499.512,57.297,47.573,300,1,595,487,56.667,46.381,461,43.905
510,510,17.000,601.613,499.485,57.296,47.570,300,1,595,487,56.667,46.381,461,43.905
511,511,17.033,601.614,499.485,57.297,47.570,300,1,595,487,56.667,46.381,461,43.905
512,512,17.067,601.679,499.384,57.303,47.560,295,1,595,487,56.667,46.381,461,43.905
513,513,17.100,602.269,498.958,57.359,47.520,304,1,595,487,56.667,46.381,461,43.905
514,514,17.133,602.425,498.942,57.374,47.518,308,1,595,487,56.667,46.381,461,43.905
515,515,17.167,602.633,498.789,57.394,47.504,301,1,595,487,56.667,46.381,461,43.905
516,516,17.200,602.940,498.631,57.423,47.489,304,1,595,487,56.667,46.381,461,43.905
517,517,17.233,603.368,498.364,57.464,47.463,290,1,595,487,56.667,46.381,461,43.905
518,518,17.267,NaN,NaN,NaN,NaN,NaN,0,595,487,56.667,46.381,461,43.905
519,519,17.300,NaN,NaN,NaN,NaN,NaN,0,595,487,56.667,46.381,461,43.905
520,520,17.333,NaN,NaN,NaN,NaN,NaN,0,595,487,56.667,46.381,461,43.905
521,521,17.367,NaN,NaN,NaN,NaN,NaN,0,595,487,56.667,46.381,461,43.905
522,522,17.400,NaN,NaN,NaN,NaN,NaN,0,595,487,56.667,46.381,461,43.905
523,523,17.433,604.361,497.457,57.558,47.377,276,1,595,487,56.667,46.381,461,43.905
524,524,17.467,NaN,NaN,NaN,NaN,NaN,0,595,487,56.667,46.381,461,43.905
525,525,17.500,604.302,497.323,57.553,47.364,274,1,595,487,56.667,46.381,461,43.905
526,526,17.533,604.656,496.967,57.586,47.330,286,1,595,487,56.667,46.381,461,43.905
527,527,17.567,604.140,497.395,57.537,47.371,284,1,595,487,56.667,46.381,461,43.905
528,528,17.600,603.933,497.410,57.517,47.372,276,1,595,487,56.667,46.381,461,43.905
529,529,17.633,603.755,497.512,57.500,47.382,284,1,595,487,56.667,46.381,461,43.905
530,530,17.667,603.565,497.678,57.482,47.398,284,1,595,487,56.667,46.381,461,43.905
531,531,17.700,603.356,497.832,57.462,47.413,285,1,595,487,56.667,46.381,461,43.905
532,532,17.733,603.352,497.831,57.462,47.412,285,1,595,487,56.667,46.381,461,43.905
533,533,17.767,603.104,497.858,57.439,47.415,290,1,595,487,56.667,46.381,461,43.905
534,534,17.800,602.891,497.954,57.418,47.424,292,1,595,487,56.667,46.381,461,43.905
535,535,17.833,602.940,497.968,57.423,47.425,295,1,595,487,56.667,46.381,461,43.905
536,536,17.867,602.997,498.000,57.428,47.429,287,1,595,487,56.667,46.381,461,43.905
537,537,17.900,603.087,498.011,57.437,47.430,294,1,595,487,56.667,46.381,461,43.905
538,538,17.933,602.951,498.201,57.424,47.448,290,1,595,487,56.667,46.381,461,43.905
539,539,17.967,602.753,498.303,57.405,47.457,285,1,595,487,56.667,46.381,461,43.905
540,540,18.000,602.751,498.293,57.405,47.457,286,1,595,487,56.667,46.381,461,43.905
541,541,18.033,602.513,498.659,57.382,47.491,298,1,595,487,56.667,46.381,461,43.905
542,542,18.067,602.275,498.789,57.359,47.504,286,1,595,487,56.667,46.381,461,43.905
543,543,18.100,602.345,498.834,57.366,47.508,285,1,595,487,56.667,46.381,461,43.905
544,544,18.133,602.508,498.753,57.382,47.500,289,1,595,487,56.667,46.381,461,43.905
545,545,18.167,602.540,498.674,57.385,47.493,290,1,595,487,56.667,46.381,461,43.905
546,546,18.200,602.520,498.629,57.383,47.488,290,1,595,487,56.667,46.381,461,43.905
547,547,18.233,602.473,498.649,57.378,47.490,291,1,595,487,56.667,46.381,461,43.905
548,548,18.267,602.703,498.493,57.400,47.475,292,1,595,487,56.667,46.381,461,43.905
549,549,18.300,602.710,498.425,57.401,47.469,296,1,595,487,56.667,46.381,461,43.905
550,550,18.333,602.791,498.426,57.409,47.469,297,1,595,487,56.667,46.381,461,43.905
551,551,18.367,602.667,498.541,57.397,47.480,295,1,595,487,56.667,46.381,461,43.905
552,552,18.400,602.797,498.554,57.409,47.481,298,1,595,487,56.667,46.381,461,43.905
553,553,18.433,602.788,498.488,57.408,47.475,301,1,595,487,56.667,46.381,461,43.905
554,554,18.467,602.854,498.443,57.415,47.471,308,1,595,487,56.667,46.381,461,43.905
555,555,18.500,602.994,498.331,57.428,47.460,313,1,595,487,56.667,46.381,461,43.905
556,556,18.533,603.214,498.178,57.449,47.445,319,1,595,487,56.667,46.381,461,43.905
557,557,18.567,603.221,498.174,57.450,47.445,319,1,595,487,56.667,46.381,461,43.905
558,558,18.600,603.243,498.091,57.452,47.437,318,1,595,487,56.667,46.381,461,43.905
559,559,18.633,603.446,497.960,57.471,47.425,326,1,595,487,56.667,46.381,461,43.905
560,560,18.667,603.538,497.880,57.480,47.417,327,1,595,487,56.667,46.381,461,43.905
561,561,18.700,604.054,497.556,57.529,47.386,331,1,595,487,56.667,46.381,461,43.905
562,562,18.733,604.418,497.242,57.564,47.356,345,1,595,487,56.667,46.381,461,43.905
563,563,18.767,604.515,497.089,57.573,47.342,351,1,595,487,56.667,46.381,461,43.905
564,564,18.800,604.805,496.858,57.601,47.320,357,1,595,487,56.667,46.381,461,43.905
565,565,18.833,604.996,496.686,57.619,47.303,360,1,595,487,56.667,46.381,461,43.905
566,566,18.867,605.373,496.412,57.655,47.277,369,1,595,487,56.667,46.381,461,43.905
567,567,18.900,605.535,496.363,57.670,47.273,374,1,595,487,56.667,46.381,461,43.905
568,568,18.933,605.467,496.289,57.664,47.266,370,1,595,487,56.667,46.381,461,43.905
569,569,18.967,605.684,496.207,57.684,47.258,371,1,595,487,56.667,46.381,461,43.905
570,570,19.000,605.709,496.155,57.687,47.253,371,1,595,487,56.667,46.381,461,43.905
571,571,19.033,605.776,496.056,57.693,47.243,373,1,595,487,56.667,46.381,461,43.905
572,572,19.067,605.703,496.109,57.686,47.248,378,1,595,487,56.667,46.381,461,43.905
573,573,19.100,605.722,496.078,57.688,47.246,380,1,595,487,56.667,46.381,461,43.905
574,574,19.133,605.757,496.053,57.691,47.243,378,1,595,487,56.667,46.381,461,43.905
575,575,19.167,605.801,496.009,57.695,47.239,380,1,595,487,56.667,46.381,461,43.905
576,576,19.200,605.791,495.995,57.694,47.238,378,1,595,487,56.667,46.381,461,43.905
577,577,19.233,605.761,495.985,57.691,47.237,380,1,595,487,56.667,46.381,461,43.905
578,578,19.267,605.744,495.992,57.690,47.237,380,1,595,487,56.667,46.381,461,43.905
579,579,19.300,605.839,495.938,57.699,47.232,380,1,595,487,56.667,46.381,461,43.905
580,580,19.333,605.749,496.035,57.690,47.241,382,1,595,487,56.667,46.381,461,43.905
581,581,19.367,605.688,496.091,57.685,47.247,379,1,595,487,56.667,46.381,461,43.905
582,582,19.400,605.708,496.076,57.687,47.245,381,1,595,487,56.667,46.381,461,43.905
583,583,19.433,605.704,496.106,57.686,47.248,379,1,595,487,56.667,46.381,461,43.905
584,584,19.467,605.612,496.179,57.677,47.255,376,1,595,487,56.667,46.381,461,43.905
585,585,19.500,605.625,496.161,57.679,47.253,377,1,595,487,56.667,46.381,461,43.905
586,586,19.533,605.791,495.980,57.694,47.236,380,1,595,487,56.667,46.381,461,43.905
587,587,19.567,605.854,496.027,57.700,47.241,382,1,595,487,56.667,46.381,461,43.905
588,588,19.600,605.986,495.859,57.713,47.225,379,1,595,487,56.667,46.381,461,43.905
589,589,19.633,605.670,496.110,57.683,47.249,373,1,595,487,56.667,46.381,461,43.905
590,590,19.667,605.623,496.205,57.678,47.258,375,1,595,487,56.667,46.381,461,43.905
591,591,19.700,605.395,496.403,57.657,47.277,365,1,595,487,56.667,46.381,461,43.905
592,592,19.733,605.484,496.375,57.665,47.274,370,1,595,487,56.667,46.381,461,43.905
593,593,19.767,605.239,496.625,57.642,47.298,360,1,595,487,56.667,46.381,461,43.905
594,594,19.800,604.913,496.844,57.611,47.319,357,1,595,487,56.667,46.381,461,43.905
595,595,19.833,604.473,497.084,57.569,47.341,348,1,595,487,56.667,46.381,461,43.905
596,596,19.867,604.204,497.375,57.543,47.369,344,1,595,487,56.667,46.381,461,43.905
597,597,19.900,604.064,497.454,57.530,47.377,342,1,595,487,56.667,46.381,461,43.905
598,598,19.933,603.532,498.031,57.479,47.432,326,1,595,487,56.667,46.381,461,43.905
599,599,19.967,603.466,498.023,57.473,47.431,334,1,595,487,56.667,46.381,461,43.905
600,600,20.000,603.008,498.358,57.429,47.463,321,1,595,487,56.667,46.381,461,43.905
601,601,20.033,603.334,498.260,57.460,47.453,321,1,595,487,56.667,46.381,461,43.905
602,602,20.067,603.316,498.261,57.459,47.453,318,1,595,487,56.667,46.381,461,43.905
603,603,20.100,603.132,498.277,57.441,47.455,319,1,595,487,56.667,46.381,461,43.905
604,604,20.133,603.148,498.284,57.443,47.456,320,1,595,487,56.667,46.381,461,43.905
605,605,20.167,602.905,498.327,57.420,47.460,320,1,595,487,56.667,46.381,461,43.905
606,606,20.200,602.912,498.395,57.420,47.466,320,1,595,487,56.667,46.381,461,43.905
607,607,20.233,602.882,498.438,57.417,47.470,319,1,595,487,56.667,46.381,461,43.905
608,608,20.267,602.921,498.438,57.421,47.470,317,1,595,487,56.667,46.381,461,43.905
609,609,20.300,602.944,498.388,57.423,47.466,317,1,595,487,56.667,46.381,461,43.905
610,610,20.333,602.971,498.243,57.426,47.452,318,1,595,487,56.667,46.381,461,43.905
611,611,20.367,602.991,498.199,57.428,47.447,319,1,595,487,56.667,46.381,461,43.905
612,612,20.400,602.982,498.277,57.427,47.455,321,1,595,487,56.667,46.381,461,43.905
613,613,20.433,603.036,498.156,57.432,47.443,325,1,595,487,56.667,46.381,461,43.905
614,614,20.467,603.115,498.016,57.440,47.430,329,1,595,487,56.667,46.381,461,43.905
615,615,20.500,603.115,498.016,57.440,47.430,329,1,595,487,56.667,46.381,461,43.905
616,616,20.533,603.082,498.045,57.436,47.433,328,1,595,487,56.667,46.381,461,43.905
617,617,20.567,603.002,498.007,57.429,47.429,331,1,595,487,56.667,46.381,461,43.905
618,618,20.600,603.230,497.840,57.450,47.413,331,1,595,487,56.667,46.381,461,43.905
619,619,20.633,603.079,497.853,57.436,47.415,333,1,595,487,56.667,46.381,461,43.905
620,620,20.667,603.153,497.745,57.443,47.404,337,1,595,487,56.667,46.381,461,43.905
621,621,20.700,603.259,497.705,57.453,47.400,337,1,595,487,56.667,46.381,461,43.905
622,622,20.733,603.783,497.012,57.503,47.335,337,1,595,487,56.667,46.381,461,43.905
623,623,20.767,603.933,496.710,57.517,47.306,339,1,595,487,56.667,46.381,461,43.905
624,624,20.800,604.100,496.594,57.533,47.295,343,1,595,487,56.667,46.381,461,43.905
625,625,20.833,604.361,495.942,57.558,47.233,342,1,595,487,56.667,46.381,461,43.905
626,626,20.867,604.651,495.538,57.586,47.194,336,1,595,487,56.667,46.381,461,43.905
627,627,20.900,604.979,495.164,57.617,47.159,331,1,595,487,56.667,46.381,461,43.905
628,628,20.933,604.977,494.889,57.617,47.132,335,1,595,487,56.667,46.381,461,43.905
629,629,20.967,605.195,494.637,57.638,47.108,330,1,595,487,56.667,46.381,461,43.905
630,630,21.000,605.452,494.309,57.662,47.077,317,1,595,487,56.667,46.381,461,43.905
631,631,21.033,605.538,494.260,57.670,47.072,314,1,595,487,56.667,46.381,461,43.905
632,632,21.067,605.697,494.056,57.685,47.053,314,1,595,487,56.667,46.381,461,43.905
633,633,21.100,605.725,493.966,57.688,47.044,309,1,595,487,56.667,46.381,461,43.905
634,634,21.133,605.709,493.851,57.687,47.033,312,1,595,487,56.667,46.381,461,43.905
635,635,21.167,605.678,493.804,57.684,47.029,315,1,595,487,56.667,46.381,461,43.905
636,636,21.200,605.518,494.015,57.668,47.049,312,1,595,487,56.667,46.381,461,43.905
637,637,21.233,605.381,494.151,57.655,47.062,309,1,595,487,56.667,46.381,461,43.905
638,638,21.267,605.294,494.263,57.647,47.073,313,1,595,487,56.667,46.381,461,43.905
639,639,21.300,605.384,494.125,57.656,47.059,314,1,595,487,56.667,46.381,461,43.905
640,640,21.333,605.290,494.252,57.647,47.072,311,1,595,487,56.667,46.381,461,43.905
641,641,21.367,605.580,494.052,57.674,47.053,328,1,595,487,56.667,46.381,461,43.905
642,642,21.400,605.478,494.156,57.665,47.063,323,1,595,487,56.667,46.381,461,43.905
643,643,21.433,604.968,494.838,57.616,47.127,314,1,595,487,56.667,46.381,461,43.905
644,644,21.467,604.831,494.942,57.603,47.137,314,1,595,487,56.667,46.381,461,43.905
645,645,21.500,604.891,494.832,57.609,47.127,314,1,595,487,56.667,46.381,461,43.905
646,646,21.533,604.938,494.820,57.613,47.126,315,1,595,487,56.667,46.381,461,43.905
647,647,21.567,605.062,494.574,57.625,47.102,323,1,595,487,56.667,46.381,461,43.905
648,648,21.600,604.920,494.694,57.611,47.114,322,1,595,487,56.667,46.381,461,43.905
649,649,21.633,604.532,495.378,57.575,47.179,308,1,595,487,56.667,46.381,461,43.905
650,650,21.667,604.776,494.992,57.598,47.142,316,1,595,487,56.667,46.381,461,43.905
651,651,21.700,604.749,495.252,57.595,47.167,315,1,595,487,56.667,46.381,461,43.905
652,652,21.733,604.803,495.244,57.600,47.166,309,1,595,487,56.667,46.381,461,43.905
653,653,21.767,604.963,495.034,57.616,47.146,318,1,595,487,56.667,46.381,461,43.905
654,654,21.800,604.918,495.126,57.611,47.155,322,1,595,487,56.667,46.381,461,43.905
655,655,21.833,604.906,495.273,57.610,47.169,324,1,595,487,56.667,46.381,461,43.905
656,656,21.867,604.905,495.281,57.610,47.170,324,1,595,487,56.667,46.381,461,43.905
657,657,21.900,604.979,495.162,57.617,47.158,331,1,595,487,56.667,46.381,461,43.905
658,658,21.933,604.792,495.591,57.599,47.199,314,1,595,487,56.667,46.381,461,43.905
659,659,21.967,605.103,495.194,57.629,47.161,322,1,595,487,56.667,46.381,461,43.905
660,660,22.000,605.117,495.057,57.630,47.148,328,1,595,487,56.667,46.381,461,43.905
661,661,22.033,604.913,495.493,57.611,47.190,314,1,595,487,56.667,46.381,461,43.905
662,662,22.067,604.866,495.539,57.606,47.194,309,1,595,487,56.667,46.381,461,43.905
663,663,22.100,605.011,495.352,57.620,47.176,319,1,595,487,56.667,46.381,461,43.905
664,664,22.133,605.080,495.303,57.627,47.172,319,1,595,487,56.667,46.381,461,43.905
665,665,22.167,604.947,495.337,57.614,47.175,322,1,595,487,56.667,46.381,461,43.905
666,666,22.200,605.200,495.212,57.638,47.163,326,1,595,487,56.667,46.381,461,43.905
667,667,22.233,605.157,495.071,57.634,47.150,330,1,595,487,56.667,46.381,461,43.905
668,668,22.267,605.126,495.033,57.631,47.146,331,1,595,487,56.667,46.381,461,43.905
669,669,22.300,605.162,494.943,57.634,47.137,333,1,595,487,56.667,46.381,461,43.905
670,670,22.333,605.454,494.355,57.662,47.081,337,1,595,487,56.667,46.381,461,43.905
671,671,22.367,605.454,494.282,57.662,47.074,335,1,595,487,56.667,46.381,461,43.905
672,672,22.400,605.555,494.090,57.672,47.056,337,1,595,487,56.667,46.381,461,43.905
673,673,22.433,605.842,493.553,57.699,47.005,350,1,595,487,56.667,46.381,461,43.905
674,674,22.467,606.246,492.680,57.738,46.922,350,1,595,487,56.667,46.381,461,43.905
675,675,22.500,606.344,492.520,57.747,46.907,356,1,595,487,56.667,46.381,461,43.905
676,676,22.533,606.568,492.108,57.768,46.867,356,1,595,487,56.667,46.381,461,43.905
677,677,22.567,606.679,491.871,57.779,46.845,350,1,595,487,56.667,46.381,461,43.905
678,678,22.600,606.916,491.348,57.802,46.795,351,1,595,487,56.667,46.381,461,43.905
679,679,22.633,607.516,490.358,57.859,46.701,366,1,595,487,56.667,46.381,461,43.905
680,680,22.667,607.608,490.023,57.867,46.669,368,1,595,487,56.667,46.381,461,43.905
681,681,22.700,607.457,490.198,57.853,46.685,379,1,595,487,56.667,46.381,461,43.905
682,682,22.733,607.685,489.835,57.875,46.651,371,1,595,487,56.667,46.381,461,43.905
683,683,22.767,607.734,489.731,57.879,46.641,368,1,595,487,56.667,46.381,461,43.905
684,684,22.800,607.843,489.403,57.890,46.610,357,1,595,487,56.667,46.381,461,43.905
685,685,22.833,607.749,489.393,57.881,46.609,345,1,595,487,56.667,46.381,461,43.905
686,686,22.867,607.699,489.488,57.876,46.618,345,1,595,487,56.667,46.381,461,43.905
687,687,22.900,607.696,489.416,57.876,46.611,341,1,595,487,56.667,46.381,461,43.905
688,688,22.933,607.594,489.563,57.866,46.625,333,1,595,487,56.667,46.381,461,43.905
689,689,22.967,607.595,489.560,57.866,46.625,333,1,595,487,56.667,46.381,461,43.905
690,690,23.000,607.547,489.587,57.862,46.627,331,1,595,487,56.667,46.381,461,43.905
691,691,23.033,607.408,490.045,57.848,46.671,322,1,595,487,56.667,46.381,461,43.905
692,692,23.067,607.467,489.895,57.854,46.657,324,1,595,487,56.667,46.381,461,43.905
693,693,23.100,607.580,489.760,57.865,46.644,320,1,595,487,56.667,46.381,461,43.905
694,694,23.133,607.541,489.620,57.861,46.631,323,1,595,487,56.667,46.381,461,43.905
695,695,23.167,607.771,489.277,57.883,46.598,324,1,595,487,56.667,46.381,461,43.905
696,696,23.200,607.759,489.335,57.882,46.603,327,1,595,487,56.667,46.381,461,43.905
697,697,23.233,607.951,488.959,57.900,46.568,323,1,595,487,56.667,46.381,461,43.905
698,698,23.267,608.011,488.857,57.906,46.558,322,1,595,487,56.667,46.381,461,43.905
699,699,23.300,608.125,488.902,57.917,46.562,322,1,595,487,56.667,46.381,461,43.905
700,700,23.333,608.122,488.901,57.916,46.562,316,1,595,487,56.667,46.381,461,43.905
701,701,23.367,608.099,488.906,57.914,46.562,316,1,595,487,56.667,46.381,461,43.905
702,702,23.400,608.101,488.890,57.914,46.561,316,1,595,487,56.667,46.381,461,43.905
703,703,23.433,608.007,489.174,57.905,46.588,307,1,595,487,56.667,46.381,461,43.905
704,704,23.467,608.050,489.070,57.910,46.578,311,1,595,487,56.667,46.381,461,43.905
705,705,23.500,607.960,489.190,57.901,46.589,315,1,595,487,56.667,46.381,461,43.905
706,706,23.533,608.081,489.152,57.912,46.586,322,1,595,487,56.667,46.381,461,43.905
707,707,23.567,608.076,489.153,57.912,46.586,324,1,595,487,56.667,46.381,461,43.905
708,708,23.600,607.955,489.095,57.900,46.580,319,1,595,487,56.667,46.381,461,43.905
709,709,23.633,607.888,489.351,57.894,46.605,308,1,595,487,56.667,46.381,461,43.905
710,710,23.667,607.744,489.710,57.880,46.639,317,1,595,487,56.667,46.381,461,43.905
711,711,23.700,607.633,489.770,57.870,46.645,317,1,595,487,56.667,46.381,461,43.905
712,712,23.733,607.678,489.541,57.874,46.623,316,1,595,487,56.667,46.381,461,43.905
713,713,23.767,607.682,489.534,57.874,46.622,316,1,595,487,56.667,46.381,461,43.905
714,714,23.800,607.787,489.260,57.884,46.596,320,1,595,487,56.667,46.381,461,43.905
715,715,23.833,607.877,489.425,57.893,46.612,320,1,595,487,56.667,46.381,461,43.905
716,716,23.867,607.809,489.511,57.887,46.620,317,1,595,487,56.667,46.381,461,43.905
717,717,23.900,607.855,489.326,57.891,46.602,318,1,595,487,56.667,46.381,461,43.905
718,718,23.933,608.030,489.060,57.908,46.577,306,1,595,487,56.667,46.381,461,43.905
719,719,23.967,607.585,489.913,57.865,46.658,307,1,595,487,56.667,46.381,461,43.905
720,720,24.000,607.660,489.815,57.872,46.649,300,1,595,487,56.667,46.381,461,43.905
721,721,24.033,607.735,489.675,57.880,46.636,297,1,595,487,56.667,46.381,461,43.905
722,722,24.067,607.427,490.524,57.850,46.717,292,1,595,487,56.667,46.381,461,43.905
723,723,24.100,607.395,490.487,57.847,46.713,294,1,595,487,56.667,46.381,461,43.905
724,724,24.133,607.477,490.436,57.855,46.708,296,1,595,487,56.667,46.381,461,43.905
725,725,24.167,607.534,490.529,57.860,46.717,289,1,595,487,56.667,46.381,461,43.905
726,726,24.200,607.336,490.956,57.841,46.758,279,1,595,487,56.667,46.381,461,43.905
727,727,24.233,607.442,490.854,57.852,46.748,278,1,595,487,56.667,46.381,461,43.905
728,728,24.267,607.425,490.897,57.850,46.752,277,1,595,487,56.667,46.381,461,43.905
729,729,24.300,607.374,490.953,57.845,46.757,276,1,595,487,56.667,46.381,461,43.905
730,730,24.333,NaN,NaN,NaN,NaN,NaN,0,595,487,56.667,46.381,461,43.905
731,731,24.367,NaN,NaN,NaN,NaN,NaN,0,595,487,56.667,46.381,461,43.905
732,732,24.400,NaN,NaN,NaN,NaN,NaN,0,595,487,56.667,46.381,461,43.905
733,733,24.433,NaN,NaN,NaN,NaN,NaN,0,595,487,56.667,46.381,461,43.905
734,734,24.467,NaN,NaN,NaN,NaN,NaN,0,595,487,56.667,46.381,461,43.905
735,735,24.500,NaN,NaN,NaN,NaN,NaN,0,595,487,56.667,46.381,461,43.905
736,736,24.533,NaN,NaN,NaN,NaN,NaN,0,595,487,56.667,46.381,461,43.905
737,737,24.567,NaN,NaN,NaN,NaN,NaN,0,595,487,56.667,46.381,461,43.905
738,738,24.600,NaN,NaN,NaN,NaN,NaN,0,595,487,56.667,46.381,461,43.905
739,739,24.633,NaN,NaN,NaN,NaN,NaN,0,595,487,56.667,46.381,461,43.905
740,740,24.667,NaN,NaN,NaN,NaN,NaN,0,595,487,56.667,46.381,461,43.905
741,741,24.700,NaN,NaN,NaN,NaN,NaN,0,595,487,56.667,46.381,461,43.905
742,742,24.733,NaN,NaN,NaN,NaN,NaN,0,595,487,56.667,46.381,461,43.905
743,743,24.767,NaN,NaN,NaN,NaN,NaN,0,595,487,56.667,46.381,461,43.905
744,744,24.800,NaN,NaN,NaN,NaN,NaN,0,595,487,56.667,46.381,461,43.905
745,745,24.833,NaN,NaN,NaN,NaN,NaN,0,595,487,56.667,46.381,461,43.905
746,746,24.867,NaN,NaN,NaN,NaN,NaN,0,595,487,56.667,46.381,461,43.905
747,747,24.900,NaN,NaN,NaN,NaN,NaN,0,595,487,56.667,46.381,461,43.905
748,748,24.933,607.104,492.094,57.819,46.866,277,1,595,487,56.667,46.381,461,43.905
749,749,24.967,NaN,NaN,NaN,NaN,NaN,0,595,487,56.667,46.381,461,43.905
750,750,25.000,NaN,NaN,NaN,NaN,NaN,0,595,487,56.667,46.381,461,43.905
751,751,25.033,606.390,492.627,57.751,46.917,281,1,595,487,56.667,46.381,461,43.905
752,752,25.067,606.261,492.823,57.739,46.936,274,1,595,487,56.667,46.381,461,43.905
753,753,25.100,606.021,492.846,57.716,46.938,274,1,595,487,56.667,46.381,461,43.905
754,754,25.133,NaN,NaN,NaN,NaN,NaN,0,595,487,56.667,46.381,461,43.905
755,755,25.167,NaN,NaN,NaN,NaN,NaN,0,595,487,56.667,46.381,461,43.905
756,756,25.200,NaN,NaN,NaN,NaN,NaN,0,595,487,56.667,46.381,461,43.905
757,757,25.233,605.913,492.585,57.706,46.913,283,1,595,487,56.667,46.381,461,43.905
758,758,25.267,605.898,492.494,57.705,46.904,290,1,595,487,56.667,46.381,461,43.905
759,759,25.300,605.911,492.346,57.706,46.890,293,1,595,487,56.667,46.381,461,43.905
760,760,25.333,605.891,491.885,57.704,46.846,297,1,595,487,56.667,46.381,461,43.905
761,761,25.367,605.998,491.463,57.714,46.806,294,1,595,487,56.667,46.381,461,43.905
762,762,25.400,606.011,491.385,57.715,46.799,295,1,595,487,56.667,46.381,461,43.905
763,763,25.433,606.038,491.329,57.718,46.793,297,1,595,487,56.667,46.381,461,43.905
764,764,25.467,606.098,490.461,57.724,46.711,315,1,595,487,56.667,46.381,461,43.905
765,765,25.500,606.052,490.248,57.719,46.690,321,1,595,487,56.667,46.381,461,43.905
766,766,25.533,606.144,489.620,57.728,46.631,322,1,595,487,56.667,46.381,461,43.905
767,767,25.567,606.089,489.562,57.723,46.625,320,1,595,487,56.667,46.381,461,43.905
768,768,25.600,606.120,489.376,57.726,46.607,326,1,595,487,56.667,46.381,461,43.905
769,769,25.633,606.093,488.921,57.723,46.564,326,1,595,487,56.667,46.381,461,43.905
770,770,25.667,606.089,488.536,57.723,46.527,327,1,595,487,56.667,46.381,461,43.905
771,771,25.700,606.148,488.108,57.728,46.487,325,1,595,487,56.667,46.381,461,43.905
772,772,25.733,606.213,487.751,57.735,46.452,320,1,595,487,56.667,46.381,461,43.905
773,773,25.767,606.245,487.666,57.738,46.444,314,1,595,487,56.667,46.381,461,43.905
774,774,25.800,606.205,487.414,57.734,46.420,311,1,595,487,56.667,46.381,461,43.905
775,775,25.833,606.290,487.373,57.742,46.417,304,1,595,487,56.667,46.381,461,43.905
776,776,25.867,606.327,487.361,57.745,46.415,312,1,595,487,56.667,46.381,461,43.905
777,777,25.900,606.327,487.361,57.745,46.415,312,1,595,487,56.667,46.381,461,43.905
778,778,25.933,606.406,487.079,57.753,46.389,294,1,595,487,56.667,46.381,461,43.905
779,779,25.967,606.398,487.291,57.752,46.409,294,1,595,487,56.667,46.381,461,43.905
780,780,26.000,606.434,487.033,57.756,46.384,296,1,595,487,56.667,46.381,461,43.905
781,781,26.033,NaN,NaN,NaN,NaN,NaN,0,595,487,56.667,46.381,461,43.905
782,782,26.067,606.525,486.757,57.764,46.358,280,1,595,487,56.667,46.381,461,43.905
783,783,26.100,606.434,486.534,57.756,46.337,278,1,595,487,56.667,46.381,461,43.905
784,784,26.133,606.393,486.652,57.752,46.348,282,1,595,487,56.667,46.381,461,43.905
785,785,26.167,606.393,486.652,57.752,46.348,282,1,595,487,56.667,46.381,461,43.905
786,786,26.200,606.388,486.582,57.751,46.341,283,1,595,487,56.667,46.381,461,43.905
787,787,26.233,606.409,487.007,57.753,46.382,284,1,595,487,56.667,46.381,461,43.905
788,788,26.267,606.438,486.825,57.756,46.364,282,1,595,487,56.667,46.381,461,43.905
789,789,26.300,606.395,486.900,57.752,46.371,285,1,595,487,56.667,46.381,461,43.905
790,790,26.333,606.492,486.692,57.761,46.352,279,1,595,487,56.667,46.381,461,43.905
791,791,26.367,606.481,486.665,57.760,46.349,283,1,595,487,56.667,46.381,461,43.905
792,792,26.400,606.608,486.654,57.772,46.348,282,1,595,487,56.667,46.381,461,43.905
793,793,26.433,606.618,486.702,57.773,46.353,283,1,595,487,56.667,46.381,461,43.905
794,794,26.467,606.659,486.612,57.777,46.344,283,1,595,487,56.667,46.381,461,43.905
795,795,26.500,606.696,486.665,57.781,46.349,280,1,595,487,56.667,46.381,461,43.905
796,796,26.533,606.684,486.246,57.779,46.309,287,1,595,487,56.667,46.381,461,43.905
797,797,26.567,606.678,486.352,57.779,46.319,284,1,595,487,56.667,46.381,461,43.905
798,798,26.600,606.743,486.663,57.785,46.349,278,1,595,487,56.667,46.381,461,43.905
799,799,26.633,606.772,486.463,57.788,46.330,283,1,595,487,56.667,46.381,461,43.905
800,800,26.667,606.779,486.544,57.788,46.338,287,1,595,487,56.667,46.381,461,43.905
801,801,26.700,606.779,486.657,57.789,46.348,289,1,595,487,56.667,46.381,461,43.905
802,802,26.733,606.821,486.676,57.793,46.350,289,1,595,487,56.667,46.381,461,43.905
803,803,26.767,606.788,486.767,57.789,46.359,292,1,595,487,56.667,46.381,461,43.905
804,804,26.800,606.806,486.825,57.791,46.364,289,1,595,487,56.667,46.381,461,43.905
805,805,26.833,606.803,486.828,57.791,46.365,287,1,595,487,56.667,46.381,461,43.905
806,806,26.867,606.844,486.793,57.795,46.361,287,1,595,487,56.667,46.381,461,43.905
807,807,26.900,606.887,486.743,57.799,46.356,288,1,595,487,56.667,46.381,461,43.905
808,808,26.933,606.869,486.553,57.797,46.338,287,1,595,487,56.667,46.381,461,43.905
809,809,26.967,606.807,486.836,57.791,46.365,290,1,595,487,56.667,46.381,461,43.905
810,810,27.000,606.825,486.647,57.793,46.347,296,1,595,487,56.667,46.381,461,43.905
811,811,27.033,606.895,486.417,57.800,46.325,294,1,595,487,56.667,46.381,461,43.905
812,812,27.067,606.830,486.118,57.793,46.297,292,1,595,487,56.667,46.381,461,43.905
813,813,27.100,606.816,485.885,57.792,46.275,296,1,595,487,56.667,46.381,461,43.905
814,814,27.133,606.900,485.851,57.800,46.271,303,1,595,487,56.667,46.381,461,43.905
815,815,27.167,606.914,485.349,57.801,46.224,314,1,595,487,56.667,46.381,461,43.905
816,816,27.200,606.913,485.382,57.801,46.227,307,1,595,487,56.667,46.381,461,43.905
817,817,27.233,606.948,485.029,57.805,46.193,308,1,595,487,56.667,46.381,461,43.905
818,818,27.267,606.950,484.708,57.805,46.163,319,1,595,487,56.667,46.381,461,43.905
819,819,27.300,606.889,484.551,57.799,46.148,322,1,595,487,56.667,46.381,461,43.905
820,820,27.333,606.885,484.618,57.799,46.154,313,1,595,487,56.667,46.381,461,43.905
821,821,27.367,606.862,484.509,57.796,46.144,323,1,595,487,56.667,46.381,461,43.905
822,822,27.400,606.903,484.090,57.800,46.104,319,1,595,487,56.667,46.381,461,43.905
823,823,27.433,606.828,483.916,57.793,46.087,318,1,595,487,56.667,46.381,461,43.905
824,824,27.467,606.779,483.876,57.788,46.083,327,1,595,487,56.667,46.381,461,43.905
825,825,27.500,606.747,483.802,57.785,46.076,324,1,595,487,56.667,46.381,461,43.905
826,826,27.533,606.715,484.038,57.782,46.099,331,1,595,487,56.667,46.381,461,43.905
827,827,27.567,606.811,483.800,57.792,46.076,319,1,595,487,56.667,46.381,461,43.905
828,828,27.600,606.842,483.673,57.794,46.064,330,1,595,487,56.667,46.381,461,43.905
829,829,27.633,606.802,483.898,57.791,46.086,316,1,595,487,56.667,46.381,461,43.905
830,830,27.667,606.699,483.741,57.781,46.071,314,1,595,487,56.667,46.381,461,43.905
831,831,27.700,606.792,484.454,57.790,46.138,304,1,595,487,56.667,46.381,461,43.905
832,832,27.733,606.707,484.350,57.782,46.129,304,1,595,487,56.667,46.381,461,43.905
833,833,27.767,606.630,484.475,57.774,46.140,307,1,595,487,56.667,46.381,461,43.905
834,834,27.800,606.619,484.469,57.773,46.140,303,1,595,487,56.667,46.381,461,43.905
835,835,27.833,606.656,484.488,57.777,46.142,295,1,595,487,56.667,46.381,461,43.905
836,836,27.867,606.634,484.935,57.775,46.184,295,1,595,487,56.667,46.381,461,43.905
837,837,27.900,606.635,485.027,57.775,46.193,294,1,595,487,56.667,46.381,461,43.905
838,838,27.933,606.747,485.411,57.785,46.230,288,1,595,487,56.667,46.381,461,43.905
839,839,27.967,606.608,485.483,57.772,46.236,297,1,595,487,56.667,46.381,461,43.905
840,840,28.000,606.544,485.747,57.766,46.262,296,1,595,487,56.667,46.381,461,43.905
841,841,28.033,606.557,485.271,57.767,46.216,287,1,595,487,56.667,46.381,461,43.905
842,842,28.067,606.658,485.733,57.777,46.260,302,1,595,487,56.667,46.381,461,43.905
843,843,28.100,606.567,486.199,57.768,46.305,300,1,595,487,56.667,46.381,461,43.905
844,844,28.133,606.571,486.225,57.769,46.307,297,1,595,487,56.667,46.381,461,43.905
845,845,28.167,606.487,486.391,57.761,46.323,305,1,595,487,56.667,46.381,461,43.905
846,846,28.200,606.524,486.227,57.764,46.307,297,1,595,487,56.667,46.381,461,43.905
847,847,28.233,606.377,486.278,57.750,46.312,299,1,595,487,56.667,46.381,461,43.905
848,848,28.267,606.318,486.327,57.745,46.317,303,1,595,487,56.667,46.381,461,43.905
849,849,28.300,606.348,486.222,57.747,46.307,316,1,595,487,56.667,46.381,461,43.905
850,850,28.333,606.383,486.256,57.751,46.310,314,1,595,487,56.667,46.381,461,43.905
851,851,28.367,606.464,486.143,57.759,46.299,310,1,595,487,56.667,46.381,461,43.905
852,852,28.400,606.539,486.022,57.766,46.288,303,1,595,487,56.667,46.381,461,43.905
853,853,28.433,606.411,486.051,57.753,46.291,302,1,595,487,56.667,46.381,461,43.905
854,854,28.467,606.446,486.112,57.757,46.296,306,1,595,487,56.667,46.381,461,43.905
855,855,28.500,606.438,486.134,57.756,46.298,306,1,595,487,56.667,46.381,461,43.905
856,856,28.533,606.384,486.384,57.751,46.322,303,1,595,487,56.667,46.381,461,43.905
857,857,28.567,606.241,486.211,57.737,46.306,307,1,595,487,56.667,46.381,461,43.905
858,858,28.600,606.090,486.297,57.723,46.314,305,1,595,487,56.667,46.381,461,43.905
859,859,28.633,606.006,486.408,57.715,46.325,303,1,595,487,56.667,46.381,461,43.905
860,860,28.667,605.904,486.438,57.705,46.327,301,1,595,487,56.667,46.381,461,43.905
861,861,28.700,605.800,486.303,57.695,46.315,305,1,595,487,56.667,46.381,461,43.905
862,862,28.733,605.965,486.435,57.711,46.327,296,1,595,487,56.667,46.381,461,43.905
863,863,28.767,605.979,486.462,57.712,46.330,288,1,595,487,56.667,46.381,461,43.905
864,864,28.800,605.925,486.504,57.707,46.334,291,1,595,487,56.667,46.381,461,43.905
865,865,28.833,605.767,486.339,57.692,46.318,293,1,595,487,56.667,46.381,461,43.905
866,866,28.867,605.603,486.168,57.677,46.302,291,1,595,487,56.667,46.381,461,43.905
867,867,28.900,605.639,486.183,57.680,46.303,289,1,595,487,56.667,46.381,461,43.905
868,868,28.933,605.499,486.230,57.667,46.308,293,1,595,487,56.667,46.381,461,43.905
869,869,28.967,605.367,486.219,57.654,46.307,300,1,595,487,56.667,46.381,461,43.905
870,870,29.000,605.197,486.221,57.638,46.307,302,1,595,487,56.667,46.381,461,43.905
871,871,29.033,605.035,486.052,57.622,46.291,305,1,595,487,56.667,46.381,461,43.905
872,872,29.067,604.854,485.853,57.605,46.272,314,1,595,487,56.667,46.381,461,43.905
873,873,29.100,604.736,485.872,57.594,46.274,311,1,595,487,56.667,46.381,461,43.905
874,874,29.133,604.486,485.380,57.570,46.227,303,1,595,487,56.667,46.381,461,43.905
875,875,29.167,604.438,485.307,57.566,46.220,300,1,595,487,56.667,46.381,461,43.905
876,876,29.200,603.916,484.605,57.516,46.153,310,1,595,487,56.667,46.381,461,43.905
877,877,29.233,603.804,484.458,57.505,46.139,296,1,595,487,56.667,46.381,461,43.905
878,878,29.267,603.734,484.621,57.498,46.154,306,1,595,487,56.667,46.381,461,43.905
879,879,29.300,603.680,484.421,57.493,46.135,303,1,595,487,56.667,46.381,461,43.905
880,880,29.333,603.454,483.867,57.472,46.083,298,1,595,487,56.667,46.381,461,43.905
881,881,29.367,603.430,483.659,57.469,46.063,296,1,595,487,56.667,46.381,461,43.905
882,882,29.400,603.284,483.387,57.456,46.037,298,1,595,487,56.667,46.381,461,43.905
883,883,29.433,603.157,483.134,57.443,46.013,284,1,595,487,56.667,46.381,461,43.905
884,884,29.467,603.173,482.978,57.445,45.998,285,1,595,487,56.667,46.381,461,43.905
885,885,29.500,602.913,482.528,57.420,45.955,290,1,595,487,56.667,46.381,461,43.905
886,886,29.533,603.015,482.546,57.430,45.957,289,1,595,487,56.667,46.381,461,43.905
887,887,29.567,602.981,482.455,57.427,45.948,287,1,595,487,56.667,46.381,461,43.905
888,888,29.600,603.085,482.632,57.437,45.965,296,1,595,487,56.667,46.381,461,43.905
889,889,29.633,603.188,482.779,57.446,45.979,285,1,595,487,56.667,46.381,461,43.905
890,890,29.667,603.487,483.245,57.475,46.023,283,1,595,487,56.667,46.381,461,43.905
891,891,29.700,603.584,483.384,57.484,46.037,287,1,595,487,56.667,46.381,461,43.905
892,892,29.733,603.852,483.581,57.510,46.055,284,1,595,487,56.667,46.381,461,43.905
893,893,29.767,603.772,483.553,57.502,46.053,276,1,595,487,56.667,46.381,461,43.905
894,894,29.800,NaN,NaN,NaN,NaN,NaN,0,595,487,56.667,46.381,461,43.905
895,895,29.833,603.593,483.326,57.485,46.031,284,1,595,487,56.667,46.381,461,43.905
896,896,29.867,603.699,483.459,57.495,46.044,285,1,595,487,56.667,46.381,461,43.905
897,897,29.900,603.811,483.656,57.506,46.063,282,1,595,487,56.667,46.381,461,43.905
898,898,29.933,604.005,483.976,57.524,46.093,278,1,595,487,56.667,46.381,461,43.905
899,899,29.967,604.215,484.092,57.544,46.104,274,1,595,487,56.667,46.381,461,43.905
900,900,30.000,604.258,484.015,57.548,46.097,277,1,595,487,56.667,46.381,461,43.905
901,901,30.033,NaN,NaN,NaN,NaN,NaN,0,595,487,56.667,46.381,461,43.905
902,902,30.067,NaN,NaN,NaN,NaN,NaN,0,595,487,56.667,46.381,461,43.905
903,903,30.100,604.253,484.109,57.548,46.106,278,1,595,487,56.667,46.381,461,43.905
904,904,30.133,604.278,484.052,57.550,46.100,275,1,595,487,56.667,46.381,461,43.905
905,905,30.167,604.278,484.052,57.550,46.100,275,1,595,487,56.667,46.381,461,43.905
906,906,30.200,604.745,484.440,57.595,46.137,289,1,595,487,56.667,46.381,461,43.905
907,907,30.233,604.665,484.425,57.587,46.136,280,1,595,487,56.667,46.381,461,43.905
908,908,30.267,604.711,484.418,57.592,46.135,279,1,595,487,56.667,46.381,461,43.905
909,909,30.300,604.574,484.237,57.579,46.118,284,1,595,487,56.667,46.381,461,43.905
910,910,30.333,604.576,484.405,57.579,46.134,285,1,595,487,56.667,46.381,461,43.905
911,911,30.367,604.585,484.289,57.580,46.123,278,1,595,487,56.667,46.381,461,43.905
912,912,30.400,604.583,484.300,57.579,46.124,278,1,595,487,56.667,46.381,461,43.905
913,913,30.433,604.564,484.251,57.578,46.119,280,1,595,487,56.667,46.381,461,43.905
914,914,30.467,604.437,484.250,57.565,46.119,285,1,595,487,56.667,46.381,461,43.905
915,915,30.500,604.387,484.257,57.561,46.120,282,1,595,487,56.667,46.381,461,43.905
916,916,30.533,604.124,483.918,57.536,46.087,294,1,595,487,56.667,46.381,461,43.905
917,917,30.567,603.859,483.605,57.510,46.058,297,1,595,487,56.667,46.381,461,43.905
918,918,30.600,603.949,483.598,57.519,46.057,299,1,595,487,56.667,46.381,461,43.905
919,919,30.633,604.024,483.742,57.526,46.071,287,1,595,487,56.667,46.381,461,43.905
920,920,30.667,603.800,483.475,57.505,46.045,290,1,595,487,56.667,46.381,461,43.905
921,921,30.700,603.807,483.484,57.505,46.046,290,1,595,487,56.667,46.381,461,43.905
922,922,30.733,603.401,482.932,57.467,45.994,303,1,595,487,56.667,46.381,461,43.905
923,923,30.767,603.349,482.751,57.462,45.976,310,1,595,487,56.667,46.381,461,43.905
924,924,30.800,603.103,482.574,57.438,45.959,303,1,595,487,56.667,46.381,461,43.905
925,925,30.833,602.945,482.369,57.423,45.940,312,1,595,487,56.667,46.381,461,43.905
926,926,30.867,602.724,482.046,57.402,45.909,313,1,595,487,56.667,46.381,461,43.905
927,927,30.900,602.398,481.673,57.371,45.874,322,1,595,487,56.667,46.381,461,43.905
928,928,30.933,602.326,481.523,57.364,45.859,318,1,595,487,56.667,46.381,461,43.905
929,929,30.967,602.053,481.133,57.338,45.822,319,1,595,487,56.667,46.381,461,43.905
930,930,31.000,601.703,480.823,57.305,45.793,325,1,595,487,56.667,46.381,461,43.905
931,931,31.033,601.270,480.548,57.264,45.766,330,1,595,487,56.667,46.381,461,43.905
932,932,31.067,601.118,480.308,57.249,45.744,323,1,595,487,56.667,46.381,461,43.905
933,933,31.100,600.821,480.033,57.221,45.717,328,1,595,487,56.667,46.381,461,43.905
934,934,31.133,600.507,479.841,57.191,45.699,331,1,595,487,56.667,46.381,461,43.905
935,935,31.167,600.410,479.637,57.182,45.680,332,1,595,487,56.667,46.381,461,43.905
936,936,31.200,600.432,479.673,57.184,45.683,333,1,595,487,56.667,46.381,461,43.905
937,937,31.233,600.693,479.870,57.209,45.702,329,1,595,487,56.667,46.381,461,43.905
938,938,31.267,600.907,480.149,57.229,45.729,316,1,595,487,56.667,46.381,461,43.905
939,939,31.300,600.669,479.881,57.207,45.703,329,1,595,487,56.667,46.381,461,43.905
940,940,31.333,601.100,480.382,57.248,45.751,318,1,595,487,56.667,46.381,461,43.905
941,941,31.367,600.932,480.062,57.232,45.720,317,1,595,487,56.667,46.381,461,43.905
942,942,31.400,601.124,480.277,57.250,45.741,323,1,595,487,56.667,46.381,461,43.905
943,943,31.433,601.166,480.275,57.254,45.740,320,1,595,487,56.667,46.381,461,43.905
944,944,31.467,600.970,480.240,57.235,45.737,324,1,595,487,56.667,46.381,461,43.905
945,945,31.500,601.050,480.315,57.243,45.744,317,1,595,487,56.667,46.381,461,43.905
946,946,31.533,600.828,480.168,57.222,45.730,333,1,595,487,56.667,46.381,461,43.905
947,947,31.567,600.737,480.025,57.213,45.717,329,1,595,487,56.667,46.381,461,43.905
948,948,31.600,600.626,479.746,57.203,45.690,334,1,595,487,56.667,46.381,461,43.905
949,949,31.633,600.703,479.955,57.210,45.710,328,1,595,487,56.667,46.381,461,43.905
950,950,31.667,600.831,480.069,57.222,45.721,340,1,595,487,56.667,46.381,461,43.905
951,951,31.700,600.574,479.788,57.197,45.694,341,1,595,487,56.667,46.381,461,43.905
952,952,31.733,600.820,480.025,57.221,45.717,335,1,595,487,56.667,46.381,461,43.905
953,953,31.767,600.753,479.988,57.215,45.713,336,1,595,487,56.667,46.381,461,43.905
954,954,31.800,600.756,479.994,57.215,45.714,336,1,595,487,56.667,46.381,461,43.905
955,955,31.833,600.718,479.995,57.211,45.714,336,1,595,487,56.667,46.381,461,43.905
956,956,31.867,600.765,480.108,57.216,45.725,339,1,595,487,56.667,46.381,461,43.905
957,957,31.900,600.867,480.183,57.225,45.732,334,1,595,487,56.667,46.381,461,43.905
958,958,31.933,600.651,479.932,57.205,45.708,331,1,595,487,56.667,46.381,461,43.905
959,959,31.967,600.812,480.142,57.220,45.728,334,1,595,487,56.667,46.381,461,43.905
960,960,32.000,600.928,480.350,57.231,45.748,336,1,595,487,56.667,46.381,461,43.905
961,961,32.033,600.888,480.335,57.227,45.746,345,1,595,487,56.667,46.381,461,43.905
962,962,32.067,600.982,480.447,57.236,45.757,345,1,595,487,56.667,46.381,461,43.905
963,963,32.100,601.033,480.417,57.241,45.754,344,1,595,487,56.667,46.381,461,43.905
964,964,32.133,601.181,480.513,57.255,45.763,346,1,595,487,56.667,46.381,461,43.905
965,965,32.167,601.281,480.638,57.265,45.775,344,1,595,487,56.667,46.381,461,43.905
966,966,32.200,601.381,480.748,57.274,45.786,343,1,595,487,56.667,46.381,461,43.905
967,967,32.233,601.381,480.749,57.274,45.786,343,1,595,487,56.667,46.381,461,43.905
968,968,32.267,601.396,480.765,57.276,45.787,343,1,595,487,56.667,46.381,461,43.905
969,969,32.300,601.517,480.940,57.287,45.804,343,1,595,487,56.667,46.381,461,43.905
970,970,32.333,601.569,480.959,57.292,45.806,339,1,595,487,56.667,46.381,461,43.905
971,971,32.367,601.720,481.159,57.307,45.825,344,1,595,487,56.667,46.381,461,43.905
972,972,32.400,601.772,481.209,57.312,45.829,342,1,595,487,56.667,46.381,461,43.905
973,973,32.433,601.726,481.216,57.307,45.830,345,1,595,487,56.667,46.381,461,43.905
974,974,32.467,601.755,481.257,57.310,45.834,345,1,595,487,56.667,46.381,461,43.905
975,975,32.500,601.809,481.265,57.315,45.835,343,1,595,487,56.667,46.381,461,43.905
976,976,32.533,601.821,481.305,57.316,45.839,347,1,595,487,56.667,46.381,461,43.905
977,977,32.567,601.933,481.420,57.327,45.850,349,1,595,487,56.667,46.381,461,43.905
978,978,32.600,602.157,481.565,57.348,45.863,344,1,595,487,56.667,46.381,461,43.905
979,979,32.633,602.085,481.511,57.341,45.858,338,1,595,487,56.667,46.381,461,43.905
980,980,32.667,602.244,481.666,57.357,45.873,343,1,595,487,56.667,46.381,461,43.905
981,981,32.700,602.355,481.755,57.367,45.881,345,1,595,487,56.667,46.381,461,43.905
982,982,32.733,602.400,481.832,57.371,45.889,332,1,595,487,56.667,46.381,461,43.905
983,983,32.767,602.516,481.981,57.382,45.903,331,1,595,487,56.667,46.381,461,43.905
984,984,32.800,602.504,481.948,57.381,45.900,329,1,595,487,56.667,46.381,461,43.905
985,985,32.833,602.647,482.067,57.395,45.911,330,1,595,487,56.667,46.381,461,43.905
986,986,32.867,603.108,482.496,57.439,45.952,321,1,595,487,56.667,46.381,461,43.905
987,987,32.900,603.235,482.732,57.451,45.974,320,1,595,487,56.667,46.381,461,43.905
988,988,32.933,603.319,482.592,57.459,45.961,315,1,595,487,56.667,46.381,461,43.905
989,989,32.967,603.369,482.651,57.464,45.967,313,1,595,487,56.667,46.381,461,43.905
990,990,33.000,603.428,482.674,57.469,45.969,313,1,595,487,56.667,46.381,461,43.905
991,991,33.033,603.219,482.596,57.449,45.962,312,1,595,487,56.667,46.381,461,43.905
992,992,33.067,603.194,482.554,57.447,45.958,316,1,595,487,56.667,46.381,461,43.905
993,993,33.100,603.213,482.612,57.449,45.963,312,1,595,487,56.667,46.381,461,43.905
994,994,33.133,603.157,482.857,57.443,45.986,316,1,595,487,56.667,46.381,461,43.905
995,995,33.167,603.007,482.805,57.429,45.981,319,1,595,487,56.667,46.381,461,43.905
996,996,33.200,602.987,482.785,57.427,45.980,319,1,595,487,56.667,46.381,461,43.905
997,997,33.233,602.765,482.786,57.406,45.980,325,1,595,487,56.667,46.381,461,43.905
998,998,33.267,602.507,482.664,57.382,45.968,332,1,595,487,56.667,46.381,461,43.905
999,999,33.300,602.406,482.707,57.372,45.972,332,1,595,487,56.667,46.381,461,43.905
1000,1000,33.333,602.537,482.930,57.384,45.993,330,1,595,487,56.667,46.381,461,43.905
1001,1001,33.367,602.578,482.933,57.388,45.994,328,1,595,487,56.667,46.381,461,43.905
1002,1002,33.400,602.581,482.998,57.389,46.000,328,1,595,487,56.667,46.381,461,43.905
1003,1003,33.433,602.191,482.740,57.352,45.975,319,1,595,487,56.667,46.381,461,43.905
1004,1004,33.467,601.959,482.723,57.329,45.974,321,1,595,487,56.667,46.381,461,43.905
1005,1005,33.500,601.870,482.999,57.321,46.000,324,1,595,487,56.667,46.381,461,43.905
1006,1006,33.533,601.692,483.059,57.304,46.006,322,1,595,487,56.667,46.381,461,43.905
1007,1007,33.567,601.863,483.532,57.320,46.051,320,1,595,487,56.667,46.381,461,43.905
1008,1008,33.600,601.670,483.459,57.302,46.044,312,1,595,487,56.667,46.381,461,43.905
1009,1009,33.633,601.845,483.657,57.319,46.063,306,1,595,487,56.667,46.381,461,43.905
1010,1010,33.667,601.963,483.825,57.330,46.079,304,1,595,487,56.667,46.381,461,43.905
1011,1011,33.700,601.853,483.885,57.319,46.084,310,1,595,487,56.667,46.381,461,43.905
1012,1012,33.733,601.748,483.776,57.309,46.074,305,1,595,487,56.667,46.381,461,43.905
1013,1013,33.767,601.772,483.894,57.312,46.085,316,1,595,487,56.667,46.381,461,43.905
1014,1014,33.800,601.640,483.884,57.299,46.084,317,1,595,487,56.667,46.381,461,43.905
1015,1015,33.833,601.589,483.852,57.294,46.081,311,1,595,487,56.667,46.381,461,43.905
1016,1016,33.867,601.279,483.738,57.265,46.070,313,1,595,487,56.667,46.381,461,43.905
1017,1017,33.900,601.060,483.744,57.244,46.071,323,1,595,487,56.667,46.381,461,43.905
1018,1018,33.933,600.694,483.638,57.209,46.061,326,1,595,487,56.667,46.381,461,43.905
1019,1019,33.967,600.153,483.461,57.157,46.044,330,1,595,487,56.667,46.381,461,43.905
1020,1020,34.000,600.062,483.441,57.149,46.042,326,1,595,487,56.667,46.381,461,43.905
1021,1021,34.033,599.325,483.101,57.079,46.010,316,1,595,487,56.667,46.381,461,43.905
1022,1022,34.067,598.987,482.857,57.046,45.986,307,1,595,487,56.667,46.381,461,43.905
1023,1023,34.100,598.715,482.903,57.020,45.991,315,1,595,487,56.667,46.381,461,43.905
1024,1024,34.133,598.604,482.794,57.010,45.980,309,1,595,487,56.667,46.381,461,43.905
1025,1025,34.167,598.249,482.524,56.976,45.955,299,1,595,487,56.667,46.381,461,43.905
1026,1026,34.200,598.303,482.532,56.981,45.955,299,1,595,487,56.667,46.381,461,43.905
1027,1027,34.233,598.291,482.572,56.980,45.959,300,1,595,487,56.667,46.381,461,43.905
1028,1028,34.267,598.166,482.500,56.968,45.952,296,1,595,487,56.667,46.381,461,43.905
1029,1029,34.300,598.148,482.425,56.967,45.945,289,1,595,487,56.667,46.381,461,43.905
1030,1030,34.333,598.013,482.343,56.954,45.937,286,1,595,487,56.667,46.381,461,43.905
1031,1031,34.367,597.686,482.358,56.922,45.939,292,1,595,487,56.667,46.381,461,43.905
1032,1032,34.400,597.691,482.432,56.923,45.946,296,1,595,487,56.667,46.381,461,43.905
1033,1033,34.433,597.715,482.334,56.925,45.937,290,1,595,487,56.667,46.381,461,43.905
1034,1034,34.467,597.743,482.331,56.928,45.936,290,1,595,487,56.667,46.381,461,43.905
1035,1035,34.500,597.996,482.348,56.952,45.938,298,1,595,487,56.667,46.381,461,43.905
1036,1036,34.533,598.292,482.457,56.980,45.948,292,1,595,487,56.667,46.381,461,43.905
1037,1037,34.567,598.633,482.571,57.013,45.959,297,1,595,487,56.667,46.381,461,43.905
1038,1038,34.600,598.465,482.540,56.997,45.956,303,1,595,487,56.667,46.381,461,43.905
1039,1039,34.633,598.334,482.437,56.984,45.946,291,1,595,487,56.667,46.381,461,43.905
1040,1040,34.667,598.379,482.409,56.989,45.944,293,1,595,487,56.667,46.381,461,43.905
1041,1041,34.700,598.401,482.284,56.991,45.932,283,1,595,487,56.667,46.381,461,43.905
1042,1042,34.733,598.584,482.324,57.008,45.936,281,1,595,487,56.667,46.381,461,43.905
1043,1043,34.767,598.513,482.249,57.001,45.928,287,1,595,487,56.667,46.381,461,43.905
1044,1044,34.800,599.085,482.367,57.056,45.940,288,1,595,487,56.667,46.381,461,43.905
1045,1045,34.833,599.130,482.313,57.060,45.935,291,1,595,487,56.667,46.381,461,43.905
1046,1046,34.867,599.288,482.279,57.075,45.931,293,1,595,487,56.667,46.381,461,43.905
1047,1047,34.900,599.402,482.301,57.086,45.933,292,1,595,487,56.667,46.381,461,43.905
1048,1048,34.933,599.483,482.276,57.094,45.931,292,1,595,487,56.667,46.381,461,43.905
1049,1049,34.967,599.597,482.206,57.104,45.924,287,1,595,487,56.667,46.381,461,43.905
1050,1050,35.000,599.766,482.289,57.121,45.932,292,1,595,487,56.667,46.381,461,43.905
1051,1051,35.033,599.821,482.326,57.126,45.936,292,1,595,487,56.667,46.381,461,43.905
1052,1052,35.067,600.011,482.318,57.144,45.935,286,1,595,487,56.667,46.381,461,43.905
1053,1053,35.100,600.144,482.359,57.157,45.939,294,1,595,487,56.667,46.381,461,43.905
1054,1054,35.133,600.472,482.427,57.188,45.945,292,1,595,487,56.667,46.381,461,43.905
1055,1055,35.167,600.162,482.384,57.158,45.941,289,1,595,487,56.667,46.381,461,43.905
1056,1056,35.200,600.135,482.343,57.156,45.937,288,1,595,487,56.667,46.381,461,43.905
1057,1057,35.233,599.967,482.394,57.140,45.942,289,1,595,487,56.667,46.381,461,43.905
1058,1058,35.267,599.747,482.441,57.119,45.947,290,1,595,487,56.667,46.381,461,43.905
1059,1059,35.300,599.564,482.388,57.101,45.942,290,1,595,487,56.667,46.381,461,43.905
1060,1060,35.333,599.498,482.277,57.095,45.931,291,1,595,487,56.667,46.381,461,43.905
1061,1061,35.367,599.478,482.297,57.093,45.933,292,1,595,487,56.667,46.381,461,43.905
1062,1062,35.400,598.926,482.120,57.041,45.916,290,1,595,487,56.667,46.381,461,43.905
1063,1063,35.433,598.836,482.098,57.032,45.914,298,1,595,487,56.667,46.381,461,43.905
1064,1064,35.467,598.178,481.968,56.969,45.902,294,1,595,487,56.667,46.381,461,43.905
1065,1065,35.500,598.061,481.974,56.958,45.902,296,1,595,487,56.667,46.381,461,43.905
1066,1066,35.533,597.615,481.788,56.916,45.885,302,1,595,487,56.667,46.381,461,43.905
1067,1067,35.567,597.205,481.667,56.877,45.873,297,1,595,487,56.667,46.381,461,43.905
1068,1068,35.600,596.400,481.674,56.800,45.874,313,1,595,487,56.667,46.381,461,43.905
1069,1069,35.633,595.934,481.610,56.756,45.868,307,1,595,487,56.667,46.381,461,43.905
1070,1070,35.667,595.718,481.587,56.735,45.865,311,1,595,487,56.667,46.381,461,43.905
1071,1071,35.700,594.924,481.469,56.659,45.854,320,1,595,487,56.667,46.381,461,43.905
1072,1072,35.733,594.148,481.391,56.586,45.847,323,1,595,487,56.667,46.381,461,43.905
1073,1073,35.767,594.057,481.486,56.577,45.856,319,1,595,487,56.667,46.381,461,43.905
1074,1074,35.800,593.281,481.432,56.503,45.851,325,1,595,487,56.667,46.381,461,43.905
1075,1075,35.833,593.098,481.412,56.486,45.849,323,1,595,487,56.667,46.381,461,43.905
1076,1076,35.867,593.264,481.461,56.501,45.853,315,1,595,487,56.667,46.381,461,43.905
1077,1077,35.900,593.062,481.479,56.482,45.855,308,1,595,487,56.667,46.381,461,43.905
1078,1078,35.933,592.673,481.380,56.445,45.846,310,1,595,487,56.667,46.381,461,43.905
1079,1079,35.967,592.965,481.438,56.473,45.851,313,1,595,487,56.667,46.381,461,43.905
1080,1080,36.000,593.166,481.487,56.492,45.856,302,1,595,487,56.667,46.381,461,43.905
1081,1081,36.033,592.904,481.609,56.467,45.868,318,1,595,487,56.667,46.381,461,43.905
1082,1082,36.067,592.957,481.642,56.472,45.871,293,1,595,487,56.667,46.381,461,43.905
1083,1083,36.100,592.810,481.516,56.458,45.859,301,1,595,487,56.667,46.381,461,43.905
1084,1084,36.133,592.607,481.553,56.439,45.862,304,1,595,487,56.667,46.381,461,43.905
1085,1085,36.167,592.625,481.570,56.440,45.864,302,1,595,487,56.667,46.381,461,43.905
1086,1086,36.200,592.287,481.551,56.408,45.862,303,1,595,487,56.667,46.381,461,43.905
1087,1087,36.233,591.905,481.457,56.372,45.853,298,1,595,487,56.667,46.381,461,43.905
1088,1088,36.267,591.718,481.326,56.354,45.841,291,1,595,487,56.667,46.381,461,43.905
1089,1089,36.300,591.359,481.393,56.320,45.847,293,1,595,487,56.667,46.381,461,43.905
1090,1090,36.333,591.103,481.356,56.296,45.843,294,1,595,487,56.667,46.381,461,43.905
1091,1091,36.367,590.865,481.359,56.273,45.844,292,1,595,487,56.667,46.381,461,43.905
1092,1092,36.400,590.610,481.301,56.249,45.838,295,1,595,487,56.667,46.381,461,43.905
1093,1093,36.433,590.728,481.354,56.260,45.843,297,1,595,487,56.667,46.381,461,43.905
1094,1094,36.467,590.802,481.327,56.267,45.841,298,1,595,487,56.667,46.381,461,43.905
1095,1095,36.500,590.907,481.366,56.277,45.844,298,1,595,487,56.667,46.381,461,43.905
1096,1096,36.533,591.254,481.328,56.310,45.841,307,1,595,487,56.667,46.381,461,43.905
1097,1097,36.567,591.607,481.291,56.344,45.837,301,1,595,487,56.667,46.381,461,43.905
1098,1098,36.600,591.366,481.337,56.321,45.842,306,1,595,487,56.667,46.381,461,43.905
1099,1099,36.633,591.319,481.285,56.316,45.837,311,1,595,487,56.667,46.381,461,43.905
1100,1100,36.667,591.421,481.329,56.326,45.841,303,1,595,487,56.667,46.381,461,43.905
1101,1101,36.700,591.274,481.322,56.312,45.840,315,1,595,487,56.667,46.381,461,43.905
1102,1102,36.733,591.990,481.175,56.380,45.826,307,1,595,487,56.667,46.381,461,43.905
1103,1103,36.767,592.021,481.211,56.383,45.830,308,1,595,487,56.667,46.381,461,43.905
1104,1104,36.800,592.257,481.307,56.405,45.839,302,1,595,487,56.667,46.381,461,43.905
1105,1105,36.833,592.130,481.255,56.393,45.834,305,1,595,487,56.667,46.381,461,43.905
1106,1106,36.867,592.629,481.181,56.441,45.827,297,1,595,487,56.667,46.381,461,43.905
1107,1107,36.900,592.157,481.152,56.396,45.824,301,1,595,487,56.667,46.381,461,43.905
1108,1108,36.933,592.280,481.171,56.408,45.826,304,1,595,487,56.667,46.381,461,43.905
1109,1109,36.967,592.436,481.097,56.422,45.819,301,1,595,487,56.667,46.381,461,43.905
1110,1110,37.000,592.550,481.101,56.433,45.819,300,1,595,487,56.667,46.381,461,43.905
1111,1111,37.033,592.755,481.265,56.453,45.835,300,1,595,487,56.667,46.381,461,43.905
1112,1112,37.067,593.369,481.277,56.511,45.836,296,1,595,487,56.667,46.381,461,43.905
1113,1113,37.100,593.074,481.263,56.483,45.835,295,1,595,487,56.667,46.381,461,43.905
1114,1114,37.133,593.016,481.210,56.478,45.830,296,1,595,487,56.667,46.381,461,43.905
1115,1115,37.167,592.917,481.231,56.468,45.832,298,1,595,487,56.667,46.381,461,43.905
1116,1116,37.200,592.805,481.203,56.458,45.829,300,1,595,487,56.667,46.381,461,43.905
1117,1117,37.233,592.916,481.228,56.468,45.831,295,1,595,487,56.667,46.381,461,43.905
1118,1118,37.267,593.011,481.242,56.477,45.833,305,1,595,487,56.667,46.381,461,43.905
1119,1119,37.300,593.022,481.250,56.478,45.833,305,1,595,487,56.667,46.381,461,43.905
1120,1120,37.333,593.122,481.290,56.488,45.837,306,1,595,487,56.667,46.381,461,43.905
1121,1121,37.367,593.120,481.277,56.488,45.836,312,1,595,487,56.667,46.381,461,43.905
1122,1122,37.400,593.552,481.224,56.529,45.831,307,1,595,487,56.667,46.381,461,43.905
1123,1123,37.433,593.688,481.176,56.542,45.826,299,1,595,487,56.667,46.381,461,43.905
1124,1124,37.467,593.677,481.039,56.541,45.813,294,1,595,487,56.667,46.381,461,43.905
1125,1125,37.500,593.849,481.069,56.557,45.816,294,1,595,487,56.667,46.381,461,43.905
1126,1126,37.533,593.837,480.847,56.556,45.795,285,1,595,487,56.667,46.381,461,43.905
1127,1127,37.567,593.851,480.853,56.557,45.795,283,1,595,487,56.667,46.381,461,43.905
1128,1128,37.600,593.604,480.872,56.534,45.797,287,1,595,487,56.667,46.381,461,43.905
1129,1129,37.633,593.529,480.853,56.527,45.796,289,1,595,487,56.667,46.381,461,43.905
1130,1130,37.667,593.590,480.817,56.532,45.792,294,1,595,487,56.667,46.381,461,43.905
1131,1131,37.700,593.389,480.868,56.513,45.797,294,1,595,487,56.667,46.381,461,43.905
1132,1132,37.733,593.433,480.811,56.517,45.792,294,1,595,487,56.667,46.381,461,43.905
1133,1133,37.767,593.442,480.908,56.518,45.801,304,1,595,487,56.667,46.381,461,43.905
1134,1134,37.800,593.342,480.922,56.509,45.802,305,1,595,487,56.667,46.381,461,43.905
1135,1135,37.833,593.228,480.851,56.498,45.795,300,1,595,487,56.667,46.381,461,43.905
1136,1136,37.867,593.306,480.958,56.505,45.805,311,1,595,487,56.667,46.381,461,43.905
1137,1137,37.900,593.458,481.103,56.520,45.819,317,1,595,487,56.667,46.381,461,43.905
1138,1138,37.933,593.012,480.956,56.477,45.805,312,1,595,487,56.667,46.381,461,43.905
1139,1139,37.967,592.889,480.888,56.466,45.799,315,1,595,487,56.667,46.381,461,43.905
1140,1140,38.000,593.254,481.032,56.500,45.813,309,1,595,487,56.667,46.381,461,43.905
1141,1141,38.033,593.125,480.913,56.488,45.801,289,1,595,487,56.667,46.381,461,43.905
1142,1142,38.067,592.948,480.974,56.471,45.807,293,1,595,487,56.667,46.381,461,43.905
1143,1143,38.100,593.190,481.075,56.494,45.817,287,1,595,487,56.667,46.381,461,43.905
1144,1144,38.133,592.995,481.181,56.476,45.827,292,1,595,487,56.667,46.381,461,43.905
1145,1145,38.167,592.909,481.161,56.468,45.825,291,1,595,487,56.667,46.381,461,43.905
1146,1146,38.200,592.777,481.192,56.455,45.828,292,1,595,487,56.667,46.381,461,43.905
1147,1147,38.233,592.348,481.129,56.414,45.822,287,1,595,487,56.667,46.381,461,43.905
1148,1148,38.267,592.210,481.091,56.401,45.818,284,1,595,487,56.667,46.381,461,43.905
1149,1149,38.300,592.016,481.135,56.383,45.822,281,1,595,487,56.667,46.381,461,43.905
1150,1150,38.333,590.856,481.410,56.272,45.849,299,1,595,487,56.667,46.381,461,43.905
1151,1151,38.367,590.024,481.565,56.193,45.863,299,1,595,487,56.667,46.381,461,43.905
1152,1152,38.400,589.200,481.685,56.114,45.875,295,1,595,487,56.667,46.381,461,43.905
1153,1153,38.433,588.519,481.865,56.049,45.892,293,1,595,487,56.667,46.381,461,43.905
1154,1154,38.467,588.105,481.905,56.010,45.896,291,1,595,487,56.667,46.381,461,43.905
1155,1155,38.500,587.472,481.978,55.950,45.903,279,1,595,487,56.667,46.381,461,43.905
1156,1156,38.533,586.616,482.146,55.868,45.919,292,1,595,487,56.667,46.381,461,43.905
1157,1157,38.567,586.574,482.142,55.864,45.918,293,1,595,487,56.667,46.381,461,43.905
1158,1158,38.600,586.546,482.087,55.862,45.913,294,1,595,487,56.667,46.381,461,43.905
1159,1159,38.633,586.222,482.175,55.831,45.921,297,1,595,487,56.667,46.381,461,43.905
1160,1160,38.667,586.442,482.089,55.852,45.913,300,1,595,487,56.667,46.381,461,43.905
1161,1161,38.700,586.147,482.121,55.824,45.916,310,1,595,487,56.667,46.381,461,43.905
1162,1162,38.733,586.369,482.050,55.845,45.910,313,1,595,487,56.667,46.381,461,43.905
1163,1163,38.767,586.333,481.932,55.841,45.898,306,1,595,487,56.667,46.381,461,43.905
1164,1164,38.800,586.581,481.923,55.865,45.897,307,1,595,487,56.667,46.381,461,43.905
1165,1165,38.833,586.795,481.845,55.885,45.890,308,1,595,487,56.667,46.381,461,43.905
1166,1166,38.867,587.100,481.817,55.914,45.887,311,1,595,487,56.667,46.381,461,43.905
1167,1167,38.900,586.995,481.921,55.904,45.897,312,1,595,487,56.667,46.381,461,43.905
1168,1168,38.933,586.864,481.887,55.892,45.894,321,1,595,487,56.667,46.381,461,43.905
1169,1169,38.967,586.718,481.936,55.878,45.899,319,1,595,487,56.667,46.381,461,43.905
1170,1170,39.000,587.061,481.746,55.911,45.881,313,1,595,487,56.667,46.381,461,43.905
1171,1171,39.033,587.127,481.688,55.917,45.875,311,1,595,487,56.667,46.381,461,43.905
1172,1172,39.067,587.586,481.493,55.961,45.856,300,1,595,487,56.667,46.381,461,43.905
1173,1173,39.100,587.751,481.452,55.976,45.853,298,1,595,487,56.667,46.381,461,43.905
1174,1174,39.133,588.072,481.348,56.007,45.843,301,1,595,487,56.667,46.381,461,43.905
1175,1175,39.167,588.060,481.308,56.006,45.839,300,1,595,487,56.667,46.381,461,43.905
1176,1176,39.200,587.540,481.439,55.956,45.851,312,1,595,487,56.667,46.381,461,43.905
1177,1177,39.233,587.731,481.344,55.974,45.842,307,1,595,487,56.667,46.381,461,43.905
1178,1178,39.267,587.893,481.341,55.990,45.842,307,1,595,487,56.667,46.381,461,43.905
1179,1179,39.300,588.231,481.200,56.022,45.829,312,1,595,487,56.667,46.381,461,43.905
1180,1180,39.333,588.671,481.076,56.064,45.817,306,1,595,487,56.667,46.381,461,43.905
1181,1181,39.367,588.474,480.968,56.045,45.806,312,1,595,487,56.667,46.381,461,43.905
1182,1182,39.400,588.208,481.073,56.020,45.816,321,1,595,487,56.667,46.381,461,43.905
1183,1183,39.433,588.077,481.147,56.007,45.824,317,1,595,487,56.667,46.381,461,43.905
1184,1184,39.467,588.186,480.992,56.018,45.809,312,1,595,487,56.667,46.381,461,43.905
1185,1185,39.500,587.813,481.177,55.982,45.826,320,1,595,487,56.667,46.381,461,43.905
1186,1186,39.533,587.773,481.153,55.978,45.824,319,1,595,487,56.667,46.381,461,43.905
1187,1187,39.567,587.492,481.118,55.952,45.821,321,1,595,487,56.667,46.381,461,43.905
1188,1188,39.600,587.269,481.266,55.930,45.835,327,1,595,487,56.667,46.381,461,43.905
1189,1189,39.633,587.056,481.354,55.910,45.843,324,1,595,487,56.667,46.381,461,43.905
1190,1190,39.667,586.486,481.488,55.856,45.856,319,1,595,487,56.667,46.381,461,43.905
1191,1191,39.700,586.509,481.464,55.858,45.854,321,1,595,487,56.667,46.381,461,43.905
1192,1192,39.733,586.523,481.446,55.859,45.852,330,1,595,487,56.667,46.381,461,43.905
1193,1193,39.767,586.031,481.603,55.812,45.867,341,1,595,487,56.667,46.381,461,43.905
1194,1194,39.800,585.445,481.818,55.757,45.887,346,1,595,487,56.667,46.381,461,43.905
1195,1195,39.833,585.088,481.900,55.723,45.895,351,1,595,487,56.667,46.381,461,43.905
1196,1196,39.867,583.963,482.211,55.616,45.925,347,1,595,487,56.667,46.381,461,43.905
1197,1197,39.900,583.404,482.299,55.562,45.933,345,1,595,487,56.667,46.381,461,43.905
1198,1198,39.933,583.346,482.371,55.557,45.940,342,1,595,487,56.667,46.381,461,43.905
1199,1199,39.967,582.864,482.442,55.511,45.947,339,1,595,487,56.667,46.381,461,43.905
1200,1200,40.000,582.112,482.689,55.439,45.970,328,1,595,487,56.667,46.381,461,43.905
1201,1201,40.033,581.769,482.718,55.407,45.973,335,1,595,487,56.667,46.381,461,43.905
1202,1202,40.067,581.792,482.835,55.409,45.984,330,1,595,487,56.667,46.381,461,43.905
1203,1203,40.100,581.405,482.881,55.372,45.989,332,1,595,487,56.667,46.381,461,43.905
1204,1204,40.133,581.088,482.977,55.342,45.998,331,1,595,487,56.667,46.381,461,43.905
1205,1205,40.167,580.990,483.018,55.332,46.002,329,1,595,487,56.667,46.381,461,43.905
1206,1206,40.200,580.614,483.114,55.297,46.011,329,1,595,487,56.667,46.381,461,43.905
1207,1207,40.233,580.614,483.114,55.297,46.011,329,1,595,487,56.667,46.381,461,43.905
1208,1208,40.267,580.596,483.057,55.295,46.005,324,1,595,487,56.667,46.381,461,43.905
1209,1209,40.300,580.638,483.059,55.299,46.006,325,1,595,487,56.667,46.381,461,43.905
1210,1210,40.333,580.329,483.228,55.269,46.022,338,1,595,487,56.667,46.381,461,43.905
1211,1211,40.367,580.324,483.229,55.269,46.022,338,1,595,487,56.667,46.381,461,43.905
1212,1212,40.400,580.422,483.192,55.278,46.018,342,1,595,487,56.667,46.381,461,43.905
1213,1213,40.433,580.280,483.244,55.265,46.023,341,1,595,487,56.667,46.381,461,43.905
1214,1214,40.467,580.247,483.238,55.262,46.023,340,1,595,487,56.667,46.381,461,43.905
1215,1215,40.500,580.284,483.219,55.265,46.021,339,1,595,487,56.667,46.381,461,43.905
1216,1216,40.533,580.289,483.220,55.266,46.021,339,1,595,487,56.667,46.381,461,43.905
1217,1217,40.567,580.022,483.294,55.240,46.028,344,1,595,487,56.667,46.381,461,43.905
1218,1218,40.600,580.061,483.322,55.244,46.031,340,1,595,487,56.667,46.381,461,43.905
1219,1219,40.633,580.210,483.305,55.258,46.029,344,1,595,487,56.667,46.381,461,43.905
1220,1220,40.667,580.418,483.298,55.278,46.028,335,1,595,487,56.667,46.381,461,43.905
1221,1221,40.700,580.302,483.301,55.267,46.029,333,1,595,487,56.667,46.381,461,43.905
1222,1222,40.733,580.549,483.197,55.290,46.019,338,1,595,487,56.667,46.381,461,43.905
1223,1223,40.767,580.989,483.124,55.332,46.012,338,1,595,487,56.667,46.381,461,43.905
1224,1224,40.800,581.072,483.072,55.340,46.007,350,1,595,487,56.667,46.381,461,43.905
1225,1225,40.833,581.066,483.056,55.340,46.005,352,1,595,487,56.667,46.381,461,43.905
1226,1226,40.867,581.163,483.055,55.349,46.005,352,1,595,487,56.667,46.381,461,43.905
1227,1227,40.900,580.925,483.089,55.326,46.009,347,1,595,487,56.667,46.381,461,43.905
1228,1228,40.933,580.865,483.133,55.320,46.013,348,1,595,487,56.667,46.381,461,43.905
1229,1229,40.967,580.921,483.175,55.326,46.017,352,1,595,487,56.667,46.381,461,43.905
1230,1230,41.000,581.160,483.122,55.349,46.012,355,1,595,487,56.667,46.381,461,43.905
1231,1231,41.033,581.695,482.969,55.399,45.997,345,1,595,487,56.667,46.381,461,43.905
1232,1232,41.067,581.450,483.002,55.376,46.000,351,1,595,487,56.667,46.381,461,43.905
1233,1233,41.100,581.659,482.926,55.396,45.993,351,1,595,487,56.667,46.381,461,43.905
1234,1234,41.133,581.709,482.946,55.401,45.995,353,1,595,487,56.667,46.381,461,43.905
1235,1235,41.167,581.907,482.821,55.420,45.983,351,1,595,487,56.667,46.381,461,43.905
1236,1236,41.200,582.019,482.802,55.430,45.981,349,1,595,487,56.667,46.381,461,43.905
1237,1237,41.233,582.049,482.800,55.433,45.981,347,1,595,487,56.667,46.381,461,43.905
1238,1238,41.267,582.189,482.812,55.447,45.982,352,1,595,487,56.667,46.381,461,43.905
1239,1239,41.300,582.501,482.736,55.476,45.975,356,1,595,487,56.667,46.381,461,43.905
1240,1240,41.333,582.735,482.766,55.499,45.978,360,1,595,487,56.667,46.381,461,43.905
1241,1241,41.367,582.902,482.720,55.514,45.973,353,1,595,487,56.667,46.381,461,43.905
1242,1242,41.400,583.039,482.687,55.528,45.970,353,1,595,487,56.667,46.381,461,43.905
1243,1243,41.433,583.491,482.529,55.571,45.955,357,1,595,487,56.667,46.381,461,43.905
1244,1244,41.467,583.620,482.547,55.583,45.957,353,1,595,487,56.667,46.381,461,43.905
1245,1245,41.500,583.702,482.552,55.591,45.957,353,1,595,487,56.667,46.381,461,43.905
1246,1246,41.533,584.359,482.402,55.653,45.943,350,1,595,487,56.667,46.381,461,43.905
1247,1247,41.567,584.366,482.317,55.654,45.935,350,1,595,487,56.667,46.381,461,43.905
1248,1248,41.600,584.328,482.279,55.650,45.931,344,1,595,487,56.667,46.381,461,43.905
1249,1249,41.633,584.673,482.231,55.683,45.927,339,1,595,487,56.667,46.381,461,43.905
1250,1250,41.667,585.077,482.220,55.722,45.926,342,1,595,487,56.667,46.381,461,43.905
1251,1251,41.700,585.361,482.148,55.749,45.919,334,1,595,487,56.667,46.381,461,43.905
1252,1252,41.733,585.754,482.077,55.786,45.912,334,1,595,487,56.667,46.381,461,43.905
1253,1253,41.767,585.689,482.077,55.780,45.912,332,1,595,487,56.667,46.381,461,43.905
1254,1254,41.800,586.046,481.966,55.814,45.902,327,1,595,487,56.667,46.381,461,43.905
1255,1255,41.833,586.262,481.922,55.835,45.897,323,1,595,487,56.667,46.381,461,43.905
1256,1256,41.867,586.144,481.985,55.823,45.903,324,1,595,487,56.667,46.381,461,43.905
1257,1257,41.900,586.362,481.904,55.844,45.896,318,1,595,487,56.667,46.381,461,43.905
1258,1258,41.933,586.484,482.077,55.856,45.912,326,1,595,487,56.667,46.381,461,43.905
1259,1259,41.967,586.834,482.101,55.889,45.914,337,1,595,487,56.667,46.381,461,43.905
1260,1260,42.000,586.699,481.941,55.876,45.899,318,1,595,487,56.667,46.381,461,43.905
1261,1261,42.033,587.273,481.872,55.931,45.893,327,1,595,487,56.667,46.381,461,43.905
1262,1262,42.067,586.709,482.023,55.877,45.907,330,1,595,487,56.667,46.381,461,43.905
1263,1263,42.100,586.719,482.003,55.878,45.905,330,1,595,487,56.667,46.381,461,43.905
1264,1264,42.133,586.740,481.951,55.880,45.900,329,1,595,487,56.667,46.381,461,43.905
1265,1265,42.167,587.026,481.919,55.907,45.897,327,1,595,487,56.667,46.381,461,43.905
1266,1266,42.200,587.026,481.919,55.907,45.897,327,1,595,487,56.667,46.381,461,43.905
1267,1267,42.233,587.026,481.919,55.907,45.897,327,1,595,487,56.667,46.381,461,43.905
1268,1268,42.267,587.075,481.865,55.912,45.892,323,1,595,487,56.667,46.381,461,43.905
1269,1269,42.300,587.075,481.863,55.912,45.892,323,1,595,487,56.667,46.381,461,43.905
1270,1270,42.333,587.229,481.861,55.927,45.892,319,1,595,487,56.667,46.381,461,43.905
1271,1271,42.367,587.145,482.009,55.919,45.906,325,1,595,487,56.667,46.381,461,43.905
1272,1272,42.400,587.183,481.992,55.922,45.904,325,1,595,487,56.667,46.381,461,43.905
1273,1273,42.433,587.160,481.983,55.920,45.903,318,1,595,487,56.667,46.381,461,43.905
1274,1274,42.467,587.049,482.008,55.909,45.906,318,1,595,487,56.667,46.381,461,43.905
1275,1275,42.500,587.159,482.011,55.920,45.906,316,1,595,487,56.667,46.381,461,43.905
1276,1276,42.533,587.202,481.977,55.924,45.903,317,1,595,487,56.667,46.381,461,43.905
1277,1277,42.567,587.185,482.057,55.922,45.910,319,1,595,487,56.667,46.381,461,43.905
1278,1278,42.600,587.086,482.052,55.913,45.910,318,1,595,487,56.667,46.381,461,43.905
1279,1279,42.633,586.842,482.225,55.890,45.926,314,1,595,487,56.667,46.381,461,43.905
1280,1280,42.667,586.479,482.471,55.855,45.950,318,1,595,487,56.667,46.381,461,43.905
1281,1281,42.700,586.462,482.603,55.854,45.962,326,1,595,487,56.667,46.381,461,43.905
1282,1282,42.733,586.392,482.656,55.847,45.967,321,1,595,487,56.667,46.381,461,43.905
1283,1283,42.767,586.275,482.827,55.836,45.984,322,1,595,487,56.667,46.381,461,43.905
1284,1284,42.800,586.152,482.913,55.824,45.992,318,1,595,487,56.667,46.381,461,43.905
1285,1285,42.833,585.839,482.977,55.794,45.998,316,1,595,487,56.667,46.381,461,43.905
1286,1286,42.867,585.754,483.061,55.786,46.006,305,1,595,487,56.667,46.381,461,43.905
1287,1287,42.900,585.868,483.069,55.797,46.007,310,1,595,487,56.667,46.381,461,43.905
1288,1288,42.933,585.467,483.382,55.759,46.036,303,1,595,487,56.667,46.381,461,43.905
1289,1289,42.967,585.283,483.713,55.741,46.068,294,1,595,487,56.667,46.381,461,43.905
1290,1290,43.000,584.958,483.803,55.710,46.076,289,1,595,487,56.667,46.381,461,43.905
1291,1291,43.033,585.119,483.873,55.726,46.083,290,1,595,487,56.667,46.381,461,43.905
1292,1292,43.067,584.961,484.144,55.711,46.109,289,1,595,487,56.667,46.381,461,43.905
1293,1293,43.100,585.204,483.988,55.734,46.094,289,1,595,487,56.667,46.381,461,43.905
1294,1294,43.133,585.333,483.832,55.746,46.079,289,1,595,487,56.667,46.381,461,43.905
1295,1295,43.167,585.434,483.753,55.756,46.072,292,1,595,487,56.667,46.381,461,43.905
1296,1296,43.200,585.241,483.781,55.737,46.074,288,1,595,487,56.667,46.381,461,43.905
1297,1297,43.233,585.256,483.733,55.739,46.070,289,1,595,487,56.667,46.381,461,43.905
1298,1298,43.267,585.493,483.415,55.761,46.040,279,1,595,487,56.667,46.381,461,43.905
1299,1299,43.300,585.418,483.404,55.754,46.038,282,1,595,487,56.667,46.381,461,43.905
1300,1300,43.333,585.514,483.379,55.763,46.036,283,1,595,487,56.667,46.381,461,43.905
1301,1301,43.367,585.598,483.465,55.771,46.044,282,1,595,487,56.667,46.381,461,43.905
1302,1302,43.400,585.506,483.515,55.762,46.049,284,1,595,487,56.667,46.381,461,43.905
1303,1303,43.433,585.656,483.399,55.777,46.038,281,1,595,487,56.667,46.381,461,43.905
1304,1304,43.467,585.688,483.398,55.780,46.038,279,1,595,487,56.667,46.381,461,43.905
1305,1305,43.500,585.627,483.469,55.774,46.045,281,1,595,487,56.667,46.381,461,43.905
1306,1306,43.533,585.668,483.311,55.778,46.030,276,1,595,487,56.667,46.381,461,43.905
1307,1307,43.567,585.773,483.296,55.788,46.028,278,1,595,487,56.667,46.381,461,43.905
1308,1308,43.600,585.668,483.298,55.778,46.028,281,1,595,487,56.667,46.381,461,43.905
1309,1309,43.633,585.479,483.265,55.760,46.025,281,1,595,487,56.667,46.381,461,43.905
1310,1310,43.667,585.496,483.319,55.762,46.030,284,1,595,487,56.667,46.381,461,43.905
1311,1311,43.700,585.496,483.353,55.762,46.034,276,1,595,487,56.667,46.381,461,43.905
1312,1312,43.733,585.549,483.331,55.767,46.031,277,1,595,487,56.667,46.381,461,43.905
1313,1313,43.767,585.323,483.529,55.745,46.050,291,1,595,487,56.667,46.381,461,43.905
1314,1314,43.800,585.254,483.461,55.738,46.044,287,1,595,487,56.667,46.381,461,43.905
1315,1315,43.833,585.259,483.482,55.739,46.046,295,1,595,487,56.667,46.381,461,43.905
1316,1316,43.867,584.700,483.909,55.686,46.087,294,1,595,487,56.667,46.381,461,43.905
1317,1317,43.900,584.500,484.081,55.667,46.103,303,1,595,487,56.667,46.381,461,43.905
1318,1318,43.933,584.092,484.367,55.628,46.130,301,1,595,487,56.667,46.381,461,43.905
1319,1319,43.967,583.942,484.561,55.613,46.149,310,1,595,487,56.667,46.381,461,43.905
1320,1320,44.000,584.023,484.579,55.621,46.150,310,1,595,487,56.667,46.381,461,43.905
1321,1321,44.033,583.193,485.293,55.542,46.218,301,1,595,487,56.667,46.381,461,43.905
1322,1322,44.067,582.900,485.539,55.514,46.242,306,1,595,487,56.667,46.381,461,43.905
1323,1323,44.100,582.616,485.739,55.487,46.261,308,1,595,487,56.667,46.381,461,43.905
1324,1324,44.133,582.515,486.020,55.478,46.288,310,1,595,487,56.667,46.381,461,43.905
1325,1325,44.167,581.989,486.434,55.427,46.327,310,1,595,487,56.667,46.381,461,43.905
1326,1326,44.200,582.023,486.465,55.431,46.330,316,1,595,487,56.667,46.381,461,43.905
1327,1327,44.233,581.810,486.627,55.410,46.345,314,1,595,487,56.667,46.381,461,43.905
1328,1328,44.267,581.428,486.920,55.374,46.373,310,1,595,487,56.667,46.381,461,43.905
1329,1329,44.300,581.075,487.426,55.340,46.422,314,1,595,487,56.667,46.381,461,43.905
1330,1330,44.333,581.002,487.481,55.333,46.427,317,1,595,487,56.667,46.381,461,43.905
1331,1331,44.367,580.966,487.538,55.330,46.432,312,1,595,487,56.667,46.381,461,43.905
1332,1332,44.400,580.796,487.613,55.314,46.439,311,1,595,487,56.667,46.381,461,43.905
1333,1333,44.433,580.946,487.583,55.328,46.437,321,1,595,487,56.667,46.381,461,43.905
1334,1334,44.467,580.472,487.913,55.283,46.468,313,1,595,487,56.667,46.381,461,43.905
1335,1335,44.500,580.449,487.957,55.281,46.472,312,1,595,487,56.667,46.381,461,43.905
1336,1336,44.533,580.592,487.876,55.294,46.464,310,1,595,487,56.667,46.381,461,43.905
1337,1337,44.567,580.694,487.746,55.304,46.452,306,1,595,487,56.667,46.381,461,43.905
1338,1338,44.600,580.694,487.806,55.304,46.458,308,1,595,487,56.667,46.381,461,43.905
1339,1339,44.633,580.591,487.879,55.294,46.465,310,1,595,487,56.667,46.381,461,43.905
1340,1340,44.667,580.773,487.731,55.312,46.451,312,1,595,487,56.667,46.381,461,43.905
1341,1341,44.700,580.774,487.748,55.312,46.452,313,1,595,487,56.667,46.381,461,43.905
1342,1342,44.733,580.755,487.753,55.310,46.453,311,1,595,487,56.667,46.381,461,43.905
1343,1343,44.767,580.831,487.606,55.317,46.439,306,1,595,487,56.667,46.381,461,43.905
1344,1344,44.800,580.795,487.916,55.314,46.468,314,1,595,487,56.667,46.381,461,43.905
1345,1345,44.833,580.610,488.048,55.296,46.481,323,1,595,487,56.667,46.381,461,43.905
1346,1346,44.867,580.886,487.724,55.322,46.450,320,1,595,487,56.667,46.381,461,43.905
1347,1347,44.900,580.684,487.981,55.303,46.474,320,1,595,487,56.667,46.381,461,43.905
1348,1348,44.933,580.545,488.082,55.290,46.484,322,1,595,487,56.667,46.381,461,43.905
1349,1349,44.967,580.862,488.002,55.320,46.476,323,1,595,487,56.667,46.381,461,43.905
1350,1350,45.000,580.805,487.975,55.315,46.474,327,1,595,487,56.667,46.381,461,43.905
1351,1351,45.033,580.883,487.893,55.322,46.466,321,1,595,487,56.667,46.381,461,43.905
1352,1352,45.067,580.964,487.784,55.330,46.456,321,1,595,487,56.667,46.381,461,43.905
1353,1353,45.100,581.114,487.614,55.344,46.439,322,1,595,487,56.667,46.381,461,43.905
1354,1354,45.133,581.249,487.371,55.357,46.416,311,1,595,487,56.667,46.381,461,43.905
1355,1355,45.167,581.382,487.261,55.370,46.406,312,1,595,487,56.667,46.381,461,43.905
1356,1356,45.200,581.958,486.661,55.425,46.349,309,1,595,487,56.667,46.381,461,43.905
1357,1357,45.233,581.999,486.648,55.428,46.347,307,1,595,487,56.667,46.381,461,43.905
1358,1358,45.267,582.234,486.355,55.451,46.319,300,1,595,487,56.667,46.381,461,43.905
1359,1359,45.300,582.923,485.914,55.516,46.278,305,1,595,487,56.667,46.381,461,43.905
1360,1360,45.333,583.322,485.540,55.554,46.242,294,1,595,487,56.667,46.381,461,43.905
1361,1361,45.367,583.869,484.973,55.607,46.188,285,1,595,487,56.667,46.381,461,43.905
1362,1362,45.400,583.814,484.990,55.601,46.190,281,1,595,487,56.667,46.381,461,43.905
1363,1363,45.433,NaN,NaN,NaN,NaN,NaN,0,595,487,56.667,46.381,461,43.905
1364,1364,45.467,NaN,NaN,NaN,NaN,NaN,0,595,487,56.667,46.381,461,43.905
1365,1365,45.500,NaN,NaN,NaN,NaN,NaN,0,595,487,56.667,46.381,461,43.905
1366,1366,45.533,NaN,NaN,NaN,NaN,NaN,0,595,487,56.667,46.381,461,43.905
1367,1367,45.567,NaN,NaN,NaN,NaN,NaN,0,595,487,56.667,46.381,461,43.905
1368,1368,45.600,NaN,NaN,NaN,NaN,NaN,0,595,487,56.667,46.381,461,43.905
1369,1369,45.633,NaN,NaN,NaN,NaN,NaN,0,595,487,56.667,46.381,461,43.905
1370,1370,45.667,NaN,NaN,NaN,NaN,NaN,0,595,487,56.667,46.381,461,43.905
1371,1371,45.700,NaN,NaN,NaN,NaN,NaN,0,595,487,56.667,46.381,461,43.905
1372,1372,45.733,586.247,483.455,55.833,46.043,275,1,595,487,56.667,46.381,461,43.905
1373,1373,45.767,586.120,483.641,55.821,46.061,276,1,595,487,56.667,46.381,461,43.905
1374,1374,45.800,586.194,483.809,55.828,46.077,285,1,595,487,56.667,46.381,461,43.905
1375,1375,45.833,586.382,483.930,55.846,46.089,285,1,595,487,56.667,46.381,461,43.905
1376,1376,45.867,586.381,484.011,55.846,46.096,288,1,595,487,56.667,46.381,461,43.905
1377,1377,45.900,586.523,484.341,55.859,46.128,297,1,595,487,56.667,46.381,461,43.905
1378,1378,45.933,586.319,484.538,55.840,46.146,290,1,595,487,56.667,46.381,461,43.905
1379,1379,45.967,586.369,484.604,55.845,46.153,293,1,595,487,56.667,46.381,461,43.905
1380,1380,46.000,586.383,484.649,55.846,46.157,298,1,595,487,56.667,46.381,461,43.905
1381,1381,46.033,586.648,484.651,55.871,46.157,294,1,595,487,56.667,46.381,461,43.905
1382,1382,46.067,586.817,484.660,55.887,46.158,293,1,595,487,56.667,46.381,461,43.905
1383,1383,46.100,586.783,484.698,55.884,46.162,290,1,595,487,56.667,46.381,461,43.905
1384,1384,46.133,586.800,484.783,55.886,46.170,289,1,595,487,56.667,46.381,461,43.905
1385,1385,46.167,587.063,484.608,55.911,46.153,305,1,595,487,56.667,46.381,461,43.905
1386,1386,46.200,587.128,484.464,55.917,46.139,297,1,595,487,56.667,46.381,461,43.905
1387,1387,46.233,587.216,484.557,55.925,46.148,298,1,595,487,56.667,46.381,461,43.905
1388,1388,46.267,587.196,484.707,55.923,46.163,301,1,595,487,56.667,46.381,461,43.905
1389,1389,46.300,587.316,484.444,55.935,46.138,277,1,595,487,56.667,46.381,461,43.905
1390,1390,46.333,587.394,484.345,55.942,46.128,274,1,595,487,56.667,46.381,461,43.905
1391,1391,46.367,NaN,NaN,NaN,NaN,NaN,0,595,487,56.667,46.381,461,43.905
1392,1392,46.400,587.431,484.643,55.946,46.156,275,1,595,487,56.667,46.381,461,43.905
1393,1393,46.433,587.386,484.647,55.941,46.157,277,1,595,487,56.667,46.381,461,43.905
1394,1394,46.467,NaN,NaN,NaN,NaN,NaN,0,595,487,56.667,46.381,461,43.905
1395,1395,46.500,587.617,485.023,55.964,46.193,285,1,595,487,56.667,46.381,461,43.905
1396,1396,46.533,587.629,485.018,55.965,46.192,282,1,595,487,56.667,46.381,461,43.905
1397,1397,46.567,587.534,485.131,55.956,46.203,287,1,595,487,56.667,46.381,461,43.905
1398,1398,46.600,587.598,485.501,55.962,46.238,291,1,595,487,56.667,46.381,461,43.905
1399,1399,46.633,587.625,485.759,55.964,46.263,304,1,595,487,56.667,46.381,461,43.905
1400,1400,46.667,587.608,486.041,55.963,46.290,318,1,595,487,56.667,46.381,461,43.905
1401,1401,46.700,587.483,486.188,55.951,46.304,321,1,595,487,56.667,46.381,461,43.905
1402,1402,46.733,587.262,486.409,55.930,46.325,327,1,595,487,56.667,46.381,461,43.905
1403,1403,46.767,587.370,486.393,55.940,46.323,324,1,595,487,56.667,46.381,461,43.905
1404,1404,46.800,587.374,486.589,55.940,46.342,330,1,595,487,56.667,46.381,461,43.905
1405,1405,46.833,587.358,486.519,55.939,46.335,330,1,595,487,56.667,46.381,461,43.905
1406,1406,46.867,587.477,486.364,55.950,46.320,332,1,595,487,56.667,46.381,461,43.905
1407,1407,46.900,587.331,486.364,55.936,46.320,328,1,595,487,56.667,46.381,461,43.905
1408,1408,46.933,587.279,486.425,55.931,46.326,325,1,595,487,56.667,46.381,461,43.905
1409,1409,46.967,587.394,486.415,55.942,46.325,334,1,595,487,56.667,46.381,461,43.905
1410,1410,47.000,587.485,486.035,55.951,46.289,327,1,595,487,56.667,46.381,461,43.905
1411,1411,47.033,587.401,486.113,55.943,46.296,328,1,595,487,56.667,46.381,461,43.905
1412,1412,47.067,587.348,486.220,55.938,46.307,331,1,595,487,56.667,46.381,461,43.905
1413,1413,47.100,587.604,485.931,55.962,46.279,321,1,595,487,56.667,46.381,461,43.905
1414,1414,47.133,587.577,485.916,55.960,46.278,314,1,595,487,56.667,46.381,461,43.905
1415,1415,47.167,587.578,485.915,55.960,46.278,314,1,595,487,56.667,46.381,461,43.905
1416,1416,47.200,587.487,485.995,55.951,46.285,328,1,595,487,56.667,46.381,461,43.905
1417,1417,47.233,587.496,485.966,55.952,46.283,328,1,595,487,56.667,46.381,461,43.905
1418,1418,47.267,587.593,485.898,55.961,46.276,316,1,595,487,56.667,46.381,461,43.905
1419,1419,47.300,587.625,485.944,55.964,46.280,307,1,595,487,56.667,46.381,461,43.905
1420,1420,47.333,587.433,486.018,55.946,46.287,318,1,595,487,56.667,46.381,461,43.905
1421,1421,47.367,587.386,485.984,55.942,46.284,309,1,595,487,56.667,46.381,461,43.905
1422,1422,47.400,587.526,485.984,55.955,46.284,306,1,595,487,56.667,46.381,461,43.905
1423,1423,47.433,587.586,486.032,55.961,46.289,295,1,595,487,56.667,46.381,461,43.905
1424,1424,47.467,587.600,485.916,55.962,46.278,293,1,595,487,56.667,46.381,461,43.905
1425,1425,47.500,587.444,486.023,55.947,46.288,285,1,595,487,56.667,46.381,461,43.905
1426,1426,47.533,587.462,486.057,55.949,46.291,283,1,595,487,56.667,46.381,461,43.905
1427,1427,47.567,587.450,486.090,55.948,46.294,288,1,595,487,56.667,46.381,461,43.905
1428,1428,47.600,587.366,486.175,55.940,46.302,285,1,595,487,56.667,46.381,461,43.905
1429,1429,47.633,587.499,486.527,55.952,46.336,282,1,595,487,56.667,46.381,461,43.905
1430,1430,47.667,587.505,486.389,55.953,46.323,282,1,595,487,56.667,46.381,461,43.905
1431,1431,47.700,NaN,NaN,NaN,NaN,NaN,0,595,487,56.667,46.381,461,43.905
1432,1432,47.733,NaN,NaN,NaN,NaN,NaN,0,595,487,56.667,46.381,461,43.905
1433,1433,47.767,NaN,NaN,NaN,NaN,NaN,0,595,487,56.667,46.381,461,43.905
1434,1434,47.800,NaN,NaN,NaN,NaN,NaN,0,595,487,56.667,46.381,461,43.905
1435,1435,47.833,NaN,NaN,NaN,NaN,NaN,0,595,487,56.667,46.381,461,43.905
1436,1436,47.867,NaN,NaN,NaN,NaN,NaN,0,595,487,56.667,46.381,461,43.905
1437,1437,47.900,NaN,NaN,NaN,NaN,NaN,0,595,487,56.667,46.381,461,43.905
1438,1438,47.933,NaN,NaN,NaN,NaN,NaN,0,595,487,56.667,46.381,461,43.905
1439,1439,47.967,NaN,NaN,NaN,NaN,NaN,0,595,487,56.667,46.381,461,43.905
1440,1440,48.000,NaN,NaN,NaN,NaN,NaN,0,595,487,56.667,46.381,461,43.905
1441,1441,48.033,NaN,NaN,NaN,NaN,NaN,0,595,487,56.667,46.381,461,43.905
1442,1442,48.067,NaN,NaN,NaN,NaN,NaN,0,595,487,56.667,46.381,461,43.905
1443,1443,48.100,NaN,NaN,NaN,NaN,NaN,0,595,487,56.667,46.381,461,43.905
1444,1444,48.133,NaN,NaN,NaN,NaN,NaN,0,595,487,56.667,46.381,461,43.905
1445,1445,48.167,NaN,NaN,NaN,NaN,NaN,0,595,487,56.667,46.381,461,43.905
1446,1446,48.200,587.770,486.773,55.978,46.359,274,1,595,487,56.667,46.381,461,43.905
1447,1447,48.233,587.659,486.833,55.968,46.365,274,1,595,487,56.667,46.381,461,43.905
1448,1448,48.267,587.534,487.162,55.956,46.396,274,1,595,487,56.667,46.381,461,43.905
1449,1449,48.300,NaN,NaN,NaN,NaN,NaN,0,595,487,56.667,46.381,461,43.905
1450,1450,48.333,NaN,NaN,NaN,NaN,NaN,0,595,487,56.667,46.381,461,43.905
1451,1451,48.367,NaN,NaN,NaN,NaN,NaN,0,595,487,56.667,46.381,461,43.905
1452,1452,48.400,587.403,488.840,55.943,46.556,275,1,595,487,56.667,46.381,461,43.905
1453,1453,48.433,587.430,489.192,55.946,46.590,275,1,595,487,56.667,46.381,461,43.905
1454,1454,48.467,587.511,489.374,55.953,46.607,285,1,595,487,56.667,46.381,461,43.905
1455,1455,48.500,587.372,489.793,55.940,46.647,274,1,595,487,56.667,46.381,461,43.905
1456,1456,48.533,587.425,490.621,55.945,46.726,277,1,595,487,56.667,46.381,461,43.905
1457,1457,48.567,NaN,NaN,NaN,NaN,NaN,0,595,487,56.667,46.381,461,43.905
1458,1458,48.600,587.227,491.186,55.926,46.780,274,1,595,487,56.667,46.381,461,43.905
1459,1459,48.633,587.163,491.260,55.920,46.787,275,1,595,487,56.667,46.381,461,43.905
1460,1460,48.667,NaN,NaN,NaN,NaN,NaN,0,595,487,56.667,46.381,461,43.905
1461,1461,48.700,NaN,NaN,NaN,NaN,NaN,0,595,487,56.667,46.381,461,43.905
1462,1462,48.733,NaN,NaN,NaN,NaN,NaN,0,595,487,56.667,46.381,461,43.905
1463,1463,48.767,NaN,NaN,NaN,NaN,NaN,0,595,487,56.667,46.381,461,43.905
1464,1464,48.800,NaN,NaN,NaN,NaN,NaN,0,595,487,56.667,46.381,461,43.905
1465,1465,48.833,NaN,NaN,NaN,NaN,NaN,0,595,487,56.667,46.381,461,43.905
1466,1466,48.867,NaN,NaN,NaN,NaN,NaN,0,595,487,56.667,46.381,461,43.905
1467,1467,48.900,NaN,NaN,NaN,NaN,NaN,0,595,487,56.667,46.381,461,43.905
1468,1468,48.933,586.986,491.832,55.903,46.841,278,1,595,487,56.667,46.381,461,43.905
1469,1469,48.967,587.124,491.630,55.917,46.822,280,1,595,487,56.667,46.381,461,43.905
1470,1470,49.000,587.106,491.705,55.915,46.829,280,1,595,487,56.667,46.381,461,43.905
1471,1471,49.033,587.059,491.817,55.910,46.840,280,1,595,487,56.667,46.381,461,43.905
1472,1472,49.067,NaN,NaN,NaN,NaN,NaN,0,595,487,56.667,46.381,461,43.905
1473,1473,49.100,586.883,491.819,55.894,46.840,285,1,595,487,56.667,46.381,461,43.905
1474,1474,49.133,586.875,491.892,55.893,46.847,285,1,595,487,56.667,46.381,461,43.905
1475,1475,49.167,586.702,491.954,55.876,46.853,279,1,595,487,56.667,46.381,461,43.905
1476,1476,49.200,586.745,492.096,55.880,46.866,279,1,595,487,56.667,46.381,461,43.905
1477,1477,49.233,586.670,491.844,55.873,46.842,277,1,595,487,56.667,46.381,461,43.905
1478,1478,49.267,586.689,491.928,55.875,46.850,284,1,595,487,56.667,46.381,461,43.905
1479,1479,49.300,586.653,491.959,55.872,46.853,283,1,595,487,56.667,46.381,461,43.905
1480,1480,49.333,586.613,491.841,55.868,46.842,286,1,595,487,56.667,46.381,461,43.905
1481,1481,49.367,586.618,491.977,55.868,46.855,280,1,595,487,56.667,46.381,461,43.905
1482,1482,49.400,586.601,492.054,55.867,46.862,286,1,595,487,56.667,46.381,461,43.905
1483,1483,49.433,NaN,NaN,NaN,NaN,NaN,0,595,487,56.667,46.381,461,43.905
1484,1484,49.467,NaN,NaN,NaN,NaN,NaN,0,595,487,56.667,46.381,461,43.905
1485,1485,49.500,NaN,NaN,NaN,NaN,NaN,0,595,487,56.667,46.381,461,43.905
1486,1486,49.533,NaN,NaN,NaN,NaN,NaN,0,595,487,56.667,46.381,461,43.905
1487,1487,49.567,NaN,NaN,NaN,NaN,NaN,0,595,487,56.667,46.381,461,43.905
1488,1488,49.600,NaN,NaN,NaN,NaN,NaN,0,595,487,56.667,46.381,461,43.905
1489,1489,49.633,NaN,NaN,NaN,NaN,NaN,0,595,487,56.667,46.381,461,43.905
1490,1490,49.667,NaN,NaN,NaN,NaN,NaN,0,595,487,56.667,46.381,461,43.905
1491,1491,49.700,NaN,NaN,NaN,NaN,NaN,0,595,487,56.667,46.381,461,43.905
1492,1492,49.733,NaN,NaN,NaN,NaN,NaN,0,595,487,56.667,46.381,461,43.905
1493,1493,49.767,NaN,NaN,NaN,NaN,NaN,0,595,487,56.667,46.381,461,43.905
1494,1494,49.800,NaN,NaN,NaN,NaN,NaN,0,595,487,56.667,46.381,461,43.905
1495,1495,49.833,NaN,NaN,NaN,NaN,NaN,0,595,487,56.667,46.381,461,43.905
1496,1496,49.867,NaN,NaN,NaN,NaN,NaN,0,595,487,56.667,46.381,461,43.905
1497,1497,49.900,NaN,NaN,NaN,NaN,NaN,0,595,487,56.667,46.381,461,43.905
1498,1498,49.933,NaN,NaN,NaN,NaN,NaN,0,595,487,56.667,46.381,461,43.905
1499,1499,49.967,NaN,NaN,NaN,NaN,NaN,0,595,487,56.667,46.381,461,43.905
1500,1500,50.000,NaN,NaN,NaN,NaN,NaN,0,595,487,56.667,46.381,461,43.905
1501,1501,50.033,NaN,NaN,NaN,NaN,NaN,0,595,487,56.667,46.381,461,43.905
1502,1502,50.067,NaN,NaN,NaN,NaN,NaN,0,595,487,56.667,46.381,461,43.905
1503,1503,50.100,NaN,NaN,NaN,NaN,NaN,0,595,487,56.667,46.381,461,43.905
1504,1504,50.133,NaN,NaN,NaN,NaN,NaN,0,595,487,56.667,46.381,461,43.905
1505,1505,50.167,NaN,NaN,NaN,NaN,NaN,0,595,487,56.667,46.381,461,43.905
1506,1506,50.200,586.390,496.810,55.847,47.315,280,1,595,487,56.667,46.381,461,43.905
1507,1507,50.233,586.392,497.003,55.847,47.334,279,1,595,487,56.667,46.381,461,43.905
1508,1508,50.267,586.446,497.256,55.852,47.358,278,1,595,487,56.667,46.381,461,43.905
1509,1509,50.300,586.588,498.337,55.866,47.461,285,1,595,487,56.667,46.381,461,43.905
1510,1510,50.333,586.549,498.650,55.862,47.491,279,1,595,487,56.667,46.381,461,43.905
1511,1511,50.367,586.553,498.826,55.862,47.507,278,1,595,487,56.667,46.381,461,43.905
1512,1512,50.400,586.501,499.056,55.857,47.529,284,1,595,487,56.667,46.381,461,43.905
1513,1513,50.433,586.549,499.168,55.862,47.540,282,1,595,487,56.667,46.381,461,43.905
1514,1514,50.467,586.485,499.322,55.856,47.554,280,1,595,487,56.667,46.381,461,43.905
1515,1515,50.500,586.568,499.266,55.864,47.549,283,1,595,487,56.667,46.381,461,43.905
1516,1516,50.533,586.591,499.252,55.866,47.548,285,1,595,487,56.667,46.381,461,43.905
1517,1517,50.567,586.692,499.322,55.875,47.554,282,1,595,487,56.667,46.381,461,43.905
1518,1518,50.600,586.625,499.364,55.869,47.559,280,1,595,487,56.667,46.381,461,43.905
1519,1519,50.633,586.608,499.402,55.867,47.562,279,1,595,487,56.667,46.381,461,43.905
1520,1520,50.667,586.606,499.366,55.867,47.559,279,1,595,487,56.667,46.381,461,43.905
1521,1521,50.700,586.591,498.942,55.866,47.518,285,1,595,487,56.667,46.381,461,43.905
1522,1522,50.733,586.651,499.150,55.872,47.538,278,1,595,487,56.667,46.381,461,43.905
1523,1523,50.767,586.651,499.054,55.872,47.529,274,1,595,487,56.667,46.381,461,43.905
1524,1524,50.800,586.651,499.056,55.872,47.529,274,1,595,487,56.667,46.381,461,43.905
1525,1525,50.833,586.667,499.001,55.873,47.524,277,1,595,487,56.667,46.381,461,43.905
1526,1526,50.867,586.617,498.990,55.868,47.523,277,1,595,487,56.667,46.381,461,43.905
1527,1527,50.900,NaN,NaN,NaN,NaN,NaN,0,595,487,56.667,46.381,461,43.905
1528,1528,50.933,NaN,NaN,NaN,NaN,NaN,0,595,487,56.667,46.381,461,43.905
1529,1529,50.967,NaN,NaN,NaN,NaN,NaN,0,595,487,56.667,46.381,461,43.905
1530,1530,51.000,NaN,NaN,NaN,NaN,NaN,0,595,487,56.667,46.381,461,43.905
1531,1531,51.033,NaN,NaN,NaN,NaN,NaN,0,595,487,56.667,46.381,461,43.905
1532,1532,51.067,NaN,NaN,NaN,NaN,NaN,0,595,487,56.667,46.381,461,43.905
1533,1533,51.100,NaN,NaN,NaN,NaN,NaN,0,595,487,56.667,46.381,461,43.905
1534,1534,51.133,NaN,NaN,NaN,NaN,NaN,0,595,487,56.667,46.381,461,43.905
1535,1535,51.167,NaN,NaN,NaN,NaN,NaN,0,595,487,56.667,46.381,461,43.905
1536,1536,51.200,NaN,NaN,NaN,NaN,NaN,0,595,487,56.667,46.381,461,43.905
1537,1537,51.233,NaN,NaN,NaN,NaN,NaN,0,595,487,56.667,46.381,461,43.905
1538,1538,51.267,NaN,NaN,NaN,NaN,NaN,0,595,487,56.667,46.381,461,43.905
1539,1539,51.300,NaN,NaN,NaN,NaN,NaN,0,595,487,56.667,46.381,461,43.905
1540,1540,51.333,NaN,NaN,NaN,NaN,NaN,0,595,487,56.667,46.381,461,43.905
1541,1541,51.367,NaN,NaN,NaN,NaN,NaN,0,595,487,56.667,46.381,461,43.905
1542,1542,51.400,NaN,NaN,NaN,NaN,NaN,0,595,487,56.667,46.381,461,43.905
1543,1543,51.433,NaN,NaN,NaN,NaN,NaN,0,595,487,56.667,46.381,461,43.905
1544,1544,51.467,NaN,NaN,NaN,NaN,NaN,0,595,487,56.667,46.381,461,43.905
1545,1545,51.500,NaN,NaN,NaN,NaN,NaN,0,595,487,56.667,46.381,461,43.905
1546,1546,51.533,NaN,NaN,NaN,NaN,NaN,0,595,487,56.667,46.381,461,43.905
1547,1547,51.567,NaN,NaN,NaN,NaN,NaN,0,595,487,56.667,46.381,461,43.905
1548,1548,51.600,NaN,NaN,NaN,NaN,NaN,0,595,487,56.667,46.381,461,43.905
1549,1549,51.633,586.407,499.689,55.848,47.589,280,1,595,487,56.667,46.381,461,43.905
1550,1550,51.667,586.313,499.408,55.839,47.563,290,1,595,487,56.667,46.381,461,43.905
1551,1551,51.700,586.443,499.618,55.852,47.583,299,1,595,487,56.667,46.381,461,43.905
1552,1552,51.733,586.371,499.727,55.845,47.593,304,1,595,487,56.667,46.381,461,43.905
1553,1553,51.767,586.315,499.683,55.840,47.589,299,1,595,487,56.667,46.381,461,43.905
1554,1554,51.800,586.275,499.581,55.836,47.579,295,1,595,487,56.667,46.381,461,43.905
1555,1555,51.833,586.251,499.565,55.833,47.578,298,1,595,487,56.667,46.381,461,43.905
1556,1556,51.867,586.342,499.243,55.842,47.547,304,1,595,487,56.667,46.381,461,43.905
1557,1557,51.900,586.482,498.888,55.855,47.513,306,1,595,487,56.667,46.381,461,43.905
1558,1558,51.933,586.560,499.010,55.863,47.525,304,1,595,487,56.667,46.381,461,43.905
1559,1559,51.967,586.595,498.840,55.866,47.509,301,1,595,487,56.667,46.381,461,43.905
1560,1560,52.000,586.519,498.954,55.859,47.519,309,1,595,487,56.667,46.381,461,43.905
1561,1561,52.033,586.408,498.681,55.848,47.493,295,1,595,487,56.667,46.381,461,43.905
1562,1562,52.067,586.646,498.913,55.871,47.516,296,1,595,487,56.667,46.381,461,43.905
1563,1563,52.100,586.674,498.693,55.874,47.495,296,1,595,487,56.667,46.381,461,43.905
1564,1564,52.133,586.610,498.624,55.868,47.488,303,1,595,487,56.667,46.381,461,43.905
1565,1565,52.167,586.632,498.268,55.870,47.454,295,1,595,487,56.667,46.381,461,43.905
1566,1566,52.200,586.667,498.517,55.873,47.478,304,1,595,487,56.667,46.381,461,43.905
1567,1567,52.233,586.570,498.338,55.864,47.461,301,1,595,487,56.667,46.381,461,43.905
1568,1568,52.267,586.681,498.236,55.874,47.451,301,1,595,487,56.667,46.381,461,43.905
1569,1569,52.300,586.705,498.190,55.877,47.447,301,1,595,487,56.667,46.381,461,43.905
1570,1570,52.333,587.096,498.222,55.914,47.450,316,1,595,487,56.667,46.381,461,43.905
1571,1571,52.367,586.895,498.013,55.895,47.430,310,1,595,487,56.667,46.381,461,43.905
1572,1572,52.400,586.957,498.070,55.901,47.435,307,1,595,487,56.667,46.381,461,43.905
1573,1573,52.433,587.237,498.310,55.927,47.458,317,1,595,487,56.667,46.381,461,43.905
1574,1574,52.467,587.267,498.297,55.930,47.457,314,1,595,487,56.667,46.381,461,43.905
1575,1575,52.500,587.438,498.561,55.946,47.482,321,1,595,487,56.667,46.381,461,43.905
1576,1576,52.533,587.521,498.518,55.954,47.478,320,1,595,487,56.667,46.381,461,43.905
1577,1577,52.567,587.700,498.571,55.971,47.483,326,1,595,487,56.667,46.381,461,43.905
1578,1578,52.600,587.725,498.553,55.974,47.481,327,1,595,487,56.667,46.381,461,43.905
1579,1579,52.633,587.889,498.548,55.989,47.481,331,1,595,487,56.667,46.381,461,43.905
1580,1580,52.667,587.998,498.430,56.000,47.469,327,1,595,487,56.667,46.381,461,43.905
1581,1581,52.700,588.242,498.311,56.023,47.458,325,1,595,487,56.667,46.381,461,43.905
1582,1582,52.733,588.247,498.289,56.024,47.456,321,1,595,487,56.667,46.381,461,43.905
1583,1583,52.767,588.341,498.391,56.032,47.466,325,1,595,487,56.667,46.381,461,43.905
1584,1584,52.800,588.390,498.404,56.037,47.467,323,1,595,487,56.667,46.381,461,43.905
1585,1585,52.833,588.519,498.445,56.049,47.471,326,1,595,487,56.667,46.381,461,43.905
1586,1586,52.867,588.900,498.794,56.086,47.504,335,1,595,487,56.667,46.381,461,43.905
1587,1587,52.900,589.036,498.953,56.099,47.519,328,1,595,487,56.667,46.381,461,43.905
1588,1588,52.933,589.259,498.983,56.120,47.522,328,1,595,487,56.667,46.381,461,43.905
1589,1589,52.967,589.393,499.254,56.133,47.548,326,1,595,487,56.667,46.381,461,43.905
1590,1590,53.000,589.799,499.706,56.171,47.591,330,1,595,487,56.667,46.381,461,43.905
1591,1591,53.033,590.004,499.977,56.191,47.617,324,1,595,487,56.667,46.381,461,43.905
1592,1592,53.067,590.070,500.017,56.197,47.621,322,1,595,487,56.667,46.381,461,43.905
1593,1593,53.100,590.111,500.002,56.201,47.619,320,1,595,487,56.667,46.381,461,43.905
1594,1594,53.133,590.615,500.373,56.249,47.655,328,1,595,487,56.667,46.381,461,43.905
1595,1595,53.167,590.191,500.168,56.209,47.635,311,1,595,487,56.667,46.381,461,43.905
1596,1596,53.200,590.419,500.498,56.230,47.667,292,1,595,487,56.667,46.381,461,43.905
1597,1597,53.233,590.247,500.258,56.214,47.644,293,1,595,487,56.667,46.381,461,43.905
1598,1598,53.267,590.206,499.958,56.210,47.615,296,1,595,487,56.667,46.381,461,43.905
1599,1599,53.300,590.058,499.718,56.196,47.592,294,1,595,487,56.667,46.381,461,43.905
1600,1600,53.333,589.833,499.605,56.175,47.581,306,1,595,487,56.667,46.381,461,43.905
1601,1601,53.367,589.896,499.572,56.181,47.578,300,1,595,487,56.667,46.381,461,43.905
1602,1602,53.400,589.936,499.598,56.184,47.581,302,1,595,487,56.667,46.381,461,43.905
1603,1603,53.433,589.963,499.682,56.187,47.589,302,1,595,487,56.667,46.381,461,43.905
1604,1604,53.467,590.006,499.776,56.191,47.598,306,1,595,487,56.667,46.381,461,43.905
1605,1605,53.500,589.960,499.756,56.187,47.596,306,1,595,487,56.667,46.381,461,43.905
1606,1606,53.533,589.823,499.691,56.174,47.590,299,1,595,487,56.667,46.381,461,43.905
1607,1607,53.567,589.769,499.624,56.168,47.583,297,1,595,487,56.667,46.381,461,43.905
1608,1608,53.600,590.079,499.781,56.198,47.598,310,1,595,487,56.667,46.381,461,43.905
1609,1609,53.633,589.486,499.091,56.142,47.532,308,1,595,487,56.667,46.381,461,43.905
1610,1610,53.667,589.689,499.471,56.161,47.569,296,1,595,487,56.667,46.381,461,43.905
1611,1611,53.700,589.668,499.504,56.159,47.572,290,1,595,487,56.667,46.381,461,43.905
1612,1612,53.733,589.632,499.408,56.155,47.563,293,1,595,487,56.667,46.381,461,43.905
1613,1613,53.767,589.752,499.500,56.167,47.571,294,1,595,487,56.667,46.381,461,43.905
1614,1614,53.800,590.035,499.628,56.194,47.584,288,1,595,487,56.667,46.381,461,43.905
1615,1615,53.833,589.946,499.576,56.185,47.579,289,1,595,487,56.667,46.381,461,43.905
1616,1616,53.867,589.945,499.545,56.185,47.576,290,1,595,487,56.667,46.381,461,43.905
1617,1617,53.900,589.886,499.605,56.180,47.581,287,1,595,487,56.667,46.381,461,43.905
1618,1618,53.933,590.088,499.803,56.199,47.600,291,1,595,487,56.667,46.381,461,43.905
1619,1619,53.967,590.263,499.896,56.216,47.609,296,1,595,487,56.667,46.381,461,43.905
1620,1620,54.000,590.165,499.868,56.206,47.606,289,1,595,487,56.667,46.381,461,43.905
1621,1621,54.033,590.523,500.205,56.240,47.639,297,1,595,487,56.667,46.381,461,43.905
1622,1622,54.067,590.635,500.106,56.251,47.629,299,1,595,487,56.667,46.381,461,43.905
1623,1623,54.100,590.856,500.255,56.272,47.643,305,1,595,487,56.667,46.381,461,43.905
1624,1624,54.133,590.993,500.441,56.285,47.661,313,1,595,487,56.667,46.381,461,43.905
1625,1625,54.167,590.781,500.417,56.265,47.659,324,1,595,487,56.667,46.381,461,43.905
1626,1626,54.200,591.173,500.717,56.302,47.687,325,1,595,487,56.667,46.381,461,43.905
1627,1627,54.233,591.219,500.850,56.307,47.700,334,1,595,487,56.667,46.381,461,43.905
1628,1628,54.267,591.414,501.065,56.325,47.720,342,1,595,487,56.667,46.381,461,43.905
1629,1629,54.300,591.694,501.172,56.352,47.731,337,1,595,487,56.667,46.381,461,43.905
1630,1630,54.333,591.626,501.360,56.345,47.749,343,1,595,487,56.667,46.381,461,43.905
1631,1631,54.367,591.990,501.568,56.380,47.768,356,1,595,487,56.667,46.381,461,43.905
1632,1632,54.400,591.829,501.556,56.365,47.767,364,1,595,487,56.667,46.381,461,43.905
1633,1633,54.433,592.118,501.573,56.392,47.769,375,1,595,487,56.667,46.381,461,43.905
1634,1634,54.467,592.159,501.626,56.396,47.774,376,1,595,487,56.667,46.381,461,43.905
1635,1635,54.500,592.297,501.753,56.409,47.786,381,1,595,487,56.667,46.381,461,43.905
1636,1636,54.533,592.573,502.143,56.436,47.823,374,1,595,487,56.667,46.381,461,43.905
1637,1637,54.567,592.829,502.380,56.460,47.846,375,1,595,487,56.667,46.381,461,43.905
1638,1638,54.600,593.155,502.529,56.491,47.860,371,1,595,487,56.667,46.381,461,43.905
1639,1639,54.633,593.303,502.596,56.505,47.866,366,1,595,487,56.667,46.381,461,43.905
1640,1640,54.667,593.505,502.693,56.524,47.876,364,1,595,487,56.667,46.381,461,43.905
1641,1641,54.700,593.950,502.903,56.567,47.896,349,1,595,487,56.667,46.381,461,43.905
1642,1642,54.733,593.899,502.855,56.562,47.891,339,1,595,487,56.667,46.381,461,43.905
1643,1643,54.767,594.251,503.042,56.595,47.909,340,1,595,487,56.667,46.381,461,43.905
1644,1644,54.800,594.699,503.463,56.638,47.949,336,1,595,487,56.667,46.381,461,43.905
1645,1645,54.833,594.789,503.584,56.647,47.960,338,1,595,487,56.667,46.381,461,43.905
1646,1646,54.867,594.956,503.716,56.662,47.973,338,1,595,487,56.667,46.381,461,43.905
1647,1647,54.900,594.973,503.791,56.664,47.980,335,1,595,487,56.667,46.381,461,43.905
1648,1648,54.933,595.152,504.051,56.681,48.005,330,1,595,487,56.667,46.381,461,43.905
1649,1649,54.967,595.127,504.047,56.679,48.004,329,1,595,487,56.667,46.381,461,43.905
1650,1650,55.000,595.131,504.016,56.679,48.002,322,1,595,487,56.667,46.381,461,43.905
1651,1651,55.033,595.199,504.104,56.686,48.010,326,1,595,487,56.667,46.381,461,43.905
1652,1652,55.067,594.790,503.967,56.647,47.997,333,1,595,487,56.667,46.381,461,43.905
1653,1653,55.100,594.757,503.823,56.644,47.983,330,1,595,487,56.667,46.381,461,43.905
1654,1654,55.133,594.650,503.848,56.633,47.986,335,1,595,487,56.667,46.381,461,43.905
1655,1655,55.167,594.842,503.883,56.652,47.989,332,1,595,487,56.667,46.381,461,43.905
1656,1656,55.200,594.632,503.899,56.632,47.990,341,1,595,487,56.667,46.381,461,43.905
1657,1657,55.233,594.716,504.055,56.640,48.005,347,1,595,487,56.667,46.381,461,43.905
1658,1658,55.267,594.327,503.732,56.603,47.975,336,1,595,487,56.667,46.381,461,43.905
1659,1659,55.300,594.296,503.793,56.600,47.980,336,1,595,487,56.667,46.381,461,43.905
1660,1660,55.333,594.378,503.854,56.607,47.986,339,1,595,487,56.667,46.381,461,43.905
1661,1661,55.367,594.252,503.815,56.595,47.982,333,1,595,487,56.667,46.381,461,43.905
1662,1662,55.400,594.110,503.828,56.582,47.984,338,1,595,487,56.667,46.381,461,43.905
1663,1663,55.433,594.065,503.869,56.578,47.988,338,1,595,487,56.667,46.381,461,43.905
1664,1664,55.467,593.812,503.640,56.554,47.966,340,1,595,487,56.667,46.381,461,43.905
1665,1665,55.500,594.074,503.783,56.578,47.979,345,1,595,487,56.667,46.381,461,43.905
1666,1666,55.533,594.199,503.953,56.590,47.996,351,1,595,487,56.667,46.381,461,43.905
1667,1667,55.567,594.178,503.932,56.588,47.993,351,1,595,487,56.667,46.381,461,43.905
1668,1668,55.600,594.120,503.898,56.583,47.990,348,1,595,487,56.667,46.381,461,43.905
1669,1669,55.633,594.141,503.853,56.585,47.986,348,1,595,487,56.667,46.381,461,43.905
1670,1670,55.667,594.222,503.899,56.593,47.990,348,1,595,487,56.667,46.381,461,43.905
1671,1671,55.700,594.389,503.937,56.608,47.994,350,1,595,487,56.667,46.381,461,43.905
1672,1672,55.733,594.278,503.931,56.598,47.993,343,1,595,487,56.667,46.381,461,43.905
1673,1673,55.767,594.404,504.022,56.610,48.002,344,1,595,487,56.667,46.381,461,43.905
1674,1674,55.800,594.658,504.133,56.634,48.013,351,1,595,487,56.667,46.381,461,43.905
1675,1675,55.833,594.760,504.159,56.644,48.015,354,1,595,487,56.667,46.381,461,43.905
1676,1676,55.867,594.735,504.126,56.641,48.012,352,1,595,487,56.667,46.381,461,43.905
1677,1677,55.900,594.835,504.346,56.651,48.033,345,1,595,487,56.667,46.381,461,43.905
1678,1678,55.933,595.190,504.532,56.685,48.051,350,1,595,487,56.667,46.381,461,43.905
1679,1679,55.967,595.430,504.712,56.708,48.068,354,1,595,487,56.667,46.381,461,43.905
1680,1680,56.000,595.311,504.708,56.696,48.067,354,1,595,487,56.667,46.381,461,43.905
1681,1681,56.033,596.191,505.239,56.780,48.118,336,1,595,487,56.667,46.381,461,43.905
1682,1682,56.067,596.139,505.126,56.775,48.107,345,1,595,487,56.667,46.381,461,43.905
1683,1683,56.100,596.228,505.233,56.784,48.117,343,1,595,487,56.667,46.381,461,43.905
1684,1684,56.133,596.080,505.190,56.770,48.113,344,1,595,487,56.667,46.381,461,43.905
1685,1685,56.167,596.178,505.193,56.779,48.114,342,1,595,487,56.667,46.381,461,43.905
1686,1686,56.200,595.965,505.112,56.759,48.106,346,1,595,487,56.667,46.381,461,43.905
1687,1687,56.233,596.189,505.335,56.780,48.127,341,1,595,487,56.667,46.381,461,43.905
1688,1688,56.267,596.256,505.401,56.786,48.133,335,1,595,487,56.667,46.381,461,43.905
1689,1689,56.300,596.380,505.462,56.798,48.139,326,1,595,487,56.667,46.381,461,43.905
1690,1690,56.333,596.265,505.374,56.787,48.131,323,1,595,487,56.667,46.381,461,43.905
1691,1691,56.367,596.265,505.374,56.787,48.131,323,1,595,487,56.667,46.381,461,43.905
1692,1692,56.400,596.265,505.374,56.787,48.131,323,1,595,487,56.667,46.381,461,43.905
1693,1693,56.433,595.933,505.141,56.756,48.109,314,1,595,487,56.667,46.381,461,43.905
1694,1694,56.467,595.856,505.046,56.748,48.100,309,1,595,487,56.667,46.381,461,43.905
1695,1695,56.500,595.771,504.965,56.740,48.092,308,1,595,487,56.667,46.381,461,43.905
1696,1696,56.533,595.721,504.935,56.735,48.089,303,1,595,487,56.667,46.381,461,43.905
1697,1697,56.567,595.692,504.870,56.733,48.083,304,1,595,487,56.667,46.381,461,43.905
1698,1698,56.600,595.784,504.759,56.741,48.072,306,1,595,487,56.667,46.381,461,43.905
1699,1699,56.633,595.629,504.635,56.727,48.060,308,1,595,487,56.667,46.381,461,43.905
1700,1700,56.667,595.344,504.367,56.699,48.035,300,1,595,487,56.667,46.381,461,43.905
1701,1701,56.700,595.472,504.378,56.712,48.036,317,1,595,487,56.667,46.381,461,43.905
1702,1702,56.733,595.108,504.115,56.677,48.011,309,1,595,487,56.667,46.381,461,43.905
1703,1703,56.767,594.779,503.886,56.646,47.989,300,1,595,487,56.667,46.381,461,43.905
1704,1704,56.800,594.439,503.739,56.613,47.975,298,1,595,487,56.667,46.381,461,43.905
1705,1705,56.833,594.446,503.655,56.614,47.967,295,1,595,487,56.667,46.381,461,43.905
1706,1706,56.867,594.423,503.685,56.612,47.970,296,1,595,487,56.667,46.381,461,43.905
1707,1707,56.900,594.262,503.515,56.596,47.954,296,1,595,487,56.667,46.381,461,43.905
1708,1708,56.933,594.198,503.396,56.590,47.943,292,1,595,487,56.667,46.381,461,43.905
1709,1709,56.967,594.380,503.316,56.608,47.935,300,1,595,487,56.667,46.381,461,43.905
1710,1710,57.000,594.351,503.311,56.605,47.934,298,1,595,487,56.667,46.381,461,43.905
1711,1711,57.033,594.378,503.304,56.607,47.934,298,1,595,487,56.667,46.381,461,43.905
1712,1712,57.067,594.481,503.324,56.617,47.936,297,1,595,487,56.667,46.381,461,43.905
1713,1713,57.100,594.429,503.331,56.612,47.936,296,1,595,487,56.667,46.381,461,43.905
1714,1714,57.133,594.334,503.305,56.603,47.934,297,1,595,487,56.667,46.381,461,43.905
1715,1715,57.167,594.265,503.176,56.597,47.922,295,1,595,487,56.667,46.381,461,43.905
1716,1716,57.200,594.371,503.077,56.607,47.912,296,1,595,487,56.667,46.381,461,43.905
1717,1717,57.233,594.295,503.116,56.600,47.916,293,1,595,487,56.667,46.381,461,43.905
1718,1718,57.267,594.303,503.035,56.600,47.908,296,1,595,487,56.667,46.381,461,43.905
1719,1719,57.300,594.164,502.902,56.587,47.895,296,1,595,487,56.667,46.381,461,43.905
1720,1720,57.333,593.974,502.611,56.569,47.868,296,1,595,487,56.667,46.381,461,43.905
1721,1721,57.367,593.967,502.428,56.568,47.850,299,1,595,487,56.667,46.381,461,43.905
1722,1722,57.400,594.099,502.485,56.581,47.856,291,1,595,487,56.667,46.381,461,43.905
1723,1723,57.433,594.167,502.325,56.587,47.841,296,1,595,487,56.667,46.381,461,43.905
1724,1724,57.467,593.953,502.252,56.567,47.834,293,1,595,487,56.667,46.381,461,43.905
1725,1725,57.500,594.293,501.931,56.599,47.803,304,1,595,487,56.667,46.381,461,43.905
1726,1726,57.533,594.448,501.995,56.614,47.809,304,1,595,487,56.667,46.381,461,43.905
1727,1727,57.567,594.632,501.928,56.632,47.803,302,1,595,487,56.667,46.381,461,43.905
1728,1728,57.600,595.006,501.783,56.667,47.789,311,1,595,487,56.667,46.381,461,43.905
1729,1729,57.633,595.195,501.739,56.685,47.785,312,1,595,487,56.667,46.381,461,43.905
1730,1730,57.667,595.726,501.786,56.736,47.789,315,1,595,487,56.667,46.381,461,43.905
1731,1731,57.700,596.221,501.825,56.783,47.793,316,1,595,487,56.667,46.381,461,43.905
1732,1732,57.733,596.538,501.833,56.813,47.794,308,1,595,487,56.667,46.381,461,43.905
1733,1733,57.767,596.814,501.791,56.839,47.790,307,1,595,487,56.667,46.381,461,43.905
1734,1734,57.800,596.852,501.841,56.843,47.794,303,1,595,487,56.667,46.381,461,43.905
1735,1735,57.833,596.991,501.746,56.856,47.785,302,1,595,487,56.667,46.381,461,43.905
1736,1736,57.867,597.174,501.722,56.874,47.783,304,1,595,487,56.667,46.381,461,43.905
1737,1737,57.900,597.585,501.712,56.913,47.782,308,1,595,487,56.667,46.381,461,43.905
1738,1738,57.933,597.495,501.652,56.904,47.776,305,1,595,487,56.667,46.381,461,43.905
1739,1739,57.967,597.715,501.760,56.925,47.787,299,1,595,487,56.667,46.381,461,43.905
1740,1740,58.000,597.957,501.610,56.948,47.772,299,1,595,487,56.667,46.381,461,43.905
1741,1741,58.033,598.187,501.700,56.970,47.781,302,1,595,487,56.667,46.381,461,43.905
1742,1742,58.067,598.052,501.661,56.957,47.777,298,1,595,487,56.667,46.381,461,43.905
1743,1743,58.100,598.229,501.706,56.974,47.782,301,1,595,487,56.667,46.381,461,43.905
1744,1744,58.133,597.854,501.722,56.938,47.783,300,1,595,487,56.667,46.381,461,43.905
1745,1745,58.167,597.731,501.724,56.927,47.783,302,1,595,487,56.667,46.381,461,43.905
1746,1746,58.200,597.465,501.717,56.901,47.783,310,1,595,487,56.667,46.381,461,43.905
1747,1747,58.233,597.482,501.678,56.903,47.779,308,1,595,487,56.667,46.381,461,43.905
1748,1748,58.267,597.124,501.713,56.869,47.782,315,1,595,487,56.667,46.381,461,43.905
1749,1749,58.300,596.836,501.717,56.842,47.783,321,1,595,487,56.667,46.381,461,43.905
1750,1750,58.333,596.756,501.780,56.834,47.789,321,1,595,487,56.667,46.381,461,43.905
1751,1751,58.367,596.750,501.849,56.833,47.795,320,1,595,487,56.667,46.381,461,43.905
1752,1752,58.400,596.795,501.993,56.838,47.809,316,1,595,487,56.667,46.381,461,43.905
1753,1753,58.433,596.619,502.054,56.821,47.815,321,1,595,487,56.667,46.381,461,43.905
1754,1754,58.467,596.886,502.042,56.846,47.814,327,1,595,487,56.667,46.381,461,43.905
1755,1755,58.500,596.649,502.175,56.824,47.826,318,1,595,487,56.667,46.381,461,43.905
1756,1756,58.533,596.438,502.162,56.804,47.825,321,1,595,487,56.667,46.381,461,43.905
1757,1757,58.567,596.464,502.207,56.806,47.829,320,1,595,487,56.667,46.381,461,43.905
1758,1758,58.600,596.780,502.075,56.836,47.817,327,1,595,487,56.667,46.381,461,43.905
1759,1759,58.633,596.571,502.042,56.816,47.814,319,1,595,487,56.667,46.381,461,43.905
1760,1760,58.667,596.594,502.122,56.819,47.821,323,1,595,487,56.667,46.381,461,43.905
1761,1761,58.700,596.455,502.193,56.805,47.828,321,1,595,487,56.667,46.381,461,43.905
1762,1762,58.733,596.480,502.237,56.808,47.832,323,1,595,487,56.667,46.381,461,43.905
1763,1763,58.767,596.206,502.360,56.782,47.844,311,1,595,487,56.667,46.381,461,43.905
1764,1764,58.800,596.597,502.339,56.819,47.842,318,1,595,487,56.667,46.381,461,43.905
1765,1765,58.833,596.508,502.289,56.810,47.837,310,1,595,487,56.667,46.381,461,43.905
1766,1766,58.867,596.375,502.336,56.798,47.842,312,1,595,487,56.667,46.381,461,43.905
1767,1767,58.900,596.767,502.333,56.835,47.841,311,1,595,487,56.667,46.381,461,43.905
1768,1768,58.933,596.844,502.289,56.842,47.837,321,1,595,487,56.667,46.381,461,43.905
1769,1769,58.967,597.085,502.201,56.865,47.829,326,1,595,487,56.667,46.381,461,43.905
1770,1770,59.000,597.082,502.209,56.865,47.829,321,1,595,487,56.667,46.381,461,43.905
1771,1771,59.033,597.033,502.186,56.860,47.827,320,1,595,487,56.667,46.381,461,43.905
1772,1772,59.067,596.887,502.170,56.846,47.826,317,1,595,487,56.667,46.381,461,43.905
1773,1773,59.100,596.961,502.141,56.853,47.823,319,1,595,487,56.667,46.381,461,43.905
1774,1774,59.133,597.386,502.044,56.894,47.814,335,1,595,487,56.667,46.381,461,43.905
1775,1775,59.167,597.433,502.032,56.898,47.813,332,1,595,487,56.667,46.381,461,43.905
1776,1776,59.200,597.687,502.050,56.923,47.814,336,1,595,487,56.667,46.381,461,43.905
1777,1777,59.233,598.257,501.944,56.977,47.804,343,1,595,487,56.667,46.381,461,43.905
1778,1778,59.267,598.564,501.880,57.006,47.798,352,1,595,487,56.667,46.381,461,43.905
1779,1779,59.300,598.765,501.848,57.025,47.795,354,1,595,487,56.667,46.381,461,43.905
1780,1780,59.333,599.445,501.693,57.090,47.780,360,1,595,487,56.667,46.381,461,43.905
1781,1781,59.367,599.395,501.625,57.085,47.774,361,1,595,487,56.667,46.381,461,43.905
1782,1782,59.400,599.901,501.502,57.133,47.762,366,1,595,487,56.667,46.381,461,43.905
1783,1783,59.433,600.003,501.429,57.143,47.755,367,1,595,487,56.667,46.381,461,43.905
1784,1784,59.467,600.360,501.344,57.177,47.747,368,1,595,487,56.667,46.381,461,43.905
1785,1785,59.500,600.724,501.294,57.212,47.742,376,1,595,487,56.667,46.381,461,43.905
1786,1786,59.533,600.964,501.171,57.235,47.731,376,1,595,487,56.667,46.381,461,43.905
1787,1787,59.567,601.097,501.185,57.247,47.732,376,1,595,487,56.667,46.381,461,43.905
1788,1788,59.600,601.365,501.073,57.273,47.721,378,1,595,487,56.667,46.381,461,43.905
1789,1789,59.633,601.261,501.160,57.263,47.730,379,1,595,487,56.667,46.381,461,43.905
1790,1790,59.667,601.386,501.139,57.275,47.728,381,1,595,487,56.667,46.381,461,43.905
1791,1791,59.700,601.508,501.120,57.286,47.726,383,1,595,487,56.667,46.381,461,43.905
1792,1792,59.733,601.717,501.052,57.306,47.719,387,1,595,487,56.667,46.381,461,43.905
1793,1793,59.767,601.637,501.055,57.299,47.720,388,1,595,487,56.667,46.381,461,43.905
1794,1794,59.800,601.390,501.128,57.275,47.726,383,1,595,487,56.667,46.381,461,43.905
1795,1795,59.833,601.465,501.132,57.282,47.727,385,1,595,487,56.667,46.381,461,43.905
1796,1796,59.867,601.620,501.100,57.297,47.724,378,1,595,487,56.667,46.381,461,43.905
1797,1797,59.900,601.665,501.106,57.301,47.724,379,1,595,487,56.667,46.381,461,43.905
1798,1798,59.933,601.738,501.007,57.308,47.715,384,1,595,487,56.667,46.381,461,43.905
1799,1799,59.967,601.769,500.922,57.311,47.707,385,1,595,487,56.667,46.381,461,43.905
1800,1800,60.000,601.755,500.918,57.310,47.706,385,1,595,487,56.667,46.381,461,43.905
1801,1801,60.033,600.626,501.036,57.203,47.718,391,1,595,487,56.667,46.381,461,43.905
1802,1802,60.067,600.309,501.088,57.172,47.723,380,1,595,487,56.667,46.381,461,43.905
1803,1803,60.100,600.296,501.078,57.171,47.722,383,1,595,487,56.667,46.381,461,43.905
1804,1804,60.133,600.025,501.099,57.145,47.724,381,1,595,487,56.667,46.381,461,43.905
1805,1805,60.167,599.947,501.114,57.138,47.725,379,1,595,487,56.667,46.381,461,43.905
1806,1806,60.200,599.361,501.029,57.082,47.717,378,1,595,487,56.667,46.381,461,43.905
1807,1807,60.233,598.983,501.082,57.046,47.722,370,1,595,487,56.667,46.381,461,43.905
1808,1808,60.267,598.020,501.329,56.954,47.746,364,1,595,487,56.667,46.381,461,43.905
1809,1809,60.300,597.704,501.385,56.924,47.751,356,1,595,487,56.667,46.381,461,43.905
1810,1810,60.333,597.780,501.294,56.931,47.742,359,1,595,487,56.667,46.381,461,43.905
1811,1811,60.367,597.507,501.451,56.905,47.757,356,1,595,487,56.667,46.381,461,43.905
1812,1812,60.400,597.248,501.483,56.881,47.760,356,1,595,487,56.667,46.381,461,43.905
1813,1813,60.433,597.062,501.509,56.863,47.763,350,1,595,487,56.667,46.381,461,43.905
1814,1814,60.467,596.682,501.473,56.827,47.759,346,1,595,487,56.667,46.381,461,43.905
1815,1815,60.500,596.589,501.464,56.818,47.758,345,1,595,487,56.667,46.381,461,43.905
1816,1816,60.533,596.608,501.460,56.820,47.758,344,1,595,487,56.667,46.381,461,43.905
1817,1817,60.567,596.534,501.521,56.813,47.764,341,1,595,487,56.667,46.381,461,43.905
1818,1818,60.600,596.427,501.520,56.803,47.764,340,1,595,487,56.667,46.381,461,43.905
1819,1819,60.633,596.388,501.417,56.799,47.754,338,1,595,487,56.667,46.381,461,43.905
1820,1820,60.667,596.401,501.382,56.800,47.751,334,1,595,487,56.667,46.381,461,43.905
1821,1821,60.700,596.294,501.336,56.790,47.746,337,1,595,487,56.667,46.381,461,43.905
1822,1822,60.733,596.455,501.343,56.805,47.747,339,1,595,487,56.667,46.381,461,43.905
1823,1823,60.767,596.499,501.260,56.809,47.739,339,1,595,487,56.667,46.381,461,43.905
1824,1824,60.800,596.763,501.311,56.835,47.744,323,1,595,487,56.667,46.381,461,43.905
1825,1825,60.833,596.614,501.292,56.820,47.742,321,1,595,487,56.667,46.381,461,43.905
1826,1826,60.867,596.520,501.247,56.811,47.738,321,1,595,487,56.667,46.381,461,43.905
1827,1827,60.900,596.452,501.261,56.805,47.739,320,1,595,487,56.667,46.381,461,43.905
1828,1828,60.933,596.424,501.138,56.802,47.727,323,1,595,487,56.667,46.381,461,43.905
1829,1829,60.967,596.436,501.186,56.803,47.732,319,1,595,487,56.667,46.381,461,43.905
1830,1830,61.000,596.546,501.074,56.814,47.721,321,1,595,487,56.667,46.381,461,43.905
1831,1831,61.033,596.428,501.152,56.803,47.729,317,1,595,487,56.667,46.381,461,43.905
1832,1832,61.067,596.283,500.969,56.789,47.711,311,1,595,487,56.667,46.381,461,43.905
1833,1833,61.100,596.326,500.911,56.793,47.706,313,1,595,487,56.667,46.381,461,43.905
1834,1834,61.133,596.455,500.818,56.805,47.697,314,1,595,487,56.667,46.381,461,43.905
1835,1835,61.167,596.459,500.883,56.806,47.703,313,1,595,487,56.667,46.381,461,43.905
1836,1836,61.200,596.294,500.852,56.790,47.700,309,1,595,487,56.667,46.381,461,43.905
1837,1837,61.233,596.263,500.709,56.787,47.687,310,1,595,487,56.667,46.381,461,43.905
1838,1838,61.267,596.156,500.929,56.777,47.708,302,1,595,487,56.667,46.381,461,43.905
1839,1839,61.300,596.040,500.854,56.766,47.700,294,1,595,487,56.667,46.381,461,43.905
1840,1840,61.333,596.272,500.551,56.788,47.672,297,1,595,487,56.667,46.381,461,43.905
1841,1841,61.367,596.118,500.507,56.773,47.667,291,1,595,487,56.667,46.381,461,43.905
1842,1842,61.400,596.305,500.182,56.791,47.636,300,1,595,487,56.667,46.381,461,43.905
1843,1843,61.433,596.489,500.168,56.809,47.635,296,1,595,487,56.667,46.381,461,43.905
1844,1844,61.467,596.696,499.907,56.828,47.610,296,1,595,487,56.667,46.381,461,43.905
1845,1845,61.500,596.750,499.824,56.833,47.602,294,1,595,487,56.667,46.381,461,43.905
1846,1846,61.533,596.726,499.971,56.831,47.616,289,1,595,487,56.667,46.381,461,43.905
1847,1847,61.567,597.042,499.673,56.861,47.588,291,1,595,487,56.667,46.381,461,43.905
1848,1848,61.600,597.080,499.345,56.865,47.557,294,1,595,487,56.667,46.381,461,43.905
1849,1849,61.633,597.515,499.238,56.906,47.546,284,1,595,487,56.667,46.381,461,43.905
1850,1850,61.667,597.617,499.175,56.916,47.540,282,1,595,487,56.667,46.381,461,43.905
1851,1851,61.700,597.941,498.891,56.947,47.513,278,1,595,487,56.667,46.381,461,43.905
1852,1852,61.733,597.982,499.029,56.951,47.527,277,1,595,487,56.667,46.381,461,43.905
1853,1853,61.767,NaN,NaN,NaN,NaN,NaN,0,595,487,56.667,46.381,461,43.905
1854,1854,61.800,NaN,NaN,NaN,NaN,NaN,0,595,487,56.667,46.381,461,43.905
1855,1855,61.833,NaN,NaN,NaN,NaN,NaN,0,595,487,56.667,46.381,461,43.905
1856,1856,61.867,NaN,NaN,NaN,NaN,NaN,0,595,487,56.667,46.381,461,43.905
1857,1857,61.900,NaN,NaN,NaN,NaN,NaN,0,595,487,56.667,46.381,461,43.905
1858,1858,61.933,NaN,NaN,NaN,NaN,NaN,0,595,487,56.667,46.381,461,43.905
1859,1859,61.967,NaN,NaN,NaN,NaN,NaN,0,595,487,56.667,46.381,461,43.905
1860,1860,62.000,NaN,NaN,NaN,NaN,NaN,0,595,487,56.667,46.381,461,43.905
1861,1861,62.033,NaN,NaN,NaN,NaN,NaN,0,595,487,56.667,46.381,461,43.905
1862,1862,62.067,598.602,498.561,57.010,47.482,274,1,595,487,56.667,46.381,461,43.905
1863,1863,62.100,598.470,498.776,56.997,47.502,274,1,595,487,56.667,46.381,461,43.905
1864,1864,62.133,598.294,499.109,56.980,47.534,282,1,595,487,56.667,46.381,461,43.905
1865,1865,62.167,598.194,499.406,56.971,47.562,288,1,595,487,56.667,46.381,461,43.905
1866,1866,62.200,598.273,499.328,56.978,47.555,287,1,595,487,56.667,46.381,461,43.905
1867,1867,62.233,598.310,499.413,56.982,47.563,287,1,595,487,56.667,46.381,461,43.905
1868,1868,62.267,598.528,499.298,57.003,47.552,298,1,595,487,56.667,46.381,461,43.905
1869,1869,62.300,598.718,499.243,57.021,47.547,301,1,595,487,56.667,46.381,461,43.905
1870,1870,62.333,598.819,499.362,57.030,47.558,300,1,595,487,56.667,46.381,461,43.905
1871,1871,62.367,598.536,499.658,57.003,47.586,300,1,595,487,56.667,46.381,461,43.905
1872,1872,62.400,598.658,499.493,57.015,47.571,300,1,595,487,56.667,46.381,461,43.905
1873,1873,62.433,598.759,499.373,57.025,47.559,306,1,595,487,56.667,46.381,461,43.905
1874,1874,62.467,598.709,499.551,57.020,47.576,307,1,595,487,56.667,46.381,461,43.905
1875,1875,62.500,598.674,499.590,57.017,47.580,309,1,595,487,56.667,46.381,461,43.905
1876,1876,62.533,598.658,499.760,57.015,47.596,306,1,595,487,56.667,46.381,461,43.905
1877,1877,62.567,598.592,499.831,57.009,47.603,307,1,595,487,56.667,46.381,461,43.905
1878,1878,62.600,598.654,499.776,57.015,47.598,305,1,595,487,56.667,46.381,461,43.905
1879,1879,62.633,598.433,499.947,56.994,47.614,314,1,595,487,56.667,46.381,461,43.905
1880,1880,62.667,598.634,499.735,57.013,47.594,317,1,595,487,56.667,46.381,461,43.905
1881,1881,62.700,598.611,499.591,57.011,47.580,317,1,595,487,56.667,46.381,461,43.905
1882,1882,62.733,598.873,499.331,57.036,47.555,323,1,595,487,56.667,46.381,461,43.905
1883,1883,62.767,598.982,499.081,57.046,47.531,327,1,595,487,56.667,46.381,461,43.905
1884,1884,62.800,598.998,499.019,57.047,47.526,327,1,595,487,56.667,46.381,461,43.905
1885,1885,62.833,599.014,498.943,57.049,47.518,333,1,595,487,56.667,46.381,461,43.905
1886,1886,62.867,599.060,498.963,57.053,47.520,334,1,595,487,56.667,46.381,461,43.905
1887,1887,62.900,599.431,498.542,57.089,47.480,328,1,595,487,56.667,46.381,461,43.905
1888,1888,62.933,599.302,498.513,57.076,47.477,349,1,595,487,56.667,46.381,461,43.905
1889,1889,62.967,599.584,497.999,57.103,47.428,352,1,595,487,56.667,46.381,461,43.905
1890,1890,63.000,599.702,497.628,57.114,47.393,344,1,595,487,56.667,46.381,461,43.905
1891,1891,63.033,599.838,497.546,57.127,47.385,353,1,595,487,56.667,46.381,461,43.905
1892,1892,63.067,600.140,497.095,57.156,47.342,350,1,595,487,56.667,46.381,461,43.905
1893,1893,63.100,600.354,496.820,57.177,47.316,352,1,595,487,56.667,46.381,461,43.905
1894,1894,63.133,600.462,496.445,57.187,47.280,355,1,595,487,56.667,46.381,461,43.905
1895,1895,63.167,600.575,496.160,57.198,47.253,354,1,595,487,56.667,46.381,461,43.905
1896,1896,63.200,600.757,495.929,57.215,47.231,359,1,595,487,56.667,46.381,461,43.905
1897,1897,63.233,600.956,495.602,57.234,47.200,359,1,595,487,56.667,46.381,461,43.905
1898,1898,63.267,601.043,495.481,57.242,47.189,356,1,595,487,56.667,46.381,461,43.905
1899,1899,63.300,601.024,495.417,57.240,47.183,355,1,595,487,56.667,46.381,461,43.905
1900,1900,63.333,601.270,495.097,57.264,47.152,360,1,595,487,56.667,46.381,461,43.905
1901,1901,63.367,601.354,494.964,57.272,47.139,350,1,595,487,56.667,46.381,461,43.905
1902,1902,63.400,601.734,494.378,57.308,47.084,353,1,595,487,56.667,46.381,461,43.905
1903,1903,63.433,601.819,494.177,57.316,47.064,356,1,595,487,56.667,46.381,461,43.905
1904,1904,63.467,601.876,493.933,57.322,47.041,352,1,595,487,56.667,46.381,461,43.905
1905,1905,63.500,601.852,493.920,57.319,47.040,342,1,595,487,56.667,46.381,461,43.905
1906,1906,63.533,601.763,493.896,57.311,47.038,340,1,595,487,56.667,46.381,461,43.905
1907,1907,63.567,601.964,493.602,57.330,47.010,343,1,595,487,56.667,46.381,461,43.905
1908,1908,63.600,601.675,493.939,57.302,47.042,351,1,595,487,56.667,46.381,461,43.905
1909,1909,63.633,601.816,493.641,57.316,47.013,353,1,595,487,56.667,46.381,461,43.905
1910,1910,63.667,601.787,493.569,57.313,47.007,342,1,595,487,56.667,46.381,461,43.905
1911,1911,63.700,601.807,493.349,57.315,46.986,348,1,595,487,56.667,46.381,461,43.905
1912,1912,63.733,601.866,493.391,57.321,46.990,357,1,595,487,56.667,46.381,461,43.905
1913,1913,63.767,601.885,493.371,57.322,46.988,358,1,595,487,56.667,46.381,461,43.905
1914,1914,63.800,601.818,493.559,57.316,47.006,352,1,595,487,56.667,46.381,461,43.905
1915,1915,63.833,601.761,493.679,57.311,47.017,349,1,595,487,56.667,46.381,461,43.905
1916,1916,63.867,601.580,494.002,57.293,47.048,353,1,595,487,56.667,46.381,461,43.905
1917,1917,63.900,601.487,493.944,57.285,47.042,350,1,595,487,56.667,46.381,461,43.905
1918,1918,63.933,601.541,493.840,57.290,47.032,344,1,595,487,56.667,46.381,461,43.905
1919,1919,63.967,601.420,494.131,57.278,47.060,351,1,595,487,56.667,46.381,461,43.905
1920,1920,64.000,601.717,493.574,57.306,47.007,341,1,595,487,56.667,46.381,461,43.905
1921,1921,64.033,601.251,494.367,57.262,47.083,339,1,595,487,56.667,46.381,461,43.905
1922,1922,64.067,600.987,494.505,57.237,47.096,342,1,595,487,56.667,46.381,461,43.905
1923,1923,64.100,601.054,494.419,57.243,47.087,346,1,595,487,56.667,46.381,461,43.905
1924,1924,64.133,601.038,494.458,57.242,47.091,345,1,595,487,56.667,46.381,461,43.905
1925,1925,64.167,600.980,494.532,57.236,47.098,343,1,595,487,56.667,46.381,461,43.905
1926,1926,64.200,601.092,494.423,57.247,47.088,348,1,595,487,56.667,46.381,461,43.905
1927,1927,64.233,601.034,494.496,57.241,47.095,346,1,595,487,56.667,46.381,461,43.905
1928,1928,64.267,601.042,494.436,57.242,47.089,345,1,595,487,56.667,46.381,461,43.905
1929,1929,64.300,601.140,493.904,57.251,47.038,347,1,595,487,56.667,46.381,461,43.905
1930,1930,64.333,601.179,493.687,57.255,47.018,347,1,595,487,56.667,46.381,461,43.905
1931,1931,64.367,601.656,492.939,57.301,46.947,336,1,595,487,56.667,46.381,461,43.905
1932,1932,64.400,601.768,492.589,57.311,46.913,338,1,595,487,56.667,46.381,461,43.905
1933,1933,64.433,601.867,492.361,57.321,46.892,332,1,595,487,56.667,46.381,461,43.905
1934,1934,64.467,602.069,492.068,57.340,46.864,319,1,595,487,56.667,46.381,461,43.905
1935,1935,64.500,602.315,491.768,57.363,46.835,322,1,595,487,56.667,46.381,461,43.905
1936,1936,64.533,602.348,491.828,57.366,46.841,318,1,595,487,56.667,46.381,461,43.905
1937,1937,64.567,602.320,491.934,57.364,46.851,319,1,595,487,56.667,46.381,461,43.905
1938,1938,64.600,602.292,492.098,57.361,46.866,325,1,595,487,56.667,46.381,461,43.905
1939,1939,64.633,602.245,492.126,57.357,46.869,322,1,595,487,56.667,46.381,461,43.905
1940,1940,64.667,602.187,492.401,57.351,46.895,321,1,595,487,56.667,46.381,461,43.905
1941,1941,64.700,602.066,492.721,57.340,46.926,328,1,595,487,56.667,46.381,461,43.905
1942,1942,64.733,602.151,492.650,57.348,46.919,323,1,595,487,56.667,46.381,461,43.905
1943,1943,64.767,602.058,492.945,57.339,46.947,331,1,595,487,56.667,46.381,461,43.905
1944,1944,64.800,602.023,492.994,57.336,46.952,324,1,595,487,56.667,46.381,461,43.905
1945,1945,64.833,601.871,493.084,57.321,46.960,323,1,595,487,56.667,46.381,461,43.905
1946,1946,64.867,601.983,492.716,57.332,46.925,329,1,595,487,56.667,46.381,461,43.905
1947,1947,64.900,601.896,492.919,57.323,46.945,333,1,595,487,56.667,46.381,461,43.905
1948,1948,64.933,601.906,492.936,57.324,46.946,333,1,595,487,56.667,46.381,461,43.905
1949,1949,64.967,602.064,493.053,57.339,46.957,343,1,595,487,56.667,46.381,461,43.905
1950,1950,65.000,601.939,493.132,57.328,46.965,337,1,595,487,56.667,46.381,461,43.905
1951,1951,65.033,601.831,493.332,57.317,46.984,331,1,595,487,56.667,46.381,461,43.905
1952,1952,65.067,601.809,493.363,57.315,46.987,330,1,595,487,56.667,46.381,461,43.905
1953,1953,65.100,601.741,493.259,57.309,46.977,331,1,595,487,56.667,46.381,461,43.905
1954,1954,65.133,601.537,493.325,57.289,46.983,327,1,595,487,56.667,46.381,461,43.905
1955,1955,65.167,601.589,493.335,57.294,46.984,327,1,595,487,56.667,46.381,461,43.905
1956,1956,65.200,601.790,492.912,57.313,46.944,332,1,595,487,56.667,46.381,461,43.905
1957,1957,65.233,601.751,492.939,57.310,46.947,331,1,595,487,56.667,46.381,461,43.905
1958,1958,65.267,601.947,492.417,57.328,46.897,338,1,595,487,56.667,46.381,461,43.905
1959,1959,65.300,601.871,492.547,57.321,46.909,336,1,595,487,56.667,46.381,461,43.905
1960,1960,65.333,601.784,492.681,57.313,46.922,339,1,595,487,56.667,46.381,461,43.905
1961,1961,65.367,601.852,492.659,57.319,46.920,337,1,595,487,56.667,46.381,461,43.905
1962,1962,65.400,601.842,492.573,57.318,46.912,338,1,595,487,56.667,46.381,461,43.905
1963,1963,65.433,601.922,492.508,57.326,46.906,337,1,595,487,56.667,46.381,461,43.905
1964,1964,65.467,601.820,492.705,57.316,46.924,327,1,595,487,56.667,46.381,461,43.905
1965,1965,65.500,601.741,492.771,57.309,46.931,329,1,595,487,56.667,46.381,461,43.905
1966,1966,65.533,601.547,492.942,57.290,46.947,326,1,595,487,56.667,46.381,461,43.905
1967,1967,65.567,601.378,492.955,57.274,46.948,323,1,595,487,56.667,46.381,461,43.905
1968,1968,65.600,601.303,493.294,57.267,46.980,312,1,595,487,56.667,46.381,461,43.905
1969,1969,65.633,601.051,493.007,57.243,46.953,309,1,595,487,56.667,46.381,461,43.905
1970,1970,65.667,600.941,492.966,57.232,46.949,297,1,595,487,56.667,46.381,461,43.905
1971,1971,65.700,600.788,493.231,57.218,46.974,311,1,595,487,56.667,46.381,461,43.905
1972,1972,65.733,600.657,493.393,57.205,46.990,305,1,595,487,56.667,46.381,461,43.905
1973,1973,65.767,600.679,493.303,57.208,46.981,298,1,595,487,56.667,46.381,461,43.905
1974,1974,65.800,600.633,493.479,57.203,46.998,292,1,595,487,56.667,46.381,461,43.905
1975,1975,65.833,600.591,493.006,57.199,46.953,306,1,595,487,56.667,46.381,461,43.905
1976,1976,65.867,600.579,493.278,57.198,46.979,302,1,595,487,56.667,46.381,461,43.905
1977,1977,65.900,600.417,492.979,57.183,46.950,294,1,595,487,56.667,46.381,461,43.905
1978,1978,65.933,600.235,493.108,57.165,46.963,286,1,595,487,56.667,46.381,461,43.905
1979,1979,65.967,600.150,492.722,57.157,46.926,300,1,595,487,56.667,46.381,461,43.905
1980,1980,66.000,600.114,492.657,57.154,46.920,299,1,595,487,56.667,46.381,461,43.905
1981,1981,66.033,600.021,492.984,57.145,46.951,279,1,595,487,56.667,46.381,461,43.905
1982,1982,66.067,599.968,493.103,57.140,46.962,284,1,595,487,56.667,46.381,461,43.905
1983,1983,66.100,599.948,492.884,57.138,46.941,285,1,595,487,56.667,46.381,461,43.905
1984,1984,66.133,599.948,492.884,57.138,46.941,285,1,595,487,56.667,46.381,461,43.905
1985,1985,66.167,599.916,492.997,57.135,46.952,282,1,595,487,56.667,46.381,461,43.905
1986,1986,66.200,599.919,492.970,57.135,46.950,282,1,595,487,56.667,46.381,461,43.905
1987,1987,66.233,599.871,493.048,57.131,46.957,280,1,595,487,56.667,46.381,461,43.905
1988,1988,66.267,599.849,493.183,57.128,46.970,278,1,595,487,56.667,46.381,461,43.905
1989,1989,66.300,599.692,493.160,57.113,46.968,280,1,595,487,56.667,46.381,461,43.905
1990,1990,66.333,599.612,493.215,57.106,46.973,278,1,595,487,56.667,46.381,461,43.905
1991,1991,66.367,NaN,NaN,NaN,NaN,NaN,0,595,487,56.667,46.381,461,43.905
1992,1992,66.400,NaN,NaN,NaN,NaN,NaN,0,595,487,56.667,46.381,461,43.905
1993,1993,66.433,NaN,NaN,NaN,NaN,NaN,0,595,487,56.667,46.381,461,43.905
1994,1994,66.467,NaN,NaN,NaN,NaN,NaN,0,595,487,56.667,46.381,461,43.905
1995,1995,66.500,NaN,NaN,NaN,NaN,NaN,0,595,487,56.667,46.381,461,43.905
1996,1996,66.533,NaN,NaN,NaN,NaN,NaN,0,595,487,56.667,46.381,461,43.905
1997,1997,66.567,NaN,NaN,NaN,NaN,NaN,0,595,487,56.667,46.381,461,43.905
1998,1998,66.600,NaN,NaN,NaN,NaN,NaN,0,595,487,56.667,46.381,461,43.905
1999,1999,66.633,599.495,493.070,57.095,46.959,278,1,595,487,56.667,46.381,461,43.905
2000,2000,66.667,599.417,493.051,57.087,46.957,279,1,595,487,56.667,46.381,461,43.905
2001,2001,66.700,599.221,492.798,57.069,46.933,282,1,595,487,56.667,46.381,461,43.905
2002,2002,66.733,599.189,492.721,57.066,46.926,285,1,595,487,56.667,46.381,461,43.905
2003,2003,66.767,599.156,492.477,57.062,46.903,281,1,595,487,56.667,46.381,461,43.905
2004,2004,66.800,598.957,492.085,57.044,46.865,289,1,595,487,56.667,46.381,461,43.905
2005,2005,66.833,598.962,492.119,57.044,46.868,283,1,595,487,56.667,46.381,461,43.905
2006,2006,66.867,598.984,491.778,57.046,46.836,277,1,595,487,56.667,46.381,461,43.905
2007,2007,66.900,598.832,491.638,57.032,46.823,278,1,595,487,56.667,46.381,461,43.905
2008,2008,66.933,598.991,491.510,57.047,46.810,280,1,595,487,56.667,46.381,461,43.905
2009,2009,66.967,598.879,491.236,57.036,46.784,274,1,595,487,56.667,46.381,461,43.905
2010,2010,67.000,NaN,NaN,NaN,NaN,NaN,0,595,487,56.667,46.381,461,43.905
2011,2011,67.033,NaN,NaN,NaN,NaN,NaN,0,595,487,56.667,46.381,461,43.905
2012,2012,67.067,NaN,NaN,NaN,NaN,NaN,0,595,487,56.667,46.381,461,43.905
2013,2013,67.100,NaN,NaN,NaN,NaN,NaN,0,595,487,56.667,46.381,461,43.905
2014,2014,67.133,NaN,NaN,NaN,NaN,NaN,0,595,487,56.667,46.381,461,43.905
2015,2015,67.167,NaN,NaN,NaN,NaN,NaN,0,595,487,56.667,46.381,461,43.905
2016,2016,67.200,NaN,NaN,NaN,NaN,NaN,0,595,487,56.667,46.381,461,43.905
2017,2017,67.233,NaN,NaN,NaN,NaN,NaN,0,595,487,56.667,46.381,461,43.905
2018,2018,67.267,NaN,NaN,NaN,NaN,NaN,0,595,487,56.667,46.381,461,43.905
2019,2019,67.300,NaN,NaN,NaN,NaN,NaN,0,595,487,56.667,46.381,461,43.905
2020,2020,67.333,NaN,NaN,NaN,NaN,NaN,0,595,487,56.667,46.381,461,43.905
2021,2021,67.367,NaN,NaN,NaN,NaN,NaN,0,595,487,56.667,46.381,461,43.905
2022,2022,67.400,NaN,NaN,NaN,NaN,NaN,0,595,487,56.667,46.381,461,43.905
2023,2023,67.433,NaN,NaN,NaN,NaN,NaN,0,595,487,56.667,46.381,461,43.905
2024,2024,67.467,NaN,NaN,NaN,NaN,NaN,0,595,487,56.667,46.381,461,43.905
2025,2025,67.500,NaN,NaN,NaN,NaN,NaN,0,595,487,56.667,46.381,461,43.905
2026,2026,67.533,NaN,NaN,NaN,NaN,NaN,0,595,487,56.667,46.381,461,43.905
2027,2027,67.567,NaN,NaN,NaN,NaN,NaN,0,595,487,56.667,46.381,461,43.905
2028,2028,67.600,NaN,NaN,NaN,NaN,NaN,0,595,487,56.667,46.381,461,43.905
2029,2029,67.633,NaN,NaN,NaN,NaN,NaN,0,595,487,56.667,46.381,461,43.905
2030,2030,67.667,NaN,NaN,NaN,NaN,NaN,0,595,487,56.667,46.381,461,43.905
2031,2031,67.700,NaN,NaN,NaN,NaN,NaN,0,595,487,56.667,46.381,461,43.905
2032,2032,67.733,NaN,NaN,NaN,NaN,NaN,0,595,487,56.667,46.381,461,43.905
2033,2033,67.767,NaN,NaN,NaN,NaN,NaN,0,595,487,56.667,46.381,461,43.905
2034,2034,67.800,NaN,NaN,NaN,NaN,NaN,0,595,487,56.667,46.381,461,43.905
2035,2035,67.833,NaN,NaN,NaN,NaN,NaN,0,595,487,56.667,46.381,461,43.905
2036,2036,67.867,NaN,NaN,NaN,NaN,NaN,0,595,487,56.667,46.381,461,43.905
2037,2037,67.900,598.788,489.808,57.027,46.648,276,1,595,487,56.667,46.381,461,43.905
2038,2038,67.933,598.955,489.983,57.043,46.665,278,1,595,487,56.667,46.381,461,43.905
2039,2039,67.967,599.010,489.956,57.049,46.662,276,1,595,487,56.667,46.381,461,43.905
2040,2040,68.000,598.842,489.831,57.033,46.651,278,1,595,487,56.667,46.381,461,43.905
2041,2041,68.033,598.795,490.277,57.028,46.693,287,1,595,487,56.667,46.381,461,43.905
2042,2042,68.067,598.573,489.837,57.007,46.651,297,1,595,487,56.667,46.381,461,43.905
2043,2043,68.100,598.553,490.051,57.005,46.672,292,1,595,487,56.667,46.381,461,43.905
2044,2044,68.133,598.593,489.950,57.009,46.662,296,1,595,487,56.667,46.381,461,43.905
2045,2045,68.167,598.496,489.901,57.000,46.657,299,1,595,487,56.667,46.381,461,43.905
2046,2046,68.200,598.582,489.966,57.008,46.663,296,1,595,487,56.667,46.381,461,43.905
2047,2047,68.233,598.546,489.844,57.004,46.652,301,1,595,487,56.667,46.381,461,43.905
2048,2048,68.267,598.347,489.600,56.985,46.629,309,1,595,487,56.667,46.381,461,43.905
2049,2049,68.300,598.166,489.403,56.968,46.610,311,1,595,487,56.667,46.381,461,43.905
2050,2050,68.333,598.224,489.342,56.974,46.604,311,1,595,487,56.667,46.381,461,43.905
2051,2051,68.367,597.986,489.033,56.951,46.575,320,1,595,487,56.667,46.381,461,43.905
2052,2052,68.400,597.943,488.915,56.947,46.563,323,1,595,487,56.667,46.381,461,43.905
2053,2053,68.433,597.823,488.717,56.936,46.544,317,1,595,487,56.667,46.381,461,43.905
2054,2054,68.467,597.725,488.519,56.926,46.526,321,1,595,487,56.667,46.381,461,43.905
2055,2055,68.500,597.519,488.127,56.907,46.488,329,1,595,487,56.667,46.381,461,43.905
2056,2056,68.533,597.230,487.810,56.879,46.458,331,1,595,487,56.667,46.381,461,43.905
2057,2057,68.567,596.847,487.149,56.843,46.395,328,1,595,487,56.667,46.381,461,43.905
2058,2058,68.600,596.726,487.072,56.831,46.388,331,1,595,487,56.667,46.381,461,43.905
2059,2059,68.633,596.795,486.806,56.838,46.363,322,1,595,487,56.667,46.381,461,43.905
2060,2060,68.667,596.748,486.570,56.833,46.340,320,1,595,487,56.667,46.381,461,43.905
2061,2061,68.700,596.323,486.200,56.793,46.305,333,1,595,487,56.667,46.381,461,43.905
2062,2062,68.733,596.189,486.033,56.780,46.289,338,1,595,487,56.667,46.381,461,43.905
2063,2063,68.767,596.124,485.939,56.774,46.280,338,1,595,487,56.667,46.381,461,43.905
2064,2064,68.800,596.026,485.844,56.764,46.271,337,1,595,487,56.667,46.381,461,43.905
2065,2065,68.833,596.003,485.798,56.762,46.266,336,1,595,487,56.667,46.381,461,43.905
2066,2066,68.867,596.071,485.842,56.769,46.271,332,1,595,487,56.667,46.381,461,43.905
2067,2067,68.900,595.932,485.600,56.755,46.248,319,1,595,487,56.667,46.381,461,43.905
2068,2068,68.933,595.611,485.299,56.725,46.219,317,1,595,487,56.667,46.381,461,43.905
2069,2069,68.967,595.527,485.258,56.717,46.215,315,1,595,487,56.667,46.381,461,43.905
2070,2070,69.000,595.468,484.960,56.711,46.187,301,1,595,487,56.667,46.381,461,43.905
2071,2071,69.033,594.994,484.470,56.666,46.140,290,1,595,487,56.667,46.381,461,43.905
2072,2072,69.067,594.811,484.228,56.649,46.117,281,1,595,487,56.667,46.381,461,43.905
2073,2073,69.100,594.753,484.122,56.643,46.107,280,1,595,487,56.667,46.381,461,43.905
2074,2074,69.133,594.651,484.044,56.633,46.099,285,1,595,487,56.667,46.381,461,43.905
2075,2075,69.167,594.597,483.925,56.628,46.088,285,1,595,487,56.667,46.381,461,43.905
2076,2076,69.200,594.671,484.053,56.635,46.100,276,1,595,487,56.667,46.381,461,43.905
2077,2077,69.233,594.773,484.154,56.645,46.110,279,1,595,487,56.667,46.381,461,43.905
2078,2078,69.267,NaN,NaN,NaN,NaN,NaN,0,595,487,56.667,46.381,461,43.905
2079,2079,69.300,NaN,NaN,NaN,NaN,NaN,0,595,487,56.667,46.381,461,43.905
2080,2080,69.333,NaN,NaN,NaN,NaN,NaN,0,595,487,56.667,46.381,461,43.905
2081,2081,69.367,594.980,484.389,56.665,46.132,280,1,595,487,56.667,46.381,461,43.905
2082,2082,69.400,594.931,484.290,56.660,46.123,281,1,595,487,56.667,46.381,461,43.905
2083,2083,69.433,594.968,484.258,56.664,46.120,280,1,595,487,56.667,46.381,461,43.905
2084,2084,69.467,595.200,484.265,56.686,46.120,288,1,595,487,56.667,46.381,461,43.905
2085,2085,69.500,595.108,484.233,56.677,46.117,288,1,595,487,56.667,46.381,461,43.905
2086,2086,69.533,595.401,484.563,56.705,46.149,288,1,595,487,56.667,46.381,461,43.905
2087,2087,69.567,595.257,484.371,56.691,46.131,280,1,595,487,56.667,46.381,461,43.905
2088,2088,69.600,595.353,484.462,56.700,46.139,281,1,595,487,56.667,46.381,461,43.905
2089,2089,69.633,595.279,484.409,56.693,46.134,279,1,595,487,56.667,46.381,461,43.905
2090,2090,69.667,595.336,484.426,56.699,46.136,277,1,595,487,56.667,46.381,461,43.905
2091,2091,69.700,595.306,484.321,56.696,46.126,276,1,595,487,56.667,46.381,461,43.905
2092,2092,69.733,595.619,484.671,56.726,46.159,281,1,595,487,56.667,46.381,461,43.905
2093,2093,69.767,NaN,NaN,NaN,NaN,NaN,0,595,487,56.667,46.381,461,43.905
2094,2094,69.800,595.400,484.591,56.705,46.152,275,1,595,487,56.667,46.381,461,43.905
2095,2095,69.833,595.473,484.556,56.712,46.148,275,1,595,487,56.667,46.381,461,43.905
2096,2096,69.867,595.324,484.467,56.698,46.140,276,1,595,487,56.667,46.381,461,43.905
2097,2097,69.900,595.519,484.540,56.716,46.147,277,1,595,487,56.667,46.381,461,43.905
2098,2098,69.933,595.591,484.632,56.723,46.155,276,1,595,487,56.667,46.381,461,43.905
2099,2099,69.967,595.367,484.429,56.702,46.136,281,1,595,487,56.667,46.381,461,43.905
2100,2100,70.000,595.242,484.321,56.690,46.126,285,1,595,487,56.667,46.381,461,43.905
2101,2101,70.033,595.215,484.188,56.687,46.113,279,1,595,487,56.667,46.381,461,43.905
2102,2102,70.067,595.135,484.071,56.680,46.102,277,1,595,487,56.667,46.381,461,43.905
2103,2103,70.100,594.828,483.724,56.650,46.069,275,1,595,487,56.667,46.381,461,43.905
2104,2104,70.133,594.833,483.669,56.651,46.064,277,1,595,487,56.667,46.381,461,43.905
2105,2105,70.167,NaN,NaN,NaN,NaN,NaN,0,595,487,56.667,46.381,461,43.905
2106,2106,70.200,594.692,483.429,56.637,46.041,274,1,595,487,56.667,46.381,461,43.905
2107,2107,70.233,594.497,483.189,56.619,46.018,282,1,595,487,56.667,46.381,461,43.905
2108,2108,70.267,594.341,482.992,56.604,45.999,290,1,595,487,56.667,46.381,461,43.905
2109,2109,70.300,594.352,482.986,56.605,45.999,291,1,595,487,56.667,46.381,461,43.905
2110,2110,70.333,594.079,482.715,56.579,45.973,289,1,595,487,56.667,46.381,461,43.905
2111,2111,70.367,594.146,482.832,56.585,45.984,292,1,595,487,56.667,46.381,461,43.905
2112,2112,70.400,594.011,482.614,56.572,45.963,300,1,595,487,56.667,46.381,461,43.905
2113,2113,70.433,593.930,482.462,56.565,45.949,304,1,595,487,56.667,46.381,461,43.905
2114,2114,70.467,593.808,482.294,56.553,45.933,306,1,595,487,56.667,46.381,461,43.905
2115,2115,70.500,593.924,482.141,56.564,45.918,305,1,595,487,56.667,46.381,461,43.905
2116,2116,70.533,593.727,482.157,56.545,45.920,306,1,595,487,56.667,46.381,461,43.905
2117,2117,70.567,593.790,482.239,56.551,45.928,304,1,595,487,56.667,46.381,461,43.905
2118,2118,70.600,593.614,482.078,56.535,45.912,311,1,595,487,56.667,46.381,461,43.905
2119,2119,70.633,593.567,482.109,56.530,45.915,312,1,595,487,56.667,46.381,461,43.905
2120,2120,70.667,593.529,482.049,56.527,45.909,314,1,595,487,56.667,46.381,461,43.905
2121,2121,70.700,593.567,482.126,56.530,45.917,313,1,595,487,56.667,46.381,461,43.905
2122,2122,70.733,593.692,482.272,56.542,45.931,308,1,595,487,56.667,46.381,461,43.905
2123,2123,70.767,593.642,482.330,56.537,45.936,309,1,595,487,56.667,46.381,461,43.905
2124,2124,70.800,593.466,482.091,56.521,45.913,291,1,595,487,56.667,46.381,461,43.905
2125,2125,70.833,593.716,482.518,56.544,45.954,301,1,595,487,56.667,46.381,461,43.905
2126,2126,70.867,593.808,482.809,56.553,45.982,304,1,595,487,56.667,46.381,461,43.905
2127,2127,70.900,593.817,482.858,56.554,45.986,306,1,595,487,56.667,46.381,461,43.905
2128,2128,70.933,593.965,483.107,56.568,46.010,300,1,595,487,56.667,46.381,461,43.905
2129,2129,70.967,593.801,483.106,56.553,46.010,305,1,595,487,56.667,46.381,461,43.905
2130,2130,71.000,593.820,483.113,56.554,46.011,302,1,595,487,56.667,46.381,461,43.905
2131,2131,71.033,593.872,482.987,56.559,45.999,304,1,595,487,56.667,46.381,461,43.905
2132,2132,71.067,594.207,483.318,56.591,46.030,295,1,595,487,56.667,46.381,461,43.905
2133,2133,71.100,593.898,483.139,56.562,46.013,300,1,595,487,56.667,46.381,461,43.905
2134,2134,71.133,593.938,483.184,56.565,46.018,302,1,595,487,56.667,46.381,461,43.905
2135,2135,71.167,594.008,483.236,56.572,46.022,301,1,595,487,56.667,46.381,461,43.905
2136,2136,71.200,593.657,482.872,56.539,45.988,310,1,595,487,56.667,46.381,461,43.905
2137,2137,71.233,593.480,482.989,56.522,45.999,312,1,595,487,56.667,46.381,461,43.905
2138,2138,71.267,593.564,483.021,56.530,46.002,308,1,595,487,56.667,46.381,461,43.905
2139,2139,71.300,593.532,482.854,56.527,45.986,306,1,595,487,56.667,46.381,461,43.905
2140,2140,71.333,593.294,482.799,56.504,45.981,309,1,595,487,56.667,46.381,461,43.905
2141,2141,71.367,593.350,482.870,56.510,45.988,307,1,595,487,56.667,46.381,461,43.905
2142,2142,71.400,593.244,482.659,56.499,45.968,309,1,595,487,56.667,46.381,461,43.905
2143,2143,71.433,592.694,482.469,56.447,45.949,296,1,595,487,56.667,46.381,461,43.905
2144,2144,71.467,592.583,482.349,56.436,45.938,294,1,595,487,56.667,46.381,461,43.905
2145,2145,71.500,592.414,482.468,56.420,45.949,286,1,595,487,56.667,46.381,461,43.905
2146,2146,71.533,591.926,482.012,56.374,45.906,287,1,595,487,56.667,46.381,461,43.905
2147,2147,71.567,591.351,481.583,56.319,45.865,277,1,595,487,56.667,46.381,461,43.905
2148,2148,71.600,591.500,481.789,56.333,45.885,285,1,595,487,56.667,46.381,461,43.905
2149,2149,71.633,591.349,481.641,56.319,45.871,286,1,595,487,56.667,46.381,461,43.905
2150,2150,71.667,591.076,481.391,56.293,45.847,280,1,595,487,56.667,46.381,461,43.905
2151,2151,71.700,590.933,481.157,56.279,45.825,286,1,595,487,56.667,46.381,461,43.905
2152,2152,71.733,590.936,481.426,56.280,45.850,300,1,595,487,56.667,46.381,461,43.905
2153,2153,71.767,591.250,481.727,56.310,45.879,298,1,595,487,56.667,46.381,461,43.905
2154,2154,71.800,591.198,481.756,56.305,45.881,301,1,595,487,56.667,46.381,461,43.905
2155,2155,71.833,591.289,481.777,56.313,45.884,298,1,595,487,56.667,46.381,461,43.905
2156,2156,71.867,591.534,481.929,56.337,45.898,303,1,595,487,56.667,46.381,461,43.905
2157,2157,71.900,591.615,481.928,56.344,45.898,296,1,595,487,56.667,46.381,461,43.905
2158,2158,71.933,591.871,482.016,56.369,45.906,291,1,595,487,56.667,46.381,461,43.905
2159,2159,71.967,592.001,481.787,56.381,45.884,293,1,595,487,56.667,46.381,461,43.905
2160,2160,72.000,591.937,481.564,56.375,45.863,299,1,595,487,56.667,46.381,461,43.905
2161,2161,72.033,592.665,482.195,56.444,45.923,279,1,595,487,56.667,46.381,461,43.905
2162,2162,72.067,592.665,482.049,56.444,45.909,290,1,595,487,56.667,46.381,461,43.905
2163,2163,72.100,592.187,481.832,56.399,45.889,303,1,595,487,56.667,46.381,461,43.905
2164,2164,72.133,592.229,481.759,56.403,45.882,303,1,595,487,56.667,46.381,461,43.905
2165,2165,72.167,592.362,481.779,56.415,45.884,303,1,595,487,56.667,46.381,461,43.905
2166,2166,72.200,592.296,481.658,56.409,45.872,305,1,595,487,56.667,46.381,461,43.905
2167,2167,72.233,592.092,481.706,56.390,45.877,315,1,595,487,56.667,46.381,461,43.905
2168,2168,72.267,592.289,481.745,56.409,45.880,311,1,595,487,56.667,46.381,461,43.905
2169,2169,72.300,592.477,481.848,56.426,45.890,302,1,595,487,56.667,46.381,461,43.905
2170,2170,72.333,592.568,481.833,56.435,45.889,303,1,595,487,56.667,46.381,461,43.905
2171,2171,72.367,592.583,481.831,56.436,45.889,301,1,595,487,56.667,46.381,461,43.905
2172,2172,72.400,592.456,481.721,56.424,45.878,305,1,595,487,56.667,46.381,461,43.905
2173,2173,72.433,592.474,481.733,56.426,45.879,305,1,595,487,56.667,46.381,461,43.905
2174,2174,72.467,592.558,481.780,56.434,45.884,298,1,595,487,56.667,46.381,461,43.905
2175,2175,72.500,592.503,481.749,56.429,45.881,295,1,595,487,56.667,46.381,461,43.905
2176,2176,72.533,592.364,481.593,56.416,45.866,285,1,595,487,56.667,46.381,461,43.905
2177,2177,72.567,592.202,481.374,56.400,45.845,295,1,595,487,56.667,46.381,461,43.905
2178,2178,72.600,592.399,481.494,56.419,45.857,290,1,595,487,56.667,46.381,461,43.905
2179,2179,72.633,592.414,481.517,56.420,45.859,290,1,595,487,56.667,46.381,461,43.905
2180,2180,72.667,591.726,481.155,56.355,45.824,300,1,595,487,56.667,46.381,461,43.905
2181,2181,72.700,591.761,481.043,56.358,45.814,293,1,595,487,56.667,46.381,461,43.905
2182,2182,72.733,591.609,480.964,56.344,45.806,297,1,595,487,56.667,46.381,461,43.905
2183,2183,72.767,591.632,480.977,56.346,45.807,298,1,595,487,56.667,46.381,461,43.905
2184,2184,72.800,590.733,480.521,56.260,45.764,304,1,595,487,56.667,46.381,461,43.905
2185,2185,72.833,590.668,480.482,56.254,45.760,301,1,595,487,56.667,46.381,461,43.905
2186,2186,72.867,590.136,480.209,56.203,45.734,311,1,595,487,56.667,46.381,461,43.905
2187,2187,72.900,589.807,480.095,56.172,45.723,301,1,595,487,56.667,46.381,461,43.905
2188,2188,72.933,589.770,480.110,56.169,45.725,296,1,595,487,56.667,46.381,461,43.905
2189,2189,72.967,589.621,480.116,56.154,45.725,300,1,595,487,56.667,46.381,461,43.905
2190,2190,73.000,589.550,480.057,56.148,45.720,298,1,595,487,56.667,46.381,461,43.905
2191,2191,73.033,589.662,480.109,56.158,45.725,292,1,595,487,56.667,46.381,461,43.905
2192,2192,73.067,589.270,479.711,56.121,45.687,282,1,595,487,56.667,46.381,461,43.905
2193,2193,73.100,589.538,479.790,56.147,45.694,274,1,595,487,56.667,46.381,461,43.905
2194,2194,73.133,589.346,479.718,56.128,45.687,275,1,595,487,56.667,46.381,461,43.905
2195,2195,73.167,NaN,NaN,NaN,NaN,NaN,0,595,487,56.667,46.381,461,43.905
2196,2196,73.200,589.043,479.645,56.099,45.680,278,1,595,487,56.667,46.381,461,43.905
2197,2197,73.233,589.207,479.703,56.115,45.686,275,1,595,487,56.667,46.381,461,43.905
2198,2198,73.267,589.287,479.742,56.123,45.690,274,1,595,487,56.667,46.381,461,43.905
2199,2199,73.300,NaN,NaN,NaN,NaN,NaN,0,595,487,56.667,46.381,461,43.905
2200,2200,73.333,588.667,479.503,56.064,45.667,287,1,595,487,56.667,46.381,461,43.905
2201,2201,73.367,588.982,479.785,56.093,45.694,297,1,595,487,56.667,46.381,461,43.905
2202,2202,73.400,588.815,479.553,56.078,45.672,285,1,595,487,56.667,46.381,461,43.905
2203,2203,73.433,588.929,479.649,56.088,45.681,289,1,595,487,56.667,46.381,461,43.905
2204,2204,73.467,588.690,479.512,56.066,45.668,293,1,595,487,56.667,46.381,461,43.905
2205,2205,73.500,588.752,479.556,56.072,45.672,296,1,595,487,56.667,46.381,461,43.905
2206,2206,73.533,588.900,479.675,56.086,45.683,301,1,595,487,56.667,46.381,461,43.905
2207,2207,73.567,588.936,479.829,56.089,45.698,300,1,595,487,56.667,46.381,461,43.905
2208,2208,73.600,588.929,479.796,56.088,45.695,305,1,595,487,56.667,46.381,461,43.905
2209,2209,73.633,588.567,479.595,56.054,45.676,310,1,595,487,56.667,46.381,461,43.905
2210,2210,73.667,588.625,479.694,56.059,45.685,312,1,595,487,56.667,46.381,461,43.905
2211,2211,73.700,588.573,479.633,56.055,45.679,316,1,595,487,56.667,46.381,461,43.905
2212,2212,73.733,588.541,479.615,56.052,45.678,317,1,595,487,56.667,46.381,461,43.905
2213,2213,73.767,588.433,479.575,56.041,45.674,322,1,595,487,56.667,46.381,461,43.905
2214,2214,73.800,588.377,479.622,56.036,45.678,325,1,595,487,56.667,46.381,461,43.905
2215,2215,73.833,588.009,479.412,56.001,45.658,337,1,595,487,56.667,46.381,461,43.905
2216,2216,73.867,588.454,479.581,56.043,45.674,326,1,595,487,56.667,46.381,461,43.905
2217,2217,73.900,588.457,479.573,56.044,45.674,326,1,595,487,56.667,46.381,461,43.905
2218,2218,73.933,588.440,479.588,56.042,45.675,328,1,595,487,56.667,46.381,461,43.905
2219,2219,73.967,588.266,479.554,56.025,45.672,332,1,595,487,56.667,46.381,461,43.905
2220,2220,74.000,588.139,479.436,56.013,45.661,334,1,595,487,56.667,46.381,461,43.905
2221,2221,74.033,587.835,479.455,55.984,45.662,342,1,595,487,56.667,46.381,461,43.905
2222,2222,74.067,588.409,479.764,56.039,45.692,336,1,595,487,56.667,46.381,461,43.905
2223,2223,74.100,588.750,479.866,56.071,45.701,325,1,595,487,56.667,46.381,461,43.905
2224,2224,74.133,588.756,479.929,56.072,45.707,324,1,595,487,56.667,46.381,461,43.905
2225,2225,74.167,588.756,479.929,56.072,45.707,324,1,595,487,56.667,46.381,461,43.905
2226,2226,74.200,588.756,479.929,56.072,45.707,324,1,595,487,56.667,46.381,461,43.905
2227,2227,74.233,588.333,479.643,56.032,45.680,333,1,595,487,56.667,46.381,461,43.905
2228,2228,74.267,588.277,479.665,56.026,45.682,337,1,595,487,56.667,46.381,461,43.905
2229,2229,74.300,588.209,479.580,56.020,45.674,340,1,595,487,56.667,46.381,461,43.905
2230,2230,74.333,588.123,479.505,56.012,45.667,338,1,595,487,56.667,46.381,461,43.905
2231,2231,74.367,588.283,479.603,56.027,45.676,344,1,595,487,56.667,46.381,461,43.905
2232,2232,74.400,588.305,479.603,56.029,45.677,343,1,595,487,56.667,46.381,461,43.905
2233,2233,74.433,588.191,479.638,56.018,45.680,345,1,595,487,56.667,46.381,461,43.905
2234,2234,74.467,588.201,479.600,56.019,45.676,347,1,595,487,56.667,46.381,461,43.905
2235,2235,74.500,588.233,479.629,56.022,45.679,343,1,595,487,56.667,46.381,461,43.905
2236,2236,74.533,588.338,479.686,56.032,45.684,347,1,595,487,56.667,46.381,461,43.905
2237,2237,74.567,588.340,479.688,56.032,45.685,347,1,595,487,56.667,46.381,461,43.905
2238,2238,74.600,588.387,479.662,56.037,45.682,342,1,595,487,56.667,46.381,461,43.905
2239,2239,74.633,588.745,479.870,56.071,45.702,341,1,595,487,56.667,46.381,461,43.905
2240,2240,74.667,588.474,479.807,56.045,45.696,351,1,595,487,56.667,46.381,461,43.905
2241,2241,74.700,588.475,479.760,56.045,45.691,345,1,595,487,56.667,46.381,461,43.905
2242,2242,74.733,588.497,479.850,56.047,45.700,343,1,595,487,56.667,46.381,461,43.905
2243,2243,74.767,588.626,479.942,56.060,45.709,339,1,595,487,56.667,46.381,461,43.905
2244,2244,74.800,588.581,479.944,56.055,45.709,341,1,595,487,56.667,46.381,461,43.905
2245,2245,74.833,588.762,480.011,56.073,45.715,336,1,595,487,56.667,46.381,461,43.905
2246,2246,74.867,589.016,480.128,56.097,45.726,336,1,595,487,56.667,46.381,461,43.905
2247,2247,74.900,588.878,480.032,56.084,45.717,334,1,595,487,56.667,46.381,461,43.905
2248,2248,74.933,589.202,480.164,56.115,45.730,338,1,595,487,56.667,46.381,461,43.905
2249,2249,74.967,589.398,480.290,56.133,45.742,330,1,595,487,56.667,46.381,461,43.905
2250,2250,75.000,589.546,480.333,56.147,45.746,331,1,595,487,56.667,46.381,461,43.905
2251,2251,75.033,589.939,480.520,56.185,45.764,332,1,595,487,56.667,46.381,461,43.905
2252,2252,75.067,589.971,480.595,56.188,45.771,333,1,595,487,56.667,46.381,461,43.905
2253,2253,75.100,590.241,480.763,56.213,45.787,325,1,595,487,56.667,46.381,461,43.905
2254,2254,75.133,590.422,480.904,56.231,45.800,326,1,595,487,56.667,46.381,461,43.905
2255,2255,75.167,590.530,481.069,56.241,45.816,319,1,595,487,56.667,46.381,461,43.905
2256,2256,75.200,590.749,481.023,56.262,45.812,331,1,595,487,56.667,46.381,461,43.905
2257,2257,75.233,590.649,481.013,56.252,45.811,328,1,595,487,56.667,46.381,461,43.905
2258,2258,75.267,590.759,481.122,56.263,45.821,324,1,595,487,56.667,46.381,461,43.905
2259,2259,75.300,590.498,481.265,56.238,45.835,335,1,595,487,56.667,46.381,461,43.905
2260,2260,75.333,590.243,481.222,56.214,45.831,343,1,595,487,56.667,46.381,461,43.905
2261,2261,75.367,590.356,481.261,56.224,45.834,337,1,595,487,56.667,46.381,461,43.905
2262,2262,75.400,590.296,481.279,56.219,45.836,340,1,595,487,56.667,46.381,461,43.905
2263,2263,75.433,590.318,481.130,56.221,45.822,333,1,595,487,56.667,46.381,461,43.905
2264,2264,75.467,590.217,481.275,56.211,45.836,341,1,595,487,56.667,46.381,461,43.905
2265,2265,75.500,590.476,481.331,56.236,45.841,334,1,595,487,56.667,46.381,461,43.905
2266,2266,75.533,590.424,481.334,56.231,45.841,334,1,595,487,56.667,46.381,461,43.905
2267,2267,75.567,590.364,481.238,56.225,45.832,336,1,595,487,56.667,46.381,461,43.905
2268,2268,75.600,590.313,481.320,56.220,45.840,336,1,595,487,56.667,46.381,461,43.905
2269,2269,75.633,590.358,481.439,56.225,45.851,332,1,595,487,56.667,46.381,461,43.905
2270,2270,75.667,590.578,481.693,56.245,45.876,332,1,595,487,56.667,46.381,461,43.905
2271,2271,75.700,590.740,481.734,56.261,45.879,325,1,595,487,56.667,46.381,461,43.905
2272,2272,75.733,590.814,481.854,56.268,45.891,324,1,595,487,56.667,46.381,461,43.905
2273,2273,75.767,590.907,481.966,56.277,45.901,323,1,595,487,56.667,46.381,461,43.905
2274,2274,75.800,590.859,482.014,56.272,45.906,329,1,595,487,56.667,46.381,461,43.905
2275,2275,75.833,590.966,482.123,56.283,45.916,325,1,595,487,56.667,46.381,461,43.905
2276,2276,75.867,590.848,482.264,56.271,45.930,326,1,595,487,56.667,46.381,461,43.905
2277,2277,75.900,590.858,482.250,56.272,45.929,340,1,595,487,56.667,46.381,461,43.905
2278,2278,75.933,590.971,482.418,56.283,45.945,350,1,595,487,56.667,46.381,461,43.905
2279,2279,75.967,590.676,482.431,56.255,45.946,352,1,595,487,56.667,46.381,461,43.905
2280,2280,76.000,590.566,482.446,56.244,45.947,354,1,595,487,56.667,46.381,461,43.905
2281,2281,76.033,589.928,482.379,56.184,45.941,348,1,595,487,56.667,46.381,461,43.905
2282,2282,76.067,589.784,482.418,56.170,45.945,351,1,595,487,56.667,46.381,461,43.905
2283,2283,76.100,589.536,482.278,56.146,45.931,362,1,595,487,56.667,46.381,461,43.905
2284,2284,76.133,589.524,482.280,56.145,45.931,362,1,595,487,56.667,46.381,461,43.905
2285,2285,76.167,589.360,482.353,56.130,45.938,368,1,595,487,56.667,46.381,461,43.905
2286,2286,76.200,589.162,482.406,56.111,45.943,372,1,595,487,56.667,46.381,461,43.905
2287,2287,76.233,589.026,482.395,56.098,45.942,372,1,595,487,56.667,46.381,461,43.905
2288,2288,76.267,589.066,482.408,56.102,45.944,373,1,595,487,56.667,46.381,461,43.905
2289,2289,76.300,588.895,482.363,56.085,45.939,367,1,595,487,56.667,46.381,461,43.905
2290,2290,76.333,588.795,482.410,56.076,45.944,370,1,595,487,56.667,46.381,461,43.905
2291,2291,76.367,588.748,482.417,56.071,45.944,366,1,595,487,56.667,46.381,461,43.905
2292,2292,76.400,588.544,482.558,56.052,45.958,371,1,595,487,56.667,46.381,461,43.905
2293,2293,76.433,588.181,482.601,56.017,45.962,361,1,595,487,56.667,46.381,461,43.905
2294,2294,76.467,587.855,482.537,55.986,45.956,353,1,595,487,56.667,46.381,461,43.905
2295,2295,76.500,587.519,482.486,55.954,45.951,353,1,595,487,56.667,46.381,461,43.905
2296,2296,76.533,587.492,482.519,55.952,45.954,350,1,595,487,56.667,46.381,461,43.905
2297,2297,76.567,587.264,482.568,55.930,45.959,351,1,595,487,56.667,46.381,461,43.905
2298,2298,76.600,587.063,482.541,55.911,45.956,344,1,595,487,56.667,46.381,461,43.905
2299,2299,76.633,586.912,482.494,55.896,45.952,331,1,595,487,56.667,46.381,461,43.905
2300,2300,76.667,586.836,482.330,55.889,45.936,330,1,595,487,56.667,46.381,461,43.905
2301,2301,76.700,586.653,482.296,55.872,45.933,330,1,595,487,56.667,46.381,461,43.905
2302,2302,76.733,586.808,482.276,55.886,45.931,330,1,595,487,56.667,46.381,461,43.905
2303,2303,76.767,586.998,482.211,55.905,45.925,325,1,595,487,56.667,46.381,461,43.905
2304,2304,76.800,587.179,482.270,55.922,45.930,330,1,595,487,56.667,46.381,461,43.905
2305,2305,76.833,587.135,482.235,55.918,45.927,329,1,595,487,56.667,46.381,461,43.905
2306,2306,76.867,587.533,482.142,55.955,45.918,325,1,595,487,56.667,46.381,461,43.905
2307,2307,76.900,587.691,481.982,55.971,45.903,315,1,595,487,56.667,46.381,461,43.905
2308,2308,76.933,587.568,481.958,55.959,45.901,319,1,595,487,56.667,46.381,461,43.905
2309,2309,76.967,587.563,481.901,55.958,45.895,316,1,595,487,56.667,46.381,461,43.905
2310,2310,77.000,587.938,481.702,55.994,45.876,318,1,595,487,56.667,46.381,461,43.905
2311,2311,77.033,587.664,481.677,55.968,45.874,317,1,595,487,56.667,46.381,461,43.905
2312,2312,77.067,587.719,481.672,55.973,45.874,316,1,595,487,56.667,46.381,461,43.905
2313,2313,77.100,587.856,481.566,55.986,45.863,307,1,595,487,56.667,46.381,461,43.905
2314,2314,77.133,587.938,481.446,55.994,45.852,312,1,595,487,56.667,46.381,461,43.905
2315,2315,77.167,587.856,481.510,55.986,45.858,306,1,595,487,56.667,46.381,461,43.905
2316,2316,77.200,587.971,481.306,55.997,45.839,300,1,595,487,56.667,46.381,461,43.905
2317,2317,77.233,588.239,481.122,56.023,45.821,306,1,595,487,56.667,46.381,461,43.905
2318,2318,77.267,588.196,481.007,56.019,45.810,305,1,595,487,56.667,46.381,461,43.905
2319,2319,77.300,588.109,481.008,56.010,45.810,305,1,595,487,56.667,46.381,461,43.905
2320,2320,77.333,587.992,480.776,55.999,45.788,292,1,595,487,56.667,46.381,461,43.905
2321,2321,77.367,587.772,480.787,55.978,45.789,295,1,595,487,56.667,46.381,461,43.905
2322,2322,77.400,587.865,480.690,55.987,45.780,304,1,595,487,56.667,46.381,461,43.905
2323,2323,77.433,588.121,480.714,56.012,45.782,301,1,595,487,56.667,46.381,461,43.905
2324,2324,77.467,587.966,480.736,55.997,45.784,300,1,595,487,56.667,46.381,461,43.905
2325,2325,77.500,587.910,480.775,55.991,45.788,306,1,595,487,56.667,46.381,461,43.905
2326,2326,77.533,587.594,480.880,55.961,45.798,308,1,595,487,56.667,46.381,461,43.905
2327,2327,77.567,587.765,480.973,55.978,45.807,312,1,595,487,56.667,46.381,461,43.905
2328,2328,77.600,587.391,481.000,55.942,45.810,309,1,595,487,56.667,46.381,461,43.905
2329,2329,77.633,587.468,480.982,55.949,45.808,316,1,595,487,56.667,46.381,461,43.905
2330,2330,77.667,587.058,481.076,55.910,45.817,328,1,595,487,56.667,46.381,461,43.905
2331,2331,77.700,586.920,481.297,55.897,45.838,326,1,595,487,56.667,46.381,461,43.905
2332,2332,77.733,586.687,481.408,55.875,45.848,330,1,595,487,56.667,46.381,461,43.905
2333,2333,77.767,586.471,481.479,55.854,45.855,326,1,595,487,56.667,46.381,461,43.905
2334,2334,77.800,586.359,481.416,55.844,45.849,338,1,595,487,56.667,46.381,461,43.905
2335,2335,77.833,585.703,481.513,55.781,45.858,350,1,595,487,56.667,46.381,461,43.905
2336,2336,77.867,585.758,481.640,55.786,45.870,344,1,595,487,56.667,46.381,461,43.905
2337,2337,77.900,584.969,481.864,55.711,45.892,358,1,595,487,56.667,46.381,461,43.905
2338,2338,77.933,584.567,481.945,55.673,45.900,361,1,595,487,56.667,46.381,461,43.905
2339,2339,77.967,584.398,482.087,55.657,45.913,363,1,595,487,56.667,46.381,461,43.905
2340,2340,78.000,583.771,482.298,55.597,45.933,367,1,595,487,56.667,46.381,461,43.905
2341,2341,78.033,583.499,482.577,55.571,45.960,365,1,595,487,56.667,46.381,461,43.905
2342,2342,78.067,583.244,482.633,55.547,45.965,369,1,595,487,56.667,46.381,461,43.905
2343,2343,78.100,583.046,482.669,55.528,45.968,353,1,595,487,56.667,46.381,461,43.905
2344,2344,78.133,582.731,482.866,55.498,45.987,362,1,595,487,56.667,46.381,461,43.905
2345,2345,78.167,582.624,482.967,55.488,45.997,361,1,595,487,56.667,46.381,461,43.905
2346,2346,78.200,582.397,483.193,55.466,46.018,356,1,595,487,56.667,46.381,461,43.905
2347,2347,78.233,582.127,483.258,55.441,46.025,356,1,595,487,56.667,46.381,461,43.905
2348,2348,78.267,582.023,483.179,55.431,46.017,352,1,595,487,56.667,46.381,461,43.905
2349,2349,78.300,581.790,483.349,55.409,46.033,356,1,595,487,56.667,46.381,461,43.905
2350,2350,78.333,581.357,483.542,55.367,46.052,358,1,595,487,56.667,46.381,461,43.905
2351,2351,78.367,581.047,483.764,55.338,46.073,358,1,595,487,56.667,46.381,461,43.905
2352,2352,78.400,580.790,483.799,55.313,46.076,354,1,595,487,56.667,46.381,461,43.905
2353,2353,78.433,580.477,484.061,55.283,46.101,360,1,595,487,56.667,46.381,461,43.905
2354,2354,78.467,580.364,484.145,55.273,46.109,361,1,595,487,56.667,46.381,461,43.905
2355,2355,78.500,580.353,484.142,55.272,46.109,361,1,595,487,56.667,46.381,461,43.905
2356,2356,78.533,580.432,484.140,55.279,46.109,360,1,595,487,56.667,46.381,461,43.905
2357,2357,78.567,580.510,484.004,55.287,46.096,359,1,595,487,56.667,46.381,461,43.905
2358,2358,78.600,580.498,484.031,55.286,46.098,359,1,595,487,56.667,46.381,461,43.905
2359,2359,78.633,580.783,483.932,55.313,46.089,355,1,595,487,56.667,46.381,461,43.905
2360,2360,78.667,580.845,483.872,55.319,46.083,352,1,595,487,56.667,46.381,461,43.905
2361,2361,78.700,580.775,483.923,55.312,46.088,353,1,595,487,56.667,46.381,461,43.905
2362,2362,78.733,580.792,483.871,55.313,46.083,357,1,595,487,56.667,46.381,461,43.905
2363,2363,78.767,580.928,483.787,55.326,46.075,358,1,595,487,56.667,46.381,461,43.905
2364,2364,78.800,581.148,483.616,55.347,46.059,355,1,595,487,56.667,46.381,461,43.905
2365,2365,78.833,581.288,483.370,55.361,46.035,369,1,595,487,56.667,46.381,461,43.905
2366,2366,78.867,581.334,483.348,55.365,46.033,371,1,595,487,56.667,46.381,461,43.905
2367,2367,78.900,581.385,483.379,55.370,46.036,367,1,595,487,56.667,46.381,461,43.905
2368,2368,78.933,581.417,483.381,55.373,46.036,365,1,595,487,56.667,46.381,461,43.905
2369,2369,78.967,581.512,483.303,55.382,46.029,362,1,595,487,56.667,46.381,461,43.905
2370,2370,79.000,581.352,483.227,55.367,46.022,369,1,595,487,56.667,46.381,461,43.905
2371,2371,79.033,581.303,483.292,55.362,46.028,368,1,595,487,56.667,46.381,461,43.905
2372,2372,79.067,581.428,483.162,55.374,46.015,362,1,595,487,56.667,46.381,461,43.905
2373,2373,79.100,581.544,483.083,55.385,46.008,361,1,595,487,56.667,46.381,461,43.905
2374,2374,79.133,581.541,483.142,55.385,46.014,365,1,595,487,56.667,46.381,461,43.905
2375,2375,79.167,581.400,483.160,55.371,46.015,366,1,595,487,56.667,46.381,461,43.905
2376,2376,79.200,581.498,483.129,55.381,46.012,367,1,595,487,56.667,46.381,461,43.905
2377,2377,79.233,580.934,483.325,55.327,46.031,374,1,595,487,56.667,46.381,461,43.905
2378,2378,79.267,581.155,483.223,55.348,46.021,381,1,595,487,56.667,46.381,461,43.905
2379,2379,79.300,580.981,483.322,55.332,46.031,379,1,595,487,56.667,46.381,461,43.905
2380,2380,79.333,580.810,483.369,55.315,46.035,381,1,595,487,56.667,46.381,461,43.905
2381,2381,79.367,581.251,483.231,55.357,46.022,367,1,595,487,56.667,46.381,461,43.905
2382,2382,79.400,581.285,483.224,55.360,46.021,367,1,595,487,56.667,46.381,461,43.905
2383,2383,79.433,581.261,483.255,55.358,46.024,368,1,595,487,56.667,46.381,461,43.905
2384,2384,79.467,581.217,483.392,55.354,46.037,366,1,595,487,56.667,46.381,461,43.905
2385,2385,79.500,580.540,483.680,55.289,46.065,377,1,595,487,56.667,46.381,461,43.905
2386,2386,79.533,580.841,483.593,55.318,46.057,388,1,595,487,56.667,46.381,461,43.905
2387,2387,79.567,580.525,483.681,55.288,46.065,389,1,595,487,56.667,46.381,461,43.905
2388,2388,79.600,580.636,483.716,55.299,46.068,389,1,595,487,56.667,46.381,461,43.905
2389,2389,79.633,580.634,483.711,55.298,46.068,389,1,595,487,56.667,46.381,461,43.905
2390,2390,79.667,580.517,483.709,55.287,46.068,387,1,595,487,56.667,46.381,461,43.905
2391,2391,79.700,580.516,483.661,55.287,46.063,389,1,595,487,56.667,46.381,461,43.905
2392,2392,79.733,580.428,483.715,55.279,46.068,391,1,595,487,56.667,46.381,461,43.905
2393,2393,79.767,580.380,483.764,55.274,46.073,392,1,595,487,56.667,46.381,461,43.905
2394,2394,79.800,580.362,483.816,55.273,46.078,385,1,595,487,56.667,46.381,461,43.905
2395,2395,79.833,580.261,483.854,55.263,46.081,389,1,595,487,56.667,46.381,461,43.905
2396,2396,79.867,580.234,483.882,55.260,46.084,393,1,595,487,56.667,46.381,461,43.905
2397,2397,79.900,580.190,483.926,55.256,46.088,389,1,595,487,56.667,46.381,461,43.905
2398,2398,79.933,579.907,484.029,55.229,46.098,388,1,595,487,56.667,46.381,461,43.905
2399,2399,79.967,579.951,484.046,55.233,46.100,388,1,595,487,56.667,46.381,461,43.905
2400,2400,80.000,579.835,484.087,55.222,46.103,383,1,595,487,56.667,46.381,461,43.905
2401,2401,80.033,580.102,484.085,55.248,46.103,394,1,595,487,56.667,46.381,461,43.905
2402,2402,80.067,579.813,484.116,55.220,46.106,397,1,595,487,56.667,46.381,461,43.905
2403,2403,80.100,579.671,484.185,55.207,46.113,392,1,595,487,56.667,46.381,461,43.905
2404,2404,80.133,579.593,484.180,55.199,46.112,394,1,595,487,56.667,46.381,461,43.905
2405,2405,80.167,579.517,484.237,55.192,46.118,394,1,595,487,56.667,46.381,461,43.905
2406,2406,80.200,579.314,484.264,55.173,46.120,389,1,595,487,56.667,46.381,461,43.905
2407,2407,80.233,579.243,484.316,55.166,46.125,389,1,595,487,56.667,46.381,461,43.905
2408,2408,80.267,579.208,484.336,55.163,46.127,390,1,595,487,56.667,46.381,461,43.905
2409,2409,80.300,579.242,484.331,55.166,46.127,389,1,595,487,56.667,46.381,461,43.905
2410,2410,80.333,579.123,484.350,55.155,46.129,387,1,595,487,56.667,46.381,461,43.905
2411,2411,80.367,579.138,484.345,55.156,46.128,383,1,595,487,56.667,46.381,461,43.905
2412,2412,80.400,578.918,484.451,55.135,46.138,377,1,595,487,56.667,46.381,461,43.905
2413,2413,80.433,579.006,484.389,55.143,46.132,381,1,595,487,56.667,46.381,461,43.905
2414,2414,80.467,578.992,484.392,55.142,46.133,381,1,595,487,56.667,46.381,461,43.905
2415,2415,80.500,578.925,484.332,55.136,46.127,372,1,595,487,56.667,46.381,461,43.905
2416,2416,80.533,579.135,484.309,55.156,46.125,375,1,595,487,56.667,46.381,461,43.905
2417,2417,80.567,579.083,484.263,55.151,46.120,372,1,595,487,56.667,46.381,461,43.905
2418,2418,80.600,579.042,484.293,55.147,46.123,367,1,595,487,56.667,46.381,461,43.905
2419,2419,80.633,579.235,484.207,55.165,46.115,371,1,595,487,56.667,46.381,461,43.905
2420,2420,80.667,579.001,484.293,55.143,46.123,370,1,595,487,56.667,46.381,461,43.905
2421,2421,80.700,579.045,484.202,55.147,46.114,363,1,595,487,56.667,46.381,461,43.905
2422,2422,80.733,578.955,484.235,55.139,46.118,361,1,595,487,56.667,46.381,461,43.905
2423,2423,80.767,578.887,484.255,55.132,46.120,355,1,595,487,56.667,46.381,461,43.905
2424,2424,80.800,579.081,484.261,55.151,46.120,361,1,595,487,56.667,46.381,461,43.905
2425,2425,80.833,579.802,483.964,55.219,46.092,348,1,595,487,56.667,46.381,461,43.905
2426,2426,80.867,579.809,484.035,55.220,46.099,345,1,595,487,56.667,46.381,461,43.905
2427,2427,80.900,579.204,484.316,55.162,46.125,360,1,595,487,56.667,46.381,461,43.905
2428,2428,80.933,579.266,484.256,55.168,46.120,353,1,595,487,56.667,46.381,461,43.905
2429,2429,80.967,579.533,484.186,55.194,46.113,351,1,595,487,56.667,46.381,461,43.905
2430,2430,81.000,580.114,484.005,55.249,46.096,339,1,595,487,56.667,46.381,461,43.905
2431,2431,81.033,580.617,483.934,55.297,46.089,335,1,595,487,56.667,46.381,461,43.905
2432,2432,81.067,580.985,483.774,55.332,46.074,333,1,595,487,56.667,46.381,461,43.905
2433,2433,81.100,581.524,483.656,55.383,46.062,327,1,595,487,56.667,46.381,461,43.905
2434,2434,81.133,581.791,483.641,55.409,46.061,323,1,595,487,56.667,46.381,461,43.905
2435,2435,81.167,582.009,483.612,55.429,46.058,323,1,595,487,56.667,46.381,461,43.905
2436,2436,81.200,582.411,483.546,55.468,46.052,314,1,595,487,56.667,46.381,461,43.905
2437,2437,81.233,582.395,483.598,55.466,46.057,319,1,595,487,56.667,46.381,461,43.905
2438,2438,81.267,582.836,483.519,55.508,46.049,313,1,595,487,56.667,46.381,461,43.905
2439,2439,81.300,582.873,483.582,55.512,46.055,314,1,595,487,56.667,46.381,461,43.905
2440,2440,81.333,583.269,483.461,55.549,46.044,319,1,595,487,56.667,46.381,461,43.905
2441,2441,81.367,583.355,483.520,55.558,46.050,320,1,595,487,56.667,46.381,461,43.905
2442,2442,81.400,583.389,483.454,55.561,46.043,313,1,595,487,56.667,46.381,461,43.905
2443,2443,81.433,583.578,483.525,55.579,46.050,310,1,595,487,56.667,46.381,461,43.905
2444,2444,81.467,583.207,483.861,55.544,46.082,321,1,595,487,56.667,46.381,461,43.905
2445,2445,81.500,583.550,483.657,55.576,46.063,312,1,595,487,56.667,46.381,461,43.905
2446,2446,81.533,583.462,483.791,55.568,46.075,319,1,595,487,56.667,46.381,461,43.905
2447,2447,81.567,583.287,483.964,55.551,46.092,324,1,595,487,56.667,46.381,461,43.905
2448,2448,81.600,583.266,483.985,55.549,46.094,325,1,595,487,56.667,46.381,461,43.905
2449,2449,81.633,583.041,484.215,55.528,46.116,328,1,595,487,56.667,46.381,461,43.905
2450,2450,81.667,582.810,484.406,55.506,46.134,326,1,595,487,56.667,46.381,461,43.905
2451,2451,81.700,582.827,484.384,55.507,46.132,332,1,595,487,56.667,46.381,461,43.905
2452,2452,81.733,582.727,484.633,55.498,46.156,341,1,595,487,56.667,46.381,461,43.905
2453,2453,81.767,582.697,484.579,55.495,46.150,344,1,595,487,56.667,46.381,461,43.905
2454,2454,81.800,582.459,484.691,55.472,46.161,350,1,595,487,56.667,46.381,461,43.905
2455,2455,81.833,582.651,484.501,55.491,46.143,348,1,595,487,56.667,46.381,461,43.905
2456,2456,81.867,582.603,484.581,55.486,46.151,351,1,595,487,56.667,46.381,461,43.905
2457,2457,81.900,582.464,484.838,55.473,46.175,362,1,595,487,56.667,46.381,461,43.905
2458,2458,81.933,582.567,484.753,55.483,46.167,361,1,595,487,56.667,46.381,461,43.905
2459,2459,81.967,582.264,485.035,55.454,46.194,372,1,595,487,56.667,46.381,461,43.905
2460,2460,82.000,582.145,485.260,55.442,46.215,373,1,595,487,56.667,46.381,461,43.905
2461,2461,82.033,581.650,485.570,55.395,46.245,373,1,595,487,56.667,46.381,461,43.905
2462,2462,82.067,581.648,485.709,55.395,46.258,384,1,595,487,56.667,46.381,461,43.905
2463,2463,82.100,581.346,485.796,55.366,46.266,385,1,595,487,56.667,46.381,461,43.905
2464,2464,82.133,581.347,485.787,55.366,46.265,388,1,595,487,56.667,46.381,461,43.905
2465,2465,82.167,581.374,485.634,55.369,46.251,388,1,595,487,56.667,46.381,461,43.905
2466,2466,82.200,581.125,485.782,55.345,46.265,395,1,595,487,56.667,46.381,461,43.905
2467,2467,82.233,580.869,485.843,55.321,46.271,401,1,595,487,56.667,46.381,461,43.905
2468,2468,82.267,580.460,485.863,55.282,46.273,425,1,595,487,56.667,46.381,461,43.905
2469,2469,82.300,580.364,485.882,55.273,46.274,426,1,595,487,56.667,46.381,461,43.905
2470,2470,82.333,580.166,485.973,55.254,46.283,419,1,595,487,56.667,46.381,461,43.905
2471,2471,82.367,580.202,485.792,55.257,46.266,417,1,595,487,56.667,46.381,461,43.905
2472,2472,82.400,580.103,485.726,55.248,46.260,414,1,595,487,56.667,46.381,461,43.905
2473,2473,82.433,580.133,485.588,55.251,46.246,414,1,595,487,56.667,46.381,461,43.905
2474,2474,82.467,580.326,485.416,55.269,46.230,408,1,595,487,56.667,46.381,461,43.905
2475,2475,82.500,580.483,485.197,55.284,46.209,396,1,595,487,56.667,46.381,461,43.905
2476,2476,82.533,580.686,485.044,55.303,46.195,393,1,595,487,56.667,46.381,461,43.905
2477,2477,82.567,581.090,484.821,55.342,46.173,391,1,595,487,56.667,46.381,461,43.905
2478,2478,82.600,581.515,484.484,55.382,46.141,378,1,595,487,56.667,46.381,461,43.905
2479,2479,82.633,581.501,484.494,55.381,46.142,379,1,595,487,56.667,46.381,461,43.905
2480,2480,82.667,581.697,484.376,55.400,46.131,375,1,595,487,56.667,46.381,461,43.905
2481,2481,82.700,582.050,484.147,55.433,46.109,363,1,595,487,56.667,46.381,461,43.905
2482,2482,82.733,582.070,484.147,55.435,46.109,362,1,595,487,56.667,46.381,461,43.905
2483,2483,82.767,582.205,484.065,55.448,46.101,364,1,595,487,56.667,46.381,461,43.905
2484,2484,82.800,582.008,484.157,55.429,46.110,359,1,595,487,56.667,46.381,461,43.905
2485,2485,82.833,582.042,484.234,55.433,46.117,365,1,595,487,56.667,46.381,461,43.905
2486,2486,82.867,581.732,484.330,55.403,46.127,360,1,595,487,56.667,46.381,461,43.905
2487,2487,82.900,582.033,484.300,55.432,46.124,367,1,595,487,56.667,46.381,461,43.905
2488,2488,82.933,582.169,484.219,55.445,46.116,366,1,595,487,56.667,46.381,461,43.905
2489,2489,82.967,582.489,483.851,55.475,46.081,365,1,595,487,56.667,46.381,461,43.905
2490,2490,83.000,582.217,483.885,55.449,46.084,371,1,595,487,56.667,46.381,461,43.905
2491,2491,83.033,582.186,483.838,55.446,46.080,378,1,595,487,56.667,46.381,461,43.905
2492,2492,83.067,581.901,483.953,55.419,46.091,376,1,595,487,56.667,46.381,461,43.905
2493,2493,83.100,582.004,483.889,55.429,46.085,378,1,595,487,56.667,46.381,461,43.905
2494,2494,83.133,582.110,483.756,55.439,46.072,364,1,595,487,56.667,46.381,461,43.905
2495,2495,83.167,581.946,483.790,55.423,46.075,368,1,595,487,56.667,46.381,461,43.905
2496,2496,83.200,582.067,483.765,55.435,46.073,369,1,595,487,56.667,46.381,461,43.905
2497,2497,83.233,581.455,483.926,55.377,46.088,385,1,595,487,56.667,46.381,461,43.905
2498,2498,83.267,581.268,483.908,55.359,46.087,387,1,595,487,56.667,46.381,461,43.905
2499,2499,83.300,581.202,483.962,55.353,46.092,387,1,595,487,56.667,46.381,461,43.905
2500,2500,83.333,581.220,483.954,55.354,46.091,388,1,595,487,56.667,46.381,461,43.905
2501,2501,83.367,581.031,483.980,55.336,46.093,386,1,595,487,56.667,46.381,461,43.905
2502,2502,83.400,580.915,484.026,55.325,46.098,383,1,595,487,56.667,46.381,461,43.905
2503,2503,83.433,580.831,483.983,55.317,46.094,381,1,595,487,56.667,46.381,461,43.905
2504,2504,83.467,580.924,483.923,55.326,46.088,387,1,595,487,56.667,46.381,461,43.905
2505,2505,83.500,581.089,483.842,55.342,46.080,380,1,595,487,56.667,46.381,461,43.905
2506,2506,83.533,581.110,483.724,55.344,46.069,374,1,595,487,56.667,46.381,461,43.905
2507,2507,83.567,581.219,483.614,55.354,46.058,372,1,595,487,56.667,46.381,461,43.905
2508,2508,83.600,581.001,483.643,55.333,46.061,368,1,595,487,56.667,46.381,461,43.905
2509,2509,83.633,581.255,483.666,55.358,46.063,373,1,595,487,56.667,46.381,461,43.905
2510,2510,83.667,581.403,483.659,55.372,46.063,376,1,595,487,56.667,46.381,461,43.905
2511,2511,83.700,581.463,483.648,55.377,46.062,375,1,595,487,56.667,46.381,461,43.905
2512,2512,83.733,581.525,483.677,55.383,46.065,380,1,595,487,56.667,46.381,461,43.905
2513,2513,83.767,581.377,483.760,55.369,46.072,383,1,595,487,56.667,46.381,461,43.905
2514,2514,83.800,581.965,483.607,55.425,46.058,374,1,595,487,56.667,46.381,461,43.905
2515,2515,83.833,581.868,483.594,55.416,46.057,376,1,595,487,56.667,46.381,461,43.905
2516,2516,83.867,582.101,483.547,55.438,46.052,381,1,595,487,56.667,46.381,461,43.905
2517,2517,83.900,582.012,483.566,55.430,46.054,398,1,595,487,56.667,46.381,461,43.905
2518,2518,83.933,581.992,483.561,55.428,46.053,396,1,595,487,56.667,46.381,461,43.905
2519,2519,83.967,582.088,483.497,55.437,46.047,397,1,595,487,56.667,46.381,461,43.905
2520,2520,84.000,582.202,483.492,55.448,46.047,402,1,595,487,56.667,46.381,461,43.905
2521,2521,84.033,582.427,483.403,55.469,46.038,402,1,595,487,56.667,46.381,461,43.905
2522,2522,84.067,582.275,483.350,55.455,46.033,409,1,595,487,56.667,46.381,461,43.905
2523,2523,84.100,582.405,483.335,55.467,46.032,410,1,595,487,56.667,46.381,461,43.905
2524,2524,84.133,582.768,483.300,55.502,46.029,408,1,595,487,56.667,46.381,461,43.905
2525,2525,84.167,582.818,483.271,55.506,46.026,406,1,595,487,56.667,46.381,461,43.905
2526,2526,84.200,583.243,483.146,55.547,46.014,412,1,595,487,56.667,46.381,461,43.905
2527,2527,84.233,583.643,482.995,55.585,46.000,403,1,595,487,56.667,46.381,461,43.905
2528,2528,84.267,583.869,482.906,55.607,45.991,399,1,595,487,56.667,46.381,461,43.905
2529,2529,84.300,584.165,482.887,55.635,45.989,401,1,595,487,56.667,46.381,461,43.905
2530,2530,84.333,584.140,482.860,55.632,45.987,400,1,595,487,56.667,46.381,461,43.905
2531,2531,84.367,585.144,482.498,55.728,45.952,405,1,595,487,56.667,46.381,461,43.905
2532,2532,84.400,585.243,482.454,55.737,45.948,395,1,595,487,56.667,46.381,461,43.905
2533,2533,84.433,585.490,482.454,55.761,45.948,383,1,595,487,56.667,46.381,461,43.905
2534,2534,84.467,585.850,482.385,55.795,45.941,382,1,595,487,56.667,46.381,461,43.905
2535,2535,84.500,586.199,482.186,55.829,45.922,375,1,595,487,56.667,46.381,461,43.905
2536,2536,84.533,586.684,482.109,55.875,45.915,368,1,595,487,56.667,46.381,461,43.905
2537,2537,84.567,587.140,481.940,55.918,45.899,357,1,595,487,56.667,46.381,461,43.905
2538,2538,84.600,587.627,481.773,55.965,45.883,345,1,595,487,56.667,46.381,461,43.905
2539,2539,84.633,588.051,481.649,56.005,45.871,335,1,595,487,56.667,46.381,461,43.905
2540,2540,84.667,587.903,481.767,55.991,45.883,338,1,595,487,56.667,46.381,461,43.905
2541,2541,84.700,588.417,481.532,56.040,45.860,325,1,595,487,56.667,46.381,461,43.905
2542,2542,84.733,588.565,481.527,56.054,45.860,320,1,595,487,56.667,46.381,461,43.905
2543,2543,84.767,588.599,481.495,56.057,45.857,320,1,595,487,56.667,46.381,461,43.905
2544,2544,84.800,589.131,481.339,56.108,45.842,316,1,595,487,56.667,46.381,461,43.905
2545,2545,84.833,589.302,481.252,56.124,45.833,307,1,595,487,56.667,46.381,461,43.905
2546,2546,84.867,589.336,481.151,56.127,45.824,306,1,595,487,56.667,46.381,461,43.905
2547,2547,84.900,589.178,481.233,56.112,45.832,306,1,595,487,56.667,46.381,461,43.905
2548,2548,84.933,589.228,481.077,56.117,45.817,298,1,595,487,56.667,46.381,461,43.905
2549,2549,84.967,589.044,481.199,56.099,45.828,293,1,595,487,56.667,46.381,461,43.905
2550,2550,85.000,589.164,481.245,56.111,45.833,287,1,595,487,56.667,46.381,461,43.905
2551,2551,85.033,589.519,481.143,56.145,45.823,282,1,595,487,56.667,46.381,461,43.905
2552,2552,85.067,589.455,481.165,56.139,45.825,285,1,595,487,56.667,46.381,461,43.905
2553,2553,85.100,589.377,481.250,56.131,45.833,277,1,595,487,56.667,46.381,461,43.905
2554,2554,85.133,589.159,481.370,56.110,45.845,277,1,595,487,56.667,46.381,461,43.905
2555,2555,85.167,588.997,481.538,56.095,45.861,283,1,595,487,56.667,46.381,461,43.905
2556,2556,85.200,588.931,481.533,56.089,45.860,282,1,595,487,56.667,46.381,461,43.905
2557,2557,85.233,588.458,481.675,56.044,45.874,274,1,595,487,56.667,46.381,461,43.905
2558,2558,85.267,588.749,481.874,56.071,45.893,285,1,595,487,56.667,46.381,461,43.905
2559,2559,85.300,588.776,481.945,56.074,45.900,290,1,595,487,56.667,46.381,461,43.905
2560,2560,85.333,588.871,482.062,56.083,45.911,293,1,595,487,56.667,46.381,461,43.905
2561,2561,85.367,588.783,482.095,56.075,45.914,290,1,595,487,56.667,46.381,461,43.905
2562,2562,85.400,588.853,482.016,56.081,45.906,288,1,595,487,56.667,46.381,461,43.905
2563,2563,85.433,589.040,482.041,56.099,45.909,290,1,595,487,56.667,46.381,461,43.905
2564,2564,85.467,589.122,482.027,56.107,45.907,290,1,595,487,56.667,46.381,461,43.905
2565,2565,85.500,589.515,482.020,56.144,45.907,287,1,595,487,56.667,46.381,461,43.905
2566,2566,85.533,589.506,481.976,56.143,45.902,283,1,595,487,56.667,46.381,461,43.905
2567,2567,85.567,589.532,481.984,56.146,45.903,282,1,595,487,56.667,46.381,461,43.905
2568,2568,85.600,589.746,481.956,56.166,45.901,276,1,595,487,56.667,46.381,461,43.905
2569,2569,85.633,NaN,NaN,NaN,NaN,NaN,0,595,487,56.667,46.381,461,43.905
2570,2570,85.667,589.443,482.078,56.137,45.912,278,1,595,487,56.667,46.381,461,43.905
2571,2571,85.700,589.487,482.072,56.142,45.912,278,1,595,487,56.667,46.381,461,43.905
2572,2572,85.733,NaN,NaN,NaN,NaN,NaN,0,595,487,56.667,46.381,461,43.905
2573,2573,85.767,NaN,NaN,NaN,NaN,NaN,0,595,487,56.667,46.381,461,43.905
2574,2574,85.800,589.687,482.353,56.161,45.938,283,1,595,487,56.667,46.381,461,43.905
2575,2575,85.833,589.675,482.380,56.159,45.941,281,1,595,487,56.667,46.381,461,43.905
2576,2576,85.867,589.456,482.455,56.139,45.948,283,1,595,487,56.667,46.381,461,43.905
2577,2577,85.900,589.337,482.709,56.127,45.972,291,1,595,487,56.667,46.381,461,43.905
2578,2578,85.933,589.257,482.789,56.120,45.980,292,1,595,487,56.667,46.381,461,43.905
2579,2579,85.967,589.025,482.950,56.098,45.995,297,1,595,487,56.667,46.381,461,43.905
2580,2580,86.000,588.886,483.093,56.084,46.009,300,1,595,487,56.667,46.381,461,43.905
2581,2581,86.033,588.862,483.405,56.082,46.039,314,1,595,487,56.667,46.381,461,43.905
2582,2582,86.067,589.115,483.439,56.106,46.042,322,1,595,487,56.667,46.381,461,43.905
2583,2583,86.100,589.093,483.411,56.104,46.039,321,1,595,487,56.667,46.381,461,43.905
2584,2584,86.133,588.985,483.362,56.094,46.034,321,1,595,487,56.667,46.381,461,43.905
2585,2585,86.167,588.913,483.371,56.087,46.035,319,1,595,487,56.667,46.381,461,43.905
2586,2586,86.200,588.956,483.452,56.091,46.043,322,1,595,487,56.667,46.381,461,43.905
2587,2587,86.233,588.956,483.452,56.091,46.043,322,1,595,487,56.667,46.381,461,43.905
2588,2588,86.267,588.923,483.632,56.088,46.060,322,1,595,487,56.667,46.381,461,43.905
2589,2589,86.300,588.806,483.617,56.077,46.059,317,1,595,487,56.667,46.381,461,43.905
2590,2590,86.333,589.050,483.729,56.100,46.069,330,1,595,487,56.667,46.381,461,43.905
2591,2591,86.367,588.972,483.911,56.093,46.087,321,1,595,487,56.667,46.381,461,43.905
2592,2592,86.400,589.025,484.096,56.098,46.104,323,1,595,487,56.667,46.381,461,43.905
2593,2593,86.433,589.175,484.031,56.112,46.098,319,1,595,487,56.667,46.381,461,43.905
2594,2594,86.467,588.962,484.140,56.092,46.109,310,1,595,487,56.667,46.381,461,43.905
2595,2595,86.500,589.051,484.152,56.100,46.110,314,1,595,487,56.667,46.381,461,43.905
2596,2596,86.533,588.851,484.025,56.081,46.098,304,1,595,487,56.667,46.381,461,43.905
2597,2597,86.567,589.056,483.890,56.101,46.085,304,1,595,487,56.667,46.381,461,43.905
2598,2598,86.600,588.985,483.670,56.094,46.064,297,1,595,487,56.667,46.381,461,43.905
2599,2599,86.633,589.271,483.430,56.121,46.041,287,1,595,487,56.667,46.381,461,43.905
2600,2600,86.667,589.236,483.360,56.118,46.034,280,1,595,487,56.667,46.381,461,43.905
2601,2601,86.700,589.268,483.277,56.121,46.026,279,1,595,487,56.667,46.381,461,43.905
2602,2602,86.733,589.142,483.330,56.109,46.031,281,1,595,487,56.667,46.381,461,43.905
2603,2603,86.767,589.211,483.273,56.115,46.026,280,1,595,487,56.667,46.381,461,43.905
2604,2604,86.800,589.192,483.297,56.114,46.028,275,1,595,487,56.667,46.381,461,43.905
2605,2605,86.833,NaN,NaN,NaN,NaN,NaN,0,595,487,56.667,46.381,461,43.905
2606,2606,86.867,NaN,NaN,NaN,NaN,NaN,0,595,487,56.667,46.381,461,43.905
2607,2607,86.900,589.164,483.586,56.111,46.056,279,1,595,487,56.667,46.381,461,43.905
2608,2608,86.933,589.116,483.589,56.106,46.056,281,1,595,487,56.667,46.381,461,43.905
2609,2609,86.967,589.225,483.500,56.117,46.048,279,1,595,487,56.667,46.381,461,43.905
2610,2610,87.000,589.113,483.820,56.106,46.078,285,1,595,487,56.667,46.381,461,43.905
2611,2611,87.033,589.104,483.843,56.105,46.080,286,1,595,487,56.667,46.381,461,43.905
2612,2612,87.067,588.840,484.454,56.080,46.138,303,1,595,487,56.667,46.381,461,43.905
2613,2613,87.100,588.975,484.236,56.093,46.118,298,1,595,487,56.667,46.381,461,43.905
2614,2614,87.133,588.887,484.359,56.085,46.129,299,1,595,487,56.667,46.381,461,43.905
2615,2615,87.167,588.663,484.514,56.063,46.144,305,1,595,487,56.667,46.381,461,43.905
2616,2616,87.200,588.514,484.808,56.049,46.172,314,1,595,487,56.667,46.381,461,43.905
2617,2617,87.233,588.432,484.974,56.041,46.188,308,1,595,487,56.667,46.381,461,43.905
2618,2618,87.267,588.318,484.958,56.030,46.186,312,1,595,487,56.667,46.381,461,43.905
2619,2619,87.300,588.182,485.119,56.017,46.202,315,1,595,487,56.667,46.381,461,43.905
2620,2620,87.333,588.148,485.368,56.014,46.226,323,1,595,487,56.667,46.381,461,43.905
2621,2621,87.367,588.226,485.203,56.021,46.210,319,1,595,487,56.667,46.381,461,43.905
2622,2622,87.400,587.940,485.536,55.994,46.242,320,1,595,487,56.667,46.381,461,43.905
2623,2623,87.433,587.929,485.408,55.993,46.229,315,1,595,487,56.667,46.381,461,43.905
2624,2624,87.467,587.756,485.971,55.977,46.283,323,1,595,487,56.667,46.381,461,43.905
2625,2625,87.500,587.715,485.941,55.973,46.280,326,1,595,487,56.667,46.381,461,43.905
2626,2626,87.533,587.594,486.104,55.961,46.296,323,1,595,487,56.667,46.381,461,43.905
2627,2627,87.567,587.517,486.087,55.954,46.294,332,1,595,487,56.667,46.381,461,43.905
2628,2628,87.600,587.586,486.217,55.961,46.306,315,1,595,487,56.667,46.381,461,43.905
2629,2629,87.633,587.486,486.232,55.951,46.308,307,1,595,487,56.667,46.381,461,43.905
2630,2630,87.667,587.142,486.703,55.918,46.353,303,1,595,487,56.667,46.381,461,43.905
2631,2631,87.700,587.147,486.904,55.919,46.372,300,1,595,487,56.667,46.381,461,43.905
2632,2632,87.733,587.016,487.146,55.906,46.395,299,1,595,487,56.667,46.381,461,43.905
2633,2633,87.767,586.870,487.385,55.892,46.418,293,1,595,487,56.667,46.381,461,43.905
2634,2634,87.800,586.842,487.538,55.890,46.432,293,1,595,487,56.667,46.381,461,43.905
2635,2635,87.833,586.679,488.030,55.874,46.479,299,1,595,487,56.667,46.381,461,43.905
2636,2636,87.867,586.332,488.676,55.841,46.541,293,1,595,487,56.667,46.381,461,43.905
2637,2637,87.900,586.314,488.894,55.839,46.561,298,1,595,487,56.667,46.381,461,43.905
2638,2638,87.933,586.143,488.596,55.823,46.533,277,1,595,487,56.667,46.381,461,43.905
2639,2639,87.967,585.843,489.143,55.795,46.585,287,1,595,487,56.667,46.381,461,43.905
2640,2640,88.000,585.791,489.153,55.790,46.586,274,1,595,487,56.667,46.381,461,43.905
2641,2641,88.033,NaN,NaN,NaN,NaN,NaN,0,595,487,56.667,46.381,461,43.905
2642,2642,88.067,586.199,488.594,55.828,46.533,278,1,595,487,56.667,46.381,461,43.905
2643,2643,88.100,586.062,488.439,55.815,46.518,284,1,595,487,56.667,46.381,461,43.905
2644,2644,88.133,586.037,488.523,55.813,46.526,285,1,595,487,56.667,46.381,461,43.905
2645,2645,88.167,585.956,488.516,55.805,46.525,288,1,595,487,56.667,46.381,461,43.905
2646,2646,88.200,585.907,488.456,55.801,46.520,288,1,595,487,56.667,46.381,461,43.905
2647,2647,88.233,585.909,488.447,55.801,46.519,291,1,595,487,56.667,46.381,461,43.905
2648,2648,88.267,585.969,488.276,55.807,46.503,284,1,595,487,56.667,46.381,461,43.905
2649,2649,88.300,586.006,487.939,55.810,46.470,290,1,595,487,56.667,46.381,461,43.905
2650,2650,88.333,585.945,488.113,55.804,46.487,286,1,595,487,56.667,46.381,461,43.905
2651,2651,88.367,585.751,488.405,55.786,46.515,280,1,595,487,56.667,46.381,461,43.905
2652,2652,88.400,585.754,488.276,55.786,46.503,276,1,595,487,56.667,46.381,461,43.905
2653,2653,88.433,585.487,488.444,55.761,46.518,274,1,595,487,56.667,46.381,461,43.905
2654,2654,88.467,NaN,NaN,NaN,NaN,NaN,0,595,487,56.667,46.381,461,43.905
2655,2655,88.500,585.565,488.082,55.768,46.484,279,1,595,487,56.667,46.381,461,43.905
2656,2656,88.533,585.407,488.183,55.753,46.494,283,1,595,487,56.667,46.381,461,43.905
2657,2657,88.567,585.516,488.124,55.763,46.488,285,1,595,487,56.667,46.381,461,43.905
2658,2658,88.600,585.568,488.013,55.768,46.477,290,1,595,487,56.667,46.381,461,43.905
2659,2659,88.633,585.508,487.902,55.763,46.467,276,1,595,487,56.667,46.381,461,43.905
2660,2660,88.667,NaN,NaN,NaN,NaN,NaN,0,595,487,56.667,46.381,461,43.905
2661,2661,88.700,585.446,488.177,55.757,46.493,278,1,595,487,56.667,46.381,461,43.905
2662,2662,88.733,NaN,NaN,NaN,NaN,NaN,0,595,487,56.667,46.381,461,43.905
2663,2663,88.767,NaN,NaN,NaN,NaN,NaN,0,595,487,56.667,46.381,461,43.905
2664,2664,88.800,585.607,487.923,55.772,46.469,274,1,595,487,56.667,46.381,461,43.905
2665,2665,88.833,585.619,487.945,55.773,46.471,275,1,595,487,56.667,46.381,461,43.905
2666,2666,88.867,585.587,488.134,55.770,46.489,287,1,595,487,56.667,46.381,461,43.905
2667,2667,88.900,585.463,488.544,55.758,46.528,288,1,595,487,56.667,46.381,461,43.905
2668,2668,88.933,585.424,488.620,55.755,46.535,288,1,595,487,56.667,46.381,461,43.905
2669,2669,88.967,585.358,488.740,55.748,46.547,290,1,595,487,56.667,46.381,461,43.905
2670,2670,89.000,585.327,488.923,55.745,46.564,292,1,595,487,56.667,46.381,461,43.905
2671,2671,89.033,585.341,488.937,55.747,46.565,292,1,595,487,56.667,46.381,461,43.905
2672,2672,89.067,585.270,488.997,55.740,46.571,300,1,595,487,56.667,46.381,461,43.905
2673,2673,89.100,585.131,489.246,55.727,46.595,307,1,595,487,56.667,46.381,461,43.905
2674,2674,89.133,585.013,489.396,55.716,46.609,311,1,595,487,56.667,46.381,461,43.905
2675,2675,89.167,584.823,490.137,55.697,46.680,319,1,595,487,56.667,46.381,461,43.905
2676,2676,89.200,584.674,490.249,55.683,46.690,324,1,595,487,56.667,46.381,461,43.905
2677,2677,89.233,584.919,489.950,55.707,46.662,314,1,595,487,56.667,46.381,461,43.905
2678,2678,89.267,584.596,490.417,55.676,46.706,317,1,595,487,56.667,46.381,461,43.905
2679,2679,89.300,584.577,490.566,55.674,46.721,316,1,595,487,56.667,46.381,461,43.905
2680,2680,89.333,584.457,490.742,55.663,46.737,321,1,595,487,56.667,46.381,461,43.905
2681,2681,89.367,584.504,490.782,55.667,46.741,323,1,595,487,56.667,46.381,461,43.905
2682,2682,89.400,584.502,490.764,55.667,46.739,322,1,595,487,56.667,46.381,461,43.905
2683,2683,89.433,584.453,490.737,55.662,46.737,321,1,595,487,56.667,46.381,461,43.905
2684,2684,89.467,584.449,490.847,55.662,46.747,319,1,595,487,56.667,46.381,461,43.905
2685,2685,89.500,584.434,490.903,55.660,46.753,318,1,595,487,56.667,46.381,461,43.905
2686,2686,89.533,584.270,491.183,55.645,46.779,323,1,595,487,56.667,46.381,461,43.905
2687,2687,89.567,584.317,491.100,55.649,46.771,334,1,595,487,56.667,46.381,461,43.905
2688,2688,89.600,584.337,491.200,55.651,46.781,329,1,595,487,56.667,46.381,461,43.905
2689,2689,89.633,584.329,491.160,55.650,46.777,332,1,595,487,56.667,46.381,461,43.905
2690,2690,89.667,584.287,491.214,55.646,46.782,331,1,595,487,56.667,46.381,461,43.905
2691,2691,89.700,584.288,491.376,55.646,46.798,338,1,595,487,56.667,46.381,461,43.905
2692,2692,89.733,584.216,491.334,55.640,46.794,335,1,595,487,56.667,46.381,461,43.905
2693,2693,89.767,584.131,491.524,55.631,46.812,338,1,595,487,56.667,46.381,461,43.905
2694,2694,89.800,584.335,491.233,55.651,46.784,344,1,595,487,56.667,46.381,461,43.905
2695,2695,89.833,584.323,491.239,55.650,46.785,345,1,595,487,56.667,46.381,461,43.905
2696,2696,89.867,584.346,491.338,55.652,46.794,346,1,595,487,56.667,46.381,461,43.905
2697,2697,89.900,584.325,491.415,55.650,46.801,348,1,595,487,56.667,46.381,461,43.905
2698,2698,89.933,584.364,491.404,55.654,46.800,335,1,595,487,56.667,46.381,461,43.905
2699,2699,89.967,584.469,491.170,55.664,46.778,335,1,595,487,56.667,46.381,461,43.905
2700,2700,90.000,584.537,491.001,55.670,46.762,332,1,595,487,56.667,46.381,461,43.905
2701,2701,90.033,584.663,490.691,55.682,46.732,325,1,595,487,56.667,46.381,461,43.905
2702,2702,90.067,584.658,490.682,55.682,46.732,324,1,595,487,56.667,46.381,461,43.905
2703,2703,90.100,584.735,490.495,55.689,46.714,330,1,595,487,56.667,46.381,461,43.905
2704,2704,90.133,584.574,490.891,55.674,46.752,335,1,595,487,56.667,46.381,461,43.905
2705,2705,90.167,584.774,490.446,55.693,46.709,332,1,595,487,56.667,46.381,461,43.905
2706,2706,90.200,584.693,490.882,55.685,46.751,339,1,595,487,56.667,46.381,461,43.905
2707,2707,90.233,584.861,490.280,55.701,46.693,333,1,595,487,56.667,46.381,461,43.905
2708,2708,90.267,584.980,490.290,55.712,46.694,340,1,595,487,56.667,46.381,461,43.905
2709,2709,90.300,585.124,490.012,55.726,46.668,337,1,595,487,56.667,46.381,461,43.905
2710,2710,90.333,585.143,489.964,55.728,46.663,336,1,595,487,56.667,46.381,461,43.905
2711,2711,90.367,585.183,489.803,55.732,46.648,336,1,595,487,56.667,46.381,461,43.905
2712,2712,90.400,585.239,489.564,55.737,46.625,330,1,595,487,56.667,46.381,461,43.905
2713,2713,90.433,585.206,489.510,55.734,46.620,330,1,595,487,56.667,46.381,461,43.905
2714,2714,90.467,585.227,489.475,55.736,46.617,328,1,595,487,56.667,46.381,461,43.905
2715,2715,90.500,585.346,489.360,55.747,46.606,327,1,595,487,56.667,46.381,461,43.905
2716,2716,90.533,585.285,489.665,55.741,46.635,334,1,595,487,56.667,46.381,461,43.905
2717,2717,90.567,585.499,489.204,55.762,46.591,321,1,595,487,56.667,46.381,461,43.905
2718,2718,90.600,585.562,489.337,55.768,46.604,330,1,595,487,56.667,46.381,461,43.905
2719,2719,90.633,585.551,489.307,55.767,46.601,328,1,595,487,56.667,46.381,461,43.905
2720,2720,90.667,585.660,489.320,55.777,46.602,332,1,595,487,56.667,46.381,461,43.905
2721,2721,90.700,585.668,489.371,55.778,46.607,326,1,595,487,56.667,46.381,461,43.905
2722,2722,90.733,585.844,489.092,55.795,46.580,326,1,595,487,56.667,46.381,461,43.905
2723,2723,90.767,585.919,488.746,55.802,46.547,319,1,595,487,56.667,46.381,461,43.905
2724,2724,90.800,585.996,488.877,55.809,46.560,325,1,595,487,56.667,46.381,461,43.905
2725,2725,90.833,585.935,488.837,55.803,46.556,338,1,595,487,56.667,46.381,461,43.905
2726,2726,90.867,585.963,488.972,55.806,46.569,334,1,595,487,56.667,46.381,461,43.905
2727,2727,90.900,586.035,488.967,55.813,46.568,335,1,595,487,56.667,46.381,461,43.905
2728,2728,90.933,586.196,489.091,55.828,46.580,343,1,595,487,56.667,46.381,461,43.905
2729,2729,90.967,586.202,489.081,55.829,46.579,342,1,595,487,56.667,46.381,461,43.905
2730,2730,91.000,586.274,489.058,55.836,46.577,345,1,595,487,56.667,46.381,461,43.905
2731,2731,91.033,586.280,489.049,55.836,46.576,344,1,595,487,56.667,46.381,461,43.905
2732,2732,91.067,586.272,488.998,55.835,46.571,338,1,595,487,56.667,46.381,461,43.905
2733,2733,91.100,586.398,488.998,55.847,46.571,340,1,595,487,56.667,46.381,461,43.905
2734,2734,91.133,586.676,489.229,55.874,46.593,334,1,595,487,56.667,46.381,461,43.905
2735,2735,91.167,586.699,489.236,55.876,46.594,334,1,595,487,56.667,46.381,461,43.905
2736,2736,91.200,586.675,489.336,55.874,46.603,334,1,595,487,56.667,46.381,461,43.905
2737,2737,91.233,586.885,489.230,55.894,46.593,333,1,595,487,56.667,46.381,461,43.905
2738,2738,91.267,586.889,489.274,55.894,46.598,335,1,595,487,56.667,46.381,461,43.905
2739,2739,91.300,586.837,489.543,55.889,46.623,331,1,595,487,56.667,46.381,461,43.905
2740,2740,91.333,586.942,489.560,55.899,46.625,338,1,595,487,56.667,46.381,461,43.905
2741,2741,91.367,587.027,489.275,55.907,46.598,336,1,595,487,56.667,46.381,461,43.905
2742,2742,91.400,587.171,488.941,55.921,46.566,326,1,595,487,56.667,46.381,461,43.905
2743,2743,91.433,587.311,488.865,55.934,46.559,328,1,595,487,56.667,46.381,461,43.905
2744,2744,91.467,587.686,488.651,55.970,46.538,334,1,595,487,56.667,46.381,461,43.905
2745,2745,91.500,587.862,488.793,55.987,46.552,326,1,595,487,56.667,46.381,461,43.905
2746,2746,91.533,587.823,488.841,55.983,46.556,332,1,595,487,56.667,46.381,461,43.905
2747,2747,91.567,588.049,488.979,56.005,46.569,331,1,595,487,56.667,46.381,461,43.905
2748,2748,91.600,588.201,489.185,56.019,46.589,334,1,595,487,56.667,46.381,461,43.905
2749,2749,91.633,588.567,489.428,56.054,46.612,325,1,595,487,56.667,46.381,461,43.905
2750,2750,91.667,588.470,489.546,56.045,46.623,334,1,595,487,56.667,46.381,461,43.905
2751,2751,91.700,588.405,489.468,56.039,46.616,330,1,595,487,56.667,46.381,461,43.905
2752,2752,91.733,588.460,489.571,56.044,46.626,334,1,595,487,56.667,46.381,461,43.905
2753,2753,91.767,588.485,489.615,56.046,46.630,332,1,595,487,56.667,46.381,461,43.905
2754,2754,91.800,588.599,490.127,56.057,46.679,342,1,595,487,56.667,46.381,461,43.905
2755,2755,91.833,588.541,490.249,56.052,46.690,333,1,595,487,56.667,46.381,461,43.905
2756,2756,91.867,588.483,490.450,56.046,46.710,337,1,595,487,56.667,46.381,461,43.905
2757,2757,91.900,588.451,490.783,56.043,46.741,338,1,595,487,56.667,46.381,461,43.905
2758,2758,91.933,588.559,491.394,56.053,46.799,343,1,595,487,56.667,46.381,461,43.905
2759,2759,91.967,588.724,491.806,56.069,46.839,354,1,595,487,56.667,46.381,461,43.905
2760,2760,92.000,588.733,491.828,56.070,46.841,348,1,595,487,56.667,46.381,461,43.905
2761,2761,92.033,589.139,492.791,56.108,46.933,336,1,595,487,56.667,46.381,461,43.905
2762,2762,92.067,589.014,492.482,56.097,46.903,337,1,595,487,56.667,46.381,461,43.905
2763,2763,92.100,588.896,492.855,56.085,46.939,330,1,595,487,56.667,46.381,461,43.905
2764,2764,92.133,588.999,493.006,56.095,46.953,328,1,595,487,56.667,46.381,461,43.905
2765,2765,92.167,588.929,493.246,56.088,46.976,325,1,595,487,56.667,46.381,461,43.905
2766,2766,92.200,588.839,493.421,56.080,46.992,326,1,595,487,56.667,46.381,461,43.905
2767,2767,92.233,588.804,493.568,56.077,47.007,323,1,595,487,56.667,46.381,461,43.905
2768,2768,92.267,588.793,493.591,56.075,47.009,325,1,595,487,56.667,46.381,461,43.905
2769,2769,92.300,588.775,493.796,56.074,47.028,325,1,595,487,56.667,46.381,461,43.905
2770,2770,92.333,588.805,493.838,56.077,47.032,327,1,595,487,56.667,46.381,461,43.905
2771,2771,92.367,588.784,493.777,56.075,47.026,327,1,595,487,56.667,46.381,461,43.905
2772,2772,92.400,588.759,493.697,56.072,47.019,330,1,595,487,56.667,46.381,461,43.905
2773,2773,92.433,588.733,493.559,56.070,47.006,330,1,595,487,56.667,46.381,461,43.905
2774,2774,92.467,588.717,493.508,56.068,47.001,331,1,595,487,56.667,46.381,461,43.905
2775,2775,92.500,588.633,493.494,56.060,46.999,323,1,595,487,56.667,46.381,461,43.905
2776,2776,92.533,588.627,493.558,56.060,47.006,321,1,595,487,56.667,46.381,461,43.905
2777,2777,92.567,588.604,493.378,56.058,46.988,323,1,595,487,56.667,46.381,461,43.905
2778,2778,92.600,588.566,493.355,56.054,46.986,324,1,595,487,56.667,46.381,461,43.905
2779,2779,92.633,588.452,492.981,56.043,46.951,334,1,595,487,56.667,46.381,461,43.905
2780,2780,92.667,588.384,492.757,56.037,46.929,326,1,595,487,56.667,46.381,461,43.905
2781,2781,92.700,588.360,493.025,56.034,46.955,323,1,595,487,56.667,46.381,461,43.905
2782,2782,92.733,588.357,492.983,56.034,46.951,324,1,595,487,56.667,46.381,461,43.905
2783,2783,92.767,588.317,493.004,56.030,46.953,322,1,595,487,56.667,46.381,461,43.905
2784,2784,92.800,588.211,492.847,56.020,46.938,321,1,595,487,56.667,46.381,461,43.905
2785,2785,92.833,588.192,492.850,56.018,46.938,321,1,595,487,56.667,46.381,461,43.905
2786,2786,92.867,588.163,492.790,56.016,46.932,316,1,595,487,56.667,46.381,461,43.905
2787,2787,92.900,588.175,492.799,56.017,46.933,318,1,595,487,56.667,46.381,461,43.905
2788,2788,92.933,588.109,492.885,56.010,46.941,320,1,595,487,56.667,46.381,461,43.905
2789,2789,92.967,588.043,492.938,56.004,46.946,321,1,595,487,56.667,46.381,461,43.905
2790,2790,93.000,588.024,493.033,56.002,46.956,326,1,595,487,56.667,46.381,461,43.905
2791,2791,93.033,587.779,492.577,55.979,46.912,316,1,595,487,56.667,46.381,461,43.905
2792,2792,93.067,587.785,492.565,55.980,46.911,313,1,595,487,56.667,46.381,461,43.905
2793,2793,93.100,587.942,492.748,55.995,46.928,321,1,595,487,56.667,46.381,461,43.905
2794,2794,93.133,587.905,492.741,55.991,46.928,322,1,595,487,56.667,46.381,461,43.905
2795,2795,93.167,587.873,492.741,55.988,46.928,323,1,595,487,56.667,46.381,461,43.905
2796,2796,93.200,587.905,493.179,55.991,46.969,328,1,595,487,56.667,46.381,461,43.905
2797,2797,93.233,587.942,493.231,55.995,46.974,328,1,595,487,56.667,46.381,461,43.905
2798,2798,93.267,588.029,493.419,56.003,46.992,338,1,595,487,56.667,46.381,461,43.905
2799,2799,93.300,588.011,493.579,56.001,47.008,334,1,595,487,56.667,46.381,461,43.905
2800,2800,93.333,588.066,493.616,56.006,47.011,335,1,595,487,56.667,46.381,461,43.905
2801,2801,93.367,587.918,493.498,55.992,47.000,326,1,595,487,56.667,46.381,461,43.905
2802,2802,93.400,587.990,493.713,55.999,47.020,331,1,595,487,56.667,46.381,461,43.905
2803,2803,93.433,588.151,494.218,56.014,47.068,335,1,595,487,56.667,46.381,461,43.905
2804,2804,93.467,588.317,494.664,56.030,47.111,328,1,595,487,56.667,46.381,461,43.905
2805,2805,93.500,588.395,494.909,56.038,47.134,334,1,595,487,56.667,46.381,461,43.905
2806,2806,93.533,588.646,495.295,56.062,47.171,346,1,595,487,56.667,46.381,461,43.905
2807,2807,93.567,588.689,495.479,56.066,47.188,347,1,595,487,56.667,46.381,461,43.905
2808,2808,93.600,588.746,495.644,56.071,47.204,343,1,595,487,56.667,46.381,461,43.905
2809,2809,93.633,588.904,495.989,56.086,47.237,348,1,595,487,56.667,46.381,461,43.905
2810,2810,93.667,589.057,496.122,56.101,47.250,348,1,595,487,56.667,46.381,461,43.905
2811,2811,93.700,589.060,496.341,56.101,47.271,339,1,595,487,56.667,46.381,461,43.905
2812,2812,93.733,589.076,496.319,56.102,47.268,342,1,595,487,56.667,46.381,461,43.905
2813,2813,93.767,589.207,496.719,56.115,47.307,349,1,595,487,56.667,46.381,461,43.905
2814,2814,93.800,589.351,497.047,56.129,47.338,350,1,595,487,56.667,46.381,461,43.905
2815,2815,93.833,589.542,497.351,56.147,47.367,347,1,595,487,56.667,46.381,461,43.905
2816,2816,93.867,589.765,497.886,56.168,47.418,331,1,595,487,56.667,46.381,461,43.905
2817,2817,93.900,589.910,498.060,56.182,47.434,346,1,595,487,56.667,46.381,461,43.905
2818,2818,93.933,590.004,498.282,56.191,47.455,340,1,595,487,56.667,46.381,461,43.905
2819,2819,93.967,590.052,498.259,56.195,47.453,339,1,595,487,56.667,46.381,461,43.905
2820,2820,94.000,590.005,498.177,56.191,47.445,331,1,595,487,56.667,46.381,461,43.905
2821,2821,94.033,590.214,499.218,56.211,47.545,330,1,595,487,56.667,46.381,461,43.905
2822,2822,94.067,590.361,499.403,56.225,47.562,335,1,595,487,56.667,46.381,461,43.905
2823,2823,94.100,590.339,499.417,56.223,47.564,333,1,595,487,56.667,46.381,461,43.905
2824,2824,94.133,590.327,499.460,56.222,47.568,333,1,595,487,56.667,46.381,461,43.905
2825,2825,94.167,590.327,499.460,56.222,47.568,333,1,595,487,56.667,46.381,461,43.905
2826,2826,94.200,590.244,499.264,56.214,47.549,336,1,595,487,56.667,46.381,461,43.905
2827,2827,94.233,590.154,499.185,56.205,47.541,329,1,595,487,56.667,46.381,461,43.905
2828,2828,94.267,590.272,499.264,56.216,47.549,335,1,595,487,56.667,46.381,461,43.905
2829,2829,94.300,590.059,499.012,56.196,47.525,332,1,595,487,56.667,46.381,461,43.905
2830,2830,94.333,589.990,499.013,56.190,47.525,326,1,595,487,56.667,46.381,461,43.905
2831,2831,94.367,589.975,499.019,56.188,47.526,326,1,595,487,56.667,46.381,461,43.905
2832,2832,94.400,589.987,499.185,56.189,47.541,324,1,595,487,56.667,46.381,461,43.905
2833,2833,94.433,589.932,499.003,56.184,47.524,320,1,595,487,56.667,46.381,461,43.905
2834,2834,94.467,589.745,498.567,56.166,47.483,329,1,595,487,56.667,46.381,461,43.905
2835,2835,94.500,589.739,498.561,56.166,47.482,329,1,595,487,56.667,46.381,461,43.905
2836,2836,94.533,589.760,498.627,56.168,47.488,328,1,595,487,56.667,46.381,461,43.905
2837,2837,94.567,589.792,498.694,56.171,47.495,326,1,595,487,56.667,46.381,461,43.905
2838,2838,94.600,589.737,498.672,56.165,47.493,323,1,595,487,56.667,46.381,461,43.905
2839,2839,94.633,589.742,498.552,56.166,47.481,323,1,595,487,56.667,46.381,461,43.905
2840,2840,94.667,589.724,498.678,56.164,47.493,321,1,595,487,56.667,46.381,461,43.905
2841,2841,94.700,589.709,498.680,56.163,47.493,318,1,595,487,56.667,46.381,461,43.905
2842,2842,94.733,589.612,498.628,56.154,47.488,320,1,595,487,56.667,46.381,461,43.905
2843,2843,94.767,589.653,498.672,56.157,47.493,317,1,595,487,56.667,46.381,461,43.905
2844,2844,94.800,589.748,498.760,56.166,47.501,319,1,595,487,56.667,46.381,461,43.905
2845,2845,94.833,589.703,498.787,56.162,47.504,322,1,595,487,56.667,46.381,461,43.905
2846,2846,94.867,589.544,498.505,56.147,47.477,318,1,595,487,56.667,46.381,461,43.905
2847,2847,94.900,589.651,498.740,56.157,47.499,318,1,595,487,56.667,46.381,461,43.905
2848,2848,94.933,589.740,498.770,56.166,47.502,316,1,595,487,56.667,46.381,461,43.905
2849,2849,94.967,589.796,498.897,56.171,47.514,322,1,595,487,56.667,46.381,461,43.905
2850,2850,95.000,589.881,499.125,56.179,47.536,326,1,595,487,56.667,46.381,461,43.905
2851,2851,95.033,589.861,499.253,56.177,47.548,330,1,595,487,56.667,46.381,461,43.905
2852,2852,95.067,589.912,499.395,56.182,47.561,331,1,595,487,56.667,46.381,461,43.905
2853,2853,95.100,589.966,499.667,56.187,47.587,330,1,595,487,56.667,46.381,461,43.905
2854,2854,95.133,590.072,499.875,56.197,47.607,334,1,595,487,56.667,46.381,461,43.905
2855,2855,95.167,590.157,500.176,56.205,47.636,343,1,595,487,56.667,46.381,461,43.905
2856,2856,95.200,590.224,500.547,56.212,47.671,338,1,595,487,56.667,46.381,461,43.905
2857,2857,95.233,590.428,500.920,56.231,47.707,342,1,595,487,56.667,46.381,461,43.905
2858,2858,95.267,590.525,500.954,56.240,47.710,343,1,595,487,56.667,46.381,461,43.905
2859,2859,95.300,590.880,501.787,56.274,47.789,345,1,595,487,56.667,46.381,461,43.905
2860,2860,95.333,591.178,502.275,56.303,47.836,353,1,595,487,56.667,46.381,461,43.905
2861,2861,95.367,591.266,502.520,56.311,47.859,360,1,595,487,56.667,46.381,461,43.905
2862,2862,95.400,591.559,503.099,56.339,47.914,352,1,595,487,56.667,46.381,461,43.905
2863,2863,95.433,591.580,503.072,56.341,47.912,351,1,595,487,56.667,46.381,461,43.905
2864,2864,95.467,591.700,503.319,56.352,47.935,353,1,595,487,56.667,46.381,461,43.905
2865,2865,95.500,591.709,503.390,56.353,47.942,351,1,595,487,56.667,46.381,461,43.905
2866,2866,95.533,591.854,503.669,56.367,47.969,348,1,595,487,56.667,46.381,461,43.905
2867,2867,95.567,591.939,504.121,56.375,48.012,358,1,595,487,56.667,46.381,461,43.905
2868,2868,95.600,592.128,504.513,56.393,48.049,346,1,595,487,56.667,46.381,461,43.905
2869,2869,95.633,592.227,504.632,56.403,48.060,350,1,595,487,56.667,46.381,461,43.905
2870,2870,95.667,592.444,505.035,56.423,48.099,351,1,595,487,56.667,46.381,461,43.905
2871,2871,95.700,592.516,505.464,56.430,48.139,343,1,595,487,56.667,46.381,461,43.905
2872,2872,95.733,592.599,505.488,56.438,48.142,350,1,595,487,56.667,46.381,461,43.905
2873,2873,95.767,592.659,505.657,56.444,48.158,345,1,595,487,56.667,46.381,461,43.905
2874,2874,95.800,592.712,505.706,56.449,48.163,342,1,595,487,56.667,46.381,461,43.905
2875,2875,95.833,592.835,505.835,56.460,48.175,350,1,595,487,56.667,46.381,461,43.905
2876,2876,95.867,592.826,505.931,56.460,48.184,349,1,595,487,56.667,46.381,461,43.905
2877,2877,95.900,592.908,506.088,56.467,48.199,345,1,595,487,56.667,46.381,461,43.905
2878,2878,95.933,592.799,505.977,56.457,48.188,343,1,595,487,56.667,46.381,461,43.905
2879,2879,95.967,592.800,505.989,56.457,48.189,340,1,595,487,56.667,46.381,461,43.905
2880,2880,96.000,592.742,505.742,56.452,48.166,342,1,595,487,56.667,46.381,461,43.905
2881,2881,96.033,592.621,505.557,56.440,48.148,343,1,595,487,56.667,46.381,461,43.905
2882,2882,96.067,592.641,505.612,56.442,48.153,344,1,595,487,56.667,46.381,461,43.905
2883,2883,96.100,592.590,505.400,56.437,48.133,342,1,595,487,56.667,46.381,461,43.905
2884,2884,96.133,592.594,505.412,56.437,48.134,342,1,595,487,56.667,46.381,461,43.905
2885,2885,96.167,592.592,505.409,56.437,48.134,343,1,595,487,56.667,46.381,461,43.905
2886,2886,96.200,592.664,505.415,56.444,48.135,347,1,595,487,56.667,46.381,461,43.905
2887,2887,96.233,592.723,505.286,56.450,48.122,345,1,595,487,56.667,46.381,461,43.905
2888,2888,96.267,592.621,505.043,56.440,48.099,343,1,595,487,56.667,46.381,461,43.905
2889,2889,96.300,592.490,505.092,56.428,48.104,349,1,595,487,56.667,46.381,461,43.905
2890,2890,96.333,592.466,505.050,56.425,48.100,334,1,595,487,56.667,46.381,461,43.905
2891,2891,96.367,592.498,505.189,56.428,48.113,337,1,595,487,56.667,46.381,461,43.905
2892,2892,96.400,592.498,505.189,56.428,48.113,337,1,595,487,56.667,46.381,461,43.905
2893,2893,96.433,592.498,505.188,56.428,48.113,337,1,595,487,56.667,46.381,461,43.905
2894,2894,96.467,592.439,505.160,56.423,48.110,338,1,595,487,56.667,46.381,461,43.905
2895,2895,96.500,592.463,505.326,56.425,48.126,338,1,595,487,56.667,46.381,461,43.905
2896,2896,96.533,592.517,505.451,56.430,48.138,341,1,595,487,56.667,46.381,461,43.905
2897,2897,96.567,592.516,505.433,56.430,48.136,341,1,595,487,56.667,46.381,461,43.905
2898,2898,96.600,592.524,505.464,56.431,48.139,341,1,595,487,56.667,46.381,461,43.905
2899,2899,96.633,592.640,505.686,56.442,48.161,345,1,595,487,56.667,46.381,461,43.905
2900,2900,96.667,592.631,505.644,56.441,48.157,341,1,595,487,56.667,46.381,461,43.905
2901,2901,96.700,592.600,505.597,56.438,48.152,341,1,595,487,56.667,46.381,461,43.905
2902,2902,96.733,592.465,505.307,56.425,48.124,338,1,595,487,56.667,46.381,461,43.905
2903,2903,96.767,592.529,505.465,56.431,48.140,337,1,595,487,56.667,46.381,461,43.905
2904,2904,96.800,592.499,505.408,56.429,48.134,336,1,595,487,56.667,46.381,461,43.905
2905,2905,96.833,592.609,505.519,56.439,48.145,337,1,595,487,56.667,46.381,461,43.905
2906,2906,96.867,592.554,505.455,56.434,48.139,341,1,595,487,56.667,46.381,461,43.905
2907,2907,96.900,592.647,505.486,56.443,48.142,348,1,595,487,56.667,46.381,461,43.905
2908,2908,96.933,592.608,505.369,56.439,48.130,340,1,595,487,56.667,46.381,461,43.905
2909,2909,96.967,592.482,505.289,56.427,48.123,335,1,595,487,56.667,46.381,461,43.905
2910,2910,97.000,592.527,505.275,56.431,48.121,342,1,595,487,56.667,46.381,461,43.905
2911,2911,97.033,592.652,505.350,56.443,48.129,346,1,595,487,56.667,46.381,461,43.905
2912,2912,97.067,592.683,505.381,56.446,48.132,347,1,595,487,56.667,46.381,461,43.905
2913,2913,97.100,592.686,505.320,56.446,48.126,344,1,595,487,56.667,46.381,461,43.905
2914,2914,97.133,592.713,505.167,56.449,48.111,339,1,595,487,56.667,46.381,461,43.905
2915,2915,97.167,592.760,505.261,56.453,48.120,340,1,595,487,56.667,46.381,461,43.905
2916,2916,97.200,592.854,505.415,56.462,48.135,341,1,595,487,56.667,46.381,461,43.905
2917,2917,97.233,593.052,505.661,56.481,48.158,349,1,595,487,56.667,46.381,461,43.905
2918,2918,97.267,593.134,505.746,56.489,48.166,351,1,595,487,56.667,46.381,461,43.905
2919,2919,97.300,593.112,505.566,56.487,48.149,354,1,595,487,56.667,46.381,461,43.905
2920,2920,97.333,592.914,505.444,56.468,48.138,355,1,595,487,56.667,46.381,461,43.905
2921,2921,97.367,593.004,505.595,56.477,48.152,362,1,595,487,56.667,46.381,461,43.905
2922,2922,97.400,593.187,505.846,56.494,48.176,359,1,595,487,56.667,46.381,461,43.905
2923,2923,97.433,593.559,506.070,56.529,48.197,352,1,595,487,56.667,46.381,461,43.905
2924,2924,97.467,593.583,506.053,56.532,48.195,353,1,595,487,56.667,46.381,461,43.905
2925,2925,97.500,593.573,505.800,56.531,48.171,369,1,595,487,56.667,46.381,461,43.905
2926,2926,97.533,593.864,506.063,56.558,48.196,363,1,595,487,56.667,46.381,461,43.905
2927,2927,97.567,593.965,506.173,56.568,48.207,380,1,595,487,56.667,46.381,461,43.905
2928,2928,97.600,594.446,506.740,56.614,48.261,392,1,595,487,56.667,46.381,461,43.905
2929,2929,97.633,594.706,506.919,56.639,48.278,389,1,595,487,56.667,46.381,461,43.905
2930,2930,97.667,594.933,507.089,56.660,48.294,383,1,595,487,56.667,46.381,461,43.905
2931,2931,97.700,595.248,507.471,56.690,48.331,390,1,595,487,56.667,46.381,461,43.905
2932,2932,97.733,595.440,507.633,56.709,48.346,388,1,595,487,56.667,46.381,461,43.905
2933,2933,97.767,595.600,507.739,56.724,48.356,383,1,595,487,56.667,46.381,461,43.905
2934,2934,97.800,595.923,508.008,56.755,48.382,381,1,595,487,56.667,46.381,461,43.905
2935,2935,97.833,595.947,507.970,56.757,48.378,382,1,595,487,56.667,46.381,461,43.905
2936,2936,97.867,596.126,508.300,56.774,48.410,370,1,595,487,56.667,46.381,461,43.905
2937,2937,97.900,596.356,508.521,56.796,48.431,364,1,595,487,56.667,46.381,461,43.905
2938,2938,97.933,596.529,508.613,56.812,48.439,364,1,595,487,56.667,46.381,461,43.905
2939,2939,97.967,596.765,508.923,56.835,48.469,366,1,595,487,56.667,46.381,461,43.905
2940,2940,98.000,596.781,508.998,56.836,48.476,364,1,595,487,56.667,46.381,461,43.905
2941,2941,98.033,597.069,509.230,56.864,48.498,351,1,595,487,56.667,46.381,461,43.905
2942,2942,98.067,597.081,509.297,56.865,48.504,353,1,595,487,56.667,46.381,461,43.905
2943,2943,98.100,597.020,509.155,56.859,48.491,357,1,595,487,56.667,46.381,461,43.905
2944,2944,98.133,596.929,509.081,56.850,48.484,361,1,595,487,56.667,46.381,461,43.905
2945,2945,98.167,596.765,509.028,56.835,48.479,363,1,595,487,56.667,46.381,461,43.905
2946,2946,98.200,596.697,508.932,56.828,48.470,364,1,595,487,56.667,46.381,461,43.905
2947,2947,98.233,596.543,508.834,56.814,48.460,362,1,595,487,56.667,46.381,461,43.905
2948,2948,98.267,596.500,508.824,56.810,48.459,359,1,595,487,56.667,46.381,461,43.905
2949,2949,98.300,596.274,508.692,56.788,48.447,355,1,595,487,56.667,46.381,461,43.905
2950,2950,98.333,596.226,508.679,56.783,48.446,350,1,595,487,56.667,46.381,461,43.905
2951,2951,98.367,596.142,508.696,56.775,48.447,348,1,595,487,56.667,46.381,461,43.905
2952,2952,98.400,596.057,508.552,56.767,48.434,357,1,595,487,56.667,46.381,461,43.905
2953,2953,98.433,596.006,508.532,56.762,48.432,357,1,595,487,56.667,46.381,461,43.905
2954,2954,98.467,595.972,508.450,56.759,48.424,357,1,595,487,56.667,46.381,461,43.905
2955,2955,98.500,595.883,508.408,56.751,48.420,358,1,595,487,56.667,46.381,461,43.905
2956,2956,98.533,595.706,508.346,56.734,48.414,350,1,595,487,56.667,46.381,461,43.905
2957,2957,98.567,595.702,508.180,56.734,48.398,348,1,595,487,56.667,46.381,461,43.905
2958,2958,98.600,595.409,508.070,56.706,48.388,356,1,595,487,56.667,46.381,461,43.905
2959,2959,98.633,595.575,508.143,56.721,48.395,349,1,595,487,56.667,46.381,461,43.905
2960,2960,98.667,595.631,508.140,56.727,48.394,347,1,595,487,56.667,46.381,461,43.905
2961,2961,98.700,595.626,508.261,56.726,48.406,362,1,595,487,56.667,46.381,461,43.905
2962,2962,98.733,595.636,508.335,56.727,48.413,363,1,595,487,56.667,46.381,461,43.905
2963,2963,98.767,595.617,508.341,56.725,48.413,362,1,595,487,56.667,46.381,461,43.905
2964,2964,98.800,595.921,508.484,56.754,48.427,356,1,595,487,56.667,46.381,461,43.905
2965,2965,98.833,595.950,508.610,56.757,48.439,359,1,595,487,56.667,46.381,461,43.905
2966,2966,98.867,595.920,508.516,56.754,48.430,360,1,595,487,56.667,46.381,461,43.905
2967,2967,98.900,596.061,508.663,56.768,48.444,359,1,595,487,56.667,46.381,461,43.905
2968,2968,98.933,596.226,508.785,56.783,48.456,359,1,595,487,56.667,46.381,461,43.905
2969,2969,98.967,596.482,509.029,56.808,48.479,368,1,595,487,56.667,46.381,461,43.905
2970,2970,99.000,596.515,509.105,56.811,48.486,375,1,595,487,56.667,46.381,461,43.905
2971,2971,99.033,596.588,509.216,56.818,48.497,373,1,595,487,56.667,46.381,461,43.905
2972,2972,99.067,596.834,509.401,56.841,48.514,381,1,595,487,56.667,46.381,461,43.905
2973,2973,99.100,596.887,509.498,56.846,48.524,380,1,595,487,56.667,46.381,461,43.905
2974,2974,99.133,596.925,509.626,56.850,48.536,384,1,595,487,56.667,46.381,461,43.905
2975,2975,99.167,597.072,509.741,56.864,48.547,381,1,595,487,56.667,46.381,461,43.905
2976,2976,99.200,597.306,509.867,56.886,48.559,385,1,595,487,56.667,46.381,461,43.905
2977,2977,99.233,597.509,510.181,56.906,48.589,387,1,595,487,56.667,46.381,461,43.905
2978,2978,99.267,597.683,510.209,56.922,48.591,388,1,595,487,56.667,46.381,461,43.905
2979,2979,99.300,597.903,510.386,56.943,48.608,396,1,595,487,56.667,46.381,461,43.905
2980,2980,99.333,597.970,510.556,56.949,48.624,397,1,595,487,56.667,46.381,461,43.905
2981,2981,99.367,598.109,510.686,56.963,48.637,397,1,595,487,56.667,46.381,461,43.905
2982,2982,99.400,598.075,510.381,56.960,48.608,387,1,595,487,56.667,46.381,461,43.905
2983,2983,99.433,598.158,510.467,56.967,48.616,388,1,595,487,56.667,46.381,461,43.905
2984,2984,99.467,598.194,510.500,56.971,48.619,389,1,595,487,56.667,46.381,461,43.905
2985,2985,99.500,598.135,510.612,56.965,48.630,385,1,595,487,56.667,46.381,461,43.905
2986,2986,99.533,598.211,510.643,56.972,48.633,377,1,595,487,56.667,46.381,461,43.905
2987,2987,99.567,598.085,510.611,56.960,48.630,381,1,595,487,56.667,46.381,461,43.905
2988,2988,99.600,597.636,510.264,56.918,48.597,370,1,595,487,56.667,46.381,461,43.905
2989,2989,99.633,597.341,509.945,56.890,48.566,353,1,595,487,56.667,46.381,461,43.905
2990,2990,99.667,597.233,509.817,56.879,48.554,349,1,595,487,56.667,46.381,461,43.905
2991,2991,99.700,597.075,509.635,56.864,48.537,344,1,595,487,56.667,46.381,461,43.905
2992,2992,99.733,597.009,509.530,56.858,48.527,339,1,595,487,56.667,46.381,461,43.905
2993,2993,99.767,596.877,509.351,56.845,48.510,332,1,595,487,56.667,46.381,461,43.905
2994,2994,99.800,596.677,509.065,56.826,48.482,322,1,595,487,56.667,46.381,461,43.905
2995,2995,99.833,596.743,509.257,56.833,48.501,332,1,595,487,56.667,46.381,461,43.905
2996,2996,99.867,596.741,509.208,56.833,48.496,332,1,595,487,56.667,46.381,461,43.905
2997,2997,99.900,596.734,509.295,56.832,48.504,336,1,595,487,56.667,46.381,461,43.905
2998,2998,99.933,596.798,509.413,56.838,48.516,339,1,595,487,56.667,46.381,461,43.905
2999,2999,99.967,596.805,509.434,56.839,48.518,337,1,595,487,56.667,46.381,461,43.905
3000,3000,100.000,596.586,509.217,56.818,48.497,353,1,595,487,56.667,46.381,461,43.905
3001,3001,100.033,596.696,509.365,56.828,48.511,344,1,595,487,56.667,46.381,461,43.905
3002,3002,100.067,596.706,509.318,56.829,48.506,347,1,595,487,56.667,46.381,461,43.905
3003,3003,100.100,596.673,509.433,56.826,48.517,355,1,595,487,56.667,46.381,461,43.905
3004,3004,100.133,596.674,509.441,56.826,48.518,356,1,595,487,56.667,46.381,461,43.905
3005,3005,100.167,596.640,509.486,56.823,48.523,356,1,595,487,56.667,46.381,461,43.905
3006,3006,100.200,596.575,509.529,56.817,48.527,354,1,595,487,56.667,46.381,461,43.905
3007,3007,100.233,596.642,509.672,56.823,48.540,357,1,595,487,56.667,46.381,461,43.905
3008,3008,100.267,596.647,509.686,56.824,48.542,357,1,595,487,56.667,46.381,461,43.905
3009,3009,100.300,596.821,510.015,56.840,48.573,361,1,595,487,56.667,46.381,461,43.905
3010,3010,100.333,597.290,510.456,56.885,48.615,344,1,595,487,56.667,46.381,461,43.905
3011,3011,100.367,597.220,510.491,56.878,48.618,342,1,595,487,56.667,46.381,461,43.905
3012,3012,100.400,597.429,510.674,56.898,48.636,334,1,595,487,56.667,46.381,461,43.905
3013,3013,100.433,597.555,510.807,56.910,48.648,331,1,595,487,56.667,46.381,461,43.905
3014,3014,100.467,597.652,510.971,56.919,48.664,327,1,595,487,56.667,46.381,461,43.905
3015,3015,100.500,597.931,511.354,56.946,48.700,307,1,595,487,56.667,46.381,461,43.905
3016,3016,100.533,598.014,511.578,56.954,48.722,303,1,595,487,56.667,46.381,461,43.905
3017,3017,100.567,598.232,511.802,56.974,48.743,297,1,595,487,56.667,46.381,461,43.905
3018,3018,100.600,598.531,512.173,57.003,48.778,290,1,595,487,56.667,46.381,461,43.905
3019,3019,100.633,598.445,512.144,56.995,48.776,274,1,595,487,56.667,46.381,461,43.905
3020,3020,100.667,NaN,NaN,NaN,NaN,NaN,0,595,487,56.667,46.381,461,43.905
3021,3021,100.700,NaN,NaN,NaN,NaN,NaN,0,595,487,56.667,46.381,461,43.905
3022,3022,100.733,NaN,NaN,NaN,NaN,NaN,0,595,487,56.667,46.381,461,43.905
3023,3023,100.767,NaN,NaN,NaN,NaN,NaN,0,595,487,56.667,46.381,461,43.905
3024,3024,100.800,NaN,NaN,NaN,NaN,NaN,0,595,487,56.667,46.381,461,43.905
3025,3025,100.833,NaN,NaN,NaN,NaN,NaN,0,595,487,56.667,46.381,461,43.905
3026,3026,100.867,NaN,NaN,NaN,NaN,NaN,0,595,487,56.667,46.381,461,43.905
3027,3027,100.900,NaN,NaN,NaN,NaN,NaN,0,595,487,56.667,46.381,461,43.905
3028,3028,100.933,NaN,NaN,NaN,NaN,NaN,0,595,487,56.667,46.381,461,43.905
3029,3029,100.967,NaN,NaN,NaN,NaN,NaN,0,595,487,56.667,46.381,461,43.905
3030,3030,101.000,NaN,NaN,NaN,NaN,NaN,0,595,487,56.667,46.381,461,43.905
3031,3031,101.033,NaN,NaN,NaN,NaN,NaN,0,595,487,56.667,46.381,461,43.905
3032,3032,101.067,NaN,NaN,NaN,NaN,NaN,0,595,487,56.667,46.381,461,43.905
3033,3033,101.100,NaN,NaN,NaN,NaN,NaN,0,595,487,56.667,46.381,461,43.905
3034,3034,101.133,NaN,NaN,NaN,NaN,NaN,0,595,487,56.667,46.381,461,43.905
3035,3035,101.167,NaN,NaN,NaN,NaN,NaN,0,595,487,56.667,46.381,461,43.905
3036,3036,101.200,NaN,NaN,NaN,NaN,NaN,0,595,487,56.667,46.381,461,43.905
3037,3037,101.233,NaN,NaN,NaN,NaN,NaN,0,595,487,56.667,46.381,461,43.905
3038,3038,101.267,NaN,NaN,NaN,NaN,NaN,0,595,487,56.667,46.381,461,43.905
3039,3039,101.300,NaN,NaN,NaN,NaN,NaN,0,595,487,56.667,46.381,461,43.905
3040,3040,101.333,NaN,NaN,NaN,NaN,NaN,0,595,487,56.667,46.381,461,43.905
3041,3041,101.367,NaN,NaN,NaN,NaN,NaN,0,595,487,56.667,46.381,461,43.905
3042,3042,101.400,NaN,NaN,NaN,NaN,NaN,0,595,487,56.667,46.381,461,43.905
3043,3043,101.433,NaN,NaN,NaN,NaN,NaN,0,595,487,56.667,46.381,461,43.905
3044,3044,101.467,598.212,512.298,56.973,48.790,276,1,595,487,56.667,46.381,461,43.905
3045,3045,101.500,598.254,512.442,56.977,48.804,276,1,595,487,56.667,46.381,461,43.905
3046,3046,101.533,598.478,512.876,56.998,48.845,287,1,595,487,56.667,46.381,461,43.905
3047,3047,101.567,598.535,512.926,57.003,48.850,282,1,595,487,56.667,46.381,461,43.905
3048,3048,101.600,NaN,NaN,NaN,NaN,NaN,0,595,487,56.667,46.381,461,43.905
3049,3049,101.633,598.737,512.969,57.023,48.854,280,1,595,487,56.667,46.381,461,43.905
3050,3050,101.667,599.034,513.299,57.051,48.886,280,1,595,487,56.667,46.381,461,43.905
3051,3051,101.700,598.952,513.203,57.043,48.876,285,1,595,487,56.667,46.381,461,43.905
3052,3052,101.733,599.135,513.679,57.060,48.922,299,1,595,487,56.667,46.381,461,43.905
3053,3053,101.767,599.143,513.619,57.061,48.916,294,1,595,487,56.667,46.381,461,43.905
3054,3054,101.800,599.300,514.043,57.076,48.957,296,1,595,487,56.667,46.381,461,43.905
3055,3055,101.833,599.278,514.145,57.074,48.966,299,1,595,487,56.667,46.381,461,43.905
3056,3056,101.867,599.235,514.285,57.070,48.980,293,1,595,487,56.667,46.381,461,43.905
3057,3057,101.900,599.100,514.051,57.057,48.957,284,1,595,487,56.667,46.381,461,43.905
3058,3058,101.933,598.987,514.027,57.046,48.955,282,1,595,487,56.667,46.381,461,43.905
3059,3059,101.967,599.082,514.123,57.055,48.964,282,1,595,487,56.667,46.381,461,43.905
3060,3060,102.000,599.029,514.020,57.050,48.954,287,1,595,487,56.667,46.381,461,43.905
3061,3061,102.033,598.790,513.676,57.028,48.922,288,1,595,487,56.667,46.381,461,43.905
3062,3062,102.067,599.057,514.085,57.053,48.960,286,1,595,487,56.667,46.381,461,43.905
3063,3063,102.100,599.078,513.838,57.055,48.937,288,1,595,487,56.667,46.381,461,43.905
3064,3064,102.133,599.066,513.802,57.054,48.934,287,1,595,487,56.667,46.381,461,43.905
3065,3065,102.167,599.064,513.798,57.054,48.933,287,1,595,487,56.667,46.381,461,43.905
3066,3066,102.200,599.019,513.599,57.049,48.914,282,1,595,487,56.667,46.381,461,43.905
3067,3067,102.233,599.020,513.630,57.050,48.917,283,1,595,487,56.667,46.381,461,43.905
3068,3068,102.267,599.082,513.577,57.055,48.912,280,1,595,487,56.667,46.381,461,43.905
3069,3069,102.300,599.047,513.746,57.052,48.928,281,1,595,487,56.667,46.381,461,43.905
3070,3070,102.333,599.056,513.552,57.053,48.910,286,1,595,487,56.667,46.381,461,43.905
3071,3071,102.367,599.385,513.786,57.084,48.932,297,1,595,487,56.667,46.381,461,43.905
3072,3072,102.400,599.273,513.624,57.074,48.917,288,1,595,487,56.667,46.381,461,43.905
3073,3073,102.433,599.304,513.495,57.077,48.904,288,1,595,487,56.667,46.381,461,43.905
3074,3074,102.467,599.429,513.550,57.088,48.910,293,1,595,487,56.667,46.381,461,43.905
3075,3075,102.500,599.703,513.754,57.115,48.929,303,1,595,487,56.667,46.381,461,43.905
3076,3076,102.533,599.779,513.665,57.122,48.920,307,1,595,487,56.667,46.381,461,43.905
3077,3077,102.567,599.828,513.634,57.126,48.918,307,1,595,487,56.667,46.381,461,43.905
3078,3078,102.600,599.919,513.618,57.135,48.916,311,1,595,487,56.667,46.381,461,43.905
3079,3079,102.633,599.939,513.732,57.137,48.927,321,1,595,487,56.667,46.381,461,43.905
3080,3080,102.667,600.031,513.889,57.146,48.942,317,1,595,487,56.667,46.381,461,43.905
3081,3081,102.700,599.759,513.761,57.120,48.930,324,1,595,487,56.667,46.381,461,43.905
3082,3082,102.733,599.623,513.640,57.107,48.918,330,1,595,487,56.667,46.381,461,43.905
3083,3083,102.767,599.671,513.551,57.112,48.910,332,1,595,487,56.667,46.381,461,43.905
3084,3084,102.800,599.897,513.856,57.133,48.939,322,1,595,487,56.667,46.381,461,43.905
3085,3085,102.833,600.044,514.031,57.147,48.955,320,1,595,487,56.667,46.381,461,43.905
3086,3086,102.867,599.997,514.007,57.143,48.953,318,1,595,487,56.667,46.381,461,43.905
3087,3087,102.900,600.069,513.929,57.149,48.946,328,1,595,487,56.667,46.381,461,43.905
3088,3088,102.933,599.760,513.610,57.120,48.915,335,1,595,487,56.667,46.381,461,43.905
3089,3089,102.967,599.849,513.699,57.128,48.924,335,1,595,487,56.667,46.381,461,43.905
3090,3090,103.000,599.953,513.799,57.138,48.933,338,1,595,487,56.667,46.381,461,43.905
3091,3091,103.033,599.919,513.747,57.135,48.928,339,1,595,487,56.667,46.381,461,43.905
3092,3092,103.067,600.008,513.815,57.144,48.935,343,1,595,487,56.667,46.381,461,43.905
3093,3093,103.100,600.095,513.846,57.152,48.938,344,1,595,487,56.667,46.381,461,43.905
3094,3094,103.133,600.976,514.290,57.236,48.980,368,1,595,487,56.667,46.381,461,43.905
3095,3095,103.167,601.053,514.336,57.243,48.984,370,1,595,487,56.667,46.381,461,43.905
3096,3096,103.200,600.946,514.464,57.233,48.997,373,1,595,487,56.667,46.381,461,43.905
3097,3097,103.233,601.051,514.487,57.243,48.999,380,1,595,487,56.667,46.381,461,43.905
3098,3098,103.267,601.428,514.756,57.279,49.024,370,1,595,487,56.667,46.381,461,43.905
3099,3099,103.300,601.908,514.793,57.325,49.028,372,1,595,487,56.667,46.381,461,43.905
3100,3100,103.333,602.321,515.084,57.364,49.056,372,1,595,487,56.667,46.381,461,43.905
3101,3101,103.367,602.516,515.271,57.382,49.073,365,1,595,487,56.667,46.381,461,43.905
3102,3102,103.400,602.459,515.107,57.377,49.058,361,1,595,487,56.667,46.381,461,43.905
3103,3103,103.433,602.903,515.386,57.419,49.084,363,1,595,487,56.667,46.381,461,43.905
3104,3104,103.467,603.331,515.720,57.460,49.116,348,1,595,487,56.667,46.381,461,43.905
3105,3105,103.500,603.604,515.914,57.486,49.135,348,1,595,487,56.667,46.381,461,43.905
3106,3106,103.533,603.788,516.033,57.504,49.146,341,1,595,487,56.667,46.381,461,43.905
3107,3107,103.567,604.060,516.325,57.530,49.174,347,1,595,487,56.667,46.381,461,43.905
3108,3108,103.600,604.118,516.404,57.535,49.181,341,1,595,487,56.667,46.381,461,43.905
3109,3109,103.633,604.435,516.682,57.565,49.208,341,1,595,487,56.667,46.381,461,43.905
3110,3110,103.667,604.434,516.699,57.565,49.209,339,1,595,487,56.667,46.381,461,43.905
3111,3111,103.700,604.467,516.715,57.568,49.211,337,1,595,487,56.667,46.381,461,43.905
3112,3112,103.733,604.404,516.724,57.562,49.212,333,1,595,487,56.667,46.381,461,43.905
3113,3113,103.767,604.216,516.652,57.544,49.205,336,1,595,487,56.667,46.381,461,43.905
3114,3114,103.800,604.259,516.722,57.548,49.212,334,1,595,487,56.667,46.381,461,43.905
3115,3115,103.833,604.463,516.754,57.568,49.215,343,1,595,487,56.667,46.381,461,43.905
3116,3116,103.867,604.391,516.726,57.561,49.212,339,1,595,487,56.667,46.381,461,43.905
3117,3117,103.900,604.339,516.672,57.556,49.207,339,1,595,487,56.667,46.381,461,43.905
3118,3118,103.933,604.298,516.773,57.552,49.217,333,1,595,487,56.667,46.381,461,43.905
3119,3119,103.967,604.274,516.746,57.550,49.214,334,1,595,487,56.667,46.381,461,43.905
3120,3120,104.000,604.145,516.546,57.538,49.195,336,1,595,487,56.667,46.381,461,43.905
3121,3121,104.033,603.922,516.252,57.516,49.167,335,1,595,487,56.667,46.381,461,43.905
3122,3122,104.067,603.807,516.347,57.505,49.176,330,1,595,487,56.667,46.381,461,43.905
3123,3123,104.100,603.879,516.315,57.512,49.173,327,1,595,487,56.667,46.381,461,43.905
3124,3124,104.133,603.745,516.256,57.500,49.167,327,1,595,487,56.667,46.381,461,43.905
3125,3125,104.167,603.647,516.260,57.490,49.168,323,1,595,487,56.667,46.381,461,43.905
3126,3126,104.200,603.552,516.191,57.481,49.161,323,1,595,487,56.667,46.381,461,43.905
3127,3127,104.233,603.501,516.181,57.476,49.160,321,1,595,487,56.667,46.381,461,43.905
3128,3128,104.267,603.568,516.239,57.483,49.166,324,1,595,487,56.667,46.381,461,43.905
3129,3129,104.300,603.710,516.484,57.496,49.189,327,1,595,487,56.667,46.381,461,43.905
3130,3130,104.333,603.630,516.428,57.489,49.184,323,1,595,487,56.667,46.381,461,43.905
3131,3131,104.367,603.625,516.467,57.488,49.187,323,1,595,487,56.667,46.381,461,43.905
3132,3132,104.400,603.498,516.384,57.476,49.179,319,1,595,487,56.667,46.381,461,43.905
3133,3133,104.433,603.499,516.296,57.476,49.171,324,1,595,487,56.667,46.381,461,43.905
3134,3134,104.467,603.726,516.382,57.498,49.179,327,1,595,487,56.667,46.381,461,43.905
3135,3135,104.500,603.846,516.515,57.509,49.192,332,1,595,487,56.667,46.381,461,43.905
3136,3136,104.533,603.841,516.583,57.509,49.198,329,1,595,487,56.667,46.381,461,43.905
3137,3137,104.567,603.952,516.602,57.519,49.200,335,1,595,487,56.667,46.381,461,43.905
3138,3138,104.600,604.302,516.967,57.553,49.235,337,1,595,487,56.667,46.381,461,43.905
3139,3139,104.633,604.501,517.089,57.572,49.247,337,1,595,487,56.667,46.381,461,43.905
3140,3140,104.667,604.813,517.235,57.601,49.260,336,1,595,487,56.667,46.381,461,43.905
3141,3141,104.700,605.376,517.731,57.655,49.308,354,1,595,487,56.667,46.381,461,43.905
3142,3142,104.733,605.721,518.042,57.688,49.337,354,1,595,487,56.667,46.381,461,43.905
3143,3143,104.767,606.043,518.359,57.718,49.368,361,1,595,487,56.667,46.381,461,43.905
3144,3144,104.800,606.131,518.395,57.727,49.371,360,1,595,487,56.667,46.381,461,43.905
3145,3145,104.833,606.725,518.835,57.783,49.413,355,1,595,487,56.667,46.381,461,43.905
3146,3146,104.867,606.920,518.899,57.802,49.419,351,1,595,487,56.667,46.381,461,43.905
3147,3147,104.900,607.121,518.987,57.821,49.427,351,1,595,487,56.667,46.381,461,43.905
3148,3148,104.933,607.697,519.275,57.876,49.455,348,1,595,487,56.667,46.381,461,43.905
3149,3149,104.967,607.790,519.423,57.885,49.469,347,1,595,487,56.667,46.381,461,43.905
3150,3150,105.000,608.480,519.778,57.950,49.503,341,1,595,487,56.667,46.381,461,43.905
3151,3151,105.033,608.666,519.911,57.968,49.515,335,1,595,487,56.667,46.381,461,43.905
3152,3152,105.067,609.004,520.126,58.000,49.536,334,1,595,487,56.667,46.381,461,43.905
3153,3153,105.100,609.338,520.333,58.032,49.555,343,1,595,487,56.667,46.381,461,43.905
3154,3154,105.133,609.400,520.381,58.038,49.560,347,1,595,487,56.667,46.381,461,43.905
3155,3155,105.167,609.986,520.751,58.094,49.595,333,1,595,487,56.667,46.381,461,43.905
3156,3156,105.200,610.285,520.910,58.122,49.610,336,1,595,487,56.667,46.381,461,43.905
3157,3157,105.233,610.435,521.009,58.137,49.620,339,1,595,487,56.667,46.381,461,43.905
3158,3158,105.267,610.534,521.016,58.146,49.621,334,1,595,487,56.667,46.381,461,43.905
3159,3159,105.300,610.498,521.052,58.143,49.624,341,1,595,487,56.667,46.381,461,43.905
3160,3160,105.333,610.277,520.789,58.122,49.599,334,1,595,487,56.667,46.381,461,43.905
3161,3161,105.367,610.397,520.814,58.133,49.601,338,1,595,487,56.667,46.381,461,43.905
3162,3162,105.400,610.454,520.792,58.138,49.599,339,1,595,487,56.667,46.381,461,43.905
3163,3163,105.433,610.414,520.810,58.135,49.601,336,1,595,487,56.667,46.381,461,43.905
3164,3164,105.467,610.649,520.869,58.157,49.607,328,1,595,487,56.667,46.381,461,43.905
3165,3165,105.500,610.710,520.907,58.163,49.610,328,1,595,487,56.667,46.381,461,43.905
3166,3166,105.533,610.397,520.737,58.133,49.594,341,1,595,487,56.667,46.381,461,43.905
3167,3167,105.567,610.101,520.618,58.105,49.583,337,1,595,487,56.667,46.381,461,43.905
3168,3168,105.600,610.063,520.534,58.101,49.575,340,1,595,487,56.667,46.381,461,43.905
3169,3169,105.633,610.002,520.478,58.095,49.569,341,1,595,487,56.667,46.381,461,43.905
3170,3170,105.667,609.772,520.389,58.074,49.561,341,1,595,487,56.667,46.381,461,43.905
3171,3171,105.700,609.658,520.327,58.063,49.555,339,1,595,487,56.667,46.381,461,43.905
3172,3172,105.733,609.539,520.167,58.051,49.540,331,1,595,487,56.667,46.381,461,43.905
3173,3173,105.767,609.559,520.253,58.053,49.548,331,1,595,487,56.667,46.381,461,43.905
3174,3174,105.800,609.442,520.185,58.042,49.541,337,1,595,487,56.667,46.381,461,43.905
3175,3175,105.833,609.312,520.174,58.030,49.540,329,1,595,487,56.667,46.381,461,43.905
3176,3176,105.867,609.365,520.137,58.035,49.537,330,1,595,487,56.667,46.381,461,43.905
3177,3177,105.900,609.291,520.096,58.028,49.533,328,1,595,487,56.667,46.381,461,43.905
3178,3178,105.933,609.280,520.099,58.027,49.533,327,1,595,487,56.667,46.381,461,43.905
3179,3179,105.967,609.699,520.407,58.067,49.563,319,1,595,487,56.667,46.381,461,43.905
3180,3180,106.000,609.581,520.260,58.055,49.549,319,1,595,487,56.667,46.381,461,43.905
3181,3181,106.033,610.129,520.762,58.108,49.596,336,1,595,487,56.667,46.381,461,43.905
3182,3182,106.067,610.024,520.614,58.098,49.582,338,1,595,487,56.667,46.381,461,43.905
3183,3183,106.100,610.038,520.702,58.099,49.591,334,1,595,487,56.667,46.381,461,43.905
3184,3184,106.133,610.169,520.797,58.111,49.600,330,1,595,487,56.667,46.381,461,43.905
3185,3185,106.167,609.986,520.686,58.094,49.589,336,1,595,487,56.667,46.381,461,43.905
3186,3186,106.200,610.305,520.877,58.124,49.607,345,1,595,487,56.667,46.381,461,43.905
3187,3187,106.233,610.425,520.998,58.136,49.619,345,1,595,487,56.667,46.381,461,43.905
3188,3188,106.267,610.949,521.402,58.186,49.657,344,1,595,487,56.667,46.381,461,43.905
3189,3189,106.300,611.141,521.446,58.204,49.662,344,1,595,487,56.667,46.381,461,43.905
3190,3190,106.333,611.246,521.472,58.214,49.664,345,1,595,487,56.667,46.381,461,43.905
3191,3191,106.367,611.780,521.936,58.265,49.708,344,1,595,487,56.667,46.381,461,43.905
3192,3192,106.400,611.927,522.066,58.279,49.721,353,1,595,487,56.667,46.381,461,43.905
3193,3193,106.433,612.417,522.320,58.325,49.745,347,1,595,487,56.667,46.381,461,43.905
3194,3194,106.467,612.655,522.493,58.348,49.761,341,1,595,487,56.667,46.381,461,43.905
3195,3195,106.500,613.160,522.819,58.396,49.792,346,1,595,487,56.667,46.381,461,43.905
3196,3196,106.533,613.486,523.085,58.427,49.818,348,1,595,487,56.667,46.381,461,43.905
3197,3197,106.567,613.922,523.375,58.469,49.845,354,1,595,487,56.667,46.381,461,43.905
3198,3198,106.600,614.459,523.685,58.520,49.875,345,1,595,487,56.667,46.381,461,43.905
3199,3199,106.633,614.452,523.672,58.519,49.874,343,1,595,487,56.667,46.381,461,43.905
3200,3200,106.667,614.517,523.692,58.525,49.875,344,1,595,487,56.667,46.381,461,43.905
3201,3201,106.700,615.094,524.020,58.580,49.907,330,1,595,487,56.667,46.381,461,43.905
3202,3202,106.733,615.276,524.088,58.598,49.913,332,1,595,487,56.667,46.381,461,43.905
3203,3203,106.767,615.582,524.341,58.627,49.937,330,1,595,487,56.667,46.381,461,43.905
3204,3204,106.800,615.689,524.333,58.637,49.936,330,1,595,487,56.667,46.381,461,43.905
3205,3205,106.833,615.764,524.340,58.644,49.937,328,1,595,487,56.667,46.381,461,43.905
3206,3206,106.867,615.617,524.242,58.630,49.928,329,1,595,487,56.667,46.381,461,43.905
3207,3207,106.900,615.671,524.326,58.635,49.936,327,1,595,487,56.667,46.381,461,43.905
3208,3208,106.933,615.506,524.179,58.620,49.922,324,1,595,487,56.667,46.381,461,43.905
3209,3209,106.967,615.839,524.356,58.651,49.939,320,1,595,487,56.667,46.381,461,43.905
3210,3210,107.000,615.696,524.172,58.638,49.921,322,1,595,487,56.667,46.381,461,43.905
3211,3211,107.033,615.536,524.129,58.622,49.917,317,1,595,487,56.667,46.381,461,43.905
3212,3212,107.067,615.359,523.920,58.606,49.897,324,1,595,487,56.667,46.381,461,43.905
3213,3213,107.100,615.665,524.120,58.635,49.916,321,1,595,487,56.667,46.381,461,43.905
3214,3214,107.133,615.516,524.114,58.621,49.916,317,1,595,487,56.667,46.381,461,43.905
3215,3215,107.167,615.487,524.026,58.618,49.907,318,1,595,487,56.667,46.381,461,43.905
3216,3216,107.200,615.387,523.968,58.608,49.902,315,1,595,487,56.667,46.381,461,43.905
3217,3217,107.233,615.341,523.971,58.604,49.902,318,1,595,487,56.667,46.381,461,43.905
3218,3218,107.267,615.170,523.868,58.588,49.892,319,1,595,487,56.667,46.381,461,43.905
3219,3219,107.300,614.836,523.681,58.556,49.874,325,1,595,487,56.667,46.381,461,43.905
3220,3220,107.333,614.738,523.559,58.547,49.863,327,1,595,487,56.667,46.381,461,43.905
3221,3221,107.367,614.785,523.562,58.551,49.863,320,1,595,487,56.667,46.381,461,43.905
3222,3222,107.400,614.692,523.451,58.542,49.852,317,1,595,487,56.667,46.381,461,43.905
3223,3223,107.433,614.594,523.403,58.533,49.848,315,1,595,487,56.667,46.381,461,43.905
3224,3224,107.467,614.647,523.411,58.538,49.849,319,1,595,487,56.667,46.381,461,43.905
3225,3225,107.500,614.668,523.421,58.540,49.850,319,1,595,487,56.667,46.381,461,43.905
3226,3226,107.533,614.571,523.422,58.531,49.850,321,1,595,487,56.667,46.381,461,43.905
3227,3227,107.567,614.458,523.283,58.520,49.836,326,1,595,487,56.667,46.381,461,43.905
3228,3228,107.600,614.482,523.323,58.522,49.840,322,1,595,487,56.667,46.381,461,43.905
3229,3229,107.633,614.060,523.017,58.482,49.811,321,1,595,487,56.667,46.381,461,43.905
3230,3230,107.667,614.010,522.985,58.477,49.808,322,1,595,487,56.667,46.381,461,43.905
3231,3231,107.700,614.532,523.432,58.527,49.851,324,1,595,487,56.667,46.381,461,43.905
3232,3232,107.733,614.372,523.316,58.512,49.840,324,1,595,487,56.667,46.381,461,43.905
3233,3233,107.767,614.366,523.332,58.511,49.841,322,1,595,487,56.667,46.381,461,43.905
3234,3234,107.800,614.445,523.347,58.519,49.843,323,1,595,487,56.667,46.381,461,43.905
3235,3235,107.833,614.448,523.362,58.519,49.844,321,1,595,487,56.667,46.381,461,43.905
3236,3236,107.867,614.419,523.383,58.516,49.846,324,1,595,487,56.667,46.381,461,43.905
3237,3237,107.900,614.452,523.420,58.519,49.850,323,1,595,487,56.667,46.381,461,43.905
3238,3238,107.933,614.740,523.508,58.547,49.858,328,1,595,487,56.667,46.381,461,43.905
3239,3239,107.967,614.893,523.658,58.561,49.872,330,1,595,487,56.667,46.381,461,43.905
3240,3240,108.000,614.997,523.643,58.571,49.871,333,1,595,487,56.667,46.381,461,43.905
3241,3241,108.033,614.915,523.854,58.563,49.891,336,1,595,487,56.667,46.381,461,43.905
3242,3242,108.067,615.311,524.132,58.601,49.917,348,1,595,487,56.667,46.381,461,43.905
3243,3243,108.100,615.409,524.205,58.610,49.924,352,1,595,487,56.667,46.381,461,43.905
3244,3244,108.133,615.512,524.269,58.620,49.930,352,1,595,487,56.667,46.381,461,43.905
3245,3245,108.167,615.787,524.496,58.646,49.952,356,1,595,487,56.667,46.381,461,43.905
3246,3246,108.200,616.095,524.573,58.676,49.959,360,1,595,487,56.667,46.381,461,43.905
3247,3247,108.233,616.558,524.880,58.720,49.989,362,1,595,487,56.667,46.381,461,43.905
3248,3248,108.267,616.704,524.935,58.734,49.994,363,1,595,487,56.667,46.381,461,43.905
3249,3249,108.300,617.093,525.197,58.771,50.019,355,1,595,487,56.667,46.381,461,43.905
3250,3250,108.333,617.127,525.311,58.774,50.030,357,1,595,487,56.667,46.381,461,43.905
3251,3251,108.367,617.284,525.494,58.789,50.047,351,1,595,487,56.667,46.381,461,43.905
3252,3252,108.400,617.510,525.633,58.811,50.060,356,1,595,487,56.667,46.381,461,43.905
3253,3253,108.433,617.632,525.694,58.822,50.066,350,1,595,487,56.667,46.381,461,43.905
3254,3254,108.467,617.840,525.762,58.842,50.073,350,1,595,487,56.667,46.381,461,43.905
3255,3255,108.500,618.038,525.874,58.861,50.083,345,1,595,487,56.667,46.381,461,43.905
3256,3256,108.533,618.054,525.855,58.862,50.081,337,1,595,487,56.667,46.381,461,43.905
3257,3257,108.567,618.248,525.978,58.881,50.093,337,1,595,487,56.667,46.381,461,43.905
3258,3258,108.600,618.618,526.247,58.916,50.119,328,1,595,487,56.667,46.381,461,43.905
3259,3259,108.633,618.625,526.254,58.917,50.119,333,1,595,487,56.667,46.381,461,43.905
3260,3260,108.667,618.690,526.299,58.923,50.124,326,1,595,487,56.667,46.381,461,43.905
3261,3261,108.700,618.873,526.415,58.940,50.135,330,1,595,487,56.667,46.381,461,43.905
3262,3262,108.733,618.763,526.317,58.930,50.125,326,1,595,487,56.667,46.381,461,43.905
3263,3263,108.767,618.710,526.275,58.925,50.121,327,1,595,487,56.667,46.381,461,43.905
3264,3264,108.800,618.640,526.246,58.918,50.119,330,1,595,487,56.667,46.381,461,43.905
3265,3265,108.833,618.771,526.317,58.931,50.125,332,1,595,487,56.667,46.381,461,43.905
3266,3266,108.867,618.859,526.342,58.939,50.128,331,1,595,487,56.667,46.381,461,43.905
3267,3267,108.900,619.002,526.437,58.953,50.137,327,1,595,487,56.667,46.381,461,43.905
3268,3268,108.933,619.002,526.437,58.953,50.137,327,1,595,487,56.667,46.381,461,43.905
3269,3269,108.967,618.688,526.218,58.923,50.116,334,1,595,487,56.667,46.381,461,43.905
3270,3270,109.000,618.690,526.222,58.923,50.116,334,1,595,487,56.667,46.381,461,43.905
3271,3271,109.033,618.945,526.344,58.947,50.128,325,1,595,487,56.667,46.381,461,43.905
3272,3272,109.067,618.635,526.144,58.918,50.109,330,1,595,487,56.667,46.381,461,43.905
3273,3273,109.100,618.957,526.402,58.948,50.134,332,1,595,487,56.667,46.381,461,43.905
3274,3274,109.133,618.553,526.199,58.910,50.114,330,1,595,487,56.667,46.381,461,43.905
3275,3275,109.167,618.224,526.020,58.878,50.097,324,1,595,487,56.667,46.381,461,43.905
3276,3276,109.200,618.765,526.432,58.930,50.136,335,1,595,487,56.667,46.381,461,43.905
3277,3277,109.233,618.094,525.888,58.866,50.085,324,1,595,487,56.667,46.381,461,43.905
3278,3278,109.267,617.759,525.754,58.834,50.072,319,1,595,487,56.667,46.381,461,43.905
3279,3279,109.300,617.715,525.717,58.830,50.068,320,1,595,487,56.667,46.381,461,43.905
3280,3280,109.333,617.703,525.729,58.829,50.069,321,1,595,487,56.667,46.381,461,43.905
3281,3281,109.367,617.477,525.614,58.807,50.058,317,1,595,487,56.667,46.381,461,43.905
3282,3282,109.400,617.372,525.553,58.797,50.053,322,1,595,487,56.667,46.381,461,43.905
3283,3283,109.433,617.641,525.693,58.823,50.066,313,1,595,487,56.667,46.381,461,43.905
3284,3284,109.467,617.313,525.514,58.792,50.049,317,1,595,487,56.667,46.381,461,43.905
3285,3285,109.500,617.059,525.341,58.768,50.032,308,1,595,487,56.667,46.381,461,43.905
3286,3286,109.533,616.832,525.205,58.746,50.020,323,1,595,487,56.667,46.381,461,43.905
3287,3287,109.567,616.781,525.140,58.741,50.013,322,1,595,487,56.667,46.381,461,43.905
3288,3288,109.600,616.748,525.134,58.738,50.013,320,1,595,487,56.667,46.381,461,43.905
3289,3289,109.633,616.460,524.913,58.710,49.992,306,1,595,487,56.667,46.381,461,43.905
3290,3290,109.667,616.270,524.802,58.692,49.981,308,1,595,487,56.667,46.381,461,43.905
3291,3291,109.700,616.314,524.821,58.697,49.983,311,1,595,487,56.667,46.381,461,43.905
3292,3292,109.733,616.229,524.678,58.689,49.969,309,1,595,487,56.667,46.381,461,43.905
3293,3293,109.767,615.841,524.432,58.651,49.946,301,1,595,487,56.667,46.381,461,43.905
3294,3294,109.800,615.500,524.194,58.619,49.923,307,1,595,487,56.667,46.381,461,43.905
3295,3295,109.833,615.387,524.162,58.608,49.920,305,1,595,487,56.667,46.381,461,43.905
3296,3296,109.867,615.125,524.034,58.583,49.908,300,1,595,487,56.667,46.381,461,43.905
3297,3297,109.900,615.099,523.962,58.581,49.901,290,1,595,487,56.667,46.381,461,43.905
3298,3298,109.933,614.947,524.111,58.566,49.915,292,1,595,487,56.667,46.381,461,43.905
3299,3299,109.967,614.831,523.834,58.555,49.889,285,1,595,487,56.667,46.381,461,43.905
3300,3300,110.000,614.804,524.054,58.553,49.910,292,1,595,487,56.667,46.381,461,43.905
3301,3301,110.033,615.384,524.337,58.608,49.937,283,1,595,487,56.667,46.381,461,43.905
3302,3302,110.067,615.182,524.109,58.589,49.915,278,1,595,487,56.667,46.381,461,43.905
3303,3303,110.100,614.938,523.859,58.565,49.891,287,1,595,487,56.667,46.381,461,43.905
3304,3304,110.133,614.731,523.698,58.546,49.876,290,1,595,487,56.667,46.381,461,43.905
3305,3305,110.167,614.790,523.714,58.551,49.877,291,1,595,487,56.667,46.381,461,43.905
3306,3306,110.200,614.917,523.735,58.563,49.880,293,1,595,487,56.667,46.381,461,43.905
3307,3307,110.233,615.343,523.826,58.604,49.888,290,1,595,487,56.667,46.381,461,43.905
3308,3308,110.267,615.327,523.933,58.603,49.898,287,1,595,487,56.667,46.381,461,43.905
3309,3309,110.300,615.415,523.966,58.611,49.902,287,1,595,487,56.667,46.381,461,43.905
3310,3310,110.333,615.447,523.999,58.614,49.905,286,1,595,487,56.667,46.381,461,43.905
3311,3311,110.367,615.539,523.945,58.623,49.900,289,1,595,487,56.667,46.381,461,43.905
3312,3312,110.400,615.580,523.843,58.627,49.890,287,1,595,487,56.667,46.381,461,43.905
3313,3313,110.433,615.680,523.611,58.636,49.868,295,1,595,487,56.667,46.381,461,43.905
3314,3314,110.467,615.800,523.492,58.648,49.856,298,1,595,487,56.667,46.381,461,43.905
3315,3315,110.500,616.255,523.525,58.691,49.860,307,1,595,487,56.667,46.381,461,43.905
3316,3316,110.533,616.232,523.353,58.689,49.843,299,1,595,487,56.667,46.381,461,43.905
3317,3317,110.567,616.285,523.264,58.694,49.835,310,1,595,487,56.667,46.381,461,43.905
3318,3318,110.600,616.865,523.391,58.749,49.847,312,1,595,487,56.667,46.381,461,43.905
3319,3319,110.633,617.313,523.443,58.792,49.852,315,1,595,487,56.667,46.381,461,43.905
3320,3320,110.667,618.132,523.617,58.870,49.868,321,1,595,487,56.667,46.381,461,43.905
3321,3321,110.700,618.600,523.634,58.914,49.870,327,1,595,487,56.667,46.381,461,43.905
3322,3322,110.733,619.067,523.632,58.959,49.870,326,1,595,487,56.667,46.381,461,43.905
3323,3323,110.767,619.848,523.835,59.033,49.889,322,1,595,487,56.667,46.381,461,43.905
3324,3324,110.800,620.079,523.821,59.055,49.888,314,1,595,487,56.667,46.381,461,43.905
3325,3325,110.833,620.288,523.866,59.075,49.892,313,1,595,487,56.667,46.381,461,43.905
3326,3326,110.867,620.461,523.885,59.092,49.894,305,1,595,487,56.667,46.381,461,43.905
3327,3327,110.900,620.851,523.935,59.129,49.899,300,1,595,487,56.667,46.381,461,43.905
3328,3328,110.933,621.046,523.945,59.147,49.900,301,1,595,487,56.667,46.381,461,43.905
3329,3329,110.967,621.200,523.941,59.162,49.899,304,1,595,487,56.667,46.381,461,43.905
3330,3330,111.000,621.361,523.973,59.177,49.902,300,1,595,487,56.667,46.381,461,43.905
3331,3331,111.033,621.340,523.948,59.175,49.900,301,1,595,487,56.667,46.381,461,43.905
3332,3332,111.067,621.151,523.892,59.157,49.894,292,1,595,487,56.667,46.381,461,43.905
3333,3333,111.100,621.389,523.941,59.180,49.899,286,1,595,487,56.667,46.381,461,43.905
3334,3334,111.133,620.904,523.925,59.134,49.898,292,1,595,487,56.667,46.381,461,43.905
3335,3335,111.167,620.949,523.920,59.138,49.897,286,1,595,487,56.667,46.381,461,43.905
3336,3336,111.200,620.833,523.884,59.127,49.894,287,1,595,487,56.667,46.381,461,43.905
3337,3337,111.233,620.822,523.806,59.126,49.886,278,1,595,487,56.667,46.381,461,43.905
3338,3338,111.267,NaN,NaN,NaN,NaN,NaN,0,595,487,56.667,46.381,461,43.905
3339,3339,111.300,620.464,523.850,59.092,49.890,276,1,595,487,56.667,46.381,461,43.905
3340,3340,111.333,620.583,523.851,59.103,49.891,277,1,595,487,56.667,46.381,461,43.905
3341,3341,111.367,620.111,523.941,59.058,49.899,277,1,595,487,56.667,46.381,461,43.905
3342,3342,111.400,620.253,524.002,59.072,49.905,277,1,595,487,56.667,46.381,461,43.905
3343,3343,111.433,620.128,523.951,59.060,49.900,279,1,595,487,56.667,46.381,461,43.905
3344,3344,111.467,620.196,523.895,59.066,49.895,281,1,595,487,56.667,46.381,461,43.905
3345,3345,111.500,620.090,523.896,59.056,49.895,283,1,595,487,56.667,46.381,461,43.905
3346,3346,111.533,620.096,523.877,59.057,49.893,284,1,595,487,56.667,46.381,461,43.905
3347,3347,111.567,619.888,523.890,59.037,49.894,288,1,595,487,56.667,46.381,461,43.905
3348,3348,111.600,619.963,523.864,59.044,49.892,288,1,595,487,56.667,46.381,461,43.905
3349,3349,111.633,619.970,524.000,59.045,49.905,298,1,595,487,56.667,46.381,461,43.905
3350,3350,111.667,619.856,524.005,59.034,49.905,303,1,595,487,56.667,46.381,461,43.905
3351,3351,111.700,620.056,523.990,59.053,49.904,312,1,595,487,56.667,46.381,461,43.905
3352,3352,111.733,619.852,523.953,59.034,49.900,313,1,595,487,56.667,46.381,461,43.905
3353,3353,111.767,619.982,524.057,59.046,49.910,313,1,595,487,56.667,46.381,461,43.905
3354,3354,111.800,620.237,524.103,59.070,49.915,323,1,595,487,56.667,46.381,461,43.905
3355,3355,111.833,619.939,524.048,59.042,49.909,325,1,595,487,56.667,46.381,461,43.905
3356,3356,111.867,620.227,524.133,59.069,49.917,332,1,595,487,56.667,46.381,461,43.905
3357,3357,111.900,620.259,524.116,59.072,49.916,332,1,595,487,56.667,46.381,461,43.905
3358,3358,111.933,620.588,524.201,59.104,49.924,342,1,595,487,56.667,46.381,461,43.905
3359,3359,111.967,621.144,524.368,59.157,49.940,347,1,595,487,56.667,46.381,461,43.905
3360,3360,112.000,621.078,524.371,59.150,49.940,348,1,595,487,56.667,46.381,461,43.905
3361,3361,112.033,621.247,524.328,59.166,49.936,367,1,595,487,56.667,46.381,461,43.905
3362,3362,112.067,621.338,524.286,59.175,49.932,368,1,595,487,56.667,46.381,461,43.905
3363,3363,112.100,621.829,524.435,59.222,49.946,362,1,595,487,56.667,46.381,461,43.905
3364,3364,112.133,622.104,524.472,59.248,49.950,372,1,595,487,56.667,46.381,461,43.905
3365,3365,112.167,622.380,524.511,59.274,49.953,375,1,595,487,56.667,46.381,461,43.905
3366,3366,112.200,622.925,524.551,59.326,49.957,382,1,595,487,56.667,46.381,461,43.905
3367,3367,112.233,623.165,524.602,59.349,49.962,378,1,595,487,56.667,46.381,461,43.905
3368,3368,112.267,624.176,524.688,59.445,49.970,396,1,595,487,56.667,46.381,461,43.905
3369,3369,112.300,624.336,524.781,59.461,49.979,386,1,595,487,56.667,46.381,461,43.905
3370,3370,112.333,624.583,524.773,59.484,49.978,384,1,595,487,56.667,46.381,461,43.905
3371,3371,112.367,624.862,524.800,59.511,49.981,391,1,595,487,56.667,46.381,461,43.905
3372,3372,112.400,625.174,524.844,59.540,49.985,385,1,595,487,56.667,46.381,461,43.905
3373,3373,112.433,625.570,524.909,59.578,49.991,372,1,595,487,56.667,46.381,461,43.905
3374,3374,112.467,625.829,524.910,59.603,49.991,374,1,595,487,56.667,46.381,461,43.905
3375,3375,112.500,626.219,524.988,59.640,49.999,380,1,595,487,56.667,46.381,461,43.905
3376,3376,112.533,626.572,524.917,59.674,49.992,367,1,595,487,56.667,46.381,461,43.905
3377,3377,112.567,626.775,524.918,59.693,49.992,372,1,595,487,56.667,46.381,461,43.905
3378,3378,112.600,627.103,525.145,59.724,50.014,362,1,595,487,56.667,46.381,461,43.905
3379,3379,112.633,627.303,525.131,59.743,50.012,352,1,595,487,56.667,46.381,461,43.905
3380,3380,112.667,627.846,525.220,59.795,50.021,364,1,595,487,56.667,46.381,461,43.905
3381,3381,112.700,627.789,525.196,59.789,50.019,354,1,595,487,56.667,46.381,461,43.905
3382,3382,112.733,628.256,525.208,59.834,50.020,342,1,595,487,56.667,46.381,461,43.905
3383,3383,112.767,628.019,525.199,59.811,50.019,344,1,595,487,56.667,46.381,461,43.905
3384,3384,112.800,627.902,525.208,59.800,50.020,341,1,595,487,56.667,46.381,461,43.905
3385,3385,112.833,627.730,525.218,59.784,50.021,339,1,595,487,56.667,46.381,461,43.905
3386,3386,112.867,627.745,525.280,59.785,50.027,336,1,595,487,56.667,46.381,461,43.905
3387,3387,112.900,627.602,525.242,59.772,50.023,333,1,595,487,56.667,46.381,461,43.905
3388,3388,112.933,627.590,525.218,59.770,50.021,325,1,595,487,56.667,46.381,461,43.905
3389,3389,112.967,627.636,525.249,59.775,50.024,321,1,595,487,56.667,46.381,461,43.905
3390,3390,113.000,627.362,525.230,59.749,50.022,313,1,595,487,56.667,46.381,461,43.905
3391,3391,113.033,627.202,525.178,59.734,50.017,305,1,595,487,56.667,46.381,461,43.905
3392,3392,113.067,627.269,525.183,59.740,50.017,308,1,595,487,56.667,46.381,461,43.905
3393,3393,113.100,627.285,525.218,59.741,50.021,304,1,595,487,56.667,46.381,461,43.905
3394,3394,113.133,627.103,525.156,59.724,50.015,293,1,595,487,56.667,46.381,461,43.905
3395,3395,113.167,627.083,525.130,59.722,50.012,299,1,595,487,56.667,46.381,461,43.905
3396,3396,113.200,627.178,525.203,59.731,50.019,296,1,595,487,56.667,46.381,461,43.905
3397,3397,113.233,626.990,525.227,59.713,50.022,292,1,595,487,56.667,46.381,461,43.905
3398,3398,113.267,627.085,525.308,59.722,50.029,298,1,595,487,56.667,46.381,461,43.905
3399,3399,113.300,626.946,525.254,59.709,50.024,293,1,595,487,56.667,46.381,461,43.905
3400,3400,113.333,627.052,525.336,59.719,50.032,298,1,595,487,56.667,46.381,461,43.905
3401,3401,113.367,627.223,525.395,59.736,50.038,303,1,595,487,56.667,46.381,461,43.905
3402,3402,113.400,626.831,525.215,59.698,50.020,288,1,595,487,56.667,46.381,461,43.905
3403,3403,113.433,626.396,525.056,59.657,50.005,296,1,595,487,56.667,46.381,461,43.905
3404,3404,113.467,626.435,525.039,59.660,50.004,302,1,595,487,56.667,46.381,461,43.905
3405,3405,113.500,627.190,525.208,59.732,50.020,289,1,595,487,56.667,46.381,461,43.905
3406,3406,113.533,626.626,525.135,59.679,50.013,296,1,595,487,56.667,46.381,461,43.905
3407,3407,113.567,626.883,525.238,59.703,50.023,301,1,595,487,56.667,46.381,461,43.905
3408,3408,113.600,627.178,525.312,59.731,50.030,308,1,595,487,56.667,46.381,461,43.905
3409,3409,113.633,627.514,525.303,59.763,50.029,310,1,595,487,56.667,46.381,461,43.905
3410,3410,113.667,627.954,525.518,59.805,50.049,318,1,595,487,56.667,46.381,461,43.905
3411,3411,113.700,628.167,525.483,59.825,50.046,317,1,595,487,56.667,46.381,461,43.905
3412,3412,113.733,628.613,525.646,59.868,50.062,317,1,595,487,56.667,46.381,461,43.905
3413,3413,113.767,629.324,525.665,59.936,50.063,322,1,595,487,56.667,46.381,461,43.905
3414,3414,113.800,629.520,525.630,59.954,50.060,319,1,595,487,56.667,46.381,461,43.905
3415,3415,113.833,629.766,525.732,59.978,50.070,326,1,595,487,56.667,46.381,461,43.905
3416,3416,113.867,630.560,525.787,60.053,50.075,324,1,595,487,56.667,46.381,461,43.905
3417,3417,113.900,630.702,525.850,60.067,50.081,330,1,595,487,56.667,46.381,461,43.905
3418,3418,113.933,631.288,525.940,60.123,50.089,327,1,595,487,56.667,46.381,461,43.905
3419,3419,113.967,631.628,525.902,60.155,50.086,325,1,595,487,56.667,46.381,461,43.905
3420,3420,114.000,631.952,525.976,60.186,50.093,315,1,595,487,56.667,46.381,461,43.905
3421,3421,114.033,632.744,526.111,60.261,50.106,324,1,595,487,56.667,46.381,461,43.905
3422,3422,114.067,633.085,526.136,60.294,50.108,322,1,595,487,56.667,46.381,461,43.905
3423,3423,114.100,633.125,526.150,60.298,50.110,322,1,595,487,56.667,46.381,461,43.905
3424,3424,114.133,633.583,526.227,60.341,50.117,310,1,595,487,56.667,46.381,461,43.905
3425,3425,114.167,633.599,526.216,60.343,50.116,311,1,595,487,56.667,46.381,461,43.905
3426,3426,114.200,633.680,526.224,60.350,50.117,317,1,595,487,56.667,46.381,461,43.905
3427,3427,114.233,634.025,526.221,60.383,50.116,318,1,595,487,56.667,46.381,461,43.905
3428,3428,114.267,634.239,526.234,60.404,50.118,314,1,595,487,56.667,46.381,461,43.905
3429,3429,114.300,634.438,526.321,60.423,50.126,310,1,595,487,56.667,46.381,461,43.905
3430,3430,114.333,634.340,526.309,60.413,50.125,312,1,595,487,56.667,46.381,461,43.905
3431,3431,114.367,634.044,526.222,60.385,50.116,319,1,595,487,56.667,46.381,461,43.905
3432,3432,114.400,634.042,526.220,60.385,50.116,319,1,595,487,56.667,46.381,461,43.905
3433,3433,114.433,633.970,526.244,60.378,50.119,316,1,595,487,56.667,46.381,461,43.905
3434,3434,114.467,634.036,526.206,60.384,50.115,315,1,595,487,56.667,46.381,461,43.905
3435,3435,114.500,634.130,526.215,60.393,50.116,313,1,595,487,56.667,46.381,461,43.905
3436,3436,114.533,634.040,526.197,60.385,50.114,315,1,595,487,56.667,46.381,461,43.905
3437,3437,114.567,634.022,526.211,60.383,50.115,314,1,595,487,56.667,46.381,461,43.905
3438,3438,114.600,633.717,526.151,60.354,50.110,308,1,595,487,56.667,46.381,461,43.905
3439,3439,114.633,633.717,526.188,60.354,50.113,304,1,595,487,56.667,46.381,461,43.905
3440,3440,114.667,633.777,526.158,60.360,50.110,305,1,595,487,56.667,46.381,461,43.905
3441,3441,114.700,633.767,526.120,60.359,50.107,304,1,595,487,56.667,46.381,461,43.905
3442,3442,114.733,633.872,526.136,60.369,50.108,305,1,595,487,56.667,46.381,461,43.905
3443,3443,114.767,633.940,526.041,60.375,50.099,308,1,595,487,56.667,46.381,461,43.905
3444,3444,114.800,633.484,525.987,60.332,50.094,297,1,595,487,56.667,46.381,461,43.905
3445,3445,114.833,633.464,526.039,60.330,50.099,296,1,595,487,56.667,46.381,461,43.905
3446,3446,114.867,633.485,526.021,60.332,50.097,294,1,595,487,56.667,46.381,461,43.905
3447,3447,114.900,633.472,526.033,60.331,50.098,293,1,595,487,56.667,46.381,461,43.905
3448,3448,114.933,633.386,526.143,60.322,50.109,297,1,595,487,56.667,46.381,461,43.905
3449,3449,114.967,633.254,526.107,60.310,50.105,295,1,595,487,56.667,46.381,461,43.905
3450,3450,115.000,633.237,526.118,60.308,50.106,294,1,595,487,56.667,46.381,461,43.905
3451,3451,115.033,633.233,526.081,60.308,50.103,292,1,595,487,56.667,46.381,461,43.905
3452,3452,115.067,633.587,526.078,60.342,50.103,299,1,595,487,56.667,46.381,461,43.905
3453,3453,115.100,633.765,526.133,60.359,50.108,302,1,595,487,56.667,46.381,461,43.905
3454,3454,115.133,633.695,526.054,60.352,50.100,299,1,595,487,56.667,46.381,461,43.905
3455,3455,115.167,633.763,526.131,60.358,50.108,303,1,595,487,56.667,46.381,461,43.905
3456,3456,115.200,633.780,526.028,60.360,50.098,304,1,595,487,56.667,46.381,461,43.905
3457,3457,115.233,633.866,526.076,60.368,50.102,303,1,595,487,56.667,46.381,461,43.905
3458,3458,115.267,634.258,526.141,60.406,50.109,312,1,595,487,56.667,46.381,461,43.905
3459,3459,115.300,634.522,526.193,60.431,50.114,316,1,595,487,56.667,46.381,461,43.905
3460,3460,115.333,634.956,526.182,60.472,50.113,322,1,595,487,56.667,46.381,461,43.905
3461,3461,115.367,634.990,526.165,60.475,50.111,323,1,595,487,56.667,46.381,461,43.905
3462,3462,115.400,635.260,526.189,60.501,50.113,320,1,595,487,56.667,46.381,461,43.905
3463,3463,115.433,635.453,526.178,60.519,50.112,322,1,595,487,56.667,46.381,461,43.905
3464,3464,115.467,635.624,526.201,60.536,50.114,328,1,595,487,56.667,46.381,461,43.905
3465,3465,115.500,636.049,526.247,60.576,50.119,330,1,595,487,56.667,46.381,461,43.905
3466,3466,115.533,636.131,526.290,60.584,50.123,329,1,595,487,56.667,46.381,461,43.905
3467,3467,115.567,636.154,526.320,60.586,50.126,319,1,595,487,56.667,46.381,461,43.905
3468,3468,115.600,636.115,526.356,60.582,50.129,324,1,595,487,56.667,46.381,461,43.905
3469,3469,115.633,636.163,526.441,60.587,50.137,330,1,595,487,56.667,46.381,461,43.905
3470,3470,115.667,635.857,526.381,60.558,50.132,331,1,595,487,56.667,46.381,461,43.905
3471,3471,115.700,635.929,526.427,60.565,50.136,330,1,595,487,56.667,46.381,461,43.905
3472,3472,115.733,635.971,526.326,60.569,50.126,330,1,595,487,56.667,46.381,461,43.905
3473,3473,115.767,635.875,526.324,60.560,50.126,329,1,595,487,56.667,46.381,461,43.905
3474,3474,115.800,636.007,526.300,60.572,50.124,333,1,595,487,56.667,46.381,461,43.905
3475,3475,115.833,636.060,526.273,60.577,50.121,322,1,595,487,56.667,46.381,461,43.905
3476,3476,115.867,635.791,526.249,60.551,50.119,323,1,595,487,56.667,46.381,461,43.905
3477,3477,115.900,635.738,526.182,60.546,50.113,316,1,595,487,56.667,46.381,461,43.905
3478,3478,115.933,635.418,526.150,60.516,50.110,315,1,595,487,56.667,46.381,461,43.905
3479,3479,115.967,634.849,526.136,60.462,50.108,305,1,595,487,56.667,46.381,461,43.905
3480,3480,116.000,634.861,526.167,60.463,50.111,301,1,595,487,56.667,46.381,461,43.905
3481,3481,116.033,635.246,526.248,60.500,50.119,286,1,595,487,56.667,46.381,461,43.905
3482,3482,116.067,634.957,526.132,60.472,50.108,287,1,595,487,56.667,46.381,461,43.905
3483,3483,116.100,634.998,526.190,60.476,50.113,277,1,595,487,56.667,46.381,461,43.905
3484,3484,116.133,634.844,526.007,60.461,50.096,289,1,595,487,56.667,46.381,461,43.905
3485,3485,116.167,634.501,526.058,60.429,50.101,288,1,595,487,56.667,46.381,461,43.905
3486,3486,116.200,634.528,526.129,60.431,50.107,288,1,595,487,56.667,46.381,461,43.905
3487,3487,116.233,634.690,526.082,60.447,50.103,293,1,595,487,56.667,46.381,461,43.905
3488,3488,116.267,634.720,526.102,60.450,50.105,294,1,595,487,56.667,46.381,461,43.905
3489,3489,116.300,634.574,526.069,60.436,50.102,291,1,595,487,56.667,46.381,461,43.905
3490,3490,116.333,634.623,526.050,60.440,50.100,292,1,595,487,56.667,46.381,461,43.905
3491,3491,116.367,634.679,526.064,60.446,50.101,291,1,595,487,56.667,46.381,461,43.905
3492,3492,116.400,634.657,526.087,60.443,50.103,289,1,595,487,56.667,46.381,461,43.905
3493,3493,116.433,634.657,526.052,60.444,50.100,291,1,595,487,56.667,46.381,461,43.905
3494,3494,116.467,634.935,526.015,60.470,50.097,297,1,595,487,56.667,46.381,461,43.905
3495,3495,116.500,634.713,525.996,60.449,50.095,293,1,595,487,56.667,46.381,461,43.905
3496,3496,116.533,634.928,525.843,60.469,50.080,296,1,595,487,56.667,46.381,461,43.905
3497,3497,116.567,635.018,525.869,60.478,50.083,297,1,595,487,56.667,46.381,461,43.905
3498,3498,116.600,635.023,525.824,60.478,50.078,294,1,595,487,56.667,46.381,461,43.905
3499,3499,116.633,635.396,525.733,60.514,50.070,299,1,595,487,56.667,46.381,461,43.905
3500,3500,116.667,635.564,525.769,60.530,50.073,297,1,595,487,56.667,46.381,461,43.905
3501,3501,116.700,636.102,525.662,60.581,50.063,303,1,595,487,56.667,46.381,461,43.905
3502,3502,116.733,636.388,525.601,60.608,50.057,299,1,595,487,56.667,46.381,461,43.905
3503,3503,116.767,636.930,525.522,60.660,50.050,303,1,595,487,56.667,46.381,461,43.905
3504,3504,116.800,637.536,525.391,60.718,50.037,305,1,595,487,56.667,46.381,461,43.905
3505,3505,116.833,637.868,525.417,60.749,50.040,297,1,595,487,56.667,46.381,461,43.905
3506,3506,116.867,638.501,525.321,60.810,50.031,293,1,595,487,56.667,46.381,461,43.905
3507,3507,116.900,638.595,525.348,60.819,50.033,291,1,595,487,56.667,46.381,461,43.905
3508,3508,116.933,638.897,525.307,60.847,50.029,285,1,595,487,56.667,46.381,461,43.905
3509,3509,116.967,638.771,525.355,60.835,50.034,288,1,595,487,56.667,46.381,461,43.905
3510,3510,117.000,638.801,525.412,60.838,50.039,286,1,595,487,56.667,46.381,461,43.905
3511,3511,117.033,638.833,525.373,60.841,50.035,286,1,595,487,56.667,46.381,461,43.905
3512,3512,117.067,638.968,525.337,60.854,50.032,285,1,595,487,56.667,46.381,461,43.905
3513,3513,117.100,639.041,525.263,60.861,50.025,285,1,595,487,56.667,46.381,461,43.905
3514,3514,117.133,639.057,525.207,60.863,50.020,278,1,595,487,56.667,46.381,461,43.905
3515,3515,117.167,639.006,525.425,60.858,50.041,280,1,595,487,56.667,46.381,461,43.905
3516,3516,117.200,639.123,525.251,60.869,50.024,288,1,595,487,56.667,46.381,461,43.905
3517,3517,117.233,638.779,525.346,60.836,50.033,284,1,595,487,56.667,46.381,461,43.905
3518,3518,117.267,638.624,525.433,60.821,50.041,283,1,595,487,56.667,46.381,461,43.905
3519,3519,117.300,638.652,525.554,60.824,50.053,291,1,595,487,56.667,46.381,461,43.905
3520,3520,117.333,639.088,525.581,60.866,50.055,277,1,595,487,56.667,46.381,461,43.905
3521,3521,117.367,639.173,525.579,60.874,50.055,278,1,595,487,56.667,46.381,461,43.905
3522,3522,117.400,639.179,525.514,60.874,50.049,287,1,595,487,56.667,46.381,461,43.905
3523,3523,117.433,638.791,525.579,60.837,50.055,279,1,595,487,56.667,46.381,461,43.905
3524,3524,117.467,638.753,525.594,60.834,50.057,279,1,595,487,56.667,46.381,461,43.905
3525,3525,117.500,638.920,525.585,60.850,50.056,279,1,595,487,56.667,46.381,461,43.905
3526,3526,117.533,638.588,525.648,60.818,50.062,280,1,595,487,56.667,46.381,461,43.905
3527,3527,117.567,638.707,525.591,60.829,50.056,284,1,595,487,56.667,46.381,461,43.905
3528,3528,117.600,638.357,525.705,60.796,50.067,285,1,595,487,56.667,46.381,461,43.905
3529,3529,117.633,638.305,525.664,60.791,50.063,283,1,595,487,56.667,46.381,461,43.905
3530,3530,117.667,638.435,525.661,60.803,50.063,286,1,595,487,56.667,46.381,461,43.905
3531,3531,117.700,638.614,525.672,60.820,50.064,286,1,595,487,56.667,46.381,461,43.905
3532,3532,117.733,638.628,525.651,60.822,50.062,284,1,595,487,56.667,46.381,461,43.905
3533,3533,117.767,638.790,525.618,60.837,50.059,288,1,595,487,56.667,46.381,461,43.905
3534,3534,117.800,639.073,525.563,60.864,50.054,293,1,595,487,56.667,46.381,461,43.905
3535,3535,117.833,639.168,525.574,60.873,50.055,295,1,595,487,56.667,46.381,461,43.905
3536,3536,117.867,639.551,525.526,60.910,50.050,303,1,595,487,56.667,46.381,461,43.905
3537,3537,117.900,639.526,525.509,60.907,50.048,302,1,595,487,56.667,46.381,461,43.905
3538,3538,117.933,639.719,525.467,60.926,50.045,297,1,595,487,56.667,46.381,461,43.905
3539,3539,117.967,639.881,525.456,60.941,50.043,302,1,595,487,56.667,46.381,461,43.905
3540,3540,118.000,639.979,525.309,60.950,50.029,319,1,595,487,56.667,46.381,461,43.905
3541,3541,118.033,641.219,525.105,61.068,50.010,321,1,595,487,56.667,46.381,461,43.905
3542,3542,118.067,641.499,525.002,61.095,50.000,311,1,595,487,56.667,46.381,461,43.905
3543,3543,118.100,641.777,524.957,61.122,49.996,318,1,595,487,56.667,46.381,461,43.905
3544,3544,118.133,641.928,524.922,61.136,49.993,319,1,595,487,56.667,46.381,461,43.905
3545,3545,118.167,642.167,524.830,61.159,49.984,309,1,595,487,56.667,46.381,461,43.905
3546,3546,118.200,642.589,524.775,61.199,49.979,318,1,595,487,56.667,46.381,461,43.905
3547,3547,118.233,642.583,524.891,61.198,49.990,325,1,595,487,56.667,46.381,461,43.905
3548,3548,118.267,642.742,524.801,61.214,49.981,315,1,595,487,56.667,46.381,461,43.905
3549,3549,118.300,642.941,524.765,61.232,49.978,318,1,595,487,56.667,46.381,461,43.905
3550,3550,118.333,643.327,524.712,61.269,49.973,319,1,595,487,56.667,46.381,461,43.905
3551,3551,118.367,643.869,524.545,61.321,49.957,328,1,595,487,56.667,46.381,461,43.905
3552,3552,118.400,644.251,524.431,61.357,49.946,326,1,595,487,56.667,46.381,461,43.905
3553,3553,118.433,644.578,524.407,61.388,49.944,319,1,595,487,56.667,46.381,461,43.905
3554,3554,118.467,644.701,524.328,61.400,49.936,319,1,595,487,56.667,46.381,461,43.905
3555,3555,118.500,645.114,524.327,61.439,49.936,319,1,595,487,56.667,46.381,461,43.905
3556,3556,118.533,645.447,524.195,61.471,49.923,314,1,595,487,56.667,46.381,461,43.905
3557,3557,118.567,645.522,524.216,61.478,49.925,309,1,595,487,56.667,46.381,461,43.905
3558,3558,118.600,646.068,524.074,61.530,49.912,312,1,595,487,56.667,46.381,461,43.905
3559,3559,118.633,646.203,524.037,61.543,49.908,306,1,595,487,56.667,46.381,461,43.905
3560,3560,118.667,646.342,524.056,61.556,49.910,304,1,595,487,56.667,46.381,461,43.905
3561,3561,118.700,646.519,523.998,61.573,49.905,309,1,595,487,56.667,46.381,461,43.905
3562,3562,118.733,646.554,523.993,61.577,49.904,309,1,595,487,56.667,46.381,461,43.905
3563,3563,118.767,647.114,523.856,61.630,49.891,323,1,595,487,56.667,46.381,461,43.905
3564,3564,118.800,647.266,523.836,61.644,49.889,324,1,595,487,56.667,46.381,461,43.905
3565,3565,118.833,647.121,523.813,61.631,49.887,327,1,595,487,56.667,46.381,461,43.905
3566,3566,118.867,647.075,523.836,61.626,49.889,328,1,595,487,56.667,46.381,461,43.905
3567,3567,118.900,647.203,523.806,61.638,49.886,329,1,595,487,56.667,46.381,461,43.905
3568,3568,118.933,647.478,523.772,61.665,49.883,336,1,595,487,56.667,46.381,461,43.905
3569,3569,118.967,647.332,523.770,61.651,49.883,331,1,595,487,56.667,46.381,461,43.905
3570,3570,119.000,646.509,523.897,61.572,49.895,327,1,595,487,56.667,46.381,461,43.905
3571,3571,119.033,646.572,523.928,61.578,49.898,326,1,595,487,56.667,46.381,461,43.905
3572,3572,119.067,646.476,523.953,61.569,49.900,327,1,595,487,56.667,46.381,461,43.905
3573,3573,119.100,646.528,523.950,61.574,49.900,329,1,595,487,56.667,46.381,461,43.905
3574,3574,119.133,646.368,523.973,61.559,49.902,329,1,595,487,56.667,46.381,461,43.905
3575,3575,119.167,646.348,523.917,61.557,49.897,328,1,595,487,56.667,46.381,461,43.905
3576,3576,119.200,646.456,523.934,61.567,49.898,328,1,595,487,56.667,46.381,461,43.905
3577,3577,119.233,646.466,523.950,61.568,49.900,329,1,595,487,56.667,46.381,461,43.905
3578,3578,119.267,646.165,523.958,61.540,49.901,332,1,595,487,56.667,46.381,461,43.905
3579,3579,119.300,646.051,524.047,61.529,49.909,333,1,595,487,56.667,46.381,461,43.905
3580,3580,119.333,646.498,524.056,61.571,49.910,331,1,595,487,56.667,46.381,461,43.905
3581,3581,119.367,646.479,524.051,61.569,49.910,330,1,595,487,56.667,46.381,461,43.905
3582,3582,119.400,646.398,524.111,61.562,49.915,330,1,595,487,56.667,46.381,461,43.905
3583,3583,119.433,646.297,524.129,61.552,49.917,330,1,595,487,56.667,46.381,461,43.905
3584,3584,119.467,646.239,524.110,61.547,49.915,328,1,595,487,56.667,46.381,461,43.905
3585,3585,119.500,646.139,524.115,61.537,49.916,330,1,595,487,56.667,46.381,461,43.905
3586,3586,119.533,646.883,523.987,61.608,49.904,339,1,595,487,56.667,46.381,461,43.905
3587,3587,119.567,646.837,524.031,61.604,49.908,343,1,595,487,56.667,46.381,461,43.905
3588,3588,119.600,646.668,524.042,61.587,49.909,345,1,595,487,56.667,46.381,461,43.905
3589,3589,119.633,646.690,524.079,61.589,49.912,340,1,595,487,56.667,46.381,461,43.905
3590,3590,119.667,646.681,524.043,61.589,49.909,334,1,595,487,56.667,46.381,461,43.905
3591,3591,119.700,646.708,524.029,61.591,49.908,334,1,595,487,56.667,46.381,461,43.905
3592,3592,119.733,646.824,524.048,61.602,49.909,338,1,595,487,56.667,46.381,461,43.905
3593,3593,119.767,646.891,524.059,61.609,49.910,336,1,595,487,56.667,46.381,461,43.905
3594,3594,119.800,646.857,524.062,61.605,49.911,335,1,595,487,56.667,46.381,461,43.905
3595,3595,119.833,647.015,524.064,61.620,49.911,330,1,595,487,56.667,46.381,461,43.905
3596,3596,119.867,647.196,524.039,61.638,49.909,322,1,595,487,56.667,46.381,461,43.905
3597,3597,119.900,647.451,523.916,61.662,49.897,328,1,595,487,56.667,46.381,461,43.905
3598,3598,119.933,647.431,523.948,61.660,49.900,330,1,595,487,56.667,46.381,461,43.905
3599,3599,119.967,647.720,523.909,61.688,49.896,338,1,595,487,56.667,46.381,461,43.905
3600,3600,120.000,647.731,523.908,61.689,49.896,338,1,595,487,56.667,46.381,461,43.905
3601,3601,120.033,647.805,523.783,61.696,49.884,305,1,595,487,56.667,46.381,461,43.905
3602,3602,120.067,647.927,523.838,61.707,49.889,303,1,595,487,56.667,46.381,461,43.905
3603,3603,120.100,648.704,523.672,61.781,49.874,304,1,595,487,56.667,46.381,461,43.905
3604,3604,120.133,648.677,523.760,61.779,49.882,298,1,595,487,56.667,46.381,461,43.905
3605,3605,120.167,648.767,523.779,61.787,49.884,291,1,595,487,56.667,46.381,461,43.905
3606,3606,120.200,648.761,523.758,61.787,49.882,291,1,595,487,56.667,46.381,461,43.905
3607,3607,120.233,648.761,523.758,61.787,49.882,291,1,595,487,56.667,46.381,461,43.905
3608,3608,120.267,649.115,523.709,61.820,49.877,286,1,595,487,56.667,46.381,461,43.905
3609,3609,120.300,649.419,523.690,61.849,49.875,280,1,595,487,56.667,46.381,461,43.905
3610,3610,120.333,649.427,523.726,61.850,49.879,276,1,595,487,56.667,46.381,461,43.905
3611,3611,120.367,NaN,NaN,NaN,NaN,NaN,0,595,487,56.667,46.381,461,43.905
3612,3612,120.400,NaN,NaN,NaN,NaN,NaN,0,595,487,56.667,46.381,461,43.905
3613,3613,120.433,NaN,NaN,NaN,NaN,NaN,0,595,487,56.667,46.381,461,43.905
3614,3614,120.467,NaN,NaN,NaN,NaN,NaN,0,595,487,56.667,46.381,461,43.905
3615,3615,120.500,NaN,NaN,NaN,NaN,NaN,0,595,487,56.667,46.381,461,43.905
3616,3616,120.533,NaN,NaN,NaN,NaN,NaN,0,595,487,56.667,46.381,461,43.905
3617,3617,120.567,NaN,NaN,NaN,NaN,NaN,0,595,487,56.667,46.381,461,43.905
3618,3618,120.600,NaN,NaN,NaN,NaN,NaN,0,595,487,56.667,46.381,461,43.905
3619,3619,120.633,NaN,NaN,NaN,NaN,NaN,0,595,487,56.667,46.381,461,43.905
3620,3620,120.667,NaN,NaN,NaN,NaN,NaN,0,595,487,56.667,46.381,461,43.905
3621,3621,120.700,NaN,NaN,NaN,NaN,NaN,0,595,487,56.667,46.381,461,43.905
3622,3622,120.733,NaN,NaN,NaN,NaN,NaN,0,595,487,56.667,46.381,461,43.905
3623,3623,120.767,NaN,NaN,NaN,NaN,NaN,0,595,487,56.667,46.381,461,43.905
3624,3624,120.800,NaN,NaN,NaN,NaN,NaN,0,595,487,56.667,46.381,461,43.905
3625,3625,120.833,NaN,NaN,NaN,NaN,NaN,0,595,487,56.667,46.381,461,43.905
3626,3626,120.867,NaN,NaN,NaN,NaN,NaN,0,595,487,56.667,46.381,461,43.905
3627,3627,120.900,NaN,NaN,NaN,NaN,NaN,0,595,487,56.667,46.381,461,43.905
3628,3628,120.933,NaN,NaN,NaN,NaN,NaN,0,595,487,56.667,46.381,461,43.905
3629,3629,120.967,NaN,NaN,NaN,NaN,NaN,0,595,487,56.667,46.381,461,43.905
3630,3630,121.000,NaN,NaN,NaN,NaN,NaN,0,595,487,56.667,46.381,461,43.905
3631,3631,121.033,NaN,NaN,NaN,NaN,NaN,0,595,487,56.667,46.381,461,43.905
3632,3632,121.067,NaN,NaN,NaN,NaN,NaN,0,595,487,56.667,46.381,461,43.905
3633,3633,121.100,NaN,NaN,NaN,NaN,NaN,0,595,487,56.667,46.381,461,43.905
3634,3634,121.133,NaN,NaN,NaN,NaN,NaN,0,595,487,56.667,46.381,461,43.905
3635,3635,121.167,NaN,NaN,NaN,NaN,NaN,0,595,487,56.667,46.381,461,43.905
3636,3636,121.200,NaN,NaN,NaN,NaN,NaN,0,595,487,56.667,46.381,461,43.905
3637,3637,121.233,NaN,NaN,NaN,NaN,NaN,0,595,487,56.667,46.381,461,43.905
3638,3638,121.267,NaN,NaN,NaN,NaN,NaN,0,595,487,56.667,46.381,461,43.905
3639,3639,121.300,NaN,NaN,NaN,NaN,NaN,0,595,487,56.667,46.381,461,43.905
3640,3640,121.333,NaN,NaN,NaN,NaN,NaN,0,595,487,56.667,46.381,461,43.905
3641,3641,121.367,NaN,NaN,NaN,NaN,NaN,0,595,487,56.667,46.381,461,43.905
3642,3642,121.400,NaN,NaN,NaN,NaN,NaN,0,595,487,56.667,46.381,461,43.905
3643,3643,121.433,NaN,NaN,NaN,NaN,NaN,0,595,487,56.667,46.381,461,43.905
3644,3644,121.467,NaN,NaN,NaN,NaN,NaN,0,595,487,56.667,46.381,461,43.905
3645,3645,121.500,NaN,NaN,NaN,NaN,NaN,0,595,487,56.667,46.381,461,43.905
3646,3646,121.533,NaN,NaN,NaN,NaN,NaN,0,595,487,56.667,46.381,461,43.905
3647,3647,121.567,NaN,NaN,NaN,NaN,NaN,0,595,487,56.667,46.381,461,43.905
3648,3648,121.600,NaN,NaN,NaN,NaN,NaN,0,595,487,56.667,46.381,461,43.905
3649,3649,121.633,NaN,NaN,NaN,NaN,NaN,0,595,487,56.667,46.381,461,43.905
3650,3650,121.667,NaN,NaN,NaN,NaN,NaN,0,595,487,56.667,46.381,461,43.905
3651,3651,121.700,NaN,NaN,NaN,NaN,NaN,0,595,487,56.667,46.381,461,43.905
3652,3652,121.733,NaN,NaN,NaN,NaN,NaN,0,595,487,56.667,46.381,461,43.905
3653,3653,121.767,NaN,NaN,NaN,NaN,NaN,0,595,487,56.667,46.381,461,43.905
3654,3654,121.800,NaN,NaN,NaN,NaN,NaN,0,595,487,56.667,46.381,461,43.905
3655,3655,121.833,NaN,NaN,NaN,NaN,NaN,0,595,487,56.667,46.381,461,43.905
3656,3656,121.867,NaN,NaN,NaN,NaN,NaN,0,595,487,56.667,46.381,461,43.905
3657,3657,121.900,NaN,NaN,NaN,NaN,NaN,0,595,487,56.667,46.381,461,43.905
3658,3658,121.933,NaN,NaN,NaN,NaN,NaN,0,595,487,56.667,46.381,461,43.905
3659,3659,121.967,NaN,NaN,NaN,NaN,NaN,0,595,487,56.667,46.381,461,43.905
3660,3660,122.000,NaN,NaN,NaN,NaN,NaN,0,595,487,56.667,46.381,461,43.905
3661,3661,122.033,NaN,NaN,NaN,NaN,NaN,0,595,487,56.667,46.381,461,43.905
3662,3662,122.067,NaN,NaN,NaN,NaN,NaN,0,595,487,56.667,46.381,461,43.905
3663,3663,122.100,NaN,NaN,NaN,NaN,NaN,0,595,487,56.667,46.381,461,43.905
3664,3664,122.133,NaN,NaN,NaN,NaN,NaN,0,595,487,56.667,46.381,461,43.905
3665,3665,122.167,NaN,NaN,NaN,NaN,NaN,0,595,487,56.667,46.381,461,43.905
3666,3666,122.200,NaN,NaN,NaN,NaN,NaN,0,595,487,56.667,46.381,461,43.905
3667,3667,122.233,NaN,NaN,NaN,NaN,NaN,0,595,487,56.667,46.381,461,43.905
3668,3668,122.267,NaN,NaN,NaN,NaN,NaN,0,595,487,56.667,46.381,461,43.905
3669,3669,122.300,NaN,NaN,NaN,NaN,NaN,0,595,487,56.667,46.381,461,43.905
3670,3670,122.333,NaN,NaN,NaN,NaN,NaN,0,595,487,56.667,46.381,461,43.905
3671,3671,122.367,NaN,NaN,NaN,NaN,NaN,0,595,487,56.667,46.381,461,43.905
3672,3672,122.400,NaN,NaN,NaN,NaN,NaN,0,595,487,56.667,46.381,461,43.905
3673,3673,122.433,NaN,NaN,NaN,NaN,NaN,0,595,487,56.667,46.381,461,43.905
3674,3674,122.467,NaN,NaN,NaN,NaN,NaN,0,595,487,56.667,46.381,461,43.905
3675,3675,122.500,NaN,NaN,NaN,NaN,NaN,0,595,487,56.667,46.381,461,43.905
3676,3676,122.533,NaN,NaN,NaN,NaN,NaN,0,595,487,56.667,46.381,461,43.905
3677,3677,122.567,NaN,NaN,NaN,NaN,NaN,0,595,487,56.667,46.381,461,43.905
3678,3678,122.600,NaN,NaN,NaN,NaN,NaN,0,595,487,56.667,46.381,461,43.905
3679,3679,122.633,NaN,NaN,NaN,NaN,NaN,0,595,487,56.667,46.381,461,43.905
3680,3680,122.667,NaN,NaN,NaN,NaN,NaN,0,595,487,56.667,46.381,461,43.905
3681,3681,122.700,NaN,NaN,NaN,NaN,NaN,0,595,487,56.667,46.381,461,43.905
3682,3682,122.733,NaN,NaN,NaN,NaN,NaN,0,595,487,56.667,46.381,461,43.905
3683,3683,122.767,NaN,NaN,NaN,NaN,NaN,0,595,487,56.667,46.381,461,43.905
3684,3684,122.800,NaN,NaN,NaN,NaN,NaN,0,595,487,56.667,46.381,461,43.905
3685,3685,122.833,NaN,NaN,NaN,NaN,NaN,0,595,487,56.667,46.381,461,43.905
3686,3686,122.867,NaN,NaN,NaN,NaN,NaN,0,595,487,56.667,46.381,461,43.905
3687,3687,122.900,NaN,NaN,NaN,NaN,NaN,0,595,487,56.667,46.381,461,43.905
3688,3688,122.933,NaN,NaN,NaN,NaN,NaN,0,595,487,56.667,46.381,461,43.905
3689,3689,122.967,NaN,NaN,NaN,NaN,NaN,0,595,487,56.667,46.381,461,43.905
3690,3690,123.000,NaN,NaN,NaN,NaN,NaN,0,595,487,56.667,46.381,461,43.905
3691,3691,123.033,NaN,NaN,NaN,NaN,NaN,0,595,487,56.667,46.381,461,43.905
3692,3692,123.067,NaN,NaN,NaN,NaN,NaN,0,595,487,56.667,46.381,461,43.905
3693,3693,123.100,NaN,NaN,NaN,NaN,NaN,0,595,487,56.667,46.381,461,43.905
3694,3694,123.133,NaN,NaN,NaN,NaN,NaN,0,595,487,56.667,46.381,461,43.905
3695,3695,123.167,NaN,NaN,NaN,NaN,NaN,0,595,487,56.667,46.381,461,43.905
3696,3696,123.200,NaN,NaN,NaN,NaN,NaN,0,595,487,56.667,46.381,461,43.905
3697,3697,123.233,NaN,NaN,NaN,NaN,NaN,0,595,487,56.667,46.381,461,43.905
3698,3698,123.267,NaN,NaN,NaN,NaN,NaN,0,595,487,56.667,46.381,461,43.905
3699,3699,123.300,NaN,NaN,NaN,NaN,NaN,0,595,487,56.667,46.381,461,43.905
3700,3700,123.333,NaN,NaN,NaN,NaN,NaN,0,595,487,56.667,46.381,461,43.905
3701,3701,123.367,NaN,NaN,NaN,NaN,NaN,0,595,487,56.667,46.381,461,43.905
3702,3702,123.400,NaN,NaN,NaN,NaN,NaN,0,595,487,56.667,46.381,461,43.905
3703,3703,123.433,NaN,NaN,NaN,NaN,NaN,0,595,487,56.667,46.381,461,43.905
3704,3704,123.467,NaN,NaN,NaN,NaN,NaN,0,595,487,56.667,46.381,461,43.905
3705,3705,123.500,NaN,NaN,NaN,NaN,NaN,0,595,487,56.667,46.381,461,43.905
3706,3706,123.533,NaN,NaN,NaN,NaN,NaN,0,595,487,56.667,46.381,461,43.905
3707,3707,123.567,NaN,NaN,NaN,NaN,NaN,0,595,487,56.667,46.381,461,43.905
3708,3708,123.600,NaN,NaN,NaN,NaN,NaN,0,595,487,56.667,46.381,461,43.905
3709,3709,123.633,NaN,NaN,NaN,NaN,NaN,0,595,487,56.667,46.381,461,43.905
3710,3710,123.667,NaN,NaN,NaN,NaN,NaN,0,595,487,56.667,46.381,461,43.905
3711,3711,123.700,NaN,NaN,NaN,NaN,NaN,0,595,487,56.667,46.381,461,43.905
3712,3712,123.733,NaN,NaN,NaN,NaN,NaN,0,595,487,56.667,46.381,461,43.905
3713,3713,123.767,NaN,NaN,NaN,NaN,NaN,0,595,487,56.667,46.381,461,43.905
3714,3714,123.800,NaN,NaN,NaN,NaN,NaN,0,595,487,56.667,46.381,461,43.905
3715,3715,123.833,NaN,NaN,NaN,NaN,NaN,0,595,487,56.667,46.381,461,43.905
3716,3716,123.867,NaN,NaN,NaN,NaN,NaN,0,595,487,56.667,46.381,461,43.905
3717,3717,123.900,NaN,NaN,NaN,NaN,NaN,0,595,487,56.667,46.381,461,43.905
3718,3718,123.933,NaN,NaN,NaN,NaN,NaN,0,595,487,56.667,46.381,461,43.905
3719,3719,123.967,NaN,NaN,NaN,NaN,NaN,0,595,487,56.667,46.381,461,43.905
3720,3720,124.000,NaN,NaN,NaN,NaN,NaN,0,595,487,56.667,46.381,461,43.905
3721,3721,124.033,NaN,NaN,NaN,NaN,NaN,0,595,487,56.667,46.381,461,43.905
3722,3722,124.067,NaN,NaN,NaN,NaN,NaN,0,595,487,56.667,46.381,461,43.905
3723,3723,124.100,NaN,NaN,NaN,NaN,NaN,0,595,487,56.667,46.381,461,43.905
3724,3724,124.133,NaN,NaN,NaN,NaN,NaN,0,595,487,56.667,46.381,461,43.905
3725,3725,124.167,NaN,NaN,NaN,NaN,NaN,0,595,487,56.667,46.381,461,43.905
3726,3726,124.200,NaN,NaN,NaN,NaN,NaN,0,595,487,56.667,46.381,461,43.905
3727,3727,124.233,NaN,NaN,NaN,NaN,NaN,0,595,487,56.667,46.381,461,43.905
3728,3728,124.267,NaN,NaN,NaN,NaN,NaN,0,595,487,56.667,46.381,461,43.905
3729,3729,124.300,NaN,NaN,NaN,NaN,NaN,0,595,487,56.667,46.381,461,43.905
3730,3730,124.333,NaN,NaN,NaN,NaN,NaN,0,595,487,56.667,46.381,461,43.905
3731,3731,124.367,NaN,NaN,NaN,NaN,NaN,0,595,487,56.667,46.381,461,43.905
3732,3732,124.400,NaN,NaN,NaN,NaN,NaN,0,595,487,56.667,46.381,461,43.905
3733,3733,124.433,NaN,NaN,NaN,NaN,NaN,0,595,487,56.667,46.381,461,43.905
3734,3734,124.467,NaN,NaN,NaN,NaN,NaN,0,595,487,56.667,46.381,461,43.905
3735,3735,124.500,NaN,NaN,NaN,NaN,NaN,0,595,487,56.667,46.381,461,43.905
3736,3736,124.533,NaN,NaN,NaN,NaN,NaN,0,595,487,56.667,46.381,461,43.905
3737,3737,124.567,NaN,NaN,NaN,NaN,NaN,0,595,487,56.667,46.381,461,43.905
3738,3738,124.600,NaN,NaN,NaN,NaN,NaN,0,595,487,56.667,46.381,461,43.905
3739,3739,124.633,NaN,NaN,NaN,NaN,NaN,0,595,487,56.667,46.381,461,43.905
3740,3740,124.667,NaN,NaN,NaN,NaN,NaN,0,595,487,56.667,46.381,461,43.905
3741,3741,124.700,NaN,NaN,NaN,NaN,NaN,0,595,487,56.667,46.381,461,43.905
3742,3742,124.733,NaN,NaN,NaN,NaN,NaN,0,595,487,56.667,46.381,461,43.905
3743,3743,124.767,NaN,NaN,NaN,NaN,NaN,0,595,487,56.667,46.381,461,43.905
3744,3744,124.800,NaN,NaN,NaN,NaN,NaN,0,595,487,56.667,46.381,461,43.905
3745,3745,124.833,NaN,NaN,NaN,NaN,NaN,0,595,487,56.667,46.381,461,43.905
3746,3746,124.867,NaN,NaN,NaN,NaN,NaN,0,595,487,56.667,46.381,461,43.905
3747,3747,124.900,NaN,NaN,NaN,NaN,NaN,0,595,487,56.667,46.381,461,43.905
3748,3748,124.933,NaN,NaN,NaN,NaN,NaN,0,595,487,56.667,46.381,461,43.905
3749,3749,124.967,NaN,NaN,NaN,NaN,NaN,0,595,487,56.667,46.381,461,43.905
3750,3750,125.000,NaN,NaN,NaN,NaN,NaN,0,595,487,56.667,46.381,461,43.905
3751,3751,125.033,NaN,NaN,NaN,NaN,NaN,0,595,487,56.667,46.381,461,43.905
3752,3752,125.067,NaN,NaN,NaN,NaN,NaN,0,595,487,56.667,46.381,461,43.905
3753,3753,125.100,NaN,NaN,NaN,NaN,NaN,0,595,487,56.667,46.381,461,43.905
3754,3754,125.133,NaN,NaN,NaN,NaN,NaN,0,595,487,56.667,46.381,461,43.905
3755,3755,125.167,NaN,NaN,NaN,NaN,NaN,0,595,487,56.667,46.381,461,43.905
3756,3756,125.200,NaN,NaN,NaN,NaN,NaN,0,595,487,56.667,46.381,461,43.905
3757,3757,125.233,NaN,NaN,NaN,NaN,NaN,0,595,487,56.667,46.381,461,43.905
3758,3758,125.267,NaN,NaN,NaN,NaN,NaN,0,595,487,56.667,46.381,461,43.905
3759,3759,125.300,NaN,NaN,NaN,NaN,NaN,0,595,487,56.667,46.381,461,43.905
3760,3760,125.333,NaN,NaN,NaN,NaN,NaN,0,595,487,56.667,46.381,461,43.905
3761,3761,125.367,NaN,NaN,NaN,NaN,NaN,0,595,487,56.667,46.381,461,43.905
3762,3762,125.400,NaN,NaN,NaN,NaN,NaN,0,595,487,56.667,46.381,461,43.905
3763,3763,125.433,NaN,NaN,NaN,NaN,NaN,0,595,487,56.667,46.381,461,43.905
3764,3764,125.467,NaN,NaN,NaN,NaN,NaN,0,595,487,56.667,46.381,461,43.905
3765,3765,125.500,NaN,NaN,NaN,NaN,NaN,0,595,487,56.667,46.381,461,43.905
3766,3766,125.533,NaN,NaN,NaN,NaN,NaN,0,595,487,56.667,46.381,461,43.905
3767,3767,125.567,NaN,NaN,NaN,NaN,NaN,0,595,487,56.667,46.381,461,43.905
3768,3768,125.600,NaN,NaN,NaN,NaN,NaN,0,595,487,56.667,46.381,461,43.905
3769,3769,125.633,NaN,NaN,NaN,NaN,NaN,0,595,487,56.667,46.381,461,43.905
3770,3770,125.667,NaN,NaN,NaN,NaN,NaN,0,595,487,56.667,46.381,461,43.905
3771,3771,125.700,NaN,NaN,NaN,NaN,NaN,0,595,487,56.667,46.381,461,43.905
3772,3772,125.733,NaN,NaN,NaN,NaN,NaN,0,595,487,56.667,46.381,461,43.905
3773,3773,125.767,NaN,NaN,NaN,NaN,NaN,0,595,487,56.667,46.381,461,43.905
3774,3774,125.800,NaN,NaN,NaN,NaN,NaN,0,595,487,56.667,46.381,461,43.905
3775,3775,125.833,NaN,NaN,NaN,NaN,NaN,0,595,487,56.667,46.381,461,43.905
3776,3776,125.867,NaN,NaN,NaN,NaN,NaN,0,595,487,56.667,46.381,461,43.905
3777,3777,125.900,NaN,NaN,NaN,NaN,NaN,0,595,487,56.667,46.381,461,43.905
3778,3778,125.933,NaN,NaN,NaN,NaN,NaN,0,595,487,56.667,46.381,461,43.905
3779,3779,125.967,NaN,NaN,NaN,NaN,NaN,0,595,487,56.667,46.381,461,43.905
3780,3780,126.000,NaN,NaN,NaN,NaN,NaN,0,595,487,56.667,46.381,461,43.905
3781,3781,126.033,NaN,NaN,NaN,NaN,NaN,0,595,487,56.667,46.381,461,43.905
3782,3782,126.067,NaN,NaN,NaN,NaN,NaN,0,595,487,56.667,46.381,461,43.905
3783,3783,126.100,NaN,NaN,NaN,NaN,NaN,0,595,487,56.667,46.381,461,43.905
3784,3784,126.133,NaN,NaN,NaN,NaN,NaN,0,595,487,56.667,46.381,461,43.905
3785,3785,126.167,NaN,NaN,NaN,NaN,NaN,0,595,487,56.667,46.381,461,43.905
3786,3786,126.200,NaN,NaN,NaN,NaN,NaN,0,595,487,56.667,46.381,461,43.905
3787,3787,126.233,NaN,NaN,NaN,NaN,NaN,0,595,487,56.667,46.381,461,43.905
3788,3788,126.267,NaN,NaN,NaN,NaN,NaN,0,595,487,56.667,46.381,461,43.905
3789,3789,126.300,NaN,NaN,NaN,NaN,NaN,0,595,487,56.667,46.381,461,43.905
3790,3790,126.333,NaN,NaN,NaN,NaN,NaN,0,595,487,56.667,46.381,461,43.905
3791,3791,126.367,NaN,NaN,NaN,NaN,NaN,0,595,487,56.667,46.381,461,43.905
3792,3792,126.400,NaN,NaN,NaN,NaN,NaN,0,595,487,56.667,46.381,461,43.905
3793,3793,126.433,NaN,NaN,NaN,NaN,NaN,0,595,487,56.667,46.381,461,43.905
3794,3794,126.467,NaN,NaN,NaN,NaN,NaN,0,595,487,56.667,46.381,461,43.905
3795,3795,126.500,NaN,NaN,NaN,NaN,NaN,0,595,487,56.667,46.381,461,43.905
3796,3796,126.533,NaN,NaN,NaN,NaN,NaN,0,595,487,56.667,46.381,461,43.905
3797,3797,126.567,NaN,NaN,NaN,NaN,NaN,0,595,487,56.667,46.381,461,43.905
3798,3798,126.600,NaN,NaN,NaN,NaN,NaN,0,595,487,56.667,46.381,461,43.905
3799,3799,126.633,NaN,NaN,NaN,NaN,NaN,0,595,487,56.667,46.381,461,43.905
3800,3800,126.667,NaN,NaN,NaN,NaN,NaN,0,595,487,56.667,46.381,461,43.905
3801,3801,126.700,NaN,NaN,NaN,NaN,NaN,0,595,487,56.667,46.381,461,43.905
3802,3802,126.733,NaN,NaN,NaN,NaN,NaN,0,595,487,56.667,46.381,461,43.905
3803,3803,126.767,NaN,NaN,NaN,NaN,NaN,0,595,487,56.667,46.381,461,43.905
3804,3804,126.800,NaN,NaN,NaN,NaN,NaN,0,595,487,56.667,46.381,461,43.905
3805,3805,126.833,NaN,NaN,NaN,NaN,NaN,0,595,487,56.667,46.381,461,43.905
3806,3806,126.867,NaN,NaN,NaN,NaN,NaN,0,595,487,56.667,46.381,461,43.905
3807,3807,126.900,NaN,NaN,NaN,NaN,NaN,0,595,487,56.667,46.381,461,43.905
3808,3808,126.933,NaN,NaN,NaN,NaN,NaN,0,595,487,56.667,46.381,461,43.905
3809,3809,126.967,NaN,NaN,NaN,NaN,NaN,0,595,487,56.667,46.381,461,43.905
3810,3810,127.000,NaN,NaN,NaN,NaN,NaN,0,595,487,56.667,46.381,461,43.905
3811,3811,127.033,NaN,NaN,NaN,NaN,NaN,0,595,487,56.667,46.381,461,43.905
3812,3812,127.067,NaN,NaN,NaN,NaN,NaN,0,595,487,56.667,46.381,461,43.905
3813,3813,127.100,NaN,NaN,NaN,NaN,NaN,0,595,487,56.667,46.381,461,43.905
3814,3814,127.133,NaN,NaN,NaN,NaN,NaN,0,595,487,56.667,46.381,461,43.905
3815,3815,127.167,NaN,NaN,NaN,NaN,NaN,0,595,487,56.667,46.381,461,43.905
3816,3816,127.200,NaN,NaN,NaN,NaN,NaN,0,595,487,56.667,46.381,461,43.905
3817,3817,127.233,NaN,NaN,NaN,NaN,NaN,0,595,487,56.667,46.381,461,43.905
3818,3818,127.267,NaN,NaN,NaN,NaN,NaN,0,595,487,56.667,46.381,461,43.905
3819,3819,127.300,NaN,NaN,NaN,NaN,NaN,0,595,487,56.667,46.381,461,43.905
3820,3820,127.333,NaN,NaN,NaN,NaN,NaN,0,595,487,56.667,46.381,461,43.905
3821,3821,127.367,NaN,NaN,NaN,NaN,NaN,0,595,487,56.667,46.381,461,43.905
3822,3822,127.400,674.420,519.879,64.230,49.512,276,1,595,487,56.667,46.381,461,43.905
3823,3823,127.433,674.472,519.847,64.235,49.509,276,1,595,487,56.667,46.381,461,43.905
3824,3824,127.467,674.789,519.839,64.266,49.508,284,1,595,487,56.667,46.381,461,43.905
3825,3825,127.500,674.738,519.853,64.261,49.510,284,1,595,487,56.667,46.381,461,43.905
3826,3826,127.533,675.220,519.841,64.307,49.509,302,1,595,487,56.667,46.381,461,43.905
3827,3827,127.567,675.422,519.925,64.326,49.517,306,1,595,487,56.667,46.381,461,43.905
3828,3828,127.600,675.608,519.793,64.344,49.504,296,1,595,487,56.667,46.381,461,43.905
3829,3829,127.633,675.641,519.834,64.347,49.508,295,1,595,487,56.667,46.381,461,43.905
3830,3830,127.667,675.639,519.906,64.347,49.515,289,1,595,487,56.667,46.381,461,43.905
3831,3831,127.700,675.696,519.951,64.352,49.519,292,1,595,487,56.667,46.381,461,43.905
3832,3832,127.733,676.206,519.861,64.401,49.511,288,1,595,487,56.667,46.381,461,43.905
3833,3833,127.767,676.252,519.871,64.405,49.511,286,1,595,487,56.667,46.381,461,43.905
3834,3834,127.800,676.450,519.818,64.424,49.506,281,1,595,487,56.667,46.381,461,43.905
3835,3835,127.833,676.550,519.852,64.433,49.510,284,1,595,487,56.667,46.381,461,43.905
3836,3836,127.867,676.790,519.850,64.456,49.509,288,1,595,487,56.667,46.381,461,43.905
3837,3837,127.900,676.825,519.992,64.460,49.523,302,1,595,487,56.667,46.381,461,43.905
3838,3838,127.933,677.547,519.901,64.528,49.514,293,1,595,487,56.667,46.381,461,43.905
3839,3839,127.967,677.976,519.895,64.569,49.514,293,1,595,487,56.667,46.381,461,43.905
3840,3840,128.000,678.081,519.958,64.579,49.520,296,1,595,487,56.667,46.381,461,43.905
3841,3841,128.033,678.711,520.104,64.639,49.534,310,1,595,487,56.667,46.381,461,43.905
3842,3842,128.067,678.420,520.166,64.611,49.540,334,1,595,487,56.667,46.381,461,43.905
3843,3843,128.100,678.480,520.245,64.617,49.547,351,1,595,487,56.667,46.381,461,43.905
3844,3844,128.133,678.871,520.278,64.654,49.550,365,1,595,487,56.667,46.381,461,43.905
3845,3845,128.167,678.771,520.254,64.645,49.548,367,1,595,487,56.667,46.381,461,43.905
3846,3846,128.200,678.771,520.254,64.645,49.548,367,1,595,487,56.667,46.381,461,43.905
3847,3847,128.233,678.820,520.249,64.650,49.548,368,1,595,487,56.667,46.381,461,43.905
3848,3848,128.267,678.829,520.250,64.650,49.548,368,1,595,487,56.667,46.381,461,43.905
3849,3849,128.300,678.820,520.275,64.650,49.550,367,1,595,487,56.667,46.381,461,43.905
3850,3850,128.333,678.969,520.277,64.664,49.550,370,1,595,487,56.667,46.381,461,43.905
3851,3851,128.367,678.763,520.298,64.644,49.552,369,1,595,487,56.667,46.381,461,43.905
3852,3852,128.400,678.851,520.263,64.652,49.549,372,1,595,487,56.667,46.381,461,43.905
3853,3853,128.433,678.851,520.263,64.652,49.549,372,1,595,487,56.667,46.381,461,43.905
3854,3854,128.467,677.920,520.342,64.564,49.556,390,1,595,487,56.667,46.381,461,43.905
3855,3855,128.500,677.937,520.343,64.565,49.556,390,1,595,487,56.667,46.381,461,43.905
3856,3856,128.533,677.946,520.408,64.566,49.563,382,1,595,487,56.667,46.381,461,43.905
3857,3857,128.567,677.914,520.401,64.563,49.562,382,1,595,487,56.667,46.381,461,43.905
3858,3858,128.600,678.220,520.416,64.592,49.563,370,1,595,487,56.667,46.381,461,43.905
3859,3859,128.633,677.655,520.477,64.539,49.569,366,1,595,487,56.667,46.381,461,43.905
3860,3860,128.667,677.328,520.462,64.507,49.568,358,1,595,487,56.667,46.381,461,43.905
3861,3861,128.700,677.200,520.457,64.495,49.567,359,1,595,487,56.667,46.381,461,43.905
3862,3862,128.733,677.123,520.498,64.488,49.571,363,1,595,487,56.667,46.381,461,43.905
3863,3863,128.767,677.035,520.519,64.480,49.573,362,1,595,487,56.667,46.381,461,43.905
3864,3864,128.800,676.679,520.445,64.446,49.566,366,1,595,487,56.667,46.381,461,43.905
3865,3865,128.833,676.875,520.435,64.464,49.565,373,1,595,487,56.667,46.381,461,43.905
3866,3866,128.867,676.655,520.383,64.443,49.560,367,1,595,487,56.667,46.381,461,43.905
3867,3867,128.900,676.710,520.193,64.449,49.542,356,1,595,487,56.667,46.381,461,43.905
3868,3868,128.933,676.476,520.202,64.426,49.543,356,1,595,487,56.667,46.381,461,43.905
3869,3869,128.967,676.440,520.232,64.423,49.546,358,1,595,487,56.667,46.381,461,43.905
3870,3870,129.000,675.962,520.191,64.377,49.542,343,1,595,487,56.667,46.381,461,43.905
3871,3871,129.033,675.641,520.183,64.347,49.541,336,1,595,487,56.667,46.381,461,43.905
3872,3872,129.067,675.810,520.153,64.363,49.538,349,1,595,487,56.667,46.381,461,43.905
3873,3873,129.100,675.883,520.211,64.370,49.544,352,1,595,487,56.667,46.381,461,43.905
3874,3874,129.133,675.891,520.150,64.371,49.538,350,1,595,487,56.667,46.381,461,43.905
3875,3875,129.167,675.633,520.189,64.346,49.542,341,1,595,487,56.667,46.381,461,43.905
3876,3876,129.200,675.272,520.123,64.312,49.536,342,1,595,487,56.667,46.381,461,43.905
3877,3877,129.233,675.196,520.159,64.304,49.539,337,1,595,487,56.667,46.381,461,43.905
3878,3878,129.267,675.026,520.370,64.288,49.559,337,1,595,487,56.667,46.381,461,43.905
3879,3879,129.300,674.915,520.312,64.278,49.554,337,1,595,487,56.667,46.381,461,43.905
3880,3880,129.333,674.836,520.353,64.270,49.557,337,1,595,487,56.667,46.381,461,43.905
3881,3881,129.367,674.390,520.304,64.228,49.553,342,1,595,487,56.667,46.381,461,43.905
3882,3882,129.400,674.622,520.254,64.250,49.548,341,1,595,487,56.667,46.381,461,43.905
3883,3883,129.433,674.636,520.269,64.251,49.549,340,1,595,487,56.667,46.381,461,43.905
3884,3884,129.467,674.439,520.325,64.232,49.555,339,1,595,487,56.667,46.381,461,43.905
3885,3885,129.500,674.342,520.419,64.223,49.564,343,1,595,487,56.667,46.381,461,43.905
3886,3886,129.533,674.202,520.452,64.210,49.567,342,1,595,487,56.667,46.381,461,43.905
3887,3887,129.567,674.318,520.249,64.221,49.548,339,1,595,487,56.667,46.381,461,43.905
3888,3888,129.600,674.445,520.187,64.233,49.542,342,1,595,487,56.667,46.381,461,43.905
3889,3889,129.633,674.334,520.226,64.222,49.545,344,1,595,487,56.667,46.381,461,43.905
3890,3890,129.667,674.356,520.200,64.224,49.543,341,1,595,487,56.667,46.381,461,43.905
3891,3891,129.700,674.445,520.152,64.233,49.538,337,1,595,487,56.667,46.381,461,43.905
3892,3892,129.733,674.464,520.162,64.235,49.539,335,1,595,487,56.667,46.381,461,43.905
3893,3893,129.767,674.419,520.126,64.230,49.536,330,1,595,487,56.667,46.381,461,43.905
3894,3894,129.800,674.541,520.099,64.242,49.533,323,1,595,487,56.667,46.381,461,43.905
3895,3895,129.833,674.579,520.131,64.246,49.536,320,1,595,487,56.667,46.381,461,43.905
3896,3896,129.867,674.506,520.175,64.239,49.540,317,1,595,487,56.667,46.381,461,43.905
3897,3897,129.900,674.707,520.039,64.258,49.528,317,1,595,487,56.667,46.381,461,43.905
3898,3898,129.933,674.943,519.758,64.280,49.501,323,1,595,487,56.667,46.381,461,43.905
3899,3899,129.967,674.921,519.701,64.278,49.495,319,1,595,487,56.667,46.381,461,43.905
3900,3900,130.000,674.824,519.666,64.269,49.492,321,1,595,487,56.667,46.381,461,43.905
3901,3901,130.033,675.438,519.275,64.327,49.455,335,1,595,487,56.667,46.381,461,43.905
3902,3902,130.067,675.032,519.337,64.289,49.461,337,1,595,487,56.667,46.381,461,43.905
3903,3903,130.100,675.404,519.188,64.324,49.447,343,1,595,487,56.667,46.381,461,43.905
3904,3904,130.133,675.578,519.050,64.341,49.433,349,1,595,487,56.667,46.381,461,43.905
3905,3905,130.167,676.441,518.957,64.423,49.425,354,1,595,487,56.667,46.381,461,43.905
3906,3906,130.200,676.936,518.780,64.470,49.408,352,1,595,487,56.667,46.381,461,43.905
3907,3907,130.233,677.254,518.572,64.500,49.388,359,1,595,487,56.667,46.381,461,43.905
3908,3908,130.267,677.771,518.465,64.550,49.378,357,1,595,487,56.667,46.381,461,43.905
3909,3909,130.300,678.042,518.262,64.575,49.358,348,1,595,487,56.667,46.381,461,43.905
3910,3910,130.333,678.270,518.182,64.597,49.351,349,1,595,487,56.667,46.381,461,43.905
3911,3911,130.367,678.366,517.936,64.606,49.327,345,1,595,487,56.667,46.381,461,43.905
3912,3912,130.400,678.615,517.936,64.630,49.327,336,1,595,487,56.667,46.381,461,43.905
3913,3913,130.433,678.955,517.727,64.662,49.307,331,1,595,487,56.667,46.381,461,43.905
3914,3914,130.467,679.129,517.711,64.679,49.306,326,1,595,487,56.667,46.381,461,43.905
3915,3915,130.500,679.584,517.420,64.722,49.278,318,1,595,487,56.667,46.381,461,43.905
3916,3916,130.533,679.580,517.420,64.722,49.278,318,1,595,487,56.667,46.381,461,43.905
3917,3917,130.567,679.580,517.420,64.722,49.278,318,1,595,487,56.667,46.381,461,43.905
3918,3918,130.600,679.621,517.341,64.726,49.271,318,1,595,487,56.667,46.381,461,43.905
3919,3919,130.633,679.483,517.335,64.713,49.270,316,1,595,487,56.667,46.381,461,43.905
3920,3920,130.667,679.249,517.589,64.690,49.294,323,1,595,487,56.667,46.381,461,43.905
3921,3921,130.700,679.296,517.560,64.695,49.291,316,1,595,487,56.667,46.381,461,43.905
3922,3922,130.733,679.193,517.700,64.685,49.305,322,1,595,487,56.667,46.381,461,43.905
3923,3923,130.767,679.133,517.649,64.679,49.300,312,1,595,487,56.667,46.381,461,43.905
3924,3924,130.800,678.758,517.930,64.644,49.327,301,1,595,487,56.667,46.381,461,43.905
3925,3925,130.833,678.671,518.001,64.635,49.333,301,1,595,487,56.667,46.381,461,43.905
3926,3926,130.867,678.433,518.101,64.613,49.343,304,1,595,487,56.667,46.381,461,43.905
3927,3927,130.900,678.835,517.992,64.651,49.333,285,1,595,487,56.667,46.381,461,43.905
3928,3928,130.933,678.120,518.167,64.583,49.349,286,1,595,487,56.667,46.381,461,43.905
3929,3929,130.967,677.993,518.270,64.571,49.359,277,1,595,487,56.667,46.381,461,43.905
3930,3930,131.000,NaN,NaN,NaN,NaN,NaN,0,595,487,56.667,46.381,461,43.905
3931,3931,131.033,NaN,NaN,NaN,NaN,NaN,0,595,487,56.667,46.381,461,43.905
3932,3932,131.067,NaN,NaN,NaN,NaN,NaN,0,595,487,56.667,46.381,461,43.905
3933,3933,131.100,NaN,NaN,NaN,NaN,NaN,0,595,487,56.667,46.381,461,43.905
3934,3934,131.133,NaN,NaN,NaN,NaN,NaN,0,595,487,56.667,46.381,461,43.905
3935,3935,131.167,NaN,NaN,NaN,NaN,NaN,0,595,487,56.667,46.381,461,43.905
3936,3936,131.200,NaN,NaN,NaN,NaN,NaN,0,595,487,56.667,46.381,461,43.905
3937,3937,131.233,NaN,NaN,NaN,NaN,NaN,0,595,487,56.667,46.381,461,43.905
3938,3938,131.267,NaN,NaN,NaN,NaN,NaN,0,595,487,56.667,46.381,461,43.905
3939,3939,131.300,NaN,NaN,NaN,NaN,NaN,0,595,487,56.667,46.381,461,43.905
3940,3940,131.333,NaN,NaN,NaN,NaN,NaN,0,595,487,56.667,46.381,461,43.905
3941,3941,131.367,NaN,NaN,NaN,NaN,NaN,0,595,487,56.667,46.381,461,43.905
3942,3942,131.400,NaN,NaN,NaN,NaN,NaN,0,595,487,56.667,46.381,461,43.905
3943,3943,131.433,NaN,NaN,NaN,NaN,NaN,0,595,487,56.667,46.381,461,43.905
3944,3944,131.467,NaN,NaN,NaN,NaN,NaN,0,595,487,56.667,46.381,461,43.905
3945,3945,131.500,NaN,NaN,NaN,NaN,NaN,0,595,487,56.667,46.381,461,43.905
3946,3946,131.533,679.339,517.829,64.699,49.317,275,1,595,487,56.667,46.381,461,43.905
3947,3947,131.567,679.535,517.639,64.718,49.299,282,1,595,487,56.667,46.381,461,43.905
3948,3948,131.600,679.749,517.617,64.738,49.297,284,1,595,487,56.667,46.381,461,43.905
3949,3949,131.633,679.698,517.599,64.733,49.295,277,1,595,487,56.667,46.381,461,43.905
3950,3950,131.667,680.505,517.381,64.810,49.274,279,1,595,487,56.667,46.381,461,43.905
3951,3951,131.700,680.214,517.520,64.782,49.288,293,1,595,487,56.667,46.381,461,43.905
3952,3952,131.733,680.511,517.424,64.811,49.278,296,1,595,487,56.667,46.381,461,43.905
3953,3953,131.767,680.625,517.143,64.821,49.252,294,1,595,487,56.667,46.381,461,43.905
3954,3954,131.800,681.023,517.097,64.859,49.247,295,1,595,487,56.667,46.381,461,43.905
3955,3955,131.833,681.662,516.855,64.920,49.224,299,1,595,487,56.667,46.381,461,43.905
3956,3956,131.867,681.957,516.700,64.948,49.210,305,1,595,487,56.667,46.381,461,43.905
3957,3957,131.900,681.913,516.698,64.944,49.209,299,1,595,487,56.667,46.381,461,43.905
3958,3958,131.933,682.333,516.443,64.984,49.185,306,1,595,487,56.667,46.381,461,43.905
3959,3959,131.967,682.904,516.183,65.039,49.160,315,1,595,487,56.667,46.381,461,43.905
3960,3960,132.000,682.620,516.400,65.011,49.181,304,1,595,487,56.667,46.381,461,43.905
3961,3961,132.033,682.418,516.450,64.992,49.186,293,1,595,487,56.667,46.381,461,43.905
3962,3962,132.067,682.676,516.359,65.017,49.177,287,1,595,487,56.667,46.381,461,43.905
3963,3963,132.100,682.665,516.293,65.016,49.171,286,1,595,487,56.667,46.381,461,43.905
3964,3964,132.133,683.798,515.591,65.124,49.104,291,1,595,487,56.667,46.381,461,43.905
3965,3965,132.167,684.212,515.426,65.163,49.088,283,1,595,487,56.667,46.381,461,43.905
3966,3966,132.200,684.608,515.377,65.201,49.084,281,1,595,487,56.667,46.381,461,43.905
3967,3967,132.233,NaN,NaN,NaN,NaN,NaN,0,595,487,56.667,46.381,461,43.905
3968,3968,132.267,NaN,NaN,NaN,NaN,NaN,0,595,487,56.667,46.381,461,43.905
3969,3969,132.300,NaN,NaN,NaN,NaN,NaN,0,595,487,56.667,46.381,461,43.905
3970,3970,132.333,NaN,NaN,NaN,NaN,NaN,0,595,487,56.667,46.381,461,43.905
3971,3971,132.367,NaN,NaN,NaN,NaN,NaN,0,595,487,56.667,46.381,461,43.905
3972,3972,132.400,NaN,NaN,NaN,NaN,NaN,0,595,487,56.667,46.381,461,43.905
3973,3973,132.433,NaN,NaN,NaN,NaN,NaN,0,595,487,56.667,46.381,461,43.905
3974,3974,132.467,NaN,NaN,NaN,NaN,NaN,0,595,487,56.667,46.381,461,43.905
3975,3975,132.500,NaN,NaN,NaN,NaN,NaN,0,595,487,56.667,46.381,461,43.905
3976,3976,132.533,NaN,NaN,NaN,NaN,NaN,0,595,487,56.667,46.381,461,43.905
3977,3977,132.567,NaN,NaN,NaN,NaN,NaN,0,595,487,56.667,46.381,461,43.905
3978,3978,132.600,NaN,NaN,NaN,NaN,NaN,0,595,487,56.667,46.381,461,43.905
3979,3979,132.633,NaN,NaN,NaN,NaN,NaN,0,595,487,56.667,46.381,461,43.905
3980,3980,132.667,NaN,NaN,NaN,NaN,NaN,0,595,487,56.667,46.381,461,43.905
3981,3981,132.700,NaN,NaN,NaN,NaN,NaN,0,595,487,56.667,46.381,461,43.905
3982,3982,132.733,NaN,NaN,NaN,NaN,NaN,0,595,487,56.667,46.381,461,43.905
3983,3983,132.767,NaN,NaN,NaN,NaN,NaN,0,595,487,56.667,46.381,461,43.905
3984,3984,132.800,NaN,NaN,NaN,NaN,NaN,0,595,487,56.667,46.381,461,43.905
3985,3985,132.833,NaN,NaN,NaN,NaN,NaN,0,595,487,56.667,46.381,461,43.905
3986,3986,132.867,NaN,NaN,NaN,NaN,NaN,0,595,487,56.667,46.381,461,43.905
3987,3987,132.900,NaN,NaN,NaN,NaN,NaN,0,595,487,56.667,46.381,461,43.905
3988,3988,132.933,NaN,NaN,NaN,NaN,NaN,0,595,487,56.667,46.381,461,43.905
3989,3989,132.967,NaN,NaN,NaN,NaN,NaN,0,595,487,56.667,46.381,461,43.905
3990,3990,133.000,NaN,NaN,NaN,NaN,NaN,0,595,487,56.667,46.381,461,43.905
3991,3991,133.033,NaN,NaN,NaN,NaN,NaN,0,595,487,56.667,46.381,461,43.905
3992,3992,133.067,NaN,NaN,NaN,NaN,NaN,0,595,487,56.667,46.381,461,43.905
3993,3993,133.100,NaN,NaN,NaN,NaN,NaN,0,595,487,56.667,46.381,461,43.905
3994,3994,133.133,686.119,514.678,65.345,49.017,276,1,595,487,56.667,46.381,461,43.905
3995,3995,133.167,686.122,514.708,65.345,49.020,276,1,595,487,56.667,46.381,461,43.905
3996,3996,133.200,NaN,NaN,NaN,NaN,NaN,0,595,487,56.667,46.381,461,43.905
3997,3997,133.233,NaN,NaN,NaN,NaN,NaN,0,595,487,56.667,46.381,461,43.905
3998,3998,133.267,NaN,NaN,NaN,NaN,NaN,0,595,487,56.667,46.381,461,43.905
3999,3999,133.300,686.353,514.660,65.367,49.015,281,1,595,487,56.667,46.381,461,43.905
4000,4000,133.333,NaN,NaN,NaN,NaN,NaN,0,595,487,56.667,46.381,461,43.905
4001,4001,133.367,687.150,514.317,65.443,48.983,281,1,595,487,56.667,46.381,461,43.905
4002,4002,133.400,687.584,514.147,65.484,48.966,284,1,595,487,56.667,46.381,461,43.905
4003,4003,133.433,687.944,514.060,65.518,48.958,284,1,595,487,56.667,46.381,461,43.905
4004,4004,133.467,687.936,513.993,65.518,48.952,286,1,595,487,56.667,46.381,461,43.905
4005,4005,133.500,688.978,513.516,65.617,48.906,291,1,595,487,56.667,46.381,461,43.905
4006,4006,133.533,689.363,513.238,65.654,48.880,290,1,595,487,56.667,46.381,461,43.905
4007,4007,133.567,689.759,513.063,65.691,48.863,285,1,595,487,56.667,46.381,461,43.905
4008,4008,133.600,690.144,512.884,65.728,48.846,283,1,595,487,56.667,46.381,461,43.905
4009,4009,133.633,690.133,512.898,65.727,48.847,282,1,595,487,56.667,46.381,461,43.905
4010,4010,133.667,NaN,NaN,NaN,NaN,NaN,0,595,487,56.667,46.381,461,43.905
4011,4011,133.700,690.782,512.657,65.789,48.825,277,1,595,487,56.667,46.381,461,43.905
4012,4012,133.733,NaN,NaN,NaN,NaN,NaN,0,595,487,56.667,46.381,461,43.905
4013,4013,133.767,NaN,NaN,NaN,NaN,NaN,0,595,487,56.667,46.381,461,43.905
4014,4014,133.800,NaN,NaN,NaN,NaN,NaN,0,595,487,56.667,46.381,461,43.905
4015,4015,133.833,NaN,NaN,NaN,NaN,NaN,0,595,487,56.667,46.381,461,43.905
4016,4016,133.867,NaN,NaN,NaN,NaN,NaN,0,595,487,56.667,46.381,461,43.905
4017,4017,133.900,NaN,NaN,NaN,NaN,NaN,0,595,487,56.667,46.381,461,43.905
4018,4018,133.933,NaN,NaN,NaN,NaN,NaN,0,595,487,56.667,46.381,461,43.905
4019,4019,133.967,NaN,NaN,NaN,NaN,NaN,0,595,487,56.667,46.381,461,43.905
4020,4020,134.000,NaN,NaN,NaN,NaN,NaN,0,595,487,56.667,46.381,461,43.905
4021,4021,134.033,NaN,NaN,NaN,NaN,NaN,0,595,487,56.667,46.381,461,43.905
4022,4022,134.067,NaN,NaN,NaN,NaN,NaN,0,595,487,56.667,46.381,461,43.905
4023,4023,134.100,NaN,NaN,NaN,NaN,NaN,0,595,487,56.667,46.381,461,43.905
4024,4024,134.133,NaN,NaN,NaN,NaN,NaN,0,595,487,56.667,46.381,461,43.905
4025,4025,134.167,NaN,NaN,NaN,NaN,NaN,0,595,487,56.667,46.381,461,43.905
4026,4026,134.200,NaN,NaN,NaN,NaN,NaN,0,595,487,56.667,46.381,461,43.905
4027,4027,134.233,NaN,NaN,NaN,NaN,NaN,0,595,487,56.667,46.381,461,43.905
4028,4028,134.267,NaN,NaN,NaN,NaN,NaN,0,595,487,56.667,46.381,461,43.905
4029,4029,134.300,NaN,NaN,NaN,NaN,NaN,0,595,487,56.667,46.381,461,43.905
4030,4030,134.333,NaN,NaN,NaN,NaN,NaN,0,595,487,56.667,46.381,461,43.905
4031,4031,134.367,NaN,NaN,NaN,NaN,NaN,0,595,487,56.667,46.381,461,43.905
4032,4032,134.400,NaN,NaN,NaN,NaN,NaN,0,595,487,56.667,46.381,461,43.905
4033,4033,134.433,NaN,NaN,NaN,NaN,NaN,0,595,487,56.667,46.381,461,43.905
4034,4034,134.467,NaN,NaN,NaN,NaN,NaN,0,595,487,56.667,46.381,461,43.905
4035,4035,134.500,NaN,NaN,NaN,NaN,NaN,0,595,487,56.667,46.381,461,43.905
4036,4036,134.533,NaN,NaN,NaN,NaN,NaN,0,595,487,56.667,46.381,461,43.905
4037,4037,134.567,NaN,NaN,NaN,NaN,NaN,0,595,487,56.667,46.381,461,43.905
4038,4038,134.600,NaN,NaN,NaN,NaN,NaN,0,595,487,56.667,46.381,461,43.905
4039,4039,134.633,NaN,NaN,NaN,NaN,NaN,0,595,487,56.667,46.381,461,43.905
4040,4040,134.667,NaN,NaN,NaN,NaN,NaN,0,595,487,56.667,46.381,461,43.905
4041,4041,134.700,NaN,NaN,NaN,NaN,NaN,0,595,487,56.667,46.381,461,43.905
4042,4042,134.733,NaN,NaN,NaN,NaN,NaN,0,595,487,56.667,46.381,461,43.905
4043,4043,134.767,NaN,NaN,NaN,NaN,NaN,0,595,487,56.667,46.381,461,43.905
4044,4044,134.800,NaN,NaN,NaN,NaN,NaN,0,595,487,56.667,46.381,461,43.905
4045,4045,134.833,NaN,NaN,NaN,NaN,NaN,0,595,487,56.667,46.381,461,43.905
4046,4046,134.867,NaN,NaN,NaN,NaN,NaN,0,595,487,56.667,46.381,461,43.905
4047,4047,134.900,NaN,NaN,NaN,NaN,NaN,0,595,487,56.667,46.381,461,43.905
4048,4048,134.933,NaN,NaN,NaN,NaN,NaN,0,595,487,56.667,46.381,461,43.905
4049,4049,134.967,NaN,NaN,NaN,NaN,NaN,0,595,487,56.667,46.381,461,43.905
4050,4050,135.000,NaN,NaN,NaN,NaN,NaN,0,595,487,56.667,46.381,461,43.905
4051,4051,135.033,695.012,511.043,66.192,48.671,284,1,595,487,56.667,46.381,461,43.905
4052,4052,135.067,695.143,511.012,66.204,48.668,276,1,595,487,56.667,46.381,461,43.905
4053,4053,135.100,NaN,NaN,NaN,NaN,NaN,0,595,487,56.667,46.381,461,43.905
4054,4054,135.133,NaN,NaN,NaN,NaN,NaN,0,595,487,56.667,46.381,461,43.905
4055,4055,135.167,NaN,NaN,NaN,NaN,NaN,0,595,487,56.667,46.381,461,43.905
4056,4056,135.200,NaN,NaN,NaN,NaN,NaN,0,595,487,56.667,46.381,461,43.905
4057,4057,135.233,NaN,NaN,NaN,NaN,NaN,0,595,487,56.667,46.381,461,43.905
4058,4058,135.267,NaN,NaN,NaN,NaN,NaN,0,595,487,56.667,46.381,461,43.905
4059,4059,135.300,697.650,509.800,66.443,48.552,274,1,595,487,56.667,46.381,461,43.905
4060,4060,135.333,698.465,509.369,66.520,48.511,274,1,595,487,56.667,46.381,461,43.905
4061,4061,135.367,NaN,NaN,NaN,NaN,NaN,0,595,487,56.667,46.381,461,43.905
4062,4062,135.400,NaN,NaN,NaN,NaN,NaN,0,595,487,56.667,46.381,461,43.905
4063,4063,135.433,NaN,NaN,NaN,NaN,NaN,0,595,487,56.667,46.381,461,43.905
4064,4064,135.467,NaN,NaN,NaN,NaN,NaN,0,595,487,56.667,46.381,461,43.905
4065,4065,135.500,NaN,NaN,NaN,NaN,NaN,0,595,487,56.667,46.381,461,43.905
4066,4066,135.533,NaN,NaN,NaN,NaN,NaN,0,595,487,56.667,46.381,461,43.905
4067,4067,135.567,NaN,NaN,NaN,NaN,NaN,0,595,487,56.667,46.381,461,43.905
4068,4068,135.600,NaN,NaN,NaN,NaN,NaN,0,595,487,56.667,46.381,461,43.905
4069,4069,135.633,NaN,NaN,NaN,NaN,NaN,0,595,487,56.667,46.381,461,43.905
4070,4070,135.667,NaN,NaN,NaN,NaN,NaN,0,595,487,56.667,46.381,461,43.905
4071,4071,135.700,NaN,NaN,NaN,NaN,NaN,0,595,487,56.667,46.381,461,43.905
4072,4072,135.733,NaN,NaN,NaN,NaN,NaN,0,595,487,56.667,46.381,461,43.905
4073,4073,135.767,NaN,NaN,NaN,NaN,NaN,0,595,487,56.667,46.381,461,43.905
4074,4074,135.800,NaN,NaN,NaN,NaN,NaN,0,595,487,56.667,46.381,461,43.905
4075,4075,135.833,NaN,NaN,NaN,NaN,NaN,0,595,487,56.667,46.381,461,43.905
4076,4076,135.867,NaN,NaN,NaN,NaN,NaN,0,595,487,56.667,46.381,461,43.905
4077,4077,135.900,NaN,NaN,NaN,NaN,NaN,0,595,487,56.667,46.381,461,43.905
4078,4078,135.933,NaN,NaN,NaN,NaN,NaN,0,595,487,56.667,46.381,461,43.905
4079,4079,135.967,NaN,NaN,NaN,NaN,NaN,0,595,487,56.667,46.381,461,43.905
4080,4080,136.000,NaN,NaN,NaN,NaN,NaN,0,595,487,56.667,46.381,461,43.905
4081,4081,136.033,NaN,NaN,NaN,NaN,NaN,0,595,487,56.667,46.381,461,43.905
4082,4082,136.067,NaN,NaN,NaN,NaN,NaN,0,595,487,56.667,46.381,461,43.905
4083,4083,136.100,NaN,NaN,NaN,NaN,NaN,0,595,487,56.667,46.381,461,43.905
4084,4084,136.133,NaN,NaN,NaN,NaN,NaN,0,595,487,56.667,46.381,461,43.905
4085,4085,136.167,NaN,NaN,NaN,NaN,NaN,0,595,487,56.667,46.381,461,43.905
4086,4086,136.200,NaN,NaN,NaN,NaN,NaN,0,595,487,56.667,46.381,461,43.905
4087,4087,136.233,NaN,NaN,NaN,NaN,NaN,0,595,487,56.667,46.381,461,43.905
4088,4088,136.267,NaN,NaN,NaN,NaN,NaN,0,595,487,56.667,46.381,461,43.905
4089,4089,136.300,NaN,NaN,NaN,NaN,NaN,0,595,487,56.667,46.381,461,43.905
4090,4090,136.333,NaN,NaN,NaN,NaN,NaN,0,595,487,56.667,46.381,461,43.905
4091,4091,136.367,699.819,508.613,66.649,48.439,278,1,595,487,56.667,46.381,461,43.905
4092,4092,136.400,699.924,508.663,66.659,48.444,274,1,595,487,56.667,46.381,461,43.905
4093,4093,136.433,700.089,508.576,66.675,48.436,275,1,595,487,56.667,46.381,461,43.905
4094,4094,136.467,700.207,508.561,66.686,48.434,277,1,595,487,56.667,46.381,461,43.905
4095,4095,136.500,NaN,NaN,NaN,NaN,NaN,0,595,487,56.667,46.381,461,43.905
4096,4096,136.533,700.134,508.550,66.679,48.433,278,1,595,487,56.667,46.381,461,43.905
4097,4097,136.567,700.478,508.488,66.712,48.427,275,1,595,487,56.667,46.381,461,43.905
4098,4098,136.600,700.420,508.371,66.707,48.416,282,1,595,487,56.667,46.381,461,43.905
4099,4099,136.633,700.948,508.186,66.757,48.399,286,1,595,487,56.667,46.381,461,43.905
4100,4100,136.667,701.505,508.088,66.810,48.389,296,1,595,487,56.667,46.381,461,43.905
4101,4101,136.700,701.527,508.106,66.812,48.391,296,1,595,487,56.667,46.381,461,43.905
4102,4102,136.733,701.899,507.831,66.848,48.365,297,1,595,487,56.667,46.381,461,43.905
4103,4103,136.767,702.105,507.724,66.867,48.355,292,1,595,487,56.667,46.381,461,43.905
4104,4104,136.800,701.923,507.842,66.850,48.366,278,1,595,487,56.667,46.381,461,43.905
4105,4105,136.833,702.283,507.708,66.884,48.353,278,1,595,487,56.667,46.381,461,43.905
4106,4106,136.867,703.074,507.387,66.959,48.323,292,1,595,487,56.667,46.381,461,43.905
4107,4107,136.900,703.252,507.326,66.976,48.317,288,1,595,487,56.667,46.381,461,43.905
4108,4108,136.933,703.408,507.307,66.991,48.315,279,1,595,487,56.667,46.381,461,43.905
4109,4109,136.967,703.719,507.133,67.021,48.298,280,1,595,487,56.667,46.381,461,43.905
4110,4110,137.000,704.336,506.832,67.080,48.270,274,1,595,487,56.667,46.381,461,43.905
4111,4111,137.033,NaN,NaN,NaN,NaN,NaN,0,595,487,56.667,46.381,461,43.905
4112,4112,137.067,NaN,NaN,NaN,NaN,NaN,0,595,487,56.667,46.381,461,43.905
4113,4113,137.100,NaN,NaN,NaN,NaN,NaN,0,595,487,56.667,46.381,461,43.905
4114,4114,137.133,NaN,NaN,NaN,NaN,NaN,0,595,487,56.667,46.381,461,43.905
4115,4115,137.167,NaN,NaN,NaN,NaN,NaN,0,595,487,56.667,46.381,461,43.905
4116,4116,137.200,NaN,NaN,NaN,NaN,NaN,0,595,487,56.667,46.381,461,43.905
4117,4117,137.233,NaN,NaN,NaN,NaN,NaN,0,595,487,56.667,46.381,461,43.905
4118,4118,137.267,NaN,NaN,NaN,NaN,NaN,0,595,487,56.667,46.381,461,43.905
4119,4119,137.300,NaN,NaN,NaN,NaN,NaN,0,595,487,56.667,46.381,461,43.905
4120,4120,137.333,NaN,NaN,NaN,NaN,NaN,0,595,487,56.667,46.381,461,43.905
4121,4121,137.367,NaN,NaN,NaN,NaN,NaN,0,595,487,56.667,46.381,461,43.905
4122,4122,137.400,NaN,NaN,NaN,NaN,NaN,0,595,487,56.667,46.381,461,43.905
4123,4123,137.433,NaN,NaN,NaN,NaN,NaN,0,595,487,56.667,46.381,461,43.905
4124,4124,137.467,NaN,NaN,NaN,NaN,NaN,0,595,487,56.667,46.381,461,43.905
4125,4125,137.500,NaN,NaN,NaN,NaN,NaN,0,595,487,56.667,46.381,461,43.905
4126,4126,137.533,NaN,NaN,NaN,NaN,NaN,0,595,487,56.667,46.381,461,43.905
4127,4127,137.567,NaN,NaN,NaN,NaN,NaN,0,595,487,56.667,46.381,461,43.905
4128,4128,137.600,NaN,NaN,NaN,NaN,NaN,0,595,487,56.667,46.381,461,43.905
4129,4129,137.633,NaN,NaN,NaN,NaN,NaN,0,595,487,56.667,46.381,461,43.905
4130,4130,137.667,NaN,NaN,NaN,NaN,NaN,0,595,487,56.667,46.381,461,43.905
4131,4131,137.700,NaN,NaN,NaN,NaN,NaN,0,595,487,56.667,46.381,461,43.905
4132,4132,137.733,NaN,NaN,NaN,NaN,NaN,0,595,487,56.667,46.381,461,43.905
4133,4133,137.767,NaN,NaN,NaN,NaN,NaN,0,595,487,56.667,46.381,461,43.905
4134,4134,137.800,NaN,NaN,NaN,NaN,NaN,0,595,487,56.667,46.381,461,43.905
4135,4135,137.833,NaN,NaN,NaN,NaN,NaN,0,595,487,56.667,46.381,461,43.905
4136,4136,137.867,NaN,NaN,NaN,NaN,NaN,0,595,487,56.667,46.381,461,43.905
4137,4137,137.900,NaN,NaN,NaN,NaN,NaN,0,595,487,56.667,46.381,461,43.905
4138,4138,137.933,NaN,NaN,NaN,NaN,NaN,0,595,487,56.667,46.381,461,43.905
4139,4139,137.967,NaN,NaN,NaN,NaN,NaN,0,595,487,56.667,46.381,461,43.905
4140,4140,138.000,NaN,NaN,NaN,NaN,NaN,0,595,487,56.667,46.381,461,43.905
4141,4141,138.033,NaN,NaN,NaN,NaN,NaN,0,595,487,56.667,46.381,461,43.905
4142,4142,138.067,NaN,NaN,NaN,NaN,NaN,0,595,487,56.667,46.381,461,43.905
4143,4143,138.100,NaN,NaN,NaN,NaN,NaN,0,595,487,56.667,46.381,461,43.905
4144,4144,138.133,NaN,NaN,NaN,NaN,NaN,0,595,487,56.667,46.381,461,43.905
4145,4145,138.167,NaN,NaN,NaN,NaN,NaN,0,595,487,56.667,46.381,461,43.905
4146,4146,138.200,NaN,NaN,NaN,NaN,NaN,0,595,487,56.667,46.381,461,43.905
4147,4147,138.233,NaN,NaN,NaN,NaN,NaN,0,595,487,56.667,46.381,461,43.905
4148,4148,138.267,NaN,NaN,NaN,NaN,NaN,0,595,487,56.667,46.381,461,43.905
4149,4149,138.300,NaN,NaN,NaN,NaN,NaN,0,595,487,56.667,46.381,461,43.905
4150,4150,138.333,NaN,NaN,NaN,NaN,NaN,0,595,487,56.667,46.381,461,43.905
4151,4151,138.367,NaN,NaN,NaN,NaN,NaN,0,595,487,56.667,46.381,461,43.905
4152,4152,138.400,NaN,NaN,NaN,NaN,NaN,0,595,487,56.667,46.381,461,43.905
4153,4153,138.433,NaN,NaN,NaN,NaN,NaN,0,595,487,56.667,46.381,461,43.905
4154,4154,138.467,NaN,NaN,NaN,NaN,NaN,0,595,487,56.667,46.381,461,43.905
4155,4155,138.500,NaN,NaN,NaN,NaN,NaN,0,595,487,56.667,46.381,461,43.905
4156,4156,138.533,708.925,504.954,67.517,48.091,285,1,595,487,56.667,46.381,461,43.905
4157,4157,138.567,709.075,504.974,67.531,48.093,289,1,595,487,56.667,46.381,461,43.905
4158,4158,138.600,709.324,504.885,67.555,48.084,288,1,595,487,56.667,46.381,461,43.905
4159,4159,138.633,709.523,504.794,67.574,48.076,285,1,595,487,56.667,46.381,461,43.905
4160,4160,138.667,709.725,504.798,67.593,48.076,285,1,595,487,56.667,46.381,461,43.905
4161,4161,138.700,710.064,504.564,67.625,48.054,275,1,595,487,56.667,46.381,461,43.905
4162,4162,138.733,710.244,504.361,67.642,48.034,287,1,595,487,56.667,46.381,461,43.905
4163,4163,138.767,711.027,504.164,67.717,48.016,278,1,595,487,56.667,46.381,461,43.905
4164,4164,138.800,711.002,504.093,67.714,48.009,282,1,595,487,56.667,46.381,461,43.905
4165,4165,138.833,711.279,503.768,67.741,47.978,284,1,595,487,56.667,46.381,461,43.905
4166,4166,138.867,711.632,503.589,67.775,47.961,281,1,595,487,56.667,46.381,461,43.905
4167,4167,138.900,NaN,NaN,NaN,NaN,NaN,0,595,487,56.667,46.381,461,43.905
4168,4168,138.933,NaN,NaN,NaN,NaN,NaN,0,595,487,56.667,46.381,461,43.905
4169,4169,138.967,NaN,NaN,NaN,NaN,NaN,0,595,487,56.667,46.381,461,43.905
4170,4170,139.000,NaN,NaN,NaN,NaN,NaN,0,595,487,56.667,46.381,461,43.905
4171,4171,139.033,NaN,NaN,NaN,NaN,NaN,0,595,487,56.667,46.381,461,43.905
4172,4172,139.067,NaN,NaN,NaN,NaN,NaN,0,595,487,56.667,46.381,461,43.905
4173,4173,139.100,NaN,NaN,NaN,NaN,NaN,0,595,487,56.667,46.381,461,43.905
4174,4174,139.133,NaN,NaN,NaN,NaN,NaN,0,595,487,56.667,46.381,461,43.905
4175,4175,139.167,NaN,NaN,NaN,NaN,NaN,0,595,487,56.667,46.381,461,43.905
4176,4176,139.200,NaN,NaN,NaN,NaN,NaN,0,595,487,56.667,46.381,461,43.905
4177,4177,139.233,NaN,NaN,NaN,NaN,NaN,0,595,487,56.667,46.381,461,43.905
4178,4178,139.267,NaN,NaN,NaN,NaN,NaN,0,595,487,56.667,46.381,461,43.905
4179,4179,139.300,NaN,NaN,NaN,NaN,NaN,0,595,487,56.667,46.381,461,43.905
4180,4180,139.333,NaN,NaN,NaN,NaN,NaN,0,595,487,56.667,46.381,461,43.905
4181,4181,139.367,NaN,NaN,NaN,NaN,NaN,0,595,487,56.667,46.381,461,43.905
4182,4182,139.400,NaN,NaN,NaN,NaN,NaN,0,595,487,56.667,46.381,461,43.905
4183,4183,139.433,NaN,NaN,NaN,NaN,NaN,0,595,487,56.667,46.381,461,43.905
4184,4184,139.467,NaN,NaN,NaN,NaN,NaN,0,595,487,56.667,46.381,461,43.905
4185,4185,139.500,NaN,NaN,NaN,NaN,NaN,0,595,487,56.667,46.381,461,43.905
4186,4186,139.533,NaN,NaN,NaN,NaN,NaN,0,595,487,56.667,46.381,461,43.905
4187,4187,139.567,NaN,NaN,NaN,NaN,NaN,0,595,487,56.667,46.381,461,43.905
4188,4188,139.600,NaN,NaN,NaN,NaN,NaN,0,595,487,56.667,46.381,461,43.905
4189,4189,139.633,NaN,NaN,NaN,NaN,NaN,0,595,487,56.667,46.381,461,43.905
4190,4190,139.667,NaN,NaN,NaN,NaN,NaN,0,595,487,56.667,46.381,461,43.905
4191,4191,139.700,NaN,NaN,NaN,NaN,NaN,0,595,487,56.667,46.381,461,43.905
4192,4192,139.733,NaN,NaN,NaN,NaN,NaN,0,595,487,56.667,46.381,461,43.905
4193,4193,139.767,NaN,NaN,NaN,NaN,NaN,0,595,487,56.667,46.381,461,43.905
4194,4194,139.800,NaN,NaN,NaN,NaN,NaN,0,595,487,56.667,46.381,461,43.905
4195,4195,139.833,NaN,NaN,NaN,NaN,NaN,0,595,487,56.667,46.381,461,43.905
4196,4196,139.867,NaN,NaN,NaN,NaN,NaN,0,595,487,56.667,46.381,461,43.905
4197,4197,139.900,NaN,NaN,NaN,NaN,NaN,0,595,487,56.667,46.381,461,43.905
4198,4198,139.933,NaN,NaN,NaN,NaN,NaN,0,595,487,56.667,46.381,461,43.905
4199,4199,139.967,NaN,NaN,NaN,NaN,NaN,0,595,487,56.667,46.381,461,43.905
4200,4200,140.000,NaN,NaN,NaN,NaN,NaN,0,595,487,56.667,46.381,461,43.905
4201,4201,140.033,NaN,NaN,NaN,NaN,NaN,0,595,487,56.667,46.381,461,43.905
4202,4202,140.067,NaN,NaN,NaN,NaN,NaN,0,595,487,56.667,46.381,461,43.905
4203,4203,140.100,NaN,NaN,NaN,NaN,NaN,0,595,487,56.667,46.381,461,43.905
4204,4204,140.133,NaN,NaN,NaN,NaN,NaN,0,595,487,56.667,46.381,461,43.905
4205,4205,140.167,NaN,NaN,NaN,NaN,NaN,0,595,487,56.667,46.381,461,43.905
4206,4206,140.200,NaN,NaN,NaN,NaN,NaN,0,595,487,56.667,46.381,461,43.905
4207,4207,140.233,NaN,NaN,NaN,NaN,NaN,0,595,487,56.667,46.381,461,43.905
4208,4208,140.267,NaN,NaN,NaN,NaN,NaN,0,595,487,56.667,46.381,461,43.905
4209,4209,140.300,NaN,NaN,NaN,NaN,NaN,0,595,487,56.667,46.381,461,43.905
4210,4210,140.333,NaN,NaN,NaN,NaN,NaN,0,595,487,56.667,46.381,461,43.905
4211,4211,140.367,NaN,NaN,NaN,NaN,NaN,0,595,487,56.667,46.381,461,43.905
4212,4212,140.400,NaN,NaN,NaN,NaN,NaN,0,595,487,56.667,46.381,461,43.905
4213,4213,140.433,NaN,NaN,NaN,NaN,NaN,0,595,487,56.667,46.381,461,43.905
4214,4214,140.467,NaN,NaN,NaN,NaN,NaN,0,595,487,56.667,46.381,461,43.905
4215,4215,140.500,NaN,NaN,NaN,NaN,NaN,0,595,487,56.667,46.381,461,43.905
4216,4216,140.533,NaN,NaN,NaN,NaN,NaN,0,595,487,56.667,46.381,461,43.905
4217,4217,140.567,NaN,NaN,NaN,NaN,NaN,0,595,487,56.667,46.381,461,43.905
4218,4218,140.600,NaN,NaN,NaN,NaN,NaN,0,595,487,56.667,46.381,461,43.905
4219,4219,140.633,NaN,NaN,NaN,NaN,NaN,0,595,487,56.667,46.381,461,43.905
4220,4220,140.667,NaN,NaN,NaN,NaN,NaN,0,595,487,56.667,46.381,461,43.905
4221,4221,140.700,NaN,NaN,NaN,NaN,NaN,0,595,487,56.667,46.381,461,43.905
4222,4222,140.733,NaN,NaN,NaN,NaN,NaN,0,595,487,56.667,46.381,461,43.905
4223,4223,140.767,NaN,NaN,NaN,NaN,NaN,0,595,487,56.667,46.381,461,43.905
4224,4224,140.800,NaN,NaN,NaN,NaN,NaN,0,595,487,56.667,46.381,461,43.905
4225,4225,140.833,NaN,NaN,NaN,NaN,NaN,0,595,487,56.667,46.381,461,43.905
4226,4226,140.867,NaN,NaN,NaN,NaN,NaN,0,595,487,56.667,46.381,461,43.905
4227,4227,140.900,NaN,NaN,NaN,NaN,NaN,0,595,487,56.667,46.381,461,43.905
4228,4228,140.933,NaN,NaN,NaN,NaN,NaN,0,595,487,56.667,46.381,461,43.905
4229,4229,140.967,NaN,NaN,NaN,NaN,NaN,0,595,487,56.667,46.381,461,43.905
4230,4230,141.000,712.339,502.400,67.842,47.848,276,1,595,487,56.667,46.381,461,43.905
4231,4231,141.033,NaN,NaN,NaN,NaN,NaN,0,595,487,56.667,46.381,461,43.905
4232,4232,141.067,NaN,NaN,NaN,NaN,NaN,0,595,487,56.667,46.381,461,43.905
4233,4233,141.100,NaN,NaN,NaN,NaN,NaN,0,595,487,56.667,46.381,461,43.905
4234,4234,141.133,NaN,NaN,NaN,NaN,NaN,0,595,487,56.667,46.381,461,43.905
4235,4235,141.167,NaN,NaN,NaN,NaN,NaN,0,595,487,56.667,46.381,461,43.905
4236,4236,141.200,NaN,NaN,NaN,NaN,NaN,0,595,487,56.667,46.381,461,43.905
4237,4237,141.233,NaN,NaN,NaN,NaN,NaN,0,595,487,56.667,46.381,461,43.905
4238,4238,141.267,713.337,501.550,67.937,47.767,276,1,595,487,56.667,46.381,461,43.905
4239,4239,141.300,713.242,501.547,67.928,47.766,279,1,595,487,56.667,46.381,461,43.905
4240,4240,141.333,713.058,501.632,67.910,47.774,283,1,595,487,56.667,46.381,461,43.905
4241,4241,141.367,712.787,501.933,67.884,47.803,287,1,595,487,56.667,46.381,461,43.905
4242,4242,141.400,712.932,501.888,67.898,47.799,293,1,595,487,56.667,46.381,461,43.905
4243,4243,141.433,712.925,501.890,67.898,47.799,293,1,595,487,56.667,46.381,461,43.905
4244,4244,141.467,712.957,501.906,67.901,47.801,292,1,595,487,56.667,46.381,461,43.905
4245,4245,141.500,713.180,501.620,67.922,47.773,299,1,595,487,56.667,46.381,461,43.905
4246,4246,141.533,713.180,501.620,67.922,47.773,299,1,595,487,56.667,46.381,461,43.905
4247,4247,141.567,713.377,501.493,67.941,47.761,295,1,595,487,56.667,46.381,461,43.905
4248,4248,141.600,713.800,501.267,67.981,47.740,279,1,595,487,56.667,46.381,461,43.905
4249,4249,141.633,713.959,501.063,67.996,47.720,288,1,595,487,56.667,46.381,461,43.905
4250,4250,141.667,714.147,500.942,68.014,47.709,282,1,595,487,56.667,46.381,461,43.905
4251,4251,141.700,714.375,500.810,68.036,47.696,280,1,595,487,56.667,46.381,461,43.905
4252,4252,141.733,714.567,500.659,68.054,47.682,279,1,595,487,56.667,46.381,461,43.905
4253,4253,141.767,714.940,500.391,68.089,47.656,275,1,595,487,56.667,46.381,461,43.905
4254,4254,141.800,NaN,NaN,NaN,NaN,NaN,0,595,487,56.667,46.381,461,43.905
4255,4255,141.833,NaN,NaN,NaN,NaN,NaN,0,595,487,56.667,46.381,461,43.905
4256,4256,141.867,NaN,NaN,NaN,NaN,NaN,0,595,487,56.667,46.381,461,43.905
4257,4257,141.900,NaN,NaN,NaN,NaN,NaN,0,595,487,56.667,46.381,461,43.905
4258,4258,141.933,NaN,NaN,NaN,NaN,NaN,0,595,487,56.667,46.381,461,43.905
4259,4259,141.967,NaN,NaN,NaN,NaN,NaN,0,595,487,56.667,46.381,461,43.905
4260,4260,142.000,NaN,NaN,NaN,NaN,NaN,0,595,487,56.667,46.381,461,43.905
4261,4261,142.033,NaN,NaN,NaN,NaN,NaN,0,595,487,56.667,46.381,461,43.905
4262,4262,142.067,NaN,NaN,NaN,NaN,NaN,0,595,487,56.667,46.381,461,43.905
4263,4263,142.100,NaN,NaN,NaN,NaN,NaN,0,595,487,56.667,46.381,461,43.905
4264,4264,142.133,NaN,NaN,NaN,NaN,NaN,0,595,487,56.667,46.381,461,43.905
4265,4265,142.167,NaN,NaN,NaN,NaN,NaN,0,595,487,56.667,46.381,461,43.905
4266,4266,142.200,NaN,NaN,NaN,NaN,NaN,0,595,487,56.667,46.381,461,43.905
4267,4267,142.233,NaN,NaN,NaN,NaN,NaN,0,595,487,56.667,46.381,461,43.905
4268,4268,142.267,NaN,NaN,NaN,NaN,NaN,0,595,487,56.667,46.381,461,43.905
4269,4269,142.300,NaN,NaN,NaN,NaN,NaN,0,595,487,56.667,46.381,461,43.905
4270,4270,142.333,NaN,NaN,NaN,NaN,NaN,0,595,487,56.667,46.381,461,43.905
4271,4271,142.367,NaN,NaN,NaN,NaN,NaN,0,595,487,56.667,46.381,461,43.905
4272,4272,142.400,NaN,NaN,NaN,NaN,NaN,0,595,487,56.667,46.381,461,43.905
4273,4273,142.433,NaN,NaN,NaN,NaN,NaN,0,595,487,56.667,46.381,461,43.905
4274,4274,142.467,NaN,NaN,NaN,NaN,NaN,0,595,487,56.667,46.381,461,43.905
4275,4275,142.500,NaN,NaN,NaN,NaN,NaN,0,595,487,56.667,46.381,461,43.905
4276,4276,142.533,NaN,NaN,NaN,NaN,NaN,0,595,487,56.667,46.381,461,43.905
4277,4277,142.567,NaN,NaN,NaN,NaN,NaN,0,595,487,56.667,46.381,461,43.905
4278,4278,142.600,NaN,NaN,NaN,NaN,NaN,0,595,487,56.667,46.381,461,43.905
4279,4279,142.633,NaN,NaN,NaN,NaN,NaN,0,595,487,56.667,46.381,461,43.905
4280,4280,142.667,NaN,NaN,NaN,NaN,NaN,0,595,487,56.667,46.381,461,43.905
4281,4281,142.700,NaN,NaN,NaN,NaN,NaN,0,595,487,56.667,46.381,461,43.905
4282,4282,142.733,NaN,NaN,NaN,NaN,NaN,0,595,487,56.667,46.381,461,43.905
4283,4283,142.767,NaN,NaN,NaN,NaN,NaN,0,595,487,56.667,46.381,461,43.905
4284,4284,142.800,NaN,NaN,NaN,NaN,NaN,0,595,487,56.667,46.381,461,43.905
4285,4285,142.833,NaN,NaN,NaN,NaN,NaN,0,595,487,56.667,46.381,461,43.905
4286,4286,142.867,NaN,NaN,NaN,NaN,NaN,0,595,487,56.667,46.381,461,43.905
4287,4287,142.900,NaN,NaN,NaN,NaN,NaN,0,595,487,56.667,46.381,461,43.905
4288,4288,142.933,NaN,NaN,NaN,NaN,NaN,0,595,487,56.667,46.381,461,43.905
4289,4289,142.967,NaN,NaN,NaN,NaN,NaN,0,595,487,56.667,46.381,461,43.905
4290,4290,143.000,NaN,NaN,NaN,NaN,NaN,0,595,487,56.667,46.381,461,43.905
4291,4291,143.033,NaN,NaN,NaN,NaN,NaN,0,595,487,56.667,46.381,461,43.905
4292,4292,143.067,NaN,NaN,NaN,NaN,NaN,0,595,487,56.667,46.381,461,43.905
4293,4293,143.100,NaN,NaN,NaN,NaN,NaN,0,595,487,56.667,46.381,461,43.905
4294,4294,143.133,NaN,NaN,NaN,NaN,NaN,0,595,487,56.667,46.381,461,43.905
4295,4295,143.167,NaN,NaN,NaN,NaN,NaN,0,595,487,56.667,46.381,461,43.905
4296,4296,143.200,718.432,497.649,68.422,47.395,274,1,595,487,56.667,46.381,461,43.905
4297,4297,143.233,718.301,497.713,68.410,47.401,282,1,595,487,56.667,46.381,461,43.905
4298,4298,143.267,718.515,497.550,68.430,47.386,278,1,595,487,56.667,46.381,461,43.905
4299,4299,143.300,719.183,497.005,68.494,47.334,275,1,595,487,56.667,46.381,461,43.905
4300,4300,143.333,719.316,496.739,68.506,47.308,276,1,595,487,56.667,46.381,461,43.905
4301,4301,143.367,719.979,496.029,68.569,47.241,277,1,595,487,56.667,46.381,461,43.905
4302,4302,143.400,NaN,NaN,NaN,NaN,NaN,0,595,487,56.667,46.381,461,43.905
4303,4303,143.433,NaN,NaN,NaN,NaN,NaN,0,595,487,56.667,46.381,461,43.905
4304,4304,143.467,NaN,NaN,NaN,NaN,NaN,0,595,487,56.667,46.381,461,43.905
4305,4305,143.500,NaN,NaN,NaN,NaN,NaN,0,595,487,56.667,46.381,461,43.905
4306,4306,143.533,NaN,NaN,NaN,NaN,NaN,0,595,487,56.667,46.381,461,43.905
4307,4307,143.567,NaN,NaN,NaN,NaN,NaN,0,595,487,56.667,46.381,461,43.905
4308,4308,143.600,NaN,NaN,NaN,NaN,NaN,0,595,487,56.667,46.381,461,43.905
4309,4309,143.633,NaN,NaN,NaN,NaN,NaN,0,595,487,56.667,46.381,461,43.905
4310,4310,143.667,NaN,NaN,NaN,NaN,NaN,0,595,487,56.667,46.381,461,43.905
4311,4311,143.700,NaN,NaN,NaN,NaN,NaN,0,595,487,56.667,46.381,461,43.905
4312,4312,143.733,NaN,NaN,NaN,NaN,NaN,0,595,487,56.667,46.381,461,43.905
4313,4313,143.767,NaN,NaN,NaN,NaN,NaN,0,595,487,56.667,46.381,461,43.905
4314,4314,143.800,NaN,NaN,NaN,NaN,NaN,0,595,487,56.667,46.381,461,43.905
4315,4315,143.833,NaN,NaN,NaN,NaN,NaN,0,595,487,56.667,46.381,461,43.905
4316,4316,143.867,NaN,NaN,NaN,NaN,NaN,0,595,487,56.667,46.381,461,43.905
4317,4317,143.900,NaN,NaN,NaN,NaN,NaN,0,595,487,56.667,46.381,461,43.905
4318,4318,143.933,NaN,NaN,NaN,NaN,NaN,0,595,487,56.667,46.381,461,43.905
4319,4319,143.967,NaN,NaN,NaN,NaN,NaN,0,595,487,56.667,46.381,461,43.905
4320,4320,144.000,NaN,NaN,NaN,NaN,NaN,0,595,487,56.667,46.381,461,43.905
4321,4321,144.033,NaN,NaN,NaN,NaN,NaN,0,595,487,56.667,46.381,461,43.905
4322,4322,144.067,NaN,NaN,NaN,NaN,NaN,0,595,487,56.667,46.381,461,43.905
4323,4323,144.100,NaN,NaN,NaN,NaN,NaN,0,595,487,56.667,46.381,461,43.905
4324,4324,144.133,NaN,NaN,NaN,NaN,NaN,0,595,487,56.667,46.381,461,43.905
4325,4325,144.167,NaN,NaN,NaN,NaN,NaN,0,595,487,56.667,46.381,461,43.905
4326,4326,144.200,NaN,NaN,NaN,NaN,NaN,0,595,487,56.667,46.381,461,43.905
4327,4327,144.233,NaN,NaN,NaN,NaN,NaN,0,595,487,56.667,46.381,461,43.905
4328,4328,144.267,NaN,NaN,NaN,NaN,NaN,0,595,487,56.667,46.381,461,43.905
4329,4329,144.300,NaN,NaN,NaN,NaN,NaN,0,595,487,56.667,46.381,461,43.905
4330,4330,144.333,NaN,NaN,NaN,NaN,NaN,0,595,487,56.667,46.381,461,43.905
4331,4331,144.367,NaN,NaN,NaN,NaN,NaN,0,595,487,56.667,46.381,461,43.905
4332,4332,144.400,NaN,NaN,NaN,NaN,NaN,0,595,487,56.667,46.381,461,43.905
4333,4333,144.433,NaN,NaN,NaN,NaN,NaN,0,595,487,56.667,46.381,461,43.905
4334,4334,144.467,NaN,NaN,NaN,NaN,NaN,0,595,487,56.667,46.381,461,43.905
4335,4335,144.500,NaN,NaN,NaN,NaN,NaN,0,595,487,56.667,46.381,461,43.905
4336,4336,144.533,NaN,NaN,NaN,NaN,NaN,0,595,487,56.667,46.381,461,43.905
4337,4337,144.567,NaN,NaN,NaN,NaN,NaN,0,595,487,56.667,46.381,461,43.905
4338,4338,144.600,NaN,NaN,NaN,NaN,NaN,0,595,487,56.667,46.381,461,43.905
4339,4339,144.633,NaN,NaN,NaN,NaN,NaN,0,595,487,56.667,46.381,461,43.905
4340,4340,144.667,NaN,NaN,NaN,NaN,NaN,0,595,487,56.667,46.381,461,43.905
4341,4341,144.700,NaN,NaN,NaN,NaN,NaN,0,595,487,56.667,46.381,461,43.905
4342,4342,144.733,NaN,NaN,NaN,NaN,NaN,0,595,487,56.667,46.381,461,43.905
4343,4343,144.767,NaN,NaN,NaN,NaN,NaN,0,595,487,56.667,46.381,461,43.905
4344,4344,144.800,NaN,NaN,NaN,NaN,NaN,0,595,487,56.667,46.381,461,43.905
4345,4345,144.833,NaN,NaN,NaN,NaN,NaN,0,595,487,56.667,46.381,461,43.905
4346,4346,144.867,NaN,NaN,NaN,NaN,NaN,0,595,487,56.667,46.381,461,43.905
4347,4347,144.900,NaN,NaN,NaN,NaN,NaN,0,595,487,56.667,46.381,461,43.905
4348,4348,144.933,NaN,NaN,NaN,NaN,NaN,0,595,487,56.667,46.381,461,43.905
4349,4349,144.967,NaN,NaN,NaN,NaN,NaN,0,595,487,56.667,46.381,461,43.905
4350,4350,145.000,NaN,NaN,NaN,NaN,NaN,0,595,487,56.667,46.381,461,43.905
4351,4351,145.033,NaN,NaN,NaN,NaN,NaN,0,595,487,56.667,46.381,461,43.905
4352,4352,145.067,NaN,NaN,NaN,NaN,NaN,0,595,487,56.667,46.381,461,43.905
4353,4353,145.100,NaN,NaN,NaN,NaN,NaN,0,595,487,56.667,46.381,461,43.905
4354,4354,145.133,NaN,NaN,NaN,NaN,NaN,0,595,487,56.667,46.381,461,43.905
4355,4355,145.167,NaN,NaN,NaN,NaN,NaN,0,595,487,56.667,46.381,461,43.905
4356,4356,145.200,NaN,NaN,NaN,NaN,NaN,0,595,487,56.667,46.381,461,43.905
4357,4357,145.233,NaN,NaN,NaN,NaN,NaN,0,595,487,56.667,46.381,461,43.905
4358,4358,145.267,NaN,NaN,NaN,NaN,NaN,0,595,487,56.667,46.381,461,43.905
4359,4359,145.300,NaN,NaN,NaN,NaN,NaN,0,595,487,56.667,46.381,461,43.905
4360,4360,145.333,NaN,NaN,NaN,NaN,NaN,0,595,487,56.667,46.381,461,43.905
4361,4361,145.367,NaN,NaN,NaN,NaN,NaN,0,595,487,56.667,46.381,461,43.905
4362,4362,145.400,720.736,494.591,68.642,47.104,275,1,595,487,56.667,46.381,461,43.905
4363,4363,145.433,720.767,494.630,68.644,47.108,274,1,595,487,56.667,46.381,461,43.905
4364,4364,145.467,720.741,494.656,68.642,47.110,274,1,595,487,56.667,46.381,461,43.905
4365,4365,145.500,NaN,NaN,NaN,NaN,NaN,0,595,487,56.667,46.381,461,43.905
4366,4366,145.533,720.952,494.385,68.662,47.084,284,1,595,487,56.667,46.381,461,43.905
4367,4367,145.567,720.752,494.664,68.643,47.111,279,1,595,487,56.667,46.381,461,43.905
4368,4368,145.600,720.693,494.761,68.637,47.120,283,1,595,487,56.667,46.381,461,43.905
4369,4369,145.633,721.124,494.354,68.678,47.081,287,1,595,487,56.667,46.381,461,43.905
4370,4370,145.667,720.992,494.435,68.666,47.089,292,1,595,487,56.667,46.381,461,43.905
4371,4371,145.700,721.712,494.046,68.734,47.052,307,1,595,487,56.667,46.381,461,43.905
4372,4372,145.733,721.775,494.074,68.740,47.055,305,1,595,487,56.667,46.381,461,43.905
4373,4373,145.767,721.667,494.178,68.730,47.065,296,1,595,487,56.667,46.381,461,43.905
4374,4374,145.800,721.665,494.091,68.730,47.056,297,1,595,487,56.667,46.381,461,43.905
4375,4375,145.833,721.956,493.807,68.758,47.029,309,1,595,487,56.667,46.381,461,43.905
4376,4376,145.867,721.916,493.961,68.754,47.044,309,1,595,487,56.667,46.381,461,43.905
4377,4377,145.900,721.989,493.884,68.761,47.037,314,1,595,487,56.667,46.381,461,43.905
4378,4378,145.933,721.999,493.755,68.762,47.024,315,1,595,487,56.667,46.381,461,43.905
4379,4379,145.967,721.939,493.879,68.756,47.036,313,1,595,487,56.667,46.381,461,43.905
4380,4380,146.000,722.164,493.790,68.778,47.028,315,1,595,487,56.667,46.381,461,43.905
4381,4381,146.033,722.679,493.759,68.827,47.025,309,1,595,487,56.667,46.381,461,43.905
4382,4382,146.067,722.774,493.530,68.836,47.003,308,1,595,487,56.667,46.381,461,43.905
4383,4383,146.100,722.876,493.476,68.845,46.998,309,1,595,487,56.667,46.381,461,43.905
4384,4384,146.133,722.903,493.481,68.848,46.998,310,1,595,487,56.667,46.381,461,43.905
4385,4385,146.167,723.050,493.323,68.862,46.983,313,1,595,487,56.667,46.381,461,43.905
4386,4386,146.200,723.150,493.214,68.871,46.973,312,1,595,487,56.667,46.381,461,43.905
4387,4387,146.233,723.479,493.072,68.903,46.959,320,1,595,487,56.667,46.381,461,43.905
4388,4388,146.267,723.535,493.015,68.908,46.954,321,1,595,487,56.667,46.381,461,43.905
4389,4389,146.300,723.315,493.059,68.887,46.958,316,1,595,487,56.667,46.381,461,43.905
4390,4390,146.333,723.218,493.216,68.878,46.973,326,1,595,487,56.667,46.381,461,43.905
4391,4391,146.367,723.130,493.254,68.870,46.977,324,1,595,487,56.667,46.381,461,43.905
4392,4392,146.400,722.905,493.400,68.848,46.990,321,1,595,487,56.667,46.381,461,43.905
4393,4393,146.433,722.465,493.625,68.806,47.012,312,1,595,487,56.667,46.381,461,43.905
4394,4394,146.467,722.189,493.841,68.780,47.032,308,1,595,487,56.667,46.381,461,43.905
4395,4395,146.500,721.617,494.152,68.725,47.062,293,1,595,487,56.667,46.381,461,43.905
4396,4396,146.533,721.384,494.254,68.703,47.072,294,1,595,487,56.667,46.381,461,43.905
4397,4397,146.567,721.136,494.316,68.680,47.078,285,1,595,487,56.667,46.381,461,43.905
4398,4398,146.600,720.972,494.433,68.664,47.089,285,1,595,487,56.667,46.381,461,43.905
4399,4399,146.633,720.784,494.480,68.646,47.093,281,1,595,487,56.667,46.381,461,43.905
4400,4400,146.667,720.466,494.856,68.616,47.129,281,1,595,487,56.667,46.381,461,43.905
4401,4401,146.700,720.564,494.776,68.625,47.121,299,1,595,487,56.667,46.381,461,43.905
4402,4402,146.733,720.444,494.857,68.614,47.129,311,1,595,487,56.667,46.381,461,43.905
4403,4403,146.767,720.497,494.706,68.619,47.115,316,1,595,487,56.667,46.381,461,43.905
4404,4404,146.800,720.676,494.603,68.636,47.105,335,1,595,487,56.667,46.381,461,43.905
4405,4405,146.833,720.365,495.038,68.606,47.146,325,1,595,487,56.667,46.381,461,43.905
4406,4406,146.867,720.580,494.680,68.627,47.112,336,1,595,487,56.667,46.381,461,43.905
4407,4407,146.900,720.551,494.781,68.624,47.122,341,1,595,487,56.667,46.381,461,43.905
4408,4408,146.933,720.520,494.778,68.621,47.122,339,1,595,487,56.667,46.381,461,43.905
4409,4409,146.967,720.565,494.707,68.625,47.115,341,1,595,487,56.667,46.381,461,43.905
4410,4410,147.000,720.640,494.618,68.632,47.106,343,1,595,487,56.667,46.381,461,43.905
4411,4411,147.033,720.661,494.568,68.634,47.102,341,1,595,487,56.667,46.381,461,43.905
4412,4412,147.067,720.826,494.294,68.650,47.076,349,1,595,487,56.667,46.381,461,43.905
4413,4413,147.100,720.937,494.061,68.661,47.053,344,1,595,487,56.667,46.381,461,43.905
4414,4414,147.133,721.098,493.809,68.676,47.029,350,1,595,487,56.667,46.381,461,43.905
4415,4415,147.167,721.130,493.729,68.679,47.022,351,1,595,487,56.667,46.381,461,43.905
4416,4416,147.200,721.359,493.388,68.701,46.989,355,1,595,487,56.667,46.381,461,43.905
4417,4417,147.233,721.596,492.975,68.723,46.950,360,1,595,487,56.667,46.381,461,43.905
4418,4418,147.267,721.570,492.901,68.721,46.943,361,1,595,487,56.667,46.381,461,43.905
4419,4419,147.300,721.548,493.002,68.719,46.953,358,1,595,487,56.667,46.381,461,43.905
4420,4420,147.333,721.830,492.707,68.746,46.925,369,1,595,487,56.667,46.381,461,43.905
4421,4421,147.367,721.930,492.693,68.755,46.923,371,1,595,487,56.667,46.381,461,43.905
4422,4422,147.400,721.822,492.843,68.745,46.937,370,1,595,487,56.667,46.381,461,43.905
4423,4423,147.433,721.855,492.836,68.748,46.937,364,1,595,487,56.667,46.381,461,43.905
4424,4424,147.467,721.593,493.097,68.723,46.962,357,1,595,487,56.667,46.381,461,43.905
4425,4425,147.500,721.234,493.602,68.689,47.010,354,1,595,487,56.667,46.381,461,43.905
4426,4426,147.533,721.095,493.786,68.676,47.027,347,1,595,487,56.667,46.381,461,43.905
4427,4427,147.567,721.001,493.923,68.667,47.040,337,1,595,487,56.667,46.381,461,43.905
4428,4428,147.600,720.823,494.058,68.650,47.053,330,1,595,487,56.667,46.381,461,43.905
4429,4429,147.633,720.711,494.191,68.639,47.066,325,1,595,487,56.667,46.381,461,43.905
4430,4430,147.667,720.567,494.295,68.625,47.076,320,1,595,487,56.667,46.381,461,43.905
4431,4431,147.700,720.196,494.629,68.590,47.108,309,1,595,487,56.667,46.381,461,43.905
4432,4432,147.733,719.959,494.908,68.568,47.134,306,1,595,487,56.667,46.381,461,43.905
4433,4433,147.767,719.790,494.986,68.551,47.142,305,1,595,487,56.667,46.381,461,43.905
4434,4434,147.800,719.766,494.992,68.549,47.142,307,1,595,487,56.667,46.381,461,43.905
4435,4435,147.833,719.634,495.050,68.537,47.148,308,1,595,487,56.667,46.381,461,43.905
4436,4436,147.867,719.626,494.918,68.536,47.135,311,1,595,487,56.667,46.381,461,43.905
4437,4437,147.900,719.466,494.974,68.521,47.140,306,1,595,487,56.667,46.381,461,43.905
4438,4438,147.933,719.490,494.892,68.523,47.133,310,1,595,487,56.667,46.381,461,43.905
4439,4439,147.967,719.633,494.809,68.537,47.125,314,1,595,487,56.667,46.381,461,43.905
4440,4440,148.000,719.410,495.200,68.515,47.162,308,1,595,487,56.667,46.381,461,43.905
4441,4441,148.033,718.968,495.973,68.473,47.236,307,1,595,487,56.667,46.381,461,43.905
4442,4442,148.067,718.853,496.126,68.462,47.250,307,1,595,487,56.667,46.381,461,43.905
4443,4443,148.100,718.927,496.114,68.469,47.249,307,1,595,487,56.667,46.381,461,43.905
4444,4444,148.133,718.970,496.145,68.473,47.252,308,1,595,487,56.667,46.381,461,43.905
4445,4445,148.167,718.971,496.158,68.473,47.253,308,1,595,487,56.667,46.381,461,43.905
4446,4446,148.200,718.826,496.211,68.460,47.258,304,1,595,487,56.667,46.381,461,43.905
4447,4447,148.233,718.879,496.166,68.465,47.254,307,1,595,487,56.667,46.381,461,43.905
4448,4448,148.267,718.797,496.294,68.457,47.266,304,1,595,487,56.667,46.381,461,43.905
4449,4449,148.300,718.847,496.308,68.462,47.267,300,1,595,487,56.667,46.381,461,43.905
4450,4450,148.333,718.907,496.152,68.467,47.253,304,1,595,487,56.667,46.381,461,43.905
4451,4451,148.367,718.947,496.151,68.471,47.252,296,1,595,487,56.667,46.381,461,43.905
4452,4452,148.400,718.986,496.142,68.475,47.252,294,1,595,487,56.667,46.381,461,43.905
4453,4453,148.433,719.050,496.114,68.481,47.249,298,1,595,487,56.667,46.381,461,43.905
4454,4454,148.467,719.075,496.011,68.483,47.239,299,1,595,487,56.667,46.381,461,43.905
4455,4455,148.500,719.164,495.904,68.492,47.229,297,1,595,487,56.667,46.381,461,43.905
4456,4456,148.533,719.165,495.822,68.492,47.221,296,1,595,487,56.667,46.381,461,43.905
4457,4457,148.567,719.089,495.871,68.485,47.226,297,1,595,487,56.667,46.381,461,43.905
4458,4458,148.600,719.123,495.921,68.488,47.231,300,1,595,487,56.667,46.381,461,43.905
4459,4459,148.633,719.044,495.945,68.480,47.233,295,1,595,487,56.667,46.381,461,43.905
4460,4460,148.667,719.005,495.915,68.477,47.230,292,1,595,487,56.667,46.381,461,43.905
4461,4461,148.700,719.022,495.900,68.478,47.229,291,1,595,487,56.667,46.381,461,43.905
4462,4462,148.733,719.108,495.976,68.486,47.236,296,1,595,487,56.667,46.381,461,43.905
4463,4463,148.767,719.034,496.172,68.479,47.254,299,1,595,487,56.667,46.381,461,43.905
4464,4464,148.800,719.059,496.149,68.482,47.252,300,1,595,487,56.667,46.381,461,43.905
4465,4465,148.833,718.937,496.263,68.470,47.263,303,1,595,487,56.667,46.381,461,43.905
4466,4466,148.867,719.029,496.163,68.479,47.254,302,1,595,487,56.667,46.381,461,43.905
4467,4467,148.900,719.083,496.302,68.484,47.267,299,1,595,487,56.667,46.381,461,43.905
4468,4468,148.933,718.789,496.261,68.456,47.263,302,1,595,487,56.667,46.381,461,43.905
4469,4469,148.967,718.828,496.297,68.460,47.266,298,1,595,487,56.667,46.381,461,43.905
4470,4470,149.000,718.984,496.122,68.475,47.250,304,1,595,487,56.667,46.381,461,43.905
4471,4471,149.033,718.698,496.399,68.447,47.276,308,1,595,487,56.667,46.381,461,43.905
4472,4472,149.067,718.677,496.467,68.445,47.283,317,1,595,487,56.667,46.381,461,43.905
4473,4473,149.100,718.643,496.353,68.442,47.272,322,1,595,487,56.667,46.381,461,43.905
4474,4474,149.133,718.608,496.275,68.439,47.264,326,1,595,487,56.667,46.381,461,43.905
4475,4475,149.167,718.559,496.316,68.434,47.268,329,1,595,487,56.667,46.381,461,43.905
4476,4476,149.200,718.601,496.261,68.438,47.263,329,1,595,487,56.667,46.381,461,43.905
4477,4477,149.233,718.623,496.246,68.440,47.262,331,1,595,487,56.667,46.381,461,43.905
4478,4478,149.267,718.632,496.261,68.441,47.263,334,1,595,487,56.667,46.381,461,43.905
4479,4479,149.300,718.632,496.290,68.441,47.266,330,1,595,487,56.667,46.381,461,43.905
4480,4480,149.333,718.579,496.275,68.436,47.264,333,1,595,487,56.667,46.381,461,43.905
4481,4481,149.367,718.405,496.462,68.420,47.282,343,1,595,487,56.667,46.381,461,43.905
4482,4482,149.400,718.068,496.898,68.387,47.324,344,1,595,487,56.667,46.381,461,43.905
4483,4483,149.433,718.093,496.908,68.390,47.325,352,1,595,487,56.667,46.381,461,43.905
4484,4484,149.467,718.342,496.678,68.414,47.303,343,1,595,487,56.667,46.381,461,43.905
4485,4485,149.500,717.845,497.134,68.366,47.346,360,1,595,487,56.667,46.381,461,43.905
4486,4486,149.533,717.744,497.176,68.357,47.350,355,1,595,487,56.667,46.381,461,43.905
4487,4487,149.567,717.483,497.454,68.332,47.377,359,1,595,487,56.667,46.381,461,43.905
4488,4488,149.600,717.418,497.601,68.326,47.391,348,1,595,487,56.667,46.381,461,43.905
4489,4489,149.633,717.252,497.764,68.310,47.406,343,1,595,487,56.667,46.381,461,43.905
4490,4490,149.667,717.091,497.893,68.294,47.418,343,1,595,487,56.667,46.381,461,43.905
4491,4491,149.700,717.141,497.891,68.299,47.418,342,1,595,487,56.667,46.381,461,43.905
4492,4492,149.733,716.625,498.282,68.250,47.455,329,1,595,487,56.667,46.381,461,43.905
4493,4493,149.767,716.530,498.423,68.241,47.469,327,1,595,487,56.667,46.381,461,43.905
4494,4494,149.800,716.389,498.516,68.227,47.478,328,1,595,487,56.667,46.381,461,43.905
4495,4495,149.833,716.421,498.433,68.231,47.470,316,1,595,487,56.667,46.381,461,43.905
4496,4496,149.867,716.272,498.633,68.216,47.489,303,1,595,487,56.667,46.381,461,43.905
4497,4497,149.900,716.072,498.881,68.197,47.513,303,1,595,487,56.667,46.381,461,43.905
4498,4498,149.933,715.920,499.009,68.183,47.525,291,1,595,487,56.667,46.381,461,43.905
4499,4499,149.967,715.665,499.279,68.159,47.550,295,1,595,487,56.667,46.381,461,43.905
4500,4500,150.000,715.350,499.657,68.129,47.586,301,1,595,487,56.667,46.381,461,43.905
4501,4501,150.033,714.881,500.194,68.084,47.638,300,1,595,487,56.667,46.381,461,43.905
4502,4502,150.067,714.768,500.227,68.073,47.641,317,1,595,487,56.667,46.381,461,43.905
4503,4503,150.100,714.737,500.295,68.070,47.647,313,1,595,487,56.667,46.381,461,43.905
4504,4504,150.133,714.683,500.329,68.065,47.650,312,1,595,487,56.667,46.381,461,43.905
4505,4505,150.167,714.340,500.707,68.032,47.686,308,1,595,487,56.667,46.381,461,43.905
4506,4506,150.200,714.336,500.533,68.032,47.670,308,1,595,487,56.667,46.381,461,43.905
4507,4507,150.233,714.384,500.315,68.037,47.649,315,1,595,487,56.667,46.381,461,43.905
4508,4508,150.267,714.382,500.348,68.036,47.652,314,1,595,487,56.667,46.381,461,43.905
4509,4509,150.300,714.357,500.353,68.034,47.653,313,1,595,487,56.667,46.381,461,43.905
4510,4510,150.333,714.198,500.439,68.019,47.661,314,1,595,487,56.667,46.381,461,43.905
4511,4511,150.367,714.145,500.349,68.014,47.652,323,1,595,487,56.667,46.381,461,43.905
4512,4512,150.400,714.161,500.277,68.015,47.645,316,1,595,487,56.667,46.381,461,43.905
4513,4513,150.433,714.030,500.419,68.003,47.659,321,1,595,487,56.667,46.381,461,43.905
4514,4514,150.467,713.988,500.276,67.999,47.645,320,1,595,487,56.667,46.381,461,43.905
4515,4515,150.500,714.073,500.148,68.007,47.633,328,1,595,487,56.667,46.381,461,43.905
4516,4516,150.533,714.050,500.198,68.005,47.638,330,1,595,487,56.667,46.381,461,43.905
4517,4517,150.567,714.047,500.099,68.004,47.628,334,1,595,487,56.667,46.381,461,43.905
4518,4518,150.600,714.065,500.004,68.006,47.619,333,1,595,487,56.667,46.381,461,43.905
4519,4519,150.633,714.060,499.962,68.006,47.615,334,1,595,487,56.667,46.381,461,43.905
4520,4520,150.667,714.084,500.056,68.008,47.624,334,1,595,487,56.667,46.381,461,43.905
4521,4521,150.700,713.914,500.106,67.992,47.629,338,1,595,487,56.667,46.381,461,43.905
4522,4522,150.733,714.020,499.967,68.002,47.616,331,1,595,487,56.667,46.381,461,43.905
4523,4523,150.767,713.748,500.089,67.976,47.628,328,1,595,487,56.667,46.381,461,43.905
4524,4524,150.800,713.838,500.025,67.985,47.621,330,1,595,487,56.667,46.381,461,43.905
4525,4525,150.833,713.818,500.158,67.983,47.634,328,1,595,487,56.667,46.381,461,43.905
4526,4526,150.867,713.960,500.088,67.996,47.627,321,1,595,487,56.667,46.381,461,43.905
4527,4527,150.900,713.888,500.172,67.989,47.635,325,1,595,487,56.667,46.381,461,43.905
4528,4528,150.933,713.991,500.307,67.999,47.648,327,1,595,487,56.667,46.381,461,43.905
4529,4529,150.967,713.934,500.280,67.994,47.646,325,1,595,487,56.667,46.381,461,43.905
4530,4530,151.000,713.876,500.334,67.988,47.651,321,1,595,487,56.667,46.381,461,43.905
4531,4531,151.033,714.013,500.449,68.001,47.662,309,1,595,487,56.667,46.381,461,43.905
4532,4532,151.067,713.945,500.404,67.995,47.658,306,1,595,487,56.667,46.381,461,43.905
4533,4533,151.100,713.826,500.574,67.983,47.674,322,1,595,487,56.667,46.381,461,43.905
4534,4534,151.133,713.948,500.642,67.995,47.680,317,1,595,487,56.667,46.381,461,43.905
4535,4535,151.167,713.994,500.454,67.999,47.662,309,1,595,487,56.667,46.381,461,43.905
4536,4536,151.200,714.026,500.497,68.002,47.666,313,1,595,487,56.667,46.381,461,43.905
4537,4537,151.233,714.124,499.837,68.012,47.603,324,1,595,487,56.667,46.381,461,43.905
4538,4538,151.267,714.121,499.876,68.011,47.607,327,1,595,487,56.667,46.381,461,43.905
4539,4539,151.300,714.197,500.177,68.019,47.636,320,1,595,487,56.667,46.381,461,43.905
4540,4540,151.333,714.227,500.785,68.022,47.694,306,1,595,487,56.667,46.381,461,43.905
4541,4541,151.367,714.208,500.618,68.020,47.678,312,1,595,487,56.667,46.381,461,43.905
4542,4542,151.400,714.296,500.703,68.028,47.686,310,1,595,487,56.667,46.381,461,43.905
4543,4543,151.433,714.300,500.809,68.029,47.696,305,1,595,487,56.667,46.381,461,43.905
4544,4544,151.467,714.286,500.702,68.027,47.686,296,1,595,487,56.667,46.381,461,43.905
4545,4545,151.500,714.535,500.840,68.051,47.699,309,1,595,487,56.667,46.381,461,43.905
4546,4546,151.533,714.487,500.845,68.046,47.700,307,1,595,487,56.667,46.381,461,43.905
4547,4547,151.567,714.479,500.887,68.046,47.704,312,1,595,487,56.667,46.381,461,43.905
4548,4548,151.600,714.341,501.056,68.032,47.720,307,1,595,487,56.667,46.381,461,43.905
4549,4549,151.633,714.531,500.708,68.051,47.686,308,1,595,487,56.667,46.381,461,43.905
4550,4550,151.667,714.479,500.964,68.046,47.711,313,1,595,487,56.667,46.381,461,43.905
4551,4551,151.700,714.445,501.537,68.042,47.765,302,1,595,487,56.667,46.381,461,43.905
4552,4552,151.733,714.408,501.593,68.039,47.771,302,1,595,487,56.667,46.381,461,43.905
4553,4553,151.767,714.484,501.543,68.046,47.766,302,1,595,487,56.667,46.381,461,43.905
4554,4554,151.800,714.467,501.627,68.044,47.774,306,1,595,487,56.667,46.381,461,43.905
4555,4555,151.833,714.363,502.027,68.035,47.812,310,1,595,487,56.667,46.381,461,43.905
4556,4556,151.867,714.334,501.999,68.032,47.809,312,1,595,487,56.667,46.381,461,43.905
4557,4557,151.900,714.407,501.946,68.039,47.804,304,1,595,487,56.667,46.381,461,43.905
4558,4558,151.933,714.404,501.857,68.038,47.796,301,1,595,487,56.667,46.381,461,43.905
4559,4559,151.967,714.411,502.131,68.039,47.822,308,1,595,487,56.667,46.381,461,43.905
4560,4560,152.000,714.406,501.986,68.039,47.808,306,1,595,487,56.667,46.381,461,43.905
4561,4561,152.033,714.252,501.883,68.024,47.798,307,1,595,487,56.667,46.381,461,43.905
4562,4562,152.067,714.452,501.637,68.043,47.775,316,1,595,487,56.667,46.381,461,43.905
4563,4563,152.100,714.328,501.909,68.031,47.801,313,1,595,487,56.667,46.381,461,43.905
4564,4564,152.133,714.285,501.927,68.027,47.803,311,1,595,487,56.667,46.381,461,43.905
4565,4565,152.167,714.173,502.075,68.016,47.817,310,1,595,487,56.667,46.381,461,43.905
4566,4566,152.200,714.054,502.135,68.005,47.822,311,1,595,487,56.667,46.381,461,43.905
4567,4567,152.233,713.933,502.581,67.994,47.865,310,1,595,487,56.667,46.381,461,43.905
4568,4568,152.267,713.923,502.713,67.993,47.877,305,1,595,487,56.667,46.381,461,43.905
4569,4569,152.300,713.645,503.456,67.966,47.948,315,1,595,487,56.667,46.381,461,43.905
4570,4570,152.333,713.554,503.575,67.958,47.959,312,1,595,487,56.667,46.381,461,43.905
4571,4571,152.367,713.477,503.750,67.950,47.976,309,1,595,487,56.667,46.381,461,43.905
4572,4572,152.400,713.604,503.576,67.962,47.960,295,1,595,487,56.667,46.381,461,43.905
4573,4573,152.433,713.529,503.705,67.955,47.972,295,1,595,487,56.667,46.381,461,43.905
4574,4574,152.467,713.507,503.641,67.953,47.966,288,1,595,487,56.667,46.381,461,43.905
4575,4575,152.500,713.485,503.888,67.951,47.989,283,1,595,487,56.667,46.381,461,43.905
4576,4576,152.533,713.413,504.418,67.944,48.040,282,1,595,487,56.667,46.381,461,43.905
4577,4577,152.567,713.433,504.823,67.946,48.078,291,1,595,487,56.667,46.381,461,43.905
4578,4578,152.600,713.154,505.304,67.919,48.124,297,1,595,487,56.667,46.381,461,43.905
4579,4579,152.633,713.114,505.519,67.916,48.145,303,1,595,487,56.667,46.381,461,43.905
4580,4580,152.667,713.184,505.699,67.922,48.162,300,1,595,487,56.667,46.381,461,43.905
4581,4581,152.700,713.411,505.501,67.944,48.143,298,1,595,487,56.667,46.381,461,43.905
4582,4582,152.733,713.371,505.848,67.940,48.176,302,1,595,487,56.667,46.381,461,43.905
4583,4583,152.767,713.239,506.247,67.928,48.214,293,1,595,487,56.667,46.381,461,43.905
4584,4584,152.800,713.178,506.607,67.922,48.248,296,1,595,487,56.667,46.381,461,43.905
4585,4585,152.833,713.319,506.397,67.935,48.228,300,1,595,487,56.667,46.381,461,43.905
4586,4586,152.867,713.299,506.591,67.933,48.247,308,1,595,487,56.667,46.381,461,43.905
4587,4587,152.900,713.316,506.644,67.935,48.252,308,1,595,487,56.667,46.381,461,43.905
4588,4588,152.933,713.327,506.614,67.936,48.249,306,1,595,487,56.667,46.381,461,43.905
4589,4589,152.967,713.351,506.635,67.938,48.251,308,1,595,487,56.667,46.381,461,43.905
4590,4590,153.000,713.627,506.392,67.965,48.228,313,1,595,487,56.667,46.381,461,43.905
4591,4591,153.033,713.679,506.589,67.969,48.247,315,1,595,487,56.667,46.381,461,43.905
4592,4592,153.067,713.773,506.575,67.978,48.245,317,1,595,487,56.667,46.381,461,43.905
4593,4593,153.100,713.721,506.590,67.973,48.247,314,1,595,487,56.667,46.381,461,43.905
4594,4594,153.133,713.759,506.407,67.977,48.229,310,1,595,487,56.667,46.381,461,43.905
4595,4595,153.167,713.990,506.226,67.999,48.212,312,1,595,487,56.667,46.381,461,43.905
4596,4596,153.200,714.020,506.289,68.002,48.218,316,1,595,487,56.667,46.381,461,43.905
4597,4597,153.233,713.978,506.285,67.998,48.218,316,1,595,487,56.667,46.381,461,43.905
4598,4598,153.267,714.153,506.456,68.015,48.234,327,1,595,487,56.667,46.381,461,43.905
4599,4599,153.300,714.217,506.319,68.021,48.221,324,1,595,487,56.667,46.381,461,43.905
4600,4600,153.333,714.602,506.185,68.057,48.208,334,1,595,487,56.667,46.381,461,43.905
4601,4601,153.367,714.656,506.253,68.062,48.215,337,1,595,487,56.667,46.381,461,43.905
4602,4602,153.400,714.599,506.288,68.057,48.218,331,1,595,487,56.667,46.381,461,43.905
4603,4603,153.433,714.885,506.061,68.084,48.196,328,1,595,487,56.667,46.381,461,43.905
4604,4604,153.467,714.890,506.142,68.085,48.204,325,1,595,487,56.667,46.381,461,43.905
4605,4605,153.500,714.942,506.491,68.090,48.237,333,1,595,487,56.667,46.381,461,43.905
4606,4606,153.533,715.261,506.462,68.120,48.235,337,1,595,487,56.667,46.381,461,43.905
4607,4607,153.567,715.412,506.183,68.135,48.208,336,1,595,487,56.667,46.381,461,43.905
4608,4608,153.600,715.580,506.156,68.151,48.205,341,1,595,487,56.667,46.381,461,43.905
4609,4609,153.633,715.857,505.692,68.177,48.161,331,1,595,487,56.667,46.381,461,43.905
4610,4610,153.667,715.824,505.760,68.174,48.168,332,1,595,487,56.667,46.381,461,43.905
4611,4611,153.700,716.066,505.684,68.197,48.160,337,1,595,487,56.667,46.381,461,43.905
4612,4612,153.733,716.146,505.801,68.204,48.172,350,1,595,487,56.667,46.381,461,43.905
4613,4613,153.767,716.048,505.804,68.195,48.172,344,1,595,487,56.667,46.381,461,43.905
4614,4614,153.800,716.118,505.782,68.202,48.170,342,1,595,487,56.667,46.381,461,43.905
4615,4615,153.833,716.311,505.641,68.220,48.156,342,1,595,487,56.667,46.381,461,43.905
4616,4616,153.867,716.226,505.749,68.212,48.167,345,1,595,487,56.667,46.381,461,43.905
4617,4617,153.900,716.426,505.526,68.231,48.145,342,1,595,487,56.667,46.381,461,43.905
4618,4618,153.933,716.399,505.656,68.228,48.158,344,1,595,487,56.667,46.381,461,43.905
4619,4619,153.967,716.584,505.657,68.246,48.158,339,1,595,487,56.667,46.381,461,43.905
4620,4620,154.000,716.388,505.889,68.227,48.180,340,1,595,487,56.667,46.381,461,43.905
4621,4621,154.033,716.232,506.305,68.213,48.220,341,1,595,487,56.667,46.381,461,43.905
4622,4622,154.067,716.190,506.322,68.209,48.221,338,1,595,487,56.667,46.381,461,43.905
4623,4623,154.100,716.174,506.437,68.207,48.232,343,1,595,487,56.667,46.381,461,43.905
4624,4624,154.133,716.437,506.343,68.232,48.223,345,1,595,487,56.667,46.381,461,43.905
4625,4625,154.167,716.307,506.422,68.220,48.231,334,1,595,487,56.667,46.381,461,43.905
4626,4626,154.200,716.563,506.638,68.244,48.251,334,1,595,487,56.667,46.381,461,43.905
4627,4627,154.233,716.485,506.805,68.237,48.267,332,1,595,487,56.667,46.381,461,43.905
4628,4628,154.267,716.515,506.869,68.239,48.273,333,1,595,487,56.667,46.381,461,43.905
4629,4629,154.300,716.688,506.759,68.256,48.263,334,1,595,487,56.667,46.381,461,43.905
4630,4630,154.333,716.657,506.788,68.253,48.265,334,1,595,487,56.667,46.381,461,43.905
4631,4631,154.367,716.742,506.760,68.261,48.263,337,1,595,487,56.667,46.381,461,43.905
4632,4632,154.400,716.887,506.682,68.275,48.255,341,1,595,487,56.667,46.381,461,43.905
4633,4633,154.433,716.924,506.659,68.279,48.253,346,1,595,487,56.667,46.381,461,43.905
4634,4634,154.467,716.793,506.651,68.266,48.252,353,1,595,487,56.667,46.381,461,43.905
4635,4635,154.500,716.818,506.590,68.268,48.247,353,1,595,487,56.667,46.381,461,43.905
4636,4636,154.533,716.810,506.669,68.268,48.254,351,1,595,487,56.667,46.381,461,43.905
4637,4637,154.567,716.870,506.630,68.273,48.250,351,1,595,487,56.667,46.381,461,43.905
4638,4638,154.600,717.160,506.528,68.301,48.241,351,1,595,487,56.667,46.381,461,43.905
4639,4639,154.633,717.182,506.601,68.303,48.248,361,1,595,487,56.667,46.381,461,43.905
4640,4640,154.667,717.229,506.616,68.308,48.249,366,1,595,487,56.667,46.381,461,43.905
4641,4641,154.700,717.515,506.482,68.335,48.236,363,1,595,487,56.667,46.381,461,43.905
4642,4642,154.733,717.925,506.497,68.374,48.238,382,1,595,487,56.667,46.381,461,43.905
4643,4643,154.767,718.030,506.411,68.384,48.230,377,1,595,487,56.667,46.381,461,43.905
4644,4644,154.800,717.974,506.404,68.379,48.229,387,1,595,487,56.667,46.381,461,43.905
4645,4645,154.833,718.248,506.178,68.405,48.207,388,1,595,487,56.667,46.381,461,43.905
4646,4646,154.867,718.398,506.091,68.419,48.199,388,1,595,487,56.667,46.381,461,43.905
4647,4647,154.900,718.265,506.194,68.406,48.209,389,1,595,487,56.667,46.381,461,43.905
4648,4648,154.933,718.053,506.258,68.386,48.215,383,1,595,487,56.667,46.381,461,43.905
4649,4649,154.967,718.051,506.389,68.386,48.228,385,1,595,487,56.667,46.381,461,43.905
4650,4650,155.000,718.031,506.460,68.384,48.234,384,1,595,487,56.667,46.381,461,43.905
4651,4651,155.033,718.056,506.451,68.386,48.233,384,1,595,487,56.667,46.381,461,43.905
4652,4652,155.067,718.070,506.415,68.388,48.230,384,1,595,487,56.667,46.381,461,43.905
4653,4653,155.100,718.187,506.351,68.399,48.224,382,1,595,487,56.667,46.381,461,43.905
4654,4654,155.133,718.487,506.336,68.427,48.222,399,1,595,487,56.667,46.381,461,43.905
4655,4655,155.167,718.007,506.451,68.382,48.233,385,1,595,487,56.667,46.381,461,43.905
4656,4656,155.200,718.424,506.413,68.421,48.230,396,1,595,487,56.667,46.381,461,43.905
4657,4657,155.233,718.025,506.517,68.383,48.240,386,1,595,487,56.667,46.381,461,43.905
4658,4658,155.267,718.324,506.472,68.412,48.235,398,1,595,487,56.667,46.381,461,43.905
4659,4659,155.300,717.988,506.611,68.380,48.249,397,1,595,487,56.667,46.381,461,43.905
4660,4660,155.333,717.918,506.647,68.373,48.252,401,1,595,487,56.667,46.381,461,43.905
4661,4661,155.367,718.450,506.427,68.424,48.231,405,1,595,487,56.667,46.381,461,43.905
4662,4662,155.400,718.529,506.415,68.431,48.230,413,1,595,487,56.667,46.381,461,43.905
4663,4663,155.433,718.166,506.379,68.397,48.227,391,1,595,487,56.667,46.381,461,43.905
4664,4664,155.467,718.185,506.408,68.399,48.229,393,1,595,487,56.667,46.381,461,43.905
4665,4665,155.500,718.033,506.343,68.384,48.223,398,1,595,487,56.667,46.381,461,43.905
4666,4666,155.533,717.822,506.505,68.364,48.239,400,1,595,487,56.667,46.381,461,43.905
4667,4667,155.567,718.094,506.536,68.390,48.242,389,1,595,487,56.667,46.381,461,43.905
4668,4668,155.600,718.552,506.324,68.434,48.221,392,1,595,487,56.667,46.381,461,43.905
4669,4669,155.633,718.634,506.322,68.441,48.221,391,1,595,487,56.667,46.381,461,43.905
4670,4670,155.667,718.553,506.463,68.434,48.235,384,1,595,487,56.667,46.381,461,43.905
4671,4671,155.700,718.383,506.510,68.417,48.239,386,1,595,487,56.667,46.381,461,43.905
4672,4672,155.733,718.269,506.515,68.407,48.239,378,1,595,487,56.667,46.381,461,43.905
4673,4673,155.767,717.394,506.937,68.323,48.280,356,1,595,487,56.667,46.381,461,43.905
4674,4674,155.800,717.176,507.105,68.303,48.296,348,1,595,487,56.667,46.381,461,43.905
4675,4675,155.833,717.259,506.966,68.310,48.282,347,1,595,487,56.667,46.381,461,43.905
4676,4676,155.867,716.923,507.237,68.278,48.308,353,1,595,487,56.667,46.381,461,43.905
4677,4677,155.900,716.899,507.298,68.276,48.314,353,1,595,487,56.667,46.381,461,43.905
4678,4678,155.933,716.678,507.276,68.255,48.312,356,1,595,487,56.667,46.381,461,43.905
4679,4679,155.967,716.399,507.353,68.228,48.319,349,1,595,487,56.667,46.381,461,43.905
4680,4680,156.000,716.151,507.334,68.205,48.317,345,1,595,487,56.667,46.381,461,43.905
4681,4681,156.033,716.405,507.303,68.229,48.315,346,1,595,487,56.667,46.381,461,43.905
4682,4682,156.067,715.971,507.392,68.188,48.323,349,1,595,487,56.667,46.381,461,43.905
4683,4683,156.100,715.630,507.401,68.155,48.324,341,1,595,487,56.667,46.381,461,43.905
4684,4684,156.133,715.776,507.216,68.169,48.306,335,1,595,487,56.667,46.381,461,43.905
4685,4685,156.167,715.521,507.298,68.145,48.314,338,1,595,487,56.667,46.381,461,43.905
4686,4686,156.200,715.396,507.219,68.133,48.307,333,1,595,487,56.667,46.381,461,43.905
4687,4687,156.233,715.436,506.983,68.137,48.284,352,1,595,487,56.667,46.381,461,43.905
4688,4688,156.267,715.239,507.010,68.118,48.287,344,1,595,487,56.667,46.381,461,43.905
4689,4689,156.300,715.068,506.972,68.102,48.283,340,1,595,487,56.667,46.381,461,43.905
4690,4690,156.333,715.064,506.793,68.101,48.266,342,1,595,487,56.667,46.381,461,43.905
4691,4691,156.367,715.084,506.779,68.103,48.265,342,1,595,487,56.667,46.381,461,43.905
4692,4692,156.400,714.961,506.778,68.092,48.265,338,1,595,487,56.667,46.381,461,43.905
4693,4693,156.433,714.712,506.920,68.068,48.278,327,1,595,487,56.667,46.381,461,43.905
4694,4694,156.467,714.807,506.639,68.077,48.251,335,1,595,487,56.667,46.381,461,43.905
4695,4695,156.500,714.872,506.572,68.083,48.245,332,1,595,487,56.667,46.381,461,43.905
4696,4696,156.533,714.963,506.555,68.092,48.243,340,1,595,487,56.667,46.381,461,43.905
4697,4697,156.567,715.018,506.449,68.097,48.233,337,1,595,487,56.667,46.381,461,43.905
4698,4698,156.600,715.072,506.370,68.102,48.226,337,1,595,487,56.667,46.381,461,43.905
4699,4699,156.633,715.301,506.190,68.124,48.209,353,1,595,487,56.667,46.381,461,43.905
4700,4700,156.667,715.453,506.043,68.138,48.195,350,1,595,487,56.667,46.381,461,43.905
4701,4701,156.700,715.598,505.956,68.152,48.186,349,1,595,487,56.667,46.381,461,43.905
4702,4702,156.733,715.680,505.885,68.160,48.179,351,1,595,487,56.667,46.381,461,43.905
4703,4703,156.767,715.710,505.885,68.163,48.180,349,1,595,487,56.667,46.381,461,43.905
4704,4704,156.800,715.716,505.869,68.163,48.178,349,1,595,487,56.667,46.381,461,43.905
4705,4705,156.833,715.700,505.870,68.162,48.178,341,1,595,487,56.667,46.381,461,43.905
4706,4706,156.867,715.659,505.875,68.158,48.179,341,1,595,487,56.667,46.381,461,43.905
4707,4707,156.900,715.817,505.731,68.173,48.165,347,1,595,487,56.667,46.381,461,43.905
4708,4708,156.933,715.755,505.800,68.167,48.171,349,1,595,487,56.667,46.381,461,43.905
4709,4709,156.967,715.663,505.931,68.158,48.184,346,1,595,487,56.667,46.381,461,43.905
4710,4710,157.000,715.749,505.911,68.167,48.182,360,1,595,487,56.667,46.381,461,43.905
4711,4711,157.033,715.921,505.820,68.183,48.173,366,1,595,487,56.667,46.381,461,43.905
4712,4712,157.067,715.642,506.048,68.156,48.195,351,1,595,487,56.667,46.381,461,43.905
4713,4713,157.100,715.797,505.973,68.171,48.188,352,1,595,487,56.667,46.381,461,43.905
4714,4714,157.133,715.715,505.962,68.163,48.187,349,1,595,487,56.667,46.381,461,43.905
4715,4715,157.167,715.532,506.068,68.146,48.197,353,1,595,487,56.667,46.381,461,43.905
4716,4716,157.200,715.430,506.234,68.136,48.213,359,1,595,487,56.667,46.381,461,43.905
4717,4717,157.233,715.590,506.002,68.151,48.191,359,1,595,487,56.667,46.381,461,43.905
4718,4718,157.267,715.545,506.025,68.147,48.193,357,1,595,487,56.667,46.381,461,43.905
4719,4719,157.300,715.215,506.279,68.116,48.217,364,1,595,487,56.667,46.381,461,43.905
4720,4720,157.333,715.151,506.328,68.110,48.222,367,1,595,487,56.667,46.381,461,43.905
4721,4721,157.367,715.225,506.231,68.117,48.213,366,1,595,487,56.667,46.381,461,43.905
4722,4722,157.400,715.153,506.224,68.110,48.212,376,1,595,487,56.667,46.381,461,43.905
4723,4723,157.433,715.023,506.350,68.097,48.224,382,1,595,487,56.667,46.381,461,43.905
4724,4724,157.467,714.957,506.412,68.091,48.230,384,1,595,487,56.667,46.381,461,43.905
4725,4725,157.500,714.732,506.629,68.070,48.250,393,1,595,487,56.667,46.381,461,43.905
4726,4726,157.533,714.817,506.598,68.078,48.247,390,1,595,487,56.667,46.381,461,43.905
4727,4727,157.567,714.763,506.645,68.073,48.252,388,1,595,487,56.667,46.381,461,43.905
4728,4728,157.600,714.733,506.702,68.070,48.257,393,1,595,487,56.667,46.381,461,43.905
4729,4729,157.633,714.428,506.934,68.041,48.279,400,1,595,487,56.667,46.381,461,43.905
4730,4730,157.667,714.185,507.071,68.018,48.292,397,1,595,487,56.667,46.381,461,43.905
4731,4731,157.700,714.278,507.022,68.026,48.288,387,1,595,487,56.667,46.381,461,43.905
4732,4732,157.733,714.193,507.119,68.018,48.297,390,1,595,487,56.667,46.381,461,43.905
4733,4733,157.767,714.075,507.222,68.007,48.307,391,1,595,487,56.667,46.381,461,43.905
4734,4734,157.800,713.744,507.557,67.976,48.339,397,1,595,487,56.667,46.381,461,43.905
4735,4735,157.833,713.711,507.602,67.972,48.343,396,1,595,487,56.667,46.381,461,43.905
4736,4736,157.867,713.464,507.930,67.949,48.374,386,1,595,487,56.667,46.381,461,43.905
4737,4737,157.900,713.428,508.015,67.945,48.382,393,1,595,487,56.667,46.381,461,43.905
4738,4738,157.933,713.177,508.136,67.922,48.394,384,1,595,487,56.667,46.381,461,43.905
4739,4739,157.967,713.001,508.272,67.905,48.407,379,1,595,487,56.667,46.381,461,43.905
4740,4740,158.000,712.844,508.406,67.890,48.420,382,1,595,487,56.667,46.381,461,43.905
4741,4741,158.033,712.212,509.234,67.830,48.498,377,1,595,487,56.667,46.381,461,43.905
4742,4742,158.067,712.393,508.948,67.847,48.471,385,1,595,487,56.667,46.381,461,43.905
4743,4743,158.100,712.336,509.025,67.842,48.479,378,1,595,487,56.667,46.381,461,43.905
4744,4744,158.133,712.190,509.145,67.828,48.490,383,1,595,487,56.667,46.381,461,43.905
4745,4745,158.167,712.003,509.355,67.810,48.510,375,1,595,487,56.667,46.381,461,43.905
4746,4746,158.200,711.759,509.485,67.787,48.522,364,1,595,487,56.667,46.381,461,43.905
4747,4747,158.233,711.614,509.743,67.773,48.547,362,1,595,487,56.667,46.381,461,43.905
4748,4748,158.267,711.401,509.867,67.752,48.559,351,1,595,487,56.667,46.381,461,43.905
4749,4749,158.300,711.098,510.200,67.724,48.590,353,1,595,487,56.667,46.381,461,43.905
4750,4750,158.333,710.988,510.346,67.713,48.604,354,1,595,487,56.667,46.381,461,43.905
4751,4751,158.367,710.948,510.372,67.709,48.607,352,1,595,487,56.667,46.381,461,43.905
4752,4752,158.400,710.586,510.656,67.675,48.634,339,1,595,487,56.667,46.381,461,43.905
4753,4753,158.433,710.603,510.658,67.677,48.634,339,1,595,487,56.667,46.381,461,43.905
4754,4754,158.467,710.358,510.845,67.653,48.652,329,1,595,487,56.667,46.381,461,43.905
4755,4755,158.500,710.484,510.871,67.665,48.654,328,1,595,487,56.667,46.381,461,43.905
4756,4756,158.533,710.412,510.846,67.658,48.652,328,1,595,487,56.667,46.381,461,43.905
4757,4757,158.567,710.457,510.911,67.663,48.658,322,1,595,487,56.667,46.381,461,43.905
4758,4758,158.600,710.656,510.770,67.681,48.645,328,1,595,487,56.667,46.381,461,43.905
4759,4759,158.633,710.963,510.516,67.711,48.621,334,1,595,487,56.667,46.381,461,43.905
4760,4760,158.667,710.909,510.493,67.706,48.618,338,1,595,487,56.667,46.381,461,43.905
4761,4761,158.700,710.933,510.486,67.708,48.618,339,1,595,487,56.667,46.381,461,43.905
4762,4762,158.733,711.182,510.380,67.732,48.608,342,1,595,487,56.667,46.381,461,43.905
4763,4763,158.767,710.907,510.602,67.705,48.629,346,1,595,487,56.667,46.381,461,43.905
4764,4764,158.800,711.295,510.343,67.742,48.604,340,1,595,487,56.667,46.381,461,43.905
4765,4765,158.833,710.860,510.644,67.701,48.633,354,1,595,487,56.667,46.381,461,43.905
4766,4766,158.867,710.956,510.626,67.710,48.631,355,1,595,487,56.667,46.381,461,43.905
4767,4767,158.900,711.141,510.419,67.728,48.611,354,1,595,487,56.667,46.381,461,43.905
4768,4768,158.933,711.371,510.221,67.750,48.593,348,1,595,487,56.667,46.381,461,43.905
4769,4769,158.967,711.448,510.230,67.757,48.593,348,1,595,487,56.667,46.381,461,43.905
4770,4770,159.000,711.569,510.112,67.769,48.582,349,1,595,487,56.667,46.381,461,43.905
4771,4771,159.033,711.630,510.089,67.774,48.580,352,1,595,487,56.667,46.381,461,43.905
4772,4772,159.067,711.717,510.068,67.783,48.578,344,1,595,487,56.667,46.381,461,43.905
4773,4773,159.100,711.776,509.978,67.788,48.569,350,1,595,487,56.667,46.381,461,43.905
4774,4774,159.133,711.497,510.186,67.762,48.589,344,1,595,487,56.667,46.381,461,43.905
4775,4775,159.167,711.485,510.178,67.760,48.588,343,1,595,487,56.667,46.381,461,43.905
4776,4776,159.200,711.886,510.049,67.799,48.576,355,1,595,487,56.667,46.381,461,43.905
4777,4777,159.233,711.669,510.134,67.778,48.584,355,1,595,487,56.667,46.381,461,43.905
4778,4778,159.267,711.367,510.390,67.749,48.609,358,1,595,487,56.667,46.381,461,43.905
4779,4779,159.300,711.599,510.199,67.771,48.590,354,1,595,487,56.667,46.381,461,43.905
4780,4780,159.333,711.490,510.215,67.761,48.592,353,1,595,487,56.667,46.381,461,43.905
4781,4781,159.367,711.581,510.219,67.770,48.592,354,1,595,487,56.667,46.381,461,43.905
4782,4782,159.400,711.554,510.219,67.767,48.592,353,1,595,487,56.667,46.381,461,43.905
4783,4783,159.433,711.639,510.205,67.775,48.591,350,1,595,487,56.667,46.381,461,43.905
4784,4784,159.467,711.280,510.340,67.741,48.604,340,1,595,487,56.667,46.381,461,43.905
4785,4785,159.500,711.181,510.321,67.732,48.602,345,1,595,487,56.667,46.381,461,43.905
4786,4786,159.533,710.844,510.573,67.699,48.626,334,1,595,487,56.667,46.381,461,43.905
4787,4787,159.567,710.828,510.529,67.698,48.622,325,1,595,487,56.667,46.381,461,43.905
4788,4788,159.600,710.514,510.679,67.668,48.636,329,1,595,487,56.667,46.381,461,43.905
4789,4789,159.633,710.607,510.584,67.677,48.627,326,1,595,487,56.667,46.381,461,43.905
4790,4790,159.667,710.602,510.623,67.676,48.631,324,1,595,487,56.667,46.381,461,43.905
4791,4791,159.700,710.744,510.489,67.690,48.618,323,1,595,487,56.667,46.381,461,43.905
4792,4792,159.733,710.907,510.282,67.705,48.598,329,1,595,487,56.667,46.381,461,43.905
4793,4793,159.767,710.687,510.335,67.684,48.603,346,1,595,487,56.667,46.381,461,43.905
4794,4794,159.800,710.970,510.083,67.711,48.579,337,1,595,487,56.667,46.381,461,43.905
4795,4795,159.833,710.982,509.926,67.713,48.564,340,1,595,487,56.667,46.381,461,43.905
4796,4796,159.867,710.911,509.974,67.706,48.569,332,1,595,487,56.667,46.381,461,43.905
4797,4797,159.900,710.917,509.945,67.706,48.566,337,1,595,487,56.667,46.381,461,43.905
4798,4798,159.933,710.725,509.963,67.688,48.568,354,1,595,487,56.667,46.381,461,43.905
4799,4799,159.967,710.879,509.749,67.703,48.548,344,1,595,487,56.667,46.381,461,43.905
4800,4800,160.000,710.961,509.521,67.711,48.526,352,1,595,487,56.667,46.381,461,43.905
4801,4801,160.033,710.711,509.889,67.687,48.561,350,1,595,487,56.667,46.381,461,43.905
4802,4802,160.067,710.521,509.977,67.669,48.569,342,1,595,487,56.667,46.381,461,43.905
4803,4803,160.100,710.364,510.173,67.654,48.588,340,1,595,487,56.667,46.381,461,43.905
4804,4804,160.133,710.512,510.234,67.668,48.594,339,1,595,487,56.667,46.381,461,43.905
4805,4805,160.167,710.548,510.200,67.671,48.590,340,1,595,487,56.667,46.381,461,43.905
4806,4806,160.200,710.452,510.124,67.662,48.583,343,1,595,487,56.667,46.381,461,43.905
4807,4807,160.233,710.462,510.207,67.663,48.591,339,1,595,487,56.667,46.381,461,43.905
4808,4808,160.267,710.483,510.229,67.665,48.593,340,1,595,487,56.667,46.381,461,43.905
4809,4809,160.300,710.514,510.232,67.668,48.594,340,1,595,487,56.667,46.381,461,43.905
4810,4810,160.333,710.528,510.202,67.669,48.591,337,1,595,487,56.667,46.381,461,43.905
4811,4811,160.367,710.249,510.439,67.643,48.613,342,1,595,487,56.667,46.381,461,43.905
4812,4812,160.400,710.345,510.446,67.652,48.614,336,1,595,487,56.667,46.381,461,43.905
4813,4813,160.433,710.259,510.515,67.644,48.620,335,1,595,487,56.667,46.381,461,43.905
4814,4814,160.467,710.715,510.147,67.687,48.585,321,1,595,487,56.667,46.381,461,43.905
4815,4815,160.500,710.695,509.970,67.685,48.569,330,1,595,487,56.667,46.381,461,43.905
4816,4816,160.533,710.882,509.789,67.703,48.551,329,1,595,487,56.667,46.381,461,43.905
4817,4817,160.567,710.756,509.897,67.691,48.562,328,1,595,487,56.667,46.381,461,43.905
4818,4818,160.600,710.647,510.064,67.681,48.578,327,1,595,487,56.667,46.381,461,43.905
4819,4819,160.633,710.665,509.987,67.682,48.570,326,1,595,487,56.667,46.381,461,43.905
4820,4820,160.667,710.616,510.036,67.678,48.575,328,1,595,487,56.667,46.381,461,43.905
4821,4821,160.700,710.612,510.193,67.677,48.590,329,1,595,487,56.667,46.381,461,43.905
4822,4822,160.733,710.871,510.037,67.702,48.575,330,1,595,487,56.667,46.381,461,43.905
4823,4823,160.767,710.831,509.948,67.698,48.566,326,1,595,487,56.667,46.381,461,43.905
4824,4824,160.800,710.853,510.098,67.700,48.581,324,1,595,487,56.667,46.381,461,43.905
4825,4825,160.833,710.885,510.050,67.703,48.576,332,1,595,487,56.667,46.381,461,43.905
4826,4826,160.867,710.895,509.970,67.704,48.569,332,1,595,487,56.667,46.381,461,43.905
4827,4827,160.900,710.794,510.084,67.695,48.579,334,1,595,487,56.667,46.381,461,43.905
4828,4828,160.933,710.704,510.111,67.686,48.582,333,1,595,487,56.667,46.381,461,43.905
4829,4829,160.967,710.714,510.070,67.687,48.578,334,1,595,487,56.667,46.381,461,43.905
4830,4830,161.000,710.740,510.057,67.690,48.577,333,1,595,487,56.667,46.381,461,43.905
4831,4831,161.033,710.401,510.569,67.657,48.626,352,1,595,487,56.667,46.381,461,43.905
4832,4832,161.067,710.451,510.304,67.662,48.600,341,1,595,487,56.667,46.381,461,43.905
4833,4833,161.100,710.353,510.433,67.653,48.613,344,1,595,487,56.667,46.381,461,43.905
4834,4834,161.133,710.126,510.651,67.631,48.633,344,1,595,487,56.667,46.381,461,43.905
4835,4835,161.167,710.265,510.525,67.644,48.621,341,1,595,487,56.667,46.381,461,43.905
4836,4836,161.200,710.004,510.928,67.619,48.660,350,1,595,487,56.667,46.381,461,43.905
4837,4837,161.233,710.131,510.784,67.631,48.646,351,1,595,487,56.667,46.381,461,43.905
4838,4838,161.267,710.363,510.429,67.654,48.612,352,1,595,487,56.667,46.381,461,43.905
4839,4839,161.300,710.476,510.347,67.664,48.604,359,1,595,487,56.667,46.381,461,43.905
4840,4840,161.333,710.309,510.579,67.648,48.627,357,1,595,487,56.667,46.381,461,43.905
4841,4841,161.367,710.230,510.532,67.641,48.622,362,1,595,487,56.667,46.381,461,43.905
4842,4842,161.400,710.247,510.579,67.643,48.627,356,1,595,487,56.667,46.381,461,43.905
4843,4843,161.433,710.016,510.969,67.621,48.664,350,1,595,487,56.667,46.381,461,43.905
4844,4844,161.467,710.161,510.761,67.634,48.644,359,1,595,487,56.667,46.381,461,43.905
4845,4845,161.500,710.258,510.597,67.644,48.628,366,1,595,487,56.667,46.381,461,43.905
4846,4846,161.533,709.959,511.085,67.615,48.675,360,1,595,487,56.667,46.381,461,43.905
4847,4847,161.567,709.884,511.288,67.608,48.694,362,1,595,487,56.667,46.381,461,43.905
4848,4848,161.600,709.815,511.215,67.601,48.687,365,1,595,487,56.667,46.381,461,43.905
4849,4849,161.633,709.693,511.458,67.590,48.710,363,1,595,487,56.667,46.381,461,43.905
4850,4850,161.667,709.642,511.557,67.585,48.720,357,1,595,487,56.667,46.381,461,43.905
4851,4851,161.700,709.325,512.039,67.555,48.766,353,1,595,487,56.667,46.381,461,43.905
4852,4852,161.733,709.312,512.023,67.554,48.764,364,1,595,487,56.667,46.381,461,43.905
4853,4853,161.767,709.143,512.441,67.537,48.804,355,1,595,487,56.667,46.381,461,43.905
4854,4854,161.800,709.012,512.591,67.525,48.818,367,1,595,487,56.667,46.381,461,43.905
4855,4855,161.833,708.994,512.607,67.523,48.820,359,1,595,487,56.667,46.381,461,43.905
4856,4856,161.867,708.905,512.823,67.515,48.840,365,1,595,487,56.667,46.381,461,43.905
4857,4857,161.900,708.649,513.097,67.490,48.866,349,1,595,487,56.667,46.381,461,43.905
4858,4858,161.933,708.493,513.280,67.475,48.884,351,1,595,487,56.667,46.381,461,43.905
4859,4859,161.967,708.672,512.931,67.493,48.851,356,1,595,487,56.667,46.381,461,43.905
4860,4860,162.000,708.546,513.117,67.481,48.868,352,1,595,487,56.667,46.381,461,43.905
4861,4861,162.033,708.251,513.631,67.452,48.917,343,1,595,487,56.667,46.381,461,43.905
4862,4862,162.067,708.041,513.686,67.432,48.923,334,1,595,487,56.667,46.381,461,43.905
4863,4863,162.100,707.713,514.018,67.401,48.954,326,1,595,487,56.667,46.381,461,43.905
4864,4864,162.133,707.713,513.959,67.401,48.949,329,1,595,487,56.667,46.381,461,43.905
4865,4865,162.167,707.595,514.084,67.390,48.960,333,1,595,487,56.667,46.381,461,43.905
4866,4866,162.200,707.502,514.202,67.381,48.972,331,1,595,487,56.667,46.381,461,43.905
4867,4867,162.233,707.409,514.329,67.372,48.984,330,1,595,487,56.667,46.381,461,43.905
4868,4868,162.267,707.211,514.504,67.353,49.000,332,1,595,487,56.667,46.381,461,43.905
4869,4869,162.300,707.077,514.541,67.341,49.004,343,1,595,487,56.667,46.381,461,43.905
4870,4870,162.333,706.879,514.820,67.322,49.030,330,1,595,487,56.667,46.381,461,43.905
4871,4871,162.367,706.867,514.702,67.321,49.019,329,1,595,487,56.667,46.381,461,43.905
4872,4872,162.400,706.581,514.991,67.293,49.047,323,1,595,487,56.667,46.381,461,43.905
4873,4873,162.433,706.629,514.923,67.298,49.040,316,1,595,487,56.667,46.381,461,43.905
4874,4874,162.467,706.524,514.887,67.288,49.037,316,1,595,487,56.667,46.381,461,43.905
4875,4875,162.500,706.711,514.426,67.306,48.993,303,1,595,487,56.667,46.381,461,43.905
4876,4876,162.533,706.317,514.634,67.268,49.013,321,1,595,487,56.667,46.381,461,43.905
4877,4877,162.567,706.518,514.541,67.287,49.004,318,1,595,487,56.667,46.381,461,43.905
4878,4878,162.600,706.542,514.383,67.290,48.989,318,1,595,487,56.667,46.381,461,43.905
4879,4879,162.633,706.509,514.190,67.287,48.970,312,1,595,487,56.667,46.381,461,43.905
4880,4880,162.667,706.409,514.048,67.277,48.957,309,1,595,487,56.667,46.381,461,43.905
4881,4881,162.700,706.324,514.043,67.269,48.956,319,1,595,487,56.667,46.381,461,43.905
4882,4882,162.733,706.641,513.729,67.299,48.927,316,1,595,487,56.667,46.381,461,43.905
4883,4883,162.767,706.581,513.841,67.293,48.937,316,1,595,487,56.667,46.381,461,43.905
4884,4884,162.800,706.629,513.556,67.298,48.910,312,1,595,487,56.667,46.381,461,43.905
4885,4885,162.833,706.210,513.891,67.258,48.942,303,1,595,487,56.667,46.381,461,43.905
4886,4886,162.867,706.239,514.022,67.261,48.954,307,1,595,487,56.667,46.381,461,43.905
4887,4887,162.900,706.297,514.179,67.266,48.969,305,1,595,487,56.667,46.381,461,43.905
4888,4888,162.933,706.254,514.087,67.262,48.961,308,1,595,487,56.667,46.381,461,43.905
4889,4889,162.967,706.103,514.184,67.248,48.970,300,1,595,487,56.667,46.381,461,43.905
4890,4890,163.000,706.103,514.201,67.248,48.971,297,1,595,487,56.667,46.381,461,43.905
4891,4891,163.033,706.032,514.221,67.241,48.973,301,1,595,487,56.667,46.381,461,43.905
4892,4892,163.067,706.026,514.183,67.241,48.970,295,1,595,487,56.667,46.381,461,43.905
4893,4893,163.100,706.101,514.100,67.248,48.962,290,1,595,487,56.667,46.381,461,43.905
4894,4894,163.133,706.067,514.234,67.245,48.975,292,1,595,487,56.667,46.381,461,43.905
4895,4895,163.167,706.088,514.160,67.246,48.968,296,1,595,487,56.667,46.381,461,43.905
4896,4896,163.200,706.136,514.026,67.251,48.955,288,1,595,487,56.667,46.381,461,43.905
4897,4897,163.233,706.049,514.036,67.243,48.956,290,1,595,487,56.667,46.381,461,43.905
4898,4898,163.267,705.980,514.071,67.236,48.959,291,1,595,487,56.667,46.381,461,43.905
4899,4899,163.300,705.891,513.803,67.228,48.934,297,1,595,487,56.667,46.381,461,43.905
4900,4900,163.333,705.852,513.752,67.224,48.929,302,1,595,487,56.667,46.381,461,43.905
4901,4901,163.367,705.945,513.668,67.233,48.921,306,1,595,487,56.667,46.381,461,43.905
4902,4902,163.400,705.852,513.521,67.224,48.907,305,1,595,487,56.667,46.381,461,43.905
4903,4903,163.433,705.966,513.375,67.235,48.893,299,1,595,487,56.667,46.381,461,43.905
4904,4904,163.467,705.970,513.224,67.235,48.878,296,1,595,487,56.667,46.381,461,43.905
4905,4905,163.500,705.824,513.027,67.221,48.860,300,1,595,487,56.667,46.381,461,43.905
4906,4906,163.533,705.809,513.117,67.220,48.868,302,1,595,487,56.667,46.381,461,43.905
4907,4907,163.567,705.734,512.704,67.213,48.829,312,1,595,487,56.667,46.381,461,43.905
4908,4908,163.600,705.667,512.567,67.206,48.816,316,1,595,487,56.667,46.381,461,43.905
4909,4909,163.633,705.603,512.330,67.200,48.793,318,1,595,487,56.667,46.381,461,43.905
4910,4910,163.667,705.609,512.336,67.201,48.794,318,1,595,487,56.667,46.381,461,43.905
4911,4911,163.700,705.538,512.317,67.194,48.792,324,1,595,487,56.667,46.381,461,43.905
4912,4912,163.733,705.443,512.302,67.185,48.791,328,1,595,487,56.667,46.381,461,43.905
4913,4913,163.767,705.310,512.172,67.172,48.778,330,1,595,487,56.667,46.381,461,43.905
4914,4914,163.800,705.275,512.195,67.169,48.781,328,1,595,487,56.667,46.381,461,43.905
4915,4915,163.833,705.313,512.138,67.173,48.775,334,1,595,487,56.667,46.381,461,43.905
4916,4916,163.867,705.236,511.740,67.165,48.737,337,1,595,487,56.667,46.381,461,43.905
4917,4917,163.900,705.309,511.813,67.172,48.744,332,1,595,487,56.667,46.381,461,43.905
4918,4918,163.933,705.385,511.739,67.180,48.737,329,1,595,487,56.667,46.381,461,43.905
4919,4919,163.967,705.414,511.707,67.182,48.734,328,1,595,487,56.667,46.381,461,43.905
4920,4920,164.000,705.533,511.770,67.194,48.740,326,1,595,487,56.667,46.381,461,43.905
4921,4921,164.033,705.332,511.814,67.174,48.744,321,1,595,487,56.667,46.381,461,43.905
4922,4922,164.067,705.419,511.870,67.183,48.750,317,1,595,487,56.667,46.381,461,43.905
4923,4923,164.100,705.530,511.965,67.193,48.759,310,1,595,487,56.667,46.381,461,43.905
4924,4924,164.133,705.575,511.977,67.198,48.760,316,1,595,487,56.667,46.381,461,43.905
4925,4925,164.167,705.483,511.956,67.189,48.758,310,1,595,487,56.667,46.381,461,43.905
4926,4926,164.200,705.517,511.871,67.192,48.750,308,1,595,487,56.667,46.381,461,43.905
4927,4927,164.233,705.557,512.066,67.196,48.768,316,1,595,487,56.667,46.381,461,43.905
4928,4928,164.267,705.575,512.022,67.198,48.764,303,1,595,487,56.667,46.381,461,43.905
4929,4929,164.300,705.565,512.472,67.197,48.807,309,1,595,487,56.667,46.381,461,43.905
4930,4930,164.333,705.505,512.278,67.191,48.788,319,1,595,487,56.667,46.381,461,43.905
4931,4931,164.367,705.573,512.888,67.197,48.846,317,1,595,487,56.667,46.381,461,43.905
4932,4932,164.400,705.664,513.170,67.206,48.873,313,1,595,487,56.667,46.381,461,43.905
4933,4933,164.433,705.676,512.856,67.207,48.843,316,1,595,487,56.667,46.381,461,43.905
4934,4934,164.467,705.760,513.145,67.215,48.871,314,1,595,487,56.667,46.381,461,43.905
4935,4935,164.500,705.718,513.015,67.211,48.859,310,1,595,487,56.667,46.381,461,43.905
4936,4936,164.533,705.658,512.876,67.206,48.845,316,1,595,487,56.667,46.381,461,43.905
4937,4937,164.567,705.670,513.024,67.207,48.859,313,1,595,487,56.667,46.381,461,43.905
4938,4938,164.600,705.141,512.401,67.156,48.800,320,1,595,487,56.667,46.381,461,43.905
4939,4939,164.633,705.031,512.303,67.146,48.791,326,1,595,487,56.667,46.381,461,43.905
4940,4940,164.667,704.948,512.282,67.138,48.789,329,1,595,487,56.667,46.381,461,43.905
4941,4941,164.700,704.892,512.219,67.133,48.783,324,1,595,487,56.667,46.381,461,43.905
4942,4942,164.733,704.848,511.949,67.128,48.757,328,1,595,487,56.667,46.381,461,43.905
4943,4943,164.767,704.725,511.874,67.117,48.750,329,1,595,487,56.667,46.381,461,43.905
4944,4944,164.800,704.503,511.578,67.096,48.722,330,1,595,487,56.667,46.381,461,43.905
4945,4945,164.833,704.208,510.986,67.067,48.665,336,1,595,487,56.667,46.381,461,43.905
4946,4946,164.867,704.102,511.060,67.057,48.672,347,1,595,487,56.667,46.381,461,43.905
4947,4947,164.900,703.941,510.823,67.042,48.650,341,1,595,487,56.667,46.381,461,43.905
4948,4948,164.933,703.920,510.675,67.040,48.636,340,1,595,487,56.667,46.381,461,43.905
4949,4949,164.967,703.901,510.290,67.038,48.599,337,1,595,487,56.667,46.381,461,43.905
4950,4950,165.000,703.872,510.114,67.035,48.582,331,1,595,487,56.667,46.381,461,43.905
4951,4951,165.033,703.668,509.979,67.016,48.569,336,1,595,487,56.667,46.381,461,43.905
4952,4952,165.067,703.677,509.888,67.017,48.561,334,1,595,487,56.667,46.381,461,43.905
4953,4953,165.100,703.536,509.693,67.003,48.542,331,1,595,487,56.667,46.381,461,43.905
4954,4954,165.133,703.533,509.712,67.003,48.544,331,1,595,487,56.667,46.381,461,43.905
4955,4955,165.167,703.594,509.336,67.009,48.508,335,1,595,487,56.667,46.381,461,43.905
4956,4956,165.200,703.436,509.356,66.994,48.510,331,1,595,487,56.667,46.381,461,43.905
4957,4957,165.233,703.375,509.380,66.988,48.512,325,1,595,487,56.667,46.381,461,43.905
4958,4958,165.267,703.437,509.599,66.994,48.533,334,1,595,487,56.667,46.381,461,43.905
4959,4959,165.300,703.257,509.245,66.977,48.500,326,1,595,487,56.667,46.381,461,43.905
4960,4960,165.333,703.231,509.199,66.974,48.495,326,1,595,487,56.667,46.381,461,43.905
4961,4961,165.367,703.187,509.287,66.970,48.504,328,1,595,487,56.667,46.381,461,43.905
4962,4962,165.400,703.212,509.259,66.973,48.501,327,1,595,487,56.667,46.381,461,43.905
4963,4963,165.433,703.325,509.574,66.983,48.531,336,1,595,487,56.667,46.381,461,43.905
4964,4964,165.467,703.304,509.584,66.981,48.532,337,1,595,487,56.667,46.381,461,43.905
4965,4965,165.500,703.348,509.719,66.986,48.545,342,1,595,487,56.667,46.381,461,43.905
4966,4966,165.533,703.348,509.719,66.986,48.545,342,1,595,487,56.667,46.381,461,43.905
4967,4967,165.567,703.348,509.709,66.986,48.544,340,1,595,487,56.667,46.381,461,43.905
4968,4968,165.600,703.446,509.797,66.995,48.552,337,1,595,487,56.667,46.381,461,43.905
4969,4969,165.633,703.449,509.754,66.995,48.548,339,1,595,487,56.667,46.381,461,43.905
4970,4970,165.667,703.506,509.935,67.001,48.565,344,1,595,487,56.667,46.381,461,43.905
4971,4971,165.700,703.506,509.978,67.001,48.569,344,1,595,487,56.667,46.381,461,43.905
4972,4972,165.733,703.673,510.148,67.016,48.585,332,1,595,487,56.667,46.381,461,43.905
4973,4973,165.767,703.534,510.014,67.003,48.573,333,1,595,487,56.667,46.381,461,43.905
4974,4974,165.800,703.663,509.991,67.015,48.571,336,1,595,487,56.667,46.381,461,43.905
4975,4975,165.833,703.760,510.084,67.025,48.579,327,1,595,487,56.667,46.381,461,43.905
4976,4976,165.867,703.842,510.187,67.033,48.589,329,1,595,487,56.667,46.381,461,43.905
4977,4977,165.900,703.972,510.535,67.045,48.622,330,1,595,487,56.667,46.381,461,43.905
4978,4978,165.933,703.924,510.382,67.040,48.608,328,1,595,487,56.667,46.381,461,43.905
4979,4979,165.967,704.235,510.755,67.070,48.643,337,1,595,487,56.667,46.381,461,43.905
4980,4980,166.000,704.273,510.738,67.074,48.642,333,1,595,487,56.667,46.381,461,43.905
4981,4981,166.033,704.136,510.549,67.061,48.624,333,1,595,487,56.667,46.381,461,43.905
4982,4982,166.067,704.425,510.897,67.088,48.657,313,1,595,487,56.667,46.381,461,43.905
4983,4983,166.100,704.525,510.781,67.098,48.646,320,1,595,487,56.667,46.381,461,43.905
4984,4984,166.133,704.471,510.892,67.092,48.656,314,1,595,487,56.667,46.381,461,43.905
4985,4985,166.167,704.482,510.732,67.094,48.641,319,1,595,487,56.667,46.381,461,43.905
4986,4986,166.200,704.400,510.647,67.086,48.633,320,1,595,487,56.667,46.381,461,43.905
4987,4987,166.233,704.522,510.973,67.097,48.664,314,1,595,487,56.667,46.381,461,43.905
4988,4988,166.267,704.602,510.978,67.105,48.665,318,1,595,487,56.667,46.381,461,43.905
4989,4989,166.300,704.479,510.894,67.093,48.657,317,1,595,487,56.667,46.381,461,43.905
4990,4990,166.333,704.343,510.817,67.080,48.649,321,1,595,487,56.667,46.381,461,43.905
4991,4991,166.367,704.339,510.687,67.080,48.637,321,1,595,487,56.667,46.381,461,43.905
4992,4992,166.400,704.339,510.687,67.080,48.637,321,1,595,487,56.667,46.381,461,43.905
4993,4993,166.433,704.187,510.484,67.065,48.618,318,1,595,487,56.667,46.381,461,43.905
4994,4994,166.467,704.160,510.549,67.063,48.624,328,1,595,487,56.667,46.381,461,43.905
4995,4995,166.500,703.865,510.305,67.035,48.601,333,1,595,487,56.667,46.381,461,43.905
4996,4996,166.533,703.827,510.247,67.031,48.595,334,1,595,487,56.667,46.381,461,43.905
4997,4997,166.567,703.759,510.232,67.025,48.593,337,1,595,487,56.667,46.381,461,43.905
4998,4998,166.600,703.484,509.892,66.998,48.561,348,1,595,487,56.667,46.381,461,43.905
4999,4999,166.633,703.089,509.525,66.961,48.526,356,1,595,487,56.667,46.381,461,43.905
5000,5000,166.667,703.206,509.741,66.972,48.547,358,1,595,487,56.667,46.381,461,43.905
5001,5001,166.700,702.970,509.458,66.949,48.520,349,1,595,487,56.667,46.381,461,43.905
5002,5002,166.733,702.950,509.451,66.948,48.519,350,1,595,487,56.667,46.381,461,43.905
5003,5003,166.767,702.985,509.470,66.951,48.521,356,1,595,487,56.667,46.381,461,43.905
5004,5004,166.800,702.893,509.463,66.942,48.520,346,1,595,487,56.667,46.381,461,43.905
5005,5005,166.833,702.833,509.516,66.936,48.525,337,1,595,487,56.667,46.381,461,43.905
5006,5006,166.867,702.946,509.587,66.947,48.532,342,1,595,487,56.667,46.381,461,43.905
5007,5007,166.900,702.958,509.823,66.948,48.555,328,1,595,487,56.667,46.381,461,43.905
5008,5008,166.933,703.040,509.773,66.956,48.550,327,1,595,487,56.667,46.381,461,43.905
5009,5009,166.967,702.880,509.900,66.941,48.562,337,1,595,487,56.667,46.381,461,43.905
5010,5010,167.000,702.941,509.990,66.947,48.571,334,1,595,487,56.667,46.381,461,43.905
5011,5011,167.033,702.968,510.095,66.949,48.581,344,1,595,487,56.667,46.381,461,43.905
5012,5012,167.067,702.939,510.072,66.947,48.578,342,1,595,487,56.667,46.381,461,43.905
5013,5013,167.100,703.069,510.192,66.959,48.590,336,1,595,487,56.667,46.381,461,43.905
5014,5014,167.133,703.219,510.277,66.973,48.598,328,1,595,487,56.667,46.381,461,43.905
5015,5015,167.167,703.303,510.489,66.981,48.618,325,1,595,487,56.667,46.381,461,43.905
5016,5016,167.200,703.383,510.487,66.989,48.618,329,1,595,487,56.667,46.381,461,43.905
5017,5017,167.233,703.550,510.581,67.005,48.627,322,1,595,487,56.667,46.381,461,43.905
5018,5018,167.267,703.636,510.811,67.013,48.649,319,1,595,487,56.667,46.381,461,43.905
5019,5019,167.300,703.760,510.915,67.025,48.659,321,1,595,487,56.667,46.381,461,43.905
5020,5020,167.333,703.762,510.900,67.025,48.657,323,1,595,487,56.667,46.381,461,43.905
5021,5021,167.367,703.702,510.888,67.019,48.656,314,1,595,487,56.667,46.381,461,43.905
5022,5022,167.400,703.656,510.926,67.015,48.660,310,1,595,487,56.667,46.381,461,43.905
5023,5023,167.433,703.400,510.833,66.990,48.651,315,1,595,487,56.667,46.381,461,43.905
5024,5024,167.467,703.468,510.921,66.997,48.659,318,1,595,487,56.667,46.381,461,43.905
5025,5025,167.500,703.394,510.826,66.990,48.650,326,1,595,487,56.667,46.381,461,43.905
5026,5026,167.533,703.531,511.052,67.003,48.672,320,1,595,487,56.667,46.381,461,43.905
5027,5027,167.567,703.445,510.917,66.995,48.659,312,1,595,487,56.667,46.381,461,43.905
5028,5028,167.600,703.319,510.820,66.983,48.649,321,1,595,487,56.667,46.381,461,43.905
5029,5029,167.633,703.245,510.768,66.976,48.645,321,1,595,487,56.667,46.381,461,43.905
5030,5030,167.667,703.194,510.708,66.971,48.639,320,1,595,487,56.667,46.381,461,43.905
5031,5031,167.700,703.215,510.863,66.973,48.654,326,1,595,487,56.667,46.381,461,43.905
5032,5032,167.733,703.169,510.877,66.968,48.655,334,1,595,487,56.667,46.381,461,43.905
5033,5033,167.767,703.018,510.695,66.954,48.638,331,1,595,487,56.667,46.381,461,43.905
5034,5034,167.800,703.021,510.670,66.954,48.635,330,1,595,487,56.667,46.381,461,43.905
5035,5035,167.833,702.973,510.633,66.950,48.632,330,1,595,487,56.667,46.381,461,43.905
5036,5036,167.867,703.170,510.653,66.969,48.634,324,1,595,487,56.667,46.381,461,43.905
5037,5037,167.900,703.249,510.731,66.976,48.641,320,1,595,487,56.667,46.381,461,43.905
5038,5038,167.933,703.214,510.675,66.973,48.636,317,1,595,487,56.667,46.381,461,43.905
5039,5039,167.967,703.178,510.784,66.969,48.646,325,1,595,487,56.667,46.381,461,43.905
5040,5040,168.000,703.088,510.643,66.961,48.633,321,1,595,487,56.667,46.381,461,43.905
5041,5041,168.033,702.749,510.563,66.928,48.625,310,1,595,487,56.667,46.381,461,43.905
5042,5042,168.067,702.786,510.711,66.932,48.639,322,1,595,487,56.667,46.381,461,43.905
5043,5043,168.100,702.822,510.740,66.935,48.642,321,1,595,487,56.667,46.381,461,43.905
5044,5044,168.133,702.837,510.667,66.937,48.635,317,1,595,487,56.667,46.381,461,43.905
5045,5045,168.167,702.848,510.718,66.938,48.640,320,1,595,487,56.667,46.381,461,43.905
5046,5046,168.200,702.919,510.825,66.945,48.650,323,1,595,487,56.667,46.381,461,43.905
5047,5047,168.233,702.942,510.730,66.947,48.641,317,1,595,487,56.667,46.381,461,43.905
5048,5048,168.267,702.915,510.925,66.944,48.660,319,1,595,487,56.667,46.381,461,43.905
5049,5049,168.300,702.951,511.051,66.948,48.672,323,1,595,487,56.667,46.381,461,43.905
5050,5050,168.333,702.922,511.137,66.945,48.680,319,1,595,487,56.667,46.381,461,43.905
5051,5051,168.367,702.935,511.096,66.946,48.676,311,1,595,487,56.667,46.381,461,43.905
5052,5052,168.400,702.987,511.457,66.951,48.710,310,1,595,487,56.667,46.381,461,43.905
5053,5053,168.433,703.001,511.383,66.952,48.703,306,1,595,487,56.667,46.381,461,43.905
5054,5054,168.467,703.061,511.422,66.958,48.707,311,1,595,487,56.667,46.381,461,43.905
5055,5055,168.500,703.175,511.696,66.969,48.733,323,1,595,487,56.667,46.381,461,43.905
5056,5056,168.533,703.004,511.764,66.953,48.739,325,1,595,487,56.667,46.381,461,43.905
5057,5057,168.567,702.914,511.623,66.944,48.726,315,1,595,487,56.667,46.381,461,43.905
5058,5058,168.600,702.697,511.707,66.923,48.734,320,1,595,487,56.667,46.381,461,43.905
5059,5059,168.633,702.756,511.988,66.929,48.761,319,1,595,487,56.667,46.381,461,43.905
5060,5060,168.667,702.635,511.929,66.918,48.755,316,1,595,487,56.667,46.381,461,43.905
5061,5061,168.700,702.664,511.943,66.920,48.757,328,1,595,487,56.667,46.381,461,43.905
5062,5062,168.733,702.526,511.940,66.907,48.756,331,1,595,487,56.667,46.381,461,43.905
5063,5063,168.767,702.329,511.847,66.888,48.747,333,1,595,487,56.667,46.381,461,43.905
5064,5064,168.800,702.180,511.836,66.874,48.746,333,1,595,487,56.667,46.381,461,43.905
5065,5065,168.833,701.831,511.948,66.841,48.757,346,1,595,487,56.667,46.381,461,43.905
5066,5066,168.867,701.677,511.914,66.826,48.754,347,1,595,487,56.667,46.381,461,43.905
5067,5067,168.900,701.556,511.890,66.815,48.751,347,1,595,487,56.667,46.381,461,43.905
5068,5068,168.933,701.635,511.762,66.822,48.739,338,1,595,487,56.667,46.381,461,43.905
5069,5069,168.967,701.637,511.823,66.823,48.745,337,1,595,487,56.667,46.381,461,43.905
5070,5070,169.000,701.645,511.810,66.823,48.744,333,1,595,487,56.667,46.381,461,43.905
5071,5071,169.033,701.409,511.777,66.801,48.741,333,1,595,487,56.667,46.381,461,43.905
5072,5072,169.067,701.384,511.771,66.799,48.740,331,1,595,487,56.667,46.381,461,43.905
5073,5073,169.100,701.294,511.800,66.790,48.743,339,1,595,487,56.667,46.381,461,43.905
5074,5074,169.133,700.923,511.736,66.755,48.737,328,1,595,487,56.667,46.381,461,43.905
5075,5075,169.167,700.831,511.786,66.746,48.741,331,1,595,487,56.667,46.381,461,43.905
5076,5076,169.200,700.858,511.774,66.748,48.740,335,1,595,487,56.667,46.381,461,43.905
5077,5077,169.233,700.438,511.689,66.708,48.732,326,1,595,487,56.667,46.381,461,43.905
5078,5078,169.267,700.521,511.761,66.716,48.739,330,1,595,487,56.667,46.381,461,43.905
5079,5079,169.300,700.552,511.648,66.719,48.728,325,1,595,487,56.667,46.381,461,43.905
5080,5080,169.333,700.366,511.581,66.702,48.722,321,1,595,487,56.667,46.381,461,43.905
5081,5081,169.367,700.256,511.718,66.691,48.735,326,1,595,487,56.667,46.381,461,43.905
5082,5082,169.400,700.549,511.598,66.719,48.724,324,1,595,487,56.667,46.381,461,43.905
5083,5083,169.433,700.554,511.585,66.719,48.722,325,1,595,487,56.667,46.381,461,43.905
5084,5084,169.467,700.660,511.543,66.729,48.718,322,1,595,487,56.667,46.381,461,43.905
5085,5085,169.500,700.837,511.623,66.746,48.726,329,1,595,487,56.667,46.381,461,43.905
5086,5086,169.533,701.022,511.599,66.764,48.724,335,1,595,487,56.667,46.381,461,43.905
5087,5087,169.567,700.902,511.848,66.753,48.747,333,1,595,487,56.667,46.381,461,43.905
5088,5088,169.600,701.072,511.847,66.769,48.747,336,1,595,487,56.667,46.381,461,43.905
5089,5089,169.633,701.250,511.678,66.786,48.731,335,1,595,487,56.667,46.381,461,43.905
5090,5090,169.667,701.358,511.691,66.796,48.732,341,1,595,487,56.667,46.381,461,43.905
5091,5091,169.700,701.427,511.633,66.803,48.727,336,1,595,487,56.667,46.381,461,43.905
5092,5092,169.733,701.465,511.606,66.806,48.724,336,1,595,487,56.667,46.381,461,43.905
5093,5093,169.767,701.350,511.552,66.795,48.719,330,1,595,487,56.667,46.381,461,43.905
5094,5094,169.800,701.531,511.546,66.812,48.719,334,1,595,487,56.667,46.381,461,43.905
5095,5095,169.833,701.283,511.496,66.789,48.714,331,1,595,487,56.667,46.381,461,43.905
5096,5096,169.867,701.343,511.370,66.795,48.702,326,1,595,487,56.667,46.381,461,43.905
5097,5097,169.900,701.737,511.241,66.832,48.690,334,1,595,487,56.667,46.381,461,43.905
5098,5098,169.933,701.763,511.198,66.835,48.686,337,1,595,487,56.667,46.381,461,43.905
5099,5099,169.967,701.917,511.044,66.849,48.671,326,1,595,487,56.667,46.381,461,43.905
5100,5100,170.000,701.850,511.150,66.843,48.681,340,1,595,487,56.667,46.381,461,43.905
5101,5101,170.033,702.563,510.685,66.911,48.637,338,1,595,487,56.667,46.381,461,43.905
5102,5102,170.067,702.214,510.855,66.878,48.653,337,1,595,487,56.667,46.381,461,43.905
5103,5103,170.100,702.332,510.836,66.889,48.651,337,1,595,487,56.667,46.381,461,43.905
5104,5104,170.133,702.256,510.807,66.882,48.648,342,1,595,487,56.667,46.381,461,43.905
5105,5105,170.167,702.456,510.806,66.901,48.648,337,1,595,487,56.667,46.381,461,43.905
5106,5106,170.200,702.354,510.796,66.891,48.647,340,1,595,487,56.667,46.381,461,43.905
5107,5107,170.233,702.199,510.865,66.876,48.654,339,1,595,487,56.667,46.381,461,43.905
5108,5108,170.267,702.190,510.844,66.875,48.652,335,1,595,487,56.667,46.381,461,43.905
5109,5109,170.300,702.171,510.968,66.873,48.664,336,1,595,487,56.667,46.381,461,43.905
5110,5110,170.333,702.136,511.048,66.870,48.671,337,1,595,487,56.667,46.381,461,43.905
5111,5111,170.367,701.991,511.131,66.856,48.679,343,1,595,487,56.667,46.381,461,43.905
5112,5112,170.400,701.800,511.075,66.838,48.674,337,1,595,487,56.667,46.381,461,43.905
5113,5113,170.433,701.620,511.139,66.821,48.680,340,1,595,487,56.667,46.381,461,43.905
5114,5114,170.467,701.628,511.125,66.822,48.679,337,1,595,487,56.667,46.381,461,43.905
5115,5115,170.500,701.588,511.102,66.818,48.676,338,1,595,487,56.667,46.381,461,43.905
5116,5116,170.533,701.238,511.245,66.785,48.690,344,1,595,487,56.667,46.381,461,43.905
5117,5117,170.567,701.253,511.247,66.786,48.690,342,1,595,487,56.667,46.381,461,43.905
5118,5118,170.600,700.910,511.384,66.753,48.703,353,1,595,487,56.667,46.381,461,43.905
5119,5119,170.633,700.583,511.509,66.722,48.715,349,1,595,487,56.667,46.381,461,43.905
5120,5120,170.667,700.469,511.519,66.711,48.716,347,1,595,487,56.667,46.381,461,43.905
5121,5121,170.700,699.873,511.636,66.655,48.727,360,1,595,487,56.667,46.381,461,43.905
5122,5122,170.733,699.907,511.680,66.658,48.731,343,1,595,487,56.667,46.381,461,43.905
5123,5123,170.767,699.403,511.879,66.610,48.750,350,1,595,487,56.667,46.381,461,43.905
5124,5124,170.800,699.457,511.773,66.615,48.740,362,1,595,487,56.667,46.381,461,43.905
5125,5125,170.833,698.762,512.181,66.549,48.779,377,1,595,487,56.667,46.381,461,43.905
5126,5126,170.867,698.421,512.365,66.516,48.797,349,1,595,487,56.667,46.381,461,43.905
5127,5127,170.900,697.560,512.602,66.434,48.819,361,1,595,487,56.667,46.381,461,43.905
5128,5128,170.933,697.420,512.659,66.421,48.825,355,1,595,487,56.667,46.381,461,43.905
5129,5129,170.967,697.271,512.828,66.407,48.841,353,1,595,487,56.667,46.381,461,43.905
5130,5130,171.000,697.039,513.044,66.385,48.861,359,1,595,487,56.667,46.381,461,43.905
5131,5131,171.033,696.813,513.026,66.363,48.860,355,1,595,487,56.667,46.381,461,43.905
5132,5132,171.067,696.771,513.097,66.359,48.866,351,1,595,487,56.667,46.381,461,43.905
5133,5133,171.100,696.536,513.177,66.337,48.874,348,1,595,487,56.667,46.381,461,43.905
5134,5134,171.133,696.453,513.239,66.329,48.880,351,1,595,487,56.667,46.381,461,43.905
5135,5135,171.167,696.415,513.104,66.325,48.867,341,1,595,487,56.667,46.381,461,43.905
5136,5136,171.200,695.874,513.470,66.274,48.902,345,1,595,487,56.667,46.381,461,43.905
5137,5137,171.233,695.676,513.601,66.255,48.914,347,1,595,487,56.667,46.381,461,43.905
5138,5138,171.267,695.457,513.665,66.234,48.920,340,1,595,487,56.667,46.381,461,43.905
5139,5139,171.300,695.287,513.702,66.218,48.924,339,1,595,487,56.667,46.381,461,43.905
5140,5140,171.333,695.248,513.705,66.214,48.924,338,1,595,487,56.667,46.381,461,43.905
5141,5141,171.367,695.096,513.757,66.200,48.929,329,1,595,487,56.667,46.381,461,43.905
5142,5142,171.400,694.951,513.945,66.186,48.947,330,1,595,487,56.667,46.381,461,43.905
5143,5143,171.433,695.125,513.911,66.202,48.944,336,1,595,487,56.667,46.381,461,43.905
5144,5144,171.467,694.946,514.028,66.185,48.955,337,1,595,487,56.667,46.381,461,43.905
5145,5145,171.500,695.041,513.946,66.194,48.947,342,1,595,487,56.667,46.381,461,43.905
5146,5146,171.533,695.316,513.889,66.221,48.942,342,1,595,487,56.667,46.381,461,43.905
5147,5147,171.567,695.317,513.911,66.221,48.944,341,1,595,487,56.667,46.381,461,43.905
5148,5148,171.600,695.177,514.022,66.207,48.954,345,1,595,487,56.667,46.381,461,43.905
5149,5149,171.633,695.235,513.958,66.213,48.948,346,1,595,487,56.667,46.381,461,43.905
5150,5150,171.667,695.413,513.937,66.230,48.946,339,1,595,487,56.667,46.381,461,43.905
5151,5151,171.700,695.463,514.002,66.235,48.953,346,1,595,487,56.667,46.381,461,43.905
5152,5152,171.733,695.510,513.998,66.239,48.952,347,1,595,487,56.667,46.381,461,43.905
5153,5153,171.767,695.614,513.977,66.249,48.950,346,1,595,487,56.667,46.381,461,43.905
5154,5154,171.800,695.617,514.007,66.249,48.953,353,1,595,487,56.667,46.381,461,43.905
5155,5155,171.833,695.761,513.964,66.263,48.949,354,1,595,487,56.667,46.381,461,43.905
5156,5156,171.867,695.841,513.909,66.271,48.944,348,1,595,487,56.667,46.381,461,43.905
5157,5157,171.900,696.166,513.672,66.301,48.921,352,1,595,487,56.667,46.381,461,43.905
5158,5158,171.933,696.405,513.590,66.324,48.913,355,1,595,487,56.667,46.381,461,43.905
5159,5159,171.967,696.401,513.490,66.324,48.904,354,1,595,487,56.667,46.381,461,43.905
5160,5160,172.000,696.491,513.387,66.333,48.894,346,1,595,487,56.667,46.381,461,43.905
5161,5161,172.033,696.709,513.126,66.353,48.869,340,1,595,487,56.667,46.381,461,43.905
5162,5162,172.067,696.968,512.935,66.378,48.851,335,1,595,487,56.667,46.381,461,43.905
5163,5163,172.100,696.811,512.939,66.363,48.851,332,1,595,487,56.667,46.381,461,43.905
5164,5164,172.133,696.856,512.877,66.367,48.845,329,1,595,487,56.667,46.381,461,43.905
5165,5165,172.167,696.621,513.069,66.345,48.864,338,1,595,487,56.667,46.381,461,43.905
5166,5166,172.200,696.620,513.069,66.345,48.864,338,1,595,487,56.667,46.381,461,43.905
5167,5167,172.233,696.626,513.013,66.345,48.858,338,1,595,487,56.667,46.381,461,43.905
5168,5168,172.267,696.444,513.050,66.328,48.862,329,1,595,487,56.667,46.381,461,43.905
5169,5169,172.300,696.868,512.829,66.368,48.841,316,1,595,487,56.667,46.381,461,43.905
5170,5170,172.333,696.867,512.830,66.368,48.841,316,1,595,487,56.667,46.381,461,43.905
5171,5171,172.367,696.867,512.830,66.368,48.841,316,1,595,487,56.667,46.381,461,43.905
5172,5172,172.400,696.777,512.855,66.360,48.843,314,1,595,487,56.667,46.381,461,43.905
5173,5173,172.433,696.777,512.855,66.360,48.843,314,1,595,487,56.667,46.381,461,43.905
5174,5174,172.467,696.548,512.995,66.338,48.857,318,1,595,487,56.667,46.381,461,43.905
5175,5175,172.500,696.364,513.100,66.320,48.867,320,1,595,487,56.667,46.381,461,43.905
5176,5176,172.533,696.334,513.083,66.317,48.865,323,1,595,487,56.667,46.381,461,43.905
5177,5177,172.567,695.911,513.224,66.277,48.878,327,1,595,487,56.667,46.381,461,43.905
5178,5178,172.600,695.736,513.324,66.261,48.888,328,1,595,487,56.667,46.381,461,43.905
5179,5179,172.633,695.637,513.369,66.251,48.892,334,1,595,487,56.667,46.381,461,43.905
5180,5180,172.667,694.598,513.792,66.152,48.933,332,1,595,487,56.667,46.381,461,43.905
5181,5181,172.700,694.308,513.926,66.125,48.945,331,1,595,487,56.667,46.381,461,43.905
5182,5182,172.733,694.136,514.043,66.108,48.956,336,1,595,487,56.667,46.381,461,43.905
5183,5183,172.767,693.530,514.341,66.050,48.985,341,1,595,487,56.667,46.381,461,43.905
5184,5184,172.800,692.715,514.739,65.973,49.023,339,1,595,487,56.667,46.381,461,43.905
5185,5185,172.833,692.494,514.939,65.952,49.042,348,1,595,487,56.667,46.381,461,43.905
5186,5186,172.867,692.223,515.011,65.926,49.049,339,1,595,487,56.667,46.381,461,43.905
5187,5187,172.900,691.801,515.164,65.886,49.063,334,1,595,487,56.667,46.381,461,43.905
5188,5188,172.933,691.622,515.297,65.869,49.076,328,1,595,487,56.667,46.381,461,43.905
5189,5189,172.967,691.392,515.408,65.847,49.086,334,1,595,487,56.667,46.381,461,43.905
5190,5190,173.000,690.902,515.740,65.800,49.118,331,1,595,487,56.667,46.381,461,43.905
5191,5191,173.033,690.731,515.974,65.784,49.140,326,1,595,487,56.667,46.381,461,43.905
5192,5192,173.067,690.360,516.117,65.749,49.154,320,1,595,487,56.667,46.381,461,43.905
5193,5193,173.100,690.208,516.206,65.734,49.162,313,1,595,487,56.667,46.381,461,43.905
5194,5194,173.133,689.952,516.312,65.710,49.173,316,1,595,487,56.667,46.381,461,43.905
5195,5195,173.167,689.844,516.303,65.699,49.172,313,1,595,487,56.667,46.381,461,43.905
5196,5196,173.200,689.592,516.478,65.675,49.188,314,1,595,487,56.667,46.381,461,43.905
5197,5197,173.233,689.403,516.573,65.657,49.197,311,1,595,487,56.667,46.381,461,43.905
5198,5198,173.267,689.333,516.684,65.651,49.208,311,1,595,487,56.667,46.381,461,43.905
5199,5199,173.300,689.119,516.720,65.630,49.211,312,1,595,487,56.667,46.381,461,43.905
5200,5200,173.333,689.245,516.704,65.642,49.210,307,1,595,487,56.667,46.381,461,43.905
5201,5201,173.367,689.462,516.563,65.663,49.196,315,1,595,487,56.667,46.381,461,43.905
5202,5202,173.400,689.524,516.529,65.669,49.193,316,1,595,487,56.667,46.381,461,43.905
5203,5203,173.433,689.549,516.536,65.671,49.194,310,1,595,487,56.667,46.381,461,43.905
5204,5204,173.467,689.834,516.456,65.699,49.186,310,1,595,487,56.667,46.381,461,43.905
5205,5205,173.500,689.592,516.580,65.675,49.198,315,1,595,487,56.667,46.381,461,43.905
5206,5206,173.533,689.255,516.755,65.643,49.215,322,1,595,487,56.667,46.381,461,43.905
5207,5207,173.567,689.433,516.662,65.660,49.206,326,1,595,487,56.667,46.381,461,43.905
5208,5208,173.600,689.439,516.656,65.661,49.205,321,1,595,487,56.667,46.381,461,43.905
5209,5209,173.633,689.530,516.646,65.669,49.204,322,1,595,487,56.667,46.381,461,43.905
5210,5210,173.667,689.643,516.629,65.680,49.203,319,1,595,487,56.667,46.381,461,43.905
5211,5211,173.700,690.057,516.426,65.720,49.183,312,1,595,487,56.667,46.381,461,43.905
5212,5212,173.733,690.130,516.362,65.727,49.177,311,1,595,487,56.667,46.381,461,43.905
5213,5213,173.767,690.334,516.235,65.746,49.165,311,1,595,487,56.667,46.381,461,43.905
5214,5214,173.800,690.646,516.051,65.776,49.148,307,1,595,487,56.667,46.381,461,43.905
5215,5215,173.833,690.710,516.029,65.782,49.146,306,1,595,487,56.667,46.381,461,43.905
5216,5216,173.867,690.807,515.987,65.791,49.142,305,1,595,487,56.667,46.381,461,43.905
5217,5217,173.900,690.662,516.037,65.777,49.146,302,1,595,487,56.667,46.381,461,43.905
5218,5218,173.933,690.656,516.029,65.777,49.146,305,1,595,487,56.667,46.381,461,43.905
5219,5219,173.967,690.410,516.160,65.753,49.158,313,1,595,487,56.667,46.381,461,43.905
5220,5220,174.000,690.394,516.133,65.752,49.156,312,1,595,487,56.667,46.381,461,43.905
5221,5221,174.033,690.790,516.029,65.790,49.146,309,1,595,487,56.667,46.381,461,43.905
5222,5222,174.067,690.597,516.067,65.771,49.149,314,1,595,487,56.667,46.381,461,43.905
5223,5223,174.100,690.417,516.138,65.754,49.156,312,1,595,487,56.667,46.381,461,43.905
5224,5224,174.133,690.552,516.079,65.767,49.150,315,1,595,487,56.667,46.381,461,43.905
5225,5225,174.167,690.503,516.090,65.762,49.151,322,1,595,487,56.667,46.381,461,43.905
5226,5226,174.200,690.376,516.213,65.750,49.163,327,1,595,487,56.667,46.381,461,43.905
5227,5227,174.233,690.237,516.239,65.737,49.166,325,1,595,487,56.667,46.381,461,43.905
5228,5228,174.267,689.396,516.693,65.657,49.209,345,1,595,487,56.667,46.381,461,43.905
5229,5229,174.300,689.476,516.632,65.664,49.203,344,1,595,487,56.667,46.381,461,43.905
5230,5230,174.333,689.316,516.703,65.649,49.210,340,1,595,487,56.667,46.381,461,43.905
5231,5231,174.367,689.112,516.714,65.630,49.211,333,1,595,487,56.667,46.381,461,43.905
5232,5232,174.400,688.772,516.852,65.597,49.224,341,1,595,487,56.667,46.381,461,43.905
5233,5233,174.433,688.755,516.858,65.596,49.225,341,1,595,487,56.667,46.381,461,43.905
5234,5234,174.467,688.532,517.010,65.575,49.239,345,1,595,487,56.667,46.381,461,43.905
5235,5235,174.500,688.179,517.176,65.541,49.255,346,1,595,487,56.667,46.381,461,43.905
5236,5236,174.533,687.638,517.368,65.489,49.273,334,1,595,487,56.667,46.381,461,43.905
5237,5237,174.567,687.126,517.593,65.441,49.295,355,1,595,487,56.667,46.381,461,43.905
5238,5238,174.600,686.607,517.949,65.391,49.328,352,1,595,487,56.667,46.381,461,43.905
5239,5239,174.633,685.967,518.466,65.330,49.378,356,1,595,487,56.667,46.381,461,43.905
5240,5240,174.667,685.965,518.450,65.330,49.376,363,1,595,487,56.667,46.381,461,43.905
5241,5241,174.700,685.634,518.660,65.298,49.396,358,1,595,487,56.667,46.381,461,43.905
5242,5242,174.733,685.580,518.618,65.293,49.392,360,1,595,487,56.667,46.381,461,43.905
5243,5243,174.767,685.498,518.733,65.285,49.403,359,1,595,487,56.667,46.381,461,43.905
5244,5244,174.800,685.528,518.702,65.288,49.400,360,1,595,487,56.667,46.381,461,43.905
5245,5245,174.833,685.592,518.651,65.294,49.395,359,1,595,487,56.667,46.381,461,43.905
5246,5246,174.867,685.509,518.809,65.287,49.410,364,1,595,487,56.667,46.381,461,43.905
5247,5247,174.900,685.182,518.871,65.255,49.416,355,1,595,487,56.667,46.381,461,43.905
5248,5248,174.933,684.822,519.068,65.221,49.435,355,1,595,487,56.667,46.381,461,43.905
5249,5249,174.967,684.620,519.182,65.202,49.446,351,1,595,487,56.667,46.381,461,43.905
5250,5250,175.000,684.359,519.326,65.177,49.460,347,1,595,487,56.667,46.381,461,43.905
5251,5251,175.033,684.289,519.450,65.170,49.471,348,1,595,487,56.667,46.381,461,43.905
5252,5252,175.067,683.862,519.703,65.130,49.496,356,1,595,487,56.667,46.381,461,43.905
5253,5253,175.100,683.624,519.873,65.107,49.512,353,1,595,487,56.667,46.381,461,43.905
5254,5254,175.133,683.644,519.865,65.109,49.511,354,1,595,487,56.667,46.381,461,43.905
5255,5255,175.167,683.469,519.900,65.092,49.514,364,1,595,487,56.667,46.381,461,43.905
5256,5256,175.200,683.487,519.955,65.094,49.520,363,1,595,487,56.667,46.381,461,43.905
5257,5257,175.233,683.462,519.989,65.092,49.523,360,1,595,487,56.667,46.381,461,43.905
5258,5258,175.267,683.444,519.966,65.090,49.521,361,1,595,487,56.667,46.381,461,43.905
5259,5259,175.300,683.535,519.882,65.099,49.513,361,1,595,487,56.667,46.381,461,43.905
5260,5260,175.333,683.585,519.848,65.103,49.509,360,1,595,487,56.667,46.381,461,43.905
5261,5261,175.367,683.390,519.968,65.085,49.521,362,1,595,487,56.667,46.381,461,43.905
5262,5262,175.400,683.387,520.045,65.084,49.528,364,1,595,487,56.667,46.381,461,43.905
5263,5263,175.433,683.283,520.152,65.075,49.538,366,1,595,487,56.667,46.381,461,43.905
5264,5264,175.467,683.439,520.039,65.089,49.528,362,1,595,487,56.667,46.381,461,43.905
5265,5265,175.500,683.605,519.886,65.105,49.513,359,1,595,487,56.667,46.381,461,43.905
5266,5266,175.533,683.418,520.083,65.087,49.532,347,1,595,487,56.667,46.381,461,43.905
5267,5267,175.567,683.733,519.879,65.117,49.512,348,1,595,487,56.667,46.381,461,43.905
5268,5268,175.600,683.865,519.813,65.130,49.506,351,1,595,487,56.667,46.381,461,43.905
5269,5269,175.633,683.991,519.749,65.142,49.500,350,1,595,487,56.667,46.381,461,43.905
5270,5270,175.667,683.953,519.833,65.138,49.508,345,1,595,487,56.667,46.381,461,43.905
5271,5271,175.700,683.919,519.851,65.135,49.510,346,1,595,487,56.667,46.381,461,43.905
5272,5272,175.733,684.033,519.797,65.146,49.505,342,1,595,487,56.667,46.381,461,43.905
5273,5273,175.767,684.022,519.739,65.145,49.499,350,1,595,487,56.667,46.381,461,43.905
5274,5274,175.800,684.355,519.551,65.177,49.481,333,1,595,487,56.667,46.381,461,43.905
5275,5275,175.833,684.425,519.501,65.183,49.476,332,1,595,487,56.667,46.381,461,43.905
5276,5276,175.867,684.411,519.413,65.182,49.468,331,1,595,487,56.667,46.381,461,43.905
5277,5277,175.900,684.059,519.622,65.148,49.488,339,1,595,487,56.667,46.381,461,43.905
5278,5278,175.933,684.018,519.762,65.145,49.501,339,1,595,487,56.667,46.381,461,43.905
5279,5279,175.967,684.145,519.537,65.157,49.480,340,1,595,487,56.667,46.381,461,43.905
5280,5280,176.000,684.290,519.589,65.170,49.485,333,1,595,487,56.667,46.381,461,43.905
5281,5281,176.033,684.264,519.646,65.168,49.490,339,1,595,487,56.667,46.381,461,43.905
5282,5282,176.067,684.263,519.593,65.168,49.485,337,1,595,487,56.667,46.381,461,43.905
5283,5283,176.100,684.207,519.709,65.163,49.496,341,1,595,487,56.667,46.381,461,43.905
5284,5284,176.133,684.205,519.689,65.162,49.494,343,1,595,487,56.667,46.381,461,43.905
5285,5285,176.167,684.218,519.726,65.164,49.498,342,1,595,487,56.667,46.381,461,43.905
5286,5286,176.200,683.984,519.783,65.141,49.503,337,1,595,487,56.667,46.381,461,43.905
5287,5287,176.233,684.100,519.805,65.152,49.505,343,1,595,487,56.667,46.381,461,43.905
5288,5288,176.267,683.891,519.961,65.133,49.520,343,1,595,487,56.667,46.381,461,43.905
5289,5289,176.300,684.048,519.878,65.147,49.512,347,1,595,487,56.667,46.381,461,43.905
5290,5290,176.333,683.965,519.928,65.140,49.517,349,1,595,487,56.667,46.381,461,43.905
5291,5291,176.367,684.084,519.864,65.151,49.511,346,1,595,487,56.667,46.381,461,43.905
5292,5292,176.400,683.963,519.874,65.139,49.512,345,1,595,487,56.667,46.381,461,43.905
5293,5293,176.433,683.864,519.941,65.130,49.518,348,1,595,487,56.667,46.381,461,43.905
5294,5294,176.467,683.757,519.920,65.120,49.516,344,1,595,487,56.667,46.381,461,43.905
5295,5295,176.500,683.783,519.903,65.122,49.515,342,1,595,487,56.667,46.381,461,43.905
5296,5296,176.533,683.633,519.983,65.108,49.522,337,1,595,487,56.667,46.381,461,43.905
5297,5297,176.567,683.743,519.913,65.118,49.515,332,1,595,487,56.667,46.381,461,43.905
5298,5298,176.600,683.756,519.907,65.120,49.515,322,1,595,487,56.667,46.381,461,43.905
5299,5299,176.633,683.902,520.002,65.134,49.524,329,1,595,487,56.667,46.381,461,43.905
5300,5300,176.667,684.049,519.871,65.147,49.511,324,1,595,487,56.667,46.381,461,43.905
5301,5301,176.700,683.962,519.974,65.139,49.521,323,1,595,487,56.667,46.381,461,43.905
5302,5302,176.733,684.089,519.860,65.151,49.510,317,1,595,487,56.667,46.381,461,43.905
5303,5303,176.767,684.296,519.766,65.171,49.501,317,1,595,487,56.667,46.381,461,43.905
5304,5304,176.800,684.479,519.694,65.188,49.495,310,1,595,487,56.667,46.381,461,43.905
5305,5305,176.833,684.766,519.541,65.216,49.480,316,1,595,487,56.667,46.381,461,43.905
5306,5306,176.867,684.692,519.476,65.209,49.474,314,1,595,487,56.667,46.381,461,43.905
5307,5307,176.900,684.257,519.615,65.167,49.487,306,1,595,487,56.667,46.381,461,43.905
5308,5308,176.933,683.931,519.754,65.136,49.500,308,1,595,487,56.667,46.381,461,43.905
5309,5309,176.967,684.106,519.789,65.153,49.504,313,1,595,487,56.667,46.381,461,43.905
5310,5310,177.000,684.242,519.825,65.166,49.507,322,1,595,487,56.667,46.381,461,43.905
5311,5311,177.033,684.222,519.944,65.164,49.518,322,1,595,487,56.667,46.381,461,43.905
5312,5312,177.067,684.352,519.949,65.176,49.519,322,1,595,487,56.667,46.381,461,43.905
5313,5313,177.100,684.342,519.951,65.175,49.519,325,1,595,487,56.667,46.381,461,43.905
5314,5314,177.133,684.164,520.142,65.158,49.537,318,1,595,487,56.667,46.381,461,43.905
5315,5315,177.167,683.818,520.391,65.125,49.561,322,1,595,487,56.667,46.381,461,43.905
5316,5316,177.200,683.675,520.559,65.112,49.577,333,1,595,487,56.667,46.381,461,43.905
5317,5317,177.233,683.759,520.521,65.120,49.573,335,1,595,487,56.667,46.381,461,43.905
5318,5318,177.267,683.723,520.553,65.116,49.576,339,1,595,487,56.667,46.381,461,43.905
5319,5319,177.300,683.712,520.568,65.115,49.578,343,1,595,487,56.667,46.381,461,43.905
5320,5320,177.333,683.834,520.678,65.127,49.588,332,1,595,487,56.667,46.381,461,43.905
5321,5321,177.367,683.723,520.853,65.116,49.605,337,1,595,487,56.667,46.381,461,43.905
5322,5322,177.400,683.978,520.962,65.141,49.615,334,1,595,487,56.667,46.381,461,43.905
5323,5323,177.433,683.861,521.025,65.130,49.621,329,1,595,487,56.667,46.381,461,43.905
5324,5324,177.467,683.616,521.242,65.106,49.642,329,1,595,487,56.667,46.381,461,43.905
5325,5325,177.500,683.516,521.363,65.097,49.654,329,1,595,487,56.667,46.381,461,43.905
5326,5326,177.533,683.574,521.242,65.102,49.642,325,1,595,487,56.667,46.381,461,43.905
5327,5327,177.567,683.759,521.216,65.120,49.640,328,1,595,487,56.667,46.381,461,43.905
5328,5328,177.600,683.563,521.363,65.101,49.654,330,1,595,487,56.667,46.381,461,43.905
5329,5329,177.633,683.648,521.404,65.109,49.658,327,1,595,487,56.667,46.381,461,43.905
5330,5330,177.667,683.310,521.627,65.077,49.679,326,1,595,487,56.667,46.381,461,43.905
5331,5331,177.700,682.989,521.902,65.047,49.705,319,1,595,487,56.667,46.381,461,43.905
5332,5332,177.733,682.842,521.958,65.033,49.710,316,1,595,487,56.667,46.381,461,43.905
5333,5333,177.767,682.584,522.103,65.008,49.724,312,1,595,487,56.667,46.381,461,43.905
5334,5334,177.800,682.296,522.283,64.981,49.741,307,1,595,487,56.667,46.381,461,43.905
5335,5335,177.833,681.950,522.500,64.948,49.762,304,1,595,487,56.667,46.381,461,43.905
5336,5336,177.867,681.682,522.919,64.922,49.802,309,1,595,487,56.667,46.381,461,43.905
5337,5337,177.900,681.279,523.230,64.884,49.831,298,1,595,487,56.667,46.381,461,43.905
5338,5338,177.933,681.097,523.363,64.866,49.844,298,1,595,487,56.667,46.381,461,43.905
5339,5339,177.967,680.643,523.711,64.823,49.877,292,1,595,487,56.667,46.381,461,43.905
5340,5340,178.000,680.807,523.627,64.839,49.869,295,1,595,487,56.667,46.381,461,43.905
5341,5341,178.033,680.322,524.136,64.793,49.918,288,1,595,487,56.667,46.381,461,43.905
5342,5342,178.067,680.507,523.554,64.810,49.862,289,1,595,487,56.667,46.381,461,43.905
5343,5343,178.100,680.486,523.607,64.808,49.867,294,1,595,487,56.667,46.381,461,43.905
5344,5344,178.133,680.404,523.825,64.800,49.888,302,1,595,487,56.667,46.381,461,43.905
5345,5345,178.167,680.373,523.804,64.797,49.886,302,1,595,487,56.667,46.381,461,43.905
5346,5346,178.200,680.295,523.971,64.790,49.902,291,1,595,487,56.667,46.381,461,43.905
5347,5347,178.233,680.374,523.789,64.797,49.885,306,1,595,487,56.667,46.381,461,43.905
5348,5348,178.267,680.516,523.652,64.811,49.872,306,1,595,487,56.667,46.381,461,43.905
5349,5349,178.300,680.484,523.598,64.808,49.866,309,1,595,487,56.667,46.381,461,43.905
5350,5350,178.333,680.505,523.478,64.810,49.855,306,1,595,487,56.667,46.381,461,43.905
5351,5351,178.367,680.610,523.274,64.820,49.836,311,1,595,487,56.667,46.381,461,43.905
5352,5352,178.400,680.465,523.438,64.806,49.851,304,1,595,487,56.667,46.381,461,43.905
5353,5353,178.433,680.494,523.299,64.809,49.838,301,1,595,487,56.667,46.381,461,43.905
5354,5354,178.467,680.637,523.187,64.823,49.827,307,1,595,487,56.667,46.381,461,43.905
5355,5355,178.500,680.738,523.235,64.832,49.832,297,1,595,487,56.667,46.381,461,43.905
5356,5356,178.533,680.884,523.055,64.846,49.815,299,1,595,487,56.667,46.381,461,43.905
5357,5357,178.567,680.982,522.877,64.855,49.798,299,1,595,487,56.667,46.381,461,43.905
5358,5358,178.600,680.941,522.952,64.851,49.805,301,1,595,487,56.667,46.381,461,43.905
5359,5359,178.633,680.867,522.913,64.844,49.801,299,1,595,487,56.667,46.381,461,43.905
5360,5360,178.667,680.900,522.778,64.848,49.788,305,1,595,487,56.667,46.381,461,43.905
5361,5361,178.700,680.904,522.748,64.848,49.786,299,1,595,487,56.667,46.381,461,43.905
5362,5362,178.733,680.997,522.547,64.857,49.766,303,1,595,487,56.667,46.381,461,43.905
5363,5363,178.767,680.936,522.738,64.851,49.785,301,1,595,487,56.667,46.381,461,43.905
5364,5364,178.800,681.054,522.708,64.862,49.782,306,1,595,487,56.667,46.381,461,43.905
5365,5365,178.833,681.070,522.707,64.864,49.782,305,1,595,487,56.667,46.381,461,43.905
5366,5366,178.867,681.025,522.796,64.860,49.790,306,1,595,487,56.667,46.381,461,43.905
5367,5367,178.900,681.097,522.702,64.866,49.781,309,1,595,487,56.667,46.381,461,43.905
5368,5368,178.933,681.094,522.699,64.866,49.781,309,1,595,487,56.667,46.381,461,43.905
5369,5369,178.967,680.890,523.036,64.847,49.813,310,1,595,487,56.667,46.381,461,43.905
5370,5370,179.000,680.643,523.345,64.823,49.842,313,1,595,487,56.667,46.381,461,43.905
5371,5371,179.033,680.647,523.456,64.823,49.853,306,1,595,487,56.667,46.381,461,43.905
5372,5372,179.067,680.533,523.637,64.813,49.870,312,1,595,487,56.667,46.381,461,43.905
5373,5373,179.100,680.516,523.621,64.811,49.869,309,1,595,487,56.667,46.381,461,43.905
5374,5374,179.133,680.326,523.858,64.793,49.891,307,1,595,487,56.667,46.381,461,43.905
5375,5375,179.167,680.282,523.909,64.789,49.896,308,1,595,487,56.667,46.381,461,43.905
5376,5376,179.200,680.145,524.122,64.776,49.916,315,1,595,487,56.667,46.381,461,43.905
5377,5377,179.233,679.899,524.450,64.752,49.948,321,1,595,487,56.667,46.381,461,43.905
5378,5378,179.267,679.859,524.470,64.748,49.949,335,1,595,487,56.667,46.381,461,43.905
5379,5379,179.300,679.742,524.607,64.737,49.963,337,1,595,487,56.667,46.381,461,43.905
5380,5380,179.333,679.553,524.877,64.719,49.988,340,1,595,487,56.667,46.381,461,43.905
5381,5381,179.367,679.430,525.229,64.708,50.022,341,1,595,487,56.667,46.381,461,43.905
5382,5382,179.400,679.117,525.571,64.678,50.054,348,1,595,487,56.667,46.381,461,43.905
5383,5383,179.433,679.007,525.906,64.667,50.086,347,1,595,487,56.667,46.381,461,43.905
5384,5384,179.467,678.722,526.295,64.640,50.123,343,1,595,487,56.667,46.381,461,43.905
5385,5385,179.500,678.741,526.336,64.642,50.127,342,1,595,487,56.667,46.381,461,43.905
5386,5386,179.533,678.642,526.516,64.633,50.144,339,1,595,487,56.667,46.381,461,43.905
5387,5387,179.567,678.149,527.263,64.586,50.216,350,1,595,487,56.667,46.381,461,43.905
5388,5388,179.600,678.299,527.028,64.600,50.193,342,1,595,487,56.667,46.381,461,43.905
5389,5389,179.633,678.343,527.160,64.604,50.206,348,1,595,487,56.667,46.381,461,43.905
5390,5390,179.667,678.265,527.290,64.597,50.218,344,1,595,487,56.667,46.381,461,43.905
5391,5391,179.700,678.186,527.408,64.589,50.229,340,1,595,487,56.667,46.381,461,43.905
5392,5392,179.733,678.229,527.433,64.593,50.232,331,1,595,487,56.667,46.381,461,43.905
5393,5393,179.767,677.995,527.646,64.571,50.252,328,1,595,487,56.667,46.381,461,43.905
5394,5394,179.800,677.853,527.886,64.557,50.275,327,1,595,487,56.667,46.381,461,43.905
5395,5395,179.833,677.932,527.919,64.565,50.278,324,1,595,487,56.667,46.381,461,43.905
5396,5396,179.867,677.685,528.307,64.541,50.315,318,1,595,487,56.667,46.381,461,43.905
5397,5397,179.900,677.573,528.439,64.531,50.328,311,1,595,487,56.667,46.381,461,43.905
5398,5398,179.933,677.435,528.645,64.518,50.347,308,1,595,487,56.667,46.381,461,43.905
5399,5399,179.967,677.396,528.893,64.514,50.371,305,1,595,487,56.667,46.381,461,43.905
5400,5400,180.000,677.301,529.179,64.505,50.398,312,1,595,487,56.667,46.381,461,43.905
5401,5401,180.033,676.658,530.267,64.444,50.502,315,1,595,487,56.667,46.381,461,43.905
5402,5402,180.067,676.782,529.963,64.455,50.473,316,1,595,487,56.667,46.381,461,43.905
